Timestamp,Sensor,X,Y,Z,W
85090694621042,Gyro,0.084872,0.024876,-0.105757,
85090699652285,Gyro,0.077289,0.027005,-0.100436,
85090719777257,Gyro,0.044165,0.032060,-0.080748,
85090739906044,Gyro,-0.004656,0.040308,-0.058931,
85090760046275,Gyro,-0.017826,0.055473,-0.041505,
85090802035601,pre,999.866272,,,
85090780186505,Gyro,-0.014500,0.066647,-0.028867,
85090800326732,Gyro,-0.013968,0.061060,-0.048289,
85090818910672,pre,999.868530,,,
85090833283471,pre,999.863281,,,
85090848907406,pre,999.862488,,,
85090820463145,Gyro,-0.008514,0.054275,-0.063055,
85090840588117,Gyro,-0.011440,0.037248,-0.068376,
85090820494730,Lacc,-0.071359,-0.041754,-0.039208,
85090840619700,Lacc,-0.084549,-0.053954,-0.043221,
85090840619700,GameRo,0.042151,-0.012092,-0.707003,0.705849
85090865050104,pre,999.856506,,,
85090880155276,pre,999.872253,,,
85090860716903,Gyro,-0.026606,0.015431,-0.069574,
85090880857130,Gyro,-0.017028,0.011041,-0.050950,
85090895840241,pre,999.872253,,,
85090860752299,Lacc,-0.054573,-0.038953,-0.028502,
85090860752299,GameRo,0.042608,-0.011282,-0.707928,0.704908
85090880892528,Lacc,-0.024991,-0.077152,-0.066012,
85090880892528,GameRo,0.042608,-0.011282,-0.707928,0.704908
85090911403145,pre,999.876770,,,
85090927057596,pre,999.873779,,,
85090901008800,Gyro,0.023546,0.003725,-0.025674,
85090921194800,Gyro,0.054009,-0.001995,0.016629,
85090901055644,Lacc,-0.011040,-0.115054,-0.129071,
85090901055644,GameRo,0.042442,-0.010795,-0.708735,0.704115
85090921241646,Lacc,0.006130,-0.051687,-0.055349,
85090921241646,GameRo,0.042442,-0.010795,-0.708735,0.704115
85090942712046,pre,999.861023,,,
85090958335981,pre,999.862488,,,
85090973898885,pre,999.867737,,,
85090941369357,Gyro,0.055473,-0.008248,0.046826,
85090961509588,Gyro,0.040707,-0.012372,0.071303,
85090941404761,Lacc,-0.013885,-0.031140,-0.019896,
85090941404761,GameRo,0.043128,-0.011526,-0.708645,0.704151
85090961544990,Lacc,-0.021122,-0.011069,-0.004347,
85090961544990,GameRo,0.043128,-0.011526,-0.708645,0.704151
85090989583850,pre,999.868530,,,
85091005177270,pre,999.869995,,,
85090981646005,Gyro,0.013835,-0.010509,0.073165,
85091001770977,Gyro,0.008780,-0.012372,0.038844,
85090981677589,Lacc,-0.084660,0.015878,0.016992,
85090981677589,GameRo,0.043572,-0.012386,-0.707712,0.705047
85091001802559,Lacc,-0.087682,-0.048339,-0.041311,
85091020740174,pre,999.867737,,,
85091001802559,GameRo,0.043572,-0.012386,-0.707712,0.705047
85091036364109,pre,999.865479,,,
85091052018559,pre,999.868530,,,
85091021899762,Gyro,0.035785,-0.005454,0.020752,
85091042039989,Gyro,0.027670,0.005986,0.002128,
85091021935159,Lacc,-0.065437,-0.071368,-0.055348,
85091021935159,GameRo,0.043502,-0.012680,-0.707028,0.705733
85091042075388,Lacc,-0.085989,0.044724,0.034537,
85091042075388,GameRo,0.043502,-0.012680,-0.707028,0.705733
85091067673010,pre,999.864014,,,
85091083266429,pre,999.861023,,,
85091062180216,Gyro,-0.017028,0.009711,-0.023413,
85091082320443,Gyro,-0.025807,0.011440,-0.038312,
85091100172014,pre,999.864014,,,
85091062215617,Lacc,-0.089450,0.023252,0.034927,
85091062215617,GameRo,0.044012,-0.013108,-0.706921,0.705800
85091082355846,Lacc,-0.056905,-0.073650,-0.055202,
85091082355846,GameRo,0.044012,-0.013107,-0.706921,0.705800
85091114514298,pre,999.872986,,,
85091130199264,pre,999.866272,,,
85091102456856,Gyro,0.007716,0.006518,-0.020220,
85091122581828,Gyro,0.029931,-0.003193,0.015564,
85091102488445,Lacc,-0.016843,-0.113235,-0.106523,
85091102488445,GameRo,0.043813,-0.012546,-0.707425,0.705317
85091122613415,Lacc,-0.013290,-0.065886,-0.055398,
85091122613415,GameRo,0.043813,-0.012545,-0.707425,0.705317
85091145762168,pre,999.868530,,,
85091161416619,pre,999.864746,,,
85091177284677,pre,999.872986,,,
85091142699171,Gyro,0.034454,-0.004789,0.040973,
85091162793625,Gyro,0.046959,-0.002661,0.068376,
85091142723128,Lacc,-0.017678,-0.030803,-0.002881,
85091142723128,GameRo,0.044196,-0.012938,-0.707333,0.705379
85091162817584,Lacc,-0.005095,-0.098993,-0.072400,
85091162817584,GameRo,0.044196,-0.012938,-0.707333,0.705379
85091192633973,pre,999.868530,,,
85091208318938,pre,999.861755,,,
85091182910967,Gyro,0.085670,0.004656,0.095780,
85091203096970,Gyro,0.086468,0.003060,0.098441,
85091182957813,Lacc,-0.030989,-0.057448,-0.050175,
85091182957813,GameRo,0.044734,-0.013640,-0.706440,0.706226
85091203143815,Lacc,-0.039979,0.022543,0.008044,
85091203143815,GameRo,0.044734,-0.013640,-0.706440,0.706226
85091223942873,pre,999.874512,,,
85091239505777,pre,999.866272,,,
85091255129712,pre,999.864014,,,
85091223271530,Gyro,0.038711,-0.004922,0.103895,
85091243411757,Gyro,0.016629,-0.012106,0.105358,
85091223306930,Lacc,-0.069869,0.026974,0.051333,
85091223306930,GameRo,0.046005,-0.014927,-0.704990,0.707567
85091243447157,Lacc,-0.044857,-0.065064,-0.033285,
85091243447157,GameRo,0.046005,-0.014927,-0.704990,0.707567
85091270845194,pre,999.868530,,,
85091286377582,pre,999.859497,,,
85091263548170,Gyro,0.037381,-0.007982,0.110679,
85091283673142,Gyro,0.061592,0.004789,0.105491,
85091303557808,pre,999.864014,,,
85091318083184,pre,999.864014,,,
85091333249386,pre,999.868530,,,
85091303790485,Gyro,0.088464,0.025009,0.084606,
85091323884939,Gyro,0.116533,0.044697,0.071170,
85091348903837,pre,999.862488,,,
85091263579756,Lacc,-0.054325,-0.089315,-0.074555,
85091263579756,GameRo,0.046092,-0.015456,-0.703503,0.709027
85091283704728,Lacc,-0.057022,-0.044725,-0.033060,
85091283704728,GameRo,0.046092,-0.015456,-0.703503,0.709027
85091303814441,Lacc,-0.079619,-0.064175,-0.050452,
85091303814441,GameRo,0.046906,-0.016358,-0.701950,0.710492
85091364497256,pre,999.861023,,,
85091344002280,Gyro,-0.073299,0.084473,0.137019,
85091364188284,Gyro,-0.259937,0.160299,0.123849,
85091380975625,pre,999.859497,,,
85091344049123,Lacc,-0.156618,0.113777,-0.390330,
85091344049123,GameRo,0.046909,-0.016358,-0.701950,0.710492
85091364235125,Lacc,-0.043090,0.038334,-0.424206,
85091364235125,GameRo,0.046909,-0.016359,-0.701950,0.710492
85091395745126,pre,999.867004,,,
85091411338546,pre,999.867004,,,
85091384359029,Gyro,-0.181716,0.266588,0.114005,
85091404483997,Gyro,0.342414,0.258607,-0.001330,
85091384390612,Lacc,-0.145204,-0.263471,-0.096750,
85091384390612,GameRo,0.044840,-0.007665,-0.697882,0.714766
85091404515584,Lacc,-0.341208,-1.044405,0.314833,
85091404515584,GameRo,0.044834,-0.007654,-0.697883,0.714766
85091428427224,pre,999.864014,,,
85091442677961,pre,999.870789,,,
85091458271381,pre,999.869995,,,
85091424605151,Gyro,0.483557,0.275900,-0.010243,
85091444714864,Gyro,0.373277,0.315277,0.120524,
85091424632926,Lacc,-0.144391,-0.310329,0.181588,
85091424632926,GameRo,0.051403,-0.006690,-0.697276,0.714926
85091444742639,Lacc,-0.483911,-0.199246,-0.115170,
85091444742639,GameRo,0.051405,-0.006684,-0.697276,0.714926
85091473895316,pre,999.864014,,,
85091489458220,pre,999.864014,,,
85091464839835,Gyro,0.204065,0.466397,0.443649,
85091485010580,Gyro,0.013037,0.333768,0.271377,
85091464882867,Lacc,-1.067887,-0.387531,-0.526831,
85091464882867,GameRo,0.061489,-0.007963,-0.695748,0.715605
85091485053610,Lacc,-0.463325,-0.065603,-0.868511,
85091485053610,GameRo,0.061495,-0.007958,-0.695748,0.715605
85091505112670,pre,999.863281,,,
85091520736605,pre,999.864014,,,
85091536360539,pre,999.864014,,,
85091505158439,Gyro,-0.026207,0.375006,0.322061,
85091525237638,Gyro,-0.182116,0.381924,0.387777,
85091505178581,Lacc,-0.662509,-0.214019,-0.933763,
85091505178581,GameRo,0.066989,-0.003597,-0.689078,0.721575
85091525257780,Lacc,-0.635104,-0.295396,-0.953926,
85091525257780,GameRo,0.066995,-0.003587,-0.689078,0.721575
85091551984474,pre,999.864014,,,
85091567699956,pre,999.858765,,,
85091545332094,Gyro,-0.325919,0.433672,0.495663,
85091565472321,Gyro,-0.502979,0.506970,0.608870,
85091545367493,Lacc,-0.524771,-0.406929,-1.121752,
85091583415438,pre,999.859497,,,
85091545367493,GameRo,0.070183,0.003443,-0.683190,0.726852
85091565507720,Lacc,-0.509104,-0.565767,-1.360151,
85091565507720,GameRo,0.070185,0.003456,-0.683190,0.726852
85091598856279,pre,999.866272,,,
85091614510730,pre,999.864746,,,
85091585612549,Gyro,-0.841137,0.566833,0.722210,
85091605752780,Gyro,-1.334272,0.598893,0.812935,
85091630256726,pre,999.869263,,,
85091645697569,pre,999.858765,,,
85091585647948,Lacc,-0.534271,-0.377284,-1.522261,
85091585647948,GameRo,0.070128,0.016181,-0.673872,0.735335
85091605788177,Lacc,-0.860777,-0.578706,-1.532783,
85091605788177,GameRo,0.070134,0.016200,-0.673872,0.735333
85091625893010,Gyro,-1.593943,0.617517,0.908848,
85091646033237,Gyro,-1.575718,0.631352,0.991858,
85091662694701,pre,999.867004,,,
85091625928406,Lacc,-0.813409,-0.751005,-1.448995,
85091625928406,GameRo,0.060311,0.040402,-0.660514,0.747296
85091646068635,Lacc,-0.996354,-1.336839,-1.350933,
85091646068635,GameRo,0.060307,0.040433,-0.660515,0.747294
85091676975953,pre,999.859497,,,
85091692599888,pre,999.864014,,,
85091666181093,Gyro,-1.459851,0.648911,1.106129,
85091686351838,Gyro,-1.464773,0.710370,1.195258,
85091708193308,pre,999.867737,,,
85091666224121,Lacc,-0.631039,-1.284918,-1.422523,
85091666224121,GameRo,0.045466,0.069922,-0.643230,0.761117
85091686394864,Lacc,-0.590939,-1.048051,-1.413073,
85091686394864,GameRo,0.045460,0.069947,-0.643231,0.761114
85091723939304,pre,999.862488,,,
85091739471693,pre,999.872253,,,
85091706503510,Gyro,-1.732027,0.768504,1.271749,
85091726597964,Gyro,-1.710210,0.834353,1.355823,
85091706527464,Lacc,-0.317336,-0.513170,-1.340194,
85091706527464,GameRo,0.033802,0.098310,-0.621918,0.776151
85091726621920,Lacc,-0.334465,-1.232338,-1.603469,
85091726621920,GameRo,0.033788,0.098337,-0.621919,0.776148
85091755187174,pre,999.864014,,,
85091771329873,pre,999.856506,,,
85091746715306,Gyro,-1.608310,0.901665,1.439232,
85091766901310,Gyro,-1.740673,0.936119,1.531287,
85091787960819,pre,999.867737,,,
85091746762149,Lacc,-0.013317,-0.919941,-1.944715,
85091746762149,GameRo,0.019443,0.131939,-0.596365,0.791557
85091766948150,Lacc,-0.211549,-0.878314,-1.842415,
85091766948150,GameRo,0.019432,0.131964,-0.596365,0.791553
85091811549299,pre,999.872253,,,
85091787072054,Gyro,-1.795215,0.980018,1.553503,
85091807197022,Gyro,-1.861197,1.021789,1.524769,
85091828637977,pre,999.872253,,,
85091787103636,Lacc,-0.099126,-0.544981,-1.377737,
85091787103636,GameRo,0.007599,0.166456,-0.566626,0.806951
85091807228606,Lacc,-0.325965,-0.369993,-1.347940,
85091807228606,GameRo,0.007597,0.166475,-0.566625,0.806948
85091843896692,pre,999.866272,,,
85091859461738,pre,999.872986,,,
85091827325806,Gyro,-2.032271,1.067551,1.521709,
85091847467495,Gyro,-2.268928,1.081386,1.587957,
85091827361206,Lacc,-0.179903,-0.327687,-1.500762,
85091827361206,GameRo,-0.005636,0.203460,-0.534517,0.820283
85091847502898,Lacc,-0.692416,-1.376919,-1.487240,
85091847502898,GameRo,-0.005653,0.203498,-0.534515,0.820275
85091875179381,pre,999.871521,,,
85091890713906,pre,999.872986,,,
85091867610496,Gyro,-2.549085,1.050390,1.711141,
85091887753494,Gyro,-2.755678,1.051987,1.853215,
85091867645897,Lacc,-0.531013,-1.599844,-0.716559,
85091867645897,GameRo,-0.024141,0.245000,-0.498769,0.831037
85091907072463,pre,999.868530,,,
85091887788897,Lacc,-0.676955,-1.531068,-0.986714,
85091887788897,GameRo,-0.024161,0.245033,-0.498768,0.831027
85091922301792,pre,999.872253,,,
85091937592159,pre,999.868530,,,
85091907892677,Gyro,-3.144387,1.058239,1.922124,
85091928020418,Gyro,-3.214758,1.077794,1.949395,
85091907924267,Lacc,-0.590611,-0.692455,-1.174562,
85091907924267,GameRo,-0.049954,0.290114,-0.454133,0.840894
85091928052005,Lacc,-1.121617,-1.981518,-1.654249,
85091928052005,GameRo,-0.049981,0.290165,-0.454130,0.840876
85091953279283,pre,999.877502,,,
85091968844328,pre,999.877502,,,
85091948151973,Gyro,-2.822458,1.085510,1.941147,
85091968294971,Gyro,-2.735325,1.101473,1.911481,
85091985263924,pre,999.879761,,,
85091948187375,Lacc,-0.930377,-2.321104,-0.802969,
85091948187375,GameRo,-0.083500,0.338989,-0.402074,0.846434
85091968330374,Lacc,-1.190098,-2.116621,-0.670215,
85091968330374,GameRo,-0.083526,0.339024,-0.402074,0.846418
85092000096497,pre,999.881287,,,
85092015722581,pre,999.867737,,,
85091988437969,Gyro,-2.648458,1.130340,1.925050,
85092008580966,Gyro,-1.928243,1.181157,1.950193,
85092031348665,pre,999.877502,,,
85091988473374,Lacc,-1.113092,-1.741731,-0.216902,
85091988473374,GameRo,-0.107891,0.382147,-0.351737,0.847705
85092008616374,Lacc,-1.756299,-2.504046,-0.530914,
85092008616374,GameRo,-0.107918,0.382183,-0.351737,0.847686
85092047005270,pre,999.874512,,,
85092063180708,pre,999.872253,,,
85092028708705,Gyro,-1.445750,1.173574,1.908954,
85092048790667,Gyro,-1.853215,1.124620,1.814238,
85092028728854,Lacc,-1.710356,-1.754686,-0.355845,
85092028728854,GameRo,-0.120778,0.420797,-0.304156,0.846068
85092048810813,Lacc,-2.028797,-1.468022,-0.798026,
85092048810813,GameRo,-0.120789,0.420836,-0.304149,0.846050
85092078226918,pre,999.874512,,,
85092093944562,pre,999.876038,,,
85092068899333,Gyro,-2.372557,1.063028,1.755706,
85092089088114,Gyro,-2.306575,0.979752,1.709279,
85092109570647,pre,999.872253,,,
85092068946182,Lacc,-1.616470,-1.877193,-0.303093,
85092068946182,GameRo,-0.127137,0.454312,-0.260753,0.842285
85092089134961,Lacc,-1.796451,-2.234661,-0.534081,
85092089134961,GameRo,-0.127163,0.454342,-0.260756,0.842265
85092125349329,pre,999.873779,,,
85092140731256,pre,999.869263,,,
85092109265449,Gyro,-2.142951,0.842467,1.603255,
85092129408447,Gyro,-2.161441,0.697600,1.483663,
85092109300851,Lacc,-1.313893,-1.481592,-0.297303,
85092109300851,GameRo,-0.146190,0.487306,-0.211997,0.834397
85092129443851,Lacc,-1.182882,-1.239422,-0.726912,
85092129443851,GameRo,-0.146207,0.487330,-0.211998,0.834380
85092156357340,pre,999.872253,,,
85092171983425,pre,999.863281,,,
85092149551445,Gyro,-2.073377,0.597962,1.437369,
85092169694443,Gyro,-1.615095,0.581067,1.479672,
85092188372502,pre,999.867004,,,
85092149586850,Lacc,-0.616874,-1.699216,-0.526306,
85092149586850,GameRo,-0.164110,0.512452,-0.167420,0.826094
85092169729850,Lacc,-0.355903,-2.265285,-0.764323,
85092169729850,GameRo,-0.164152,0.512465,-0.167440,0.826074
85092203266113,pre,999.881287,,,
85092218892198,pre,999.873779,,,
85092189833626,Gyro,-1.176102,0.581466,1.530223,
85092209961367,Gyro,-1.090964,0.581732,1.572127,
85092234518282,pre,999.881287,,,
85092189865219,Lacc,0.140106,-2.097323,-0.406622,
85092189865219,GameRo,-0.175993,0.532302,-0.126851,0.818284
85092209992958,Lacc,0.335874,-1.468045,-0.576636,
85092209992958,GameRo,-0.176029,0.532306,-0.126872,0.818271
85092250113846,pre,999.882019,,,
85092230092922,Gyro,-1.179694,0.538631,1.563480,
85092250235920,Gyro,-1.473154,0.452296,1.517186,
85092267204876,pre,999.877502,,,
85092230128327,Lacc,0.595564,-1.496210,-0.278152,
85092230128327,GameRo,-0.175620,0.549728,-0.091497,0.811532
85092250271327,Lacc,0.462574,-1.142867,-0.437371,
85092250271327,GameRo,-0.175651,0.549729,-0.091516,0.811523
85092281366015,pre,999.876770,,,
85092297022620,pre,999.880493,,,
85092270378919,Gyro,-2.008193,0.335630,1.472223,
85092290521920,Gyro,-2.600434,0.197414,1.448011,
85092270414327,Lacc,0.682966,-1.066259,-0.216667,
85092270414327,GameRo,-0.180526,0.564891,-0.052663,0.803452
85092290557327,Lacc,0.693848,-0.920468,-0.534980,
85092290557327,GameRo,-0.180556,0.564892,-0.052683,0.803443
85092312618184,pre,999.882751,,,
85092328305307,pre,999.879028,,,
85092343870352,pre,999.882751,,,
85092310649661,Gyro,-2.710449,0.104427,1.435108,
85092330731619,Gyro,-2.285025,-0.009711,1.385355,
85092310669807,Lacc,1.026001,-1.853334,-0.368278,
85092310669807,GameRo,-0.203349,0.575507,-0.001921,0.792110
85092330751766,Lacc,1.057385,-2.239042,-0.405094,
85092330751766,GameRo,-0.203407,0.575494,-0.001967,0.792104
85092359526957,pre,999.872253,,,
85092375397198,pre,999.881287,,,
85092350840282,Gyro,-1.878491,-0.120790,1.318575,
85092371029063,Gyro,-1.549512,-0.227744,1.262570,
85092350887135,Lacc,1.181183,-2.342808,-0.107111,
85092350887135,GameRo,-0.225214,0.580756,0.048016,0.780830
85092371075914,Lacc,0.641382,-2.228796,-0.079600,
85092371075914,GameRo,-0.225266,0.580738,0.047973,0.780831
85092390718086,pre,999.869995,,,
85092406435729,pre,999.888733,,,
85092422000774,pre,999.890259,,,
85092391206398,Gyro,-1.359415,-0.373410,1.248469,
85092411349396,Gyro,-1.451337,-0.545681,1.250465,
85092391241804,Lacc,0.130875,-2.245230,-0.089508,
85092391241804,GameRo,-0.235460,0.581254,0.087822,0.773944
85092411384804,Lacc,-0.167235,-1.878690,-0.394573,
85092411384804,GameRo,-0.235502,0.581249,0.087788,0.773939
85092437626859,pre,999.878235,,,
85092453252943,pre,999.885010,,,
85092431492395,Gyro,-1.811843,-0.709439,1.228781,
85092451635397,Gyro,-2.220240,-0.877720,1.187010,
85092431527802,Lacc,-0.692503,-1.953476,-0.678438,
85092469550461,pre,999.885010,,,
85092431527802,GameRo,-0.241890,0.576316,0.126146,0.770349
85092451670800,Lacc,-1.857156,-2.144118,-0.684167,
85092451670800,GameRo,-0.241930,0.576324,0.126116,0.770334
85092484505112,pre,999.877502,,,
85092500192235,pre,999.887268,,,
85092471774582,Gyro,-2.495741,-1.093758,1.121427,
85092491902319,Gyro,-2.701270,-1.278268,0.994785,
85092471806169,Lacc,-2.676353,-2.641466,-0.907563,
85092471806169,GameRo,-0.258686,0.562898,0.173308,0.765632
85092491933910,Lacc,-3.055968,-2.684254,-1.154837,
85092491933910,GameRo,-0.258737,0.562916,0.173272,0.765610
85092516367675,pre,999.882019,,,
85092531413885,pre,999.883484,,,
85092512022427,Gyro,-2.887908,-1.403314,0.820784,
85092532119650,Gyro,-3.081730,-1.417548,0.571622,
85092547070488,pre,999.885742,,,
85092512046390,Lacc,-3.325973,-2.725152,-1.973108,
85092512046390,GameRo,-0.283313,0.538739,0.225291,0.760748
85092532143608,Lacc,-2.769840,-2.737473,-2.165977,
85092532143608,GameRo,-0.283380,0.538772,0.225246,0.760714
85092562635533,pre,999.885742,,,
85092578292138,pre,999.877502,,,
85092552239761,Gyro,-3.125363,-1.304740,0.260469,
85092572428538,Gyro,-2.951762,-1.039615,-0.055340,
85092552286607,Lacc,-1.369036,-2.567118,-2.063689,
85092552286607,GameRo,-0.315940,0.505567,0.275263,0.754198
85092572475386,Lacc,-0.002472,-2.409593,-1.162401,
85092594009782,pre,999.888733,,,
85092572475386,GameRo,-0.316011,0.505562,0.275211,0.754191
85092609513786,pre,999.885010,,,
85092625139871,pre,999.886536,,,
85092592590611,Gyro,-2.567310,-0.759990,-0.313547,
85092612672573,Gyro,-2.051693,-0.517613,-0.427286,
85092640735436,pre,999.885010,,,
85092592610755,Lacc,0.001545,-2.055523,-0.297008,
85092592610755,GameRo,-0.354780,0.471014,0.312390,0.744775
85092612692715,Lacc,-0.894277,-2.262943,0.117031,
85092612692715,GameRo,-0.354824,0.470991,0.312354,0.744783
85092657185552,pre,999.883484,,,
85092632781238,Gyro,-1.424865,-0.343878,-0.395626,
85092652970015,Gyro,-0.664742,-0.156840,-0.326850,
85092632828084,Lacc,-1.282477,-2.243830,0.196123,
85092632828084,GameRo,-0.387306,0.445368,0.330437,0.736514
85092653016863,Lacc,-0.036435,-2.583508,0.116088,
85092653016863,GameRo,-0.387358,0.445328,0.330393,0.736531
85092671987605,pre,999.878235,,,
85092687735768,pre,999.884277,,,
85092703270293,pre,999.883484,,,
85092673147348,Gyro,-0.008248,0.034188,-0.362502,
85092693290350,Gyro,0.425557,0.186505,-0.528255,
85092673182753,Lacc,1.408078,-1.975691,0.107038,
85092673182753,GameRo,-0.401559,0.433960,0.334294,0.733946
85092693325752,Lacc,2.265349,-1.184478,0.288447,
85092693325752,GameRo,-0.401587,0.433897,0.334260,0.733984
85092718926897,pre,999.883484,,,
85092734522461,pre,999.883484,,,
85092713433351,Gyro,0.730192,0.252487,-0.782871,
85092733576349,Gyro,0.877720,0.262332,-1.026578,
85092750881018,pre,999.882751,,,
85092713468752,Lacc,2.633849,-0.183213,0.437649,
85092713468752,GameRo,-0.401754,0.434518,0.322766,0.738655
85092733611752,Lacc,2.665379,0.410393,0.237905,
85092733611752,GameRo,-0.401741,0.434474,0.322764,0.738688
85092775632492,pre,999.886536,,,
85092753715532,Gyro,0.791651,0.259272,-1.155483,
85092773843273,Gyro,0.574549,0.281355,-1.118634,
85092753747121,Lacc,2.145516,0.819635,-0.141358,
85092753747121,GameRo,-0.399117,0.435897,0.298543,0.749381
85092793333915,pre,999.882751,,,
85092773874860,Lacc,1.575615,0.612671,-0.321451,
85092773874860,GameRo,-0.399112,0.435891,0.298545,0.749386
85092808349606,pre,999.883484,,,
85092823670494,pre,999.882751,,,
85092793963383,Gyro,0.352791,0.332570,-0.965252,
85092814060602,Gyro,0.213776,0.416511,-0.744292,
85092793987340,Lacc,1.164376,0.761781,-0.236801,
85092793987340,GameRo,-0.401122,0.434538,0.273573,0.758575
85092814084560,Lacc,1.124591,0.557188,-0.013357,
85092814084560,GameRo,-0.401112,0.434530,0.273577,0.758583
85092839357617,pre,999.869995,,,
85092854922662,pre,999.880493,,,
85092834180710,Gyro,0.156175,0.487681,-0.496195,
85092854369487,Gyro,0.117331,0.540493,-0.262598,
85092872105251,pre,999.883484,,,
85092834227560,Lacc,0.983320,0.690306,0.219300,
85092834227560,GameRo,-0.406534,0.435380,0.256133,0.761295
85092854416339,Lacc,0.861810,0.644416,0.216995,
85092854416339,GameRo,-0.406517,0.435372,0.256142,0.761306
85092886174831,pre,999.883484,,,
85092901800915,pre,999.885742,,,
85092874543005,Gyro,0.147528,0.579604,-0.084340,
85092894670746,Gyro,0.236125,0.593306,0.033789,
85092917396480,pre,999.888000,,,
85092874574598,Lacc,0.701806,0.731834,0.204372,
85092874574598,GameRo,-0.410004,0.441554,0.245902,0.759249
85092894702337,Lacc,0.658695,0.858739,0.015136,
85092894702337,GameRo,-0.409984,0.441559,0.245917,0.759252
85092933083604,pre,999.877502,,,
85092949289563,pre,999.890991,,,
85092914790856,Gyro,0.288937,0.587319,0.100702,
85092934888074,Gyro,0.308359,0.560980,0.124913,
85092914814816,Lacc,0.752006,0.821627,0.196495,
85092914814816,GameRo,-0.409482,0.451729,0.239300,0.755646
85092934912037,Lacc,0.840441,0.713287,0.223933,
85092934912037,GameRo,-0.409463,0.451723,0.239312,0.755656
85092964335773,pre,999.887268,,,
85092979992376,pre,999.888733,,,
85092955008184,Gyro,0.302506,0.519475,0.102964,
85092975196965,Gyro,0.259804,0.476241,0.048289,
85092955055037,Lacc,1.116388,0.767617,0.347366,
85092955055037,GameRo,-0.406403,0.462771,0.233692,0.752375
85092975243816,Lacc,1.268252,0.932234,0.228805,
85092975243816,GameRo,-0.406379,0.462762,0.233707,0.752389
85092995587942,pre,999.885742,,,
85093011183506,pre,999.891785,,,
85093027694662,pre,999.883484,,,
85092995359041,Gyro,0.175331,0.429016,-0.028202,
85093015441002,Gyro,0.048688,0.406534,-0.117863,
85092995379185,Lacc,1.537749,1.051838,0.186548,
85092995379185,GameRo,-0.403954,0.471875,0.228140,0.749738
85093015461145,Lacc,1.469159,1.123115,-0.006743,
85093015461145,GameRo,-0.403930,0.471874,0.228157,0.749747
85093042466195,pre,999.888733,,,
85093058061759,pre,999.893982,,,
85093035549668,Gyro,-0.070505,0.381658,-0.185441,
85093055738445,Gyro,-0.167083,0.399484,-0.180918,
85093074267717,pre,999.890991,,,
85093035596514,Lacc,1.017404,1.030094,0.157593,
85093035596514,GameRo,-0.405511,0.477592,0.222614,0.746934
85093055785293,Lacc,-0.393577,0.637357,0.481043,
85093055785293,GameRo,-0.405483,0.477597,0.222636,0.746939
85093089374967,pre,999.885742,,,
85093104970532,pre,999.892517,,,
85093075915777,Gyro,-0.140345,0.372080,-0.058133,
85093096058775,Gyro,0.000532,0.290667,0.124248,
85093075951182,Lacc,-2.123302,0.046326,0.969565,
85093075951182,GameRo,-0.411206,0.481284,0.218064,0.742781
85093096094182,Lacc,-2.830054,-0.298491,1.037462,
85093096094182,GameRo,-0.411180,0.481289,0.218085,0.742786
85093120566096,pre,999.895508,,,
85093136222701,pre,999.888000,,,
85093116201773,Gyro,0.122785,0.200207,0.291465,
85093136344775,Gyro,0.117331,0.134225,0.361171,
85093153222171,pre,999.900024,,,
85093116237182,Lacc,-2.443620,-0.170138,1.070543,
85093116237182,GameRo,-0.412260,0.486424,0.217117,0.739117
85093136380182,Lacc,-2.029158,0.081242,0.906836,
85093136380182,GameRo,-0.412230,0.486428,0.217141,0.739124
85093167444349,pre,999.893250,,,
85093183070434,pre,999.888000,,,
85093156483962,Gyro,0.041239,0.059996,0.366360,
85093176611703,Gyro,-0.078354,0.000931,0.356116,
85093156515551,Lacc,-1.853611,0.066444,0.709480,
85093156515551,GameRo,-0.407477,0.492077,0.219952,0.737186
85093176643290,Lacc,-1.727433,0.231179,0.499618,
85093176643290,GameRo,-0.407452,0.492090,0.219975,0.737185
85093198757557,pre,999.885742,,,
85093214383642,pre,999.895508,,,
85093229918167,pre,999.885742,,,
85093196731813,Gyro,-0.240648,-0.030730,0.373410,
85093216829031,Gyro,-0.446442,-0.066381,0.417176,
85093245544251,pre,999.886536,,,
85093261231376,pre,999.885742,,,
85093236933881,Gyro,-0.601952,-0.089129,0.463204,
85093257061621,Gyro,-0.779545,-0.103496,0.467727,
85093276826940,pre,999.886536,,,
85093292483544,pre,999.877502,,,
85093196755769,Lacc,-1.836304,0.095479,0.476272,
85093196755769,GameRo,-0.404654,0.494986,0.225710,0.735051
85093216852990,Lacc,-1.969144,-0.066787,0.551024,
85093216852990,GameRo,-0.404634,0.494994,0.225727,0.735050
85093236965470,Lacc,-1.461179,-0.226322,0.643460,
85093236965470,GameRo,-0.406185,0.495605,0.236166,0.730489
85093308079109,pre,999.881287,,,
85093277204621,Gyro,-0.973101,-0.077422,0.433805,
85093297393398,Gyro,-0.982945,-0.042968,0.392300,
85093277251467,Lacc,0.469085,-0.065696,0.584208,
85093277251467,GameRo,-0.406177,0.495581,0.236165,0.730511
85093297440246,Lacc,1.055313,-0.221784,0.381571,
85093297440246,GameRo,-0.406182,0.495549,0.236151,0.730534
85093323735713,pre,999.879761,,,
85093339361797,pre,999.883484,,,
85093317570730,Gyro,-0.877587,-0.022349,0.358644,
85093337713728,Gyro,-0.621774,0.004124,0.397488,
85093317606136,Lacc,1.423595,-0.489199,0.493641,
85093355567756,pre,999.872986,,,
85093317606136,GameRo,-0.426678,0.490550,0.268826,0.710661
85093337749135,Lacc,1.392548,-0.604489,0.446530,
85093337749135,GameRo,-0.426695,0.490503,0.268798,0.710694
85093370583446,pre,999.876038,,,
85093386270570,pre,999.871521,,,
85093357856727,Gyro,-0.341882,0.005454,0.446575,
85093377999729,Gyro,-0.194487,0.015298,0.487681,
85093357892135,Lacc,1.253612,-0.710883,0.527297,
85093357892135,GameRo,-0.432756,0.489928,0.281041,0.702644
85093378035135,Lacc,1.044864,-0.792291,0.470248,
85093378035135,GameRo,-0.432775,0.489882,0.281013,0.702676
85093402507048,pre,999.871521,,,
85093417492219,pre,999.867004,,,
85093433148823,pre,999.872986,,,
85093398127469,Gyro,-0.148060,0.016229,0.538232,
85093418209427,Gyro,-0.194620,0.008647,0.585590,
85093398147615,Lacc,0.602810,-0.928029,0.373227,
85093398147615,GameRo,-0.431221,0.492914,0.289801,0.697926
85093418229574,Lacc,0.202327,-0.921454,0.341205,
85093418229574,GameRo,-0.431239,0.492882,0.289776,0.697947
85093448713868,pre,999.879028,,,
85093464339952,pre,999.881287,,,
85093438318090,Gyro,-0.245304,-0.003725,0.626297,
85093458506871,Gyro,-0.303570,-0.019422,0.669930,
85093438364944,Lacc,0.070260,-1.179966,0.383501,
85093438364944,GameRo,-0.428109,0.496913,0.299473,0.692904
85093458553723,Lacc,-0.072140,-1.135255,0.393399,
85093458553723,GameRo,-0.428131,0.496879,0.299445,0.692927
85093479966036,pre,999.872986,,,
85093495592121,pre,999.870789,,,
85093511218205,pre,999.872253,,,
85093478672762,Gyro,-0.387511,-0.033656,0.700925,
85093498769980,Gyro,-0.435667,-0.054009,0.708907,
85093478696721,Lacc,-0.079614,-1.309484,0.449001,
85093478696721,GameRo,-0.425455,0.500512,0.311640,0.686554
85093498793940,Lacc,0.142402,-1.170719,0.568853,
85093498793940,GameRo,-0.425476,0.500468,0.311612,0.686586
85093526905329,pre,999.882019,,,
85093542531413,pre,999.869263,,,
85093518890090,Gyro,-0.553131,-0.080748,0.628425,
85093539078871,Gyro,-0.635608,-0.097244,0.531714,
85093558065938,pre,999.880493,,,
85093518936939,Lacc,0.506331,-1.362435,0.644276,
85093518936939,GameRo,-0.423967,0.503012,0.326057,0.678909
85093539125718,Lacc,0.763425,-1.411999,0.475166,
85093539125718,GameRo,-0.424002,0.502956,0.326015,0.678950
85093573814102,pre,999.882751,,,
85093589379147,pre,999.882751,,,
85093559252390,Gyro,-0.713430,-0.114803,0.425158,
85093579380127,Gyro,-0.732187,-0.124248,0.337492,
85093559283978,Lacc,0.693301,-1.520751,0.417744,
85093559283978,GameRo,-0.426273,0.502172,0.340660,0.670869
85093579411718,Lacc,0.424457,-1.747847,0.584755,
85093579411718,GameRo,-0.426312,0.502109,0.340614,0.670915
85093605066271,pre,999.876038,,,
85093620600796,pre,999.882019,,,
85093599500235,Gyro,-0.662081,-0.140877,0.300378,
85093619597458,Gyro,-0.625897,-0.164556,0.317804,
85093637386628,pre,999.884277,,,
85093599524198,Lacc,-0.370793,-1.969398,0.543737,
85093599524198,GameRo,-0.431785,0.498345,0.353810,0.663349
85093619621417,Lacc,-1.147345,-2.110770,0.496530,
85093619621417,GameRo,-0.431825,0.498297,0.353766,0.663382
85093651944524,pre,999.882019,,,
85093667479049,pre,999.887268,,,
85093639706124,Gyro,-0.586920,-0.196350,0.354653,
85093659849122,Gyro,-0.657159,-0.235859,0.360905,
85093639741526,Lacc,-1.267890,-2.125600,0.470367,
85093639741526,GameRo,-0.435995,0.494302,0.365533,0.657237
85093659884526,Lacc,-0.618646,-1.629096,0.590853,
85093659884526,GameRo,-0.436024,0.494253,0.365498,0.657273
85093683105133,pre,999.890991,,,
85093698853296,pre,999.888000,,,
85093679992120,Gyro,-0.851912,-0.232932,0.328313,
85093689992814,Gyro,-1.003830,-0.228143,0.283616,
85093709994202,Gyro,-1.195790,-0.214840,0.215905,
85093715211853,pre,999.897034,,,
85093680011044,Lacc,0.309398,-1.150787,0.572443,
85093680011044,GameRo,-0.450314,0.479404,0.396340,0.640550
85093700121082,Lacc,0.964537,-0.674085,0.434327,
85093700121082,GameRo,-0.450326,0.479359,0.396322,0.640586
85093729983386,pre,999.890991,,,
85093745701030,pre,999.896240,,,
85093730228152,Gyro,-1.289974,-0.155510,0.175198,
85093750462102,Gyro,-1.070611,-0.077422,0.196882,
85093761540752,pre,999.890991,,,
85093720247600,Lacc,1.545070,-0.510031,0.432786,
85093720247600,GameRo,-0.450335,0.479310,0.396306,0.640626
85093740390600,Lacc,1.600577,-0.569107,0.596356,
85093740390600,GameRo,-0.450341,0.479253,0.396291,0.640674
85093776922678,pre,999.883484,,,
85093770605100,Gyro,-0.543154,-0.011840,0.272176,
85093790748098,Gyro,0.078221,0.026606,0.363433,
85093793586433,pre,999.894775,,,
85093760533600,Lacc,1.275716,-0.703060,0.814874,
85093760533600,GameRo,-0.460530,0.471355,0.408034,0.631858
85093780676600,Lacc,0.949857,-0.730777,0.910286,
85093780676600,GameRo,-0.460528,0.471294,0.408025,0.631911
85093816811921,pre,999.899231,,,
85093810875839,Gyro,0.444979,0.007849,0.452163,
85093831003579,Gyro,0.580402,-0.008514,0.513356,
85093833445156,pre,999.893250,,,
85093800811969,Lacc,0.379513,-0.359749,0.899930,
85093800811969,GameRo,-0.463433,0.470233,0.415791,0.625483
85093820939708,Lacc,-0.101214,0.076907,0.848396,
85093820939708,GameRo,-0.463406,0.470211,0.415811,0.625506
85093849101759,pre,999.895508,,,
85093864788884,pre,999.890991,,,
85093851192358,Gyro,0.478768,-0.072500,0.517746,
85093871381137,Gyro,0.141010,-0.091523,0.437397,
85093841097967,Lacc,-0.345942,0.402442,0.686041,
85093841097967,GameRo,-0.452527,0.478915,0.416818,0.626197
85093861286746,Lacc,0.049217,0.900113,0.666834,
85093861286746,GameRo,-0.452478,0.478920,0.416860,0.626200
85093880445487,pre,999.894775,,,
85093896071572,pre,999.896240,,,
85093891478356,Gyro,-0.076757,-0.098574,0.340020,
85093911575574,Gyro,-0.059996,-0.133161,0.280024,
85093911819734,pre,999.892517,,,
85093881429746,Lacc,0.173696,0.552212,0.684056,
85093881429746,GameRo,-0.441195,0.486267,0.419805,0.626621
85093901526966,Lacc,-0.026951,0.349882,0.583916,
85093901526966,GameRo,-0.441168,0.486259,0.419828,0.626632
85093927323740,pre,999.897766,,,
85093942949825,pre,999.896240,,,
85093931764353,Gyro,0.007317,-0.151519,0.257676,
85093951953132,Gyro,0.066913,-0.147794,0.273506,
85093921669966,Lacc,-0.092590,0.148697,0.376122,
85093921669966,GameRo,-0.438337,0.486945,0.425832,0.624029
85093941858745,Lacc,0.072193,0.068395,0.321561,
85093941858745,GameRo,-0.438326,0.486936,0.425841,0.624038
85093958484350,pre,999.898499,,,
85093974201993,pre,999.893982,,,
85093989828078,pre,999.895508,,,
85093972096132,Gyro,0.094716,-0.125179,0.337625,
85093992239132,Gyro,0.103363,-0.088464,0.397355,
85093962024634,Lacc,0.288424,-0.058866,0.280106,
85093962024634,GameRo,-0.434289,0.487362,0.430202,0.623536
85093982167634,Lacc,0.479764,-0.003708,0.331126,
85093982167634,GameRo,-0.434279,0.487346,0.430209,0.623551
85094005454162,pre,999.891785,,,
85094021080246,pre,999.895508,,,
85094012321092,Gyro,0.145400,-0.056803,0.447507,
85094032403051,Gyro,0.251423,-0.020353,0.491539,
85094036584252,pre,999.899231,,,
85094002280114,Lacc,0.626297,-0.380539,0.279368,
85094002280114,GameRo,-0.428605,0.489693,0.434629,0.622572
85094022362073,Lacc,0.796288,-0.631233,0.183518,
85094022362073,GameRo,-0.428623,0.489659,0.434611,0.622600
85094052240856,pre,999.893250,,,
85094067958499,pre,999.892517,,,
85094052591830,Gyro,0.348800,0.005587,0.496727,
85094072780609,Gyro,0.432341,0.020752,0.481163,
85094042497443,Lacc,0.908700,-0.986150,0.059422,
85094042497443,GameRo,-0.421711,0.494322,0.439135,0.620456
85094062686222,Lacc,0.948074,-1.098331,0.109308,
85094062686222,GameRo,-0.421749,0.494274,0.439099,0.620494
85094083584584,pre,999.893250,,,
85094099210668,pre,999.893982,,,
85094092923609,Gyro,0.470920,0.022881,0.456420,
85094113066609,Gyro,0.458814,0.024610,0.410392,
85094082852111,Lacc,1.000413,-1.406497,0.165551,
85094115355588,pre,999.898499,,,
85094082852111,GameRo,-0.412307,0.501766,0.441487,0.619131
85094102995111,Lacc,1.157883,-1.688804,0.140028,
85094102995111,GameRo,-0.412368,0.501697,0.441430,0.619187
85094130493357,pre,999.894775,,,
85094146088921,pre,999.892517,,,
85094133194347,Gyro,0.445910,0.028734,0.355717,
85094153322086,Gyro,0.449369,0.039908,0.278029,
85094123130480,Lacc,1.130573,-2.243711,0.134236,
85094123130480,GameRo,-0.402207,0.509797,0.441916,0.618908
85094143258219,Lacc,0.974616,-2.741402,0.161242,
85094143258219,GameRo,-0.402307,0.509701,0.441826,0.618987
85094161715006,pre,999.894775,,,
85094177310571,pre,999.901489,,,
85094192967174,pre,999.917236,,,
85094173419307,Gyro,0.647049,0.111744,0.157771,
85094193516527,Gyro,0.943968,0.170010,-0.017826,
85094208562740,pre,999.903748,,,
85094163370698,Lacc,1.005119,-3.487254,0.184904,
85094163370698,GameRo,-0.393618,0.516649,0.441203,0.619256
85094183467919,Lacc,0.737879,-4.648068,0.476060,
85094183467919,GameRo,-0.393772,0.516501,0.441068,0.619379
85094224219343,pre,999.915039,,,
85094213644266,Gyro,1.187010,0.160432,-0.229740,
85094233772005,Gyro,1.165460,0.067711,-0.462938,
85094239723349,pre,999.903015,,,
85094203580399,Lacc,0.131512,-5.296172,1.162216,
85094203580399,GameRo,-0.385142,0.524872,0.434412,0.622464
85094223708138,Lacc,-0.353104,-5.554934,1.653554,
85094223708138,GameRo,-0.385283,0.524692,0.434287,0.622616
85094255471512,pre,999.900757,,,
85094271128116,pre,999.903015,,,
85094253960784,Gyro,0.695072,-0.079551,-0.704916,
85094274149563,Gyro,0.295855,-0.223487,-1.084978,
85094243866396,Lacc,-0.440777,-5.303795,1.846742,
85094243866396,GameRo,-0.374305,0.534748,0.416668,0.632715
85094264055175,Lacc,-0.060210,-6.051273,1.949988,
85094264055175,GameRo,-0.374459,0.534548,0.416530,0.632883
85094286723680,pre,999.908997,,,
85094302288726,pre,999.897766,,,
85094294246783,Gyro,0.464933,-0.348800,-1.557893,
85094314344004,Gyro,0.536503,-0.798568,-1.992629,
85094284198174,Lacc,0.525414,-9.948174,3.935734,
85094284198174,GameRo,-0.374074,0.532280,0.400470,0.645268
85094304295393,Lacc,0.317663,-13.596335,7.872293,
85094304295393,GameRo,-0.374242,0.531926,0.400308,0.645563
85094317945330,pre,999.918762,,,
85094333510374,pre,999.924011,,,
85094349136458,pre,999.915039,,,
85094334487004,Gyro,-1.608177,-1.950858,-2.654444,
85094354630004,Gyro,-1.339061,-2.381470,-3.942289,
85094324415502,Lacc,-2.989019,-16.702446,12.479059,
85094324415502,GameRo,-0.381795,0.517814,0.376427,0.666636
85094344558502,Lacc,-9.494183,-42.746895,13.166827,
85094344558502,GameRo,-0.382063,0.517489,0.376171,0.666880
85094364884622,pre,999.882019,,,
85094380388627,pre,999.883484,,,
85094374773003,Gyro,-0.425956,-3.132946,-7.727738,
85094394916003,Gyro,0.288804,-2.118872,-11.084970,
85094364701502,Lacc,-13.285522,-58.639797,11.904562,
85094397235500,pre,999.865479,,,
85094364701502,GameRo,-0.416621,0.454822,0.369447,0.695035
85094384844501,Lacc,-33.526932,-52.764992,21.562796,
85094384844501,GameRo,-0.416794,0.454569,0.369267,0.695192
85094411640796,pre,999.807007,,,
85094428457149,pre,999.783752,,,
85094415104780,Gyro,2.006597,-1.920394,-12.003928,
85094435293557,Gyro,2.275181,-2.671870,-12.856505,
85094405010391,Lacc,-56.591061,-49.689133,18.269091,
85094405010391,GameRo,-0.467213,0.333447,0.272211,0.772286
85094425199170,Lacc,-67.077751,-37.905014,9.717984,
85094425199170,GameRo,-0.467272,0.333547,0.272218,0.772206
85094443228682,pre,999.772522,,,
85094458549569,pre,999.773254,,,
85094474145133,pre,999.800232,,,
85094455375519,Gyro,2.322140,-3.497044,-13.326893,
85094475457480,Gyro,2.057280,-4.276589,-13.169388,
85094445334539,Lacc,-72.049973,-24.622036,3.229119,
85094445334539,GameRo,-0.489355,0.191396,0.077932,0.847246
85094465416499,Lacc,-68.716499,-14.447687,-1.583380,
85094465416499,GameRo,-0.489352,0.191834,0.078176,0.847126
85094489862777,pre,999.784485,,,
85094505397302,pre,999.761230,,,
85094495646259,Gyro,2.720559,-4.644279,-11.897639,
85094515835038,Gyro,4.605434,-4.841027,-9.333255,
85094485551868,Lacc,-64.510643,-4.757810,-7.599495,
85094485551868,GameRo,-0.477268,-0.003012,-0.122697,0.870145
85094520992867,pre,999.767273,,,
85094505740647,Lacc,-55.742996,4.690293,-16.173552,
85094505740647,GameRo,-0.477342,-0.002435,-0.122381,0.870150
85094536649471,pre,999.790527,,,
85094552275555,pre,999.790527,,,
85094535978036,Gyro,4.681660,-4.702678,-7.204273,
85094556121034,Gyro,4.050707,-4.309447,-5.730055,
85094525906536,Lacc,-47.383907,13.506504,-14.904772,
85094525906536,GameRo,-0.422394,-0.202621,-0.270574,0.841022
85094546049536,Lacc,-39.177601,14.893097,-16.034838,
85094546049536,GameRo,-0.422407,-0.202294,-0.270443,0.841136
85094568023719,pre,999.797241,,,
85094583527724,pre,999.807007,,,
85094576264034,Gyro,3.263314,-3.942289,-4.591467,
85094596407034,Gyro,2.816472,-3.590297,-4.015588,
85094599642124,pre,999.813782,,,
85094566192536,Lacc,-36.436840,10.726569,-15.511597,
85094566192536,GameRo,-0.333375,-0.361151,-0.321889,0.809209
85094586335536,Lacc,-32.307838,8.921768,-13.469005,
85094586335536,GameRo,-0.333342,-0.361007,-0.321877,0.809291
85094614779892,pre,999.785278,,,
85094630405977,pre,999.773254,,,
85094616534774,Gyro,2.683444,-3.431594,-3.780926,
85094636662515,Gyro,2.061271,-3.213295,-3.650558,
85094606470905,Lacc,-29.438610,6.533290,-12.636797,
85094606470905,GameRo,-0.271784,-0.470873,-0.342115,0.766401
85094626598644,Lacc,-24.265125,8.761342,-14.810576,
85094626598644,GameRo,-0.271678,-0.471043,-0.342194,0.766298
85094646062581,pre,999.756775,,,
85094661719186,pre,999.758240,,,
85094656744475,Gyro,0.826105,-2.696082,-3.578324,
85094676826434,Gyro,-0.280290,-2.043179,-3.298034,
85094678474498,pre,999.764282,,,
85094646703493,Lacc,-17.522093,10.307228,-14.325369,
85094646703493,GameRo,-0.217481,-0.558877,-0.354556,0.717390
85094666785452,Lacc,-12.187691,11.263849,-12.736473,
85094666785452,GameRo,-0.217195,-0.559330,-0.354740,0.717033
85094701791547,pre,999.759766,,,
85094697015213,Gyro,-0.454291,-1.440296,-2.842945,
85094717203992,Gyro,-0.331506,-0.952082,-2.329988,
85094720011805,pre,999.769531,,,
85094686920822,Lacc,-10.629553,8.679569,-9.925197,
85094686920822,GameRo,-0.185563,-0.614432,-0.386376,0.662385
85094707109601,Lacc,-8.118593,9.020300,-9.528573,
85094707109601,GameRo,-0.185258,-0.614866,-0.386539,0.661972
85094734081384,pre,999.758240,,,
85094749768508,pre,999.755249,,,
85094737346992,Gyro,-0.131299,-0.523333,-1.774862,
85094757489992,Gyro,0.272176,-0.160964,-1.162799,
85094727275490,Lacc,-4.590148,9.329952,-9.167977,
85094765303034,pre,999.764282,,,
85094727275490,GameRo,-0.167454,-0.638238,-0.423849,0.620455
85094747418490,Lacc,-1.640750,8.480148,-8.195326,
85094747418490,GameRo,-0.167244,-0.638587,-0.423920,0.620104
85094780959637,pre,999.770264,,,
85094796585722,pre,999.780029,,,
85094777587210,Gyro,0.581732,0.279226,-0.652104,
85094797684429,Gyro,0.746288,0.574149,-0.317405,
85094767538600,Lacc,-1.178341,5.648894,-6.234809,
85094767538600,GameRo,-0.150434,-0.649221,-0.443539,0.599295
85094787635821,Lacc,-1.161613,4.271270,-4.056429,
85094787635821,GameRo,-0.150281,-0.649450,-0.443582,0.599053
85094812303365,pre,999.780029,,,
85094828692442,pre,999.783020,,,
85094817857949,Gyro,0.628957,0.629622,-0.023679,
85094838031469,Gyro,0.406401,0.587452,0.157106,
85094843463975,pre,999.783020,,,
85094807771190,Lacc,-0.645926,3.805773,-2.415056,
85094807771190,GameRo,-0.131844,-0.652758,-0.443190,0.600089
85094827944708,Lacc,-1.090257,3.640053,-1.840582,
85094827944708,GameRo,-0.131682,-0.652886,-0.443272,0.599925
85094859090059,pre,999.780762,,,
85094874807703,pre,999.783020,,,
85094858174469,Gyro,0.300511,0.555126,0.255946,
85094878317468,Gyro,0.239717,0.542090,0.322061,
85094848102967,Lacc,-0.280735,2.570220,-1.868753,
85094848102967,GameRo,-0.118886,-0.650592,-0.436627,0.609879
85094868245966,Lacc,0.232119,1.947710,-1.662416,
85094868245966,GameRo,-0.118820,-0.650696,-0.436640,0.609772
85094890433787,pre,999.784485,,,
85094906029351,pre,999.787537,,,
85094898460466,Gyro,0.384451,0.469589,0.321529,
85094918603464,Gyro,0.505374,0.371282,0.335630,
85094922113231,pre,999.783020,,,
85094888388966,Lacc,0.165682,1.821651,-0.808528,
85094888388966,GameRo,-0.113981,-0.645771,-0.430891,0.619936
85094908531966,Lacc,-0.427780,1.709943,0.023535,
85094908531966,GameRo,-0.113890,-0.645789,-0.430957,0.619889
85094937220481,pre,999.787537,,,
85094952938125,pre,999.786011,,,
85094938746464,Gyro,0.307295,0.311286,0.389373,
85094958889464,Gyro,-0.010376,0.329777,0.450034,
85094928674966,Lacc,-0.322291,2.113495,-0.187654,
85094928674966,GameRo,-0.108974,-0.642864,-0.422709,0.629418
85094948817966,Lacc,0.252992,1.747190,-0.227444,
85094948817966,GameRo,-0.108902,-0.642896,-0.422755,0.629367
85094968564209,pre,999.791260,,,
85094984190293,pre,999.781494,,,
85094978986684,Gyro,-0.137285,0.371282,0.521204,
85094999083905,Gyro,-0.012239,0.378731,0.597296,
85094999938456,pre,999.785278,,,
85094968938075,Lacc,0.349448,1.359694,0.099140,
85094968938075,GameRo,-0.108062,-0.640355,-0.414992,0.637220
85094989035293,Lacc,-0.073151,1.144354,0.236228,
85094989035293,GameRo,-0.108002,-0.640356,-0.415038,0.637199
85095015442462,pre,999.782288,,,
85095030946468,pre,999.789734,,,
85095019211644,Gyro,0.173868,0.379795,0.682035,
85095039339382,Gyro,0.304901,0.394695,0.756797,
85095046603071,pre,999.791992,,,
85095062198637,pre,999.786011,,,
85095077824721,pre,999.786743,,,
85095059467121,Gyro,0.243042,0.384584,0.800031,
85095079594860,Gyro,0.021950,0.351460,0.850582,
85095009147773,Lacc,-0.268353,1.182298,-0.214975,
85095009147773,GameRo,-0.113491,-0.633145,-0.410809,0.646129
85095029275514,Lacc,-0.110806,0.748917,-0.347731,
85095029275514,GameRo,-0.113454,-0.633175,-0.410829,0.646095
85095093511844,pre,999.780029,,,
85095049403254,Lacc,-0.275172,0.618110,-0.530959,
85095049403254,GameRo,-0.116469,-0.628269,-0.399985,0.657059
85095109168448,pre,999.781494,,,
85095099737860,Gyro,-0.091257,0.327515,0.888495,
85095119880859,Gyro,-0.099904,0.324722,0.917096,
85095089666362,Lacc,-0.512848,0.598903,-0.656892,
85095124733493,pre,999.783020,,,
85095089666362,GameRo,-0.116431,-0.628314,-0.400001,0.657012
85095109809361,Lacc,-0.329218,0.147566,-0.626596,
85095109809361,GameRo,-0.116422,-0.628352,-0.399996,0.656980
85095140390098,pre,999.780029,,,
85095155985662,pre,999.791260,,,
85095149882941,Gyro,0.038578,0.366093,0.956605,
85095171611746,pre,999.777039,,,
85095129961212,Lacc,-0.479171,0.872787,-1.015007,
85095129961212,GameRo,-0.147376,-0.603946,-0.364998,0.693042
85095187298870,pre,999.779236,,,
85095202924954,pre,999.783020,,,
85095169971005,Gyro,0.097377,0.395360,0.985606,
85095190319097,Gyro,0.039509,0.447241,1.032698,
85095170296653,Lacc,-0.600377,0.831389,-1.063011,
85095170296653,GameRo,-0.147330,-0.604022,-0.365018,0.692974
85095190485432,Lacc,-0.636244,0.633033,-1.083486,
85095190485432,GameRo,-0.147296,-0.604096,-0.365030,0.692911
85095218520519,pre,999.776245,,,
85095234146604,pre,999.774780,,,
85095210615916,Gyro,0.008115,0.520140,1.070744,
85095230758914,Gyro,-0.101367,0.555260,1.098946,
85095250718799,pre,999.789001,,,
85095210651320,Lacc,-0.990756,0.324120,-1.024685,
85095210651320,GameRo,-0.153506,-0.597675,-0.354630,0.702466
85095230794318,Lacc,-1.285080,0.330165,-0.991799,
85095230794318,GameRo,-0.153477,-0.597734,-0.354642,0.702415
85095265368252,pre,999.785278,,,
85095281024857,pre,999.790527,,,
85095250898097,Gyro,-0.342015,0.572420,1.131537,
85095271025838,Gyro,-0.412786,0.628691,1.155483,
85095250929687,Lacc,-1.559867,0.623999,-1.361323,
85095250929687,GameRo,-0.163160,-0.586303,-0.341244,0.716366
85095271057428,Lacc,-1.176113,0.144113,-1.197670,
85095271057428,GameRo,-0.163153,-0.586373,-0.341240,0.716313
85095296620421,pre,999.783752,,,
85095312246505,pre,999.783020,,,
85095291157393,Gyro,-0.356515,0.677113,1.155349,
85095311300391,Gyro,-0.393098,0.710503,1.140450,
85095328788181,pre,999.788269,,,
85095291192798,Lacc,-1.196839,0.196833,-1.225633,
85095291192798,GameRo,-0.178292,-0.571077,-0.331276,0.729615
85095311335798,Lacc,-1.483902,0.076773,-1.280061,
85095311335798,GameRo,-0.178292,-0.571145,-0.331270,0.729565
85095343559713,pre,999.783020,,,
85095359124758,pre,999.790527,,,
85095331443389,Gyro,-0.595833,0.739637,1.099744,
85095351586391,Gyro,-0.799499,0.803357,1.090964,
85095331478797,Lacc,-1.777541,0.560889,-1.805327,
85095331478797,GameRo,-0.192147,-0.554252,-0.320976,0.743545
85095351621795,Lacc,-1.630709,0.123333,-1.477176,
85095351621795,GameRo,-0.192153,-0.554329,-0.320968,0.743489
85095374781363,pre,999.801025,,,
85095390712644,pre,999.794250,,,
85095406033532,pre,999.794250,,,
85095371714132,Gyro,-0.674320,0.877321,1.125950,
85095391796090,Gyro,-0.433273,0.927605,1.172510,
85095371734273,Lacc,-1.412973,-0.319357,-1.083035,
85095371734273,GameRo,-0.209981,-0.533774,-0.315382,0.755994
85095391816233,Lacc,-2.068275,-0.554894,-1.101183,
85095391816233,GameRo,-0.210034,-0.533785,-0.315345,0.755988
85095421659616,pre,999.788269,,,
85095437255180,pre,999.785278,,,
85095411904753,Gyro,-0.454025,0.959665,1.190203,
85095432093534,Gyro,-0.645320,1.050922,1.265630,
85095452850745,pre,999.790527,,,
85095411951602,Lacc,-2.896646,0.323334,-1.876319,
85095411951602,GameRo,-0.224822,-0.511467,-0.307459,0.770276
85095432140381,Lacc,-2.185264,0.509076,-1.527968,
85095432140381,GameRo,-0.224807,-0.511534,-0.307470,0.770231
85095468507349,pre,999.801025,,,
85095484102914,pre,999.797241,,,
85095452259424,Gyro,-0.423562,1.174772,1.347974,
85095472356643,Gyro,-0.125845,1.231708,1.430186,
85095499728998,pre,999.790527,,,
85095452283381,Lacc,-1.784478,-0.042975,-0.936595,
85095452283381,GameRo,-0.239708,-0.486717,-0.298531,0.785192
85095472380602,Lacc,-2.690950,-0.273014,-0.754280,
85095472380602,GameRo,-0.239737,-0.486661,-0.298509,0.785226
85095515446641,pre,999.798035,,,
85095492472937,Gyro,-0.338424,1.232639,1.457590,
85095512646457,Gyro,-0.729526,1.308332,1.522507,
85095492515972,Lacc,-3.325239,0.944284,-1.849480,
85095492515972,GameRo,-0.249880,-0.458912,-0.284698,0.803684
85095512689492,Lacc,-2.662571,1.230561,-2.301720,
85095531469482,pre,999.789734,,,
85095512689492,GameRo,-0.249844,-0.459029,-0.284731,0.803616
85095546668291,pre,999.804016,,,
85095562324894,pre,999.792786,,,
85095532800901,Gyro,-0.558053,1.486989,1.598333,
85095552898120,Gyro,-0.205129,1.548980,1.647155,
85095532824861,Lacc,-1.885912,0.328762,-1.541508,
85095532824861,GameRo,-0.265078,-0.427659,-0.271803,0.820344
85095552922080,Lacc,-3.722789,-0.284479,-0.799972,
85095552922080,GameRo,-0.265124,-0.427495,-0.271755,0.820431
85095577889939,pre,999.794983,,,
85095593546544,pre,999.801025,,,
85095573018229,Gyro,-0.476507,1.536608,1.702095,
85095593207010,Gyro,-0.838476,1.602191,1.725242,
85095573065079,Lacc,-3.779624,0.956437,-1.361764,
85095573065079,GameRo,-0.276369,-0.390899,-0.256045,0.839797
85095610607054,pre,999.798767,,,
85095593253857,Lacc,-2.902015,0.352224,-1.524545,
85095593253857,GameRo,-0.276405,-0.390839,-0.256016,0.839822
85095624737673,pre,999.792786,,,
85095640394277,pre,999.804749,,,
85095613384345,Gyro,-0.645586,1.708481,1.696109,
85095633527343,Gyro,-0.449103,1.738944,1.692384,
85095656020361,pre,999.795776,,,
85095613419747,Lacc,-3.007593,-0.386868,-1.573799,
85095613419747,GameRo,-0.293338,-0.350755,-0.240619,0.856170
85095633562747,Lacc,-4.661148,-0.599988,-1.653504,
85095633562747,GameRo,-0.293490,-0.350475,-0.240488,0.856269
85095671676966,pre,999.809265,,,
85095687303050,pre,999.798767,,,
85095653655082,Gyro,-0.745889,1.765683,1.719788,
85095673737044,Gyro,-0.897940,1.842839,1.705288,
85095653675226,Lacc,-4.150621,0.570325,-1.845653,
85095653675226,GameRo,-0.305746,-0.307418,-0.224880,0.872607
85095673757186,Lacc,-3.135180,-0.370710,-1.131444,
85095673757186,GameRo,-0.305836,-0.307232,-0.224797,0.872662
85095702990173,pre,999.810730,,,
85095718524698,pre,999.814514,,,
85095693845709,Gyro,-0.723141,1.911082,1.698237,
85095714034486,Gyro,-0.851779,1.878358,1.715531,
85095693892555,Lacc,-3.599788,-0.832264,-1.214172,
85095693892555,GameRo,-0.323108,-0.260501,-0.210517,0.885112
85095714081334,Lacc,-5.148040,-0.609287,-1.122900,
85095714081334,GameRo,-0.323218,-0.260105,-0.210367,0.885224
85095734272862,pre,999.823486,,,
85095749776867,pre,999.815247,,,
85095765402952,pre,999.819031,,,
85095734211818,Gyro,-1.390543,1.797210,1.782045,
85095754354816,Gyro,-1.706086,1.781247,1.879422,
85095782188784,pre,999.826538,,,
85095734247224,Lacc,-4.726677,0.328518,-1.530076,
85095734247224,GameRo,-0.337067,-0.211178,-0.195754,0.896365
85095754390223,Lacc,-4.012921,-0.388461,-1.748765,
85095754390223,GameRo,-0.337202,-0.210876,-0.195620,0.896415
85095796655120,pre,999.828003,,,
85095774493999,Gyro,-1.483131,1.790293,1.895917,
85095794621740,Gyro,-1.153487,1.756770,1.909885,
85095813440953,pre,999.838501,,,
85095774525593,Lacc,-3.750375,-1.117050,-1.415168,
85095774525593,GameRo,-0.366344,-0.159362,-0.180836,0.898718
85095794653331,Lacc,-5.786738,-1.923339,-1.480036,
85095794653331,GameRo,-0.366530,-0.158918,-0.180631,0.898762
85095828914439,pre,999.822021,,,
85095843838571,pre,999.828735,,,
85095814753296,Gyro,-1.329350,1.599930,1.908688,
85095834896298,Gyro,-1.777256,1.528626,2.066326,
85095814788701,Lacc,-5.774549,-0.484700,-1.384042,
85095814788701,GameRo,-0.389175,-0.107268,-0.163054,0.900250
85095834931700,Lacc,-4.392166,0.259154,-1.913404,
85095834931700,GameRo,-0.389275,-0.106899,-0.162888,0.900280
85095859159458,pre,999.840759,,,
85095874846581,pre,999.839233,,,
85095855031669,Gyro,-1.793086,1.564544,2.161042,
85095875144149,Gyro,-1.624407,1.546984,2.366704,
85095891113580,pre,999.842285,,,
85095855059440,Lacc,-3.685273,-0.231366,-1.901816,
85095855059440,GameRo,-0.416238,-0.057763,-0.141992,0.896241
85095875171920,Lacc,-5.895193,-1.951280,-1.515406,
85095875171920,GameRo,-0.416389,-0.057334,-0.141782,0.896231
85095906068231,pre,999.842285,,,
85095921663795,pre,999.840759,,,
85095895271888,Gyro,-1.489250,1.479672,2.639544,
85095915445404,Gyro,-1.366465,1.495103,2.880059,
85095895314920,Lacc,-5.822557,-1.462400,-0.571149,
85095895314920,GameRo,-0.444587,-0.004943,-0.115761,0.888210
85095915488440,Lacc,-4.531977,-1.092951,-0.476879,
85095915488440,GameRo,-0.444638,-0.004612,-0.115595,0.888208
85095937350919,pre,999.842285,,,
85095952915964,pre,999.847534,,,
85095968572568,pre,999.857239,,,
85095935596031,Gyro,-1.027909,1.546718,2.919968,
85095955677992,Gyro,-0.647581,1.488186,3.029849,
85095935616179,Lacc,-3.014515,-2.185347,0.793815,
85095935616179,GameRo,-0.465879,0.050231,-0.078931,0.879888
85095955698139,Lacc,-5.307191,-3.349952,1.384675,
85095955698139,GameRo,-0.465891,0.050515,-0.078780,0.879879
85095984748007,pre,999.848999,,,
85095999794217,pre,999.854980,,,
85095975786658,Gyro,-0.687356,1.334805,3.169396,
85095995975435,Gyro,-1.058505,1.272547,3.182965,
85095975833508,Lacc,-5.580986,-3.011424,1.215692,
85095975833508,GameRo,-0.473755,0.106827,-0.039569,0.873257
85095996022287,Lacc,-6.042341,-2.573389,-0.121273,
85095996022287,GameRo,-0.473797,0.107144,-0.039399,0.873204
85096015603420,pre,999.862488,,,
85096031015866,pre,999.868530,,,
85096046702990,pre,999.874512,,,
85096016152768,Gyro,-1.395997,1.237162,3.116184,
85096036295770,Gyro,-1.415553,1.207763,3.056322,
85096016188176,Lacc,-5.201513,-3.324629,0.560335,
85096016188176,GameRo,-0.479859,0.160815,0.006528,0.862457
85096036331176,Lacc,-6.229080,-4.166205,1.429060,
85096036331176,GameRo,-0.479865,0.161040,0.006651,0.862410
85096062298554,pre,999.870789,,,
85096077924639,pre,999.880493,,,
85096056434955,Gyro,-1.028973,1.099478,3.049803,
85096076562692,Gyro,-0.531048,0.976693,2.961473,
85096094313716,pre,999.880493,,,
85096056466546,Lacc,-5.470860,-4.410632,2.452391,
85096056466546,GameRo,-0.493722,0.211536,0.053117,0.841825
85096076594284,Lacc,-4.823329,-3.607924,2.068238,
85096076594284,GameRo,-0.493690,0.211661,0.053197,0.841808
85096109237847,pre,999.888000,,,
85096124833412,pre,999.886536,,,
85096096694245,Gyro,-0.301043,0.824508,2.778559,
85096116837247,Gyro,-0.586920,0.631086,2.660031,
85096096729654,Lacc,-3.894846,-2.882443,1.787161,
85096140398457,pre,999.880493,,,
85096096729654,GameRo,-0.493810,0.257949,0.097116,0.824732
85096116872653,Lacc,-4.414154,-1.598003,1.105182,
85096116872653,GameRo,-0.493763,0.258088,0.097211,0.824705
85096156116100,pre,999.878235,,,
85096136968803,Gyro,-1.163863,0.485287,2.587531,
85096157066022,Gyro,-1.652742,0.388974,2.527801,
85096171711665,pre,999.878235,,,
85096136992763,Lacc,-3.771461,-1.459197,0.447609,
85096136992763,GameRo,-0.486917,0.295870,0.137088,0.810297
85096157089981,Lacc,-4.247180,-1.022566,-0.367367,
85096157089981,GameRo,-0.486919,0.296036,0.137174,0.810220
85096187368268,pre,999.880493,,,
85096202933313,pre,999.879761,,,
85096177186131,Gyro,-1.862527,0.383254,2.510108,
85096197374912,Gyro,-1.595673,0.412786,2.511971,
85096177232980,Lacc,-3.680501,-1.454006,-0.108177,
85096177232980,GameRo,-0.495429,0.323519,0.183039,0.785100
85096197421759,Lacc,-3.524205,-1.631746,0.227990,
85096197421759,GameRo,-0.495432,0.323602,0.183080,0.785054
85096218559398,pre,999.881287,,,
85096234154963,pre,999.879028,,,
85096249903126,pre,999.888000,,,
85096217536987,Gyro,-1.105730,0.419438,2.552278,
85096237618944,Gyro,-0.745756,0.430612,2.597109,
85096217557129,Lacc,-2.911804,-1.758369,0.964408,
85096217557129,GameRo,-0.507471,0.347853,0.229931,0.754058
85096237639091,Lacc,-2.866929,-1.222732,0.693251,
85096237639091,GameRo,-0.507448,0.347893,0.229965,0.754045
85096265437651,pre,999.869263,,,
85096281094255,pre,999.877502,,,
85096257727608,Gyro,-0.422098,0.500452,2.615733,
85096277916389,Gyro,-0.122785,0.563507,2.607485,
85096300230103,pre,999.880493,,,
85096257774460,Lacc,-2.124224,-2.079248,0.585129,
85096257774460,GameRo,-0.504287,0.375929,0.270585,0.728804
85096277963237,Lacc,-2.205276,-1.982918,0.241316,
85096277963237,GameRo,-0.504320,0.375921,0.270559,0.728796
85096321166616,pre,999.880493,,,
85096298089909,Gyro,-0.000133,0.601420,2.517425,
85096318217645,Gyro,0.014500,0.611663,2.378144,
85096298121496,Lacc,-1.663989,-2.625246,0.457588,
85096298121496,GameRo,-0.490590,0.408354,0.304900,0.706828
85096318249237,Lacc,-1.823702,-2.493928,0.534205,
85096318249237,GameRo,-0.490640,0.408293,0.304840,0.706854
85096338166087,pre,999.879028,,,
85096353486974,pre,999.880493,,,
85096369113058,pre,999.872986,,,
85096338349198,Gyro,-0.007583,0.599026,2.185786,
85096358492200,Gyro,-0.075294,0.579870,2.002606,
85096338384607,Lacc,-1.549972,-3.148470,0.758755,
85096338384607,GameRo,-0.473504,0.440604,0.333046,0.686107
85096358527607,Lacc,-1.548906,-2.902557,0.752074,
85096358527607,GameRo,-0.473572,0.440503,0.332960,0.686166
85096384708624,pre,999.875244,,,
85096400334708,pre,999.886536,,,
85096378635201,Gyro,-0.073831,0.641196,1.799073,
85096398778199,Gyro,0.200606,0.789389,1.555631,
85096378670606,Lacc,-1.023577,-3.914210,0.898689,
85096416632225,pre,999.885010,,,
85096378670606,GameRo,-0.459190,0.467699,0.356101,0.666029
85096398813603,Lacc,-0.734058,-4.169906,1.134028,
85096398813603,GameRo,-0.459309,0.467514,0.355956,0.666154
85096431556356,pre,999.888733,,,
85096447914914,pre,999.877502,,,
85096418921198,Gyro,0.606608,0.972170,1.295561,
85096439064199,Gyro,1.097349,1.102404,1.004363,
85096418956602,Lacc,-0.188521,-4.729195,2.149242,
85096418956602,GameRo,-0.447868,0.492366,0.370946,0.647603
85096439099602,Lacc,0.271372,-4.476223,1.863072,
85096439099602,GameRo,-0.447992,0.492111,0.370788,0.647801
85096462839045,pre,999.892517,,,
85096478556688,pre,999.893250,,,
85096494091214,pre,999.893250,,,
85096459191940,Gyro,1.653673,1.332144,0.668599,
85096479273898,Gyro,2.286089,1.568668,0.313547,
85096459212082,Lacc,1.069541,-4.605567,1.752756,
85096459212082,GameRo,-0.433208,0.521910,0.367291,0.636426
85096479294041,Lacc,0.955588,-5.207453,2.651600,
85096479294041,GameRo,-0.433350,0.521588,0.367111,0.636697
85096509747817,pre,999.891785,,,
85096525404422,pre,999.885010,,,
85096499382561,Gyro,2.664820,1.562150,-0.008115,
85096519571342,Gyro,2.751953,1.386020,-0.275900,
85096499429410,Lacc,0.403089,-5.179284,3.626657,
85096499429410,GameRo,-0.413300,0.558188,0.338960,0.634599
85096519618189,Lacc,0.472516,-4.222952,2.777081,
85096519618189,GameRo,-0.413407,0.557902,0.338818,0.634857
85096541030506,pre,999.890259,,,
85096556595551,pre,999.893250,,,
85096572313194,pre,999.891785,,,
85096539748677,Gyro,2.609879,1.264166,-0.431942,
85096559891675,Gyro,2.579283,1.168785,-0.445910,
85096539784079,Lacc,1.125353,-3.954038,2.277932,
85096539784079,GameRo,-0.389667,0.592868,0.292771,0.641056
85096559927079,Lacc,1.460726,-4.519704,2.499444,
85096559927079,GameRo,-0.389830,0.592571,0.292563,0.641326
85096587847720,pre,999.890259,,,
85096603504324,pre,999.880493,,,
85096580034673,Gyro,2.593650,0.922816,-0.396690,
85096600177671,Gyro,2.473392,0.642393,-0.362369,
85096621816141,pre,999.888000,,,
85096634695453,pre,999.888000,,,
85096650382577,pre,999.883484,,,
85096580070078,Lacc,1.449307,-4.229538,2.916798,
85096580070078,GameRo,-0.368593,0.618671,0.245630,0.648884
85096600213078,Lacc,1.778030,-3.645664,2.227488,
85096600213078,GameRo,-0.368746,0.618407,0.245426,0.649126
85096620316854,Gyro,2.280502,0.404007,-0.321130,
85096640444595,Gyro,2.142418,0.173203,-0.262598,
85096620348447,Lacc,1.898128,-3.030843,2.030273,
85096620348447,GameRo,-0.343641,0.637133,0.202493,0.659521
85096640476186,Lacc,1.626514,-3.347980,2.030242,
85096640476186,GameRo,-0.343794,0.636898,0.202287,0.659732
85096665978142,pre,999.894775,,,
85096681634745,pre,999.883484,,,
85096660576151,Gyro,2.064331,-0.118927,-0.190097,
85096680719153,Gyro,1.899243,-0.447108,-0.123317,
85096698603697,pre,999.890991,,,
85096660611555,Lacc,1.112765,-3.162443,1.938100,
85096660611555,GameRo,-0.319308,0.646678,0.167857,0.672067
85096680754555,Lacc,0.635841,-3.051266,1.449335,
85096680754555,GameRo,-0.319447,0.646506,0.167678,0.672211
85096712947953,pre,999.885010,,,
85096728482479,pre,999.885742,,,
85096700862154,Gyro,1.607379,-0.790187,-0.048023,
85096721005151,Gyro,1.138854,-1.088303,-0.037780,
85096700897555,Lacc,0.185496,-2.897141,0.446504,
85096700897555,GameRo,-0.293540,0.647608,0.141249,0.688830
85096721040555,Lacc,-0.046088,-2.726909,-0.034068,
85096721040555,GameRo,-0.293693,0.647540,0.141083,0.688863
85096744169603,pre,999.885742,,,
85096760222963,pre,999.893250,,,
85096775360732,pre,999.892517,,,
85096741132890,Gyro,0.533842,-1.349172,-0.119725,
85096761214852,Gyro,-0.109482,-1.551773,-0.283483,
85096791017336,pre,999.898499,,,
85096741153035,Lacc,0.001173,-2.413136,-0.768274,
85096741153035,GameRo,-0.272413,0.637599,0.128022,0.709132
85096761234994,Lacc,0.005399,-2.172079,-1.083060,
85096761234994,GameRo,-0.272572,0.637611,0.127876,0.709087
85096806612901,pre,999.894775,,,
85096781323517,Gyro,-0.616186,-1.703292,-0.439525,
85096801512294,Gyro,-1.155483,-1.880087,-0.640265,
85096824161726,pre,999.888733,,,
85096781370363,Lacc,-0.458601,-1.769335,-1.628454,
85096781370363,GameRo,-0.268733,0.615900,0.130324,0.729017
85096801559142,Lacc,-0.717536,-1.441200,-0.988855,
85096801559142,GameRo,-0.268838,0.615933,0.130239,0.728965
85096837865070,pre,999.891785,,,
85096853582712,pre,999.888733,,,
85096821678181,Gyro,-1.663916,-1.989968,-0.827568,
85096841775400,Gyro,-1.926913,-1.961234,-1.041610,
85096821702142,Lacc,-0.888353,-1.726025,-1.923752,
85096821702142,GameRo,-0.283878,0.583853,0.142787,0.747088
85096841799363,Lacc,-0.748353,-2.113161,-2.633935,
85096841799363,GameRo,-0.284071,0.583967,0.142654,0.746952
85096869117238,pre,999.891785,,,
85096884804362,pre,999.886536,,,
85096861895509,Gyro,-2.101047,-1.756770,-1.280263,
85096882084290,Gyro,-2.026152,-1.487654,-1.532085,
85096861942363,Lacc,-0.735736,-2.037509,-3.725395,
85096861942363,GameRo,-0.316529,0.542710,0.160948,0.761165
85096882131142,Lacc,-0.606883,-2.162833,-2.989596,
85096900979801,pre,999.884277,,,
85096882131142,GameRo,-0.316752,0.542835,0.160810,0.761012
85096916026011,pre,999.897766,,,
85096931713134,pre,999.888733,,,
85096902257811,Gyro,-1.781779,-1.309263,-1.712338,
85096922385552,Gyro,-1.579709,-1.229313,-1.800935,
85096902289400,Lacc,-1.259093,-1.077370,-2.185413,
85096902289400,GameRo,-0.358514,0.501388,0.171876,0.768464
85096922417139,Lacc,-1.149695,-0.506980,-1.693974,
85096922417139,GameRo,-0.358597,0.501501,0.171851,0.768357
85096947247660,pre,999.886536,,,
85096962904264,pre,999.885010,,,
85096942517107,Gyro,-1.416750,-1.111982,-1.796944,
85096962660105,Gyro,-1.245942,-0.980817,-1.763421,
85096979415419,pre,999.879028,,,
85096942552508,Lacc,-0.932658,0.062134,-2.162126,
85096942552508,GameRo,-0.397347,0.462862,0.170180,0.773895
85096962695508,Lacc,-0.635766,-0.254135,-2.719579,
85096962695508,GameRo,-0.397485,0.463030,0.170148,0.773731
85096994125913,pre,999.882019,,,
85097009751998,pre,999.882751,,,
85096982803103,Gyro,-1.153487,-0.838343,-1.714600,
85097002946100,Gyro,-1.044005,-0.685893,-1.639306,
85096982838508,Lacc,-0.986013,0.315190,-2.941136,
85096982838508,GameRo,-0.430735,0.427654,0.162895,0.777846
85097002981508,Lacc,-0.892440,0.229939,-2.625836,
85097002981508,GameRo,-0.430848,0.427840,0.162901,0.777680
85097025500160,pre,999.882751,,,
85097040973646,pre,999.888733,,,
85097056599731,pre,999.882751,,,
85097023073839,Gyro,-0.843132,-0.549938,-1.519315,
85097043155801,Gyro,-0.649177,-0.420369,-1.401585,
85097072225815,pre,999.881287,,,
85097023093987,Lacc,-1.177883,0.932285,-2.127006,
85097023093987,GameRo,-0.459700,0.397599,0.152564,0.779304
85097043175947,Lacc,-0.912265,0.899821,-1.870457,
85097043175947,GameRo,-0.459747,0.397776,0.152620,0.779176
85097087882419,pre,999.882019,,,
85097063264466,Gyro,-0.500452,-0.301043,-1.302213,
85097083453243,Gyro,-0.393497,-0.202336,-1.191267,
85097104210456,pre,999.885742,,,
85097063311316,Lacc,-1.104559,1.426931,-1.678515,
85097063311316,GameRo,-0.481159,0.374507,0.140177,0.780116
85097083500095,Lacc,-0.816089,1.542567,-1.500507,
85097083500095,GameRo,-0.481162,0.374692,0.140271,0.780008
85097119134588,pre,999.876770,,,
85097134760672,pre,999.881287,,,
85097103630576,Gyro,-0.353323,-0.131831,-1.056510,
85097123773578,Gyro,-0.283483,-0.088065,-0.901931,
85097103665985,Lacc,-0.832396,1.872062,-0.989398,
85097103665985,GameRo,-0.496501,0.357575,0.126484,0.780787
85097123808984,Lacc,-0.578181,1.429745,-0.720036,
85097123808984,GameRo,-0.496468,0.357702,0.126572,0.780736
85097150386757,pre,999.888733,,,
85097165982321,pre,999.888733,,,
85097143912764,Gyro,-0.107487,-0.080748,-0.702655,
85097164040500,Gyro,0.070904,-0.099771,-0.493401,
85097143944354,Lacc,-0.907508,1.343270,-0.430455,
85097181944122,pre,999.882019,,,
85097143944354,GameRo,-0.508120,0.345508,0.114677,0.780569
85097164072093,Lacc,-0.942864,0.977332,-0.412310,
85097164072093,GameRo,-0.508084,0.345617,0.114759,0.780532
85097197326049,pre,999.881287,,,
85097213470968,pre,999.879028,,,
85097184172053,Gyro,0.223354,-0.092189,-0.270579,
85097204315055,Gyro,0.274836,-0.052546,-0.062523,
85097184207462,Lacc,-1.021601,0.798714,-0.461767,
85097184207462,GameRo,-0.512090,0.338221,0.106543,0.782316
85097204350462,Lacc,-0.953707,0.718340,-0.223624,
85097204350462,GameRo,-0.512054,0.338312,0.106615,0.782291
85097228883415,pre,999.882751,,,
85097244204302,pre,999.886536,,,
85097224446611,Gyro,0.195418,-0.011706,0.113872,
85097244543830,Gyro,0.075028,0.022615,0.205395,
85097260715458,pre,999.889526,,,
85097224470571,Lacc,-0.910824,0.879411,0.340491,
85097224470571,GameRo,-0.508741,0.336145,0.103173,0.785840
85097244567789,Lacc,-0.676912,1.028856,0.882289,
85097244567789,GameRo,-0.508624,0.336183,0.103255,0.785889
85097284185104,pre,999.893250,,,
85097264663939,Gyro,-0.066647,0.047491,0.204331,
85097284852720,Gyro,-0.112276,0.108285,0.152982,
85097302496921,pre,999.890991,,,
85097264710788,Lacc,-0.212689,1.392084,0.962992,
85097264710788,GameRo,-0.505226,0.338357,0.105066,0.786907
85097284899567,Lacc,0.220359,1.333208,1.044857,
85097284899567,GameRo,-0.505094,0.338345,0.105126,0.786989
85097316505461,pre,999.894775,,,
85097332131546,pre,999.893250,,,
85097305030055,Gyro,0.045762,0.173203,0.119858,
85097325173053,Gyro,0.235327,0.222423,0.121189,
85097347727111,pre,999.889526,,,
85097305065457,Lacc,0.258895,0.912106,1.256755,
85097305065457,GameRo,-0.505582,0.341127,0.107967,0.785087
85097325208456,Lacc,0.105448,0.627622,1.507607,
85097325208456,GameRo,-0.505457,0.341076,0.108002,0.785185
85097363444754,pre,999.887268,,,
85097379040319,pre,999.900757,,,
85097345300792,Gyro,0.391369,0.234928,0.168813,
85097365382753,Gyro,0.444447,0.208322,0.259272,
85097345320936,Lacc,-0.151557,0.538444,1.782571,
85097345320936,GameRo,-0.502615,0.345724,0.106837,0.785137
85097365402896,Lacc,-0.461019,0.710965,1.778163,
85097365402896,GameRo,-0.502462,0.345697,0.106901,0.785237
85097394696922,pre,999.896240,,,
85097410261968,pre,999.893250,,,
85097385491419,Gyro,0.368222,0.156308,0.327648,
85097405680196,Gyro,0.235593,0.083675,0.335497,
85097425918572,pre,999.900757,,,
85097385538265,Lacc,-0.558217,0.640630,1.593600,
85097385538265,GameRo,-0.494483,0.352288,0.105064,0.787618
85097405727044,Lacc,-0.699615,0.483750,1.677323,
85097405727044,GameRo,-0.494344,0.352269,0.105126,0.787705
85097441880373,pre,999.892517,,,
85097457140221,pre,999.896240,,,
85097425857528,Gyro,0.101367,0.001197,0.316740,
85097446000526,Gyro,0.018757,-0.076624,0.254217,
85097425892933,Lacc,-0.559125,0.388980,1.813419,
85097425892933,GameRo,-0.487266,0.358109,0.107205,0.789201
85097446035933,Lacc,-0.379549,0.451875,1.691068,
85097446035933,GameRo,-0.487133,0.358068,0.107253,0.789294
85097472766305,pre,999.902283,,,
85097488392389,pre,999.892517,,,
85097466139709,Gyro,0.024743,-0.134491,0.175597,
85097486267450,Gyro,0.071436,-0.152982,0.130900,
85097466171302,Lacc,-0.129718,0.427868,1.513678,
85097504232111,pre,999.903748,,,
85097466171302,GameRo,-0.484042,0.360287,0.111905,0.789541
85097486299041,Lacc,0.158940,0.633156,1.491615,
85097486299041,GameRo,-0.483918,0.360229,0.111939,0.789638
85097519675078,pre,999.903748,,,
85097535636879,pre,999.889526,,,
85097506399006,Gyro,0.092987,-0.130634,0.126111,
85097526542008,Gyro,0.111079,-0.082610,0.146065,
85097506434410,Lacc,0.531230,0.829166,1.385483,
85097506434410,GameRo,-0.481620,0.359349,0.115423,0.790941
85097526577410,Lacc,0.761430,0.909863,1.250056,
85097526577410,GameRo,-0.481504,0.359272,0.115445,0.791044
85097550896727,pre,999.894775,,,
85097566583850,pre,999.888000,,,
85097546673564,Gyro,0.170409,-0.028468,0.178125,
85097566770782,Gyro,0.265258,0.032459,0.232799,
85097583491763,pre,999.896240,,,
85097546697520,Lacc,0.928208,0.876115,0.980371,
85097546697520,GameRo,-0.478559,0.359035,0.117909,0.792574
85097566794741,Lacc,0.885327,0.791179,0.848553,
85097566794741,GameRo,-0.478477,0.358966,0.117916,0.792653
85097597958098,pre,999.896240,,,
85097613401064,pre,999.893250,,,
85097586890890,Gyro,0.399883,0.086335,0.319401,
85097607079667,Gyro,0.528521,0.115335,0.405337,
85097586937741,Lacc,0.703147,0.479856,0.801848,
85097586937741,GameRo,-0.473455,0.361440,0.119575,0.794294
85097607126520,Lacc,0.422049,0.398391,0.784018,
85097607126520,GameRo,-0.473392,0.361390,0.119583,0.794354
85097629301827,pre,999.895508,,,
85097644683753,pre,999.886536,,,
85097660340356,pre,999.886536,,,
85097627241741,Gyro,0.570691,0.123849,0.478502,
85097647323702,Gyro,0.542489,0.107886,0.529718,
85097627261889,Lacc,0.238194,0.251091,0.604127,
85097627261889,GameRo,-0.463338,0.367625,0.121013,0.797199
85097647343849,Lacc,0.018949,0.307958,0.430910,
85097647343849,GameRo,-0.463295,0.367613,0.121030,0.797227
85097676485276,pre,999.896240,,,
85097691531486,pre,999.889526,,,
85097667432368,Gyro,0.484089,0.071303,0.552466,
85097687621145,Gyro,0.409594,0.014367,0.560182,
85097667479218,Lacc,-0.156998,0.060171,0.285120,
85097667479218,GameRo,-0.450734,0.375554,0.123943,0.800273
85097687667997,Lacc,-0.292675,0.012798,0.300491,
85097687667997,GameRo,-0.450710,0.375555,0.123956,0.800284
85097707340689,pre,999.888733,,,
85097722783655,pre,999.891785,,,
85097738440259,pre,999.890259,,,
85097707798478,Gyro,0.337892,-0.036849,0.555925,
85097727941480,Gyro,0.267653,-0.071303,0.537168,
85097754005304,pre,999.886536,,,
85097707833886,Lacc,-0.039541,-0.091112,0.216552,
85097707833886,GameRo,-0.439372,0.382344,0.129177,0.802545
85097727976886,Lacc,0.068115,0.017995,0.141479,
85097727976886,GameRo,-0.439364,0.382333,0.129176,0.802555
85097769661908,pre,999.886536,,,
85097748080666,Gyro,0.233065,-0.089794,0.509897,
85097768208407,Gyro,0.226015,-0.099106,0.484222,
85097786569820,pre,999.893250,,,
85097748112255,Lacc,0.226334,-0.049836,-0.108260,
85097748112255,GameRo,-0.430136,0.386994,0.136197,0.804157
85097768239994,Lacc,0.284652,0.206637,-0.245165,
85097768239994,GameRo,-0.430146,0.387000,0.136194,0.804150
85097800975116,pre,999.894775,,,
85097816570681,pre,999.891785,,,
85097788339962,Gyro,0.233198,-0.090991,0.459479,
85097808482960,Gyro,0.259006,-0.067046,0.455887,
85097832166245,pre,999.888000,,,
85097788375363,Lacc,0.453897,0.191099,-0.515128,
85097788375363,GameRo,-0.422344,0.390351,0.143258,0.805437
85097808518363,Lacc,0.356217,0.073134,-0.572122,
85097808518363,GameRo,-0.422384,0.390368,0.143242,0.805411
85097847822850,pre,999.890259,,,
85097863418414,pre,999.889526,,,
85097828614513,Gyro,0.278295,-0.039243,0.480498,
85097848711731,Gyro,0.278029,-0.017161,0.520938,
85097828638472,Lacc,0.200610,-0.144953,-0.552583,
85097828638472,GameRo,-0.414629,0.393648,0.149346,0.806734
85097848735691,Lacc,-0.076517,-0.104399,-0.445151,
85097848735691,GameRo,-0.414663,0.393674,0.149338,0.806706
85097879075018,pre,999.890259,,,
85097894670582,pre,999.891785,,,
85097868831840,Gyro,0.272442,-0.023147,0.546746,
85097889020621,Gyro,0.226148,-0.044431,0.540759,
85097868878690,Lacc,-0.194069,-0.211648,-0.568587,
85097868878690,GameRo,-0.406105,0.398265,0.155450,0.807650
85097889067469,Lacc,-0.348872,-0.252446,-0.546046,
85097889067469,GameRo,-0.406149,0.398305,0.155441,0.807610
85097910327187,pre,999.886536,,,
85097925922751,pre,999.890991,,,
85097941609875,pre,999.897034,,,
85097909182697,Gyro,0.129170,-0.067312,0.511493,
85097929264654,Gyro,0.012638,-0.075028,0.466397,
85097909202839,Lacc,-0.355257,-0.364673,-0.605557,
85097909202839,GameRo,-0.397574,0.403024,0.162548,0.808136
85097929284801,Lacc,-0.343694,-0.187771,-0.588664,
85097929284801,GameRo,-0.397616,0.403070,0.162541,0.808094
85097957174920,pre,999.892517,,,
85097972862043,pre,999.890991,,,
85097949373318,Gyro,-0.052679,-0.049353,0.428218,
85097969562099,Gyro,-0.028335,-0.000798,0.387644,
85097949420171,Lacc,-0.225255,-0.293418,-0.530686,
85097949420171,GameRo,-0.392338,0.406012,0.170496,0.807562
85097969608950,Lacc,-0.054823,-0.189808,-0.493314,
85097969608950,GameRo,-0.392380,0.406037,0.170481,0.807532
85097988793325,pre,999.892517,,,
85098004053173,pre,999.893250,,,
85098019740297,pre,999.892517,,,
85097989735618,Gyro,0.023147,0.063854,0.337359,
85098009863355,Gyro,0.109881,0.136620,0.304767,
85097989767209,Lacc,0.148760,-0.186668,-0.447942,
85097989767209,GameRo,-0.389771,0.408676,0.177672,0.805913
85098009894947,Lacc,0.179191,-0.223611,-0.254881,
85098009894947,GameRo,-0.389805,0.408672,0.177650,0.805903
85098035580020,pre,999.886536,,,
85098050961946,pre,999.888733,,,
85098029994908,Gyro,0.292263,0.202602,0.292263,
85098050137910,Gyro,0.470920,0.238652,0.286011,
85098067473102,pre,999.890259,,,
85098082153076,pre,999.889526,,,
85098030030317,Lacc,0.206915,-0.344546,-0.103858,
85098030030317,GameRo,-0.386541,0.413032,0.181443,0.804406
85098050173316,Lacc,0.133467,-0.142968,-0.091407,
85098050173316,GameRo,-0.386559,0.413024,0.181429,0.804405
85098097809679,pre,999.896240,,,
85098070280911,Gyro,0.570824,0.257676,0.280689,
85098090423909,Gyro,0.580136,0.253552,0.276832,
85098070316316,Lacc,0.129278,-0.076754,-0.118218,
85098070316316,GameRo,-0.378651,0.420301,0.181082,0.804475
85098090459316,Lacc,-0.005101,0.135743,-0.085214,
85098090459316,GameRo,-0.378647,0.420312,0.181088,0.804470
85098113466284,pre,999.885742,,,
85098129641722,pre,999.888733,,,
85098144687932,pre,999.892517,,,
85098110551647,Gyro,0.537035,0.236258,0.271111,
85098130633609,Gyro,0.461874,0.200473,0.253951,
85098110571796,Lacc,0.044016,0.121635,-0.016123,
85098110571796,GameRo,-0.367710,0.428710,0.178674,0.805650
85098130653755,Lacc,0.052618,0.149473,0.131761,
85098130653755,GameRo,-0.367694,0.428704,0.178683,0.805659
85098160375056,pre,999.892517,,,
85098175940101,pre,999.897034,,,
85098150746090,Gyro,0.385915,0.162826,0.244639,
85098170950128,Gyro,0.298116,0.122785,0.235460,
85098150796754,Lacc,0.069197,0.052922,0.152892,
85098150796754,GameRo,-0.358092,0.435937,0.176995,0.806475
85098171000792,Lacc,-0.057886,0.143221,0.156916,
85098171000792,GameRo,-0.358073,0.435935,0.177006,0.806482
85098191596705,pre,999.886536,,,
85098207192270,pre,999.890259,,,
85098223001473,pre,999.897034,,,
85098191123646,Gyro,0.215772,0.088198,0.223221,
85098211205608,Gyro,0.153781,0.062523,0.199276,
85098238413919,pre,999.893982,,,
85098191143791,Lacc,-0.030586,0.074502,0.137910,
85098191143791,GameRo,-0.350912,0.441154,0.176897,0.806815
85098211225750,Lacc,-0.037119,0.131199,0.145229,
85098211225750,GameRo,-0.350895,0.441151,0.176907,0.806822
85098254131562,pre,999.893250,,,
85098231314273,Gyro,0.078088,0.032991,0.160166,
85098251503050,Gyro,-0.008647,0.011573,0.124514,
85098231361120,Lacc,-0.086292,-0.000504,0.160041,
85098231361120,GameRo,-0.346319,0.444478,0.178220,0.806685
85098251549899,Lacc,-0.186179,-0.067151,0.151133,
85098269696607,pre,999.887268,,,
85098251549899,GameRo,-0.346315,0.444473,0.178221,0.806689
85098285353211,pre,999.893982,,,
85098301009815,pre,999.886536,,,
85098271680384,Gyro,-0.038578,0.002927,0.105624,
85098291823385,Gyro,-0.015564,-0.001330,0.086468,
85098271715788,Lacc,-0.156479,-0.160354,0.141129,
85098271715788,GameRo,-0.344625,0.445885,0.180074,0.806222
85098291858788,Lacc,-0.113706,-0.163963,0.160037,
85098291858788,GameRo,-0.344628,0.445873,0.180068,0.806228
85098316574860,pre,999.894775,,,
85098332261984,pre,999.887268,,,
85098311962571,Gyro,0.006252,-0.000665,0.072633,
85098332090308,Gyro,0.005986,-0.005587,0.054142,
85098349322495,pre,999.887268,,,
85098311994157,Lacc,-0.047915,-0.171302,0.146127,
85098311994157,GameRo,-0.344260,0.446420,0.181878,0.805677
85098332121896,Lacc,0.025364,-0.107597,0.139784,
85098332121896,GameRo,-0.344262,0.446404,0.181872,0.805686
85098363453113,pre,999.895508,,,
85098379079197,pre,999.894775,,,
85098352221861,Gyro,-0.017560,-0.016229,0.031395,
85098372364863,Gyro,-0.029931,-0.032991,0.011041,
85098394796841,pre,999.882751,,,
85098352257265,Lacc,0.102596,-0.115189,0.130461,
85098352257265,GameRo,-0.343543,0.446811,0.182836,0.805549
85098372400265,Lacc,0.145839,-0.184165,0.126596,
85098372400265,GameRo,-0.343553,0.446787,0.182823,0.805561
85098410331366,pre,999.893250,,,
85098425987971,pre,999.886536,,,
85098392492603,Gyro,-0.030064,-0.056005,-0.000000,
85098412574561,Gyro,-0.041771,-0.084207,0.000399,
85098392512745,Lacc,0.098317,-0.176909,0.096395,
85098392512745,GameRo,-0.343707,0.446410,0.183542,0.805541
85098412594704,Lacc,-0.018307,-0.198280,0.048500,
85098412594704,GameRo,-0.343720,0.446399,0.183530,0.805544
85098441919252,pre,999.891785,,,
85098457240139,pre,999.886536,,,
85098432683224,Gyro,-0.070771,-0.109748,0.014766,
85098452872005,Gyro,-0.115601,-0.119459,0.029798,
85098432730073,Lacc,-0.075451,-0.176961,-0.030368,
85098432730073,GameRo,-0.344053,0.445113,0.184306,0.805936
85098452918852,Lacc,-0.018772,-0.146221,-0.065050,
85098452918852,GameRo,-0.344068,0.445112,0.184296,0.805932
85098473018822,pre,999.888733,,,
85098488492308,pre,999.890259,,,
85098504118392,pre,999.890991,,,
85098473049340,Gyro,-0.139014,-0.110546,0.034853,
85098493192338,Gyro,-0.119060,-0.085005,0.029532,
85098473084742,Lacc,0.004472,-0.195440,-0.117802,
85098473084742,GameRo,-0.344973,0.443026,0.186306,0.806233
85098493227742,Lacc,0.005119,-0.283287,-0.148437,
85098493227742,GameRo,-0.345004,0.443024,0.186287,0.806225
85098519744477,pre,999.894775,,,
85098535340041,pre,999.893982,,,
85098513335336,Gyro,-0.061592,-0.061459,0.018757,
85098533478334,Gyro,-0.019555,-0.042569,-0.000266,
85098551759636,pre,999.891785,,,
85098513370741,Lacc,-0.001710,-0.262842,-0.155312,
85098513370741,GameRo,-0.346532,0.441156,0.188667,0.806040
85098533513741,Lacc,0.051139,-0.213655,-0.186316,
85098533513741,GameRo,-0.346561,0.441157,0.188650,0.806032
85098575351363,pre,999.887268,,,
85098553621333,Gyro,-0.000931,-0.032592,-0.019422,
85098573764334,Gyro,-0.008248,-0.031395,-0.033257,
85098553656741,Lacc,0.075351,-0.212508,-0.190924,
85098553656741,GameRo,-0.346913,0.440251,0.189464,0.806185
85098573799741,Lacc,0.081926,-0.180774,-0.135062,
85098573799741,GameRo,-0.346937,0.440248,0.189448,0.806180
85098592045636,pre,999.893250,,,
85098607671720,pre,999.899231,,,
85098623358845,pre,999.886536,,,
85098593892075,Gyro,-0.027404,-0.031661,-0.039376,
85098613974033,Gyro,-0.027537,-0.036450,-0.039642,
85098638893370,pre,999.897034,,,
85098593912221,Lacc,0.036584,-0.128572,-0.131958,
85098593912221,GameRo,-0.347116,0.439538,0.189229,0.806542
85098613994180,Lacc,0.010439,-0.168898,-0.156321,
85098613994180,GameRo,-0.347139,0.439541,0.189216,0.806533
85098654549973,pre,999.892517,,,
85098634082696,Gyro,-0.032060,-0.046294,-0.032592,
85098654271477,Gyro,-0.056936,-0.049220,-0.021418,
85098671305287,pre,999.896240,,,
85098634129549,Lacc,-0.028420,-0.118286,-0.223811,
85098634129549,GameRo,-0.347861,0.438615,0.189056,0.806764
85098654318328,Lacc,-0.004333,-0.089295,-0.194548,
85098654318328,GameRo,-0.347880,0.438625,0.189047,0.806752
85098685771623,pre,999.893982,,,
85098701397707,pre,999.892517,,,
85098674448812,Gyro,-0.059597,-0.046028,-0.016096,
85098694591810,Gyro,-0.055207,-0.037780,-0.010642,
85098716993272,pre,999.890259,,,
85098674484218,Lacc,0.030603,-0.110224,-0.167184,
85098674484218,GameRo,-0.348663,0.437481,0.189335,0.806968
85098694627218,Lacc,0.084827,-0.087484,-0.180917,
85098694627218,GameRo,-0.348682,0.437485,0.189324,0.806960
85098732649876,pre,999.892517,,,
85098748306480,pre,999.892517,,,
85098714719549,Gyro,-0.044431,-0.027138,-0.020220,
85098734801510,Gyro,-0.014367,-0.020752,-0.024211,
85098714739697,Lacc,0.065922,-0.131191,-0.215226,
85098714739697,GameRo,-0.349590,0.436494,0.189900,0.806968
85098734821657,Lacc,0.008230,-0.175176,-0.173553,
85098734821657,GameRo,-0.349614,0.436499,0.189886,0.806959
85098763902045,pre,999.903748,,,
85098779528129,pre,999.892517,,,
85098754910176,Gyro,0.002661,-0.011307,-0.014899,
85098775098953,Gyro,0.001197,-0.004257,-0.008913,
85098796100324,pre,999.893982,,,
85098754957026,Lacc,0.008206,-0.144130,-0.147819,
85098754957026,GameRo,-0.350236,0.435839,0.189910,0.807040
85098775145805,Lacc,0.066778,-0.101645,-0.147498,
85098775145805,GameRo,-0.350254,0.435841,0.189900,0.807034
85098810810817,pre,999.898499,,,
85098826436901,pre,999.898499,,,
85098795264841,Gyro,-0.012771,0.002794,-0.007317,
85098815362064,Gyro,-0.018890,0.003326,-0.007982,
85098795288804,Lacc,0.082072,-0.096349,-0.191767,
85098795288804,GameRo,-0.350285,0.435664,0.189722,0.807157
85098815386022,Lacc,0.042205,-0.103620,-0.207049,
85098815386022,GameRo,-0.350306,0.435672,0.189711,0.807146
85098842093506,pre,999.904480,,,
85098857628031,pre,999.896240,,,
85098835482175,Gyro,-0.021285,0.001064,-0.012239,
85098855670952,Gyro,-0.015298,0.000798,-0.010376,
85098873864509,pre,999.898499,,,
85098888880199,pre,999.900024,,,
85098904933559,pre,999.898499,,,
85098875833025,Gyro,-0.010110,0.002395,-0.004656,
85098895914987,Gyro,-0.005188,0.007583,-0.001862,
85098920132368,pre,999.895508,,,
85098835529021,Lacc,0.055374,-0.132587,-0.174928,
85098835529021,GameRo,-0.350679,0.435621,0.189699,0.807015
85098855717800,Lacc,0.054572,-0.166013,-0.163534,
85098855717800,GameRo,-0.350703,0.435622,0.189685,0.807007
85098875853170,Lacc,0.041512,-0.165098,-0.130337,
85098875853170,GameRo,-0.351136,0.435481,0.189639,0.806906
85098935850012,pre,999.892517,,,
85098916012207,Gyro,-0.003060,0.009179,-0.000266,
85098936155205,Gyro,-0.005587,0.012904,-0.001995,
85098951872853,pre,999.893250,,,
85098916047612,Lacc,0.043390,-0.169169,-0.146697,
85098916047612,GameRo,-0.351159,0.435481,0.189625,0.806899
85098936190610,Lacc,0.036407,-0.171457,-0.138160,
85098936190610,GameRo,-0.351182,0.435482,0.189612,0.806892
85098967071660,pre,999.896240,,,
85098982667226,pre,999.895508,,,
85098956309649,Gyro,0.007317,0.012904,0.001729,
85098976498430,Gyro,0.026606,0.006252,0.010908,
85098956356498,Lacc,0.015807,-0.196892,-0.054235,
85098956356498,GameRo,-0.351415,0.435773,0.189501,0.806659
85098976545277,Lacc,0.021222,-0.194498,-0.006928,
85098976545277,GameRo,-0.351432,0.435764,0.189488,0.806660
85098998293310,pre,999.897766,,,
85099013919394,pre,999.898499,,,
85099029545479,pre,999.896240,,,
85098996660505,Gyro,0.031927,-0.010376,0.012771,
85099016742462,Gyro,0.009046,-0.029931,0.006784,
85099045934555,pre,999.893982,,,
85098996680647,Lacc,0.085814,-0.174747,-0.010220,
85098996680647,GameRo,-0.351152,0.436021,0.189352,0.806674
85099016762609,Lacc,0.099866,-0.146088,0.000196,
85099016762609,GameRo,-0.351166,0.436010,0.189340,0.806677
85099060828167,pre,999.900757,,,
85099036851126,Gyro,-0.023812,-0.054808,0.001197,
85099057039907,Gyro,-0.039376,-0.077954,0.001330,
85099036897979,Lacc,0.101193,-0.099308,0.058385,
85099036897979,GameRo,-0.350649,0.435817,0.189446,0.806982
85099057086758,Lacc,0.112995,-0.129911,0.076389,
85099057086758,GameRo,-0.350657,0.435799,0.189436,0.806990
85099076637370,pre,999.892517,,,
85099092049816,pre,999.893982,,,
85099107706420,pre,999.902283,,,
85099077217242,Gyro,-0.038977,-0.108950,0.009844,
85099097360240,Gyro,-0.056803,-0.136753,0.026872,
85099077252646,Lacc,0.166634,-0.119653,0.066153,
85099077252646,GameRo,-0.350963,0.434563,0.190215,0.807340
85099097395644,Lacc,0.186886,-0.054883,0.035419,
85099097395644,GameRo,-0.350968,0.434548,0.190207,0.807348
85099123363024,pre,999.901489,,,
85099138928069,pre,999.892517,,,
85099117503238,Gyro,-0.098042,-0.158303,0.051748,
85099137646240,Gyro,-0.136620,-0.170675,0.080748,
85099155439225,pre,999.903748,,,
85099117538643,Lacc,0.106307,-0.071485,0.004197,
85099117538643,GameRo,-0.351091,0.432466,0.191783,0.808040
85099137681643,Lacc,0.108770,-0.020870,-0.063312,
85099137681643,GameRo,-0.351098,0.432463,0.191778,0.808039
85099170271797,pre,999.892517,,,
85099185806322,pre,999.898499,,,
85099157785426,Gyro,-0.154712,-0.187038,0.102964,
85099177913163,Gyro,-0.179721,-0.211116,0.092455,
85099201401887,pre,999.892517,,,
85099157817012,Lacc,0.242617,0.145753,-0.233476,
85099157817012,GameRo,-0.351819,0.429779,0.195085,0.808366
85099177944751,Lacc,0.326739,0.171255,-0.282217,
85099177944751,GameRo,-0.351827,0.429789,0.195084,0.808358
85099217211090,pre,999.897034,,,
85099198033271,Gyro,-0.204730,-0.235194,0.079950,
85099218130493,Gyro,-0.266721,-0.250891,0.073299,
85099232715094,pre,999.897034,,,
85099198057230,Lacc,0.246790,0.140597,-0.350614,
85099198057230,GameRo,-0.352909,0.426608,0.199570,0.808475
85099218154451,Lacc,0.140334,0.214773,-0.404633,
85099218154451,GameRo,-0.352919,0.426640,0.199574,0.808454
85099248341179,pre,999.898499,,,
85099263936744,pre,999.897034,,,
85099238250605,Gyro,-0.339089,-0.253951,0.081413,
85099258439382,Gyro,-0.383919,-0.243708,0.099106,
85099238297451,Lacc,-0.005516,0.288402,-0.459118,
85099238297451,GameRo,-0.355087,0.422309,0.204548,0.808535
85099258486230,Lacc,-0.093634,0.265464,-0.378384,
85099258486230,GameRo,-0.355088,0.422353,0.204560,0.808509
85099279623868,pre,999.895508,,,
85099295188913,pre,999.890991,,,
85099310876036,pre,999.896240,,,
85099278612899,Gyro,-0.436731,-0.222423,0.116001,
85099298740640,Gyro,-0.508833,-0.189033,0.119060,
85099278644489,Lacc,-0.187424,0.287704,-0.380873,
85099278644489,GameRo,-0.359234,0.417461,0.210926,0.807581
85099298772227,Lacc,-0.302872,0.318421,-0.472842,
85099298772227,GameRo,-0.359235,0.417526,0.210945,0.807542
85099326441081,pre,999.895508,,,
85099342128205,pre,999.901489,,,
85099318872195,Gyro,-0.584260,-0.138482,0.105757,
85099339015193,Gyro,-0.614191,-0.073432,0.071702,
85099358120526,pre,999.897034,,,
85099318907597,Lacc,-0.272932,0.618232,-0.665746,
85099318907597,GameRo,-0.365032,0.413100,0.218367,0.805243
85099339050596,Lacc,-0.264131,0.816368,-0.735067,
85099339050596,GameRo,-0.365010,0.413208,0.218412,0.805185
85099373319335,pre,999.895508,,,
85099389006458,pre,999.893250,,,
85099359158191,Gyro,-0.565237,-0.010642,0.042835,
85099379301189,Gyro,-0.513489,0.056138,0.035519,
85099359193596,Lacc,-0.086142,0.812901,-0.550915,
85099359193596,GameRo,-0.373574,0.409550,0.225677,0.801113
85099379336596,Lacc,0.072623,0.570449,-0.349941,
85099379336596,GameRo,-0.373552,0.409599,0.225705,0.801090
85099404602022,pre,999.903748,,,
85099420197588,pre,999.904480,,,
85099399428927,Gyro,-0.492470,0.122120,0.095514,
85099419510889,Gyro,-0.464534,0.166684,0.194753,
85099437319137,pre,999.899231,,,
85099399449076,Lacc,0.148453,0.518906,0.059349,
85099399449076,GameRo,-0.381949,0.407815,0.230532,0.796654
85099419531035,Lacc,0.270272,0.616598,0.287983,
85099419531035,GameRo,-0.381884,0.407810,0.230569,0.796677
85099451419236,pre,999.897034,,,
85099467075841,pre,999.904480,,,
85099439619555,Gyro,-0.451098,0.190230,0.300245,
85099459808336,Gyro,-0.443915,0.202336,0.395493,
85099439666405,Lacc,0.489641,0.562386,0.462132,
85099439666405,GameRo,-0.388932,0.409048,0.235709,0.791109
85099459855184,Lacc,0.689692,0.364519,0.404758,
85099459855184,GameRo,-0.388883,0.408998,0.235723,0.791154
85099482732444,pre,999.901489,,,
85099499029962,pre,999.903748,,,
85099514015133,pre,999.904480,,,
85099479974227,Gyro,-0.433539,0.233597,0.445112,
85099500071445,Gyro,-0.433672,0.306231,0.409328,
85099479998183,Lacc,0.840960,-0.199781,0.315385,
85099479998183,GameRo,-0.394021,0.412670,0.243413,0.784347
85099500095404,Lacc,0.536712,-0.816995,0.147543,
85099500095404,GameRo,-0.394080,0.412590,0.243351,0.784379
85099529671737,pre,999.904480,,,
85099545206262,pre,999.897034,,,
85099520191554,Gyro,-0.357713,0.400548,0.323657,
85099540380331,Gyro,-0.118927,0.498323,0.202735,
85099520238404,Lacc,0.515518,-1.114644,0.236366,
85099520238404,GameRo,-0.398738,0.417975,0.251531,0.776554
85099540427183,Lacc,-0.021603,-1.453501,0.631481,
85099540427183,GameRo,-0.398801,0.417868,0.251458,0.776603
85099560832347,pre,999.903748,,,
85099576458431,pre,999.899231,,,
85099592084515,pre,999.901489,,,
85099560553848,Gyro,0.479833,0.647315,0.206327,
85099580681589,Gyro,0.850050,0.858697,-0.060794,
85099560585442,Lacc,-0.281310,-0.786995,1.126827,
85099560585442,GameRo,-0.402852,0.425635,0.253951,0.769451
85099580713180,Lacc,-0.439971,-0.947787,0.801394,
85099580713180,GameRo,-0.402865,0.425561,0.253919,0.769495
85099607710600,pre,999.899231,,,
85099623397723,pre,999.898499,,,
85099600813144,Gyro,1.078725,1.046133,-0.287474,
85099620956142,Gyro,1.230643,1.059702,-0.397887,
85099600848550,Lacc,-0.665896,-2.103773,0.670255,
85099638932248,pre,999.897034,,,
85099600848550,GameRo,-0.394957,0.441418,0.242901,0.768218
85099620991549,Lacc,-1.116042,-1.435257,1.013242,
85099620991549,GameRo,-0.394983,0.441341,0.242860,0.768261
85099654619372,pre,999.902283,,,
85099670367536,pre,999.902283,,,
85099641099141,Gyro,1.176368,1.075799,-0.636673,
85099661242143,Gyro,0.980018,0.981482,-0.810940,
85099685810501,pre,999.899231,,,
85099641134549,Lacc,-0.729167,-1.143301,1.368137,
85099641134549,GameRo,-0.385049,0.460321,0.218327,0.769530
85099661277549,Lacc,-0.630421,-0.748638,0.931123,
85099661277549,GameRo,-0.385042,0.460253,0.218311,0.769578
85099701528145,pre,999.896240,,,
85099681385143,Gyro,0.534906,0.909913,-1.091895,
85099701528141,Gyro,0.503512,0.778747,-1.193928,
85099718344498,pre,999.897034,,,
85099681420548,Lacc,-0.663141,-1.750304,0.294937,
85099681420548,GameRo,-0.379243,0.475156,0.188770,0.771212
85099701563546,Lacc,-0.894711,-1.741184,0.095808,
85099701563546,GameRo,-0.379339,0.475113,0.188689,0.771211
85099732719275,pre,999.895508,,,
85099748345359,pre,999.903748,,,
85099721667325,Gyro,0.493934,0.468126,-1.271483,
85099741795065,Gyro,0.719549,0.008780,-0.991725,
85099721698915,Lacc,-1.488792,-0.638833,0.046469,
85099721698915,GameRo,-0.386355,0.480916,0.159564,0.770707
85099741826656,Lacc,-0.009262,1.070138,3.426559,
85099741826656,GameRo,-0.386100,0.480732,0.159676,0.770926
85099764032483,pre,999.901489,,,
85099779597528,pre,999.902283,,,
85099795284651,pre,999.893982,,,
85099761915176,Gyro,0.128904,-0.237987,-0.879316,
85099782012394,Gyro,-1.038684,-0.433140,-0.732453,
85099761939135,Lacc,0.310403,3.557330,4.335461,
85099761939135,GameRo,-0.388470,0.476905,0.134992,0.776807
85099782036354,Lacc,0.596918,1.623829,3.160960,
85099782036354,GameRo,-0.388182,0.476721,0.135117,0.777042
85099811399051,pre,999.899231,,,
85099826475781,pre,999.901489,,,
85099802117243,Gyro,-1.511732,-0.594237,-0.486218,
85099822244984,Gyro,-1.657132,-0.584526,-0.601553,
85099843688889,pre,999.892517,,,
85099802148834,Lacc,0.190780,1.694601,2.152951,
85099802148834,GameRo,-0.402769,0.463661,0.130472,0.778314
85099822276574,Lacc,1.002160,-0.911932,1.380437,
85099822276574,GameRo,-0.402774,0.463475,0.130394,0.778435
85099857727949,pre,999.897034,,,
85099873354034,pre,999.890991,,,
85099842387984,Gyro,-1.175969,-0.509498,-0.555260,
85099862576761,Gyro,-1.158808,-0.444580,-0.409993,
85099842434834,Lacc,1.097031,-0.354403,0.517604,
85099842434834,GameRo,-0.431800,0.444834,0.142143,0.771665
85099862623613,Lacc,0.894265,-0.947383,-0.670197,
85099862623613,GameRo,-0.431935,0.444787,0.142035,0.771637
85099888980118,pre,999.898499,,,
85099904606203,pre,999.889526,,,
85099882754094,Gyro,-0.937715,-0.357580,-0.285079,
85099902897096,Gyro,-0.475709,-0.105890,-0.251423,
85099882789503,Lacc,0.980072,-1.682195,-0.692894,
85099882789503,GameRo,-0.452753,0.429492,0.148097,0.767215
85099920781641,pre,999.890259,,,
85099902932502,Lacc,1.060609,-2.400680,-1.436674,
85099902932502,GameRo,-0.453015,0.429417,0.147893,0.767142
85099935919410,pre,999.890259,,,
85099952094849,pre,999.888733,,,
85099923040097,Gyro,0.375006,0.172005,-0.176794,
85099943183095,Gyro,1.173042,0.340951,-0.092854,
85099923075501,Lacc,1.525052,-1.908359,-2.433919,
85099923075501,GameRo,-0.465795,0.421054,0.151966,0.763319
85099967080020,pre,999.886536,,,
85099943218499,Lacc,2.045822,0.068587,-2.926516,
85099943218499,GameRo,-0.466107,0.421149,0.151811,0.763106
85099982797664,pre,999.894775,,,
85099963310833,Gyro,0.964454,0.330708,0.185042,
85099983392795,Gyro,0.696801,0.333102,0.461076,
85099998423748,pre,999.897766,,,
85099963330979,Lacc,2.802501,3.116952,-2.451134,
85099963330979,GameRo,-0.455520,0.426942,0.140234,0.768477
85099983412940,Lacc,2.824489,3.880287,-0.215498,
85099983412940,GameRo,-0.455251,0.427029,0.140447,0.768549
85100022808985,pre,999.899231,,,
85100003501460,Gyro,0.306896,0.134624,0.745091,
85100023690237,Gyro,-0.030064,-0.036184,0.913770,
85100003548311,Lacc,2.164412,3.404374,1.692463,
85100041090283,pre,999.889526,,,
85100003548311,GameRo,-0.440606,0.437294,0.135730,0.772152
85100023737089,Lacc,1.186921,1.367966,0.795093,
85100023737089,GameRo,-0.440476,0.437234,0.135786,0.772250
85100055098824,pre,999.889526,,,
85100070724908,pre,999.892517,,,
85100043867570,Gyro,-0.221625,-0.109615,1.151891,
85100064010572,Gyro,-0.424892,-0.034587,1.178895,
85100043902978,Lacc,-0.073502,0.021055,-0.539442,
85100043902978,GameRo,-0.431562,0.445488,0.147861,0.770345
85100064045976,Lacc,-0.964558,-1.476562,-0.986900,
85100064045976,GameRo,-0.431686,0.445527,0.147797,0.770266
85100086412032,pre,999.889526,,,
85100101946557,pre,999.892517,,,
85100117664200,pre,999.884277,,,
85100084138313,Gyro,-0.225616,0.143005,0.944234,
85100104220271,Gyro,0.046427,0.298249,0.649443,
85100084158454,Lacc,-1.828948,-3.622816,-1.975551,
85100084158454,GameRo,-0.426308,0.453314,0.169732,0.764172
85100104240414,Lacc,-2.415853,-3.992777,-2.658785,
85100104240414,GameRo,-0.426586,0.453387,0.169572,0.764009
85100133503923,pre,999.882751,,,
85100148855330,pre,999.888733,,,
85100124328934,Gyro,-0.027803,0.417708,0.258341,
85100144517715,Gyro,0.093785,0.519608,0.050551,
85100124375783,Lacc,-1.490033,-3.026872,-3.063193,
85100164481414,pre,999.885010,,,
85100124375783,GameRo,-0.421479,0.463498,0.180193,0.758324
85100144564562,Lacc,-0.918855,-2.413051,-2.317633,
85100144564562,GameRo,-0.421730,0.463569,0.180044,0.758177
85100180107499,pre,999.892517,,,
85100195825141,pre,999.887268,,,
85100164695050,Gyro,0.428484,0.572952,-0.016895,
85100184838048,Gyro,0.498323,0.558186,0.000931,
85100164730452,Lacc,-0.350388,-1.510226,-1.225958,
85100164730452,GameRo,-0.422335,0.471910,0.177787,0.753211
85100184873451,Lacc,0.204542,0.347617,-1.151114,
85100184873451,GameRo,-0.422393,0.472004,0.177783,0.753120
85100211359667,pre,999.885742,,,
85100226955232,pre,999.889526,,,
85100204981047,Gyro,0.242776,0.460943,0.043500,
85100225124048,Gyro,-0.124381,0.374341,0.174001,
85100243435867,pre,999.889526,,,
85100205016451,Lacc,0.337229,1.718749,-1.241963,
85100205016451,GameRo,-0.416977,0.482486,0.168039,0.751731
85100225159451,Lacc,-0.019666,1.343773,-1.627152,
85100225159451,GameRo,-0.416985,0.482684,0.168111,0.751583
85100258268439,pre,999.890259,,,
85100274474398,pre,999.893982,,,
85100245267049,Gyro,-0.199409,0.183712,0.442452,
85100265410047,Gyro,-1.014074,-0.217368,0.513622,
85100245302451,Lacc,-0.435846,1.623863,-1.440049,
85100245302451,GameRo,-0.416685,0.490110,0.165938,0.747416
85100265445451,Lacc,-0.406516,2.673260,-0.845472,
85100265445451,GameRo,-0.416531,0.490333,0.166141,0.747310
85100289520608,pre,999.895508,,,
85100305177213,pre,999.892517,,,
85100285537785,Gyro,-1.607512,-0.552200,0.589847,
85100305619742,Gyro,-1.569466,-0.859495,0.698265,
85100321291612,pre,999.890991,,,
85100285557930,Lacc,0.165640,0.682897,-0.637566,
85100285557930,GameRo,-0.419620,0.492506,0.179472,0.741045
85100305639890,Lacc,0.361861,0.297638,-0.651354,
85100305639890,GameRo,-0.419650,0.492557,0.179468,0.740995
85100336398861,pre,999.893250,,,
85100351994426,pre,999.900024,,,
85100325728406,Gyro,-1.347176,-1.029904,0.802559,
85100345917187,Gyro,-1.132602,-1.102138,0.773160,
85100325775259,Lacc,0.495053,0.558404,-0.767559,
85100325775259,GameRo,-0.434670,0.481123,0.211244,0.731409
85100345964038,Lacc,0.586163,0.919171,-0.587102,
85100345964038,GameRo,-0.434657,0.481198,0.211282,0.731356
85100367620511,pre,999.903015,,,
85100383246595,pre,999.897766,,,
85100398933719,pre,999.894775,,,
85100366079263,Gyro,-1.162267,-1.177831,0.676980,
85100386161224,Gyro,-1.294896,-1.210955,0.654099,
85100366099407,Lacc,0.249456,0.668456,-0.171265,
85100366099407,GameRo,-0.440081,0.466844,0.244320,0.727113
85100386181367,Lacc,-0.562721,0.573381,0.260997,
85100386181367,GameRo,-0.440017,0.466878,0.244381,0.727109
85100415261756,pre,999.903015,,,
85100430124848,pre,999.897034,,,
85100406269890,Gyro,-1.309795,-1.202175,0.675517,
85100426458667,Gyro,-1.420608,-1.199116,0.801362,
85100406316736,Lacc,-2.095342,0.230173,0.404456,
85100406316736,GameRo,-0.445590,0.448784,0.276093,0.723751
85100426505515,Lacc,-3.070661,0.371395,0.148920,
85100426505515,GameRo,-0.445525,0.448890,0.276176,0.723693
85100445964570,pre,999.887268,,,
85100461377017,pre,999.892517,,,
85100477033620,pre,999.894775,,,
85100446635999,Gyro,-1.848027,-1.151758,0.898871,
85100466778997,Gyro,-2.210795,-0.961261,0.901665,
85100492598666,pre,999.899231,,,
85100446671404,Lacc,-2.754443,0.135786,-0.772320,
85100508224750,pre,999.896240,,,
85100446671404,GameRo,-0.451671,0.430232,0.309638,0.717647
85100466814404,Lacc,-1.793938,0.119643,-1.139794,
85100466814404,GameRo,-0.451715,0.430371,0.309649,0.717532
85100486921996,Gyro,-2.268396,-0.697334,0.770100,
85100507064997,Gyro,-2.060207,-0.398685,0.569627,
85100524217071,pre,999.900024,,,
85100486957404,Lacc,-0.931758,0.161546,-0.955331,
85100486957404,GameRo,-0.466461,0.409958,0.349902,0.701368
85100507100404,Lacc,0.179179,-0.096179,-0.626421,
85100507100404,GameRo,-0.466517,0.409985,0.349869,0.701332
85100539568478,pre,999.897034,,,
85100555133523,pre,999.889526,,,
85100527207998,Gyro,-1.349704,-0.082344,0.401878,
85100547350996,Gyro,-0.219896,0.216304,0.268318,
85100527243403,Lacc,1.004794,-0.411814,-0.272910,
85100527243403,GameRo,-0.487635,0.392587,0.382021,0.679815
85100547386400,Lacc,1.138287,-0.841822,-0.044126,
85100547386400,GameRo,-0.487706,0.392479,0.381936,0.679874
85100570790127,pre,999.897034,,,
85100586446731,pre,999.899231,,,
85100602011776,pre,999.899231,,,
85100567478735,Gyro,1.043606,0.366626,0.269382,
85100587560696,Gyro,1.711540,0.424626,0.306098,
85100567498880,Lacc,0.668083,-0.535268,0.159820,
85100567498880,GameRo,-0.496527,0.390546,0.391678,0.668972
85100587580842,Lacc,0.140490,0.084008,0.119191,
85100587580842,GameRo,-0.496515,0.390539,0.391685,0.668981
85100617698900,pre,999.893250,,,
85100633263945,pre,999.895508,,,
85100607669362,Gyro,2.075505,0.431011,0.361038,
85100627858139,Gyro,2.121932,0.379130,0.446309,
85100648890029,pre,999.890259,,,
85100607716212,Lacc,-0.750080,-0.331936,0.081081,
85100607716212,GameRo,-0.477611,0.410060,0.379936,0.677782
85100627904991,Lacc,-1.448314,0.045285,0.225735,
85100627904991,GameRo,-0.477585,0.410098,0.379966,0.677759
85100664577153,pre,999.904480,,,
85100680233756,pre,999.897034,,,
85100648020212,Gyro,1.731894,0.292928,0.556856,
85100668102173,Gyro,1.114909,0.190895,0.625498,
85100648040360,Lacc,-1.278985,0.309133,0.161063,
85100648040360,GameRo,-0.447639,0.435556,0.363563,0.691182
85100668122320,Lacc,-0.559593,0.791870,0.196990,
85100668122320,GameRo,-0.447569,0.435611,0.363630,0.691157
85100695737762,pre,999.903015,,,
85100711424886,pre,999.904480,,,
85100688210839,Gyro,0.491805,0.115868,0.593306,
85100708399616,Gyro,0.057734,0.076491,0.524796,
85100688257689,Lacc,0.327335,0.531383,0.306041,
85100688257689,GameRo,-0.423939,0.454530,0.357285,0.697155
85100708446468,Lacc,0.638657,0.755190,0.507480,
85100727356167,pre,999.903015,,,
85100708446468,GameRo,-0.423847,0.454517,0.357353,0.697185
85100742646535,pre,999.897766,,,
85100758333659,pre,999.895508,,,
85100728576949,Gyro,-0.208322,0.053743,0.445910,
85100748719951,Gyro,-0.153381,0.063587,0.349066,
85100728612357,Lacc,0.798572,0.556080,0.880418,
85100728612357,GameRo,-0.415823,0.462206,0.362248,0.694430
85100748755357,Lacc,1.056029,0.572985,1.061007,
85100748755357,GameRo,-0.415706,0.462122,0.362322,0.694518
85100773898704,pre,999.896240,,,
85100789555308,pre,999.893250,,,
85100768862952,Gyro,0.004257,0.063987,0.339488,
85100789005949,Gyro,0.108817,0.076358,0.375272,
85100806158022,pre,999.900757,,,
85100768898356,Lacc,1.099385,0.767571,0.845125,
85100768898356,GameRo,-0.415237,0.464586,0.369376,0.689420
85100789041354,Lacc,1.233128,0.593607,0.655899,
85100789041354,GameRo,-0.415143,0.464528,0.369438,0.689482
85100829658188,pre,999.896240,,,
85100809133688,Gyro,0.273240,0.073032,0.442452,
85100829215650,Gyro,0.393630,0.052945,0.536103,
85100847664809,pre,999.897034,,,
85100861856468,pre,999.892517,,,
85100877543591,pre,999.894775,,,
85100849312870,Gyro,0.470388,0.017294,0.636806,
85100869455868,Gyro,0.419704,-0.028069,0.669797,
85100809153834,Lacc,0.926086,0.271971,0.577948,
85100809153834,GameRo,-0.411421,0.468810,0.373242,0.686761
85100829235795,Lacc,0.158610,0.034189,0.675689,
85100829235795,GameRo,-0.411376,0.468758,0.373268,0.686810
85100849348275,Lacc,-0.487526,-0.433219,0.866152,
85100849348275,GameRo,-0.402466,0.476139,0.376246,0.685385
85100893169676,pre,999.900024,,,
85100908856799,pre,999.904480,,,
85100889598867,Gyro,0.400282,-0.108817,0.677778,
85100909741869,Gyro,0.108551,-0.199143,0.588117,
85100924391324,pre,999.897766,,,
85100889634271,Lacc,-1.218717,-0.785720,0.640899,
85100889634271,GameRo,-0.402484,0.476087,0.376224,0.685422
85100909777271,Lacc,-0.354812,0.479862,0.089175,
85100909777271,GameRo,-0.402442,0.476119,0.376261,0.685404
85100940047929,pre,999.893250,,,
85100955643493,pre,999.893982,,,
85100929896314,Gyro,-0.409328,-0.217102,0.399617,
85100950085091,Gyro,-0.831559,-0.237189,0.233065,
85100971300097,pre,999.894775,,,
85100929943161,Lacc,0.668972,0.011596,-0.100833,
85100929943161,GameRo,-0.378082,0.487803,0.390052,0.683345
85100950131940,Lacc,0.984838,-0.063774,-0.142011,
85100950131940,GameRo,-0.378095,0.487781,0.390040,0.683361
85100986895662,pre,999.897034,,,
85101002582786,pre,999.892517,,,
85100970258609,Gyro,-1.029638,-0.236923,0.116400,
85100990386350,Gyro,-0.966317,-0.226813,0.059065,
85100970290198,Lacc,0.825613,-0.395235,-0.143933,
85100970290198,GameRo,-0.382120,0.481816,0.402309,0.678222
85100990417937,Lacc,0.380333,-0.725539,-0.136806,
85100990417937,GameRo,-0.382189,0.481771,0.402252,0.678249
85101018208871,pre,999.900024,,,
85101033743396,pre,999.897766,,,
85101010517905,Gyro,-0.729925,-0.200739,0.048555,
85101030660903,Gyro,-0.471186,-0.154978,0.065317,
85101010553306,Lacc,0.089391,-0.677023,-0.183165,
85101010553306,GameRo,-0.393461,0.470780,0.414916,0.671862
85101030696306,Lacc,-0.127292,-0.685037,-0.264466,
85101050224031,pre,999.898499,,,
85101030696306,GameRo,-0.393533,0.470761,0.414859,0.671869
85101065026083,pre,999.887268,,,
85101080682688,pre,999.894775,,,
85101050803902,Gyro,-0.256079,-0.105624,0.055739,
85101070946903,Gyro,-0.141675,-0.048023,0.037248,
85101050839306,Lacc,-0.238147,-0.753435,-0.378792,
85101050839306,GameRo,-0.399597,0.463793,0.422556,0.668330
85101070982306,Lacc,-0.203391,-0.905962,-0.454684,
85101070982306,GameRo,-0.399697,0.463776,0.422477,0.668332
85101096278252,pre,999.897034,,,
85101111934857,pre,999.889526,,,
85101091089904,Gyro,-0.045629,-0.001197,-0.021817,
85101111232902,Gyro,0.009578,0.009711,-0.043766,
85101128293414,pre,999.893982,,,
85101091125306,Lacc,-0.165377,-1.074764,-0.697751,
85101091125306,GameRo,-0.401246,0.461534,0.425353,0.667131
85101111268305,Lacc,-0.015595,-0.399110,-0.726653,
85101111268305,GameRo,-0.401327,0.461564,0.425295,0.667099
85101143248065,pre,999.897766,,,
85101158782590,pre,999.887268,,,
85101131372085,Gyro,-0.021418,0.024743,-0.061725,
85101151499826,Gyro,0.029798,0.022482,-0.069840,
85101131403675,Lacc,0.301159,-0.278835,-0.606234,
85101131403675,GameRo,-0.401958,0.461295,0.424728,0.667265
85101151531413,Lacc,0.476691,-0.815646,-0.626387,
85101151531413,GameRo,-0.402067,0.461275,0.424643,0.667268
85101174439194,pre,999.893982,,,
85101190614633,pre,999.893982,,,
85101205660843,pre,999.893982,,,
85101171619936,Gyro,0.074762,0.037115,-0.060395,
85101191717155,Gyro,0.071436,0.059198,-0.087666,
85101171643893,Lacc,0.740729,-0.993374,-0.766063,
85101171643893,GameRo,-0.403102,0.461005,0.423462,0.667580
85101191741114,Lacc,0.774395,-1.387202,-0.783075,
85101191741114,GameRo,-0.403270,0.460949,0.423326,0.667603
85101221347967,pre,999.898499,,,
85101236913011,pre,999.897034,,,
85101211837263,Gyro,0.115868,0.094184,-0.127574,
85101232026040,Gyro,0.113473,0.142074,-0.179588,
85101211884113,Lacc,0.508946,-1.404062,-0.789745,
85101211884113,GameRo,-0.403502,0.461613,0.421175,0.668365
85101232072892,Lacc,0.234282,-1.352633,-0.809757,
85101232072892,GameRo,-0.403663,0.461580,0.421047,0.668370
85101252630655,pre,999.900024,,,
85101268165180,pre,999.896240,,,
85101283791264,pre,999.897034,,,
85101252199558,Gyro,-0.021018,0.184909,-0.292130,
85101272327299,Gyro,-0.093253,0.274437,-0.397355,
85101252231151,Lacc,0.082286,-1.457670,-0.741564,
85101252231151,GameRo,-0.404638,0.462912,0.416762,0.669544
85101272358890,Lacc,0.199553,-1.714522,-0.741761,
85101272358890,GameRo,-0.404821,0.462853,0.416613,0.669567
85101299417349,pre,999.890991,,,
85101315104473,pre,999.893982,,,
85101292458854,Gyro,-0.086335,0.366093,-0.518677,
85101312601852,Gyro,-0.109349,0.452296,-0.639466,
85101331646148,pre,999.889526,,,
85101292494259,Lacc,0.603686,-1.680032,-0.327509,
85101292494259,GameRo,-0.411109,0.462372,0.410536,0.669822
85101312637259,Lacc,0.661311,-2.291660,0.094881,
85101312637259,GameRo,-0.411280,0.462200,0.410379,0.669932
85101346326122,pre,999.902283,,,
85101361982726,pre,999.901489,,,
85101332744850,Gyro,-0.086867,0.480232,-0.697733,
85101352887852,Gyro,-0.126776,0.463337,-0.755866,
85101332780259,Lacc,0.645003,-2.434345,0.516960,
85101332780259,GameRo,-0.421575,0.461835,0.399783,0.670191
85101352923259,Lacc,1.181097,-2.544622,1.005417,
85101352923259,GameRo,-0.421703,0.461564,0.399638,0.670384
85101377547771,pre,999.897034,,,
85101393204375,pre,999.892517,,,
85101373030853,Gyro,-0.148060,0.370616,-0.870536,
85101393173851,Gyro,-0.135556,0.257276,-0.921087,
85101409501893,pre,999.900024,,,
85101373066259,Lacc,1.535892,-3.182592,1.366971,
85101373066259,GameRo,-0.433767,0.460566,0.386515,0.671068
85101393209258,Lacc,1.084628,-4.416924,1.360460,
85101393209258,GameRo,-0.433981,0.460200,0.386274,0.671319
85101424426024,pre,999.904480,,,
85101440052108,pre,999.893250,,,
85101413313034,Gyro,0.039110,0.155776,-0.932527,
85101433440775,Gyro,0.194620,0.045097,-1.015803,
85101455647673,pre,999.897034,,,
85101413344628,Lacc,0.395380,-5.202107,1.732090,
85101413344628,GameRo,-0.446898,0.454904,0.372347,0.674316
85101433472366,Lacc,-0.208166,-5.745538,2.048282,
85101433472366,GameRo,-0.447102,0.454526,0.372099,0.674573
85101471304277,pre,999.894775,,,
85101486960881,pre,999.893982,,,
85101453560885,Gyro,0.200340,-0.062257,-1.174106,
85101473658104,Gyro,0.179189,-0.144602,-1.368594,
85101453584845,Lacc,-0.501131,-6.307788,1.989870,
85101453584845,GameRo,-0.455021,0.447681,0.356512,0.682229
85101473682064,Lacc,-0.546238,-6.907311,1.980240,
85101473682064,GameRo,-0.455259,0.447296,0.356225,0.682473
85101502800603,pre,999.894775,,,
85101518213050,pre,999.889526,,,
85101493766768,Gyro,0.151918,-0.199941,-1.601393,
85101513909770,Gyro,0.146065,-0.260203,-1.865720,
85101534266410,pre,999.890991,,,
85101493802173,Lacc,-0.472274,-6.489572,1.869608,
85101493802173,GameRo,-0.463395,0.434985,0.337622,0.694309
85101513945173,Lacc,-0.285043,-6.238212,1.915851,
85101513945173,GameRo,-0.463602,0.434618,0.337354,0.694530
85101549434698,pre,999.889526,,,
85101565091303,pre,999.879761,,,
85101534060401,Gyro,0.108019,-0.320997,-2.156253,
85101554233916,Gyro,0.048156,-0.359708,-2.394108,
85101534103433,Lacc,-0.125039,-5.201915,1.783543,
85101534103433,GameRo,-0.475094,0.415537,0.313443,0.709485
85101554276952,Lacc,-0.268787,-4.614248,1.298172,
85101554276952,GameRo,-0.475253,0.415257,0.313229,0.709636
85101580686867,pre,999.883484,,,
85101596312951,pre,999.887268,,,
85101574399804,Gyro,0.033789,-0.381126,-2.590191,
85101594542806,Gyro,-0.015830,-0.398286,-2.754348,
85101612763068,pre,999.882019,,,
85101574435212,Lacc,-1.006758,-3.079051,0.652247,
85101574435212,GameRo,-0.490730,0.388301,0.282674,0.726981
85101594578212,Lacc,-1.212563,-2.096415,0.136177,
85101594578212,GameRo,-0.490815,0.388238,0.282591,0.726990
85101629182664,pre,999.885010,,,
85101643801599,pre,999.897034,,,
85101614685806,Gyro,-0.014234,-0.390571,-2.809821,
85101634828804,Gyro,0.067977,-0.377933,-2.733463,
85101614721211,Lacc,-2.272575,-0.477182,-0.441662,
85101614721211,GameRo,-0.508651,0.355626,0.246709,0.744270
85101634864209,Lacc,-2.090274,0.913077,-0.701385,
85101634864209,GameRo,-0.508619,0.355826,0.246825,0.744159
85101658817289,pre,999.884277,,,
85101674504413,pre,999.888000,,,
85101654956543,Gyro,0.141941,-0.323524,-2.609081,
85101675038505,Gyro,0.263396,-0.271910,-2.431755,
85101690069458,pre,999.890991,,,
85101654976688,Lacc,-2.337122,2.556998,-0.959612,
85101654976688,GameRo,-0.525294,0.321492,0.208814,0.759674
85101675058650,Lacc,-1.772505,3.030793,-1.264688,
85101675058650,GameRo,-0.525198,0.321865,0.209070,0.759512
85101705726062,pre,999.890259,,,
85101721352146,pre,999.885742,,,
85101695147170,Gyro,0.315277,-0.206460,-2.247777,
85101715335947,Gyro,0.240249,-0.140079,-2.030808,
85101695194020,Lacc,-1.943361,4.147068,-1.731033,
85101695194020,GameRo,-0.536331,0.291685,0.172532,0.772982
85101715382799,Lacc,-1.426339,4.874658,-1.988142,
85101715382799,GameRo,-0.536209,0.292241,0.172920,0.772771
85101736947711,pre,999.881287,,,
85101752573795,pre,999.887268,,,
85101768260920,pre,999.895508,,,
85101735517094,Gyro,0.135290,-0.046161,-1.756770,
85101755675353,Gyro,0.058133,0.051615,-1.419942,
85101784497397,pre,999.890259,,,
85101735556318,Lacc,-1.234610,6.221844,-2.219395,
85101735556318,GameRo,-0.543068,0.267913,0.140154,0.783362
85101755714577,Lacc,-0.703588,6.816552,-2.047639,
85101755714577,GameRo,-0.542830,0.268625,0.140700,0.783186
85101799482568,pre,999.888733,,,
85101775825983,Gyro,0.079285,0.157904,-1.060899,
85101795953723,Gyro,0.241978,0.274437,-0.682301,
85101816756716,pre,999.885010,,,
85101775857576,Lacc,-0.800775,6.815886,-1.908264,
85101775857576,GameRo,-0.549399,0.252269,0.115649,0.788129
85101795985314,Lacc,-0.601112,6.309433,-1.892149,
85101795985314,GameRo,-0.549193,0.252919,0.116149,0.787990
85101830673698,pre,999.884277,,,
85101846330039,pre,999.890991,,,
85101816089094,Gyro,0.382456,0.379396,-0.313414,
85101836247352,Gyro,0.455089,0.467860,0.058665,
85101816128313,Lacc,-0.689388,6.325497,-1.986721,
85101816128313,GameRo,-0.551327,0.247858,0.099775,0.790348
85101836286572,Lacc,-0.632289,6.473145,-2.105250,
85101836286572,GameRo,-0.551145,0.248540,0.100291,0.790196
85101861985463,pre,999.890991,,,
85101877610367,pre,999.885742,,,
85101856393146,Gyro,0.474910,0.538498,0.443516,
85101876504107,Gyro,0.423695,0.575214,0.918027,
85101894272864,pre,999.888000,,,
85101856420918,Lacc,-1.079127,6.425927,-2.149213,
85101856420918,GameRo,-0.545536,0.255615,0.092101,0.792824
85101876531880,Lacc,-1.856723,6.640034,-1.880393,
85101876531880,GameRo,-0.545289,0.256328,0.092659,0.792698
85101908890695,pre,999.893250,,,
85101924454564,pre,999.892517,,,
85101896622699,Gyro,0.201272,0.612196,1.416085,
85101916764180,Gyro,0.074097,0.670728,1.968551,
85101940048952,pre,999.888000,,,
85101896658100,Lacc,-2.453459,5.819048,-1.684503,
85101896658100,GameRo,-0.535046,0.274299,0.095654,0.793307
85101916799580,Lacc,-3.694170,4.876425,-1.672714,
85101916799580,GameRo,-0.534861,0.274916,0.096119,0.793162
85101955795926,pre,999.892517,,,
85101971390314,pre,999.888000,,,
85101936890401,Gyro,0.066115,0.744559,2.552943,
85101956970843,Gyro,-0.060794,0.792582,3.082927,
85101936910541,Lacc,-4.470836,3.988553,-1.449382,
85101936910541,GameRo,-0.524151,0.304102,0.116143,0.786955
85101956990985,Lacc,-6.572729,3.864327,-1.330130,
85101956990985,GameRo,-0.523958,0.304684,0.116583,0.786793
85101987015219,pre,999.904480,,,
85102002579088,pre,999.902283,,,
85101977077989,Gyro,-0.283749,0.863752,3.561696,
85101997265246,Gyro,-0.240249,0.851646,4.014923,
85101977124834,Lacc,-8.097106,2.067319,-0.880025,
85101977124834,GameRo,-0.506953,0.346780,0.153419,0.774083
85101997312089,Lacc,-9.166885,1.243630,-0.496547,
85101997312089,GameRo,-0.506798,0.347209,0.153741,0.773929
85102018234511,pre,999.906738,,,
85102033828898,pre,999.905273,,,
85102049453803,pre,999.893982,,,
85102017441058,Gyro,-0.222556,0.838742,4.355076,
85102037582535,Gyro,-0.250758,0.844596,4.548100,
85102017476457,Lacc,-8.416836,0.373884,0.371871,
85102017476457,GameRo,-0.485553,0.397913,0.205929,0.750664
85102037617936,Lacc,-8.232080,0.050437,0.609289,
85102037617936,GameRo,-0.485412,0.398163,0.206140,0.750565
85102065078708,pre,999.904480,,,
85102080764648,pre,999.897766,,,
85102057724013,Gyro,-0.069441,0.813068,4.511650,
85102077865490,Gyro,0.134225,0.818256,4.314103,
85102096847313,pre,999.903015,,,
85102057759415,Lacc,-5.917271,-1.810285,1.091052,
85102057759415,GameRo,-0.454599,0.451975,0.266604,0.719709
85102077900895,Lacc,-4.719658,-1.867513,1.138977,
85102077900895,GameRo,-0.454575,0.451978,0.266624,0.719715
85102111953422,pre,999.897766,,,
85102127639363,pre,999.897034,,,
85102098003153,Gyro,0.343479,0.840871,4.066005,
85102118129375,Gyro,0.495663,0.782605,3.791967,
85102098034744,Lacc,-4.173445,-3.535424,1.379218,
85102098034744,GameRo,-0.416398,0.502455,0.321535,0.686124
85102118160964,Lacc,-4.751014,-3.104416,1.365515,
85102118160964,GameRo,-0.416465,0.502354,0.321457,0.686194
85102143203232,pre,999.897034,,,
85102158858655,pre,999.897766,,,
85102138259410,Gyro,0.357447,0.680306,3.470572,
85102158400888,Gyro,-0.008381,0.569627,3.146116,
85102175704255,pre,999.902283,,,
85102138294813,Lacc,-4.155599,-4.349972,1.735217,
85102138294813,GameRo,-0.374932,0.547481,0.363051,0.654129
85102158436292,Lacc,-3.071860,-4.245509,1.711501,
85102158436292,GameRo,-0.375107,0.547252,0.362876,0.654317
85102190169499,pre,999.902283,,,
85102205702851,pre,999.904480,,,
85102178542366,Gyro,-0.443915,0.478901,2.806761,
85102198683847,Gyro,-0.927206,0.375805,2.425635,
85102178577772,Lacc,-1.468187,-5.507931,1.865359,
85102178577772,GameRo,-0.340367,0.579981,0.398541,0.623648
85102198719251,Lacc,-0.197619,-5.324625,2.030970,
85102198719251,GameRo,-0.340668,0.579607,0.398280,0.623999
85102221358274,pre,999.897034,,,
85102237074731,pre,999.903015,,,
85102252608084,pre,999.899231,,,
85102218810069,Gyro,-1.218804,0.272575,2.042248,
85102238890510,Gyro,-1.279199,0.142606,1.667375,
85102218830213,Lacc,0.961871,-6.461791,2.324161,
85102218830213,GameRo,-0.322253,0.595797,0.435402,0.592962
85102238910656,Lacc,1.859500,-6.667573,2.224205,
85102238910656,GameRo,-0.322682,0.595295,0.435073,0.593474
85102268263506,pre,999.902283,,,
85102283827376,pre,999.897766,,,
85102258997656,Gyro,-1.188873,0.034188,1.365933,
85102279184913,Gyro,-0.976826,-0.071037,1.086840,
85102259044506,Lacc,2.327549,-7.578481,1.885044,
85102259044506,GameRo,-0.317747,0.597425,0.470059,0.566714
85102279231761,Lacc,2.775341,-7.772639,1.553628,
85102279231761,GameRo,-0.318303,0.596903,0.469654,0.567288
85102299513316,pre,999.893250,,,
85102315077185,pre,999.898499,,,
85102330702090,pre,999.890259,,,
85102299360725,Gyro,-0.690150,-0.129303,0.840605,
85102319502202,Gyro,-0.444846,-0.167615,0.640797,
85102299396128,Lacc,2.864424,-8.553459,1.303105,
85102299396128,GameRo,-0.316289,0.593323,0.496048,0.549424
85102319537607,Lacc,2.713706,-8.534426,1.275070,
85102319537607,GameRo,-0.316899,0.592796,0.495624,0.550023
85102346326995,pre,999.889526,,,
85102362043452,pre,999.884277,,,
85102339643681,Gyro,-0.279359,-0.195817,0.429149,
85102359785162,Gyro,-0.240914,-0.209120,0.166152,
85102339679087,Lacc,2.699667,-8.676725,1.193715,
85102377729392,pre,999.888733,,,
85102339679087,GameRo,-0.313366,0.589616,0.510791,0.541524
85102359820566,Lacc,2.883083,-8.439793,1.200529,
85102359820566,GameRo,-0.313981,0.589077,0.510384,0.542137
85102393232227,pre,999.874512,,,
85102408887650,pre,999.877502,,,
85102379926643,Gyro,-0.296520,-0.211515,-0.152849,
85102400068120,Gyro,-0.443782,-0.205262,-0.521071,
85102424421003,pre,999.880493,,,
85102379962044,Lacc,2.948120,-8.285347,0.915038,
85102379962044,GameRo,-0.311697,0.585606,0.517384,0.540577
85102400103522,Lacc,3.084713,-8.016823,0.587379,
85102400103522,GameRo,-0.312338,0.585108,0.516956,0.541157
85102440167977,pre,999.877502,,,
85102420198153,Gyro,-0.520938,-0.173868,-0.889825,
85102440293855,Gyro,-0.444447,-0.139014,-1.225721,
85102456769438,pre,999.870789,,,
85102420222112,Lacc,3.013284,-8.000583,0.116358,
85102420222112,GameRo,-0.318819,0.576381,0.518309,0.545431
85102440317816,Lacc,2.386125,-8.141962,0.299183,
85102440317816,GameRo,-0.319460,0.575918,0.517866,0.545965
85102480084726,pre,999.887268,,,
85102460408630,Gyro,-0.306630,-0.097643,-1.549512,
85102480580628,Gyro,-0.276299,-0.114271,-1.813972,
85102460451665,Lacc,1.697141,-7.935760,0.968734,
85102460451665,GameRo,-0.336122,0.561514,0.512263,0.556157
85102480623660,Lacc,-0.178236,-7.748499,1.118466,
85102497601709,pre,999.872986,,,
85102480623660,GameRo,-0.336628,0.561080,0.511909,0.556615
85102512433162,pre,999.873779,,,
85102527997032,pre,999.876038,,,
85102500744996,Gyro,-0.239850,-0.077156,-1.978262,
85102520886477,Gyro,0.029266,-0.077821,-2.127386,
85102500780398,Lacc,-2.588631,-7.708459,1.158360,
85102500780398,GameRo,-0.358067,0.544862,0.496037,0.573464
85102520921877,Lacc,-5.183554,-8.312985,1.539868,
85102520921877,GameRo,-0.358484,0.544522,0.495719,0.573801
85102543652455,pre,999.880493,,,
85102559857190,pre,999.880493,,,
85102574902264,pre,999.874512,,,
85102541012699,Gyro,0.188767,-0.090858,-2.358323,
85102561093140,Gyro,-0.001862,-0.108019,-2.722155,
85102541032838,Lacc,-6.302707,-7.386744,1.617556,
85102541032838,GameRo,-0.381601,0.526964,0.472977,0.594124
85102561113282,Lacc,-7.165635,-6.301326,1.030816,
85102561113282,GameRo,-0.381901,0.526749,0.472729,0.594319
85102590557686,pre,999.876038,,,
85102606121556,pre,999.871521,,,
85102581200286,Gyro,-0.360107,-0.056537,-3.125629,
85102601387543,Gyro,-0.370217,-0.060528,-3.537352,
85102581247132,Lacc,-8.121900,-5.172631,1.197780,
85102581247132,GameRo,-0.406032,0.506419,0.441065,0.619790
85102601434387,Lacc,-7.511739,-5.231703,1.665237,
85102601434387,GameRo,-0.406222,0.506238,0.440894,0.619935
85102621838013,pre,999.865479,,,
85102637340848,pre,999.874512,,,
85102652996271,pre,999.869263,,,
85102621563355,Gyro,-0.236923,-0.016762,-3.905840,
85102641704832,Gyro,0.036982,0.039908,-4.218323,
85102621598754,Lacc,-6.447515,-3.472774,1.473873,
85102621598754,GameRo,-0.443901,0.473434,0.402582,0.645555
85102641740233,Lacc,-5.087990,-3.095149,1.058834,
85102641740233,GameRo,-0.443990,0.473336,0.402491,0.645622
85102668621175,pre,999.867004,,,
85102684307115,pre,999.876038,,,
85102661846310,Gyro,0.382988,0.102565,-4.460567,
85102681987787,Gyro,0.766375,0.137817,-4.505131,
85102661881713,Lacc,-5.196501,-1.279923,0.548480,
85102700023572,pre,999.882751,,,
85102661881713,GameRo,-0.482722,0.434615,0.349094,0.675443
85102682023192,Lacc,-6.247708,-1.128790,0.130245,
85102682023192,GameRo,-0.482714,0.434703,0.349129,0.675373
85102715556925,pre,999.883484,,,
85102731181830,pre,999.888000,,,
85102702125450,Gyro,1.118501,0.176129,-4.301066,
85102722251672,Gyro,1.472888,0.084473,-3.899720,
85102746745700,pre,999.897766,,,
85102702157041,Lacc,-8.020751,0.458831,-0.151329,
85102702157041,GameRo,-0.512803,0.395134,0.280240,0.708779
85102722283261,Lacc,-7.609814,1.156758,-0.321569,
85102722283261,GameRo,-0.512683,0.395419,0.280454,0.708623
85102762431639,pre,999.898499,,,
85102742381708,Gyro,1.569998,-0.051615,-3.442103,
85102762523190,Gyro,1.293433,-0.216836,-3.031179,
85102779490861,pre,999.894775,,,
85102742417110,Lacc,-6.502445,3.664481,-0.960340,
85102742417110,GameRo,-0.525206,0.361374,0.209551,0.741388
85102762558589,Lacc,-4.280160,4.723061,-1.558434,
85102762558589,GameRo,-0.525007,0.361905,0.209961,0.741154
85102793711967,pre,999.895508,,,
85102809245319,pre,999.898499,,,
85102782664670,Gyro,0.810541,-0.349465,-2.745834,
85102802806147,Gyro,0.263130,-0.405470,-2.515030,
85102825297467,pre,999.894775,,,
85102840464611,pre,999.897766,,,
85102856089516,pre,999.893982,,,
85102822932367,Gyro,-0.196616,-0.399084,-2.256956,
85102843012813,Gyro,-0.391502,-0.329511,-1.996620,
85102871928042,pre,999.894775,,,
85102782700069,Lacc,-3.153383,6.205449,-2.457935,
85102782700069,GameRo,-0.524632,0.331822,0.152820,0.768961
85102802841548,Lacc,-1.572959,6.898294,-2.513095,
85102802841548,GameRo,-0.524398,0.332561,0.153374,0.768691
85102887400361,pre,999.900024,,,
85102822952510,Lacc,-1.391329,7.829442,-2.644148,
85102822952510,GameRo,-0.531661,0.300947,0.113798,0.783465
85102863119960,Gyro,-0.290533,-0.257942,-1.749852,
85102883307213,Gyro,-0.108817,-0.232134,-1.423667,
85102903940788,pre,999.895508,,,
85102863166803,Lacc,-0.343145,7.660029,-2.807513,
85102863166803,GameRo,-0.531429,0.301786,0.114422,0.783209
85102883354058,Lacc,-0.329553,7.608452,-2.519477,
85102883354058,GameRo,-0.531159,0.302596,0.115046,0.782988
85102918650171,pre,999.894775,,,
85102934275076,pre,999.890991,,,
85102903483022,Gyro,-0.049619,-0.211116,-1.027243,
85102923624500,Gyro,-0.139280,-0.175198,-0.595168,
85102903518425,Lacc,-1.318419,8.401236,-2.367769,
85102903518425,GameRo,-0.555791,0.258831,0.071789,0.786733
85102923659904,Lacc,-1.094122,8.370236,-2.642213,
85102923659904,GameRo,-0.555549,0.259735,0.072492,0.786542
85102949869463,pre,999.893250,,,
85102965494368,pre,999.893250,,,
85102943765978,Gyro,-0.173203,-0.093386,-0.137684,
85102963907459,Gyro,-0.110280,0.007184,0.307694,
85102943801384,Lacc,-1.213844,7.932271,-2.890097,
85102943801384,GameRo,-0.560542,0.248449,0.063133,0.787451
85102981760138,pre,999.894775,,,
85102963942863,Lacc,-1.236928,7.546485,-2.863397,
85102963942863,GameRo,-0.560411,0.249314,0.063774,0.787220
85102996805212,pre,999.895508,,,
85103012979431,pre,999.893982,,,
85102984045126,Gyro,-0.023413,0.117996,0.702921,
85103004171347,Gyro,0.118794,0.220029,1.059569,
85102984076713,Lacc,-1.286337,7.038536,-2.580372,
85102984076713,GameRo,-0.562000,0.250437,0.067185,0.785445
85103004202932,Lacc,-1.778134,6.567571,-2.478380,
85103004202932,GameRo,-0.561872,0.251202,0.067759,0.785243
85103028817957,pre,999.888000,,,
85103043710444,pre,999.891785,,,
85103059274315,pre,999.897766,,,
85103024289939,Gyro,0.221492,0.297052,1.431782,
85103044385640,Gyro,0.292928,0.367956,1.839646,
85103074899219,pre,999.897766,,,
85103024313893,Lacc,-2.121234,6.142949,-2.495527,
85103024313893,GameRo,-0.556581,0.264865,0.080242,0.783342
85103044409597,Lacc,-3.016613,5.683598,-2.433203,
85103044409597,GameRo,-0.556461,0.265580,0.080771,0.783131
85103090524124,pre,999.897766,,,
85103064504230,Gyro,0.316208,0.452030,2.287286,
85103084691483,Gyro,0.311818,0.549805,2.753550,
85103106393168,pre,999.902283,,,
85103064551076,Lacc,-3.935795,4.740258,-2.270915,
85103064551076,GameRo,-0.543628,0.290192,0.101967,0.780935
85103084738332,Lacc,-5.884715,3.975059,-2.019080,
85103084738332,GameRo,-0.543492,0.290822,0.102432,0.780735
85103121743416,pre,999.908264,,,
85103137429356,pre,999.908264,,,
85103104863478,Gyro,0.315144,0.628159,3.231254,
85103124989699,Gyro,0.244373,0.672856,3.640581,
85103104895069,Lacc,-6.600133,2.640701,-1.539430,
85103104895069,GameRo,-0.523825,0.327272,0.135194,0.774740
85103125021288,Lacc,-7.369439,2.356785,-1.121716,
85103125021288,GameRo,-0.523669,0.327774,0.135571,0.774568
85103153023744,pre,999.911255,,,
85103168618131,pre,999.912781,,,
85103145119735,Gyro,0.011706,0.765311,3.968895,
85103165261212,Gyro,-0.029000,0.798834,4.338447,
85103145155138,Lacc,-8.906471,0.772947,-0.717541,
85103145155138,GameRo,-0.496687,0.374762,0.180634,0.761726
85103165296617,Lacc,-11.867405,-0.125846,-0.595651,
85103165296617,GameRo,-0.496565,0.375153,0.180908,0.761548
85103184212518,pre,999.905273,,,
85103199867940,pre,999.905273,,,
85103215553880,pre,999.905273,,,
85103185402691,Gyro,0.143271,0.727797,4.607829,
85103205544172,Gyro,0.119193,0.729925,4.663701,
85103185438096,Lacc,-10.641658,-1.758990,0.181936,
85103185438096,GameRo,-0.466762,0.427567,0.236472,0.737157
85103205579576,Lacc,-8.234661,-1.514146,0.793757,
85103205579576,GameRo,-0.466689,0.427716,0.236586,0.737081
85103231087232,pre,999.912781,,,
85103246742655,pre,999.913513,,,
85103225685652,Gyro,-0.149524,0.770765,4.420659,
85103245827130,Gyro,-0.511626,0.782206,3.929651,
85103263679808,pre,999.916504,,,
85103225721054,Lacc,-5.551776,-2.819481,1.400731,
85103225721054,GameRo,-0.425654,0.480878,0.296495,0.706870
85103245862531,Lacc,-5.333865,-2.717245,1.577005,
85103245862531,GameRo,-0.425673,0.480817,0.296463,0.706914
85103278053499,pre,999.908264,,,
85103293617370,pre,999.908264,,,
85103265964793,Gyro,-0.719283,0.722609,3.461658,
85103286091014,Gyro,-0.553796,0.618049,3.052065,
85103265996381,Lacc,-5.552519,-4.581032,1.911742,
85103265996381,GameRo,-0.393277,0.523608,0.351312,0.669140
85103286122602,Lacc,-4.979269,-4.858950,1.833669,
85103286122602,GameRo,-0.393439,0.523408,0.351144,0.669288
85103309272792,pre,999.916504,,,
85103325141836,pre,999.908264,,,
85103340492084,pre,999.903015,,,
85103306209606,Gyro,-0.395759,0.511759,2.629567,
85103326305308,Gyro,-0.433007,0.472516,2.178868,
85103306233564,Lacc,-2.716410,-5.644402,1.733680,
85103306233564,GameRo,-0.372363,0.551923,0.395344,0.632795
85103326329265,Lacc,-0.249804,-4.963502,1.416512,
85103326329265,GameRo,-0.372651,0.551587,0.395075,0.633087
85103356178024,pre,999.906006,,,
85103371741894,pre,999.906006,,,
85103346423898,Gyro,-0.594503,0.444048,1.703958,
85103366611155,Gyro,-0.705049,0.399883,1.292502,
85103387427833,pre,999.904480,,,
85103346470744,Lacc,1.688154,-5.378177,1.713552,
85103346470744,GameRo,-0.354916,0.571374,0.425534,0.605381
85103366657999,Lacc,3.097019,-5.066452,1.946270,
85103366657999,GameRo,-0.355260,0.570851,0.425248,0.605874
85103402991704,pre,999.900024,,,
85103418708161,pre,999.903015,,,
85103386783152,Gyro,-0.690549,0.347869,1.012743,
85103406909370,Gyro,-0.482227,0.264593,0.860958,
85103386814737,Lacc,3.817723,-5.723249,2.127796,
85103386814737,GameRo,-0.350164,0.579952,0.447330,0.583898
85103406940958,Lacc,4.047634,-6.194694,2.099259,
85103406940958,GameRo,-0.350600,0.579338,0.446992,0.584504
85103434210995,pre,999.905273,,,
85103449927453,pre,999.900024,,,
85103427039403,Gyro,-0.130501,0.202469,0.804554,
85103447180884,Gyro,0.264061,0.129969,0.785797,
85103427074808,Lacc,4.169692,-6.943069,2.292341,
85103427074808,GameRo,-0.350069,0.583229,0.462169,0.568942
85103466681502,pre,999.903015,,,
85103447216285,Lacc,4.175244,-7.357322,2.387283,
85103447216285,GameRo,-0.350557,0.582571,0.461806,0.569611
85103481116228,pre,999.895508,,,
85103496802167,pre,999.891785,,,
85103467322365,Gyro,0.416777,0.021418,0.744292,
85103487463842,Gyro,0.323391,-0.088331,0.623104,
85103467357764,Lacc,3.867064,-7.659697,2.284326,
85103467357764,GameRo,-0.342363,0.590128,0.468311,0.561446
85103487499243,Lacc,3.498455,-7.654741,1.880473,
85103487499243,GameRo,-0.342902,0.589536,0.467908,0.562075
85103512366037,pre,999.892517,,,
85103528021460,pre,999.885010,,,
85103507605320,Gyro,0.117863,-0.212047,0.400016,
85103527746802,Gyro,-0.190097,-0.340951,0.084340,
85103544867060,pre,999.883484,,,
85103507640722,Lacc,3.001618,-8.049924,1.495303,
85103507640722,GameRo,-0.330558,0.596885,0.470883,0.559222
85103527782202,Lacc,2.918938,-7.975060,1.070727,
85103527782202,GameRo,-0.331166,0.596381,0.470416,0.559792
85103567968726,pre,999.890259,,,
85103547884467,Gyro,-0.506438,-0.421699,-0.326052,
85103568010685,Gyro,-0.769435,-0.429548,-0.754137,
85103547916051,Lacc,3.010459,-7.990222,0.733290,
85103585668814,pre,999.890991,,,
85103547916051,GameRo,-0.326677,0.593952,0.474956,0.561178
85103568042270,Lacc,2.641515,-7.841390,0.835889,
85103568042270,GameRo,-0.327288,0.593473,0.474491,0.561721
85103600378197,pre,999.893250,,,
85103616003101,pre,999.879028,,,
85103588140718,Gyro,-0.979752,-0.410126,-1.149629,
85103608282199,Gyro,-0.974697,-0.364763,-1.486191,
85103631505937,pre,999.885742,,,
85103588176120,Lacc,1.706601,-7.518314,0.979239,
85103588176120,GameRo,-0.337647,0.578131,0.478337,0.568289
85103608317599,Lacc,0.339467,-8.292841,1.290352,
85103608317599,GameRo,-0.338186,0.577671,0.477928,0.568780
85103647283429,pre,999.882751,,,
85103662786264,pre,999.877502,,,
85103628408421,Gyro,-0.676182,-0.294391,-1.726439,
85103648488863,Gyro,-0.257542,-0.231336,-1.979725,
85103628428561,Lacc,-1.274648,-8.559580,1.083176,
85103628428561,GameRo,-0.361764,0.553710,0.476246,0.579415
85103648509004,Lacc,-2.957104,-8.829776,1.280621,
85103648509004,GameRo,-0.362239,0.553318,0.475867,0.579804
85103679082551,pre,999.879761,,,
85103694036074,pre,999.878235,,,
85103668596008,Gyro,0.051881,-0.214042,-2.251635,
85103688783265,Gyro,0.037514,-0.222024,-2.601632,
85103709660979,pre,999.878235,,,
85103668642854,Lacc,-4.300355,-7.443347,0.851733,
85103668642854,GameRo,-0.385825,0.531698,0.460500,0.596972
85103688830109,Lacc,-5.395944,-6.477188,0.678250,
85103688830109,GameRo,-0.386159,0.531459,0.460216,0.597188
85103725285884,pre,999.879761,,,
85103741002340,pre,999.882751,,,
85103708959077,Gyro,-0.243708,-0.186372,-3.033973,
85103729100555,Gyro,-0.303437,-0.197680,-3.329562,
85103708994476,Lacc,-7.470263,-5.467673,1.133191,
85103708994476,GameRo,-0.408935,0.509910,0.431083,0.622039
85103729135955,Lacc,-8.823283,-5.842001,1.670328,
85103729135955,GameRo,-0.409134,0.509730,0.430900,0.622182
85103756535694,pre,999.869995,,,
85103772221633,pre,999.862488,,,
85103749242032,Gyro,-0.134225,-0.219230,-3.572205,
85103769383509,Gyro,0.028069,-0.175863,-3.810858,
85103749277435,Lacc,-7.847669,-4.216560,1.697828,
85103749277435,GameRo,-0.443513,0.477147,0.394351,0.648163
85103769418914,Lacc,-6.678275,-3.664868,1.234311,
85103788090676,pre,999.860229,,,
85103769418914,GameRo,-0.443606,0.477051,0.394256,0.648227
85103803410408,pre,999.861023,,,
85103819096348,pre,999.867737,,,
85103789524988,Gyro,0.222556,-0.145533,-3.999358,
85103809666469,Gyro,0.423163,-0.092721,-4.114161,
85103834629700,pre,999.875244,,,
85103789560393,Lacc,-6.496966,-1.716234,0.379678,
85103789560393,GameRo,-0.476882,0.439740,0.347152,0.677272
85103809701873,Lacc,-6.860000,-1.586070,-0.290726,
85103809701873,GameRo,-0.476909,0.439837,0.347161,0.677185
85103850315640,pre,999.877502,,,
85103867405379,pre,999.883484,,,
85103829804135,Gyro,0.790852,-0.059198,-4.074652,
85103849930357,Gyro,1.148698,-0.104959,-3.844647,
85103829835722,Lacc,-7.946129,-0.064130,-0.723565,
85103829835722,GameRo,-0.505860,0.400189,0.288971,0.707425
85103849961942,Lacc,-7.273976,1.186116,-0.872679,
85103849961942,GameRo,-0.505770,0.400492,0.289166,0.707238
85103881626484,pre,999.893250,,,
85103897190354,pre,999.890259,,,
85103870060392,Gyro,1.248336,-0.135689,-3.513939,
85103890201870,Gyro,1.193395,-0.159900,-3.098625,
85103870095791,Lacc,-6.380286,3.785275,-1.392207,
85103870095791,GameRo,-0.521295,0.363837,0.225007,0.738408
85103890237270,Lacc,-4.623785,4.653601,-1.593437,
85103890237270,GameRo,-0.521098,0.364374,0.225410,0.738159
85103912815259,pre,999.894775,,,
85103929111547,pre,999.894775,,,
85103944034552,pre,999.890259,,,
85103910331903,Gyro,0.991060,-0.231336,-2.706724,
85103930427605,Gyro,0.772894,-0.242111,-2.384264,
85103910355861,Lacc,-3.323787,5.972411,-2.233144,
85103910355861,GameRo,-0.524793,0.332960,0.168872,0.764992
85103930451563,Lacc,-1.322570,6.273126,-2.456978,
85103930451563,GameRo,-0.524594,0.333664,0.169384,0.764708
85103959720491,pre,999.901489,,,
85103975284362,pre,999.905273,,,
85103950542380,Gyro,0.480232,-0.241712,-2.115813,
85103970714377,Gyro,0.179854,-0.205662,-1.892458,
85103950585412,Lacc,-0.686326,7.758721,-3.004113,
85103950585412,GameRo,-0.526360,0.306621,0.127568,0.782723
85103970757409,Lacc,0.087527,8.145672,-3.056661,
85103970757409,GameRo,-0.526106,0.307525,0.128232,0.782430
85103990939783,pre,999.894775,,,
85104006534171,pre,999.893250,,,
85104022250628,pre,999.893250,,,
85103990878745,Gyro,0.101500,-0.170276,-1.684003,
85104011020222,Gyro,0.146863,-0.128505,-1.457190,
85103990914147,Lacc,-0.242719,8.266869,-3.088564,
85103990914147,GameRo,-0.532203,0.284411,0.097865,0.791387
85104011055627,Lacc,-0.205778,8.000902,-3.007300,
85104011055627,GameRo,-0.531968,0.285317,0.098531,0.791136
85104037875532,pre,999.902283,,,
85104053500437,pre,999.898499,,,
85104031161700,Gyro,0.134624,-0.090725,-1.176900,
85104051303182,Gyro,0.113340,-0.042968,-0.858697,
85104031197106,Lacc,-0.754469,8.231036,-3.141251,
85104069247412,pre,999.903015,,,
85104031197106,GameRo,-0.538282,0.267197,0.075142,0.795746
85104051338585,Lacc,-0.701005,8.215045,-3.231608,
85104051338585,GameRo,-0.538083,0.268141,0.075829,0.795498
85104084689212,pre,999.893982,,,
85104100344635,pre,999.898499,,,
85104071444662,Gyro,0.174799,0.031794,-0.535837,
85104091586139,Gyro,0.199276,0.120923,-0.212446,
85104071480064,Lacc,-1.051549,8.154757,-3.324665,
85104071480064,GameRo,-0.541178,0.257234,0.060406,0.798316
85104091621541,Lacc,-1.237729,7.627613,-3.125850,
85104091621541,GameRo,-0.541013,0.258137,0.061057,0.798087
85104115908505,pre,999.893250,,,
85104131594445,pre,999.894775,,,
85104111712359,Gyro,0.154845,0.204996,0.154712,
85104131792804,Gyro,0.108418,0.296121,0.545016,
85104148470562,pre,999.897766,,,
85104111732503,Lacc,-1.637163,7.217468,-2.994800,
85104111732503,GameRo,-0.539689,0.256520,0.053951,0.800014
85104131812948,Lacc,-2.099214,6.731291,-2.923557,
85104131812948,GameRo,-0.539544,0.257350,0.054546,0.799805
85104162783220,pre,999.890259,,,
85104178408125,pre,999.893982,,,
85104151899952,Gyro,0.049353,0.394162,0.969775,
85104172087205,Gyro,-0.033124,0.522002,1.449874,
85104151946799,Lacc,-2.625458,6.187492,-2.857435,
85104151946799,GameRo,-0.535693,0.266244,0.057504,0.799275
85104172134054,Lacc,-3.466324,5.745951,-2.754487,
85104172134054,GameRo,-0.535558,0.267012,0.058051,0.799070
85104194155099,pre,999.896240,,,
85104209657934,pre,999.906006,,,
85104225343874,pre,999.903015,,,
85104192251571,Gyro,-0.054542,0.663810,1.933032,
85104212347277,Gyro,-0.059198,0.784201,2.450512,
85104192275532,Lacc,-4.356245,4.740316,-2.388770,
85104192275532,GameRo,-0.529125,0.288150,0.073242,0.794752
85104212371234,Lacc,-5.681271,3.898029,-2.015978,
85104212371234,GameRo,-0.528976,0.288798,0.073714,0.794573
85104241212917,pre,999.902283,,,
85104256532649,pre,999.906006,,,
85104232465869,Gyro,0.046427,0.859495,2.995794,
85104252653122,Gyro,0.075693,0.939445,3.487466,
85104232512712,Lacc,-5.904692,2.781884,-1.406013,
85104232512712,GameRo,-0.517493,0.324041,0.101837,0.785384
85104272127036,pre,999.905273,,,
85104252699967,Lacc,-7.477327,2.461225,-1.090803,
85104252699967,GameRo,-0.517316,0.324574,0.102245,0.785228
85104287843493,pre,999.908264,,,
85104303407363,pre,999.900757,,,
85104272825118,Gyro,-0.038312,1.034294,4.025831,
85104292951339,Gyro,-0.024078,1.047331,4.605035,
85104272856704,Lacc,-9.948826,0.653980,-0.888836,
85104272856704,GameRo,-0.495280,0.372686,0.144021,0.771402
85104292982924,Lacc,-12.191738,-0.234163,-0.900169,
85104292982924,GameRo,-0.495152,0.373116,0.144327,0.771219
85104319032268,pre,999.913513,,,
85104334626655,pre,999.917236,,,
85104350831391,pre,999.914246,,,
85104313081374,Gyro,0.013303,1.058638,5.014363,
85104333222852,Gyro,0.042702,1.162001,5.118391,
85104366151121,pre,999.924011,,,
85104382264304,pre,999.912781,,,
85104353356700,Gyro,0.190762,1.239822,4.852601,
85104373467662,Gyro,0.588117,1.211088,4.351351,
85104397156793,pre,999.920288,,,
85104412903767,pre,999.908264,,,
85104393578623,Gyro,0.955940,1.091762,3.767756,
85104413689585,Gyro,1.153886,0.968977,3.203717,
85104429657815,pre,999.906738,,,
85104444092542,pre,999.908264,,,
85104313116773,Lacc,-10.194065,-1.617947,-0.103313,
85104313116773,GameRo,-0.464217,0.431235,0.201048,0.747073
85104333258253,Lacc,-7.967151,-1.557287,1.214204,
85104333258253,GameRo,-0.464114,0.431373,0.201181,0.747022
85104353384473,Lacc,-5.978153,-3.613275,2.928621,
85104353384473,GameRo,-0.421378,0.493165,0.266102,0.713035
85104459656412,pre,999.906738,,,
85104433819620,Gyro,1.106395,0.832623,2.676526,
85104454006877,Gyro,0.697067,0.689485,2.133106,
85104433866466,Lacc,-2.656033,-2.200402,0.958276,
85104433866466,GameRo,-0.421425,0.493081,0.266039,0.713089
85104454053721,Lacc,-0.880817,-1.015768,0.620265,
85104454053721,GameRo,-0.421446,0.493011,0.266002,0.713138
85104475281317,pre,999.906006,,,
85104490906222,pre,999.913513,,,
85104506622678,pre,999.904480,,,
85104474182689,Gyro,-0.317139,0.523599,1.595540,
85104494324167,Gyro,-1.268290,0.356515,1.142845,
85104474218088,Lacc,1.006720,-2.711426,1.467758,
85104474218088,GameRo,-0.308632,0.599994,0.319382,0.665394
85104494359568,Lacc,1.857323,-2.762293,1.628971,
85104494359568,GameRo,-0.308825,0.599664,0.319196,0.665690
85104522278101,pre,999.916504,,,
85104537811453,pre,999.907532,,,
85104514465644,Gyro,-1.885408,0.147794,0.819187,
85104534607122,Gyro,-2.096923,-0.008115,0.635076,
85104514501047,Lacc,2.698245,-3.613029,1.818986,
85104514501047,GameRo,-0.306770,0.607648,0.344368,0.646581
85104534642526,Lacc,3.530439,-4.277288,1.682537,
85104553466876,pre,999.906006,,,
85104534642526,GameRo,-0.307138,0.607182,0.344032,0.647023
85104569122297,pre,999.903015,,,
85104584686168,pre,999.906738,,,
85104554744785,Gyro,-1.971078,-0.114803,0.518810,
85104574871006,Gyro,-1.739343,-0.174400,0.471718,
85104554776376,Lacc,3.919639,-4.998692,1.557323,
85104554776376,GameRo,-0.325628,0.597067,0.377170,0.628665
85104574902595,Lacc,4.134546,-5.452928,1.435237,
85104574902595,GameRo,-0.326112,0.596547,0.376737,0.629167
85104600280556,pre,999.908264,,,
85104615935977,pre,999.900024,,,
85104594989598,Gyro,-1.462112,-0.223088,0.441121,
85104615085299,Gyro,-0.917495,-0.206593,0.410259,
85104631988126,pre,999.895508,,,
85104595013557,Lacc,4.410123,-6.000750,1.139266,
85104595013557,GameRo,-0.342921,0.582783,0.405428,0.615140
85104615109260,Lacc,4.707726,-6.624975,1.043375,
85104615109260,GameRo,-0.343508,0.582226,0.404910,0.615681
85104647216305,pre,999.900757,,,
85104662780175,pre,999.900024,,,
85104635203890,Gyro,-0.375938,-0.198079,0.302506,
85104655391147,Gyro,-0.084872,-0.189299,0.150987,
85104678374562,pre,999.900024,,,
85104694182571,pre,999.895508,,,
85104709624372,pre,999.893982,,,
85104675551700,Gyro,0.077289,-0.179588,-0.062257,
85104695632142,Gyro,0.114803,-0.183579,-0.375006,
85104725310311,pre,999.895508,,,
85104635250740,Lacc,4.569541,-6.956883,1.105144,
85104635250740,GameRo,-0.352048,0.571913,0.425119,0.606838
85104740904699,pre,999.890259,,,
85104655437995,Lacc,4.371924,-6.723936,1.108112,
85104655437995,GameRo,-0.352612,0.571343,0.424635,0.607385
85104675571844,Lacc,3.889498,-6.529127,0.670633,
85104675571844,GameRo,-0.351338,0.568368,0.430546,0.606753
85104715739287,Gyro,-0.016629,-0.213377,-0.762783,
85104735926545,Gyro,-0.242111,-0.249162,-1.139519,
85104715786137,Lacc,1.196250,-6.716749,1.025804,
85104715786137,GameRo,-0.351816,0.567939,0.430139,0.607167
85104735973392,Lacc,-0.658681,-6.838059,1.407633,
85104735973392,GameRo,-0.352237,0.567544,0.429780,0.607545
85104756499086,pre,999.885010,,,
85104772185026,pre,999.883484,,,
85104787748896,pre,999.891785,,,
85104756102357,Gyro,-0.428351,-0.272309,-1.486324,
85104776243834,Gyro,-0.524530,-0.294391,-1.822752,
85104756137759,Lacc,-2.636092,-6.614682,1.564269,
85104756137759,GameRo,-0.371013,0.547116,0.412419,0.626836
85104776279239,Lacc,-4.240770,-6.861274,1.804504,
85104776279239,GameRo,-0.371333,0.546802,0.412131,0.627111
85104803404319,pre,999.888000,,,
85104819059740,pre,999.890259,,,
85104796370053,Gyro,-0.676714,-0.304501,-2.199754,
85104816450499,Gyro,-0.928803,-0.215107,-2.655375,
85104838316215,pre,999.882751,,,
85104859800459,pre,999.883484,,,
85104796390200,Lacc,-4.754780,-5.677603,1.452792,
85104796390200,GameRo,-0.393531,0.526081,0.398101,0.640225
85104816470644,Lacc,-5.567891,-5.418536,1.367281,
85104816470644,GameRo,-0.393756,0.525871,0.397888,0.640391
85104836546203,Gyro,-0.818788,-0.109216,-3.013620,
85104856687680,Gyro,-0.268052,-0.126111,-3.238171,
85104836581606,Lacc,-7.815884,-5.262157,1.708880,
85104877561581,pre,999.882751,,,
85104836581606,GameRo,-0.427382,0.495823,0.376494,0.655558
85104856723085,Lacc,-7.972363,-5.229271,1.920292,
85104856723085,GameRo,-0.427509,0.495668,0.376360,0.655670
85104892057343,pre,999.873779,,,
85104876829158,Gyro,0.185574,-0.137950,-3.453810,
85104886829097,Gyro,0.384052,-0.127707,-3.599875,
85104906828975,Gyro,0.493135,-0.130501,-3.768821,
85104908811391,pre,999.870789,,,
85104876855713,Lacc,-7.592799,-1.337772,1.276627,
85104876855713,GameRo,-0.496748,0.418795,0.275483,0.708492
85104923307153,pre,999.878235,,,
85104938932057,pre,999.875244,,,
85104927061398,Gyro,0.577209,-0.131565,-3.938032,
85104947293820,Gyro,0.698265,-0.186639,-3.960780,
85104917104490,Lacc,-6.422155,-0.155187,0.275997,
85104917104490,GameRo,-0.496653,0.418972,0.275628,0.708398
85104937230712,Lacc,-7.334973,-0.020869,-0.038968,
85104937230712,GameRo,-0.496562,0.419184,0.275785,0.708275
85104954556962,pre,999.879028,,,
85104970273420,pre,999.879761,,,
85104985898324,pre,999.888000,,,
85104967435300,Gyro,0.771696,-0.233198,-3.867261,
85104987576779,Gyro,0.842866,-0.281222,-3.664926,
85104957364562,Lacc,-7.723638,1.440126,-0.316426,
85104957364562,GameRo,-0.513449,0.389947,0.229999,0.728980
85104977506041,Lacc,-6.308947,1.990897,-0.595260,
85104977506041,GameRo,-0.513293,0.390303,0.230283,0.728810
85105001431677,pre,999.885010,,,
85105017056582,pre,999.891785,,,
85105007718258,Gyro,0.867077,-0.333768,-3.363617,
85105027859738,Gyro,0.831160,-0.385250,-3.008964,
85105032650969,pre,999.894775,,,
85104997647520,Lacc,-5.451205,3.950383,-1.137910,
85104997647520,GameRo,-0.529021,0.349956,0.169933,0.754182
85105017788997,Lacc,-3.743870,5.062157,-1.330621,
85105017788997,GameRo,-0.528776,0.350533,0.170409,0.753978
85105049191396,pre,999.892517,,,
85105063961814,pre,999.899231,,,
85105048046993,Gyro,0.752673,-0.419571,-2.652847,
85105068234248,Gyro,0.615122,-0.436731,-2.315621,
85105037953363,Lacc,-3.267862,6.608897,-1.708230,
85105037953363,GameRo,-0.536190,0.313047,0.118017,0.774967
85105058140618,Lacc,-2.148306,6.978282,-1.850200,
85105058140618,GameRo,-0.535885,0.313799,0.118637,0.774779
85105079617236,pre,999.906006,,,
85105095272658,pre,999.906006,,,
85105088375727,Gyro,0.415314,-0.443516,-2.010854,
85105108517207,Gyro,0.217102,-0.441520,-1.748788,
85105078304986,Lacc,-1.894312,7.795544,-2.478872,
85105110867045,pre,999.897766,,,
85105078304986,GameRo,-0.538694,0.281395,0.078689,0.790211
85105098446465,Lacc,-1.036565,7.876069,-2.759994,
85105098446465,GameRo,-0.538443,0.282295,0.079375,0.789993
85105126522468,pre,999.903015,,,
85105142147373,pre,999.900757,,,
85105128643426,Gyro,0.091656,-0.414649,-1.502420,
85105148769646,Gyro,0.009977,-0.345341,-1.277469,
85105118580314,Lacc,-1.568756,8.532976,-3.233590,
85105118580314,GameRo,-0.542174,0.255396,0.051583,0.798849
85105138706534,Lacc,-1.827999,8.413633,-3.286254,
85105138706534,GameRo,-0.541965,0.256381,0.052309,0.798628
85105157711243,pre,999.904480,,,
85105173397183,pre,999.900024,,,
85105168865349,Gyro,0.004257,-0.257809,-1.041744,
85105188961053,Gyro,-0.046028,-0.168547,-0.785398,
85105189144157,pre,999.903015,,,
85105158817495,Lacc,-2.501947,8.319149,-3.278804,
85105158817495,GameRo,-0.547512,0.234929,0.033675,0.802437
85105178913199,Lacc,-2.614583,8.376681,-3.291907,
85105178913199,GameRo,-0.547318,0.235926,0.034409,0.802245
85105204646992,pre,999.895508,,,
85105220271897,pre,999.890991,,,
85105209087272,Gyro,-0.103097,-0.064519,-0.506172,
85105229213492,Gyro,-0.104161,0.047890,-0.155776,
85105199024161,Lacc,-2.916212,8.422374,-3.364351,
85105199024161,GameRo,-0.551684,0.222051,0.021776,0.803656
85105219150380,Lacc,-2.825252,8.210702,-3.332885,
85105219150380,GameRo,-0.551521,0.223053,0.022507,0.803471
85105235988353,pre,999.894775,,,
85105251460672,pre,999.888733,,,
85105267146612,pre,999.898499,,,
85105249400747,Gyro,-0.041372,0.187570,0.249029,
85105269588002,Gyro,0.058798,0.338557,0.695471,
85105239307117,Lacc,-2.866981,7.837518,-3.036010,
85105239307117,GameRo,-0.555063,0.218313,0.016991,0.802469
85105259494372,Lacc,-3.084181,7.269179,-2.708711,
85105259494372,GameRo,-0.554879,0.219225,0.017675,0.802332
85105282771517,pre,999.890991,,,
85105298396421,pre,999.906006,,,
85105289729481,Gyro,0.129569,0.457351,1.158143,
85105309870961,Gyro,0.152716,0.558452,1.647554,
85105314662191,pre,999.890259,,,
85105279658739,Lacc,-3.591947,6.717269,-2.420859,
85105279658739,GameRo,-0.553708,0.227255,0.021365,0.800816
85105299800219,Lacc,-4.588158,6.332479,-2.341002,
85105299800219,GameRo,-0.553515,0.228106,0.022011,0.800690
85105329646231,pre,999.903015,,,
85105345271136,pre,999.903015,,,
85105330012438,Gyro,0.178923,0.659687,2.164767,
85105350153915,Gyro,0.279492,0.772628,2.681315,
85105319941698,Lacc,-5.493781,5.550177,-2.163626,
85105319941698,GameRo,-0.545302,0.250551,0.036771,0.799073
85105340083178,Lacc,-6.899391,4.753680,-1.823335,
85105340083178,GameRo,-0.545101,0.251315,0.037355,0.798943
85105360896041,pre,999.898499,,,
85105376520946,pre,999.908997,,,
85105370295395,Gyro,0.444979,0.821848,3.133212,
85105390436874,Gyro,0.484222,0.908981,3.524182,
85105360224657,Lacc,-6.617200,3.481098,-1.333845,
85105392695163,pre,999.908997,,,
85105360224657,GameRo,-0.530280,0.287615,0.065805,0.794828
85105380366136,Lacc,-7.775453,3.206154,-1.032479,
85105380366136,GameRo,-0.530066,0.288247,0.066299,0.794700
85105407770755,pre,999.912781,,,
85105423395660,pre,999.905273,,,
85105410517318,Gyro,0.484489,0.981748,3.929519,
85105430597761,Gyro,0.482892,1.025647,4.271002,
85105400477098,Lacc,-9.493706,1.686341,-1.324917,
85105400477098,GameRo,-0.503757,0.336489,0.106346,0.788476
85105420557541,Lacc,-10.835392,1.026962,-1.337213,
85105420557541,GameRo,-0.503612,0.337035,0.106732,0.788284
85105438990047,pre,999.906006,,,
85105454584435,pre,999.921021,,,
85105470270375,pre,999.909729,,,
85105450739241,Gyro,0.302639,1.131537,4.500608,
85105470880720,Gyro,0.051216,1.222263,4.528145,
85105440668503,Lacc,-9.466830,-0.168754,-0.606333,
85105440668503,GameRo,-0.469129,0.393432,0.156497,0.775008
85105460809982,Lacc,-8.931017,-0.380858,0.305673,
85105460809982,GameRo,-0.468992,0.393742,0.156732,0.774887
85105485895280,pre,999.911255,,,
85105501520184,pre,999.911255,,,
85105491067975,Gyro,-0.078886,1.231575,4.354278,
85105511255230,Gyro,-0.099505,1.154551,4.043790,
85105480974350,Lacc,-7.861049,-2.122941,1.256117,
85105480974350,GameRo,-0.430539,0.453430,0.213786,0.750555
85105501161605,Lacc,-7.638421,-1.989936,1.488215,
85105501161605,GameRo,-0.430470,0.453514,0.213868,0.750520
85105517053537,pre,999.917236,,,
85105532769994,pre,999.906006,,,
85105548394899,pre,999.915039,,,
85105531396710,Gyro,-0.073432,1.035092,3.660536,
85105551538189,Gyro,-0.123716,0.891555,3.188818,
85105521325971,Lacc,-5.802609,-3.123718,1.821851,
85105521325971,GameRo,-0.396139,0.507102,0.268394,0.716859
85105541467448,Lacc,-4.126340,-2.831707,1.291085,
85105541467448,GameRo,-0.396201,0.507012,0.268320,0.716915
85105563989286,pre,999.901489,,,
85105579553156,pre,999.903748,,,
85105571664408,Gyro,-0.324855,0.775421,2.640210,
85105591790628,Gyro,-0.629090,0.674985,2.097854,
85105561601298,Lacc,-1.855065,-3.719724,1.237007,
85105561601298,GameRo,-0.365289,0.548102,0.311782,0.684792
85105581727519,Lacc,-0.207846,-3.217909,1.089862,
85105581727519,GameRo,-0.365482,0.547863,0.311578,0.684973
85105595269614,pre,999.906006,,,
85105610894518,pre,999.906006,,,
85105626519423,pre,999.912781,,,
85105611886331,Gyro,-0.981748,0.570026,1.616292,
85105631982035,Gyro,-1.176634,0.455488,1.264832,
85105642113810,pre,999.900757,,,
85105657647163,pre,999.895508,,,
85105601838481,Lacc,1.199733,-3.581960,1.617415,
85105601838481,GameRo,-0.346993,0.573416,0.344409,0.657398
85105621934182,Lacc,2.285842,-3.595250,1.961213,
85105621934182,GameRo,-0.347232,0.572984,0.344173,0.657773
85105652169290,Gyro,-1.179295,0.339355,1.038285,
85105672356545,Gyro,-1.046133,0.233597,0.879050,
85105642075661,Lacc,3.240015,-4.383156,2.382523,
85105674584316,pre,999.908997,,,
85105642075661,GameRo,-0.347037,0.582765,0.372048,0.633665
85105662262916,Lacc,3.818108,-4.451473,2.372714,
85105662262916,GameRo,-0.347352,0.582185,0.371758,0.634194
85105689049559,pre,999.907532,,,
85105704643948,pre,999.904480,,,
85105692482765,Gyro,-1.038817,0.087266,0.753205,
85105712608984,Gyro,-1.289043,-0.063854,0.673655,
85105682419654,Lacc,4.056212,-5.092608,2.432648,
85105682419654,GameRo,-0.353160,0.583558,0.395526,0.615059
85105702545875,Lacc,4.216433,-5.339551,2.232390,
85105702545875,GameRo,-0.353561,0.582942,0.395172,0.615640
85105720268852,pre,999.893250,,,
85105735893757,pre,999.893982,,,
85105751518662,pre,999.894775,,,
85105732704688,Gyro,-1.409832,-0.168680,0.602884,
85105752800391,Gyro,-1.288112,-0.280157,0.481961,
85105722656837,Lacc,4.396177,-5.999681,1.911236,
85105722656837,GameRo,-0.358950,0.579599,0.415755,0.601970
85105742752538,Lacc,4.149360,-6.947235,1.644878,
85105742752538,GameRo,-0.359489,0.579001,0.415281,0.602550
85105767143567,pre,999.887268,,,
85105782768472,pre,999.883484,,,
85105772987646,Gyro,-1.024982,-0.380061,0.269116,
85105793174901,Gyro,-0.741765,-0.446842,-0.011307,
85105798271306,pre,999.883484,,,
85105762894017,Lacc,3.767943,-7.903325,1.314152,
85105762894017,GameRo,-0.368572,0.568300,0.439514,0.589930
85105783081272,Lacc,3.215715,-8.054798,1.125063,
85105783081272,GameRo,-0.369161,0.567745,0.439005,0.590475
85105814018281,pre,999.876038,,,
85105829582152,pre,999.875244,,,
85105813255345,Gyro,-0.589315,-0.432741,-0.362635,
85105833335789,Gyro,-0.522135,-0.376071,-0.773958,
85105803215122,Lacc,2.913351,-7.731761,0.496395,
85105803215122,GameRo,-0.375164,0.555431,0.455159,0.586156
85105845237573,pre,999.879761,,,
85105823295568,Lacc,1.943429,-7.537882,0.575738,
85105823295568,GameRo,-0.375720,0.554958,0.454684,0.586616
85105860892996,pre,999.875244,,,
85105853523044,Gyro,-0.432608,-0.334433,-1.189538,
85105873710299,Gyro,-0.430346,-0.282685,-1.559489,
85105843429418,Lacc,0.319149,-7.437247,0.794576,
85105878165839,pre,999.875244,,,
85105843429418,GameRo,-0.383759,0.540872,0.458628,0.591479
85105863616673,Lacc,-1.156159,-7.463920,0.921573,
85105863616673,GameRo,-0.384207,0.540475,0.458245,0.591847
85105900840262,pre,999.879761,,,
85105893851778,Gyro,-0.485154,-0.203533,-1.876761,
85105913993258,Gyro,-0.508966,-0.129436,-2.151198,
85105883781040,Lacc,-2.709832,-7.045717,0.852873,
85105883781040,GameRo,-0.400254,0.522334,0.449804,0.603854
85105903922517,Lacc,-3.938025,-7.064741,0.869517,
85105903922517,GameRo,-0.400615,0.522031,0.449484,0.604116
85105917563793,pre,999.878235,,,
85105933219216,pre,999.880493,,,
85105948844120,pre,999.869995,,,
85105934134737,Gyro,-0.660086,-0.072101,-2.480044,
85105954276216,Gyro,-0.843265,0.085670,-2.843876,
85105924063995,Lacc,-4.130843,-5.139836,0.398735,
85105924063995,GameRo,-0.425189,0.499014,0.432036,0.619310
85105944205475,Lacc,-4.639923,-4.756260,0.151194,
85105944205475,GameRo,-0.425436,0.498854,0.431808,0.619428
85105964469025,pre,999.876770,,,
85105980093930,pre,999.885742,,,
85105974402436,Gyro,-0.456553,0.164024,-3.032643,
85105994528655,Gyro,0.059331,0.148592,-3.182033,
85105964339324,Lacc,-6.795675,-5.084962,0.627561,
85105996786944,pre,999.883484,,,
85105964339324,GameRo,-0.458671,0.469765,0.406609,0.635304
85105984465544,Lacc,-6.897936,-5.233610,1.169423,
85105984465544,GameRo,-0.458822,0.469611,0.406452,0.635409
85106011343740,pre,999.882751,,,
85106026877092,pre,999.879761,,,
85106014670135,Gyro,0.286543,0.168680,-3.319319,
85106034811614,Gyro,0.479833,0.151652,-3.422149,
85106004599393,Lacc,-6.585163,-3.260722,1.156337,
85106004599393,GameRo,-0.493311,0.439225,0.368508,0.654162
85106024740872,Lacc,-6.472948,-2.470997,0.470209,
85106024740872,GameRo,-0.493341,0.439231,0.368485,0.654148
85106042593550,pre,999.880493,,,
85106058126902,pre,999.880493,,,
85106073843359,pre,999.882751,,,
85106054907316,Gyro,0.566700,0.136753,-3.548393,
85106075003017,Gyro,0.607673,0.128904,-3.587237,
85106044859464,Lacc,-7.169339,-0.499017,-0.029440,
85106044859464,GameRo,-0.518399,0.409972,0.319092,0.679239
85106064955167,Lacc,-7.348099,-0.300013,-0.140201,
85106064955167,GameRo,-0.518331,0.410158,0.319219,0.679119
85106089468264,pre,999.880493,,,
85106105093169,pre,999.891785,,,
85106095190272,Gyro,0.767173,0.156175,-3.599343,
85106115377527,Gyro,0.896078,0.181849,-3.572604,
85106120596005,pre,999.890991,,,
85106085096647,Lacc,-7.248363,0.909780,-0.329336,
85106085096647,GameRo,-0.539354,0.377653,0.264154,0.704768
85106105283902,Lacc,-5.884506,1.337300,-0.681145,
85106105283902,GameRo,-0.539243,0.377966,0.264389,0.704597
85106136342979,pre,999.886536,,,
85106151967884,pre,999.894775,,,
85106135503749,Gyro,1.013275,0.171473,-3.498640,
85106155629970,Gyro,1.153221,0.103629,-3.336878,
85106125440639,Lacc,-5.478415,2.936529,-0.922401,
85106125440639,GameRo,-0.554677,0.344628,0.205137,0.729029
85106145566859,Lacc,-4.476150,4.094867,-1.032126,
85106145566859,GameRo,-0.554477,0.345135,0.205560,0.728822
85106167592788,pre,999.892517,,,
85106183217693,pre,999.893982,,,
85106175771448,Gyro,1.187808,0.055739,-3.064037,
85106195912925,Gyro,1.073005,0.000266,-2.720825,
85106165700708,Lacc,-3.816928,6.501319,-1.472186,
85106165700708,GameRo,-0.562328,0.312772,0.145615,0.751503
85106185842187,Lacc,-1.902475,7.675475,-1.462762,
85106198812080,pre,999.900757,,,
85106185842187,GameRo,-0.561995,0.313545,0.146297,0.751298
85106214467503,pre,999.900757,,,
85106230000855,pre,999.905273,,,
85106215993371,Gyro,0.920023,-0.025541,-2.390117,
85106236073816,Gyro,0.857765,-0.048555,-2.066592,
85106205953149,Lacc,-1.237035,8.649148,-1.846146,
85106205953149,GameRo,-0.561732,0.283850,0.093345,0.771475
85106226033593,Lacc,-0.463224,8.314570,-1.910144,
85106226033593,GameRo,-0.561393,0.284723,0.094091,0.771309
85106245717313,pre,999.905273,,,
85106261342217,pre,999.900757,,,
85106256291587,Gyro,0.776884,-0.077422,-1.734155,
85106276509358,Gyro,0.633214,-0.091789,-1.405309,
85106277638505,pre,999.897034,,,
85106246182701,Lacc,-1.320380,8.409185,-2.419742,
85106246182701,GameRo,-0.559690,0.260287,0.053897,0.784916
85106266400474,Lacc,-1.459569,8.258659,-2.814546,
85106266400474,GameRo,-0.559483,0.261238,0.054630,0.784697
85106292714096,pre,999.896240,,,
85106308247449,pre,999.892517,,,
85106296620320,Gyro,0.532379,-0.068776,-1.095886,
85106316731281,Gyro,0.387511,-0.057335,-0.773160,
85106286564841,Lacc,-2.051066,8.612069,-3.347088,
85106286564841,GameRo,-0.555732,0.242734,0.025826,0.794717
85106306675802,Lacc,-2.183850,8.753613,-3.251227,
85106306675802,GameRo,-0.555537,0.243751,0.026592,0.794517
85106323750284,pre,999.906738,,,
85106339466742,pre,999.895508,,,
85106355091647,pre,999.894775,,,
85106336826985,Gyro,0.155111,-0.039775,-0.402144,
85106356922688,Gyro,-0.019289,0.012638,-0.009844,
85106326779135,Lacc,-2.569314,9.133006,-3.165198,
85106326779135,GameRo,-0.552045,0.232350,0.009135,0.800735
85106346874839,Lacc,-2.392079,8.522690,-2.979211,
85106346874839,GameRo,-0.551806,0.233349,0.009898,0.800600
85106370716551,pre,999.898499,,,
85106386341456,pre,999.903748,,,
85106377109944,Gyro,-0.087932,0.086867,0.430080,
85106397297199,Gyro,-0.144203,0.176661,0.877454,
85106367016317,Lacc,-2.705290,7.750638,-2.956255,
85106367016317,GameRo,-0.551265,0.230125,0.005128,0.801949
85106387203570,Lacc,-3.189877,7.313109,-3.007669,
85106387203570,GameRo,-0.551102,0.231061,0.005818,0.801787
85106401874809,pre,999.892517,,,
85106417591266,pre,999.895508,,,
85106433124618,pre,999.895508,,,
85106417423418,Gyro,-0.182914,0.273639,1.323231,
85106437549637,Gyro,-0.290001,0.389906,1.764485,
85106407360307,Lacc,-3.749489,6.873855,-3.021405,
85106407360307,GameRo,-0.550201,0.239322,0.014130,0.799878
85106427486529,Lacc,-4.875001,6.530359,-2.920557,
85106427486529,GameRo,-0.550042,0.240218,0.014791,0.799706
85106449298837,pre,999.894775,,,
85106464465981,pre,999.906006,,,
85106457691117,Gyro,-0.436731,0.509764,2.229419,
85106477832596,Gyro,-0.429814,0.597030,2.687036,
85106447620379,Lacc,-5.872638,5.784361,-2.535479,
85106480090885,pre,999.896240,,,
85106447620379,GameRo,-0.546162,0.261189,0.035790,0.795114
85106467761858,Lacc,-6.971920,4.674907,-2.200979,
85106467761858,GameRo,-0.545987,0.261961,0.036372,0.794954
85106495715790,pre,999.906738,,,
85106511340695,pre,999.905273,,,
85106497974076,Gyro,-0.425025,0.673122,3.112460,
85106518115555,Gyro,-0.388442,0.755733,3.624086,
85106487903337,Lacc,-7.395094,3.549364,-1.306421,
85106487903337,GameRo,-0.540479,0.295921,0.070421,0.784445
85106508044814,Lacc,-10.319479,2.855925,-1.323179,
85106508044814,GameRo,-0.540277,0.296583,0.070943,0.784288
85106526874048,pre,999.900024,,,
85106542590505,pre,999.904480,,,
85106538195999,Gyro,-0.082877,0.771031,4.110836,
85106558276442,Gyro,0.192093,0.852444,4.436622,
85106558215410,pre,999.906738,,,
85106528155776,Lacc,-11.155607,0.818619,-1.167928,
85106528155776,GameRo,-0.527396,0.341568,0.116814,0.769116
85106548236221,Lacc,-10.109768,0.102640,-0.701188,
85106548236221,GameRo,-0.527251,0.342024,0.117167,0.768959
85106573779280,pre,999.908997,,,
85106589465219,pre,999.908997,,,
85106578463697,Gyro,0.275767,0.993720,4.546769,
85106598650952,Gyro,0.516548,1.091629,4.413475,
85106568370072,Lacc,-7.508832,-1.143795,0.438287,
85106568370072,GameRo,-0.498798,0.397498,0.173545,0.750385
85106588557327,Lacc,-7.541176,-1.734146,1.432417,
85106588557327,GameRo,-0.498666,0.397653,0.173718,0.750351
85106604968055,pre,999.920288,,,
85106620715029,pre,999.921753,,,
85106636217865,pre,999.922485,,,
85106618746656,Gyro,0.971771,1.086042,4.167240,
85106638842360,Gyro,1.311525,1.023386,3.887748,
85106651873286,pre,999.908264,,,
85106667467674,pre,999.906006,,,
85106658983837,Gyro,1.359814,0.978023,3.486402,
85106679125314,Gyro,1.035890,0.893018,2.954289,
85106683123096,pre,999.917236,,,
85106608698805,Lacc,-7.416859,-3.611304,2.521017,
85106608698805,GameRo,-0.458843,0.457991,0.228989,0.726134
85106628794507,Lacc,-7.345231,-3.096589,2.311412,
85106628794507,GameRo,-0.458777,0.457973,0.229039,0.726172
85106648913097,Lacc,-5.275931,-3.582113,1.474032,
85106648913097,GameRo,-0.409052,0.514734,0.268452,0.704030
85106698748001,pre,999.906006,,,
85106714464458,pre,999.910522,,,
85106699297312,Gyro,0.339488,0.777683,2.364442,
85106719469309,Gyro,-0.584659,0.633214,1.801068,
85106689211315,Lacc,-1.363502,-1.586304,0.709520,
85106689211315,GameRo,-0.409104,0.514640,0.268384,0.704095
85106709383312,Lacc,0.243923,-0.596141,1.069555,
85106709383312,GameRo,-0.409091,0.514507,0.268368,0.704206
85106730119880,pre,999.905273,,,
85106745714268,pre,999.909729,,,
85106739610788,Gyro,-1.228249,0.494732,1.363672,
85106759752267,Gyro,-1.481401,0.341084,1.082982,
85106762163142,pre,999.908264,,,
85106729540049,Lacc,2.012920,-2.442409,1.877641,
85106729540049,GameRo,-0.356130,0.576061,0.313776,0.665484
85106749681527,Lacc,2.865018,-2.917172,1.932083,
85106749681527,GameRo,-0.356334,0.575627,0.313554,0.665856
85106776964078,pre,999.911255,,,
85106792588982,pre,999.908997,,,
85106779893747,Gyro,-1.415420,0.232666,0.924413,
85106800035226,Gyro,-1.295694,0.145134,0.835417,
85106769823005,Lacc,3.731341,-3.828420,2.284329,
85106769823005,GameRo,-0.362118,0.581723,0.342464,0.642797
85106789964484,Lacc,4.046209,-4.035316,2.294838,
85106789964484,GameRo,-0.362421,0.581152,0.342154,0.643307
85106808213887,pre,999.908997,,,
85106823838792,pre,999.908264,,,
85106839463697,pre,999.903015,,,
85106820115670,Gyro,-0.938248,0.097111,0.824508,
85106840196114,Gyro,-0.430745,0.032858,0.808279,
85106810075446,Lacc,4.137806,-4.936859,2.201444,
85106810075446,GameRo,-0.371784,0.579826,0.368163,0.624528
85106830155890,Lacc,4.093702,-5.455667,2.147900,
85106830155890,GameRo,-0.372198,0.579229,0.367756,0.625074
85106855027567,pre,999.902283,,,
85106870713507,pre,999.903748,,,
85106860383369,Gyro,-0.045363,-0.036450,0.734847,
85106880570624,Gyro,0.209120,-0.127042,0.608737,
85106850289739,Lacc,4.053890,-6.107962,2.233088,
85106850289739,GameRo,-0.374409,0.579350,0.386888,0.611955
85106870476994,Lacc,3.845863,-6.489897,2.241372,
85106870476994,GameRo,-0.374869,0.578737,0.386452,0.612529
85106886429964,pre,999.903015,,,
85106901963316,pre,999.896240,,,
85106917588221,pre,999.898499,,,
85106900712103,Gyro,0.166418,-0.216570,0.407332,
85106920853582,Gyro,-0.043234,-0.280822,0.118262,
85106933182608,pre,999.897766,,,
85106890641361,Lacc,3.462601,-6.642588,1.986522,
85106890641361,GameRo,-0.366275,0.583047,0.394934,0.608216
85106910782841,Lacc,3.051793,-6.372526,1.624158,
85106910782841,GameRo,-0.366753,0.582519,0.394491,0.608721
85106948746479,pre,999.895508,,,
85106940934026,Gyro,-0.217368,-0.328313,-0.242377,
85106961014470,Gyro,-0.421566,-0.380860,-0.657159,
85106930893802,Lacc,2.404023,-6.589299,1.440760,
85106930893802,GameRo,-0.359311,0.583004,0.398416,0.610137
85106950974246,Lacc,1.125823,-6.576962,1.792346,
85106950974246,GameRo,-0.359740,0.582535,0.398027,0.610585
85106964462936,pre,999.901489,,,
85106979996288,pre,999.891785,,,
85106995621193,pre,999.894775,,,
85106981171207,Gyro,-0.481030,-0.401745,-1.008353,
85107001327944,Gyro,-0.328047,-0.367956,-1.346910,
85106971092836,Lacc,-0.400660,-6.980963,1.747685,
85106971092836,GameRo,-0.364307,0.573570,0.399175,0.615596
85106991249574,Lacc,-1.992497,-7.662523,1.788809,
85106991249574,GameRo,-0.364713,0.573171,0.398802,0.615967
85107011215581,pre,999.888733,,,
85107026871003,pre,999.896240,,,
85107021499941,Gyro,-0.050950,-0.326318,-1.685334,
85107041671939,Gyro,0.030330,-0.308891,-2.112354,
85107043350394,pre,999.888733,,,
85107011413941,Lacc,-3.527101,-7.849152,1.751874,
85107011413941,GameRo,-0.380123,0.555849,0.393442,0.625892
85107031585938,Lacc,-4.291808,-7.367255,1.328245,
85107031585938,GameRo,-0.380471,0.555542,0.393114,0.626160
85107058120812,pre,999.885010,,,
85107073837270,pre,999.897766,,,
85107061813416,Gyro,-0.178524,-0.274437,-2.679586,
85107081954893,Gyro,-0.322859,-0.260203,-3.127625,
85107051742676,Lacc,-4.112042,-5.315213,0.881036,
85107089340105,pre,999.893250,,,
85107051742676,GameRo,-0.397841,0.537259,0.373109,0.643323
85107071884156,Lacc,-5.543952,-4.547389,1.164065,
85107071884156,GameRo,-0.398021,0.537085,0.372931,0.643461
85107105087079,pre,999.888733,,,
85107120711984,pre,999.898499,,,
85107102035337,Gyro,-0.398153,-0.390172,-3.484673,
85107122115781,Gyro,-0.563374,-0.445644,-3.790637,
85107091995117,Lacc,-6.502691,-3.363795,1.851738,
85107091995117,GameRo,-0.428059,0.508926,0.340722,0.664581
85107112075561,Lacc,-5.583583,-2.880670,1.983429,
85107112075561,GameRo,-0.428085,0.508798,0.340677,0.664686
85107136336889,pre,999.881287,,,
85107151961794,pre,999.878235,,,
85107142303036,Gyro,-0.621508,-0.442718,-3.951069,
85107162490291,Gyro,-0.456021,-0.405736,-3.982863,
85107132209410,Lacc,-5.832579,-1.517950,1.266176,
85107132209410,GameRo,-0.466136,0.468691,0.300206,0.687694
85107152396665,Lacc,-6.472382,-1.738552,0.903530,
85107152396665,GameRo,-0.466101,0.468721,0.300245,0.687680
85107167525664,pre,999.878235,,,
85107183120051,pre,999.880493,,,
85107198836509,pre,999.890259,,,
85107182631770,Gyro,0.015697,-0.412786,-3.857151,
85107202773250,Gyro,0.349598,-0.429282,-3.644705,
85107172561033,Lacc,-8.304132,-0.703321,0.683552,
85107172561033,GameRo,-0.507822,0.420167,0.254348,0.707731
85107192702512,Lacc,-8.107307,-0.086958,0.372983,
85107192702512,GameRo,-0.507690,0.420380,0.254542,0.707630
85107214461413,pre,999.892517,,,
85107229994766,pre,999.888733,,,
85107222914729,Gyro,0.556989,-0.445777,-3.414433,
85107243056208,Gyro,0.546613,-0.436731,-3.238038,
85107247023470,pre,999.897766,,,
85107212843991,Lacc,-7.701003,1.642751,-0.393043,
85107212843991,GameRo,-0.534863,0.374775,0.203115,0.729527
85107232985471,Lacc,-6.007126,2.541099,-1.023508,
85107232985471,GameRo,-0.534701,0.375200,0.203452,0.729334
85107270003067,pre,999.893982,,,
85107263197688,Gyro,0.581998,-0.422098,-3.113923,
85107283339167,Gyro,0.563108,-0.372346,-3.043152,
85107253126949,Lacc,-4.859550,4.277417,-1.630103,
85107253126949,GameRo,-0.548383,0.334415,0.154306,0.750755
85107273268426,Lacc,-2.784283,5.243365,-1.633239,
85107273268426,GameRo,-0.548175,0.335031,0.154799,0.750530
85107286665564,pre,999.899231,,,
85107302382020,pre,999.906006,,,
85107318006925,pre,999.906006,,,
85107303465386,Gyro,0.435534,-0.264061,-2.977835,
85107323591606,Gyro,0.420103,-0.156973,-2.863963,
85107293402276,Lacc,-2.073338,6.511793,-1.940648,
85107293402276,GameRo,-0.557660,0.296419,0.109019,0.767637
85107313528497,Lacc,-1.069469,6.554480,-1.941913,
85107313528497,GameRo,-0.557441,0.297157,0.109606,0.767427
85107333631830,pre,999.908264,,,
85107349256735,pre,999.905273,,,
85107343733085,Gyro,0.511759,-0.102432,-2.678256,
85107363874565,Gyro,0.689618,-0.100835,-2.397433,
85107366193887,pre,999.908264,,,
85107333662347,Lacc,-1.599176,7.364008,-2.176085,
85107333662347,GameRo,-0.566771,0.261444,0.064546,0.778622
85107353803824,Lacc,-1.243419,7.632158,-2.238750,
85107353803824,GameRo,-0.566541,0.262315,0.065239,0.778438
85107380506544,pre,999.907532,,,
85107396131449,pre,999.903748,,,
85107384000784,Gyro,0.853775,-0.122120,-2.038257,
85107404127003,Gyro,0.766641,-0.149125,-1.636246,
85107373937673,Lacc,-1.921678,8.297422,-2.605087,
85107373937673,GameRo,-0.570840,0.232019,0.022924,0.787263
85107394063895,Lacc,-1.769757,8.480884,-2.721315,
85107394063895,GameRo,-0.570639,0.233008,0.023693,0.787094
85107411664803,pre,999.901489,,,
85107428266263,pre,999.906006,,,
85107443006164,pre,999.906006,,,
85107424222707,Gyro,0.555659,-0.154579,-1.219868,
85107444318411,Gyro,0.363300,-0.158570,-0.779944,
85107414174856,Lacc,-2.296001,8.367957,-3.052389,
85107414174856,GameRo,-0.565495,0.209608,-0.009263,0.797618
85107434270558,Lacc,-2.135830,8.174651,-2.960190,
85107434270558,GameRo,-0.565335,0.210609,-0.008512,0.797476
85107458570034,pre,999.895508,,,
85107474255973,pre,999.899231,,,
85107464505666,Gyro,0.176395,-0.132496,-0.321396,
85107484692921,Gyro,0.019688,-0.082744,0.170808,
85107454412036,Lacc,-2.453055,8.241127,-3.049297,
85107454412036,GameRo,-0.561540,0.196034,-0.026404,0.803459
85107474599291,Lacc,-2.756386,7.949095,-2.941068,
85107474599291,GameRo,-0.561368,0.197033,-0.025660,0.803359
85107489819844,pre,999.898499,,,
85107505505783,pre,999.894775,,,
85107521222240,pre,999.895508,,,
85107504834400,Gyro,-0.081413,-0.004523,0.729393,
85107524975880,Gyro,-0.153514,0.095514,1.359814,
85107494763659,Lacc,-3.526438,7.510142,-2.947818,
85107494763659,GameRo,-0.559891,0.193290,-0.027805,0.805226
85107514905138,Lacc,-4.325089,7.057254,-2.947807,
85107514905138,GameRo,-0.559750,0.194257,-0.027097,0.805115
85107536755593,pre,999.898499,,,
85107552380498,pre,999.900757,,,
85107545117357,Gyro,-0.230538,0.225217,2.010055,
85107565258834,Gyro,-0.320598,0.380860,2.595645,
85107568310577,pre,999.894775,,,
85107535046617,Lacc,-5.064131,6.557022,-2.845343,
85107535046617,GameRo,-0.557857,0.204930,-0.012483,0.804141
85107555188097,Lacc,-6.319994,5.767982,-2.717200,
85107555188097,GameRo,-0.557720,0.205837,-0.011820,0.804015
85107583660825,pre,999.898499,,,
85107599285730,pre,999.904480,,,
85107585385056,Gyro,-0.369286,0.498723,3.077473,
85107605511277,Gyro,-0.564704,0.557255,3.517663,
85107575321946,Lacc,-6.539872,4.506866,-2.369131,
85107575321946,GameRo,-0.552154,0.234533,0.021498,0.799786
85107595448165,Lacc,-8.001874,4.192294,-2.036165,
85107595448165,GameRo,-0.551990,0.235331,0.022091,0.799649
85107614880117,pre,999.906006,,,
85107630382953,pre,999.910522,,,
85107625606979,Gyro,-0.738439,0.607274,3.957721,
85107645702680,Gyro,-0.689884,0.547544,4.422654,
85107647259071,pre,999.908997,,,
85107615559127,Lacc,-9.742737,2.679289,-1.535729,
85107615559127,GameRo,-0.542243,0.278756,0.069704,0.789562
85107635654831,Lacc,-12.473225,1.441148,-1.468649,
85107635654831,GameRo,-0.542084,0.279432,0.070204,0.789388
85107661785349,pre,999.908997,,,
85107677379736,pre,999.921753,,,
85107665889935,Gyro,-0.692279,0.541558,4.843023,
85107686077191,Gyro,-0.806683,0.658356,5.064914,
85107655796310,Lacc,-11.597475,0.358643,-1.165296,
85107655796310,GameRo,-0.530098,0.331573,0.132036,0.769170
85107675983565,Lacc,-10.409632,0.565802,-0.908023,
85107675983565,GameRo,-0.529954,0.332069,0.132404,0.768992
85107693065677,pre,999.920288,,,
85107708629546,pre,999.915039,,,
85107724254451,pre,999.910522,,,
85107706157636,Gyro,-0.677645,0.786462,5.044028,
85107726238082,Gyro,-0.137019,0.840073,4.839431,
85107739848839,pre,999.918030,,,
85107696117414,Lacc,-8.656943,-1.322556,0.363173,
85107696117414,GameRo,-0.506711,0.389603,0.206710,0.740759
85107716197858,Lacc,-8.567221,-1.966418,1.712491,
85107716197858,GameRo,-0.506576,0.389759,0.206886,0.740721
85107755504261,pre,999.918030,,,
85107746440595,Gyro,0.478103,0.818921,4.470145,
85107766643108,Gyro,0.870536,0.796972,3.985124,
85107736339336,Lacc,-6.506209,-3.627695,2.802829,
85107736339336,GameRo,-0.477175,0.448237,0.277106,0.703278
85107756541849,Lacc,-4.741351,-2.942656,1.986216,
85107756541849,GameRo,-0.477150,0.448147,0.277102,0.703354
85107771068131,pre,999.908264,,,
85107786662519,pre,999.908264,,,
85107802378975,pre,999.914246,,,
85107786769327,Gyro,1.140317,0.787527,3.426539,
85107806895547,Gyro,0.972702,0.765045,2.800642,
85107776706217,Lacc,-2.177917,-3.799610,0.693517,
85107776706217,GameRo,-0.432156,0.503285,0.324793,0.674132
85107796832438,Lacc,-0.748994,-2.401325,0.195750,
85107796832438,GameRo,-0.432302,0.503156,0.324634,0.674212
85107818003880,pre,999.906738,,,
85107833506716,pre,999.908997,,,
85107827037026,Gyro,0.350795,0.712632,2.223033,
85107847178505,Gyro,-0.169345,0.604613,1.770206,
85107852580086,pre,999.906006,,,
85107816966288,Lacc,0.638417,-2.461281,0.850957,
85107816966288,GameRo,-0.387345,0.548641,0.350058,0.653006
85107837107768,Lacc,1.470683,-2.367304,1.207656,
85107837107768,GameRo,-0.387497,0.548351,0.349898,0.653245
85107864878595,pre,999.906006,,,
85107880442465,pre,999.908264,,,
85107867304727,Gyro,-0.656494,0.436332,1.437901,
85107887430948,Gyro,-0.948757,0.311951,1.220533,
85107857241617,Lacc,1.788223,-3.405166,1.432937,
85107857241617,GameRo,-0.365369,0.574960,0.368986,0.632279
85107877367837,Lacc,2.129020,-3.933993,1.301399,
85107877367837,GameRo,-0.365670,0.574573,0.368696,0.632625
85107896158922,pre,999.905273,,,
85107911753309,pre,999.893982,,,
85107907526650,Gyro,-1.049060,0.224685,1.102803,
85107927622352,Gyro,-1.002367,0.161496,1.060766,
85107927378214,pre,999.900757,,,
85107897478798,Lacc,2.406734,-4.807175,1.427055,
85107897478798,GameRo,-0.362241,0.583668,0.391252,0.612401
85107917574502,Lacc,2.627766,-5.138685,1.535550,
85107917574502,GameRo,-0.362636,0.583197,0.390890,0.612847
85107943003119,pre,999.900757,,,
85107958628024,pre,999.893982,,,
85107947809607,Gyro,-0.882775,0.109349,1.008886,
85107967996862,Gyro,-0.693742,0.065982,0.908848,
85107937715981,Lacc,2.864250,-5.944570,1.797334,
85107937715981,GameRo,-0.364850,0.584559,0.414573,0.594394
85107957903236,Lacc,3.153310,-6.258718,1.866660,
85107957903236,GameRo,-0.365313,0.584000,0.414170,0.594940
85107974252929,pre,999.894775,,,
85107989877834,pre,999.898499,,,
85108005502738,pre,999.885010,,,
85107988123081,Gyro,-0.427552,0.041904,0.755600,
85108008249301,Gyro,-0.195817,0.027936,0.556590,
85107978059973,Lacc,3.210714,-6.785408,1.742026,
85107978059973,GameRo,-0.365039,0.584651,0.434840,0.579521
85107998186193,Lacc,3.081518,-6.833529,1.645973,
85107998186193,GameRo,-0.365550,0.584094,0.434409,0.580083
85108021249713,pre,999.890259,,,
85108036660997,pre,999.893250,,,
85108028345004,Gyro,-0.170808,-0.000931,0.323924,
85108048440708,Gyro,-0.090858,-0.050152,0.096312,
85108052560558,pre,999.890259,,,
85108018297154,Lacc,2.726525,-6.938691,1.664075,
85108018297154,GameRo,-0.362315,0.585888,0.446550,0.571014
85108038392858,Lacc,2.244905,-7.102905,2.040844,
85108038392858,GameRo,-0.362797,0.585325,0.446165,0.571585
85108068002358,pre,999.890991,,,
85108083627263,pre,999.893982,,,
85108068627963,Gyro,0.063854,-0.131964,-0.170675,
85108088815218,Gyro,0.096578,-0.230006,-0.505906,
85108058534337,Lacc,1.540335,-7.264721,2.571718,
85108058534337,GameRo,-0.361620,0.585298,0.450930,0.568612
85108078721592,Lacc,0.592152,-7.350184,2.718010,
85108078721592,GameRo,-0.362044,0.584745,0.450607,0.569167
85108099252167,pre,999.891785,,,
85108114877072,pre,999.890991,,,
85108108956697,Gyro,0.057468,-0.328180,-0.895945,
85108129098177,Gyro,-0.096711,-0.392167,-1.345447,
85108098885959,Lacc,-0.781441,-7.622882,2.326954,
85108131234395,pre,999.886536,,,
85108098885959,GameRo,-0.362871,0.581603,0.447763,0.574082
85108119027436,Lacc,-2.224755,-7.553350,1.879323,
85108119027436,GameRo,-0.363291,0.581185,0.447418,0.574510
85108146126882,pre,999.885742,,,
85108161751787,pre,999.889526,,,
85108149224396,Gyro,-0.404273,-0.404672,-1.926913,
85108169350616,Gyro,-0.643989,-0.380194,-2.494278,
85108139161285,Lacc,-3.111691,-6.595743,1.333377,
85108139161285,GameRo,-0.371414,0.570007,0.437728,0.587825
85108159287507,Lacc,-5.395341,-6.533782,1.521941,
85108159287507,GameRo,-0.371737,0.569710,0.437449,0.588116
85108177376692,pre,999.893250,,,
85108193001597,pre,999.893982,,,
85108208626501,pre,999.885010,,,
85108189446319,Gyro,-0.671526,-0.472383,-2.949101,
85108209542023,Gyro,-0.756265,-0.524530,-3.446759,
85108224129337,pre,999.890259,,,
85108239754242,pre,999.877502,,,
85108179398468,Lacc,-7.183655,-5.848766,1.848931,
85108179398468,GameRo,-0.396757,0.544997,0.420984,0.606906
85108229668242,Gyro,-0.859229,-0.486351,-3.874844,
85108249794462,Gyro,-0.642659,-0.404672,-4.171497,
85108199494170,Lacc,-6.334391,-5.065898,1.943281,
85108199494170,GameRo,-0.396952,0.544754,0.420805,0.607121
85108255409665,pre,999.878235,,,
85108219605132,Lacc,-6.194553,-3.331221,1.197276,
85108219605132,GameRo,-0.433916,0.507506,0.394131,0.631518
85108271126121,pre,999.869995,,,
85108286751026,pre,999.870789,,,
85108269981717,Gyro,-0.299712,-0.354653,-4.364121,
85108290168972,Gyro,0.203533,-0.335098,-4.385007,
85108259888091,Lacc,-7.720233,-3.787582,0.472136,
85108259888091,GameRo,-0.434045,0.507427,0.394005,0.631571
85108280075346,Lacc,-8.100154,-4.000017,0.167598,
85108280075346,GameRo,-0.434190,0.507361,0.393866,0.631612
85108302375931,pre,999.879761,,,
85108318000835,pre,999.873779,,,
85108310310451,Gyro,0.813068,-0.308891,-4.339911,
85108330451931,Gyro,1.143111,-0.249295,-4.251979,
85108300239713,Lacc,-7.762445,-0.153213,-0.430302,
85108300239713,GameRo,-0.517783,0.409835,0.289408,0.692950
85108320381190,Lacc,-5.953228,1.010785,-0.723573,
85108320381190,GameRo,-0.517688,0.410105,0.289589,0.692785
85108333564706,pre,999.877502,,,
85108349281163,pre,999.896240,,,
85108364875550,pre,999.888733,,,
85108350593410,Gyro,1.203107,-0.178790,-4.168171,
85108370734889,Gyro,1.258047,-0.168414,-4.036872,
85108340522668,Lacc,-5.774178,3.289808,-0.712290,
85108340522668,GameRo,-0.536664,0.364807,0.224223,0.727071
85108360664148,Lacc,-4.904455,3.691859,-0.641778,
85108360664148,GameRo,-0.536442,0.365265,0.224611,0.726885
85108380530973,pre,999.898499,,,
85108396125360,pre,999.895508,,,
85108390876369,Gyro,1.182088,-0.202070,-3.868193,
85108411017848,Gyro,0.902729,-0.276965,-3.598944,
85108380805627,Lacc,-4.486026,5.646022,-1.283401,
85108412970961,pre,999.903015,,,
85108380805627,GameRo,-0.546009,0.322735,0.156603,0.757094
85108400947106,Lacc,-2.862891,7.004839,-1.711357,
85108400947106,GameRo,-0.545707,0.323486,0.157221,0.756863
85108437354358,pre,999.906006,,,
85108431144067,Gyro,0.538365,-0.347337,-3.240433,
85108451270287,Gyro,0.164024,-0.352259,-2.841481,
85108421080956,Lacc,-2.479753,9.368911,-2.511217,
85108421080956,GameRo,-0.550361,0.281790,0.094011,0.780295
85108441207175,Lacc,-1.419177,9.462204,-2.653556,
85108441207175,GameRo,-0.550019,0.282779,0.094801,0.780082
85108454657718,pre,999.903015,,,
85108470374176,pre,999.905273,,,
85108485999080,pre,999.908997,,,
85108471411766,Gyro,-0.010110,-0.296387,-2.339167,
85108491553246,Gyro,0.038711,-0.257542,-1.792155,
85108461341025,Lacc,-2.344879,9.209416,-3.097114,
85108461341025,GameRo,-0.558697,0.243563,0.046883,0.791414
85108481482504,Lacc,-2.278904,8.461679,-3.136720,
85108481482504,GameRo,-0.558509,0.244571,0.047627,0.791192
85108501623985,pre,999.905273,,,
85108517187855,pre,999.895508,,,
85108511694723,Gyro,0.085537,-0.230272,-1.290905,
85108531836200,Gyro,0.105225,-0.195152,-0.823577,
85108534186043,pre,999.903015,,,
85108548376631,pre,999.898499,,,
85108564001535,pre,999.900757,,,
85108551916646,Gyro,0.095248,-0.138748,-0.342947,
85108571997092,Gyro,0.049087,-0.047225,0.155909,
85108579626440,pre,999.905273,,,
85108501623983,Lacc,-2.965322,8.896822,-3.117225,
85108501623983,GameRo,-0.568955,0.215532,0.016084,0.793459
85108521765463,Lacc,-2.751915,9.076687,-3.024075,
85108521765463,GameRo,-0.568747,0.216584,0.016884,0.793305
85108541876424,Lacc,-3.274122,8.889145,-2.981927,
85108541876424,GameRo,-0.572052,0.200310,0.000756,0.795382
85108595373414,pre,999.896240,,,
85108610998319,pre,999.897766,,,
85108592138569,Gyro,0.021950,0.055606,0.651838,
85108612280046,Gyro,0.024477,0.155377,1.139386,
85108582067829,Lacc,-3.771127,7.730984,-2.844847,
85108582067829,GameRo,-0.571899,0.201299,0.001496,0.795241
85108602209309,Lacc,-4.170239,7.299065,-2.789535,
85108602209309,GameRo,-0.571757,0.202261,0.002213,0.795098
85108626623224,pre,999.894775,,,
85108642248129,pre,999.897034,,,
85108632467301,Gyro,0.004523,0.267919,1.626535,
85108652654557,Gyro,-0.010642,0.395493,2.096790,
85108622373676,Lacc,-4.296105,6.750879,-2.653419,
85108622373676,GameRo,-0.565451,0.220001,0.022434,0.794582
85108642560931,Lacc,-5.094410,6.180887,-2.472275,
85108642560931,GameRo,-0.565294,0.220883,0.023092,0.794431
85108657811999,pre,999.900757,,,
85108673497939,pre,999.903015,,,
85108689122843,pre,999.905273,,,
85108672796036,Gyro,-0.022615,0.515218,2.540572,
85108692937515,Gyro,-0.088597,0.592640,3.048340,
85108704717230,pre,999.905273,,,
85108662725298,Lacc,-5.416565,5.252324,-2.033911,
85108662725298,GameRo,-0.557203,0.245816,0.047914,0.791709
85108682866778,Lacc,-6.958144,4.729260,-1.679649,
85108682866778,GameRo,-0.557002,0.246589,0.048509,0.791574
85108720281101,pre,999.897766,,,
85108713063737,Gyro,-0.132629,0.637205,3.623288,
85108733189958,Gyro,-0.053477,0.699063,4.185465,
85108703000627,Lacc,-8.804251,3.337599,-1.456123,
85108703000627,GameRo,-0.543891,0.284973,0.085099,0.784686
85108735906006,pre,999.908264,,,
85108723126846,Lacc,-10.946930,1.975825,-1.514814,
85108723126846,GameRo,-0.543731,0.285636,0.085588,0.784502
85108751622463,pre,999.905273,,,
85108767247368,pre,999.908264,,,
85108753331435,Gyro,0.062523,0.810674,4.679132,
85108773472913,Gyro,0.034321,0.939046,4.922574,
85108743260696,Lacc,-10.481138,0.134517,-1.054639,
85108743260696,GameRo,-0.523718,0.336130,0.138204,0.770478
85108763402175,Lacc,-9.850677,0.377845,-0.584637,
85108763402175,GameRo,-0.523570,0.336594,0.138548,0.770314
85108782872273,pre,999.917236,,,
85108798497177,pre,999.924744,,,
85108793614392,Gyro,0.116134,1.027509,4.862711,
85108813755871,Gyro,0.292795,0.980817,4.516173,
85108783543654,Lacc,-8.249013,-0.932486,0.495881,
85108815129156,pre,999.918030,,,
85108783543654,GameRo,-0.490148,0.398322,0.202463,0.748400
85108803685134,Lacc,-8.198397,-0.806039,1.501390,
85108803685134,GameRo,-0.489986,0.398518,0.202672,0.748346
85108829655435,pre,999.913513,,,
85108845371892,pre,999.910522,,,
85108833882093,Gyro,0.238120,0.871600,4.005610,
85108854008314,Gyro,-0.053211,0.782072,3.426140,
85108860874728,pre,999.911987,,,
85108823818983,Lacc,-6.104774,-1.796685,2.056872,
85108823818983,GameRo,-0.450980,0.460289,0.263055,0.718021
85108843945203,Lacc,-4.679609,-1.329063,1.255411,
85108843945203,GameRo,-0.450923,0.460300,0.263109,0.718029
85108876621702,pre,999.908997,,,
85108892246607,pre,999.904480,,,
85108874180310,Gyro,-0.364763,0.730990,2.833367,
85108894352305,Gyro,-0.569627,0.668333,2.303648,
85108864094311,Lacc,-2.927472,-2.567887,0.756416,
85108864094311,GameRo,-0.414849,0.507507,0.308863,0.689159
85108884266308,Lacc,-1.449589,-2.414147,0.965897,
85108884266308,GameRo,-0.414946,0.507352,0.308749,0.689267
85108907871511,pre,999.906006,,,
85108923496416,pre,999.917236,,,
85108914463266,Gyro,-0.933858,0.590379,1.893390,
85108934574228,Gyro,-1.225189,0.526924,1.588622,
85108904407787,Lacc,0.237206,-2.436885,1.720106,
85108904407787,GameRo,-0.396752,0.536323,0.344246,0.660637
85108924518749,Lacc,1.473052,-2.255995,1.813596,
85108924518749,GameRo,-0.396855,0.535978,0.344129,0.660915
85108939182356,pre,999.917236,,,
85108954746226,pre,999.911255,,,
85108970371131,pre,999.917236,,,
85108954715707,Gyro,-1.180625,0.438328,1.395997,
85108974857186,Gyro,-0.885036,0.373942,1.316580,
85108944644968,Lacc,2.358528,-3.532657,1.927088,
85108944644968,GameRo,-0.394200,0.550299,0.373961,0.633981
85108964786446,Lacc,2.928258,-4.016655,1.851513,
85108964786446,GameRo,-0.394478,0.549798,0.373686,0.634404
85108985904483,pre,999.908997,,,
85109001620940,pre,999.908264,,,
85108994983406,Gyro,-0.595168,0.321529,1.302213,
85109015109625,Gyro,-0.317139,0.253020,1.333740,
85109017856194,pre,999.906738,,,
85108984920295,Lacc,3.234183,-4.730390,2.010577,
85108984920295,GameRo,-0.397349,0.556520,0.399967,0.610268
85109005046517,Lacc,3.247089,-5.054154,2.034264,
85109005046517,GameRo,-0.397700,0.555951,0.399642,0.610770
85109032748681,pre,999.909729,,,
85109049289107,pre,999.903015,,,
85109035251105,Gyro,-0.017959,0.169744,1.366332,
85109055392584,Gyro,0.224418,0.084739,1.318176,
85109025180367,Lacc,3.188051,-5.982548,2.095521,
85109025180367,GameRo,-0.392477,0.565042,0.418655,0.592805
85109045321846,Lacc,3.068713,-6.389872,2.017209,
85109045321846,GameRo,-0.392916,0.564451,0.418266,0.593352
85109064120560,pre,999.906738,,,
85109079745465,pre,999.900757,,,
85109075473028,Gyro,0.323125,0.001729,1.199382,
85109095553471,Gyro,0.284680,-0.082211,1.000239,
85109095370370,pre,999.889526,,,
85109065432808,Lacc,2.687922,-7.128730,1.849586,
85109065432808,GameRo,-0.378719,0.576551,0.432354,0.580715
85109085513252,Lacc,2.219162,-7.131916,1.656481,
85109085513252,GameRo,-0.379214,0.576012,0.431928,0.581244
85109119692731,pre,999.900757,,,
85109115786502,Gyro,0.164955,-0.131432,0.696269,
85109136019533,Gyro,0.054142,-0.180785,0.316873,
85109105669989,Lacc,1.814190,-7.554914,1.644113,
85109105669989,GameRo,-0.362047,0.586957,0.441319,0.574144
85109138033684,pre,999.894775,,,
85109125903020,Lacc,1.103966,-7.504243,1.915563,
85109125903020,GameRo,-0.362536,0.586436,0.440921,0.574673
85109152102202,pre,999.898499,,,
85109167727107,pre,999.894775,,,
85109156115237,Gyro,-0.133028,-0.235992,-0.157638,
85109176210940,Gyro,-0.336561,-0.267786,-0.707311,
85109183229942,pre,999.890991,,,
85109146067386,Lacc,0.428121,-7.454970,2.115969,
85109146067386,GameRo,-0.352521,0.590156,0.447174,0.572259
85109166163087,Lacc,-0.282040,-7.554481,2.031675,
85109166163087,GameRo,-0.352987,0.589673,0.446806,0.572757
85109198976917,pre,999.893982,,,
85109214601822,pre,999.890991,,,
85109196306644,Gyro,-0.407598,-0.274969,-1.250598,
85109216402348,Gyro,-0.500053,-0.262065,-1.778586,
85109186258790,Lacc,-1.039420,-7.758574,1.725943,
85109186258790,GameRo,-0.356165,0.583102,0.447218,0.577178
85109206354494,Lacc,-1.488290,-7.617154,1.522839,
85109206354494,GameRo,-0.356628,0.582683,0.446840,0.577609
85109230135174,pre,999.890991,,,
85109245851631,pre,999.887268,,,
85109236589603,Gyro,-0.539163,-0.181184,-2.298993,
85109256776858,Gyro,-0.313946,-0.173469,-2.648458,
85109226495973,Lacc,-2.190899,-6.828670,1.234964,
85109226495973,GameRo,-0.375233,0.565286,0.437612,0.590041
85109246683228,Lacc,-4.687273,-7.021606,1.586124,
85109246683228,GameRo,-0.375584,0.564956,0.437310,0.590357
85109261384984,pre,999.890991,,,
85109277101441,pre,999.892517,,,
85109292726346,pre,999.888000,,,
85109276903077,Gyro,0.077156,-0.277364,-2.888706,
85109297029297,Gyro,0.274969,-0.339754,-3.148510,
85109266839965,Lacc,-5.932673,-5.969214,1.884840,
85109266839965,GameRo,-0.407112,0.539284,0.415489,0.608935
85109286966185,Lacc,-5.599587,-5.257449,1.690539,
85109286966185,GameRo,-0.407321,0.539034,0.415293,0.609150
85109308259698,pre,999.885010,,,
85109323976155,pre,999.885742,,,
85109317170776,Gyro,0.367025,-0.380727,-3.374259,
85109337312255,Gyro,0.460011,-0.410924,-3.510879,
85109339875717,pre,999.886536,,,
85109307100034,Lacc,-5.819951,-3.865965,1.129332,
85109307100034,GameRo,-0.434622,0.511270,0.379410,0.636989
85109327241514,Lacc,-6.798545,-3.649894,0.705419,
85109327241514,GameRo,-0.434737,0.511175,0.379293,0.637057
85109355225965,pre,999.888733,,,
85109370850870,pre,999.890991,,,
85109357453735,Gyro,0.718352,-0.453759,-3.534026,
85109377595214,Gyro,1.040679,-0.510296,-3.540012,
85109347382993,Lacc,-7.901814,-2.362952,0.179760,
85109347382993,GameRo,-0.460889,0.478135,0.334078,0.668850
85109367524472,Lacc,-7.272797,-2.108181,0.148668,
85109367524472,GameRo,-0.460912,0.478176,0.334066,0.668811
85109386353705,pre,999.886536,,,
85109402100680,pre,999.880493,,,
85109397675658,Gyro,1.188873,-0.534640,-3.564223,
85109417756101,Gyro,1.189804,-0.567631,-3.600274,
85109417725585,pre,999.883484,,,
85109387635434,Lacc,-6.568231,-0.292899,-0.082580,
85109387635434,GameRo,-0.480170,0.443051,0.282589,0.702344
85109407715878,Lacc,-5.379608,0.291496,-0.376745,
85109407715878,GameRo,-0.480098,0.443243,0.282711,0.702222
85109433258937,pre,999.889526,,,
85109449250051,pre,999.900757,,,
85109437943356,Gyro,1.176501,-0.573085,-3.662398,
85109458130612,Gyro,1.095487,-0.556457,-3.664926,
85109427849727,Lacc,-4.500896,2.132182,-1.195484,
85109427849727,GameRo,-0.490218,0.407140,0.226272,0.736699
85109448036982,Lacc,-2.946226,3.155050,-1.560710,
85109448036982,GameRo,-0.490075,0.407567,0.226553,0.736471
85109464600299,pre,999.896240,,,
85109480225204,pre,999.899231,,,
85109495850109,pre,999.900757,,,
85109478226313,Gyro,0.959133,-0.500319,-3.616104,
85109498322015,Gyro,0.962459,-0.509897,-3.489861,
85109511444496,pre,999.903748,,,
85109468178461,Lacc,-2.788163,4.975043,-2.043787,
85109468178461,GameRo,-0.498527,0.367553,0.167942,0.766923
85109488274165,Lacc,-2.444431,5.023949,-2.039798,
85109488274165,GameRo,-0.498309,0.368167,0.168379,0.766675
85109527008366,pre,999.900757,,,
85109518509270,Gyro,0.885169,-0.576810,-3.291649,
85109538696525,Gyro,0.772894,-0.632549,-3.017744,
85109508415644,Lacc,-2.996374,6.232060,-2.600516,
85109508415644,GameRo,-0.507026,0.327362,0.110954,0.789587
85109528602899,Lacc,-2.274444,6.430347,-2.840760,
85109528602899,GameRo,-0.506799,0.328162,0.111511,0.789323
85109542602753,pre,999.906006,,,
85109558349728,pre,999.902283,,,
85109573944115,pre,999.894775,,,
85109558822746,Gyro,0.548874,-0.713563,-2.642870,
85109578948968,Gyro,0.155377,-0.749614,-2.201616,
85109548759637,Lacc,-2.825942,7.578540,-3.477890,
85109548759637,GameRo,-0.511654,0.287811,0.060497,0.807289
85109568885856,Lacc,-2.379453,8.270710,-3.659311,
85109568885856,GameRo,-0.511396,0.288810,0.061192,0.807043
85109589599538,pre,999.903015,,,
85109605224443,pre,999.900757,,,
85109599090445,Gyro,-0.129170,-0.709040,-1.753444,
85109619231922,Gyro,-0.246900,-0.634810,-1.302745,
85109589019705,Lacc,-2.751782,8.486016,-3.950131,
85109621429178,pre,999.898499,,,
85109589019705,GameRo,-0.516515,0.251883,0.024592,0.818023
85109609161185,Lacc,-2.395223,7.898887,-3.758277,
85109609161185,GameRo,-0.516314,0.252905,0.025280,0.817814
85109636382700,pre,999.897034,,,
85109652038123,pre,999.903015,,,
85109639373402,Gyro,-0.272176,-0.526126,-0.876389,
85109659514881,Gyro,-0.240914,-0.408263,-0.480764,
85109667693544,pre,999.892517,,,
85109629302664,Lacc,-2.827252,7.827252,-3.670548,
85109629302664,GameRo,-0.526753,0.224874,0.006713,0.819706
85109649444144,Lacc,-2.957523,7.542423,-3.669407,
85109649444144,GameRo,-0.526596,0.225892,0.007394,0.819521
85109683348967,pre,999.904480,,,
85109698973872,pre,999.895508,,,
85109679595325,Gyro,-0.229873,-0.279625,-0.087000,
85109699675769,Gyro,-0.227611,-0.125446,0.341084,
85109669555105,Lacc,-3.685293,7.492058,-3.696295,
85109669555105,GameRo,-0.534454,0.210032,0.001553,0.818684
85109689635549,Lacc,-4.044187,7.072647,-3.644251,
85109689635549,GameRo,-0.534337,0.211039,0.002221,0.818500
85109714598777,pre,999.896240,,,
85109730223682,pre,999.891785,,,
85109719863024,Gyro,-0.233730,0.046294,0.813068,
85109740050279,Gyro,-0.289070,0.237721,1.293167,
85109709769398,Lacc,-4.384081,6.648550,-3.478488,
85109709769398,GameRo,-0.538007,0.207754,0.006395,0.816912
85109729956653,Lacc,-4.489189,6.423628,-3.270538,
85109729956653,GameRo,-0.537888,0.208707,0.007035,0.816743
85109745726516,pre,999.893982,,,
85109761473491,pre,999.890991,,,
85109777098396,pre,999.888733,,,
85109760145982,Gyro,-0.359442,0.439924,1.756105,
85109780241686,Gyro,-0.403740,0.655829,2.289814,
85109750098132,Lacc,-4.306341,5.897797,-2.965060,
85109750098132,GameRo,-0.537814,0.220689,0.022664,0.813350
85109770193833,Lacc,-5.826212,5.057373,-2.974210,
85109770193833,GameRo,-0.537713,0.221559,0.023242,0.813164
85109792692783,pre,999.895508,,,
85109808256653,pre,999.894775,,,
85109800428941,Gyro,-0.289336,0.780343,2.928216,
85109820616196,Gyro,-0.037647,0.945963,3.567815,
85109823942593,pre,999.896240,,,
85109790335312,Lacc,-7.484111,3.494137,-2.746805,
85109790335312,GameRo,-0.535255,0.249911,0.050512,0.805292
85109810522567,Lacc,-8.941421,2.444529,-2.412955,
85109810522567,GameRo,-0.535162,0.250656,0.051003,0.805091
85109839598016,pre,999.901489,,,
85109855161886,pre,999.913513,,,
85109840742416,Gyro,0.210717,1.121826,4.050973,
85109860868635,Gyro,0.250359,1.260708,4.253442,
85109830679305,Lacc,-7.873813,1.124539,-1.609520,
85109830679305,GameRo,-0.523599,0.296789,0.093076,0.793156
85109850805526,Lacc,-7.416734,1.077728,-1.148975,
85109850805526,GameRo,-0.523485,0.297318,0.093437,0.792991
85109870878342,pre,999.905273,,,
85109886472730,pre,999.906006,,,
85109881010114,Gyro,0.153648,1.385621,4.245860,
85109901151594,Gyro,0.235327,1.401984,4.125469,
85109902250222,pre,999.913513,,,
85109870939377,Lacc,-6.584266,0.330691,-0.645152,
85109870939377,GameRo,-0.495102,0.358796,0.145514,0.777795
85109891080856,Lacc,-7.782765,0.210867,-0.032932,
85109891080856,GameRo,-0.494957,0.359164,0.145789,0.777666
85109917753057,pre,999.916504,,,
85109933347445,pre,999.917236,,,
85109921293073,Gyro,0.398552,1.328020,3.901716,
85109941434552,Gyro,0.339089,1.257648,3.583512,
85109911222334,Lacc,-6.988071,-1.298480,0.918530,
85109911222334,GameRo,-0.463943,0.422357,0.196585,0.753476
85109931363812,Lacc,-5.895154,-1.098954,0.821794,
85109931363812,GameRo,-0.463854,0.422494,0.196708,0.753422
85109948972350,pre,999.914246,,,
85109964597254,pre,999.908997,,,
85109980222159,pre,999.909729,,,
85109961514996,Gyro,0.047890,1.195391,3.161680,
85109981595440,Gyro,-0.267121,1.140849,2.686636,
85109951474773,Lacc,-3.692928,-1.939622,0.832825,
85109951474773,GameRo,-0.428591,0.478568,0.238649,0.728237
85109971555219,Lacc,-2.310207,-1.281122,0.898282,
85109971555219,GameRo,-0.428584,0.478524,0.238644,0.728271
85109995816546,pre,999.908997,,,
85110011471969,pre,999.908997,,,
85110001782695,Gyro,-0.532379,1.088968,2.279703,
85110021969950,Gyro,-0.803623,0.992656,1.961899,
85109991689069,Lacc,-0.696543,-1.713726,1.643381,
85109991689069,GameRo,-0.403858,0.520993,0.273005,0.700666
85110011876324,Lacc,0.142700,-1.444141,1.785308,
85110011876324,GameRo,-0.403874,0.520758,0.272956,0.700851
85110027005321,pre,999.912781,,,
85110042721779,pre,999.911255,,,
85110058255131,pre,999.908997,,,
85110042111429,Gyro,-0.897674,0.900867,1.745329,
85110062252909,Gyro,-0.775155,0.832091,1.613232,
85110032040691,Lacc,1.062764,-2.685505,2.150024,
85110032040691,GameRo,-0.394506,0.549567,0.301110,0.672067
85110052182168,Lacc,1.533034,-3.193146,2.000429,
85110052182168,GameRo,-0.394680,0.549174,0.300900,0.672380
85110073971588,pre,999.913513,,,
85110089596493,pre,999.912781,,,
85110082394388,Gyro,-0.500452,0.785265,1.548182,
85110102535867,Gyro,-0.137152,0.726334,1.515723,
85110072323646,Lacc,1.994402,-4.150703,2.436671,
85110072323646,GameRo,-0.393193,0.568311,0.326468,0.644857
85110092465126,Lacc,2.175798,-4.324812,2.622739,
85110105129846,pre,999.916504,,,
85110092465126,GameRo,-0.393436,0.567803,0.326199,0.645292
85110120846303,pre,999.919495,,,
85110136471208,pre,999.911255,,,
85110122677345,Gyro,0.115601,0.616719,1.454929,
85110142818822,Gyro,0.133028,0.468259,1.354493,
85110152096113,pre,999.914246,,,
85110112606605,Lacc,2.351969,-4.909248,3.211449,
85110112606605,GameRo,-0.386724,0.586226,0.344577,0.622937
85110132748084,Lacc,2.355392,-4.689415,3.197542,
85110132748084,GameRo,-0.386976,0.585661,0.344322,0.623453
85110167721017,pre,999.916504,,,
85110162945044,Gyro,0.065716,0.318203,1.210556,
85110183071265,Gyro,-0.097111,0.177992,1.018330,
85110152881934,Lacc,2.397988,-5.263333,3.240164,
85110184414031,pre,999.913513,,,
85110152881934,GameRo,-0.372363,0.604514,0.355598,0.607831
85110173008153,Lacc,2.367011,-5.175225,3.006128,
85110173008153,GameRo,-0.372676,0.603957,0.355300,0.608367
85110198970827,pre,999.908264,,,
85110214595732,pre,999.917236,,,
85110203212744,Gyro,-0.334167,0.061060,0.758260,
85110223354224,Gyro,-0.530649,-0.072766,0.448837,
85110193142003,Lacc,2.147206,-5.606616,2.982156,
85110193142003,GameRo,-0.360108,0.615936,0.366595,0.597120
85110213283482,Lacc,1.440403,-5.843981,3.015168,
85110213283482,GameRo,-0.360453,0.615406,0.366281,0.597652
85110230129084,pre,999.922485,,,
85110245845542,pre,999.921021,,,
85110261470447,pre,999.910522,,,
85110243434667,Gyro,-0.680040,-0.207923,0.085404,
85110263515111,Gyro,-0.853243,-0.316740,-0.334167,
85110233394444,Lacc,0.756956,-6.224127,3.015395,
85110233394444,GameRo,-0.356758,0.617586,0.378811,0.589757
85110253474887,Lacc,0.006033,-6.247994,2.987808,
85110253474887,GameRo,-0.357101,0.617095,0.378509,0.590257
85110277095351,pre,999.915039,,,
85110292720256,pre,999.916504,,,
85110283702366,Gyro,-1.031101,-0.412387,-0.782605,
85110303889621,Gyro,-1.235166,-0.486750,-1.257249,
85110308223091,pre,999.911987,,,
85110273608737,Lacc,-1.136132,-6.297914,2.906083,
85110273608737,GameRo,-0.363943,0.608446,0.388818,0.588353
85110293795992,Lacc,-1.990924,-6.097541,2.703886,
85110293795992,GameRo,-0.364245,0.608028,0.388552,0.588774
85110323970066,pre,999.921753,,,
85110339594971,pre,999.919495,,,
85110324031099,Gyro,-1.473021,-0.484089,-1.740806,
85110344172576,Gyro,-1.396130,-0.518278,-2.140423,
85110313960359,Lacc,-2.964095,-5.320687,2.242499,
85110313960359,GameRo,-0.384329,0.587556,0.394059,0.593115
85110334101838,Lacc,-4.870240,-5.679262,2.833210,
85110334101838,GameRo,-0.384544,0.587207,0.393868,0.593449
85110355189358,pre,999.911987,,,
85110370844781,pre,999.908997,,,
85110364314055,Gyro,-1.260043,-0.709971,-2.480975,
85110384455535,Gyro,-1.497764,-0.849518,-2.875005,
85110354243318,Lacc,-5.378180,-4.889039,3.484160,
85110387110549,pre,999.906738,,,
85110354243318,GameRo,-0.419620,0.554424,0.392792,0.601871
85110374384797,Lacc,-3.818368,-3.594248,3.424302,
85110374384797,GameRo,-0.419677,0.554094,0.392740,0.602168
85110410822564,pre,999.898499,,,
85110404597014,Gyro,-1.796811,-0.897408,-3.301493,
85110424738493,Gyro,-1.879821,-0.867610,-3.637522,
85110428736273,pre,999.903015,,,
85110394526276,Lacc,-2.668344,-1.693750,2.515927,
85110394526276,GameRo,-0.456972,0.512406,0.381497,0.618932
85110414667756,Lacc,-3.049205,-1.335639,2.440455,
85110414667756,GameRo,-0.456910,0.512229,0.381544,0.619095
85110443201518,pre,999.906006,,,
85110458734870,pre,999.903015,,,
85110444864713,Gyro,-1.750784,-0.942504,-3.857151,
85110464990932,Gyro,-1.541397,-1.076464,-3.900252,
85110474329257,pre,999.906006,,,
85110490045715,pre,999.900024,,,
85110485086636,Gyro,-1.211753,-1.128877,-3.787844,
85110505182339,Gyro,-0.953413,-1.089767,-3.647366,
85110507043902,pre,999.898499,,,
85110434801605,Lacc,-5.040018,-0.142435,3.114799,
85110434801605,GameRo,-0.505975,0.454189,0.365721,0.635571
85110454927824,Lacc,-6.130098,-0.524758,3.238719,
85110454927824,GameRo,-0.505789,0.454130,0.365884,0.635667
85110475038786,Lacc,-6.384434,1.150302,2.604638,
85110475038786,GameRo,-0.554063,0.387926,0.340854,0.652952
85110521265007,pre,999.895508,,,
85110536950947,pre,999.906006,,,
85110525369595,Gyro,-0.603948,-1.020326,-3.466315,
85110545556850,Gyro,-0.235061,-0.978821,-3.306149,
85110515275969,Lacc,-4.995610,0.714553,2.125832,
85110515275969,GameRo,-0.553840,0.388023,0.341083,0.652964
85110535463224,Lacc,-4.353430,1.211739,1.961195,
85110535463224,GameRo,-0.553603,0.388139,0.341330,0.652966
85110552484299,pre,999.907532,,,
85110568292308,pre,999.900757,,,
85110583734109,pre,999.896240,,,
85110565637293,Gyro,-0.013303,-0.938115,-3.137868,
85110585717737,Gyro,0.122253,-0.899669,-2.936064,
85110555597073,Lacc,-4.719331,4.374166,1.324541,
85110555597073,GameRo,-0.603470,0.272095,0.279782,0.695349
85110575677517,Lacc,-3.272989,5.029469,0.992403,
85110575677517,GameRo,-0.603123,0.272593,0.280293,0.695249
85110599450566,pre,999.906006,,,
85110615075471,pre,999.903015,,,
85110605904992,Gyro,0.248896,-0.855903,-2.712178,
85110626092247,Gyro,0.361837,-0.823444,-2.423507,
85110632287280,pre,999.900024,,,
85110646203211,pre,999.900757,,,
85110595811367,Lacc,-3.062973,5.977129,0.527839,
85110595811367,GameRo,-0.612913,0.222158,0.248121,0.716532
85110615998622,Lacc,-2.434222,6.205916,0.138112,
85110615998622,GameRo,-0.612595,0.222814,0.248705,0.716399
85110661950186,pre,999.897034,,,
85110646233727,Gyro,0.413718,-0.799632,-2.097854,
85110666375206,Gyro,0.347736,-0.786862,-1.732293,
85110636162988,Lacc,-2.565674,7.124685,-0.510140,
85110636162988,GameRo,-0.615151,0.179413,0.219753,0.735601
85110656304465,Lacc,-1.943746,7.407544,-0.823763,
85110656304465,GameRo,-0.614892,0.180244,0.220409,0.735418
85110677575091,pre,999.896240,,,
85110693199996,pre,999.905273,,,
85110686516685,Gyro,0.259937,-0.803490,-1.297823,
85110706658165,Gyro,0.123317,-0.836215,-0.826371,
85110709801456,pre,999.893982,,,
85110676445944,Lacc,-2.218086,8.248593,-1.312102,
85110676445944,GameRo,-0.611759,0.145895,0.199181,0.751527
85110696587423,Lacc,-1.834732,8.682725,-1.524193,
85110696587423,GameRo,-0.611537,0.146887,0.199916,0.751319
85110724449805,pre,999.900757,,,
85110740074710,pre,999.890259,,,
85110726784384,Gyro,-0.080615,-0.873463,-0.328713,
85110746910603,Gyro,-0.297717,-0.898472,0.174001,
85110716721273,Lacc,-2.095661,9.000485,-2.002442,
85110716721273,GameRo,-0.607920,0.121667,0.191471,0.760900
85110736847495,Lacc,-2.008266,8.672337,-2.227309,
85110736847495,GameRo,-0.607817,0.122714,0.192181,0.760636
85110755669097,pre,999.898499,,,
85110771324520,pre,999.888733,,,
85110767006307,Gyro,-0.500053,-0.915899,0.652104,
85110787102011,Gyro,-0.723141,-0.924413,1.085643,
85110786949425,pre,999.891785,,,
85110802452259,pre,999.884277,,,
85110756958456,Lacc,-2.265078,8.217052,-2.420813,
85110756958456,GameRo,-0.606705,0.106953,0.200304,0.761806
85110777054158,Lacc,-2.860999,7.756544,-2.508187,
85110777054158,GameRo,-0.606700,0.107956,0.200936,0.761502
85110818199234,pre,999.895508,,,
85110807243490,Gyro,-0.944500,-0.928270,1.490580,
85110827384969,Gyro,-1.105996,-0.893417,1.887669,
85110833702069,pre,999.883484,,,
85110797172748,Lacc,-3.408083,7.224858,-2.707943,
85110797172748,GameRo,-0.609558,0.101673,0.225142,0.753268
85110817314228,Lacc,-4.121644,6.687353,-2.991752,
85110817314228,GameRo,-0.609658,0.102620,0.225680,0.752897
85110849357492,pre,999.885742,,,
85110865073949,pre,999.885010,,,
85110847511189,Gyro,-1.206831,-0.827967,2.278240,
85110867637408,Gyro,-1.336534,-0.732852,2.671471,
85110837448077,Lacc,-4.266472,5.800895,-2.849786,
85110837448077,GameRo,-0.616710,0.104175,0.263088,0.734576
85110857574297,Lacc,-5.524444,4.880089,-2.853334,
85110857574297,GameRo,-0.616830,0.104995,0.263521,0.734203
85110880607301,pre,999.883484,,,
85110896232206,pre,999.886536,,,
85110887824663,Gyro,-1.491645,-0.661283,3.136538,
85110908011918,Gyro,-1.495236,-0.603815,3.659871,
85110877731034,Lacc,-7.346828,3.298536,-2.796672,
85110912345389,pre,999.892517,,,
85110877731034,GameRo,-0.624935,0.116194,0.310886,0.706615
85110897918289,Lacc,-9.564863,2.234173,-2.952846,
85110897918289,GameRo,-0.625056,0.116901,0.311223,0.706243
85110927573568,pre,999.885010,,,
85110943198473,pre,999.892517,,,
85110928153398,Gyro,-1.473287,-0.494998,4.033546,
85110948294877,Gyro,-1.779252,-0.345208,4.172960,
85110918082656,Lacc,-8.599922,1.024446,-2.397503,
85110918082656,GameRo,-0.633239,0.139181,0.368385,0.666280
85110938224135,Lacc,-7.073235,1.202643,-1.730810,
85110938224135,GameRo,-0.633303,0.139691,0.368611,0.665988
85110958731826,pre,999.893250,,,
85110974448283,pre,999.890991,,,
85110968436354,Gyro,-2.263607,-0.220960,4.068666,
85110988577832,Gyro,-2.366172,-0.191294,3.846376,
85110958365615,Lacc,-5.388949,0.671747,-1.130037,
85110990805604,pre,999.888000,,,
85110958365615,GameRo,-0.636050,0.174167,0.432365,0.614953
85110978507094,Lacc,-5.500896,0.397357,-0.746199,
85110978507094,GameRo,-0.636061,0.174491,0.432500,0.614754
85111005698093,pre,999.885010,,,
85111021384032,pre,999.888733,,,
85111008658278,Gyro,-2.074574,-0.214042,3.660669,
85111028738723,Gyro,-2.098120,-0.224418,3.571806,
85111036825832,pre,999.885010,,,
85110998618056,Lacc,-4.806402,-0.984710,0.263553,
85110998618056,GameRo,-0.645847,0.202751,0.491482,0.547923
85111018698499,Lacc,-4.791301,-1.107104,0.440172,
85111018698499,GameRo,-0.645811,0.202858,0.491552,0.547863
85111052481255,pre,999.887268,,,
85111068106160,pre,999.888000,,,
85111048880201,Gyro,-3.069891,-0.277630,3.272758,
85111069021678,Gyro,-4.214066,-0.577874,2.888440,
85111038809461,Lacc,-3.889644,-2.150745,0.414057,
85111038809461,GameRo,-0.649033,0.226723,0.540796,0.484658
85111058950940,Lacc,-3.462909,1.208251,1.025799,
85111058950940,GameRo,-0.648900,0.226891,0.540964,0.484568
85111083822617,pre,999.893982,,,
85111099417004,pre,999.890991,,,
85111089208933,Gyro,-3.020537,-1.124886,2.844674,
85111109396188,Gyro,-5.031790,-0.918825,3.044881,
85111115133461,pre,999.890991,,,
85111079115307,Lacc,-3.306384,-5.786891,0.041116,
85111079115307,GameRo,-0.660398,0.227485,0.591298,0.403103
85111099302563,Lacc,-0.574844,-0.370416,-2.078655,
85111099302563,GameRo,-0.660589,0.227549,0.591115,0.403021
85111130666814,pre,999.898499,,,
85111146261201,pre,999.900024,,,
85111129537667,Gyro,-5.109745,-1.040147,2.315754,
85111149679147,Gyro,-1.923986,-1.758100,2.319346,
85111119466930,Lacc,0.327282,-4.063462,-1.960067,
85111119466930,GameRo,-0.658004,0.215969,0.641200,0.330532
85111139608409,Lacc,0.109107,-6.953871,-2.047419,
85111139608409,GameRo,-0.658342,0.215463,0.640836,0.330893
85111161886105,pre,999.895508,,,
85111177480493,pre,999.900757,,,
85111169805368,Gyro,0.286410,-1.395864,1.988372,
85111189931590,Gyro,-1.729632,-0.412387,1.919995,
85111159742259,Lacc,1.394013,-7.469784,-0.395275,
85111159742259,GameRo,-0.663705,0.173637,0.686989,0.239567
85111179868478,Lacc,2.376608,-4.142376,-0.727395,
85111179868478,GameRo,-0.663912,0.173118,0.686786,0.239949
85111193105398,pre,999.895508,,,
85111208821856,pre,999.888733,,,
85111224324690,pre,999.897766,,,
85111210027291,Gyro,-1.720054,-0.187171,1.902037,
85111230122993,Gyro,-0.523333,-0.408662,1.668306,
85111199979439,Lacc,1.969303,-8.678436,-0.988914,
85111199979439,GameRo,-0.641401,0.190686,0.711926,0.213084
85111220075143,Lacc,0.569896,-9.688086,-0.776225,
85111220075143,GameRo,-0.641693,0.189895,0.711703,0.213658
85111240071665,pre,999.900757,,,
85111255605018,pre,999.898499,,,
85111250310248,Gyro,0.077289,-0.388575,1.436704,
85111270497503,Gyro,-0.616719,-0.137817,1.171845,
85111272175962,pre,999.900757,,,
85111240216622,Lacc,1.644037,-9.460135,-0.361542,
85111240216622,GameRo,-0.638182,0.188275,0.727383,0.167898
85111260403878,Lacc,2.852833,-7.574422,0.345280,
85111260403878,GameRo,-0.638354,0.187414,0.727311,0.168519
85111286946380,pre,999.900757,,,
85111302571285,pre,999.907532,,,
85111290623722,Gyro,-1.204836,-0.005321,0.709439,
85111310749942,Gyro,-1.419676,0.081014,0.241313,
85111280560615,Lacc,3.435398,-8.314541,0.738507,
85111280560615,GameRo,-0.627086,0.204348,0.736245,0.151487
85111300686834,Lacc,3.390311,-8.682183,0.920125,
85111300686834,GameRo,-0.627235,0.203382,0.736244,0.152173
85111318226706,pre,999.906006,,,
85111333821094,pre,999.905273,,,
85111349354447,pre,999.903748,,,
85111330845646,Gyro,-1.184616,0.017427,-0.173203,
85111350941349,Gyro,-0.783669,-0.137152,-0.522668,
85111320797796,Lacc,1.733927,-9.628852,0.913043,
85111320797796,GameRo,-0.629260,0.190904,0.742728,0.126270
85111340893499,Lacc,-0.749726,-10.771806,1.298187,
85111340893499,GameRo,-0.629419,0.190025,0.742712,0.126892
85111365101421,pre,999.906006,,,
85111380695809,pre,999.907532,,,
85111371128604,Gyro,-0.971372,-0.099638,-0.838742,
85111391315859,Gyro,-1.342254,0.077555,-1.267093,
85111361034979,Lacc,-1.745873,-10.240306,1.464020,
85111361034979,GameRo,-0.633164,0.169020,0.746251,0.116811
85111381222234,Lacc,-1.806258,-9.959476,1.719077,
85111396412265,pre,999.903015,,,
85111381222234,GameRo,-0.633260,0.168215,0.746263,0.117376
85111411854066,pre,999.897034,,,
85111428272423,pre,999.888733,,,
85111411396303,Gyro,-1.633187,0.301309,-1.796944,
85111431476747,Gyro,-1.455062,0.450699,-2.271456,
85111401356083,Lacc,-2.258994,-9.005526,2.251279,
85111401356083,GameRo,-0.637230,0.140407,0.748371,0.119014
85111421436527,Lacc,-3.414075,-9.099399,3.041991,
85111421436527,GameRo,-0.637209,0.139712,0.748443,0.119498
85111443073358,pre,999.883484,,,
85111458728781,pre,999.872986,,,
85111451664002,Gyro,-0.848321,0.460410,-2.732398,
85111471851257,Gyro,-0.465066,0.438461,-3.102749,
85111441570376,Lacc,-3.204784,-8.310619,3.863566,
85111441570376,GameRo,-0.650502,0.090741,0.743414,0.126286
85111474475755,pre,999.875244,,,
85111461757631,Lacc,-2.532041,-7.349986,3.858827,
85111461757631,GameRo,-0.650341,0.090160,0.743554,0.126711
85111490070143,pre,999.864746,,,
85111505695048,pre,999.867737,,,
85111491992736,Gyro,-0.193024,0.396823,-3.413769,
85111512134216,Gyro,0.234396,0.293061,-3.657210,
85111481921998,Lacc,-2.754722,-5.610076,3.334457,
85111481921998,GameRo,-0.662918,0.042604,0.730561,0.158132
85111502063475,Lacc,-3.791265,-5.714281,2.663961,
85111502063475,GameRo,-0.662800,0.042220,0.730626,0.158427
85111521319953,pre,999.872986,,,
85111536944858,pre,999.872253,,,
85111532260435,Gyro,0.647315,0.148326,-3.825890,
85111552386654,Gyro,0.868142,-0.023413,-3.905707,
85111522197324,Lacc,-4.946966,-3.910777,2.163635,
85111553302178,pre,999.873779,,,
85111522197324,GameRo,-0.669922,-0.004981,0.712908,0.207225
85111542323546,Lacc,-5.874294,-3.101813,1.754837,
85111542323546,GameRo,-0.669853,-0.005069,0.712948,0.207307
85111577105745,pre,999.871521,,,
85111572482358,Gyro,0.962459,-0.151785,-3.913156,
85111592578062,Gyro,0.819453,-0.251822,-3.874312,
85111594958420,pre,999.881287,,,
85111562434507,Lacc,-6.529516,-1.076693,1.535876,
85111562434507,GameRo,-0.665997,-0.046228,0.693313,0.271345
85111582530209,Lacc,-5.993525,-0.232434,1.453006,
85111582530209,GameRo,-0.665952,-0.046046,0.693406,0.271248
85111609484699,pre,999.885010,,,
85111625079086,pre,999.890991,,,
85111612719541,Gyro,0.481296,-0.338291,-3.753256,
85111632861020,Gyro,0.155244,-0.357048,-3.596815,
85111640612438,pre,999.890259,,,
85111602648799,Lacc,-5.504952,1.970119,1.088467,
85111602648799,GameRo,-0.652524,-0.085512,0.673181,0.337235
85111622790279,Lacc,-3.683392,2.758413,0.605560,
85111622790279,GameRo,-0.652544,-0.085088,0.673339,0.336988
85111656267861,pre,999.898499,,,
85111671984318,pre,999.903748,,,
85111653002500,Gyro,0.021684,-0.311020,-3.408580,
85111673143979,Gyro,0.165088,-0.227877,-3.175515,
85111642931758,Lacc,-2.738090,4.393767,-0.012087,
85111642931758,GameRo,-0.636909,-0.129882,0.651552,0.391099
85111663073237,Lacc,-1.245907,4.640064,-0.303510,
85111663073237,GameRo,-0.637020,-0.129307,0.651760,0.390761
85111687609223,pre,999.893982,,,
85111703234128,pre,999.893250,,,
85111693331234,Gyro,0.482227,-0.145134,-2.921697,
85111713518489,Gyro,0.806417,-0.062124,-2.621320,
85111683237605,Lacc,-1.154453,5.658201,-0.579735,
85111683237605,GameRo,-0.622875,-0.173601,0.627930,0.433120
85111703424860,Lacc,-0.567072,6.009551,-0.821919,
85111703424860,GameRo,-0.623090,-0.172896,0.628199,0.432704
85111718828515,pre,999.894775,,,
85111734483938,pre,999.900757,,,
85111750108842,pre,999.903015,,,
85111733644709,Gyro,1.089767,-0.006917,-2.242988,
85111753770928,Gyro,1.296492,0.014500,-1.752779,
85111723581597,Lacc,-1.342252,6.941586,-1.333257,
85111723581597,GameRo,-0.605933,-0.202085,0.605959,0.474152
85111743707816,Lacc,-1.271222,7.689619,-1.553871,
85111743707816,GameRo,-0.606313,-0.201195,0.606299,0.473610
85111765733747,pre,999.899231,,,
85111781358652,pre,999.889526,,,
85111773912407,Gyro,1.369924,0.051881,-1.225189,
85111794053887,Gyro,1.319506,0.087266,-0.697866,
85111763841666,Lacc,-1.681221,8.260154,-2.013588,
85111763841666,GameRo,-0.586357,-0.212458,0.590031,0.512748
85111783983145,Lacc,-1.509437,8.075146,-1.965777,
85111796861487,pre,999.893250,,,
85111783983145,GameRo,-0.586796,-0.211518,0.590403,0.512205
85111812608462,pre,999.898499,,,
85111829209923,pre,999.882751,,,
85111814134331,Gyro,1.195790,0.147528,-0.210318,
85111834214774,Gyro,1.090698,0.223221,0.173469,
85111804094107,Lacc,-1.652071,8.017014,-2.345651,
85111804094107,GameRo,-0.568575,-0.206801,0.583994,0.541208
85111824174550,Lacc,-1.346249,7.767775,-2.373095,
85111824174550,GameRo,-0.569039,-0.205878,0.584345,0.540694
85111843797237,pre,999.885010,,,
85111859391648,pre,999.885742,,,
85111854432581,Gyro,0.877853,0.297052,0.450965,
85111874650316,Gyro,0.580402,0.397355,0.685095,
85111876115148,pre,999.888733,,,
85111844323659,Lacc,-1.199129,7.638094,-2.739483,
85111844323659,GameRo,-0.557914,-0.190826,0.586220,0.555575
85111864541446,Lacc,-1.317597,7.532604,-2.752210,
85111864541446,GameRo,-0.558393,-0.189913,0.586538,0.555070
85111890732951,pre,999.890259,,,
85111906357827,pre,999.890991,,,
85111894761239,Gyro,0.274304,0.511360,0.956073,
85111914872163,Gyro,0.036716,0.652636,1.322300,
85111921860632,pre,999.893250,,,
85111884705775,Lacc,-1.782442,6.926660,-2.968817,
85111884705775,GameRo,-0.555042,-0.169978,0.591986,0.559097
85111904816699,Lacc,-2.741779,6.378911,-2.917678,
85111904816699,GameRo,-0.555519,-0.169157,0.592227,0.558616
85111937607578,pre,999.889526,,,
85111953232453,pre,999.892517,,,
85111934967827,Gyro,-0.133959,0.832756,1.784972,
85111955063491,Gyro,-0.217767,1.008619,2.329722,
85111924919994,Lacc,-3.666079,5.618876,-2.748946,
85111924919994,GameRo,-0.563137,-0.148302,0.598480,0.550186
85111945015660,Lacc,-5.074006,4.886988,-2.455596,
85111945015660,GameRo,-0.563549,-0.147559,0.598682,0.549745
85111968857329,pre,999.903748,,,
85111984482204,pre,999.894775,,,
85111975250708,Gyro,-0.241712,1.174905,2.928482,
85111995437925,Gyro,-0.243042,1.299286,3.598811,
85111965157101,Lacc,-5.863920,3.627931,-1.828406,
85111965157101,GameRo,-0.581115,-0.117863,0.608822,0.527019
85111985344318,Lacc,-8.590050,2.788990,-1.619815,
85111985344318,GameRo,-0.581438,-0.117214,0.608983,0.526622
85112000137596,pre,999.901489,,,
85112015731955,pre,999.904480,,,
85112031234760,pre,999.898499,,,
85112015564108,Gyro,-0.129436,1.379768,4.166309,
85112035690292,Gyro,0.121721,1.442557,4.563930,
85112005501018,Lacc,-9.899912,1.041869,-1.116007,
85112005501018,GameRo,-0.604927,-0.070957,0.625482,0.487648
85112025627199,Lacc,-10.088823,0.031554,-0.803160,
85112025627199,GameRo,-0.605147,-0.070497,0.625560,0.487342
85112047012223,pre,999.905273,,,
85112062637098,pre,999.897766,,,
85112055831731,Gyro,0.336827,1.512929,4.631907,
85112075973171,Gyro,0.403208,1.542861,4.416003,
85112078841803,pre,999.906006,,,
85112093825814,pre,999.910522,,,
85112045761011,Lacc,-7.195030,-1.119945,0.381377,
85112045761011,GameRo,-0.627339,-0.005542,0.647707,0.432309
85112065902452,Lacc,-5.992815,-0.717230,1.034863,
85112065902452,GameRo,-0.627351,-0.005329,0.647779,0.432186
85112109481208,pre,999.908264,,,
85112096114612,Gyro,0.392433,1.475149,4.008803,
85112116256054,Gyro,0.257143,1.283323,3.595751,
85112086043894,Lacc,-5.324461,-1.960239,1.685967,
85112086043894,GameRo,-0.641429,0.071056,0.665740,0.374580
85112106185335,Lacc,-6.410811,-1.529833,1.310019,
85112106185335,GameRo,-0.641408,0.071131,0.665777,0.374536
85112125106083,pre,999.917236,,,
85112140730959,pre,999.914246,,,
85112136336460,Gyro,0.032725,1.078725,3.237905,
85112156416866,Gyro,-0.306497,0.870137,2.903605,
85112156355834,pre,999.910522,,,
85112126296259,Lacc,-6.172411,-3.049459,1.111499,
85112126296259,GameRo,-0.650054,0.137519,0.673737,0.323414
85112146376665,Lacc,-5.429263,-3.115740,0.617544,
85112146376665,GameRo,-0.650086,0.137399,0.673691,0.323497
85112171980709,pre,999.905273,,,
85112187605585,pre,999.906006,,,
85112176619343,Gyro,-0.858032,0.705980,2.544430,
85112196821819,Gyro,-1.498562,0.572021,2.176607,
85112166518105,Lacc,-3.442082,-3.709824,1.267951,
85112166518105,GameRo,-0.653975,0.184672,0.679319,0.277017
85112186720580,Lacc,-1.313210,-3.104997,2.156359,
85112186720580,GameRo,-0.653884,0.184351,0.679393,0.277264
85112203169426,pre,999.908264,,,
85112218855336,pre,999.917236,,,
85112234358141,pre,999.908264,,,
85112216948001,Gyro,-2.014046,0.440456,1.834192,
85112237074183,Gyro,-2.136299,0.320066,1.575585,
85112206884909,Lacc,0.686819,-3.725011,3.343217,
85112206884909,GameRo,-0.658014,0.206686,0.687235,0.228049
85112227011093,Lacc,1.926841,-4.290121,3.643106,
85112227011093,GameRo,-0.657797,0.206081,0.687471,0.228511
85112250074569,pre,999.911255,,,
85112265729962,pre,999.905273,,,
85112257215624,Gyro,-2.020432,0.155510,1.393071,
85112277357065,Gyro,-1.784839,-0.004124,1.235299,
85112247144904,Lacc,2.523793,-5.487407,3.489573,
85112247144904,GameRo,-0.664481,0.201660,0.698007,0.174884
85112267286344,Lacc,3.043773,-6.052160,2.946574,
85112267286344,GameRo,-0.664369,0.200869,0.698189,0.175493
85112281293803,pre,999.911987,,,
85112296979713,pre,999.907532,,,
85112312604589,pre,999.906006,,,
85112297483247,Gyro,-1.136593,-0.095115,1.115042,
85112317609429,Gyro,-0.407598,-0.207790,0.992390,
85112287420155,Lacc,3.519580,-7.671143,2.755384,
85112287420155,GameRo,-0.666745,0.190452,0.708762,0.129755
85112307546339,Lacc,3.618733,-8.262546,2.835548,
85112307546339,GameRo,-0.666695,0.189508,0.708929,0.130479
85112328229464,pre,999.908264,,,
85112343854339,pre,999.908264,,,
85112337750870,Gyro,-0.057069,-0.300511,0.825307,
85112357892311,Gyro,-0.009977,-0.391369,0.619246,
85112327680151,Lacc,3.580920,-8.396233,2.707491,
85112360150595,pre,999.905273,,,
85112327680151,GameRo,-0.663241,0.188358,0.717041,0.102395
85112347821593,Lacc,3.476296,-8.133869,2.549944,
85112347821593,GameRo,-0.663202,0.187416,0.717222,0.103105
85112375104090,pre,999.897034,,,
85112390728966,pre,999.897034,,,
85112378033753,Gyro,-0.134891,-0.463470,0.346405,
85112398175194,Gyro,-0.344809,-0.503778,0.005587,
85112367963033,Lacc,3.406772,-8.045831,2.258535,
85112367963033,GameRo,-0.655517,0.196227,0.723222,0.093505
85112388104473,Lacc,3.359397,-7.659437,2.036043,
85112406353841,pre,999.893982,,,
85112388104473,GameRo,-0.655518,0.195305,0.723381,0.094191
85112421978717,pre,999.900757,,,
85112437603592,pre,999.900757,,,
85112418255600,Gyro,-0.619911,-0.513888,-0.341882,
85112438336006,Gyro,-0.828100,-0.506039,-0.684031,
85112453136915,pre,999.897034,,,
85112468792308,pre,999.888000,,,
85112458477448,Gyro,-0.989197,-0.499920,-1.014872,
85112478618889,Gyro,-0.927339,-0.465599,-1.284520,
85112408215396,Lacc,2.770869,-7.430602,1.579497,
85112408215396,GameRo,-0.647782,0.194958,0.730892,0.090372
85112428295804,Lacc,1.781527,-7.585911,1.498611,
85112428295804,GameRo,-0.647845,0.194118,0.730982,0.090991
85112448406728,Lacc,0.382039,-7.783827,1.239649,
85112448406728,GameRo,-0.643067,0.177344,0.739420,0.090952
85112484508735,pre,999.888733,,,
85112500103094,pre,999.888733,,,
85112515697452,pre,999.888733,,,
85112498806106,Gyro,-0.740169,-0.401479,-1.553237,
85112518993323,Gyro,-0.733916,-0.337492,-1.870642,
85112488712496,Lacc,-2.378091,-8.676590,0.892663,
85112488712496,GameRo,-0.643208,0.176619,0.739406,0.091481
85112508899713,Lacc,-3.019046,-8.175883,0.981659,
85112508899713,GameRo,-0.643335,0.175943,0.739395,0.091973
85112531261292,pre,999.881287,,,
85112546977720,pre,999.884277,,,
85112539134765,Gyro,-0.835018,-0.202868,-2.300190,
85112559276206,Gyro,-0.658223,-0.088730,-2.630100,
85112564006392,pre,999.881287,,,
85112529064042,Lacc,-3.354663,-6.113652,0.658093,
85112529064042,GameRo,-0.643358,0.111107,0.747561,0.122060
85112549205483,Lacc,-5.941464,-6.617266,1.013200,
85112549205483,GameRo,-0.643429,0.110650,0.747516,0.122376
85112578135919,pre,999.878235,,,
85112593852347,pre,999.877502,,,
85112579402388,Gyro,-0.090193,-0.106156,-2.866225,
85112599528569,Gyro,0.351726,-0.163093,-3.096496,
85112569339295,Lacc,-7.671771,-6.456618,1.672926,
85112569339295,GameRo,-0.647195,0.066590,0.744883,0.147833
85112589465477,Lacc,-6.895068,-5.906389,1.553857,
85112589465477,GameRo,-0.647207,0.066248,0.744856,0.148069
85112609477222,pre,999.872253,,,
85112625102097,pre,999.877502,,,
85112619670011,Gyro,0.485553,-0.168547,-3.388892,
85112639811452,Gyro,0.528122,-0.138748,-3.671311,
85112640879560,pre,999.872253,,,
85112609599288,Lacc,-5.249249,-3.586855,0.706352,
85112609599288,GameRo,-0.648240,0.027628,0.736400,0.191669
85112629740729,Lacc,-4.767954,-2.872060,0.048271,
85112629740729,GameRo,-0.648302,0.027487,0.736329,0.191749
85112656260296,pre,999.882019,,,
85112671976724,pre,999.878235,,,
85112659952892,Gyro,0.715292,-0.135024,-3.824027,
85112680094331,Gyro,0.947560,-0.187038,-3.842518,
85112649882171,Lacc,-6.065464,-1.536943,-0.449206,
85112649882171,GameRo,-0.644283,-0.010550,0.723055,0.248959
85112670023612,Lacc,-6.954994,-1.359791,-0.513031,
85112670023612,GameRo,-0.644394,-0.010477,0.722985,0.248876
85112687510047,pre,999.880493,,,
85112703226475,pre,999.886536,,,
85112718851350,pre,999.883484,,,
85112700189997,Gyro,1.061565,-0.277630,-3.734765,
85112720285663,Gyro,1.073138,-0.337625,-3.566219,
85112690142166,Lacc,-7.084782,0.424177,-0.639813,
85112690142166,GameRo,-0.635880,-0.049774,0.703475,0.313531
85112710237832,Lacc,-5.332642,0.990029,-0.898584,
85112710237832,GameRo,-0.636030,-0.049501,0.703457,0.313311
85112734384673,pre,999.886536,,,
85112750009549,pre,999.885742,,,
85112740472880,Gyro,0.928803,-0.356116,-3.377186,
85112760660097,Gyro,0.713430,-0.331373,-3.176313,
85112730379273,Lacc,-4.298159,3.107975,-1.527938,
85112730379273,GameRo,-0.619716,-0.082943,0.682840,0.377892
85112750566490,Lacc,-2.512983,4.124446,-1.693626,
85112750566490,GameRo,-0.619956,-0.082408,0.682900,0.377506
85112765664942,pre,999.888733,,,
85112781350852,pre,999.893250,,,
85112796975727,pre,999.893250,,,
85112780786278,Gyro,0.548741,-0.285079,-2.958945,
85112800912460,Gyro,0.479833,-0.248364,-2.737586,
85112770723190,Lacc,-1.885080,5.606693,-2.012040,
85112770723190,GameRo,-0.601476,-0.113522,0.661890,0.432714
85112790849371,Lacc,-0.797256,5.660856,-2.125253,
85112790849371,GameRo,-0.601787,-0.112834,0.662026,0.432253
85112812600603,pre,999.901489,,,
85112829049446,pre,999.893982,,,
85112821053901,Gyro,0.464800,-0.253419,-2.477516,
85112841195343,Gyro,0.406401,-0.258208,-2.196694,
85112810983183,Lacc,-0.906496,6.594292,-2.615504,
85112810983183,GameRo,-0.586234,-0.142600,0.640181,0.475566
85112831124624,Lacc,-0.363613,7.139615,-2.929785,
85112831124624,GameRo,-0.586693,-0.141756,0.640369,0.474998
85112852425724,pre,999.905273,,,
85112869576467,pre,999.898499,,,
85112861336784,Gyro,0.301841,-0.241845,-1.876096,
85112881478226,Gyro,0.150455,-0.197414,-1.536076,
85112886116862,pre,999.890991,,,
85112851266066,Lacc,-0.807214,8.014782,-3.260020,
85112851266066,GameRo,-0.571943,-0.165878,0.620894,0.509761
85112871407507,Lacc,-0.663947,7.964882,-3.217838,
85112871407507,GameRo,-0.572468,-0.164947,0.621148,0.509164
85112900826218,pre,999.898499,,,
85112916451093,pre,999.890991,,,
85112901604407,Gyro,0.001463,-0.116134,-1.194859,
85112921730589,Gyro,-0.057202,-0.026074,-0.829830,
85112891541319,Lacc,-1.188363,8.033334,-3.327276,
85112891541319,GameRo,-0.560791,-0.183719,0.606075,0.533323
85112911667500,Lacc,-1.250998,7.627921,-3.324482,
85112911667500,GameRo,-0.561357,-0.182833,0.606327,0.532745
85112932075968,pre,999.893982,,,
85112947700844,pre,999.893982,,,
85112941872030,Gyro,-0.024743,0.079152,-0.449901,
85112962013472,Gyro,0.083010,0.203134,-0.050950,
85112931801312,Lacc,-1.702033,7.582171,-3.256174,
85112964210722,pre,999.893982,,,
85112931801312,GameRo,-0.556617,-0.195926,0.595440,0.545200
85112951942753,Lacc,-1.870006,7.062984,-3.157151,
85112951942753,GameRo,-0.557173,-0.195099,0.595688,0.544655
85112978950595,pre,999.898499,,,
85112994575470,pre,999.891785,,,
85112982154913,Gyro,0.204730,0.333768,0.367557,
85113002296355,Gyro,0.296121,0.487548,0.777683,
85112972084193,Lacc,-2.308087,6.734214,-3.032110,
85112972084193,GameRo,-0.557575,-0.197534,0.590639,0.548850
85112992225633,Lacc,-2.627157,6.430980,-2.861416,
85112992225633,GameRo,-0.558088,-0.196751,0.590887,0.548342
85113010200346,pre,999.892517,,,
85113025794703,pre,999.898499,,,
85113041450097,pre,999.888000,,,
85113022376761,Gyro,0.374474,0.639865,1.188607,
85113042457167,Gyro,0.402144,0.783004,1.613631,
85113056952903,pre,999.896240,,,
85113012336557,Lacc,-3.082797,5.916636,-2.558102,
85113012336557,GameRo,-0.562069,-0.184271,0.592867,0.546471
85113032416965,Lacc,-4.149490,5.544843,-2.335196,
85113032416965,GameRo,-0.562503,-0.183514,0.593118,0.546007
85113072730365,pre,999.903748,,,
85113062644384,Gyro,0.367823,0.906587,2.041583,
85113082831601,Gyro,0.251955,0.997179,2.503989,
85113052550777,Lacc,-4.842074,4.544370,-2.191768,
85113052550777,GameRo,-0.571060,-0.156480,0.600847,0.537017
85113072737994,Lacc,-6.079950,3.930691,-1.984906,
85113072737994,GameRo,-0.571437,-0.155805,0.601045,0.536591
85113088233171,pre,999.898499,,,
85113103949598,pre,999.903015,,,
85113119482922,pre,999.903015,,,
85113102973042,Gyro,0.058266,1.092560,3.073349,
85113123114484,Gyro,-0.021018,1.167854,3.670247,
85113092902322,Lacc,-7.678792,2.712231,-1.775855,
85113092902322,GameRo,-0.585172,-0.116219,0.613959,0.516839
85113113043762,Lacc,-9.885703,1.722889,-1.813447,
85113113043762,GameRo,-0.585509,-0.115627,0.614086,0.516438
85113135199349,pre,999.900757,,,
85113150824225,pre,999.906738,,,
85113143255925,Gyro,0.001862,1.209093,4.159524,
85113163397366,Gyro,-0.084872,1.252726,4.379021,
85113133185202,Lacc,-9.123688,0.087694,-1.170617,
85113133185202,GameRo,-0.605069,-0.065511,0.632907,0.478569
85113153326644,Lacc,-7.644068,0.047683,-0.316172,
85113153326644,GameRo,-0.605235,-0.065128,0.632983,0.478311
85113166357548,pre,999.911255,,,
85113182073976,pre,999.907532,,,
85113197698851,pre,999.908264,,,
85113183523548,Gyro,-0.347070,1.235299,4.312906,
85113203649730,Gyro,-0.506704,1.157212,4.048047,
85113173460456,Lacc,-5.445524,-0.889706,0.981023,
85113173460456,GameRo,-0.623988,-0.001472,0.656396,0.424006
85113193586640,Lacc,-5.638479,-0.761534,1.695618,
85113193586640,GameRo,-0.623952,-0.001289,0.656492,0.423910
85113213323726,pre,999.906006,,,
85113229223258,pre,999.905273,,,
85113223745395,Gyro,-0.410791,0.976427,3.732371,
85113243841061,Gyro,-0.354387,0.790320,3.400599,
85113213697563,Lacc,-5.480585,-2.470566,2.233637,
85113245946757,pre,999.903748,,,
85113213697563,GameRo,-0.640886,0.057832,0.675075,0.360825
85113233793227,Lacc,-5.286060,-2.419646,1.611663,
85113233793227,GameRo,-0.640847,0.057814,0.675102,0.360846
85113260106801,pre,999.905273,,,
85113275823228,pre,999.903015,,,
85113264028278,Gyro,-0.450699,0.670462,3.035037,
85113284215495,Gyro,-0.685361,0.554860,2.604425,
85113253934668,Lacc,-3.881991,-3.524726,1.031431,
85113253934668,GameRo,-0.650422,0.106096,0.688006,0.303879
85113274121885,Lacc,-2.837029,-2.996800,0.675967,
85113274121885,GameRo,-0.650435,0.105911,0.687963,0.304013
85113291448104,pre,999.903748,,,
85113307072979,pre,999.906006,,,
85113322636820,pre,999.903015,,,
85113304311159,Gyro,-1.073404,0.452828,2.148538,
85113324406823,Gyro,-1.485791,0.330043,1.721384,
85113294263326,Lacc,-1.225257,-3.453691,1.458570,
85113294263326,GameRo,-0.654698,0.141396,0.697392,0.254997
85113314358992,Lacc,0.307592,-3.097842,1.976826,
85113314358992,GameRo,-0.654580,0.141025,0.697472,0.255283
85113338322730,pre,999.908264,,,
85113353947605,pre,999.908264,,,
85113344578782,Gyro,-1.807187,0.216570,1.371254,
85113364750741,Gyro,-1.901904,0.138881,1.112913,
85113369450412,pre,999.903015,,,
85113334492804,Lacc,1.887589,-3.708832,2.238152,
85113334492804,GameRo,-0.659644,0.153598,0.705069,0.210131
85113354664761,Lacc,2.891068,-3.877655,1.955309,
85113354664761,GameRo,-0.659509,0.153011,0.705188,0.210583
85113385136322,pre,999.903015,,,
85113400822232,pre,999.893982,,,
85113384892183,Gyro,-1.696774,0.071170,0.959133,
85113405033624,Gyro,-1.372318,0.021151,0.873197,
85113374821460,Lacc,3.272527,-4.594586,1.745231,
85113374821460,GameRo,-0.665292,0.144127,0.713232,0.167073
85113394962902,Lacc,3.411844,-4.778376,1.653287,
85113394962902,GameRo,-0.665201,0.143432,0.713332,0.167609
85113416447107,pre,999.898499,,,
85113431949914,pre,999.899231,,,
85113425175064,Gyro,-0.974830,-0.016895,0.867077,
85113445316503,Gyro,-0.484089,-0.043367,0.908582,
85113415104343,Lacc,3.376314,-5.561188,1.512136,
85113447574789,pre,999.893982,,,
85113415104343,GameRo,-0.668381,0.131521,0.720040,0.132330
85113435245784,Lacc,3.244485,-6.137294,1.414546,
85113435245784,GameRo,-0.668342,0.130738,0.720108,0.132935
85113463321734,pre,999.897766,,,
85113478946609,pre,999.890259,,,
85113465442687,Gyro,-0.037248,-0.052014,0.911376,
85113485568870,Gyro,0.277098,-0.047358,0.847921,
85113455379596,Lacc,3.078133,-6.905733,1.408124,
85113455379596,GameRo,-0.667890,0.128566,0.724920,0.109017
85113475505777,Lacc,2.967413,-7.066362,1.361310,
85113475505777,GameRo,-0.667874,0.127737,0.724986,0.109655
85113494571485,pre,999.892517,,,
85113510196360,pre,999.890991,,,
85113526187443,pre,999.882751,,,
85113505664534,Gyro,0.426222,-0.049087,0.707045,
85113525760198,Gyro,0.443516,-0.059863,0.475310,
85113495616701,Lacc,2.752606,-7.292072,1.341848,
85113495616701,GameRo,-0.664611,0.139550,0.727511,0.097703
85113515712367,Lacc,2.473893,-7.214663,1.475000,
85113515712367,GameRo,-0.664600,0.138731,0.727593,0.098329
85113541446111,pre,999.895508,,,
85113557070986,pre,999.893982,,,
85113545947415,Gyro,0.472915,-0.090459,0.194620,
85113566134632,Gyro,0.498723,-0.145932,-0.132762,
85113535853808,Lacc,1.664741,-7.651239,1.695013,
85113535853808,GameRo,-0.661038,0.153315,0.728330,0.095181
85113556041025,Lacc,0.363008,-7.718843,1.956249,
85113556041025,GameRo,-0.661028,0.152559,0.728421,0.095758
85113572604309,pre,999.890991,,,
85113588320737,pre,999.894775,,,
85113603945613,pre,999.885010,,,
85113586260816,Gyro,0.415181,-0.234662,-0.502846,
85113606386999,Gyro,0.145400,-0.313813,-0.920954,
85113576197725,Lacc,-1.031513,-7.686517,2.038295,
85113576197725,GameRo,-0.658231,0.160458,0.728557,0.100947
85113596323906,Lacc,-2.048839,-7.556073,1.927405,
85113596323906,GameRo,-0.658248,0.159803,0.728616,0.101448
85113619570488,pre,999.888000,,,
85113635103811,pre,999.896240,,,
85113626528439,Gyro,-0.204863,-0.359043,-1.382162,
85113646669878,Gyro,-0.627095,-0.333768,-1.926647,
85113616457718,Lacc,-2.255758,-7.243555,1.721759,
85113616457718,GameRo,-0.655626,0.156686,0.729439,0.116287
85113636599159,Lacc,-1.785231,-6.586507,1.738040,
85113636599159,GameRo,-0.655636,0.156090,0.729485,0.116739
85113650881273,pre,999.898499,,,
85113666445114,pre,999.882751,,,
85113682069990,pre,999.883484,,,
85113666811319,Gyro,-0.785531,-0.247033,-2.371892,
85113686952761,Gyro,-0.443915,-0.292795,-2.638480,
85113656740601,Lacc,-3.213393,-5.950926,1.750966,
85113656740601,GameRo,-0.655348,0.131067,0.731286,0.136241
85113697572796,pre,999.882751,,,
85113676882042,Lacc,-5.028808,-6.524179,2.205232,
85113676882042,GameRo,-0.655333,0.130594,0.731318,0.136596
85113713319741,pre,999.880493,,,
85113707094202,Gyro,-0.048555,-0.347736,-2.908262,
85113727235644,Gyro,0.182116,-0.363965,-3.159019,
85113697023484,Lacc,-4.644523,-5.246290,2.147491,
85113729432893,pre,999.877502,,,
85113697023484,GameRo,-0.659260,0.085717,0.728991,0.163100
85113717164925,Lacc,-4.267138,-4.905282,1.621593,
85113717164925,GameRo,-0.659230,0.085373,0.729000,0.163357
85113744569492,pre,999.872253,,,
85113760194367,pre,999.869995,,,
85113747361825,Gyro,0.416644,-0.373942,-3.370135,
85113767488007,Gyro,0.580003,-0.412919,-3.516466,
85113737298737,Lacc,-4.916292,-3.665834,0.976824,
85113737298737,GameRo,-0.657809,0.044793,0.722686,0.207382
85113757424918,Lacc,-6.026520,-3.194367,0.556013,
85113757424918,GameRo,-0.657837,0.044663,0.722643,0.207468
85113775819243,pre,999.872253,,,
85113791444118,pre,999.884277,,,
85113807068993,pre,999.883484,,,
85113787583673,Gyro,0.676315,-0.486617,-3.566086,
85113807679339,Gyro,0.703187,-0.543819,-3.553980,
85113777535842,Lacc,-6.984880,-1.429077,0.083297,
85113777535842,GameRo,-0.651930,0.004551,0.711291,0.262740
85113797631508,Lacc,-6.379237,-0.906415,0.056793,
85113797631508,GameRo,-0.651989,0.004646,0.711267,0.262658
85113822693869,pre,999.882751,,,
85113838227192,pre,999.888733,,,
85113827820780,Gyro,0.615521,-0.599425,-3.502631,
85113847962221,Gyro,0.441121,-0.636806,-3.428934,
85113853852068,pre,999.893982,,,
85113817750060,Lacc,-5.955337,0.800459,-0.228405,
85113817750060,GameRo,-0.639919,-0.034628,0.696938,0.321844
85113837891500,Lacc,-4.587763,1.419007,-0.469294,
85113837891500,GameRo,-0.640021,-0.034337,0.696958,0.321627
85113869537977,pre,999.899231,,,
85113885193371,pre,999.897766,,,
85113868134179,Gyro,0.274038,-0.621108,-3.347919,
85113888306136,Gyro,0.196217,-0.563906,-3.239235,
85113858048199,Lacc,-3.417465,3.093864,-1.089105,
85113858048199,GameRo,-0.623775,-0.074369,0.680842,0.376601
85113878220158,Lacc,-1.721782,3.566298,-1.298939,
85113878220158,GameRo,-0.623959,-0.073910,0.680906,0.376272
85113900818246,pre,999.888733,,,
85113916443122,pre,999.890991,,,
85113908447577,Gyro,0.218033,-0.496727,-3.110464,
85113928589019,Gyro,0.306763,-0.429947,-2.946041,
85113898376859,Lacc,-1.424172,4.907387,-1.703109,
85113933288689,pre,999.900757,,,
85113898376859,GameRo,-0.607484,-0.116227,0.662277,0.422899
85113918518300,Lacc,-0.798616,5.293119,-1.897616,
85113918518300,GameRo,-0.607769,-0.115596,0.662406,0.422460
85113956390313,pre,999.895508,,,
85113948730460,Gyro,0.458814,-0.372213,-2.727077,
85113968871902,Gyro,0.561911,-0.346006,-2.427498,
85113938659740,Lacc,-1.180113,6.260303,-2.337741,
85113938659740,GameRo,-0.591381,-0.153415,0.641530,0.463866
85113958801180,Lacc,-0.844903,6.624228,-2.518213,
85113958801180,GameRo,-0.591796,-0.152645,0.641718,0.463330
85113973571572,pre,999.898499,,,
85113989165931,pre,999.902283,,,
85114004790806,pre,999.905273,,,
85113989013343,Gyro,0.508700,-0.340286,-2.045973,
85114009154785,Gyro,0.375805,-0.325653,-1.597003,
85114020293612,pre,999.908264,,,
85113978942620,Lacc,-1.347157,7.804393,-2.866254,
85113978942620,GameRo,-0.573936,-0.180635,0.621860,0.501257
85113999084062,Lacc,-1.112862,8.191326,-2.884542,
85113999084062,GameRo,-0.574431,-0.179696,0.622158,0.500657
85114035949005,pre,999.901489,,,
85114029250448,Gyro,0.241845,-0.281887,-1.119831,
85114049346112,Gyro,0.122785,-0.225616,-0.634145,
85114019202615,Lacc,-1.713084,8.192814,-3.104828,
85114051665433,pre,999.903748,,,
85114019202615,GameRo,-0.558131,-0.198532,0.607844,0.528773
85114039298281,Lacc,-1.841451,7.796627,-3.057441,
85114039298281,GameRo,-0.558672,-0.197632,0.608140,0.528198
85114067290308,pre,999.895508,,,
85114082915184,pre,999.888733,,,
85114069518071,Gyro,0.004124,-0.135024,-0.176528,
85114089690031,Gyro,-0.058399,-0.003592,0.231203,
85114059432093,Lacc,-2.212088,7.699183,-3.137761,
85114059432093,GameRo,-0.549371,-0.208484,0.601308,0.541437
85114079604050,Lacc,-2.231129,7.546027,-3.094770,
85114079604050,GameRo,-0.549928,-0.207605,0.601605,0.540879
85114098540059,pre,999.893982,,,
85114114164934,pre,999.893982,,,
85114109785694,Gyro,-0.059065,0.131698,0.614058,
85114129881358,Gyro,-0.191428,0.263396,0.992523,
85114129789810,pre,999.890259,,,
85114099737861,Lacc,-2.480294,7.082429,-3.057561,
85114099737861,GameRo,-0.548863,-0.209221,0.602071,0.540820
85114119833527,Lacc,-2.871212,6.892640,-3.047507,
85114119833527,GameRo,-0.549416,-0.208401,0.602336,0.540280
85114145414685,pre,999.890259,,,
85114161039561,pre,999.890259,,,
85114150068575,Gyro,-0.342947,0.422763,1.398126,
85114170255792,Gyro,-0.447640,0.567897,1.861995,
85114139974969,Lacc,-3.219163,6.449516,-2.926708,
85114139974969,GameRo,-0.555488,-0.199153,0.607942,0.531203
85114160162186,Lacc,-4.042271,5.923315,-2.646223,
85114160162186,GameRo,-0.555977,-0.198390,0.608183,0.530702
85114176603402,pre,999.895508,,,
85114192289312,pre,999.897766,,,
85114207914187,pre,999.897766,,,
85114190381976,Gyro,-0.564039,0.683765,2.344887,
85114210508159,Gyro,-0.682700,0.784201,2.872743,
85114180318885,Lacc,-4.290304,5.152628,-2.132863,
85114180318885,GameRo,-0.571509,-0.180701,0.617391,0.509463
85114200445067,Lacc,-6.054578,4.382590,-2.139975,
85114200445067,GameRo,-0.571925,-0.180021,0.617587,0.509001
85114223478028,pre,999.897766,,,
85114239072386,pre,999.905273,,,
85114230649601,Gyro,-0.580801,0.829697,3.504893,
85114250791042,Gyro,-0.214308,0.873596,4.094606,
85114220578878,Lacc,-8.412367,2.592166,-1.923302,
85114220578878,GameRo,-0.595165,-0.151137,0.631603,0.473301
85114240720320,Lacc,-10.099032,1.215535,-1.657934,
85114240720320,GameRo,-0.595501,-0.150600,0.631714,0.472901
85114254788813,pre,999.897034,,,
85114270413689,pre,999.911987,,,
85114286038564,pre,999.907532,,,
85114270932482,Gyro,0.152184,0.985073,4.497017,
85114291073921,Gyro,0.275900,1.086840,4.528012,
85114260861761,Lacc,-8.504895,-0.346157,-0.433792,
85114260861761,GameRo,-0.620756,-0.105307,0.652705,0.421365
85114281003202,Lacc,-7.027077,-0.274108,0.450129,
85114281003202,GameRo,-0.620860,-0.104983,0.652799,0.421147
85114301663440,pre,999.913513,,,
85114317288315,pre,999.914246,,,
85114311215363,Gyro,0.275235,1.134730,4.260227,
85114331356804,Gyro,0.332836,1.098813,3.868193,
85114333859228,pre,999.911255,,,
85114348415996,pre,999.919495,,,
85114364132424,pre,999.906006,,,
85114351437210,Gyro,0.384850,1.000106,3.474695,
85114371517616,Gyro,0.318868,0.919890,3.089446,
85114379757299,pre,999.906006,,,
85114301144644,Lacc,-5.639409,-1.471229,1.373223,
85114301144644,GameRo,-0.639264,-0.036619,0.676298,0.364173
85114321286085,Lacc,-6.566398,-1.292044,1.482866,
85114321286085,GameRo,-0.639252,-0.036456,0.676372,0.364073
85114341397009,Lacc,-6.596380,-2.438356,1.350807,
85114341397009,GameRo,-0.653279,0.029864,0.690128,0.309932
85114395412692,pre,999.906006,,,
85114410946016,pre,999.908264,,,
85114391659057,Gyro,0.149923,0.852444,2.625710,
85114411800499,Gyro,-0.146996,0.786329,2.141088,
85114381588339,Lacc,-4.378401,-1.964271,0.806086,
85114381588339,GameRo,-0.653273,0.029846,0.690129,0.309946
85114401729780,Lacc,-2.383479,-1.489950,1.605321,
85114401729780,GameRo,-0.653176,0.029789,0.690197,0.310005
85114426662443,pre,999.911987,,,
85114442287319,pre,999.908997,,,
85114431987716,Gyro,-0.570159,0.703719,1.753045,
85114452174933,Gyro,-0.770100,0.597562,1.508273,
85114421894109,Lacc,-0.479960,-2.867503,2.822447,
85114421894109,GameRo,-0.667432,0.113104,0.696382,0.238318
85114442081326,Lacc,0.373016,-2.916700,2.913992,
85114442081326,GameRo,-0.667210,0.112742,0.696553,0.238609
85114457851160,pre,999.900024,,,
85114473537070,pre,999.917236,,,
85114489161945,pre,999.914246,,,
85114472301117,Gyro,-0.750013,0.441254,1.366465,
85114492427300,Gyro,-0.631219,0.332171,1.283456,
85114504756303,pre,999.905273,,,
85114462238026,Lacc,1.217607,-3.834919,2.832463,
85114462238026,GameRo,-0.675272,0.129480,0.696539,0.205125
85114482364207,Lacc,2.196844,-3.861225,2.571694,
85114482364207,GameRo,-0.675077,0.128941,0.696700,0.205559
85114520320144,pre,999.910522,,,
85114512568740,Gyro,-0.541425,0.234928,1.214946,
85114532710179,Gyro,-0.480498,0.135157,1.178895,
85114502498019,Lacc,2.904571,-4.476227,2.646572,
85114502498019,GameRo,-0.680023,0.137920,0.698264,0.175993
85114522639460,Lacc,3.016714,-4.924013,2.603064,
85114522639460,GameRo,-0.679848,0.137245,0.698430,0.176540
85114536036572,pre,999.897766,,,
85114551661447,pre,999.903015,,,
85114567286322,pre,999.905273,,,
85114552851620,Gyro,-0.380061,0.040041,1.167588,
85114572993062,Gyro,-0.269781,-0.048156,1.114776,
85114542780902,Lacc,3.002449,-5.741940,2.733459,
85114542780902,GameRo,-0.681019,0.146328,0.701132,0.152368
85114562922343,Lacc,3.012148,-5.944857,2.838671,
85114562922343,GameRo,-0.680858,0.145576,0.701312,0.152975
85114582911198,pre,999.894775,,,
85114598536073,pre,999.892517,,,
85114593119243,Gyro,-0.202070,-0.130634,0.966449,
85114613245425,Gyro,-0.203932,-0.223088,0.731788,
85114583056155,Lacc,2.903009,-6.482712,2.877022,
85114615442677,pre,999.897766,,,
85114583056155,GameRo,-0.678527,0.155683,0.705618,0.132164
85114603182336,Lacc,2.753072,-6.597136,2.770887,
85114603182336,GameRo,-0.678402,0.154896,0.705793,0.132794
85114629694272,pre,999.893982,,,
85114645410700,pre,999.890259,,,
85114633386866,Gyro,-0.259804,-0.282818,0.426355,
85114653528308,Gyro,-0.322859,-0.333901,0.057601,
85114660913505,pre,999.894775,,,
85114623316148,Lacc,2.628862,-6.971455,2.660068,
85114623316148,GameRo,-0.673676,0.163612,0.710968,0.117964
85114643457589,Lacc,2.289707,-7.080781,2.741340,
85114643457589,GameRo,-0.673577,0.162812,0.711141,0.118597
85114676660451,pre,999.903015,,,
85114692285326,pre,999.897766,,,
85114673639232,Gyro,-0.342681,-0.368887,-0.330575,
85114693750155,Gyro,-0.229208,-0.393896,-0.719549,
85114663583772,Lacc,1.791997,-7.128940,2.522484,
85114663583772,GameRo,-0.668677,0.162399,0.717010,0.111330
85114683694695,Lacc,0.971745,-7.196046,2.414761,
85114683694695,GameRo,-0.668621,0.161652,0.717140,0.111915
85114707910201,pre,999.895508,,,
85114723535077,pre,999.885010,,,
85114713922114,Gyro,-0.025807,-0.454424,-1.094157,
85114734094074,Gyro,0.131033,-0.528255,-1.402782,
85114703836136,Lacc,-0.114777,-7.283341,2.202212,
85114703836136,GameRo,-0.665177,0.149836,0.722396,0.115031
85114724008093,Lacc,-1.281392,-7.241646,1.888340,
85114724008093,GameRo,-0.665174,0.149188,0.722453,0.115535
85114739129435,pre,999.894775,,,
85114754815345,pre,999.890991,,,
85114770409703,pre,999.883484,,,
85114754220255,Gyro,0.125313,-0.572287,-1.703958,
85114774346437,Gyro,0.045762,-0.549273,-1.982918,
85114744157163,Lacc,-1.855945,-6.247855,1.257793,
85114744157163,GameRo,-0.661649,0.132101,0.725760,0.134322
85114764283347,Lacc,-2.781526,-5.968627,0.972350,
85114764283347,GameRo,-0.661691,0.131609,0.725741,0.134700
85114786034579,pre,999.890259,,,
85114801659454,pre,999.890259,,,
85114794487878,Gyro,0.040707,-0.573484,-2.182726,
85114814629320,Gyro,0.091789,-0.623237,-2.365507,
85114818199849,pre,999.885742,,,
85114784417159,Lacc,-4.524958,-5.449415,1.025250,
85114784417159,GameRo,-0.657200,0.107914,0.727748,0.163785
85114804558598,Lacc,-4.627937,-5.315289,1.091730,
85114804558598,GameRo,-0.657224,0.107544,0.727719,0.164062
85114832787135,pre,999.875244,,,
85114849266497,pre,999.878235,,,
85114834770761,Gyro,0.099372,-0.598494,-2.555604,
85114854912203,Gyro,0.064652,-0.554461,-2.751022,
85114824700038,Lacc,-3.794753,-3.830716,0.371071,
85114824700038,GameRo,-0.652744,0.076503,0.727115,0.198435
85114844841480,Lacc,-3.258202,-3.481522,-0.197671,
85114844841480,GameRo,-0.652827,0.076264,0.727021,0.198598
85114864158956,pre,999.876770,,,
85114879783831,pre,999.880493,,,
85114875023126,Gyro,0.148193,-0.466131,-2.859573,
85114895134050,Gyro,0.514021,-0.410525,-2.831903,
85114896659917,pre,999.872986,,,
85114864967662,Lacc,-4.207093,-2.455573,-0.788588,
85114864967662,GameRo,-0.646894,0.041001,0.723164,0.238497
85114885078586,Lacc,-5.580228,-2.957317,-0.938128,
85114885078586,GameRo,-0.647031,0.040904,0.723034,0.238536
85114919731023,pre,999.869263,,,
85114915290749,Gyro,0.977491,-0.398286,-2.706192,
85114935447449,Gyro,1.322699,-0.379795,-2.596709,
85114937309008,pre,999.874512,,,
85114905212398,Lacc,-6.527731,-2.147092,-1.190174,
85114905212398,GameRo,-0.640880,0.004045,0.713713,0.282612
85114925369097,Lacc,-5.423978,-1.875299,-1.370107,
85114925369097,GameRo,-0.641048,0.004064,0.713587,0.282551
85114952109915,pre,999.888000,,,
85114967734790,pre,999.879761,,,
85114955588890,Gyro,1.469296,-0.322460,-2.563985,
85114975730331,Gyro,1.517718,-0.264992,-2.619324,
85114983237597,pre,999.890259,,,
85114945518167,Lacc,-4.416724,-0.281416,-2.072605,
85114945518167,GameRo,-0.628649,-0.017581,0.702045,0.334101
85114965659609,Lacc,-3.170573,0.355961,-2.391832,
85114965659609,GameRo,-0.628913,-0.017418,0.701904,0.333910
85114998984541,pre,999.888733,,,
85115014609417,pre,999.906738,,,
85114995810737,Gyro,1.513328,-0.228409,-2.720958,
85115015891143,Gyro,1.404511,-0.192625,-2.839486,
85114985770532,Lacc,-2.413123,1.689081,-2.870606,
85114985770532,GameRo,-0.612752,-0.030539,0.687767,0.388044
85115005850938,Lacc,-1.241295,2.261409,-2.921988,
85115005850938,GameRo,-0.613092,-0.030234,0.687648,0.387742
85115030142740,pre,999.897766,,,
85115045859167,pre,999.903015,,,
85115036093618,Gyro,1.288910,-0.155244,-2.936862,
85115056296093,Gyro,1.209625,-0.137418,-2.957881,
85115025992380,Lacc,-1.082780,3.162908,-3.445395,
85115025992380,GameRo,-0.595900,-0.044483,0.668454,0.442825
85115046194857,Lacc,-0.754874,3.295496,-3.531260,
85115046194857,GameRo,-0.596329,-0.044075,0.668355,0.442437
85115061484043,pre,999.903015,,,
85115077108918,pre,999.900757,,,
85115092733794,pre,999.903748,,,
85115076422277,Gyro,1.137391,-0.122386,-2.839353,
85115096548460,Gyro,1.050789,-0.104693,-2.606287,
85115066359186,Lacc,-1.424725,4.220124,-4.064101,
85115066359186,GameRo,-0.579639,-0.063125,0.643511,0.495910
85115086485368,Lacc,-1.054254,4.428412,-4.150987,
85115086485368,GameRo,-0.580160,-0.062578,0.643467,0.495427
85115108389186,pre,999.901489,,,
85115123983545,pre,999.900757,,,
85115116689900,Gyro,0.938647,-0.076491,-2.289547,
85115136831339,Gyro,0.815995,-0.045230,-1.939284,
85115140218766,pre,999.895508,,,
85115106619179,Lacc,-1.422431,5.153644,-4.444570,
85115106619179,GameRo,-0.563366,-0.081274,0.617092,0.543333
85115126760621,Lacc,-0.792603,5.021836,-4.461956,
85115126760621,GameRo,-0.563956,-0.080674,0.617088,0.542814
85115155233296,pre,999.903748,,,
85115170858171,pre,999.899231,,,
85115156972781,Gyro,0.654099,0.001330,-1.591150,
85115177114222,Gyro,0.490608,0.062390,-1.232639,
85115146902062,Lacc,-0.903590,5.358449,-4.870005,
85115146902062,GameRo,-0.549433,-0.094616,0.594362,0.579573
85115167043503,Lacc,-0.642783,5.385165,-5.053509,
85115167043503,GameRo,-0.550132,-0.094006,0.594356,0.579015
85115186483046,pre,999.894775,,,
85115202107922,pre,999.888733,,,
85115197240406,Gyro,0.356382,0.140345,-0.880912,
85115217366589,Gyro,0.241313,0.255281,-0.529053,
85115218556766,pre,999.885010,,,
85115187177315,Lacc,-0.904189,5.664092,-5.271162,
85115187177315,GameRo,-0.540547,-0.102566,0.577362,0.603276
85115207303497,Lacc,-0.860202,5.673569,-5.149412,
85115207303497,GameRo,-0.541266,-0.101914,0.577398,0.602707
85115233266121,pre,999.897034,,,
85115249440309,pre,999.895508,,,
85115237508029,Gyro,0.153514,0.417309,-0.192359,
85115257649468,Gyro,0.139014,0.638136,0.140744,
85115227437308,Lacc,-1.179938,5.574674,-5.026777,
85115227437308,GameRo,-0.538019,-0.104308,0.566475,0.615436
85115247578749,Lacc,-1.535013,5.284893,-4.783237,
85115247578749,GameRo,-0.538671,-0.103660,0.566551,0.614905
85115264546389,pre,999.890991,,,
85115280232299,pre,999.892517,,,
85115295857175,pre,999.890991,,,
85115277745134,Gyro,0.230006,0.935454,0.490209,
85115297840800,Gyro,0.465466,1.258446,0.870270,
85115267697302,Lacc,-2.178847,4.972013,-4.443282,
85115267697302,GameRo,-0.542359,-0.097146,0.560439,0.618319
85115287792966,Lacc,-3.001941,4.642439,-3.881346,
85115287792966,GameRo,-0.542863,-0.096480,0.560585,0.617847
85115311482050,pre,999.898499,,,
85115327106926,pre,999.890991,,,
85115318028017,Gyro,0.866944,1.582503,1.337066,
85115338215234,Gyro,1.473952,1.939151,1.933298,
85115307934406,Lacc,-3.734234,3.967065,-3.107614,
85115307934406,GameRo,-0.552147,-0.074432,0.557222,0.615709
85115328121623,Lacc,-5.170714,3.152561,-2.545056,
85115328121623,GameRo,-0.552495,-0.073814,0.557396,0.615314
85115342640249,pre,999.895508,,,
85115358356676,pre,999.901489,,,
85115374012069,pre,999.901489,,,
85115358341416,Gyro,2.256423,2.287951,2.586998,
85115378467597,Gyro,3.181767,2.613338,3.073083,
85115348278324,Lacc,-5.885586,1.958578,-1.952808,
85115348278324,GameRo,-0.560837,-0.025917,0.557752,0.611312
85115368404507,Lacc,-5.676763,1.601679,-0.500521,
85115368404507,GameRo,-0.560982,-0.025428,0.557929,0.611038
85115389606427,pre,999.911255,,,
85115405231303,pre,999.907532,,,
85115398609039,Gyro,3.919674,2.814743,3.241098,
85115418750480,Gyro,4.110304,2.863697,3.170194,
85115421497042,pre,999.921753,,,
85115388538320,Lacc,-3.634077,0.608069,0.936872,
85115388538320,GameRo,-0.556955,0.061531,0.563628,0.606909
85115408679761,Lacc,-3.765478,1.573410,1.419701,
85115408679761,GameRo,-0.556859,0.061859,0.563831,0.606775
85115436389501,pre,999.918030,,,
85115452014377,pre,999.914246,,,
85115438891921,Gyro,3.739421,2.789334,2.974776,
85115459033363,Gyro,3.138001,2.568242,2.751687,
85115467608736,pre,999.924011,,,
85115428821202,Lacc,-3.875113,0.930415,1.257383,
85115428821202,GameRo,-0.532151,0.178207,0.562775,0.606912
85115448962641,Lacc,-5.277309,1.134650,1.129887,
85115448962641,GameRo,-0.532096,0.178488,0.562904,0.606758
85115483386197,pre,999.907532,,,
85115479113769,Gyro,2.480443,2.284226,2.523544,
85115499194175,Gyro,1.802398,2.041982,2.286089,
85115498980555,pre,999.914246,,,
85115469073565,Lacc,-4.363009,-0.197645,1.637378,
85115469073565,GameRo,-0.504911,0.283984,0.552794,0.599029
85115489153973,Lacc,-3.412292,0.175442,1.433425,
85115489153973,GameRo,-0.504839,0.284059,0.552868,0.598987
85115514544396,pre,999.919495,,,
85115530138754,pre,999.914246,,,
85115519381392,Gyro,1.373649,1.852151,2.035863,
85115539568609,Gyro,1.082849,1.642099,1.740274,
85115509287785,Lacc,-2.299170,-1.245065,1.931784,
85115509287785,GameRo,-0.485420,0.361035,0.544885,0.580621
85115529475002,Lacc,-2.200958,-1.365079,1.957299,
85115529475002,GameRo,-0.485384,0.360898,0.544899,0.580724
85115545855182,pre,999.908997,,,
85115561480057,pre,999.911255,,,
85115577013380,pre,999.921021,,,
85115559664275,Gyro,0.873064,1.429254,1.472356,
85115579759940,Gyro,0.853509,1.223992,1.272680,
85115549616443,Lacc,-1.735745,-2.174179,2.526774,
85115549616443,GameRo,-0.474796,0.414799,0.539981,0.557612
85115569712107,Lacc,-1.186961,-2.550759,2.307934,
85115569712107,GameRo,-0.474808,0.414510,0.539953,0.557843
85115592729808,pre,999.917236,,,
85115608385200,pre,999.909729,,,
85115599947158,Gyro,1.102404,1.074601,1.131271,
85115620134375,Gyro,1.428456,0.941307,0.983743,
85115623857490,pre,999.914246,,,
85115589853547,Lacc,-0.238458,-3.792921,2.455389,
85115589853547,GameRo,-0.468140,0.452115,0.535023,0.538690
85115610040764,Lacc,0.428493,-4.261687,2.309047,
85115610040764,GameRo,-0.468263,0.451657,0.534900,0.539090
85115639512882,pre,999.911255,,,
85115655137758,pre,999.915039,,,
85115640260556,Gyro,1.625870,0.790586,0.866678,
85115660386738,Gyro,1.689857,0.607540,0.765577,
85115630197464,Lacc,0.638369,-4.937949,2.809365,
85115630197464,GameRo,-0.456895,0.484923,0.525951,0.528651
85115650323648,Lacc,0.788408,-5.013733,3.006490,
85115650323648,GameRo,-0.457037,0.484378,0.525826,0.529153
85115670854185,pre,999.915771,,,
85115686479061,pre,999.911255,,,
85115680528179,Gyro,1.569200,0.421167,0.645453,
85115700669621,Gyro,1.364869,0.256478,0.487548,
85115670457460,Lacc,1.266209,-5.270866,3.283103,
85115702958421,pre,999.907532,,,
85115670457460,GameRo,-0.439026,0.516783,0.511090,0.528185
85115690598899,Lacc,1.835050,-5.034853,2.927904,
85115690598899,GameRo,-0.439203,0.516199,0.510945,0.528749
85115717728812,pre,999.909729,,,
85115733353687,pre,999.916504,,,
85115720811062,Gyro,1.126615,0.078753,0.285345,
85115740952504,Gyro,0.937582,-0.092055,0.054409,
85115710740339,Lacc,2.237186,-5.251343,2.741115,
85115710740339,GameRo,-0.420302,0.540771,0.497574,0.532291
85115730881781,Lacc,2.321813,-5.578738,2.413735,
85115730881781,GameRo,-0.420581,0.540189,0.497333,0.532885
85115748917528,pre,999.910522,,,
85115764603438,pre,999.900757,,,
85115780228313,pre,999.906738,,,
85115761032909,Gyro,0.938248,-0.281754,-0.153514,
85115781113315,Gyro,0.816793,-0.490475,-0.371415,
85115750992705,Lacc,2.058238,-6.548969,1.907835,
85115750992705,GameRo,-0.407042,0.552916,0.487284,0.539588
85115771073110,Lacc,1.445172,-6.492652,1.323163,
85115771073110,GameRo,-0.407453,0.552432,0.486903,0.540118
85115795853189,pre,999.917236,,,
85115811478064,pre,999.908264,,,
85115801300532,Gyro,0.628824,-0.622705,-0.621907,
85115821487750,Gyro,0.510828,-0.758527,-0.883440,
85115791206922,Lacc,1.106911,-6.753979,0.786075,
85115791206922,GameRo,-0.396905,0.555791,0.476685,0.553474
85115811394139,Lacc,0.474472,-7.218432,0.683371,
85115811394139,GameRo,-0.397376,0.555370,0.476237,0.553945
85115827011388,pre,999.905273,,,
85115842727815,pre,999.906738,,,
85115858261138,pre,999.905273,,,
85115841629191,Gyro,0.099771,-0.916032,-1.227717,
85115861770632,Gyro,-0.445644,-1.014340,-1.632655,
85115831558468,Lacc,-0.213525,-6.490001,0.544292,
85115831558468,GameRo,-0.392270,0.547978,0.466706,0.572739
85115851699910,Lacc,-1.428682,-6.543007,0.322989,
85115851699910,GameRo,-0.392685,0.547658,0.466308,0.573084
85115873947048,pre,999.900757,,,
85115889602442,pre,999.897766,,,
85115881912072,Gyro,-0.672324,-1.051588,-2.059409,
85115902053511,Gyro,-0.908183,-0.993188,-2.561856,
85115906417493,pre,999.900757,,,
85115871841351,Lacc,-2.655024,-6.818295,-0.482105,
85115871841351,GameRo,-0.398333,0.526140,0.457870,0.595703
85115891982793,Lacc,-3.855767,-6.687802,-1.189464,
85115891982793,GameRo,-0.398767,0.525960,0.457456,0.595890
85115920852192,pre,999.890991,,,
85115936477068,pre,999.890991,,,
85115922179695,Gyro,-0.978023,-0.836082,-3.029716,
85115942305878,Gyro,-0.761453,-0.714893,-3.388094,
85115951979874,pre,999.895508,,,
85115967604750,pre,999.896240,,,
85115912116604,Lacc,-5.710560,-5.879235,-1.703358,
85115912116604,GameRo,-0.420490,0.488618,0.446881,0.620273
85115932242786,Lacc,-6.720043,-5.929782,-1.419571,
85115932242786,GameRo,-0.420833,0.488535,0.446564,0.620334
85115962432060,Gyro,-0.605544,-0.543021,-3.691531,
85115982558242,Gyro,-0.467328,-0.344543,-3.890142,
85115952368968,Lacc,-6.466858,-3.870140,-1.794761,
85115984724974,pre,999.885010,,,
85115952368968,GameRo,-0.455391,0.442282,0.422936,0.646631
85115972495152,Lacc,-6.103516,-3.352479,-2.194425,
85115972495152,GameRo,-0.455643,0.442353,0.422738,0.646534
85115998976570,pre,999.890259,,,
85116014601445,pre,999.901489,,,
85116002714941,Gyro,-0.334433,-0.175065,-3.981000,
85116022871640,Gyro,-0.136753,-0.039509,-3.883757,
85115992636593,Lacc,-6.584093,-1.613984,-2.317642,
85115992636593,GameRo,-0.490767,0.395480,0.382545,0.675576
85116012793293,Lacc,-6.559907,-1.492963,-2.151993,
85116012793293,GameRo,-0.490909,0.395680,0.382504,0.675380
85116030134768,pre,999.890259,,,
85116045851196,pre,999.892517,,,
85116061476072,pre,999.897766,,,
85116042967306,Gyro,0.217900,0.055872,-3.680889,
85116063062972,Gyro,0.510163,0.117065,-3.486668,
85116032919474,Lacc,-6.157526,0.083592,-2.032955,
85116032919474,GameRo,-0.523995,0.351089,0.331077,0.701822
85116053015138,Lacc,-4.136445,0.524255,-1.994458,
85116053015138,GameRo,-0.524064,0.351383,0.331171,0.701579
85116077100947,pre,999.898499,,,
85116092725822,pre,999.888000,,,
85116083234929,Gyro,0.680971,0.165487,-3.299364,
85116103406886,Gyro,0.887032,0.171872,-3.116584,
85116073148949,Lacc,-3.136091,2.157238,-2.005419,
85116073148949,GameRo,-0.544913,0.315242,0.276489,0.726117
85116093320909,Lacc,-2.017317,2.495918,-2.171335,
85116093320909,GameRo,-0.544947,0.315648,0.276708,0.725832
85116108228629,pre,999.893982,,,
85116123975573,pre,999.903015,,,
85116139600449,pre,999.897034,,,
85116123548328,Gyro,1.056643,0.164955,-2.920234,
85116143689769,Gyro,1.108524,0.163625,-2.688233,
85116113477609,Lacc,-1.824908,4.176997,-2.485843,
85116113477609,GameRo,-0.554905,0.286086,0.222348,0.748864
85116133619050,Lacc,-0.952572,5.095083,-2.482672,
85116133619050,GameRo,-0.554866,0.286709,0.222787,0.748523
85116155225324,pre,999.897034,,,
85116170850200,pre,999.902283,,,
85116163831211,Gyro,1.092560,0.158836,-2.404617,
85116183972652,Gyro,1.083780,0.137950,-2.088276,
85116153760491,Lacc,-1.333394,6.430556,-2.680164,
85116153760491,GameRo,-0.554739,0.262084,0.171537,0.770813
85116186475075,pre,999.900757,,,
85116173901930,Lacc,-0.940432,6.822875,-2.760032,
85116173901930,GameRo,-0.554630,0.262888,0.172163,0.770477
85116202099951,pre,999.897766,,,
85116217755343,pre,999.890991,,,
85116204098834,Gyro,0.985206,0.094583,-1.737082,
85116224225015,Gyro,0.799499,0.067711,-1.370988,
85116194035742,Lacc,-1.340771,7.593702,-3.299697,
85116194035742,GameRo,-0.549797,0.243419,0.128675,0.788615
85116233227632,pre,999.894775,,,
85116214161925,Lacc,-0.967765,7.897661,-3.473873,
85116214161925,GameRo,-0.549710,0.244366,0.129401,0.788264
85116249249233,pre,999.899231,,,
85116244320681,Gyro,0.602618,0.069840,-1.006092,
85116264416347,Gyro,0.361437,0.114803,-0.677246,
85116264904626,pre,999.896240,,,
85116288708147,pre,999.893982,,,
85116284542528,Gyro,0.161496,0.200074,-0.352658,
85116304668710,Gyro,0.052014,0.318336,-0.021950,
85116306560788,pre,999.900024,,,
85116234272849,Lacc,-1.340551,8.216577,-3.868389,
85116234272849,GameRo,-0.542408,0.230614,0.097881,0.801892
85116254368513,Lacc,-1.390161,8.030250,-3.758133,
85116254368513,GameRo,-0.542330,0.231598,0.098628,0.801569
85116274479437,Lacc,-1.975432,7.493152,-3.747972,
85116274479437,GameRo,-0.537629,0.224582,0.080806,0.808695
85116321300660,pre,999.890259,,,
85116337017088,pre,999.900024,,,
85116324871187,Gyro,-0.056803,0.467594,0.320864,
85116345073664,Gyro,-0.106289,0.641329,0.727132,
85116314769949,Lacc,-2.481809,6.719287,-3.490167,
85116314769949,GameRo,-0.537575,0.225471,0.081471,0.808417
85116334972424,Lacc,-2.909178,6.329189,-3.370029,
85116334972424,GameRo,-0.537521,0.226327,0.082113,0.808149
85116352641963,pre,999.895508,,,
85116368266839,pre,999.888733,,,
85116383891714,pre,999.895508,,,
85116365154070,Gyro,-0.084872,0.813866,1.199116,
85116385234476,Gyro,-0.186239,0.993188,1.709944,
85116355113865,Lacc,-3.365601,5.838730,-2.917769,
85116355113865,GameRo,-0.537414,0.249182,0.083640,0.801311
85116375194271,Lacc,-4.532871,5.588171,-2.507576,
85116375194271,GameRo,-0.537271,0.249957,0.084272,0.801099
85116399547107,pre,999.893982,,,
85116415141465,pre,999.888733,,,
85116405421693,Gyro,-0.189033,1.155083,2.272121,
85116425608910,Gyro,0.009179,1.226919,2.875803,
85116432353242,pre,999.893982,,,
85116395328082,Lacc,-5.318650,4.339291,-1.852370,
85116395328082,GameRo,-0.533297,0.277993,0.096890,0.793049
85116446269146,pre,999.903015,,,
85116415515299,Lacc,-6.404427,3.452845,-1.491679,
85116415515299,GameRo,-0.533142,0.278612,0.097417,0.792871
85116462016092,pre,999.894775,,,
85116445750351,Gyro,0.208189,1.302346,3.441305,
85116465891793,Gyro,0.301708,1.316580,3.948409,
85116435679629,Lacc,-6.563982,2.725451,-0.676856,
85116435679629,GameRo,-0.523872,0.322799,0.124091,0.778434
85116455821070,Lacc,-8.526216,2.304375,-0.654700,
85116455821070,GameRo,-0.523684,0.323317,0.124565,0.778270
85116477640967,pre,999.896240,,,
85116493265843,pre,999.894775,,,
85116486017974,Gyro,0.482094,1.316580,4.376360,
85116506144156,Gyro,0.608072,1.336135,4.643880,
85116475954883,Lacc,-8.289450,0.381096,-0.315322,
85116475954883,GameRo,-0.498493,0.381262,0.164691,0.760934
85116508860200,pre,999.897034,,,
85116496081066,Lacc,-7.728172,0.011301,0.289831,
85116496081066,GameRo,-0.498352,0.381554,0.164976,0.760819
85116524424041,pre,999.917236,,,
85116540140469,pre,999.908264,,,
85116526285597,Gyro,0.597962,1.351433,4.711059,
85116546427039,Gyro,0.722476,1.329084,4.552356,
85116516214878,Lacc,-6.210101,-1.384943,1.412961,
85116516214878,GameRo,-0.458611,0.446357,0.215187,0.737656
85116536356317,Lacc,-6.060940,-1.666300,2.183015,
85116536356317,GameRo,-0.458497,0.446373,0.215301,0.737684
85116555765344,pre,999.906006,,,
85116571329185,pre,999.914246,,,
85116566568480,Gyro,0.923481,1.241286,4.228300,
85116586709922,Gyro,0.857633,1.065156,3.810591,
85116588357857,pre,999.911987,,,
85116556497757,Lacc,-5.356000,-3.541761,3.135689,
85116556497757,GameRo,-0.410762,0.510057,0.266041,0.707346
85116576639199,Lacc,-5.016218,-3.191441,3.024142,
85116576639199,GameRo,-0.410746,0.509884,0.266005,0.707494
85116602639971,pre,999.908264,,,
85116618264846,pre,999.900024,,,
85116606851361,Gyro,0.452961,0.876123,3.280873,
85116626992801,Gyro,-0.177327,0.703719,2.683577,
85116633767652,pre,999.906006,,,
85116596780640,Lacc,-3.442952,-4.193915,2.507262,
85116596780640,GameRo,-0.359759,0.564337,0.304293,0.677866
85116616922082,Lacc,-2.112315,-3.581944,1.577488,
85116616922082,GameRo,-0.359909,0.564117,0.304095,0.678058
85116649423045,pre,999.905273,,,
85116665139472,pre,999.905273,,,
85116647149502,Gyro,-0.879981,0.565769,2.092799,
85116667306203,Gyro,-1.449342,0.410791,1.584498,
85116637071152,Lacc,-0.961169,-4.080507,1.718293,
85116637071152,GameRo,-0.323433,0.599174,0.336396,0.650554
85116657227852,Lacc,-0.236029,-3.735392,1.991412,
85116657227852,GameRo,-0.323634,0.598855,0.336160,0.650869
85116680764348,pre,999.906006,,,
85116696389223,pre,999.906006,,,
85116687417127,Gyro,-1.883413,0.232134,1.165859,
85116707528051,Gyro,-2.014844,0.102831,0.864284,
85116677361663,Lacc,0.756861,-4.271155,2.493980,
85116677361663,GameRo,-0.316208,0.610951,0.370209,0.624257
85116697472587,Lacc,2.092622,-4.861825,2.525696,
85116697472587,GameRo,-0.316510,0.610464,0.369891,0.624769
85116711953064,pre,999.908997,,,
85116727638974,pre,999.900757,,,
85116743263850,pre,999.903015,,,
85116727669490,Gyro,-1.878224,0.018358,0.680306,
85116747810929,Gyro,-1.539801,-0.026340,0.583595,
85116717598769,Lacc,2.835307,-5.766468,2.267275,
85116717598769,GameRo,-0.329003,0.604335,0.405434,0.601797
85116737740211,Lacc,3.216580,-6.213996,1.926332,
85116737740211,GameRo,-0.329454,0.603805,0.404978,0.602389
85116758797173,pre,999.914246,,,
85116774513601,pre,999.906006,,,
85116767952371,Gyro,-1.046000,-0.059996,0.550870,
85116788093812,Gyro,-0.567365,-0.102299,0.534773,
85116757881652,Lacc,3.263724,-6.768018,1.506708,
85116790321580,pre,999.897034,,,
85116757881652,GameRo,-0.344095,0.592181,0.434412,0.584984
85116778023094,Lacc,3.249853,-6.928208,1.359857,
85116778023094,GameRo,-0.344616,0.591664,0.433901,0.585580
85116805763351,pre,999.914246,,,
85116821388227,pre,999.906006,,,
85116808174218,Gyro,-0.138083,-0.135423,0.486218,
85116828254624,Gyro,0.191694,-0.162161,0.397355,
85116798134017,Lacc,3.391441,-7.402435,1.355776,
85116798134017,GameRo,-0.349279,0.585603,0.451558,0.575472
85116818214423,Lacc,3.404381,-7.600677,1.435772,
85116818214423,GameRo,-0.349828,0.585047,0.451037,0.576112
85116836891032,pre,999.908264,,,
85116852546426,pre,999.908264,,,
85116848396066,Gyro,0.265524,-0.187969,0.259804,
85116868537507,Gyro,0.105624,-0.206992,0.040840,
85116868262853,pre,999.912781,,,
85116838325347,Lacc,2.958611,-7.496043,1.390838,
85116838325347,GameRo,-0.344231,0.585612,0.457735,0.573621
85116858466788,Lacc,2.383090,-7.282423,1.274398,
85116858466788,GameRo,-0.344753,0.585112,0.457249,0.574205
85116883887729,pre,999.898499,,,
85116899512604,pre,999.906006,,,
85116888724724,Gyro,0.053876,-0.189831,-0.252753,
85116908911941,Gyro,0.106423,-0.210184,-0.625365,
85116915106962,pre,999.905273,,,
85116878631118,Lacc,1.764244,-7.448130,0.992352,
85116878631118,GameRo,-0.337779,0.586429,0.457580,0.576738
85116898818335,Lacc,0.786379,-7.847176,1.234470,
85116898818335,GameRo,-0.338300,0.585978,0.457097,0.577274
85116930670803,pre,999.906006,,,
85116946417747,pre,999.893982,,,
85116929053383,Gyro,0.044298,-0.258740,-1.030037,
85116949194824,Gyro,-0.092322,-0.295722,-1.408635,
85116918982663,Lacc,-0.453535,-7.915846,1.663618,
85116918982663,GameRo,-0.340156,0.581587,0.453701,0.583272
85116939124102,Lacc,-2.223972,-8.117912,1.804832,
85116939124102,GameRo,-0.340601,0.581179,0.453287,0.583740
85116962012106,pre,999.897766,,,
85116977636981,pre,999.890991,,,
85116969321006,Gyro,-0.227345,-0.319401,-1.774063,
85116989447187,Gyro,-0.388043,-0.299845,-2.170487,
85116959257914,Lacc,-3.789610,-7.863253,1.489712,
85116959257914,GameRo,-0.351058,0.570254,0.441242,0.597390
85116979384097,Lacc,-4.131627,-7.425653,1.294976,
85116979384097,GameRo,-0.351449,0.569939,0.440864,0.597739
85116993292374,pre,999.888733,,,
85117008886732,pre,999.893250,,,
85117024420055,pre,999.885010,,,
85117009527593,Gyro,-0.706246,-0.223620,-2.690760,
85117029607999,Gyro,-0.798435,-0.143404,-3.084923,
85116999487392,Lacc,-4.075555,-5.719408,1.172387,
85116999487392,GameRo,-0.372840,0.550165,0.423181,0.615814
85117019567798,Lacc,-5.690587,-5.924071,1.417928,
85117019567798,GameRo,-0.373110,0.549924,0.422905,0.616055
85117040105965,pre,999.880493,,,
85117055700324,pre,999.881287,,,
85117049810476,Gyro,-0.494333,-0.129303,-3.412172,
85117070012953,Gyro,-0.158037,-0.056936,-3.673971,
85117072301754,pre,999.873779,,,
85117039709239,Lacc,-5.691010,-5.049253,1.638466,
85117039709239,GameRo,-0.410663,0.519147,0.397381,0.635556
85117059911714,Lacc,-4.615856,-4.506553,1.297992,
85117059911714,GameRo,-0.410837,0.518952,0.397182,0.635727
85117087011110,pre,999.872253,,,
85117102635985,pre,999.876770,,,
85117090139135,Gyro,0.259272,0.002528,-3.819238,
85117110265316,Gyro,0.701590,0.008381,-3.883491,
85117080076043,Lacc,-4.896999,-2.952209,0.667022,
85117080076043,GameRo,-0.450836,0.483720,0.357315,0.659612
85117100202226,Lacc,-5.395071,-2.719055,0.371932,
85117100202226,GameRo,-0.450913,0.483683,0.357233,0.659631
85117118321895,pre,999.868530,,,
85117133885736,pre,999.867737,,,
85117149510611,pre,999.872986,,,
85117130360982,Gyro,1.024051,-0.043899,-3.822564,
85117150456648,Gyro,1.240887,-0.125845,-3.658806,
85117120313150,Lacc,-6.487917,-0.945215,0.004269,
85117120313150,GameRo,-0.482420,0.449968,0.301919,0.688219
85117140408814,Lacc,-6.222012,-0.600285,-0.342853,
85117140408814,GameRo,-0.482393,0.450108,0.302005,0.688109
85117165135487,pre,999.877502,,,
85117180760362,pre,999.884277,,,
85117170643865,Gyro,1.292635,-0.193955,-3.471503,
85117190831082,Gyro,1.197253,-0.244107,-3.292181,
85117160550254,Lacc,-5.924953,1.015342,-0.782916,
85117160550254,GameRo,-0.499951,0.417756,0.239574,0.719814
85117180737471,Lacc,-5.071287,1.284400,-0.874987,
85117180737471,GameRo,-0.499859,0.418039,0.239803,0.719638
85117196293685,pre,999.895508,,,
85117212010113,pre,999.888000,,,
85117228642060,pre,999.890991,,,
85117210926746,Gyro,1.027909,-0.326850,-3.099955,
85117231022410,Gyro,0.744159,-0.388974,-2.928615,
85117243198829,pre,999.897034,,,
85117200878913,Lacc,-4.697821,2.990894,-1.295397,
85117200878913,GameRo,-0.507495,0.386049,0.180888,0.748795
85117220974579,Lacc,-2.845800,3.912633,-1.588871,
85117220974579,GameRo,-0.507333,0.386523,0.181296,0.748562
85117258793187,pre,999.892517,,,
85117251194369,Gyro,0.440456,-0.397355,-2.756077,
85117271366328,Gyro,0.226946,-0.353456,-2.590989,
85117241108390,Lacc,-1.825324,5.535341,-2.233540,
85117241108390,GameRo,-0.513856,0.353582,0.131121,0.770545
85117261280347,Lacc,-0.508779,5.829456,-2.456927,
85117261280347,GameRo,-0.513687,0.354247,0.131671,0.770258
85117274448580,pre,999.893982,,,
85117290134490,pre,999.893250,,,
85117305759366,pre,999.907532,,,
85117291507769,Gyro,0.200207,-0.280689,-2.440135,
85117311649211,Gyro,0.294790,-0.215772,-2.279038,
85117281437047,Lacc,-0.565240,6.443519,-2.576642,
85117281437047,GameRo,-0.525067,0.321165,0.091136,0.782849
85117301578488,Lacc,-0.253522,6.314465,-2.489709,
85117301578488,GameRo,-0.524894,0.321879,0.091739,0.782601
85117321384241,pre,999.895508,,,
85117337009117,pre,999.897034,,,
85117331744875,Gyro,0.386713,-0.175331,-2.061936,
85117351840538,Gyro,0.475576,-0.159501,-1.758100,
85117321697042,Lacc,-0.876850,7.021538,-2.606443,
85117353610546,pre,999.899231,,,
85117321697042,GameRo,-0.535992,0.292954,0.055877,0.789790
85117341792708,Lacc,-0.903460,7.387095,-2.707825,
85117341792708,GameRo,-0.535780,0.293794,0.056606,0.789570
85117376956308,pre,999.900024,,,
85117372012498,Gyro,0.442585,-0.170542,-1.357818,
85117392184457,Gyro,0.317671,-0.122652,-0.914036,
85117395266708,pre,999.900757,,,
85117361926519,Lacc,-1.613240,8.119204,-3.093784,
85117361926519,GameRo,-0.540400,0.270531,0.024822,0.796344
85117382098476,Lacc,-1.483027,7.907364,-3.287691,
85117382098476,GameRo,-0.540244,0.271466,0.025603,0.796108
85117409335200,pre,999.890259,,,
85117424960076,pre,999.888000,,,
85117412280121,Gyro,0.200739,-0.044964,-0.429681,
85117432375784,Gyro,0.061060,0.066381,0.063321,
85117402232288,Lacc,-1.909338,7.714216,-3.301451,
85117402232288,GameRo,-0.539858,0.255955,0.005303,0.801881
85117440462882,pre,999.895508,,,
85117422327954,Lacc,-2.059167,7.620833,-2.983334,
85117422327954,GameRo,-0.539661,0.256862,0.006077,0.801717
85117456118274,pre,999.894775,,,
85117471834702,pre,999.884277,,,
85117452501968,Gyro,-0.036849,0.178258,0.550071,
85117472628152,Gyro,-0.095913,0.298116,1.044537,
85117442438877,Lacc,-2.614635,7.290168,-2.794992,
85117442438877,GameRo,-0.538326,0.253688,0.000771,0.803646
85117462565059,Lacc,-3.253155,6.850859,-2.704125,
85117462565059,GameRo,-0.538125,0.254541,0.001503,0.803510
85117487459577,pre,999.890991,,,
85117503114971,pre,999.894775,,,
85117492815369,Gyro,-0.180253,0.439259,1.578645,
85117513002586,Gyro,-0.302506,0.594104,2.105170,
85117482721758,Lacc,-4.116626,6.310845,-2.612042,
85117482721758,GameRo,-0.535428,0.265566,0.010732,0.801671
85117502908975,Lacc,-5.466994,5.533937,-2.403240,
85117502908975,GameRo,-0.535238,0.266352,0.011407,0.801528
85117518648294,pre,999.893250,,,
85117534334204,pre,999.903015,,,
85117549959079,pre,999.903015,,,
85117533144027,Gyro,-0.397222,0.708641,2.601632,
85117553285469,Gyro,-0.510296,0.772494,3.121905,
85117523073304,Lacc,-5.836668,4.127787,-2.042173,
85117523073304,GameRo,-0.529007,0.292521,0.035194,0.795830
85117543214746,Lacc,-7.170545,3.487297,-1.828696,
85117543214746,GameRo,-0.528837,0.293181,0.035763,0.795674
85117565583955,pre,999.905273,,,
85117581117278,pre,999.901489,,,
85117573426908,Gyro,-0.539296,0.813068,3.665458,
85117593568347,Gyro,-0.386314,0.782738,4.199566,
85117563356187,Lacc,-8.824526,2.045258,-1.344542,
85117563356187,GameRo,-0.519127,0.333351,0.074152,0.783508
85117583497629,Lacc,-10.364481,0.951901,-1.170754,
85117583497629,GameRo,-0.518973,0.333883,0.074614,0.783340
85117596803188,pre,999.908997,,,
85117612458581,pre,999.897766,,,
85117629029494,pre,999.907532,,,
85117613709789,Gyro,-0.350662,0.775155,4.607563,
85117633851230,Gyro,-0.479833,0.802825,4.773848,
85117603639070,Lacc,-9.002001,0.099130,-0.665730,
85117603639070,GameRo,-0.501476,0.384742,0.129106,0.764086
85117623780512,Lacc,-8.190647,0.152722,-0.376470,
85117623780512,GameRo,-0.501339,0.385089,0.129422,0.763947
85117643708332,pre,999.900024,,,
85117659241655,pre,999.921021,,,
85117653977414,Gyro,-0.408396,0.812270,4.732876,
85117674103598,Gyro,-0.172538,0.749481,4.534531,
85117643914323,Lacc,-6.995157,-1.778066,0.727632,
85117675629464,pre,999.913513,,,
85117643914323,GameRo,-0.470280,0.441457,0.195650,0.738697
85117664040505,Lacc,-7.175076,-2.051789,1.522693,
85117664040505,GameRo,-0.470185,0.441530,0.195774,0.738681
85117690582958,pre,999.917236,,,
85117706207834,pre,999.906006,,,
85117694245037,Gyro,0.009977,0.665407,4.235882,
85117714386476,Gyro,0.042968,0.610067,3.830014,
85117721710640,pre,999.907532,,,
85117684174316,Lacc,-5.704411,-3.408962,1.911205,
85117684174316,GameRo,-0.435075,0.494474,0.260535,0.705922
85117704315758,Lacc,-4.362402,-3.045043,1.214291,
85117704315758,GameRo,-0.435116,0.494390,0.260468,0.705981
85117737457584,pre,999.905273,,,
85117753082460,pre,999.902283,,,
85117734482142,Gyro,0.050418,0.580668,3.348585,
85117754577808,Gyro,-0.108817,0.549273,2.826183,
85117724434310,Lacc,-2.453128,-4.152771,0.738529,
85117724434310,GameRo,-0.395249,0.538359,0.312471,0.675507
85117744529974,Lacc,-1.280836,-3.177579,0.684864,
85117744529974,GameRo,-0.395413,0.538187,0.312265,0.675643
85117768707335,pre,999.900024,,,
85117784332211,pre,999.905273,,,
85117774749767,Gyro,-0.477039,0.523865,2.321341,
85117794921726,Gyro,-0.737375,0.458814,1.868513,
85117764663786,Lacc,0.111614,-3.581904,1.322948,
85117764663786,GameRo,-0.362746,0.570529,0.350567,0.648086
85117784835745,Lacc,1.268616,-3.601575,1.553259,
85117784835745,GameRo,-0.362969,0.570181,0.350304,0.648409
85117799926569,pre,999.908264,,,
85117815581962,pre,999.902283,,,
85117831084768,pre,999.906006,,,
85117815017390,Gyro,-0.924413,0.391369,1.492576,
85117835113054,Gyro,-0.888096,0.372080,1.229446,
85117804969557,Lacc,2.062895,-4.543962,1.544926,
85117804969557,GameRo,-0.347829,0.588330,0.381066,0.622632
85117825065223,Lacc,2.641950,-4.959255,1.559120,
85117825065223,GameRo,-0.348194,0.587880,0.380675,0.623093
85117846831713,pre,999.907532,,,
85117862456588,pre,999.907532,,,
85117855300271,Gyro,-0.607274,0.355185,1.085776,
85117875487488,Gyro,-0.277364,0.315144,1.019661,
85117879180088,pre,999.906006,,,
85117845206665,Lacc,2.866200,-5.854222,1.905508,
85117845206665,GameRo,-0.346223,0.594543,0.406379,0.601252
85117865393882,Lacc,3.066645,-6.018951,2.213996,
85117865393882,GameRo,-0.346632,0.593988,0.405973,0.601840
85117893706339,pre,999.900024,,,
85117909361732,pre,999.905273,,,
85117895628930,Gyro,-0.016895,0.245304,0.983344,
85117915770371,Gyro,0.155776,0.147661,0.913105,
85117885558210,Lacc,3.189201,-6.637781,2.514978,
85117885558210,GameRo,-0.343844,0.600334,0.422513,0.585537
85117905699649,Lacc,3.327047,-6.771117,2.560209,
85117905699649,GameRo,-0.344288,0.599726,0.422097,0.586199
85117924956090,pre,999.898499,,,
85117940580965,pre,999.897766,,,
85117935881295,Gyro,0.240249,0.044697,0.789123,
85117955992218,Gyro,0.197148,-0.053743,0.585324,
85117956755152,pre,999.897766,,,
85117925825831,Lacc,3.428265,-7.017706,2.468206,
85117925825831,GameRo,-0.334568,0.608727,0.431114,0.575896
85117945936755,Lacc,3.395949,-6.757552,2.232111,
85117945936755,GameRo,-0.335044,0.608145,0.430679,0.576559
85117971830716,pre,999.894775,,,
85117987455592,pre,999.891785,,,
85117976148918,Gyro,0.048289,-0.158437,0.327249,
85117996305617,Gyro,-0.110280,-0.287607,0.038179,
85117966070567,Lacc,2.675395,-6.910025,2.303443,
85117966070567,GameRo,-0.323547,0.615064,0.435826,0.571900
85117986227268,Lacc,1.439952,-7.092934,2.456763,
85117986227268,GameRo,-0.323996,0.614542,0.435428,0.572510
85118003080467,pre,999.893982,,,
85118018705343,pre,999.892517,,,
85118034238666,pre,999.887268,,,
85118016447059,Gyro,-0.304901,-0.417575,-0.292263,
85118036588500,Gyro,-0.567498,-0.503112,-0.666604,
85118049924576,pre,999.882751,,,
85118065457900,pre,999.890259,,,
85118056668906,Gyro,-0.934523,-0.545016,-1.078858,
85118076749312,Gyro,-1.355823,-0.522535,-1.538205,
85118081174327,pre,999.890991,,,
85118006376339,Lacc,0.146264,-7.420647,2.423389,
85118006376339,GameRo,-0.319210,0.613927,0.439091,0.573060
85118026517778,Lacc,-1.029885,-7.500565,2.131970,
85118026517778,GameRo,-0.319656,0.613495,0.438691,0.573580
85118046628702,Lacc,-2.287620,-7.442801,1.734274,
85118046628702,GameRo,-0.324633,0.602624,0.441194,0.580350
85118096829720,pre,999.894775,,,
85118112454595,pre,999.888000,,,
85118096936529,Gyro,-1.630127,-0.363034,-2.092001,
85118117123746,Gyro,-1.536741,-0.184510,-2.503856,
85118086842921,Lacc,-2.341935,-6.729624,1.182085,
85118086842921,GameRo,-0.325053,0.602299,0.440808,0.580745
85118107030136,Lacc,-4.292652,-6.958411,1.516557,
85118107030136,GameRo,-0.325441,0.601988,0.440451,0.581121
85118128079471,pre,999.875244,,,
85118143704346,pre,999.873779,,,
85118137265187,Gyro,-0.962326,-0.170276,-2.757674,
85118157406629,Gyro,-0.346804,-0.108418,-3.015216,
85118127194465,Lacc,-5.299930,-5.877458,2.032974,
85118159664912,pre,999.869995,,,
85118127194465,GameRo,-0.405554,0.533228,0.433452,0.602755
85118147335906,Lacc,-4.220790,-5.700802,2.185348,
85118147335906,GameRo,-0.405773,0.532914,0.433219,0.603053
85118174954097,pre,999.876038,,,
85118190578972,pre,999.864746,,,
85118177548070,Gyro,0.234130,-0.065051,-3.213827,
85118197689512,Gyro,0.760655,-0.091390,-3.382108,
85118167477348,Lacc,-4.422577,-4.570060,1.349385,
85118167477348,GameRo,-0.444387,0.499315,0.408704,0.621422
85118187618789,Lacc,-5.325085,-4.579776,0.683119,
85118187618789,GameRo,-0.444561,0.499156,0.408510,0.621553
85118206203848,pre,999.869263,,,
85118221828723,pre,999.874512,,,
85118237331530,pre,999.866272,,,
85118217769918,Gyro,1.117969,-0.191028,-3.478819,
85118237850324,Gyro,1.366066,-0.322061,-3.479750,
85118207729713,Lacc,-6.923038,-3.020178,0.259829,
85118207729713,GameRo,-0.471512,0.470887,0.364062,0.650693
85118227810119,Lacc,-7.483119,-2.502364,-0.024125,
85118227810119,GameRo,-0.471566,0.470910,0.364020,0.650660
85118253078474,pre,999.869995,,,
85118268703350,pre,999.873779,,,
85118258037541,Gyro,1.348905,-0.472516,-3.442236,
85118278224758,Gyro,1.080189,-0.568163,-3.451947,
85118247943930,Lacc,-7.353330,-0.453220,-0.545699,
85118247943930,GameRo,-0.486267,0.442543,0.308396,0.687454
85118268131147,Lacc,-5.701827,0.308298,-0.644991,
85118268131147,GameRo,-0.486220,0.442736,0.308516,0.687309
85118284328225,pre,999.883484,,,
85118299922583,pre,999.888000,,,
85118315486424,pre,999.890259,,,
85118298366197,Gyro,0.803357,-0.616053,-3.477755,
85118318507637,Gyro,0.462672,-0.640664,-3.482544,
85118288295477,Lacc,-4.452866,2.063927,-0.928356,
85118288295477,GameRo,-0.494042,0.409516,0.253246,0.723938
85118308436918,Lacc,-2.734890,3.067309,-0.887488,
85118308436918,GameRo,-0.493877,0.409870,0.253549,0.723744
85118331141817,pre,999.897766,,,
85118346827727,pre,999.890259,,,
85118338649078,Gyro,0.096445,-0.607806,-3.436915,
85118358790520,Gyro,-0.084606,-0.530383,-3.304951,
85118364008986,pre,999.892517,,,
85118328578359,Lacc,-1.831824,5.201014,-1.429746,
85118328578359,GameRo,-0.507091,0.369446,0.202657,0.751864
85118348719801,Lacc,-0.463472,5.546699,-1.643401,
85118348719801,GameRo,-0.506834,0.370023,0.203163,0.751617
85118386774918,pre,999.900757,,,
85118378916703,Gyro,0.048023,-0.430612,-3.123634,
85118399042887,Gyro,0.384451,-0.353988,-2.870082,
85118368853612,Lacc,-0.552434,6.172328,-1.854097,
85118368853612,GameRo,-0.527726,0.326043,0.157292,0.768414
85118388979794,Lacc,-0.379391,5.662594,-1.874633,
85118388979794,GameRo,-0.527519,0.326661,0.157813,0.768187
85118403467900,pre,999.900024,,,
85118419153810,pre,999.900757,,,
85118434717651,pre,999.902283,,,
85118419184326,Gyro,0.654898,-0.330708,-2.544297,
85118439325766,Gyro,0.825573,-0.300511,-2.179001,
85118409113605,Lacc,-1.439274,6.453215,-2.110875,
85118409113605,GameRo,-0.543866,0.287846,0.114346,0.779923
85118429255047,Lacc,-1.459166,6.890385,-2.273692,
85118429255047,GameRo,-0.543642,0.288628,0.115009,0.779692
85118450373045,pre,999.897766,,,
85118466058954,pre,999.897034,,,
85118459467207,Gyro,0.836747,-0.299047,-1.816233,
85118479608648,Gyro,0.676049,-0.271643,-1.449608,
85118449396488,Lacc,-2.373012,7.601727,-2.758944,
85118481866933,pre,999.898499,,,
85118449396488,GameRo,-0.545344,0.258519,0.076190,0.793702
85118469537930,Lacc,-2.246117,7.478423,-2.895849,
85118469537930,GameRo,-0.545159,0.259413,0.076913,0.793467
85118497278188,pre,999.897034,,,
85118512903063,pre,999.897766,,,
85118499734832,Gyro,0.459878,-0.218964,-1.052519,
85118519861016,Gyro,0.219496,-0.126111,-0.651838,
85118528405869,pre,999.897766,,,
85118489671741,Lacc,-2.816699,7.531563,-3.252069,
85118489671741,GameRo,-0.540010,0.237574,0.048619,0.805968
85118509797923,Lacc,-2.864348,7.480620,-3.247843,
85118509797923,GameRo,-0.539853,0.238512,0.049353,0.805751
85118544152814,pre,999.895508,,,
85118539956679,Gyro,0.003858,-0.011840,-0.249428,
85118560052343,Gyro,-0.180253,0.120923,0.173602,
85118559777689,pre,999.895508,,,
85118529908846,Lacc,-3.366397,7.353197,-3.345525,
85118529908846,GameRo,-0.537317,0.225887,0.034480,0.811836
85118550004512,Lacc,-3.511851,7.142549,-3.218853,
85118550004512,GameRo,-0.537166,0.226820,0.035202,0.811645
85118575311013,pre,999.890259,,,
85118591027440,pre,999.895508,,,
85118580239560,Gyro,-0.346671,0.271510,0.645985,
85118600426777,Gyro,-0.459878,0.417575,1.156946,
85118570145954,Lacc,-3.937804,6.826553,-2.978105,
85118570145954,GameRo,-0.538370,0.226063,0.033165,0.811144
85118590333171,Lacc,-4.329036,6.263367,-2.709708,
85118590333171,GameRo,-0.538205,0.226924,0.033845,0.810984
85118606621799,pre,999.890259,,,
85118622277191,pre,999.890259,,,
85118637810514,pre,999.898499,,,
85118620507183,Gyro,-0.527191,0.533177,1.682008,
85118640587589,Gyro,-0.663012,0.648113,2.279437,
85118610466982,Lacc,-4.058469,5.574689,-2.302528,
85118610466982,GameRo,-0.540864,0.240386,0.045030,0.804769
85118630547388,Lacc,-5.241573,5.403251,-2.253202,
85118630547388,GameRo,-0.540692,0.241174,0.045669,0.804613
85118653526942,pre,999.893982,,,
85118669060265,pre,999.894775,,,
85118660774806,Gyro,-0.735513,0.660352,2.918904,
85118680962023,Gyro,-0.667003,0.675251,3.501035,
85118684746176,pre,999.902283,,,
85118650681200,Lacc,-7.175482,4.308457,-1.875992,
85118650681200,GameRo,-0.540857,0.269675,0.071775,0.793472
85118670868417,Lacc,-8.792906,3.033594,-1.646569,
85118670868417,GameRo,-0.540702,0.270354,0.072330,0.793296
85118700401568,pre,999.900757,,,
85118716026444,pre,999.906006,,,
85118701103465,Gyro,-0.649310,0.693210,3.944019,
85118721244906,Gyro,-0.779013,0.746288,4.178414,
85118691032746,Lacc,-7.974411,1.855839,-1.053839,
85118691032746,GameRo,-0.535550,0.313282,0.117800,0.775347
85118711174188,Lacc,-7.692009,1.596365,-0.744891,
85118711174188,GameRo,-0.535397,0.313773,0.118221,0.775191
85118731651319,pre,999.907532,,,
85118747276195,pre,999.908264,,,
85118741386348,Gyro,-0.736311,0.770898,4.209277,
85118761527789,Gyro,-0.399617,0.725935,4.096735,
85118763725039,pre,999.910522,,,
85118731315628,Lacc,-7.199057,-0.015177,-0.038269,
85118731315628,GameRo,-0.520012,0.365576,0.177308,0.751335
85118751457067,Lacc,-7.873903,-0.725013,0.582662,
85118751457067,GameRo,-0.519878,0.365838,0.177564,0.751239
85118778525946,pre,999.906006,,,
85118794150821,pre,999.913513,,,
85118781669231,Gyro,-0.046826,0.657824,3.905041,
85118801810672,Gyro,0.081679,0.608072,3.628875,
85118771598508,Lacc,-6.629190,-2.055922,1.319526,
85118771598508,GameRo,-0.500291,0.417674,0.237605,0.720279
85118791739949,Lacc,-5.746890,-1.638508,0.876281,
85118791739949,GameRo,-0.500223,0.417755,0.237706,0.720246
85118809775697,pre,999.908264,,,
85118825400572,pre,999.900757,,,
85118841025447,pre,999.905273,,,
85118821891078,Gyro,0.033922,0.595301,3.239768,
85118841971484,Gyro,-0.137551,0.600223,2.817669,
85118811850873,Lacc,-3.944695,-2.308700,0.503371,
85118811850873,GameRo,-0.469350,0.464701,0.286333,0.694102
85118831931279,Lacc,-2.775084,-1.565743,0.560487,
85118856528254,pre,999.905273,,,
85118831931279,GameRo,-0.469362,0.464671,0.286312,0.694122
85118872275198,pre,999.902283,,,
85118862158701,Gyro,-0.413851,0.612728,2.452374,
85118882345918,Gyro,-0.653301,0.614191,2.158781,
85118852065090,Lacc,-0.904288,-2.217077,1.392162,
85118852065090,GameRo,-0.442080,0.501674,0.324005,0.669260
85118872252308,Lacc,0.324016,-2.140208,1.780940,
85118872252308,GameRo,-0.442128,0.501400,0.323902,0.669484
85118887900074,pre,999.905273,,,
85118903524949,pre,999.897766,,,
85118919149825,pre,999.905273,,,
85118902487359,Gyro,-0.716623,0.567232,1.930105,
85118922628801,Gyro,-0.599159,0.526791,1.796545,
85118892416637,Lacc,1.278320,-3.368188,2.009275,
85118892416637,GameRo,-0.427827,0.526855,0.354727,0.643084
85118912558078,Lacc,1.778440,-3.506346,1.867640,
85118912558078,GameRo,-0.428003,0.526443,0.354488,0.643435
85118934774700,pre,999.908264,,,
85118950399576,pre,999.904480,,,
85118942754983,Gyro,-0.325919,0.472516,1.740008,
85118962881164,Gyro,-0.049753,0.411855,1.705687,
85118932691891,Lacc,2.296399,-4.289898,2.063158,
85118967092557,pre,999.906006,,,
85118932691891,GameRo,-0.421074,0.543941,0.381189,0.617673
85118952818074,Lacc,2.439587,-4.350263,2.271702,
85118952818074,GameRo,-0.421306,0.543434,0.380909,0.618133
85118981649326,pre,999.907532,,,
85118997274202,pre,999.906006,,,
85118983022606,Gyro,0.173602,0.343612,1.675623,
85119003164047,Gyro,0.306497,0.241978,1.597402,
85118972951886,Lacc,2.540797,-5.228811,2.637906,
85118972951886,GameRo,-0.409411,0.560795,0.400944,0.597608
85118993093325,Lacc,2.623013,-5.458707,2.841504,
85118993093325,GameRo,-0.409696,0.560208,0.400637,0.598169
85119012899077,pre,999.911987,,,
85119029225851,pre,999.911255,,,
85119023259711,Gyro,0.224418,0.118262,1.443622,
85119043355375,Gyro,-0.025275,-0.007849,1.212818,
85119044911762,pre,999.900757,,,
85119013211878,Lacc,2.705864,-5.923059,3.216861,
85119013211878,GameRo,-0.391107,0.578627,0.415073,0.583044
85119033307544,Lacc,2.825123,-5.731802,3.171939,
85119033307544,GameRo,-0.391411,0.578002,0.414783,0.583666
85119059712669,pre,999.917236,,,
85119075398579,pre,999.893982,,,
85119063542592,Gyro,-0.250093,-0.120923,0.936518,
85119083729809,Gyro,-0.422231,-0.255281,0.615255,
85119053448985,Lacc,2.477209,-6.413017,3.151499,
85119053448985,GameRo,-0.373730,0.590934,0.427800,0.572809
85119073636202,Lacc,1.535256,-6.831541,3.322985,
85119073636202,GameRo,-0.374085,0.590335,0.427485,0.573429
85119091023455,pre,999.895508,,,
85119106648330,pre,999.893982,,,
85119122273205,pre,999.890259,,,
85119103825475,Gyro,-0.493401,-0.382722,0.266056,
85119123921140,Gyro,-0.519874,-0.473580,-0.134758,
85119093777643,Lacc,0.718524,-7.648398,3.169432,
85119093777643,GameRo,-0.366071,0.592077,0.441794,0.565911
85119113873306,Lacc,-0.086773,-7.810249,2.774767,
85119113873306,GameRo,-0.366487,0.591547,0.441427,0.566482
85119137898081,pre,999.888733,,,
85119153522956,pre,999.894775,,,
85119144093100,Gyro,-0.555659,-0.520273,-0.589847,
85119164265059,Gyro,-0.696934,-0.523200,-1.091230,
85119169056280,pre,999.890991,,,
85119134007118,Lacc,-0.879581,-7.969172,2.216686,
85119134007118,GameRo,-0.366747,0.583338,0.452230,0.566305
85119154179077,Lacc,-1.011232,-7.436324,1.703840,
85119154179077,GameRo,-0.367178,0.582905,0.451844,0.566780
85119184772707,pre,999.888000,,,
85119200397583,pre,999.891785,,,
85119184406498,Gyro,-0.925211,-0.416511,-1.662719,
85119204547938,Gyro,-0.824375,-0.272841,-2.107964,
85119174335777,Lacc,-0.510590,-6.275987,1.049804,
85119174335777,GameRo,-0.377251,0.566120,0.454256,0.575187
85119194477219,Lacc,-2.152587,-6.562257,1.334570,
85119194477219,GameRo,-0.377623,0.565759,0.453917,0.575566
85119216022458,pre,999.893982,,,
85119231525265,pre,999.893982,,,
85119224689379,Gyro,-0.299047,-0.279226,-2.387190,
85119244830821,Gyro,0.216570,-0.315676,-2.575159,
85119214618660,Lacc,-3.871394,-6.777917,1.873599,
85119214618660,GameRo,-0.404817,0.538469,0.446473,0.588928
85119247150140,pre,999.888000,,,
85119234760102,Lacc,-4.271524,-6.711514,1.836794,
85119234760102,GameRo,-0.405110,0.538129,0.446190,0.589251
85119262897085,pre,999.882751,,,
85119278521960,pre,999.879761,,,
85119264957002,Gyro,0.611264,-0.389906,-2.712577,
85119285083184,Gyro,0.854174,-0.505906,-2.854917,
85119254893913,Lacc,-5.227173,-5.567433,1.143209,
85119254893913,GameRo,-0.431146,0.512124,0.421109,0.611971
85119275020095,Lacc,-5.904738,-5.293653,0.327116,
85119275020095,GameRo,-0.431378,0.511956,0.420872,0.612112
85119294024766,pre,999.890259,,,
85119309771711,pre,999.882019,,,
85119305178849,Gyro,0.898605,-0.594902,-2.985551,
85119325274515,Gyro,0.814930,-0.689485,-3.087317,
85119326251071,pre,999.877502,,,
85119295131019,Lacc,-6.495518,-3.525186,-0.415070,
85119295131019,GameRo,-0.447277,0.487942,0.382903,0.644392
85119315226684,Lacc,-6.724386,-2.924661,-0.626185,
85119315226684,GameRo,-0.447407,0.487952,0.382785,0.644364
85119349902006,pre,999.876038,,,
85119345461732,Gyro,0.640131,-0.749215,-3.190680,
85119365648949,Gyro,0.430745,-0.733783,-3.329030,
85119335368126,Lacc,-6.411830,-1.295572,-1.088270,
85119335368126,GameRo,-0.459712,0.459029,0.339712,0.680112
85119367846199,pre,999.885742,,,
85119355555343,Lacc,-5.281710,-0.990335,-1.047756,
85119355555343,GameRo,-0.459769,0.459162,0.339700,0.679990
85119382280899,pre,999.884277,,,
85119397905774,pre,999.890259,,,
85119385775131,Gyro,0.140611,-0.704783,-3.519925,
85119405901313,Gyro,-0.118794,-0.632150,-3.655082,
85119375712042,Lacc,-4.348296,0.470038,-1.303912,
85119375712042,GameRo,-0.474981,0.422457,0.296351,0.712811
85119395838224,Lacc,-2.979911,1.275073,-1.380172,
85119395838224,GameRo,-0.474955,0.422729,0.296474,0.712616
85119413530650,pre,999.893250,,,
85119429216560,pre,999.894775,,,
85119444780401,pre,999.894775,,,
85119425996978,Gyro,-0.214308,-0.538764,-3.759109,
85119446092644,Gyro,-0.220561,-0.392832,-3.747004,
85119415949147,Lacc,-2.338573,3.326762,-1.849763,
85119415949147,GameRo,-0.498357,0.378794,0.250858,0.738394
85119436044813,Lacc,-1.313948,4.063341,-2.080380,
85119436044813,GameRo,-0.498236,0.379302,0.251186,0.738103
85119460313724,pre,999.890259,,,
85119476060668,pre,999.888000,,,
85119466279861,Gyro,0.084872,-0.247432,-3.555310,
85119486467078,Gyro,0.543420,-0.170010,-3.231653,
85119456186254,Lacc,-1.821617,5.140048,-2.262357,
85119456186254,GameRo,-0.526097,0.332385,0.201931,0.756284
85119476373469,Lacc,-1.955489,4.948503,-2.242881,
85119476373469,GameRo,-0.525961,0.333002,0.202370,0.755990
85119491593992,pre,999.897766,,,
85119507279902,pre,999.894775,,,
85119522874260,pre,999.900024,,,
85119506547484,Gyro,0.875059,-0.180120,-2.787206,
85119526627890,Gyro,0.924413,-0.206859,-2.285158,
85119496507280,Lacc,-2.908689,6.179634,-2.503948,
85119496507280,GameRo,-0.544758,0.292820,0.150469,0.771268
85119516587688,Lacc,-2.214162,7.022708,-2.803462,
85119516587688,GameRo,-0.544584,0.293650,0.151101,0.770952
85119538590688,pre,999.900757,,,
85119554154529,pre,999.888733,,,
85119546815107,Gyro,0.760788,-0.239850,-1.790958,
85119567002324,Gyro,0.402676,-0.230272,-1.384424,
85119570237164,pre,999.888000,,,
85119536721501,Lacc,-2.178246,8.291735,-3.398914,
85119536721501,GameRo,-0.544750,0.264495,0.106315,0.788661
85119556908718,Lacc,-1.291120,8.443121,-3.556000,
85119556908718,GameRo,-0.544598,0.265491,0.107056,0.788332
85119585404280,pre,999.893982,,,
85119601029155,pre,999.900757,,,
85119587143766,Gyro,-0.030863,-0.162028,-1.051721,
85119607285207,Gyro,-0.267520,-0.047225,-0.701324,
85119577073046,Lacc,-1.399265,8.375253,-3.751033,
85119577073046,GameRo,-0.541265,0.245404,0.079532,0.800302
85119597214486,Lacc,-1.399771,7.863842,-3.462209,
85119597214486,GameRo,-0.541135,0.246376,0.080248,0.800020
85119616562478,pre,999.892517,,,
85119632187354,pre,999.895508,,,
85119627426649,Gyro,-0.251822,0.082877,-0.327781,
85119647568090,Gyro,-0.106689,0.218565,0.075826,
85119649277061,pre,999.887268,,,
85119617355926,Lacc,-1.970825,7.535104,-3.225430,
85119617355926,GameRo,-0.547034,0.234089,0.067133,0.800905
85119637497367,Lacc,-2.367387,7.111659,-3.123460,
85119637497367,GameRo,-0.546913,0.234997,0.067813,0.800665
85119663467622,pre,999.888733,,,
85119679153532,pre,999.890259,,,
85119667694272,Gyro,0.009578,0.366892,0.513489,
85119687820453,Gyro,0.064386,0.559915,0.973766,
85119657631180,Lacc,-2.707643,6.890714,-2.989820,
85119657631180,GameRo,-0.552035,0.234501,0.064309,0.797579
85119677757363,Lacc,-3.278214,6.477504,-2.853266,
85119677757363,GameRo,-0.551915,0.235356,0.064963,0.797356
85119694686856,pre,999.890259,,,
85119710403283,pre,999.885010,,,
85119726028159,pre,999.897034,,,
85119707916119,Gyro,0.163492,0.717288,1.444287,
85119728011785,Gyro,0.280290,0.838343,1.920261,
85119697868287,Lacc,-3.824438,5.647578,-2.413103,
85119697868287,GameRo,-0.548935,0.249254,0.070600,0.794706
85119717963951,Lacc,-4.348154,5.205086,-1.893969,
85119717963951,GameRo,-0.548759,0.249979,0.071195,0.794548
85119741653034,pre,999.888000,,,
85119757277910,pre,999.895508,,,
85119748199002,Gyro,0.374873,0.912972,2.482305,
85119768386219,Gyro,0.553929,0.874926,3.110863,
85119738105391,Lacc,-5.374027,4.472610,-1.143210,
85119738105391,GameRo,-0.538626,0.279598,0.087052,0.790019
85119758292608,Lacc,-7.986763,3.658744,-1.322544,
85119758292608,GameRo,-0.538430,0.280261,0.087608,0.789855
85119772933302,pre,999.897766,,,
85119788527660,pre,999.898499,,,
85119804152536,pre,999.895508,,,
85119788527658,Gyro,0.766109,0.847522,3.672375,
85119808669098,Gyro,0.683898,0.837279,4.047781,
85119819655341,pre,999.907532,,,
85119835280217,pre,999.902283,,,
85119778456938,Lacc,-8.662643,2.075328,-1.341709,
85119778456938,GameRo,-0.517947,0.323836,0.116948,0.783061
85119798598379,Lacc,-8.390018,1.482180,-0.859413,
85119798598379,GameRo,-0.517794,0.324340,0.117357,0.782892
85119828749506,Gyro,0.047092,0.837013,4.116955,
85119848829914,Gyro,-0.877321,0.809476,3.874046,
85119818709303,Lacc,-5.982042,0.824016,-0.174653,
85119851210266,pre,999.905273,,,
85119818709303,GameRo,-0.481168,0.378046,0.162730,0.774001
85119838789709,Lacc,-5.436297,1.285809,0.511752,
85119838789709,GameRo,-0.480978,0.378332,0.163027,0.773917
85119866591003,pre,999.906738,,,
85119882276913,pre,999.905273,,,
85119869017131,Gyro,-1.400919,0.746554,3.567416,
85119889204348,Gyro,-1.503617,0.621641,3.349117,
85119858923520,Lacc,-5.217658,-0.531090,1.198784,
85119858923520,GameRo,-0.452052,0.429117,0.219267,0.750620
85119879110737,Lacc,-6.523642,-1.021561,1.134181,
85119879110737,GameRo,-0.451958,0.429242,0.219400,0.750566
85119897901789,pre,999.903015,,,
85119913526664,pre,999.902283,,,
85119929151539,pre,999.905273,,,
85119909284754,Gyro,-1.125285,0.595833,3.195602,
85119929365160,Gyro,-0.358910,0.617384,2.971583,
85119899244549,Lacc,-5.586280,-2.854547,1.538247,
85119899244549,GameRo,-0.445599,0.464314,0.278044,0.713124
85119919324955,Lacc,-3.810956,-3.414875,1.932219,
85119919324955,GameRo,-0.445634,0.464172,0.277972,0.713223
85119944776415,pre,999.908264,,,
85119960401290,pre,999.906006,,,
85119949552377,Gyro,0.295988,0.619379,2.662026,
85119969739594,Gyro,0.727531,0.585324,2.335309,
85119975904096,pre,999.918762,,,
85119939458766,Lacc,-1.574890,-4.109779,2.845232,
85119939458766,GameRo,-0.433315,0.493952,0.326601,0.679398
85119959645983,Lacc,-0.340990,-3.387172,3.074657,
85119959645983,GameRo,-0.433365,0.493571,0.326490,0.679696
85119991651041,pre,999.906006,,,
85120007275917,pre,999.906006,,,
85119989835258,Gyro,0.990528,0.480764,2.004069,
85120009930922,Gyro,1.175038,0.368355,1.719921,
85119979787425,Lacc,0.703598,-3.979238,3.112988,
85119979787425,GameRo,-0.405584,0.526243,0.352011,0.659286
85119999883091,Lacc,1.358943,-4.372208,2.965930,
85119999883091,GameRo,-0.405757,0.525740,0.351794,0.659697
85120022870274,pre,999.909729,,,
85120038403598,pre,999.907532,,,
85120030072363,Gyro,1.148299,0.238519,1.506943,
85120050213804,Gyro,0.977225,0.095248,1.354892,
85120054058991,pre,999.917236,,,
85120069653348,pre,999.912781,,,
85120020001644,Lacc,1.762426,-5.286736,3.166329,
85120020001644,GameRo,-0.374521,0.554029,0.362156,0.649330
85120040143086,Lacc,1.983882,-5.021593,3.550773,
85120040143086,GameRo,-0.374743,0.553439,0.361919,0.649837
85120085400294,pre,999.920288,,,
85120070401022,Gyro,0.873995,-0.033656,1.239157,
85120090588239,Gyro,0.822912,-0.157638,1.138322,
85120060307415,Lacc,2.031372,-5.464695,3.762714,
85120060307415,GameRo,-0.345067,0.574549,0.366372,0.645441
85120080494632,Lacc,1.936720,-5.470139,3.727674,
85120080494632,GameRo,-0.345335,0.573943,0.366118,0.645980
85120101025169,pre,999.908264,,,
85120116650045,pre,999.908264,,,
85120110714422,Gyro,0.799233,-0.254749,1.017000,
85120130840606,Gyro,0.947959,-0.315942,0.869206,
85120133922856,pre,999.911255,,,
85120100651331,Lacc,1.935468,-6.255419,3.559782,
85120100651331,GameRo,-0.319845,0.587120,0.371971,0.643916
85120120777513,Lacc,1.891447,-6.808235,3.088711,
85120120777513,GameRo,-0.320251,0.586539,0.371595,0.644459
85120147899796,pre,999.908264,,,
85120163524671,pre,999.903015,,,
85120150982045,Gyro,1.239556,-0.344942,0.678178,
85120171123485,Gyro,1.613498,-0.343612,0.437796,
85120140911324,Lacc,1.956625,-7.469602,2.409399,
85120140911324,GameRo,-0.296377,0.594786,0.376021,0.645755
85120161052766,Lacc,2.095197,-7.476385,1.879028,
85120161052766,GameRo,-0.296910,0.594280,0.375530,0.646261
85120179149547,pre,999.900024,,,
85120194774422,pre,999.896240,,,
85120210399298,pre,999.894775,,,
85120191219150,Gyro,1.926381,-0.370350,0.150588,
85120211314816,Gyro,1.996487,-0.425424,-0.160166,
85120181171319,Lacc,1.904307,-7.869317,1.305186,
85120181171319,GameRo,-0.270164,0.602754,0.369598,0.653527
85120201266982,Lacc,1.328330,-7.777975,0.736711,
85120201266982,GameRo,-0.270767,0.602379,0.369036,0.653940
85120226024173,pre,999.893250,,,
85120241649048,pre,999.895508,,,
85120231486773,Gyro,2.117542,-0.464534,-0.501250,
85120251658731,Gyro,2.467007,-0.459213,-0.810141,
85120221400794,Lacc,0.862056,-7.979913,0.229589,
85120221400794,GameRo,-0.241454,0.611770,0.347599,0.668291
85120241572753,Lacc,0.078717,-8.196990,-0.551873,
85120241572753,GameRo,-0.242104,0.611554,0.346975,0.668577
85120257182372,pre,999.893250,,,
85120272898799,pre,999.895508,,,
85120288523675,pre,999.900757,,,
85120271800172,Gyro,2.823922,-0.483823,-1.077794,
85120291941614,Gyro,2.922628,-0.466397,-1.382029,
85120304056998,pre,999.893250,,,
85120261729453,Lacc,-0.840246,-8.496375,-1.410501,
85120261729453,GameRo,-0.217075,0.616896,0.314022,0.688264
85120281870895,Lacc,-1.082229,-8.321407,-1.787928,
85120281870895,GameRo,-0.217734,0.616823,0.313377,0.688415
85120319803942,pre,999.893982,,,
85120312083055,Gyro,2.824055,-0.422364,-1.641700,
85120332224496,Gyro,2.608815,-0.419172,-1.831133,
85120302012336,Lacc,-2.159758,-7.973187,-2.038365,
85120302012336,GameRo,-0.189197,0.622087,0.262882,0.712815
85120322153778,Lacc,-4.692041,-8.209605,-1.873471,
85120335306749,pre,999.895508,,,
85120322153778,GameRo,-0.189749,0.622092,0.262341,0.712863
85120351023177,pre,999.893250,,,
85120366678569,pre,999.893250,,,
85120352365938,Gyro,2.708187,-0.454823,-1.950060,
85120372507379,Gyro,3.394346,-0.490076,-2.040918,
85120342295218,Lacc,-6.485149,-8.389655,-2.412092,
85120342295218,GameRo,-0.168630,0.623200,0.203621,0.736019
85120362436658,Lacc,-5.961908,-9.049903,-3.411758,
85120362436658,GameRo,-0.169193,0.623317,0.203081,0.735940
85120382272927,pre,999.890259,,,
85120397928320,pre,999.888733,,,
85120392618303,Gyro,3.798087,-0.517879,-2.271988,
85120412729227,Gyro,3.807000,-0.496594,-2.511438,
85120382562839,Lacc,-4.285450,-7.495706,-4.667919,
85120414255094,pre,999.894775,,,
85120382562839,GameRo,-0.150945,0.619804,0.139752,0.757316
85120402673763,Lacc,-3.337372,-6.556456,-5.203834,
85120402673763,GameRo,-0.151472,0.620107,0.139291,0.757048
85120429147554,pre,999.888000,,,
85120444802946,pre,999.890259,,,
85120432885926,Gyro,3.535622,-0.505640,-2.681848,
85120453042625,Gyro,3.002578,-0.518677,-2.779224,
85120422807574,Lacc,-3.955585,-5.723017,-5.991382,
85120422807574,GameRo,-0.120033,0.613821,0.056756,0.778200
85120442964274,Lacc,-4.148690,-5.328424,-5.896322,
85120442964274,GameRo,-0.120458,0.614230,0.056451,0.777833
85120460336270,pre,999.882019,,,
85120476022180,pre,999.903015,,,
85120491647056,pre,999.900024,,,
85120473138291,Gyro,2.219309,-0.558319,-2.871413,
85120493233957,Gyro,1.377373,-0.564571,-2.999652,
85120463090456,Lacc,-3.501860,-3.909707,-5.746859,
85120463090456,GameRo,-0.099027,0.601835,-0.027899,0.791966
85120483186122,Lacc,-1.984727,-3.294155,-5.191128,
85120483186122,GameRo,-0.099367,0.602291,-0.028067,0.791571
85120507271931,pre,999.900024,,,
85120522866289,pre,999.898499,,,
85120513421174,Gyro,0.698664,-0.563108,-3.149308,
85120533608391,Gyro,0.333502,-0.552865,-3.274887,
85120503327563,Lacc,-1.118312,-1.960917,-4.991208,
85120503327563,GameRo,-0.101764,0.585537,-0.098018,0.798237
85120523514781,Lacc,-0.405107,-1.699802,-4.834165,
85120523514781,GameRo,-0.102034,0.586028,-0.098064,0.797837
85120538582716,pre,999.900757,,,
85120554146557,pre,999.905273,,,
85120569771433,pre,999.904480,,,
85120553734573,Gyro,0.183579,-0.525860,-3.361222,
85120573860754,Gyro,0.228409,-0.439924,-3.403525,
85120543671480,Lacc,-0.646670,-0.317353,-5.420853,
85120543671480,GameRo,-0.131007,0.568698,-0.154666,0.797182
85120563797661,Lacc,-0.628628,-0.312325,-5.704049,
85120563797661,GameRo,-0.131183,0.569304,-0.154534,0.796745
85120585396308,pre,999.899231,,,
85120601021184,pre,999.904480,,,
85120594002196,Gyro,0.358245,-0.369951,-3.365213,
85120614143637,Gyro,0.435002,-0.306098,-3.222208,
85120617836235,pre,999.907532,,,
85120583931473,Lacc,-1.303936,0.750557,-5.633451,
85120583931473,GameRo,-0.168467,0.550889,-0.208656,0.790318
85120604072914,Lacc,-1.311971,1.094255,-5.209401,
85120604072914,GameRo,-0.168499,0.551494,-0.208362,0.789967
85120632148865,pre,999.904480,,,
85120647987361,pre,999.904480,,,
85120634285077,Gyro,0.486085,-0.245969,-2.975973,
85120654426516,Gyro,0.479034,-0.212180,-2.646063,
85120624214356,Lacc,-2.423941,2.296981,-5.296474,
85120624214356,GameRo,-0.200662,0.532238,-0.263666,0.779062
85120644355797,Lacc,-2.682449,2.560695,-5.327001,
85120644355797,GameRo,-0.200531,0.532904,-0.263187,0.778803
85120663520685,pre,999.906738,,,
85120679145561,pre,999.899231,,,
85120674506924,Gyro,0.345341,-0.189565,-2.305511,
85120694587332,Gyro,0.236125,-0.163492,-1.996487,
85120695411300,pre,999.904480,,,
85120664466721,Lacc,-3.031515,3.741127,-5.409549,
85120664466721,GameRo,-0.224813,0.514526,-0.312277,0.766293
85120684547127,Lacc,-2.136221,3.822651,-5.294961,
85120684547127,GameRo,-0.224604,0.515252,-0.311693,0.766105
85120710395312,pre,999.899231,,,
85120726050704,pre,999.900024,,,
85120714774549,Gyro,0.041771,-0.132230,-1.735219,
85120734961766,Gyro,-0.188102,-0.068376,-1.513195,
85120704680938,Lacc,-2.099936,4.662596,-5.353106,
85120704680938,GameRo,-0.243461,0.500482,-0.347777,0.754517
85120724868155,Lacc,-1.612211,4.865995,-5.199815,
85120724868155,GameRo,-0.243183,0.501254,-0.347115,0.754399
85120741675579,pre,999.903015,,,
85120757269938,pre,999.900024,,,
85120772894814,pre,999.897766,,,
85120755148983,Gyro,-0.340685,0.040973,-1.266162,
85120775336200,Gyro,-0.369153,0.196084,-0.955940,
85120745055373,Lacc,-2.113610,5.224315,-5.037677,
85120745055373,GameRo,-0.260518,0.491584,-0.371310,0.743374
85120788489171,pre,999.897034,,,
85120765242590,Lacc,-2.437422,5.107228,-4.779550,
85120765242590,GameRo,-0.260174,0.492325,-0.370624,0.743346
85120804144565,pre,999.907532,,,
85120795431864,Gyro,-0.285079,0.380461,-0.580402,
85120815527528,Gyro,-0.144469,0.599691,-0.134891,
85120785384031,Lacc,-3.230121,5.149330,-4.326632,
85120785384031,GameRo,-0.276685,0.490173,-0.384814,0.731502
85120805479697,Lacc,-3.957058,4.970441,-4.027955,
85120805479697,GameRo,-0.276274,0.490842,-0.384131,0.731568
85120819738922,pre,999.902283,,,
85120835302763,pre,999.900024,,,
85120850958156,pre,999.903015,,,
85120835653711,Gyro,0.052014,0.824109,0.325919,
85120855779895,Gyro,0.241579,1.023519,0.821183,
85120825590621,Lacc,-4.698696,4.810067,-3.532597,
85120825590621,GameRo,-0.281417,0.496824,-0.390528,0.722121
85120845716802,Lacc,-5.477216,4.716077,-3.046427,
85120845716802,GameRo,-0.280942,0.497401,-0.389864,0.722267
85120866644066,pre,999.896240,,,
85120882299458,pre,999.894775,,,
85120875921334,Gyro,0.305433,1.179694,1.377906,
85120896062774,Gyro,0.402410,1.313121,1.951656,
85120865850614,Lacc,-6.558901,4.693925,-2.580994,
85120898290542,pre,999.904480,,,
85120865850614,GameRo,-0.268086,0.512063,-0.388865,0.717430
85120885992055,Lacc,-7.123777,4.102177,-2.368554,
85120885992055,GameRo,-0.267594,0.512568,-0.388230,0.717596
85120913518693,pre,999.888000,,,
85120929143568,pre,999.905273,,,
85120916204215,Gyro,0.428085,1.449475,2.478980,
85120936345657,Gyro,0.378332,1.562948,2.892431,
85120906133497,Lacc,-6.324208,3.611835,-1.867350,
85120906133497,GameRo,-0.237378,0.535494,-0.375795,0.718106
85120944646374,pre,999.900024,,,
85120926274938,Lacc,-5.633270,3.579632,-1.476330,
85120926274938,GameRo,-0.236921,0.535866,-0.375254,0.718262
85120960393319,pre,999.900024,,,
85120976018194,pre,999.903015,,,
85120956426063,Gyro,0.384584,1.638907,3.154098,
85120976506469,Gyro,0.397355,1.640237,3.290584,
85120946385862,Lacc,-4.009077,2.887179,-0.634523,
85120946385862,GameRo,-0.191009,0.565409,-0.348646,0.722686
85120966466268,Lacc,-4.103197,2.910594,-0.068916,
85120966466268,GameRo,-0.190610,0.565577,-0.348248,0.722851
85121000340510,pre,999.906006,,,
85120996647910,Gyro,0.456021,1.543393,3.398736,
85121016789351,Gyro,0.493667,1.425663,3.482278,
85121018223668,pre,999.905273,,,
85120986577191,Lacc,-3.804689,1.618647,0.484038,
85120986577191,GameRo,-0.136456,0.597602,-0.311345,0.726165
85121006718633,Lacc,-4.452076,1.534452,0.204693,
85121006718633,GameRo,-0.136176,0.597708,-0.311050,0.726257
85121032994058,pre,999.900757,,,
85121049198763,pre,999.904480,,,
85121036976568,Gyro,0.499787,1.320704,3.558769,
85121057163786,Gyro,0.511626,1.227451,3.600274,
85121026882962,Lacc,-4.243333,0.301837,0.070624,
85121026882962,GameRo,-0.078196,0.624791,-0.269868,0.728487
85121047070179,Lacc,-4.345537,0.175159,-0.072102,
85121047070179,GameRo,-0.078051,0.624879,-0.269690,0.728493
85121064365878,pre,999.911255,,,
85121079990754,pre,999.908264,,,
85121095615629,pre,999.913513,,,
85121077244192,Gyro,0.463603,1.165992,3.573269,
85121097324597,Gyro,0.357181,1.108790,3.461792,
85121111118435,pre,999.908264,,,
85121067203991,Lacc,-3.134897,-1.050822,0.874184,
85121067203991,GameRo,-0.018383,0.644973,-0.224848,0.730147
85121087284396,Lacc,-2.343689,-1.112742,1.710398,
85121087284396,GameRo,-0.018401,0.644865,-0.224901,0.730226
85121126865380,pre,999.914246,,,
85121117511815,Gyro,0.254217,1.067152,3.279410,
85121137699032,Gyro,0.200074,0.946229,3.047276,
85121107418208,Lacc,-1.072471,-2.825949,2.821851,
85121107418208,GameRo,0.039373,0.658954,-0.178577,0.729616
85121127605425,Lacc,-0.824027,-3.515359,3.277470,
85121127605425,GameRo,0.039112,0.658707,-0.178919,0.729770
85121142398704,pre,999.914246,,,
85121158115131,pre,999.917236,,,
85121173740006,pre,999.917236,,,
85121157840473,Gyro,0.175198,0.753338,2.765123,
85121177981914,Gyro,0.129436,0.548342,2.403021,
85121147769754,Lacc,-0.711891,-5.400241,3.745823,
85121147769754,GameRo,0.088896,0.668932,-0.133712,0.725774
85121167911196,Lacc,-0.092135,-5.496811,3.434645,
85121167911196,GameRo,0.088455,0.668698,-0.134253,0.725944
85121189364882,pre,999.905273,,,
85121204989757,pre,999.916504,,,
85121198123356,Gyro,-0.001064,0.365029,1.972674,
85121218264797,Gyro,-0.184909,0.210717,1.505746,
85121188052636,Lacc,0.765792,-6.405194,3.404258,
85121220523081,pre,999.920288,,,
85121188052636,GameRo,0.128626,0.672591,-0.096172,0.722376
85121208194076,Lacc,1.266827,-6.236296,3.323330,
85121208194076,GameRo,0.128070,0.672367,-0.096843,0.722594
85121236147957,pre,999.908264,,,
85121251803349,pre,999.916504,,,
85121238406239,Gyro,-0.354919,0.082211,1.041610,
85121258547680,Gyro,-0.390305,-0.010509,0.622705,
85121228335516,Lacc,1.425295,-7.136754,3.493189,
85121228335516,GameRo,0.153146,0.671643,-0.068834,0.721598
85121267458742,pre,999.918762,,,
85121248476958,Lacc,1.772982,-7.394225,3.361396,
85121248476958,GameRo,0.152495,0.671446,-0.069610,0.721845
85121283022583,pre,999.912781,,,
85121278628086,Gyro,-0.295323,-0.071569,0.247964,
85121298708492,Gyro,-0.132363,-0.120524,-0.085138,
85121299410392,pre,999.897766,,,
85121268587881,Lacc,2.308769,-7.813494,3.120955,
85121268587881,GameRo,0.159308,0.669573,-0.051275,0.723646
85121288668287,Lacc,2.696905,-7.695513,2.821083,
85121288668287,GameRo,0.158599,0.669414,-0.052113,0.723889
85121314363885,pre,999.900024,,,
85121329988761,pre,999.905273,,,
85121318895709,Gyro,0.068376,-0.181716,-0.356116,
85121339082926,Gyro,0.302107,-0.261134,-0.572154,
85121308802099,Lacc,2.265110,-7.609475,2.496360,
85121308802099,GameRo,0.156257,0.667773,-0.046919,0.726265
85121328989316,Lacc,0.925825,-7.777430,2.192406,
85121328989316,GameRo,0.155603,0.667701,-0.047689,0.726422
85121345613636,pre,999.908264,,,
85121361207995,pre,999.897766,,,
85121376771836,pre,999.889526,,,
85121359163332,Gyro,0.568296,-0.380993,-0.769967,
85121379243738,Gyro,0.541558,-0.515085,-0.997046,
85121349123127,Lacc,-0.607740,-8.151992,1.753622,
85121349123127,GameRo,0.150946,0.665963,-0.056461,0.728369
85121369203533,Lacc,-2.339173,-8.004457,1.563865,
85121369203533,GameRo,0.150384,0.665974,-0.057120,0.728423
85121392488263,pre,999.888000,,,
85121408113138,pre,999.890259,,,
85121399430955,Gyro,0.231203,-0.617650,-1.327887,
85121419618172,Gyro,-0.217235,-0.663677,-1.747059,
85121389337345,Lacc,-3.162281,-7.132703,1.160396,
85121389337345,GameRo,0.147088,0.661716,-0.078639,0.730967
85121423707497,pre,999.897034,,,
85121409524562,Lacc,-4.392106,-6.662381,0.992651,
85121409524562,GameRo,0.146649,0.661763,-0.079144,0.730958
85121439362889,pre,999.888733,,,
85121454926730,pre,999.884277,,,
85121439759614,Gyro,-0.521736,-0.745224,-2.151065,
85121459901055,Gyro,-0.706113,-0.830096,-2.512370,
85121429688891,Lacc,-6.310958,-6.399361,1.086086,
85121429688891,GameRo,0.129060,0.656117,-0.104171,0.736208
85121449830332,Lacc,-6.999124,-6.391120,1.084836,
85121449830332,GameRo,0.128698,0.656164,-0.104572,0.736173
85121470643158,pre,999.890259,,,
85121486237515,pre,999.888000,,,
85121480042497,Gyro,-0.820917,-0.819852,-2.872743,
85121500183938,Gyro,-0.876789,-0.741100,-3.248281,
85121469971774,Lacc,-6.001997,-4.861416,0.170465,
85121502350669,pre,999.882019,,,
85121469971774,GameRo,0.088697,0.651199,-0.132118,0.742036
85121490113215,Lacc,-4.553175,-4.322359,-0.326929,
85121490113215,GameRo,0.088433,0.651304,-0.132382,0.741929
85121517456749,pre,999.882751,,,
85121533020590,pre,999.877502,,,
85121520264344,Gyro,-0.807215,-0.607274,-3.553049,
85121540344750,Gyro,-0.538232,-0.470521,-3.729843,
85121510224139,Lacc,-3.904985,-2.890940,-0.816841,
85121510224139,GameRo,0.034827,0.645391,-0.166657,0.744636
85121530304545,Lacc,-3.762183,-2.898023,-0.964848,
85121530304545,GameRo,0.034665,0.645527,-0.166780,0.744499
85121548737017,pre,999.876038,,,
85121564361892,pre,999.880493,,,
85121579925733,pre,999.874512,,,
85121560486191,Gyro,-0.101900,-0.346405,-3.799550,
85121580627633,Gyro,0.361571,-0.233065,-3.789573,
85121550415469,Lacc,-3.626744,-1.588686,-1.252705,
85121550415469,GameRo,-0.025734,0.640212,-0.210484,0.738351
85121570556910,Lacc,-2.917435,-1.415827,-1.492867,
85121570556910,GameRo,-0.025789,0.640384,-0.210459,0.738208
85121595520092,pre,999.885010,,,
85121611236519,pre,999.880493,,,
85121600814848,Gyro,0.732852,-0.151918,-3.734233,
85121621002063,Gyro,0.947826,-0.130767,-3.542939,
85121590721239,Lacc,-2.854040,0.264174,-1.775546,
85121590721239,GameRo,-0.076311,0.631910,-0.265728,0.724055
85121610908456,Lacc,-2.557583,1.174111,-1.844983,
85121610908456,GameRo,-0.076163,0.632134,-0.265464,0.723972
85121626861394,pre,999.882751,,,
85121642486270,pre,999.883484,,,
85121658019594,pre,999.896240,,,
85121641143504,Gyro,0.988532,-0.127441,-3.305084,
85121661284946,Gyro,0.931596,-0.158037,-2.991138,
85121631072786,Lacc,-2.576225,3.681520,-2.271895,
85121631072786,GameRo,-0.111917,0.618512,-0.328200,0.705126
85121651214227,Lacc,-1.953128,4.527660,-2.383489,
85121651214227,GameRo,-0.111491,0.618833,-0.327641,0.705171
85121673766538,pre,999.896240,,,
85121689360896,pre,999.895508,,,
85121681426387,Gyro,0.789921,-0.208588,-2.663623,
85121701567829,Gyro,0.638668,-0.238120,-2.393975,
85121671355669,Lacc,-2.030262,5.633223,-2.834075,
85121671355669,GameRo,-0.137990,0.602087,-0.384450,0.686038
85121691497110,Lacc,-1.239408,5.460157,-3.107734,
85121691497110,GameRo,-0.137503,0.602525,-0.383789,0.686121
85121704955255,pre,999.900024,,,
85121720610647,pre,999.900757,,,
85121736235522,pre,999.897766,,,
85121721694010,Gyro,0.480365,-0.263396,-2.145611,
85121741820192,Gyro,0.284281,-0.299313,-1.845500,
85121751738329,pre,999.894775,,,
85121711630922,Lacc,-1.536367,6.412262,-3.392111,
85121711630922,GameRo,-0.159428,0.586045,-0.427180,0.669814
85121731757103,Lacc,-1.368628,7.332247,-3.322326,
85121731757103,GameRo,-0.158762,0.586534,-0.426392,0.670046
85121767393722,pre,999.900757,,,
85121761961633,Gyro,0.077289,-0.308492,-1.533149,
85121782103075,Gyro,-0.146198,-0.260602,-1.184483,
85121751890915,Lacc,-1.633880,8.176417,-3.458091,
85121784330843,pre,999.885010,,,
85121751890915,GameRo,-0.178887,0.572358,-0.457763,0.656398
85121772032356,Lacc,-1.242128,7.886634,-3.556929,
85121772032356,GameRo,-0.178176,0.572900,-0.456944,0.656689
85121798735024,pre,999.890991,,,
85121814359900,pre,999.889526,,,
85121802229258,Gyro,-0.329644,-0.170941,-0.813733,
85121822355442,Gyro,-0.364231,-0.062257,-0.467461,
85121792166168,Lacc,-1.471347,7.786356,-3.485889,
85121792166168,GameRo,-0.196718,0.563578,-0.474682,0.646807
85121812292349,Lacc,-1.397260,7.312990,-3.200887,
85121812292349,GameRo,-0.196045,0.564095,-0.473922,0.647118
85121829893224,pre,999.888000,,,
85121845609651,pre,999.894775,,,
85121861234608,pre,999.893982,,,
85121842451106,Gyro,-0.291731,0.055739,-0.135822,
85121862546869,Gyro,-0.194753,0.179987,0.225749,
85121832403273,Lacc,-1.950692,7.212890,-3.125751,
85121832403273,GameRo,-0.209884,0.562996,-0.478204,0.640550
85121852498939,Lacc,-2.537202,6.669726,-3.191074,
85121852498939,GameRo,-0.209272,0.563521,-0.477473,0.640834
85121876859687,pre,999.887268,,,
85121892484765,pre,999.893250,,,
85121882734348,Gyro,-0.098441,0.309823,0.631884,
85121902921828,Gyro,-0.031794,0.436731,1.072074,
85121872640611,Lacc,-3.417149,6.107307,-2.924241,
85121872640611,GameRo,-0.212258,0.567402,-0.474840,0.638380
85121892828090,Lacc,-4.425926,5.705375,-2.636655,
85121892828090,GameRo,-0.211674,0.567856,-0.474168,0.638669
85121908140362,pre,999.885010,,,
85121923765440,pre,999.890991,,,
85121939360001,pre,999.893250,,,
85121923063531,Gyro,-0.007050,0.570026,1.518782,
85121943205234,Gyro,0.040840,0.696801,1.941014,
85121912992680,Lacc,-4.848944,5.131151,-2.313627,
85121912992680,GameRo,-0.200792,0.576327,-0.464775,0.641493
85121933134382,Lacc,-5.029644,4.586555,-2.003532,
85121933134382,GameRo,-0.200261,0.576699,-0.464181,0.641755
85121954893527,pre,999.894775,,,
85121970610158,pre,999.900757,,,
85121963346937,Gyro,0.073165,0.783536,2.378942,
85121983488641,Gyro,0.301442,0.828765,2.925289,
85121987089733,pre,999.895508,,,
85121953276084,Lacc,-5.418715,3.795772,-1.533185,
85121953276084,GameRo,-0.175466,0.590783,-0.445087,0.649680
85121973417787,Lacc,-8.146317,2.899529,-1.150481,
85121973417787,GameRo,-0.174978,0.591071,-0.444558,0.649913
85122010557869,pre,999.903015,,,
85122003615084,Gyro,0.692811,0.833421,3.426406,
85122023741527,Gyro,0.768770,0.889692,3.800614,
85121993551861,Lacc,-8.543900,1.413467,-0.719747,
85121993551861,GameRo,-0.136373,0.608779,-0.415176,0.662132
85122013678306,Lacc,-8.011119,1.339478,-0.496955,
85122013678306,GameRo,-0.135994,0.608975,-0.414762,0.662290
85122027769869,pre,999.905273,,,
85122042937182,pre,999.900024,,,
85122058440189,pre,999.904480,,,
85122043837454,Gyro,0.523466,0.961927,3.974216,
85122063933381,Gyro,0.291066,1.007821,3.929918,
85122074187339,pre,999.903015,,,
85122033789491,Lacc,-6.316015,0.381674,-0.294086,
85122033789491,GameRo,-0.075475,0.622117,-0.377826,0.681558
85122089812418,pre,999.910522,,,
85122084120860,Gyro,0.163758,0.986404,3.733967,
85122104308340,Gyro,0.055473,0.896211,3.463787,
85122074027119,Lacc,-6.067917,-0.036883,0.969659,
85122106444582,pre,999.908264,,,
85122074027119,GameRo,-0.075249,0.622153,-0.377609,0.681671
85122094214598,Lacc,-5.914205,0.138273,1.382364,
85122094214598,GameRo,-0.075015,0.622156,-0.377402,0.681808
85122121032057,pre,999.904480,,,
85122136687653,pre,999.900757,,,
85122124434783,Gyro,-0.073964,0.807348,3.130951,
85122144561226,Gyro,-0.091922,0.729659,2.743440,
85122114371560,Lacc,-3.448112,-2.259597,1.686963,
85122114371560,GameRo,0.038301,0.650592,-0.277296,0.705953
85122134498005,Lacc,-2.180104,-1.888394,1.111949,
85122134498005,GameRo,0.038213,0.650538,-0.277404,0.705965
85122152282214,pre,999.909729,,,
85122167937811,pre,999.902283,,,
85122183562889,pre,999.904480,,,
85122164657153,Gyro,-0.251689,0.655297,2.286488,
85122184753080,Gyro,-0.519874,0.599159,1.900839,
85122154609191,Lacc,-0.610951,-2.648867,1.302014,
85122154609191,GameRo,0.081311,0.658482,-0.231830,0.711368
85122174705116,Lacc,0.550989,-2.489850,1.442198,
85122174705116,GameRo,0.081062,0.658363,-0.232129,0.711409
85122199187968,pre,999.908264,,,
85122214813046,pre,999.904480,,,
85122204940559,Gyro,-0.730990,0.523732,1.601792,
85122225128039,Gyro,-0.749082,0.431809,1.399456,
85122231262103,pre,999.908264,,,
85122246032685,pre,999.903015,,,
85122261596728,pre,999.903748,,,
85122194846818,Lacc,1.518208,-3.453612,1.749737,
85122194846818,GameRo,0.108613,0.664395,-0.195910,0.713023
85122215034297,Lacc,2.108236,-3.734179,1.856867,
85122245208706,Gyro,-0.581865,0.361171,1.285850,
85122265289373,Gyro,-0.350130,0.284414,1.230643,
85122215034297,GameRo,0.108192,0.664235,-0.196412,0.713098
85122235168370,Lacc,2.676093,-4.473800,2.111998,
85122235168370,GameRo,0.119539,0.670513,-0.163374,0.713745
85122277313360,pre,999.913513,,,
85122292938439,pre,999.909729,,,
85122285476852,Gyro,-0.156574,0.179455,1.193662,
85122305664332,Gyro,-0.062124,0.078620,1.152556,
85122275383110,Lacc,2.691254,-4.800391,2.159014,
85122275383110,GameRo,0.119013,0.670340,-0.164005,0.713850
85122295570590,Lacc,2.674348,-5.016131,1.937214,
85122308594034,pre,999.903015,,,
85122295570590,GameRo,0.118475,0.670197,-0.164648,0.713926
85122324188596,pre,999.900024,,,
85122339813674,pre,999.898499,,,
85122325806035,Gyro,-0.053876,-0.011706,1.077395,
85122345947738,Gyro,-0.132762,-0.093120,0.943835,
85122315735181,Lacc,2.577326,-6.100771,1.756877,
85122315735181,GameRo,0.146634,0.669822,-0.126066,0.716899
85122335876884,Lacc,2.431301,-6.013999,1.507956,
85122335876884,GameRo,0.146035,0.669765,-0.126782,0.716949
85122355438753,pre,999.900024,,,
85122371063831,pre,999.897766,,,
85122366089439,Gyro,-0.267121,-0.154180,0.717554,
85122386231141,Gyro,-0.395493,-0.199010,0.419305,
85122387940136,pre,999.904480,,,
85122356018588,Lacc,2.365247,-6.245783,1.512428,
85122356018588,GameRo,0.158777,0.666175,-0.111490,0.720119
85122376160291,Lacc,2.155750,-6.272599,1.709478,
85122376160291,GameRo,0.158166,0.666112,-0.112213,0.720199
85122402313988,pre,999.893250,,,
85122417939067,pre,999.893250,,,
85122406357586,Gyro,-0.519342,-0.226547,0.085138,
85122426484031,Gyro,-0.541558,-0.240249,-0.271777,
85122433442074,pre,999.890991,,,
85122396294364,Lacc,1.682044,-6.594908,1.703684,
85122396294364,GameRo,0.161920,0.662107,-0.099866,0.724861
85122416420807,Lacc,0.996277,-6.952088,1.830102,
85122416420807,GameRo,0.161311,0.662061,-0.100580,0.724940
85122449158706,pre,999.884277,,,
85122464814302,pre,999.888000,,,
85122446579956,Gyro,-0.443516,-0.259804,-0.611929,
85122466675881,Gyro,-0.355584,-0.284547,-0.954211,
85122436531992,Lacc,-0.237855,-7.251339,1.722324,
85122436531992,GameRo,0.152705,0.659615,-0.094600,0.729822
85122456627919,Lacc,-1.557913,-7.443774,1.545290,
85122456627919,GameRo,0.152156,0.659620,-0.095237,0.729849
85122480439381,pre,999.888000,,,
85122496064459,pre,999.882751,,,
85122486863360,Gyro,-0.472782,-0.307561,-1.328685,
85122507050840,Gyro,-0.748416,-0.292130,-1.743600,
85122476769623,Lacc,-2.549580,-6.905130,1.423603,
85122476769623,GameRo,0.135919,0.658561,-0.100877,0.733244
85122496957102,Lacc,-2.512831,-6.145643,1.280879,
85122496957102,GameRo,0.135473,0.658566,-0.101388,0.733252
85122511781090,pre,999.893982,,,
85122527223063,pre,999.890991,,,
85122542939695,pre,999.885010,,,
85122527192543,Gyro,-1.013009,-0.183180,-2.225827,
85122547334246,Gyro,-0.879050,-0.117198,-2.563586,
85122517121693,Lacc,-2.371185,-4.987624,1.101986,
85122517121693,GameRo,0.108329,0.658586,-0.116673,0.735470
85122537263397,Lacc,-4.293714,-5.771722,1.522008,
85122537263397,GameRo,0.107963,0.658572,-0.117088,0.735471
85122558564774,pre,999.892517,,,
85122574128816,pre,999.885010,,,
85122567460689,Gyro,-0.336162,-0.149524,-2.778293,
85122587587132,Gyro,0.144735,-0.166684,-2.952161,
85122557397470,Lacc,-5.135621,-5.509036,1.904388,
85122589937001,pre,999.888000,,,
85122557397470,GameRo,0.061361,0.662523,-0.138204,0.733620
85122577523913,Lacc,-4.539043,-5.073406,1.558577,
85122577523913,GameRo,0.061075,0.662482,-0.138530,0.733619
85122605440009,pre,999.873779,,,
85122621065088,pre,999.872253,,,
85122607683059,Gyro,0.414782,-0.182515,-3.112327,
85122627778986,Gyro,0.584659,-0.211914,-3.238970,
85122636598613,pre,999.877502,,,
85122597635098,Lacc,-4.588603,-3.381870,0.860294,
85122597635098,GameRo,0.019204,0.663179,-0.176964,0.726986
85122617731025,Lacc,-5.139037,-2.977914,0.461324,
85122617731025,GameRo,0.019089,0.663196,-0.177082,0.726944
85122652223691,pre,999.877502,,,
85122647920690,Gyro,0.674054,-0.256611,-3.303887,
85122668062393,Gyro,0.742696,-0.299313,-3.304552,
85122667940323,pre,999.880493,,,
85122637849839,Lacc,-6.155840,-1.313021,0.006415,
85122637849839,GameRo,-0.016687,0.658695,-0.228729,0.716607
85122657991540,Lacc,-5.796391,-0.999944,-0.355946,
85122657991540,GameRo,-0.016634,0.658774,-0.228641,0.716564
85122683534884,pre,999.874512,,,
85122699190480,pre,999.874512,,,
85122688249872,Gyro,0.634145,-0.316474,-3.318786,
85122708437352,Gyro,0.449768,-0.316341,-3.296304,
85122714693487,pre,999.885010,,,
85122678156131,Lacc,-5.180934,0.515668,-0.484618,
85122678156131,GameRo,-0.051564,0.649208,-0.284692,0.703435
85122698343610,Lacc,-4.467615,0.692912,-0.381128,
85122698343610,GameRo,-0.051386,0.649297,-0.284476,0.703453
85122730349084,pre,999.892517,,,
85122746065716,pre,999.888733,,,
85122728624831,Gyro,0.366360,-0.322859,-3.261451,
85122748812311,Gyro,0.268318,-0.300644,-3.199726,
85122718531089,Lacc,-3.955544,2.075585,-0.884994,
85122718531089,GameRo,-0.087474,0.636526,-0.338166,0.687624
85122738718569,Lacc,-2.256371,2.853763,-1.238366,
85122738718569,GameRo,-0.087160,0.636702,-0.337790,0.687686
85122761690794,pre,999.888733,,,
85122777315873,pre,999.898499,,,
85122768892978,Gyro,0.110679,-0.259538,-3.099423,
85122788973644,Gyro,0.031927,-0.187836,-2.962005,
85122792910433,pre,999.895508,,,
85122758852642,Lacc,-1.490450,4.541827,-1.671843,
85122758852642,GameRo,-0.125668,0.623030,-0.385530,0.668886
85122778933309,Lacc,-0.626088,4.789277,-1.827733,
85122778933309,GameRo,-0.125217,0.623302,-0.385000,0.669023
85122808535512,pre,999.901489,,,
85122824191108,pre,999.907532,,,
85122809054311,Gyro,0.133427,-0.142473,-2.772041,
85122829134978,Gyro,0.285345,-0.118927,-2.501594,
85122799013977,Lacc,-1.153818,5.430301,-2.021925,
85122799013977,GameRo,-0.163691,0.610672,-0.425559,0.647444
85122819094646,Lacc,-0.882604,5.759220,-2.142517,
85122819094646,GameRo,-0.163161,0.611025,-0.424938,0.647654
85122839816187,pre,999.905273,,,
85122855349712,pre,999.902283,,,
85122849322458,Gyro,0.361970,-0.111611,-2.160909,
85122869509937,Gyro,0.345607,-0.125845,-1.749453,
85122871981876,pre,999.900024,,,
85122839228720,Lacc,-1.530720,7.160571,-2.244464,
85122839228720,GameRo,-0.194889,0.598496,-0.460491,0.625915
85122859416199,Lacc,-1.275610,7.566025,-2.272039,
85122859416199,GameRo,-0.194188,0.598913,-0.459742,0.626284
85122886691423,pre,999.903015,,,
85122902316501,pre,999.903015,,,
85122889651640,Gyro,0.231735,-0.141941,-1.308864,
85122909793344,Gyro,0.079152,-0.115202,-0.898339,
85122879580790,Lacc,-1.633022,8.048175,-2.553730,
85122879580790,GameRo,-0.214844,0.585820,-0.488921,0.609601
85122899722491,Lacc,-1.148302,7.683655,-2.618626,
85122899722491,GameRo,-0.214154,0.586312,-0.488159,0.609981
85122917941580,pre,999.897766,,,
85122933566658,pre,999.900024,,,
85122949191737,pre,999.893982,,,
85122929889271,Gyro,-0.023014,-0.064918,-0.528388,
85122949985198,Gyro,-0.021018,0.020619,-0.206726,
85122919841305,Lacc,-1.197453,7.471855,-2.615461,
85122919841305,GameRo,-0.226757,0.577551,-0.504202,0.600663
85122939937232,Lacc,-1.287686,7.144096,-2.484482,
85122939937232,GameRo,-0.226115,0.578028,-0.503499,0.601037
85122964816815,pre,999.893982,,,
85122980441894,pre,999.894775,,,
85122970172675,Gyro,0.062922,0.108285,0.097111,
85122990360153,Gyro,0.140611,0.185574,0.440057,
85122960078935,Lacc,-2.080211,6.947283,-2.390881,
85122960078935,GameRo,-0.231783,0.576093,-0.507723,0.597169
85122980266415,Lacc,-2.961497,6.693345,-2.278740,
85122980266415,GameRo,-0.231137,0.576539,-0.507045,0.597565
85122996005936,pre,999.887268,,,
85123011692051,pre,999.893982,,,
85123029056640,pre,999.891785,,,
85123010440821,Gyro,0.172404,0.264061,0.856036,
85123030521490,Gyro,0.071170,0.363300,1.330814,
85123000400488,Lacc,-3.642541,6.136224,-2.203977,
85123000400488,GameRo,-0.226470,0.578439,-0.505913,0.598475
85123020481155,Lacc,-4.343401,5.766182,-2.214614,
85123020481155,GameRo,-0.225864,0.578866,-0.505268,0.598835
85123051517690,pre,999.890259,,,
85123068271924,pre,999.888000,,,
85123050663192,Gyro,-0.078753,0.474245,1.806788,
85123070804893,Gyro,-0.269781,0.532778,2.249639,
85123040592340,Lacc,-4.377414,5.141320,-2.003238,
85123040592340,GameRo,-0.209468,0.585092,-0.496452,0.606074
85123060734043,Lacc,-4.727945,4.795387,-1.605741,
85123060734043,GameRo,-0.208903,0.585431,-0.495882,0.606409
85123083897003,pre,999.890259,,,
85123099522081,pre,999.893982,,,
85123090992372,Gyro,-0.436199,0.541425,2.771775,
85123111179852,Gyro,-0.319268,0.466663,3.368672,
85123080898634,Lacc,-5.952320,3.635518,-1.189471,
85123080898634,GameRo,-0.182407,0.600300,-0.472602,0.618883
85123101086114,Lacc,-8.473787,2.330526,-1.102846,
85123101086114,GameRo,-0.181918,0.600580,-0.472092,0.619143
85123115055607,pre,999.894775,,,
85123130772238,pre,999.890259,,,
85123146397317,pre,999.899231,,,
85123131306297,Gyro,-0.119725,0.443782,3.899454,
85123151432742,Gyro,-0.056803,0.483025,4.285369,
85123121243075,Lacc,-8.488197,0.907315,-0.708575,
85123121243075,GameRo,-0.146720,0.621157,-0.431549,0.637498
85123141369518,Lacc,-8.230949,0.666672,-0.613319,
85123141369518,GameRo,-0.146354,0.621351,-0.431151,0.637662
85123162022395,pre,999.905273,,,
85123177647474,pre,999.906006,,,
85123171574445,Gyro,-0.057069,0.549539,4.358268,
85123191716148,Gyro,0.058266,0.619379,4.164047,
85123193974461,pre,999.908264,,,
85123161503592,Lacc,-6.102195,-0.539201,-0.111811,
85123161503592,GameRo,-0.093135,0.637726,-0.378426,0.664398
85123181645295,Lacc,-5.728298,-0.597736,0.491657,
85123181645295,GameRo,-0.092942,0.637779,-0.378228,0.664487
85123208897631,pre,999.904480,,,
85123224522709,pre,999.905273,,,
85123211812073,Gyro,0.243575,0.645852,3.826555,
85123231907998,Gyro,0.360772,0.635742,3.441305,
85123201764110,Lacc,-5.078788,-1.905861,1.354740,
85123201764110,GameRo,-0.032995,0.651287,-0.318992,0.687736
85123221860037,Lacc,-4.929962,-1.767498,1.561768,
85123221860037,GameRo,-0.032948,0.651234,-0.318962,0.687802
85123240056235,pre,999.905273,,,
85123255681314,pre,999.903015,,,
85123271397945,pre,999.900024,,,
85123252034444,Gyro,0.416644,0.661815,3.018010,
85123272160889,Gyro,0.321529,0.680173,2.522081,
85123241971222,Lacc,-3.382317,-2.690378,1.218523,
85123241971222,GameRo,0.024071,0.659003,-0.270147,0.701538
85123262097665,Lacc,-2.201665,-2.115633,0.699306,
85123262097665,GameRo,0.023973,0.658979,-0.270257,0.701522
85123287023023,pre,999.900024,,,
85123302648102,pre,999.905273,,,
85123292348368,Gyro,0.081413,0.671393,2.014578,
85123312535848,Gyro,-0.313813,0.630553,1.561351,
85123282254626,Lacc,-0.598343,-2.614778,0.951372,
85123282254626,GameRo,0.071982,0.663424,-0.233804,0.707123
85123302442106,Lacc,0.424168,-2.005840,1.113428,
85123302442106,GameRo,0.071777,0.663330,-0.234040,0.707154
85123318181628,pre,999.903015,,,
85123333898259,pre,999.897766,,,
85123349523337,pre,999.900757,,,
85123332677549,Gyro,-0.635608,0.583062,1.243813,
85123352819250,Gyro,-0.833554,0.501117,1.051188,
85123322606697,Lacc,1.450777,-2.816597,1.353612,
85123322606697,GameRo,0.100524,0.669241,-0.206097,0.706778
85123342748400,Lacc,2.005491,-3.042497,1.131517,
85123342748400,GameRo,0.100162,0.669148,-0.206514,0.706796
85123365148416,pre,999.897766,,,
85123380773494,pre,999.900757,,,
85123372960953,Gyro,-0.855371,0.463071,0.945564,
85123393102656,Gyro,-0.749481,0.430878,0.897408,
85123362890104,Lacc,2.614592,-3.680258,1.320426,
85123362890104,GameRo,0.108211,0.677298,-0.179488,0.705224
85123383031807,Lacc,2.745114,-3.878292,1.413657,
85123383031807,GameRo,0.107746,0.677185,-0.180033,0.705265
85123396276502,pre,999.903015,,,
85123412023652,pre,999.900024,,,
85123428808404,pre,999.905273,,,
85123413183323,Gyro,-0.534507,0.404007,0.914835,
85123433263990,Gyro,-0.227345,0.344809,0.970307,
85123403142992,Lacc,2.734764,-4.545981,1.721127,
85123403142992,GameRo,0.109396,0.684367,-0.154763,0.704076
85123423223659,Lacc,2.709122,-4.774598,1.978100,
85123423223659,GameRo,0.108868,0.684217,-0.155388,0.704166
85123443243291,pre,999.895508,,,
85123458807335,pre,999.905273,,,
85123453451470,Gyro,0.069042,0.258075,0.993321,
85123473638949,Gyro,0.142207,0.143404,0.932261,
85123475408980,pre,999.902283,,,
85123443357732,Lacc,2.844577,-5.075554,2.307830,
85123443357732,GameRo,0.115270,0.688975,-0.135412,0.702631
85123463545211,Lacc,2.804608,-5.051659,2.393699,
85123463545211,GameRo,0.114717,0.688790,-0.136069,0.702776
85123490149044,pre,999.903748,,,
85123505774123,pre,999.897766,,,
85123493734876,Gyro,0.047491,0.025009,0.800563,
85123513830803,Gyro,-0.137950,-0.094982,0.613393,
85123521277131,pre,999.896240,,,
85123483686914,Lacc,2.553420,-5.460346,2.530118,
85123483686914,GameRo,0.130051,0.689273,-0.123585,0.701937
85123503782839,Lacc,2.269875,-5.324753,2.202696,
85123503782839,GameRo,0.129502,0.689132,-0.124237,0.702062
85123537054798,pre,999.888000,,,
85123552649358,pre,999.885742,,,
85123533957246,Gyro,-0.342681,-0.175065,0.386979,
85123554083689,Gyro,-0.389240,-0.248497,0.114936,
85123523894024,Lacc,1.908484,-5.401664,2.070089,
85123523894024,GameRo,0.139982,0.686885,-0.114313,0.703937
85123544020469,Lacc,0.964912,-5.816347,2.420491,
85123544020469,GameRo,0.139450,0.686756,-0.114940,0.704066
85123568335473,pre,999.887268,,,
85123583899515,pre,999.885010,,,
85123574271169,Gyro,-0.293194,-0.348534,-0.184244,
85123594458648,Gyro,-0.279891,-0.431676,-0.504443,
85123564177431,Lacc,-0.228577,-6.517716,2.711324,
85123564177431,GameRo,0.137952,0.683771,-0.106230,0.708619
85123584364911,Lacc,-1.235434,-6.537150,2.715689,
85123584364911,GameRo,0.137449,0.683656,-0.106815,0.708741
85123599585630,pre,999.885742,,,
85123615149672,pre,999.888733,,,
85123630652680,pre,999.884277,,,
85123614600352,Gyro,-0.402410,-0.485021,-0.867211,
85123634742055,Gyro,-0.705714,-0.478502,-1.322566,
85123604529502,Lacc,-1.829742,-6.333210,2.269235,
85123604529502,GameRo,0.128797,0.679594,-0.107916,0.714085
85123624671205,Lacc,-1.475163,-5.765130,1.780680,
85123624671205,GameRo,0.128350,0.679536,-0.108430,0.714143
85123646399829,pre,999.884277,,,
85123662024908,pre,999.890259,,,
85123654883758,Gyro,-0.950220,-0.364364,-1.783641,
85123675025461,Gyro,-0.819320,-0.330974,-2.099051,
85123678992767,pre,999.894775,,,
85123693214030,pre,999.888000,,,
85123644812907,Lacc,-1.825489,-5.012451,1.290287,
85123644812907,GameRo,0.107513,0.675655,-0.117655,0.719784
85123664954609,Lacc,-3.765187,-5.693151,1.846792,
85123664954609,GameRo,0.107139,0.675601,-0.118077,0.719821
85123708900143,pre,999.882019,,,
85123695167164,Gyro,-0.371016,-0.361304,-2.294337,
85123715308868,Gyro,0.103629,-0.375538,-2.401557,
85123685096311,Lacc,-4.296371,-5.453887,2.251115,
85123685096311,GameRo,0.066584,0.676034,-0.132952,0.721712
85123705238014,Lacc,-3.831656,-5.233834,1.937165,
85123705238014,GameRo,0.066266,0.675954,-0.133312,0.721750
85123724494705,pre,999.879761,,,
85123740150300,pre,999.885742,,,
85123735404793,Gyro,0.473846,-0.389639,-2.503457,
85123755500718,Gyro,0.730857,-0.399617,-2.605623,
85123725356829,Lacc,-3.342981,-3.980089,1.093560,
85123757514890,pre,999.878235,,,
85123725356829,GameRo,0.029128,0.673639,-0.163730,0.720107
85123745452756,Lacc,-3.463983,-3.511643,0.588737,
85123745452756,GameRo,0.028934,0.673631,-0.163939,0.720075
85123771400458,pre,999.870789,,,
85123787025536,pre,999.880493,,,
85123775672939,Gyro,0.959931,-0.440190,-2.668545,
85123795845160,Gyro,1.124753,-0.518411,-2.666682,
85123765586829,Lacc,-4.394083,-2.307230,0.111366,
85123765586829,GameRo,0.001193,0.666729,-0.207765,0.715755
85123785759049,Lacc,-4.719940,-2.066753,0.027997,
85123785759049,GameRo,0.001147,0.666768,-0.207799,0.715709
85123802803203,pre,999.880493,,,
85123818275693,pre,999.881287,,,
85123833778701,pre,999.888733,,,
85123815925827,Gyro,1.171313,-0.595168,-2.649788,
85123836006494,Gyro,1.054381,-0.646251,-2.667480,
85123849403780,pre,999.885742,,,
85123865120412,pre,999.885742,,,
85123856148197,Gyro,0.819586,-0.694141,-2.721756,
85123876289901,Gyro,0.439525,-0.703453,-2.840816,
85123880745490,pre,999.885742,,,
85123805885492,Lacc,-4.456684,-0.783914,-0.377399,
85123805885492,GameRo,-0.022230,0.655079,-0.259331,0.709312
85123825966159,Lacc,-3.584507,-0.443455,-0.549285,
85123825966159,GameRo,-0.022166,0.655166,-0.259235,0.709270
85123846077344,Lacc,-3.225529,0.902283,-1.102767,
85123846077344,GameRo,-0.043411,0.638258,-0.311382,0.702698
85123896401086,pre,999.892517,,,
85123912026164,pre,999.888733,,,
85123896477380,Gyro,0.080615,-0.664343,-2.986083,
85123916664860,Gyro,-0.189299,-0.602618,-3.124166,
85123886383638,Lacc,-1.120253,2.006674,-1.553654,
85123886383638,GameRo,-0.043194,0.638442,-0.311106,0.702666
85123906571118,Lacc,-0.402384,1.951581,-1.733688,
85123906571118,GameRo,-0.043004,0.638645,-0.310845,0.702609
85123927651243,pre,999.890259,,,
85123943276321,pre,999.888000,,,
85123936806561,Gyro,-0.324589,-0.514686,-3.181235,
85123956948262,Gyro,-0.330708,-0.427952,-3.126295,
85123960061074,pre,999.893982,,,
85123926735709,Lacc,-1.418671,3.722208,-2.338723,
85123926735709,GameRo,-0.125069,0.609417,-0.393133,0.677063
85123946877412,Lacc,-1.347551,3.747768,-2.459721,
85123946877412,GameRo,-0.124703,0.609759,-0.392664,0.677096
85123974526478,pre,999.888733,,,
85123990182075,pre,999.895508,,,
85123977089965,Gyro,-0.233331,-0.340951,-2.953092,
85123997231668,Gyro,-0.132762,-0.269914,-2.668412,
85124005654565,pre,999.895508,,,
85123967019116,Lacc,-2.151466,4.733660,-2.542420,
85123967019116,GameRo,-0.171676,0.596773,-0.429229,0.655859
85123987160819,Lacc,-1.893084,4.978980,-2.639699,
85123987160819,GameRo,-0.171199,0.597186,-0.428647,0.655989
85124021310161,pre,999.898499,,,
85124036935240,pre,999.890259,,,
85124017312335,Gyro,-0.096844,-0.212180,-2.324667,
85124037393002,Gyro,-0.126111,-0.149524,-1.989702,
85124007272004,Lacc,-2.364166,6.039733,-2.711279,
85124007272004,GameRo,-0.211001,0.584132,-0.461963,0.633134
85124027352671,Lacc,-1.575137,6.344092,-2.700336,
85124027352671,GameRo,-0.210425,0.584614,-0.461289,0.633372
85124052560318,pre,999.895508,,,
85124068276949,pre,999.895508,,,
85124057580482,Gyro,-0.141276,-0.058931,-1.637976,
85124077767961,Gyro,-0.066913,0.032193,-1.254322,
85124047486744,Lacc,-1.688450,6.838660,-2.660562,
85124047486744,GameRo,-0.239234,0.573292,-0.486919,0.614014
85124067674223,Lacc,-1.438582,6.933514,-2.518015,
85124067674223,GameRo,-0.238612,0.573790,-0.486229,0.614338
85124083810476,pre,999.902283,,,
85124099466071,pre,999.891785,,,
85124115152185,pre,999.894775,,,
85124097909664,Gyro,0.036317,0.125446,-0.828632,
85124118051368,Gyro,0.146065,0.222157,-0.359841,
85124087838815,Lacc,-1.847862,7.222493,-2.424759,
85124087838815,GameRo,-0.258088,0.567283,-0.502903,0.598890
85124107980518,Lacc,-1.822587,7.103471,-2.343499,
85124107980518,GameRo,-0.257446,0.567780,-0.502216,0.599271
85124130777264,pre,999.890259,,,
85124146402342,pre,999.893982,,,
85124138193071,Gyro,0.207524,0.302639,0.143005,
85124158334774,Gyro,0.148326,0.388575,0.660485,
85124162820882,pre,999.897766,,,
85124128122220,Lacc,-2.160388,7.059091,-2.206643,
85124128122220,GameRo,-0.263151,0.565489,-0.511866,0.590734
85124148263921,Lacc,-2.473441,6.946944,-2.133181,
85124148263921,GameRo,-0.262497,0.565959,-0.511201,0.591150
85124177652499,pre,999.888000,,,
85124193277578,pre,999.903748,,,
85124178461217,Gyro,0.049353,0.469722,1.164662,
85124198587660,Gyro,0.022482,0.516947,1.676288,
85124168397995,Lacc,-2.809508,6.474323,-1.882543,
85124168397995,GameRo,-0.253319,0.569291,-0.511747,0.591483
85124188524440,Lacc,-3.225405,5.982034,-1.500821,
85124188524440,GameRo,-0.252694,0.569656,-0.511169,0.591898
85124208902656,pre,999.897766,,,
85124224527735,pre,999.900757,,,
85124218729364,Gyro,-0.107620,0.526392,2.247245,
85124238871067,Gyro,-0.221226,0.493800,2.927950,
85124208658514,Lacc,-4.060085,5.286213,-1.256173,
85124241098863,pre,999.899231,,,
85124208658514,GameRo,-0.232099,0.581535,-0.498273,0.599726
85124228800217,Lacc,-6.879013,4.139613,-1.383979,
85124228800217,GameRo,-0.231518,0.581890,-0.497704,0.600078
85124255686339,pre,999.897766,,,
85124271402970,pre,999.900024,,,
85124259012770,Gyro,-0.122120,0.421433,3.653219,
85124279154473,Gyro,0.066780,0.432075,4.216859,
85124248941919,Lacc,-8.779623,2.383221,-1.378527,
85124248941919,GameRo,-0.199321,0.600124,-0.468960,0.616603
85124269083621,Lacc,-9.262758,1.529046,-0.938594,
85124269083621,GameRo,-0.198846,0.600405,-0.468472,0.616853
85124287028049,pre,999.907532,,,
85124302653127,pre,999.911987,,,
85124318278206,pre,999.917236,,,
85124299235140,Gyro,0.029399,0.455488,4.478792,
85124319315807,Gyro,-0.159767,0.457484,4.365319,
85124289194806,Lacc,-7.475987,0.375474,-0.093163,
85124289194806,GameRo,-0.149587,0.619970,-0.420277,0.645467
85124309275475,Lacc,-6.933377,0.427254,0.673368,
85124309275475,GameRo,-0.149251,0.620063,-0.419967,0.645658
85124333903284,pre,999.908264,,,
85124349528363,pre,999.908997,,,
85124339503286,Gyro,-0.323391,0.429681,4.014524,
85124359690766,Gyro,-0.326717,0.424493,3.645104,
85124329409549,Lacc,-5.573963,-0.927943,1.298476,
85124329409549,GameRo,-0.088536,0.636745,-0.361332,0.675394
85124349597028,Lacc,-5.874197,-0.868392,1.355724,
85124349597028,GameRo,-0.088360,0.636739,-0.361177,0.675506
85124365092406,pre,999.910522,,,
85124380778520,pre,999.906006,,,
85124396403598,pre,999.906006,,,
85124379832469,Gyro,-0.068110,0.442718,3.303887,
85124399974172,Gyro,0.227744,0.477438,2.934202,
85124369761619,Lacc,-4.878328,-2.478633,1.612449,
85124369761619,GameRo,-0.038956,0.649933,-0.302654,0.696038
85124389903320,Lacc,-3.942582,-2.557873,1.671834,
85124389903320,GameRo,-0.038990,0.649862,-0.302705,0.696081
85124412028677,pre,999.907532,,,
85124428630322,pre,999.909729,,,
85124420115876,Gyro,0.343080,0.509232,2.537246,
85124440257579,Gyro,0.310089,0.523333,2.128583,
85124410045022,Lacc,-2.360307,-3.003820,1.801997,
85124410045022,GameRo,0.005728,0.657371,-0.256942,0.708387
85124430186725,Lacc,-1.035729,-2.335588,1.795203,
85124430186725,GameRo,0.005567,0.657234,-0.257126,0.708448
85124451823799,pre,999.908264,,,
85124468578034,pre,999.917236,,,
85124460384022,Gyro,0.239850,0.516016,1.751316,
85124480510465,Gyro,0.162959,0.489011,1.455993,
85124485820552,pre,999.905273,,,
85124450320799,Lacc,0.534104,-2.849549,2.081816,
85124450320799,GameRo,0.045576,0.661404,-0.226674,0.713503
85124470447245,Lacc,1.274522,-2.712322,2.117460,
85124470447245,GameRo,0.045266,0.661196,-0.227014,0.713608
85124499858708,pre,999.907532,,,
85124515422752,pre,999.903015,,,
85124500606392,Gyro,0.199808,0.436731,1.281992,
85124520702319,Gyro,0.378997,0.381126,1.218139,
85124490558430,Lacc,1.708463,-3.483771,2.124225,
85124490558430,GameRo,0.072825,0.665383,-0.205619,0.713921
85124510654355,Lacc,1.815044,-3.787185,1.863366,
85124510654355,GameRo,0.072401,0.665218,-0.206076,0.713986
85124530986795,pre,999.904480,,,
85124546703427,pre,999.907532,,,
85124540889799,Gyro,0.524663,0.320066,1.207497,
85124561077278,Gyro,0.712233,0.287740,1.199382,
85124530796057,Lacc,2.021057,-4.250718,1.855161,
85124563244037,pre,999.908264,,,
85124530796057,GameRo,0.093559,0.668222,-0.190764,0.712976
85124550983536,Lacc,2.404399,-4.500975,2.020598,
85124550983536,GameRo,0.093049,0.668055,-0.191317,0.713051
85124577862030,pre,999.920288,,,
85124593578662,pre,999.907532,,,
85124581203721,Gyro,1.027376,0.261134,1.182221,
85124601330164,Gyro,1.313653,0.214707,1.119033,
85124571140499,Lacc,2.505754,-5.522365,2.338686,
85124571140499,GameRo,0.117865,0.667695,-0.181527,0.712278
85124591266944,Lacc,2.281692,-5.763049,2.518052,
85124591266944,GameRo,0.117275,0.667528,-0.182166,0.712368
85124609203741,pre,999.906006,,,
85124624828819,pre,999.903015,,,
85124640453898,pre,999.908264,,,
85124621426091,Gyro,1.542461,0.170808,0.986670,
85124641522018,Gyro,1.738013,0.113074,0.783935,
85124655956905,pre,999.906006,,,
85124611378129,Lacc,2.228984,-6.306035,2.604286,
85124611378129,GameRo,0.148873,0.663965,-0.179871,0.710375
85124631474054,Lacc,2.341899,-6.191075,2.591975,
85124631474054,GameRo,0.148245,0.663823,-0.180552,0.710467
85124671704055,pre,999.911987,,,
85124661709498,Gyro,1.891394,0.058000,0.516016,
85124681896977,Gyro,2.064198,-0.009844,0.207524,
85124651615756,Lacc,2.437520,-6.367799,2.609166,
85124651615756,GameRo,0.183419,0.656977,-0.188143,0.706641
85124671803235,Lacc,2.099455,-6.324082,2.553962,
85124671803235,GameRo,0.182785,0.656872,-0.188832,0.706719
85124687359651,pre,999.897766,,,
85124702954212,pre,999.898499,,,
85124718579290,pre,999.897766,,,
85124702038678,Gyro,2.236602,-0.120124,-0.088597,
85124722180380,Gyro,2.301653,-0.271244,-0.373809,
85124691967827,Lacc,1.066613,-6.449458,2.477260,
85124691967827,GameRo,0.215749,0.647972,-0.208070,0.700208
85124712109530,Lacc,-0.052456,-6.510754,2.124531,
85124712109530,GameRo,0.215195,0.647960,-0.208678,0.700209
85124734204369,pre,999.893250,,,
85124749829448,pre,999.905273,,,
85124742306825,Gyro,2.135368,-0.458282,-0.635742,
85124762433270,Gyro,1.905761,-0.542489,-0.889825,
85124732243603,Lacc,-1.039377,-6.579593,1.560314,
85124732243603,GameRo,0.243874,0.636481,-0.241222,0.690818
85124752370046,Lacc,-1.202223,-6.127890,0.939522,
85124752370046,GameRo,0.243406,0.636583,-0.241737,0.690709
85124765332454,pre,999.894775,,,
85124781079605,pre,999.907532,,,
85124796704683,pre,999.900024,,,
85124782574973,Gyro,1.996220,-0.529452,-1.141515,
85124802716676,Gyro,2.319213,-0.500053,-1.316846,
85124812207690,pre,999.898499,,,
85124772504119,Lacc,-1.351108,-6.339694,-0.091336,
85124772504119,GameRo,0.260824,0.622592,-0.280833,0.682263
85124792645823,Lacc,-3.229264,-6.720157,-0.535289,
85124792645823,GameRo,0.260426,0.622822,-0.281256,0.682031
85124829053478,pre,999.914246,,,
85124822812601,Gyro,2.755146,-0.642925,-1.437103,
85124842908526,Gyro,3.524581,-0.678178,-1.418745,
85124844495450,pre,999.897766,,,
85124812764638,Lacc,-5.947135,-7.192820,-0.662974,
85124812764638,GameRo,0.269839,0.609857,-0.325648,0.670235
85124832860565,Lacc,-6.235460,-7.764684,-1.540111,
85124832860565,GameRo,0.269504,0.610151,-0.325977,0.669942
85124859113444,pre,999.894775,,,
85124874799558,pre,999.882751,,,
85124863096006,Gyro,4.700017,-0.529718,-1.461314,
85124883283485,Gyro,5.395356,-0.460943,-1.718724,
85124853002268,Lacc,-4.194116,-7.662538,-3.854000,
85124853002268,GameRo,0.285326,0.589505,-0.383745,0.651009
85124873189747,Lacc,-1.880428,-6.255866,-5.634815,
85124873189747,GameRo,0.285104,0.590111,-0.383889,0.650472
85124890363601,pre,999.891785,,,
85124906080233,pre,999.888733,,,
85124921705311,pre,999.882751,,,
85124903364152,Gyro,5.032189,-0.395227,-1.903766,
85124923444819,Gyro,4.095405,-0.338557,-1.870509,
85124893323821,Lacc,-0.562243,-3.966620,-6.570266,
85124893323821,GameRo,0.325864,0.551783,-0.462055,0.613068
85124913404488,Lacc,-1.115636,-3.776166,-7.058407,
85124913404488,GameRo,0.325882,0.552485,-0.461918,0.612530
85124937330390,pre,999.890991,,,
85124952955468,pre,999.897766,,,
85124943632298,Gyro,3.233515,-0.261400,-1.763554,
85124963819778,Gyro,2.648058,-0.203001,-1.701962,
85124968488993,pre,999.897766,,,
85124933538561,Lacc,-1.711256,-4.322753,-7.269606,
85124933538561,GameRo,0.359871,0.512224,-0.539977,0.562622
85124953726040,Lacc,-1.180511,-5.363800,-6.475487,
85124953726040,GameRo,0.359819,0.512948,-0.539880,0.562090
85124984205625,pre,999.905273,,,
85124999830704,pre,999.905273,,,
85124983961481,Gyro,2.323736,-0.195950,-1.752247,
85125004103184,Gyro,2.112487,-0.252887,-1.962830,
85124973890631,Lacc,-0.291479,-5.109650,-5.553961,
85124973890631,GameRo,0.372999,0.488677,-0.591840,0.521337
85124994032335,Lacc,0.695702,-4.785616,-4.817799,
85124994032335,GameRo,0.372878,0.489369,-0.591785,0.520835
85125015486300,pre,999.906006,,,
85125030958789,pre,999.894775,,,
85125024229627,Gyro,1.917202,-0.329910,-2.267864,
85125044356071,Gyro,1.583833,-0.439791,-2.581278,
85125014166408,Lacc,0.951621,-4.152580,-5.254214,
85125046614386,pre,999.905273,,,
85125014166408,GameRo,0.376104,0.473576,-0.633030,0.483264
85125034292851,Lacc,0.837101,-3.603800,-5.383111,
85125034292851,GameRo,0.376106,0.474290,-0.632837,0.482815
85125062331018,pre,999.900024,,,
85125077956096,pre,999.903015,,,
85125064497774,Gyro,1.206964,-0.554993,-2.846403,
85125084639477,Gyro,0.848720,-0.653966,-3.025193,
85125054426924,Lacc,0.041587,-2.533203,-5.445045,
85125054426924,GameRo,0.367086,0.464628,-0.674359,0.441146
85125074568627,Lacc,-0.806861,-2.200054,-5.190269,
85125074568627,GameRo,0.367241,0.465213,-0.674052,0.440869
85125093581175,pre,999.902283,,,
85125109206254,pre,999.897766,,,
85125104720144,Gyro,0.472250,-0.698930,-3.105941,
85125124800811,Gyro,0.075161,-0.701990,-3.098891,
85125124861849,pre,999.894775,,,
85125094679813,Lacc,-2.300760,-1.265174,-5.665709,
85125094679813,GameRo,0.342054,0.465716,-0.712783,0.397554
85125114760479,Lacc,-3.219750,-0.950075,-5.675891,
85125114760479,GameRo,0.342388,0.466202,-0.712358,0.397457
85125140456411,pre,999.897766,,,
85125156081489,pre,999.900024,,,
85125145003550,Gyro,-0.237854,-0.657824,-3.043817,
85125165206290,Gyro,-0.468525,-0.574682,-2.930876,
85125134902182,Lacc,-3.471531,0.312390,-5.366119,
85125134902182,GameRo,0.306128,0.475769,-0.743843,0.355847
85125155104919,Lacc,-2.630742,0.629131,-4.709698,
85125155104919,GameRo,0.306534,0.476141,-0.743415,0.355895
85125171645532,pre,999.897766,,,
85125187331646,pre,999.902283,,,
85125202956725,pre,999.903015,,,
85125185332733,Gyro,-0.656095,-0.475975,-2.760467,
85125205459176,Gyro,-0.813201,-0.337226,-2.556801,
85125175269510,Lacc,-2.563024,1.930362,-4.723589,
85125175269510,GameRo,0.265611,0.494040,-0.764380,0.317961
85125195395956,Lacc,-2.095195,2.379476,-5.167439,
85125195395956,GameRo,0.266158,0.494408,-0.763874,0.318148
85125218581803,pre,999.888000,,,
85125234115328,pre,999.898499,,,
85125225600879,Gyro,-0.864683,-0.178391,-2.291809,
85125245742583,Gyro,-0.819719,0.015431,-1.966555,
85125215530029,Lacc,-2.411529,3.677992,-5.381312,
85125215530029,GameRo,0.227886,0.516322,-0.775059,0.284188
85125235671730,Lacc,-2.090520,4.090729,-5.282452,
85125235671730,GameRo,0.228568,0.516655,-0.774509,0.284535
85125249740407,pre,999.903748,,,
85125265487556,pre,999.903015,,,
85125281112634,pre,999.895508,,,
85125265884286,Gyro,-0.537833,0.221891,-1.565874,
85125286025989,Gyro,-0.259538,0.372612,-1.099611,
85125255813432,Lacc,-2.489524,4.700678,-4.626274,
85125255813432,GameRo,0.198535,0.539341,-0.777525,0.255247
85125275955135,Lacc,-2.727170,5.115797,-4.114689,
85125275955135,GameRo,0.199269,0.539513,-0.777055,0.255742
85125296707196,pre,999.892517,,,
85125312332274,pre,999.897034,,,
85125306152432,Gyro,-0.109881,0.461608,-0.547677,
85125326278875,Gyro,-0.050019,0.542090,0.019289,
85125328415118,pre,999.900024,,,
85125296089210,Lacc,-3.643199,6.155033,-3.568660,
85125296089210,GameRo,0.185280,0.554252,-0.777540,0.232180
85125316215655,Lacc,-3.827563,6.214206,-3.371680,
85125316215655,GameRo,0.186087,0.554286,-0.777135,0.232810
85125343582431,pre,999.903748,,,
85125359207510,pre,999.904480,,,
85125346420579,Gyro,-0.093253,0.665274,0.567099,
85125366562282,Gyro,-0.182781,0.797637,1.090964,
85125336349728,Lacc,-3.760716,5.959424,-3.033382,
85125336349728,GameRo,0.189014,0.559473,-0.776020,0.221488
85125356491429,Lacc,-3.772728,5.706289,-2.583200,
85125356491429,GameRo,0.189756,0.559446,-0.775683,0.222099
85125374863106,pre,999.902283,,,
85125390457667,pre,999.900757,,,
85125406082745,pre,999.905273,,,
85125386658207,Gyro,-0.134225,0.898206,1.615095,
85125406754132,Gyro,0.078221,0.941839,2.066991,
85125376610243,Lacc,-4.172163,5.230126,-1.757382,
85125376610243,GameRo,0.208220,0.561405,-0.768444,0.225749
85125396706170,Lacc,-4.632817,4.670794,-1.338871,
85125396706170,GameRo,0.208850,0.561288,-0.768196,0.226303
85125421707824,pre,999.900024,,,
85125437241349,pre,999.900024,,,
85125426941611,Gyro,0.227877,0.964055,2.470466,
85125447129091,Gyro,0.317671,0.992656,2.851326,
85125452896946,pre,999.907532,,,
85125416847874,Lacc,-4.181997,4.162327,-0.801134,
85125416847874,GameRo,0.242144,0.559404,-0.754530,0.243140
85125437035353,Lacc,-4.546840,3.938226,-0.785073,
85125437035353,GameRo,0.242675,0.559260,-0.754310,0.243626
85125468583060,pre,999.908264,,,
85125484208138,pre,999.901489,,,
85125467255536,Gyro,0.425424,1.028042,3.157955,
85125487381981,Gyro,0.570824,1.083115,3.357497,
85125457192314,Lacc,-4.235868,2.766618,-0.857951,
85125457192314,GameRo,0.287460,0.546696,-0.738582,0.270163
85125477318757,Lacc,-4.552501,2.678173,-0.919833,
85125477318757,GameRo,0.287884,0.546605,-0.738351,0.270525
85125499833217,pre,999.913513,,,
85125515427777,pre,999.897766,,,
85125507523684,Gyro,0.728728,1.115175,3.481214,
85125527665387,Gyro,0.904858,1.101340,3.567017,
85125497452831,Lacc,-4.286796,1.291490,0.096188,
85125497452831,GameRo,0.340639,0.525583,-0.717953,0.303762
85125517594534,Lacc,-4.980587,0.671935,1.038829,
85125517594534,GameRo,0.340834,0.525438,-0.717871,0.303988
85125531022338,pre,999.911987,,,
85125546708452,pre,999.906006,,,
85125562333531,pre,999.909729,,,
85125547807089,Gyro,0.988266,1.057574,3.583246,
85125567948790,Gyro,0.995849,0.988665,3.515934,
85125537736237,Lacc,-4.433187,-0.837018,1.588904,
85125537736237,GameRo,0.397755,0.495661,-0.694774,0.336751
85125557877940,Lacc,-3.927166,-0.810608,1.428087,
85125557877940,GameRo,0.397778,0.495576,-0.694783,0.336829
85125577867056,pre,999.913513,,,
85125593583688,pre,999.906738,,,
85125588090493,Gyro,0.833022,0.915899,3.379314,
85125608232196,Gyro,0.611131,0.861224,3.162611,
85125610643099,pre,999.904480,,,
85125578019643,Lacc,-2.540253,-1.757007,1.264587,
85125578019643,GameRo,0.453677,0.457913,-0.670516,0.367288
85125598161347,Lacc,-1.416114,-1.454235,1.269735,
85125598161347,GameRo,0.453559,0.457907,-0.670625,0.367244
85125633378810,pre,999.900024,,,
85125628312863,Gyro,0.285212,0.790054,2.861968,
85125648393530,Gyro,-0.018624,0.715292,2.555072,
85125618272532,Lacc,-0.111275,-2.549969,1.728887,
85125618272532,GameRo,0.501036,0.421977,-0.643641,0.395757
85125650987540,pre,999.906006,,,
85125638353199,Lacc,0.425603,-2.602707,1.603893,
85125638353199,GameRo,0.500755,0.422055,-0.643906,0.395600
85125665697087,pre,999.906006,,,
85125681322166,pre,999.900757,,,
85125668581010,Gyro,-0.147129,0.641595,2.255359,
85125688768489,Gyro,-0.177726,0.547278,1.963495,
85125658487272,Lacc,0.653190,-4.047064,1.651233,
85125658487272,GameRo,0.535086,0.396487,-0.615038,0.422148
85125678674751,Lacc,0.625247,-4.564881,1.619115,
85125678674751,GameRo,0.534708,0.396718,-0.615420,0.421853
85125696947244,pre,999.908264,,,
85125712572323,pre,999.902283,,,
85125728197401,pre,999.897034,,,
85125708849158,Gyro,-0.181716,0.436598,1.695178,
85125728929827,Gyro,-0.320465,0.307162,1.415420,
85125698808824,Lacc,0.746177,-5.747034,1.916679,
85125698808824,GameRo,0.557533,0.380349,-0.588488,0.445167
85125718889491,Lacc,0.902938,-5.834696,1.819148,
85125718889491,GameRo,0.557088,0.380664,-0.588979,0.444806
85125743822480,pre,999.894775,,,
85125759447558,pre,999.903015,,,
85125749117306,Gyro,-0.394828,0.199276,1.137125,
85125769304786,Gyro,-0.430080,0.109216,0.836348,
85125739023565,Lacc,1.420812,-6.870549,1.842258,
85125739023565,GameRo,0.571950,0.368484,-0.568411,0.462603
85125759211044,Lacc,1.912581,-7.152968,1.833305,
85125759211044,GameRo,0.571430,0.368904,-0.569024,0.462158
85125775133672,pre,999.903015,,,
85125790697715,pre,999.899231,,,
85125806322794,pre,999.900024,,,
85125789446487,Gyro,-0.404672,0.047225,0.532911,
85125809588188,Gyro,-0.262864,-0.007583,0.227744,
85125779375635,Lacc,2.231546,-7.862901,1.895016,
85125779375635,GameRo,0.576977,0.363209,-0.554359,0.477349
85125799517339,Lacc,2.284675,-8.131371,1.741973,
85125799517339,GameRo,0.576428,0.363699,-0.555033,0.476857
85125821947872,pre,999.896240,,,
85125837450879,pre,999.888000,,,
85125829668855,Gyro,-0.026340,-0.048821,-0.073698,
85125849749522,Gyro,0.234662,-0.104826,-0.381525,
85125853075958,pre,999.900024,,,
85125868701036,pre,999.902283,,,
85125819628524,Lacc,1.857872,-8.513783,1.723910,
85125819628524,GameRo,0.575957,0.363378,-0.547834,0.485910
85125839709191,Lacc,1.195865,-8.624855,1.633502,
85125839709191,GameRo,0.575439,0.363878,-0.548480,0.485420
85125884356633,pre,999.882751,,,
85125869952262,Gyro,0.301442,-0.172271,-0.730990,
85125890155001,Gyro,0.198744,-0.258474,-1.085909,
85125859850893,Lacc,0.008862,-8.230598,1.426476,
85125859850893,GameRo,0.573578,0.365068,-0.551173,0.483675
85125880053630,Lacc,-1.525523,-7.938260,1.302182,
85125880053630,GameRo,0.573173,0.365510,-0.551680,0.483243
85125900073265,pre,999.893250,,,
85125915698343,pre,999.892517,,,
85125910281444,Gyro,0.028601,-0.320598,-1.444952,
85125930407887,Gyro,-0.305167,-0.328180,-1.856142,
85125931994811,pre,999.893250,,,
85125900218222,Lacc,-2.438984,-7.247026,1.103430,
85125900218222,GameRo,0.567732,0.369891,-0.564198,0.471744
85125920344667,Lacc,-2.528401,-6.644801,0.894486,
85125920344667,GameRo,0.567412,0.370272,-0.564585,0.471367
85125946948500,pre,999.884277,,,
85125962573579,pre,999.881287,,,
85125950549591,Gyro,-0.601686,-0.270978,-2.269327,
85125970691294,Gyro,-0.552732,-0.289735,-2.546691,
85125940478741,Lacc,-3.308955,-5.931165,0.828365,
85125940478741,GameRo,0.551654,0.384887,-0.582609,0.456186
85125960620444,Lacc,-4.811308,-6.488908,1.233051,
85125960620444,GameRo,0.551372,0.385195,-0.582923,0.455867
85125978168139,pre,999.876770,,,
85125993823736,pre,999.879761,,,
85126009448815,pre,999.876038,,,
85125990771961,Gyro,-0.352658,-0.321396,-2.830972,
85126010852628,Gyro,-0.155909,-0.297850,-3.033308,
85125980731629,Lacc,-4.345193,-5.460262,1.445410,
85125980731629,GameRo,0.523452,0.415732,-0.602060,0.436679
85126000812296,Lacc,-4.608838,-5.060515,0.939743,
85126000812296,GameRo,0.523237,0.415955,-0.602273,0.436431
85126025043375,pre,999.875244,,,
85126040698972,pre,999.867004,,,
85126031040107,Gyro,0.202602,-0.324988,-3.174717,
85126051227587,Gyro,0.492470,-0.346538,-3.320250,
85126020946369,Lacc,-5.108056,-3.894645,0.279012,
85126020946369,GameRo,0.491519,0.446597,-0.627308,0.406749
85126041133849,Lacc,-4.910336,-3.404714,-0.005666,
85126041133849,GameRo,0.491435,0.446755,-0.627363,0.406592
85126056293532,pre,999.867004,,,
85126071949129,pre,999.864746,,,
85126087574207,pre,999.869995,,,
85126071369290,Gyro,0.680173,-0.371681,-3.417360,
85126091510993,Gyro,0.888229,-0.426754,-3.465782,
85126103199286,pre,999.875244,,,
85126061298439,Lacc,-5.316919,-1.848506,-0.351113,
85126061298439,GameRo,0.459547,0.471581,-0.657834,0.365627
85126081440140,Lacc,-5.268198,-1.837588,-0.524423,
85126081440140,GameRo,0.459588,0.471665,-0.657766,0.365589
85126118824364,pre,999.880493,,,
85126111652696,Gyro,0.998243,-0.461475,-3.492787,
85126131794399,Gyro,1.017798,-0.483557,-3.440108,
85126101581843,Lacc,-5.043395,-0.141858,-1.026663,
85126101581843,GameRo,0.426210,0.489866,-0.691635,0.316257
85126134479960,pre,999.888733,,,
85126121723546,Lacc,-4.336197,0.349277,-1.309587,
85126121723546,GameRo,0.426412,0.489890,-0.691442,0.316367
85126150105038,pre,999.885010,,,
85126165730117,pre,999.890259,,,
85126151936103,Gyro,0.894747,-0.516947,-3.354305,
85126172077806,Gyro,0.651971,-0.523333,-3.250144,
85126141865249,Lacc,-4.186713,2.437712,-1.873236,
85126141865249,GameRo,0.391232,0.501285,-0.725530,0.263168
85126162006952,Lacc,-2.873116,3.262574,-1.897585,
85126162006952,GameRo,0.391648,0.501212,-0.725236,0.263497
85126181355195,pre,999.897766,,,
85126196949757,pre,999.896240,,,
85126192188991,Gyro,0.376071,-0.511626,-3.109267,
85126212300176,Gyro,0.081280,-0.473580,-2.952294,
85126213154672,pre,999.900024,,,
85126182133396,Lacc,-2.411195,4.746313,-2.249704,
85126182133396,GameRo,0.354622,0.510814,-0.753614,0.213023
85126202244581,Lacc,-1.316279,5.048210,-2.385648,
85126202244581,GameRo,0.355203,0.510698,-0.753281,0.213508
85126228779751,pre,999.906006,,,
85126243824992,pre,999.893982,,,
85126232457137,Gyro,-0.048289,-0.421433,-2.737719,
85126252614099,Gyro,-0.061459,-0.361038,-2.456498,
85126222378655,Lacc,-1.344961,6.027274,-2.741135,
85126222378655,GameRo,0.317279,0.524610,-0.771536,0.169855
85126242535616,Lacc,-0.940834,6.351011,-2.870462,
85126242535616,GameRo,0.318008,0.524488,-0.771182,0.170474
85126259358517,pre,999.900024,,,
85126275075149,pre,999.890991,,,
85126290700228,pre,999.905273,,,
85126272694765,Gyro,0.030596,-0.297584,-2.111024,
85126292775432,Gyro,0.160432,-0.253685,-1.730563,
85126262654430,Lacc,-1.608670,6.974970,-3.073374,
85126262654430,GameRo,0.283339,0.540430,-0.780849,0.133902
85126282735097,Lacc,-1.495290,6.759213,-3.053471,
85126282735097,GameRo,0.284127,0.540337,-0.780510,0.134583
85126306325306,pre,999.897034,,,
85126321950385,pre,999.897766,,,
85126312962912,Gyro,0.179721,-0.202336,-1.350236,
85126333150391,Gyro,0.093785,-0.140345,-0.980018,
85126302869170,Lacc,-1.887781,7.204422,-3.142763,
85126302869170,GameRo,0.258164,0.549855,-0.787251,0.106052
85126323056650,Lacc,-1.488778,7.383300,-3.143723,
85126323056650,GameRo,0.259018,0.549761,-0.786934,0.106804
85126337544945,pre,999.903748,,,
85126353200542,pre,999.893250,,,
85126368825621,pre,999.900757,,,
85126353292095,Gyro,-0.116932,-0.054009,-0.619512,
85126373433798,Gyro,-0.249428,0.070106,-0.248098,
85126343221241,Lacc,-1.515291,8.059669,-3.165189,
85126343221241,GameRo,0.242989,0.552909,-0.792096,0.088500
85126363362944,Lacc,-1.289155,7.862762,-3.014524,
85126363362944,GameRo,0.243882,0.552774,-0.791826,0.089301
85126384450699,pre,999.897034,,,
85126400075778,pre,999.895508,,,
85126393575499,Gyro,-0.231203,0.208189,0.159235,
85126413717200,Gyro,-0.157239,0.328713,0.589847,
85126416677423,pre,999.893982,,,
85126383504647,Lacc,-1.775666,7.308696,-2.794470,
85126383504647,GameRo,0.237816,0.557587,-0.791044,0.082399
85126403646351,Lacc,-2.370360,6.780417,-2.677169,
85126403646351,GameRo,0.238619,0.557474,-0.790806,0.083124
85126431203863,pre,999.888733,,,
85126446951013,pre,999.888000,,,
85126433858903,Gyro,-0.111079,0.430213,1.045734,
85126454000607,Gyro,-0.072234,0.526126,1.509737,
85126423788054,Lacc,-3.185150,6.357118,-2.502644,
85126423788054,GameRo,0.245409,0.560175,-0.786491,0.086083
85126443929757,Lacc,-4.343266,5.998138,-2.390200,
85126443929757,GameRo,0.246169,0.560048,-0.786268,0.086782
85126462576092,pre,999.900757,,,
85126478201170,pre,999.900024,,,
85126474081274,Gyro,0.008248,0.617118,1.982652,
85126494161940,Gyro,0.073698,0.674586,2.471397,
85126493826249,pre,999.899231,,,
85126464040942,Lacc,-4.908512,5.193233,-1.957201,
85126464040942,GameRo,0.266522,0.556507,-0.780456,0.100767
85126484121609,Lacc,-5.816866,4.554072,-1.650798,
85126484121609,GameRo,0.267175,0.556351,-0.780264,0.101385
85126518240433,pre,999.900024,,,
85126514379938,Gyro,0.118395,0.683233,3.006702,
85126534597936,Gyro,0.353323,0.660751,3.534425,
85126504270941,Lacc,-7.449646,3.236616,-1.379182,
85126504270941,GameRo,0.300635,0.545454,-0.771959,0.127191
85126535788130,pre,999.897034,,,
85126524488939,Lacc,-9.402523,2.165081,-1.333386,
85126524488939,GameRo,0.301189,0.545324,-0.771750,0.127706
85126550619747,pre,999.901489,,,
85126566244826,pre,999.907532,,,
85126554709121,Gyro,0.394961,0.672324,3.961179,
85126574820306,Gyro,0.172271,0.750545,4.207415,
85126581839386,pre,999.900024,,,
85126544653530,Lacc,-8.436893,1.224844,-1.074025,
85126544653530,GameRo,0.346346,0.524657,-0.759392,0.167639
85126564764715,Lacc,-7.567158,1.569598,-0.824331,
85126564764715,GameRo,0.346766,0.524528,-0.759203,0.168030
85126597494983,pre,999.913513,,,
85126613120061,pre,999.908264,,,
85126594900973,Gyro,0.079418,0.809875,4.248387,
85126614981640,Gyro,0.234263,0.827435,4.119084,
85126584860641,Lacc,-6.129261,-0.091788,-0.036659,
85126584860641,GameRo,0.399919,0.491016,-0.742186,0.219379
85126604941308,Lacc,-6.528383,-0.639206,1.013047,
85126604941308,GameRo,0.400081,0.490898,-0.742121,0.219570
85126628958764,pre,999.922485,,,
85126644370218,pre,999.914246,,,
85126635169119,Gyro,0.520938,0.768238,3.886950,
85126655356598,Gyro,0.614723,0.720081,3.548659,
85126625075381,Lacc,-5.951383,-2.487535,1.929675,
85126625075381,GameRo,0.452922,0.457359,-0.714863,0.273230
85126645262861,Lacc,-5.298349,-2.101610,1.438281,
85126645262861,GameRo,0.452913,0.457325,-0.714881,0.273255
85126659995297,pre,999.900024,,,
85126675620375,pre,999.905273,,,
85126691245454,pre,999.905273,,,
85126675498302,Gyro,0.488745,0.723141,3.099157,
85126695640005,Gyro,0.295056,0.721944,2.607352,
85126665427452,Lacc,-3.712172,-3.013395,0.540711,
85126665427452,GameRo,0.500797,0.417206,-0.689715,0.315335
85126685569155,Lacc,-2.761307,-2.507390,0.049969,
85126685569155,GameRo,0.500744,0.417327,-0.689741,0.315201
85126706870532,pre,999.903015,,,
85126722495611,pre,999.900757,,,
85126715781708,Gyro,-0.078487,0.659154,2.124859,
85126735923411,Gyro,-0.655962,0.581599,1.699834,
85126738547938,pre,999.903748,,,
85126705710858,Lacc,-1.307877,-2.838737,0.665632,
85126705710858,GameRo,0.537867,0.384409,-0.666010,0.345484
85126725852559,Lacc,0.033591,-1.918143,1.116003,
85126725852559,GameRo,0.537675,0.384488,-0.666186,0.345356
85126753745768,pre,999.894775,,,
85126769370846,pre,999.905273,,,
85126756049855,Gyro,-1.008220,0.505906,1.371520,
85126776176298,Gyro,-1.230776,0.414649,1.154019,
85126745986632,Lacc,1.402787,-2.986665,1.311486,
85126745986632,GameRo,0.560106,0.368920,-0.643449,0.368989
85126766113077,Lacc,2.062955,-3.317798,1.041996,
85126766113077,GameRo,0.559780,0.369150,-0.643770,0.368694
85126784995925,pre,999.894775,,,
85126800621003,pre,999.897766,,,
85126796272225,Gyro,-1.320038,0.352924,1.053450,
85126816368152,Gyro,-1.548714,0.235460,0.993720,
85126816246082,pre,999.900024,,,
85126786224262,Lacc,2.660230,-4.081724,1.293939,
85126786224262,GameRo,0.567138,0.371919,-0.620534,0.393660
85126806320187,Lacc,2.958124,-4.298278,1.587733,
85126806320187,GameRo,0.566685,0.372200,-0.621006,0.393303
85126831749089,pre,999.906738,,,
85126847496239,pre,999.900024,,,
85126836555631,Gyro,-1.891926,0.136221,0.969509,
85126856743111,Gyro,-1.911615,0.023280,0.978821,
85126826461889,Lacc,3.040297,-5.157747,1.784860,
85126826461889,GameRo,0.567018,0.380050,-0.599049,0.418561
85126846649369,Lacc,3.115335,-6.161461,1.830586,
85126846649369,GameRo,0.566484,0.380435,-0.599631,0.418101
85126863060282,pre,999.902283,,,
85126878746396,pre,999.894775,,,
85126894371475,pre,999.893250,,,
85126876884814,Gyro,-1.675623,-0.102565,0.939578,
85126897026517,Gyro,-1.308864,-0.202070,0.803490,
85126866813960,Lacc,3.164223,-6.889717,1.693936,
85126866813960,GameRo,0.557987,0.393602,-0.575503,0.450027
85126886955663,Lacc,3.406636,-7.015504,1.339943,
85126886955663,GameRo,0.557443,0.394064,-0.576120,0.449508
85126909996553,pre,999.903015,,,
85126925652149,pre,999.893250,,,
85126917152960,Gyro,-0.884371,-0.237854,0.568828,
85126937279403,Gyro,-0.417176,-0.228010,0.292130,
85126907089738,Lacc,3.433038,-7.642262,0.766372,
85126907089738,GameRo,0.547732,0.401639,-0.556468,0.478560
85126927216183,Lacc,3.146955,-8.062635,0.554535,
85126927216183,GameRo,0.547216,0.402189,-0.557076,0.477979
85126941368781,pre,999.888000,,,
85126956871789,pre,999.880493,,,
85126972496867,pre,999.876770,,,
85126957421106,Gyro,-0.086468,-0.234396,0.008913,
85126977562810,Gyro,0.119991,-0.250226,-0.291731,
85126947350256,Lacc,2.161750,-8.173963,0.637877,
85126947350256,GameRo,0.540442,0.403506,-0.548738,0.493956
85126967491957,Lacc,0.928691,-8.273485,0.993406,
85126967491957,GameRo,0.539957,0.403981,-0.549308,0.493465
85126988121946,pre,999.874512,,,
85127003747024,pre,999.880493,,,
85126997704513,Gyro,0.334965,-0.259937,-0.588916,
85127017846216,Gyro,0.403740,-0.270313,-0.907119,
85127020470740,pre,999.888000,,,
85126987633659,Lacc,-0.628841,-8.491791,0.974311,
85126987633659,GameRo,0.536203,0.402936,-0.552607,0.494726
85127007775363,Lacc,-2.145054,-8.476639,0.885761,
85127007775363,GameRo,0.535806,0.403371,-0.553071,0.494284
85127034875110,pre,999.880493,,,
85127050591742,pre,999.877502,,,
85127037972659,Gyro,0.214042,-0.256611,-1.310460,
85127058099102,Gyro,-0.186772,-0.172804,-1.815169,
85127066216820,pre,999.874512,,,
85127027909436,Lacc,-2.609500,-7.610354,0.654274,
85127027909436,GameRo,0.530835,0.404021,-0.565636,0.484807
85127048035879,Lacc,-2.392225,-6.495377,0.456459,
85127048035879,GameRo,0.530530,0.404389,-0.565980,0.484432
85127081780863,pre,999.882751,,,
85127097528013,pre,999.886536,,,
85127078195029,Gyro,-0.445378,-0.079551,-2.282763,
85127098290956,Gyro,-0.319534,-0.096578,-2.634490,
85127068147064,Lacc,-3.875676,-5.767688,0.772910,
85127068147064,GameRo,0.517503,0.415172,-0.583555,0.468280
85127088242991,Lacc,-4.760210,-6.348831,1.454808,
85127088242991,GameRo,0.517216,0.415436,-0.583856,0.467989
85127113122574,pre,999.884277,,,
85127128747652,pre,999.883484,,,
85127118478436,Gyro,-0.165620,-0.058000,-2.962138,
85127138665915,Gyro,0.066115,-0.003326,-3.185093,
85127108384694,Lacc,-3.894941,-5.034575,1.230870,
85127108384694,GameRo,0.491450,0.444384,-0.602549,0.444899
85127128572174,Lacc,-4.163901,-4.878786,0.558097,
85127128572174,GameRo,0.491255,0.444599,-0.602728,0.444656
85127144403248,pre,999.868530,,,
85127159997809,pre,999.871521,,,
85127175622888,pre,999.864746,,,
85127158807617,Gyro,0.457218,0.024876,-3.353507,
85127178949318,Gyro,0.891289,-0.001729,-3.423879,
85127148736765,Lacc,-5.066829,-3.857164,0.174752,
85127148736765,GameRo,0.461433,0.474779,-0.628130,0.408799
85127168878468,Lacc,-6.330787,-3.598995,-0.076423,
85127168878468,GameRo,0.461381,0.474912,-0.628153,0.408668
85127191247967,pre,999.867737,,,
85127206873045,pre,999.877502,,,
85127199075763,Gyro,1.279332,-0.073831,-3.376787,
85127219202208,Gyro,1.480603,-0.142872,-3.299630,
85127222681230,pre,999.880493,,,
85127189012541,Lacc,-7.271132,-1.850034,-0.316845,
85127189012541,GameRo,0.432682,0.498624,-0.659300,0.359840
85127209138984,Lacc,-6.416851,-1.254238,-0.350434,
85127209138984,GameRo,0.432776,0.498645,-0.659203,0.359875
85127238031649,pre,999.882019,,,
85127253717762,pre,999.882019,,,
85127239343909,Gyro,1.455727,-0.191161,-3.226997,
85127259485610,Gyro,1.307135,-0.237189,-3.163809,
85127229273058,Lacc,-5.709274,0.399422,-0.756795,
85127229273058,GameRo,0.406534,0.508224,-0.695844,0.303711
85127249414761,Lacc,-4.322880,1.114105,-0.968400,
85127249414761,GameRo,0.406777,0.508183,-0.695653,0.303892
85127269373359,pre,999.879761,,,
85127284937402,pre,999.888000,,,
85127279627314,Gyro,1.017931,-0.247698,-3.124565,
85127299769017,Gyro,0.698930,-0.237322,-3.044881,
85127300623516,pre,999.892517,,,
85127269556464,Lacc,-3.274417,3.273232,-1.622851,
85127269556464,GameRo,0.379346,0.511693,-0.729672,0.248687
85127289698167,Lacc,-1.637593,4.539649,-1.694360,
85127289698167,GameRo,0.379834,0.511537,-0.729381,0.249116
85127316248595,pre,999.891785,,,
85127331873673,pre,999.897766,,,
85127319910720,Gyro,0.475975,-0.220162,-2.948835,
85127340052423,Gyro,0.351593,-0.208721,-2.830307,
85127309839871,Lacc,-1.156416,5.909737,-1.951119,
85127309839871,GameRo,0.348864,0.518575,-0.754921,0.198666
85127329981574,Lacc,-0.504224,5.636590,-1.862776,
85127329981574,GameRo,0.349454,0.518369,-0.754647,0.199206
85127347407198,pre,999.895508,,,
85127363123830,pre,999.904480,,,
85127378748909,pre,999.898499,,,
85127360133090,Gyro,0.322992,-0.223886,-2.641274,
85127380213757,Gyro,0.254483,-0.247964,-2.389585,
85127394251916,pre,999.907532,,,
85127350092759,Lacc,-0.960036,6.154847,-2.184629,
85127350092759,GameRo,0.317383,0.530347,-0.770870,0.154143
85127370173426,Lacc,-0.730720,6.645227,-2.400603,
85127370173426,GameRo,0.318107,0.530151,-0.770576,0.154794
85127409999066,pre,999.900757,,,
85127400401237,Gyro,0.235992,-0.285345,-2.058611,
85127420588716,Gyro,0.170276,-0.334300,-1.649416,
85127390307499,Lacc,-1.348155,7.791035,-2.773849,
85127390307499,GameRo,0.288276,0.540365,-0.782023,0.115513
85127410494978,Lacc,-1.193903,8.141907,-2.876622,
85127410494978,GameRo,0.289154,0.540145,-0.781733,0.116307
85127425532591,pre,999.908997,,,
85127441279740,pre,999.904480,,,
85127456782748,pre,999.902283,,,
85127440730419,Gyro,0.057601,-0.318735,-1.207497,
85127460872123,Gyro,-0.081147,-0.271111,-0.774623,
85127430659569,Lacc,-1.529081,8.360923,-2.975893,
85127430659569,GameRo,0.264074,0.546854,-0.789647,0.087599
85127450801270,Lacc,-1.317779,7.788531,-2.824461,
85127450801270,GameRo,0.264945,0.546668,-0.789397,0.088382
85127472499380,pre,999.896240,,,
85127488124458,pre,999.897766,,,
85127480998566,Gyro,-0.212978,-0.173203,-0.370350,
85127501125009,Gyro,-0.137285,-0.059198,0.041106,
85127470935343,Lacc,-1.613400,7.267897,-2.750995,
85127505153352,pre,999.897766,,,
85127470935343,GameRo,0.248390,0.551303,-0.792975,0.074548
85127491061788,Lacc,-1.971238,6.595971,-2.744674,
85127491061788,GameRo,0.249180,0.551197,-0.792736,0.075237
85127519344097,pre,999.900024,,,
85127535030211,pre,999.897766,,,
85127521266712,Gyro,-0.123849,0.054142,0.450034,
85127541408415,Gyro,-0.174666,0.182648,0.883573,
85127550502701,pre,999.893250,,,
85127511195862,Lacc,-2.760693,6.976341,-2.758393,
85127511195862,GameRo,0.243989,0.555723,-0.791292,0.074155
85127531337566,Lacc,-3.454569,6.755414,-2.643975,
85127531337566,GameRo,0.244807,0.555581,-0.791069,0.074887
85127566249851,pre,999.897034,,,
85127561504342,Gyro,-0.201006,0.324855,1.368195,
85127581600269,Gyro,-0.200074,0.442186,1.860798,
85127551456380,Lacc,-4.130918,5.896079,-2.470998,
85127583583922,pre,999.893250,,,
85127551456380,GameRo,0.252555,0.554870,-0.788236,0.083787
85127571552305,Lacc,-4.667960,5.313721,-2.162975,
85127571552305,GameRo,0.253273,0.554734,-0.788032,0.084431
85127597500008,pre,999.896240,,,
85127613125087,pre,999.902283,,,
85127601787749,Gyro,-0.264593,0.490874,2.306176,
85127621975228,Gyro,-0.410392,0.491539,2.833633,
85127591694007,Lacc,-4.372615,4.859235,-1.619826,
85127591694007,GameRo,0.275298,0.550678,-0.780950,0.105269
85127611881486,Lacc,-6.256191,4.487885,-1.399688,
85127611881486,GameRo,0.275941,0.550493,-0.780772,0.105876
85127629146895,pre,999.893250,,,
85127644344726,pre,999.904480,,,
85127659908769,pre,999.903748,,,
85127642162708,Gyro,-0.389906,0.364364,3.483076,
85127662350187,Gyro,-0.215639,0.307295,4.156332,
85127632068966,Lacc,-8.684275,2.880506,-1.239545,
85127632068966,GameRo,0.310052,0.541814,-0.768552,0.140117
85127652256445,Lacc,-10.578403,1.830639,-1.342990,
85127652256445,GameRo,0.310600,0.541683,-0.768334,0.140608
85127675625401,pre,999.900024,,,
85127691250479,pre,999.906006,,,
85127682430854,Gyro,-0.120923,0.319001,4.711192,
85127702511521,Gyro,-0.188900,0.398153,4.916321,
85127706753486,pre,999.905273,,,
85127722378565,pre,999.916504,,,
85127738003643,pre,999.910522,,,
85127722592188,Gyro,-0.136221,0.439392,4.789412,
85127742672855,Gyro,0.040574,0.405869,4.348025,
85127753720275,pre,999.916504,,,
85127672390518,Lacc,-9.757301,0.067943,-0.894808,
85127672390518,GameRo,0.353860,0.524301,-0.749569,0.195034
85127692471185,Lacc,-8.385017,-0.043580,-0.022252,
85127692471185,GameRo,0.354180,0.524185,-0.749421,0.195333
85127712551853,Lacc,-6.643850,-1.601561,1.049279,
85127712551853,GameRo,0.407467,0.490697,-0.723543,0.263955
85127769375872,pre,999.905273,,,
85127762860334,Gyro,0.113872,0.362635,3.751394,
85127783047814,Gyro,0.009046,0.397887,3.105010,
85127752766596,Lacc,-5.258626,-0.711421,1.547642,
85127785336645,pre,999.903015,,,
85127752766596,GameRo,0.407542,0.490578,-0.723529,0.264099
85127772954076,Lacc,-3.862399,-0.190720,0.519378,
85127772954076,GameRo,0.407652,0.490500,-0.723475,0.264223
85127800626029,pre,999.903015,,,
85127816220589,pre,999.897766,,,
85127803189517,Gyro,-0.088331,0.458681,2.423906,
85127823331220,Gyro,-0.158570,0.475709,1.819160,
85127793118666,Lacc,-1.752853,-2.847107,0.020242,
85127793118666,GameRo,0.488374,0.423895,-0.672080,0.360711
85127813260367,Lacc,-0.791184,-2.629330,0.175882,
85127813260367,GameRo,0.488241,0.424055,-0.672180,0.360518
85127831754114,pre,999.905273,,,
85127847501264,pre,999.900757,,,
85127863126343,pre,999.905273,,,
85127843427145,Gyro,-0.301575,0.468791,1.364470,
85127863523070,Gyro,-0.422897,0.438594,1.060899,
85127833379181,Lacc,0.551511,-2.776798,0.914536,
85127833379181,GameRo,0.512595,0.405972,-0.649437,0.388155
85127853475108,Lacc,1.546397,-2.752913,1.184080,
85127853475108,GameRo,0.512280,0.406121,-0.649716,0.387948
85127878751422,pre,999.897034,,,
85127894376500,pre,999.903748,,,
85127883710549,Gyro,-0.421300,0.377401,0.918692,
85127903898029,Gyro,-0.402011,0.315942,0.879981,
85127873616812,Lacc,2.011006,-3.609860,1.397172,
85127873616812,GameRo,0.525728,0.400782,-0.632330,0.403908
85127893804291,Lacc,2.333292,-3.806217,1.308758,
85127893804291,GameRo,0.525318,0.401017,-0.632712,0.403610
85127910001579,pre,999.894775,,,
85127925626657,pre,999.900024,,,
85127941221217,pre,999.884277,,,
85127923978698,Gyro,-0.363965,0.277364,0.918559,
85127944059367,Gyro,-0.157372,0.237056,1.033629,
85127913938364,Lacc,2.739347,-4.170817,1.391880,
85127913938364,GameRo,0.533221,0.400029,-0.618414,0.416191
85127934019031,Lacc,2.972685,-4.480338,1.261655,
85127934019031,GameRo,0.532757,0.400332,-0.618865,0.415826
85127956876814,pre,999.888733,,,
85127972501893,pre,999.890259,,,
85127964246846,Gyro,0.081945,0.183978,1.117836,
85127984434326,Gyro,0.276832,0.139946,1.126083,
85127989195091,pre,999.888000,,,
85127954153104,Lacc,3.034002,-5.010547,1.334303,
85127954153104,GameRo,0.540184,0.397048,-0.605837,0.428387
85127974340584,Lacc,3.226648,-5.420064,1.329787,
85127974340584,GameRo,0.539672,0.397417,-0.606352,0.427962
85128012419085,pre,999.896240,,,
85128004576027,Gyro,0.401612,0.081812,1.065023,
85128024717728,Gyro,0.323125,0.025009,0.879449,
85128029905745,pre,999.893250,,,
85127994505175,Lacc,3.321487,-6.065377,1.331413,
85127994505175,GameRo,0.551257,0.385440,-0.596107,0.438415
85128014646878,Lacc,3.171690,-5.854296,1.174293,
85128014646878,GameRo,0.550751,0.385857,-0.596639,0.437961
85128044706845,pre,999.891785,,,
85128060331924,pre,999.884277,,,
85128044844173,Gyro,0.171872,-0.005454,0.577209,
85128064970618,Gyro,-0.005454,-0.033523,0.182249,
85128034780952,Lacc,2.767442,-6.350682,1.036014,
85128034780952,GameRo,0.562690,0.370357,-0.590206,0.444829
85128054907395,Lacc,1.719807,-6.558640,1.244389,
85128054907395,GameRo,0.562229,0.370788,-0.590712,0.444382
85128076048555,pre,999.888733,,,
85128091704152,pre,999.888000,,,
85128085112322,Gyro,-0.128638,-0.070771,-0.228542,
85128105254025,Gyro,-0.230538,-0.124381,-0.660219,
85128075041468,Lacc,0.519353,-7.062904,1.508186,
85128107420784,pre,999.889526,,,
85128075041468,GameRo,0.566630,0.363680,-0.587787,0.448523
85128095183171,Lacc,-0.394426,-7.031750,1.663054,
85128095183171,GameRo,0.566204,0.364075,-0.588260,0.448121
85128122923791,pre,999.890991,,,
85128138548869,pre,999.872986,,,
85128125395726,Gyro,-0.354653,-0.161762,-1.086042,
85128145537427,Gyro,-0.518012,-0.191694,-1.510003,
85128115324874,Lacc,-1.267866,-6.930528,1.627883,
85128115324874,GameRo,0.561194,0.369052,-0.591272,0.446385
85128135466578,Lacc,-1.862907,-6.900116,1.456169,
85128135466578,GameRo,0.560826,0.369422,-0.591676,0.446006
85128154173948,pre,999.876038,,,
85128169799026,pre,999.873779,,,
85128165618094,Gyro,-0.684829,-0.156574,-1.957376,
85128185698761,Gyro,-0.602351,-0.110812,-2.274515,
85128185424105,pre,999.875244,,,
85128155577763,Lacc,-2.139986,-6.023381,1.115332,
85128155577763,GameRo,0.546211,0.385875,-0.601352,0.437184
85128175658430,Lacc,-4.119654,-6.462551,1.264069,
85128175658430,GameRo,0.545924,0.386182,-0.601651,0.436860
85128201049183,pre,999.877502,,,
85128216674262,pre,999.877502,,,
85128205840464,Gyro,-0.292662,-0.196350,-2.496672,
85128225982167,Gyro,-0.149790,-0.242909,-2.751820,
85128232177270,pre,999.871521,,,
85128195769615,Lacc,-5.604648,-6.087687,1.852406,
85128195769615,GameRo,0.521491,0.415355,-0.615439,0.420431
85128215911318,Lacc,-4.868108,-5.272844,1.903912,
85128215911318,GameRo,0.521237,0.415534,-0.615684,0.420211
85128248015972,pre,999.869995,,,
85128263549497,pre,999.862488,,,
85128246169647,Gyro,-0.075959,-0.247698,-3.006037,
85128266357126,Gyro,0.068643,-0.243042,-3.240965,
85128236075909,Lacc,-4.355456,-3.626480,1.243709,
85128236075909,GameRo,0.494406,0.443181,-0.636514,0.392433
85128256263389,Lacc,-4.377401,-3.372809,0.726167,
85128256263389,GameRo,0.494285,0.443301,-0.636613,0.392290
85128279174576,pre,999.869995,,,
85128294799654,pre,999.867004,,,
85128286498830,Gyro,0.299845,-0.239052,-3.383305,
85128306640533,Gyro,0.664077,-0.278029,-3.399002,
85128276427980,Lacc,-5.571008,-2.195937,0.362883,
85128276427980,GameRo,0.462415,0.471626,-0.661553,0.355091
85128296569683,Lacc,-6.163682,-2.268618,0.176643,
85128296569683,GameRo,0.462428,0.471673,-0.661528,0.355058
85128310485768,pre,999.867004,,,
85128326019294,pre,999.863281,,,
85128341674890,pre,999.871521,,,
85128326766976,Gyro,1.007821,-0.317538,-3.332488,
85128346893419,Gyro,1.140450,-0.389639,-3.245089,
85128316703756,Lacc,-6.218793,-0.764132,0.041525,
85128316703756,GameRo,0.428368,0.495668,-0.689866,0.308057
85128336830200,Lacc,-5.159139,-0.147655,-0.119545,
85128336830200,GameRo,0.428511,0.495622,-0.689760,0.308169
85128357299968,pre,999.875244,,,
85128372955565,pre,999.875244,,,
85128367050382,Gyro,0.999174,-0.443782,-3.181767,
85128387207346,Gyro,0.766242,-0.481695,-3.152900,
85128388519608,pre,999.875244,,,
85128356971902,Lacc,-4.423880,1.766352,-0.708140,
85128356971902,GameRo,0.396520,0.506208,-0.721856,0.255831
85128377128863,Lacc,-2.886324,2.228822,-1.039598,
85128377128863,GameRo,0.396830,0.506116,-0.721660,0.256086
85128404175204,pre,999.880493,,,
85128419800282,pre,999.890259,,,
85128407288013,Gyro,0.407598,-0.496993,-3.118446,
85128427368680,Gyro,0.134491,-0.459878,-3.068294,
85128397247677,Lacc,-2.282420,3.785178,-1.598219,
85128435303290,pre,999.900757,,,
85128397247677,GameRo,0.362499,0.513758,-0.749631,0.206640
85128417328344,Lacc,-1.447177,4.031776,-1.756595,
85128417328344,GameRo,0.362971,0.513637,-0.749378,0.207030
85128451019922,pre,999.896240,,,
85128466675518,pre,999.907532,,,
85128447495123,Gyro,0.125313,-0.414516,-2.994464,
85128467621566,Gyro,0.215373,-0.356648,-2.879128,
85128437431900,Lacc,-1.762081,4.857409,-2.209197,
85128437431900,GameRo,0.324798,0.527874,-0.767707,0.162734
85128457558345,Lacc,-1.233554,5.013971,-2.438901,
85128457558345,GameRo,0.325402,0.527785,-0.767408,0.163219
85128482300597,pre,999.905273,,,
85128497925675,pre,999.897034,,,
85128487809045,Gyro,0.343346,-0.294524,-2.708852,
85128507996525,Gyro,0.546613,-0.274171,-2.411933,
85128514069555,pre,999.900757,,,
85128477715308,Lacc,-1.736059,5.826829,-2.830747,
85128477715308,GameRo,0.288100,0.542930,-0.779470,0.121048
85128497902787,Lacc,-1.642189,5.937666,-2.864718,
85128497902787,GameRo,0.288826,0.542859,-0.779158,0.121641
85128529175832,pre,999.909729,,,
85128544800911,pre,999.911987,,,
85128528138228,Gyro,0.645852,-0.325254,-1.992496,
85128548279931,Gyro,0.472915,-0.373676,-1.511998,
85128518067377,Lacc,-2.548749,7.050865,-2.831600,
85128518067377,GameRo,0.256423,0.550838,-0.790070,0.081330
85128538209079,Lacc,-1.995436,7.979908,-2.711622,
85128538209079,GameRo,0.257311,0.550625,-0.789847,0.082129
85128560425989,pre,999.901489,,,
85128575959515,pre,999.905273,,,
85128568421634,Gyro,0.124248,-0.347470,-1.023519,
85128588563338,Gyro,-0.173336,-0.266988,-0.530250,
85128558350781,Lacc,-1.845853,8.342489,-3.007356,
85128558350781,GameRo,0.232593,0.549146,-0.800966,0.052839
85128578492484,Lacc,-1.352911,8.146087,-3.068860,
85128578492484,GameRo,0.233533,0.548973,-0.800757,0.053655
85128591767700,pre,999.900024,,,
85128607301225,pre,999.900024,,,
85128622926303,pre,999.896240,,,
85128608644004,Gyro,-0.274038,-0.158303,-0.072766,
85128628724671,Gyro,-0.239451,-0.050551,0.353855,
85128598603669,Lacc,-1.751236,7.952805,-3.148494,
85128598603669,GameRo,0.218784,0.551733,-0.803669,0.042891
85128618684336,Lacc,-2.320294,7.564373,-3.118006,
85128638429311,pre,999.895508,,,
85128618684336,GameRo,0.219701,0.551611,-0.803461,0.043670
85128654115425,pre,999.896240,,,
85128648866375,Gyro,-0.195684,0.064120,0.788857,
85128669008078,Gyro,-0.175464,0.170143,1.268956,
85128670625518,pre,999.885010,,,
85128685396100,pre,999.894775,,,
85128638795521,Lacc,-3.217141,7.186655,-2.964566,
85128638795521,GameRo,0.218270,0.555913,-0.800669,0.047413
85128658937224,Lacc,-4.343587,6.576846,-2.920877,
85128658937224,GameRo,0.219134,0.555805,-0.800464,0.048148
85128701051696,pre,999.895508,,,
85128689195557,Gyro,-0.220162,0.284813,1.778852,
85128709383037,Gyro,-0.249960,0.398818,2.280369,
85128679101816,Lacc,-4.902434,5.858729,-2.760146,
85128679101816,GameRo,0.230924,0.554846,-0.796790,0.062814
85128699289295,Lacc,-5.198384,5.477959,-2.396919,
85128699289295,GameRo,0.231701,0.554722,-0.796598,0.063485
85128716676774,pre,999.905273,,,
85128732301853,pre,999.894775,,,
85128747926931,pre,999.897766,,,
85128729463704,Gyro,-0.339488,0.493135,2.726279,
85128749544371,Gyro,-0.365162,0.523333,3.183364,
85128719423368,Lacc,-4.941034,4.809452,-1.860549,
85128719423368,GameRo,0.257880,0.549384,-0.789456,0.091839
85128739504035,Lacc,-6.862541,3.816041,-1.680751,
85128739504035,GameRo,0.258542,0.549243,-0.789270,0.092419
85128763552010,pre,999.909729,,,
85128779177088,pre,999.905273,,,
85128769747108,Gyro,-0.145001,0.508833,3.625948,
85128789949846,Gyro,0.026473,0.549539,3.963574,
85128759645738,Lacc,-7.983943,1.907973,-1.302256,
85128759645738,GameRo,0.297097,0.540051,-0.776040,0.133571
85128779848478,Lacc,-8.700027,1.345065,-1.193363,
85128779848478,GameRo,0.297615,0.539943,-0.775840,0.134009
85128794832685,pre,999.905273,,,
85128810427246,pre,999.906006,,,
85128826052324,pre,999.911255,,,
85128810030513,Gyro,0.036184,0.635875,4.161120,
85128830111179,Gyro,0.062922,0.744692,4.134382,
85128799990181,Lacc,-7.587280,0.031723,-0.896070,
85128799990181,GameRo,0.345214,0.519256,-0.759139,0.186840
85128820070848,Lacc,-7.266870,-0.191002,-0.475486,
85128820070848,GameRo,0.345541,0.519180,-0.758977,0.187102
85128841616367,pre,999.908264,,,
85128857241446,pre,999.906006,,,
85128850298659,Gyro,0.131166,0.817192,3.929519,
85128870486138,Gyro,0.170010,0.827834,3.619164,
85128840204921,Lacc,-6.519480,-1.433242,0.378305,
85128872805489,pre,999.906006,,,
85128840204921,GameRo,0.398173,0.490072,-0.736309,0.243179
85128860392401,Lacc,-6.470863,-1.168528,0.877078,
85128860392401,GameRo,0.398312,0.489992,-0.736241,0.243321
85128888552638,pre,999.916504,,,
85128904177717,pre,999.908264,,,
85128890627842,Gyro,0.257276,0.825573,3.239235,
85128910769545,Gyro,0.253020,0.840871,2.771775,
85128880556992,Lacc,-4.744847,-2.288414,0.931141,
85128880556992,GameRo,0.448305,0.459273,-0.709584,0.290829
85128900698695,Lacc,-3.479479,-1.980609,0.321392,
85128900698695,GameRo,0.448306,0.459315,-0.709574,0.290786
85128919802795,pre,999.911987,,,
85128935427874,pre,999.894775,,,
85128930850212,Gyro,0.078753,0.852444,2.276910,
85128950930879,Gyro,-0.151652,0.827568,1.847761,
85128951876931,pre,999.897034,,,
85128920809880,Lacc,-1.788114,-2.631354,0.413635,
85128920809880,GameRo,0.489808,0.431020,-0.684542,0.325133
85128940890547,Lacc,-0.818532,-2.068921,0.559327,
85128940890547,GameRo,0.489682,0.431113,-0.684637,0.325000
85128966678031,pre,999.900024,,,
85128982303109,pre,999.900024,,,
85128971118358,Gyro,-0.297584,0.779811,1.522773,
85128991305838,Gyro,-0.319534,0.723673,1.318043,
85128997806117,pre,999.897034,,,
85128961024620,Lacc,0.375396,-2.682355,1.001994,
85128961024620,GameRo,0.519793,0.414218,-0.661803,0.346780
85128981212100,Lacc,1.251006,-2.686650,1.104019,
85128981212100,GameRo,0.519509,0.414367,-0.662046,0.346563
85129013553266,pre,999.902283,,,
85129029330934,pre,999.897766,,,
85129011386506,Gyro,-0.299313,0.668999,1.214281,
85129031467175,Gyro,-0.263263,0.607939,1.178629,
85129001346173,Lacc,2.054545,-3.154752,1.620383,
85129001346173,GameRo,0.539151,0.408515,-0.641047,0.362616
85129021426840,Lacc,2.351189,-3.217653,1.784358,
85129021426840,GameRo,0.538740,0.408685,-0.641425,0.362367
85129044864459,pre,999.893250,,,
85129060428502,pre,999.900024,,,
85129051669913,Gyro,-0.158703,0.537833,1.213084,
85129071872650,Gyro,-0.000399,0.458548,1.272813,
85129041568542,Lacc,2.460222,-4.049612,2.127800,
85129041568542,GameRo,0.554247,0.404348,-0.623359,0.375149
85129061771280,Lacc,2.498681,-4.429798,2.211090,
85129061771280,GameRo,0.553758,0.404583,-0.623832,0.374831
85129076053580,pre,999.900024,,,
85129091678659,pre,999.899231,,,
85129107303737,pre,999.900024,,,
85129091999094,Gyro,0.079285,0.356648,1.297158,
85129112125537,Gyro,0.106955,0.235061,1.251795,
85129081935871,Lacc,2.401011,-5.129429,2.504633,
85129081935871,GameRo,0.568572,0.396743,-0.607956,0.386926
85129102062316,Lacc,2.269302,-5.189442,2.615184,
85129102062316,GameRo,0.568047,0.397005,-0.608487,0.386591
85129122928816,pre,999.888000,,,
85129138553894,pre,999.890259,,,
85129132267240,Gyro,0.059198,0.087666,1.124886,
85129152408943,Gyro,-0.129702,-0.049886,0.879848,
85129154545186,pre,999.890991,,,
85129122196390,Lacc,2.303623,-5.523484,2.709468,
85129122196390,GameRo,0.582515,0.383796,-0.595649,0.398220
85129142338094,Lacc,2.340206,-5.293449,2.759839,
85129142338094,GameRo,0.581976,0.384070,-0.596215,0.397896
85129169804052,pre,999.897766,,,
85129185429130,pre,999.893250,,,
85129172550646,Gyro,-0.316607,-0.152051,0.557122,
85129192692350,Gyro,-0.424094,-0.247964,0.190363,
85129162479796,Lacc,2.385123,-5.705362,2.732578,
85129162479796,GameRo,0.590735,0.371544,-0.587516,0.409648
85129182621497,Lacc,2.027446,-5.944624,2.734297,
85129182621497,GameRo,0.590196,0.371865,-0.588101,0.409295
85129201054209,pre,999.893250,,,
85129216679287,pre,999.893250,,,
85129232182295,pre,999.896240,,,
85129212773016,Gyro,-0.421034,-0.336694,-0.177327,
85129232853683,Gyro,-0.215772,-0.433539,-0.523599,
85129202732682,Lacc,1.062865,-6.482753,2.879064,
85129202732682,GameRo,0.588393,0.368990,-0.584028,0.420180
85129222813351,Lacc,-0.053408,-6.961084,2.923184,
85129222813351,GameRo,0.587893,0.369322,-0.584575,0.419828
85129248051516,pre,999.900757,,,
85129263554523,pre,999.888000,,,
85129253041163,Gyro,-0.058798,-0.540892,-0.854174,
85129273228642,Gyro,-0.154180,-0.640398,-1.197253,
85129242947425,Lacc,-1.158878,-6.874190,2.438622,
85129242947425,GameRo,0.578011,0.374236,-0.588313,0.423956
85129263134905,Lacc,-1.858916,-6.235068,2.043431,
85129263134905,GameRo,0.577632,0.374540,-0.588724,0.423633
85129279179601,pre,999.884277,,,
85129294804680,pre,999.885742,,,
85129310429758,pre,999.886536,,,
85129293370345,Gyro,-0.468126,-0.660219,-1.614962,
85129313512049,Gyro,-0.674985,-0.636673,-1.975335,
85129283299495,Lacc,-2.108812,-5.201568,1.412395,
85129283299495,GameRo,0.563183,0.381198,-0.602907,0.417152
85129303441196,Lacc,-3.613853,-5.424835,1.344774,
85129303441196,GameRo,0.562914,0.381459,-0.603187,0.416873
85129326054837,pre,999.885742,,,
85129341679915,pre,999.882751,,,
85129333653752,Gyro,-0.577608,-0.696934,-2.222634,
85129353795455,Gyro,-0.394029,-0.743095,-2.416323,
85129323582898,Lacc,-5.092627,-5.336253,1.558563,
85129323582898,GameRo,0.536964,0.401233,-0.620716,0.406686
85129343724602,Lacc,-4.728652,-5.132453,1.579502,
85129343724602,GameRo,0.536725,0.401434,-0.620941,0.406458
85129357304994,pre,999.879761,,,
85129381627626,pre,999.875244,,,
85129373921898,Gyro,-0.275634,-0.732719,-2.606953,
85129394048341,Gyro,-0.100835,-0.657425,-2.782151,
85129363858675,Lacc,-3.819482,-3.581345,0.706918,
85129363858675,GameRo,0.504202,0.426819,-0.641961,0.389219
85129383985118,Lacc,-3.318058,-3.216714,-0.044802,
85129383985118,GameRo,0.504107,0.426995,-0.642030,0.389036
85129399022733,pre,999.867004,,,
85129414647812,pre,999.864746,,,
85129430181337,pre,999.864746,,,
85129414144268,Gyro,0.257143,-0.574016,-2.890170,
85129434240195,Gyro,0.726467,-0.508168,-2.906931,
85129404096303,Lacc,-4.283761,-2.374849,-0.700605,
85129404096303,GameRo,0.469365,0.450743,-0.666932,0.362945
85129424192230,Lacc,-5.037819,-2.597504,-0.882024,
85129424192230,GameRo,0.469396,0.450886,-0.666876,0.362831
85129445897969,pre,999.861755,,,
85129461523048,pre,999.867004,,,
85129454427675,Gyro,1.218006,-0.440190,-2.843078,
85129474615154,Gyro,1.637710,-0.357048,-2.795321,
85129478582459,pre,999.869263,,,
85129444333933,Lacc,-5.515089,-1.553091,-1.406073,
85129444333933,GameRo,0.437255,0.468989,-0.695040,0.325233
85129464521413,Lacc,-4.663463,-1.266573,-1.683828,
85129464521413,GameRo,0.437411,0.469102,-0.694878,0.325206
85129492773205,pre,999.885742,,,
85129508398283,pre,999.882019,,,
85129494741597,Gyro,1.907624,-0.283616,-2.766454,
85129514868041,Gyro,1.876495,-0.267653,-2.755545,
85129484678374,Lacc,-4.282968,0.292792,-2.386122,
85129484678374,GameRo,0.412541,0.472090,-0.727950,0.277542
85129504804817,Lacc,-3.381588,1.343566,-2.610580,
85129504804817,GameRo,0.412897,0.472146,-0.727662,0.277674
85129523992843,pre,999.884277,,,
85129539648440,pre,999.890259,,,
85129534979226,Gyro,1.590086,-0.251290,-2.762197,
85129555090411,Gyro,1.216143,-0.249428,-2.745967,
85129524923631,Lacc,-2.552771,2.865842,-3.164086,
85129556219567,pre,999.893250,,,
85129524923631,GameRo,0.392950,0.464175,-0.761729,0.223386
85129545034816,Lacc,-1.409267,3.120401,-3.140442,
85129545034816,GameRo,0.393454,0.464196,-0.761380,0.223643
85129570837561,pre,999.893250,,,
85129586523676,pre,999.897766,,,
85129575262630,Gyro,0.834619,-0.265258,-2.713375,
85129595434849,Gyro,0.523333,-0.264593,-2.645664,
85129565176519,Lacc,-1.106256,3.878148,-3.629547,
85129565176519,GameRo,0.370637,0.460543,-0.788118,0.171462
85129585348741,Lacc,-0.325188,4.045884,-3.706060,
85129585348741,GameRo,0.371254,0.460581,-0.787733,0.171794
85129602148754,pre,999.897034,,,
85129617773833,pre,999.894775,,,
85129633307358,pre,999.900757,,,
85129615515518,Gyro,0.332304,-0.230405,-2.517425,
85129635596187,Gyro,0.273772,-0.181716,-2.339433,
85129649207096,pre,999.900024,,,
85129664526997,pre,999.897766,,,
85129655737889,Gyro,0.323791,-0.130900,-2.099583,
85129675879590,Gyro,0.357713,-0.063720,-1.810779,
85129680152075,pre,999.897766,,,
85129605475185,Lacc,-0.598656,4.821546,-4.098815,
85129605475185,GameRo,0.344783,0.467002,-0.804502,0.125737
85129625555852,Lacc,-0.314539,4.652081,-4.142411,
85129625555852,GameRo,0.345488,0.467065,-0.804100,0.126138
85129645667037,Lacc,-0.874394,5.051388,-4.262068,
85129645667037,GameRo,0.319611,0.478329,-0.813401,0.086194
85129695899225,pre,999.900024,,,
85129711554821,pre,999.900757,,,
85129696067069,Gyro,0.312749,0.044964,-1.487122,
85129716254549,Gyro,0.246634,0.191161,-1.148299,
85129685973331,Lacc,-0.270188,5.074528,-4.506673,
85129685973331,GameRo,0.320377,0.478449,-0.812981,0.086639
85129706160811,Lacc,0.143387,5.074364,-4.677219,
85129706160811,GameRo,0.321146,0.478616,-0.812535,0.087059
85129727149382,pre,999.901489,,,
85129742682907,pre,999.906006,,,
85129736396252,Gyro,0.100170,0.371814,-0.803490,
85129756537955,Gyro,0.029798,0.629622,-0.449103,
85129726325402,Lacc,-0.327054,5.695354,-4.861957,
85129758826788,pre,999.903015,,,
85129726325402,GameRo,0.295193,0.486903,-0.821366,0.033834
85129746467105,Lacc,-0.018712,5.498873,-4.600086,
85129746467105,GameRo,0.295992,0.487073,-0.820957,0.034319
85129774024618,pre,999.888733,,,
85129789649696,pre,999.900024,,,
85129776679658,Gyro,0.352791,0.923747,-0.052280,
85129796821362,Gyro,0.785664,1.192730,0.346937,
85129766608808,Lacc,-0.243701,4.750299,-4.190062,
85129766608808,GameRo,0.296325,0.490499,-0.819315,0.018012
85129786750509,Lacc,-0.832002,4.107156,-3.895132,
85129786750509,GameRo,0.296953,0.490642,-0.818994,0.018401
85129805213739,pre,999.893250,,,
85129820899854,pre,999.894775,,,
85129836402860,pre,999.900024,,,
85129816902028,Gyro,1.252460,1.455195,0.774224,
85129836982695,Gyro,1.786435,1.681476,1.210689,
85129806861694,Lacc,-1.420701,3.479530,-3.451996,
85129806861694,GameRo,0.313939,0.484007,-0.816781,0.007007
85129826942363,Lacc,-2.038230,2.856756,-3.047343,
85129826942363,GameRo,0.314463,0.484061,-0.816544,0.007367
85129852058457,pre,999.903015,,,
85129867775089,pre,999.905273,,,
85129857170175,Gyro,2.299125,1.913211,1.542195,
85129877357654,Gyro,2.991271,2.047702,1.821687,
85129847076437,Lacc,-1.751441,2.301286,-2.240786,
85129847076437,GameRo,-0.347711,-0.456259,0.819099,0.001466
85129867263917,Lacc,-2.525569,2.175629,-0.845449,
85129867263917,GameRo,-0.348045,-0.456111,0.819040,0.001136
85129883400168,pre,999.908264,,,
85129898994728,pre,999.907532,,,
85129914650325,pre,999.916504,,,
85129897499357,Gyro,3.740353,2.033202,2.114615,
85129917641061,Gyro,4.032482,1.953918,2.362048,
85129887428507,Lacc,-3.634256,1.011930,0.122792,
85129887428507,GameRo,-0.394236,-0.403620,0.825580,0.009290
85129907570208,Lacc,-5.045212,1.046022,0.219510,
85129907570208,GameRo,-0.394537,-0.403424,0.825536,0.008965
85129930275403,pre,999.917236,,,
85129945900482,pre,999.913513,,,
85129937767504,Gyro,3.609586,1.961766,2.569439,
85129957893947,Gyro,2.491085,1.932234,2.704329,
85129962502127,pre,999.924011,,,
85129977120121,pre,999.922485,,,
85129927704281,Lacc,-4.888892,0.659891,-0.522001,
85129927704281,GameRo,-0.443417,-0.319985,0.837021,0.019677
85129947830726,Lacc,-5.001712,2.005612,-0.505579,
85129947830726,GameRo,-0.443757,-0.319761,0.836934,0.019333
85129992775717,pre,999.921753,,,
85129978035650,Gyro,1.023252,1.878224,2.732265,
85129998177353,Gyro,-0.060927,1.785504,2.684508,
85129967964801,Lacc,-4.555995,1.670544,-0.169205,
85129967964801,GameRo,-0.490098,-0.235563,0.839028,0.018589
85129988106504,Lacc,-5.446861,1.557729,0.387305,
85129988106504,GameRo,-0.490325,-0.235350,0.838961,0.018326
85130008400796,pre,999.920288,,,
85130023964838,pre,999.920288,,,
85130018319057,Gyro,-0.513888,1.559223,2.571833,
85130038460760,Gyro,-0.467594,1.420342,2.380007,
85130040932697,pre,999.907532,,,
85130008248206,Lacc,-5.233615,0.030310,1.372752,
85130008248206,GameRo,0.533288,0.193608,-0.823400,0.011529
85130028389907,Lacc,-4.024242,-0.478565,1.577843,
85130028389907,GameRo,0.533305,0.193545,-0.823402,0.011590
85130063912549,pre,999.909729,,,
85130058602463,Gyro,0.015032,1.385488,2.097189,
85130078744166,Gyro,0.824642,1.427126,1.748123,
85130048531609,Lacc,-2.398341,-2.011657,1.637132,
85130048531609,GameRo,0.567302,0.175704,-0.802742,0.053859
85130080880408,pre,999.903748,,,
85130068673313,Lacc,-1.979727,-2.487607,0.997513,
85130068673313,GameRo,0.567236,0.175849,-0.802768,0.053700
85130096291862,pre,999.908264,,,
85130111916941,pre,999.896240,,,
85130098870609,Gyro,1.731228,1.466103,1.409566,
85130118997053,Gyro,2.469269,1.458920,1.119299,
85130088807387,Lacc,-1.629050,-3.313373,1.076365,
85130088807387,GameRo,0.596234,0.152084,-0.784218,0.079866
85130108933832,Lacc,-1.390153,-3.109776,0.735394,
85130108933832,GameRo,0.596151,0.152306,-0.784262,0.079620
85130127572537,pre,999.895508,,,
85130143167098,pre,999.901489,,,
85130139092980,Gyro,2.811683,1.408901,0.860293,
85130159188907,Gyro,2.913583,1.367263,0.650508,
85130158792177,pre,999.903015,,,
85130129045017,Lacc,-0.647619,-3.269990,1.117611,
85130129045017,GameRo,0.625568,0.108770,-0.769075,0.073198
85130149140942,Lacc,0.238796,-3.077825,1.159657,
85130149140942,GameRo,0.625402,0.109026,-0.769202,0.072889
85130174417255,pre,999.902283,,,
85130190042334,pre,999.904480,,,
85130179376386,Gyro,2.816871,1.288644,0.479034,
85130199563865,Gyro,2.579682,1.190602,0.330442,
85130169282644,Lacc,0.950808,-3.437032,1.644949,
85130169282644,GameRo,0.651485,0.056662,-0.755151,0.045870
85130189470124,Lacc,1.513358,-3.184727,1.585019,
85130189470124,GameRo,0.651253,0.056961,-0.755351,0.045494
85130205667412,pre,999.906738,,,
85130221292491,pre,999.903015,,,
85130236917569,pre,999.911255,,,
85130219690309,Gyro,2.183923,1.012078,0.201405,
85130239816752,Gyro,1.419676,0.794976,0.089395,
85130209627085,Lacc,1.988211,-3.509333,1.995805,
85130209627085,GameRo,0.672170,0.010050,-0.740202,0.013713
85130229753528,Lacc,2.090215,-3.100348,1.791680,
85130229753528,GameRo,0.671922,0.010362,-0.740430,0.013307
85130252451094,pre,999.904480,,,
85130268198243,pre,999.917236,,,
85130259958455,Gyro,0.930133,0.669930,0.034720,
85130280100158,Gyro,1.058505,0.534773,0.005720,
85130283914875,pre,999.916504,,,
85130249887601,Lacc,2.584496,-3.684777,2.067971,
85130249887601,GameRo,-0.686153,0.022391,0.726999,0.012858
85130270029305,Lacc,2.964204,-4.986385,1.858120,
85130270029305,GameRo,-0.685925,0.021877,0.727218,0.013507
85130299417883,pre,999.911255,,,
85130315042962,pre,999.913513,,,
85130300241861,Gyro,1.393470,0.375538,-0.021285,
85130320383565,Gyro,1.722049,0.206859,-0.075693,
85130290171008,Lacc,3.212157,-5.601061,1.763314,
85130290171008,GameRo,-0.694689,0.034671,0.718012,0.025755
85130310312711,Lacc,3.553627,-5.711948,1.258975,
85130310312711,GameRo,-0.694551,0.034063,0.718148,0.026505
85130330668040,pre,999.905273,,,
85130346293119,pre,999.916504,,,
85130340525266,Gyro,2.053422,0.019555,-0.134491,
85130360666967,Gyro,2.147341,-0.261267,-0.203666,
85130330454414,Lacc,3.614082,-5.785463,0.887122,
85130362833729,pre,999.911987,,,
85130330454414,GameRo,-0.698398,0.054239,0.712046,0.047844
85130350596117,Lacc,3.159367,-5.806259,1.099273,
85130350596117,GameRo,-0.698308,0.053638,0.712130,0.048577
85130377543276,pre,999.919495,,,
85130393168354,pre,999.920288,,,
85130380793412,Gyro,1.662719,-0.548076,-0.300112,
85130400919857,Gyro,1.531553,-0.761320,-0.399484,
85130370730191,Lacc,2.114039,-5.219561,1.432806,
85130370730191,GameRo,-0.695320,0.081025,0.709532,0.080804
85130390856634,Lacc,0.950349,-6.197774,1.548557,
85130390856634,GameRo,-0.695232,0.080494,0.709606,0.081443
85130408793433,pre,999.913513,,,
85130424418511,pre,999.916504,,,
85130440074107,pre,999.914246,,,
85130421015782,Gyro,1.591283,-1.026977,-0.547677,
85130441111707,Gyro,1.234235,-1.263235,-0.819453,
85130455577115,pre,999.919495,,,
85130410967819,Lacc,-0.717743,-6.934140,1.216792,
85130410967819,GameRo,-0.684158,0.097764,0.714283,0.110318
85130431063746,Lacc,-1.747193,-6.649789,0.823213,
85130431063746,GameRo,-0.684167,0.097285,0.714259,0.110841
85130471293747,pre,999.921021,,,
85130461299187,Gyro,0.473314,-1.398924,-1.216941,
85130481486666,Gyro,-0.304767,-1.437369,-1.722715,
85130451205449,Lacc,-2.914886,-5.822578,-0.348715,
85130451205449,GameRo,-0.666008,0.108623,0.723973,0.143168
85130471392929,Lacc,-4.331457,-5.650267,-0.423338,
85130471392929,GameRo,-0.666125,0.108261,0.723855,0.143498
85130486918826,pre,999.916504,,,
85130502543904,pre,999.905273,,,
85130518168983,pre,999.921021,,,
85130501613111,Gyro,-0.828898,-1.462778,-2.218112,
85130521739557,Gyro,-1.166657,-1.425131,-2.652182,
85130491549890,Lacc,-5.198007,-5.746231,-0.443170,
85130491549890,GameRo,-0.647031,0.091017,0.737608,0.170298
85130511676333,Lacc,-5.129376,-5.462610,-0.453269,
85130511676333,GameRo,-0.647163,0.090692,0.737473,0.170555
85130533794061,pre,999.904480,,,
85130549419140,pre,999.911987,,,
85130541881258,Gyro,-1.351167,-1.301947,-3.045680,
85130562022959,Gyro,-1.380566,-1.091363,-3.317722,
85130531810406,Lacc,-4.794997,-4.131379,-1.655751,
85130531810406,GameRo,-0.632031,0.041639,0.748756,0.195364
85130551952109,Lacc,-4.865827,-4.026814,-2.299352,
85130551952109,GameRo,-0.632288,0.041405,0.748531,0.195445
85130565074735,pre,999.906006,,,
85130580669297,pre,999.905273,,,
85130596294375,pre,999.908264,,,
85130582164662,Gyro,-1.103335,-0.847655,-3.383970,
85130602306365,Gyro,-0.617384,-0.614058,-3.327433,
85130572093813,Lacc,-5.879852,-2.884962,-2.945731,
85130572093813,GameRo,-0.619710,-0.024112,0.751398,0.225341
85130592235516,Lacc,-5.172308,-2.646833,-2.977565,
85130592235516,GameRo,-0.620017,-0.024232,0.751167,0.225256
85130611919454,pre,999.906006,,,
85130628856794,pre,999.915771,,,
85130622387032,Gyro,-0.167882,-0.394162,-3.254800,
85130642467699,Gyro,0.117464,-0.227212,-3.196267,
85130644268248,pre,999.907532,,,
85130612346701,Lacc,-3.912898,-0.697826,-3.022427,
85130612346701,GameRo,-0.609500,-0.085751,0.743181,0.262372
85130632427368,Lacc,-2.280816,-0.110530,-2.993901,
85130632427368,GameRo,-0.609834,-0.085763,0.742986,0.262145
85130658703136,pre,999.908997,,,
85130674419768,pre,999.908264,,,
85130662655179,Gyro,0.287740,-0.115868,-3.116983,
85130682842658,Gyro,0.290800,-0.025009,-3.019739,
85130652561441,Lacc,-1.910475,1.779432,-3.084651,
85130652561441,GameRo,-0.598426,-0.128423,0.728472,0.307770
85130672748920,Lacc,-1.047716,2.714985,-3.063585,
85130672748920,GameRo,-0.598819,-0.128233,0.728370,0.307326
85130690044846,pre,999.907532,,,
85130705669925,pre,999.907532,,,
85130721295003,pre,999.906006,,,
85130702938585,Gyro,0.278694,0.061193,-2.835229,
85130723034512,Gyro,0.330442,0.132363,-2.596976,
85130692890623,Lacc,-1.131839,3.986974,-3.055110,
85130692890623,GameRo,-0.586766,-0.161238,0.709653,0.355106
85130712986548,Lacc,-0.668958,4.142435,-2.974259,
85130712986548,GameRo,-0.587191,-0.160924,0.709650,0.354552
85130736920082,pre,999.909729,,,
85130752545160,pre,999.900757,,,
85130743221992,Gyro,0.437131,0.192226,-2.335841,
85130763409471,Gyro,0.561778,0.235726,-2.032803,
85130768048167,pre,999.897766,,,
85130733128250,Lacc,-1.014435,4.883537,-2.979629,
85130733128250,GameRo,-0.576732,-0.188719,0.688679,0.396845
85130753315729,Lacc,-0.797598,4.955604,-3.000330,
85130753315729,GameRo,-0.577194,-0.188336,0.688755,0.396225
85130783795317,pre,999.893982,,,
85130799420396,pre,999.895508,,,
85130783551174,Gyro,0.592108,0.270978,-1.729632,
85130803692877,Gyro,0.506704,0.298781,-1.404910,
85130773480321,Lacc,-1.238783,5.664639,-3.107483,
85130773480321,GameRo,-0.567507,-0.206239,0.669339,0.432882
85130793622024,Lacc,-0.971457,5.853275,-3.159268,
85130793622024,GameRo,-0.568022,-0.205772,0.669495,0.432186
85130815045474,pre,999.897766,,,
85130830548481,pre,999.897034,,,
85130823819321,Gyro,0.318469,0.319800,-1.047464,
85130843945764,Gyro,0.125313,0.363832,-0.683233,
85130846936504,pre,999.900024,,,
85130813756098,Lacc,-1.175769,6.507019,-3.361757,
85130813756098,GameRo,-0.559877,-0.213824,0.654033,0.461582
85130833882543,Lacc,-0.865220,6.390972,-3.291728,
85130833882543,GameRo,-0.560428,-0.213309,0.654243,0.460853
85130861920710,pre,999.900024,,,
85130877576306,pre,999.900757,,,
85130864087467,Gyro,0.021950,0.418773,-0.301708,
85130884229170,Gyro,0.033523,0.506305,0.083143,
85130854016616,Lacc,-0.982040,6.320897,-3.139020,
85130854016616,GameRo,-0.558296,-0.216979,0.642792,0.477539
85130874158318,Lacc,-1.153813,6.163823,-2.958981,
85130874158318,GameRo,-0.558797,-0.216457,0.643037,0.476860
85130893170867,pre,999.891785,,,
85130908795946,pre,999.897034,,,
85130904309837,Gyro,0.123716,0.587186,0.473181,
85130924390504,Gyro,0.144336,0.664077,0.879715,
85130924421024,pre,999.897766,,,
85130894269503,Lacc,-1.818215,6.047653,-2.650335,
85130894269503,GameRo,-0.563722,-0.214162,0.636279,0.481146
85130914350172,Lacc,-2.736893,5.789100,-2.506230,
85130914350172,GameRo,-0.564160,-0.213604,0.636568,0.480498
85130940046103,pre,999.895508,,,
85130955671181,pre,999.900024,,,
85130944577983,Gyro,0.130235,0.729393,1.341057,
85130964765463,Gyro,0.125978,0.792582,1.867316,
85130934484246,Lacc,-3.782710,5.156827,-2.325345,
85130934484246,GameRo,-0.573266,-0.199269,0.635824,0.476850
85130954671725,Lacc,-5.199593,4.667344,-2.095140,
85130954671725,GameRo,-0.573651,-0.198727,0.636100,0.476245
85130971204706,pre,999.900024,,,
85130986921338,pre,999.900024,,,
85131002546417,pre,999.902283,,,
85130984861390,Gyro,0.159368,0.807082,2.411401,
85131004957317,Gyro,0.188900,0.809875,2.945908,
85130974813427,Lacc,-6.128335,3.670088,-1.569938,
85130974813427,GameRo,-0.587678,-0.172722,0.641724,0.461510
85130994909352,Lacc,-7.915970,3.007821,-1.264633,
85130994909352,GameRo,-0.587976,-0.172224,0.641969,0.460977
85131018079942,pre,999.893982,,,
85131033674502,pre,999.900024,,,
85131025144796,Gyro,0.082877,0.797238,3.467246,
85131045332276,Gyro,-0.138349,0.848188,3.873913,
85131015051055,Lacc,-8.630114,2.045477,-1.418212,
85131015051055,GameRo,-0.605142,-0.132106,0.655416,0.432183
85131035238534,Lacc,-8.619893,1.860123,-1.448663,
85131050459255,pre,999.900024,,,
85131035238534,GameRo,-0.605411,-0.131693,0.655568,0.431700
85131065046731,pre,999.902283,,,
85131080671809,pre,999.908264,,,
85131065473977,Gyro,-0.209253,0.945431,4.106712,
85131085615678,Gyro,-0.018491,1.019927,4.127331,
85131055403125,Lacc,-6.676743,0.194734,-0.341948,
85131055403125,GameRo,-0.623394,-0.080009,0.675226,0.386068
85131075544829,Lacc,-5.576842,-0.442742,1.011366,
85131075544829,GameRo,-0.623421,-0.079809,0.675328,0.385888
85131096235852,pre,999.905273,,,
85131111921966,pre,999.917236,,,
85131105742123,Gyro,0.403474,1.033629,3.913821,
85131125868568,Gyro,0.906055,0.961661,3.541342,
85131095678902,Lacc,-4.012099,-2.269335,2.422863,
85131128035328,pre,999.914246,,,
85131095678902,GameRo,-0.642349,-0.022918,0.692624,0.327315
85131115805345,Lacc,-4.193349,-2.390433,2.501485,
85131115805345,GameRo,-0.642231,-0.022920,0.692703,0.327378
85131143172123,pre,999.905273,,,
85131158797202,pre,999.900024,,,
85131146010272,Gyro,1.161602,0.828632,3.116184,
85131166151975,Gyro,1.082849,0.742297,2.671604,
85131135939418,Lacc,-3.650533,-3.175038,1.959894,
85131135939418,GameRo,-0.653084,0.040498,0.702671,0.279456
85131156081121,Lacc,-2.890441,-2.210038,0.722249,
85131156081121,GameRo,-0.653071,0.040410,0.702650,0.279551
85131174330727,pre,999.905273,,,
85131190047359,pre,999.894775,,,
85131205672438,pre,999.900024,,,
85131186247900,Gyro,0.706912,0.687490,2.196960,
85131206343825,Gyro,0.066381,0.590113,1.734687,
85131176199936,Lacc,-1.690964,-2.401794,0.142860,
85131176199936,GameRo,-0.653931,0.101318,0.706423,0.251149
85131196295863,Lacc,-0.724912,-1.657886,0.329059,
85131196295863,GameRo,-0.653931,0.101185,0.706391,0.251292
85131221297516,pre,999.900757,,,
85131236831041,pre,999.900024,,,
85131226531304,Gyro,-0.751210,0.487149,1.376442,
85131246718784,Gyro,-1.293832,0.369153,1.151093,
85131252486637,pre,999.904480,,,
85131216437567,Lacc,0.443874,-2.159645,1.390526,
85131216437567,GameRo,-0.655205,0.140687,0.706309,0.228124
85131236625046,Lacc,1.412022,-2.604695,1.962927,
85131236625046,GameRo,-0.655033,0.140386,0.706407,0.228500
85131268203269,pre,999.905273,,,
85131283828347,pre,999.905273,,,
85131266845229,Gyro,-1.546984,0.228808,1.025514,
85131286971674,Gyro,-1.687994,0.141143,1.003298,
85131256782007,Lacc,2.148093,-3.829179,2.220069,
85131256782007,GameRo,-0.661374,0.146934,0.708585,0.197238
85131276908451,Lacc,2.778409,-4.010275,2.073448,
85131276908451,GameRo,-0.661200,0.146459,0.708684,0.197816
85131299422909,pre,999.906006,,,
85131315047987,pre,999.900757,,,
85131307113375,Gyro,-1.688127,0.056138,1.031101,
85131327255077,Gyro,-1.413158,-0.000000,1.069812,
85131297042524,Lacc,2.987005,-4.726161,1.906945,
85131297042524,GameRo,-0.666877,0.137368,0.714230,0.162116
85131317184227,Lacc,3.033075,-5.358550,1.610659,
85131317184227,GameRo,-0.666780,0.136787,0.714274,0.162807
85131330642548,pre,999.905273,,,
85131346298144,pre,999.901489,,,
85131361923223,pre,999.911255,,,
85131347396780,Gyro,-1.087904,-0.083409,1.049459,
85131367538483,Gyro,-0.825041,-0.137019,0.946096,
85131337325930,Lacc,2.946960,-6.433060,1.659401,
85131337325930,GameRo,-0.669391,0.126244,0.721164,0.126094
85131357467633,Lacc,2.959175,-6.753616,1.452141,
85131357467633,GameRo,-0.669331,0.125587,0.721198,0.126871
85131377456748,pre,999.900024,,,
85131393173380,pre,999.904480,,,
85131387664926,Gyro,-0.464401,-0.150721,0.760655,
85131407791369,Gyro,-0.119060,-0.132496,0.503379,
85131410415896,pre,999.897766,,,
85131377601707,Lacc,2.971529,-7.616257,1.102240,
85131377601707,GameRo,-0.667677,0.123655,0.727414,0.098927
85131432937984,pre,999.897766,,,
85131397728150,Lacc,2.877244,-7.648519,1.060650,
85131397728150,GameRo,-0.667666,0.122952,0.727430,0.099748
85131427887296,Gyro,0.065583,-0.119725,0.165487,
85131447983223,Gyro,0.209386,-0.089927,-0.170808,
85131417839335,Lacc,2.687881,-7.871878,1.137007,
85131417839335,GameRo,-0.664379,0.125754,0.731818,0.085024
85131451157069,pre,999.890259,,,
85131437935262,Lacc,2.172125,-8.001027,1.340679,
85131437935262,GameRo,-0.664351,0.125060,0.731868,0.085834
85131465286779,pre,999.895508,,,
85131480911858,pre,999.891785,,,
85131468170703,Gyro,0.395227,-0.091656,-0.541026,
85131488358182,Gyro,0.537567,-0.088331,-0.899004,
85131458076965,Lacc,1.390948,-8.389253,1.306454,
85131458076965,GameRo,-0.662231,0.127111,0.733324,0.086766
85131478264444,Lacc,0.351299,-8.370216,1.188977,
85131478264444,GameRo,-0.662241,0.126465,0.733339,0.087506
85131496536936,pre,999.884277,,,
85131512162015,pre,999.889526,,,
85131527695540,pre,999.883484,,,
85131508438849,Gyro,0.626563,-0.095913,-1.243148,
85131528519516,Gyro,0.618448,-0.125446,-1.588223,
85131498398518,Lacc,-1.071107,-8.134154,1.137661,
85131498398518,GameRo,-0.661651,0.123845,0.732292,0.103099
85131518479185,Lacc,-2.477332,-7.904761,1.292665,
85131518479185,GameRo,-0.661667,0.123315,0.732282,0.103698
85131543412172,pre,999.882751,,,
85131559037250,pre,999.882751,,,
85131548706995,Gyro,0.491672,-0.179455,-1.952188,
85131568894475,Gyro,0.185042,-0.185840,-2.333048,
85131538613258,Lacc,-3.080176,-6.836742,1.160700,
85131538613258,GameRo,-0.661891,0.114562,0.728917,0.132119
85131558800737,Lacc,-3.780005,-6.046589,1.136317,
85131558800737,GameRo,-0.661902,0.114174,0.728890,0.132549
85131574631811,pre,999.888000,,,
85131590317925,pre,999.882019,,,
85131605943003,pre,999.883484,,,
85131589036178,Gyro,0.126377,-0.227345,-2.625178,
85131609177881,Gyro,0.260602,-0.293460,-2.914647,
85131578965328,Lacc,-5.004189,-5.550592,1.304471,
85131578965328,GameRo,-0.662148,0.092874,0.724153,0.168929
85131599107032,Lacc,-4.246400,-5.375576,1.514431,
85131599107032,GameRo,-0.662120,0.092563,0.724136,0.169279
85131621537564,pre,999.879028,,,
85131637040571,pre,999.872253,,,
85131629258548,Gyro,0.345873,-0.319534,-3.135740,
85131649339215,Gyro,0.526791,-0.351992,-3.256662,
85131652665650,pre,999.871521,,,
85131668382282,pre,999.877502,,,
85131619218217,Lacc,-3.840165,-3.682745,0.924170,
85131619218217,GameRo,-0.662254,0.057415,0.716813,0.210482
85131639298884,Lacc,-4.403544,-3.477905,0.311389,
85131639298884,GameRo,-0.662287,0.057246,0.716749,0.210639
85131684007360,pre,999.874512,,,
85131669526695,Gyro,0.729526,-0.415314,-3.303488,
85131689714174,Gyro,0.917628,-0.509365,-3.230855,
85131659432957,Lacc,-5.964343,-2.328447,-0.094797,
85131659432957,GameRo,-0.658307,0.018930,0.705723,0.261205
85131679620436,Lacc,-6.996917,-2.077439,-0.308074,
85131679620436,GameRo,-0.658388,0.018934,0.705668,0.261149
85131699662957,pre,999.871521,,,
85131715288036,pre,999.879761,,,
85131709855877,Gyro,0.987601,-0.593439,-3.148244,
85131729997580,Gyro,0.857366,-0.641063,-3.100620,
85131731065703,pre,999.892517,,,
85131699785027,Lacc,-7.134929,-0.415607,-0.761685,
85131699785027,GameRo,-0.648006,-0.016144,0.692059,0.317619
85131719926728,Lacc,-5.610829,0.325704,-1.023883,
85131719926728,GameRo,-0.648143,-0.015980,0.692045,0.317378
85131746477156,pre,999.874512,,,
85131762132753,pre,999.882751,,,
85131750139284,Gyro,0.588650,-0.634677,-3.071753,
85131770280987,Gyro,0.316208,-0.581333,-3.039693,
85131740068430,Lacc,-4.615160,2.225315,-1.608963,
85131740068430,GameRo,-0.631133,-0.046701,0.678720,0.372598
85131760210133,Lacc,-3.076529,2.834859,-1.887509,
85131760210133,GameRo,-0.631360,-0.046378,0.678762,0.372178
85131777696796,pre,999.890259,,,
85131793413428,pre,999.879028,,,
85131809038507,pre,999.890259,,,
85131790361654,Gyro,0.192625,-0.470920,-3.031446,
85131810442321,Gyro,0.471319,-0.332836,-2.941785,
85131780321318,Lacc,-2.419360,3.467783,-2.484344,
85131780321318,GameRo,-0.614903,-0.082194,0.662946,0.419096
85131800401985,Lacc,-1.637809,3.198074,-2.541519,
85131800401985,GameRo,-0.615223,-0.081881,0.662981,0.418632
85131824663585,pre,999.888733,,,
85131840288664,pre,999.887268,,,
85131830629800,Gyro,0.836614,-0.247831,-2.762197,
85131850817280,Gyro,1.145106,-0.214308,-2.540040,
85131820536058,Lacc,-2.051308,5.116797,-2.859961,
85131820536058,GameRo,-0.601710,-0.119535,0.642448,0.459256
85131840723538,Lacc,-1.463732,6.422739,-2.965589,
85131840723538,GameRo,-0.602119,-0.118918,0.642681,0.458555
85131855852706,pre,999.890991,,,
85131871538818,pre,999.893250,,,
85131887163944,pre,999.889526,,,
85131870958979,Gyro,1.232905,-0.232400,-2.313626,
85131891100743,Gyro,0.986803,-0.226946,-2.001941,
85131902789069,pre,999.899231,,,
85131860888119,Lacc,-1.783188,7.701925,-3.305114,
85131860888119,GameRo,-0.583578,-0.141525,0.621821,0.502739
85131881029859,Lacc,-1.352466,7.685498,-3.127909,
85131881029859,GameRo,-0.584019,-0.140769,0.622181,0.501993
85131918414195,pre,999.888000,,,
85131911242504,Gyro,0.681370,-0.186239,-1.587558,
85131931384266,Gyro,0.448704,-0.136886,-1.144707,
85131901171622,Lacc,-1.724644,7.593853,-3.528488,
85131901171622,GameRo,-0.562009,-0.153352,0.605083,0.542682
85131934039320,pre,999.892517,,,
85131921313386,Lacc,-1.312164,7.487683,-3.586297,
85131921313386,GameRo,-0.562519,-0.152606,0.605452,0.541952
85131949694963,pre,999.886536,,,
85131965289571,pre,999.890259,,,
85131951464995,Gyro,0.190762,-0.064386,-0.750412,
85131971545724,Gyro,-0.016495,0.030596,-0.402011,
85131941424631,Lacc,-1.287779,8.071378,-3.890322,
85131941424631,GameRo,-0.549075,-0.163052,0.593097,0.565833
85131961505359,Lacc,-0.888060,8.031827,-3.730545,
85131961505359,GameRo,-0.549601,-0.162237,0.593531,0.565101
85131980914696,pre,999.888000,,,
85131996539822,pre,999.888733,,,
85131991718004,Gyro,-0.143404,0.150721,-0.067046,
85132011890284,Gyro,-0.248364,0.278827,0.310355,
85132012531161,pre,999.891785,,,
85131981631863,Lacc,-1.061634,7.757277,-3.453559,
85131981631863,GameRo,-0.545566,-0.167726,0.587242,0.573910
85132001804145,Lacc,-1.553966,7.152672,-3.233787,
85132001804145,GameRo,-0.546024,-0.166972,0.587659,0.573267
85132028797161,pre,999.888000,,,
85132043415198,pre,999.884277,,,
85132032047306,Gyro,-0.294391,0.412121,0.771430,
85132052204328,Gyro,-0.366360,0.532778,1.325759,
85132058918252,pre,999.894775,,,
85132021968797,Lacc,-2.248271,6.316871,-3.156481,
85132021968797,GameRo,-0.550513,-0.166278,0.585559,0.571321
85132042125819,Lacc,-3.420852,5.887557,-3.126862,
85132042125819,GameRo,-0.550975,-0.165621,0.585909,0.570707
85132074665449,pre,999.890991,,,
85132090260056,pre,999.897034,,,
85132072346091,Gyro,-0.472649,0.636008,1.914009,
85132092487855,Gyro,-0.578273,0.714095,2.476984,
85132062275212,Lacc,-4.521423,5.393523,-2.843720,
85132062275212,GameRo,-0.562893,-0.153949,0.590190,0.557788
85132082416975,Lacc,-5.507790,4.773880,-2.585814,
85132082416975,GameRo,-0.563292,-0.153329,0.590515,0.557211
85132105915700,pre,999.893250,,,
85132121540825,pre,999.896240,,,
85132112629619,Gyro,-0.835417,0.761852,3.006037,
85132132771383,Gyro,-0.892087,0.756930,3.544535,
85132102558738,Lacc,-5.815792,3.722931,-1.998501,
85132102558738,GameRo,-0.582625,-0.128130,0.603972,0.528534
85132122700500,Lacc,-8.119943,1.838490,-1.773755,
85132122700500,GameRo,-0.582941,-0.127651,0.604190,0.528053
85132137104914,pre,999.903015,,,
85132152791076,pre,999.893982,,,
85132168416202,pre,999.897034,,,
85132152897886,Gyro,-0.678577,0.730458,4.029955,
85132173024390,Gyro,-0.586521,0.784201,4.338181,
85132142834633,Lacc,-8.844728,-0.128597,-1.318399,
85132142834633,GameRo,-0.608216,-0.092856,0.624925,0.480541
85132162961139,Lacc,-8.660166,0.142276,-1.459508,
85132162961139,GameRo,-0.608464,-0.092501,0.625042,0.480143
85132184041327,pre,999.893250,,,
85132199666453,pre,999.898499,,,
85132193166153,Gyro,-0.616186,0.877587,4.424649,
85132213307917,Gyro,-0.519076,0.974165,4.298406,
85132216024006,pre,999.902283,,,
85132183095274,Lacc,-6.780763,-0.550248,-0.848250,
85132183095274,GameRo,-0.629663,-0.042800,0.652199,0.419917
85132203237037,Lacc,-6.682866,-0.724558,-0.176721,
85132203237037,GameRo,-0.629771,-0.042592,0.652254,0.419689
85132230825150,pre,999.902283,,,
85132246541829,pre,999.900024,,,
85132233449681,Gyro,-0.099372,1.034161,4.062946,
85132253591444,Gyro,0.364098,1.039881,3.735297,
85132223378800,Lacc,-6.400543,-2.783222,1.258686,
85132223378800,GameRo,-0.647785,0.013234,0.675034,0.352885
85132243520562,Lacc,-6.270376,-2.914357,2.043029,
85132243520562,GameRo,-0.647727,0.013244,0.675083,0.352898
85132262166954,pre,999.908264,,,
85132277792080,pre,999.897766,,,
85132293325651,pre,999.893250,,,
85132273672172,Gyro,0.641595,1.011147,3.339007,
85132293752899,Gyro,0.679907,0.966449,2.852789,
85132263631807,Lacc,-4.380154,-4.207428,2.224663,
85132263631807,GameRo,-0.658754,0.072433,0.687512,0.296857
85132283712536,Lacc,-2.724560,-3.476669,1.436027,
85132283712536,GameRo,-0.658697,0.072252,0.687496,0.297063
85132309042331,pre,999.911987,,,
85132324667456,pre,999.904480,,,
85132313940439,Gyro,0.377268,0.894614,2.316818,
85132334127979,Gyro,-0.154978,0.797770,1.826743,
85132303846671,Lacc,-0.904886,-3.605161,1.354366,
85132303846671,GameRo,-0.662200,0.130197,0.690903,0.259216
85132324034211,Lacc,0.094342,-2.588335,1.463012,
85132324034211,GameRo,-0.662106,0.129949,0.690931,0.259507
85132340292581,pre,999.903748,,,
85132355917707,pre,999.903015,,,
85132371542832,pre,999.908264,,,
85132354269743,Gyro,-0.565636,0.669797,1.429920,
85132374411506,Gyro,-0.885302,0.527856,1.167721,
85132344198862,Lacc,1.068686,-3.300672,2.003300,
85132344198862,GameRo,-0.665978,0.167810,0.689348,0.230461
85132364340623,Lacc,1.577300,-3.513619,1.978453,
85132364340623,GameRo,-0.665848,0.167419,0.689414,0.230924
85132387045886,pre,999.905273,,,
85132402793083,pre,999.904480,,,
85132394538010,Gyro,-0.926408,0.438062,1.014473,
85132414664513,Gyro,-0.777017,0.360905,0.940243,
85132384474757,Lacc,2.370905,-4.624950,2.423718,
85132384474757,GameRo,-0.672649,0.179122,0.689078,0.201571
85132404601263,Lacc,2.845066,-4.903650,2.622375,
85132404601263,GameRo,-0.672482,0.178569,0.689189,0.202236
85132418479244,pre,999.897766,,,
85132433951780,pre,999.904480,,,
85132449668459,pre,999.900024,,,
85132434806277,Gyro,-0.635608,0.266854,0.912839,
85132454948041,Gyro,-0.632150,0.113074,0.887697,
85132424735397,Lacc,3.146249,-5.170518,2.968624,
85132424735397,GameRo,-0.678062,0.180200,0.690724,0.175103
85132444877161,Lacc,3.226927,-4.977329,3.196284,
85132444877161,GameRo,-0.677829,0.179624,0.690924,0.175804
85132465293585,pre,999.893982,,,
85132480918710,pre,999.894775,,,
85132475089805,Gyro,-0.746820,-0.058532,0.850582,
85132495231568,Gyro,-0.863885,-0.206593,0.771430,
85132497276264,pre,999.902283,,,
85132465018924,Lacc,3.231160,-5.491705,3.038654,
85132465018924,GameRo,-0.679768,0.183619,0.693052,0.154525
85132485160685,Lacc,3.331573,-5.755380,2.554772,
85132485160685,GameRo,-0.679629,0.182988,0.693186,0.155284
85132512168961,pre,999.900024,,,
85132527702533,pre,999.893982,,,
85132515373332,Gyro,-0.888495,-0.329644,0.630154,
85132535515096,Gyro,-0.916963,-0.407199,0.426488,
85132543297140,pre,999.893982,,,
85132505302448,Lacc,3.201792,-6.319904,2.144573,
85132505302448,GameRo,-0.677442,0.182754,0.699771,0.134137
85132525444212,Lacc,2.939112,-6.502615,1.999320,
85132525444212,GameRo,-0.677385,0.182096,0.699849,0.134916
85132559013819,pre,999.900024,,,
85132574608426,pre,999.890259,,,
85132555595823,Gyro,-0.817990,-0.453094,0.145267,
85132575676550,Gyro,-0.705182,-0.499255,-0.204464,
85132545555457,Lacc,2.371384,-6.976208,1.940142,
85132545555457,GameRo,-0.672458,0.176036,0.709435,0.116248
85132565636184,Lacc,1.536248,-7.131148,2.228840,
85132565636184,GameRo,-0.672395,0.175397,0.709531,0.116991
85132590294588,pre,999.893250,,,
85132605919714,pre,999.894775,,,
85132595864090,Gyro,-0.689751,-0.508567,-0.578672,
85132616051630,Gyro,-0.577342,-0.485154,-0.955142,
85132585770318,Lacc,0.654814,-7.240072,2.067360,
85132585770318,GameRo,-0.667202,0.163426,0.718768,0.107266
85132605957858,Lacc,-0.597885,-7.515994,1.929301,
85132605957858,GameRo,-0.667180,0.162840,0.718822,0.107930
85132621453285,pre,999.888000,,,
85132637047893,pre,999.890259,,,
85132652795090,pre,999.882751,,,
85132636193394,Gyro,-0.386447,-0.464401,-1.341057,
85132656335157,Gyro,-0.314745,-0.429149,-1.726306,
85132626122510,Lacc,-2.018375,-7.474853,1.519373,
85132626122510,GameRo,-0.663252,0.142672,0.726304,0.110563
85132646264274,Lacc,-2.838957,-7.149086,1.265740,
85132646264274,GameRo,-0.663278,0.142177,0.726295,0.111106
85132668420215,pre,999.894775,,,
85132684045341,pre,999.891785,,,
85132676461661,Gyro,-0.373011,-0.344144,-2.130313,
85132696588165,Gyro,-0.206327,-0.327515,-2.427099,
85132700311340,pre,999.883484,,,
85132666398407,Lacc,-3.985508,-6.091827,0.978788,
85132666398407,GameRo,-0.661109,0.116542,0.729927,0.128685
85132686524911,Lacc,-6.228904,-6.609629,1.412975,
85132686524911,GameRo,-0.661125,0.116170,0.729901,0.129081
85132715295592,pre,999.889526,,,
85132730920717,pre,999.876770,,,
85132716729928,Gyro,0.019555,-0.373942,-2.699939,
85132736871692,Gyro,-0.060661,-0.342015,-3.001248,
85132706659044,Lacc,-6.039970,-5.345223,1.503584,
85132706659044,GameRo,-0.661534,0.080459,0.728748,0.157559
85132726800808,Lacc,-4.381561,-4.164435,1.169754,
85132726800808,GameRo,-0.661518,0.080215,0.728733,0.157820
85132746545843,pre,999.876770,,,
85132762170968,pre,999.875244,,,
85132756982937,Gyro,0.008514,-0.279758,-3.243758,
85132777094183,Gyro,0.301974,-0.236125,-3.394745,
85132746927313,Lacc,-4.044911,-3.100904,0.507954,
85132746927313,GameRo,-0.659343,0.042558,0.723743,0.199126
85132778406448,pre,999.866272,,,
85132767038558,Lacc,-4.914729,-3.112133,0.246023,
85132767038558,GameRo,-0.659383,0.042422,0.723682,0.199244
85132802118798,pre,999.874512,,,
85132797266463,Gyro,0.674453,-0.229873,-3.400067,
85132817438743,Gyro,1.046000,-0.257942,-3.278346,
85132787180322,Lacc,-6.341249,-1.894107,0.050826,
85132819636028,pre,999.882751,,,
85132787180322,GameRo,-0.656682,-0.001734,0.712482,0.247254
85132807352604,Lacc,-6.284680,-1.507032,-0.118540,
85132807352604,GameRo,-0.656749,-0.001702,0.712444,0.247186
85132834803387,pre,999.869995,,,
85132850520065,pre,999.879761,,,
85132837565248,Gyro,1.222130,-0.279891,-3.161813,
85132857691754,Gyro,1.186877,-0.301043,-3.048340,
85132866114673,pre,999.885010,,,
85132827501997,Lacc,-5.348770,0.401144,-0.576310,
85132827501997,GameRo,-0.648008,-0.036879,0.696966,0.304900
85132847628500,Lacc,-4.048851,0.906271,-0.795057,
85132847628500,GameRo,-0.648125,-0.036694,0.696969,0.304666
85132881770316,pre,999.882751,,,
85132877787739,Gyro,1.014340,-0.349465,-2.926752,
85132897883725,Gyro,0.741233,-0.378199,-2.815807,
85132897395442,pre,999.888000,,,
85132867739746,Lacc,-3.430894,2.469081,-1.212468,
85132867739746,GameRo,-0.632873,-0.061553,0.680798,0.363590
85132887835733,Lacc,-2.093125,3.483701,-1.369379,
85132887835733,GameRo,-0.633052,-0.061174,0.680886,0.363178
85132913020567,pre,999.893250,,,
85132928645692,pre,999.890259,,,
85132918071265,Gyro,0.453094,-0.385250,-2.710050,
85132938258805,Gyro,0.226680,-0.370616,-2.613737,
85132907977497,Lacc,-1.362332,4.999828,-1.900786,
85132907977497,GameRo,-0.616594,-0.086747,0.664220,0.413640
85132928165037,Lacc,-0.081775,5.272852,-2.004813,
85132928165037,GameRo,-0.616853,-0.086217,0.664387,0.413097
85132944270818,pre,999.894775,,,
85132959895943,pre,999.897766,,,
85132975521069,pre,999.896240,,,
85132958385310,Gyro,0.076092,-0.354121,-2.470998,
85132978511816,Gyro,0.038844,-0.333768,-2.255492,
85132948322058,Lacc,-0.119174,6.113600,-2.270994,
85132948322058,GameRo,-0.603071,-0.116706,0.646664,0.452230
85132968448562,Lacc,0.129168,6.213348,-2.382939,
85132968448562,GameRo,-0.603403,-0.116085,0.646898,0.451611
85132991146194,pre,999.897766,,,
85133006771320,pre,999.897034,,,
85132998653577,Gyro,0.071037,-0.322859,-1.969881,
85133018795339,Gyro,0.045230,-0.311020,-1.638774,
85133023830783,pre,999.898499,,,
85132988582696,Lacc,-0.623175,6.869673,-2.641748,
85132988582696,GameRo,-0.592294,-0.147338,0.628600,0.482019
85133008724459,Lacc,-0.721721,7.044506,-2.817421,
85133008724459,GameRo,-0.592719,-0.146646,0.628894,0.481323
85133037899499,pre,999.893982,,,
85133053616179,pre,999.890991,,,
85133038937103,Gyro,-0.030064,-0.284547,-1.274410,
85133059078867,Gyro,-0.113606,-0.248231,-0.870137,
85133028866223,Lacc,-1.212036,7.306176,-2.990188,
85133028866223,GameRo,-0.582353,-0.170852,0.614257,0.504345
85133049007987,Lacc,-1.204776,7.317835,-2.977262,
85133049007987,GameRo,-0.582825,-0.170142,0.614590,0.503633
85133069271821,pre,999.894775,,,
85133084896947,pre,999.894775,,,
85133079220630,Gyro,-0.196084,-0.184510,-0.470920,
85133099362394,Gyro,-0.246634,-0.087399,-0.068509,
85133069149749,Lacc,-1.627776,7.589564,-2.950518,
85133101376572,pre,999.893250,,,
85133069149749,GameRo,-0.576056,-0.186862,0.605695,0.516116
85133089291511,Lacc,-1.785583,7.210647,-2.823189,
85133089291511,GameRo,-0.576521,-0.186154,0.606057,0.515428
85133116147198,pre,999.890259,,,
85133131772323,pre,999.884277,,,
85133119488897,Gyro,-0.275634,0.030197,0.347337,
85133139615401,Gyro,-0.339488,0.145134,0.749082,
85133109425645,Lacc,-2.298727,6.814793,-2.666884,
85133109425645,GameRo,-0.575574,-0.194345,0.603477,0.516489
85133129552150,Lacc,-2.662747,6.357340,-2.465702,
85133129552150,GameRo,-0.575996,-0.193695,0.603820,0.515861
85133147397448,pre,999.890259,,,
85133163053092,pre,999.888733,,,
85133178647699,pre,999.890259,,,
85133159711388,Gyro,-0.424892,0.255015,1.145638,
85133179807376,Gyro,-0.487548,0.350928,1.585696,
85133149663396,Lacc,-3.036670,5.904819,-2.163466,
85133149663396,GameRo,-0.581600,-0.191041,0.606829,0.506955
85133169759381,Lacc,-3.931923,5.611869,-2.075396,
85133169759381,GameRo,-0.581975,-0.190420,0.607158,0.506364
85133194272825,pre,999.888000,,,
85133209897950,pre,999.894775,,,
85133199994916,Gyro,-0.493534,0.449635,2.022028,
85133220182456,Gyro,-0.398419,0.495663,2.421511,
85133189901144,Lacc,-4.316817,4.924164,-1.736099,
85133189901144,GameRo,-0.594620,-0.177957,0.614840,0.486549
85133210088684,Lacc,-4.532444,4.033387,-1.284954,
85133210088684,GameRo,-0.594895,-0.177435,0.615114,0.486057
85133225523076,pre,999.901489,,,
85133241148201,pre,999.895508,,,
85133256712291,pre,999.897766,,,
85133240324219,Gyro,-0.421167,0.489011,2.860371,
85133260465983,Gyro,-0.302107,0.403075,3.371066,
85133230253336,Lacc,-5.214465,3.103263,-0.674033,
85133230253336,GameRo,-0.612522,-0.153008,0.628038,0.454944
85133250395099,Lacc,-8.000270,2.101953,-0.699682,
85133250395099,GameRo,-0.612742,-0.152547,0.628260,0.454495
85133272428970,pre,999.895508,,,
85133288023577,pre,999.890259,,,
85133280592487,Gyro,-0.032592,0.336960,3.813518,
85133300718990,Gyro,0.009578,0.348933,4.163249,
85133270529234,Lacc,-8.168766,0.564674,-0.530030,
85133270529234,GameRo,-0.630564,-0.116252,0.647110,0.412460
85133290655739,Lacc,-8.077567,0.425882,-0.599624,
85133290655739,GameRo,-0.630733,-0.115919,0.647229,0.412109
85133303557150,pre,999.903015,,,
85133319273828,pre,999.900024,,,
85133334898954,pre,999.906738,,,
85133320860754,Gyro,-0.141808,0.397887,4.293218,
85133341002518,Gyro,-0.272309,0.454956,4.145956,
85133350402008,pre,999.905273,,,
85133310789873,Lacc,-6.365459,-0.584100,-0.130332,
85133310789873,GameRo,-0.642344,-0.063328,0.673302,0.360622
85133330931635,Lacc,-6.004972,-0.628770,0.401756,
85133330931635,GameRo,-0.642397,-0.063150,0.673364,0.360443
85133366149205,pre,999.906006,,,
85133361159539,Gyro,-0.204065,0.451897,3.862605,
85133381316561,Gyro,-0.054009,0.435534,3.507287,
85133351081028,Lacc,-5.298349,-2.322121,1.120378,
85133382689865,pre,999.903015,,,
85133351081028,GameRo,-0.652085,-0.006701,0.696564,0.299230
85133371238051,Lacc,-5.012722,-2.353321,1.311326,
85133371238051,GameRo,-0.652052,-0.006710,0.696587,0.299248
85133397429974,pre,999.906006,,,
85133413024581,pre,999.903015,,,
85133401427807,Gyro,0.104693,0.449768,3.089579,
85133421539052,Gyro,0.191028,0.477039,2.614668,
85133391372186,Lacc,-3.539288,-3.896249,1.178667,
85133391372186,GameRo,-0.658093,0.043124,0.711405,0.242810
85133411483431,Lacc,-2.582508,-3.742718,0.851485,
85133411483431,GameRo,-0.658076,0.042912,0.711358,0.243030
85133429473688,pre,999.896240,,,
85133444274832,pre,999.900024,,,
85133459777886,pre,999.905273,,,
85133441635039,Gyro,0.121987,0.482759,2.157584,
85133461731027,Gyro,-0.076225,0.457218,1.736416,
85133431587047,Lacc,-1.440952,-4.240133,1.095826,
85133431587047,GameRo,-0.660110,0.086305,0.718554,0.201215
85133451683032,Lacc,-0.339931,-3.385880,1.277683,
85133451683032,GameRo,-0.660038,0.086007,0.718566,0.201534
85133475525083,pre,999.894775,,,
85133491150208,pre,999.890259,,,
85133481918567,Gyro,-0.227478,0.430213,1.364470,
85133502106107,Gyro,-0.373543,0.398020,1.055179,
85133506653262,pre,999.887268,,,
85133522339423,pre,999.897766,,,
85133537903513,pre,999.900024,,,
85133522186834,Gyro,-0.502846,0.360506,0.828765,
85133542267561,Gyro,-0.483158,0.326584,0.693476,
85133553528639,pre,999.894775,,,
85133471824795,Lacc,1.001766,-3.709008,1.370820,
85133471824795,GameRo,-0.662287,0.116387,0.719816,0.172326
85133492012335,Lacc,1.859913,-3.580504,1.055842,
85133492012335,GameRo,-0.662217,0.115979,0.719839,0.172768
85133512146469,Lacc,2.444277,-4.126297,0.998425,
85133512146469,GameRo,-0.665921,0.130489,0.719052,0.149954
85133569275835,pre,999.894775,,,
85133562455101,Gyro,-0.369286,0.295988,0.626563,
85133582642641,Gyro,-0.218432,0.259937,0.599159,
85133552361329,Lacc,3.091893,-4.420981,1.157979,
85133584900961,pre,999.888733,,,
85133552361329,GameRo,-0.665848,0.129950,0.719094,0.150543
85133572548869,Lacc,3.377199,-4.729462,1.270754,
85133572548869,GameRo,-0.665765,0.129372,0.719143,0.151174
85133600526086,pre,999.893250,,,
85133616151211,pre,999.894775,,,
85133602784405,Gyro,0.010775,0.222024,0.602751,
85133622926169,Gyro,0.205795,0.157904,0.550071,
85133592713521,Lacc,3.577107,-5.466292,1.544310,
85133592713521,GameRo,-0.672969,0.136313,0.716656,0.122213
85133612855285,Lacc,3.692296,-5.546722,1.687422,
85133612855285,GameRo,-0.672860,0.135660,0.716759,0.122937
85133631684784,pre,999.888000,,,
85133647431981,pre,999.890991,,,
85133643006896,Gyro,0.331506,0.094051,0.459745,
85133663087623,Gyro,0.340818,0.040574,0.313547,
85133663026588,pre,999.890259,,,
85133632966530,Lacc,3.829661,-5.871565,1.568051,
85133632966530,GameRo,-0.674039,0.144223,0.715266,0.115179
85133653047258,Lacc,3.740227,-5.706895,1.401040,
85133653047258,GameRo,-0.673974,0.143557,0.715341,0.115921
85133687410328,pre,999.888000,,,
85133683259903,Gyro,0.260203,-0.009312,0.116400,
85133703432183,Gyro,0.250891,-0.078088,-0.080216,
85133673173762,Lacc,3.156915,-5.903948,1.558179,
85133705049630,pre,999.893250,,,
85133673173762,GameRo,-0.673014,0.153965,0.714264,0.114777
85133693346044,Lacc,2.120806,-6.100477,1.869158,
85133693346044,GameRo,-0.672937,0.153351,0.714358,0.115461
85133719789739,pre,999.880493,,,
85133735414865,pre,999.894775,,,
85133723589205,Gyro,0.240249,-0.172404,-0.310621,
85133743746227,Gyro,0.209253,-0.266455,-0.570691,
85133713510696,Lacc,1.019895,-6.186535,2.142011,
85133713510696,GameRo,-0.671701,0.157496,0.714131,0.118445
85133733667718,Lacc,-0.111534,-6.350930,2.132885,
85133733667718,GameRo,-0.671634,0.156953,0.714214,0.119047
85133751039990,pre,999.895508,,,
85133766665116,pre,999.900024,,,
85133782290241,pre,999.897766,,,
85133763842214,Gyro,0.147395,-0.358245,-0.877720,
85133783938201,Gyro,-0.105757,-0.441920,-1.220932,
85133753794222,Lacc,-1.317575,-6.483981,2.043394,
85133753794222,GameRo,-0.669388,0.154596,0.715185,0.128570
85133773890210,Lacc,-2.302315,-6.246357,1.989757,
85133773890210,GameRo,-0.669348,0.154130,0.715231,0.129082
85133797915367,pre,999.897766,,,
85133813540492,pre,999.888000,,,
85133804125741,Gyro,-0.559250,-0.459878,-1.660590,
85133824313281,Gyro,-0.834087,-0.375938,-2.092799,
85133830935651,pre,999.885742,,,
85133844668671,pre,999.894775,,,
85133860293796,pre,999.890259,,,
85133794031973,Lacc,-2.328195,-5.300266,1.483292,
85133794031973,GameRo,-0.666409,0.141892,0.717303,0.145747
85133814219513,Lacc,-3.621865,-5.246809,1.498511,
85133814219513,GameRo,-0.666395,0.141528,0.717309,0.146138
85133844394009,Gyro,-0.634145,-0.415713,-2.380938,
85133864474736,Gyro,-0.300777,-0.524530,-2.609613,
85133834353647,Lacc,-5.958312,-5.472170,1.996731,
85133834353647,GameRo,-0.666146,0.107305,0.719507,0.164453
85133854434374,Lacc,-6.619923,-5.632401,2.551524,
85133854434374,GameRo,-0.666079,0.107010,0.719540,0.164775
85133876040994,pre,999.882751,,,
85133891666119,pre,999.882751,,,
85133884662276,Gyro,-0.117331,-0.583328,-2.850261,
85133904849816,Gyro,-0.082477,-0.603948,-3.120175,
85133874568508,Lacc,-6.380110,-4.097621,1.996377,
85133907260726,pre,999.875244,,,
85133874568508,GameRo,-0.666139,0.064047,0.717607,0.192866
85133894756048,Lacc,-5.858058,-3.398940,1.081210,
85133894756048,GameRo,-0.666126,0.063901,0.717592,0.193016
85133922946887,pre,999.863281,,,
85133938541495,pre,999.873779,,,
85133924991580,Gyro,-0.013968,-0.557654,-3.394745,
85133945133343,Gyro,0.190230,-0.495796,-3.563026,
85133914920700,Lacc,-5.712069,-1.837545,0.195773,
85133914920700,GameRo,-0.660490,0.021212,0.713101,0.234074
85133935062463,Lacc,-5.611650,-1.456273,-0.241896,
85133935062463,GameRo,-0.660557,0.021219,0.713051,0.234038
85133954166621,pre,999.877502,,,
85133969761228,pre,999.884277,,,
85133965229331,Gyro,0.465066,-0.455355,-3.608123,
85133985325318,Gyro,0.699462,-0.444846,-3.553448,
85133986088263,pre,999.884277,,,
85133955181338,Lacc,-5.684174,0.179763,-0.572924,
85133955181338,GameRo,-0.652516,-0.026774,0.702424,0.283030
85133975277323,Lacc,-4.853688,0.406641,-0.303258,
85133975277323,GameRo,-0.652594,-0.026612,0.702432,0.282847
85134001041997,pre,999.883484,,,
85134016667123,pre,999.885742,,,
85134005497598,Gyro,0.819852,-0.457484,-3.378915,
85134025669878,Gyro,0.791917,-0.446309,-3.160084,
85134033024676,pre,999.889526,,,
85133995411457,Lacc,-4.508484,2.026365,-0.444693,
85133995411457,GameRo,-0.639663,-0.068911,0.686338,0.339151
85134015583739,Lacc,-3.262704,2.640908,-0.768618,
85134015583739,GameRo,-0.639792,-0.068578,0.686419,0.338810
85134048069963,pre,999.888000,,,
85134063542499,pre,999.893250,,,
85134045811642,Gyro,0.727132,-0.412919,-2.948968,
85134065953405,Gyro,0.602351,-0.395360,-2.733463,
85134035740761,Lacc,-2.710589,4.009759,-1.422747,
85134035740761,GameRo,-0.621844,-0.102616,0.669098,0.393811
85134055882522,Lacc,-1.615849,4.356390,-1.437263,
85134055882522,GameRo,-0.622055,-0.102150,0.669244,0.393351
85134079167624,pre,999.900024,,,
85134094792750,pre,999.905273,,,
85134086095169,Gyro,0.422364,-0.420768,-2.443062,
85134106236933,Gyro,0.291864,-0.450965,-2.172616,
85134076024285,Lacc,-1.768510,5.916668,-1.746391,
85134076024285,GameRo,-0.604087,-0.131442,0.651794,0.439280
85134096166049,Lacc,-1.056716,6.232426,-1.883066,
85134096166049,GameRo,-0.604370,-0.130791,0.652058,0.438692
85134110417875,pre,999.905273,,,
85134126043001,pre,999.896240,,,
85134141668126,pre,999.904480,,,
85134126363436,Gyro,0.282020,-0.469190,-1.905362,
85134146489940,Gyro,0.260070,-0.487415,-1.620549,
85134116300183,Lacc,-1.266656,6.598531,-2.289238,
85134116300183,GameRo,-0.588671,-0.157677,0.636609,0.472581
85134136426689,Lacc,-1.105672,6.562586,-2.376247,
85134136426689,GameRo,-0.589044,-0.157004,0.636893,0.471959
85134157293251,pre,999.895508,,,
85134172918377,pre,999.893250,,,
85134166631703,Gyro,0.226680,-0.506704,-1.325359,
85134186773467,Gyro,0.202203,-0.542223,-1.017665,
85134156560823,Lacc,-1.805589,7.074762,-2.560230,
85134188940234,pre,999.903015,,,
85134156560823,GameRo,-0.574494,-0.179072,0.625640,0.496453
85134176702584,Lacc,-1.775128,7.412870,-2.591121,
85134176702584,GameRo,-0.574914,-0.178308,0.626002,0.495784
85134204168628,pre,999.896240,,,
85134219793753,pre,999.893250,,,
85134206915231,Gyro,0.072234,-0.560049,-0.704916,
85134227056994,Gyro,-0.115069,-0.533177,-0.367025,
85134235296807,pre,999.894775,,,
85134196844347,Lacc,-1.876260,7.903482,-2.844758,
85134196844347,GameRo,-0.561908,-0.194381,0.620306,0.511562
85134216986111,Lacc,-1.535869,7.759150,-2.855460,
85134216986111,GameRo,-0.562377,-0.193588,0.620694,0.510877
85134251013486,pre,999.884277,,,
85134266669129,pre,999.893250,,,
85134247137722,Gyro,-0.273240,-0.470654,-0.010376,
85134267218449,Gyro,-0.338158,-0.373277,0.347470,
85134237097356,Lacc,-1.746165,7.625157,-2.840345,
85134237097356,GameRo,-0.552816,-0.205276,0.620864,0.516512
85134257178083,Lacc,-1.974349,7.282721,-2.647616,
85134257178083,GameRo,-0.553264,-0.204515,0.621248,0.515872
85134282294255,pre,999.897034,,,
85134297919380,pre,999.891785,,,
85134287405989,Gyro,-0.308891,-0.281754,0.702788,
85134307593529,Gyro,-0.280024,-0.204597,1.071808,
85134313422434,pre,999.888000,,,
85134277312217,Lacc,-2.443051,6.835918,-2.447175,
85134277312217,GameRo,-0.551293,-0.211550,0.626031,0.509321
85134297499757,Lacc,-3.055317,6.442877,-2.357765,
85134297499757,GameRo,-0.551720,-0.210850,0.626378,0.508722
85134329169631,pre,999.893250,,,
85134344794757,pre,999.882019,,,
85134327735293,Gyro,-0.274703,-0.143936,1.459053,
85134347877056,Gyro,-0.324722,-0.097510,1.855477,
85134317664409,Lacc,-3.571753,5.905438,-2.363204,
85134317664409,GameRo,-0.555158,-0.208156,0.636133,0.493767
85134337806173,Lacc,-4.226406,5.552568,-2.460996,
85134337806173,GameRo,-0.555603,-0.207521,0.636408,0.493179
85134360419882,pre,999.882751,,,
85134376045007,pre,999.885010,,,
85134368018818,Gyro,-0.485819,-0.038844,2.212524,
85134388160580,Gyro,-0.733650,0.019555,2.499998,
85134357947936,Lacc,-4.090736,4.919173,-2.428375,
85134357947936,GameRo,-0.563228,-0.194557,0.651874,0.469023
85134378089700,Lacc,-4.438865,4.195190,-2.426515,
85134378089700,GameRo,-0.563649,-0.194032,0.652046,0.468495
85134391548061,pre,999.888733,,,
85134407295258,pre,999.896240,,,
85134422920384,pre,999.892517,,,
85134408241309,Gyro,-1.038950,0.057601,2.746898,
85134428322038,Gyro,-1.288644,0.054009,3.077739,
85134398200945,Lacc,-4.540651,2.989391,-2.258363,
85134398200945,GameRo,-0.576827,-0.174658,0.671193,0.431584
85134418281673,Lacc,-6.864251,2.278818,-2.524997,
85134418281673,GameRo,-0.577230,-0.174224,0.671264,0.431110
85134438606545,pre,999.899231,,,
85134454109598,pre,999.895508,,,
85134448509578,Gyro,-1.521044,-0.032592,3.452879,
85134468697118,Gyro,-1.690655,-0.077821,3.837064,
85134470802848,pre,999.898499,,,
85134438415806,Lacc,-8.794505,0.815513,-2.565331,
85134438415806,GameRo,-0.596579,-0.155262,0.689815,0.379662
85134458603346,Lacc,-9.903921,-0.298311,-2.615374,
85134458603346,GameRo,-0.596938,-0.154940,0.689789,0.379276
85134485420886,pre,999.903015,,,
85134501046011,pre,999.896240,,,
85134488838880,Gyro,-2.003404,-0.108950,4.087290,
85134508980642,Gyro,-2.541902,-0.121056,4.067602,
85134478767998,Lacc,-8.558618,-1.761331,-1.962082,
85134478767998,GameRo,-0.617761,-0.133806,0.710180,0.310021
85134498909762,Lacc,-7.410206,-1.678087,-1.664478,
85134498909762,GameRo,-0.617997,-0.133652,0.710091,0.309817
85134516610100,pre,999.905273,,,
85134532326779,pre,999.904480,,,
85134547921387,pre,999.894775,,,
85134529061371,Gyro,-2.783348,-0.152716,3.807931,
85134549142100,Gyro,-2.706192,-0.233730,3.426406,
85134519021007,Lacc,-5.659064,-2.894986,-0.714147,
85134519021007,GameRo,-0.637736,-0.112398,0.728505,0.223473
85134539101734,Lacc,-4.874806,-2.620491,-0.023913,
85134539101734,GameRo,-0.637800,-0.112410,0.728447,0.223473
85134563546513,pre,999.905273,,,
85134579080084,pre,999.904480,,,
85134569329640,Gyro,-2.460755,-0.326451,2.986482,
85134589517180,Gyro,-2.170753,-0.399351,2.487360,
85134559235868,Lacc,-3.346450,-3.440798,0.325346,
85134559235868,GameRo,-0.653582,-0.105837,0.737800,0.131457
85134579423408,Lacc,-2.165351,-3.105896,-0.461317,
85134579423408,GameRo,-0.653624,-0.106008,0.737707,0.131626
85134594796764,pre,999.897766,,,
85134610421889,pre,999.897766,,,
85134626047014,pre,999.896240,,,
85134609613165,Gyro,-2.103973,-0.465732,1.968551,
85134629709151,Gyro,-2.390782,-0.498590,1.532218,
85134641641622,pre,999.893250,,,
85134599565172,Lacc,-0.702883,-3.448026,-1.158968,
85134599565172,GameRo,-0.659282,-0.104506,0.742488,0.056019
85134619661159,Lacc,0.262762,-2.473835,-1.473125,
85134619661159,GameRo,-0.659400,-0.104748,0.742330,0.056271
85134657205712,pre,999.893250,,,
85134649866173,Gyro,-2.895225,-0.547278,1.207497,
85134670023194,Gyro,-3.373328,-0.589315,0.970706,
85134639787664,Lacc,1.116517,-2.548236,-1.475659,
85134639787664,GameRo,0.657575,0.112129,-0.744998,0.000620
85134659944686,Lacc,1.725551,-2.376738,-1.500266,
85134672830837,pre,999.896240,,,
85134659944686,GameRo,0.657688,0.112433,-0.744852,0.000299
85134688578033,pre,999.897034,,,
85134704172642,pre,999.899231,,,
85134690195476,Gyro,-3.675701,-0.641329,0.816926,
85134710367758,Gyro,-3.857018,-0.670728,0.781540,
85134680109336,Lacc,2.132584,-2.894064,-1.531678,
85134680109336,GameRo,0.650553,0.142129,-0.743791,0.057923
85134700281616,Lacc,2.106935,-2.816783,-1.470857,
85134700281616,GameRo,0.650632,0.142503,-0.743680,0.057538
85134719797767,pre,999.894775,,,
85134735422892,pre,999.893982,,,
85134730494262,Gyro,-3.797156,-0.677246,0.868940,
85134750620765,Gyro,-3.494783,-0.636008,1.043074,
85134752055106,pre,999.895508,,,
85134720431009,Lacc,2.242193,-3.374323,-1.518607,
85134720431009,GameRo,0.636940,0.187138,-0.738234,0.119575
85134740557515,Lacc,2.434338,-4.069450,-1.609314,
85134740557515,GameRo,0.636959,0.187651,-0.738168,0.119068
85134766673143,pre,999.897766,,,
85134782298269,pre,999.897766,,,
85134770762529,Gyro,-3.029982,-0.545815,1.226387,
85134790904293,Gyro,-2.497471,-0.416644,1.361011,
85134797801322,pre,999.888733,,,
85134760691649,Lacc,2.677211,-5.140869,-1.827992,
85134760691649,GameRo,0.619291,0.230651,-0.728068,0.182197
85134780833413,Lacc,3.090408,-5.732284,-1.678722,
85134780833413,GameRo,0.619204,0.231322,-0.728088,0.181560
85134813548520,pre,999.900024,,,
85134829204162,pre,999.893982,,,
85134810985020,Gyro,-2.042780,-0.246501,1.411296,
85134831065747,Gyro,-1.815967,-0.069574,1.300483,
85134800944658,Lacc,3.533648,-5.990225,-1.324895,
85134800944658,GameRo,0.605203,0.256994,-0.714885,0.237957
85134821025386,Lacc,3.786178,-5.805484,-0.872138,
85134821025386,GameRo,0.604962,0.257688,-0.715048,0.237327
85134844798770,pre,999.897034,,,
85134860423896,pre,999.894775,,,
85134851253287,Gyro,-1.613631,0.147528,1.071143,
85134871440827,Gyro,-1.299685,0.329378,0.788724,
85134841159519,Lacc,3.898948,-6.615662,-0.636962,
85134841159519,GameRo,0.598665,0.268411,-0.700120,0.281757
85134861347059,Lacc,3.170345,-7.316822,-0.081923,
85134861347059,GameRo,0.598311,0.269117,-0.700399,0.281142
85134876079539,pre,999.905273,,,
85134891674147,pre,999.903015,,,
85134907268754,pre,999.904480,,,
85134891597849,Gyro,-1.016069,0.386580,0.433938,
85134911754871,Gyro,-0.815862,0.335231,0.082344,
85134881519340,Lacc,1.777435,-8.732358,1.488135,
85134881519340,GameRo,0.596736,0.280368,-0.683733,0.312745
85134901676362,Lacc,0.085971,-9.732580,2.753204,
85134901676362,GameRo,0.596236,0.280952,-0.684152,0.312257
85134922924398,pre,999.898499,,,
85134938549523,pre,999.900757,,,
85134931881376,Gyro,-0.877587,0.230272,-0.249960,
85134952007882,Gyro,-1.100675,0.162560,-0.707976,
85134954662933,pre,999.896240,,,
85134921818125,Lacc,-1.643356,-9.736628,2.904287,
85134921818125,GameRo,0.596956,0.292738,-0.671962,0.326212
85134941944628,Lacc,-2.090695,-10.122066,3.098201,
85134941944628,GameRo,0.596489,0.293267,-0.672362,0.325768
85134969799774,pre,999.882019,,,
85134985424899,pre,999.879761,,,
85134972149646,Gyro,-1.599131,0.109216,-1.335337,
85134992291409,Gyro,-2.066459,0.105225,-1.927711,
85134962078762,Lacc,-1.082158,-9.337111,4.442021,
85134962078762,GameRo,0.590912,0.310970,-0.667075,0.330351
85134982220526,Lacc,-0.720006,-8.400774,5.480897,
85134982220526,GameRo,0.590297,0.311331,-0.667602,0.330045
85135001050025,pre,999.876770,,,
85135016675150,pre,999.867004,,,
85135012372137,Gyro,-1.917335,0.127308,-2.354997,
85135032452864,Gyro,-1.295295,0.083010,-2.683710,
85135032178203,pre,999.867737,,,
85135002331771,Lacc,-1.321052,-7.912983,6.072002,
85135002331771,GameRo,0.570201,0.351822,-0.665251,0.329445
85135022412498,Lacc,-1.872213,-8.345837,5.944457,
85135022412498,GameRo,0.569608,0.352089,-0.665748,0.329181
85135056684016,pre,999.854248,,,
85135052640404,Gyro,-0.625764,0.032459,-2.921830,
85135072827944,Gyro,-0.107088,-0.053078,-3.181634,
85135074903157,pre,999.858765,,,
85135042546632,Lacc,-3.413657,-7.075397,5.218491,
85135042546632,GameRo,0.540045,0.405111,-0.666465,0.316325
85135062734172,Lacc,-4.009464,-5.975886,3.955636,
85135062734172,GameRo,0.539668,0.405242,-0.666771,0.316154
85135089429640,pre,999.869995,,,
85135105085283,pre,999.860229,,,
85135092969708,Gyro,0.144735,-0.111345,-3.422548,
85135113111471,Gyro,0.194487,-0.201006,-3.542407,
85135120588337,pre,999.874512,,,
85135082898824,Lacc,-4.366330,-3.496934,3.076281,
85135082898824,GameRo,0.511058,0.443742,-0.680377,0.281071
85135103040587,Lacc,-5.139501,-2.633348,2.390814,
85135103040587,GameRo,0.510926,0.443702,-0.680504,0.281066
85135136335534,pre,999.882019,,,
85135151960659,pre,999.869995,,,
85135133192199,Gyro,0.093652,-0.304235,-3.560365,
85135153272926,Gyro,0.001330,-0.353722,-3.472966,
85135123151833,Lacc,-5.974472,-0.696156,2.183635,
85135123151833,GameRo,0.478083,0.474841,-0.701383,0.232434
85135143232560,Lacc,-5.651602,-0.434015,2.102569,
85135143232560,GameRo,0.478114,0.474655,-0.701439,0.232580
85135167585785,pre,999.886536,,,
85135183210910,pre,999.888000,,,
85135173460466,Gyro,0.076491,-0.365960,-3.329961,
85135193648006,Gyro,0.176129,-0.355584,-3.191212,
85135163366694,Lacc,-5.383915,0.763608,1.672156,
85135163366694,GameRo,0.439091,0.504729,-0.720030,0.184401
85135183554234,Lacc,-3.790951,1.393409,1.109986,
85135183554234,GameRo,0.439263,0.504486,-0.720035,0.184641
85135198958107,pre,999.893250,,,
85135214369608,pre,999.888000,,,
85135229994734,pre,999.888000,,,
85135213789768,Gyro,0.242111,-0.330841,-3.061111,
85135233931529,Gyro,0.345873,-0.278162,-2.905734,
85135203718886,Lacc,-2.799387,3.304296,0.445736,
85135203718886,GameRo,0.400002,0.529628,-0.734846,0.139618
85135223860649,Lacc,-1.118814,4.071754,0.111161,
85135223860649,GameRo,0.400360,0.529307,-0.734811,0.139998
85135245711412,pre,999.890259,,,
85135261336537,pre,999.899231,,,
85135254073293,Gyro,0.453759,-0.219763,-2.689031,
85135274215057,Gyro,0.561645,-0.146996,-2.416989,
85135277602538,pre,999.896240,,,
85135244002413,Lacc,-0.742054,5.634439,-0.305158,
85135244002413,GameRo,0.363733,0.547600,-0.747317,0.096702
85135264144177,Lacc,0.181898,5.861515,-0.572376,
85135264144177,GameRo,0.364270,0.547233,-0.747258,0.097205
85135292586788,pre,999.897034,,,
85135308242432,pre,999.890259,,,
85135294341562,Gyro,0.688953,-0.095780,-2.081758,
85135314468068,Gyro,0.738971,-0.066647,-1.691719,
85135284278310,Lacc,-0.222114,6.443097,-0.981929,
85135284278310,GameRo,0.333056,0.557902,-0.758029,0.056671
85135304404814,Lacc,-0.155380,6.602962,-1.198639,
85135304404814,GameRo,0.333740,0.557571,-0.757929,0.057241
85135323837039,pre,999.893982,,,
85135339462164,pre,999.900024,,,
85135334609829,Gyro,0.711302,-0.034853,-1.283056,
85135354751591,Gyro,0.637604,-0.002395,-0.867344,
85135355270397,pre,999.899231,,,
85135324538948,Lacc,-0.772870,7.051671,-1.677612,
85135324538948,GameRo,0.311085,0.559415,-0.767942,0.023365
85135344680711,Lacc,-0.758882,7.028692,-1.815885,
85135344680711,GameRo,0.311886,0.559135,-0.767802,0.023978
85135370712415,pre,999.893250,,,
85135386337541,pre,999.900757,,,
85135374893355,Gyro,0.513489,0.036051,-0.460144,
85135395035118,Gyro,0.371548,0.083542,-0.085138,
85135364822475,Lacc,-1.078528,7.205858,-2.090917,
85135364822475,GameRo,0.298952,0.555310,-0.776051,0.001926
85135384964239,Lacc,-0.914917,7.151861,-2.068745,
85135384964239,GameRo,0.299790,0.555045,-0.775916,0.002547
85135401871113,pre,999.892517,,,
85135417587792,pre,999.893250,,,
85135433090846,pre,999.890259,,,
85135415115846,Gyro,0.196350,0.136487,0.263928,
85135435196573,Gyro,0.034853,0.218565,0.632017,
85135449173739,pre,999.894775,,,
85135464463168,pre,999.897034,,,
85135455338337,Gyro,-0.079019,0.317006,1.040413,
85135475480100,Gyro,-0.170941,0.411190,1.505879,
85135479966222,pre,999.900757,,,
85135405075484,Lacc,-0.949533,7.119319,-2.165281,
85135405075484,GameRo,-0.297015,-0.549416,0.780951,0.006296
85135425156211,Lacc,-1.215934,6.898187,-2.175620,
85135425156211,GameRo,-0.297844,-0.549164,0.780817,0.005695
85135445267457,Lacc,-1.669985,6.347603,-2.123740,
85135445267457,GameRo,-0.304620,-0.544284,0.781636,0.002527
85135495804972,pre,999.894775,,,
85135511338544,pre,999.908264,,,
85135495667640,Gyro,-0.166551,0.479433,2.032537,
85135515855180,Gyro,-0.050950,0.528388,2.560393,
85135485573872,Lacc,-4.333045,4.853304,-1.467255,
85135485573872,GameRo,-0.305317,-0.544022,0.781548,0.002000
85135505761412,Lacc,-5.718999,3.922201,-1.295044,
85135505761412,GameRo,-0.305986,-0.543774,0.781460,0.001496
85135526872117,pre,999.900024,,,
85135542588795,pre,999.906738,,,
85135535996944,Gyro,-0.016362,0.517613,3.010028,
85135556138708,Gyro,-0.181317,0.499521,3.404190,
85135559343080,pre,999.904480,,,
85135525926063,Lacc,-5.243624,2.602147,-0.770787,
85135525926063,GameRo,0.365201,0.521999,-0.768885,0.054415
85135546067825,Lacc,-6.521334,2.432341,-0.855843,
85135546067825,GameRo,0.365716,0.521764,-0.768771,0.054821
85135573778010,pre,999.903015,,,
85135589464171,pre,999.908264,,,
85135576265211,Gyro,-0.293460,0.474112,3.811390,
85135596391715,Gyro,-0.303171,0.423030,4.114694,
85135566201959,Lacc,-7.891955,0.974702,-1.110935,
85135566201959,GameRo,0.405939,0.498717,-0.759577,0.097663
85135586328464,Lacc,-8.758705,0.490217,-1.161981,
85135586328464,GameRo,0.406368,0.498552,-0.759418,0.097962
85135604997744,pre,999.897766,,,
85135620714422,pre,999.901489,,,
85135616487702,Gyro,-0.438195,0.470787,4.255570,
85135636583690,Gyro,-0.554195,0.535837,4.203956,
85135636217477,pre,999.906738,,,
85135606439710,Lacc,-6.917786,-0.442032,-0.509637,
85135606439710,GameRo,0.450737,0.470841,-0.742406,0.154849
85135626535695,Lacc,-5.606138,-0.571331,0.040159,
85135626535695,GameRo,0.450921,0.470736,-0.742331,0.154993
85135651903637,pre,999.916504,,,
85135667589798,pre,999.916504,,,
85135656771230,Gyro,-0.524663,0.601553,3.949473,
85135676958770,Gyro,-0.283616,0.610998,3.689403,
85135646677458,Lacc,-4.292129,-2.002914,0.914670,
85135646677458,GameRo,0.495171,0.438633,-0.717639,0.217717
85135666864998,Lacc,-5.122167,-2.032249,1.396917,
85135666864998,GameRo,0.495144,0.438591,-0.717673,0.217753
85135683153888,pre,999.909729,,,
85135698840049,pre,999.912781,,,
85135714465175,pre,999.905273,,,
85135697039497,Gyro,0.107354,0.574016,3.471636,
85135717120224,Gyro,0.343213,0.526658,3.201056,
85135686999132,Lacc,-5.063401,-3.371852,1.879348,
85135686999132,GameRo,0.534465,0.408298,-0.687800,0.273075
85135707079861,Lacc,-4.302342,-3.231258,1.520667,
85135707079861,GameRo,0.534317,0.408372,-0.687902,0.272998
85135730090300,pre,999.894775,,,
85135745623873,pre,999.903015,,,
85135737307764,Gyro,0.319268,0.492071,2.864495,
85135757495304,Gyro,-0.044830,0.477039,2.477117,
85135761950908,pre,999.900024,,,
85135727213996,Lacc,-2.414095,-4.188784,1.031676,
85135727213996,GameRo,0.569686,0.371699,-0.662829,0.312978
85135747401536,Lacc,-0.833755,-3.310742,0.753259,
85135747401536,GameRo,0.569473,0.371917,-0.662986,0.312776
85135776965676,pre,999.897034,,,
85135792590802,pre,999.900757,,,
85135777637068,Gyro,-0.641595,0.449236,2.089606,
85135797778832,Gyro,-1.148964,0.369153,1.773398,
85135767566187,Lacc,0.330465,-3.581869,1.329657,
85135767566187,GameRo,0.597466,0.338690,-0.641115,0.342483
85135787707949,Lacc,1.219543,-3.430886,1.970780,
85135787707949,GameRo,0.597074,0.338936,-0.641445,0.342305
85135808215927,pre,999.896240,,,
85135823841053,pre,999.902283,,,
85135817920595,Gyro,-1.290506,0.290933,1.562017,
85135838062359,Gyro,-1.244345,0.183180,1.434842,
85135807849711,Lacc,2.127720,-4.807987,2.479220,
85135840259642,pre,999.900757,,,
85135807849711,GameRo,0.610229,0.327224,-0.617048,0.373895
85135827991475,Lacc,2.561795,-5.245145,2.462745,
85135827991475,GameRo,0.609674,0.327640,-0.617546,0.373613
85135855030268,pre,999.900757,,,
85135870716429,pre,999.893982,,,
85135858204121,Gyro,-1.055445,0.116666,1.351699,
85135878345882,Gyro,-0.825706,0.063055,1.284121,
85135848133239,Lacc,3.002720,-6.200208,2.524274,
85135848133239,GameRo,0.612108,0.327476,-0.594140,0.406303
85135868275002,Lacc,3.202945,-6.422314,2.383998,
85135868275002,GameRo,0.611493,0.328005,-0.594716,0.405958
85135886341554,pre,999.897766,,,
85135901936163,pre,999.897766,,,
85135917591805,pre,999.900757,,,
85135898426611,Gyro,-0.552998,0.007317,1.212019,
85135918507341,Gyro,-0.338823,-0.047092,1.082583,
85135888386248,Lacc,3.137793,-7.269984,2.175031,
85135888386248,GameRo,0.612274,0.325043,-0.576018,0.433209
85135908466975,Lacc,3.007721,-7.660455,2.018427,
85135908466975,GameRo,0.611669,0.325672,-0.576613,0.432801
85135933216931,pre,999.890259,,,
85135948842056,pre,999.879761,,,
85135938694881,Gyro,-0.121854,-0.093253,0.899137,
85135958882421,Gyro,-0.046959,-0.141276,0.594503,
85135928601109,Lacc,3.029004,-8.389883,2.033119,
85135928601109,GameRo,0.614222,0.317441,-0.563356,0.452320
85135948788649,Lacc,2.975968,-8.114319,2.327757,
85135948788649,GameRo,0.613580,0.318084,-0.563998,0.451939
85135964375629,pre,999.893250,,,
85135980092307,pre,999.896240,,,
85135995717432,pre,999.882751,,,
85135979024182,Gyro,-0.199808,-0.202469,0.213909,
85135999165944,Gyro,-0.450034,-0.232267,-0.162959,
85135968953301,Lacc,2.589345,-8.077915,2.556484,
85135968953301,GameRo,0.616270,0.308293,-0.557472,0.463025
85135989095064,Lacc,2.025485,-7.582770,2.508353,
85135989095064,GameRo,0.615657,0.308878,-0.558088,0.462708
85136011342558,pre,999.893982,,,
85136026876131,pre,999.891785,,,
85136019292450,Gyro,-0.624434,-0.271111,-0.557654,
85136039418955,Gyro,-0.655696,-0.315410,-0.936119,
85136043966111,pre,999.884277,,,
85136009229198,Lacc,0.978811,-7.857470,2.261540,
85136009229198,GameRo,0.611427,0.308346,-0.558459,0.468191
85136029355702,Lacc,-0.384465,-8.398769,2.271810,
85136029355702,GameRo,0.610898,0.308942,-0.558998,0.467846
85136066823960,pre,999.889526,,,
85136059560717,Gyro,-0.599292,-0.386979,-1.302346,
85136079702479,Gyro,-0.745091,-0.439924,-1.668572,
85136084585334,pre,999.875244,,,
85136049489835,Lacc,-1.626790,-8.729954,2.347805,
85136049489835,GameRo,0.597159,0.321860,-0.564730,0.469986
85136069631599,Lacc,-2.726606,-8.153857,2.009909,
85136069631599,GameRo,0.596709,0.322395,-0.565172,0.469660
85136099203371,pre,999.876038,,,
85136114828497,pre,999.867004,,,
85136099844242,Gyro,-0.987468,-0.420103,-2.101047,
85136119986006,Gyro,-1.095088,-0.340685,-2.541636,
85136089773363,Lacc,-3.253579,-7.099182,1.390813,
85136089773363,GameRo,0.576795,0.342420,-0.579052,0.463417
85136109915126,Lacc,-5.064395,-7.285619,1.351057,
85136109915126,GameRo,0.576455,0.342872,-0.579363,0.463118
85136130453622,pre,999.876770,,,
85136146078748,pre,999.869263,,,
85136140127770,Gyro,-0.844596,-0.353988,-2.808357,
85136160269533,Gyro,-0.490475,-0.394561,-3.070423,
85136130056890,Lacc,-7.390465,-7.046236,1.390654,
85136162466818,pre,999.876038,,,
85136130056890,GameRo,0.546051,0.376274,-0.597002,0.451481
85136150198654,Lacc,-6.726770,-6.729290,1.666093,
85136150198654,GameRo,0.545752,0.376616,-0.597242,0.451240
85136177328998,pre,999.864746,,,
85136192954124,pre,999.859497,,,
85136180396037,Gyro,-0.304102,-0.340951,-3.352975,
85136200522541,Gyro,-0.106689,-0.266455,-3.609187,
85136170332787,Lacc,-5.269465,-4.589468,1.075238,
85136170332787,GameRo,0.511254,0.413909,-0.620239,0.427321
85136190459291,Lacc,-5.062751,-4.214677,0.529927,
85136190459291,GameRo,0.511087,0.414137,-0.620345,0.427146
85136208579249,pre,999.857239,,,
85136224204375,pre,999.869263,,,
85136239829500,pre,999.864746,,,
85136220618528,Gyro,0.141808,-0.222955,-3.797688,
85136240714515,Gyro,0.370749,-0.203932,-3.858748,
85136255363072,pre,999.866272,,,
85136210570536,Lacc,-5.665469,-2.697940,0.019917,
85136210570536,GameRo,0.475045,0.448694,-0.649370,0.389005
85136230666524,Lacc,-6.013184,-2.533673,-0.351714,
85136230666524,GameRo,0.475046,0.448818,-0.649335,0.388919
85136271049233,pre,999.867737,,,
85136260902055,Gyro,0.650375,-0.192891,-3.806334,
85136281089595,Gyro,0.939977,-0.172538,-3.713082,
85136250808287,Lacc,-5.990097,-1.034636,-0.788190,
85136250808287,GameRo,0.437941,0.479813,-0.680927,0.338120
85136270995827,Lacc,-4.800324,-0.680956,-0.869174,
85136270995827,GameRo,0.438081,0.479847,-0.680804,0.338139
85136286735394,pre,999.877502,,,
85136302330002,pre,999.887268,,,
85136317955127,pre,999.890259,,,
85136301216099,Gyro,1.054115,-0.199143,-3.564888,
85136321342602,Gyro,0.962592,-0.223753,-3.389424,
85136291152849,Lacc,-4.509415,1.313382,-0.969212,
85136291152849,GameRo,0.402477,0.500830,-0.712937,0.280896
85136311279353,Lacc,-3.219581,2.441471,-1.172213,
85136311279353,GameRo,0.402839,0.500708,-0.712736,0.281105
85136333580253,pre,999.898499,,,
85136349205378,pre,999.896240,,,
85136341484366,Gyro,0.759990,-0.238120,-3.181900,
85136361626130,Gyro,0.540094,-0.246102,-2.972913,
85136331413486,Lacc,-2.648759,4.616788,-1.861917,
85136331413486,GameRo,0.369812,0.511430,-0.742814,0.223396
85136351555250,Lacc,-1.436374,5.268392,-2.047784,
85136351555250,GameRo,0.370449,0.511207,-0.742530,0.223794
85136364708433,pre,999.894775,,,
85136380455629,pre,999.900024,,,
85136396080754,pre,999.900024,,,
85136381767894,Gyro,0.377002,-0.251290,-2.744238,
85136401909657,Gyro,0.287740,-0.251689,-2.474324,
85136411583809,pre,999.905273,,,
85136371697013,Lacc,-1.321687,6.194934,-2.302256,
85136371697013,GameRo,0.337835,0.521411,-0.764039,0.173904
85136391838774,Lacc,-0.576813,6.092949,-2.337996,
85136391838774,GameRo,0.338581,0.521179,-0.763759,0.174376
85136428582236,pre,999.897766,,,
85136422036161,Gyro,0.243708,-0.240116,-2.189377,
85136442162664,Gyro,0.209918,-0.221891,-1.877293,
85136444024254,pre,999.904480,,,
85136411972908,Lacc,-0.824169,6.902719,-2.669539,
85136411972908,GameRo,0.308008,0.532255,-0.777194,0.133437
85136432099414,Lacc,-0.644688,7.011683,-2.821288,
85136432099414,GameRo,0.308889,0.532039,-0.776897,0.133989
85136458489702,pre,999.904480,,,
85136474206382,pre,999.893250,,,
85136462304428,Gyro,0.179987,-0.197813,-1.520911,
85136482446192,Gyro,0.161230,-0.157239,-1.136193,
85136452233548,Lacc,-1.346743,7.678629,-3.038602,
85136452233548,GameRo,0.283632,0.540268,-0.785633,0.102197
85136472375312,Lacc,-1.298898,7.512626,-2.973088,
85136472375312,GameRo,0.284581,0.540053,-0.785359,0.102801
85136489831507,pre,999.901489,,,
85136505456632,pre,999.899231,,,
85136521234347,pre,999.900024,,,
85136502542179,Gyro,0.129569,-0.094849,-0.754802,
85136522638166,Gyro,0.126909,0.005188,-0.391236,
85136492494186,Lacc,-1.660206,7.659910,-2.931421,
85136492494186,GameRo,0.267035,0.544630,-0.790830,0.081596
85136512590172,Lacc,-1.395428,7.344612,-2.787977,
85136512590172,GameRo,0.267970,0.544416,-0.790599,0.082201
85136536706883,pre,999.902283,,,
85136552332009,pre,999.903015,,,
85136542825706,Gyro,0.103496,0.096179,-0.008913,
85136563013246,Gyro,0.021151,0.202735,0.396025,
85136568475937,pre,999.900024,,,
85136532731934,Lacc,-1.775740,7.351307,-2.773535,
85136532731934,GameRo,0.260348,0.545638,-0.793283,0.072114
85136552919474,Lacc,-2.141697,7.232263,-2.742683,
85136552919474,GameRo,0.261280,0.545420,-0.793070,0.072721
85136583582260,pre,999.890259,,,
85136599207385,pre,999.888000,,,
85136583139750,Gyro,-0.049087,0.320465,0.858963,
85136603266254,Gyro,-0.157239,0.436997,1.387484,
85136573076497,Lacc,-2.699160,6.622616,-2.634361,
85136573076497,GameRo,0.264877,0.543560,-0.793166,0.072604
85136593203003,Lacc,-3.587490,6.010283,-2.553412,
85136593203003,GameRo,0.265723,0.543377,-0.792958,0.073147
85136614832510,pre,999.888000,,,
85136630366082,pre,999.900757,,,
85136623408017,Gyro,-0.284946,0.561512,1.935959,
85136643549781,Gyro,-0.308758,0.659288,2.449447,
85136613337136,Lacc,-4.421003,5.194997,-2.405042,
85136613337136,GameRo,0.282252,0.539572,-0.788600,0.085478
85136645960690,pre,999.900024,,,
85136633478898,Lacc,-5.598139,4.080826,-2.021047,
85136633478898,GameRo,0.282968,0.539408,-0.788405,0.085938
85136661707887,pre,999.906738,,,
85136677333012,pre,999.908264,,,
85136663691545,Gyro,-0.256345,0.658223,2.988611,
85136683833308,Gyro,-0.193689,0.550071,3.579255,
85136653620661,Lacc,-6.142659,2.785844,-1.168019,
85136653620661,GameRo,0.314131,0.532858,-0.777437,0.113914
85136673762425,Lacc,-8.266668,1.987566,-1.029898,
85136673762425,GameRo,0.314706,0.532678,-0.777270,0.114305
85136692958138,pre,999.900024,,,
85136708583263,pre,999.900757,,,
85136703929294,Gyro,-0.163758,0.456952,4.101524,
85136724025279,Gyro,-0.249561,0.450566,4.498081,
85136725062887,pre,999.901489,,,
85136693881300,Lacc,-8.127417,0.263911,-0.979255,
85136693881300,GameRo,0.357236,0.517179,-0.761660,0.157427
85136713977287,Lacc,-7.819106,-0.123418,-1.127099,
85136713977287,GameRo,0.357644,0.517090,-0.761481,0.157659
85136748347986,pre,999.911255,,,
85136744167043,Gyro,-0.423030,0.458149,4.685385,
85136764308806,Gyro,-0.516282,0.484489,4.629114,
85136734096163,Lacc,-6.138587,-1.455383,-0.402529,
85136734096163,GameRo,0.406356,0.489018,-0.740453,0.217866
85136766597645,pre,999.916504,,,
85136754237927,Lacc,-6.123746,-1.608297,0.640128,
85136754237927,GameRo,0.406494,0.488950,-0.740393,0.217964
85136780727397,pre,999.916504,,,
85136796260969,pre,999.905273,,,
85136784481088,Gyro,-0.345873,0.439392,4.404695,
85136804653370,Gyro,-0.068776,0.358378,4.088487,
85136774394948,Lacc,-6.003352,-3.513170,1.856640,
85136774394948,GameRo,0.455682,0.456960,-0.708283,0.286142
85136794567228,Lacc,-5.997116,-3.524282,2.068608,
85136794567228,GameRo,0.455596,0.456965,-0.708342,0.286124
85136811977648,pre,999.905273,,,
85136828548825,pre,999.905273,,,
85136843227899,pre,999.905273,,,
85136824749356,Gyro,0.113207,0.339089,3.677563,
85136844845341,Gyro,0.154446,0.360905,3.167799,
85136814701362,Lacc,-4.333616,-4.811307,1.423806,
85136814701362,GameRo,0.498136,0.422282,-0.673773,0.345787
85136834797349,Lacc,-2.795760,-4.298082,0.531558,
85136834797349,GameRo,0.497957,0.422494,-0.673878,0.345582
85136858761471,pre,999.904480,,,
85136874478150,pre,999.901489,,,
85136865032881,Gyro,0.060661,0.385116,2.617462,
85136885220421,Gyro,-0.261267,0.389639,2.066725,
85136890072757,pre,999.897766,,,
85136854939113,Lacc,-0.732229,-4.781175,0.699999,
85136854939113,GameRo,0.532378,0.386276,-0.645156,0.388766
85136875126653,Lacc,0.738846,-3.592417,1.132089,
85136875126653,GameRo,0.532043,0.386527,-0.645408,0.388557
85136905728401,pre,999.897766,,,
85136921353526,pre,999.893982,,,
85136905346927,Gyro,-0.501250,0.366493,1.582503,
85136925473432,Gyro,-0.614457,0.330841,1.198850,
85136895283675,Lacc,2.120808,-4.474448,1.216843,
85136895283675,GameRo,0.555630,0.362209,-0.621273,0.417253
85136915410178,Lacc,3.056870,-4.617212,0.936056,
85136915410178,GameRo,0.555153,0.362632,-0.621668,0.416932
85136936978651,pre,999.903015,,,
85136952603777,pre,999.903015,,,
85136945615194,Gyro,-0.478236,0.313946,0.963523,
85136965756955,Gyro,-0.197813,0.270712,0.864284,
85136935544312,Lacc,3.650539,-5.665607,1.125851,
85136968106830,pre,999.890259,,,
85136935544312,GameRo,0.565156,0.356074,-0.601248,0.438533
85136955686076,Lacc,3.606039,-5.879742,1.214783,
85136955686076,GameRo,0.564580,0.356597,-0.601751,0.438160
85136983854028,pre,999.882751,,,
85136999479153,pre,999.890259,,,
85136985898719,Gyro,0.110280,0.221093,0.855903,
85137006040483,Gyro,0.296786,0.152051,0.833022,
85136975827839,Lacc,3.419231,-6.275263,1.396265,
85136975827839,GameRo,0.570344,0.354649,-0.587229,0.451768
85136995969603,Lacc,3.356344,-6.477575,1.344319,
85136995969603,GameRo,0.569755,0.355199,-0.587761,0.451387
85137015104279,pre,999.890259,,,
85137030637850,pre,999.886536,,,
85137026121210,Gyro,0.365827,0.080615,0.766109,
85137046201937,Gyro,0.297983,-0.013037,0.609136,
85137046476600,pre,999.876770,,,
85137016080848,Lacc,3.265453,-7.194272,1.292016,
85137016080848,GameRo,0.579048,0.346064,-0.579217,0.457658
85137036161576,Lacc,3.134782,-7.227592,1.166410,
85137036161576,GameRo,0.578476,0.346678,-0.579759,0.457231
85137061888101,pre,999.876770,,,
85137077604780,pre,999.888000,,,
85137066389477,Gyro,0.079817,-0.102432,0.373277,
85137086577017,Gyro,-0.193290,-0.163492,0.061459,
85137056295709,Lacc,2.862685,-7.209813,1.180139,
85137056295709,GameRo,0.587160,0.334896,-0.575173,0.460722
85137076483249,Lacc,2.496863,-7.065538,1.173325,
85137076483249,GameRo,0.586627,0.335493,-0.575694,0.460315
85137093168869,pre,999.876770,,,
85137108855031,pre,999.885010,,,
85137124480157,pre,999.885010,,,
85137106718781,Gyro,-0.544883,-0.217767,-0.311286,
85137126860545,Gyro,-0.798036,-0.287474,-0.657558,
85137096647901,Lacc,1.486246,-7.294369,1.423411,
85137096647901,GameRo,0.587239,0.330749,-0.574842,0.464017
85137116789665,Lacc,0.428559,-7.749426,1.639470,
85137116789665,GameRo,0.586734,0.331309,-0.575338,0.463643
85137140105282,pre,999.880493,,,
85137155730408,pre,999.875244,,,
85137147002308,Gyro,-0.914702,-0.295056,-0.991060,
85137167144072,Gyro,-0.919757,-0.274570,-1.309529,
85137136931428,Lacc,-0.506924,-7.790937,1.355386,
85137136931428,GameRo,0.575340,0.341133,-0.577980,0.467495
85137157073189,Lacc,-1.913339,-8.119890,1.190410,
85137157073189,GameRo,0.574919,0.341674,-0.578385,0.467117
85137171294496,pre,999.876770,,,
85137187011176,pre,999.864014,,,
85137202575266,pre,999.869995,,,
85137187270576,Gyro,-0.915367,-0.252620,-1.611104,
85137207397079,Gyro,-1.015936,-0.152184,-1.981587,
85137218108837,pre,999.869263,,,
85137177207323,Lacc,-2.908528,-7.660525,0.748239,
85137177207323,GameRo,0.554842,0.362283,-0.585437,0.467081
85137197333828,Lacc,-2.515415,-6.842899,0.587537,
85137197333828,GameRo,0.554504,0.362750,-0.585740,0.466740
85137233764481,pre,999.871521,,,
85137227493067,Gyro,-1.001303,0.033257,-2.372956,
85137247589054,Gyro,-0.632283,0.078620,-2.635953,
85137217445074,Lacc,-3.118808,-5.926732,0.658450,
85137217445074,GameRo,0.530011,0.390174,-0.597245,0.458422
85137250549284,pre,999.876038,,,
85137237541059,Lacc,-5.196912,-6.645585,1.382218,
85137237541059,GameRo,0.529703,0.390517,-0.597497,0.458159
85137265106286,pre,999.863281,,,
85137280731411,pre,999.864014,,,
85137267776594,Gyro,-0.056005,0.135822,-2.880059,
85137287964134,Gyro,0.536769,0.222157,-3.058317,
85137257682822,Lacc,-4.759598,-5.729479,1.499901,
85137257682822,GameRo,0.501189,0.428234,-0.611219,0.437992
85137277870362,Lacc,-4.869409,-5.441948,0.767526,
85137277870362,GameRo,0.500957,0.428498,-0.611383,0.437770
85137296264983,pre,999.860229,,,
85137311981662,pre,999.851990,,,
85137308044861,Gyro,1.164927,0.239717,-3.236176,
85137328125588,Gyro,1.592879,0.162427,-3.351511,
85137327606787,pre,999.858765,,,
85137298004496,Lacc,-5.552170,-4.170839,0.287140,
85137298004496,GameRo,0.476965,0.457931,-0.635195,0.399164
85137318085223,Lacc,-6.175561,-3.536184,-0.102286,
85137318085223,GameRo,0.476903,0.458083,-0.635209,0.399040
85137343231913,pre,999.867737,,,
85137358857038,pre,999.881287,,,
85137348313128,Gyro,1.765949,0.027803,-3.349516,
85137368500669,Gyro,1.734022,-0.116932,-3.275951,
85137374360092,pre,999.874512,,,
85137389985217,pre,999.880493,,,
85137405701896,pre,999.883484,,,
85137388596656,Gyro,1.616558,-0.263928,-3.132946,
85137408692643,Gyro,1.305272,-0.448438,-2.955620,
85137338219356,Lacc,-6.629128,-1.351321,-0.396253,
85137338219356,GameRo,0.458803,0.473934,-0.669176,0.342185
85137358406897,Lacc,-6.007067,-0.669738,-0.473125,
85137358406897,GameRo,0.458925,0.473933,-0.669074,0.342222
85137378548660,Lacc,-5.773071,0.746536,-0.632377,
85137378548660,GameRo,0.438141,0.479416,-0.707041,0.279798
85137421265986,pre,999.877502,,,
85137436860593,pre,999.883484,,,
85137428834405,Gyro,0.822114,-0.588117,-2.802637,
85137448976167,Gyro,0.292396,-0.669132,-2.688632,
85137418763523,Lacc,-2.691794,2.745767,-0.938104,
85137418763523,GameRo,0.438473,0.479254,-0.706854,0.280026
85137438905287,Lacc,-0.687250,3.657591,-1.287624,
85137438905287,GameRo,0.438873,0.479062,-0.706628,0.280298
85137452699343,pre,999.893982,,,
85137468141362,pre,999.902283,,,
85137483858042,pre,999.904480,,,
85137469148448,Gyro,-0.181849,-0.670196,-2.612407,
85137489320730,Gyro,-0.421167,-0.627361,-2.528466,
85137459062309,Lacc,-0.081707,5.765566,-2.312164,
85137459062309,GameRo,0.375351,0.494687,-0.758967,0.195870
85137479234588,Lacc,0.802637,5.615698,-2.338064,
85137479234588,GameRo,0.376022,0.494458,-0.758672,0.196302
85137499391613,pre,999.905273,,,
85137515108292,pre,999.903015,,,
85137509462494,Gyro,-0.450433,-0.575347,-2.351406,
85137529604258,Gyro,-0.382190,-0.498723,-2.076037,
85137531923612,pre,999.905273,,,
85137499391610,Lacc,0.339932,6.646323,-2.553875,
85137499391610,GameRo,0.339252,0.514358,-0.770066,0.165353
85137519533374,Lacc,0.505809,6.913462,-2.621886,
85137519533374,GameRo,0.340082,0.514088,-0.769761,0.165909
85137546358543,pre,999.905273,,,
85137561983669,pre,999.897766,,,
85137549746019,Gyro,-0.211914,-0.393763,-1.722848,
85137569887781,Gyro,-0.001064,-0.278162,-1.304607,
85137539675138,Lacc,-0.228710,7.461671,-2.811246,
85137539675138,GameRo,0.306446,0.534153,-0.775448,0.139469
85137559816901,Lacc,-0.382953,6.943599,-2.805659,
85137559816901,GameRo,0.307307,0.533958,-0.775140,0.140032
85137577517240,pre,999.900024,,,
85137593233920,pre,999.905273,,,
85137608859045,pre,999.904480,,,
85137589968510,Gyro,0.120124,-0.171872,-0.864018,
85137610049240,Gyro,0.107620,-0.062922,-0.446575,
85137579928147,Lacc,-1.031536,7.164905,-2.758766,
85137579928147,GameRo,0.283935,0.545370,-0.779476,0.119874
85137600008874,Lacc,-0.800564,7.306242,-2.686954,
85137600008874,GameRo,0.284831,0.545158,-0.779204,0.120484
85137624484170,pre,999.899231,,,
85137640109296,pre,999.897766,,,
85137630236780,Gyro,0.016895,0.067312,-0.067578,
85137650424320,Gyro,-0.056537,0.215639,0.309290,
85137620143008,Lacc,-0.992747,7.412146,-2.755034,
85137620143008,GameRo,0.275137,0.546835,-0.783084,0.109775
85137640330548,Lacc,-1.358234,6.949892,-2.738232,
85137640330548,GameRo,0.276013,0.546657,-0.782818,0.110361
85137655642868,pre,999.900024,,,
85137671359547,pre,999.903015,,,
85137686984672,pre,999.903015,,,
85137670566081,Gyro,-0.050019,0.369419,0.702256,
85137690707843,Gyro,-0.031395,0.509365,1.111849,
85137702487726,pre,999.897766,,,
85137718112851,pre,999.893982,,,
85137660495200,Lacc,-1.857364,6.282771,-2.534857,
85137660495200,GameRo,0.278365,0.546640,-0.782052,0.109962
85137680636963,Lacc,-2.432178,5.800683,-2.262367,
85137680636963,GameRo,0.279126,0.546466,-0.781830,0.110482
85137710849607,Gyro,-0.073165,0.633613,1.525567,
85137730991370,Gyro,-0.051216,0.687090,1.955381,
85137700778727,Lacc,-2.938859,5.102202,-1.831617,
85137700778727,GameRo,0.294514,0.543464,-0.776993,0.119123
85137720920491,Lacc,-4.162476,4.354055,-1.403306,
85137733737976,pre,999.904480,,,
85137720920491,GameRo,0.295145,0.543262,-0.776824,0.119585
85137749485174,pre,999.904480,,,
85137765110299,pre,999.897766,,,
85137751117876,Gyro,-0.048954,0.622838,2.395305,
85137771244382,Gyro,-0.238120,0.526791,2.946440,
85137741054624,Lacc,-4.813735,3.233321,-0.932356,
85137741054624,GameRo,0.323123,0.535853,-0.767668,0.138345
85137761181128,Lacc,-7.423920,2.924176,-1.165466,
85137761181128,GameRo,0.323700,0.535661,-0.767483,0.138765
85137780735425,pre,999.900757,,,
85137796360550,pre,999.905273,,,
85137791386143,Gyro,-0.274836,0.434071,3.570609,
85137811527905,Gyro,-0.211648,0.371016,4.087024,
85137781315261,Lacc,-9.669121,1.116725,-1.421379,
85137813023281,pre,999.917236,,,
85137781315261,GameRo,0.359865,0.521298,-0.754606,0.171218
85137801457025,Lacc,-9.971058,-0.026533,-1.146132,
85137801457025,GameRo,0.360301,0.521187,-0.754412,0.171495
85137828465300,pre,999.914246,,,
85137843235926,pre,999.910522,,,
85137831669669,Gyro,-0.341350,0.432341,4.335653,
85137851811432,Gyro,-0.496594,0.507901,4.258896,
85137821598789,Lacc,-7.244431,-0.949115,-0.347444,
85137821598789,GameRo,0.403620,0.498568,-0.733517,0.224663
85137841740552,Lacc,-5.570120,-0.745063,0.399758,
85137841740552,GameRo,0.403786,0.498480,-0.733445,0.224795
85137858922087,pre,999.921021,,,
85137874486177,pre,999.921753,,,
85137890111303,pre,999.917236,,,
85137871892160,Gyro,-0.377667,0.547278,3.908367,
85137891972887,Gyro,0.009445,0.508301,3.501567,
85137861851798,Lacc,-4.108284,-2.320642,1.399806,
85137861851798,GameRo,0.450626,0.468492,-0.703701,0.286803
85137881932525,Lacc,-4.531131,-2.295396,1.790013,
85137881932525,GameRo,0.450558,0.468460,-0.703760,0.286820
85137905736428,pre,999.907532,,,
85137921361554,pre,999.906006,,,
85137912160427,Gyro,0.474777,0.460943,3.134542,
85137932347967,Gyro,0.753471,0.454025,2.747563,
85137902066659,Lacc,-3.972295,-3.725359,1.706112,
85137902066659,GameRo,0.491000,0.440313,-0.671445,0.337942
85137922254199,Lacc,-3.174041,-3.588933,0.867443,
85137922254199,GameRo,0.490845,0.440446,-0.671543,0.337799
85137936864607,pre,999.907532,,,
85137952611805,pre,999.903015,,,
85137968236930,pre,999.900024,,,
85137952489731,Gyro,0.645054,0.435135,2.321873,
85137972631494,Gyro,0.152849,0.413451,1.912413,
85137942418851,Lacc,-1.700054,-4.089771,0.511883,
85137942418851,GameRo,0.526748,0.405325,-0.649812,0.368773
85137962560614,Lacc,-0.352534,-3.082207,0.706207,
85137962560614,GameRo,0.526522,0.405522,-0.649981,0.368581
85137983862055,pre,999.900024,,,
85137999487181,pre,999.900024,,,
85137992773258,Gyro,-0.434736,0.382855,1.565608,
85138012915022,Gyro,-0.795109,0.338291,1.303410,
85138015753180,pre,999.903015,,,
85137982702377,Lacc,0.975491,-3.219149,1.184187,
85137982702377,GameRo,0.553955,0.376887,-0.633170,0.387537
85138002844139,Lacc,1.999080,-3.212570,1.262893,
85138002844139,GameRo,0.553581,0.377129,-0.633480,0.387330
85138030645878,pre,999.900024,,,
85138046362557,pre,999.905273,,,
85138033056785,Gyro,-1.017000,0.263529,1.106129,
85138053198549,Gyro,-1.036688,0.203400,0.997445,
85138022985901,Lacc,2.641887,-4.003738,1.226952,
85138022985901,GameRo,0.564961,0.370043,-0.613642,0.409061
85138043127665,Lacc,3.042867,-4.304960,1.123709,
85138043127665,GameRo,0.564501,0.370420,-0.614046,0.408749
85138061896129,pre,999.902283,,,
85138077612808,pre,999.888733,,,
85138073279276,Gyro,-0.837013,0.149391,0.965518,
85138093360003,Gyro,-0.465998,0.124514,0.985340,
85138093237933,pre,999.893982,,,
85138063238911,Lacc,3.239247,-5.120531,1.210723,
85138063238911,GameRo,0.566245,0.373409,-0.594762,0.431498
85138083319638,Lacc,3.511663,-5.538512,1.353844,
85138083319638,GameRo,0.565688,0.373876,-0.595267,0.431126
85138117560638,pre,999.895508,,,
85138113547543,Gyro,-0.075427,0.085271,1.001702,
85138133735083,Gyro,0.219629,0.030863,0.967647,
85138103453771,Lacc,3.518115,-6.238376,1.488724,
85138103453771,GameRo,0.567042,0.373957,-0.579766,0.449989
85138135871332,pre,999.887268,,,
85138123641311,Lacc,3.535085,-6.492084,1.491278,
85138123641311,GameRo,0.566441,0.374479,-0.580326,0.449592
85138150214709,pre,999.893982,,,
85138165839834,pre,999.893250,,,
85138153876847,Gyro,0.282286,-0.054941,0.859894,
85138174018611,Gyro,0.163359,-0.128372,0.674453,
85138181434441,pre,999.890991,,,
85138143805963,Lacc,3.393010,-6.844785,1.510360,
85138143805963,GameRo,0.574117,0.364314,-0.570786,0.460292
85138163947727,Lacc,3.443276,-6.660219,1.508057,
85138163947727,GameRo,0.573516,0.364852,-0.571362,0.459900
85138197059567,pre,999.902283,,,
85138212684692,pre,999.900757,,,
85138194099338,Gyro,-0.007184,-0.169611,0.405337,
85138214180065,Gyro,-0.024610,-0.205129,0.108950,
85138184058972,Lacc,3.102960,-6.942549,1.750495,
85138184058972,GameRo,0.580760,0.351783,-0.567053,0.466281
85138204139700,Lacc,2.118740,-7.344955,2.030787,
85138204139700,GameRo,0.580167,0.352304,-0.567631,0.465921
85138229561049,pre,999.895508,,,
85138243934943,pre,999.897766,,,
85138234367605,Gyro,0.090991,-0.251290,-0.206859,
85138254555145,Gyro,0.240781,-0.325387,-0.562842,
85138224273833,Lacc,0.801427,-7.844494,2.191332,
85138224273833,GameRo,0.579815,0.347310,-0.566790,0.471105
85138244461373,Lacc,-0.489606,-8.081203,2.210497,
85138244461373,GameRo,0.579291,0.347814,-0.567305,0.470758
85138259560069,pre,999.893982,,,
85138275185194,pre,999.890259,,,
85138290810319,pre,999.885742,,,
85138274696909,Gyro,0.254616,-0.398153,-0.961661,
85138294838673,Gyro,0.027537,-0.446442,-1.399323,
85138264626025,Lacc,-1.861250,-7.873373,1.762444,
85138264626025,GameRo,0.575015,0.347613,-0.574188,0.467793
85138284767789,Lacc,-2.833244,-7.390932,1.209915,
85138284767789,GameRo,0.574638,0.348088,-0.574559,0.467449
85138306435445,pre,999.889526,,,
85138322060570,pre,999.889526,,,
85138314980434,Gyro,-0.311552,-0.406933,-1.923587,
85138335122196,Gyro,-0.520273,-0.315809,-2.352337,
85138337746732,pre,999.882751,,,
85138304909553,Lacc,-2.812415,-6.496301,0.671029,
85138304909553,GameRo,0.564364,0.353922,-0.590892,0.455060
85138325051316,Lacc,-4.745107,-6.636915,0.920641,
85138325051316,GameRo,0.564073,0.354328,-0.591161,0.454755
85138353310821,pre,999.884277,,,
85138368935947,pre,999.888000,,,
85138355248702,Gyro,-0.386580,-0.373011,-2.632893,
85138375375207,Gyro,-0.203001,-0.428750,-2.878197,
85138345185450,Lacc,-6.528446,-6.555367,1.615399,
85138345185450,GameRo,0.540905,0.377928,-0.611166,0.437113
85138365311953,Lacc,-6.091699,-6.245584,1.794389,
85138365311953,GameRo,0.540623,0.378224,-0.611402,0.436877
85138384469519,pre,999.885010,,,
85138400186197,pre,999.879761,,,
85138395501711,Gyro,-0.110014,-0.425025,-3.098891,
85138415628214,Gyro,-0.038445,-0.407997,-3.310006,
85138416147020,pre,999.874512,,,
85138385438458,Lacc,-5.430143,-4.521302,0.788249,
85138385438458,GameRo,0.511270,0.408259,-0.635560,0.409867
85138405564964,Lacc,-5.316120,-4.109055,-0.004280,
85138405564964,GameRo,0.511155,0.408493,-0.635624,0.409679
85138431314377,pre,999.869263,,,
85138447061574,pre,999.875244,,,
85138435785236,Gyro,0.072234,-0.383387,-3.465516,
85138455942258,Gyro,0.276566,-0.389240,-3.507686,
85138425706727,Lacc,-6.136622,-2.643680,-0.555274,
85138425706727,GameRo,0.478111,0.437794,-0.663769,0.373038
85138445863749,Lacc,-6.617339,-2.572004,-0.717269,
85138445863749,GameRo,0.478147,0.437929,-0.663702,0.372951
85138462595146,pre,999.873779,,,
85138478311825,pre,999.877502,,,
85138493936950,pre,999.892517,,,
85138476038245,Gyro,0.446442,-0.395493,-3.476824,
85138496134233,Gyro,0.489677,-0.379928,-3.408713,
85138465990253,Lacc,-6.303151,-0.896059,-1.052782,
85138465990253,GameRo,0.442029,0.466170,-0.692669,0.327878
85138486086238,Lacc,-4.467773,-0.192141,-1.206102,
85138486086238,GameRo,0.442210,0.466206,-0.692512,0.327916
85138509501040,pre,999.890259,,,
85138525095648,pre,999.888000,,,
85138516306513,Gyro,0.431011,-0.336162,-3.343529,
85138536478793,Gyro,0.335497,-0.266189,-3.269300,
85138506220372,Lacc,-3.003753,1.730295,-1.463342,
85138506220372,GameRo,0.406502,0.486657,-0.721334,0.278564
85138526392654,Lacc,-1.346186,2.567389,-1.585323,
85138526392654,GameRo,0.406856,0.486583,-0.721110,0.278758
85138540751291,pre,999.893250,,,
85138556467970,pre,999.901489,,,
85138571971024,pre,999.900757,,,
85138556620556,Gyro,0.213111,-0.187038,-3.176313,
85138576762320,Gyro,0.203666,-0.119459,-3.037432,
85138546549676,Lacc,-0.995241,4.594504,-1.902973,
85138546549676,GameRo,0.371520,0.504607,-0.744652,0.229867
85138566691440,Lacc,-0.258683,4.946407,-2.009109,
85138566691440,GameRo,0.372100,0.504417,-0.744370,0.230255
85138587687703,pre,999.903015,,,
85138603282311,pre,999.906006,,,
85138596888825,Gyro,0.280689,-0.118927,-2.792128,
85138617015331,Gyro,0.280423,-0.150854,-2.443727,
85138586825574,Lacc,-0.560697,5.974854,-2.139525,
85138619273650,pre,999.902283,,,
85138586825574,GameRo,0.338361,0.522976,-0.760552,0.183217
85138606952077,Lacc,-0.270767,6.461021,-2.266053,
85138606952077,GameRo,0.339108,0.522725,-0.760263,0.183752
85138634441008,pre,999.910522,,,
85138650188204,pre,999.913513,,,
85138637157093,Gyro,0.245171,-0.194753,-2.021230,
85138657298854,Gyro,0.199542,-0.217767,-1.575452,
85138665691259,pre,999.903015,,,
85138627086211,Lacc,-0.777967,7.213751,-2.453169,
85138627086211,GameRo,0.309793,0.535617,-0.772744,0.141456
85138647227975,Lacc,-0.652768,6.988401,-2.649697,
85138647227975,GameRo,0.310631,0.535403,-0.772448,0.142045
85138681468973,pre,999.908264,,,
85138677394842,Gyro,0.129303,-0.217368,-1.143510,
85138697490829,Gyro,0.058798,-0.184510,-0.773559,
85138697063581,pre,999.906006,,,
85138667346849,Lacc,-1.122227,7.452435,-2.886325,
85138667346849,GameRo,0.287973,0.542611,-0.780924,0.113148
85138687442834,Lacc,-0.865849,7.483478,-2.842875,
85138687442834,GameRo,0.288879,0.542405,-0.780640,0.113788
85138712688706,pre,999.897766,,,
85138728313831,pre,999.902283,,,
85138717678369,Gyro,0.008913,-0.122120,-0.466663,
85138737865909,Gyro,-0.047757,-0.026739,-0.168547,
85138707584597,Lacc,-0.922860,7.459022,-2.808353,
85138707584597,GameRo,0.275007,0.545908,-0.785162,0.099377
85138727772137,Lacc,-0.789408,7.182341,-2.722656,
85138727772137,GameRo,0.275885,0.545722,-0.784905,0.099998
85138743908440,pre,999.893250,,,
85138759564082,pre,999.894775,,,
85138775189208,pre,999.893250,,,
85138757946636,Gyro,-0.073698,0.098042,0.164689,
85138778027364,Gyro,-0.079551,0.240249,0.542090,
85138747906272,Lacc,-1.007953,6.865087,-2.701912,
85138747906272,GameRo,0.270537,0.547634,-0.786012,0.095353
85138767987001,Lacc,-1.456056,6.386113,-2.707996,
85138767987001,GameRo,0.271352,0.547502,-0.785755,0.095912
85138790814333,pre,999.893982,,,
85138806439459,pre,999.893250,,,
85138798214904,Gyro,-0.092322,0.395493,0.971372,
85138818402444,Gyro,-0.118395,0.563374,1.459718,
85138821942513,pre,999.898499,,,
85138788121136,Lacc,-2.114193,5.843549,-2.626883,
85138788121136,GameRo,0.276471,0.547599,-0.783496,0.099165
85138808308676,Lacc,-3.289958,5.304379,-2.506640,
85138808308676,GameRo,0.277218,0.547475,-0.783253,0.099679
85138837720228,pre,999.891785,,,
85138853284318,pre,999.900024,,,
85138838544207,Gyro,-0.095514,0.692811,1.985977,
85138858685971,Gyro,-0.060395,0.774756,2.509709,
85138828473327,Lacc,-4.107656,4.397332,-2.102069,
85138828473327,GameRo,0.296043,0.543645,-0.777246,0.112685
85138848615088,Lacc,-4.979543,3.965811,-1.843928,
85138848615088,GameRo,0.296684,0.543493,-0.777040,0.113148
85138868848408,pre,999.900024,,,
85138884565086,pre,999.895508,,,
85138878827735,Gyro,-0.170675,0.785132,3.049404,
85138898969498,Gyro,-0.106423,0.757994,3.636990,
85138900159694,pre,999.897766,,,
85138868756851,Lacc,-6.275222,3.224624,-1.751101,
85138868756851,GameRo,0.330795,0.533363,-0.766052,0.138792
85138888898615,Lacc,-9.000620,2.052278,-1.874347,
85138888898615,GameRo,0.331370,0.533231,-0.765823,0.139191
85138915815337,pre,999.905273,,,
85138931440462,pre,999.916504,,,
85138919096002,Gyro,0.209386,0.766508,4.155134,
85138939222506,Gyro,0.437663,0.818389,4.441278,
85138909032749,Lacc,-8.421810,0.073707,-1.592837,
85138909032749,GameRo,0.376690,0.515766,-0.748026,0.180410
85138929159255,Lacc,-7.125280,-0.338975,-0.641067,
85138929159255,GameRo,0.377003,0.515680,-0.747876,0.180623
85138947065588,pre,999.914246,,,
85138962690713,pre,999.908997,,,
85138978315838,pre,999.910522,,,
85138959318493,Gyro,0.474644,0.840206,4.400305,
85138979414480,Gyro,0.426488,0.778481,4.087689,
85138993910447,pre,999.908264,,,
85138949270500,Lacc,-5.089781,-1.779077,0.889161,
85138949270500,GameRo,0.432181,0.480589,-0.726398,0.233667
85138969366486,Lacc,-5.146685,-1.761658,1.861157,
85138969366486,GameRo,0.432184,0.480495,-0.726430,0.233756
85139009596607,pre,999.911987,,,
85138999602020,Gyro,0.200340,0.712100,3.696985,
85139019789560,Gyro,0.050285,0.610732,3.321846,
85138989508248,Lacc,-4.962659,-3.104209,2.290104,
85138989508248,GameRo,0.486961,0.437564,-0.700392,0.284356
85139009695788,Lacc,-5.071450,-3.402201,1.983570,
85139009695788,GameRo,0.486835,0.437592,-0.700482,0.284307
85139025160697,pre,999.911255,,,
85139040816340,pre,999.895508,,,
85139056349913,pre,999.903015,,,
85139039931322,Gyro,-0.265125,0.485686,2.803435,
85139060073084,Gyro,-0.826770,0.520805,2.285690,
85139029860440,Lacc,-4.115542,-4.248561,1.051887,
85139029860440,GameRo,0.528121,0.400614,-0.674051,0.325963
85139050002204,Lacc,-2.339562,-3.401630,0.837707,
85139050002204,GameRo,0.527952,0.400774,-0.674172,0.325789
85139072066591,pre,999.897034,,,
85139087691716,pre,999.891785,,,
85139080199589,Gyro,-1.294630,0.506571,1.795481,
85139100326095,Gyro,-1.448411,0.478236,1.381364,
85139070136337,Lacc,-0.792326,-3.741761,1.243971,
85139104537555,pre,999.894775,,,
85139070136337,GameRo,0.553121,0.379267,-0.647683,0.361554
85139090262841,Lacc,0.439076,-3.219567,1.374759,
85139090262841,GameRo,0.552816,0.379463,-0.647936,0.361360
85139118941967,pre,999.895508,,,
85139134567093,pre,999.888000,,,
85139120467859,Gyro,-1.364071,0.425424,1.069147,
85139140609622,Gyro,-1.078991,0.396823,0.876922,
85139150161701,pre,999.890259,,,
85139110396975,Lacc,1.537164,-3.904289,1.368423,
85139110396975,GameRo,0.561520,0.381736,-0.619258,0.394326
85139130538738,Lacc,2.442296,-4.316905,1.186049,
85139130538738,GameRo,0.561093,0.382077,-0.619637,0.394007
85139165817344,pre,999.897766,,,
85139160797162,Gyro,-0.576012,0.387245,0.784999,
85139180984702,Gyro,0.044032,0.394162,0.790719,
85139182235932,pre,999.892517,,,
85139150703390,Lacc,3.261868,-5.158322,1.331697,
85139150703390,GameRo,0.562748,0.390711,-0.596678,0.417894
85139170890930,Lacc,3.640832,-5.180327,1.117310,
85139170890930,GameRo,0.562232,0.391157,-0.597156,0.417488
85139197067594,pre,999.890259,,,
85139212692720,pre,999.891785,,,
85139201065430,Gyro,0.872000,0.448704,0.856568,
85139221146157,Gyro,1.688925,0.440323,0.933858,
85139191025064,Lacc,3.886196,-5.416386,0.972493,
85139191025064,GameRo,0.568361,0.391787,-0.582891,0.428611
85139211105791,Lacc,3.877592,-6.289005,1.859000,
85139211105791,GameRo,0.567743,0.392258,-0.583479,0.428199
85139229141827,pre,999.897034,,,
85139243942971,pre,999.895508,,,
85139259476543,pre,999.894775,,,
85139241333697,Gyro,2.087877,0.319401,0.954211,
85139261521237,Gyro,1.745994,0.124115,0.924280,
85139231239925,Lacc,3.657133,-7.269145,3.144546,
85139231239925,GameRo,0.587866,0.374516,-0.579314,0.422548
85139251427465,Lacc,3.682616,-6.657739,3.506101,
85139251427465,GameRo,0.587150,0.374907,-0.580011,0.422240
85139275193222,pre,999.895508,,,
85139290818347,pre,999.897766,,,
85139281617222,Gyro,0.906188,-0.047491,0.853509,
85139301713207,Gyro,0.127441,-0.215772,0.630154,
85139306351920,pre,999.917236,,,
85139321946527,pre,999.900024,,,
85139337663206,pre,999.895508,,,
85139321809195,Gyro,-0.360772,-0.375272,0.265923,
85139341905182,Gyro,-0.426621,-0.501915,-0.192891,
85139271569228,Lacc,3.484295,-5.924140,3.469387,
85139271569228,GameRo,0.614263,0.341511,-0.584415,0.405599
85139291665216,Lacc,2.968796,-5.845272,3.067304,
85139353440921,pre,999.897766,,,
85139291665216,GameRo,0.613645,0.341899,-0.585043,0.405302
85139311761202,Lacc,1.712424,-6.773199,2.914135,
85139311761202,GameRo,0.623773,0.322468,-0.585050,0.405756
85139368943974,pre,999.894775,,,
85139362077462,Gyro,-0.339355,-0.587851,-0.717953,
85139382249742,Gyro,-0.238786,-0.577076,-1.233570,
85139351991321,Lacc,-1.498762,-8.295346,2.586537,
85139384538582,pre,999.885010,,,
85139351991321,GameRo,0.623305,0.322952,-0.585553,0.405365
85139372163603,Lacc,-2.565694,-8.199986,2.340499,
85139372163603,GameRo,0.622880,0.323418,-0.586011,0.404985
85139400194225,pre,999.884277,,,
85139415819350,pre,999.889526,,,
85139402391506,Gyro,-0.283749,-0.513489,-1.726972,
85139422533269,Gyro,-0.400415,-0.408263,-2.220506,
85139392320626,Lacc,-3.025371,-6.911830,1.683990,
85139392320626,GameRo,0.593196,0.339523,-0.608308,0.403490
85139412462390,Lacc,-2.935583,-6.279686,1.675229,
85139412462390,GameRo,0.592857,0.339891,-0.608635,0.403184
85139431322405,pre,999.888733,,,
85139447069601,pre,999.888733,,,
85139442613997,Gyro,-0.368488,-0.311552,-2.621187,
85139462694724,Gyro,-0.033124,-0.349598,-2.824720,
85139462694727,pre,999.881287,,,
85139432573635,Lacc,-4.311661,-5.704388,1.734856,
85139432573635,GameRo,0.571151,0.361255,-0.627207,0.387160
85139452654362,Lacc,-5.805285,-6.051147,1.986045,
85139452654362,GameRo,0.570872,0.361526,-0.627452,0.386921
85139487017432,pre,999.882751,,,
85139482836487,Gyro,0.226281,-0.455887,-2.978766,
85139502978251,Gyro,0.287075,-0.549539,-3.064969,
85139472765608,Lacc,-5.508315,-4.568050,1.735825,
85139472765608,GameRo,0.543827,0.393708,-0.648665,0.358441
85139504504144,pre,999.879761,,,
85139492907371,Lacc,-5.047436,-4.017844,0.960982,
85139492907371,GameRo,0.543668,0.393880,-0.648784,0.358279
85139519335806,pre,999.875244,,,
85139535021968,pre,999.869263,,,
85139523165791,Gyro,0.300245,-0.635875,-3.122038,
85139543353331,Gyro,0.269914,-0.711568,-3.122703,
85139513072023,Lacc,-5.082655,-2.671426,0.028714,
85139513072023,GameRo,0.514537,0.419214,-0.676471,0.319217
85139533259563,Lacc,-5.483027,-2.452507,-0.379866,
85139533259563,GameRo,0.514544,0.419321,-0.676436,0.319137
85139550647094,pre,999.873779,,,
85139566272219,pre,999.879028,,,
85139581897345,pre,999.890259,,,
85139563464577,Gyro,0.215506,-0.806417,-3.041556,
85139583575822,Gyro,0.074895,-0.888761,-2.914780,
85139553408956,Lacc,-6.346910,-1.135815,-0.778827,
85139553408956,GameRo,0.480199,0.442643,-0.704311,0.278250
85139573520201,Lacc,-6.209245,-0.782440,-0.717803,
85139573520201,GameRo,0.480347,0.442643,-0.704189,0.278300
85139597522470,pre,999.885742,,,
85139613086559,pre,999.885010,,,
85139603748104,Gyro,-0.137019,-0.929069,-2.814610,
85139623920386,Gyro,-0.451631,-0.895546,-2.802637,
85139630329129,pre,999.885742,,,
85139644275774,pre,999.885742,,,
85139593661964,Lacc,-5.549298,0.646010,-1.256067,
85139593661964,GameRo,0.442245,0.463522,-0.729176,0.240560
85139613834244,Lacc,-3.678529,1.263850,-1.593469,
85139613834244,GameRo,0.442545,0.463481,-0.728970,0.240711
85139659961935,pre,999.888733,,,
85139644062150,Gyro,-0.718485,-0.832357,-2.824587,
85139664203913,Gyro,-0.928803,-0.718884,-2.839885,
85139633991266,Lacc,-2.563281,2.772457,-2.002239,
85139633991266,GameRo,0.401465,0.485831,-0.747546,0.209691
85139654133030,Lacc,-1.005800,3.514365,-2.232115,
85139654133030,GameRo,0.401939,0.485746,-0.747268,0.209969
85139675648097,pre,999.903015,,,
85139691273223,pre,999.894775,,,
85139684330417,Gyro,-0.955009,-0.536370,-2.812215,
85139704456921,Gyro,-0.705581,-0.333236,-2.672935,
85139707508704,pre,999.901489,,,
85139674267163,Lacc,-0.397818,4.793466,-2.326044,
85139674267163,GameRo,0.358625,0.515752,-0.756585,0.181571
85139694393667,Lacc,0.332700,5.151674,-2.214148,
85139694393667,GameRo,0.359229,0.515603,-0.756300,0.181985
85139722523474,pre,999.900024,,,
85139738148599,pre,999.897766,,,
85139724598684,Gyro,-0.286676,-0.165354,-2.479911,
85139744740448,Gyro,0.155776,-0.045496,-2.252566,
85139714527800,Lacc,-0.086928,6.029955,-1.947514,
85139714527800,GameRo,0.319153,0.547125,-0.758832,0.151561
85139734669564,Lacc,0.183322,5.940476,-1.956559,
85139734669564,GameRo,0.319817,0.546943,-0.758582,0.152065
85139753773724,pre,999.903015,,,
85139769398850,pre,999.900757,,,
85139764821175,Gyro,0.453094,0.017959,-1.960968,
85139784901902,Gyro,0.555393,0.035652,-1.594875,
85139785695367,pre,999.894775,,,
85139754780809,Lacc,-0.499869,6.752289,-2.122531,
85139754780809,GameRo,0.290555,0.564481,-0.763538,0.118107
85139774861537,Lacc,-0.466819,7.228565,-2.309216,
85139774861537,GameRo,0.291389,0.564291,-0.763261,0.118750
85139800649101,pre,999.895508,,,
85139816274226,pre,999.893982,,,
85139805089442,Gyro,0.392566,-0.009046,-1.158010,
85139825276982,Gyro,0.062523,-0.019023,-0.683100,
85139831777280,pre,999.897766,,,
85139794995670,Lacc,-1.337137,8.389865,-2.527590,
85139794995670,GameRo,0.272141,0.567212,-0.772416,0.087085
85139815183210,Lacc,-1.322551,8.696971,-2.534980,
85139815183210,GameRo,0.273109,0.566955,-0.772175,0.087859
85139847524477,pre,999.894775,,,
85139863149602,pre,999.893250,,,
85139845372968,Gyro,-0.148592,0.026207,-0.206593,
85139865468953,Gyro,-0.168414,0.072367,0.284015,
85139835324974,Lacc,-1.432381,8.005832,-2.603872,
85139835324974,GameRo,0.262186,0.567019,-0.777715,0.070056
85139855420961,Lacc,-1.381130,7.348706,-2.467622,
85139855420961,GameRo,0.263063,0.566842,-0.777486,0.070731
85139878774728,pre,999.889526,,,
85139894399853,pre,999.893250,,,
85139885656493,Gyro,-0.091390,0.135822,0.700127,
85139905844033,Gyro,-0.003459,0.206061,1.065023,
85139875562725,Lacc,-1.557774,7.181952,-2.235664,
85139875562725,GameRo,0.262895,0.570037,-0.775253,0.070199
85139895750265,Lacc,-2.126691,6.910582,-2.144362,
85139895750265,GameRo,0.263720,0.569839,-0.775058,0.070856
85139909933425,pre,999.898499,,,
85139925650104,pre,999.887268,,,
85139941275230,pre,999.893982,,,
85139925970539,Gyro,0.022748,0.299579,1.439897,
85139946097044,Gyro,0.040973,0.391502,1.860931,
85139915907287,Lacc,-2.915810,6.176960,-2.057535,
85139915907287,GameRo,0.275657,0.566836,-0.771965,0.082338
85139936033791,Lacc,-4.163608,5.546537,-1.806150,
85139936033791,GameRo,0.276389,0.566642,-0.771783,0.082928
85139956900355,pre,999.893982,,,
85139972555998,pre,999.895508,,,
85139966238808,Gyro,0.073032,0.443383,2.280236,
85139986380572,Gyro,0.000798,0.427286,2.734394,
85139956167924,Lacc,-4.569649,4.650408,-1.279901,
85139988699926,pre,999.894775,,,
85139956167924,GameRo,0.299162,0.557789,-0.767278,0.103237
85139976309688,Lacc,-5.778805,4.184938,-1.014933,
85139976309688,GameRo,0.299778,0.557563,-0.767131,0.103766
85140003806249,pre,999.906006,,,
85140019400857,pre,999.909729,,,
85140006522333,Gyro,-0.164423,0.355451,3.269300,
85140026664095,Gyro,-0.168015,0.270180,3.842651,
85139996451452,Lacc,-8.188376,2.993628,-0.982206,
85139996451452,GameRo,0.333559,0.542286,-0.759193,0.135238
85140016593215,Lacc,-11.098625,1.710960,-1.288128,
85140016593215,GameRo,0.334118,0.542113,-0.758993,0.135674
85140034964946,pre,999.904480,,,
85140050620589,pre,999.913513,,,
85140066276233,pre,999.908264,,,
85140046744824,Gyro,-0.297584,0.250758,4.269405,
85140066825553,Gyro,-0.617650,0.340685,4.439149,
85140036704461,Lacc,-9.699350,0.189566,-1.092821,
85140036704461,GameRo,0.375458,0.521601,-0.743595,0.184474
85140056785188,Lacc,-7.641193,0.274685,-0.334829,
85140056785188,GameRo,0.375792,0.521470,-0.743453,0.184738
85140081901358,pre,999.907532,,,
85140097526484,pre,999.913513,,,
85140087013093,Gyro,-0.665540,0.371415,4.321553,
85140107200634,Gyro,-0.357580,0.348800,4.057226,
85140114311286,pre,999.921753,,,
85140076919321,Lacc,-5.746796,-1.772864,0.785259,
85140076919321,GameRo,0.422292,0.492699,-0.719079,0.248681
85140097106862,Lacc,-6.112385,-2.300272,1.524460,
85140097106862,GameRo,0.422321,0.492632,-0.719082,0.248756
85140128776735,pre,999.908997,,,
85140144401860,pre,999.908264,,,
85140127342395,Gyro,0.076358,0.293460,3.761903,
85140147484157,Gyro,0.369020,0.268850,3.435053,
85140117271513,Lacc,-5.701956,-3.766834,1.773722,
85140117271513,GameRo,0.465391,0.465582,-0.685223,0.311631
85140137413277,Lacc,-5.265071,-3.504242,1.018248,
85140137413277,GameRo,0.465315,0.465640,-0.685268,0.311559
85140160026986,pre,999.906738,,,
85140175652111,pre,999.911255,,,
85140167625921,Gyro,0.455222,0.291864,3.026124,
85140187767684,Gyro,0.262465,0.319534,2.561989,
85140157555041,Lacc,-3.706466,-4.583759,0.178637,
85140157555041,GameRo,0.503518,0.429717,-0.658824,0.357442
85140177696804,Lacc,-2.222966,-3.794056,0.046082,
85140177696804,GameRo,0.503375,0.429925,-0.658921,0.357213
85140191185683,pre,999.906006,,,
85140206810808,pre,999.908264,,,
85140222527487,pre,999.916504,,,
85140207848412,Gyro,-0.165354,0.327515,2.147872,
85140227929139,Gyro,-0.559649,0.299712,1.796013,
85140197808050,Lacc,-0.419088,-4.207876,0.905400,
85140238030541,pre,999.896240,,,
85140197808050,GameRo,0.534815,0.395746,-0.637686,0.388219
85140217888777,Lacc,1.132821,-4.094716,1.787764,
85140217888777,GameRo,0.534398,0.395987,-0.638026,0.387991
85140253747220,pre,999.905273,,,
85140248116679,Gyro,-0.659421,0.241313,1.539269,
85140268304219,Gyro,-0.607274,0.145799,1.352497,
85140270379433,pre,999.916504,,,
85140238022911,Lacc,2.271389,-5.295901,2.170799,
85140238022911,GameRo,0.552080,0.379324,-0.616408,0.413959
85140258210451,Lacc,2.824204,-5.302708,1.849130,
85140284905917,pre,999.900757,,,
85140258210451,GameRo,0.551527,0.379700,-0.616889,0.413636
85140300653114,pre,999.902283,,,
85140288445983,Gyro,-0.368089,0.073165,1.217208,
85140308587746,Gyro,-0.031794,0.026872,1.122625,
85140278375103,Lacc,3.229887,-5.917854,1.553509,
85140278375103,GameRo,0.559220,0.373635,-0.596949,0.437404
85140298516866,Lacc,3.549919,-6.332688,1.459896,
85140298516866,GameRo,0.558629,0.374131,-0.597493,0.436991
85140316186686,pre,999.904480,,,
85140331903365,pre,999.893250,,,
85140347528491,pre,999.888000,,,
85140328668473,Gyro,0.201937,-0.033789,1.040679,
85140348749201,Gyro,0.353722,-0.091523,0.940376,
85140318628112,Lacc,3.562026,-7.017306,1.470086,
85140318628112,GameRo,0.564768,0.365476,-0.584298,0.453938
85140338708839,Lacc,3.509555,-7.120573,1.431625,
85140338708839,GameRo,0.564163,0.366026,-0.584878,0.453501
85140363153616,pre,999.895508,,,
85140378778742,pre,999.890991,,,
85140368936741,Gyro,0.437397,-0.160831,0.781540,
85140389124281,Gyro,0.366226,-0.246102,0.530649,
85140358842973,Lacc,3.299480,-7.703748,1.483408,
85140358842973,GameRo,0.572681,0.351685,-0.578313,0.462502
85140379030513,Lacc,3.215551,-7.599763,1.526155,
85140379030513,GameRo,0.572076,0.352260,-0.578912,0.462064
85140394403867,pre,999.893250,,,
85140410028993,pre,999.893250,,,
85140425654118,pre,999.890991,,,
85140409220268,Gyro,0.126111,-0.305832,0.180785,
85140429316255,Gyro,-0.150189,-0.333236,-0.218299,
85140399172275,Lacc,3.192000,-7.682319,1.331297,
85140399172275,GameRo,0.578720,0.337458,-0.577661,0.466383
85140419268261,Lacc,2.706127,-7.795134,1.048097,
85140419268261,GameRo,0.578176,0.338077,-0.578222,0.465913
85140441248725,pre,999.889526,,,
85140456812815,pre,999.886536,,,
85140449503795,Gyro,-0.363300,-0.341084,-0.623636,
85140469691335,Gyro,-0.357846,-0.322327,-1.007023,
85140439410023,Lacc,1.769058,-8.044243,0.896143,
85140439410023,GameRo,0.575498,0.333504,-0.581921,0.467915
85140459597563,Lacc,0.609569,-8.290689,0.951963,
85140472498976,pre,999.891785,,,
85140459597563,GameRo,0.575028,0.334102,-0.582410,0.467458
85140488154620,pre,999.888000,,,
85140503810262,pre,999.884277,,,
85140489833099,Gyro,-0.188634,-0.289868,-1.358750,
85140509974863,Gyro,-0.134624,-0.274703,-1.712737,
85140479762215,Lacc,-0.955497,-8.220699,0.817245,
85140479762215,GameRo,0.562160,0.344027,-0.590709,0.465494
85140499903979,Lacc,-2.442445,-8.086671,0.880682,
85140499903979,GameRo,0.561785,0.344541,-0.591084,0.465090
85140519313317,pre,999.876038,,,
85140535029996,pre,999.879761,,,
85140530101366,Gyro,-0.278029,-0.222024,-2.070184,
85140550227870,Gyro,-0.514154,-0.119858,-2.467805,
85140551448585,pre,999.882019,,,
85140520038113,Lacc,-2.912173,-6.859753,0.486860,
85140520038113,GameRo,0.546311,0.360315,-0.606568,0.451434
85140540164616,Lacc,-2.814017,-6.240025,0.175540,
85140540164616,GameRo,0.546047,0.360741,-0.606813,0.451084
85140566280247,pre,999.868530,,,
85140581905372,pre,999.878235,,,
85140570369634,Gyro,-0.520539,0.009312,-2.781219,
85140590511397,Gyro,-0.117863,-0.002528,-2.927950,
85140597499979,pre,999.884277,,,
85140560298750,Lacc,-4.322010,-5.720039,0.258331,
85140560298750,GameRo,0.524388,0.386200,-0.625862,0.429144
85140580440513,Lacc,-5.650502,-6.178041,0.910684,
85140580440513,GameRo,0.524158,0.386510,-0.626047,0.428874
85140613155623,pre,999.879028,,,
85140629330069,pre,999.879028,,,
85140610592125,Gyro,0.144203,-0.045762,-3.090776,
85140630672852,Gyro,0.245437,-0.064386,-3.244291,
85140644375356,pre,999.876038,,,
85140600551759,Lacc,-5.142469,-4.066025,1.217136,
85140600551759,GameRo,0.497150,0.422037,-0.645609,0.397387
85140620632486,Lacc,-4.951810,-3.780257,0.638925,
85140620632486,GameRo,0.497025,0.422204,-0.645692,0.397231
85140659939446,pre,999.869263,,,
85140650860392,Gyro,0.323125,-0.112542,-3.339938,
85140671047932,Gyro,0.372745,-0.140212,-3.363617,
85140640766620,Lacc,-6.081214,-2.574345,-0.159466,
85140640766620,GameRo,0.470409,0.449748,-0.671407,0.354478
85140660954160,Lacc,-6.736054,-2.246073,-0.578392,
85140660954160,GameRo,0.470469,0.449840,-0.671332,0.354425
85140675564571,pre,999.874512,,,
85140691281250,pre,999.880493,,,
85140706906376,pre,999.877502,,,
85140691189696,Gyro,0.502048,-0.169744,-3.279543,
85140711331459,Gyro,0.572420,-0.183978,-3.157423,
85140681118812,Lacc,-7.160891,-0.768080,-0.713340,
85140681118812,GameRo,0.439952,0.475215,-0.697731,0.306243
85140701260575,Lacc,-6.172603,-0.260301,-0.527950,
85140701260575,GameRo,0.440130,0.475187,-0.697598,0.306333
85140722531501,pre,999.879761,,,
85140738126108,pre,999.888000,,,
85140731473221,Gyro,0.554195,-0.187304,-3.009230,
85140751614983,Gyro,0.499122,-0.189831,-2.859573,
85140754239519,pre,999.883484,,,
85140721402339,Lacc,-5.388404,1.302487,-0.722410,
85140721402339,GameRo,0.408927,0.494639,-0.722504,0.257099
85140741544103,Lacc,-3.719821,1.999243,-1.110624,
85140741544103,GameRo,0.409252,0.494539,-0.722309,0.257320
85140769315324,pre,999.889526,,,
85140785032003,pre,999.887268,,,
85140771756746,Gyro,0.351327,-0.149125,-2.712311,
85140791898510,Gyro,0.282020,-0.058931,-2.574095,
85140761685866,Lacc,-2.359696,4.057982,-1.611004,
85140761685866,GameRo,0.379401,0.509059,-0.743174,0.211202
85140781827630,Lacc,-0.632563,4.641742,-1.692902,
85140781827630,GameRo,0.379921,0.508871,-0.742925,0.211596
85140800657128,pre,999.884277,,,
85140816282254,pre,999.893250,,,
85140811979237,Gyro,0.359176,0.025142,-2.432952,
85140832059964,Gyro,0.482493,0.071835,-2.296066,
85140831785306,pre,999.897034,,,
85140801938876,Lacc,-0.098667,5.621854,-1.793767,
85140801938876,GameRo,0.351873,0.522778,-0.757511,0.170486
85140822019603,Lacc,0.633353,5.714170,-1.715991,
85140822019603,GameRo,0.352476,0.522535,-0.757288,0.170977
85140856382673,pre,999.896240,,,
85140852216988,Gyro,0.529851,0.058266,-2.082955,
85140872374012,Gyro,0.459745,0.038977,-1.785903,
85140842138477,Lacc,0.132303,7.011496,-1.770090,
85140842138477,GameRo,0.329377,0.533025,-0.768140,0.131741
85140873869385,pre,999.900024,,,
85140862295499,Lacc,0.328162,7.614653,-1.964166,
85140862295499,GameRo,0.330184,0.532667,-0.767923,0.132434
85140888792601,pre,999.903015,,,
85140904417726,pre,999.896240,,,
85140892546292,Gyro,0.393630,0.022083,-1.421007,
85140912718572,Gyro,0.304901,-0.002528,-1.020326,
85140882460151,Lacc,-0.270278,7.929421,-2.202325,
85140882460151,GameRo,0.311189,0.537388,-0.777745,0.097406
85140902632433,Lacc,-0.429712,7.660956,-2.246687,
85140919920781,pre,999.893250,,,
85140902632433,GameRo,0.312034,0.537077,-0.777534,0.098103
85140935667977,pre,999.904480,,,
85140951293103,pre,999.900024,,,
85140932799299,Gyro,0.153248,-0.026872,-0.651971,
85140952880026,Gyro,0.050418,-0.016895,-0.332437,
85140922758937,Lacc,-0.999707,8.015768,-2.438946,
85140922758937,GameRo,0.299242,0.539146,-0.783666,0.075118
85140942839665,Lacc,-1.127291,7.648734,-2.402503,
85140942839665,GameRo,0.300107,0.538858,-0.783466,0.075819
85140966918228,pre,999.893250,,,
85140982543353,pre,999.900024,,,
85140973067566,Gyro,-0.017826,0.010243,-0.017693,
85140993255106,Gyro,-0.122785,0.067046,0.316607,
85140962973798,Lacc,-1.639203,7.210920,-2.362140,
85140962973798,GameRo,0.294364,0.539928,-0.785725,0.066815
85140983161338,Lacc,-2.072751,6.856830,-2.280464,
85140983161338,GameRo,0.295173,0.539677,-0.785538,0.067461
85140998076925,pre,999.893982,,,
85141013793604,pre,999.900757,,,
85141029418730,pre,999.898499,,,
85141013351094,Gyro,-0.219896,0.148193,0.690283,
85141033447081,Gyro,-0.282685,0.246235,1.117037,
85141003303101,Lacc,-2.606696,6.331513,-2.213115,
85141003303101,GameRo,0.296689,0.539766,-0.784789,0.068807
85141023399086,Lacc,-3.472604,5.882051,-2.115248,
85141023399086,GameRo,0.297438,0.539546,-0.784605,0.069399
85141045043855,pre,999.900024,,,
85141060668981,pre,999.896240,,,
85141053634621,Gyro,-0.365428,0.344676,1.579975,
85141073822161,Gyro,-0.400548,0.434071,2.064331,
85141077453783,pre,999.900024,,,
85141091797160,pre,999.894775,,,
85141043540849,Lacc,-4.304281,5.345364,-1.836399,
85141043540849,GameRo,0.308712,0.538595,-0.779707,0.081663
85141063728389,Lacc,-5.086058,4.676410,-1.640869,
85141063728389,GameRo,0.309375,0.538379,-0.779537,0.082200
85141107544357,pre,999.904480,,,
85141093948665,Gyro,-0.397355,0.476773,2.524076,
85141114075168,Gyro,-0.346006,0.467062,3.037299,
85141083885412,Lacc,-4.944633,3.563180,-1.079917,
85141083885412,GameRo,0.332968,0.533858,-0.769816,0.107293
85141104011917,Lacc,-6.759787,2.871690,-0.952167,
85141104011917,GameRo,0.333504,0.533655,-0.769662,0.107741
85141123169482,pre,999.908264,,,
85141138794608,pre,999.905273,,,
85141134171156,Gyro,-0.103895,0.421034,3.610517,
85141154267143,Gyro,0.169611,0.399750,4.105781,
85141154846983,pre,999.906006,,,
85141124123163,Lacc,-8.120254,1.327032,-0.748204,
85141124123163,GameRo,0.368138,0.522307,-0.755225,0.145963
85141144219148,Lacc,-9.090634,0.807381,-0.667288,
85141144219148,GameRo,0.368562,0.522146,-0.755063,0.146305
85141170044859,pre,999.904480,,,
85141185669984,pre,999.906006,,,
85141174454683,Gyro,0.185574,0.395227,4.370906,
85141194642223,Gyro,-0.129037,0.389373,4.331397,
85141164360911,Lacc,-7.612427,-0.306261,-0.165363,
85141164360911,GameRo,0.412967,0.495156,-0.738196,0.198354
85141184548451,Lacc,-6.275310,-0.139688,0.229522,
85141184548451,GameRo,0.413184,0.495036,-0.738104,0.198549
85141201203556,pre,999.909729,,,
85141216920235,pre,999.908264,,,
85141232453807,pre,999.905273,,,
85141214722950,Gyro,-0.512025,0.367823,4.089285,
85141234803677,Gyro,-0.744292,0.292795,3.765894,
85141248201004,pre,999.911255,,,
85141263673540,pre,999.905273,,,
85141254945441,Gyro,-0.724205,0.203267,3.452746,
85141275087205,Gyro,-0.562975,0.147927,3.092505,
85141279390219,pre,999.895508,,,
85141204682586,Lacc,-5.034838,-1.572227,0.417575,
85141204682586,GameRo,0.461910,0.455540,-0.715929,0.258009
85141224763315,Lacc,-5.662205,-1.665470,0.536865,
85141224763315,GameRo,0.461972,0.455515,-0.715891,0.258047
85141244874560,Lacc,-4.968529,-3.446332,0.785772,
85141244874560,GameRo,0.499365,0.426639,-0.684094,0.317221
85141294954308,pre,999.905273,,,
85141310670987,pre,999.896240,,,
85141295274745,Gyro,-0.511626,0.119991,2.670407,
85141315462285,Gyro,-0.734715,0.135556,2.209065,
85141285180973,Lacc,-1.969289,-3.361142,0.433444,
85141285180973,GameRo,0.499223,0.426801,-0.684183,0.317035
85141305368513,Lacc,-0.433899,-2.823461,0.526841,
85141305368513,GameRo,0.499041,0.426961,-0.684302,0.316848
85141326296113,pre,999.896240,,,
85141341921238,pre,999.897766,,,
85141335604049,Gyro,-0.947560,0.161762,1.784972,
85141355745812,Gyro,-0.906188,0.133028,1.449874,
85141325533165,Lacc,0.953327,-4.545841,0.998614,
85141357943096,pre,999.902283,,,
85141325533165,GameRo,0.538336,0.386347,-0.635510,0.396305
85141345674928,Lacc,1.844133,-4.832215,1.237102,
85141345674928,GameRo,0.537898,0.386695,-0.635873,0.395978
85141373171489,pre,999.908264,,,
85141388796615,pre,999.891785,,,
85141375872316,Gyro,-0.769568,0.083276,1.224657,
85141395998819,Gyro,-0.572952,0.040441,1.061565,
85141365809063,Lacc,2.565312,-5.537759,1.270446,
85141365809063,GameRo,0.544606,0.381949,-0.612909,0.426453
85141385935569,Lacc,3.031964,-5.507704,1.147826,
85141385935569,GameRo,0.544083,0.382388,-0.613366,0.426070
85141404330186,pre,999.890259,,,
85141420046865,pre,999.885010,,,
85141435549920,pre,999.892517,,,
85141416094807,Gyro,-0.361571,0.010243,0.943170,
85141436190794,Gyro,-0.123849,0.000665,0.823843,
85141406046814,Lacc,3.233400,-6.163087,0.950344,
85141406046814,GameRo,0.546965,0.379488,-0.597023,0.447640
85141426142799,Lacc,3.433445,-6.655624,0.811331,
85141426142799,GameRo,0.546412,0.380034,-0.597530,0.447175
85141451266599,pre,999.879761,,,
85141466922242,pre,999.890259,,,
85141456378334,Gyro,0.079285,-0.000931,0.698930,
85141476565874,Gyro,0.163492,-0.053078,0.518278,
85141446284562,Lacc,3.220698,-7.483082,0.737716,
85141446284562,GameRo,0.549941,0.374390,-0.587203,0.461075
85141466472102,Lacc,2.989845,-7.559700,0.978810,
85141466472102,GameRo,0.549370,0.374964,-0.587740,0.460604
85141482547367,pre,999.893250,,,
85141498172493,pre,999.887268,,,
85141513797618,pre,999.879028,,,
85141496646601,Gyro,0.097377,-0.101367,0.245171,
85141516727329,Gyro,0.009711,-0.105225,-0.057867,
85141486606236,Lacc,3.146759,-7.353419,1.032556,
85141486606236,GameRo,0.554736,0.366747,-0.582909,0.466885
85141506686963,Lacc,3.290901,-7.080207,0.759039,
85141506686963,GameRo,0.554182,0.367330,-0.583443,0.466418
85141529331190,pre,999.889526,,,
85141545047869,pre,999.882019,,,
85141536914869,Gyro,-0.110147,-0.099505,-0.395626,
85141557102409,Gyro,-0.135556,-0.079551,-0.768903,
85141560825584,pre,999.879761,,,
85141576237084,pre,999.879761,,,
85141526821097,Lacc,2.944785,-7.167150,0.658030,
85141526821097,GameRo,0.554669,0.363736,-0.583959,0.468006
85141547008637,Lacc,2.253161,-7.570042,0.888152,
85141547008637,GameRo,0.554139,0.364308,-0.584472,0.467549
85141591831691,pre,999.882751,,,
85141577198394,Gyro,-0.127042,-0.072367,-1.123157,
85141597294379,Gyro,-0.050817,-0.046028,-1.446681,
85141567150400,Lacc,1.193978,-7.447268,1.071911,
85141567150400,GameRo,0.547910,0.370504,-0.589490,0.463706
85141587246388,Lacc,0.021420,-7.403143,0.939273,
85141587246388,GameRo,0.547466,0.371002,-0.589910,0.463299
85141607548371,pre,999.877502,,,
85141623112461,pre,999.873779,,,
85141617481919,Gyro,0.122386,-0.039243,-1.740274,
85141637669459,Gyro,0.143404,-0.047491,-2.056615,
85141607388151,Lacc,-1.550185,-6.988866,0.768725,
85141639836228,pre,999.877502,,,
85141607388151,GameRo,0.536099,0.385213,-0.601043,0.450507
85141627575691,Lacc,-2.874997,-6.561920,0.773895,
85141627575691,GameRo,0.535783,0.385599,-0.601326,0.450175
85141654362711,pre,999.874512,,,
85141670048872,pre,999.877502,,,
85141657811223,Gyro,0.023812,-0.025807,-2.411401,
85141677952987,Gyro,-0.190496,0.047358,-2.718430,
85141647740343,Lacc,-3.142331,-5.388809,0.708072,
85141647740343,GameRo,0.521922,0.403118,-0.618947,0.426612
85141667882107,Lacc,-4.847550,-5.151770,0.663096,
85141667882107,GameRo,0.521719,0.403382,-0.619112,0.426373
85141685673998,pre,999.881287,,,
85141701299123,pre,999.882751,,,
85141716924249,pre,999.877502,,,
85141698033714,Gyro,0.006784,0.021285,-2.888573,
85141718114441,Gyro,0.384584,-0.052812,-3.018941,
85141687993352,Lacc,-7.043679,-5.054103,1.172996,
85141687993352,GameRo,0.500635,0.429028,-0.639749,0.394995
85141708074080,Lacc,-6.581137,-4.846681,1.510747,
85141708074080,GameRo,0.500460,0.429181,-0.639880,0.394839
85141732518857,pre,999.869995,,,
85141748174500,pre,999.877502,,,
85141738301981,Gyro,0.537035,-0.079418,-3.163676,
85141758489521,Gyro,0.544750,-0.116134,-3.326236,
85141728208213,Lacc,-5.281985,-2.750343,1.182333,
85141728208213,GameRo,0.474843,0.457334,-0.662296,0.355996
85141748395753,Lacc,-4.581894,-2.106407,0.545587,
85141748395753,GameRo,0.474809,0.457381,-0.662314,0.355949
85141763708071,pre,999.880493,,,
85141779394233,pre,999.877502,,,
85141795049876,pre,999.887268,,,
85141778631285,Gyro,0.607673,-0.150455,-3.377718,
85141798773049,Gyro,0.794976,-0.204331,-3.292979,
85141768560405,Lacc,-5.497036,-0.748287,-0.131090,
85141768560405,GameRo,0.447313,0.478871,-0.689689,0.308095
85141788702169,Lacc,-6.059983,-0.745242,-0.451117,
85141788702169,GameRo,0.447455,0.478858,-0.689578,0.308156
85141810675001,pre,999.890991,,,
85141826330645,pre,999.882751,,,
85141818899552,Gyro,1.046799,-0.252221,-3.127891,
85141839026056,Gyro,1.168120,-0.310222,-2.926220,
85141808836302,Lacc,-5.996071,0.500834,-0.627977,
85141808836302,GameRo,0.415729,0.498341,-0.716233,0.256582
85141828962806,Lacc,-4.632990,1.050749,-0.733973,
85141842108360,pre,999.888000,,,
85141828962806,GameRo,0.415993,0.498254,-0.716076,0.256764
85141857458824,pre,999.897766,,,
85141873175396,pre,999.893982,,,
85141859167820,Gyro,1.157212,-0.339355,-2.735857,
85141879309395,Gyro,1.039482,-0.375805,-2.561856,
85141849096940,Lacc,-3.944919,2.674822,-1.245708,
85141849096940,GameRo,0.386150,0.506018,-0.743356,0.205564
85141869238649,Lacc,-2.731667,3.518159,-1.569896,
85141869238649,GameRo,0.386611,0.505868,-0.743126,0.205896
85141888800315,pre,999.897766,,,
85141904425233,pre,999.905273,,,
85141899450892,Gyro,0.810541,-0.385116,-2.412732,
85141919592388,Gyro,0.540227,-0.355717,-2.257887,
85141889380144,Lacc,-1.948212,5.161311,-2.212320,
85141889380144,GameRo,0.358649,0.507196,-0.767101,0.160247
85141921301364,pre,999.898499,,,
85141909521639,Lacc,-0.513634,5.616909,-2.208984,
85141909521639,GameRo,0.359303,0.506982,-0.766836,0.160729
85141944372533,pre,999.903015,,,
85141939733885,Gyro,0.355983,-0.319268,-2.085615,
85141959875381,Gyro,0.265790,-0.280822,-1.914408,
85141929663134,Lacc,-0.307857,6.378788,-2.519410,
85141929663134,GameRo,0.331861,0.510301,-0.783852,0.122627
85141961950566,pre,999.903015,,,
85141949804631,Lacc,0.163080,6.243275,-2.575025,
85141949804631,GameRo,0.332602,0.510093,-0.783589,0.123162
85141976751514,pre,999.896240,,,
85141992376432,pre,999.899231,,,
85141980001618,Gyro,0.219230,-0.263928,-1.669902,
85142000127854,Gyro,0.152317,-0.246767,-1.382429,
85141969938498,Lacc,-0.484067,6.885638,-2.949924,
85141969938498,GameRo,0.307970,0.517232,-0.793169,0.092238
85141990064737,Lacc,-0.460189,7.038155,-3.129327,
85141990064737,GameRo,0.308844,0.517042,-0.792882,0.092853
85142008001350,pre,999.890259,,,
85142023565233,pre,999.885010,,,
85142039251186,pre,999.893250,,,
85142020223575,Gyro,0.095913,-0.226148,-1.065555,
85142040319296,Gyro,-0.030730,-0.176528,-0.752540,
85142010175716,Lacc,-1.013061,7.379530,-3.268806,
85142010175716,GameRo,0.288990,0.522845,-0.798972,0.069004
85142030271434,Lacc,-0.882596,7.235372,-3.218591,
85142054784553,pre,999.888000,,,
85142030271434,GameRo,0.289897,0.522664,-0.798706,0.069646
85142070501022,pre,999.897766,,,
85142060506568,Gyro,-0.123849,-0.085404,-0.423961,
85142080693840,Gyro,-0.159501,0.025009,-0.088863,
85142086156458,pre,999.897766,,,
85142050412930,Lacc,-1.048556,6.979887,-3.190525,
85142050412930,GameRo,0.276759,0.526737,-0.801760,0.055976
85142070600202,Lacc,-1.178733,6.602025,-3.062436,
85142070600202,GameRo,0.277607,0.526596,-0.801518,0.056568
85142101750859,pre,999.888733,,,
85142117375777,pre,999.894775,,,
85142100820077,Gyro,-0.140611,0.159368,0.276433,
85142120946313,Gyro,-0.060129,0.281887,0.694806,
85142090756957,Lacc,-1.868661,6.264434,-2.873447,
85142090756957,GameRo,0.273349,0.530600,-0.800597,0.052799
85142110883196,Lacc,-2.557596,5.835178,-2.707143,
85142110883196,GameRo,0.274135,0.530452,-0.800389,0.053364
85142132970178,pre,999.890259,,,
85142148625613,pre,999.890991,,,
85142141087810,Gyro,-0.033257,0.398153,1.129143,
85142161229306,Gyro,-0.120790,0.515351,1.556828,
85142131017062,Lacc,-2.958589,5.550310,-2.449873,
85142131017062,GameRo,0.281444,0.530670,-0.797354,0.058352
85142151158557,Lacc,-3.715045,5.129944,-2.318726,
85142151158557,GameRo,0.282174,0.530504,-0.797167,0.058896
85142164128462,pre,999.900024,,,
85142179875449,pre,999.900024,,,
85142195500368,pre,999.895508,,,
85142181370803,Gyro,-0.219097,0.622173,1.965890,
85142201512299,Gyro,-0.269249,0.680306,2.335708,
85142171300052,Lacc,-4.200839,4.194605,-2.044871,
85142171300052,GameRo,0.302399,0.524364,-0.792489,0.074557
85142191441549,Lacc,-4.818878,3.582597,-1.626542,
85142191441549,GameRo,0.303001,0.524197,-0.792326,0.075019
85142211033734,pre,999.903015,,,
85142226780722,pre,999.901489,,,
85142221608018,Gyro,-0.341749,0.656095,2.693288,
85142241703736,Gyro,-0.441653,0.611131,3.102216,
85142211560157,Lacc,-4.763872,2.886012,-0.945829,
85142243809440,pre,999.900024,,,
85142211560157,GameRo,0.334584,0.515737,-0.782012,0.102600
85142231655878,Lacc,-7.044778,2.275100,-0.923730,
85142231655878,GameRo,0.335098,0.515554,-0.781857,0.103018
85142257908489,pre,999.895508,,,
85142273624958,pre,999.905273,,,
85142261875751,Gyro,-0.344543,0.515085,3.551852,
85142282047765,Gyro,-0.240914,0.506305,3.924464,
85142251789745,Lacc,-8.371716,0.519204,-1.013405,
85142251789745,GameRo,0.373215,0.502862,-0.766551,0.142267
85142271961757,Lacc,-8.548311,0.299125,-1.155132,
85142271961757,GameRo,0.373634,0.502752,-0.766365,0.142555
85142289249876,pre,999.900024,,,
85142304874794,pre,999.902283,,,
85142320499713,pre,999.905273,,,
85142302143484,Gyro,-0.284547,0.582264,4.106845,
85142322239202,Gyro,-0.378332,0.670994,4.058955,
85142292095623,Lacc,-6.385647,-0.555484,-0.595487,
85142292095623,GameRo,0.416517,0.480603,-0.746494,0.195656
85142312191344,Lacc,-5.415071,-0.482601,0.045541,
85142312191344,GameRo,0.416709,0.480522,-0.746401,0.195803
85142336124631,pre,999.910522,,,
85142351749549,pre,999.905273,,,
85142342426475,Gyro,-0.349997,0.720347,3.862605,
85142362613747,Gyro,-0.058665,0.723806,3.637256,
85142367343950,pre,999.907532,,,
85142332332841,Lacc,-4.605160,-1.993871,1.021928,
85142332332841,GameRo,0.462766,0.451085,-0.719702,0.253770
85142352520113,Lacc,-4.859909,-2.244648,1.502807,
85142352520113,GameRo,0.462731,0.451060,-0.719733,0.253791
85142383029903,pre,999.908264,,,
85142398624303,pre,999.902283,,,
85142382739985,Gyro,0.316474,0.703187,3.360424,
85142402866224,Gyro,0.593838,0.682567,3.028519,
85142372676867,Lacc,-3.925668,-3.761494,1.897026,
85142372676867,GameRo,0.504803,0.422509,-0.688338,0.304713
85142392803104,Lacc,-2.900962,-3.679815,1.520620,
85142392803104,GameRo,0.504611,0.422620,-0.688473,0.304574
85142414249221,pre,999.900024,,,
85142429782588,pre,999.898499,,,
85142423007720,Gyro,0.605677,0.641329,2.606021,
85142443149217,Gyro,0.223487,0.578406,2.122198,
85142412936970,Lacc,-1.159950,-4.395830,1.493573,
85142445499058,pre,999.902283,,,
85142412936970,GameRo,0.543296,0.387410,-0.662926,0.339518
85142433078467,Lacc,0.160957,-3.431639,1.477614,
85142433078467,GameRo,0.542989,0.387600,-0.663171,0.339312
85142461123976,pre,999.907532,,,
85142476748894,pre,999.904480,,,
85142463290711,Gyro,-0.185840,0.509232,1.672962,
85142483432206,Gyro,-0.407066,0.416777,1.297956,
85142453219963,Lacc,1.311873,-3.907070,1.686419,
85142453219963,GameRo,0.573834,0.356365,-0.642941,0.361035
85142473361460,Lacc,2.018978,-3.969171,1.516275,
85142473361460,GameRo,0.573428,0.356657,-0.643300,0.360750
85142492343295,pre,999.893250,,,
85142507998730,pre,999.897766,,,
85142523562614,pre,999.900024,,,
85142503512669,Gyro,-0.639200,0.327116,1.021922,
85142523593131,Gyro,-0.697866,0.264593,0.842866,
85142493472438,Lacc,2.243716,-4.625262,1.510316,
85142493472438,GameRo,0.588650,0.345219,-0.624321,0.380182
85142513552899,Lacc,2.408063,-5.020884,1.480038,
85142513552899,GameRo,0.588202,0.345610,-0.624751,0.379812
85142539279084,pre,999.900024,,,
85142554873484,pre,999.903015,,,
85142543780404,Gyro,-0.578539,0.209253,0.728063,
85142563967676,Gyro,-0.312217,0.167882,0.670329,
85142533686766,Lacc,2.429483,-5.695035,1.670059,
85142533686766,GameRo,0.593069,0.345155,-0.609343,0.397288
85142553874038,Lacc,2.497219,-6.000838,1.834350,
85142553874038,GameRo,0.592558,0.345598,-0.609849,0.396889
85142570467886,pre,999.896240,,,
85142586123321,pre,999.897766,,,
85142601748239,pre,999.893250,,,
85142584063395,Gyro,0.022615,0.118395,0.613393,
85142604159113,Gyro,0.240781,0.056670,0.498723,
85142574015534,Lacc,2.610730,-6.480159,2.064916,
85142574015534,GameRo,0.594952,0.345836,-0.598429,0.410259
85142594111255,Lacc,2.780415,-6.397241,2.009004,
85142594111255,GameRo,0.594401,0.346304,-0.598983,0.409853
85142617373157,pre,999.893250,,,
85142632876006,pre,999.891785,,,
85142624346385,Gyro,0.238519,-0.014899,0.305034,
85142644533658,Gyro,0.099239,-0.088597,0.051349,
85142614252751,Lacc,2.788404,-6.365880,1.916182,
85142614252751,GameRo,0.599917,0.339602,-0.593792,0.414949
85142634440024,Lacc,2.765087,-6.072518,1.919060,
85142634440024,GameRo,0.599383,0.340061,-0.594339,0.414561
85142649538516,pre,999.888000,,,
85142664247911,pre,999.901489,,,
85142679872830,pre,999.901489,,,
85142664675154,Gyro,-0.115868,-0.149391,-0.264327,
85142684816651,Gyro,-0.241845,-0.183313,-0.593306,
85142654604407,Lacc,2.752594,-5.777947,1.895425,
85142654604407,GameRo,0.602264,0.334268,-0.594584,0.414744
85142674745901,Lacc,2.302343,-5.914004,1.932922,
85142695467231,pre,999.905273,,,
85142674745901,GameRo,0.601755,0.334706,-0.595108,0.414378
85142711122666,pre,999.905273,,,
85142704942887,Gyro,-0.199542,-0.219763,-0.895679,
85142725069124,Gyro,-0.110679,-0.274703,-1.151226,
85142694879768,Lacc,1.344500,-6.213364,2.125067,
85142727266380,pre,999.899231,,,
85142694879768,GameRo,0.595903,0.339502,-0.599249,0.412964
85142715006006,Lacc,0.095808,-6.444951,2.319918,
85142715006006,GameRo,0.595434,0.339897,-0.599720,0.412630
85142742372502,pre,999.895508,,,
85142757997420,pre,999.908264,,,
85142745210620,Gyro,-0.014633,-0.343745,-1.348905,
85142765352117,Gyro,0.081147,-0.412786,-1.528227,
85142735139874,Lacc,-1.200426,-6.116832,2.098037,
85142735139874,GameRo,0.584050,0.351986,-0.609309,0.404640
85142755281370,Lacc,-2.203566,-6.077260,1.969967,
85142755281370,GameRo,0.583684,0.352319,-0.609664,0.404342
85142773530787,pre,999.906006,,,
85142789247256,pre,999.903748,,,
85142804872175,pre,999.900024,,,
85142785432577,Gyro,0.017693,-0.469855,-1.770073,
85142805513038,Gyro,-0.128904,-0.442053,-2.006464,
85142775392349,Lacc,-2.657776,-5.085257,1.459575,
85142775392349,GameRo,0.568973,0.365755,-0.625193,0.389393
85142795472810,Lacc,-4.042005,-4.863029,1.288232,
85142795472810,GameRo,0.568735,0.366003,-0.625410,0.389159
85142820497093,pre,999.895508,,,
85142836030459,pre,999.905273,,,
85142825715570,Gyro,-0.017693,-0.508035,-2.147739,
85142845918102,Gyro,0.162427,-0.607007,-2.321075,
85142851685894,pre,999.902283,,,
85142815614305,Lacc,-6.204544,-4.944296,1.669948,
85142815614305,GameRo,0.548905,0.382966,-0.644703,0.369322
85142835816835,Lacc,-5.592470,-4.870838,2.111519,
85142835816835,GameRo,0.548671,0.383138,-0.644900,0.369147
85142867402365,pre,999.893250,,,
85142882996765,pre,999.884277,,,
85142865998563,Gyro,0.120790,-0.607407,-2.567842,
85142886079024,Gyro,0.152184,-0.543553,-2.818201,
85142855958331,Lacc,-3.818960,-2.931193,1.374572,
85142855958331,GameRo,0.524328,0.403038,-0.666387,0.344338
85142876038792,Lacc,-3.173807,-2.529609,0.589268,
85142876038792,GameRo,0.524227,0.403152,-0.666457,0.344223
85142898621683,pre,999.890259,,,
85142914246601,pre,999.888000,,,
85142906266296,Gyro,0.422897,-0.497658,-2.984487,
85142926453569,Gyro,0.844596,-0.493934,-3.016679,
85142896172658,Lacc,-4.257642,-1.796428,0.001104,
85142929810485,pre,999.885010,,,
85142896172658,GameRo,0.495110,0.424293,-0.690951,0.312135
85142916359930,Lacc,-5.316044,-1.979908,-0.137492,
85142916359930,GameRo,0.495144,0.424360,-0.690907,0.312088
85142945496438,pre,999.888000,,,
85142961121356,pre,999.890259,,,
85142946595065,Gyro,1.253524,-0.539562,-2.942716,
85142966736561,Gyro,1.428855,-0.591842,-2.867555,
85142936524315,Lacc,-5.897568,-0.970027,-0.458571,
85142936524315,GameRo,0.464775,0.443635,-0.717454,0.269132
85142956665811,Lacc,-4.726423,-0.510330,-0.437599,
85142956665811,GameRo,0.464915,0.443623,-0.717349,0.269188
85142976746274,pre,999.897766,,,
85142992371192,pre,999.893982,,,
85142986862798,Gyro,1.391341,-0.626430,-2.809155,
85143006989035,Gyro,1.165327,-0.660352,-2.788802,
85143008026628,pre,999.904480,,,
85142976799678,Lacc,-3.949430,1.047987,-1.009809,
85142976799678,GameRo,0.437161,0.448119,-0.748390,0.219072
85142996925914,Lacc,-2.674571,1.732451,-1.392358,
85142996925914,GameRo,0.437470,0.448045,-0.748202,0.219248
85143032379527,pre,999.906738,,,
85143027084755,Gyro,0.808013,-0.688820,-2.764990,
85143047180476,Gyro,0.483823,-0.693210,-2.708719,
85143050262735,pre,999.902283,,,
85143064575404,pre,999.899231,,,
85143080200322,pre,999.893982,,,
85143017036893,Lacc,-2.128225,3.153330,-2.110919,
85143017036893,GameRo,0.408312,0.448277,-0.776685,0.170557
85143037132614,Lacc,-1.021152,3.506930,-2.299885,
85143037132614,GameRo,0.408795,0.448163,-0.776433,0.170846
85143067321970,Gyro,0.285212,-0.694274,-2.591122,
85143087463465,Gyro,0.157904,-0.678311,-2.417254,
85143057251222,Lacc,-0.915813,4.449317,-2.834082,
85143057251222,GameRo,0.375670,0.455953,-0.796618,0.127980
85143077392719,Lacc,-0.262383,5.012983,-2.965399,
85143077392719,GameRo,0.376327,0.455793,-0.796332,0.128396
85143095886275,pre,999.897034,,,
85143111572228,pre,999.902283,,,
85143127197146,pre,999.893250,,,
85143107589703,Gyro,0.068776,-0.630154,-2.196694,
85143127715942,Gyro,0.044964,-0.560714,-1.919729,
85143097526585,Lacc,-0.289433,5.794197,-3.310078,
85143097526585,GameRo,0.342601,0.468599,-0.809054,0.092042
85143117652822,Lacc,0.062074,5.598658,-3.336046,
85143117652822,GameRo,0.343346,0.468463,-0.808764,0.092508
85143142822064,pre,999.893982,,,
85143158477500,pre,999.901489,,,
85143147903214,Gyro,0.049087,-0.486218,-1.577315,
85143168090486,Gyro,0.068243,-0.405736,-1.195258,
85143137809576,Lacc,-0.522130,5.993223,-3.498166,
85143137809576,GameRo,0.313559,0.480643,-0.816485,0.063366
85143157996848,Lacc,-0.311364,6.055181,-3.493030,
85143157996848,GameRo,0.314369,0.480509,-0.816212,0.063886
85143174041383,pre,999.893250,,,
85143189696818,pre,999.897766,,,
85143205321736,pre,999.899231,,,
85143188186205,Gyro,0.075959,-0.308359,-0.823976,
85143208281924,Gyro,0.059198,-0.194487,-0.457351,
85143178138345,Lacc,-0.496885,6.518509,-3.591864,
85143178138345,GameRo,0.292749,0.488250,-0.820968,0.043849
85143198234065,Lacc,-0.288598,6.425121,-3.552399,
85143198234065,GameRo,0.293600,0.488111,-0.820716,0.044406
85143220946654,pre,999.902283,,,
85143236480021,pre,999.891785,,,
85143228408162,Gyro,-0.002794,-0.066248,-0.082477,
85143248534401,Gyro,-0.079152,0.065051,0.310754,
85143218345044,Lacc,-0.783403,6.350064,-3.588415,
85143218345044,GameRo,0.282328,0.490849,-0.823491,0.034934
85143238471281,Lacc,-1.457029,6.036063,-3.571055,
85143238471281,GameRo,0.283172,0.490732,-0.823248,0.035479
85143252165974,pre,999.887268,,,
85143267821409,pre,999.893982,,,
85143283446327,pre,999.888733,,,
85143268721673,Gyro,-0.126111,0.190363,0.713430,
85143288908945,Gyro,-0.176661,0.316873,1.123955,
85143258628035,Lacc,-2.240478,5.691447,-3.456308,
85143258628035,GameRo,0.283225,0.490874,-0.823106,0.036360
85143278815307,Lacc,-2.851047,5.376133,-3.319629,
85143278815307,GameRo,0.284028,0.490750,-0.822880,0.036886
85143299010210,pre,999.894775,,,
85143314696163,pre,999.897766,,,
85143309050440,Gyro,-0.232799,0.461076,1.520911,
85143329191934,Gyro,-0.178524,0.606209,1.877027,
85143331389192,pre,999.895508,,,
85143298979692,Lacc,-3.305134,4.776249,-3.131953,
85143298979692,GameRo,0.296033,0.488492,-0.819341,0.049203
85143319121188,Lacc,-3.888399,4.193713,-2.851791,
85143319121188,GameRo,0.296741,0.488379,-0.819124,0.049665
85143345945999,pre,999.905273,,,
85143361570918,pre,999.898499,,,
85143349333431,Gyro,-0.145533,0.741233,2.201483,
85143369474927,Gyro,-0.227478,0.854174,2.567443,
85143339262685,Lacc,-4.005441,3.712264,-2.395164,
85143339262685,GameRo,0.320745,0.482766,-0.811627,0.072942
85143359404181,Lacc,-6.084980,3.433829,-2.353800,
85143359404181,GameRo,0.321405,0.482618,-0.811414,0.073392
85143377195836,pre,999.905273,,,
85143392820754,pre,999.894775,,,
85143408445672,pre,999.905273,,,
85143389555388,Gyro,-0.179455,0.912174,3.008698,
85143409635849,Gyro,-0.137019,1.005294,3.396608,
85143379515160,Lacc,-7.705241,1.903636,-2.199805,
85143379515160,GameRo,0.355952,0.470886,-0.800443,0.104193
85143399595620,Lacc,-8.489507,1.559523,-1.971167,
85143399595620,GameRo,0.356507,0.470770,-0.800218,0.104547
85143424070590,pre,999.900024,,,
85143439664991,pre,999.906006,,,
85143429823121,Gyro,-0.147661,1.120230,3.643641,
85143450010393,Gyro,-0.170808,1.206964,3.639916,
85143419729487,Lacc,-7.499646,0.483411,-1.156684,
85143419729487,GameRo,0.399879,0.452364,-0.783560,0.146616
85143439916759,Lacc,-6.412274,0.378340,-0.673943,
85143439916759,GameRo,0.400215,0.452265,-0.783405,0.146838
85143455259392,pre,999.905273,,,
85143470945345,pre,999.906738,,,
85143486570263,pre,999.905273,,,
85143470151890,Gyro,-0.209918,1.284254,3.399668,
85143490293386,Gyro,-0.152849,1.308332,3.068693,
85143502195181,pre,999.908264,,,
85143460081143,Lacc,-4.456896,-0.465853,0.271703,
85143460081143,GameRo,0.450107,0.427011,-0.759545,0.195335
85143480222640,Lacc,-4.510998,-0.311618,0.693649,
85143480222640,GameRo,0.450220,0.426923,-0.759496,0.195461
85143517698030,pre,999.905273,,,
85143510434883,Gyro,0.098175,1.206299,2.733463,
85143530576379,Gyro,0.297983,1.076730,2.393575,
85143500364135,Lacc,-4.430904,-1.711224,1.266384,
85143500364135,GameRo,0.496774,0.403736,-0.730801,0.236945
85143533322948,pre,999.906006,,,
85143520505630,Lacc,-4.186822,-1.637661,1.021601,
85143520505630,GameRo,0.496760,0.403729,-0.730812,0.236951
85143549069935,pre,999.906006,,,
85143564694853,pre,999.905273,,,
85143550717876,Gyro,0.238386,0.924546,2.068322,
85143570859372,Gyro,-0.185042,0.719815,1.728302,
85143540647125,Lacc,-3.065827,-2.226498,0.968830,
85143540647125,GameRo,0.535647,0.380110,-0.706092,0.264637
85143560788622,Lacc,-2.095445,-1.531014,0.682015,
85143560788622,GameRo,0.535577,0.380157,-0.706143,0.264575
85143580319771,pre,999.904480,,,
85143595944690,pre,999.919495,,,
85143590985609,Gyro,-0.989463,0.476374,1.395066,
85143611111845,Gyro,-1.948463,0.231336,1.098147,
85143612668235,pre,999.908997,,,
85143580922489,Lacc,-0.858651,-1.507381,0.926550,
85143580922489,GameRo,0.563941,0.360146,-0.686826,0.283787
85143601048728,Lacc,0.063260,-0.988890,0.815279,
85143601048728,GameRo,0.563813,0.360191,-0.686930,0.283734
85143628140566,pre,999.905273,,,
85143642819444,pre,999.906738,,,
85143631253342,Gyro,-2.845339,-0.029133,0.843665,
85143651394838,Gyro,-3.610251,-0.224818,0.614856,
85143658322293,pre,999.900024,,,
85143621182594,Lacc,1.072779,-1.695919,0.740913,
85143621182594,GameRo,0.572175,0.363276,-0.665852,0.311908
85143641324089,Lacc,1.842766,-1.817858,0.233628,
85143641324089,GameRo,0.572012,0.363451,-0.665996,0.311698
85143674069280,pre,999.905273,,,
85143689694198,pre,999.901489,,,
85143671475299,Gyro,-3.916748,-0.334832,0.423030,
85143691555760,Gyro,-3.789972,-0.394162,0.288006,
85143661435067,Lacc,2.562847,-2.574445,-0.029577,
85143661435067,GameRo,0.556698,0.393588,-0.638745,0.356623
85143681515530,Lacc,2.922966,-3.174007,-0.235392,
85143681515530,GameRo,0.556466,0.393931,-0.638963,0.356218
85143705319116,pre,999.897766,,,
85143720944035,pre,999.907532,,,
85143711758290,Gyro,-3.435186,-0.406667,0.203533,
85143731960820,Gyro,-3.021601,-0.392965,0.147794,
85143701657027,Lacc,3.352716,-3.640139,-0.283779,
85143701657027,GameRo,0.524694,0.436764,-0.607155,0.406566
85143721859557,Lacc,3.747350,-3.805979,-0.243756,
85143721859557,GameRo,0.524354,0.437178,-0.607463,0.406101
85143736568953,pre,999.900024,,,
85143752193871,pre,999.894775,,,
85143767818789,pre,999.900024,,,
85143752087058,Gyro,-2.665352,-0.350662,0.100037,
85143772213297,Gyro,-2.369764,-0.291598,0.071170,
85143742023940,Lacc,3.954240,-3.725424,-0.220612,
85143742023940,GameRo,0.491862,0.472414,-0.579496,0.446186
85143762150177,Lacc,3.710660,-3.631012,-0.176442,
85143762150177,GameRo,0.491487,0.472794,-0.579820,0.445775
85143783352156,pre,999.897034,,,
85143799068625,pre,999.897766,,,
85143792354793,Gyro,-2.153593,-0.232799,0.094583,
85143812496290,Gyro,-2.099184,-0.168414,0.132097,
85143816097345,pre,999.899231,,,
85143782284043,Lacc,3.004543,-3.370740,-0.218074,
85143782284043,GameRo,0.464003,0.498830,-0.557101,0.474878
85143802425540,Lacc,2.278378,-3.166932,-0.154847,
85143802425540,GameRo,0.463705,0.499110,-0.557351,0.474581
85143830226910,pre,999.897766,,,
85143845851828,pre,999.894775,,,
85143832637784,Gyro,-2.171551,-0.118129,0.171074,
85143852779279,Gyro,-2.331318,-0.079152,0.203400,
85143822567036,Lacc,1.538642,-3.308984,0.126897,
85143822567036,GameRo,0.441166,0.519701,-0.536851,0.497066
85143842708533,Lacc,0.780433,-3.448695,0.523857,
85143842708533,GameRo,0.440847,0.519898,-0.537111,0.496862
85143861568298,pre,999.893982,,,
85143877193216,pre,999.894775,,,
85143872859742,Gyro,-2.490420,-0.040840,0.208721,
85143892940204,Gyro,-2.720825,-0.051349,0.132097,
85143892818134,pre,999.896240,,,
85143862819511,Lacc,0.260432,-3.506142,0.733433,
85143862819511,GameRo,0.418862,0.540582,-0.513079,0.518725
85143882899972,Lacc,-0.454767,-3.456369,1.561881,
85143882899972,GameRo,0.418517,0.540676,-0.513357,0.518631
85143908443052,pre,999.900024,,,
85143924067970,pre,999.905273,,,
85143913127477,Gyro,-3.045147,-0.174134,-0.027138,
85143933314749,Gyro,-3.554246,-0.274171,-0.287075,
85143903033838,Lacc,-0.799486,-3.245123,2.760863,
85143903033838,GameRo,0.392981,0.563947,-0.483742,0.541779
85143923221111,Lacc,-0.257223,-2.386601,2.081790,
85143923221111,GameRo,0.392663,0.563931,-0.483998,0.541797
85143939692888,pre,999.894775,,,
85143955348324,pre,999.893982,,,
85143970942725,pre,999.906738,,,
85143953410468,Gyro,-3.785449,-0.204863,-0.634677,
85143973506186,Gyro,-3.545333,-0.220295,-0.956605,
85143943362607,Lacc,0.553130,-2.516016,1.863996,
85143943362607,GameRo,0.354778,0.591610,-0.450053,0.567083
85143963458328,Lacc,-0.121308,-4.403767,3.687101,
85143963458328,GameRo,0.354255,0.591559,-0.450472,0.567130
85143986445573,pre,999.906738,,,
85144002192561,pre,999.908264,,,
85143993693458,Gyro,-2.851326,-0.288538,-1.123423,
85144013880731,Gyro,-1.998083,-0.475975,-1.129542,
85143983599824,Lacc,-1.443156,-5.465265,5.847707,
85143983599824,GameRo,0.299046,0.626551,-0.413850,0.588841
85144003787097,Lacc,-3.889742,-5.832133,6.416240,
85144003787097,GameRo,0.298554,0.626366,-0.414259,0.589000
85144017786962,pre,999.908264,,,
85144033320328,pre,999.910522,,,
85144049525077,pre,999.911255,,,
85144034006967,Gyro,-1.453599,-0.742031,-1.177432,
85144054133204,Gyro,-1.532883,-0.920555,-1.375511,
85144023943851,Lacc,-4.876429,-4.564756,6.153389,
85144023943851,GameRo,0.248468,0.650724,-0.395090,0.598937
85144044070088,Lacc,-4.004887,-3.355083,5.333693,
85144044070088,GameRo,0.248167,0.650477,-0.395368,0.599148
85144064692233,pre,999.906006,,,
85144080317152,pre,999.903015,,,
85144074274700,Gyro,-1.798541,-0.982812,-1.654471,
85144094416197,Gyro,-1.790027,-0.986936,-1.999945,
85144097437424,pre,999.900757,,,
85144064203954,Lacc,-3.151263,-2.541995,5.059778,
85144064203954,GameRo,0.208772,0.657340,-0.395303,0.606675
85144084345450,Lacc,-2.036653,-2.923611,5.287409,
85144084345450,GameRo,0.208462,0.657040,-0.395602,0.606911
85144120264452,pre,999.898499,,,
85144114557693,Gyro,-1.565874,-0.951018,-2.285025,
85144134699190,Gyro,-1.203240,-0.970839,-2.435080,
85144138056107,pre,999.900024,,,
85144152521363,pre,999.905273,,,
85144104486947,Lacc,-1.530952,-2.037024,5.097510,
85144104486947,GameRo,0.154946,0.665315,-0.396226,0.613476
85144124628443,Lacc,-1.661551,-2.099459,4.521730,
85144124628443,GameRo,0.154735,0.665012,-0.396466,0.613703
85144168268352,pre,999.904480,,,
85144154825426,Gyro,-0.830628,-1.035757,-2.477649,
85144174951663,Gyro,-0.664210,-1.091230,-2.461686,
85144144762310,Lacc,-1.867827,-1.071212,3.675232,
85144144762310,GameRo,0.096868,0.671051,-0.407401,0.611827
85144164888546,Lacc,-1.038120,-0.394975,2.749937,
85144164888546,GameRo,0.096838,0.670810,-0.407515,0.612019
85144183923787,pre,999.902283,,,
85144199518188,pre,999.903015,,,
85144195047383,Gyro,-0.639998,-1.085244,-2.410071,
85144215143104,Gyro,-0.570292,-1.037487,-2.320543,
85144215143106,pre,999.908264,,,
85144184999525,Lacc,-0.719216,1.008780,1.787096,
85144184999525,GameRo,0.045142,0.667869,-0.428964,0.606550
85144205095246,Lacc,-0.480372,1.125162,1.166014,
85144205095246,GameRo,0.045280,0.667734,-0.428949,0.606700
85144230645954,pre,999.900024,,,
85144246392942,pre,999.903015,,,
85144235330376,Gyro,-0.386979,-0.984541,-2.198955,
85144255517649,Gyro,-0.105757,-0.915500,-2.020432,
85144225236741,Lacc,-1.083813,2.101644,0.386828,
85144225236741,GameRo,-0.003615,0.661096,-0.449977,0.600384
85144245424011,Lacc,-0.849954,2.205866,-0.100542,
85144245424011,GameRo,-0.003321,0.661100,-0.449826,0.600494
85144261895790,pre,999.903015,,,
85144277642779,pre,999.891785,,,
85144293267697,pre,999.894775,,,
85144275674403,Gyro,0.148060,-0.822114,-1.790160,
85144295831157,Gyro,0.279359,-0.713164,-1.556163,
85144265596025,Lacc,-0.976499,3.178774,-0.688930,
85144265596025,GameRo,-0.044818,0.651583,-0.470674,0.593208
85144285752781,Lacc,-0.392336,3.631569,-0.987236,
85144285752781,GameRo,-0.044378,0.651702,-0.470410,0.593320
85144308892615,pre,999.894775,,,
85144324517533,pre,999.894775,,,
85144315942136,Gyro,0.281621,-0.595301,-1.325493,
85144336053115,Gyro,0.199808,-0.474112,-1.088170,
85144305886649,Lacc,-0.284862,4.550634,-1.501637,
85144305886649,GameRo,-0.072168,0.638456,-0.492326,0.587180
85144325997627,Lacc,0.246087,4.993951,-1.691715,
85144325997627,GameRo,-0.071586,0.638687,-0.491961,0.587306
85144340111933,pre,999.892517,,,
85144355767369,pre,999.902283,,,
85144371392287,pre,999.895508,,,
85144356194611,Gyro,0.119459,-0.346538,-0.826637,
85144376336108,Gyro,0.059863,-0.220295,-0.535438,
85144346123864,Lacc,0.214260,5.559934,-1.961967,
85144346123864,GameRo,-0.089751,0.627355,-0.509215,0.582298
85144366265358,Lacc,0.709995,5.780627,-1.949682,
85144366265358,GameRo,-0.089084,0.627637,-0.508807,0.582453
85144387017206,pre,999.896240,,,
85144402642124,pre,999.900024,,,
85144396477604,Gyro,0.012106,-0.085271,-0.212712,
85144416619100,Gyro,0.020087,0.055207,0.142739,
85144386406854,Lacc,0.817448,6.074986,-2.090520,
85144418785837,pre,999.905273,,,
85144386406854,GameRo,-0.100216,0.621628,-0.518134,0.578854
85144406548350,Lacc,0.758382,5.928073,-2.171931,
85144406548350,GameRo,-0.099543,0.621957,-0.517710,0.578996
85144433800407,pre,999.904480,,,
85144449425326,pre,999.897766,,,
85144436760597,Gyro,0.041239,0.196749,0.524264,
85144456902093,Gyro,0.096978,0.337226,0.983078,
85144465019726,pre,999.894775,,,
85144426689847,Lacc,0.184474,5.704063,-2.192636,
85144426689847,GameRo,-0.101252,0.621216,-0.518988,0.578351
85144446831343,Lacc,-0.888304,5.258058,-2.054883,
85144446831343,GameRo,-0.100604,0.621521,-0.518586,0.578497
85144480766714,pre,999.904480,,,
85144496391632,pre,999.904480,,,
85144476982554,Gyro,0.231336,0.454956,1.489649,
85144497063015,Gyro,0.461342,0.550071,2.002207,
85144466942322,Lacc,-2.020563,4.514213,-1.721690,
85144466942322,GameRo,-0.089452,0.625044,-0.512188,0.582222
85144487022783,Lacc,-3.437933,3.947414,-1.284114,
85144487022783,GameRo,-0.088852,0.625252,-0.511843,0.582394
85144512016551,pre,999.894775,,,
85144527549916,pre,999.897766,,,
85144517250287,Gyro,0.622173,0.583994,2.472062,
85144537437559,Gyro,0.504842,0.581599,2.939789,
85144507156649,Lacc,-4.170453,3.212901,-0.838410,
85144507156649,GameRo,-0.060285,0.630725,-0.496876,0.593015
85144527343921,Lacc,-5.742883,3.276944,-0.806263,
85144527343921,GameRo,-0.059695,0.630879,-0.496543,0.593189
85144543205351,pre,999.897766,,,
85144558891305,pre,999.894775,,,
85144574455187,pre,999.904480,,,
85144557579054,Gyro,0.285478,0.595700,3.415764,
85144577720548,Gyro,0.053477,0.612728,3.803940,
85144547508306,Lacc,-7.533791,2.290105,-1.156247,
85144547508306,GameRo,-0.013115,0.633866,-0.473513,0.611414
85144567649802,Lacc,-8.784922,1.732957,-1.400067,
85144567649802,GameRo,-0.012610,0.634042,-0.473195,0.611488
85144590141141,pre,999.897766,,,
85144605766059,pre,999.896240,,,
85144597862045,Gyro,-0.166019,0.676980,4.053368,
85144618003541,Gyro,-0.419305,0.744292,4.069464,
85144622642191,pre,999.900024,,,
85144587791299,Lacc,-7.201752,0.141825,-0.678514,
85144587791299,GameRo,0.041068,0.638445,-0.431899,0.635740
85144607932795,Lacc,-5.296535,0.147684,0.445361,
85144607932795,GameRo,0.041301,0.638459,-0.431761,0.635804
85144636893825,pre,999.904480,,,
85144652549261,pre,999.904480,,,
85144638129780,Gyro,-0.581200,0.777283,3.806601,
85144658256018,Gyro,-0.495397,0.744292,3.377984,
85144628066662,Lacc,-3.152637,-1.120701,1.779632,
85144628066662,GameRo,0.096816,0.643362,-0.374725,0.660526
85144648192898,Lacc,-2.890426,-1.080981,2.468819,
85144648192898,GameRo,0.096772,0.643207,-0.374768,0.660658
85144668265732,pre,999.904480,,,
85144683890650,pre,999.897766,,,
85144678397513,Gyro,-0.220162,0.646251,2.948436,
85144698539007,Gyro,-0.055606,0.552998,2.489622,
85144668326765,Lacc,-2.409185,-2.523021,2.647397,
85144700797299,pre,999.894775,,,
85144668326765,GameRo,0.142662,0.648634,-0.314820,0.678093
85144688468261,Lacc,-1.765464,-2.387702,1.818249,
85144688468261,GameRo,0.142438,0.648547,-0.314969,0.678153
85144715140486,pre,999.894775,,,
85144730765404,pre,999.897034,,,
85144718680504,Gyro,-0.139946,0.492470,2.014046,
85144738822000,Gyro,-0.391768,0.426222,1.597003,
85144708609757,Lacc,-0.668625,-3.255839,1.251379,
85144708609757,GameRo,0.180670,0.648978,-0.271422,0.687398
85144728751254,Lacc,0.207640,-2.879668,1.147351,
85144728751254,GameRo,0.180316,0.648957,-0.271662,0.687416
85144746481874,pre,999.894775,,,
85144762015241,pre,999.900024,,,
85144777640159,pre,999.900024,,,
85144758902461,Gyro,-0.677246,0.340951,1.294497,
85144778982922,Gyro,-0.870935,0.233464,1.117969,
85144748862233,Lacc,0.932677,-3.499516,1.837374,
85144748862233,GameRo,0.205168,0.648907,-0.241152,0.691861
85144768942693,Lacc,1.344034,-3.733194,2.293839,
85144768942693,GameRo,0.204637,0.648808,-0.241506,0.691988
85144793265077,pre,999.900024,,,
85144808889995,pre,999.905273,,,
85144799170194,Gyro,-1.113579,0.094849,1.023918,
85144819357466,Gyro,-1.361543,-0.022748,0.979486,
85144789076560,Lacc,1.616229,-4.479394,2.525528,
85144789076560,GameRo,0.211699,0.651262,-0.213769,0.696667
85144809263832,Lacc,1.971988,-4.661591,2.335891,
85144809263832,GameRo,0.211047,0.651189,-0.214208,0.696798
85144824636983,pre,999.892517,,,
85144840139831,pre,999.894775,,,
85144855673197,pre,999.893982,,,
85144839498963,Gyro,-1.407837,-0.113606,0.949422,
85144859640459,Gyro,-1.271084,-0.183712,0.892885,
85144829428216,Lacc,2.376836,-5.467467,2.039695,
85144829428216,GameRo,0.207605,0.652561,-0.184995,0.704869
85144849569713,Lacc,2.627933,-5.905431,1.745195,
85144849569713,GameRo,0.206825,0.652582,-0.185528,0.704940
85144871389668,pre,999.900024,,,
85144887014586,pre,999.888000,,,
85144879781956,Gyro,-1.102670,-0.238786,0.780609,
85144899923452,Gyro,-1.002500,-0.269648,0.601553,
85144869711208,Lacc,2.841081,-6.460004,1.582649,
85144869711208,GameRo,0.197816,0.651730,-0.154689,0.715673
85144902547951,pre,999.891785,,,
85144889852703,Lacc,2.878349,-6.711641,1.563764,
85144889852703,GameRo,0.196959,0.651778,-0.155267,0.715741
85144918264422,pre,999.885010,,,
85144933889340,pre,999.889526,,,
85144920049689,Gyro,-0.915899,-0.279359,0.370749,
85144940175925,Gyro,-0.884770,-0.266854,0.063854,
85144949483740,pre,999.880493,,,
85144909986569,Lacc,2.876403,-7.136853,1.508212,
85144909986569,GameRo,0.189605,0.648397,-0.131786,0.725441
85144930112808,Lacc,2.837133,-7.059721,1.479254,
85144930112808,GameRo,0.188721,0.648448,-0.132371,0.725519
85144965139176,pre,999.878235,,,
85144960317422,Gyro,-0.872798,-0.228010,-0.299978,
85144980458918,Gyro,-0.793114,-0.171872,-0.669398,
85144950246675,Lacc,2.650745,-7.031959,1.089786,
85144982351000,pre,999.872986,,,
85144950246675,GameRo,0.178045,0.645482,-0.117509,0.733379
85144970388172,Lacc,2.206861,-7.052898,1.010761,
85144970388172,GameRo,0.177198,0.645569,-0.118062,0.733419
85144996389013,pre,999.875244,,,
85145012013931,pre,999.867004,,,
85145000539379,Gyro,-0.627494,-0.125579,-0.994785,
85145020619840,Gyro,-0.419039,-0.101767,-1.278800,
85144990499150,Lacc,1.436686,-7.021575,1.087641,
85144990499150,GameRo,0.158247,0.645613,-0.113598,0.738402
85145010579611,Lacc,0.495444,-7.310939,1.340065,
85145010579611,GameRo,0.157472,0.645665,-0.114099,0.738445
85145028890062,pre,999.859497,,,
85145043141697,pre,999.857239,,,
85145058766615,pre,999.855774,,,
85145040761336,Gyro,-0.251157,-0.119725,-1.544191,
85145060902833,Gyro,-0.258607,-0.161895,-1.787632,
85145074391533,pre,999.866272,,,
85145030690590,Lacc,-0.854595,-7.042786,1.650276,
85145030690590,GameRo,0.133963,0.648395,-0.122846,0.739288
85145050832086,Lacc,-2.140442,-6.648142,1.880201,
85145050832086,GameRo,0.133356,0.648392,-0.123240,0.739334
85145090046969,pre,999.862488,,,
85145081090105,Gyro,-0.392300,-0.160831,-2.027083,
85145101277377,Gyro,-0.523865,-0.122785,-2.311231,
85145106038096,pre,999.856506,,,
85145070996471,Lacc,-2.825455,-5.507099,1.574448,
85145070996471,GameRo,0.108209,0.651035,-0.144437,0.737281
85145091183743,Lacc,-3.239967,-5.386423,1.467322,
85145091183743,GameRo,0.107755,0.651034,-0.144728,0.737290
85145121388358,pre,999.859497,,,
85145137013276,pre,999.864014,,,
85145121418873,Gyro,-0.496195,-0.076624,-2.497737,
85145141560370,Gyro,-0.180519,-0.139147,-2.638747,
85145111348126,Lacc,-5.395853,-5.083876,1.550028,
85145111348126,GameRo,0.073381,0.653804,-0.170614,0.733516
85145131489621,Lacc,-6.133342,-5.587736,1.984548,
85145131489621,GameRo,0.073040,0.653778,-0.170836,0.733522
85145152638194,pre,999.860229,,,
85145168263112,pre,999.860229,,,
85145161701866,Gyro,-0.079418,-0.173336,-2.809155,
85145181843363,Gyro,-0.044431,-0.197148,-2.945509,
85145151631116,Lacc,-5.369171,-3.473839,1.919292,
85145184010100,pre,999.862488,,,
85145151631116,GameRo,0.032270,0.656912,-0.202177,0.725638
85145171772613,Lacc,-4.893836,-2.861465,1.211807,
85145171772613,GameRo,0.032134,0.656886,-0.202269,0.725642
85145199512948,pre,999.867004,,,
85145215137866,pre,999.867004,,,
85145201969599,Gyro,0.092987,-0.228808,-3.102616,
85145222095836,Gyro,0.198744,-0.231602,-3.205047,
85145191906479,Lacc,-4.861592,-1.700746,0.764597,
85145191906479,GameRo,-0.006974,0.655231,-0.242784,0.715318
85145212032716,Lacc,-4.752219,-1.322618,0.517979,
85145212032716,GameRo,-0.006948,0.655244,-0.242763,0.715313
85145230640714,pre,999.880493,,,
85145246296150,pre,999.869263,,,
85145242191557,Gyro,0.333901,-0.218432,-3.217153,
85145262287277,Gyro,0.496860,-0.205662,-3.200125,
85145262043138,pre,999.876770,,,
85145277515469,pre,999.876770,,,
85145232143694,Lacc,-5.080503,-0.041001,0.079017,
85145232143694,GameRo,-0.047490,0.649624,-0.288577,0.701753
85145252239415,Lacc,-4.149480,0.205621,-0.225112,
85145252239415,GameRo,-0.047314,0.649698,-0.288447,0.701749
85145293231939,pre,999.877502,,,
85145282474550,Gyro,0.695471,-0.211914,-3.130419,
85145302661822,Gyro,0.859761,-0.230006,-2.991138,
85145272380911,Lacc,-3.713462,1.507307,-0.551826,
85145272380911,GameRo,-0.085070,0.640228,-0.337527,0.684797
85145292568184,Lacc,-2.838744,1.931437,-0.778749,
85145292568184,GameRo,-0.084747,0.640365,-0.337300,0.684821
85145308887375,pre,999.874512,,,
85145324512293,pre,999.879028,,,
85145340137211,pre,999.876038,,,
85145322803316,Gyro,0.913637,-0.248231,-2.810619,
85145342944811,Gyro,0.819852,-0.253020,-2.607485,
85145312732568,Lacc,-2.522090,3.407261,-1.223708,
85145312732568,GameRo,-0.115693,0.625973,-0.388266,0.666350
85145332874065,Lacc,-1.184647,3.999742,-1.447664,
85145332874065,GameRo,-0.115195,0.626204,-0.387927,0.666417
85145355762130,pre,999.879761,,,
85145371387048,pre,999.882751,,,
85145363071049,Gyro,0.648645,-0.235992,-2.401690,
85145383197288,Gyro,0.514819,-0.223088,-2.196428,
85145353007931,Lacc,-0.689717,5.113586,-1.965979,
85145353007931,GameRo,-0.139093,0.608509,-0.435015,0.648947
85145373134168,Lacc,0.130154,5.495590,-2.130112,
85145373134168,GameRo,-0.138464,0.608856,-0.434587,0.649043
85145387011966,pre,999.877502,,,
85145402636884,pre,999.877502,,,
85145418261802,pre,999.882751,,,
85145403338782,Gyro,0.454690,-0.216969,-1.969083,
85145423480277,Gyro,0.434071,-0.208588,-1.693980,
85145433764650,pre,999.888000,,,
85145449389568,pre,999.885742,,,
85145393268034,Lacc,-0.184880,6.429794,-2.485059,
85145393268034,GameRo,-0.160433,0.593500,-0.471364,0.632325
85145413409531,Lacc,0.101418,6.705115,-2.534361,
85145413409531,GameRo,-0.159650,0.593942,-0.470859,0.632484
85145443621773,Gyro,0.360240,-0.184244,-1.352231,
85145463763270,Gyro,0.264992,-0.149790,-0.940509,
85145433551027,Lacc,-0.404341,7.160879,-2.803992,
85145465960526,pre,999.891785,,,
85145433551027,GameRo,-0.178054,0.580843,-0.499031,0.617970
85145453692523,Lacc,-0.524783,6.979470,-2.871761,
85145453692523,GameRo,-0.177246,0.581359,-0.498503,0.618143
85145480730957,pre,999.896240,,,
85145496386393,pre,999.888000,,,
85145483889508,Gyro,0.189964,-0.109615,-0.515085,
85145504015747,Gyro,0.070106,-0.042170,-0.100968,
85145473826390,Lacc,-1.286523,6.911691,-2.972280,
85145473826390,GameRo,-0.188871,0.571423,-0.517158,0.608564
85145493952627,Lacc,-1.578506,6.885755,-3.115814,
85145493952627,GameRo,-0.188064,0.571982,-0.516626,0.608742
85145512011311,pre,999.888000,,,
85145527544677,pre,999.898499,,,
85145543261147,pre,999.893250,,,
85145524111465,Gyro,-0.134092,0.063587,0.271377,
85145544207184,Gyro,-0.260868,0.212047,0.620177,
85145514063605,Lacc,-1.691156,6.887284,-3.332493,
85145514063605,GameRo,-0.191204,0.567930,-0.522947,0.606155
85145534159326,Lacc,-1.514177,6.575830,-3.090106,
85145534159326,GameRo,-0.190437,0.568483,-0.522434,0.606320
85145558886065,pre,999.888000,,,
85145574419431,pre,999.900024,,,
85145564394456,Gyro,-0.252487,0.366892,0.985606,
85145584581729,Gyro,-0.172538,0.518544,1.367396,
85145554300822,Lacc,-1.671710,6.044844,-2.645090,
85145554300822,GameRo,-0.186851,0.573031,-0.516250,0.608447
85145574488095,Lacc,-2.345918,5.573895,-2.333008,
85145574488095,GameRo,-0.186150,0.573461,-0.515813,0.608628
85145590074866,pre,999.897766,,,
85145605760820,pre,999.900757,,,
85145621385738,pre,999.897766,,,
85145604723225,Gyro,-0.018890,0.633347,1.771403,
85145624864722,Gyro,0.086335,0.670994,2.192171,
85145636888586,pre,999.900024,,,
85145594652479,Lacc,-3.083079,4.750796,-1.743867,
85145594652479,GameRo,-0.172126,0.585046,-0.500955,0.614115
85145614793975,Lacc,-4.422600,4.318404,-1.450957,
85145614793975,GameRo,-0.171468,0.585369,-0.500567,0.614308
85145652544022,pre,999.898499,,,
85145644990958,Gyro,0.060794,0.642792,2.602297,
85145665117195,Gyro,-0.189831,0.551535,3.042487,
85145634927842,Lacc,-4.872779,3.666838,-1.137662,
85145634927842,GameRo,-0.142317,0.599564,-0.479225,0.624990
85145655054078,Lacc,-6.873684,3.642048,-1.200185,
85145655054078,GameRo,-0.141669,0.599851,-0.478832,0.625163
85145668229974,pre,999.897766,,,
85145683793858,pre,999.906006,,,
85145699510328,pre,999.899231,,,
85145685258691,Gyro,-0.263529,0.500319,3.553049,
85145705400188,Gyro,-0.115734,0.488080,4.005877,
85145675187945,Lacc,-8.791645,2.050483,-1.343511,
85145675187945,GameRo,-0.101996,0.614458,-0.446170,0.642627
85145695329441,Lacc,-9.796762,1.210104,-1.356819,
85145695329441,GameRo,-0.101488,0.614719,-0.445829,0.642695
85145715135247,pre,999.894775,,,
85145730760165,pre,999.904480,,,
85145725495908,Gyro,0.020087,0.564039,4.242135,
85145745591629,Gyro,0.186505,0.667269,4.208478,
85145747636296,pre,999.915771,,,
85145715448049,Lacc,-7.636553,-0.174261,-0.389857,
85145715448049,GameRo,-0.054769,0.629440,-0.394964,0.666940
85145735543768,Lacc,-5.904263,-0.299390,0.567641,
85145735543768,GameRo,-0.054519,0.629495,-0.394809,0.667000
85145770737982,pre,999.911255,,,
85145765778901,Gyro,0.479566,0.760522,3.902514,
85145785966173,Gyro,0.899270,0.799100,3.516067,
85145755685263,Lacc,-4.438755,-1.742096,1.301540,
85145788254980,pre,999.911987,,,
85145755685263,GameRo,0.004935,0.639163,-0.337413,0.691085
85145775872535,Lacc,-4.980421,-1.666165,1.280986,
85145775872535,GameRo,0.004982,0.639141,-0.337387,0.691118
85145803513689,pre,999.908264,,,
85145819138608,pre,999.904480,,,
85145806092410,Gyro,1.125152,0.745490,3.116717,
85145826218647,Gyro,0.928670,0.693343,2.669210,
85145834702491,pre,999.911255,,,
85145796029291,Lacc,-4.473663,-2.788200,1.077600,
85145796029291,GameRo,0.067186,0.643882,-0.289838,0.704909
85145816155529,Lacc,-3.525346,-2.288759,0.296180,
85145816155529,GameRo,0.067094,0.643920,-0.289900,0.704858
85145850388444,pre,999.916504,,,
85145846314367,Gyro,0.372878,0.623237,2.180997,
85145866410088,Gyro,-0.415181,0.547810,1.716728,
85145866013362,pre,999.905273,,,
85145836266508,Lacc,-2.049421,-2.857419,0.163842,
85145836266508,GameRo,0.126443,0.642305,-0.260052,0.709809
85145856362227,Lacc,-0.912946,-1.962104,0.644647,
85145856362227,GameRo,0.126250,0.642297,-0.260188,0.709801
85145881638280,pre,999.905273,,,
85145897263198,pre,999.900024,,,
85145886597360,Gyro,-1.085909,0.463869,1.354493,
85145906784632,Gyro,-1.583168,0.340951,1.116239,
85145912766047,pre,999.900024,,,
85145876503722,Lacc,0.065619,-2.596899,1.426169,
85145876503722,GameRo,0.159540,0.643603,-0.232012,0.711683
85145896690994,Lacc,0.654294,-2.955102,1.370969,
85145896690994,GameRo,0.159158,0.643543,-0.232277,0.711737
85145928513035,pre,999.905273,,,
85145944137953,pre,999.900024,,,
85145926910869,Gyro,-1.798807,0.250891,0.984408,
85145947037105,Gyro,-1.696508,0.204065,0.914302,
85145916847750,Lacc,1.447389,-3.892528,1.306409,
85145916847750,GameRo,0.160057,0.650860,-0.196825,0.715557
85145936973988,Lacc,2.290874,-4.269292,1.015835,
85145936973988,GameRo,0.159473,0.650853,-0.197246,0.715578
85145959671318,pre,999.902283,,,
85145975387789,pre,999.906738,,,
85145967178602,Gyro,-1.357818,0.181583,0.878917,
85145987320098,Gyro,-0.915899,0.157638,0.886633,
85145957107855,Lacc,2.805625,-4.847601,0.923191,
85145957107855,GameRo,0.146031,0.657835,-0.159105,0.721535
85145977249349,Lacc,3.014823,-5.009952,0.837588,
85145977249349,GameRo,0.145338,0.657849,-0.159607,0.721552
85145990951672,pre,999.903015,,,
85146006637625,pre,999.905273,,,
85146022232025,pre,999.906738,,,
85146007415817,Gyro,-0.464800,0.136487,0.877587,
85146027511536,Gyro,-0.143936,0.073165,0.834220,
85145997367957,Lacc,3.108761,-5.529171,1.046580,
85145997367957,GameRo,0.138004,0.661665,-0.129774,0.725475
85146017463677,Lacc,2.995279,-5.662241,1.376077,
85146017463677,GameRo,0.137249,0.661624,-0.130314,0.725558
85146037887461,pre,999.910522,,,
85146053481862,pre,999.907532,,,
85146047698808,Gyro,-0.157904,-0.000798,0.729260,
85146067886080,Gyro,-0.310621,-0.042303,0.566833,
85146070357994,pre,999.905273,,,
85146037605174,Lacc,3.128848,-5.404242,1.427326,
85146037605174,GameRo,0.142835,0.661936,-0.112537,0.727169
85146057792446,Lacc,3.223589,-5.075907,1.411552,
85146057792446,GameRo,0.142110,0.661871,-0.113051,0.727290
85146084762216,pre,999.916504,,,
85146100387134,pre,999.905273,,,
85146088012319,Gyro,-0.475709,-0.102033,0.337093,
85146108138557,Gyro,-0.590512,-0.164955,0.087533,
85146077949201,Lacc,2.898358,-5.389210,1.626940,
85146077949201,GameRo,0.148346,0.659893,-0.101057,0.729604
85146098075437,Lacc,2.114741,-5.637843,1.873745,
85146098075437,GameRo,0.147633,0.659815,-0.101559,0.729749
85146116164639,pre,999.905273,,,
85146131636970,pre,999.904480,,,
85146147261888,pre,999.900024,,,
85146128234276,Gyro,-0.628691,-0.222024,-0.147794,
85146148329995,Gyro,-0.516282,-0.268318,-0.377667,
85146118186416,Lacc,1.140407,-6.038873,1.781937,
85146118186416,GameRo,0.143254,0.658210,-0.091438,0.733401
85146138282136,Lacc,0.293270,-6.409786,1.818989,
85146138282136,GameRo,0.142568,0.658179,-0.091919,0.733502
85146162886806,pre,999.905273,,,
85146178481207,pre,999.905273,,,
85146168517267,Gyro,-0.299712,-0.288006,-0.599558,
85146188704539,Gyro,-0.142340,-0.326052,-0.822380,
85146158423633,Lacc,-0.797640,-6.676298,1.766500,
85146158423633,GameRo,0.129740,0.656339,-0.087624,0.738044
85146178610905,Lacc,-1.850317,-6.943120,1.654157,
85146178610905,GameRo,0.129106,0.656343,-0.088064,0.738099
85146194136643,pre,999.897034,,,
85146209792078,pre,999.897766,,,
85146225386479,pre,999.892517,,,
85146208785002,Gyro,-0.202336,-0.338424,-1.101739,
85146228865465,Gyro,-0.352126,-0.289070,-1.439099,
85146240889328,pre,999.903015,,,
85146198744772,Lacc,-2.155068,-6.111055,1.217498,
85146198744772,GameRo,0.115515,0.654017,-0.095255,0.741515
85146218825232,Lacc,-2.141904,-5.647709,0.816586,
85146218825232,GameRo,0.114995,0.654061,-0.095611,0.741512
85146256544763,pre,999.893250,,,
85146249052737,Gyro,-0.247432,-0.227611,-1.691719,
85146269240009,Gyro,0.099505,-0.270978,-1.891793,
85146238959099,Lacc,-3.589606,-5.609142,0.781017,
85146238959099,GameRo,0.095338,0.652015,-0.111112,0.743936
85146259146371,Lacc,-4.288200,-6.043828,1.329398,
85146272169681,pre,999.893982,,,
85146259146371,GameRo,0.094872,0.652032,-0.111427,0.743934
85146287916668,pre,999.893982,,,
85146303511070,pre,999.894775,,,
85146289381504,Gyro,0.266854,-0.316208,-2.128583,
85146309522998,Gyro,0.337492,-0.365694,-2.398098,
85146279310755,Lacc,-4.014819,-4.814945,1.418579,
85146279310755,GameRo,0.068009,0.651940,-0.135363,0.742984
85146299452252,Lacc,-3.533096,-4.454327,0.628461,
85146299452252,GameRo,0.067661,0.651971,-0.135590,0.742948
85146319135988,pre,999.889526,,,
85146334760906,pre,999.878235,,,
85146329725530,Gyro,0.336694,-0.382057,-2.698476,
85146349928062,Gyro,0.403341,-0.374873,-2.920766,
85146350568928,pre,999.869995,,,
85146319624265,Lacc,-3.602070,-3.214029,-0.243786,
85146319624265,GameRo,0.042312,0.648658,-0.172555,0.740052
85146339826795,Lacc,-4.298527,-3.070820,-0.540614,
85146339826795,GameRo,0.042121,0.648765,-0.172651,0.739947
85146366010742,pre,999.872253,,,
85146381635660,pre,999.869263,,,
85146369993263,Gyro,0.494200,-0.373410,-3.056721,
85146390058464,Gyro,0.558984,-0.359043,-3.116318,
85146397138509,pre,999.879761,,,
85146359960662,Lacc,-4.938827,-1.849714,-0.729030,
85146359960662,GameRo,0.009894,0.643243,-0.218277,0.733822
85146380025865,Lacc,-4.284961,-1.569435,-0.695572,
85146380025865,GameRo,0.009858,0.643356,-0.218260,0.733729
85146412885497,pre,999.877502,,,
85146429151280,pre,999.883484,,,
85146410154185,Gyro,0.572686,-0.330043,-3.141194,
85146430249906,Gyro,0.556723,-0.280290,-3.156226,
85146400106327,Lacc,-3.636369,-0.013716,-0.982943,
85146400106327,GameRo,-0.023943,0.635093,-0.269706,0.723424
85146420202047,Lacc,-2.446111,0.315580,-1.178634,
85146420202047,GameRo,-0.023831,0.635243,-0.269579,0.723344
85146444135333,pre,999.883484,,,
85146459668698,pre,999.885742,,,
85146450437178,Gyro,0.500851,-0.226946,-3.145850,
85146470624450,Gyro,0.465599,-0.178790,-3.100620,
85146440343544,Lacc,-1.996696,1.517933,-1.447370,
85146440343544,GameRo,-0.057081,0.624809,-0.321639,0.709157
85146460530816,Lacc,-1.205505,1.668157,-1.432892,
85146460530816,GameRo,-0.056857,0.624990,-0.321436,0.709108
85146475293617,pre,999.876770,,,
85146491010087,pre,999.885742,,,
85146506635005,pre,999.882751,,,
85146490765946,Gyro,0.533310,-0.161230,-3.007900,
85146510907443,Gyro,0.608338,-0.158703,-2.851857,
85146480695199,Lacc,-1.253707,3.030601,-1.759095,
85146480695199,GameRo,-0.090285,0.614067,-0.371315,0.690576
85146500836694,Lacc,-0.574976,3.756862,-1.989117,
85146500836694,GameRo,-0.089845,0.614336,-0.370967,0.690582
85146522259923,pre,999.890259,,,
85146537884842,pre,999.892517,,,
85146531033679,Gyro,0.674187,-0.142872,-2.622783,
85146551159916,Gyro,0.706513,-0.150189,-2.303249,
85146554577869,pre,999.891785,,,
85146520970560,Lacc,-0.813833,5.073183,-2.315351,
85146520970560,GameRo,-0.119616,0.601809,-0.417801,0.670045
85146541096799,Lacc,-0.725198,5.276570,-2.277439,
85146569012608,pre,999.886536,,,
85146541096799,GameRo,-0.118992,0.602147,-0.417351,0.670133
85146584759596,pre,999.897034,,,
85146571301413,Gyro,0.679109,-0.151253,-1.937422,
85146591442909,Gyro,0.593572,-0.153781,-1.548182,
85146561230665,Lacc,-1.335877,5.957650,-2.508929,
85146561230665,GameRo,-0.141269,0.587836,-0.458845,0.651116
85146581372160,Lacc,-1.188711,5.855125,-2.610382,
85146581372160,GameRo,-0.140575,0.588243,-0.458356,0.651244
85146600292962,pre,999.903015,,,
85146616009432,pre,999.897766,,,
85146611523370,Gyro,0.485154,-0.156574,-1.149230,
85146631603831,Gyro,0.304235,-0.131698,-0.795242,
85146631542797,pre,999.892517,,,
85146601483138,Lacc,-1.408868,6.323154,-2.903716,
85146601483138,GameRo,-0.154454,0.574790,-0.489399,0.637377
85146621563601,Lacc,-0.866175,6.683437,-2.935337,
85146621563601,GameRo,-0.153668,0.575255,-0.488869,0.637553
85146656017768,pre,999.894775,,,
85146651791103,Gyro,0.089661,-0.069707,-0.506837,
85146671978375,Gyro,-0.070771,0.032858,-0.258341,
85146641697469,Lacc,-0.707951,6.853953,-3.053821,
85146641697469,GameRo,-0.160965,0.565826,-0.506807,0.630141
85146673931492,pre,999.893982,,,
85146661884741,Lacc,-0.591455,6.543422,-2.972468,
85146661884741,GameRo,-0.160202,0.566299,-0.506299,0.630320
85146688396748,pre,999.894775,,,
85146704052184,pre,999.894775,,,
85146692119871,Gyro,-0.145001,0.143537,0.001330,
85146712261368,Gyro,-0.133427,0.255680,0.298382,
85146719555032,pre,999.893982,,,
85146682049124,Lacc,-1.129222,6.187778,-2.915440,
85146682049124,GameRo,-0.164502,0.564055,-0.511978,0.626626
85146702190619,Lacc,-1.927605,5.680479,-2.871163,
85146702190619,GameRo,-0.163812,0.564517,-0.511504,0.626778
85146735302020,pre,999.887268,,,
85146750926938,pre,999.896240,,,
85146732357089,Gyro,-0.100170,0.352791,0.667269,
85146752452809,Gyro,-0.099771,0.450965,1.111317,
85146722309226,Lacc,-3.015648,5.325463,-2.754908,
85146722309226,GameRo,-0.162715,0.568805,-0.509158,0.625094
85146742404947,Lacc,-3.960520,5.097973,-2.698606,
85146742404947,GameRo,-0.162028,0.569250,-0.508686,0.625252
85146766551856,pre,999.890259,,,
85146782176775,pre,999.897766,,,
85146772640082,Gyro,-0.147129,0.552067,1.570131,
85146792827354,Gyro,-0.386181,0.665540,2.031739,
85146762546443,Lacc,-3.914151,4.775572,-2.361259,
85146762546443,GameRo,-0.150224,0.577666,-0.498910,0.628350
85146782733716,Lacc,-4.535167,4.546170,-2.158686,
85146782733716,GameRo,-0.149568,0.578039,-0.498471,0.628512
85146797801693,pre,999.897766,,,
85146813335058,pre,999.888733,,,
85146829143080,pre,999.898499,,,
85146812907815,Gyro,-0.561512,0.713829,2.639146,
85146832988275,Gyro,-0.409195,0.719283,3.313066,
85146802867582,Lacc,-6.289525,3.223150,-1.867092,
85146802867582,GameRo,-0.126059,0.591974,-0.476464,0.637697
85146822948043,Lacc,-8.570692,2.064928,-1.566508,
85146822948043,GameRo,-0.125508,0.592286,-0.476077,0.637806
85146844676447,pre,999.888733,,,
85146860301365,pre,999.898499,,,
85146853175548,Gyro,-0.135157,0.759724,3.932312,
85146873362820,Gyro,0.105757,0.842866,4.331131,
85146877299567,pre,999.903748,,,
85146891429131,pre,999.902283,,,
85146907145602,pre,999.906006,,,
85146893458538,Gyro,0.460277,0.940509,4.385273,
85146913554257,Gyro,0.794710,0.988133,4.134382,
85146922678967,pre,999.907532,,,
85146843081909,Lacc,-8.162073,0.699755,-0.815451,
85146843081909,GameRo,-0.092240,0.613209,-0.434755,0.653035
85146863269182,Lacc,-7.242534,0.452170,-0.250587,
85146863269182,GameRo,-0.091864,0.613369,-0.434493,0.653112
85146883410678,Lacc,-5.151671,-1.064108,0.771164,
85146883410678,GameRo,-0.035989,0.629706,-0.380220,0.676467
85146938425956,pre,999.893982,,,
85146933695754,Gyro,0.947826,0.960064,3.765096,
85146953837250,Gyro,0.975096,0.882243,3.337543,
85146954478118,pre,999.897034,,,
85146923625007,Lacc,-5.046884,-0.459256,1.574219,
85146923625007,GameRo,-0.035813,0.629670,-0.380114,0.676570
85146943766504,Lacc,-4.859407,0.380668,1.034825,
85146943766504,GameRo,-0.035580,0.629666,-0.379964,0.676670
85146969675792,pre,999.890991,,,
85146985300710,pre,999.897766,,,
85146974009264,Gyro,0.853908,0.812137,2.855848,
85146994181279,Gyro,0.469057,0.737109,2.355397,
85146963923258,Lacc,-2.807447,-1.850061,0.733611,
85146963923258,GameRo,0.100505,0.638618,-0.298640,0.702054
85146984095271,Lacc,-1.744114,-1.463622,0.457652,
85146984095271,GameRo,0.100411,0.638622,-0.298711,0.702034
85147000834076,pre,999.903015,,,
85147016550547,pre,999.898499,,,
85147032053394,pre,999.900757,,,
85147014276997,Gyro,-0.245038,0.628425,1.872105,
85147034372716,Gyro,-0.914968,0.514420,1.451869,
85147004229137,Lacc,-0.445091,-2.066361,0.890099,
85147004229137,GameRo,0.151813,0.638239,-0.268048,0.705517
85147024324858,Lacc,0.365524,-1.951559,1.113972,
85147024324858,GameRo,0.151560,0.638176,-0.268235,0.705557
85147047800383,pre,999.897766,,,
85147063425301,pre,999.907532,,,
85147054559988,Gyro,-1.375511,0.351992,1.130606,
85147074747261,Gyro,-1.640370,0.243575,0.921752,
85147044466354,Lacc,0.910203,-3.045693,1.338625,
85147044466354,GameRo,0.172029,0.642739,-0.236432,0.708091
85147064653626,Lacc,1.508384,-3.222333,1.243931,
85147064653626,GameRo,0.171597,0.642691,-0.236763,0.708128
85147078989184,pre,999.902283,,,
85147094675137,pre,999.894775,,,
85147110300055,pre,999.894775,,,
85147094873499,Gyro,-1.648751,0.164290,0.785132,
85147114999738,Gyro,-1.486590,0.118129,0.704916,
85147084810381,Lacc,2.097842,-3.906157,1.307651,
85147084810381,GameRo,0.165754,0.650042,-0.201700,0.713645
85147104936617,Lacc,2.506941,-4.158699,1.292196,
85147104936617,GameRo,0.165178,0.649998,-0.202145,0.713692
85147125924973,pre,999.893982,,,
85147141549892,pre,999.896240,,,
85147135141232,Gyro,-1.185547,0.095248,0.680173,
85147155282727,Gyro,-0.856302,0.073032,0.673388,
85147157907228,pre,999.895508,,,
85147125070484,Lacc,2.894554,-4.754753,1.415134,
85147125070484,GameRo,0.151443,0.655819,-0.169571,0.719870
85147145211980,Lacc,3.084698,-5.060256,1.453671,
85147145211980,GameRo,0.150750,0.655763,-0.170103,0.719941
85147172799728,pre,999.893982,,,
85147188424646,pre,999.893982,,,
85147175424223,Gyro,-0.584260,0.042835,0.653035,
85147195565720,Gyro,-0.433140,0.000133,0.599691,
85147165353477,Lacc,3.168812,-5.519785,1.523018,
85147165353477,GameRo,0.142836,0.658611,-0.145622,0.724309
85147185494973,Lacc,3.175336,-5.414086,1.433892,
85147185494973,GameRo,0.142109,0.658556,-0.146178,0.724391
85147204202151,pre,999.894775,,,
85147219674482,pre,999.888733,,,
85147215646180,Gyro,-0.448039,-0.039775,0.501117,
85147235726641,Gyro,-0.487149,-0.067046,0.351327,
85147235238366,pre,999.900757,,,
85147205605952,Lacc,2.831964,-5.334682,1.301424,
85147205605952,GameRo,0.142163,0.658689,-0.129972,0.727342
85147225686413,Lacc,2.521094,-5.319757,1.208303,
85147225686413,GameRo,0.141483,0.658662,-0.130492,0.727406
85147250893801,pre,999.888733,,,
85147266549237,pre,999.892517,,,
85147255913913,Gyro,-0.423296,-0.088065,0.159900,
85147276101186,Gyro,-0.303304,-0.135157,-0.054409,
85147245820279,Lacc,1.940578,-5.835435,1.387813,
85147245820279,GameRo,0.140409,0.657714,-0.118206,0.730565
85147266007551,Lacc,1.013499,-6.174291,1.580786,
85147266007551,GameRo,0.139739,0.657686,-0.118717,0.730636
85147282082602,pre,999.888000,,,
85147297799073,pre,999.885010,,,
85147313423991,pre,999.883484,,,
85147296196906,Gyro,-0.203400,-0.180120,-0.297983,
85147316292627,Gyro,-0.070904,-0.212446,-0.577874,
85147286149047,Lacc,0.033002,-6.264225,1.568233,
85147286149047,GameRo,0.134452,0.656876,-0.112260,0.733372
85147306244766,Lacc,-0.950422,-6.553261,1.436639,
85147306244766,GameRo,0.133841,0.656884,-0.112725,0.733406
85147329048909,pre,999.885742,,,
85147344673827,pre,999.885010,,,
85147336479899,Gyro,-0.033656,-0.249295,-0.881578,
85147356667171,Gyro,-0.176661,-0.252354,-1.276405,
85147361488924,pre,999.875244,,,
85147326386261,Lacc,-1.855535,-6.515841,1.107241,
85147326386261,GameRo,0.125581,0.655461,-0.116404,0.735561
85147346573533,Lacc,-1.834693,-6.131131,0.902622,
85147346573533,GameRo,0.125040,0.655505,-0.116813,0.735549
85147375923663,pre,999.880493,,,
85147391548582,pre,999.869263,,,
85147376808668,Gyro,-0.345474,-0.179455,-1.706751,
85147396950164,Gyro,-0.254350,-0.185441,-2.022161,
85147366737918,Lacc,-2.515912,-5.430539,0.675133,
85147366737918,GameRo,0.110787,0.654159,-0.131303,0.736588
85147386879414,Lacc,-4.439806,-5.844763,1.078404,
85147386879414,GameRo,0.110358,0.654194,-0.131623,0.736564
85147407173500,pre,999.888733,,,
85147422798418,pre,999.879761,,,
85147417076401,Gyro,-0.021684,-0.259405,-2.279570,
85147437202637,Gyro,0.109083,-0.292529,-2.493347,
85147407013282,Lacc,-5.136467,-4.906344,1.381485,
85147439460928,pre,999.879028,,,
85147407013282,GameRo,0.080875,0.656013,-0.153934,0.734445
85147427139520,Lacc,-4.827024,-4.527120,1.217861,
85147427139520,GameRo,0.080572,0.656013,-0.154159,0.734432
85147454017736,pre,999.872986,,,
85147469673172,pre,999.867004,,,
85147457344134,Gyro,0.257143,-0.280689,-2.701137,
85147477485630,Gyro,0.385915,-0.229208,-2.900945,
85147447273387,Lacc,-4.058962,-3.551966,0.645500,
85147447273387,GameRo,0.048890,0.655031,-0.189087,0.729925
85147467414881,Lacc,-3.748871,-3.170080,0.236460,
85147467414881,GameRo,0.048693,0.655072,-0.189220,0.729867
85147485206538,pre,999.868530,,,
85147500923009,pre,999.861755,,,
85147516517409,pre,999.867737,,,
85147497566091,Gyro,0.600622,-0.207657,-3.021069,
85147517646552,Gyro,0.844995,-0.224152,-3.088248,
85147487525860,Lacc,-4.606468,-1.937308,-0.165019,
85147487525860,GameRo,0.015549,0.651672,-0.233166,0.721606
85147507606323,Lacc,-4.527882,-1.605837,-0.299837,
85147507606323,GameRo,0.015528,0.651748,-0.233157,0.721541
85147532172845,pre,999.869995,,,
85147547797763,pre,999.870789,,,
85147537849082,Gyro,1.023120,-0.248630,-3.101285,
85147558051612,Gyro,1.093225,-0.263928,-3.070290,
85147527747819,Lacc,-4.219415,-0.129483,-0.629952,
85147527747819,GameRo,-0.015875,0.645490,-0.285098,0.708385
85147547950349,Lacc,-3.313044,0.275202,-0.910333,
85147547950349,GameRo,-0.015738,0.645612,-0.284962,0.708332
85147563300611,pre,999.877502,,,
85147578956047,pre,999.900024,,,
85147594672517,pre,999.905273,,,
85147578177851,Gyro,1.071675,-0.273240,-3.009230,
85147598304089,Gyro,0.951284,-0.295189,-2.930344,
85147568114732,Lacc,-2.900535,1.547339,-1.455192,
85147568114732,GameRo,-0.042271,0.633784,-0.341953,0.692532
85147588240969,Lacc,-1.971493,1.945439,-1.535057,
85147588240969,GameRo,-0.041994,0.633972,-0.341703,0.692499
85147610297435,pre,999.906006,,,
85147625922354,pre,999.903748,,,
85147618445586,Gyro,0.721944,-0.316873,-2.839752,
85147638587082,Gyro,0.486351,-0.338291,-2.744504,
85147608374836,Lacc,-1.758665,3.413709,-1.881485,
85147642645899,pre,999.882751,,,
85147608374836,GameRo,-0.066837,0.619216,-0.395705,0.674923
85147628516332,Lacc,-0.777542,3.919930,-2.016817,
85147628516332,GameRo,-0.066371,0.619472,-0.395330,0.674955
85147657111155,pre,999.893982,,,
85147672797108,pre,999.897766,,,
85147658728577,Gyro,0.263795,-0.338291,-2.645797,
85147678870071,Gyro,0.130767,-0.317671,-2.487892,
85147688391508,pre,999.891785,,,
85147648657828,Lacc,-0.596250,5.123116,-2.497733,
85147648657828,GameRo,-0.094175,0.605239,-0.440560,0.656295
85147668799325,Lacc,-0.011588,5.246894,-2.656796,
85147668799325,GameRo,-0.093578,0.605604,-0.440084,0.656364
85147704046944,pre,999.898499,,,
85147699042085,Gyro,0.074762,-0.288671,-2.253896,
85147719214100,Gyro,0.079817,-0.275634,-1.913743,
85147688956079,Lacc,-0.565681,5.858838,-2.884932,
85147721106181,pre,999.900757,,,
85147688956079,GameRo,-0.124650,0.593766,-0.475746,0.636844
85147709128092,Lacc,-0.656135,5.735968,-2.853126,
85147709128092,GameRo,-0.124000,0.594188,-0.475234,0.636960
85147735296780,pre,999.900757,,,
85147750921699,pre,999.904480,,,
85147739309818,Gyro,0.111744,-0.279891,-1.525301,
85147759405537,Gyro,0.083010,-0.256478,-1.106661,
85147729261958,Lacc,-1.089640,6.182060,-2.904568,
85147729261958,GameRo,-0.151365,0.584254,-0.502557,0.619009
85147749357679,Lacc,-0.834677,6.417423,-2.939011,
85147749357679,GameRo,-0.150645,0.584721,-0.502009,0.619188
85147766424546,pre,999.898499,,,
85147782171535,pre,999.901489,,,
85147797796453,pre,999.892517,,,
85147779501258,Gyro,-0.030596,-0.204730,-0.717953,
85147799596979,Gyro,-0.165487,-0.117331,-0.366360,
85147769453400,Lacc,-1.109662,6.852051,-3.068485,
85147769453400,GameRo,-0.168238,0.576001,-0.519713,0.608127
85147789549120,Lacc,-0.954268,6.730323,-2.987315,
85147789549120,GameRo,-0.167488,0.576496,-0.519154,0.608342
85147813421371,pre,999.898499,,,
85147829290428,pre,999.890991,,,
85147819784251,Gyro,-0.211249,-0.000399,-0.014500,
85147839971523,Gyro,-0.167216,0.126377,0.363433,
85147844823795,pre,999.898499,,,
85147860174055,pre,999.890991,,,
85147809690617,Lacc,-1.313031,6.474649,-2.857482,
85147809690617,GameRo,-0.176864,0.572965,-0.525201,0.603817
85147829877889,Lacc,-1.864822,5.975448,-2.698930,
85147829877889,GameRo,-0.176176,0.573420,-0.524693,0.604027
85147875921044,pre,999.888733,,,
85147860097760,Gyro,-0.059198,0.232799,0.768903,
85147880223996,Gyro,-0.024078,0.329378,1.189804,
85147850034643,Lacc,-2.529360,5.552238,-2.520537,
85147850034643,GameRo,-0.177235,0.576599,-0.521107,0.603795
85147870160880,Lacc,-3.181244,5.486362,-2.486531,
85147870160880,GameRo,-0.176556,0.577029,-0.520609,0.604012
85147891545962,pre,999.883484,,,
85147907170880,pre,999.893982,,,
85147900365493,Gyro,-0.102964,0.433140,1.623209,
85147920506989,Gyro,-0.185308,0.508700,2.036528,
85147890294746,Lacc,-3.749463,5.193316,-2.294795,
85147922734763,pre,999.894775,,,
85147890294746,GameRo,-0.163909,0.583923,-0.510086,0.609902
85147910436243,Lacc,-4.490891,4.800540,-1.974632,
85147910436243,GameRo,-0.163251,0.584284,-0.509617,0.610125
85147938420716,pre,999.890991,,,
85147954045634,pre,999.897034,,,
85147940648485,Gyro,-0.307960,0.539562,2.437874,
85147960789982,Gyro,-0.467727,0.506571,2.907995,
85147930577739,Lacc,-4.368474,4.141023,-1.603373,
85147930577739,GameRo,-0.139298,0.596555,-0.487987,0.621761
85147950719236,Lacc,-6.136729,3.970425,-1.564425,
85147950719236,GameRo,-0.138677,0.596857,-0.487542,0.621959
85147969670552,pre,999.894775,,,
85147985264953,pre,999.900757,,,
85147980870443,Gyro,-0.448837,0.444580,3.442103,
85148000950904,Gyro,-0.300378,0.415181,3.967831,
85148000920389,pre,999.891785,,,
85147970830214,Lacc,-7.904575,2.566702,-1.351024,
85147970830214,GameRo,-0.106524,0.613373,-0.452403,0.638560
85147990910675,Lacc,-9.497272,1.742703,-1.468042,
85147990910675,GameRo,-0.106015,0.613639,-0.452011,0.638666
85148025334323,pre,999.898499,,,
85148021138176,Gyro,-0.151918,0.458415,4.373567,
85148041325448,Gyro,-0.091922,0.561379,4.467218,
85148011044542,Lacc,-8.052118,0.186141,-0.950652,
85148043553221,pre,999.906006,,,
85148011044542,GameRo,-0.063327,0.629362,-0.400684,0.662831
85148031231814,Lacc,-6.421660,0.341787,-0.137318,
85148031231814,GameRo,-0.063025,0.629475,-0.400454,0.662892
85148058018478,pre,999.900757,,,
85148073643396,pre,999.900757,,,
85148061466944,Gyro,-0.050817,0.626031,4.314103,
85148081608441,Gyro,0.142473,0.624035,4.000955,
85148051396197,Lacc,-5.336243,-0.935498,0.804901,
85148051396197,GameRo,-0.004580,0.639989,-0.338589,0.689747
85148071537692,Lacc,-5.990602,-0.872621,1.341965,
85148071537692,GameRo,-0.004453,0.639970,-0.338494,0.689812
85148089268314,pre,999.903748,,,
85148104984784,pre,999.898499,,,
85148120609703,pre,999.894775,,,
85148101688902,Gyro,0.426355,0.581865,3.623554,
85148121769362,Gyro,0.509099,0.548076,3.197465,
85148091648670,Lacc,-5.440385,-2.433714,1.614393,
85148091648670,GameRo,0.054475,0.646921,-0.277620,0.708134
85148111729133,Lacc,-4.455277,-2.254256,1.045018,
85148111729133,GameRo,0.054406,0.646907,-0.277674,0.708130
85148136234621,pre,999.893982,,,
85148151767986,pre,999.890991,,,
85148141956635,Gyro,0.282286,0.512690,2.698742,
85148162143907,Gyro,-0.191294,0.465332,2.169822,
85148168949293,pre,999.895508,,,
85148131863001,Lacc,-2.622833,-3.201424,0.576615,
85148131863001,GameRo,0.109866,0.647014,-0.232048,0.717953
85148152050273,Lacc,-1.098106,-2.465358,0.405778,
85148152050273,GameRo,0.109652,0.647031,-0.232228,0.717912
85148183109375,pre,999.898499,,,
85148198734293,pre,999.892517,,,
85148182285403,Gyro,-0.721678,0.398951,1.696109,
85148202426900,Gyro,-1.061166,0.320332,1.312722,
85148172214656,Lacc,0.116815,-2.648320,0.719675,
85148172214656,GameRo,0.148662,0.646551,-0.196272,0.722045
85148192356151,Lacc,1.006726,-2.566987,0.811461,
85148192356151,GameRo,0.148338,0.646519,-0.196532,0.722069
85148214267659,pre,999.895508,,,
85148229892577,pre,999.893250,,,
85148222568396,Gyro,-1.314717,0.202070,1.064225,
85148242709893,Gyro,-1.437103,0.139280,0.935454,
85148212497646,Lacc,1.483568,-3.630627,0.824418,
85148212497646,GameRo,0.158665,0.649992,-0.161751,0.725377
85148232639143,Lacc,1.949450,-4.067229,0.666589,
85148245517495,pre,999.895508,,,
85148232639143,GameRo,0.158160,0.650008,-0.162177,0.725378
85148261233966,pre,999.893982,,,
85148276858884,pre,999.897034,,,
85148262851387,Gyro,-1.399057,0.094982,0.887165,
85148282992882,Gyro,-1.225455,0.070372,0.917096,
85148252780639,Lacc,2.191279,-4.792304,0.617260,
85148252780639,GameRo,0.151715,0.653475,-0.129332,0.730224
85148272922135,Lacc,2.459049,-5.162621,0.622412,
85148272922135,GameRo,0.151083,0.653511,-0.129864,0.730228
85148292483802,pre,999.894775,,,
85148308108720,pre,999.888000,,,
85148303134378,Gyro,-0.960064,0.070638,0.987601,
85148323275875,Gyro,-0.611131,0.074629,1.030835,
85148324221917,pre,999.890991,,,
85148293063632,Lacc,2.755806,-5.788716,0.709754,
85148293063632,GameRo,0.141858,0.655397,-0.098935,0.735216
85148313205128,Lacc,3.040617,-6.240838,0.889354,
85148313205128,GameRo,0.141097,0.655410,-0.099557,0.735267
85148339297522,pre,999.887268,,,
85148355013992,pre,999.893982,,,
85148343402113,Gyro,-0.265391,0.062789,1.033097,
85148363528352,Gyro,-0.101634,0.040840,0.958468,
85148333338995,Lacc,3.105210,-6.655095,0.944116,
85148333338995,GameRo,0.140166,0.655220,-0.073286,0.738694
85148353465231,Lacc,3.087305,-6.293397,0.934558,
85148353465231,GameRo,0.139390,0.655221,-0.073910,0.738778
85148370608393,pre,999.885742,,,
85148386233311,pre,999.897034,,,
85148401858229,pre,999.893982,,,
85148383624070,Gyro,-0.024477,0.019156,0.813600,
85148403719789,Gyro,-0.048422,-0.010110,0.565636,
85148373576210,Lacc,2.874079,-6.543961,0.943965,
85148373576210,GameRo,0.148998,0.653443,-0.056232,0.740034
85148393671931,Lacc,2.338476,-6.604016,0.972532,
85148393671931,GameRo,0.148235,0.653463,-0.056844,0.740123
85148417483147,pre,999.890259,,,
85148433047030,pre,999.882751,,,
85148423907061,Gyro,-0.130501,-0.045762,0.264593,
85148444094334,Gyro,-0.241845,-0.077023,-0.110945,
85148413813427,Lacc,1.421592,-6.963705,1.004244,
85148413813427,GameRo,0.157410,0.651337,-0.045594,0.740880
85148434000699,Lacc,0.677590,-6.929836,1.003916,
85148434000699,GameRo,0.156698,0.651387,-0.046170,0.740952
85148449251780,pre,999.888733,,,
85148464357901,pre,999.888000,,,
85148479982820,pre,999.880493,,,
85148464220572,Gyro,-0.310355,-0.083276,-0.539296,
85148484346811,Gyro,-0.302772,-0.090326,-0.991459,
85148454157454,Lacc,-0.141827,-7.205419,1.027140,
85148454157454,GameRo,0.156334,0.650161,-0.041960,0.742355
85148474283690,Lacc,-1.217864,-7.568254,1.153874,
85148474283690,GameRo,0.155650,0.650224,-0.042514,0.742412
85148495607738,pre,999.886536,,,
85148511232656,pre,999.876770,,,
85148504488305,Gyro,-0.325254,-0.089794,-1.454796,
85148524629800,Gyro,-0.314878,-0.016096,-1.925849,
85148494417557,Lacc,-2.059542,-7.303959,1.002093,
85148526857574,pre,999.886536,,,
85148494417557,GameRo,0.141982,0.651171,-0.048448,0.743956
85148514559053,Lacc,-2.863243,-7.117487,0.660011,
85148514559053,GameRo,0.141390,0.651264,-0.048931,0.743956
85148542482492,pre,999.877502,,,
85148558107410,pre,999.876770,,,
85148544771296,Gyro,-0.089661,0.025807,-2.277176,
85148564912793,Gyro,0.263662,-0.029532,-2.545627,
85148534700550,Lacc,-4.706877,-6.864174,0.857815,
85148534700550,GameRo,0.115579,0.654489,-0.068465,0.744042
85148554842046,Lacc,-5.377833,-6.993735,1.316591,
85148554842046,GameRo,0.115080,0.654528,-0.068868,0.744047
85148573640776,pre,999.886536,,,
85148589357246,pre,999.877502,,,
85148584993253,Gyro,0.507502,-0.048821,-2.826848,
85148605073714,Gyro,0.693875,-0.055207,-3.114189,
85148604982165,pre,999.874512,,,
85148574953025,Lacc,-4.336624,-5.555095,1.296412,
85148574953025,GameRo,0.083129,0.659608,-0.103624,0.739776
85148595033486,Lacc,-3.560016,-5.053555,0.809054,
85148595033486,GameRo,0.082743,0.659629,-0.103934,0.739758
85148620607083,pre,999.880493,,,
85148636109931,pre,999.880493,,,
85148625260986,Gyro,0.917628,-0.029532,-3.360956,
85148645448259,Gyro,1.239822,-0.051748,-3.515003,
85148651795884,pre,999.879761,,,
85148615167352,Lacc,-3.900945,-3.669490,0.270168,
85148615167352,GameRo,0.052303,0.661336,-0.154179,0.732208
85148635354624,Lacc,-5.134064,-3.600930,-0.163627,
85148635354624,GameRo,0.052098,0.661409,-0.154328,0.732125
85148667481837,pre,999.872986,,,
85148683106755,pre,999.883484,,,
85148665589755,Gyro,1.606315,-0.127175,-3.547728,
85148685731251,Gyro,1.901105,-0.241978,-3.491723,
85148655519009,Lacc,-6.145251,-2.250025,-0.463558,
85148655519009,GameRo,0.020801,0.659853,-0.217081,0.719053
85148675660505,Lacc,-5.913015,-2.054116,-0.484297,
85148675660505,GameRo,0.020768,0.659940,-0.217080,0.718975
85148698762191,pre,999.888000,,,
85148714356591,pre,999.889526,,,
85148705872748,Gyro,1.988904,-0.348268,-3.397007,
85148726014244,Gyro,1.844701,-0.442718,-3.302557,
85148695802001,Lacc,-5.401444,-0.441047,-0.710541,
85148695802001,GameRo,-0.002876,0.649986,-0.289865,0.702487
85148715943495,Lacc,-4.601748,-0.017225,-0.726993,
85148715943495,GameRo,-0.002739,0.650093,-0.289727,0.702446
85148729950993,pre,999.885010,,,
85148745606428,pre,999.893982,,,
85148761261864,pre,999.895508,,,
85148746140481,Gyro,1.566540,-0.546081,-3.202121,
85148766266717,Gyro,1.183951,-0.642127,-3.115652,
85148736077362,Lacc,-4.670015,1.438722,-1.348460,
85148736077362,GameRo,-0.020721,0.631267,-0.362305,0.685425
85148756203600,Lacc,-3.780601,1.975682,-1.655136,
85148756203600,GameRo,-0.020400,0.631463,-0.362015,0.685408
85148776764711,pre,999.898499,,,
85148792481182,pre,999.885010,,,
85148786408214,Gyro,0.764114,-0.697999,-3.064170,
85148806549710,Gyro,0.427685,-0.718751,-3.038363,
85148808869036,pre,999.888733,,,
85148776337468,Lacc,-3.298176,3.249738,-2.475621,
85148776337468,GameRo,-0.043703,0.610154,-0.423456,0.668196
85148796478964,Lacc,-2.160401,3.339274,-2.687167,
85148796478964,GameRo,-0.043269,0.610471,-0.423061,0.668186
85148832520035,pre,999.888733,,,
85148826630171,Gyro,0.198478,-0.724072,-2.970119,
85148846710632,Gyro,0.024211,-0.714228,-2.840816,
85148849548754,pre,999.895508,,,
85148864715912,pre,999.892517,,,
85148816589943,Lacc,-2.300226,4.307017,-3.171521,
85148816589943,GameRo,-0.076893,0.591611,-0.470687,0.650029
85148836670404,Lacc,-1.788455,4.493779,-3.322959,
85148880371347,pre,999.893982,,,
85148836670404,GameRo,-0.076348,0.592030,-0.470203,0.650062
85148866852128,Gyro,-0.098441,-0.677379,-2.621985,
85148886993625,Gyro,-0.219097,-0.625365,-2.320410,
85148856781382,Lacc,-2.182451,5.414759,-3.568893,
85148856781382,GameRo,-0.115478,0.575987,-0.508072,0.629894
85148876922879,Lacc,-1.788480,5.706742,-3.590134,
85148876922879,GameRo,-0.114813,0.576479,-0.507516,0.630013
85148896087817,pre,999.893982,,,
85148911712735,pre,999.890991,,,
85148907135121,Gyro,-0.302772,-0.538099,-2.006330,
85148927276618,Gyro,-0.312882,-0.439126,-1.704490,
85148927764897,pre,999.893250,,,
85148897064374,Lacc,-2.052715,6.299757,-3.680269,
85148897064374,GameRo,-0.152200,0.563055,-0.535838,0.610477
85148917205869,Lacc,-1.405923,6.224536,-3.556782,
85148917205869,GameRo,-0.151507,0.563592,-0.535269,0.610653
85148942962572,pre,999.888733,,,
85148958587490,pre,999.893982,,,
85148947463890,Gyro,-0.300511,-0.318868,-1.401452,
85148967651162,Gyro,-0.299180,-0.181317,-1.103335,
85148937370252,Lacc,-1.466708,6.808458,-3.459969,
85148937370252,GameRo,-0.182175,0.554695,-0.553050,0.594357
85148957557524,Lacc,-1.190278,6.950807,-3.445534,
85148957557524,GameRo,-0.181424,0.555260,-0.552459,0.594610
85148974181890,pre,999.888733,,,
85148989837326,pre,999.888000,,,
85149005462244,pre,999.889526,,,
85148987731623,Gyro,-0.280822,-0.034986,-0.769169,
85149007812084,Gyro,-0.256478,0.115868,-0.380194,
85148977691391,Lacc,-1.808166,7.135303,-3.436423,
85148977691391,GameRo,-0.202496,0.550523,-0.563316,0.581890
85148997771851,Lacc,-2.051984,6.909918,-3.407310,
85148997771851,GameRo,-0.201747,0.551107,-0.562724,0.582169
85149021239749,pre,999.885010,,,
85149036712080,pre,999.890259,,,
85149027968838,Gyro,-0.273506,0.269648,0.047092,
85149048125593,Gyro,-0.299579,0.416112,0.508434,
85149017890460,Lacc,-2.559944,6.765560,-3.150526,
85149017890460,GameRo,-0.212062,0.551827,-0.567187,0.573424
85149038047216,Lacc,-2.998955,6.461778,-2.922188,
85149038047216,GameRo,-0.211326,0.552350,-0.566632,0.573742
85149052306481,pre,999.891785,,,
85149067961917,pre,999.893250,,,
85149083586835,pre,999.888733,,,
85149068297607,Gyro,-0.302240,0.551668,1.001170,
85149088469621,Gyro,-0.222955,0.664077,1.486058,
85149058211601,Lacc,-3.527138,6.282379,-2.598602,
85149058211601,GameRo,-0.208883,0.559962,-0.562746,0.571075
85149078383613,Lacc,-3.679960,6.063529,-2.181903,
85149078383613,GameRo,-0.208150,0.560382,-0.562231,0.571438
85149099211753,pre,999.898499,,,
85149114836671,pre,999.898499,,,
85149108611118,Gyro,-0.203267,0.730058,1.994757,
85149128752614,Gyro,-0.227345,0.745756,2.605888,
85149131285559,pre,999.888733,,,
85149145964438,pre,999.896240,,,
85149098540367,Lacc,-3.630011,5.700857,-1.512980,
85149098540367,GameRo,-0.191874,0.575100,-0.548058,0.576262
85149118681864,Lacc,-5.528094,5.073680,-1.429565,
85149118681864,GameRo,-0.191173,0.575433,-0.547572,0.576623
85149161711425,pre,999.894775,,,
85149148894109,Gyro,-0.132097,0.640797,3.304153,
85149169035603,Gyro,-0.081546,0.620576,4.022239,
85149138823360,Lacc,-6.971102,3.749293,-1.457844,
85149138823360,GameRo,-0.160154,0.594052,-0.522658,0.590154
85149158964857,Lacc,-8.576526,3.160796,-1.476618,
85149158964857,GameRo,-0.159533,0.594374,-0.522185,0.590416
85149177244791,pre,999.895508,,,
85149192961262,pre,999.898499,,,
85149208586180,pre,999.900757,,,
85149189116064,Gyro,-0.088597,0.621907,4.634967,
85149209196525,Gyro,-0.118262,0.666338,4.958624,
85149179075835,Lacc,-8.171951,1.552430,-1.106302,
85149179075835,GameRo,-0.112208,0.613020,-0.480265,0.617221
85149199156296,Lacc,-7.684582,1.224218,-0.553724,
85149199156296,GameRo,-0.111760,0.613212,-0.479914,0.617385
85149224211098,pre,999.903015,,,
85149239836016,pre,999.906006,,,
85149229383797,Gyro,-0.110147,0.739637,5.025671,
85149249571069,Gyro,0.089794,0.743494,4.881601,
85149219290163,Lacc,-6.713738,-0.162648,0.312614,
85149219290163,GameRo,-0.047956,0.629724,-0.419188,0.652249
85149239477435,Lacc,-7.947327,-0.404474,1.084351,
85149239477435,GameRo,-0.047680,0.629763,-0.418972,0.652371
85149255399900,pre,999.912781,,,
85149271085852,pre,999.906006,,,
85149286710770,pre,999.906006,,,
85149269712566,Gyro,0.501782,0.699063,4.595857,
85149289854062,Gyro,0.817724,0.664609,4.205153,
85149302244136,pre,999.903015,,,
85149259641819,Lacc,-7.543405,-2.394861,1.863201,
85149259641819,GameRo,0.021362,0.641885,-0.350332,0.681759
85149279783316,Lacc,-7.091555,-2.331528,1.592659,
85149279783316,GameRo,0.021412,0.641866,-0.350289,0.681797
85149317960607,pre,999.896240,,,
85149309995558,Gyro,0.727531,0.633214,3.629540,
85149330137055,Gyro,0.239584,0.604081,2.918771,
85149299924812,Lacc,-5.041036,-3.533278,0.904937,
85149299924812,GameRo,0.092474,0.642781,-0.293736,0.701428
85149320066309,Lacc,-3.145630,-2.636302,0.510271,
85149320066309,GameRo,0.092346,0.642806,-0.293854,0.701372
85149333585525,pre,999.899231,,,
85149349210443,pre,999.906738,,,
85149364835361,pre,999.904480,,,
85149350263291,Gyro,-0.497791,0.568562,2.202680,
85149370389528,Gyro,-1.097349,0.524131,1.600462,
85149340200175,Lacc,-1.324329,-2.694475,0.733477,
85149340200175,GameRo,0.150587,0.639333,-0.251363,0.710910
85149360326412,Lacc,-0.487761,-1.684510,0.709160,
85149360326412,GameRo,0.150413,0.639311,-0.251512,0.710914
85149380460279,pre,999.906738,,,
85149396085197,pre,999.906006,,,
85149390531025,Gyro,-1.509337,0.401213,1.134996,
85149410672521,Gyro,-1.699834,0.316740,0.860559,
85149380460278,Lacc,0.028132,-2.680703,0.882964,
85149412839260,pre,999.908264,,,
85149380460278,GameRo,0.170659,0.643427,-0.212159,0.715448
85149400601775,Lacc,0.464384,-3.365480,0.835321,
85149400601775,GameRo,0.170297,0.643429,-0.212486,0.715435
85149427731760,pre,999.900757,,,
85149442959952,pre,999.905273,,,
85149430814017,Gyro,-1.634517,0.251556,0.740169,
85149450955514,Gyro,-1.408502,0.225749,0.732320,
85149420743270,Lacc,0.816120,-4.615137,1.075244,
85149420743270,GameRo,0.162371,0.651539,-0.175822,0.719875
85149440884765,Lacc,1.421115,-5.359537,1.184769,
85149440884765,GameRo,0.161795,0.651540,-0.176339,0.719876
85149458523835,pre,999.908997,,,
85149474209788,pre,999.905273,,,
85149489834706,pre,999.896240,,,
85149471035975,Gyro,-0.996780,0.220561,0.789256,
85149491116435,Gyro,-0.456154,0.220428,0.857499,
85149460995743,Lacc,2.110240,-6.240161,1.362464,
85149460995743,GameRo,0.147988,0.657978,-0.144381,0.724098
85149481076206,Lacc,2.642778,-6.583187,1.466714,
85149481076206,GameRo,0.147255,0.657955,-0.145021,0.724141
85149505459624,pre,999.895508,,,
85149521206612,pre,999.894775,,,
85149511303708,Gyro,0.123716,0.203400,0.893151,
85149531490980,Gyro,0.444181,0.118794,0.864816,
85149501210074,Lacc,2.895562,-6.892624,1.515028,
85149501210074,GameRo,0.144408,0.661235,-0.121324,0.726082
85149521397346,Lacc,2.843820,-6.341335,1.540525,
85149521397346,GameRo,0.143668,0.661190,-0.121958,0.726163
85149536709461,pre,999.903748,,,
85149552334379,pre,999.899231,,,
85149567959297,pre,999.906006,,,
85149551632476,Gyro,0.482626,0.043633,0.772628,
85149571773973,Gyro,0.430745,-0.008780,0.608870,
85149541561729,Lacc,3.047849,-6.056010,1.598671,
85149541561729,GameRo,0.158368,0.660773,-0.111698,0.725136
85149561703224,Lacc,3.252930,-5.825526,1.416020,
85149561703224,GameRo,0.157636,0.660734,-0.112326,0.725234
85149583584215,pre,999.906738,,,
85149599209133,pre,999.906006,,,
85149591900209,Gyro,0.307561,-0.044165,0.355052,
85149612026446,Gyro,0.191428,-0.059996,0.062124,
85149614803533,pre,999.906738,,,
85149581837090,Lacc,3.144962,-5.963847,1.305248,
85149581837090,GameRo,0.174053,0.657576,-0.108377,0.724951
85149601963329,Lacc,2.672126,-5.917265,1.197086,
85149601963329,GameRo,0.173351,0.657585,-0.108992,0.725019
85149630367417,pre,999.908997,,,
85149646083887,pre,999.908264,,,
85149632167942,Gyro,0.196483,-0.062922,-0.250359,
85149652309439,Gyro,0.270313,-0.048289,-0.590645,
85149622097196,Lacc,2.081430,-6.191864,1.132336,
85149622097196,GameRo,0.180762,0.655180,-0.109105,0.725369
85149642238693,Lacc,1.545446,-6.343596,1.222984,
85149642238693,GameRo,0.180087,0.655213,-0.109702,0.725417
85149661708806,pre,999.906006,,,
85149677333724,pre,999.897034,,,
85149672450935,Gyro,0.377933,-0.015963,-0.934523,
85149692592432,Gyro,0.553530,0.022482,-1.255653,
85149693263816,pre,999.896240,,,
85149662380188,Lacc,1.030366,-6.266386,1.347786,
85149662380188,GameRo,0.178095,0.655006,-0.117715,0.724840
85149682521683,Lacc,0.349668,-6.197128,1.451439,
85149682521683,GameRo,0.177480,0.655022,-0.118256,0.724888
85149708583560,pre,999.894775,,,
85149724177960,pre,999.888733,,,
85149712733928,Gyro,0.792183,0.054409,-1.540200,
85149732875425,Gyro,0.991193,0.057734,-1.794949,
85149702663178,Lacc,-0.458182,-5.839585,1.529299,
85149702663178,GameRo,0.169588,0.657333,-0.138677,0.721056
85149722804674,Lacc,-1.339010,-5.747477,1.340480,
85149722804674,GameRo,0.169079,0.657355,-0.139129,0.721069
85149739772362,pre,999.894775,,,
85149755458314,pre,999.888733,,,
85149771083233,pre,999.890991,,,
85149752971143,Gyro,1.286648,0.113340,-2.009390,
85149773066862,Gyro,1.817830,0.035918,-2.130978,
85149742923283,Lacc,-2.587624,-5.179243,1.216705,
85149786677633,pre,999.893250,,,
85149742923283,GameRo,0.159724,0.660863,-0.173369,0.712525
85149763019004,Lacc,-5.196782,-6.029280,1.400420,
85149763019004,GameRo,0.159328,0.660893,-0.173722,0.712500
85149802333069,pre,999.893982,,,
85149793238876,Gyro,2.287818,-0.181716,-2.254827,
85149813410891,Gyro,2.516361,-0.403341,-2.391314,
85149783152870,Lacc,-7.083796,-5.515718,1.143850,
85149783152870,GameRo,0.151598,0.663380,-0.220809,0.698705
85149803324883,Lacc,-8.196073,-5.085686,0.188164,
85149803324883,GameRo,0.151364,0.663459,-0.221014,0.698616
85149817988504,pre,999.893250,,,
85149833552387,pre,999.888733,,,
85149849207823,pre,999.885742,,,
85149833552387,Gyro,2.689563,-0.588916,-2.572232,
85149853693884,Gyro,3.045680,-0.607007,-2.858908,
85149823481637,Lacc,-8.454321,-3.581352,-1.627923,
85149823481637,GameRo,0.152682,0.655457,-0.284806,0.682605
85149843623133,Lacc,-6.884168,-2.508618,-3.104484,
85149843623133,GameRo,0.152655,0.655700,-0.284795,0.682382
85149864832741,pre,999.888733,,,
85149880457659,pre,999.895508,,,
85149873820120,Gyro,3.725852,-0.547544,-3.240566,
85149893946357,Gyro,4.086625,-0.547411,-3.577260,
85149863757000,Lacc,-5.010594,-1.184517,-4.259696,
85149896235165,pre,999.877502,,,
85149863757000,GameRo,0.151943,0.638053,-0.357796,0.664668
85149883883236,Lacc,-4.238955,-0.541357,-4.654964,
85149883883236,GameRo,0.152077,0.638421,-0.357606,0.664387
85149911707496,pre,999.886536,,,
85149927332414,pre,999.885010,,,
85149914087853,Gyro,3.866995,-0.526392,-3.861940,
85149934229350,Gyro,3.449686,-0.390305,-3.984060,
85149904017103,Lacc,-4.521862,0.835656,-5.222198,
85149904017103,GameRo,0.156139,0.610878,-0.450044,0.632383
85149924158599,Lacc,-4.156877,0.418338,-4.784380,
85149924158599,GameRo,0.156395,0.611264,-0.449739,0.632165
85149942957332,pre,999.888733,,,
85149958582250,pre,999.897766,,,
85149954325068,Gyro,3.361621,-0.120657,-4.132786,
85149974420787,Gyro,3.694192,0.101500,-4.284305,
85149974207168,pre,999.895508,,,
85149944277208,Lacc,-3.793303,0.423459,-5.044606,
85149944277208,GameRo,0.151818,0.579302,-0.544726,0.587055
85149964372929,Lacc,-2.977791,-1.244437,-4.707476,
85149964372929,GameRo,0.151972,0.579761,-0.544469,0.586801
85149989832086,pre,999.900757,,,
85150005457004,pre,999.885010,,,
85149994608059,Gyro,4.139703,0.315676,-4.390993,
85150014795332,Gyro,4.231626,0.395892,-4.519099,
85149984514425,Lacc,-3.113592,-1.789332,-5.827046,
85149984514425,GameRo,0.141738,0.551808,-0.629421,0.528438
85150004701697,Lacc,-2.737849,-1.523637,-6.070086,
85150004701697,GameRo,0.141930,0.552408,-0.629074,0.528174
85150021356579,pre,999.886536,,,
85150036615288,pre,999.885742,,,
85150052240206,pre,999.876770,,,
85150034936828,Gyro,4.470012,0.431410,-4.528944,
85150055078324,Gyro,4.641751,0.411057,-4.409883,
85150024866082,Lacc,-2.864804,-1.539402,-6.134356,
85150024866082,GameRo,0.141058,0.512088,-0.716423,0.452336
85150045007578,Lacc,-2.014822,-1.790353,-5.232408,
85150045007578,GameRo,0.141225,0.512676,-0.716096,0.452134
85150067956677,pre,999.889526,,,
85150083581595,pre,999.892517,,,
85150075204561,Gyro,4.675940,0.350662,-4.192648,
85150095330798,Gyro,4.409218,0.228143,-4.000955,
85150099267548,pre,999.891785,,,
85150065141445,Lacc,-2.242736,-2.176111,-5.365846,
85150065141445,GameRo,0.140653,0.461063,-0.796094,0.365885
85150085267681,Lacc,-1.683458,-1.855115,-4.579933,
85150085267681,GameRo,0.140828,0.461637,-0.795789,0.365757
85150114831431,pre,999.894775,,,
85150130456349,pre,999.894775,,,
85150115472294,Gyro,4.050973,0.108950,-3.822963,
85150135613790,Gyro,3.781059,-0.003060,-3.671178,
85150105401548,Lacc,-1.872197,-2.137055,-4.902184,
85150105401548,GameRo,0.141030,0.398498,-0.861895,0.280085
85150125543044,Lacc,-1.162406,-1.820507,-4.178424,
85150125543044,GameRo,0.141201,0.399070,-0.861628,0.280004
85150146081268,pre,999.893250,,,
85150161706186,pre,999.894775,,,
85150155755287,Gyro,3.638719,-0.084739,-3.638985,
85150175896783,Gyro,3.558636,-0.173336,-3.554911,
85150178734905,pre,999.890259,,,
85150145684541,Lacc,-1.305013,-2.566809,-3.797147,
85150145684541,GameRo,0.134132,0.339444,-0.909146,0.200601
85150165826037,Lacc,-0.958363,-2.862299,-2.805451,
85150165826037,GameRo,0.134221,0.339953,-0.908958,0.200530
85150201684003,pre,999.890991,,,
85150196038280,Gyro,3.297768,-0.320731,-3.428668,
85150216179776,Gyro,2.936064,-0.504310,-3.291383,
85150185967533,Lacc,-1.541758,-2.848647,-3.167733,
85150185967533,GameRo,0.121664,0.282079,-0.943506,0.124199
85150218407549,pre,999.894775,,,
85150206109027,Lacc,-1.329765,-1.258775,-2.916077,
85150206109027,GameRo,0.121907,0.282485,-0.943347,0.124243
85150233940914,pre,999.893982,,,
85150249687903,pre,999.897766,,,
85150236306013,Gyro,2.520884,-0.628026,-3.149841,
85150256432249,Gyro,2.288616,-0.658888,-2.978234,
85150265282303,pre,999.895508,,,
85150226242894,Lacc,-1.438466,-0.948388,-3.099957,
85150226242894,GameRo,0.103846,0.227541,-0.966756,0.053135
85150246369132,Lacc,-0.797099,-0.737884,-2.415123,
85150246369132,GameRo,0.104032,0.227826,-0.966667,0.053179
85150280968256,pre,999.890991,,,
85150276527970,Gyro,2.317883,-0.683632,-2.772972,
85150296623691,Gyro,2.011519,-0.716490,-2.600035,
85150296562657,pre,999.888733,,,
85150266480111,Lacc,-1.213099,-0.693510,-2.376552,
85150266480111,GameRo,-0.079839,-0.185358,0.979373,0.009841
85150286575829,Lacc,-0.966787,0.732164,-2.007300,
85150286575829,GameRo,-0.080058,-0.185363,0.979355,0.009761
85150312187575,pre,999.893250,,,
85150327812493,pre,999.888733,,,
85150316810963,Gyro,1.615228,-0.663544,-2.436810,
85150336998235,Gyro,1.438034,-0.538365,-2.222102,
85150306717325,Lacc,-0.972355,0.705740,-2.264047,
85150306717325,GameRo,-0.055879,-0.144552,0.985807,0.064552
85150326904597,Lacc,-0.588215,0.252272,-2.112615,
85150326904597,GameRo,-0.056021,-0.144610,0.985793,0.064508
85150343437412,pre,999.881287,,,
85150359092847,pre,999.888733,,,
85150374687248,pre,999.885742,,,
85150357093954,Gyro,1.301414,-0.409860,-2.011253,
85150377189673,Gyro,1.068748,-0.320465,-1.832197,
85150347046094,Lacc,-0.848042,-0.165285,-2.105816,
85150347046094,GameRo,-0.034210,-0.116957,0.986228,0.111823
85150367141814,Lacc,-0.754685,1.064201,-2.156837,
85150367141814,GameRo,-0.034354,-0.116842,0.986242,0.111781
85150390220613,pre,999.885010,,,
85150405845532,pre,999.884277,,,
85150397361687,Gyro,0.821715,-0.242643,-1.711141,
85150417533701,Gyro,0.480764,-0.196749,-1.563746,
85150421439932,pre,999.881287,,,
85150437064850,pre,999.881287,,,
85150387275681,Lacc,-0.941479,0.749998,-2.142749,
85150387275681,GameRo,-0.019326,-0.093631,0.983951,0.150668
85150407447693,Lacc,-1.054872,0.715482,-1.560395,
85150407447693,GameRo,-0.019496,-0.093535,0.983963,0.150625
85150452689768,pre,999.882019,,,
85150437675198,Gyro,0.131033,-0.153914,-1.385355,
85150457816694,Gyro,-0.064519,-0.121588,-1.206831,
85150427604448,Lacc,-1.244192,0.256833,-1.502410,
85150427604448,GameRo,-0.009652,-0.079644,0.979682,0.183810
85150447745944,Lacc,-1.238993,0.106907,-1.627264,
85150447745944,GameRo,-0.009861,-0.079632,0.979691,0.183760
85150468436757,pre,999.884277,,,
85150484061675,pre,999.880493,,,
85150477958191,Gyro,0.030197,-0.110679,-0.941573,
85150498099687,Gyro,0.277630,-0.089927,-0.769302,
85150500266424,pre,999.878235,,,
85150467887440,Lacc,-1.383009,-0.088466,-1.673554,
85150467887440,GameRo,-0.004781,-0.078902,0.974483,0.210083
85150488028937,Lacc,-1.192868,0.662239,-1.557875,
85150488028937,GameRo,-0.004959,-0.078792,0.974499,0.210044
85150515311511,pre,999.885742,,,
85150530844877,pre,999.887268,,,
85150518225924,Gyro,0.332304,-0.074363,-0.649177,
85150538352160,Gyro,0.322859,-0.092322,-0.501649,
85150508162803,Lacc,-1.139019,-0.132941,-1.492067,
85150508162803,GameRo,-0.001390,-0.078394,0.970545,0.227803
85150528289040,Lacc,-1.132792,-0.712392,-0.747967,
85150528289040,GameRo,-0.001582,-0.078478,0.970549,0.227756
85150546469795,pre,999.888000,,,
85150562186265,pre,999.884277,,,
85150577719631,pre,999.881287,,,
85150558447879,Gyro,0.105890,-0.130102,-0.427020,
85150578543598,Gyro,-0.050950,-0.148992,-0.373543,
85150548400019,Lacc,-1.021599,-0.666610,-0.465872,
85150548400019,GameRo,0.002238,-0.072166,0.968158,0.239703
85150568495739,Lacc,-0.569281,-0.713261,-0.333813,
85150568495739,GameRo,0.002132,-0.072254,0.968158,0.239677
85150593436102,pre,999.885742,,,
85150609061020,pre,999.879761,,,
85150598730870,Gyro,-0.266322,-0.131033,-0.357048,
85150618918142,Gyro,-0.023812,-0.087266,-0.340419,
85150588637236,Lacc,-0.269310,-0.367816,-0.503280,
85150588637236,GameRo,0.005699,-0.071414,0.966257,0.247416
85150608824508,Lacc,-0.245186,-0.910714,-0.907135,
85150608824508,GameRo,0.005629,-0.071562,0.966252,0.247396
85150624563868,pre,999.886536,,,
85150640310856,pre,999.881287,,,
85150655844222,pre,999.884277,,,
85150639044381,Gyro,0.292130,-0.044298,-0.293726,
85150659170619,Gyro,0.338424,-0.003326,-0.285345,
85150628981262,Lacc,-0.465442,-0.664176,-0.799587,
85150628981262,GameRo,0.007182,-0.077335,0.964044,0.254139
85150649107499,Lacc,-0.692418,-0.160597,-0.984225,
85150649107499,GameRo,0.007072,-0.077356,0.964050,0.254112
85150671560692,pre,999.888733,,,
85150687185610,pre,999.883484,,,
85150679312116,Gyro,0.415314,0.028468,-0.251423,
85150699453612,Gyro,0.341882,-0.002794,-0.206460,
85150669241365,Lacc,-0.798591,-0.680877,-0.791151,
85150702871563,pre,999.880493,,,
85150669241365,GameRo,0.009698,-0.071349,0.963020,0.259632
85150689382862,Lacc,-1.061214,0.053386,-0.151311,
85150689382862,GameRo,0.009551,-0.071304,0.963033,0.259600
85150718435447,pre,999.881287,,,
85150734060365,pre,999.884277,,,
85150719595107,Gyro,0.245038,-0.026207,-0.199010,
85150739736601,Gyro,0.373277,-0.032592,-0.139147,
85150749654765,pre,999.893250,,,
85150709524358,Lacc,-0.842381,-0.001225,-0.198825,
85150709524358,GameRo,0.011377,-0.063181,0.962332,0.264190
85150729665855,Lacc,-0.550229,-0.395770,-0.265944,
85150729665855,GameRo,0.011284,-0.063221,0.962336,0.264169
85150765310201,pre,999.884277,,,
85150759878097,Gyro,0.412653,-0.046826,-0.106556,
85150780019594,Gyro,0.329245,-0.061326,-0.109349,
85150781759089,pre,999.885742,,,
85150749807351,Lacc,-0.504606,-0.146577,0.046293,
85150749807351,GameRo,0.013366,-0.058532,0.961596,0.267823
85150769948848,Lacc,-0.357065,-0.064201,0.196781,
85150769948848,GameRo,0.013314,-0.058524,0.961600,0.267812
85150796468485,pre,999.888733,,,
85150812184955,pre,999.889526,,,
85150800145833,Gyro,0.313946,-0.078354,-0.112010,
85150820272071,Gyro,0.405869,-0.087000,-0.125446,
85150790082714,Lacc,-0.243286,-0.245554,0.338271,
85150790082714,GameRo,0.016580,-0.050660,0.961519,0.269518
85150810208951,Lacc,-0.160669,-0.290376,0.506107,
85150810208951,GameRo,0.016545,-0.050686,0.961520,0.269510
85150829030570,pre,999.885010,,,
85150843404274,pre,999.887268,,,
85150858937639,pre,999.889526,,,
85150840367790,Gyro,0.435667,-0.090725,-0.171074,
85150860463508,Gyro,0.426887,-0.050152,-0.206460,
85150874562558,pre,999.889526,,,
85150830319929,Lacc,-0.119710,-0.152589,0.347451,
85150830319929,GameRo,0.019914,-0.044871,0.961192,0.271476
85150850415650,Lacc,-0.044520,-0.094149,-0.096177,
85150850415650,GameRo,0.019905,-0.044883,0.961193,0.271474
85150890309546,pre,999.884277,,,
85150880650781,Gyro,0.385649,-0.009977,-0.196483,
85150900838053,Gyro,0.297850,0.008381,-0.178125,
85150905903946,pre,999.891785,,,
85150870557147,Lacc,-0.080434,-0.004360,-0.058009,
85150870557147,GameRo,0.024142,-0.036729,0.960538,0.274653
85150890744419,Lacc,-0.132949,0.686656,-0.025975,
85150890744419,GameRo,0.024151,-0.036628,0.960541,0.274658
85150921559382,pre,999.882019,,,
85150937184300,pre,999.877502,,,
85150920979549,Gyro,0.326185,0.019156,-0.152583,
85150941121046,Gyro,0.278428,0.036849,-0.148725,
85150910908802,Lacc,-0.244795,0.503379,-0.123072,
85150910908802,GameRo,0.026402,-0.029246,0.959697,0.278260
85150931050297,Lacc,-0.362500,0.419542,-0.317673,
85150931050297,GameRo,0.026370,-0.029173,0.959701,0.278257
85150952809219,pre,999.880493,,,
85150968434137,pre,999.888733,,,
85150961247282,Gyro,0.137019,0.055473,-0.139946,
85150981373519,Gyro,0.034188,0.075161,-0.133294,
85150984425264,pre,999.886536,,,
85150951184163,Lacc,-0.350941,0.377435,-0.194427,
85150951184163,GameRo,0.027820,-0.022756,0.959041,0.280978
85150971310402,Lacc,-0.343801,0.458004,0.143411,
85150971310402,GameRo,0.027790,-0.022679,0.959044,0.280976
85150999683973,pre,999.886536,,,
85151015308891,pre,999.888733,,,
85151001515015,Gyro,0.141143,0.079418,-0.111212,
85151021656512,Gyro,0.257143,0.059331,-0.137950,
85150991444269,Lacc,-0.241614,0.163833,0.387970,
85150991444269,GameRo,0.027283,-0.020037,0.958307,0.283728
85151011585766,Lacc,-0.389381,0.384257,0.334436,
85151011585766,GameRo,0.027243,-0.019968,0.958311,0.283724
85151030811739,pre,999.888000,,,
85151046558727,pre,999.888733,,,
85151041782748,Gyro,0.334699,0.052014,-0.145267,
85151061908985,Gyro,0.199010,0.052679,-0.152583,
85151063556928,pre,999.885742,,,
85151031719632,Lacc,-0.297081,-0.336169,0.100179,
85151031719632,GameRo,0.026612,-0.016506,0.957773,0.285814
85151051845869,Lacc,-0.235063,0.053123,-0.078572,
85151051845869,GameRo,0.026582,-0.016489,0.957776,0.285810
85151086506027,pre,999.890991,,,
85151082065741,Gyro,0.115202,0.035385,-0.130634,
85151102222498,Gyro,0.079152,-0.001596,-0.114803,
85151104206130,pre,999.884277,,,
85151071987364,Lacc,-0.134827,0.128536,0.063231,
85151071987364,GameRo,0.027467,-0.009855,0.957037,0.288495
85151092144119,Lacc,-0.226288,0.305515,0.324028,
85151092144119,GameRo,0.027447,-0.009804,0.957038,0.288493
85151118885008,pre,999.877502,,,
85151134509927,pre,999.879028,,,
85151122348734,Gyro,0.105092,-0.047358,-0.085936,
85151142474971,Gyro,0.088996,-0.071702,-0.040574,
85151112285615,Lacc,-0.278411,0.449004,0.452429,
85151112285615,GameRo,0.027430,-0.007621,0.956345,0.290852
85151150012774,pre,999.885742,,,
85151132411854,Lacc,-0.360796,0.629028,-0.166342,
85151132411854,GameRo,0.027408,-0.007517,0.956346,0.290851
85151165790280,pre,999.879761,,,
85151181384681,pre,999.883484,,,
85151162570692,Gyro,-0.050684,-0.074230,0.023014,
85151182666412,Gyro,-0.670728,-0.088996,0.019156,
85151152522832,Lacc,-0.579487,1.058818,-1.365355,
85151152522832,GameRo,0.029088,-0.005632,0.955867,0.292301
85151172618551,Lacc,-0.981494,1.616632,-1.457273,
85151172618551,GameRo,0.029024,-0.005329,0.955871,0.292301
85151197009599,pre,999.880493,,,
85151212603999,pre,999.885742,,,
85151202853684,Gyro,-1.074069,-0.139547,0.055739,
85151223040957,Gyro,-1.094290,-0.204198,0.188634,
85151229235992,pre,999.884277,,,
85151192760046,Lacc,-1.029258,0.338033,-0.165545,
85151192760046,GameRo,0.029545,-0.008249,0.955961,0.291888
85151212947319,Lacc,-1.009349,-0.189664,1.018427,
85151212947319,GameRo,0.029404,-0.008232,0.955970,0.291871
85151243884353,pre,999.883484,,,
85151259417719,pre,999.888000,,,
85151243167193,Gyro,-0.870802,-0.249295,0.268451,
85151263293430,Gyro,-0.467062,-0.204597,0.212579,
85151233104073,Lacc,-0.774322,0.139233,0.675881,
85151233104073,GameRo,0.025610,-0.030627,0.955975,0.290721
85151253230309,Lacc,-0.329664,-0.981425,0.120659,
85151253230309,GameRo,0.025524,-0.030746,0.955978,0.290706
85151275134190,pre,999.882019,,,
85151290759108,pre,999.876770,,,
85151283434926,Gyro,-0.216304,-0.118927,0.133161,
85151303576423,Gyro,-0.097643,0.000266,0.059065,
85151273364176,Lacc,-0.028589,-0.836174,0.127931,
85151306994374,pre,999.886536,,,
85151273364176,GameRo,0.025389,-0.047953,0.956861,0.285435
85151293505672,Lacc,0.327745,-0.712536,-0.080154,
85151293505672,GameRo,0.025405,-0.048066,0.956855,0.285435
85151322008944,pre,999.882751,,,
85151337633862,pre,999.881287,,,
85151323717919,Gyro,0.074496,0.100569,0.005321,
85151343859416,Gyro,0.190629,0.139014,-0.055473,
85151313647169,Lacc,0.500131,-0.950283,-0.205772,
85151313647169,GameRo,0.026238,-0.052201,0.957308,0.283104
85151333788665,Lacc,0.552879,-0.572619,-0.400934,
85151333788665,GameRo,0.026295,-0.052311,0.957299,0.283110
85151353258780,pre,999.884277,,,
85151368883698,pre,999.888733,,,
85151363985652,Gyro,0.278162,0.141010,-0.146464,
85151384111889,Gyro,0.255015,0.121189,-0.173203,
85151385363104,pre,999.888000,,,
85151353922532,Lacc,0.583593,-0.329430,-0.282418,
85151353922532,GameRo,0.024724,-0.049837,0.957446,0.283201
85151374048768,Lacc,0.305683,0.237985,-0.043631,
85151374048768,GameRo,0.024777,-0.049817,0.957443,0.283210
85151400041982,pre,999.885742,,,
85151415758453,pre,999.882019,,,
85151404253385,Gyro,0.208189,0.086202,-0.113473,
85151424394882,Gyro,0.079418,0.041372,-0.072500,
85151431261301,pre,999.889526,,,
85151394182635,Lacc,0.236942,0.271788,0.103030,
85151394182635,GameRo,0.023873,-0.043431,0.956824,0.286412
85151414324131,Lacc,-0.004957,0.782502,0.152950,
85151414324131,GameRo,0.023904,-0.043322,0.956826,0.286420
85151447008289,pre,999.887268,,,
85151462633207,pre,999.883484,,,
85151444490600,Gyro,0.041505,0.006119,-0.041372,
85151464586319,Gyro,0.054009,0.001995,-0.040574,
85151434442740,Lacc,-0.067732,0.628165,-0.016590,
85151434442740,GameRo,0.023569,-0.039032,0.956414,0.288432
85151454538461,Lacc,-0.082455,0.475467,-0.220356,
85151454538461,GameRo,0.023579,-0.038964,0.956416,0.288435
85151478258125,pre,999.875244,,,
85151493883044,pre,999.885010,,,
85151484773591,Gyro,0.094317,0.008248,-0.034986,
85151504960863,Gyro,0.055074,0.007050,-0.042037,
85151474679957,Lacc,-0.175264,0.095933,-0.315936,
85151474679957,GameRo,0.023754,-0.038216,0.956216,0.289181
85151494867229,Lacc,-0.165136,0.054863,-0.324765,
85151494867229,GameRo,0.023735,-0.038205,0.956218,0.289178
85151509477444,pre,999.882019,,,
85151525041327,pre,999.881287,,,
85151540757798,pre,999.882751,,,
85151525087102,Gyro,0.020353,0.004390,-0.063854,
85151545213341,Gyro,0.050285,0.005720,-0.076624,
85151515023984,Lacc,-0.199420,0.030524,-0.125911,
85151515023984,GameRo,0.024129,-0.036320,0.956091,0.289808
85151535150220,Lacc,-0.167663,-0.106158,-0.050829,
85151535150220,GameRo,0.024102,-0.036328,0.956093,0.289804
85151556413233,pre,999.890259,,,
85151571916082,pre,999.881287,,,
85151565309059,Gyro,0.091656,0.010110,-0.066381,
85151585404778,Gyro,0.143936,0.003459,-0.066381,
85151587693587,pre,999.878235,,,
85151555261199,Lacc,-0.122358,-0.069173,0.114755,
85151555261199,GameRo,0.024157,-0.035860,0.955730,0.291050
85151575356920,Lacc,-0.099074,-0.010055,0.147779,
85151575356920,GameRo,0.024142,-0.035856,0.955731,0.291048
85151603257470,pre,999.882019,,,
85151618882389,pre,999.880493,,,
85151605592050,Gyro,0.104826,-0.015697,-0.070904,
85151625779322,Gyro,0.075959,-0.026074,-0.075560,
85151595498416,Lacc,-0.090189,0.107257,0.109543,
85151634385236,pre,999.878235,,,
85151595498416,GameRo,0.024612,-0.033703,0.955422,0.292279
85151615685688,Lacc,-0.100830,0.209803,0.176987,
85151615685688,GameRo,0.024606,-0.033668,0.955424,0.292279
85151650101707,pre,999.890991,,,
85151665757143,pre,999.873779,,,
85151645859783,Gyro,0.109083,-0.027670,-0.081280,
85151665940244,Gyro,0.112542,-0.018624,-0.077289,
85151635819555,Lacc,-0.104825,0.377875,0.130959,
85151635819555,GameRo,0.025606,-0.031718,0.955038,0.293667
85151655900016,Lacc,-0.062431,0.279354,-0.099250,
85151655900016,GameRo,0.025610,-0.031677,0.955039,0.293668
85151681382061,pre,999.889526,,,
85151697006979,pre,999.879028,,,
85151686127516,Gyro,0.074230,-0.000798,-0.064386,
85151706314788,Gyro,0.090991,0.005587,-0.051881,
85151712601379,pre,999.879761,,,
85151728134745,pre,999.888000,,,
85151676033882,Lacc,-0.020295,0.266954,-0.144024,
85151676033882,GameRo,0.026854,-0.029615,0.954640,0.295066
85151696221154,Lacc,-0.093118,0.170992,-0.036967,
85151696221154,GameRo,0.026849,-0.029588,0.954641,0.295066
85151743820699,pre,999.887268,,,
85151726456285,Gyro,0.128239,0.011307,-0.044697,
85151746597781,Gyro,0.149923,0.021285,-0.051482,
85151716385539,Lacc,-0.088669,0.115166,-0.107966,
85151716385539,GameRo,0.027305,-0.028164,0.954324,0.296186
85151736527035,Lacc,-0.141379,0.236125,-0.144656,
85151736527035,GameRo,0.027297,-0.028126,0.954326,0.296186
85151759506652,pre,999.882751,,,
85151775162087,pre,999.876770,,,
85151766739278,Gyro,0.193423,0.041106,-0.056936,
85151786880774,Gyro,0.229341,0.060528,-0.047358,
85151756668531,Lacc,-0.142367,-0.026950,-0.188104,
85151791305801,pre,999.887268,,,
85151756668531,GameRo,0.027827,-0.025482,0.954134,0.296994
85151776810025,Lacc,-0.092719,0.106916,-0.150501,
85151776810025,GameRo,0.027820,-0.025464,0.954134,0.296994
85151806381406,pre,999.879761,,,
85151822006324,pre,999.888733,,,
85151807007011,Gyro,0.277231,0.068243,-0.039110,
85151827133247,Gyro,0.287474,0.043500,-0.018491,
85151837509172,pre,999.879028,,,
85151796943892,Lacc,-0.105583,-0.059353,-0.007448,
85151796943892,GameRo,0.028143,-0.021370,0.953899,0.298041
85151817070130,Lacc,-0.135867,0.023360,-0.042191,
85151817070130,GameRo,0.028125,-0.021361,0.953900,0.298039
85151853256160,pre,999.870789,,,
85151847274744,Gyro,-0.040574,-0.005986,-0.026340,
85151867416243,Gyro,-0.209918,-0.023413,0.027537,
85151869979722,pre,999.877502,,,
85151837203998,Lacc,-0.165943,0.955305,-0.161216,
85151837203998,GameRo,0.028572,-0.015186,0.953840,0.298567
85151857345494,Lacc,-0.269479,0.434660,-0.206246,
85151857345494,GameRo,0.028555,-0.015114,0.953842,0.298567
85151884536581,pre,999.882019,,,
85151900131036,pre,999.873779,,,
85151887557814,Gyro,-0.547278,-0.043500,0.042037,
85151907699381,Gyro,-1.062629,-0.072367,0.066780,
85151877487032,Lacc,-0.352538,0.756056,-0.581782,
85151877487032,GameRo,0.028263,-0.016574,0.953687,0.299012
85151897628597,Lacc,-0.421568,0.719684,-0.407210,
85151897628597,GameRo,0.028239,-0.016454,0.953689,0.299012
85151915694974,pre,999.878235,,,
85151931380981,pre,999.876770,,,
85151947005954,pre,999.882019,,,
85151927779911,Gyro,-1.506943,-0.097244,0.076225,
85151947860442,Gyro,-1.560819,-0.120657,0.077289,
85151917739645,Lacc,-0.366618,0.446584,-0.073636,
85151917739645,GameRo,0.025419,-0.028518,0.953681,0.298384
85151937820178,Lacc,-0.123409,-0.567835,0.210316,
85151937820178,GameRo,0.025377,-0.028588,0.953682,0.298377
85151962630926,pre,999.880493,,,
85151978225380,pre,999.876770,,,
85151968047784,Gyro,-1.226786,-0.127175,0.063587,
85151988235127,Gyro,-0.610200,-0.097643,-0.054808,
85151957954115,Lacc,0.103639,-0.275609,0.453303,
85151957954115,GameRo,0.017990,-0.058866,0.952729,0.297520
85151978141458,Lacc,0.530983,-1.788438,0.353281,
85151978141458,GameRo,0.017985,-0.059110,0.952717,0.297513
85151993880871,pre,999.885742,,,
85152009505843,pre,999.880493,,,
85152025100298,pre,999.879028,,,
85152008330917,Gyro,-0.271244,-0.055340,-0.117996,
85152028426708,Gyro,-0.201405,-0.005055,-0.178125,
85151998283023,Lacc,0.679182,-1.093087,0.400827,
85151998283023,GameRo,0.013526,-0.081947,0.951327,0.296782
85152018378812,Lacc,0.753673,-0.644157,0.130796,
85152018378812,GameRo,0.013598,-0.082059,0.951313,0.296792
85152040633717,pre,999.868530,,,
85152056289208,pre,999.881287,,,
85152048614050,Gyro,-0.137950,0.042835,-0.217767,
85152068801393,Gyro,0.152716,0.100702,-0.231735,
85152038520377,Lacc,0.660684,-0.294841,-0.081450,
85152038520377,GameRo,0.013499,-0.086471,0.950165,0.299212
85152072310908,pre,999.872253,,,
85152058707719,Lacc,0.547414,-0.304400,-0.126606,
85152058707719,GameRo,0.013561,-0.086539,0.950154,0.299222
85152087630705,pre,999.867737,,,
85152103255678,pre,999.874512,,,
85152088942957,Gyro,0.502713,0.123849,-0.227345,
85152109084522,Gyro,0.874926,0.109349,-0.198079,
85152078872174,Lacc,0.183895,-0.165044,-0.358506,
85152078872174,GameRo,0.012367,-0.087909,0.948650,0.303615
85152099013740,Lacc,-0.216111,0.144711,-0.191233,
85152099013740,GameRo,0.012344,-0.087885,0.948654,0.303611
85152118880650,pre,999.878235,,,
85152134505623,pre,999.882019,,,
85152129210830,Gyro,0.684962,0.071037,-0.148326,
85152149337139,Gyro,0.361704,0.014899,-0.060262,
85152151168190,pre,999.889526,,,
85152119147677,Lacc,-0.563531,0.772243,0.069555,
85152119147677,GameRo,0.013843,-0.075778,0.948279,0.307950
85152139273983,Lacc,-0.695822,1.129350,0.394920,
85152139273983,GameRo,0.013798,-0.075591,0.948295,0.307948
85152165755568,pre,999.876770,,,
85152181380540,pre,999.876038,,,
85152169478705,Gyro,0.177859,-0.036849,0.004390,
85152189620272,Gyro,0.101900,-0.047757,0.034188,
85152197005513,pre,999.876770,,,
85152159407920,Lacc,-0.779828,0.847265,0.309305,
85152159407920,GameRo,0.016869,-0.062398,0.948410,0.310387
85152179549486,Lacc,-0.620200,0.231720,0.069591,
85152179549486,GameRo,0.016795,-0.062338,0.948419,0.310377
85152212630485,pre,999.876038,,,
85152229232018,pre,999.876038,,,
85152209700802,Gyro,0.092455,-0.038046,0.021418,
85152229781333,Gyro,0.213643,0.003858,0.000798,
85152199660535,Lacc,-0.519137,0.200088,-0.192198,
85152199660535,GameRo,0.018435,-0.059792,0.948668,0.310021
85152219741065,Lacc,-0.360081,-0.150841,-0.379161,
85152219741065,GameRo,0.018379,-0.059803,0.948672,0.310013
85152243880430,pre,999.882019,,,
85152259413849,pre,999.873779,,,
85152249983933,Gyro,0.254616,0.048555,-0.029798,
85152270186533,Gyro,0.199675,0.101234,-0.058532,
85152239882632,Lacc,-0.296665,0.010631,-0.379296,
85152239882632,GameRo,0.019624,-0.058001,0.948924,0.309505
85152260085234,Lacc,-0.161838,0.119305,-0.431330,
85152260085234,GameRo,0.019609,-0.057984,0.948926,0.309503
85152275038822,pre,999.873779,,,
85152290755347,pre,999.870789,,,
85152306288767,pre,999.879028,,,
85152290312842,Gyro,0.208322,0.134891,-0.068110,
85152310439150,Gyro,0.162161,0.125579,-0.066780,
85152280249689,Lacc,-0.066660,-0.158123,-0.254629,
85152280249689,GameRo,0.020158,-0.052662,0.949044,0.310057
85152300375995,Lacc,-0.136950,0.215563,0.158073,
85152300375995,GameRo,0.020148,-0.052625,0.949047,0.310056
85152322005292,pre,999.876770,,,
85152337630264,pre,999.877502,,,
85152330580715,Gyro,0.190496,0.107487,-0.057202,
85152350722279,Gyro,0.223221,0.079817,-0.055872,
85152353377307,pre,999.873779,,,
85152320509932,Lacc,-0.079085,0.166289,-0.055475,
85152320509932,GameRo,0.018853,-0.047861,0.948883,0.311409
85152340651498,Lacc,-0.136333,0.334707,0.082611,
85152340651498,GameRo,0.018849,-0.047808,0.948885,0.311410
85152368880209,pre,999.872253,,,
85152384505182,pre,999.872253,,,
85152370863846,Gyro,0.251556,0.066647,-0.036184,
85152391005412,Gyro,0.273240,0.051216,-0.021817,
85152360793065,Lacc,-0.042927,0.176539,0.005004,
85152360793065,GameRo,0.018166,-0.043423,0.948750,0.312503
85152380934631,Lacc,0.024414,0.344903,0.218678,
85152380934631,GameRo,0.018183,-0.043375,0.948751,0.312507
85152400130154,pre,999.870789,,,
85152415755127,pre,999.870789,,,
85152411085943,Gyro,0.204863,0.038977,-0.025142,
85152431166473,Gyro,0.170010,0.049486,-0.017161,
85152431288546,pre,999.869263,,,
85152401045680,Lacc,-0.020988,0.205790,0.139903,
85152401045680,GameRo,0.018589,-0.038098,0.948753,0.313164
85152421126210,Lacc,0.022723,0.140361,-0.008451,
85152421126210,GameRo,0.018599,-0.038080,0.948753,0.313165
85152447005072,pre,999.872986,,,
85152462630044,pre,999.877502,,,
85152451353816,Gyro,0.296653,0.057468,0.023280,
85152471541158,Gyro,0.490342,0.065450,0.017693,
85152441260147,Lacc,-0.085236,0.182673,0.048436,
85152441260147,GameRo,0.019131,-0.033945,0.948753,0.313607
85152461447489,Lacc,-0.197165,0.055655,-0.072892,
85152461447489,GameRo,0.019107,-0.033929,0.948755,0.313604
85152478255016,pre,999.872253,,,
85152493879989,pre,999.880493,,,
85152509504961,pre,999.879761,,,
85152491636949,Gyro,0.469722,0.058931,0.010509,
85152511732739,Gyro,0.111212,0.046826,-0.007583,
85152481589055,Lacc,-0.310703,0.392759,0.103706,
85152481589055,GameRo,0.019970,-0.027237,0.949135,0.313052
85152501684843,Lacc,-0.410098,0.965896,-0.349940,
85152501684843,GameRo,0.019959,-0.027083,0.949139,0.313054
85152525129934,pre,999.876038,,,
85152540754906,pre,999.875244,,,
85152531920082,Gyro,-0.081280,0.013569,-0.013436,
85152552107424,Gyro,-0.077023,-0.036184,0.016895,
85152521826409,Lacc,-0.514010,0.352129,-0.031606,
85152521826409,GameRo,0.021594,-0.018192,0.949435,0.312692
85152542013751,Lacc,-0.587389,0.267674,-0.099622,
85152542013751,GameRo,0.021525,-0.018128,0.949439,0.312687
85152556379879,pre,999.876038,,,
85152571913298,pre,999.879028,,,
85152587629823,pre,999.880493,,,
85152572233731,Gyro,-0.431543,-0.134225,0.069175,
85152592360037,Gyro,-0.991592,-0.261799,0.162028,
85152562170576,Lacc,-0.738692,1.081491,0.154089,
85152562170576,GameRo,0.020714,-0.019811,0.949326,0.312982
85152582296885,Lacc,-0.615963,1.309562,0.631731,
85152582296885,GameRo,0.020687,-0.019614,0.949331,0.312982
85152603254796,pre,999.882019,,,
85152618879768,pre,999.874512,,,
85152612455828,Gyro,-1.509071,-0.361171,0.220428,
85152632551618,Gyro,-1.151226,-0.368754,0.313414,
85152634840433,pre,999.876038,,,
85152602407933,Lacc,-0.357894,1.354498,0.608849,
85152602407933,GameRo,0.020451,-0.030108,0.949545,0.311512
85152622503722,Lacc,0.246240,-0.112018,0.469859,
85152622503722,GameRo,0.020475,-0.030129,0.949543,0.311514
85152650099195,pre,999.872986,,,
85152665754686,pre,999.870789,,,
85152652738961,Gyro,-0.488612,-0.362635,0.302373,
85152672926303,Gyro,0.015697,-0.329245,0.301309,
85152681623798,pre,999.880493,,,
85152696882560,pre,999.872253,,,
85152712507532,pre,999.880493,,,
85152693006834,Gyro,0.103762,-0.270712,0.272176,
85152713087364,Gyro,0.063321,-0.185840,0.244772,
85152728163023,pre,999.869995,,,
85152642645287,Lacc,0.395869,0.290086,0.613483,
85152642645287,GameRo,0.018107,-0.060770,0.949547,0.307148
85152662832630,Lacc,0.614840,-0.080855,0.655183,
85152662832630,GameRo,0.018179,-0.060795,0.949541,0.307157
85152682966566,Lacc,0.728454,0.610353,0.606954,
85152682966566,GameRo,0.022527,-0.070098,0.950801,0.300927
85152743879548,pre,999.870789,,,
85152733274707,Gyro,0.050152,-0.109748,0.262198,
85152753462049,Gyro,0.380860,0.036849,0.269914,
85152723181033,Lacc,1.099262,1.420400,-0.037706,
85152723181033,GameRo,0.022739,-0.069953,0.950795,0.300961
85152743368376,Lacc,1.236581,0.997382,-0.553070,
85152743368376,GameRo,0.022965,-0.069878,0.950785,0.300995
85152759412967,pre,999.873779,,,
85152775129493,pre,999.866272,,,
85152790754465,pre,999.871521,,,
85152773557839,Gyro,0.682168,0.197281,0.282020,
85152793653630,Gyro,0.707444,0.330575,0.247831,
85152763509942,Lacc,1.263008,1.196725,-0.949739,
85152763509942,GameRo,0.027222,-0.069674,0.954006,0.290305
85152783605733,Lacc,1.005805,1.267311,-0.752046,
85152783605733,GameRo,0.027434,-0.069549,0.953999,0.290339
85152806379438,pre,999.867737,,,
85152830671387,pre,999.868530,,,
85152813779937,Gyro,0.658622,0.419571,0.223620,
85152833906243,Gyro,0.583195,0.469190,0.184244,
85152803716781,Lacc,0.564926,0.027779,-0.219315,
85152803716781,GameRo,0.027014,-0.054453,0.956669,0.284761
85152823843088,Lacc,0.214362,0.356995,-0.228235,
85152823843088,GameRo,0.027062,-0.054415,0.956668,0.284768
85152847730683,pre,999.875244,,,
85152863355655,pre,999.866272,,,
85152854093585,Gyro,0.791118,0.531714,0.098574,
85152874280928,Gyro,0.923481,0.602218,-0.000399,
85152843999912,Lacc,0.320312,-0.781269,-0.688653,
85152843999912,GameRo,0.022188,-0.039748,0.958729,0.280655
85152864187255,Lacc,0.523752,-0.540624,-0.795730,
85152864187255,GameRo,0.022248,-0.039862,0.958722,0.280657
85152878919593,pre,999.869263,,,
85152894605600,pre,999.873779,,,
85152910230572,pre,999.869995,,,
85152894422494,Gyro,0.704916,0.647315,-0.076890,
85152914564061,Gyro,0.576012,0.743494,-0.160565,
85152884351709,Lacc,0.603265,-0.269917,-1.157730,
85152884351709,GameRo,0.016339,-0.021193,0.959872,0.279160
85152904493276,Lacc,0.584201,-0.310564,-1.533404,
85152904493276,GameRo,0.016429,-0.021283,0.959867,0.279165
85152925855545,pre,999.863281,,,
85152941480517,pre,999.872986,,,
85152934705625,Gyro,0.645187,0.847389,-0.169212,
85152954847190,Gyro,0.859628,0.924679,-0.191028,
85152957197043,pre,999.863281,,,
85152924634842,Lacc,0.743960,-0.581251,-1.407856,
85152924634842,GameRo,0.007571,-0.004458,0.959655,0.281044
85152944776408,Lacc,0.355410,-0.104287,-0.855289,
85152944776408,GameRo,0.007623,-0.004491,0.959653,0.281047
85152972730462,pre,999.873779,,,
85152988355435,pre,999.877502,,,
85152974988756,Gyro,0.957404,0.952349,-0.224418,
85152995130323,Gyro,0.913637,0.948624,-0.250359,
85153003888854,pre,999.877502,,,
85152964917975,Lacc,0.297260,-0.105926,-0.275788,
85152964917975,GameRo,-0.005265,0.013310,0.958607,0.284373
85152985059541,Lacc,-0.032420,0.467100,-0.117637,
85152985059541,GameRo,-0.005250,0.013378,0.958606,0.284374
85153019605379,pre,999.878235,,,
85153015210853,Gyro,0.895679,0.931596,-0.378332,
85153035291384,Gyro,0.997179,0.880513,-0.417309,
85153035108282,pre,999.869263,,,
85153005170590,Lacc,0.088677,-0.332469,-0.210628,
85153005170590,GameRo,-0.018240,0.037483,0.956572,0.288500
85153025251120,Lacc,-0.404187,-1.549158,-0.076318,
85153025251120,GameRo,-0.018363,0.037286,0.956578,0.288498
85153050824807,pre,999.869263,,,
85153066480297,pre,999.878235,,,
85153055478726,Gyro,0.859628,0.778747,-0.471984,
85153075666069,Gyro,0.675384,0.656095,-0.543420,
85153045385057,Lacc,-0.420032,-0.927791,0.157624,
85153045385057,GameRo,-0.031201,0.059840,0.952949,0.295525
85153065572399,Lacc,-0.684085,-0.663174,0.533836,
85153065572399,GameRo,-0.031314,0.059772,0.952949,0.295524
85153082105269,pre,999.879761,,,
85153097730242,pre,999.877502,,,
85153113355214,pre,999.872986,,,
85153095807635,Gyro,0.660751,0.554594,-0.630021,
85153115949201,Gyro,0.626031,0.484489,-0.710370,
85153085736854,Lacc,-0.426500,-0.946674,0.628992,
85153085736854,GameRo,-0.041607,0.079795,0.948309,0.304320
85153105878420,Lacc,-0.320272,-0.497690,0.211749,
85153105878420,GameRo,-0.041670,0.079737,0.948311,0.304322
85153128980187,pre,999.874512,,,
85153144605159,pre,999.871521,,,
85153136075510,Gyro,0.505507,0.434071,-0.781141,
85153156201818,Gyro,0.343479,0.380594,-0.882110,
85153161023587,pre,999.879761,,,
85153126012357,Lacc,-0.049134,-0.277637,-0.044642,
85153126012357,GameRo,-0.048943,0.095011,0.942651,0.316207
85153146138663,Lacc,-0.149191,0.110453,-0.190645,
85153146138663,GameRo,-0.048962,0.095038,0.942648,0.316205
85153175855104,pre,999.872253,,,
85153191480076,pre,999.882019,,,
85153176343383,Gyro,0.246368,0.315676,-0.964188,
85153196484947,Gyro,0.311552,0.232400,-0.989729,
85153166272600,Lacc,-0.084632,-0.479154,0.044323,
85153166272600,GameRo,-0.055568,0.105865,0.936027,0.330995
85153186414166,Lacc,-0.123815,-0.433159,0.769621,
85153186414166,GameRo,-0.055592,0.105795,0.936032,0.331001
85153207105049,pre,999.876038,,,
85153222730021,pre,999.871521,,,
85153216626514,Gyro,0.461342,0.156175,-0.951816,
85153236768080,Gyro,0.474245,0.095913,-0.954610,
85153238904310,pre,999.882019,,,
85153206555733,Lacc,0.000803,-0.767470,0.899593,
85153206555733,GameRo,-0.061741,0.111141,0.928465,0.348982
85153226697299,Lacc,0.112999,-0.171148,0.686329,
85153226697299,GameRo,-0.061724,0.111094,0.928470,0.348987
85153253949449,pre,999.879028,,,
85153269604938,pre,999.879028,,,
85153256909647,Gyro,0.331240,0.070904,-0.937449,
85153277051213,Gyro,0.259139,0.063454,-0.992523,
85153246838865,Lacc,0.133329,0.320230,0.423507,
85153246838865,GameRo,-0.063245,0.119677,0.920156,0.367410
85153266980429,Lacc,-0.181899,0.753747,-0.257352,
85153266980429,GameRo,-0.063231,0.119794,0.920146,0.367399
85153285229911,pre,999.870789,,,
85153300854883,pre,999.876770,,,
85153316479856,pre,999.866272,,,
85153297131744,Gyro,0.361837,0.043500,-1.052652,
85153317212274,Gyro,0.368222,-0.015032,-1.142978,
85153287091478,Lacc,-0.431226,0.184903,-0.314756,
85153287091478,GameRo,-0.064488,0.124966,0.912163,0.384945
85153307172010,Lacc,-0.622772,0.019690,0.059921,
85153307172010,GameRo,-0.064566,0.124998,0.912155,0.384943
85153332104828,pre,999.875244,,,
85153347729801,pre,999.874512,,,
85153337399617,Gyro,0.469988,-0.091523,-1.188208,
85153357586959,Gyro,0.515617,-0.198079,-1.225056,
85153327305948,Lacc,-0.569910,-0.599953,0.396478,
85153327305948,GameRo,-0.065201,0.130451,0.902723,0.404750
85153347493290,Lacc,-0.522789,-0.336971,0.753352,
85153347493290,GameRo,-0.065270,0.130412,0.902721,0.404755
85153363324256,pre,999.881287,,,
85153378979746,pre,999.888000,,,
85153394635236,pre,999.881287,,,
85153377728526,Gyro,0.578007,-0.301841,-1.250199,
85153397870092,Gyro,0.661549,-0.349864,-1.556030,
85153367657743,Lacc,-0.626395,-0.353614,0.674085,
85153367657743,GameRo,-0.062622,0.136593,0.891523,0.427326
85153387799308,Lacc,-0.508515,0.366663,-0.122463,
85153387799308,GameRo,-0.062666,0.136672,0.891512,0.427318
85153410229690,pre,999.871521,,,
85153425885181,pre,999.868530,,,
85153418011659,Gyro,0.594370,-0.343745,-1.514659,
85153438153225,Gyro,0.500585,-0.332437,-1.353029,
85153407940873,Lacc,0.026442,0.199359,-0.452173,
85153407940873,GameRo,-0.055562,0.142922,0.878200,0.453047
85153428082440,Lacc,0.026996,-0.034654,-0.376373,
85153428082440,GameRo,-0.055567,0.142932,0.878198,0.453046
85153441388082,pre,999.871521,,,
85153457013055,pre,999.873779,,,
85153472729580,pre,999.869263,,,
85153458279532,Gyro,0.584260,-0.324589,-1.065555,
85153478405838,Gyro,0.671393,-0.335896,-1.054780,
85153448216377,Lacc,0.081018,-0.448464,-0.074223,
85153448216377,GameRo,-0.048425,0.148309,0.862855,0.480770
85153468342686,Lacc,-0.399423,-0.308990,-0.112199,
85153468342686,GameRo,-0.048499,0.148302,0.862851,0.480774
85153488263000,pre,999.873779,,,
85153503979525,pre,999.876770,,,
85153498547405,Gyro,0.538764,-0.333768,-1.253125,
85153518688971,Gyro,0.356515,-0.292662,-1.405975,
85153520825198,pre,999.861023,,,
85153488476622,Lacc,-0.684250,-0.103982,-0.175170,
85153488476622,GameRo,-0.040162,0.154508,0.851054,0.500222
85153508618187,Lacc,-0.537938,-0.232247,-0.128864,
85153508618187,GameRo,-0.040247,0.154522,0.851046,0.500224
85153535229470,pre,999.869263,,,
85153550854442,pre,999.871521,,,
85153538830538,Gyro,0.316208,-0.280556,-1.529957,
85153558972104,Gyro,0.343612,-0.308891,-1.578645,
85153528759752,Lacc,-0.919732,-0.700225,-0.023307,
85153528759752,GameRo,-0.033574,0.158960,0.836426,0.523446
85153548901319,Lacc,-0.960288,-0.656558,0.224828,
85153548901319,GameRo,-0.033735,0.158942,0.836417,0.523456
85153566387862,pre,999.873779,,,
85153582104387,pre,999.874512,,,
85153597729360,pre,999.869263,,,
85153579052635,Gyro,0.365827,-0.344543,-1.567870,
85153599133165,Gyro,0.365428,-0.386447,-1.518250,
85153569012367,Lacc,-0.801704,-0.710977,0.320981,
85153569012367,GameRo,-0.030812,0.160103,0.818829,0.550397
85153589092898,Lacc,-0.893530,-0.595076,0.412909,
85153589092898,GameRo,-0.030956,0.160084,0.818821,0.550407
85153613354332,pre,999.878235,,,
85153629223445,pre,999.876770,,,
85153619320508,Gyro,0.456420,-0.410126,-1.422736,
85153639507850,Gyro,0.492736,-0.412121,-1.324694,
85153644482207,pre,999.872253,,,
85153609226834,Lacc,-0.848544,-0.559039,0.304452,
85153609226834,GameRo,-0.026226,0.161149,0.800132,0.577176
85153629414177,Lacc,-0.806077,-0.498778,0.228375,
85153629414177,GameRo,-0.026357,0.161146,0.800123,0.577183
85153660168214,pre,999.873779,,,
85153675854222,pre,999.871521,,,
85153659649416,Gyro,0.528787,-0.405071,-1.292369,
85153679790983,Gyro,0.522668,-0.396557,-1.324694,
85153649578631,Lacc,-0.828192,-0.577902,0.267725,
85153649578631,GameRo,-0.018935,0.163023,0.782113,0.601135
85153669720198,Lacc,-0.707470,-0.266600,0.447100,
85153669720198,GameRo,-0.019032,0.163031,0.782106,0.601140
85153691357124,pre,999.872986,,,
85153707104167,pre,999.874512,,,
85153699932547,Gyro,0.536636,-0.390837,-1.409965,
85153720074112,Gyro,0.581732,-0.403208,-1.439897,
85153689861764,Lacc,-0.640009,-0.288468,0.482656,
85153689861764,GameRo,-0.010536,0.166000,0.764536,0.622750
85153710003331,Lacc,-0.619915,-0.272050,0.111604,
85153722637586,pre,999.876770,,,
85153710003331,GameRo,-0.010628,0.166019,0.764528,0.622754
85153738354112,pre,999.872986,,,
85153753979084,pre,999.872253,,,
85153740200420,Gyro,0.546214,-0.396956,-1.349305,
85153760326729,Gyro,0.564438,-0.372213,-1.253125,
85153730137267,Lacc,-0.368576,0.083138,-0.203010,
85153730137267,GameRo,-0.002590,0.169106,0.744563,0.645773
85153750263574,Lacc,-0.221115,-0.004427,-0.287833,
85153750263574,GameRo,-0.002615,0.169139,0.744557,0.645771
85153769634574,pre,999.872253,,,
85153785229029,pre,999.868530,,,
85153780453035,Gyro,0.587718,-0.348800,-1.089634,
85153800579342,Gyro,0.552998,-0.312217,-0.939445,
85153801861080,pre,999.874512,,,
85153770389881,Lacc,-0.128852,0.097093,-0.162986,
85153770389881,GameRo,0.005798,0.172044,0.724935,0.666961
85153790516190,Lacc,0.053452,0.370882,-0.082699,
85153790516190,GameRo,0.005840,0.172079,0.724933,0.666954
85153825176468,pre,999.878235,,,
85153820736166,Gyro,0.529053,-0.267387,-0.831559,
85153840892991,Gyro,0.495796,-0.201006,-0.779279,
85153810657756,Lacc,0.037328,0.026455,-0.119732,
85153843090255,pre,999.875244,,,
85153810657756,GameRo,0.015122,0.176188,0.708350,0.683351
85153830814580,Lacc,0.163668,0.103680,-0.040921,
85153830814580,GameRo,0.015150,0.176185,0.708353,0.683349
85153857891255,pre,999.869995,,,
85153873607779,pre,999.872986,,,
85153861019299,Gyro,0.468126,-0.151120,-0.817059,
85153881145608,Gyro,0.489011,-0.135955,-0.851247,
85153850956146,Lacc,-0.161161,-0.251470,0.005552,
85153850956146,GameRo,0.023083,0.180331,0.695084,0.695562
85153871082452,Lacc,-0.361676,-0.398142,0.151006,
85153871082452,GameRo,0.023005,0.180321,0.695081,0.695570
85153889171717,pre,999.874512,,,
85153904857724,pre,999.869995,,,
85153920482696,pre,999.870789,,,
85153901241396,Gyro,0.424626,-0.079950,-0.683366,
85153921337185,Gyro,0.414915,-0.034587,-0.781141,
85153891193501,Lacc,-0.396439,-0.272003,0.342186,
85153891193501,GameRo,0.028488,0.185184,0.681679,0.707254
85153911289292,Lacc,0.388643,-0.732289,-0.035436,
85153911289292,GameRo,0.028451,0.185079,0.681694,0.707269
85153936107669,pre,999.875244,,,
85153951732641,pre,999.872253,,,
85153941524527,Gyro,0.485686,-0.222556,-0.621774,
85153961711870,Gyro,0.607939,-0.257542,-0.428218,
85153967235544,pre,999.877502,,,
85153931430858,Lacc,-0.644398,-0.364466,0.594762,
85153931430858,GameRo,0.032855,0.189903,0.669486,0.717388
85153951618200,Lacc,-0.645005,-0.621600,0.693312,
85153951618200,GameRo,0.032728,0.189876,0.669482,0.717405
85153982982586,pre,999.869995,,,
85153998577042,pre,999.879028,,,
85153981853436,Gyro,0.319800,-0.232134,-0.365694,
85154001995003,Gyro,0.441920,-0.234130,-0.473846,
85153971782655,Lacc,0.072997,0.353371,0.192719,
85153971782655,GameRo,0.040683,0.193814,0.658793,0.725791
85153991924221,Lacc,-0.232063,0.199490,-0.691783,
85153991924221,GameRo,0.040689,0.193896,0.658779,0.725782
