Timestamp,Sensor,X,Y,Z,W
1804993916406,acc,-0.363,0.116,9.744,
1804993916406,Gyro,-0.021,0.075,-0.004,
1805013812036,acc,-0.377,0.113,9.795,
1805013812036,Gyro,-0.012,0.058,-0.002,
1805013812036,Lacc,-0.002,-0.002,-0.007,
1805013812036,GameRo,0.006,0.019,-0.000,1.000
1805033657046,acc,-0.377,0.109,9.781,
1805033657046,Gyro,0.008,0.005,0.002,
1805033657046,Lacc,0.001,-0.006,-0.021,
1805033657046,GameRo,0.006,0.019,-0.000,1.000
1805041711571,pre,999.651,,,
1805053554425,acc,-0.378,0.115,9.824,
1805053554425,Gyro,0.015,-0.027,0.005,
1805053554425,Lacc,-0.002,-0.003,0.021,
1805053554425,GameRo,0.006,0.019,0.000,1.000
1805066761212,pre,999.651,,,
1805073422263,acc,-0.337,0.136,9.789,
1805073422263,Gyro,0.010,-0.040,0.009,
1805073422263,Lacc,0.031,0.016,-0.013,
1805073422263,GameRo,0.006,0.019,0.000,1.000
1805091831320,pre,999.670,,,
1805093285462,acc,-0.360,0.121,9.768,
1805093285462,Gyro,0.002,-0.018,0.020,
1805093285462,Lacc,0.002,-0.001,-0.035,
1805093285462,GameRo,0.006,0.018,0.000,1.000
1805113160950,acc,-0.375,0.114,9.777,
1805113160950,Gyro,-0.001,-0.008,0.017,
1805113160950,Lacc,-0.015,-0.008,-0.026,
1805113160950,GameRo,0.006,0.018,0.000,1.000
1805116880636,pre,999.679,,,
1805133030863,acc,-0.357,0.125,9.786,
1805133030863,Gyro,-0.005,-0.002,0.019,
1805133030863,Lacc,0.003,0.004,-0.017,
1805133030863,GameRo,0.006,0.018,0.001,1.000
1805141933003,pre,999.660,,,
1805152900613,acc,-0.371,0.109,9.768,
1805152900613,Gyro,-0.006,0.001,0.017,
1805152900613,Lacc,-0.012,-0.011,-0.035,
1805152900613,GameRo,0.006,0.018,0.001,1.000
1805166982929,pre,999.645,,,
1805172770404,acc,-0.377,0.111,9.769,
1805172770404,Gyro,-0.004,-0.001,0.014,
1805172770404,Lacc,-0.017,-0.008,-0.034,
1805172770404,GameRo,0.006,0.018,0.001,1.000
1805192643898,acc,-0.376,0.112,9.766,
1805192643898,Gyro,0.004,-0.012,0.011,
1805192643898,Lacc,-0.017,-0.008,-0.036,
1805192643898,GameRo,0.006,0.018,0.001,1.000
1805192034361,pre,999.645,,,
1805212510475,acc,-0.351,0.123,9.753,
1805212510475,Gyro,0.013,-0.021,0.013,
1805212510475,Lacc,0.003,0.002,-0.049,
1805212510475,GameRo,0.006,0.018,0.001,1.000
1805217084042,pre,999.636,,,
1805232380102,acc,-0.373,0.110,9.778,
1805232380102,Gyro,0.009,-0.006,0.009,
1805232380102,Lacc,-0.021,-0.013,-0.025,
1805232380102,GameRo,0.006,0.018,0.001,1.000
1805242109920,pre,999.633,,,
1805252250016,acc,-0.365,0.118,9.794,
1805252250016,Gyro,-0.000,0.001,0.001,
1805252250016,Lacc,-0.014,-0.007,-0.009,
1805252250016,GameRo,0.006,0.018,0.001,1.000
1805267169490,pre,999.660,,,
1805272120010,acc,-0.358,0.119,9.776,
1805272120010,Gyro,-0.009,0.001,-0.001,
1805272120010,Lacc,-0.006,-0.004,-0.027,
1805272120010,GameRo,0.006,0.018,0.001,1.000
1805291964655,acc,-0.360,0.114,9.737,
1805291964655,Gyro,-0.005,-0.001,-0.002,
1805291964655,Lacc,-0.008,-0.007,-0.066,
1805291964655,GameRo,0.006,0.018,0.001,1.000
1805292212091,pre,999.673,,,
1805311859755,acc,-0.353,0.115,9.745,
1805311859755,Gyro,0.003,-0.002,-0.001,
1805311859755,Lacc,-0.001,-0.006,-0.058,
1805311859755,GameRo,0.006,0.018,0.001,1.000
1805317287245,pre,999.654,,,
1805331729465,acc,-0.353,0.120,9.778,
1805331729465,Gyro,0.000,-0.005,-0.001,
1805331729465,Lacc,-0.002,-0.002,-0.024,
1805331729465,GameRo,0.006,0.018,0.001,1.000
1805342312187,pre,999.657,,,
1805351599377,acc,-0.352,0.119,9.764,
1805351599377,Gyro,-0.002,-0.003,-0.001,
1805351599377,Lacc,-0.002,-0.003,-0.039,
1805351599377,GameRo,0.006,0.018,0.001,1.000
1805367411023,pre,999.663,,,
1805371469331,acc,-0.353,0.114,9.768,
1805371469331,Gyro,-0.008,0.001,-0.001,
1805371469331,Lacc,-0.003,-0.007,-0.035,
1805371469331,GameRo,0.006,0.018,0.001,1.000
1805391338878,acc,-0.354,0.114,9.755,
1805391338878,Gyro,-0.009,0.001,-0.003,
1805391338878,Lacc,-0.004,-0.005,-0.049,
1805391338878,GameRo,0.006,0.018,0.001,1.000
1805392412243,pre,999.636,,,
1805411208995,acc,-0.356,0.111,9.750,
1805411208995,Gyro,-0.006,0.000,-0.002,
1805411208995,Lacc,-0.005,-0.006,-0.053,
1805411208995,GameRo,0.006,0.018,0.001,1.000
1805417464895,pre,999.609,,,
1805431078745,acc,-0.366,0.108,9.751,
1805431078745,Gyro,-0.001,0.000,-0.007,
1805431078745,Lacc,-0.016,-0.009,-0.052,
1805431078745,GameRo,0.006,0.018,0.001,1.000
1805442525766,pre,999.630,,,
1805450948618,acc,-0.341,0.114,9.745,
1805450948618,Gyro,0.003,-0.001,-0.004,
1805450948618,Lacc,0.009,-0.003,-0.058,
1805450948618,GameRo,0.006,0.018,0.001,1.000
1805467588184,pre,999.654,,,
1805470818489,acc,-0.351,0.113,9.746,
1805470818489,Gyro,0.011,-0.002,-0.001,
1805470818489,Lacc,-0.001,-0.006,-0.057,
1805470818489,GameRo,0.006,0.018,0.001,1.000
1805490688240,acc,-0.358,0.114,9.754,
1805490688240,Gyro,0.015,0.002,-0.001,
1805490688240,Lacc,-0.008,-0.008,-0.049,
1805490688240,GameRo,0.006,0.018,0.001,1.000
1805492612841,pre,999.618,,,
1805510558316,acc,-0.365,0.117,9.778,
1805510558316,Gyro,0.011,0.001,-0.003,
1805510558316,Lacc,-0.015,-0.007,-0.025,
1805510558316,GameRo,0.006,0.018,0.001,1.000
1805517686490,pre,999.590,,,
1805530428514,acc,-0.412,0.101,9.772,
1805530428514,Gyro,0.013,-0.007,-0.017,
1805530428514,Lacc,-0.062,-0.025,-0.031,
1805530428514,GameRo,0.006,0.018,0.001,1.000
1805542711188,pre,999.621,,,
1805550298020,acc,-0.350,0.122,9.759,
1805550298020,Gyro,0.014,-0.024,-0.029,
1805550298020,Lacc,-0.003,-0.006,-0.044,
1805550298020,GameRo,0.007,0.018,0.001,1.000
1805567784063,pre,999.636,,,
1805570142665,acc,-0.315,0.139,9.740,
1805570142665,Gyro,0.022,-0.028,-0.018,
1805570142665,Lacc,0.026,0.006,-0.063,
1805570142665,GameRo,0.007,0.017,0.000,1.000
1805590037765,acc,-0.307,0.137,9.754,
1805590037765,Gyro,0.021,-0.013,-0.007,
1805590037765,Lacc,0.031,0.001,-0.050,
1805590037765,GameRo,0.007,0.017,0.000,1.000
1805592832768,pre,999.602,,,
1805609908980,acc,-0.341,0.139,9.812,
1805609908980,Gyro,0.017,-0.030,-0.000,
1805609908980,Lacc,-0.007,-0.001,0.009,
1805609908980,GameRo,0.007,0.017,0.000,1.000
1805617881392,pre,999.578,,,
1805629782555,acc,-0.331,0.139,9.806,
1805629782555,Gyro,0.010,-0.053,0.001,
1805629782555,Lacc,-0.006,-0.004,0.003,
1805629782555,GameRo,0.007,0.017,0.000,1.000
1805642905520,pre,999.596,,,
1805649630821,acc,-0.326,0.140,9.813,
1805649630821,Gyro,0.001,-0.081,0.003,
1805649630821,Lacc,-0.015,-0.003,0.009,
1805649630821,GameRo,0.007,0.016,0.000,1.000
1805667977744,pre,999.596,,,
1805669492433,acc,-0.295,0.144,9.688,
1805669492433,Gyro,-0.008,-0.047,0.003,
1805669492433,Lacc,0.000,0.001,-0.116,
1805669492433,GameRo,0.007,0.015,0.000,1.000
1805689386923,acc,-0.297,0.138,9.766,
1805689386923,Gyro,-0.035,0.024,-0.000,
1805689386923,Lacc,-0.000,-0.000,-0.039,
1805689386923,GameRo,0.007,0.015,0.000,1.000
1805693027548,pre,999.547,,,
1805709231568,acc,-0.279,0.136,9.658,
1805709231568,Gyro,-0.050,0.114,-0.001,
1805709231568,Lacc,0.034,0.008,-0.146,
1805709231568,GameRo,0.007,0.016,0.000,1.000
1805718047282,pre,999.514,,,
1805729105102,acc,-0.194,0.179,9.668,
1805729105102,Gyro,-0.044,0.199,0.043,
1805729105102,Lacc,0.154,0.060,-0.135,
1805729105102,GameRo,0.006,0.018,0.001,1.000
1805743117715,pre,999.520,,,
1805748996703,acc,-0.467,0.078,10.038,
1805748996703,Gyro,-0.038,-0.015,0.060,
1805748996703,Lacc,-0.102,-0.033,0.235,
1805748996703,GameRo,0.006,0.019,0.001,1.000
1805768821450,acc,-0.455,0.069,9.815,
1805768821450,Gyro,-0.033,-0.068,0.015,
1805768821450,Lacc,-0.101,-0.036,0.011,
1805768821450,GameRo,0.005,0.018,0.002,1.000
1805768172036,pre,999.517,,,
1805788736936,acc,-0.327,0.110,9.853,
1805788736936,Gyro,-0.054,-0.141,0.016,
1805788736936,Lacc,0.002,0.014,0.049,
1805788736936,GameRo,0.005,0.017,0.002,1.000
1805793221270,pre,999.511,,,
1805808580930,acc,-0.323,0.072,9.660,
1805808580930,Gyro,-0.088,-0.034,-0.002,
1805808580930,Lacc,-0.010,-0.009,-0.144,
1805808580930,GameRo,0.004,0.016,0.002,1.000
1805818288123,pre,999.511,,,
1805828476803,acc,-0.273,0.079,9.731,
1805828476803,Gyro,-0.044,-0.113,0.016,
1805828476803,Lacc,0.028,0.011,-0.074,
1805828476803,GameRo,0.003,0.015,0.002,1.000
1805843286006,pre,999.523,,,
1805848346106,acc,-0.168,0.089,9.589,
1805848346106,Gyro,-0.012,-0.053,0.046,
1805848346106,Lacc,0.111,0.024,-0.217,
1805848346106,GameRo,0.003,0.014,0.002,1.000
1805868216059,acc,-0.340,0.038,9.805,
1805868216059,Gyro,-0.023,-0.019,0.055,
1805868216059,Lacc,-0.062,-0.024,-0.001,
1805868216059,GameRo,0.003,0.014,0.003,1.000
1805868336095,pre,999.563,,,
1805888086461,acc,-0.391,0.030,9.826,
1805888086461,Gyro,-0.019,-0.135,0.024,
1805888086461,Lacc,-0.125,-0.029,0.020,
1805888086461,GameRo,0.003,0.014,0.003,1.000
1805893394566,pre,999.609,,,
1805907949945,acc,-0.254,0.037,9.543,
1805907949945,Gyro,0.024,-0.233,-0.006,
1805907949945,Lacc,-0.040,-0.022,-0.265,
1805907949945,GameRo,0.003,0.011,0.003,1.000
1805918441928,pre,999.667,,,
1805927825270,acc,-0.040,0.069,9.564,
1805927825270,Gyro,0.088,-0.026,0.023,
1805927825270,Lacc,0.155,-0.004,-0.244,
1805927825270,GameRo,0.004,0.010,0.003,1.000
1805943488517,pre,999.731,,,
1805947695509,acc,0.013,0.098,9.495,
1805947695509,Gyro,0.149,0.243,0.093,
1805947695509,Lacc,0.236,0.001,-0.312,
1805947695509,GameRo,0.005,0.011,0.004,1.000
1805967565259,acc,-0.879,0.026,10.146,
1805967565259,Gyro,0.215,0.230,0.166,
1805967565259,Lacc,-0.592,-0.110,0.341,
1805967565259,GameRo,0.007,0.015,0.005,1.000
1805968537914,pre,999.737,,,
1805987435578,acc,-1.296,-0.080,10.660,
1805987435578,Gyro,0.386,-0.234,0.371,
1805987435578,Lacc,-1.029,-0.282,0.855,
1805987435578,GameRo,0.010,0.014,0.008,1.000
1805993612824,pre,999.688,,,
1806007304840,acc,0.226,-0.304,9.250,
1806007304840,Gyro,0.334,-0.107,0.257,
1806007304840,Lacc,0.441,-0.585,-0.554,
1806007304840,GameRo,0.014,0.011,0.012,1.000
1806018632192,pre,999.678,,,
1806027175567,acc,0.162,-0.108,10.040,
1806027175567,Gyro,0.232,0.201,0.091,
1806027175567,Lacc,0.406,-0.436,0.238,
1806027175567,GameRo,0.017,0.013,0.013,1.000
1806043683014,pre,999.724,,,
1806047044911,acc,-0.457,-0.238,11.430,
1806047044911,Gyro,0.305,-0.116,0.001,
1806047044911,Lacc,-0.190,-0.617,1.631,
1806047044911,GameRo,0.019,0.014,0.013,1.000
1806066914499,acc,0.023,-0.103,10.311,
1806066914499,Gyro,0.320,-0.875,-0.192,
1806066914499,Lacc,0.154,-0.549,0.512,
1806066914499,GameRo,0.023,0.007,0.012,1.000
1806068733713,pre,999.764,,,
1806086785104,acc,0.447,-0.151,8.457,
1806086785104,Gyro,0.057,-0.896,-0.407,
1806086785104,Lacc,0.387,-0.632,-1.341,
1806086785104,GameRo,0.025,-0.003,0.008,1.000
1806093808053,pre,999.788,,,
1806106654447,acc,0.182,0.099,7.575,
1806106654447,Gyro,-0.317,-0.343,-0.401,
1806106654447,Lacc,0.010,-0.342,-2.224,
1806106654447,GameRo,0.022,-0.009,0.003,1.000
1806118855903,pre,999.837,,,
1806126524848,acc,0.119,0.402,8.765,
1806126524848,Gyro,-0.370,0.429,-0.238,
1806126524848,Lacc,-0.011,0.044,-1.037,
1806126524848,GameRo,0.018,-0.007,0.000,1.000
1806143879747,pre,999.852,,,
1806146394150,acc,0.009,0.630,10.338,
1806146394150,Gyro,-0.194,0.611,-0.121,
1806146394150,Lacc,0.015,0.320,0.533,
1806146394150,GameRo,0.016,0.000,-0.001,1.000
1806166264064,acc,-0.525,-0.154,10.839,
1806166264064,Gyro,-0.103,0.089,-0.120,
1806166264064,Lacc,-0.455,-0.440,1.033,
1806166264064,GameRo,0.015,0.004,-0.002,1.000
1806168955185,pre,999.794,,,
1806186134384,acc,-0.712,-0.491,10.633,
1806186134384,Gyro,-0.090,-0.604,-0.259,
1806186134384,Lacc,-0.720,-0.762,0.826,
1806186134384,GameRo,0.014,-0.000,-0.004,1.000
1806194001978,pre,999.785,,,
1806205965845,acc,-0.467,0.586,10.054,
1806205965845,Gyro,-0.080,-0.937,-0.412,
1806205965845,Lacc,-0.650,0.332,0.249,
1806205965845,GameRo,0.013,-0.009,-0.008,1.000
1806219050805,pre,999.901,,,
1806225874414,acc,-1.101,1.250,9.780,
1806225874414,Gyro,0.014,-0.883,-0.230,
1806225874414,Lacc,-1.336,0.910,-0.022,
1806225874414,GameRo,0.017,-0.012,-0.012,1.000
1806244079857,pre,999.990,,,
1806245760114,acc,-0.547,0.698,10.653,
1806245760114,Gyro,0.350,-0.916,0.499,
1806245760114,Lacc,-0.941,0.314,0.858,
1806245760114,GameRo,0.019,-0.020,-0.008,1.000
1806265613466,acc,1.420,-0.905,9.834,
1806265613466,Gyro,0.403,-1.097,0.189,
1806265613466,Lacc,0.770,-1.289,0.053,
1806265613466,GameRo,0.019,-0.033,-0.004,0.999
1806269148216,pre,999.956,,,
1806285483664,acc,1.233,-0.767,8.589,
1806285483664,Gyro,-0.029,-1.122,-0.335,
1806285483664,Lacc,0.360,-1.186,-1.173,
1806285483664,GameRo,0.021,-0.045,-0.006,0.999
1806294198264,pre,999.898,,,
1806305363587,acc,0.978,0.696,8.273,
1806305363587,Gyro,-0.580,-0.887,-0.303,
1806305363587,Lacc,-0.085,0.353,-1.473,
1806305363587,GameRo,0.017,-0.054,-0.011,0.998
1806319247742,pre,999.901,,,
1806325223246,acc,0.741,1.436,10.072,
1806325223246,Gyro,-0.742,-0.790,0.023,
1806325223246,Lacc,-0.462,1.230,0.339,
1806325223246,GameRo,0.010,-0.062,-0.012,0.998
1806345069600,acc,0.349,1.450,11.043,
1806345069600,Gyro,-0.673,-1.295,0.366,
1806345069600,Lacc,-1.060,1.383,1.335,
1806345069600,GameRo,0.003,-0.072,-0.010,0.997
1806344295023,pre,999.898,,,
1806364962828,acc,1.205,0.762,9.568,
1806364962828,Gyro,-0.956,-1.758,0.706,
1806364962828,Lacc,-0.522,0.862,-0.088,
1806364962828,GameRo,-0.006,-0.088,-0.005,0.996
1806369343647,pre,999.813,,,
1806384805072,acc,1.858,-0.303,8.163,
1806384805072,Gyro,-1.542,-1.631,0.846,
1806384805072,Lacc,-0.202,0.089,-1.420,
1806384805072,GameRo,-0.020,-0.106,0.002,0.994
1806394391660,pre,999.736,,,
1806404680356,acc,2.142,-1.005,9.301,
1806404680356,Gyro,-1.768,-1.410,0.870,
1806404680356,Lacc,-0.177,-0.237,-0.200,
1806404680356,GameRo,-0.038,-0.120,0.010,0.992
1806419439592,pre,999.743,,,
1806424572405,acc,2.801,-1.442,9.388,
1806424572405,Gyro,-1.483,-1.187,0.616,
1806424572405,Lacc,0.246,-0.328,-0.018,
1806424572405,GameRo,-0.055,-0.132,0.015,0.990
1806444442562,acc,3.453,-1.551,9.378,
1806444442562,Gyro,-0.904,-0.756,0.124,
1806444442562,Lacc,0.744,-0.219,0.045,
1806444442562,GameRo,-0.066,-0.141,0.017,0.988
1806444459937,pre,999.773,,,
1806464309790,acc,2.714,-2.225,9.176,
1806464309790,Gyro,-0.427,-0.646,-0.077,
1806464309790,Lacc,-0.114,-0.794,-0.107,
1806464309790,GameRo,-0.072,-0.147,0.016,0.986
1806469512345,pre,999.782,,,
1806484181981,acc,2.640,-2.133,9.085,
1806484181981,Gyro,-0.100,-0.666,-0.062,
1806484181981,Lacc,-0.309,-0.671,-0.157,
1806484181981,GameRo,-0.073,-0.154,0.016,0.985
1806494577285,pre,999.788,,,
1806504052911,acc,3.344,-1.422,8.658,
1806504052911,Gyro,0.117,-0.606,-0.192,
1806504052911,Lacc,0.269,0.019,-0.545,
1806504052911,GameRo,-0.072,-0.160,0.015,0.984
1806519610406,pre,999.755,,,
1806523921888,acc,3.050,-0.687,7.583,
1806523921888,Gyro,0.131,-0.273,-0.239,
1806523921888,Lacc,-0.108,0.707,-1.599,
1806523921888,GameRo,-0.070,-0.164,0.013,0.984
1806543766818,acc,2.830,-0.652,7.833,
1806543766818,Gyro,-0.015,0.091,-0.149,
1806543766818,Lacc,-0.329,0.725,-1.351,
1806543766818,GameRo,-0.070,-0.164,0.011,0.984
1806544672173,pre,999.672,,,
1806563624890,acc,2.670,-1.586,10.573,
1806563624890,Gyro,0.053,-0.257,-0.167,
1806563624890,Lacc,-0.498,-0.217,1.390,
1806563624890,GameRo,-0.069,-0.165,0.010,0.984
1806569733451,pre,999.599,,,
1806583506807,acc,3.307,-1.826,9.156,
1806583506807,Gyro,-0.025,-0.409,-0.282,
1806583506807,Lacc,0.040,-0.483,0.004,
1806583506807,GameRo,-0.068,-0.170,0.008,0.983
1806594782238,pre,999.605,,,
1806603401948,acc,3.325,-0.689,7.505,
1806603401948,Gyro,-0.281,0.377,-0.156,
1806603401948,Lacc,0.056,0.679,-1.642,
1806603401948,GameRo,-0.070,-0.170,0.005,0.983
1806619828746,pre,999.614,,,
1806623271413,acc,2.495,-0.220,8.894,
1806623271413,Gyro,0.033,1.118,0.194,
1806623271413,Lacc,-0.591,1.180,-0.311,
1806623271413,GameRo,-0.072,-0.160,0.005,0.984
1806643116098,acc,2.421,-1.791,9.167,
1806643116098,Gyro,0.528,1.156,0.295,
1806643116098,Lacc,-0.432,-0.447,-0.122,
1806643116098,GameRo,-0.068,-0.148,0.008,0.987
1806644854786,pre,999.587,,,
1806662985808,acc,1.997,-2.554,7.983,
1806662985808,Gyro,0.508,1.260,0.197,
1806662985808,Lacc,-0.624,-1.308,-1.388,
1806662985808,GameRo,-0.063,-0.136,0.010,0.989
1806669923511,pre,999.578,,,
1806682856535,acc,4.143,-2.562,10.063,
1806682856535,Gyro,0.203,1.105,-0.225,
1806682856535,Lacc,1.751,-1.378,0.623,
1806682856535,GameRo,-0.060,-0.124,0.009,0.990
1806694972583,pre,999.587,,,
1806702751066,acc,2.146,-2.376,11.186,
1806702751066,Gyro,0.153,0.482,-0.322,
1806702751066,Lacc,-0.123,-1.224,1.711,
1806702751066,GameRo,-0.059,-0.117,0.006,0.991
1806720021166,pre,999.566,,,
1806722620857,acc,1.729,-2.225,8.370,
1806722620857,Gyro,0.271,0.861,-0.722,
1806722620857,Lacc,-0.453,-1.144,-1.133,
1806722620857,GameRo,-0.056,-0.112,0.000,0.992
1806742445441,acc,2.523,-1.123,8.875,
1806742445441,Gyro,0.117,1.296,-0.785,
1806742445441,Lacc,0.567,-0.116,-0.685,
1806742445441,GameRo,-0.053,-0.100,-0.009,0.994
1806745042568,pre,999.498,,,
1806762334722,acc,2.418,-1.187,9.984,
1806762334722,Gyro,0.136,0.992,-0.578,
1806762334722,Lacc,0.669,-0.216,0.380,
1806762334722,GameRo,-0.051,-0.089,-0.016,0.995
1806770115728,pre,999.440,,,
1806782230595,acc,0.653,-1.755,8.705,
1806782230595,Gyro,0.338,0.831,-0.387,
1806782230595,Lacc,-0.950,-0.857,-0.931,
1806782230595,GameRo,-0.048,-0.081,-0.021,0.995
1806795163171,pre,999.434,,,
1806802100509,acc,2.864,-0.999,7.179,
1806802100509,Gyro,0.227,1.369,-0.265,
1806802100509,Lacc,1.467,-0.162,-2.495,
1806802100509,GameRo,-0.044,-0.070,-0.023,0.996
1806820211917,pre,999.480,,,
1806821970422,acc,1.372,-0.245,9.625,
1806821970422,Gyro,0.148,1.524,-0.415,
1806821970422,Lacc,0.286,0.551,-0.092,
1806821970422,GameRo,-0.042,-0.054,-0.028,0.997
1806841840294,acc,0.542,-0.980,10.088,
1806841840294,Gyro,0.154,1.105,-0.160,
1806841840294,Lacc,-0.309,-0.220,0.345,
1806841840294,GameRo,-0.040,-0.042,-0.031,0.998
1806845261843,pre,999.526,,,
1806861710492,acc,1.437,-1.555,10.161,
1806861710492,Gyro,0.083,0.894,-0.231,
1806861710492,Lacc,0.762,-0.815,0.403,
1806861710492,GameRo,-0.039,-0.033,-0.032,0.998
1806870311891,pre,999.517,,,
1806881579143,acc,0.300,-2.039,10.732,
1806881579143,Gyro,0.054,0.487,-0.461,
1806881579143,Lacc,-0.260,-1.313,0.965,
1806881579143,GameRo,-0.038,-0.027,-0.036,0.998
1806895361817,pre,999.459,,,
1806901449870,acc,0.419,-1.276,9.792,
1806901449870,Gyro,0.164,0.477,-0.566,
1806901449870,Lacc,-0.069,-0.576,0.019,
1806901449870,GameRo,-0.037,-0.023,-0.042,0.998
1806921287353,acc,-0.869,-1.956,8.135,
1806921287353,Gyro,0.225,0.990,-1.195,
1806921287353,Lacc,-1.221,-1.309,-1.648,
1806921287353,GameRo,-0.034,-0.016,-0.051,0.998
1806920413289,pre,999.443,,,
1806941189656,acc,-0.627,-0.002,7.625,
1806941189656,Gyro,0.042,1.376,-1.593,
1806941189656,Lacc,-0.747,0.608,-2.165,
1806941189656,GameRo,-0.031,-0.004,-0.067,0.997
1806945464029,pre,999.462,,,
1806961059610,acc,-0.113,-1.404,9.437,
1806961059610,Gyro,-0.340,1.203,-1.720,
1806961059610,Lacc,0.012,-0.750,-0.350,
1806961059610,GameRo,-0.033,0.009,-0.084,0.996
1806970514362,pre,999.462,,,
1806980903970,acc,0.286,-1.158,9.758,
1806980903970,Gyro,-0.502,0.810,-1.633,
1806980903970,Lacc,0.561,-0.397,-0.018,
1806980903970,GameRo,-0.037,0.018,-0.101,0.994
1806995563637,pre,999.440,,,
1807000799274,acc,0.118,0.299,9.010,
1807000799274,Gyro,-0.331,0.928,-1.001,
1807000799274,Lacc,0.526,1.150,-0.755,
1807000799274,GameRo,-0.041,0.026,-0.114,0.992
1807020657426,acc,0.023,-0.178,8.224,
1807020657426,Gyro,0.081,1.529,-0.336,
1807020657426,Lacc,0.672,0.692,-1.525,
1807020657426,GameRo,-0.040,0.038,-0.119,0.991
1807020607907,pre,999.419,,,
1807040539180,acc,0.700,-2.106,7.620,
1807040539180,Gyro,0.484,2.276,-0.311,
1807040539180,Lacc,1.741,-1.307,-2.102,
1807040539180,GameRo,-0.034,0.058,-0.122,0.990
1807045647660,pre,999.382,,,
1807060408972,acc,-0.158,-2.003,7.757,
1807060408972,Gyro,0.530,2.853,-0.594,
1807060408972,Lacc,1.400,-1.298,-1.903,
1807060408972,GameRo,-0.025,0.084,-0.128,0.988
1807070694371,pre,999.355,,,
1807080257075,acc,-1.276,-1.269,9.433,
1807080257075,Gyro,0.423,2.704,-0.642,
1807080257075,Lacc,0.818,-0.628,-0.129,
1807080257075,GameRo,-0.018,0.111,-0.136,0.984
1807095743158,pre,999.370,,,
1807100148920,acc,-1.813,-1.251,8.933,
1807100148920,Gyro,0.081,2.303,-0.690,
1807100148920,Lacc,0.730,-0.620,-0.521,
1807100148920,GameRo,-0.013,0.134,-0.143,0.980
1807120018589,acc,-2.772,-0.420,8.618,
1807120018589,Gyro,-0.194,2.049,-0.599,
1807120018589,Lacc,0.151,0.274,-0.721,
1807120018589,GameRo,-0.013,0.154,-0.150,0.977
1807120793165,pre,999.483,,,
1807139888827,acc,-3.134,-0.259,7.938,
1807139888827,Gyro,-0.322,2.043,-0.432,
1807139888827,Lacc,0.147,0.520,-1.274,
1807139888827,GameRo,-0.013,0.174,-0.154,0.973
1807145859367,pre,999.584,,,
1807159774365,acc,-3.626,-0.576,8.708,
1807159774365,Gyro,-0.207,2.336,-0.318,
1807159774365,Lacc,0.067,0.271,-0.341,
1807159774365,GameRo,-0.013,0.197,-0.157,0.968
1807170916700,pre,999.611,,,
1807179628328,acc,-3.827,-0.907,8.724,
1807179628328,Gyro,-0.370,2.293,-0.169,
1807179628328,Lacc,0.271,0.011,-0.141,
1807179628328,GameRo,-0.012,0.219,-0.159,0.963
1807199491283,acc,-3.844,-1.742,8.961,
1807199491283,Gyro,-0.390,2.158,-0.183,
1807199491283,Lacc,0.640,-0.734,0.295,
1807199491283,GameRo,-0.013,0.241,-0.160,0.957
1807195946077,pre,999.642,,,
1807219368317,acc,-4.265,-1.522,8.861,
1807219368317,Gyro,-0.252,1.832,-0.261,
1807219368317,Lacc,0.537,-0.436,0.376,
1807219368317,GameRo,-0.014,0.259,-0.162,0.952
1807220991730,pre,999.666,,,
1807239238190,acc,-4.579,-1.938,8.401,
1807239238190,Gyro,-0.258,1.672,-0.399,
1807239238190,Lacc,0.502,-0.779,0.090,
1807239238190,GameRo,-0.014,0.276,-0.164,0.947
1807246065053,pre,999.602,,,
1807259074615,acc,-4.401,-3.859,7.674,
1807259074615,Gyro,-0.455,1.536,-0.946,
1807259074615,Lacc,0.836,-2.273,-0.468,
1807259074615,GameRo,-0.032,0.290,-0.175,0.940
1807271114735,pre,999.480,,,
1807278978463,acc,-4.846,-1.277,9.125,
1807278978463,Gyro,-0.476,1.571,-1.068,
1807278978463,Lacc,0.605,0.518,1.169,
1807278978463,GameRo,-0.038,0.305,-0.184,0.934
1807296144194,pre,999.474,,,
1807298848091,acc,-4.917,-1.769,8.295,
1807298848091,Gyro,-0.102,1.546,-0.888,
1807298848091,Lacc,0.733,0.165,0.511,
1807298848091,GameRo,-0.040,0.319,-0.193,0.927
1807318717475,acc,-5.182,-2.387,7.032,
1807318717475,Gyro,0.211,1.770,-0.864,
1807318717475,Lacc,0.689,-0.378,-0.566,
1807318717475,GameRo,-0.038,0.334,-0.202,0.920
1807321179878,pre,999.559,,,
1807338587429,acc,-5.747,-2.308,7.954,
1807338587429,Gyro,0.201,1.724,-0.915,
1807338587429,Lacc,0.362,-0.233,0.564,
1807338587429,GameRo,-0.035,0.349,-0.211,0.912
1807346265326,pre,999.575,,,
1807358457464,acc,-6.177,-2.696,9.282,
1807358457464,Gyro,-0.114,0.933,-1.003,
1807358457464,Lacc,0.060,-0.502,2.035,
1807358457464,GameRo,-0.036,0.360,-0.221,0.906
1807371314316,pre,999.514,,,
1807378327296,acc,-5.893,-3.399,6.820,
1807378327296,Gyro,-0.354,0.976,-1.177,
1807378327296,Lacc,0.418,-1.005,-0.298,
1807378327296,GameRo,-0.042,0.368,-0.230,0.900
1807398172062,acc,-5.901,-4.220,6.722,
1807398172062,Gyro,-0.238,1.315,-1.424,
1807398172062,Lacc,0.431,-1.363,-0.205,
1807398172062,GameRo,-0.059,0.379,-0.246,0.890
1807396339055,pre,999.517,,,
1807418066959,acc,-7.538,-3.760,5.675,
1807418066959,Gyro,0.264,2.366,-1.740,
1807418066959,Lacc,-1.013,-0.682,-0.973,
1807418066959,GameRo,-0.061,0.397,-0.261,0.878
1807421415226,pre,999.572,,,
1807437959577,acc,-8.276,-0.849,5.686,
1807437959577,Gyro,0.980,3.308,-1.256,
1807437959577,Lacc,-1.382,2.230,-0.577,
1807437959577,GameRo,-0.046,0.423,-0.277,0.862
1807446465193,pre,999.608,,,
1807457807518,acc,-8.898,-1.598,4.894,
1807457807518,Gyro,1.274,3.876,-0.776,
1807457807518,Lacc,-1.583,1.425,-0.901,
1807457807518,GameRo,-0.027,0.451,-0.290,0.843
1807471488222,pre,999.599,,,
1807477684226,acc,-8.883,-2.740,4.163,
1807477684226,Gyro,1.095,3.976,-0.714,
1807477684226,Lacc,-1.145,0.245,-1.075,
1807477684226,GameRo,-0.008,0.483,-0.301,0.822
1807497546856,acc,-8.985,-3.098,3.935,
1807497546856,Gyro,0.615,3.636,-0.812,
1807497546856,Lacc,-0.916,-0.071,-0.753,
1807497546856,GameRo,0.006,0.511,-0.312,0.801
1807496556744,pre,999.581,,,
1807517419291,acc,-9.639,-2.995,3.774,
1807517419291,Gyro,0.053,3.196,-0.911,
1807517419291,Lacc,-1.334,0.158,-0.387,
1807517419291,GameRo,0.014,0.536,-0.319,0.781
1807521610209,pre,999.581,,,
1807537286803,acc,-9.966,-3.000,4.096,
1807537286803,Gyro,-0.314,2.874,-0.890,
1807537286803,Lacc,-1.489,0.324,0.445,
1807537286803,GameRo,0.016,0.560,-0.325,0.762
1807546659973,pre,999.605,,,
1807557156717,acc,-10.124,-3.097,4.302,
1807557156717,Gyro,-0.368,2.560,-0.796,
1807557156717,Lacc,-1.523,0.395,1.128,
1807557156717,GameRo,0.017,0.581,-0.328,0.744
1807577034402,acc,-9.890,-3.362,3.893,
1807577034402,Gyro,-0.091,2.440,-0.679,
1807577034402,Lacc,-1.197,0.265,1.152,
1807577034402,GameRo,0.019,0.600,-0.332,0.728
1807571684101,pre,999.633,,,
1807596871478,acc,-9.254,-3.809,3.157,
1807596871478,Gyro,0.355,2.457,-0.644,
1807596871478,Lacc,-0.484,-0.082,0.825,
1807596871478,GameRo,0.025,0.617,-0.337,0.711
1807596758482,pre,999.636,,,
1807616742164,acc,-8.741,-4.201,1.971,
1807616742164,Gyro,0.698,2.471,-0.707,
1807616742164,Lacc,0.083,-0.382,0.023,
1807616742164,GameRo,0.034,0.632,-0.345,0.693
1807621795061,pre,999.614,,,
1807636635719,acc,-8.881,-3.951,0.578,
1807636635719,Gyro,0.933,2.628,-0.759,
1807636635719,Lacc,-0.026,-0.029,-0.981,
1807636635719,GameRo,0.043,0.647,-0.354,0.674
1807646863216,pre,999.590,,,
1807656506119,acc,-8.929,-3.760,-0.090,
1807656506119,Gyro,1.138,2.871,-0.784,
1807656506119,Lacc,-0.048,0.261,-1.184,
1807656506119,GameRo,0.056,0.664,-0.364,0.651
1807671886531,pre,999.602,,,
1807676335790,acc,-8.890,-4.367,-0.212,
1807676335790,Gyro,1.116,2.885,-0.910,
1807676335790,Lacc,-0.026,-0.217,-0.876,
1807676335790,GameRo,0.069,0.679,-0.375,0.627
1807696239313,acc,-8.901,-4.401,0.018,
1807696239313,Gyro,0.980,2.613,-1.129,
1807696239313,Lacc,-0.101,-0.074,-0.255,
1807696239313,GameRo,0.078,0.693,-0.386,0.604
1807696928848,pre,999.636,,,
1807716115330,acc,-9.095,-3.978,-0.066,
1807716115330,Gyro,0.939,2.274,-1.230,
1807716115330,Lacc,-0.398,0.560,-0.009,
1807716115330,GameRo,0.084,0.704,-0.398,0.582
1807721996555,pre,999.654,,,
1807735985324,acc,-9.032,-3.932,-0.995,
1807735985324,Gyro,0.981,2.056,-1.200,
1807735985324,Lacc,-0.446,0.801,-0.654,
1807735985324,GameRo,0.090,0.714,-0.409,0.561
1807747050387,pre,999.669,,,
1807755855726,acc,-9.110,-4.184,-1.671,
1807755855726,Gyro,1.035,2.028,-1.210,
1807755855726,Lacc,-0.644,0.734,-1.055,
1807755855726,GameRo,0.097,0.722,-0.420,0.541
1807772098319,pre,999.685,,,
1807775700125,acc,-9.500,-4.326,-2.228,
1807775700125,Gyro,0.991,2.069,-1.197,
1807775700125,Lacc,-1.186,0.809,-1.372,
1807775700125,GameRo,0.102,0.730,-0.431,0.520
1807795594778,acc,-9.690,-4.540,-1.934,
1807795594778,Gyro,1.037,2.186,-1.114,
1807795594778,Lacc,-1.536,0.800,-0.829,
1807795594778,GameRo,0.108,0.738,-0.442,0.498
1807797122041,pre,999.682,,,
1807815465139,acc,-9.652,-4.484,-1.054,
1807815465139,Gyro,1.176,2.133,-1.057,
1807815465139,Lacc,-1.666,1.055,0.280,
1807815465139,GameRo,0.116,0.745,-0.453,0.476
1807822182017,pre,999.660,,,
1807835334930,acc,-9.524,-4.366,-0.584,
1807835334930,Gyro,1.316,1.895,-0.939,
1807835334930,Lacc,-1.699,1.357,0.915,
1807835334930,GameRo,0.123,0.749,-0.465,0.456
1807847204030,pre,999.660,,,
1807855204762,acc,-9.085,-4.889,-0.857,
1807855204762,Gyro,1.344,1.563,-0.882,
1807855204762,Lacc,-1.403,1.000,0.736,
1807855204762,GameRo,0.131,0.751,-0.476,0.438
1807872279834,pre,999.682,,,
1807875074797,acc,-9.051,-5.506,-1.163,
1807875074797,Gyro,1.212,1.169,-0.899,
1807875074797,Lacc,-1.514,0.557,0.475,
1807875074797,GameRo,0.136,0.752,-0.488,0.423
1807894944548,acc,-9.090,-5.272,-1.403,
1807894944548,Gyro,1.095,0.813,-0.850,
1807894944548,Lacc,-1.689,0.957,0.231,
1807894944548,GameRo,0.139,0.751,-0.499,0.410
1807897304207,pre,999.660,,,
1807914788988,acc,-9.135,-5.689,-1.777,
1807914788988,Gyro,1.038,0.617,-0.659,
1807914788988,Lacc,-1.843,0.676,-0.180,
1807914788988,GameRo,0.141,0.749,-0.508,0.400
1807922385871,pre,999.624,,,
1807934684251,acc,-8.577,-5.722,-1.929,
1807934684251,Gyro,1.060,0.586,-0.574,
1807934684251,Lacc,-1.375,0.757,-0.379,
1807934684251,GameRo,0.144,0.747,-0.517,0.392
1807947434942,pre,999.620,,,
1807954554205,acc,-8.098,-5.393,-1.949,
1807954554205,Gyro,1.118,0.570,-0.444,
1807954554205,Lacc,-0.859,1.045,-0.406,
1807954554205,GameRo,0.154,0.745,-0.521,0.388
1807972461431,pre,999.645,,,
1807974424240,acc,-7.561,-6.020,-2.482,
1807974424240,Gyro,1.017,0.488,-0.412,
1807974424240,Lacc,-0.385,0.500,-0.989,
1807974424240,GameRo,0.158,0.742,-0.529,0.380
1807994293991,acc,-7.174,-5.771,-2.523,
1807994293991,Gyro,0.773,0.419,-0.405,
1807994293991,Lacc,-0.051,0.809,-1.036,
1807994293991,GameRo,0.162,0.741,-0.534,0.373
1807997507776,pre,999.660,,,
1808014163823,acc,-7.178,-5.539,-1.983,
1808014163823,Gyro,0.627,0.418,-0.398,
1808014163823,Lacc,-0.121,1.117,-0.521,
1808014163823,GameRo,0.163,0.740,-0.539,0.367
1808022585819,pre,999.648,,,
1808034008832,acc,-7.111,-5.406,-1.439,
1808034008832,Gyro,0.695,0.379,-0.284,
1808034008832,Lacc,-0.109,1.315,-0.008,
1808034008832,GameRo,0.165,0.739,-0.545,0.361
1808047590985,pre,999.627,,,
1808053903811,acc,-6.935,-6.068,-1.316,
1808053903811,Gyro,0.841,0.359,-0.185,
1808053903811,Lacc,0.030,0.702,0.060,
1808053903811,GameRo,0.169,0.736,-0.550,0.356
1808073748455,acc,-6.742,-6.305,-1.354,
1808073748455,Gyro,1.040,0.366,-0.175,
1808073748455,Lacc,0.190,0.514,-0.063,
1808073748455,GameRo,0.173,0.732,-0.558,0.351
1808072683921,pre,999.617,,,
1808093646852,acc,-6.784,-6.005,-1.946,
1808093646852,Gyro,1.205,0.541,-0.168,
1808093646852,Lacc,0.113,0.867,-0.749,
1808093646852,GameRo,0.178,0.728,-0.566,0.345
1808097738974,pre,999.633,,,
1808113513388,acc,-6.850,-5.925,-2.257,
1808113513388,Gyro,1.231,0.736,-0.120,
1808113513388,Lacc,0.018,0.987,-1.120,
1808113513388,GameRo,0.186,0.724,-0.573,0.337
1808122782145,pre,999.648,,,
1808133383464,acc,-6.576,-6.347,-2.503,
1808133383464,Gyro,1.135,0.956,-0.056,
1808133383464,Lacc,0.264,0.592,-1.358,
1808133383464,GameRo,0.195,0.721,-0.579,0.327
1808147830403,pre,999.645,,,
1808153253296,acc,-6.599,-7.157,-2.181,
1808153253296,Gyro,1.108,1.231,-0.020,
1808153253296,Lacc,0.210,-0.191,-1.025,
1808153253296,GameRo,0.205,0.719,-0.584,0.316
1808173098265,acc,-7.037,-8.003,-1.879,
1808173098265,Gyro,1.260,1.504,-0.052,
1808173098265,Lacc,-0.266,-1.004,-0.696,
1808173098265,GameRo,0.216,0.717,-0.590,0.304
1808172846434,pre,999.645,,,
1808192967934,acc,-7.519,-8.020,-1.600,
1808192967934,Gyro,1.486,1.705,-0.096,
1808192967934,Lacc,-0.799,-0.975,-0.391,
1808192967934,GameRo,0.230,0.713,-0.596,0.288
1808197903562,pre,999.675,,,
1808212890093,acc,-7.788,-7.236,-1.354,
1808212890093,Gyro,1.599,1.667,-0.060,
1808212890093,Lacc,-1.123,-0.141,-0.140,
1808212890093,GameRo,0.244,0.709,-0.604,0.272
1808222967363,pre,999.675,,,
1808232733639,acc,-7.412,-6.743,-1.489,
1808232733639,Gyro,1.398,1.362,-0.017,
1808232733639,Lacc,-0.784,0.389,-0.292,
1808232733639,GameRo,0.257,0.704,-0.611,0.257
1808248004960,pre,999.645,,,
1808252602861,acc,-6.913,-6.423,-1.526,
1808252602861,Gyro,0.910,0.915,-0.041,
1808252602861,Lacc,-0.315,0.739,-0.344,
1808252602861,GameRo,0.266,0.700,-0.615,0.247
1808272472692,acc,-6.880,-6.266,-1.435,
1808272472692,Gyro,0.402,0.490,-0.002,
1808272472692,Lacc,-0.298,0.912,-0.250,
1808272472692,GameRo,0.271,0.698,-0.618,0.241
1808273047724,pre,999.642,,,
1808292342971,acc,-6.907,-6.741,-1.418,
1808292342971,Gyro,0.141,0.296,0.067,
1808292342971,Lacc,-0.325,0.434,-0.218,
1808292342971,GameRo,0.273,0.697,-0.618,0.239
1808298111404,pre,999.645,,,
1808312212599,acc,-7.190,-7.530,-1.509,
1808312212599,Gyro,0.113,0.384,0.135,
1808312212599,Lacc,-0.600,-0.368,-0.280,
1808312212599,GameRo,0.276,0.697,-0.617,0.237
1808323169753,pre,999.645,,,
1808332057325,acc,-7.380,-8.145,-1.382,
1808332057325,Gyro,0.250,0.594,0.192,
1808332057325,Lacc,-0.777,-1.001,-0.110,
1808332057325,GameRo,0.281,0.697,-0.617,0.234
1808348218336,pre,999.666,,,
1808351952426,acc,-7.113,-8.221,-1.235,
1808351952426,Gyro,0.458,0.778,0.171,
1808351952426,Lacc,-0.502,-1.093,0.076,
1808351952426,GameRo,0.288,0.696,-0.617,0.229
1808371803011,acc,-6.883,-8.000,-1.214,
1808371803011,Gyro,0.614,0.837,0.076,
1808371803011,Lacc,-0.278,-0.871,0.126,
1808371803011,GameRo,0.295,0.694,-0.618,0.222
1808373242261,pre,999.675,,,
1808391678458,acc,-6.904,-7.497,-1.320,
1808391678458,Gyro,0.645,0.802,-0.016,
1808391678458,Lacc,-0.321,-0.351,0.036,
1808391678458,GameRo,0.302,0.691,-0.620,0.215
1808398294343,pre,999.645,,,
1808411562409,acc,-7.183,-7.054,-1.294,
1808411562409,Gyro,0.602,0.681,-0.002,
1808411562409,Lacc,-0.623,0.112,0.068,
1808411562409,GameRo,0.307,0.689,-0.622,0.208
1808423365713,pre,999.636,,,
1808431411733,acc,-7.065,-6.911,-1.319,
1808431411733,Gyro,0.516,0.510,0.066,
1808431411733,Lacc,-0.514,0.264,0.038,
1808431411733,GameRo,0.312,0.687,-0.624,0.202
1808448416778,pre,999.688,,,
1808451277251,acc,-6.730,-6.915,-1.415,
1808451277251,Gyro,0.378,0.348,0.113,
1808451277251,Lacc,-0.174,0.257,-0.067,
1808451277251,GameRo,0.316,0.685,-0.626,0.199
1808471172067,acc,-6.412,-7.119,-1.473,
1808471172067,Gyro,0.213,0.201,0.099,
1808471172067,Lacc,0.153,0.046,-0.131,
1808471172067,GameRo,0.319,0.683,-0.627,0.197
1808473439482,pre,999.718,,,
1808491041736,acc,-6.393,-7.083,-1.295,
1808491041736,Gyro,0.055,0.044,0.063,
1808491041736,Lacc,0.179,0.076,0.045,
1808491041736,GameRo,0.320,0.682,-0.627,0.197
1808498516101,pre,999.700,,,
1808510911649,acc,-6.486,-6.828,-1.054,
1808510911649,Gyro,-0.025,-0.111,0.079,
1808510911649,Lacc,0.097,0.322,0.280,
1808510911649,GameRo,0.320,0.682,-0.627,0.198
1808523566393,pre,999.691,,,
1808530790758,acc,-6.445,-6.882,-1.145,
1808530790758,Gyro,-0.044,-0.220,0.121,
1808530790758,Lacc,0.159,0.252,0.169,
1808530790758,GameRo,0.320,0.682,-0.627,0.200
1808548615261,pre,999.700,,,
1808550631577,acc,-6.248,-7.061,-1.419,
1808550631577,Gyro,-0.045,-0.228,0.127,
1808550631577,Lacc,0.382,0.054,-0.131,
1808550631577,GameRo,0.319,0.681,-0.627,0.202
1808570521632,acc,-6.165,-7.317,-1.512,
1808570521632,Gyro,-0.032,-0.160,0.092,
1808570521632,Lacc,0.484,-0.217,-0.242,
1808570521632,GameRo,0.318,0.681,-0.627,0.204
1808573663926,pre,999.694,,,
1808590391993,acc,-6.079,-7.533,-1.331,
1808590391993,Gyro,0.027,-0.075,0.029,
1808590391993,Lacc,0.578,-0.438,-0.075,
1808590391993,GameRo,0.318,0.680,-0.628,0.205
1808598714340,pre,999.688,,,
1808610262598,acc,-5.961,-7.463,-1.141,
1808610262598,Gyro,0.129,-0.011,-0.039,
1808610262598,Lacc,0.693,-0.363,0.099,
1808610262598,GameRo,0.318,0.680,-0.628,0.205
1808623760522,pre,999.675,,,
1808630106429,acc,-5.832,-7.418,-1.224,
1808630106429,Gyro,0.195,0.028,-0.119,
1808630106429,Lacc,0.808,-0.300,-0.008,
1808630106429,GameRo,0.318,0.679,-0.630,0.204
1808648810041,pre,999.663,,,
1808649976098,acc,-5.926,-7.450,-1.319,
1808649976098,Gyro,0.211,0.077,-0.200,
1808649976098,Lacc,0.687,-0.304,-0.125,
1808649976098,GameRo,0.317,0.678,-0.631,0.201
1808669871034,acc,-6.204,-7.484,-1.215,
1808669871034,Gyro,0.228,0.126,-0.254,
1808669871034,Lacc,0.371,-0.299,-0.037,
1808669871034,GameRo,0.317,0.678,-0.633,0.198
1808673859682,pre,999.666,,,
1808689740988,acc,-6.192,-7.347,-1.112,
1808689740988,Gyro,0.307,0.216,-0.278,
1808689740988,Lacc,0.339,-0.121,0.050,
1808689740988,GameRo,0.317,0.677,-0.635,0.195
1808698881817,pre,999.672,,,
1808709621115,acc,-6.204,-7.387,-1.242,
1808709621115,Gyro,0.379,0.331,-0.268,
1808709621115,Lacc,0.280,-0.116,-0.094,
1808709621115,GameRo,0.317,0.677,-0.637,0.190
1808723957459,pre,999.678,,,
1808729480896,acc,-6.212,-7.279,-1.279,
1808729480896,Gyro,0.424,0.440,-0.254,
1808729480896,Lacc,0.226,0.034,-0.138,
1808729480896,GameRo,0.319,0.676,-0.639,0.184
1808749325785,acc,-6.316,-7.120,-1.177,
1808749325785,Gyro,0.465,0.497,-0.231,
1808749325785,Lacc,0.076,0.234,-0.040,
1808749325785,GameRo,0.321,0.674,-0.641,0.178
1808749005228,pre,999.675,,,
1808769220600,acc,-6.339,-7.079,-1.243,
1808769220600,Gyro,0.453,0.453,-0.187,
1808769220600,Lacc,0.013,0.311,-0.114,
1808769220600,GameRo,0.324,0.673,-0.643,0.172
1808774052916,pre,999.669,,,
1808789090514,acc,-6.200,-7.350,-1.659,
1808789090514,Gyro,0.337,0.399,-0.151,
1808789090514,Lacc,0.119,0.069,-0.534,
1808789090514,GameRo,0.326,0.672,-0.644,0.167
1808799088071,pre,999.678,,,
1808808960507,acc,-6.137,-7.705,-1.540,
1808808960507,Gyro,0.198,0.338,-0.163,
1808808960507,Lacc,0.152,-0.262,-0.405,
1808808960507,GameRo,0.328,0.671,-0.645,0.163
1808824146908,pre,999.694,,,
1808828830583,acc,-6.293,-7.713,-1.241,
1808828830583,Gyro,0.169,0.288,-0.174,
1808828830583,Lacc,-0.038,-0.244,-0.092,
1808828830583,GameRo,0.329,0.671,-0.645,0.159
1808848675065,acc,-6.267,-7.523,-1.177,
1808848675065,Gyro,0.195,0.224,-0.155,
1808848675065,Lacc,-0.042,-0.029,-0.024,
1808848675065,GameRo,0.330,0.671,-0.646,0.156
1808849182308,pre,999.675,,,
1808868570369,acc,-6.088,-7.499,-1.231,
1808868570369,Gyro,0.134,0.115,-0.138,
1808868570369,Lacc,0.112,0.016,-0.084,
1808868570369,GameRo,0.330,0.671,-0.647,0.153
1808874226374,pre,999.636,,,
1808888440201,acc,-5.909,-7.745,-1.076,
1808888440201,Gyro,-0.003,-0.074,-0.162,
1808888440201,Lacc,0.269,-0.211,0.063,
1808888440201,GameRo,0.329,0.671,-0.647,0.152
1808899275690,pre,999.648,,,
1808908310073,acc,-5.774,-7.721,-0.970,
1808908310073,Gyro,-0.101,-0.231,-0.199,
1808908310073,Lacc,0.380,-0.165,0.157,
1808908310073,GameRo,0.326,0.672,-0.648,0.152
1808924350518,pre,999.709,,,
1808928180148,acc,-5.490,-7.629,-1.205,
1808928180148,Gyro,-0.113,-0.280,-0.224,
1808928180148,Lacc,0.638,-0.050,-0.095,
1808928180148,GameRo,0.323,0.673,-0.648,0.153
1808948049939,acc,-5.251,-7.787,-1.538,
1808948049939,Gyro,-0.121,-0.226,-0.255,
1808948049939,Lacc,0.844,-0.179,-0.439,
1808948049939,GameRo,0.319,0.674,-0.648,0.154
1808949386447,pre,999.737,,,
1808967919934,acc,-5.134,-8.138,-1.470,
1808967919934,Gyro,-0.098,-0.133,-0.346,
1808967919934,Lacc,0.897,-0.480,-0.364,
1808967919934,GameRo,0.315,0.676,-0.648,0.152
1808974410901,pre,999.709,,,
1808987789562,acc,-5.233,-8.007,-1.321,
1808987789562,Gyro,-0.046,-0.045,-0.438,
1808987789562,Lacc,0.734,-0.299,-0.213,
1808987789562,GameRo,0.312,0.678,-0.649,0.150
1808999468924,pre,999.685,,,
1809007659720,acc,-5.426,-7.924,-1.304,
1809007659720,Gyro,-0.025,0.019,-0.451,
1809007659720,Lacc,0.470,-0.162,-0.192,
1809007659720,GameRo,0.309,0.679,-0.649,0.147
1809024520355,pre,999.697,,,
1809027529714,acc,-5.460,-8.154,-1.222,
1809027529714,Gyro,0.001,0.082,-0.484,
1809027529714,Lacc,0.362,-0.338,-0.100,
1809027529714,GameRo,0.306,0.681,-0.650,0.144
1809047399343,acc,-5.470,-8.242,-0.988,
1809047399343,Gyro,0.069,0.104,-0.547,
1809047399343,Lacc,0.267,-0.364,0.139,
1809047399343,GameRo,0.303,0.682,-0.650,0.139
1809049589650,pre,999.712,,,
1809067269458,acc,-5.575,-8.023,-1.046,
1809067269458,Gyro,0.100,0.069,-0.560,
1809067269458,Lacc,0.070,-0.079,0.075,
1809067269458,GameRo,0.300,0.683,-0.652,0.135
1809074637012,pre,999.694,,,
1809087139331,acc,-5.755,-7.845,-1.186,
1809087139331,Gyro,0.053,0.010,-0.515,
1809087139331,Lacc,-0.194,0.160,-0.075,
1809087139331,GameRo,0.297,0.685,-0.653,0.131
1809099664843,pre,999.660,,,
1809107009285,acc,-5.756,-8.119,-1.103,
1809107009285,Gyro,-0.023,-0.084,-0.502,
1809107009285,Lacc,-0.273,-0.060,0.004,
1809107009285,GameRo,0.293,0.686,-0.654,0.128
1809124732429,pre,999.648,,,
1809126878995,acc,-5.661,-8.118,-0.945,
1809126878995,Gyro,-0.045,-0.218,-0.547,
1809126878995,Lacc,-0.258,-0.003,0.150,
1809126878995,GameRo,0.288,0.688,-0.654,0.126
1809146749071,acc,-5.684,-7.907,-1.287,
1809146749071,Gyro,-0.029,-0.247,-0.599,
1809146749071,Lacc,-0.370,0.270,-0.214,
1809146749071,GameRo,0.283,0.689,-0.656,0.124
1809149780523,pre,999.673,,,
1809166596482,acc,-5.900,-7.657,-1.610,
1809166596482,Gyro,-0.016,-0.162,-0.604,
1809166596482,Lacc,-0.662,0.568,-0.539,
1809166596482,GameRo,0.278,0.691,-0.656,0.122
1809174801886,pre,999.688,,,
1809186507818,acc,-6.193,-7.300,-1.481,
1809186507818,Gyro,-0.003,-0.049,-0.534,
1809186507818,Lacc,-0.867,0.860,-0.349,
1809186507818,GameRo,0.281,0.692,-0.653,0.127
1809199873662,pre,999.682,,,
1809206358729,acc,-6.348,-7.182,-1.376,
1809206358729,Gyro,-0.031,0.006,-0.432,
1809206358729,Lacc,-0.934,0.915,-0.208,
1809206358729,GameRo,0.284,0.692,-0.651,0.131
1809224924116,pre,999.682,,,
1809226214929,acc,-6.469,-7.123,-1.306,
1809226214929,Gyro,-0.095,-0.005,-0.348,
1809226214929,Lacc,-0.948,0.897,-0.107,
1809226214929,GameRo,0.288,0.691,-0.648,0.137
1809246098838,acc,-6.700,-6.975,-1.264,
1809246098838,Gyro,-0.172,-0.077,-0.287,
1809246098838,Lacc,-1.026,0.933,-0.040,
1809246098838,GameRo,0.293,0.690,-0.645,0.145
1809249971194,pre,999.703,,,
1809265969077,acc,-6.969,-6.839,-1.402,
1809265969077,Gyro,-0.257,-0.140,-0.233,
1809265969077,Lacc,-1.148,0.955,-0.137,
1809265969077,GameRo,0.297,0.690,-0.642,0.153
1809275005372,pre,999.715,,,
1809285839111,acc,-7.474,-6.687,-1.676,
1809285839111,Gyro,-0.348,-0.128,-0.151,
1809285839111,Lacc,-1.645,1.095,-0.372,
1809285839111,GameRo,0.296,0.692,-0.640,0.156
1809300071736,pre,999.709,,,
1809305704671,acc,-8.399,-6.443,-1.678,
1809305704671,Gyro,-0.497,-0.089,0.037,
1809305704671,Lacc,-2.570,1.329,-0.317,
1809305704671,GameRo,0.295,0.695,-0.637,0.157
1809325544513,acc,-9.060,-6.279,-1.328,
1809325544513,Gyro,-0.622,-0.046,0.265,
1809325544513,Lacc,-3.199,1.454,0.119,
1809325544513,GameRo,0.295,0.698,-0.633,0.161
1809325120156,pre,999.691,,,
1809345448443,acc,-9.516,-6.074,-0.806,
1809345448443,Gyro,-0.464,0.054,0.475,
1809345448443,Lacc,-3.590,1.592,0.728,
1809345448443,GameRo,0.297,0.700,-0.628,0.165
1809350170366,pre,999.663,,,
1809365318070,acc,-10.362,-5.757,-0.838,
1809365318070,Gyro,-0.256,0.094,0.657,
1809365318070,Lacc,-4.347,1.827,0.753,
1809365318070,GameRo,0.301,0.700,-0.625,0.169
1809375237707,pre,999.663,,,
1809385184362,acc,-11.543,-5.090,-1.149,
1809385184362,Gyro,-0.320,-0.104,0.855,
1809385184362,Lacc,-5.408,2.389,0.480,
1809385184362,GameRo,0.306,0.699,-0.622,0.175
1809400259597,pre,999.694,,,
1809405058018,acc,-13.035,-4.623,-0.838,
1809405058018,Gyro,-0.551,-0.598,1.041,
1809405058018,Lacc,-6.740,2.718,0.811,
1809405058018,GameRo,0.310,0.699,-0.618,0.185
1809424928093,acc,-14.493,-4.751,-0.445,
1809424928093,Gyro,-0.643,-1.220,1.223,
1809424928093,Lacc,-7.992,2.417,1.166,
1809424928093,GameRo,0.310,0.697,-0.614,0.202
1809425297193,pre,999.718,,,
1809444772412,acc,-16.993,-4.164,-0.254,
1809444772412,Gyro,-0.455,-1.704,1.386,
1809444772412,Lacc,-10.256,2.811,1.228,
1809444772412,GameRo,0.309,0.693,-0.612,0.222
1809450341707,pre,999.694,,,
1809464667878,acc,-19.646,-2.657,-1.257,
1809464667878,Gyro,-0.320,-2.165,1.756,
1809464667878,Lacc,-12.634,4.089,-0.010,
1809464667878,GameRo,0.307,0.685,-0.613,0.247
1809475388417,pre,999.694,,,
1809484537791,acc,-22.642,-1.913,-2.486,
1809484537791,Gyro,-0.346,-2.319,2.328,
1809484537791,Lacc,-15.295,4.516,-1.529,
1809484537791,GameRo,0.306,0.674,-0.612,0.277
1809500462635,pre,999.703,,,
1809504407825,acc,-27.652,-1.847,-1.822,
1809504407825,Gyro,-0.052,-1.882,2.951,
1809504407825,Lacc,-19.931,4.167,-1.151,
1809504407825,GameRo,0.311,0.661,-0.609,0.308
1809524297351,acc,-34.421,-2.470,-0.011,
1809524297351,Gyro,0.325,-1.321,3.770,
1809524297351,Lacc,-26.285,2.996,0.397,
1809524297351,GameRo,0.326,0.644,-0.604,0.339
1809525483345,pre,999.703,,,
1809544135810,acc,-39.037,-4.653,2.326,
1809544135810,Gyro,0.465,-1.046,4.764,
1809544135810,Lacc,-30.441,0.070,2.512,
1809544135810,GameRo,0.349,0.623,-0.594,0.370
1809550557685,pre,999.728,,,
1809564017482,acc,-42.821,-7.568,3.189,
1809564017482,Gyro,0.835,-0.560,5.235,
1809564017482,Lacc,-33.784,-3.753,3.184,
1809564017482,GameRo,0.378,0.597,-0.581,0.403
1809575606999,pre,999.779,,,
1809583887354,acc,-55.408,-7.763,2.510,
1809583887354,Gyro,1.426,0.366,6.139,
1809583887354,Lacc,-45.998,-4.993,2.424,
1809583887354,GameRo,0.417,0.567,-0.565,0.430
1809600655826,pre,999.813,,,
1809603757388,acc,-65.399,-14.626,2.271,
1809603757388,Gyro,1.511,1.337,8.149,
1809603757388,Lacc,-55.683,-13.266,2.325,
1809603757388,GameRo,0.470,0.531,-0.536,0.458
1809623585960,acc,-64.348,-29.527,4.895,
1809623585960,Gyro,1.214,1.181,9.982,
1809623585960,Lacc,-54.556,-30.019,5.223,
1809623585960,GameRo,0.532,0.484,-0.490,0.493
1809625678449,pre,999.840,,,
1809643454733,acc,-55.229,-40.489,4.856,
1809643454733,Gyro,1.354,0.164,10.435,
1809643454733,Lacc,-45.753,-42.987,5.306,
1809643454733,GameRo,0.587,0.422,-0.440,0.533
1809650753683,pre,999.889,,,
1809663342143,acc,-46.394,-41.505,0.377,
1809663342143,Gyro,1.790,0.468,10.345,
1809663342143,Lacc,-37.624,-45.863,0.966,
1809663342143,GameRo,0.637,0.353,-0.389,0.564
1809675801737,pre,999.908,,,
1809683237080,acc,-38.405,-40.073,-0.643,
1809683237080,Gyro,1.750,1.328,10.619,
1809683237080,Lacc,-30.742,-46.121,0.316,
1809683237080,GameRo,0.684,0.284,-0.328,0.586
1809700850686,pre,999.938,,,
1809703107074,acc,-29.027,-40.048,0.877,
1809703107074,Gyro,1.162,1.678,10.427,
1809703107074,Lacc,-22.824,-47.523,2.252,
1809703107074,GameRo,0.724,0.215,-0.257,0.603
1809722951759,acc,-21.303,-38.039,1.890,
1809722951759,Gyro,0.672,1.695,9.863,
1809722951759,Lacc,-16.758,-46.568,3.572,
1809722951759,GameRo,0.750,0.150,-0.186,0.616
1809725871803,pre,1000.017,,,
1809742847266,acc,-13.195,-37.565,1.739,
1809742847266,Gyro,0.335,2.226,8.999,
1809742847266,Lacc,-10.359,-46.762,3.638,
1809742847266,GameRo,0.767,0.091,-0.114,0.625
1809750943416,pre,1000.024,,,
1809762716609,acc,-5.823,-34.998,5.673,
1809762716609,Gyro,0.209,3.067,7.928,
1809762716609,Lacc,-4.638,-44.521,7.712,
1809762716609,GameRo,0.776,0.046,-0.041,0.628
1809775991714,pre,999.856,,,
1809782586643,acc,-1.221,-29.351,8.976,
1809782586643,Gyro,0.722,3.148,6.871,
1809782586643,Lacc,-1.536,-38.914,11.141,
1809782586643,GameRo,0.781,0.010,0.029,0.624
1809802432264,acc,2.912,-24.131,5.383,
1809802432264,Gyro,0.633,2.782,5.874,
1809802432264,Lacc,1.297,-33.538,7.648,
1809802432264,GameRo,0.784,-0.019,0.090,0.614
1809801038872,pre,999.670,,,
1809822326468,acc,4.549,-20.542,2.871,
1809822326468,Gyro,-0.083,2.513,4.845,
1809822326468,Lacc,1.866,-29.721,5.054,
1809822326468,GameRo,0.781,-0.044,0.141,0.607
1809826061047,pre,999.618,,,
1809842196422,acc,4.258,-16.549,2.138,
1809842196422,Gyro,-0.533,2.590,4.053,
1809842196422,Lacc,0.704,-25.483,4.084,
1809842196422,GameRo,0.772,-0.062,0.186,0.605
1809851134817,pre,999.633,,,
1809862028371,acc,4.172,-11.835,3.132,
1809862028371,Gyro,-0.690,2.678,3.659,
1809862028371,Lacc,-0.131,-20.501,4.752,
1809862028371,GameRo,0.759,-0.076,0.228,0.604
1809876186736,pre,999.654,,,
1809881911956,acc,5.962,-8.904,4.193,
1809881911956,Gyro,-0.971,2.281,3.490,
1809881911956,Lacc,0.983,-17.264,5.439,
1809881911956,GameRo,0.745,-0.090,0.268,0.604
1809901785449,acc,10.156,-8.273,4.732,
1809901785449,Gyro,-1.411,1.547,3.072,
1809901785449,Lacc,4.604,-16.316,5.580,
1809901785449,GameRo,0.729,-0.107,0.299,0.606
1809901236051,pre,999.700,,,
1809921676154,acc,12.316,-7.528,5.087,
1809921676154,Gyro,-1.307,1.226,2.442,
1809921676154,Lacc,6.325,-15.281,5.560,
1809921676154,GameRo,0.713,-0.123,0.323,0.610
1809926261359,pre,999.789,,,
1809941524827,acc,12.565,-6.289,5.321,
1809941524827,Gyro,-0.612,1.232,1.806,
1809941524827,Lacc,6.258,-13.801,5.512,
1809941524827,GameRo,0.701,-0.133,0.343,0.611
1809951348841,pre,999.853,,,
1809961416142,acc,12.464,-4.164,4.743,
1809961416142,Gyro,-0.104,1.218,1.234,
1809961416142,Lacc,5.946,-11.495,4.744,
1809961416142,GameRo,0.694,-0.136,0.360,0.609
1809976379724,pre,999.862,,,
1809981286136,acc,12.129,-1.910,4.125,
1809981286136,Gyro,0.013,0.973,0.829,
1809981286136,Lacc,5.475,-9.117,3.987,
1809981286136,GameRo,0.689,-0.136,0.373,0.607
1810001151084,acc,11.648,0.195,3.225,
1810001151084,Gyro,0.110,0.793,0.596,
1810001151084,Lacc,4.901,-6.922,2.983,
1810001151084,GameRo,0.685,-0.135,0.383,0.605
1810001394248,pre,999.801,,,
1810021026654,acc,11.243,1.618,1.925,
1810021026654,Gyro,0.385,0.828,0.385,
1810021026654,Lacc,4.434,-5.437,1.618,
1810021026654,GameRo,0.683,-0.133,0.391,0.602
1810026445843,pre,999.676,,,
1810040870890,acc,10.595,3.318,1.332,
1810040870890,Gyro,0.625,0.952,0.233,
1810040870890,Lacc,3.751,-3.702,0.976,
1810040870890,GameRo,0.682,-0.127,0.400,0.599
1810051506021,pre,999.578,,,
1810060745727,acc,10.232,4.176,0.781,
1810060745727,Gyro,0.769,0.885,0.075,
1810060745727,Lacc,3.375,-2.829,0.402,
1810060745727,GameRo,0.683,-0.119,0.408,0.594
1810076553099,pre,999.584,,,
1810080635496,acc,10.432,4.849,0.188,
1810080635496,Gyro,0.749,0.707,-0.208,
1810080635496,Lacc,3.592,-2.173,-0.188,
1810080635496,GameRo,0.684,-0.111,0.414,0.590
1810100505449,acc,9.723,5.173,0.249,
1810100505449,Gyro,0.653,0.405,-0.618,
1810100505449,Lacc,2.952,-1.917,-0.101,
1810100505449,GameRo,0.687,-0.102,0.415,0.588
1810101600908,pre,999.627,,,
1810120375403,acc,8.366,5.429,0.128,
1810120375403,Gyro,0.569,0.065,-1.031,
1810120375403,Lacc,1.540,-1.611,-0.140,
1810120375403,GameRo,0.690,-0.102,0.418,0.582
1810126673742,pre,999.590,,,
1810140245274,acc,7.078,6.282,-0.019,
1810140245274,Gyro,0.363,-0.280,-1.278,
1810140245274,Lacc,0.425,-0.925,-0.201,
1810140245274,GameRo,0.694,-0.093,0.410,0.584
1810151695062,pre,999.517,,,
1810160116205,acc,6.162,7.229,0.354,
1810160116205,Gyro,0.128,-0.613,-1.305,
1810160116205,Lacc,-0.300,-0.151,0.267,
1810160116205,GameRo,0.699,-0.086,0.399,0.588
1810176769768,pre,999.477,,,
1810179968986,acc,5.488,7.616,0.438,
1810179968986,Gyro,0.108,-0.849,-1.191,
1810179968986,Lacc,-0.790,0.078,0.463,
1810179968986,GameRo,0.703,-0.082,0.386,0.591
1810199830070,acc,5.528,7.354,-0.483,
1810199830070,Gyro,0.209,-0.832,-1.065,
1810199830070,Lacc,-0.584,-0.318,-0.323,
1810199830070,GameRo,0.708,-0.079,0.374,0.593
1810201829784,pre,999.471,,,
1810219725942,acc,5.820,7.127,-1.091,
1810219725942,Gyro,0.207,-0.582,-1.005,
1810219725942,Lacc,-0.132,-0.666,-0.814,
1810219725942,GameRo,0.713,-0.075,0.363,0.595
1810226865306,pre,999.447,,,
1810239569488,acc,5.949,7.332,-0.567,
1810239569488,Gyro,0.121,-0.375,-0.957,
1810239569488,Lacc,0.151,-0.573,-0.217,
1810239569488,GameRo,0.716,-0.070,0.354,0.597
1810251913725,pre,999.426,,,
1810259466053,acc,5.948,7.320,0.015,
1810259466053,Gyro,0.138,-0.199,-0.934,
1810259466053,Lacc,0.299,-0.691,0.410,
1810259466053,GameRo,0.718,-0.064,0.347,0.599
1810276936552,pre,999.432,,,
1810279309842,acc,5.689,7.179,0.311,
1810279309842,Gyro,0.287,-0.078,-0.941,
1810279309842,Lacc,0.191,-0.933,0.755,
1810279309842,GameRo,0.721,-0.057,0.341,0.601
1810299205268,acc,5.414,6.975,0.313,
1810299205268,Gyro,0.365,-0.074,-0.965,
1810299205268,Lacc,0.071,-1.236,0.820,
1810299205268,GameRo,0.723,-0.050,0.335,0.602
1810301996161,pre,999.453,,,
1810319075221,acc,5.299,6.621,0.332,
1810319075221,Gyro,0.358,-0.160,-1.079,
1810319075221,Lacc,0.125,-1.693,0.912,
1810319075221,GameRo,0.727,-0.042,0.328,0.602
1810327071966,pre,999.441,,,
1810338945012,acc,4.892,6.729,0.402,
1810338945012,Gyro,0.318,-0.317,-1.218,
1810338945012,Lacc,-0.084,-1.699,1.062,
1810338945012,GameRo,0.730,-0.034,0.320,0.603
1810352107486,pre,999.398,,,
1810358815697,acc,4.467,6.763,-0.118,
1810358815697,Gyro,0.262,-0.505,-1.359,
1810358815697,Lacc,-0.281,-1.788,0.633,
1810358815697,GameRo,0.733,-0.026,0.308,0.605
1810377156232,pre,999.368,,,
1810378665347,acc,3.996,7.069,-0.518,
1810378665347,Gyro,0.270,-0.544,-1.458,
1810378665347,Lacc,-0.497,-1.611,0.326,
1810378665347,GameRo,0.737,-0.018,0.296,0.608
1810398554912,acc,3.177,7.441,-0.558,
1810398554912,Gyro,0.474,-0.403,-1.513,
1810398554912,Lacc,-1.046,-1.363,0.394,
1810398554912,GameRo,0.741,-0.009,0.283,0.609
1810402187033,pre,999.389,,,
1810418424948,acc,2.045,7.961,-0.667,
1810418424948,Gyro,0.669,-0.295,-1.461,
1810418424948,Lacc,-1.908,-0.951,0.420,
1810418424948,GameRo,0.745,0.002,0.272,0.609
1810427230000,pre,999.419,,,
1810438295023,acc,1.299,8.060,-0.921,
1810438295023,Gyro,0.630,-0.420,-1.347,
1810438295023,Lacc,-2.396,-0.943,0.315,
1810438295023,GameRo,0.750,0.012,0.261,0.607
1810452299660,pre,999.422,,,
1810458164935,acc,1.813,8.013,-1.401,
1810458164935,Gyro,0.358,-0.626,-1.215,
1810458164935,Lacc,-1.644,-1.067,-0.042,
1810458164935,GameRo,0.754,0.019,0.249,0.607
1810478015113,acc,2.131,7.538,-1.768,
1810478015113,Gyro,0.393,-0.431,-1.293,
1810478015113,Lacc,-1.085,-1.615,-0.317,
1810478015113,GameRo,0.757,0.026,0.237,0.608
1810477323870,pre,999.410,,,
1810497873551,acc,1.249,8.001,-1.688,
1810497873551,Gyro,0.824,0.055,-1.405,
1810497873551,Lacc,-1.710,-1.217,-0.109,
1810497873551,GameRo,0.761,0.037,0.228,0.606
1810502396052,pre,999.410,,,
1810517774836,acc,-0.038,8.250,-1.525,
1810517774836,Gyro,1.084,0.193,-1.375,
1810517774836,Lacc,-2.743,-1.013,0.237,
1810517774836,GameRo,0.766,0.052,0.221,0.601
1810527428319,pre,999.438,,,
1810537644626,acc,-0.200,8.730,-1.610,
1810537644626,Gyro,0.822,-0.171,-1.217,
1810537644626,Lacc,-2.667,-0.564,0.333,
1810537644626,GameRo,0.771,0.064,0.212,0.597
1810552493707,pre,999.453,,,
1810557514784,acc,0.221,8.831,-1.719,
1810557514784,Gyro,0.460,-0.548,-1.132,
1810557514784,Lacc,-2.013,-0.496,0.344,
1810557514784,GameRo,0.775,0.071,0.201,0.595
1810577384777,acc,-0.257,8.464,-1.905,
1810577384777,Gyro,0.518,-0.570,-1.166,
1810577384777,Lacc,-2.249,-0.893,0.265,
1810577384777,GameRo,0.778,0.077,0.189,0.595
1810577505668,pre,999.435,,,
1810597254649,acc,-0.997,8.152,-2.500,
1810597254649,Gyro,0.602,-0.497,-1.150,
1810597254649,Lacc,-2.746,-1.222,-0.196,
1810597254649,GameRo,0.781,0.084,0.178,0.592
1810602564261,pre,999.426,,,
1810617124684,acc,-0.617,8.342,-2.228,
1810617124684,Gyro,0.342,-0.708,-1.043,
1810617124684,Lacc,-2.135,-1.045,0.183,
1810617124684,GameRo,0.784,0.090,0.167,0.591
1810627611988,pre,999.447,,,
1810636994556,acc,0.267,8.192,-2.303,
1810636994556,Gyro,0.115,-0.946,-1.064,
1810636994556,Lacc,-1.015,-1.217,0.158,
1810636994556,GameRo,0.785,0.093,0.153,0.592
1810652659188,pre,999.462,,,
1810656864672,acc,-0.279,7.988,-2.638,
1810656864672,Gyro,0.242,-0.821,-1.191,
1810656864672,Lacc,-1.299,-1.440,-0.124,
1810656864672,GameRo,0.787,0.097,0.139,0.594
1810676709438,acc,-1.407,8.012,-2.832,
1810676709438,Gyro,0.357,-0.718,-1.167,
1810676709438,Lacc,-2.163,-1.418,-0.238,
1810676709438,GameRo,0.788,0.103,0.126,0.593
1810677706386,pre,999.447,,,
1810696604538,acc,-1.234,7.730,-2.982,
1810696604538,Gyro,0.109,-0.852,-1.045,
1810696604538,Lacc,-1.744,-1.702,-0.332,
1810696604538,GameRo,0.790,0.107,0.113,0.593
1810702779099,pre,999.435,,,
1810716474491,acc,0.025,7.598,-2.612,
1810716474491,Gyro,-0.132,-0.917,-1.068,
1810716474491,Lacc,-0.243,-1.848,0.023,
1810716474491,GameRo,0.789,0.109,0.100,0.596
1810727802575,pre,999.444,,,
1810736344445,acc,-0.435,7.041,-2.459,
1810736344445,Gyro,0.167,-0.549,-1.243,
1810736344445,Lacc,-0.443,-2.407,0.180,
1810736344445,GameRo,0.788,0.114,0.087,0.598
1810752830121,pre,999.453,,,
1810756189170,acc,-1.902,6.946,-2.588,
1810756189170,Gyro,0.677,-0.116,-1.301,
1810756189170,Lacc,-1.650,-2.471,0.150,
1810756189170,GameRo,0.790,0.124,0.077,0.595
1810776084351,acc,-2.380,6.964,-3.086,
1810776084351,Gyro,0.761,-0.044,-1.229,
1810776084351,Lacc,-1.890,-2.396,-0.190,
1810776084351,GameRo,0.793,0.134,0.068,0.590
1810777898357,pre,999.450,,,
1810795928996,acc,-1.877,7.241,-2.758,
1810795928996,Gyro,0.267,-0.329,-1.131,
1810795928996,Lacc,-1.159,-2.078,0.222,
1810795928996,GameRo,0.795,0.143,0.059,0.587
1810802972331,pre,999.444,,,
1810815824461,acc,-2.060,6.183,-1.711,
1810815824461,Gyro,-0.020,-0.563,-1.210,
1810815824461,Lacc,-1.097,-3.117,1.258,
1810815824461,GameRo,0.793,0.149,0.048,0.588
1810827981932,pre,999.456,,,
1810835694415,acc,-3.122,5.176,-0.978,
1810835694415,Gyro,0.113,-0.751,-1.384,
1810835694415,Lacc,-1.869,-4.093,1.980,
1810835694415,GameRo,0.792,0.155,0.035,0.590
1810853069781,pre,999.505,,,
1810855564287,acc,-3.448,5.198,-1.267,
1810855564287,Gyro,0.188,-1.106,-1.505,
1810855564287,Lacc,-1.864,-4.016,1.704,
1810855564287,GameRo,0.791,0.161,0.018,0.590
1810875409420,acc,-2.641,6.063,-1.793,
1810875409420,Gyro,-0.171,-1.526,-1.571,
1810875409420,Lacc,-0.687,-3.098,1.124,
1810875409420,GameRo,0.788,0.165,-0.002,0.593
1810878092077,pre,999.545,,,
1810895287145,acc,-2.660,5.356,-1.730,
1810895287145,Gyro,-0.238,-1.564,-1.695,
1810895287145,Lacc,-0.313,-3.752,1.059,
1810895287145,GameRo,0.783,0.169,-0.024,0.598
1810903164342,pre,999.517,,,
1810915174148,acc,-3.928,4.525,-2.045,
1810915174148,Gyro,0.267,-1.117,-1.837,
1810915174148,Lacc,-1.182,-4.488,0.688,
1810915174148,GameRo,0.780,0.175,-0.045,0.599
1810928201653,pre,999.468,,,
1810935051872,acc,-5.095,4.763,-2.817,
1810935051872,Gyro,0.664,-0.790,-1.832,
1810935051872,Lacc,-1.970,-4.104,-0.018,
1810935051872,GameRo,0.780,0.184,-0.064,0.594
1810953262036,pre,999.465,,,
1810954930207,acc,-4.413,5.571,-3.068,
1810954930207,Gyro,0.204,-0.925,-1.714,
1810954930207,Lacc,-0.932,-3.153,-0.239,
1810954930207,GameRo,0.779,0.193,-0.082,0.591
1810974777009,acc,-4.069,4.364,-2.018,
1810974777009,Gyro,-0.292,-1.156,-1.764,
1810974777009,Lacc,-0.230,-4.249,0.688,
1810974777009,GameRo,0.773,0.200,-0.100,0.593
1810978289296,pre,999.514,,,
1810994650664,acc,-5.015,3.002,-1.711,
1810994650664,Gyro,0.016,-0.913,-2.016,
1810994650664,Lacc,-0.789,-5.463,0.879,
1810994650664,GameRo,0.767,0.208,-0.119,0.595
1811003357574,pre,999.548,,,
1811014524036,acc,-6.518,3.354,-1.838,
1811014524036,Gyro,0.566,-0.681,-2.166,
1811014524036,Lacc,-1.895,-4.898,0.764,
1811014524036,GameRo,0.764,0.220,-0.138,0.590
1811028381375,pre,999.551,,,
1811034394071,acc,-6.173,4.365,-2.715,
1811034394071,Gyro,0.255,-0.891,-2.154,
1811034394071,Lacc,-1.156,-3.649,-0.101,
1811034394071,GameRo,0.761,0.232,-0.158,0.585
1811054286852,acc,-5.451,3.579,-2.102,
1811054286852,Gyro,-0.370,-1.082,-2.183,
1811054286852,Lacc,-0.039,-4.224,0.357,
1811054286852,GameRo,0.753,0.242,-0.178,0.586
1811053452948,pre,999.566,,,
1811074112249,acc,-6.481,1.909,-1.224,
1811074112249,Gyro,0.103,-0.620,-2.460,
1811074112249,Lacc,-0.664,-5.639,1.108,
1811074112249,GameRo,0.744,0.255,-0.198,0.585
1811078502344,pre,999.578,,,
1811094004175,acc,-8.838,1.950,-1.448,
1811094004175,Gyro,1.156,-0.035,-2.681,
1811094004175,Lacc,-2.587,-5.210,0.979,
1811094004175,GameRo,0.741,0.273,-0.219,0.573
1811103522689,pre,999.569,,,
1811113874413,acc,-10.075,3.249,-3.135,
1811113874413,Gyro,1.616,0.020,-2.619,
1811113874413,Lacc,-3.454,-3.481,-0.469,
1811113874413,GameRo,0.743,0.290,-0.238,0.555
1811128584943,pre,999.560,,,
1811133737082,acc,-9.550,3.027,-4.487,
1811133737082,Gyro,0.805,-0.368,-2.453,
1811133737082,Lacc,-2.594,-3.298,-1.687,
1811133737082,GameRo,0.742,0.304,-0.256,0.540
1811153613791,acc,-9.571,0.795,-3.654,
1811153613791,Gyro,-0.127,-0.719,-2.643,
1811153613791,Lacc,-2.195,-5.061,-0.909,
1811153613791,GameRo,0.732,0.323,-0.279,0.531
1811153630799,pre,999.575,,,
1811173458964,acc,-10.940,-0.154,-1.939,
1811173458964,Gyro,-0.213,-0.793,-2.998,
1811173458964,Lacc,-3.194,-5.588,0.651,
1811173458964,GameRo,0.718,0.341,-0.299,0.528
1811178670552,pre,999.590,,,
1811193353942,acc,-12.269,1.011,-1.774,
1811193353942,Gyro,0.151,-0.982,-3.169,
1811193353942,Lacc,-4.149,-3.919,0.678,
1811193353942,GameRo,0.705,0.358,-0.322,0.521
1811203740416,pre,999.587,,,
1811213223773,acc,-12.694,1.563,-3.812,
1811213223773,Gyro,-0.027,-1.122,-2.959,
1811213223773,Lacc,-4.234,-2.848,-1.531,
1811213223773,GameRo,0.690,0.374,-0.347,0.513
1811228765316,pre,999.575,,,
1811233071347,acc,-12.227,-0.423,-4.203,
1811233071347,Gyro,-0.439,-0.867,-2.698,
1811233071347,Lacc,-3.494,-4.377,-2.121,
1811233071347,GameRo,0.675,0.389,-0.366,0.510
1811252963883,acc,-12.246,-2.733,-2.914,
1811252963883,Gyro,-0.468,-0.375,-2.764,
1811252963883,Lacc,-3.290,-6.230,-0.964,
1811252963883,GameRo,0.659,0.406,-0.381,0.505
1811253818416,pre,999.575,,,
1811272833674,acc,-12.574,-3.487,-1.658,
1811272833674,Gyro,-0.159,-0.078,-3.028,
1811272833674,Lacc,-3.423,-6.461,0.252,
1811272833674,GameRo,0.645,0.425,-0.396,0.496
1811278887547,pre,999.572,,,
1811292703790,acc,-12.819,-3.070,-1.730,
1811292703790,Gyro,-0.037,-0.081,-3.266,
1811292703790,Lacc,-3.494,-5.450,0.171,
1811292703790,GameRo,0.631,0.446,-0.412,0.483
1811303934787,pre,999.590,,,
1811312573661,acc,-13.414,-3.486,-1.934,
1811312573661,Gyro,-0.188,-0.230,-3.447,
1811312573661,Lacc,-3.942,-5.233,-0.074,
1811312573661,GameRo,0.614,0.467,-0.429,0.471
1811328963105,pre,999.636,,,
1811332443697,acc,-14.407,-4.008,-2.154,
1811332443697,Gyro,-0.090,-0.120,-3.579,
1811332443697,Lacc,-4.827,-5.084,-0.338,
1811332443697,GameRo,0.595,0.488,-0.446,0.457
1811352289439,acc,-15.485,-2.939,-1.946,
1811352289439,Gyro,0.326,0.057,-3.588,
1811352289439,Lacc,-5.854,-3.319,-0.122,
1811352289439,GameRo,0.578,0.508,-0.462,0.440
1811354006765,pre,999.636,,,
1811372158660,acc,-16.080,-1.631,-3.485,
1811372158660,Gyro,0.628,0.013,-3.399,
1811372158660,Lacc,-6.447,-1.319,-1.656,
1811372158660,GameRo,0.563,0.525,-0.480,0.420
1811379082040,pre,999.606,,,
1811392053638,acc,-15.783,-2.275,-4.747,
1811392053638,Gyro,0.260,0.027,-3.121,
1811392053638,Lacc,-6.192,-1.333,-2.915,
1811392053638,GameRo,0.548,0.541,-0.495,0.401
1811404131477,pre,999.590,,,
1811411923592,acc,-15.342,-3.486,-4.161,
1811411923592,Gyro,-0.290,-0.024,-2.991,
1811411923592,Lacc,-5.823,-1.980,-2.328,
1811411923592,GameRo,0.531,0.558,-0.507,0.387
1811429155402,pre,999.630,,,
1811431770270,acc,-15.059,-4.013,-2.548,
1811431770270,Gyro,-0.718,-0.068,-2.981,
1811431770270,Lacc,-5.644,-1.967,-0.700,
1811431770270,GameRo,0.512,0.576,-0.515,0.375
1811451663701,acc,-14.808,-3.767,-0.594,
1811451663701,Gyro,-0.701,-0.310,-2.945,
1811451663701,Lacc,-5.521,-1.201,1.252,
1811451663701,GameRo,0.491,0.594,-0.522,0.365
1811454229375,pre,999.673,,,
1811471533492,acc,-14.123,-3.607,-0.588,
1811471533492,Gyro,-0.350,-0.490,-2.902,
1811471533492,Lacc,-4.982,-0.525,1.195,
1811471533492,GameRo,0.469,0.609,-0.532,0.355
1811479277592,pre,999.670,,,
1811491403526,acc,-14.301,-3.519,-1.288,
1811491403526,Gyro,0.138,-0.385,-2.757,
1811491403526,Lacc,-5.331,0.070,0.414,
1811491403526,GameRo,0.449,0.620,-0.544,0.343
1811504324709,pre,999.661,,,
1811511273562,acc,-14.348,-3.768,-2.192,
1811511273562,Gyro,0.586,-0.142,-2.467,
1811511273562,Lacc,-5.565,0.288,-0.567,
1811511273562,GameRo,0.434,0.628,-0.556,0.329
1811531101156,acc,-14.005,-4.623,-2.772,
1811531101156,Gyro,0.778,0.110,-2.200,
1811531101156,Lacc,-5.414,-0.153,-1.205,
1811531101156,GameRo,0.422,0.634,-0.568,0.313
1811529349733,pre,999.648,,,
1811551013469,acc,-13.420,-5.610,-2.943,
1811551013469,Gyro,0.631,0.238,-2.103,
1811551013469,Lacc,-5.030,-0.765,-1.405,
1811551013469,GameRo,0.413,0.639,-0.578,0.296
1811554422932,pre,999.624,,,
1811570883625,acc,-12.927,-5.931,-2.665,
1811570883625,Gyro,0.199,0.229,-2.147,
1811570883625,Lacc,-4.756,-0.727,-1.121,
1811570883625,GameRo,0.402,0.646,-0.585,0.281
1811579471394,pre,999.624,,,
1811590753619,acc,-12.824,-5.724,-1.983,
1811590753619,Gyro,-0.369,0.070,-2.182,
1811590753619,Lacc,-4.889,-0.177,-0.397,
1811590753619,GameRo,0.388,0.656,-0.589,0.268
1811604520505,pre,999.655,,,
1811610623450,acc,-12.643,-5.329,-0.893,
1811610623450,Gyro,-0.879,-0.255,-2.109,
1811610623450,Lacc,-4.945,0.525,0.755,
1811610623450,GameRo,0.371,0.668,-0.591,0.259
1811630468745,acc,-12.109,-5.125,0.072,
1811630468745,Gyro,-1.211,-0.615,-1.995,
1811630468745,Lacc,-4.635,0.994,1.779,
1811630468745,GameRo,0.352,0.681,-0.590,0.255
1811629551835,pre,999.658,,,
1811650363398,acc,-11.357,-4.790,0.696,
1811650363398,Gyro,-1.361,-0.939,-1.822,
1811650363398,Lacc,-4.083,1.558,2.441,
1811650363398,GameRo,0.330,0.693,-0.588,0.254
1811654615595,pre,999.645,,,
1811670233676,acc,-10.584,-4.690,1.089,
1811670233676,Gyro,-1.272,-1.089,-1.599,
1811670233676,Lacc,-3.484,1.846,2.850,
1811670233676,GameRo,0.309,0.703,-0.587,0.257
1811679661492,pre,999.642,,,
1811690103671,acc,-10.042,-4.875,1.275,
1811690103671,Gyro,-0.923,-1.092,-1.402,
1811690103671,Lacc,-3.091,1.825,3.019,
1811690103671,GameRo,0.290,0.710,-0.586,0.259
1811704709057,pre,999.676,,,
1811709973502,acc,-9.556,-4.819,0.846,
1811709973502,Gyro,-0.462,-1.003,-1.264,
1811709973502,Lacc,-2.740,2.034,2.523,
1811709973502,GameRo,0.273,0.715,-0.589,0.261
1811729827871,acc,-9.043,-4.464,0.102,
1811729827871,Gyro,-0.150,-0.838,-1.143,
1811729827871,Lacc,-2.138,2.352,1.549,
1811729827871,GameRo,0.266,0.709,-0.593,0.274
1811729731843,pre,999.706,,,
1811749713286,acc,-8.681,-4.150,-0.407,
1811749713286,Gyro,-0.026,-0.636,-1.029,
1811749713286,Lacc,-1.571,2.496,0.827,
1811749713286,GameRo,0.267,0.701,-0.594,0.291
1811754779855,pre,999.694,,,
1811769583525,acc,-8.626,-3.780,-0.685,
1811769583525,Gyro,0.037,-0.354,-0.918,
1811769583525,Lacc,-1.533,2.898,0.467,
1811769583525,GameRo,0.262,0.700,-0.596,0.293
1811779811226,pre,999.670,,,
1811789453560,acc,-8.768,-3.258,-0.723,
1811789453560,Gyro,0.105,-0.053,-0.746,
1811789453560,Lacc,-1.701,3.454,0.390,
1811789453560,GameRo,0.259,0.700,-0.598,0.293
1811804884507,pre,999.670,,,
1811809304917,acc,-8.730,-2.720,-0.622,
1811809304917,Gyro,0.111,0.189,-0.499,
1811809304917,Lacc,-1.720,4.052,0.490,
1811809304917,GameRo,0.258,0.700,-0.599,0.290
1811829171290,acc,-8.636,-2.539,-0.295,
1811829171290,Gyro,-0.024,0.240,-0.202,
1811829171290,Lacc,-1.662,4.266,0.846,
1811829171290,GameRo,0.258,0.701,-0.600,0.287
1811829927801,pre,999.676,,,
1811849063541,acc,-8.673,-3.170,0.116,
1811849063541,Gyro,-0.255,0.055,0.087,
1811849063541,Lacc,-1.667,3.596,1.287,
1811849063541,GameRo,0.259,0.702,-0.598,0.288
1811855000268,pre,999.664,,,
1811868950178,acc,-8.826,-4.188,0.387,
1811868950178,Gyro,-0.429,-0.211,0.298,
1811868950178,Lacc,-1.268,2.012,1.198,
1811868950178,GameRo,0.275,0.682,-0.594,0.325
1811880049258,pre,999.651,,,
1811888803448,acc,-9.155,-5.395,0.399,
1811888803448,Gyro,-0.501,-0.526,0.438,
1811888803448,Lacc,-1.538,0.734,1.205,
1811888803448,GameRo,0.274,0.683,-0.591,0.331
1811905078065,pre,999.667,,,
1811908673605,acc,-9.101,-6.386,-0.312,
1811908673605,Gyro,-0.598,-0.780,0.561,
1811908673605,Lacc,-1.409,-0.345,0.450,
1811908673605,GameRo,0.272,0.682,-0.587,0.341
1811928543436,acc,-8.963,-7.711,-1.075,
1811928543436,Gyro,-0.724,-0.837,0.642,
1811928543436,Lacc,-1.184,-1.777,-0.362,
1811928543436,GameRo,0.269,0.681,-0.583,0.352
1811930121480,pre,999.685,,,
1811948413594,acc,-8.910,-8.989,-1.452,
1811948413594,Gyro,-0.819,-0.750,0.598,
1811948413594,Lacc,-1.046,-3.163,-0.769,
1811948413594,GameRo,0.265,0.681,-0.577,0.363
1811955196348,pre,999.670,,,
1811968283425,acc,-9.098,-9.370,-1.192,
1811968283425,Gyro,-0.802,-0.563,0.474,
1811968283425,Lacc,-1.168,-3.635,-0.511,
1811968283425,GameRo,0.262,0.683,-0.571,0.373
1811980219500,pre,999.667,,,
1811988121476,acc,-8.971,-8.442,-0.472,
1811988121476,Gyro,-0.756,-0.509,0.464,
1811988121476,Lacc,-0.986,-2.785,0.216,
1811988121476,GameRo,0.259,0.684,-0.566,0.380
1812005294042,pre,999.676,,,
1812008023372,acc,-8.123,-7.603,0.201,
1812008023372,Gyro,-0.778,-0.687,0.572,
1812008023372,Lacc,-0.071,-2.040,0.879,
1812008023372,GameRo,0.257,0.685,-0.560,0.389
1812027865859,acc,-7.115,-7.481,0.232,
1812027865859,Gyro,-0.712,-0.993,0.629,
1812027865859,Lacc,1.002,-2.004,0.835,
1812027865859,GameRo,0.252,0.684,-0.556,0.401
1812030327774,pre,999.682,,,
1812047763889,acc,-6.537,-7.538,-0.671,
1812047763889,Gyro,-0.462,-1.126,0.553,
1812047763889,Lacc,1.518,-1.960,-0.178,
1812047763889,GameRo,0.238,0.685,-0.556,0.407
1812055389905,pre,999.670,,,
1812067633435,acc,-6.628,-7.364,-1.742,
1812067633435,Gyro,-0.106,-0.996,0.548,
1812067633435,Lacc,1.411,-1.758,-1.315,
1812067633435,GameRo,0.230,0.685,-0.556,0.411
1812080437838,pre,999.670,,,
1812087503674,acc,-6.952,-7.371,-2.834,
1812087503674,Gyro,0.176,-0.679,0.677,
1812087503674,Lacc,1.156,-1.857,-2.540,
1812087503674,GameRo,0.230,0.680,-0.556,0.420
1812105481740,pre,999.682,,,
1812107373708,acc,-7.664,-7.984,-3.316,
1812107373708,Gyro,0.178,-0.370,0.872,
1812107373708,Lacc,0.534,-2.599,-3.115,
1812107373708,GameRo,0.234,0.675,-0.555,0.426
1812127243376,acc,-8.113,-8.867,-3.094,
1812127243376,Gyro,-0.090,-0.306,1.015,
1812127243376,Lacc,0.188,-3.642,-2.941,
1812127243376,GameRo,0.240,0.671,-0.552,0.434
1812130529876,pre,999.682,,,
1812147091764,acc,-7.864,-8.863,-1.868,
1812147091764,Gyro,-0.332,-0.507,1.054,
1812147091764,Lacc,0.546,-3.813,-1.753,
1812147091764,GameRo,0.243,0.668,-0.546,0.443
1812155576668,pre,999.670,,,
1812166983446,acc,-7.187,-8.531,-1.198,
1812166983446,Gyro,-0.371,-0.838,1.008,
1812166983446,Lacc,1.325,-3.654,-1.166,
1812166983446,GameRo,0.244,0.665,-0.541,0.454
1812180599128,pre,999.685,,,
1812186853807,acc,-6.604,-8.355,-1.381,
1812186853807,Gyro,-0.311,-1.110,0.863,
1812186853807,Lacc,1.993,-3.631,-1.493,
1812186853807,GameRo,0.243,0.660,-0.537,0.466
1812206706182,acc,-6.027,-7.515,-1.679,
1812206706182,Gyro,-0.253,-1.257,0.707,
1812205670659,pre,999.697,,,
1812206706182,Lacc,2.268,-2.277,-1.612,
1812206706182,GameRo,0.217,0.675,-0.541,0.452
1812226594080,acc,-5.331,-6.681,-1.819,
1812226594080,Gyro,-0.169,-1.286,0.613,
1812226594080,Lacc,3.027,-1.547,-1.945,
1812226594080,GameRo,0.214,0.669,-0.539,0.464
1812230692997,pre,999.679,,,
1812246463504,acc,-4.625,-6.193,-2.088,
1812246463504,Gyro,-0.084,-1.160,0.480,
1812246463504,Lacc,3.781,-1.145,-2.406,
1812246463504,GameRo,0.210,0.663,-0.539,0.476
1812255764772,pre,999.679,,,
1812266333620,acc,-4.693,-5.715,-2.062,
1812266333620,Gyro,-0.033,-0.910,0.336,
1812266333620,Lacc,3.741,-0.727,-2.540,
1812266333620,GameRo,0.207,0.658,-0.538,0.484
1812280815309,pre,999.688,,,
1812286203736,acc,-5.322,-5.210,-1.716,
1812286203736,Gyro,0.014,-0.705,0.294,
1812286203736,Lacc,3.131,-0.269,-2.318,
1812286203736,GameRo,0.205,0.654,-0.539,0.490
1812306070068,acc,-5.619,-5.048,-1.615,
1812306070068,Gyro,0.015,-0.665,0.382,
1812306070068,Lacc,2.858,-0.164,-2.328,
1812306070068,GameRo,0.203,0.650,-0.538,0.496
1812305863280,pre,999.697,,,
1812325944335,acc,-5.460,-5.620,-1.943,
1812325944335,Gyro,-0.094,-0.638,0.389,
1812325944335,Lacc,3.047,-0.804,-2.761,
1812325944335,GameRo,0.202,0.646,-0.537,0.503
1812330946654,pre,999.703,,,
1812345813514,acc,-5.244,-5.899,-2.198,
1812345813514,Gyro,-0.354,-0.561,0.239,
1812345813514,Lacc,3.281,-1.128,-3.089,
1812345813514,GameRo,0.200,0.644,-0.535,0.509
1812355933550,pre,999.682,,,
1812365683753,acc,-5.344,-5.629,-1.629,
1812365683753,Gyro,-0.637,-0.493,0.054,
1812365683753,Lacc,3.181,-0.864,-2.551,
1812365683753,GameRo,0.195,0.644,-0.532,0.513
1812380989213,pre,999.639,,,
1812385553503,acc,-5.503,-5.275,-0.852,
1812385553503,Gyro,-0.771,-0.491,-0.083,
1812385553503,Lacc,3.009,-0.487,-1.783,
1812385553503,GameRo,0.188,0.646,-0.529,0.518
1812405423619,acc,-5.689,-5.212,-0.346,
1812405423619,Gyro,-0.797,-0.521,-0.201,
1812405423619,Lacc,2.797,-0.379,-1.285,
1812405423619,GameRo,0.180,0.648,-0.525,0.521
1812406033035,pre,999.642,,,
1812425278029,acc,-6.022,-5.183,0.024,
1812425278029,Gyro,-0.694,-0.598,-0.320,
1812425278029,Lacc,2.425,-0.287,-0.938,
1812425278029,GameRo,0.171,0.649,-0.523,0.525
1812431084994,pre,999.676,,,
1812445163689,acc,-6.326,-4.669,-0.185,
1812445163689,Gyro,-0.536,-0.668,-0.374,
1812445163689,Lacc,2.071,0.301,-1.199,
1812445163689,GameRo,0.163,0.650,-0.522,0.528
1812456160433,pre,999.676,,,
1812465034293,acc,-6.565,-4.377,-0.904,
1812465034293,Gyro,-0.458,-0.645,-0.346,
1812465034293,Lacc,1.782,0.663,-1.981,
1812465034293,GameRo,0.154,0.649,-0.522,0.531
1812481184316,pre,999.648,,,
1812484903595,acc,-6.957,-5.022,-1.674,
1812484903595,Gyro,-0.543,-0.532,-0.320,
1812484903595,Lacc,1.345,0.082,-2.796,
1812484903595,GameRo,0.147,0.649,-0.522,0.534
1812504773671,acc,-7.685,-6.140,-1.819,
1812504773671,Gyro,-0.683,-0.375,-0.354,
1812504773671,Lacc,0.548,-0.882,-2.717,
1812504773671,GameRo,0.137,0.660,-0.516,0.529
1812506235544,pre,999.661,,,
1812524628975,acc,-8.567,-6.923,-1.650,
1812524628975,Gyro,-0.740,-0.221,-0.424,
1812524628975,Lacc,-0.382,-1.586,-2.512,
1812524628975,GameRo,0.129,0.663,-0.513,0.529
1812531285998,pre,999.688,,,
1812544513618,acc,-9.571,-7.007,-1.535,
1812544513618,Gyro,-0.826,-0.196,-0.382,
1812544513618,Lacc,-1.434,-1.587,-2.341,
1812544513618,GameRo,0.121,0.667,-0.511,0.529
1812556363878,pre,999.670,,,
1812564383775,acc,-10.588,-8.290,-1.763,
1812564383775,Gyro,-1.054,-0.332,-0.213,
1812564383775,Lacc,-2.484,-2.812,-2.507,
1812564383775,GameRo,0.113,0.670,-0.506,0.531
1812581410873,pre,999.645,,,
1812584253973,acc,-11.254,-10.440,-2.176,
1812584253973,Gyro,-1.412,-0.543,-0.147,
1812584253973,Lacc,-3.173,-4.920,-2.854,
1812584253973,GameRo,0.103,0.674,-0.499,0.535
1812604123763,acc,-11.418,-11.588,-2.022,
1812604123763,Gyro,-1.758,-0.759,-0.251,
1812604123763,Lacc,-3.367,-6.015,-2.626,
1812604123763,GameRo,0.089,0.679,-0.489,0.540
1812606441268,pre,999.667,,,
1812623993798,acc,-10.519,-9.952,-1.126,
1812623993798,Gyro,-2.054,-1.017,-0.444,
1812623993798,Lacc,-2.523,-4.293,-1.658,
1812623993798,GameRo,0.071,0.684,-0.479,0.546
1812631517560,pre,999.706,,,
1812643863629,acc,-9.461,-7.237,-0.008,
1812643863629,Gyro,-2.300,-1.304,-0.436,
1812643863629,Lacc,-1.532,-1.480,-0.478,
1812643863629,GameRo,0.050,0.688,-0.467,0.553
1812656541241,pre,999.719,,,
1812663733867,acc,-8.780,-6.214,0.799,
1812663733867,Gyro,-2.406,-1.664,-0.184,
1812663733867,Lacc,-0.897,-0.390,0.363,
1812663733867,GameRo,0.028,0.691,-0.453,0.563
1812681591166,pre,999.697,,,
1812683603943,acc,-8.304,-6.940,0.579,
1812683603943,Gyro,-2.149,-1.835,0.103,
1812683603943,Lacc,-0.434,-1.100,0.123,
1812683603943,GameRo,0.007,0.690,-0.437,0.577
1812703465595,acc,-7.684,-8.107,-0.420,
1812703465595,Gyro,-1.495,-1.580,0.238,
1812703465595,Lacc,0.194,-2.284,-0.944,
1812703465595,GameRo,-0.009,0.688,-0.424,0.589
1812706639586,pre,999.670,,,
1812723344175,acc,-6.870,-8.518,-1.862,
1812723344175,Gyro,-0.700,-0.854,0.153,
1812723344175,Lacc,1.019,-2.717,-2.456,
1812723344175,GameRo,-0.018,0.685,-0.416,0.598
1812731715105,pre,999.658,,,
1812743188534,acc,-6.687,-7.848,-2.485,
1812743188534,Gyro,-0.101,0.120,-0.011,
1812743188534,Lacc,1.201,-2.045,-3.072,
1812743188534,GameRo,-0.020,0.685,-0.414,0.599
1812756764827,pre,999.661,,,
1812763058650,acc,-7.114,-6.725,-1.939,
1812763058650,Gyro,0.207,0.768,-0.096,
1812763058650,Lacc,0.711,-0.815,-2.216,
1812763058650,GameRo,-0.022,0.697,-0.414,0.585
1812782933852,acc,-7.588,-5.261,-0.803,
1812782933852,Gyro,0.316,1.026,-0.005,
1812782933852,Lacc,0.235,0.657,-0.953,
1812782933852,GameRo,-0.016,0.702,-0.417,0.578
1812781779515,pre,999.691,,,
1812802798882,acc,-7.453,-4.882,-0.016,
1812802798882,Gyro,0.200,0.638,0.090,
1812802798882,Lacc,0.381,1.023,-0.071,
1812802798882,GameRo,-0.011,0.705,-0.418,0.573
1812806864231,pre,999.716,,,
1812822693779,acc,-7.419,-5.239,0.041,
1812822693779,Gyro,-0.067,0.064,0.064,
1812822693779,Lacc,0.424,0.653,0.025,
1812822693779,GameRo,-0.009,0.706,-0.418,0.571
1812831913464,pre,999.713,,,
1812842538870,acc,-7.242,-5.091,-0.795,
1812842538870,Gyro,-0.359,-0.280,0.066,
1812842538870,Lacc,0.608,0.792,-0.824,
1812842538870,GameRo,-0.011,0.706,-0.416,0.573
1812856963552,pre,999.700,,,
1812862443085,acc,-7.173,-5.262,-1.361,
1812862443085,Gyro,-0.486,-0.191,0.155,
1812862443085,Lacc,0.690,0.604,-1.367,
1812862443085,GameRo,-0.014,0.707,-0.412,0.575
1812882279021,acc,-6.996,-6.004,-1.063,
1812882279021,Gyro,-0.431,-0.121,0.267,
1812882279021,Lacc,0.893,-0.173,-1.030,
1812882279021,GameRo,-0.016,0.708,-0.407,0.577
1812882000375,pre,999.716,,,
1812902173918,acc,-7.015,-6.209,-0.586,
1812902173918,Gyro,-0.325,-0.167,0.319,
1812902173918,Lacc,0.909,-0.425,-0.528,
1812902173918,GameRo,-0.016,0.709,-0.403,0.579
1812907064217,pre,999.710,,,
1812922043952,acc,-6.912,-5.884,-0.795,
1812922043952,Gyro,-0.227,-0.379,0.373,
1812922043952,Lacc,1.052,-0.155,-0.758,
1812922043952,GameRo,-0.016,0.708,-0.399,0.582
1812932091355,pre,999.685,,,
1812941909878,acc,-6.556,-6.014,-1.259,
1812941909878,Gyro,-0.252,-0.332,0.359,
1812941909878,Lacc,1.450,-0.345,-1.257,
1812941909878,GameRo,-0.017,0.707,-0.395,0.586
1812957158005,pre,999.676,,,
1812961783859,acc,-6.089,-6.006,-1.256,
1812961783859,Gyro,-0.357,-0.156,0.237,
1812961783859,Lacc,1.949,-0.381,-1.249,
1812961783859,GameRo,-0.017,0.707,-0.391,0.589
1812981653975,acc,-6.101,-6.193,-1.200,
1812981653975,Gyro,-0.465,-0.151,0.082,
1812981653975,Lacc,1.950,-0.588,-1.164,
1812981653975,GameRo,-0.019,0.708,-0.387,0.590
1812982185428,pre,999.700,,,
1813001523847,acc,-6.211,-6.306,-1.469,
1813001523847,Gyro,-0.565,-0.116,-0.001,
1813001523847,Lacc,1.839,-0.701,-1.393,
1813001523847,GameRo,-0.023,0.709,-0.383,0.591
1813007234337,pre,999.740,,,
1813021393800,acc,-6.363,-6.978,-1.094,
1813021393800,Gyro,-0.573,-0.033,-0.120,
1813021393800,Lacc,1.621,-1.280,-0.915,
1813021393800,GameRo,-0.031,0.713,-0.382,0.587
1813032310914,pre,999.722,,,
1813041238811,acc,-6.464,-6.975,-0.402,
1813041238811,Gyro,-0.481,-0.079,-0.259,
1813041238811,Lacc,1.438,-1.166,-0.162,
1813041238811,GameRo,-0.038,0.715,-0.383,0.584
1813057360433,pre,999.679,,,
1813061134114,acc,-6.873,-6.598,-0.226,
1813061134114,Gyro,-0.443,-0.236,-0.291,
1813061134114,Lacc,0.984,-0.730,0.037,
1813061134114,GameRo,-0.044,0.715,-0.382,0.583
1813081004068,acc,-6.946,-5.949,-0.638,
1813081004068,Gyro,-0.454,-0.422,-0.244,
1813081004068,Lacc,0.883,-0.043,-0.380,
1813081004068,GameRo,-0.050,0.715,-0.380,0.585
1813082387246,pre,999.664,,,
1813100873980,acc,-6.538,-5.415,-1.458,
1813100873980,Gyro,-0.478,-0.502,-0.234,
1813100873980,Lacc,1.266,0.525,-1.221,
1813100873980,GameRo,-0.056,0.713,-0.378,0.587
1813107458697,pre,999.700,,,
1813120743730,acc,-6.692,-5.011,-2.231,
1813120743730,Gyro,-0.598,-0.496,-0.125,
1813120743730,Lacc,1.092,0.955,-2.008,
1813120743730,GameRo,-0.062,0.712,-0.375,0.590
1813132507645,pre,999.728,,,
1813140614090,acc,-7.574,-6.583,-3.481,
1813140614090,Gyro,-0.875,-0.360,0.139,
1813140614090,Lacc,0.216,-0.626,-3.227,
1813140614090,GameRo,-0.068,0.713,-0.369,0.592
1813157557530,pre,999.719,,,
1813160484002,acc,-8.358,-10.320,-4.160,
1813160484002,Gyro,-1.305,-0.065,0.198,
1813160484002,Lacc,-0.538,-4.408,-3.793,
1813160484002,GameRo,-0.074,0.716,-0.359,0.593
1813180353875,acc,-7.715,-11.647,-2.544,
1813180353875,Gyro,-1.607,0.040,-0.248,
1813180353875,Lacc,0.097,-5.740,-1.986,
1813180353875,GameRo,-0.083,0.722,-0.349,0.592
1813182616407,pre,999.700,,,
1813200197908,acc,-7.820,-9.474,-1.119,
1813200197908,Gyro,-1.560,-0.018,-0.767,
1813200197908,Lacc,-0.084,-3.489,-0.365,
1813200197908,GameRo,-0.098,0.727,-0.341,0.588
1813207652620,pre,999.700,,,
1813220093741,acc,-8.234,-6.753,-0.214,
1813220093741,Gyro,-1.342,-0.299,-0.943,
1813220093741,Lacc,-0.609,-0.646,0.683,
1813220093741,GameRo,-0.113,0.730,-0.336,0.584
1813232701162,pre,999.700,,,
1813239963938,acc,-7.898,-5.217,-0.016,
1813239963938,Gyro,-1.167,-0.813,-0.891,
1813239963938,Lacc,-0.347,0.977,0.901,
1813239963938,GameRo,-0.128,0.728,-0.331,0.586
1813257750477,pre,999.700,,,
1813259830596,acc,-7.276,-4.817,-0.703,
1813259830596,Gyro,-0.954,-1.245,-0.848,
1813259830596,Lacc,0.191,1.485,0.170,
1813259830596,GameRo,-0.144,0.724,-0.327,0.591
1813279703682,acc,-7.047,-4.449,-1.642,
1813279703682,Gyro,-0.646,-1.295,-0.784,
1813279703682,Lacc,0.339,1.961,-0.872,
1813279703682,GameRo,-0.158,0.717,-0.324,0.596
1813282799955,pre,999.700,,,
1813299574206,acc,-7.156,-4.296,-2.345,
1813299574206,Gyro,-0.313,-0.990,-0.573,
1813299574206,Lacc,0.162,2.204,-1.685,
1813299574206,GameRo,-0.169,0.711,-0.323,0.602
1813307849351,pre,999.676,,,
1813319443833,acc,-6.998,-4.389,-2.668,
1813319443833,Gyro,-0.065,-0.589,-0.256,
1813319443833,Lacc,0.282,2.161,-2.094,
1813319443833,GameRo,-0.174,0.706,-0.323,0.605
1813332895900,pre,999.670,,,
1813339314315,acc,-6.462,-5.144,-2.809,
1813339314315,Gyro,0.009,-0.287,-0.042,
1813339314315,Lacc,0.813,1.416,-2.286,
1813339314315,GameRo,-0.176,0.704,-0.323,0.607
1813359158878,acc,-5.809,-5.961,-2.986,
1813359158878,Gyro,-0.129,-0.174,-0.042,
1813359158878,Lacc,1.465,0.602,-2.480,
1813359158878,GameRo,-0.177,0.703,-0.322,0.608
1813357945214,pre,999.673,,,
1813379053978,acc,-5.722,-6.606,-3.079,
1813379053978,Gyro,-0.445,-0.195,-0.121,
1813379053978,Lacc,1.531,-0.025,-2.522,
1813379053978,GameRo,-0.181,0.704,-0.320,0.607
1813382951968,pre,999.682,,,
1813398923891,acc,-5.971,-7.103,-2.751,
1813398923891,Gyro,-0.687,-0.216,-0.183,
1813398923891,Lacc,1.139,-0.402,-1.865,
1813398923891,GameRo,-0.194,0.712,-0.317,0.595
1813408043316,pre,999.700,,,
1813418752137,acc,-6.035,-7.519,-2.401,
1813418752137,Gyro,-0.730,-0.195,-0.290,
1813418752137,Lacc,0.927,-0.699,-1.278,
1813418752137,GameRo,-0.207,0.717,-0.316,0.586
1813433092346,pre,999.725,,,
1813438664042,acc,-6.284,-7.466,-2.355,
1813438664042,Gyro,-0.629,-0.168,-0.454,
1813438664042,Lacc,0.585,-0.576,-1.096,
1813438664042,GameRo,-0.216,0.719,-0.314,0.581
1813458508401,acc,-6.257,-6.841,-2.455,
1813458508401,Gyro,-0.526,-0.158,-0.587,
1813458508401,Lacc,0.532,0.113,-1.116,
1813458508401,GameRo,-0.224,0.720,-0.312,0.578
1813458117694,pre,999.725,,,
1813478365007,acc,-6.203,-6.472,-2.297,
1813478365007,Gyro,-0.527,-0.252,-0.690,
1813478365007,Lacc,0.500,0.556,-0.913,
1813478365007,GameRo,-0.233,0.719,-0.312,0.576
1813483193336,pre,999.697,,,
1813498246721,acc,-6.096,-6.288,-2.126,
1813498246721,Gyro,-0.560,-0.444,-0.803,
1813498246721,Lacc,0.509,0.826,-0.714,
1813498246721,GameRo,-0.242,0.716,-0.311,0.575
1813508237768,pre,999.682,,,
1813518118952,acc,-6.256,-6.206,-2.142,
1813518118952,Gyro,-0.446,-0.552,-0.914,
1813518118952,Lacc,0.240,1.008,-0.727,
1813518118952,GameRo,-0.253,0.713,-0.311,0.575
1813533265070,pre,999.691,,,
1813538013727,acc,-6.613,-6.067,-2.666,
1813538013727,Gyro,-0.200,-0.495,-0.988,
1813538013727,Lacc,-0.231,1.249,-1.256,
1813538013727,GameRo,-0.264,0.709,-0.312,0.575
1813557883639,acc,-7.101,-6.118,-3.386,
1813557883639,Gyro,-0.020,-0.291,-1.016,
1813557883639,Lacc,-0.773,1.217,-1.840,
1813557883639,GameRo,-0.273,0.710,-0.307,0.572
1813558315280,pre,999.691,,,
1813577753715,acc,-7.747,-6.204,-3.690,
1813577753715,Gyro,0.027,-0.054,-1.021,
1813577753715,Lacc,-1.563,1.256,-2.159,
1813577753715,GameRo,-0.280,0.707,-0.312,0.570
1813583363009,pre,999.667,,,
1813597598156,acc,-8.420,-6.035,-3.679,
1813597598156,Gyro,-0.021,0.146,-0.957,
1813597598156,Lacc,-2.386,1.544,-2.137,
1813597598156,GameRo,-0.287,0.704,-0.318,0.566
1813608406789,pre,999.652,,,
1813617493663,acc,-8.689,-5.854,-3.264,
1813617493663,Gyro,-0.138,0.231,-0.848,
1813617493663,Lacc,-2.794,1.825,-1.680,
1813617493663,GameRo,-0.293,0.704,-0.323,0.561
1813633480275,pre,999.658,,,
1813637363656,acc,-8.622,-5.577,-2.575,
1813637363656,Gyro,-0.243,0.191,-0.763,
1813637363656,Lacc,-2.849,2.182,-0.930,
1813637363656,GameRo,-0.299,0.703,-0.326,0.557
1813657233365,acc,-8.555,-5.238,-1.916,
1813657233365,Gyro,-0.297,0.061,-0.715,
1813657233365,Lacc,-2.832,2.545,-0.208,
1813657233365,GameRo,-0.304,0.703,-0.324,0.555
1813658507576,pre,999.700,,,
1813677078457,acc,-8.787,-5.023,-1.590,
1813677078457,Gyro,-0.369,-0.184,-0.704,
1813677078457,Lacc,-3.113,2.786,0.159,
1813677078457,GameRo,-0.310,0.702,-0.322,0.554
1813683551724,pre,999.734,,,
1813696930059,acc,-9.109,-4.560,-1.777,
1813696930059,Gyro,-0.409,-0.343,-0.573,
1813696930059,Lacc,-3.485,3.279,0.002,
1813696930059,GameRo,-0.317,0.700,-0.320,0.554
1813708635015,pre,999.728,,,
1813716843429,acc,-9.110,-4.328,-1.973,
1813716843429,Gyro,-0.230,-0.196,-0.344,
1813716843429,Lacc,-3.486,3.505,-0.173,
1813716843429,GameRo,-0.322,0.699,-0.316,0.556
1813733669682,pre,999.700,,,
1813736683719,acc,-8.904,-4.404,-2.146,
1813736683719,Gyro,-0.013,0.125,-0.073,
1813736683719,Lacc,-3.201,3.367,-0.323,
1813736683719,GameRo,-0.321,0.700,-0.310,0.558
1813756583580,acc,-8.431,-4.857,-1.904,
1813756583580,Gyro,0.048,0.368,0.074,
1813756583580,Lacc,-2.380,2.641,-0.060,
1813756583580,GameRo,-0.313,0.704,-0.291,0.567
1813758692141,pre,999.703,,,
1813776448569,acc,-8.601,-5.242,-1.394,
1813776448569,Gyro,-0.111,0.350,0.097,
1813776448569,Lacc,-2.485,2.193,0.489,
1813776448569,GameRo,-0.310,0.707,-0.287,0.567
1813783767539,pre,999.716,,,
1813796321290,acc,-9.159,-5.421,-0.914,
1813796321290,Gyro,-0.292,0.172,0.085,
1813796321290,Lacc,-3.035,1.991,1.035,
1813796321290,GameRo,-0.310,0.709,-0.286,0.565
1813808792846,pre,999.713,,,
1813816193603,acc,-10.118,-5.448,-0.579,
1813816193603,Gyro,-0.306,-0.036,0.068,
1813816193603,Lacc,-3.984,1.942,1.420,
1813816193603,GameRo,-0.311,0.711,-0.283,0.564
1813833839761,pre,999.700,,,
1813836063596,acc,-10.989,-5.191,-0.834,
1813836063596,Gyro,-0.196,-0.209,0.182,
1813836063596,Lacc,-4.828,2.173,1.179,
1813836063596,GameRo,-0.312,0.711,-0.280,0.565
1813855933388,acc,-11.565,-5.096,-1.591,
1813855933388,Gyro,-0.048,-0.202,0.429,
1813855933388,Lacc,-5.344,2.221,0.406,
1813855933388,GameRo,-0.311,0.711,-0.276,0.567
1813858894447,pre,999.694,,,
1813875803096,acc,-11.691,-5.324,-1.892,
1813875803096,Gyro,0.128,0.022,0.711,
1813875803096,Lacc,-5.375,1.916,0.087,
1813875803096,GameRo,-0.307,0.712,-0.273,0.570
1813883968583,pre,999.670,,,
1813895673132,acc,-12.097,-5.845,-1.600,
1813895673132,Gyro,0.430,0.290,0.902,
1813895673132,Lacc,-5.664,1.297,0.360,
1813895673132,GameRo,-0.298,0.715,-0.271,0.572
1813909018101,pre,999.654,,,
1813915543166,acc,-13.030,-5.698,-1.490,
1813915543166,Gyro,0.676,0.316,1.033,
1813915543166,Lacc,-6.470,1.339,0.428,
1813915543166,GameRo,-0.286,0.718,-0.271,0.574
1813934066155,pre,999.676,,,
1813935388950,acc,-13.671,-4.788,-1.618,
1813935388950,Gyro,0.633,-0.077,1.254,
1813935388950,Lacc,-6.952,2.119,0.216,
1813935388950,GameRo,-0.274,0.720,-0.269,0.578
1813955283113,acc,-13.588,-4.087,-2.118,
1813955283113,Gyro,0.342,-0.618,1.604,
1813955283113,Lacc,-6.649,2.634,-0.406,
1813955283113,GameRo,-0.262,0.720,-0.263,0.586
1813959088207,pre,999.682,,,
1813975153230,acc,-13.015,-4.231,-2.550,
1813975153230,Gyro,0.155,-0.927,1.972,
1813975153230,Lacc,-5.802,2.232,-0.987,
1813975153230,GameRo,-0.250,0.719,-0.250,0.598
1813984162344,pre,999.648,,,
1813995023224,acc,-12.628,-5.025,-3.225,
1813995023224,Gyro,0.221,-0.789,2.339,
1813995023224,Lacc,-5.109,1.117,-1.815,
1813995023224,GameRo,-0.235,0.719,-0.236,0.610
1814009211048,pre,999.651,,,
1814014894194,acc,-12.105,-6.523,-3.616,
1814014894194,Gyro,0.315,-0.341,2.700,
1814014894194,Lacc,-4.265,-0.772,-2.316,
1814014894194,GameRo,-0.216,0.721,-0.221,0.620
1814034739530,acc,-11.255,-7.956,-3.218,
1814034739530,Gyro,0.279,0.018,2.862,
1814034739530,Lacc,-3.100,-2.650,-1.960,
1814034739530,GameRo,-0.193,0.726,-0.206,0.627
1814034259224,pre,999.703,,,
1814054608425,acc,-10.344,-8.300,-2.164,
1814054608425,Gyro,0.135,-0.020,2.808,
1814054608425,Lacc,-1.904,-3.459,-0.916,
1814054608425,GameRo,-0.171,0.731,-0.189,0.633
1814059283230,pre,999.712,,,
1814074502875,acc,-9.539,-8.165,-1.382,
1814074502875,Gyro,-0.039,-0.352,2.698,
1814074502875,Lacc,-0.844,-3.787,-0.173,
1814074502875,GameRo,-0.152,0.734,-0.172,0.639
1814084359034,pre,999.706,,,
1814094373194,acc,-8.556,-8.284,-1.104,
1814094373194,Gyro,-0.128,-0.719,2.565,
1814094373194,Lacc,0.369,-4.365,0.006,
1814094373194,GameRo,-0.134,0.734,-0.153,0.648
1814109389062,pre,999.700,,,
1814114242985,acc,-7.323,-8.197,-1.229,
1814114242985,Gyro,-0.079,-0.883,2.357,
1814114242985,Lacc,1.796,-4.713,-0.266,
1814114242985,GameRo,-0.119,0.731,-0.136,0.658
1814134112734,acc,-6.338,-7.548,-1.055,
1814134112734,Gyro,0.123,-0.850,2.188,
1814134112734,Lacc,2.714,-3.866,-0.200,
1814134112734,GameRo,-0.118,0.728,-0.151,0.658
1814134453962,pre,999.706,,,
1814153982931,acc,-5.146,-6.838,-1.101,
1814153982931,Gyro,0.414,-0.700,2.089,
1814153982931,Lacc,4.064,-3.532,-0.406,
1814153982931,GameRo,-0.102,0.725,-0.139,0.667
1814159483949,pre,999.706,,,
1814173852845,acc,-4.137,-6.382,-1.297,
1814173852845,Gyro,0.625,-0.517,2.001,
1814173852845,Lacc,5.205,-3.439,-0.743,
1814173852845,GameRo,-0.084,0.722,-0.129,0.675
1814184533060,pre,999.731,,,
1814193698017,acc,-3.161,-6.338,-1.677,
1814193698017,Gyro,0.722,-0.318,1.840,
1814193698017,Lacc,6.289,-3.741,-1.233,
1814193698017,GameRo,-0.066,0.720,-0.121,0.680
1814209583881,pre,999.731,,,
1814213592874,acc,-2.461,-6.531,-2.116,
1814213592874,Gyro,0.673,-0.053,1.501,
1814213592874,Lacc,7.067,-4.231,-1.732,
1814213592874,GameRo,-0.050,0.719,-0.115,0.683
1814233454078,acc,-2.401,-6.424,-2.098,
1814233454078,Gyro,0.494,0.178,1.105,
1814233454078,Lacc,7.178,-4.347,-1.714,
1814233454078,GameRo,-0.038,0.720,-0.111,0.684
1814234634702,pre,999.691,,,
1814253332618,acc,-2.906,-6.146,-1.551,
1814253332618,Gyro,0.295,0.330,0.792,
1814253332618,Lacc,6.705,-4.228,-1.122,
1814253332618,GameRo,-0.029,0.722,-0.108,0.683
1814259682308,pre,999.657,,,
1814273180883,acc,-3.167,-5.968,-0.704,
1814273180883,Gyro,0.205,0.316,0.556,
1814273180883,Lacc,6.463,-4.162,-0.217,
1814273180883,GameRo,-0.023,0.724,-0.106,0.681
1814284732925,pre,999.688,,,
1814293030003,acc,-3.027,-5.940,-0.321,
1814293030003,Gyro,0.156,0.172,0.301,
1814293030003,Lacc,6.613,-4.202,0.204,
1814293030003,GameRo,-0.018,0.726,-0.105,0.680
1814309781508,pre,999.719,,,
1814312917412,acc,-2.848,-6.001,-0.383,
1814312917412,Gyro,0.128,0.016,-0.012,
1814312917412,Lacc,6.794,-4.274,0.150,
1814312917412,GameRo,-0.017,0.726,-0.105,0.680
1814332825777,acc,-2.788,-6.396,-0.826,
1814332825777,Gyro,0.084,-0.095,-0.379,
1814332825777,Lacc,6.844,-4.613,-0.310,
1814332825777,GameRo,-0.018,0.725,-0.108,0.680
1814334835624,pre,999.712,,,
1814352682669,acc,-3.000,-6.780,-1.169,
1814352682669,Gyro,0.010,-0.148,-0.765,
1814352682669,Lacc,6.610,-4.868,-0.679,
1814352682669,GameRo,-0.023,0.724,-0.113,0.680
1814359881603,pre,999.703,,,
1814372552418,acc,-3.516,-7.257,-1.458,
1814372552418,Gyro,-0.038,-0.152,-1.141,
1814372552418,Lacc,6.052,-5.144,-0.998,
1814372552418,GameRo,-0.031,0.723,-0.120,0.680
1814384958424,pre,999.688,,,
1814392397389,acc,-4.402,-8.198,-1.950,
1814392397389,Gyro,-0.069,-0.069,-1.474,
1814392397389,Lacc,5.024,-5.532,-1.439,
1814392397389,GameRo,-0.049,0.724,-0.142,0.674
1814410007943,pre,999.676,,,
1814412292529,acc,-5.466,-9.582,-2.838,
1814412292529,Gyro,-0.156,0.083,-1.781,
1814412292529,Lacc,3.864,-6.598,-2.315,
1814412292529,GameRo,-0.062,0.723,-0.153,0.671
1814432162198,acc,-6.408,-11.040,-3.502,
1814432162198,Gyro,-0.316,0.314,-2.121,
1814432162198,Lacc,2.792,-7.687,-2.919,
1814432162198,GameRo,-0.078,0.724,-0.164,0.666
1814435033454,pre,999.682,,,
1814452032476,acc,-7.521,-12.319,-3.588,
1814452032476,Gyro,-0.453,0.604,-2.557,
1814452032476,Lacc,1.500,-8.529,-2.882,
1814452032476,GameRo,-0.097,0.726,-0.178,0.658
1814460100144,pre,999.712,,,
1814471902593,acc,-9.643,-14.157,-3.407,
1814471902593,Gyro,-0.501,0.830,-2.921,
1814471902593,Lacc,-0.863,-9.873,-2.520,
1814471902593,GameRo,-0.120,0.729,-0.194,0.646
1814485160607,pre,999.719,,,
1814491772058,acc,-10.829,-15.142,-2.828,
1814491772058,Gyro,-0.556,0.817,-3.277,
1814491772058,Lacc,-2.353,-10.323,-1.746,
1814491772058,GameRo,-0.144,0.731,-0.211,0.633
1814510210289,pre,999.703,,,
1814511642010,acc,-11.299,-14.746,-2.071,
1814511642010,Gyro,-0.657,0.610,-3.619,
1814511642010,Lacc,-3.197,-9.361,-0.810,
1814511642010,GameRo,-0.172,0.731,-0.230,0.619
1814531486981,acc,-11.550,-13.900,-1.175,
1814531486981,Gyro,-0.732,0.214,-3.962,
1814531486981,Lacc,-3.894,-7.928,0.223,
1814531486981,GameRo,-0.204,0.728,-0.249,0.606
1814535234742,pre,999.725,,,
1814551356771,acc,-11.510,-11.682,-0.730,
1814551356771,Gyro,-0.693,-0.215,-4.170,
1814551356771,Lacc,-4.366,-5.122,0.746,
1814551356771,GameRo,-0.238,0.720,-0.268,0.594
1814560284261,pre,999.755,,,
1814571252156,acc,-11.675,-9.993,-0.992,
1814571252156,Gyro,-0.517,-0.486,-4.185,
1814571252156,Lacc,-5.091,-2.876,0.503,
1814571252156,GameRo,-0.273,0.708,-0.287,0.584
1814585360716,pre,999.725,,,
1814591122068,acc,-12.172,-9.291,-1.787,
1814591122068,Gyro,-0.305,-0.569,-4.005,
1814591122068,Lacc,-6.168,-1.675,-0.310,
1814591122068,GameRo,-0.305,0.695,-0.306,0.575
1814610966672,acc,-12.290,-9.062,-2.856,
1814610966672,Gyro,-0.110,-0.392,-3.714,
1814610966672,Lacc,-6.863,-1.019,-1.409,
1814610966672,GameRo,-0.333,0.680,-0.325,0.566
1814610411903,pre,999.670,,,
1814630861894,acc,-11.818,-8.733,-3.662,
1814630861894,Gyro,-0.018,-0.058,-3.386,
1814630861894,Lacc,-6.957,-0.333,-2.231,
1814630861894,GameRo,-0.358,0.667,-0.344,0.556
1814635460038,pre,999.679,,,
1814650731725,acc,-11.249,-8.249,-3.644,
1814650731725,Gyro,-0.060,0.475,-3.043,
1814650731725,Lacc,-6.925,0.433,-2.179,
1814650731725,GameRo,-0.377,0.658,-0.362,0.543
1814660507766,pre,999.728,,,
1814670610264,acc,-10.879,-7.304,-2.731,
1814670610264,Gyro,-0.107,0.851,-2.757,
1814670610264,Lacc,-7.071,1.604,-1.187,
1814670610264,GameRo,-0.393,0.651,-0.379,0.527
1814685565097,pre,999.728,,,
1814690446770,acc,-10.892,-6.535,-1.685,
1814690446770,Gyro,-0.255,0.852,-2.499,
1814690446770,Lacc,-7.570,2.548,-0.042,
1814690446770,GameRo,-0.407,0.647,-0.395,0.510
1814710312573,acc,-10.745,-5.554,-0.918,
1814710312573,Gyro,-0.534,0.475,-2.239,
1814710312573,Lacc,-7.861,3.656,0.843,
1814710312573,GameRo,-0.421,0.642,-0.406,0.496
1814710605461,pre,999.685,,,
1814730204214,acc,-10.483,-4.739,-0.482,
1814730204214,Gyro,-0.867,-0.078,-1.981,
1814730204214,Lacc,-7.974,4.551,1.424,
1814730204214,GameRo,-0.438,0.637,-0.411,0.483
1814735633209,pre,999.651,,,
1814750067250,acc,-10.273,-4.187,-0.353,
1814750067250,Gyro,-1.112,-0.517,-1.744,
1814750067250,Lacc,-8.078,5.145,1.731,
1814750067250,GameRo,-0.456,0.631,-0.411,0.474
1814760676828,pre,999.661,,,
1814769951933,acc,-10.094,-3.684,-0.222,
1814769951933,Gyro,-1.129,-0.690,-1.512,
1814769951933,Lacc,-8.153,5.661,2.048,
1814769951933,GameRo,-0.474,0.626,-0.408,0.467
1814785752713,pre,999.685,,,
1814789821806,acc,-10.018,-2.914,-0.133,
1814789821806,Gyro,-0.943,-0.626,-1.236,
1814789821806,Lacc,-8.228,6.421,2.297,
1814789821806,GameRo,-0.488,0.621,-0.402,0.463
1814809666571,acc,-10.011,-2.496,-0.009,
1814809666571,Gyro,-0.685,-0.458,-0.898,
1814809666571,Lacc,-8.247,6.814,2.532,
1814809666571,GameRo,-0.497,0.618,-0.395,0.463
1814810774726,pre,999.685,,,
1814829561793,acc,-9.985,-2.321,0.083,
1814829561793,Gyro,-0.412,-0.254,-0.525,
1814829561793,Lacc,-8.125,6.954,2.681,
1814829561793,GameRo,-0.501,0.617,-0.386,0.467
1814835850082,pre,999.664,,,
1814849431869,acc,-9.991,-2.055,0.096,
1814849431869,Gyro,-0.181,-0.054,-0.125,
1814849431869,Lacc,-7.907,7.170,2.700,
1814849431869,GameRo,-0.499,0.619,-0.376,0.475
1814860898950,pre,999.670,,,
1814869301415,acc,-9.910,-2.112,0.209,
1814869301415,Gyro,-0.063,0.055,0.261,
1814869301415,Lacc,-7.429,7.028,2.768,
1814869301415,GameRo,-0.491,0.624,-0.362,0.488
1814885948183,pre,999.703,,,
1814889171410,acc,-9.868,-2.653,0.531,
1814889171410,Gyro,-0.042,0.028,0.597,
1814889171410,Lacc,-7.106,6.416,3.055,
1814889171410,GameRo,-0.484,0.628,-0.353,0.496
1814909018698,acc,-9.881,-3.275,0.900,
1814909018698,Gyro,0.007,-0.099,0.865,
1814909018698,Lacc,-6.925,5.736,3.409,
1814909018698,GameRo,-0.478,0.632,-0.347,0.501
1814910972230,pre,999.728,,,
1814928911642,acc,-10.073,-3.841,0.845,
1814928911642,Gyro,0.113,-0.247,1.135,
1814928911642,Lacc,-6.915,5.109,3.327,
1814928911642,GameRo,-0.472,0.636,-0.342,0.507
1814936046081,pre,999.703,,,
1814948781310,acc,-10.434,-4.729,0.303,
1814948781310,Gyro,0.240,-0.331,1.433,
1814948781310,Lacc,-7.018,4.142,2.726,
1814948781310,GameRo,-0.463,0.639,-0.334,0.514
1814961094623,pre,999.651,,,
1814968651305,acc,-10.892,-5.961,-0.390,
1814968651305,Gyro,0.347,-0.348,1.685,
1814968651305,Lacc,-7.171,2.808,1.952,
1814968651305,GameRo,-0.452,0.644,-0.326,0.524
1814986141944,pre,999.642,,,
1814988495785,acc,-11.471,-7.515,-0.888,
1814988495785,Gyro,0.442,-0.333,1.829,
1814988495785,Lacc,-7.419,1.133,1.355,
1814988495785,GameRo,-0.440,0.649,-0.318,0.534
1815008361466,acc,-12.160,-8.246,-1.281,
1815008361466,Gyro,0.515,-0.252,1.964,
1815008361466,Lacc,-7.767,0.262,0.852,
1815008361466,GameRo,-0.425,0.654,-0.309,0.544
1815011164241,pre,999.673,,,
1815028260798,acc,-13.325,-8.678,-1.404,
1815028260798,Gyro,0.599,-0.223,2.262,
1815028260798,Lacc,-8.561,-0.343,0.614,
1815028260798,GameRo,-0.409,0.660,-0.300,0.554
1815036238499,pre,999.691,,,
1815048105767,acc,-13.931,-9.755,-1.836,
1815048105767,Gyro,0.667,-0.211,2.644,
1815048105767,Lacc,-8.743,-1.645,0.052,
1815048105767,GameRo,-0.389,0.667,-0.290,0.566
1815061287530,pre,999.670,,,
1815068000746,acc,-14.870,-12.034,-2.352,
1815068000746,Gyro,0.715,-0.052,3.059,
1815068000746,Lacc,-9.213,-4.216,-0.588,
1815068000746,GameRo,-0.366,0.675,-0.277,0.577
1815086334567,pre,999.645,,,
1815087845593,acc,-15.826,-14.753,-2.627,
1815087845593,Gyro,0.895,0.275,3.441,
1815087845593,Lacc,-9.666,-7.301,-0.968,
1815087845593,GameRo,-0.338,0.686,-0.264,0.588
1815107740530,acc,-15.687,-15.776,-2.469,
1815107740530,Gyro,1.229,0.549,3.621,
1815107740530,Lacc,-9.025,-8.747,-0.908,
1815107740530,GameRo,-0.306,0.697,-0.252,0.598
1815111346650,pre,999.651,,,
1815127610321,acc,-14.711,-14.542,-2.416,
1815127610321,Gyro,1.361,0.576,3.726,
1815127610321,Lacc,-7.568,-7.978,-0.958,
1815127610321,GameRo,-0.270,0.708,-0.241,0.606
1815136431162,pre,999.676,,,
1815147480478,acc,-13.817,-13.278,-2.092,
1815147480478,Gyro,1.077,0.272,3.935,
1815147480478,Lacc,-6.204,-7.243,-0.726,
1815147480478,GameRo,-0.235,0.717,-0.228,0.615
1815161478727,pre,999.709,,,
1815167327522,acc,-13.114,-13.959,-1.907,
1815167327522,Gyro,0.606,-0.217,4.169,
1815167327522,Lacc,-5.033,-8.544,-0.637,
1815167327522,GameRo,-0.201,0.724,-0.208,0.626
1815187177822,acc,-11.874,-15.629,-1.816,
1815187177822,Gyro,0.312,-0.616,4.228,
1815187177822,Lacc,-3.354,-10.904,-0.668,
1815187177822,GameRo,-0.169,0.728,-0.183,0.639
1815186527920,pre,999.697,,,
1815207091111,acc,-9.758,-16.255,-1.790,
1815207091111,Gyro,0.286,-0.775,4.012,
1815207091111,Lacc,-0.866,-12.233,-0.798,
1815207091111,GameRo,-0.139,0.729,-0.157,0.652
1815211574794,pre,999.657,,,
1815226951339,acc,-7.543,-14.941,-1.470,
1815226951339,Gyro,0.444,-0.712,3.635,
1815226951339,Lacc,1.637,-11.582,-0.641,
1815226951339,GameRo,-0.110,0.728,-0.135,0.663
1815236597376,pre,999.654,,,
1815246805179,acc,-5.603,-13.047,-1.169,
1815246805179,Gyro,0.621,-0.582,3.304,
1815246805179,Lacc,3.790,-10.299,-0.489,
1815246805179,GameRo,-0.083,0.726,-0.116,0.672
1815261642784,pre,999.670,,,
1815266704104,acc,-3.609,-11.710,-1.134,
1815266704104,Gyro,0.652,-0.530,2.976,
1815266704104,Lacc,5.939,-9.528,-0.585,
1815266704104,GameRo,-0.057,0.724,-0.100,0.680
1815286569826,acc,-1.902,-10.727,-1.149,
1815286569826,Gyro,0.573,-0.527,2.519,
1815286569826,Lacc,7.753,-9.044,-0.725,
1815286569826,GameRo,-0.034,0.721,-0.086,0.686
1815286689617,pre,999.654,,,
1815306439779,acc,-1.127,-9.294,-1.083,
1815306439779,Gyro,0.524,-0.422,2.024,
1815306439779,Lacc,8.547,-7.706,-0.725,
1815306439779,GameRo,-0.025,0.719,-0.089,0.688
1815311745564,pre,999.676,,,
1815326306762,acc,-0.614,-7.676,-0.913,
1815326306762,Gyro,0.544,-0.310,1.690,
1815326306762,Lacc,9.111,-6.416,-0.634,
1815326306762,GameRo,-0.009,0.717,-0.081,0.692
1815336788329,pre,999.740,,,
1815346179645,acc,-0.171,-6.735,-0.904,
1815346179645,Gyro,0.530,-0.242,1.489,
1815346179645,Lacc,9.589,-5.762,-0.686,
1815346179645,GameRo,0.005,0.715,-0.075,0.695
1815361838172,pre,999.749,,,
1815366049720,acc,0.182,-6.506,-1.057,
1815366049720,Gyro,0.443,-0.203,1.295,
1815366049720,Lacc,9.964,-5.787,-0.887,
1815366049720,GameRo,0.018,0.713,-0.069,0.698
1815385919714,acc,0.252,-6.620,-1.220,
1815385919714,Gyro,0.308,-0.178,1.041,
1815385919714,Lacc,10.048,-6.111,-1.089,
1815385919714,GameRo,0.028,0.711,-0.064,0.699
1815386885575,pre,999.706,,,
1815405764765,acc,0.140,-6.864,-1.296,
1815405764765,Gyro,0.175,-0.133,0.730,
1815405764765,Lacc,9.943,-6.508,-1.194,
1815405764765,GameRo,0.035,0.710,-0.060,0.701
1815411935745,pre,999.706,,,
1815425659580,acc,-0.024,-6.921,-1.227,
1815425659580,Gyro,0.058,-0.067,0.400,
1815425659580,Lacc,9.782,-6.654,-1.141,
1815425659580,GameRo,0.039,0.709,-0.058,0.702
1815437010125,pre,999.731,,,
1815445529859,acc,-0.195,-6.881,-1.059,
1815445529859,Gyro,-0.033,-0.030,0.087,
1815445529859,Lacc,9.612,-6.640,-0.979,
1815445529859,GameRo,0.040,0.709,-0.057,0.702
1815462056103,pre,999.715,,,
1815465399569,acc,-0.398,-6.966,-0.972,
1815465399569,Gyro,-0.106,0.028,-0.263,
1815465399569,Lacc,9.408,-6.688,-0.890,
1815465399569,GameRo,0.038,0.709,-0.058,0.702
1815485269115,acc,-0.826,-7.249,-0.905,
1815485269115,Gyro,-0.129,0.122,-0.656,
1815485269115,Lacc,8.975,-6.859,-0.804,
1815485269115,GameRo,0.033,0.710,-0.061,0.701
1815487081818,pre,999.679,,,
1815505139230,acc,-1.438,-7.864,-0.889,
1815505139230,Gyro,-0.137,0.204,-1.091,
1815505139230,Lacc,8.354,-7.281,-0.749,
1815505139230,GameRo,0.025,0.712,-0.067,0.699
1815512157256,pre,999.661,,,
1815525009103,acc,-2.278,-8.507,-1.088,
1815525009103,Gyro,-0.185,0.279,-1.540,
1815525009103,Lacc,7.491,-7.638,-0.896,
1815525009103,GameRo,0.014,0.714,-0.076,0.696
1815537203601,pre,999.661,,,
1815544879788,acc,-3.401,-9.309,-1.297,
1815544879788,Gyro,-0.254,0.377,-1.960,
1815544879788,Lacc,6.159,-7.140,-0.911,
1815544879788,GameRo,-0.027,0.720,-0.127,0.681
1815562256903,pre,999.664,,,
1815564749132,acc,-4.719,-10.516,-1.698,
1815564749132,Gyro,-0.356,0.482,-2.375,
1815564749132,Lacc,4.729,-7.919,-1.212,
1815564749132,GameRo,-0.045,0.723,-0.141,0.675
1815584618718,acc,-6.039,-11.815,-1.848,
1815584618718,Gyro,-0.494,0.585,-2.792,
1815584618718,Lacc,3.251,-8.723,-1.232,
1815584618718,GameRo,-0.067,0.726,-0.156,0.667
1815587304998,pre,999.657,,,
1815604488713,acc,-7.236,-12.435,-1.473,
1815604488713,Gyro,-0.574,0.643,-3.230,
1815604488713,Lacc,1.835,-8.780,-0.703,
1815604488713,GameRo,-0.092,0.729,-0.173,0.656
1815612354801,pre,999.654,,,
1815624358544,acc,-8.636,-12.193,-1.237,
1815624358544,Gyro,-0.516,0.619,-3.549,
1815624358544,Lacc,0.149,-7.925,-0.311,
1815624358544,GameRo,-0.120,0.730,-0.192,0.645
1815637404930,pre,999.661,,,
1815644229108,acc,-11.000,-13.612,-2.325,
1815644229108,Gyro,-0.405,0.649,-3.561,
1815644229108,Lacc,-2.557,-8.733,-1.251,
1815644229108,GameRo,-0.147,0.730,-0.213,0.632
1815662466493,pre,999.667,,,
1815664076519,acc,-12.280,-15.723,-3.864,
1815664076519,Gyro,-0.403,0.751,-3.551,
1815664076519,Lacc,-4.217,-10.271,-2.636,
1815664076519,GameRo,-0.174,0.730,-0.233,0.619
1815683968607,acc,-12.950,-16.832,-4.313,
1815683968607,Gyro,-0.506,0.948,-3.711,
1815683968607,Lacc,-5.326,-10.824,-2.893,
1815683968607,GameRo,-0.201,0.729,-0.254,0.603
1815687506368,pre,999.648,,,
1815703838398,acc,-13.347,-15.768,-3.663,
1815703838398,Gyro,-0.627,1.045,-3.975,
1815703838398,Lacc,-6.242,-9.207,-2.018,
1815703838398,GameRo,-0.230,0.729,-0.275,0.584
1815712556293,pre,999.636,,,
1815723708392,acc,-13.980,-13.615,-2.290,
1815723708392,Gyro,-0.700,0.968,-4.124,
1815723708392,Lacc,-7.468,-6.522,-0.412,
1815723708392,GameRo,-0.261,0.726,-0.296,0.563
1815737605812,pre,999.664,,,
1815743578183,acc,-14.567,-11.992,-0.944,
1815743578183,Gyro,-0.746,0.526,-4.000,
1815743578183,Lacc,-8.676,-4.426,1.127,
1815743578183,GameRo,-0.292,0.721,-0.315,0.544
1815763423193,acc,-14.704,-11.125,-0.176,
1815763423193,Gyro,-0.776,-0.282,-3.787,
1815763423193,Lacc,-9.406,-3.166,2.021,
1815763423193,GameRo,-0.323,0.712,-0.330,0.529
1815762655615,pre,999.706,,,
1815783318212,acc,-13.607,-9.693,-0.935,
1815783318212,Gyro,-0.641,-0.802,-3.500,
1815783318212,Lacc,-8.853,-1.407,1.297,
1815783318212,GameRo,-0.355,0.699,-0.341,0.520
1815787703669,pre,999.722,,,
1815803187921,acc,-12.766,-8.213,-1.139,
1815803187921,Gyro,-0.381,-0.852,-3.242,
1815803187921,Lacc,-8.526,0.347,1.094,
1815803187921,GameRo,-0.383,0.684,-0.351,0.513
1815812755221,pre,999.722,,,
1815823034600,acc,-12.171,-6.383,-1.259,
1815823034600,Gyro,-0.236,-0.766,-2.853,
1815823034600,Lacc,-8.407,2.402,0.952,
1815823034600,GameRo,-0.407,0.669,-0.361,0.507
1815837804008,pre,999.734,,,
1815842927827,acc,-11.560,-4.658,-1.101,
1815842927827,Gyro,-0.213,-0.678,-2.290,
1815842927827,Lacc,-8.196,4.292,1.097,
1815842927827,GameRo,-0.427,0.656,-0.369,0.502
1815862797943,acc,-10.364,-3.825,-1.062,
1815862797943,Gyro,-0.276,-0.700,-1.698,
1815862797943,Lacc,-7.298,5.231,1.136,
1815862797943,GameRo,-0.442,0.645,-0.374,0.498
1815862858653,pre,999.731,,,
1815882642425,acc,-9.060,-3.909,-1.008,
1815882642425,Gyro,-0.395,-0.782,-1.311,
1815882642425,Lacc,-5.044,4.796,1.074,
1815882642425,GameRo,-0.429,0.650,-0.331,0.533
1815887926930,pre,999.691,,,
1815902537647,acc,-8.081,-3.909,-0.866,
1815902537647,Gyro,-0.522,-0.892,-1.131,
1815902537647,Lacc,-4.215,4.860,1.231,
1815902537647,GameRo,-0.441,0.642,-0.330,0.533
1815912932991,pre,999.673,,,
1815922407967,acc,-7.594,-3.798,-0.765,
1815922407967,Gyro,-0.605,-0.943,-1.054,
1815922407967,Lacc,-3.870,5.024,1.363,
1815922407967,GameRo,-0.454,0.634,-0.327,0.533
1815937979499,pre,999.715,,,
1815942277513,acc,-7.589,-3.695,-0.704,
1815942277513,Gyro,-0.600,-0.888,-1.000,
1815942277513,Lacc,-4.000,5.173,1.465,
1815942277513,GameRo,-0.466,0.627,-0.324,0.533
1815962147222,acc,-7.929,-3.381,-0.748,
1815962147222,Gyro,-0.548,-0.720,-0.926,
1815962147222,Lacc,-4.468,5.528,1.466,
1815962147222,GameRo,-0.478,0.620,-0.322,0.532
1815963032313,pre,999.740,,,
1815982017338,acc,-8.663,-3.144,-0.514,
1815982017338,Gyro,-0.537,-0.518,-0.835,
1815982017338,Lacc,-5.257,5.775,1.745,
1815982017338,GameRo,-0.486,0.616,-0.318,0.533
1815988099084,pre,999.712,,,
1816001887048,acc,-9.411,-2.810,-0.105,
1816001887048,Gyro,-0.575,-0.333,-0.664,
1816001887048,Lacc,-4.404,5.427,1.716,
1816001887048,GameRo,-0.449,0.626,-0.250,0.587
1816013153649,pre,999.688,,,
1816021757041,acc,-10.037,-2.505,0.436,
1816021757041,Gyro,-0.505,-0.117,-0.340,
1816021757041,Lacc,-5.038,5.725,2.312,
1816021757041,GameRo,-0.453,0.625,-0.246,0.586
1816038236492,pre,999.697,,,
1816041626832,acc,-10.492,-2.503,0.857,
1816041626832,Gyro,-0.333,0.092,0.070,
1816041626832,Lacc,-5.502,5.716,2.800,
1816041626832,GameRo,-0.456,0.626,-0.244,0.584
1816061496826,acc,-10.729,-2.814,1.176,
1816061496826,Gyro,-0.195,0.167,0.517,
1816061496826,Lacc,-5.680,5.357,3.171,
1816061496826,GameRo,-0.454,0.629,-0.241,0.583
1816063235108,pre,999.709,,,
1816081366779,acc,-10.948,-3.786,1.368,
1816081366779,Gyro,-0.110,0.088,0.934,
1816081366779,Lacc,-5.770,4.295,3.396,
1816081366779,GameRo,-0.450,0.633,-0.236,0.584
1816088284585,pre,999.715,,,
1816101236611,acc,-11.530,-5.045,1.236,
1816101236611,Gyro,0.052,-0.082,1.318,
1816101236611,Lacc,-6.156,2.908,3.262,
1816101236611,GameRo,-0.442,0.639,-0.228,0.587
1816113361692,pre,999.725,,,
1816121106645,acc,-12.048,-6.612,0.399,
1816121106645,Gyro,0.265,-0.254,1.662,
1816121106645,Lacc,-6.418,1.177,2.369,
1816121106645,GameRo,-0.431,0.644,-0.220,0.593
1816138413855,pre,999.706,,,
1816140976396,acc,-12.376,-8.286,-0.719,
1816140976396,Gyro,0.391,-0.307,1.897,
1816140976396,Lacc,-6.450,-0.697,1.158,
1816140976396,GameRo,-0.418,0.649,-0.210,0.600
1816160846186,acc,-12.966,-9.189,-1.169,
1816160846186,Gyro,0.443,-0.340,2.040,
1816160846186,Lacc,-6.729,-1.827,0.604,
1816160846186,GameRo,-0.403,0.654,-0.199,0.608
1816163463943,pre,999.667,,,
1816180716424,acc,-13.431,-8.887,-1.224,
1816180716424,Gyro,0.521,-0.476,2.244,
1816180716424,Lacc,-6.870,-1.783,0.423,
1816180716424,GameRo,-0.386,0.659,-0.187,0.617
1816188489047,pre,999.657,,,
1816200586296,acc,-13.294,-8.682,-1.148,
1816200586296,Gyro,0.457,-0.758,2.611,
1816200586296,Lacc,-6.369,-1.897,0.344,
1816200586296,GameRo,-0.368,0.664,-0.173,0.628
1816213540235,pre,999.676,,,
1816220456290,acc,-13.406,-9.893,-1.193,
1816220456290,Gyro,0.398,-1.134,3.014,
1816220456290,Lacc,-6.075,-3.504,0.101,
1816220456290,GameRo,-0.348,0.667,-0.154,0.641
1816238615265,pre,999.676,,,
1816240317699,acc,-13.187,-12.264,-1.587,
1816240317699,Gyro,0.587,-1.345,3.329,
1816240317699,Lacc,-5.425,-6.356,-0.550,
1816240317699,GameRo,-0.325,0.669,-0.131,0.656
1816260195708,acc,-11.925,-13.342,-2.498,
1816260195708,Gyro,1.133,-1.091,3.287,
1816260195708,Lacc,-3.765,-7.947,-1.763,
1816260195708,GameRo,-0.299,0.670,-0.112,0.671
1816263668080,pre,999.670,,,
1816280065906,acc,-11.478,-13.837,-3.611,
1816280065906,Gyro,1.632,-0.386,3.117,
1816280065906,Lacc,-2.988,-8.945,-3.137,
1816280065906,GameRo,-0.268,0.673,-0.099,0.683
1816288718005,pre,999.685,,,
1816299891466,acc,-11.875,-13.927,-3.912,
1816299891466,Gyro,1.814,0.402,3.088,
1816299891466,Lacc,-3.105,-9.545,-3.572,
1816299891466,GameRo,-0.235,0.680,-0.090,0.689
1816313769355,pre,999.706,,,
1816319805691,acc,-12.166,-14.127,-3.490,
1816319805691,Gyro,1.750,1.010,3.217,
1816319805691,Lacc,-3.144,-10.290,-3.144,
1816319805691,GameRo,-0.200,0.691,-0.083,0.690
1816339653631,acc,-11.680,-14.440,-2.607,
1816339653631,Gyro,1.552,1.324,3.298,
1816339653631,Lacc,-2.438,-11.184,-2.143,
1816339653631,GameRo,-0.166,0.704,-0.074,0.686
1816338797592,pre,999.731,,,
1816359545800,acc,-10.636,-13.977,-1.561,
1816359545800,Gyro,1.309,1.333,3.281,
1816359545800,Lacc,-1.216,-11.313,-0.921,
1816359545800,GameRo,-0.132,0.718,-0.064,0.681
1816363873071,pre,999.740,,,
1816379415714,acc,-8.967,-12.734,-0.740,
1816379415714,Gyro,0.990,0.953,3.222,
1816379415714,Lacc,0.589,-10.661,0.059,
1816379415714,GameRo,-0.101,0.728,-0.051,0.676
1816388926943,pre,999.722,,,
1816399285585,acc,-6.986,-11.606,-0.457,
1816399285585,Gyro,0.548,0.337,3.117,
1816399285585,Lacc,2.671,-10.119,0.423,
1816399285585,GameRo,-0.073,0.734,-0.036,0.674
1816413979433,pre,999.676,,,
1816419155132,acc,-4.654,-10.851,-0.523,
1816419155132,Gyro,0.040,-0.351,2.858,
1816419155132,Lacc,5.076,-9.926,0.322,
1816419155132,GameRo,-0.050,0.735,-0.018,0.676
1816439025370,acc,-3.038,-9.778,-0.405,
1816439025370,Gyro,-0.303,-0.832,2.442,
1816439025370,Lacc,6.726,-9.150,0.303,
1816439025370,GameRo,-0.040,0.731,-0.006,0.681
1816439042500,pre,999.673,,,
1816458895324,acc,-2.488,-8.230,-0.057,
1816458895324,Gyro,-0.309,-1.008,2.047,
1816458895324,Lacc,7.307,-8.017,0.459,
1816458895324,GameRo,-0.027,0.725,0.011,0.688
1816464062316,pre,999.691,,,
1816478739723,acc,-2.652,-6.853,0.293,
1816478739723,Gyro,-0.004,-0.961,1.872,
1816478739723,Lacc,7.151,-7.002,0.614,
1816478739723,GameRo,-0.015,0.718,0.025,0.695
1816489108823,pre,999.697,,,
1816498635190,acc,-2.484,-6.259,0.128,
1816498635190,Gyro,0.430,-0.818,1.897,
1816498635190,Lacc,7.312,-6.763,0.282,
1816498635190,GameRo,0.000,0.713,0.036,0.701
1816514158708,pre,999.685,,,
1816518479589,acc,-1.505,-6.647,-0.830,
1816518479589,Gyro,0.732,-0.665,1.887,
1816518479589,Lacc,8.267,-7.514,-0.804,
1816518479589,GameRo,0.019,0.708,0.044,0.705
1816538328506,acc,-0.518,-7.196,-1.755,
1816538328506,Gyro,0.733,-0.517,1.681,
1816538328506,Lacc,9.217,-8.400,-1.820,
1816538328506,GameRo,0.037,0.704,0.050,0.708
1816539215550,pre,999.685,,,
1816558235854,acc,0.001,-7.439,-2.168,
1816558235854,Gyro,0.550,-0.384,1.286,
1816558235854,Lacc,9.699,-8.913,-2.295,
1816558235854,GameRo,0.051,0.701,0.055,0.710
1816564300144,pre,999.691,,,
1816578097994,acc,-0.162,-7.082,-2.028,
1816578097994,Gyro,0.325,-0.203,0.821,
1816578097994,Lacc,9.507,-8.734,-2.191,
1816578097994,GameRo,0.061,0.699,0.059,0.711
1816589361665,pre,999.679,,,
1816597984265,acc,-0.495,-6.444,-1.465,
1816597984265,Gyro,0.220,-0.092,0.476,
1816597984265,Lacc,9.155,-8.197,-1.640,
1816597984265,GameRo,0.066,0.698,0.061,0.711
1816614365164,pre,999.642,,,
1816617829600,acc,-0.277,-6.527,-1.467,
1816617829600,Gyro,0.110,-0.044,0.147,
1816617829600,Lacc,9.365,-8.323,-1.643,
1816617829600,GameRo,0.069,0.697,0.061,0.711
1816637723927,acc,-0.108,-7.164,-1.652,
1816637723927,Gyro,-0.091,-0.018,-0.310,
1816637723927,Lacc,9.541,-8.923,-1.833,
1816637723927,GameRo,0.067,0.697,0.060,0.711
1816639412566,pre,999.624,,,
1816657593799,acc,-0.609,-7.628,-1.565,
1816657593799,Gyro,-0.257,0.068,-0.842,
1816657593799,Lacc,9.064,-9.249,-1.745,
1816657593799,GameRo,0.061,0.698,0.056,0.711
1816664491463,pre,999.654,,,
1816677463549,acc,-1.584,-8.089,-1.360,
1816677463549,Gyro,-0.305,0.224,-1.348,
1816677463549,Lacc,8.127,-9.469,-1.516,
1816677463549,GameRo,0.050,0.700,0.050,0.711
1816689519090,pre,999.685,,,
1816697333706,acc,-2.748,-8.805,-1.231,
1816697333706,Gyro,-0.257,0.402,-1.812,
1816697333706,Lacc,7.021,-9.702,-1.301,
1816697333706,GameRo,0.031,0.704,0.033,0.709
1816717179326,acc,-4.323,-9.841,-1.497,
1816717179326,Gyro,-0.177,0.537,-2.234,
1816717179326,Lacc,5.475,-10.320,-1.471,
1816717179326,GameRo,0.015,0.708,0.020,0.706
1816714595342,pre,999.679,,,
1816737073531,acc,-5.825,-10.889,-2.191,
1816737073531,Gyro,-0.149,0.660,-2.639,
1816737073531,Lacc,3.984,-10.871,-2.043,
1816737073531,GameRo,-0.004,0.712,0.003,0.702
1816739644209,pre,999.667,,,
1816756943240,acc,-7.496,-11.324,-3.106,
1816756943240,Gyro,-0.313,0.821,-2.977,
1816756943240,Lacc,2.291,-10.737,-2.805,
1816756943240,GameRo,-0.026,0.717,-0.016,0.696
1816764694379,pre,999.679,,,
1816776786501,acc,-9.191,-11.841,-3.529,
1816776786501,Gyro,-0.541,0.973,-3.189,
1816776786501,Lacc,0.534,-10.642,-3.038,
1816776786501,GameRo,-0.052,0.723,-0.035,0.688
1816789744304,pre,999.685,,,
1816796683147,acc,-11.257,-14.382,-3.921,
1816796683147,Gyro,-0.757,1.101,-3.325,
1816796683147,Lacc,-1.646,-12.557,-3.200,
1816796683147,GameRo,-0.080,0.728,-0.053,0.679
1816816527995,acc,-12.543,-16.059,-3.887,
1816816527995,Gyro,-0.961,1.151,-3.598,
1816816527995,Lacc,-3.101,-13.580,-2.911,
1816816527995,GameRo,-0.111,0.733,-0.071,0.667
1816814770630,pre,999.691,,,
1816836422809,acc,-13.510,-16.447,-3.113,
1816836422809,Gyro,-1.058,1.143,-3.852,
1816836422809,Lacc,-4.307,-13.288,-1.862,
1816836422809,GameRo,-0.145,0.737,-0.090,0.654
1816839846352,pre,999.697,,,
1816856269000,acc,-13.876,-15.405,-1.651,
1816856269000,Gyro,-0.915,0.998,-4.158,
1816856269000,Lacc,-4.987,-11.540,-0.139,
1816856269000,GameRo,-0.180,0.738,-0.111,0.641
1816864893755,pre,999.697,,,
1816876137692,acc,-14.202,-12.988,-0.367,
1816876137692,Gyro,-0.587,0.675,-4.343,
1816876137692,Lacc,-5.703,-8.395,1.342,
1816876137692,GameRo,-0.215,0.735,-0.134,0.628
1816889952266,pre,999.697,,,
1816896007767,acc,-14.607,-11.281,-0.138,
1816896007767,Gyro,-0.239,0.185,-4.221,
1816896007767,Lacc,-6.543,-5.992,1.659,
1816896007767,GameRo,-0.248,0.728,-0.159,0.619
1816915870397,acc,-14.356,-9.928,-0.823,
1816915870397,Gyro,0.130,-0.206,-3.889,
1816915870397,Lacc,-6.734,-4.013,0.953,
1816915870397,GameRo,-0.277,0.717,-0.184,0.613
1816914995722,pre,999.706,,,
1816935747145,acc,-13.544,-9.016,-2.051,
1816935747145,Gyro,0.447,-0.272,-3.502,
1816935747145,Lacc,-6.356,-2.555,-0.367,
1816935747145,GameRo,-0.301,0.704,-0.207,0.609
1816940044753,pre,999.715,,,
1816955642123,acc,-12.718,-7.413,-2.870,
1816955642123,Gyro,0.629,0.033,-3.065,
1816955642123,Lacc,-5.953,-0.489,-1.280,
1816955642123,GameRo,-0.320,0.692,-0.230,0.605
1816965094759,pre,999.703,,,
1816975512035,acc,-11.732,-5.762,-2.733,
1816975512035,Gyro,0.673,0.431,-2.508,
1816975512035,Lacc,-5.355,1.532,-1.198,
1816975512035,GameRo,-0.333,0.683,-0.252,0.599
1816990144807,pre,999.688,,,
1816995382233,acc,-10.512,-5.041,-2.068,
1816995382233,Gyro,0.567,0.622,-1.970,
1816995382233,Lacc,-4.463,2.532,-0.549,
1816995382233,GameRo,-0.342,0.678,-0.271,0.591
1817015246693,acc,-9.389,-4.679,-1.316,
1817015246693,Gyro,0.362,0.537,-1.565,
1817015246693,Lacc,-3.598,3.092,0.207,
1817015246693,GameRo,-0.349,0.675,-0.285,0.584
1817015191639,pre,999.712,,,
1817035121854,acc,-8.441,-4.514,-0.755,
1817035121854,Gyro,0.156,0.270,-1.296,
1817035121854,Lacc,-2.508,3.164,0.695,
1817035121854,GameRo,-0.344,0.675,-0.279,0.590
1817040209379,pre,999.746,,,
1817054991483,acc,-7.673,-4.409,-0.444,
1817054991483,Gyro,0.031,-0.040,-1.148,
1817054991483,Lacc,-1.919,3.404,1.002,
1817054991483,GameRo,-0.351,0.671,-0.287,0.587
1817065267198,pre,999.743,,,
1817074862087,acc,-7.339,-4.199,-0.486,
1817074862087,Gyro,-0.055,-0.319,-1.056,
1817074862087,Lacc,-1.745,3.733,0.936,
1817074862087,GameRo,-0.359,0.666,-0.292,0.585
1817090311794,pre,999.706,,,
1817094731674,acc,-7.318,-3.780,-0.761,
1817094731674,Gyro,-0.122,-0.484,-0.950,
1817094731674,Lacc,-1.864,4.255,0.628,
1817094731674,GameRo,-0.367,0.660,-0.295,0.585
1817114601180,acc,-7.366,-3.777,-1.117,
1817114601180,Gyro,-0.207,-0.537,-0.842,
1817114601180,Lacc,-2.034,4.345,0.242,
1817114601180,GameRo,-0.375,0.654,-0.297,0.585
1817115362980,pre,999.697,,,
1817134445255,acc,-7.581,-3.807,-1.202,
1817134445255,Gyro,-0.277,-0.416,-0.767,
1817134445255,Lacc,-2.360,4.387,0.151,
1817134445255,GameRo,-0.383,0.650,-0.298,0.585
1817140392317,pre,999.724,,,
1817154341127,acc,-8.194,-3.586,-0.835,
1817154341127,Gyro,-0.296,-0.253,-0.680,
1817154341127,Lacc,-3.069,4.666,0.534,
1817154341127,GameRo,-0.390,0.646,-0.298,0.584
1817165461529,pre,999.737,,,
1817174210918,acc,-8.971,-3.238,-0.499,
1817174210918,Gyro,-0.355,-0.140,-0.496,
1817174210918,Lacc,-3.555,4.828,0.855,
1817174210918,GameRo,-0.383,0.650,-0.283,0.592
1817190528178,pre,999.724,,,
1817194080993,acc,-9.558,-2.870,-0.042,
1817194080993,Gyro,-0.398,-0.103,-0.183,
1817194080993,Lacc,-3.606,4.827,1.207,
1817194080993,GameRo,-0.368,0.655,-0.258,0.608
1817213950499,acc,-9.941,-3.043,0.185,
1817213950499,Gyro,-0.438,-0.162,0.172,
1817213950499,Lacc,-3.935,4.606,1.471,
1817213950499,GameRo,-0.369,0.655,-0.252,0.609
1817215559915,pre,999.724,,,
1817233796649,acc,-10.208,-3.606,0.308,
1817233796649,Gyro,-0.439,-0.216,0.523,
1817233796649,Lacc,-4.131,3.979,1.637,
1817233796649,GameRo,-0.369,0.657,-0.246,0.610
1817240635923,pre,999.718,,,
1817253690568,acc,-10.675,-4.504,0.422,
1817253690568,Gyro,-0.265,-0.244,0.845,
1817253690568,Lacc,-4.476,2.978,1.773,
1817253690568,GameRo,-0.367,0.659,-0.238,0.612
1817265707007,pre,999.688,,,
1817273560278,acc,-11.340,-5.625,0.158,
1817273560278,Gyro,0.002,-0.281,1.127,
1817273560278,Lacc,-4.978,1.723,1.485,
1817273560278,GameRo,-0.361,0.661,-0.230,0.616
1817290737157,pre,999.660,,,
1817293430312,acc,-12.211,-6.757,-0.902,
1817293430312,Gyro,0.103,-0.278,1.457,
1817293430312,Lacc,-5.645,0.420,0.373,
1817293430312,GameRo,-0.352,0.664,-0.221,0.621
1817313273573,acc,-12.894,-7.977,-1.645,
1817313273573,Gyro,0.038,-0.266,1.798,
1817313273573,Lacc,-6.082,-1.026,-0.415,
1817313273573,GameRo,-0.341,0.668,-0.210,0.627
1817315766778,pre,999.645,,,
1817333144747,acc,-13.239,-8.948,-1.310,
1817333144747,Gyro,0.008,-0.380,2.053,
1817333144747,Lacc,-6.149,-2.272,-0.124,
1817333144747,GameRo,-0.328,0.673,-0.197,0.633
1817340839693,pre,999.660,,,
1817353003023,acc,-13.536,-9.392,-1.223,
1817353003023,Gyro,0.060,-0.572,2.287,
1817353003023,Lacc,-6.149,-3.032,-0.117,
1817353003023,GameRo,-0.314,0.676,-0.181,0.641
1817365872691,pre,999.691,,,
1817372884776,acc,-14.708,-11.620,-1.905,
1817372884776,Gyro,0.089,-0.703,2.707,
1817372884776,Lacc,-6.992,-5.643,-0.909,
1817372884776,GameRo,-0.298,0.680,-0.164,0.650
1817390939748,pre,999.700,,,
1817392779672,acc,-14.570,-13.417,-2.363,
1817392779672,Gyro,0.260,-0.773,2.979,
1817392779672,Lacc,-6.506,-7.898,-1.509,
1817392779672,GameRo,-0.278,0.683,-0.143,0.660
1817412649422,acc,-13.834,-13.141,-2.713,
1817412649422,Gyro,0.536,-0.632,3.117,
1817412649422,Lacc,-5.437,-8.117,-2.020,
1817412649422,GameRo,-0.255,0.686,-0.124,0.670
1817415978279,pre,999.673,,,
1817432519090,acc,-12.882,-12.280,-2.517,
1817432519090,Gyro,0.679,-0.467,3.285,
1817432519090,Lacc,-4.175,-7.794,-1.972,
1817432519090,GameRo,-0.229,0.689,-0.106,0.679
1817441060350,pre,999.651,,,
1817452389370,acc,-12.145,-12.259,-2.423,
1817452389370,Gyro,0.667,-0.308,3.458,
1817452389370,Lacc,-3.152,-8.361,-1.998,
1817452389370,GameRo,-0.201,0.694,-0.087,0.686
1817466063807,pre,999.648,,,
1817472258957,acc,-12.137,-13.373,-2.440,
1817472258957,Gyro,0.574,-0.208,3.665,
1817472258957,Lacc,-2.888,-10.120,-2.098,
1817472258957,GameRo,-0.173,0.698,-0.066,0.691
1817492107955,acc,-11.824,-14.861,-2.466,
1817492107955,Gyro,0.512,-0.124,3.828,
1817492107955,Lacc,-2.357,-12.307,-2.182,
1817492107955,GameRo,-0.143,0.703,-0.044,0.695
1817491141443,pre,999.663,,,
1817511972618,acc,-10.385,-15.022,-2.112,
1817511972618,Gyro,0.549,0.007,3.783,
1817511972618,Lacc,-0.751,-13.188,-1.858,
1817511972618,GameRo,-0.113,0.707,-0.021,0.698
1817516192263,pre,999.676,,,
1817531843589,acc,-8.721,-13.824,-1.632,
1817531843589,Gyro,0.631,0.181,3.532,
1817531843589,Lacc,1.018,-12.679,-1.371,
1817531843589,GameRo,-0.083,0.712,-0.001,0.698
1817541243491,pre,999.694,,,
1817551738567,acc,-7.545,-12.082,-0.894,
1817551738567,Gyro,0.673,0.239,3.274,
1817551738567,Lacc,2.247,-11.574,-0.594,
1817551738567,GameRo,-0.055,0.716,0.017,0.696
1817566292032,pre,999.709,,,
1817571608560,acc,-6.331,-10.546,-0.435,
1817571608560,Gyro,0.673,0.130,3.113,
1817571608560,Lacc,3.473,-10.639,-0.103,
1817571608560,GameRo,-0.028,0.718,0.034,0.694
1817591453856,acc,-4.504,-9.644,-0.578,
1817591453856,Gyro,0.599,-0.071,2.957,
1817591453856,Lacc,5.278,-10.298,-0.240,
1817591453856,GameRo,-0.003,0.719,0.049,0.693
1817591341145,pre,999.715,,,
1817611324989,acc,-2.675,-9.038,-0.860,
1817611324989,Gyro,0.415,-0.308,2.767,
1817611324989,Lacc,7.098,-9.817,-0.526,
1817611324989,GameRo,0.006,0.719,0.050,0.693
1817616376869,pre,999.721,,,
1817631218055,acc,-1.312,-8.446,-0.906,
1817631218055,Gyro,0.314,-0.418,2.432,
1817631218055,Lacc,8.412,-9.709,-0.643,
1817631218055,GameRo,0.026,0.716,0.064,0.695
1817641426225,pre,999.712,,,
1817651088781,acc,-0.721,-7.669,-0.925,
1817651088781,Gyro,0.367,-0.368,2.081,
1817651088781,Lacc,8.943,-9.343,-0.730,
1817651088781,GameRo,0.044,0.713,0.077,0.696
1817666466791,pre,999.694,,,
1817670958002,acc,-0.583,-6.862,-0.928,
1817670958002,Gyro,0.515,-0.241,1.834,
1817670958002,Lacc,9.015,-8.886,-0.768,
1817670958002,GameRo,0.060,0.710,0.086,0.696
1817690827752,acc,-0.354,-6.722,-1.278,
1817690827752,Gyro,0.595,-0.175,1.652,
1817690827752,Lacc,9.171,-9.061,-1.125,
1817690827752,GameRo,0.077,0.708,0.093,0.695
1817691527133,pre,999.679,,,
1817710672436,acc,0.201,-7.039,-1.631,
1817710672436,Gyro,0.453,-0.240,1.380,
1817710672436,Lacc,9.657,-9.649,-1.487,
1817710672436,GameRo,0.091,0.707,0.099,0.695
1817716564648,pre,999.685,,,
1817730540803,acc,0.880,-7.365,-2.094,
1817730540803,Gyro,0.178,-0.272,0.901,
1817730540803,Lacc,10.280,-10.169,-1.986,
1817730540803,GameRo,0.100,0.704,0.104,0.695
1817741616568,pre,999.675,,,
1817750412221,acc,0.762,-6.963,-1.978,
1817750412221,Gyro,-0.116,-0.155,0.348,
1817750412221,Lacc,10.136,-9.854,-1.909,
1817750412221,GameRo,0.103,0.702,0.107,0.696
1817766691069,pre,999.675,,,
1817770307321,acc,0.030,-6.390,-1.313,
1817770307321,Gyro,-0.207,0.043,-0.065,
1817770307321,Lacc,9.404,-9.281,-1.260,
1817770307321,GameRo,0.102,0.702,0.109,0.697
1817790177030,acc,-0.736,-6.669,-0.952,
1817790177030,Gyro,-0.149,0.288,-0.378,
1817790177030,Lacc,8.657,-9.497,-0.868,
1817790177030,GameRo,0.098,0.703,0.108,0.696
1817791717598,pre,999.678,,,
1817810047432,acc,-1.279,-7.442,-0.862,
1817810047432,Gyro,-0.012,0.530,-0.704,
1817810047432,Lacc,8.148,-10.150,-0.695,
1817810047432,GameRo,0.093,0.707,0.104,0.693
1817816748969,pre,999.678,,,
1817829891465,acc,-1.784,-8.303,-0.868,
1817829891465,Gyro,0.113,0.719,-1.113,
1817829891465,Lacc,7.693,-10.819,-0.568,
1817829891465,GameRo,0.086,0.713,0.097,0.689
1817841819158,pre,999.663,,,
1817849760890,acc,-2.374,-9.167,-1.193,
1817849760890,Gyro,0.160,0.835,-1.637,
1817849760890,Lacc,7.298,-10.712,-0.643,
1817849760890,GameRo,0.053,0.725,0.059,0.685
1817866894637,pre,999.666,,,
1817869656559,acc,-4.024,-10.114,-1.314,
1817869656559,Gyro,0.112,0.809,-2.195,
1817869656559,Lacc,5.692,-11.258,-0.595,
1817869656559,GameRo,0.039,0.732,0.044,0.679
1817889526878,acc,-5.683,-10.730,-1.420,
1817889526878,Gyro,0.004,0.543,-2.679,
1817889526878,Lacc,4.070,-11.374,-0.573,
1817889526878,GameRo,0.020,0.737,0.026,0.675
1817891945132,pre,999.694,,,
1817909396791,acc,-6.943,-11.355,-1.564,
1817909396791,Gyro,-0.136,0.208,-3.142,
1817909396791,Lacc,2.825,-11.410,-0.657,
1817909396791,GameRo,-0.003,0.739,0.007,0.674
1817916995994,pre,999.688,,,
1817929265971,acc,-9.334,-11.789,-2.271,
1817929265971,Gyro,-0.200,-0.015,-3.441,
1817929265971,Lacc,0.415,-11.182,-1.357,
1817929265971,GameRo,-0.030,0.739,-0.015,0.673
1817942042826,pre,999.669,,,
1817949136535,acc,-11.573,-13.589,-3.595,
1817949136535,Gyro,-0.286,-0.131,-3.444,
1817949136535,Lacc,-1.888,-12.311,-2.696,
1817949136535,GameRo,-0.057,0.737,-0.037,0.673
1817968981016,acc,-12.477,-15.000,-4.298,
1817968981016,Gyro,-0.597,-0.141,-3.468,
1817968981016,Lacc,-2.901,-13.064,-3.414,
1817968981016,GameRo,-0.085,0.733,-0.056,0.672
1817967065897,pre,999.688,,,
1817988875873,acc,-12.734,-15.529,-3.982,
1817988875873,Gyro,-0.995,0.003,-3.581,
1817988875873,Lacc,-3.316,-12.939,-3.067,
1817988875873,GameRo,-0.117,0.730,-0.074,0.669
1817992115537,pre,999.730,,,
1818008746192,acc,-12.410,-15.004,-2.638,
1818008746192,Gyro,-1.218,0.180,-3.899,
1818008746192,Lacc,-3.216,-11.735,-1.631,
1818008746192,GameRo,-0.152,0.727,-0.090,0.664
1818017188046,pre,999.718,,,
1818028590389,acc,-12.843,-13.221,-1.200,
1818028590389,Gyro,-1.080,0.332,-4.190,
1818028590389,Lacc,-3.955,-9.229,-0.055,
1818028590389,GameRo,-0.190,0.723,-0.110,0.655
1818042238499,pre,999.700,,,
1818048460260,acc,-13.980,-11.427,-0.725,
1818048460260,Gyro,-0.611,0.393,-4.128,
1818048460260,Lacc,-5.465,-6.726,0.552,
1818048460260,GameRo,-0.224,0.717,-0.132,0.646
1818068333997,acc,-14.486,-10.144,-1.384,
1818068333997,Gyro,-0.089,0.384,-3.732,
1818068333997,Lacc,-6.370,-4.806,-0.018,
1818068333997,GameRo,-0.253,0.711,-0.156,0.637
1818067261773,pre,999.700,,,
1818088234550,acc,-14.008,-8.990,-2.572,
1818088234550,Gyro,0.324,0.542,-3.250,
1818088234550,Lacc,-6.283,-3.111,-1.161,
1818088234550,GameRo,-0.275,0.705,-0.180,0.629
1818092337577,pre,999.712,,,
1818108091482,acc,-13.179,-7.865,-3.142,
1818108091482,Gyro,0.466,0.888,-2.771,
1818108091482,Lacc,-5.829,-1.537,-1.672,
1818108091482,GameRo,-0.291,0.700,-0.204,0.619
1818117362560,pre,999.709,,,
1818127943655,acc,-12.191,-6.889,-2.467,
1818127943655,Gyro,0.320,1.078,-2.354,
1818127943655,Lacc,-5.190,-0.199,-0.897,
1818127943655,GameRo,-0.303,0.699,-0.224,0.608
1818142436899,pre,999.688,,,
1818147834685,acc,-11.135,-6.195,-0.946,
1818147834685,Gyro,0.003,0.799,-2.039,
1818147834685,Lacc,-4.452,0.785,0.740,
1818147834685,GameRo,-0.315,0.698,-0.241,0.597
1818167683114,acc,-10.197,-5.247,0.398,
1818167683114,Gyro,-0.196,0.175,-1.827,
1818167683114,Lacc,-3.790,1.970,2.157,
1818167683114,GameRo,-0.328,0.695,-0.252,0.589
1818167468392,pre,999.675,,,
1818187574388,acc,-9.370,-4.148,0.347,
1818187574388,Gyro,-0.227,-0.489,-1.631,
1818187574388,Lacc,-3.099,3.203,2.048,
1818187574388,GameRo,-0.338,0.687,-0.255,0.590
1818192557420,pre,999.678,,,
1818207444180,acc,-8.535,-3.428,-0.624,
1818207444180,Gyro,-0.224,-0.860,-1.428,
1818207444180,Lacc,-2.415,4.063,1.004,
1818207444180,GameRo,-0.349,0.679,-0.258,0.592
1818217566331,pre,999.706,,,
1818227314092,acc,-8.162,-3.292,-1.590,
1818227314092,Gyro,-0.265,-0.915,-1.281,
1818227314092,Lacc,-2.202,4.344,-0.040,
1818227314092,GameRo,-0.362,0.669,-0.260,0.594
1818242620975,pre,999.697,,,
1818247171146,acc,-8.021,-2.887,-2.288,
1818247171146,Gyro,-0.270,-0.457,-1.124,
1818247171146,Lacc,-2.216,4.874,-0.770,
1818247171146,GameRo,-0.373,0.662,-0.262,0.595
1818267028527,acc,-8.737,-2.451,-1.086,
1818267028527,Gyro,-0.018,-0.008,-0.981,
1818267028527,Lacc,-3.052,5.396,0.444,
1818267028527,GameRo,-0.379,0.659,-0.266,0.593
1818267668460,pre,999.691,,,
1818286923707,acc,-9.679,-2.161,-0.478,
1818286923707,Gyro,0.153,-0.239,-0.893,
1818286923707,Lacc,-3.263,5.138,0.862,
1818286923707,GameRo,-0.351,0.667,-0.235,0.614
1818292719280,pre,999.727,,,
1818306769451,acc,-9.927,-1.492,-1.314,
1818306769451,Gyro,-0.266,-0.864,-0.697,
1818306769451,Lacc,-3.374,5.695,-0.028,
1818306769451,GameRo,-0.348,0.667,-0.227,0.619
1818317795166,pre,999.752,,,
1818326663899,acc,-9.714,-1.718,-2.391,
1818326663899,Gyro,-1.096,-1.149,-0.369,
1818326663899,Lacc,-3.031,5.340,-1.063,
1818326663899,GameRo,-0.350,0.667,-0.213,0.622
1818342844155,pre,999.709,,,
1818346510131,acc,-9.877,-2.644,-1.664,
1818346510131,Gyro,-1.415,-0.666,-0.089,
1818346510131,Lacc,-3.149,4.354,-0.250,
1818346510131,GameRo,-0.360,0.665,-0.199,0.623
1818366377927,acc,-10.620,-3.602,-0.606,
1818366377927,Gyro,-1.249,0.184,0.183,
1818366377927,Lacc,-3.876,3.343,0.981,
1818366377927,GameRo,-0.368,0.668,-0.189,0.619
1818367868975,pre,999.675,,,
1818386272823,acc,-11.468,-4.322,0.941,
1818386272823,Gyro,-0.819,0.900,0.608,
1818386272823,Lacc,-4.684,2.526,2.760,
1818386272823,GameRo,-0.369,0.676,-0.182,0.612
1818392921626,pre,999.706,,,
1818406142614,acc,-12.270,-5.551,2.303,
1818406142614,Gyro,-0.177,1.166,1.065,
1818406142614,Lacc,-5.402,1.154,4.331,
1818406142614,GameRo,-0.363,0.687,-0.178,0.604
1818417995559,pre,999.730,,,
1818426013381,acc,-12.833,-6.878,2.666,
1818426013381,Gyro,0.492,0.986,1.463,
1818426013381,Lacc,-5.833,-0.346,4.802,
1818426013381,GameRo,-0.350,0.697,-0.176,0.600
1818443043287,pre,999.694,,,
1818445873203,acc,-13.162,-7.879,1.468,
1818445873203,Gyro,0.927,0.545,1.872,
1818445873203,Lacc,-5.967,-1.558,3.592,
1818445873203,GameRo,-0.332,0.706,-0.174,0.601
1818465727002,acc,-13.182,-8.884,-0.396,
1818465727002,Gyro,1.004,0.183,2.245,
1818465727002,Lacc,-5.735,-2.832,1.639,
1818465727002,GameRo,-0.310,0.712,-0.169,0.606
1818468055493,pre,999.654,,,
1818485622184,acc,-13.139,-9.309,-1.654,
1818485622184,Gyro,0.896,-0.011,2.599,
1818485622184,Lacc,-5.401,-3.595,0.272,
1818485622184,GameRo,-0.287,0.718,-0.161,0.613
1818493142405,pre,999.672,,,
1818505492096,acc,-13.539,-10.642,-2.576,
1818505492096,Gyro,0.699,-0.081,2.985,
1818505492096,Lacc,-5.487,-5.346,-0.746,
1818505492096,GameRo,-0.262,0.724,-0.149,0.620
1818518166859,pre,999.675,,,
1818525361887,acc,-13.773,-13.074,-2.575,
1818525361887,Gyro,0.615,-0.127,3.327,
1818525361887,Lacc,-5.391,-8.287,-0.824,
1818525361887,GameRo,-0.235,0.731,-0.133,0.627
1818543242338,pre,999.657,,,
1818545188423,acc,-13.313,-14.256,-2.531,
1818545188423,Gyro,0.805,-0.122,3.425,
1818545188423,Lacc,-4.621,-10.024,-0.868,
1818545188423,GameRo,-0.205,0.737,-0.116,0.634
1818565101427,acc,-12.781,-13.981,-2.835,
1818565101427,Gyro,1.009,-0.073,3.427,
1818565101427,Lacc,-3.818,-10.316,-1.264,
1818565101427,GameRo,-0.174,0.741,-0.101,0.640
1818568273058,pre,999.654,,,
1818584971502,acc,-11.893,-13.278,-3.446,
1818584971502,Gyro,0.947,0.037,3.380,
1818584971502,Lacc,-2.703,-10.192,-1.945,
1818584971502,GameRo,-0.143,0.746,-0.087,0.645
1818593340113,pre,999.685,,,
1818604841211,acc,-11.698,-13.101,-3.479,
1818604841211,Gyro,0.571,0.131,3.420,
1818604841211,Lacc,-2.326,-10.612,-1.994,
1818604841211,GameRo,-0.113,0.750,-0.071,0.647
1818618365177,pre,999.712,,,
1818624711043,acc,-11.678,-13.749,-2.523,
1818624711043,Gyro,0.234,0.003,3.592,
1818624711043,Lacc,-2.157,-11.910,-1.038,
1818624711043,GameRo,-0.085,0.754,-0.051,0.649
1818644555850,acc,-10.406,-14.399,-1.780,
1818644555850,Gyro,0.159,-0.140,3.594,
1818644555850,Lacc,-0.775,-13.242,-0.318,
1818643436058,pre,999.685,,,
1818644555850,GameRo,-0.057,0.756,-0.029,0.652
1818664451642,acc,-8.574,-13.677,-1.326,
1818664451642,Gyro,0.267,-0.266,3.346,
1818664451642,Lacc,1.121,-13.172,0.085,
1818664451642,GameRo,-0.030,0.756,-0.008,0.654
1818668466127,pre,999.651,,,
1818684295431,acc,-7.338,-12.140,-1.200,
1818684295431,Gyro,0.455,-0.215,3.059,
1818684295431,Lacc,2.376,-12.220,0.162,
1818684295431,GameRo,-0.004,0.755,0.009,0.656
1818693534566,pre,999.651,,,
1818704190491,acc,-6.288,-10.615,-0.967,
1818704190491,Gyro,0.605,-0.164,2.888,
1818704190491,Lacc,3.411,-11.237,0.366,
1818704190491,GameRo,0.022,0.753,0.023,0.657
1818718603128,pre,999.666,,,
1818724060321,acc,-5.121,-9.386,-0.828,
1818724060321,Gyro,0.679,-0.171,2.752,
1818724060321,Lacc,4.535,-10.513,0.486,
1818724060321,GameRo,0.046,0.752,0.036,0.657
1818743904802,acc,-4.009,-8.499,-0.774,
1818743904802,Gyro,0.666,-0.248,2.585,
1818743904802,Lacc,5.628,-9.776,0.540,
1818743904802,GameRo,0.061,0.750,0.034,0.657
1818743632830,pre,999.672,,,
1818763800188,acc,-2.991,-7.875,-0.698,
1818763800188,Gyro,0.623,-0.392,2.407,
1818763800188,Lacc,6.583,-9.598,0.571,
1818763800188,GameRo,0.083,0.747,0.044,0.658
1818768657609,pre,999.682,,,
1818783670018,acc,-1.858,-7.432,-1.019,
1818783670018,Gyro,0.566,-0.541,2.192,
1818783670018,Lacc,7.643,-9.561,0.178,
1818783670018,GameRo,0.104,0.742,0.054,0.660
1818793711400,pre,999.703,,,
1818803539810,acc,-1.173,-7.038,-1.347,
1818803539810,Gyro,0.453,-0.613,1.947,
1818803539810,Lacc,8.251,-9.528,-0.239,
1818803539810,GameRo,0.122,0.736,0.063,0.663
1818818757338,pre,999.709,,,
1818823409518,acc,-0.808,-6.771,-1.637,
1818823409518,Gyro,0.314,-0.579,1.678,
1818823409518,Lacc,8.538,-9.573,-0.621,
1818823409518,GameRo,0.137,0.730,0.070,0.666
1818843279513,acc,-0.756,-6.644,-1.781,
1818843279513,Gyro,0.192,-0.400,1.395,
1818843279513,Lacc,8.515,-9.708,-0.838,
1818843279513,GameRo,0.150,0.725,0.077,0.668
1818843808525,pre,999.691,,,
1818863127778,acc,-0.735,-6.311,-1.437,
1818863127778,Gyro,0.173,-0.160,1.164,
1818863127778,Lacc,8.466,-9.588,-0.522,
1818863127778,GameRo,0.160,0.722,0.084,0.668
1818868858857,pre,999.678,,,
1818882994151,acc,-0.053,-6.475,-1.398,
1818882994151,Gyro,0.149,-0.029,0.899,
1818882994151,Lacc,9.085,-9.924,-0.480,
1818882994151,GameRo,0.168,0.720,0.089,0.667
1818893935353,pre,999.706,,,
1818902889169,acc,0.476,-6.725,-1.355,
1818902889169,Gyro,0.046,0.044,0.487,
1818902889169,Lacc,9.572,-10.279,-0.423,
1818902889169,GameRo,0.173,0.719,0.092,0.666
1818918974414,pre,999.736,,,
1818922758797,acc,0.400,-6.771,-1.108,
1818922758797,Gyro,-0.030,0.101,-0.004,
1818922758797,Lacc,9.486,-10.345,-0.160,
1818922758797,GameRo,0.173,0.720,0.093,0.666
1818942628710,acc,-0.185,-7.017,-1.021,
1818942628710,Gyro,-0.043,0.198,-0.503,
1818942628710,Lacc,8.926,-10.521,-0.045,
1818942628710,GameRo,0.170,0.722,0.091,0.665
1818944012906,pre,999.712,,,
1818962512538,acc,-1.042,-7.379,-1.065,
1818962512538,Gyro,0.003,0.383,-0.962,
1818962512538,Lacc,8.123,-10.723,-0.033,
1818962512538,GameRo,0.164,0.725,0.085,0.663
1818969088913,pre,999.669,,,
1818982368372,acc,-1.979,-8.147,-1.166,
1818982368372,Gyro,0.129,0.631,-1.395,
1818982368372,Lacc,7.257,-11.250,-0.027,
1818982368372,GameRo,0.154,0.731,0.077,0.660
1818994139490,pre,999.672,,,
1819002213138,acc,-3.032,-9.237,-1.439,
1819002213138,Gyro,0.244,0.853,-1.832,
1819002213138,Lacc,6.642,-9.509,0.164,
1819002213138,GameRo,0.080,0.758,-0.050,0.645
1819019192752,pre,999.700,,,
1819022108198,acc,-4.248,-10.638,-1.938,
1819022108198,Gyro,0.313,1.037,-2.330,
1819022108198,Lacc,5.396,-10.477,-0.145,
1819022108198,GameRo,0.066,0.766,-0.066,0.636
1819041977785,acc,-5.964,-11.307,-2.258,
1819041977785,Gyro,0.253,1.110,-2.800,
1819041977785,Lacc,3.614,-10.619,-0.254,
1819041977785,GameRo,0.048,0.774,-0.084,0.625
1819044243206,pre,999.715,,,
1819061830729,acc,-7.416,-11.554,-2.016,
1819061830729,Gyro,0.162,1.007,-3.197,
1819061830729,Lacc,2.057,-10.268,0.185,
1819061830729,GameRo,0.026,0.782,-0.104,0.614
1819069293213,pre,999.697,,,
1819081717407,acc,-9.928,-12.593,-2.639,
1819081717407,Gyro,0.104,0.797,-3.350,
1819081717407,Lacc,-0.603,-10.669,-0.278,
1819081717407,GameRo,0.002,0.788,-0.126,0.603
1819094343627,pre,999.675,,,
1819101587563,acc,-11.523,-14.263,-4.063,
1819101587563,Gyro,-0.162,0.562,-3.322,
1819101587563,Lacc,-2.376,-11.725,-1.587,
1819101587563,GameRo,-0.024,0.791,-0.146,0.594
1819119372637,pre,999.663,,,
1819121457354,acc,-12.223,-15.950,-4.666,
1819121457354,Gyro,-0.654,0.497,-3.407,
1819121457354,Lacc,-3.291,-12.831,-2.073,
1819121457354,GameRo,-0.052,0.793,-0.162,0.585
1819141327307,acc,-12.455,-16.320,-3.283,
1819141327307,Gyro,-0.949,0.523,-3.698,
1819141327307,Lacc,-3.793,-12.620,-0.540,
1819141327307,GameRo,-0.085,0.795,-0.176,0.574
1819144442216,pre,999.675,,,
1819161196976,acc,-12.684,-14.972,-1.544,
1819161196976,Gyro,-0.847,0.584,-4.091,
1819161196976,Lacc,-4.373,-10.650,1.368,
1819161196976,GameRo,-0.121,0.796,-0.191,0.561
1819169491409,pre,999.721,,,
1819181049717,acc,-13.687,-12.829,-0.152,
1819181049717,Gyro,-0.448,0.433,-4.218,
1819181049717,Lacc,-5.798,-7.859,2.898,
1819181049717,GameRo,-0.157,0.794,-0.211,0.548
1819194538527,pre,999.727,,,
1819200911330,acc,-14.350,-11.290,-0.309,
1819200911330,Gyro,0.081,0.080,-3.968,
1819200911330,Lacc,-6.902,-5.701,2.777,
1819200911330,GameRo,-0.189,0.788,-0.233,0.537
1819220781893,acc,-13.710,-10.326,-1.847,
1819220781893,Gyro,0.520,-0.142,-3.645,
1819220781893,Lacc,-6.690,-4.175,1.173,
1819220781893,GameRo,-0.216,0.779,-0.255,0.530
1819219589062,pre,999.685,,,
1819240630483,acc,-13.125,-9.256,-3.315,
1819240630483,Gyro,0.649,-0.194,-3.451,
1819240630483,Lacc,-6.537,-2.594,-0.406,
1819240630483,GameRo,-0.240,0.769,-0.278,0.524
1819244637971,pre,999.672,,,
1819260546621,acc,-12.723,-7.108,-3.716,
1819260546621,Gyro,0.411,-0.105,-3.115,
1819260546621,Lacc,-6.571,-0.005,-0.899,
1819260546621,GameRo,-0.262,0.758,-0.299,0.517
1819269688872,pre,999.675,,,
1819280409738,acc,-12.117,-5.489,-2.512,
1819280409738,Gyro,0.046,-0.235,-2.581,
1819280409738,Lacc,-6.355,1.949,0.265,
1819280409738,GameRo,-0.282,0.750,-0.314,0.510
1819294741524,pre,999.669,,,
1819300285998,acc,-10.963,-4.808,-1.428,
1819300285998,Gyro,-0.268,-0.600,-2.061,
1819300285998,Lacc,-5.502,2.862,1.325,
1819300285998,GameRo,-0.301,0.741,-0.322,0.506
1819320131374,acc,-9.635,-4.663,-0.826,
1819320131374,Gyro,-0.509,-1.067,-1.715,
1819320131374,Lacc,-4.394,3.170,1.896,
1819320131374,GameRo,-0.319,0.733,-0.325,0.506
1819319791164,pre,999.688,,,
1819340026068,acc,-8.712,-4.356,-0.689,
1819340026068,Gyro,-0.668,-1.473,-1.530,
1819340026068,Lacc,-2.728,3.082,1.569,
1819340026068,GameRo,-0.303,0.723,-0.296,0.545
1819344843572,pre,999.706,,,
1819359895492,acc,-8.269,-3.981,-1.054,
1819359895492,Gyro,-0.774,-1.723,-1.381,
1819359895492,Lacc,-2.393,3.571,1.110,
1819359895492,GameRo,-0.321,0.712,-0.292,0.552
1819369886499,pre,999.706,,,
1819379765975,acc,-7.874,-3.712,-1.636,
1819379765975,Gyro,-0.865,-1.607,-1.202,
1819379765975,Lacc,-2.112,3.946,0.459,
1819379765975,GameRo,-0.339,0.701,-0.287,0.558
1819394958316,pre,999.700,,,
1819399638695,acc,-7.807,-3.596,-1.210,
1819399638695,Gyro,-0.785,-1.207,-1.084,
1819399638695,Lacc,-2.157,4.151,0.861,
1819399638695,GameRo,-0.355,0.692,-0.282,0.561
1819419505067,acc,-8.067,-3.375,-0.523,
1819419505067,Gyro,-0.602,-0.914,-0.946,
1819419505067,Lacc,-2.528,4.455,1.542,
1819419505067,GameRo,-0.369,0.685,-0.280,0.563
1819419974509,pre,999.700,,,
1819439374858,acc,-8.229,-3.148,-0.371,
1819439374858,Gyro,-0.452,-0.709,-0.778,
1819439374858,Lacc,-2.785,4.749,1.685,
1819439374858,GameRo,-0.379,0.679,-0.278,0.564
1819445021017,pre,999.685,,,
1819459245096,acc,-8.610,-2.893,-0.423,
1819459245096,Gyro,-0.312,-0.541,-0.612,
1819459245096,Lacc,-3.227,5.049,1.622,
1819459245096,GameRo,-0.386,0.675,-0.276,0.565
1819470090920,pre,999.666,,,
1819479114968,acc,-8.888,-2.997,-0.555,
1819479114968,Gyro,-0.231,-0.463,-0.445,
1819479114968,Lacc,-3.444,4.912,1.456,
1819479114968,GameRo,-0.388,0.672,-0.271,0.569
1819495145322,pre,999.685,,,
1819498959408,acc,-9.198,-3.247,-0.856,
1819498959408,Gyro,-0.173,-0.303,-0.273,
1819498959408,Lacc,-2.814,3.996,0.880,
1819498959408,GameRo,-0.355,0.680,-0.230,0.599
1819518828955,acc,-10.086,-3.754,-0.820,
1819518828955,Gyro,-0.035,-0.011,-0.064,
1819518828955,Lacc,-3.716,3.502,0.915,
1819518828955,GameRo,-0.357,0.679,-0.230,0.599
1819520170792,pre,999.685,,,
1819538739070,acc,-11.205,-4.157,-1.010,
1819538739070,Gyro,0.122,0.287,0.277,
1819538739070,Lacc,-4.818,3.081,0.738,
1819538739070,GameRo,-0.355,0.681,-0.230,0.598
1819545246475,pre,999.678,,,
1819558594212,acc,-12.107,-4.900,-1.059,
1819558594212,Gyro,0.248,0.522,0.690,
1819558594212,Lacc,-5.654,2.272,0.718,
1819558594212,GameRo,-0.349,0.685,-0.230,0.597
1819570293918,pre,999.706,,,
1819578438408,acc,-12.908,-6.183,-0.887,
1819578438408,Gyro,0.305,0.570,1.066,
1819578438408,Lacc,-6.339,0.875,0.923,
1819578438408,GameRo,-0.339,0.691,-0.228,0.596
1819595320162,pre,999.715,,,
1819598308402,acc,-13.546,-7.314,-0.732,
1819598308402,Gyro,0.278,0.428,1.422,
1819598308402,Lacc,-6.811,-0.420,1.101,
1819598308402,GameRo,-0.327,0.697,-0.224,0.597
1819618178315,acc,-13.602,-8.071,-0.643,
1819618178315,Gyro,0.266,0.204,1.779,
1819618178315,Lacc,-6.651,-1.396,1.192,
1819618178315,GameRo,-0.313,0.704,-0.217,0.600
1819620369110,pre,999.669,,,
1819638030120,acc,-13.535,-8.711,-0.623,
1819638030120,Gyro,0.279,-0.016,2.139,
1819638030120,Lacc,-6.323,-2.311,1.182,
1819638030120,GameRo,-0.297,0.710,-0.207,0.604
1819645443979,pre,999.648,,,
1819657943084,acc,-14.128,-10.639,-1.179,
1819657943084,Gyro,0.363,-0.187,2.554,
1819657943084,Lacc,-6.610,-4.584,0.564,
1819657943084,GameRo,-0.278,0.715,-0.194,0.611
1819670501961,pre,999.675,,,
1819677813077,acc,-14.036,-12.163,-2.286,
1819677813077,Gyro,0.638,-0.177,2.812,
1819677813077,Lacc,-6.188,-6.512,-0.637,
1819677813077,GameRo,-0.256,0.720,-0.180,0.619
1819697660163,acc,-13.567,-12.126,-3.771,
1819697660163,Gyro,0.908,0.056,2.942,
1819697660163,Lacc,-5.405,-6.910,-2.220,
1819697660163,GameRo,-0.230,0.725,-0.168,0.627
1819695547411,pre,999.697,,,
1819717540858,acc,-12.884,-11.280,-4.381,
1819717540858,Gyro,0.813,0.327,3.127,
1819717540858,Lacc,-4.428,-6.538,-2.878,
1819717540858,GameRo,-0.202,0.732,-0.156,0.632
1819720610886,pre,999.688,,,
1819737422408,acc,-12.648,-10.935,-3.861,
1819737422408,Gyro,0.467,0.435,3.480,
1819737422408,Lacc,-3.909,-6.746,-2.336,
1819737422408,GameRo,-0.173,0.740,-0.140,0.635
1819745614832,pre,999.666,,,
1819757292199,acc,-12.365,-12.560,-3.470,
1819757292199,Gyro,0.131,0.414,3.809,
1819757292199,Lacc,-3.354,-9.020,-1.885,
1819757292199,GameRo,-0.143,0.748,-0.119,0.636
1819770683719,pre,999.657,,,
1819777161949,acc,-11.583,-14.130,-2.988,
1819777161949,Gyro,-0.046,0.402,4.004,
1819777161949,Lacc,-2.334,-11.307,-1.336,
1819777161949,GameRo,-0.114,0.756,-0.094,0.638
1819797012168,acc,-10.798,-14.370,-1.853,
1819797012168,Gyro,-0.013,0.266,3.914,
1819797012168,Lacc,-1.369,-12.283,-0.129,
1819797012168,GameRo,-0.084,0.762,-0.069,0.638
1819795730185,pre,999.666,,,
1819816901855,acc,-9.630,-13.254,-1.463,
1819816901855,Gyro,0.124,0.175,3.760,
1819816901855,Lacc,-0.076,-11.881,0.292,
1819816901855,GameRo,-0.055,0.766,-0.046,0.639
1819820781006,pre,999.712,,,
1819836771321,acc,-8.356,-12.098,-1.074,
1819836771321,Gyro,0.220,0.022,3.560,
1819836771321,Lacc,1.269,-11.402,0.692,
1819836771321,GameRo,-0.026,0.768,-0.025,0.640
1819845811400,pre,999.718,,,
1819856641274,acc,-6.751,-11.106,-0.937,
1819856641274,Gyro,0.214,-0.197,3.393,
1819856641274,Lacc,2.903,-11.057,0.804,
1819856641274,GameRo,0.002,0.767,-0.005,0.641
1819870879067,pre,999.666,,,
1819876511228,acc,-4.812,-10.295,-0.892,
1819876511228,Gyro,0.150,-0.455,3.161,
1819876511228,Lacc,4.838,-10.854,0.778,
1819876511228,GameRo,0.027,0.764,0.014,0.644
1819896369869,acc,-3.288,-9.417,-0.538,
1819896369869,Gyro,0.145,-0.696,2.867,
1819896369869,Lacc,6.396,-9.688,1.006,
1819896369869,GameRo,0.021,0.760,-0.000,0.649
1819895910274,pre,999.633,,,
1819916250930,acc,-2.342,-8.740,-0.561,
1819916250930,Gyro,0.267,-0.854,2.520,
1819916250930,Lacc,7.341,-9.481,0.828,
1819916250930,GameRo,0.042,0.754,0.014,0.655
1819920986445,pre,999.660,,,
1819936120518,acc,-1.528,-8.269,-1.205,
1819936120518,Gyro,0.357,-0.886,2.185,
1819936120518,Lacc,8.135,-9.434,0.018,
1819936120518,GameRo,0.061,0.747,0.026,0.661
1819946003452,pre,999.694,,,
1819955990430,acc,-0.976,-7.555,-1.539,
1819955990430,Gyro,0.385,-0.758,1.902,
1819955990430,Lacc,8.654,-9.084,-0.461,
1819955990430,GameRo,0.078,0.741,0.035,0.666
1819971062492,pre,999.688,,,
1819975860465,acc,-0.372,-6.955,-1.683,
1819975860465,Gyro,0.368,-0.620,1.693,
1819975860465,Lacc,9.214,-8.804,-0.716,
1819975860465,GameRo,0.094,0.735,0.043,0.670
1819995730052,acc,0.358,-6.979,-1.947,
1819995730052,Gyro,0.223,-0.552,1.477,
1819995730052,Lacc,9.893,-9.112,-1.073,
1819995730052,GameRo,0.107,0.730,0.050,0.673
1819996099844,pre,999.666,,,
1820015599925,acc,1.028,-7.581,-2.207,
1820015599925,Gyro,-0.044,-0.505,1.104,
1820015599925,Lacc,10.518,-9.943,-1.428,
1820015599925,GameRo,0.116,0.725,0.058,0.676
1820021147939,pre,999.666,,,
1820035470366,acc,1.327,-7.963,-2.221,
1820035470366,Gyro,-0.306,-0.352,0.546,
1820035470366,Lacc,10.788,-10.463,-1.531,
1820035470366,GameRo,0.120,0.722,0.064,0.679
1820046193957,pre,999.663,,,
1820055339628,acc,0.813,-7.598,-1.478,
1820055339628,Gyro,-0.398,-0.106,-0.054,
1820055339628,Lacc,10.272,-10.120,-0.843,
1820055339628,GameRo,0.118,0.720,0.067,0.681
1820071267280,pre,999.657,,,
1820075209662,acc,-0.150,-7.027,-0.705,
1820075209662,Gyro,-0.277,0.157,-0.534,
1820075209662,Lacc,9.330,-9.469,-0.070,
1820075209662,GameRo,0.113,0.721,0.066,0.681
1820095079371,acc,-1.137,-6.986,-0.271,
1820095079371,Gyro,-0.102,0.310,-0.891,
1820095079371,Lacc,8.379,-9.273,0.410,
1820095079371,GameRo,0.105,0.724,0.062,0.679
1820096287664,pre,999.669,,,
1820114948959,acc,-1.885,-7.817,-0.415,
1820114948959,Gyro,0.074,0.367,-1.236,
1820114948959,Lacc,7.676,-9.884,0.335,
1820114948959,GameRo,0.097,0.727,0.054,0.677
1820121360661,pre,999.694,,,
1820134818912,acc,-2.543,-9.292,-1.260,
1820134818912,Gyro,0.207,0.462,-1.683,
1820134818912,Lacc,7.212,-9.677,-0.297,
1820134818912,GameRo,0.038,0.740,-0.008,0.671
1820146412458,pre,999.694,,,
1820154688744,acc,-3.811,-10.680,-2.009,
1820154688744,Gyro,0.235,0.575,-2.183,
1820154688744,Lacc,5.940,-10.660,-0.940,
1820154688744,GameRo,0.025,0.744,-0.024,0.667
1820171431134,pre,999.660,,,
1820174558656,acc,-5.357,-11.398,-2.380,
1820174558656,Gyro,0.243,0.666,-2.631,
1820174558656,Lacc,4.367,-10.884,-1.186,
1820174558656,GameRo,0.008,0.749,-0.042,0.661
1820194428203,acc,-7.280,-11.568,-2.857,
1820194428203,Gyro,0.258,0.807,-2.990,
1820194428203,Lacc,2.378,-10.483,-1.523,
1820194428203,GameRo,-0.012,0.754,-0.063,0.654
1820196477763,pre,999.636,,,
1820214298074,acc,-10.038,-12.926,-3.550,
1820214298074,Gyro,0.251,0.911,-3.090,
1820214298074,Lacc,-0.491,-11.238,-2.049,
1820214298074,GameRo,-0.033,0.759,-0.085,0.645
1820221552143,pre,999.654,,,
1820234167988,acc,-11.636,-14.764,-4.188,
1820234167988,Gyro,0.044,0.826,-3.156,
1820234167988,Lacc,-2.242,-12.480,-2.528,
1820234167988,GameRo,-0.055,0.763,-0.107,0.636
1820246599912,pre,999.681,,,
1820254037940,acc,-12.272,-15.557,-3.917,
1820254037940,Gyro,-0.283,0.678,-3.362,
1820254037940,Lacc,-3.071,-12.673,-2.113,
1820254037940,GameRo,-0.080,0.765,-0.127,0.626
1820273919938,acc,-12.293,-15.010,-2.742,
1820273919938,Gyro,-0.494,0.521,-3.780,
1820273919938,Lacc,-3.346,-11.484,-0.805,
1820273919938,GameRo,-0.110,0.766,-0.146,0.616
1820271624162,pre,999.678,,,
1820293777562,acc,-13.183,-13.349,-1.440,
1820293777562,Gyro,-0.508,0.244,-4.087,
1820293777562,Lacc,-4.561,-9.137,0.599,
1820293777562,GameRo,-0.143,0.764,-0.167,0.607
1820296676650,pre,999.678,,,
1820313647149,acc,-14.134,-12.153,-1.197,
1820313647149,Gyro,-0.311,-0.127,-4.037,
1820313647149,Lacc,-5.883,-7.269,0.875,
1820313647149,GameRo,-0.177,0.758,-0.189,0.599
1820321746799,pre,999.697,,,
1820333517103,acc,-14.418,-11.442,-2.082,
1820333517103,Gyro,0.083,-0.319,-3.815,
1820333517103,Lacc,-6.558,-5.935,-0.054,
1820333517103,GameRo,-0.207,0.749,-0.211,0.593
1820346797945,pre,999.715,,,
1820353387056,acc,-14.342,-10.206,-3.408,
1820353387056,Gyro,0.420,-0.186,-3.541,
1820353387056,Lacc,-6.887,-4.134,-1.460,
1820353387056,GameRo,-0.232,0.738,-0.234,0.588
1820371819388,pre,999.721,,,
1820373231538,acc,-13.705,-8.250,-4.045,
1820373231538,Gyro,0.537,0.135,-3.147,
1820373231538,Lacc,-6.664,-1.684,-2.165,
1820373231538,GameRo,-0.253,0.729,-0.257,0.581
1820393126515,acc,-12.664,-6.376,-3.159,
1820393126515,Gyro,0.363,0.367,-2.616,
1820393126515,Lacc,-6.010,0.586,-1.291,
1820393126515,GameRo,-0.270,0.723,-0.277,0.573
1820396851694,pre,999.712,,,
1820412997160,acc,-11.239,-5.218,-1.396,
1820412997160,Gyro,0.057,0.137,-2.079,
1820412997160,Lacc,-4.908,2.036,0.485,
1820412997160,GameRo,-0.284,0.718,-0.292,0.565
1820421942595,pre,999.688,,,
1820432866096,acc,-9.658,-5.114,-0.044,
1820432866096,Gyro,-0.104,-0.452,-1.775,
1820432866096,Lacc,-3.582,2.359,1.821,
1820432866096,GameRo,-0.298,0.712,-0.300,0.561
1820446976691,pre,999.657,,,
1820452736334,acc,-8.337,-4.736,-0.449,
1820452736334,Gyro,-0.122,-1.038,-1.707,
1820452736334,Lacc,-2.238,2.762,1.228,
1820452736334,GameRo,-0.301,0.704,-0.300,0.570
1820472582362,acc,-7.677,-3.806,-1.298,
1820472582362,Gyro,-0.101,-1.348,-1.665,
1820472582362,Lacc,-1.788,3.887,0.242,
1820472582362,GameRo,-0.317,0.691,-0.304,0.574
1820472040736,pre,999.660,,,
1820492450444,acc,-7.440,-3.408,-2.245,
1820492450444,Gyro,-0.204,-1.458,-1.627,
1820492450444,Lacc,-1.760,4.467,-0.850,
1820492450444,GameRo,-0.333,0.678,-0.308,0.578
1820497090173,pre,999.678,,,
1820512345503,acc,-7.376,-3.036,-3.114,
1820512345503,Gyro,-0.382,-1.179,-1.576,
1820512345503,Lacc,-1.909,5.004,-1.813,
1820512345503,GameRo,-0.350,0.666,-0.310,0.581
1820522120730,pre,999.691,,,
1820532215944,acc,-8.048,-2.726,-3.027,
1820532215944,Gyro,-0.393,-0.479,-1.499,
1820532215944,Lacc,-2.797,5.458,-1.729,
1820532215944,GameRo,-0.364,0.658,-0.313,0.580
1820547164592,pre,999.688,,,
1820552085288,acc,-9.228,-2.228,-2.114,
1820552085288,Gyro,-0.167,0.224,-1.272,
1820552085288,Lacc,-3.371,5.500,-0.628,
1820552085288,GameRo,-0.349,0.674,-0.280,0.588
1820571954997,acc,-10.358,-2.094,-1.428,
1820571954997,Gyro,0.068,0.545,-0.956,
1820571954997,Lacc,-4.674,5.750,0.116,
1820571954997,GameRo,-0.355,0.673,-0.288,0.582
1820572246501,pre,999.672,,,
1820591825153,acc,-11.030,-2.092,-1.259,
1820591825153,Gyro,0.019,0.349,-0.631,
1820591825153,Lacc,-5.471,5.834,0.324,
1820591825153,GameRo,-0.357,0.673,-0.294,0.577
1820597265827,pre,999.648,,,
1820611694497,acc,-11.079,-2.256,-1.333,
1820611694497,Gyro,-0.415,-0.163,-0.332,
1820611694497,Lacc,-5.583,5.706,0.289,
1820611694497,GameRo,-0.361,0.672,-0.295,0.575
1820622314328,pre,999.657,,,
1820631540036,acc,-11.318,-2.679,-0.822,
1820631540036,Gyro,-0.973,-0.692,-0.048,
1820631540036,Lacc,-5.822,5.269,0.870,
1820631540036,GameRo,-0.368,0.671,-0.288,0.575
1820647362952,pre,999.681,,,
1820651444210,acc,-11.602,-3.665,-0.008,
1820651444210,Gyro,-1.228,-1.022,0.205,
1820651444210,Lacc,-6.047,4.224,1.767,
1820651444210,GameRo,-0.377,0.670,-0.275,0.578
1820671303990,acc,-12.513,-4.923,0.858,
1820671303990,Gyro,-1.224,-1.159,0.441,
1820671303990,Lacc,-6.860,2.879,2.702,
1820671303990,GameRo,-0.385,0.668,-0.260,0.582
1820672412226,pre,999.684,,,
1820691173985,acc,-13.584,-5.376,1.530,
1820691173985,Gyro,-0.817,-1.142,0.919,
1820691173985,Lacc,-7.772,2.304,3.396,
1820691173985,GameRo,-0.389,0.666,-0.245,0.587
1820697487868,pre,999.660,,,
1820711043694,acc,-13.913,-6.821,1.070,
1820711043694,Gyro,-0.035,-0.882,1.510,
1820711043694,Lacc,-7.860,0.688,2.863,
1820711043694,GameRo,-0.384,0.666,-0.231,0.596
1820722536003,pre,999.645,,,
1820730914014,acc,-13.428,-8.544,-0.278,
1820730914014,Gyro,0.615,-0.442,1.926,
1820730914014,Lacc,-7.084,-1.246,1.371,
1820730914014,GameRo,-0.370,0.669,-0.221,0.606
1820747566479,pre,999.632,,,
1820750783438,acc,-13.421,-9.367,-1.066,
1820750783438,Gyro,0.832,-0.054,2.245,
1820750783438,Lacc,-6.766,-2.320,0.446,
1820750783438,GameRo,-0.351,0.674,-0.213,0.615
1820770653187,acc,-14.607,-11.180,-1.856,
1820770653187,Gyro,0.778,0.170,2.701,
1820770653187,Lacc,-7.606,-4.455,-0.440,
1820770653187,GameRo,-0.329,0.681,-0.203,0.622
1820772609730,pre,999.654,,,
1820790523060,acc,-14.687,-13.560,-2.356,
1820790523060,Gyro,0.671,0.269,3.078,
1820790523060,Lacc,-7.305,-7.244,-0.995,
1820790523060,GameRo,-0.304,0.691,-0.190,0.628
1820797680001,pre,999.690,,,
1820810392687,acc,-14.067,-14.466,-2.476,
1820810392687,Gyro,0.671,0.351,3.226,
1820810392687,Lacc,-6.307,-8.614,-1.145,
1820810392687,GameRo,-0.277,0.701,-0.175,0.634
1820822734728,pre,999.687,,,
1820830237657,acc,-13.363,-13.945,-2.270,
1820830237657,Gyro,0.785,0.453,3.260,
1820830237657,Lacc,-5.252,-8.586,-0.954,
1820830237657,GameRo,-0.249,0.711,-0.161,0.638
1820850146144,acc,-12.921,-12.798,-1.950,
1820850146144,Gyro,0.850,0.488,3.395,
1820850146144,Lacc,-4.487,-7.962,-0.639,
1820850146144,GameRo,-0.219,0.720,-0.147,0.641
1820847758164,pre,999.660,,,
1820870014307,acc,-12.651,-13.318,-1.998,
1820870014307,Gyro,0.768,0.365,3.626,
1820870014307,Lacc,-3.907,-9.067,-0.689,
1820870014307,GameRo,-0.187,0.729,-0.131,0.645
1820872825830,pre,999.651,,,
1820889847232,acc,-11.695,-14.585,-2.520,
1820889847232,Gyro,0.546,0.195,3.708,
1820889847232,Lacc,-2.669,-10.969,-1.217,
1820889847232,GameRo,-0.156,0.736,-0.113,0.649
1820897874861,pre,999.660,,,
1820909717064,acc,-10.141,-14.282,-2.155,
1820909717064,Gyro,0.334,0.051,3.645,
1820909717064,Lacc,-0.878,-11.321,-0.862,
1820909717064,GameRo,-0.127,0.742,-0.092,0.652
1820922934511,pre,999.657,,,
1820929612407,acc,-8.231,-13.136,-1.545,
1820929612407,Gyro,0.324,0.024,3.497,
1820929612407,Lacc,1.216,-10.825,-0.265,
1820929612407,GameRo,-0.099,0.745,-0.071,0.655
1820949456237,acc,-6.390,-11.364,-0.725,
1820949456237,Gyro,0.396,0.002,3.366,
1820949456237,Lacc,3.190,-9.678,0.545,
1820949456237,GameRo,-0.071,0.748,-0.052,0.658
1820947984355,pre,999.660,,,
1820969334899,acc,-4.592,-10.409,-0.424,
1820969334899,Gyro,0.515,-0.103,3.298,
1820969334899,Lacc,5.080,-9.340,0.819,
1820969334899,GameRo,-0.044,0.749,-0.034,0.660
1820973032083,pre,999.660,,,
1820989221535,acc,-2.637,-10.491,-1.061,
1820989221535,Gyro,0.602,-0.092,3.063,
1820989221535,Lacc,7.086,-10.012,0.151,
1820989221535,GameRo,-0.017,0.749,-0.018,0.662
1820998074725,pre,999.642,,,
1821009091285,acc,-1.859,-10.429,-1.470,
1821009091285,Gyro,0.687,0.085,2.682,
1821009091285,Lacc,7.875,-10.462,-0.258,
1821009091285,GameRo,0.008,0.749,-0.005,0.662
1821023128882,pre,999.645,,,
1821028936132,acc,-1.681,-9.405,-1.282,
1821028936132,Gyro,0.757,0.235,2.359,
1821028936132,Lacc,8.021,-8.891,0.069,
1821028936132,GameRo,0.002,0.754,-0.037,0.656
1821048805028,acc,-1.269,-8.636,-1.300,
1821048805028,Gyro,0.725,0.272,2.117,
1821048805028,Lacc,8.440,-8.516,0.100,
1821048805028,GameRo,0.024,0.756,-0.029,0.654
1821048155370,pre,999.687,,,
1821068686049,acc,-0.771,-7.873,-1.334,
1821068686049,Gyro,0.572,0.219,1.915,
1821068686049,Lacc,8.928,-8.107,0.117,
1821068686049,GameRo,0.042,0.756,-0.021,0.652
1821073201714,pre,999.700,,,
1821088575656,acc,-0.020,-7.751,-1.420,
1821088575656,Gyro,0.274,-0.030,1.752,
1821088575656,Lacc,9.663,-8.316,0.049,
1821088575656,GameRo,0.058,0.756,-0.012,0.652
1821098271782,pre,999.666,,,
1821108420666,acc,1.094,-8.396,-1.871,
1821108420666,Gyro,-0.175,-0.272,1.355,
1821108420666,Lacc,10.762,-9.247,-0.441,
1821108420666,GameRo,0.069,0.754,-0.003,0.654
1821123339895,pre,999.642,,,
1821128271535,acc,1.494,-8.525,-1.594,
1821128271535,Gyro,-0.626,-0.368,0.738,
1821128271535,Lacc,11.155,-9.564,-0.243,
1821128271535,GameRo,0.073,0.751,0.007,0.657
1821148158091,acc,0.821,-7.659,-0.546,
1821148158091,Gyro,-0.723,-0.309,0.196,
1821148158091,Lacc,10.484,-8.775,0.722,
1821148158091,GameRo,0.070,0.748,0.014,0.660
1821148345428,pre,999.651,,,
1821168022184,acc,-0.017,-6.985,0.068,
1821168022184,Gyro,-0.545,-0.127,-0.177,
1821168022184,Lacc,9.654,-8.092,1.284,
1821168022184,GameRo,0.065,0.747,0.018,0.662
1821173394865,pre,999.672,,,
1821187902474,acc,-0.487,-6.548,0.351,
1821187902474,Gyro,-0.249,0.072,-0.418,
1821187902474,Lacc,9.192,-7.587,1.562,
1821187902474,GameRo,0.060,0.747,0.018,0.662
1821198443488,pre,999.660,,,
1821207789272,acc,-0.586,-7.071,0.035,
1821207789272,Gyro,-0.003,0.242,-0.691,
1821207789272,Lacc,9.101,-7.991,1.282,
1821207789272,GameRo,0.055,0.749,0.014,0.660
1821223494186,pre,999.629,,,
1821227659023,acc,-0.799,-8.248,-0.467,
1821227659023,Gyro,0.074,0.351,-1.153,
1821227659023,Lacc,8.896,-8.969,0.846,
1821227659023,GameRo,0.048,0.751,0.007,0.658
1821247520471,acc,-1.805,-9.164,-0.725,
1821247520471,Gyro,0.064,0.395,-1.761,
1821247520471,Lacc,7.903,-9.368,0.669,
1821247520471,GameRo,0.031,0.755,-0.013,0.655
1821248552861,pre,999.632,,,
1821267375654,acc,-3.636,-9.569,-0.732,
1821267375654,Gyro,0.041,0.354,-2.306,
1821267375654,Lacc,6.055,-9.168,0.733,
1821267375654,GameRo,0.009,0.758,-0.035,0.651
1821273613975,pre,999.648,,,
1821287252281,acc,-5.369,-10.190,-1.083,
1821287252281,Gyro,0.091,0.312,-2.681,
1821287252281,Lacc,4.279,-9.283,0.441,
1821287252281,GameRo,-0.010,0.760,-0.053,0.648
1821298636029,pre,999.651,,,
1821307138103,acc,-7.049,-11.105,-1.878,
1821307138103,Gyro,0.191,0.335,-2.944,
1821307138103,Lacc,2.521,-9.637,-0.297,
1821307138103,GameRo,-0.030,0.761,-0.073,0.644
1821323710368,pre,999.642,,,
1821327008016,acc,-8.835,-11.958,-2.951,
1821327008016,Gyro,0.314,0.446,-3.111,
1821327008016,Lacc,0.613,-9.896,-1.304,
1821327008016,GameRo,-0.052,0.762,-0.095,0.638
1821346874266,acc,-10.483,-14.003,-4.415,
1821346874266,Gyro,0.402,0.621,-3.253,
1821346874266,Lacc,-1.205,-11.328,-2.681,
1821346874266,GameRo,-0.073,0.764,-0.118,0.631
1821348738524,pre,999.678,,,
1821366747801,acc,-11.294,-15.846,-5.296,
1821366747801,Gyro,0.277,0.770,-3.537,
1821366747801,Lacc,-2.248,-12.531,-3.448,
1821366747801,GameRo,-0.096,0.765,-0.143,0.621
1821373809486,pre,999.715,,,
1821386617103,acc,-12.084,-15.978,-4.968,
1821386617103,Gyro,-0.107,0.794,-3.873,
1821386617103,Lacc,-3.345,-11.990,-2.979,
1821386617103,GameRo,-0.123,0.766,-0.167,0.609
1821398858923,pre,999.696,,,
1821406486853,acc,-12.913,-14.375,-3.149,
1821406486853,Gyro,-0.455,0.678,-4.028,
1821406486853,Lacc,-4.550,-9.718,-1.001,
1821406486853,GameRo,-0.155,0.765,-0.190,0.595
1821423909215,pre,999.669,,,
1821426357091,acc,-13.253,-12.331,-1.323,
1821426357091,Gyro,-0.438,0.390,-4.010,
1821426357091,Lacc,-5.312,-7.040,0.954,
1821426357091,GameRo,-0.188,0.762,-0.210,0.583
1821446226759,acc,-13.844,-10.862,-0.641,
1821446226759,Gyro,-0.205,-0.088,-3.879,
1821446226759,Lacc,-6.343,-4.981,1.682,
1821446226759,GameRo,-0.219,0.755,-0.231,0.573
1821448933913,pre,999.675,,,
1821466096387,acc,-13.509,-10.451,-2.127,
1821466096387,Gyro,0.024,-0.466,-3.518,
1821466096387,Lacc,-6.436,-4.042,0.139,
1821466096387,GameRo,-0.247,0.745,-0.250,0.567
1821474007885,pre,999.696,,,
1821485946768,acc,-12.906,-10.517,-3.657,
1821485946768,Gyro,0.194,-0.342,-3.296,
1821485946768,Lacc,-6.255,-3.644,-1.473,
1821485946768,GameRo,-0.272,0.733,-0.269,0.562
1821499030834,pre,999.709,,,
1821505836172,acc,-12.524,-9.448,-4.272,
1821505836172,Gyro,0.173,0.083,-2.978,
1821505836172,Lacc,-6.303,-2.172,-2.127,
1821505836172,GameRo,-0.293,0.723,-0.288,0.555
1821524104806,pre,999.709,,,
1821525706166,acc,-12.031,-8.113,-3.090,
1821525706166,Gyro,0.042,0.422,-2.577,
1821525706166,Lacc,-6.224,-0.512,-0.914,
1821525706166,GameRo,-0.311,0.717,-0.304,0.545
1821545575631,acc,-11.315,-7.019,-1.303,
1821545575631,Gyro,-0.050,0.344,-2.206,
1821545575631,Lacc,-5.879,0.837,0.925,
1821545575631,GameRo,-0.326,0.712,-0.318,0.534
1821549112699,pre,999.681,,,
1821565419339,acc,-10.189,-6.115,-0.334,
1821565419339,Gyro,-0.115,-0.038,-1.925,
1821565419339,Lacc,-5.068,1.943,1.920,
1821565419339,GameRo,-0.340,0.706,-0.327,0.527
1821574204780,pre,999.678,,,
1821585315335,acc,-9.212,-5.088,-0.019,
1821585315335,Gyro,-0.057,-0.429,-1.757,
1821585315335,Lacc,-4.346,3.133,2.209,
1821585315335,GameRo,-0.353,0.699,-0.335,0.524
1821599254868,pre,999.712,,,
1821605185369,acc,-8.744,-3.911,-0.751,
1821605185369,Gyro,0.014,-0.668,-1.551,
1821605185369,Lacc,-3.617,4.195,1.308,
1821605185369,GameRo,-0.349,0.695,-0.324,0.539
1821625029891,acc,-8.546,-3.482,-1.171,
1821625029891,Gyro,-0.064,-0.810,-1.386,
1821625029891,Lacc,-3.542,4.720,0.807,
1821625029891,GameRo,-0.358,0.687,-0.326,0.541
1821624302678,pre,999.733,,,
1821644925276,acc,-8.564,-3.137,-1.548,
1821644925276,Gyro,-0.298,-0.834,-1.215,
1821644925276,Lacc,-3.677,5.146,0.384,
1821644925276,GameRo,-0.369,0.680,-0.326,0.543
1821649350568,pre,999.709,,,
1821664769268,acc,-8.590,-2.825,-1.453,
1821664769268,Gyro,-0.309,-0.521,-0.953,
1821664769268,Lacc,-3.813,5.523,0.476,
1821664769268,GameRo,-0.379,0.674,-0.325,0.544
1821674398745,pre,999.657,,,
1821684644227,acc,-8.816,-2.822,-1.240,
1821684644227,Gyro,-0.038,-0.014,-0.662,
1821684644227,Lacc,-4.047,5.529,0.695,
1821684644227,GameRo,-0.382,0.673,-0.323,0.545
1821699429057,pre,999.648,,,
1821704534444,acc,-9.246,-2.705,-1.046,
1821704534444,Gyro,0.235,0.371,-0.404,
1821704534444,Lacc,-3.766,5.222,0.791,
1821704534444,GameRo,-0.357,0.683,-0.297,0.564
1821724403950,acc,-9.845,-2.328,-1.027,
1821724403950,Gyro,0.256,0.427,-0.160,
1821724403950,Lacc,-4.246,5.517,0.800,
1821724403950,GameRo,-0.350,0.686,-0.294,0.566
1821724467589,pre,999.678,,,
1821744274432,acc,-10.413,-2.150,-1.222,
1821744274432,Gyro,0.031,0.318,0.131,
1821744274432,Lacc,-4.815,5.691,0.624,
1821744274432,GameRo,-0.347,0.688,-0.296,0.564
1821749533343,pre,999.703,,,
1821764120623,acc,-10.901,-2.788,-0.851,
1821764120623,Gyro,-0.161,0.260,0.454,
1821764120623,Lacc,-5.254,5.006,1.045,
1821764120623,GameRo,-0.345,0.691,-0.294,0.563
1821774569271,pre,999.687,,,
1821784014013,acc,-11.471,-3.828,-0.416,
1821784014013,Gyro,-0.042,0.347,0.774,
1821784014013,Lacc,-5.728,3.883,1.533,
1821784014013,GameRo,-0.340,0.696,-0.290,0.563
1821799610122,pre,999.669,,,
1821803883437,acc,-12.188,-4.818,-0.500,
1821803883437,Gyro,0.247,0.477,1.104,
1821803883437,Lacc,-6.307,2.781,1.476,
1821803883437,GameRo,-0.331,0.701,-0.287,0.563
1821823752862,acc,-12.759,-5.607,-0.992,
1821823752862,Gyro,0.468,0.504,1.450,
1821823752862,Lacc,-6.695,1.847,0.982,
1821823752862,GameRo,-0.317,0.707,-0.284,0.565
1821824656223,pre,999.697,,,
1821843622856,acc,-13.370,-6.855,-1.761,
1821843622856,Gyro,0.457,0.369,1.793,
1821843622856,Lacc,-7.074,0.410,0.192,
1821843622856,GameRo,-0.301,0.713,-0.279,0.568
1821849701550,pre,999.739,,,
1821863492525,acc,-13.700,-8.430,-2.318,
1821863492525,Gyro,0.209,0.135,2.123,
1821863492525,Lacc,-7.123,-1.413,-0.383,
1821863492525,GameRo,-0.285,0.719,-0.270,0.573
1821874774059,pre,999.745,,,
1821883362437,acc,-13.468,-9.511,-2.295,
1821883362437,Gyro,-0.098,-0.060,2.409,
1821883362437,Lacc,-6.573,-2.806,-0.361,
1821883362437,GameRo,-0.268,0.726,-0.257,0.579
1821899822885,pre,999.724,,,
1821903206797,acc,-13.026,-10.115,-1.684,
1821903206797,Gyro,-0.256,-0.194,2.667,
1821903206797,Lacc,-5.787,-3.784,0.257,
1821903206797,GameRo,-0.251,0.732,-0.240,0.586
1821923087044,acc,-13.402,-11.877,-1.716,
1821923087044,Gyro,-0.258,-0.184,2.972,
1821923087044,Lacc,-5.808,-5.978,0.227,
1821923087044,GameRo,-0.232,0.738,-0.221,0.594
1821924844735,pre,999.700,,,
1821942971890,acc,-13.161,-14.010,-1.554,
1821942971890,Gyro,-0.070,-0.135,3.227,
1821942971890,Lacc,-5.205,-8.609,0.383,
1821942971890,GameRo,-0.210,0.745,-0.200,0.601
1821949926480,pre,999.675,,,
1821962841559,acc,-12.284,-14.411,-1.873,
1821962841559,Gyro,0.331,0.074,3.239,
1821962841559,Lacc,-3.994,-9.527,0.041,
1821962841559,GameRo,-0.185,0.751,-0.182,0.608
1821974966762,pre,999.687,,,
1821982710128,acc,-11.832,-13.741,-2.286,
1821982710128,Gyro,0.676,0.329,3.227,
1821982710128,Lacc,-3.258,-9.372,-0.384,
1821982710128,GameRo,-0.157,0.757,-0.168,0.612
1821999990035,pre,999.690,,,
1822002581059,acc,-11.508,-12.807,-2.424,
1822002581059,Gyro,0.690,0.449,3.291,
1822002581059,Lacc,-2.687,-8.969,-0.506,
1822002581059,GameRo,-0.127,0.763,-0.154,0.615
1822022450564,acc,-11.447,-12.523,-2.181,
1822022450564,Gyro,0.468,0.318,3.467,
1822022450564,Lacc,-2.402,-9.264,-0.233,
1822022450564,GameRo,-0.097,0.768,-0.138,0.618
1822025064782,pre,999.672,,,
1822042342938,acc,-10.955,-13.538,-1.987,
1822042342938,Gyro,0.197,0.042,3.609,
1822042342938,Lacc,-1.706,-10.917,-0.031,
1822042342938,GameRo,-0.068,0.771,-0.118,0.622
1822050082032,pre,999.678,,,
1822062165487,acc,-9.927,-14.471,-1.849,
1822062165487,Gyro,-0.007,-0.265,3.557,
1822062165487,Lacc,-0.509,-12.511,0.073,
1822062165487,GameRo,-0.041,0.772,-0.096,0.627
1822075164429,pre,999.687,,,
1822082061035,acc,-8.364,-13.898,-1.570,
1822082061035,Gyro,-0.060,-0.509,3.359,
1822082061035,Lacc,1.182,-12.581,0.270,
1822082061035,GameRo,-0.015,0.770,-0.075,0.633
1822100214639,pre,999.672,,,
1822101906778,acc,-6.668,-12.524,-1.275,
1822101906778,Gyro,-0.081,-0.765,3.187,
1822101906778,Lacc,2.966,-11.818,0.437,
1822101906778,GameRo,0.008,0.766,-0.054,0.640
1822121775062,acc,-4.771,-11.366,-1.032,
1822121775062,Gyro,-0.146,-1.141,3.042,
1822121775062,Lacc,4.919,-11.250,0.489,
1822121775062,GameRo,0.030,0.759,-0.034,0.649
1822125264565,pre,999.645,,,
1822141670081,acc,-2.247,-10.896,-1.250,
1822141670081,Gyro,-0.204,-1.497,2.680,
1822141670081,Lacc,7.474,-11.327,-0.004,
1822141670081,GameRo,0.050,0.749,-0.015,0.660
1822150314001,pre,999.654,,,
1822161539587,acc,-0.329,-10.300,-1.862,
1822161539587,Gyro,-0.187,-1.522,1.999,
1822161539587,Lacc,9.402,-11.108,-0.912,
1822161539587,GameRo,0.063,0.738,-0.002,0.672
1822175363683,pre,999.672,,,
1822181409459,acc,-0.002,-8.550,-1.756,
1822181409459,Gyro,-0.077,-1.279,1.350,
1822181409459,Lacc,9.723,-9.643,-1.070,
1822181409459,GameRo,0.073,0.728,0.008,0.682
1822201248325,acc,-0.294,-6.692,-1.413,
1822201248325,Gyro,0.095,-1.021,1.074,
1822201248325,Lacc,9.418,-7.990,-0.939,
1822201248325,GameRo,0.081,0.719,0.014,0.690
1822200414015,pre,999.690,,,
1822221117668,acc,-0.468,-5.879,-1.538,
1822221117668,Gyro,0.293,-0.637,1.014,
1822221117668,Lacc,9.223,-7.363,-1.206,
1822221117668,GameRo,0.090,0.713,0.018,0.695
1822225464754,pre,999.703,,,
1822241018871,acc,-0.463,-5.597,-1.755,
1822241018871,Gyro,0.426,-0.166,1.022,
1822241018871,Lacc,9.200,-7.265,-1.467,
1822241018871,GameRo,0.100,0.710,0.022,0.696
1822250490509,pre,999.706,,,
1822260888947,acc,-0.085,-5.829,-1.827,
1822260888947,Gyro,0.467,0.214,0.978,
1822260888947,Lacc,9.543,-7.680,-1.497,
1822260888947,GameRo,0.110,0.710,0.025,0.695
1822275565419,pre,999.709,,,
1822280733225,acc,0.340,-6.647,-1.984,
1822280733225,Gyro,0.326,0.465,0.734,
1822280733225,Lacc,9.934,-8.648,-1.560,
1822280733225,GameRo,0.118,0.713,0.029,0.691
1822300615995,acc,0.261,-6.836,-1.509,
1822300615995,Gyro,0.176,0.631,0.374,
1822300615995,Lacc,9.831,-8.921,-0.961,
1822300615995,GameRo,0.123,0.716,0.031,0.686
1822300633003,pre,999.706,,,
1822320497749,acc,-0.126,-6.823,-0.970,
1822320497749,Gyro,0.144,0.774,-0.005,
1822320497749,Lacc,9.432,-8.920,-0.276,
1822320497749,GameRo,0.124,0.721,0.031,0.681
1822325644518,pre,999.687,,,
1822340367743,acc,-0.492,-6.907,-0.703,
1822340367743,Gyro,0.154,0.874,-0.395,
1822340367743,Lacc,9.066,-8.941,0.160,
1822340367743,GameRo,0.122,0.727,0.029,0.675
1822350691635,pre,999.654,,,
1822360196030,acc,-1.090,-7.320,-0.577,
1822360196030,Gyro,0.114,0.885,-0.788,
1822360196030,Lacc,8.479,-9.216,0.462,
1822360196030,GameRo,0.118,0.734,0.024,0.668
1822375739649,pre,999.651,,,
1822380107649,acc,-1.731,-8.265,-0.575,
1822380107649,Gyro,0.062,0.837,-1.236,
1822380107649,Lacc,7.859,-9.944,0.631,
1822380107649,GameRo,0.110,0.741,0.017,0.662
1822399952091,acc,-2.672,-9.146,-0.679,
1822399952091,Gyro,-0.009,0.760,-1.722,
1822399952091,Lacc,7.016,-9.816,0.705,
1822399952091,GameRo,0.077,0.751,-0.022,0.655
1822400789492,pre,999.660,,,
1822419846905,acc,-4.023,-10.117,-0.942,
1822419846905,Gyro,-0.075,0.676,-2.209,
1822419846905,Lacc,5.665,-10.382,0.576,
1822419846905,GameRo,0.061,0.757,-0.034,0.649
1822425865093,pre,999.687,,,
1822439717063,acc,-5.676,-10.999,-1.520,
1822439717063,Gyro,-0.160,0.639,-2.589,
1822439717063,Lacc,3.994,-10.783,0.120,
1822439717063,GameRo,0.041,0.763,-0.049,0.643
1822450914490,pre,999.718,,,
1822459586893,acc,-7.427,-12.034,-1.786,
1822459586893,Gyro,-0.195,0.708,-2.906,
1822459586893,Lacc,2.192,-11.278,-0.013,
1822459586893,GameRo,0.019,0.768,-0.066,0.637
1822475965880,pre,999.712,,,
1822479456399,acc,-9.147,-12.118,-1.651,
1822479456399,Gyro,-0.129,0.763,-3.139,
1822479456399,Lacc,0.379,-10.772,0.269,
1822479456399,GameRo,-0.006,0.773,-0.084,0.629
1822499300921,acc,-11.537,-13.512,-1.975,
1822499300921,Gyro,-0.028,0.672,-3.094,
1822499300921,Lacc,-2.143,-11.571,0.083,
1822499300921,GameRo,-0.030,0.777,-0.104,0.620
1822500987852,pre,999.684,,,
1822519181006,acc,-12.299,-16.052,-2.770,
1822519181006,Gyro,-0.145,0.441,-3.093,
1822519181006,Lacc,-3.064,-13.544,-0.613,
1822519181006,GameRo,-0.053,0.779,-0.122,0.612
1822526048722,pre,999.690,,,
1822539040625,acc,-12.456,-17.100,-2.583,
1822539040625,Gyro,-0.395,0.136,-3.357,
1822539040625,Lacc,-3.412,-14.012,-0.364,
1822539040625,GameRo,-0.080,0.779,-0.140,0.606
1822551109635,pre,999.706,,,
1822558909886,acc,-12.331,-16.220,-1.967,
1822558909886,Gyro,-0.508,-0.110,-3.821,
1822558909886,Lacc,-3.534,-12.503,0.275,
1822558909886,GameRo,-0.111,0.776,-0.158,0.601
1822576160902,pre,999.681,,,
1822578805597,acc,-12.748,-13.352,-1.191,
1822578805597,Gyro,-0.414,-0.255,-4.222,
1822578805597,Lacc,-4.277,-8.941,1.051,
1822578805597,GameRo,-0.147,0.770,-0.179,0.595
1822598675387,acc,-13.864,-10.469,-0.784,
1822598675387,Gyro,-0.186,-0.500,-4.221,
1822598675387,Lacc,-5.781,-5.365,1.416,
1822598675387,GameRo,-0.181,0.761,-0.201,0.589
1822601209038,pre,999.648,,,
1822618519705,acc,-14.072,-9.096,-1.648,
1822618519705,Gyro,-0.056,-0.777,-3.723,
1822618519705,Lacc,-6.379,-3.381,0.447,
1822618519705,GameRo,-0.213,0.749,-0.222,0.586
1822626255585,pre,999.657,,,
1822638410777,acc,-13.530,-8.707,-2.847,
1822638410777,Gyro,0.061,-0.772,-3.245,
1822638410777,Lacc,-6.205,-2.485,-0.880,
1822638410777,GameRo,-0.240,0.737,-0.240,0.585
1822651281992,pre,999.699,,,
1822658270028,acc,-12.457,-7.915,-3.769,
1822658270028,Gyro,0.103,-0.372,-2.834,
1822658270028,Lacc,-5.486,-1.273,-1.891,
1822658270028,GameRo,-0.262,0.726,-0.257,0.582
1822676355111,pre,999.718,,,
1822678134896,acc,-11.540,-6.823,-3.478,
1822678134896,Gyro,0.068,0.168,-2.427,
1822678134896,Lacc,-4.914,0.166,-1.611,
1822678134896,GameRo,-0.279,0.719,-0.272,0.575
1822698023851,acc,-10.972,-6.004,-1.914,
1822698023851,Gyro,0.022,0.370,-2.052,
1822698023851,Lacc,-4.664,1.262,-0.003,
1822698023851,GameRo,-0.293,0.715,-0.285,0.567
1822701404508,pre,999.699,,,
1822717893927,acc,-10.172,-5.432,-0.622,
1822717893927,Gyro,-0.064,0.089,-1.749,
1822717893927,Lacc,-4.138,2.055,1.322,
1822717893927,GameRo,-0.306,0.711,-0.296,0.560
1822726453293,pre,999.699,,,
1822737763595,acc,-9.334,-4.752,-0.298,
1822737763595,Gyro,-0.202,-0.451,-1.564,
1822737763595,Lacc,-3.506,2.900,1.627,
1822737763595,GameRo,-0.318,0.705,-0.302,0.557
1822751503585,pre,999.739,,,
1822757633427,acc,-8.649,-3.846,-0.472,
1822757633427,Gyro,-0.390,-0.965,-1.441,
1822757633427,Lacc,-2.808,3.822,1.350,
1822757633427,GameRo,-0.324,0.698,-0.297,0.565
1822777467573,acc,-8.233,-3.257,-0.779,
1822777467573,Gyro,-0.576,-1.325,-1.329,
1822776553388,pre,999.757,,,
1822777467573,Lacc,-2.551,4.544,0.980,
1822777467573,GameRo,-0.340,0.688,-0.297,0.568
1822797372926,acc,-8.263,-3.007,-0.906,
1822797372926,Gyro,-0.689,-1.410,-1.211,
1822797372926,Lacc,-2.722,4.907,0.798,
1822797372926,GameRo,-0.357,0.678,-0.294,0.571
1822801577150,pre,999.715,,,
1822817242636,acc,-8.423,-2.870,-0.873,
1822817242636,Gyro,-0.674,-1.245,-1.018,
1822817242636,Lacc,-2.999,5.132,0.796,
1822817242636,GameRo,-0.371,0.669,-0.291,0.575
1822826653117,pre,999.675,,,
1822837112548,acc,-8.661,-2.962,-0.811,
1822837112548,Gyro,-0.527,-0.894,-0.780,
1822837112548,Lacc,-3.294,5.082,0.840,
1822837112548,GameRo,-0.382,0.662,-0.286,0.578
1822851679524,pre,999.672,,,
1822856982339,acc,-9.116,-2.892,-0.784,
1822856982339,Gyro,-0.294,-0.414,-0.505,
1822856982339,Lacc,-3.332,4.871,0.801,
1822856982339,GameRo,-0.372,0.665,-0.265,0.591
1822876827064,acc,-9.642,-2.730,-0.664,
1822876827064,Gyro,-0.052,0.115,-0.150,
1822876827064,Lacc,-3.512,4.774,0.872,
1822876827064,GameRo,-0.360,0.670,-0.249,0.600
1822876756223,pre,999.687,,,
1822896721758,acc,-10.085,-2.681,-0.362,
1822896721758,Gyro,0.177,0.543,0.269,
1822896721758,Lacc,-3.916,4.784,1.204,
1822896721758,GameRo,-0.356,0.673,-0.249,0.599
1822901779944,pre,999.678,,,
1822916591385,acc,-10.323,-3.080,-0.074,
1822916591385,Gyro,0.320,0.742,0.671,
1822916591385,Lacc,-4.090,4.322,1.536,
1822916591385,GameRo,-0.348,0.679,-0.250,0.596
1822926830724,pre,999.657,,,
1822936461502,acc,-10.663,-3.967,0.153,
1822936461502,Gyro,0.340,0.647,0.993,
1822936461502,Lacc,-4.317,3.331,1.800,
1822936461502,GameRo,-0.338,0.685,-0.249,0.595
1822951882236,pre,999.672,,,
1822956331211,acc,-11.112,-5.022,-0.020,
1822956331211,Gyro,0.267,0.335,1.222,
1822956331211,Lacc,-4.611,2.135,1.641,
1822956331211,GameRo,-0.327,0.691,-0.246,0.596
1822976201163,acc,-11.657,-6.049,-0.599,
1822976201163,Gyro,0.147,-0.044,1.379,
1822976201163,Lacc,-4.969,0.938,1.043,
1822976201163,GameRo,-0.317,0.695,-0.239,0.599
1822976933911,pre,999.718,,,
1822996070751,acc,-12.369,-6.983,-1.415,
1822996070751,Gyro,0.057,-0.263,1.577,
1822996070751,Lacc,-5.467,-0.199,0.185,
1822996070751,GameRo,-0.306,0.698,-0.230,0.605
1823001985871,pre,999.736,,,
1823015940501,acc,-13.158,-7.882,-2.210,
1823015940501,Gyro,0.049,-0.253,1.904,
1823015940501,Lacc,-6.009,-1.346,-0.655,
1823015940501,GameRo,-0.294,0.702,-0.219,0.611
1823027018869,pre,999.709,,,
1823035810292,acc,-13.442,-9.263,-2.314,
1823035810292,Gyro,0.117,-0.058,2.234,
1823035810292,Lacc,-6.016,-3.037,-0.789,
1823035810292,GameRo,-0.279,0.707,-0.206,0.616
1823052109119,pre,999.684,,,
1823055680123,acc,-13.403,-10.077,-1.865,
1823055680123,Gyro,0.218,0.082,2.460,
1823055680123,Lacc,-5.691,-4.205,-0.357,
1823055680123,GameRo,-0.261,0.713,-0.192,0.621
1823075554756,acc,-14.468,-11.800,-2.052,
1823075554756,Gyro,0.274,0.200,2.818,
1823075554756,Lacc,-6.459,-6.339,-0.547,
1823075554756,GameRo,-0.240,0.721,-0.178,0.626
1823077142727,pre,999.675,,,
1823095419582,acc,-14.640,-13.826,-2.075,
1823095419582,Gyro,0.373,0.235,3.109,
1823095419582,Lacc,-6.321,-8.850,-0.566,
1823095419582,GameRo,-0.215,0.728,-0.162,0.630
1823102215562,pre,999.687,,,
1823115290228,acc,-13.903,-13.767,-2.312,
1823115290228,Gyro,0.585,0.414,3.237,
1823115290228,Lacc,-5.295,-9.313,-0.798,
1823115290228,GameRo,-0.189,0.736,-0.146,0.634
1823127244612,pre,999.696,,,
1823135134749,acc,-13.186,-12.918,-2.377,
1823135134749,Gyro,0.694,0.762,3.415,
1823135134749,Lacc,-4.321,-9.021,-0.808,
1823135134749,GameRo,-0.159,0.745,-0.131,0.635
1823152320336,pre,999.675,,,
1823155029075,acc,-12.908,-12.906,-1.765,
1823155029075,Gyro,0.666,1.028,3.691,
1823155029075,Lacc,-3.819,-9.623,-0.073,
1823155029075,GameRo,-0.127,0.755,-0.115,0.633
1823174898785,acc,-12.700,-13.683,-1.054,
1823174898785,Gyro,0.644,1.121,4.014,
1823174898785,Lacc,-3.424,-11.088,0.806,
1823174898785,GameRo,-0.092,0.766,-0.097,0.629
1823177371400,pre,999.654,,,
1823194768494,acc,-11.979,-14.980,-0.604,
1823194768494,Gyro,0.651,1.101,4.209,
1823194768494,Lacc,-2.563,-13.133,1.435,
1823194768494,GameRo,-0.055,0.775,-0.077,0.625
1823202420309,pre,999.675,,,
1823214613301,acc,-10.414,-15.117,-0.226,
1823214613301,Gyro,0.698,0.858,4.120,
1823214613301,Lacc,-0.916,-14.022,1.972,
1823214613301,GameRo,-0.018,0.782,-0.057,0.620
1823227471414,pre,999.684,,,
1823234509052,acc,-8.535,-13.884,-0.074,
1823234509052,Gyro,0.651,0.446,3.890,
1823234509052,Lacc,0.994,-13.501,2.227,
1823234509052,GameRo,0.017,0.786,-0.038,0.617
1823252521177,pre,999.641,,,
1823254378233,acc,-6.518,-12.509,-0.428,
1823254378233,Gyro,0.425,-0.114,3.649,
1823254378233,Lacc,3.011,-12.798,1.884,
1823254378233,GameRo,0.049,0.784,-0.020,0.618
1823274247657,acc,-4.161,-11.481,-0.924,
1823274247657,Gyro,0.036,-0.603,3.326,
1823274247657,Lacc,5.348,-12.405,1.301,
1823274247657,GameRo,0.077,0.779,-0.001,0.622
1823277570125,pre,999.623,,,
1823294117609,acc,-2.257,-10.381,-0.925,
1823294117609,Gyro,-0.257,-0.953,2.924,
1823294117609,Lacc,7.219,-11.869,1.130,
1823294117609,GameRo,0.098,0.771,0.018,0.628
1823302620580,pre,999.669,,,
1823313987970,acc,-1.272,-9.349,-0.734,
1823313987970,Gyro,-0.214,-1.031,2.461,
1823313987970,Lacc,8.230,-10.896,1.153,
1823313987970,GameRo,0.104,0.765,0.016,0.635
1823327671074,pre,999.681,,,
1823333857028,acc,-0.826,-7.863,-0.474,
1823333857028,Gyro,0.088,-0.907,2.075,
1823333857028,Lacc,8.636,-9.811,1.231,
1823333857028,GameRo,0.121,0.757,0.029,0.642
1823353734948,acc,-0.544,-6.677,-0.614,
1823353734948,Gyro,0.354,-0.787,1.836,
1823353734948,Lacc,8.866,-8.961,0.954,
1823353734948,GameRo,0.137,0.749,0.037,0.647
1823352680921,pre,999.617,,,
1823373562217,acc,-0.050,-6.213,-0.948,
1823373562217,Gyro,0.396,-0.826,1.741,
1823373562217,Lacc,9.301,-8.803,0.494,
1823373562217,GameRo,0.153,0.742,0.044,0.652
1823393441091,acc,0.783,-7.023,-1.648,
1823393441091,Gyro,0.255,-0.826,1.453,
1823377775850,pre,999.602,,,
1823393441091,Lacc,10.074,-9.892,-0.343,
1823393441091,GameRo,0.166,0.734,0.050,0.656
1823402780039,pre,999.672,,,
1823413336638,acc,0.774,-7.128,-1.925,
1823413336638,Gyro,0.034,-0.695,0.979,
1823413336638,Lacc,10.017,-10.194,-0.751,
1823413336638,GameRo,0.176,0.727,0.055,0.661
1823427876718,pre,999.721,,,
1823433195240,acc,0.087,-6.560,-1.756,
1823433195240,Gyro,-0.094,-0.488,0.563,
1823433195240,Lacc,9.304,-9.744,-0.686,
1823433195240,GameRo,0.180,0.723,0.059,0.665
1823453050666,acc,-0.504,-6.397,-1.436,
1823453050666,Gyro,-0.089,-0.240,0.238,
1823453050666,Lacc,8.701,-9.635,-0.429,
1823453050666,GameRo,0.182,0.720,0.061,0.667
1823452916104,pre,999.715,,,
1823472945521,acc,-0.822,-6.685,-1.283,
1823472945521,Gyro,-0.009,-0.004,-0.082,
1823472945521,Lacc,8.386,-9.919,-0.289,
1823472945521,GameRo,0.181,0.720,0.061,0.668
1823477974819,pre,999.696,,,
1823492815190,acc,-1.045,-7.590,-1.469,
1823492815190,Gyro,0.003,0.169,-0.504,
1823492815190,Lacc,8.186,-10.750,-0.450,
1823492815190,GameRo,0.179,0.721,0.058,0.667
1823503042485,pre,999.696,,,
1823512685184,acc,-1.671,-8.210,-1.481,
1823512685184,Gyro,-0.046,0.338,-1.011,
1823512685184,Lacc,7.609,-11.206,-0.409,
1823512685184,GameRo,0.172,0.725,0.053,0.665
1823528056644,pre,999.693,,,
1823532537804,acc,-2.638,-8.670,-1.119,
1823532537804,Gyro,-0.092,0.423,-1.503,
1823532537804,Lacc,6.727,-11.353,0.034,
1823532537804,GameRo,0.160,0.730,0.042,0.663
1823552425620,acc,-3.609,-9.335,-0.864,
1823552425620,Gyro,-0.123,0.396,-2.001,
1823552425620,Lacc,6.003,-10.834,0.405,
1823552425620,GameRo,0.121,0.742,-0.004,0.660
1823553106609,pre,999.672,,,
1823572251018,acc,-4.653,-10.154,-1.042,
1823572251018,Gyro,-0.206,0.273,-2.522,
1823572251018,Lacc,5.011,-11.197,0.285,
1823572251018,GameRo,0.102,0.746,-0.019,0.657
1823578172364,pre,999.657,,,
1823592164184,acc,-6.034,-11.307,-1.583,
1823592164184,Gyro,-0.381,0.155,-3.050,
1823592164184,Lacc,3.669,-11.794,-0.224,
1823592164184,GameRo,0.078,0.750,-0.035,0.655
1823603233478,pre,999.644,,,
1823612034585,acc,-7.620,-11.762,-1.899,
1823612034585,Gyro,-0.546,0.049,-3.465,
1823612034585,Lacc,2.092,-11.606,-0.528,
1823612034585,GameRo,0.050,0.753,-0.054,0.654
1823628280678,pre,999.651,,,
1823631897743,acc,-9.286,-12.036,-2.440,
1823631897743,Gyro,-0.567,0.143,-3.732,
1823631897743,Lacc,0.388,-11.181,-1.049,
1823631897743,GameRo,0.018,0.755,-0.073,0.651
1823651773515,acc,-11.753,-13.596,-3.393,
1823651773515,Gyro,-0.382,0.521,-3.801,
1823651773515,Lacc,-2.183,-12.020,-1.918,
1823651773515,GameRo,-0.013,0.758,-0.094,0.645
1823653306555,pre,999.678,,,
1823671643184,acc,-13.805,-15.059,-4.145,
1823671643184,Gyro,-0.171,0.922,-3.777,
1823671643184,Lacc,-4.406,-12.771,-2.510,
1823671643184,GameRo,-0.043,0.763,-0.117,0.635
1823678381546,pre,999.675,,,
1823691513096,acc,-14.801,-14.764,-4.347,
1823691513096,Gyro,-0.135,1.253,-3.709,
1823691513096,Lacc,-5.640,-11.787,-2.490,
1823691513096,GameRo,-0.070,0.768,-0.141,0.621
1823703424472,pre,999.657,,,
1823711382928,acc,-14.585,-13.440,-3.230,
1823711382928,Gyro,-0.217,1.339,-3.656,
1823711382928,Lacc,-5.720,-9.810,-1.116,
1823711382928,GameRo,-0.098,0.773,-0.163,0.605
1823728482414,pre,999.690,,,
1823731252677,acc,-14.373,-11.817,-1.738,
1823731252677,Gyro,-0.337,1.051,-3.679,
1823731252677,Lacc,-5.850,-7.564,0.605,
1823731252677,GameRo,-0.126,0.777,-0.184,0.589
1823751122346,acc,-14.521,-10.773,-0.613,
1823751122346,Gyro,-0.473,0.285,-3.536,
1823751122346,Lacc,-6.353,-5.939,1.867,
1823751122346,GameRo,-0.155,0.776,-0.202,0.577
1823753514395,pre,999.736,,,
1823770967560,acc,-13.927,-10.531,-0.803,
1823770967560,Gyro,-0.490,-0.449,-3.401,
1823770967560,Lacc,-6.091,-5.179,1.687,
1823770967560,GameRo,-0.185,0.770,-0.217,0.571
1823778583933,pre,999.715,,,
1823790861765,acc,-13.096,-9.727,-1.918,
1823790861765,Gyro,-0.346,-0.844,-3.250,
1823790861765,Lacc,-5.589,-3.887,0.484,
1823790861765,GameRo,-0.214,0.759,-0.231,0.569
1823803633492,pre,999.666,,,
1823810731677,acc,-12.370,-8.519,-2.644,
1823810731677,Gyro,-0.153,-0.544,-3.076,
1823810731677,Lacc,-5.207,-2.234,-0.316,
1823810731677,GameRo,-0.241,0.749,-0.246,0.567
1823828685412,pre,999.672,,,
1823830601589,acc,-11.805,-6.782,-2.614,
1823830601589,Gyro,0.090,0.013,-2.807,
1823830601589,Lacc,-5.005,-0.095,-0.315,
1823830601589,GameRo,-0.262,0.741,-0.262,0.561
1823850471421,acc,-11.468,-5.284,-1.717,
1823850471421,Gyro,0.284,0.407,-2.454,
1823850471421,Lacc,-5.032,1.750,0.594,
1823850471421,GameRo,-0.279,0.735,-0.278,0.552
1823853701849,pre,999.699,,,
1823870308212,acc,-11.106,-4.055,-1.058,
1823870308212,Gyro,0.326,0.427,-2.039,
1823870308212,Lacc,-4.999,3.262,1.262,
1823870308212,GameRo,-0.291,0.730,-0.294,0.543
1823878804712,pre,999.672,,,
1823890210921,acc,-10.605,-3.150,-0.722,
1823890210921,Gyro,0.220,0.131,-1.615,
1823890210921,Lacc,-4.761,4.384,1.588,
1823890210921,GameRo,-0.301,0.726,-0.306,0.537
1823903837018,pre,999.635,,,
1823910080548,acc,-9.764,-2.702,-0.873,
1823910080548,Gyro,-0.029,-0.312,-1.282,
1823910080548,Lacc,-3.890,4.831,1.360,
1823910080548,GameRo,-0.303,0.722,-0.304,0.542
1823929925926,acc,-9.035,-2.610,-0.983,
1823929925926,Gyro,-0.412,-0.723,-1.056,
1823929925926,Lacc,-3.085,4.883,1.185,
1823929925926,GameRo,-0.307,0.718,-0.297,0.549
1823928888491,pre,999.654,,,
1823949794495,acc,-8.663,-2.660,-0.802,
1823949794495,Gyro,-0.765,-1.036,-0.901,
1823949794495,Lacc,-2.789,4.897,1.349,
1823949794495,GameRo,-0.319,0.712,-0.293,0.552
1823953912943,pre,999.675,,,
1823969664692,acc,-8.564,-2.554,-0.471,
1823969664692,Gyro,-0.968,-1.144,-0.751,
1823969664692,Lacc,-2.751,5.049,1.685,
1823969664692,GameRo,-0.333,0.706,-0.287,0.555
1823978988179,pre,999.684,,,
1823989537209,acc,-8.557,-2.351,-0.013,
1823989537209,Gyro,-0.983,-1.003,-0.534,
1823989537209,Lacc,-2.783,5.274,2.168,
1823989537209,GameRo,-0.346,0.701,-0.279,0.558
1824004054013,pre,999.699,,,
1824009429623,acc,-8.606,-2.492,0.421,
1824009429623,Gyro,-0.801,-0.675,-0.279,
1824009429623,Lacc,-2.839,5.127,2.640,
1824009429623,GameRo,-0.355,0.698,-0.272,0.559
1824029299252,acc,-9.157,-2.715,0.693,
1824029299252,Gyro,-0.416,-0.263,0.040,
1824029299252,Lacc,-2.948,4.607,2.711,
1824029299252,GameRo,-0.344,0.696,-0.251,0.578
1824029086849,pre,999.706,,,
1824049131078,acc,-9.593,-3.048,0.794,
1824049131078,Gyro,0.122,0.168,0.384,
1824049131078,Lacc,-3.089,4.053,2.666,
1824049131078,GameRo,-0.332,0.697,-0.239,0.589
1824054122817,pre,999.699,,,
1824069016087,acc,-9.796,-3.536,0.504,
1824069016087,Gyro,0.555,0.432,0.651,
1824069016087,Lacc,-3.194,3.482,2.344,
1824069016087,GameRo,-0.323,0.700,-0.239,0.591
1824079161838,pre,999.690,,,
1824088882581,acc,-10.217,-4.126,-0.495,
1824088882581,Gyro,0.712,0.518,0.827,
1824088882581,Lacc,-3.522,2.813,1.313,
1824088882581,GameRo,-0.312,0.704,-0.240,0.592
1824104210665,pre,999.684,,,
1824108778414,acc,-10.909,-4.359,-1.214,
1824108778414,Gyro,0.708,0.576,1.027,
1824108778414,Lacc,-4.102,2.475,0.572,
1824108778414,GameRo,-0.299,0.708,-0.241,0.592
1824128647960,acc,-11.848,-4.998,-1.704,
1824128647960,Gyro,0.786,0.605,1.257,
1824128647960,Lacc,-4.900,1.699,0.063,
1824128647960,GameRo,-0.285,0.713,-0.241,0.593
1824129262300,pre,999.687,,,
1824148542083,acc,-12.674,-6.369,-2.921,
1824148542083,Gyro,0.882,0.644,1.515,
1824148542083,Lacc,-5.559,0.156,-1.179,
1824148542083,GameRo,-0.268,0.719,-0.241,0.594
1824154311695,pre,999.693,,,
1824168387582,acc,-13.390,-8.148,-3.560,
1824168387582,Gyro,0.706,0.535,1.731,
1824168387582,Lacc,-6.081,-1.836,-1.834,
1824168387582,GameRo,-0.250,0.725,-0.238,0.596
1824179388029,pre,999.696,,,
1824188257535,acc,-13.702,-8.825,-3.369,
1824188257535,Gyro,0.290,0.208,1.894,
1824188257535,Lacc,-6.177,-2.772,-1.648,
1824188257535,GameRo,-0.233,0.730,-0.231,0.599
1824208107510,acc,-14.295,-9.630,-2.920,
1824208107510,Gyro,-0.209,-0.204,2.140,
1824208107510,Lacc,-6.527,-3.888,-1.205,
1824208107510,GameRo,-0.219,0.735,-0.218,0.604
1824204429246,pre,999.690,,,
1824227997564,acc,-15.484,-12.745,-2.728,
1824227997564,Gyro,-0.516,-0.475,2.575,
1824227997564,Lacc,-7.436,-7.400,-1.026,
1824227997564,GameRo,-0.205,0.738,-0.200,0.611
1824229462652,pre,999.669,,,
1824247866826,acc,-15.010,-14.792,-2.335,
1824247866826,Gyro,-0.411,-0.564,2.830,
1824247866826,Lacc,-6.660,-9.918,-0.676,
1824247866826,GameRo,-0.189,0.741,-0.178,0.620
1824254537235,pre,999.675,,,
1824267736413,acc,-13.877,-14.204,-2.247,
1824267736413,Gyro,-0.085,-0.477,2.963,
1824267736413,Lacc,-5.243,-9.826,-0.660,
1824267736413,GameRo,-0.169,0.743,-0.157,0.628
1824279588056,pre,999.696,,,
1824287606163,acc,-12.799,-12.978,-2.064,
1824287606163,Gyro,0.082,-0.353,3.209,
1824287606163,Lacc,-3.901,-9.136,-0.548,
1824287606163,GameRo,-0.146,0.746,-0.138,0.635
1824304638226,pre,999.696,,,
1824307475994,acc,-12.138,-12.981,-1.600,
1824307475994,Gyro,0.108,-0.357,3.549,
1824307475994,Lacc,-2.989,-9.750,-0.152,
1824307475994,GameRo,-0.121,0.748,-0.116,0.642
1824327346029,acc,-11.356,-14.534,-1.576,
1824327346029,Gyro,0.147,-0.429,3.838,
1824327346029,Lacc,-1.981,-11.989,-0.211,
1824327346029,GameRo,-0.093,0.749,-0.093,0.649
1824329663371,pre,999.681,,,
1824347215576,acc,-9.817,-16.042,-2.007,
1824347215576,Gyro,0.194,-0.428,3.875,
1824347215576,Lacc,-0.261,-14.222,-0.735,
1824347215576,GameRo,-0.063,0.749,-0.069,0.656
1824354737263,pre,999.666,,,
1824367085691,acc,-7.918,-15.721,-1.953,
1824367085691,Gyro,0.292,-0.320,3.648,
1824367085691,Lacc,1.754,-14.602,-0.756,
1824367085691,GameRo,-0.034,0.748,-0.046,0.661
1824379782997,pre,999.663,,,
1824386943845,acc,-6.239,-13.885,-1.474,
1824386943845,Gyro,0.438,-0.202,3.343,
1824386943845,Lacc,3.492,-13.413,-0.329,
1824386943845,GameRo,-0.006,0.747,-0.027,0.664
1824406799882,acc,-4.809,-11.888,-0.840,
1824406799882,Gyro,0.592,-0.144,3.062,
1824406799882,Lacc,4.936,-12.002,0.276,
1824406799882,GameRo,0.020,0.746,-0.010,0.666
1824404807451,pre,999.657,,,
1824426694982,acc,-3.392,-10.392,-0.663,
1824426694982,Gyro,0.717,-0.186,2.779,
1824426694982,Lacc,6.336,-11.038,0.426,
1824426694982,GameRo,0.046,0.744,0.003,0.667
1824429880203,pre,999.651,,,
1824446564284,acc,-2.232,-9.226,-0.987,
1824446564284,Gyro,0.752,-0.222,2.453,
1824446564284,Lacc,7.506,-9.636,0.129,
1824446564284,GameRo,0.044,0.745,-0.011,0.666
1824454929437,pre,999.669,,,
1824466431959,acc,-1.688,-7.780,-0.959,
1824466431959,Gyro,0.712,-0.256,2.193,
1824466431959,Lacc,8.028,-8.599,0.120,
1824466431959,GameRo,0.065,0.742,-0.002,0.667
1824479976229,pre,999.690,,,
1824486295931,acc,-1.070,-6.650,-1.041,
1824486295931,Gyro,0.665,-0.317,2.074,
1824486295931,Lacc,8.611,-7.850,-0.004,
1824486295931,GameRo,0.085,0.739,0.006,0.669
1824506154694,acc,-0.197,-6.460,-1.431,
1824506154694,Gyro,0.574,-0.389,1.968,
1824506154694,Lacc,9.437,-8.024,-0.445,
1824506154694,GameRo,0.103,0.735,0.014,0.670
1824505028352,pre,999.675,,,
1824526043610,acc,0.782,-6.919,-2.009,
1824526043610,Gyro,0.500,-0.402,1.749,
1824526043610,Lacc,10.361,-8.818,-1.083,
1824526043610,GameRo,0.120,0.730,0.022,0.673
1824530076771,pre,999.641,,,
1824545913725,acc,1.402,-7.654,-2.737,
1824545913725,Gyro,0.338,-0.226,1.266,
1824545913725,Lacc,10.930,-9.813,-1.848,
1824545913725,GameRo,0.133,0.726,0.028,0.674
1824555110665,pre,999.641,,,
1824565757312,acc,1.138,-7.534,-2.548,
1824565757312,Gyro,0.107,-0.024,0.719,
1824565757312,Lacc,10.630,-9.848,-1.664,
1824565757312,GameRo,0.140,0.725,0.032,0.674
1824580174710,pre,999.672,,,
1824585634141,acc,0.413,-7.018,-1.655,
1824585634141,Gyro,-0.066,0.070,0.311,
1824585634141,Lacc,9.887,-9.401,-0.758,
1824585634141,GameRo,0.143,0.725,0.035,0.673
1824605503444,acc,0.135,-7.016,-1.151,
1824605503444,Gyro,-0.177,0.050,-0.032,
1824605503444,Lacc,9.606,-9.408,-0.246,
1824605503444,GameRo,0.142,0.725,0.037,0.673
1824605223415,pre,999.678,,,
1824625392888,acc,-0.147,-7.213,-0.947,
1824625392888,Gyro,-0.303,0.015,-0.423,
1824625392888,Lacc,9.339,-9.545,-0.048,
1824625392888,GameRo,0.138,0.726,0.036,0.673
1824630270980,pre,999.669,,,
1824645262515,acc,-0.564,-7.403,-0.676,
1824645262515,Gyro,-0.374,-0.019,-0.835,
1824645262515,Lacc,8.956,-9.599,0.204,
1824645262515,GameRo,0.130,0.727,0.034,0.674
1824655298852,pre,999.681,,,
1824665121198,acc,-1.159,-8.057,-0.724,
1824665121198,Gyro,-0.331,0.012,-1.310,
1824665121198,Lacc,8.411,-10.031,0.142,
1824665121198,GameRo,0.119,0.728,0.028,0.675
1824680325461,pre,999.706,,,
1824685002137,acc,-2.046,-8.544,-1.042,
1824685002137,Gyro,-0.232,0.082,-1.799,
1824685002137,Lacc,7.585,-10.195,-0.176,
1824685002137,GameRo,0.104,0.730,0.019,0.675
1824704871725,acc,-3.224,-9.064,-1.604,
1824704871725,Gyro,-0.133,0.250,-2.207,
1824704871725,Lacc,6.480,-8.222,-0.439,
1824704871725,GameRo,0.014,0.748,-0.069,0.660
1824705388733,pre,999.706,,,
1824724741556,acc,-4.816,-10.036,-2.242,
1824724741556,Gyro,-0.090,0.525,-2.520,
1824724741556,Lacc,4.825,-8.722,-0.992,
1824724741556,GameRo,-0.005,0.751,-0.085,0.655
1824730435891,pre,999.687,,,
1824744611265,acc,-6.601,-11.156,-2.425,
1824744611265,Gyro,-0.155,0.768,-2.777,
1824744611265,Lacc,2.936,-9.323,-1.035,
1824744611265,GameRo,-0.026,0.755,-0.102,0.647
1824755482359,pre,999.693,,,
1824764455421,acc,-8.285,-12.567,-1.871,
1824764455421,Gyro,-0.246,0.800,-3.079,
1824764455421,Lacc,1.102,-10.178,-0.316,
1824764455421,GameRo,-0.049,0.760,-0.120,0.638
1824780553564,pre,999.715,,,
1824784305192,acc,-10.293,-14.006,-2.053,
1824784305192,Gyro,-0.213,0.773,-3.338,
1824784305192,Lacc,-1.109,-11.014,-0.341,
1824784305192,GameRo,-0.074,0.763,-0.139,0.627
1824804216283,acc,-11.792,-16.086,-2.801,
1824804216283,Gyro,-0.218,0.661,-3.520,
1824804216283,Lacc,-2.860,-12.475,-0.950,
1824804216283,GameRo,-0.101,0.764,-0.160,0.617
1824805579565,pre,999.709,,,
1824824079441,acc,-12.352,-16.814,-3.190,
1824824079441,Gyro,-0.391,0.564,-3.806,
1824824079441,Lacc,-3.734,-12.566,-1.212,
1824824079441,GameRo,-0.130,0.764,-0.181,0.605
1824830655409,pre,999.690,,,
1824843959689,acc,-12.771,-15.843,-2.610,
1824843959689,Gyro,-0.497,0.509,-4.117,
1824843959689,Lacc,-4.542,-10.938,-0.500,
1824843959689,GameRo,-0.162,0.762,-0.202,0.593
1824855678764,pre,999.684,,,
1824863829317,acc,-13.334,-13.430,-1.631,
1824863829317,Gyro,-0.408,0.415,-4.306,
1824863829317,Lacc,-5.571,-7.862,0.598,
1824863829317,GameRo,-0.196,0.758,-0.224,0.580
1824880754120,pre,999.706,,,
1824883699352,acc,-14.038,-10.742,-1.197,
1824883699352,Gyro,-0.155,0.244,-4.152,
1824883699352,Lacc,-6.786,-4.550,1.106,
1824883699352,GameRo,-0.229,0.752,-0.247,0.567
1824903543792,acc,-14.318,-9.683,-1.881,
1824903543792,Gyro,0.083,0.047,-3.678,
1824903543792,Lacc,-7.565,-2.954,0.431,
1824903543792,GameRo,-0.257,0.743,-0.269,0.557
1824905781585,pre,999.727,,,
1824923444955,acc,-13.845,-9.528,-3.101,
1824923444955,Gyro,0.080,-0.002,-3.205,
1824923444955,Lacc,-7.550,-2.362,-0.808,
1824923444955,GameRo,-0.281,0.734,-0.288,0.548
1824930850838,pre,999.730,,,
1824943308520,acc,-12.838,-8.946,-3.750,
1824943308520,Gyro,-0.126,0.087,-2.791,
1824943308520,Lacc,-6.968,-1.430,-1.451,
1824943308520,GameRo,-0.302,0.725,-0.304,0.539
1824955855232,pre,999.721,,,
1824963178108,acc,-12.166,-7.961,-2.693,
1824963178108,Gyro,-0.290,0.360,-2.406,
1824963178108,Lacc,-6.690,-0.176,-0.319,
1824963178108,GameRo,-0.321,0.720,-0.316,0.528
1824980945155,pre,999.721,,,
1824983022507,acc,-11.665,-6.970,-1.065,
1824983022507,Gyro,-0.209,0.339,-2.028,
1824983022507,Lacc,-6.539,1.026,1.391,
1824983022507,GameRo,-0.336,0.716,-0.326,0.518
1825002917566,acc,-10.792,-6.473,-0.237,
1825002917566,Gyro,-0.133,-0.059,-1.757,
1825002917566,Lacc,-5.961,1.694,2.251,
1825002917566,GameRo,-0.349,0.711,-0.335,0.511
1825005970179,pre,999.718,,,
1825022765506,acc,-9.584,-5.832,-0.249,
1825022765506,Gyro,-0.181,-0.621,-1.631,
1825022765506,Lacc,-4.997,2.481,2.220,
1825022765506,GameRo,-0.362,0.703,-0.341,0.508
1825031043785,pre,999.712,,,
1825042656984,acc,-8.664,-4.889,-0.494,
1825042656984,Gyro,-0.231,-1.035,-1.566,
1825042656984,Lacc,-3.666,3.269,1.671,
1825042656984,GameRo,-0.348,0.699,-0.331,0.529
1825056070111,pre,999.699,,,
1825062527060,acc,-8.173,-3.913,-0.890,
1825062527060,Gyro,-0.268,-1.252,-1.447,
1825062527060,Lacc,-3.347,4.370,1.194,
1825062527060,GameRo,-0.363,0.689,-0.332,0.532
1825081140096,pre,999.681,,,
1825082374023,acc,-7.814,-3.149,-1.361,
1825082374023,Gyro,-0.295,-1.233,-1.235,
1825082374023,Lacc,-3.148,5.242,0.652,
1825082374023,GameRo,-0.377,0.678,-0.332,0.536
1825102266479,acc,-7.755,-2.948,-1.792,
1825102266479,Gyro,-0.316,-0.984,-1.015,
1825102266479,Lacc,-3.222,5.528,0.172,
1825102266479,GameRo,-0.390,0.669,-0.332,0.538
1825106164550,pre,999.693,,,
1825122136228,acc,-8.116,-2.962,-1.803,
1825122136228,Gyro,-0.366,-0.605,-0.798,
1825122136228,Lacc,-3.696,5.575,0.156,
1825122136228,GameRo,-0.400,0.663,-0.331,0.539
1825131239784,pre,999.702,,,
1825142006142,acc,-8.583,-2.920,-1.173,
1825142006142,Gyro,-0.318,-0.191,-0.537,
1825142006142,Lacc,-4.221,5.639,0.818,
1825142006142,GameRo,-0.406,0.661,-0.329,0.538
1825156291175,pre,999.690,,,
1825161875932,acc,-8.943,-3.011,-0.449,
1825161875932,Gyro,-0.174,0.122,-0.233,
1825161875932,Lacc,-4.414,5.459,1.547,
1825161875932,GameRo,-0.401,0.664,-0.323,0.542
1825181746617,acc,-9.067,-3.439,-0.010,
1825181746617,Gyro,-0.020,0.289,0.055,
1825181746617,Lacc,-3.737,4.608,1.747,
1825181746617,GameRo,-0.366,0.675,-0.301,0.566
1825181338780,pre,999.660,,,
1825201615554,acc,-9.317,-3.632,0.202,
1825201615554,Gyro,0.085,0.340,0.290,
1825201615554,Lacc,-3.570,4.148,1.838,
1825201615554,GameRo,-0.346,0.681,-0.289,0.577
1825206410312,pre,999.675,,,
1825221440056,acc,-9.666,-3.666,0.242,
1825221440056,Gyro,0.141,0.279,0.575,
1825221440056,Lacc,-3.809,4.032,1.878,
1825221440056,GameRo,-0.339,0.684,-0.287,0.578
1825231437452,pre,999.706,,,
1825241354932,acc,-9.990,-4.648,0.037,
1825241354932,Gyro,0.167,0.171,0.861,
1825241354932,Lacc,-4.019,2.962,1.672,
1825241354932,GameRo,-0.332,0.688,-0.284,0.580
1825256469148,pre,999.715,,,
1825261224722,acc,-10.407,-5.775,-0.283,
1825261224722,Gyro,0.195,0.045,1.087,
1825261224722,Lacc,-4.283,1.717,1.333,
1825261224722,GameRo,-0.324,0.691,-0.279,0.583
1825281094432,acc,-10.989,-6.553,-0.759,
1825281094432,Gyro,0.209,-0.056,1.328,
1825281094432,Lacc,-4.679,0.789,0.823,
1825281094432,GameRo,-0.314,0.694,-0.273,0.587
1825281505605,pre,999.709,,,
1825300964832,acc,-11.635,-7.499,-1.301,
1825300964832,Gyro,0.189,-0.112,1.630,
1825300964832,Lacc,-5.100,-0.346,0.238,
1825300964832,GameRo,-0.303,0.698,-0.265,0.593
1825306566028,pre,999.715,,,
1825320833850,acc,-11.972,-8.741,-1.429,
1825320833850,Gyro,0.175,-0.168,1.899,
1825320833850,Lacc,-5.176,-1.826,0.066,
1825320833850,GameRo,-0.289,0.702,-0.255,0.599
1825331617582,pre,999.696,,,
1825340703722,acc,-11.944,-9.607,-1.135,
1825340703722,Gyro,0.150,-0.336,2.044,
1825340703722,Lacc,-4.868,-2.966,0.301,
1825340703722,GameRo,-0.275,0.705,-0.244,0.606
1825356691310,pre,999.666,,,
1825360573268,acc,-12.048,-9.594,-1.058,
1825360573268,Gyro,0.121,-0.580,2.155,
1825360573268,Lacc,-4.686,-3.252,0.289,
1825360573268,GameRo,-0.260,0.708,-0.230,0.615
1825380443262,acc,-13.134,-11.340,-1.625,
1825380443262,Gyro,0.146,-0.733,2.444,
1825380443262,Lacc,-5.468,-5.343,-0.398,
1825380443262,GameRo,-0.245,0.709,-0.215,0.625
1825381716578,pre,999.669,,,
1825400313703,acc,-12.787,-12.648,-2.133,
1825400313703,Gyro,0.333,-0.765,2.654,
1825400313703,Lacc,-4.802,-7.052,-1.056,
1825400313703,GameRo,-0.226,0.710,-0.199,0.637
1825406790062,pre,999.684,,,
1825420182599,acc,-12.508,-12.695,-2.827,
1825420182599,Gyro,0.627,-0.576,2.762,
1825420182599,Lacc,-4.219,-7.529,-1.914,
1825420182599,GameRo,-0.205,0.710,-0.184,0.648
1825431842145,pre,999.672,,,
1825440052267,acc,-12.355,-12.096,-3.419,
1825440052267,Gyro,0.753,-0.288,2.943,
1825440052267,Lacc,-3.779,-7.397,-2.644,
1825440052267,GameRo,-0.181,0.712,-0.170,0.657
1825456892477,pre,999.629,,,
1825459922343,acc,-12.186,-12.061,-3.199,
1825459922343,Gyro,0.657,-0.038,3.230,
1825459922343,Lacc,-3.334,-7.890,-2.502,
1825459922343,GameRo,-0.154,0.715,-0.154,0.664
1825479791930,acc,-11.883,-13.111,-2.732,
1825479791930,Gyro,0.454,0.030,3.520,
1825479791930,Lacc,-2.768,-9.545,-2.068,
1825479791930,GameRo,-0.126,0.720,-0.135,0.669
1825481916157,pre,999.599,,,
1825499661680,acc,-10.885,-14.454,-2.345,
1825499661680,Gyro,0.283,0.011,3.637,
1825499661680,Lacc,-1.537,-11.548,-1.699,
1825499661680,GameRo,-0.098,0.723,-0.114,0.674
1825506990415,pre,999.614,,,
1825519531227,acc,-9.198,-14.469,-1.639,
1825519531227,Gyro,0.171,-0.119,3.436,
1825519531227,Lacc,0.330,-12.222,-1.015,
1825519531227,GameRo,-0.071,0.726,-0.091,0.678
1825532036679,pre,999.663,,,
1825539401383,acc,-8.078,-13.094,-0.966,
1825539401383,Gyro,0.232,-0.165,3.129,
1825539401383,Lacc,1.576,-11.451,-0.379,
1825539401383,GameRo,-0.047,0.726,-0.071,0.682
1825557084569,pre,999.684,,,
1825559271337,acc,-7.161,-11.452,-0.417,
1825559271337,Gyro,0.425,-0.230,2.929,
1825559271337,Lacc,2.575,-10.372,0.120,
1825559271337,GameRo,-0.024,0.726,-0.053,0.685
1825579140598,acc,-5.982,-10.116,-0.369,
1825579140598,Gyro,0.618,-0.295,2.829,
1825579140598,Lacc,3.802,-9.578,0.105,
1825579140598,GameRo,0.000,0.724,-0.038,0.689
1825582134780,pre,999.663,,,
1825599010511,acc,-4.266,-9.341,-0.786,
1825599010511,Gyro,0.736,-0.322,2.690,
1825599010511,Lacc,5.534,-9.183,-0.374,
1825599010511,GameRo,0.018,0.722,-0.029,0.691
1825607184379,pre,999.638,,,
1825618880220,acc,-2.616,-8.558,-1.076,
1825618880220,Gyro,0.725,-0.332,2.529,
1825618880220,Lacc,7.182,-8.872,-0.723,
1825618880220,GameRo,0.041,0.719,-0.017,0.694
1825632236706,pre,999.666,,,
1825638724987,acc,-1.236,-7.947,-1.218,
1825638724987,Gyro,0.728,-0.363,2.344,
1825638724987,Lacc,8.539,-8.717,-0.927,
1825638724987,GameRo,0.063,0.715,-0.006,0.696
1825658595225,acc,-0.321,-7.423,-1.586,
1825658595225,Gyro,0.728,-0.310,2.100,
1825658595225,Lacc,9.414,-8.605,-1.344,
1825658595225,GameRo,0.083,0.711,0.003,0.698
1825657299041,pre,999.696,,,
1825678489632,acc,0.328,-6.956,-1.770,
1825678489632,Gyro,0.693,-0.258,1.839,
1825678489632,Lacc,10.013,-8.499,-1.559,
1825678489632,GameRo,0.101,0.707,0.011,0.699
1825682337411,pre,999.681,,,
1825698359790,acc,1.198,-6.980,-2.399,
1825698359790,Gyro,0.566,-0.166,1.490,
1825698359790,Lacc,10.831,-8.824,-2.204,
1825698359790,GameRo,0.117,0.705,0.018,0.700
1825707400804,pre,999.669,,,
1825718229742,acc,1.699,-7.163,-2.829,
1825718229742,Gyro,0.273,-0.030,1.025,
1825718229742,Lacc,11.288,-9.225,-2.631,
1825718229742,GameRo,0.127,0.703,0.023,0.700
1825732451910,pre,999.675,,,
1825738098842,acc,1.333,-7.102,-2.374,
1825738098842,Gyro,-0.094,0.097,0.549,
1825738098842,Lacc,10.895,-9.286,-2.160,
1825738098842,GameRo,0.132,0.702,0.027,0.699
1825757961389,acc,0.660,-6.937,-1.412,
1825757961389,Gyro,-0.248,0.220,0.150,
1825757961389,Lacc,10.210,-9.165,-1.174,
1825757961389,GameRo,0.132,0.703,0.031,0.698
1825757490605,pre,999.684,,,
1825777838464,acc,0.092,-7.058,-0.930,
1825777838464,Gyro,-0.227,0.363,-0.224,
1825777838464,Lacc,9.648,-9.259,-0.641,
1825777838464,GameRo,0.129,0.706,0.032,0.696
1825782541222,pre,999.678,,,
1825797708091,acc,-0.523,-7.475,-0.750,
1825797708091,Gyro,-0.162,0.490,-0.592,
1825797708091,Lacc,9.052,-9.578,-0.382,
1825797708091,GameRo,0.124,0.710,0.030,0.693
1825807569622,pre,999.669,,,
1825817578330,acc,-1.126,-8.251,-0.793,
1825817578330,Gyro,-0.103,0.609,-1.000,
1825817578330,Lacc,8.480,-10.182,-0.320,
1825817578330,GameRo,0.116,0.715,0.025,0.689
1825832606690,pre,999.675,,,
1825837408000,acc,-1.910,-9.125,-0.808,
1825837408000,Gyro,-0.058,0.715,-1.469,
1825837408000,Lacc,7.770,-10.589,-0.193,
1825837408000,GameRo,0.098,0.722,0.011,0.685
1825857292601,acc,-3.136,-10.129,-0.901,
1825857292601,Gyro,0.011,0.806,-1.973,
1825857292601,Lacc,6.583,-11.221,-0.135,
1825857292601,GameRo,0.084,0.729,-0.002,0.679
1825857692259,pre,999.684,,,
1825877187701,acc,-4.823,-10.988,-1.192,
1825877187701,Gyro,0.084,0.811,-2.424,
1825877187701,Lacc,4.923,-11.627,-0.265,
1825877187701,GameRo,0.067,0.737,-0.017,0.673
1825882724566,pre,999.681,,,
1825897046994,acc,-6.292,-11.802,-1.826,
1825897046994,Gyro,0.085,0.764,-2.828,
1825897046994,Lacc,3.458,-11.906,-0.746,
1825897046994,GameRo,0.048,0.743,-0.036,0.666
1825907773148,pre,999.681,,,
1825916906978,acc,-7.788,-12.259,-2.491,
1825916906978,Gyro,0.032,0.759,-3.161,
1825916906978,Lacc,1.933,-11.760,-1.267,
1825916906978,GameRo,0.025,0.750,-0.056,0.659
1825932849442,pre,999.699,,,
1825936756668,acc,-10.180,-13.450,-3.420,
1825936756668,Gyro,0.034,0.885,-3.301,
1825936756668,Lacc,-0.536,-12.309,-2.035,
1825936756668,GameRo,0.001,0.755,-0.078,0.651
1825956666335,acc,-12.105,-16.215,-4.337,
1825956666335,Gyro,0.031,0.987,-3.317,
1825956666335,Lacc,-2.585,-14.440,-2.769,
1825956666335,GameRo,-0.023,0.761,-0.100,0.640
1825957873894,pre,999.721,,,
1825976536247,acc,-12.508,-17.523,-4.337,
1825976536247,Gyro,-0.045,1.053,-3.629,
1825976536247,Lacc,-3.169,-15.090,-2.573,
1825976536247,GameRo,-0.048,0.767,-0.122,0.629
1825982927035,pre,999.715,,,
1825996406771,acc,-13.201,-15.740,-3.068,
1825996406771,Gyro,-0.075,0.953,-3.981,
1825996406771,Lacc,-4.118,-12.592,-1.112,
1825996406771,GameRo,-0.077,0.771,-0.146,0.616
1826007999787,pre,999.684,,,
1826016253327,acc,-13.886,-12.957,-1.873,
1826016253327,Gyro,-0.095,0.527,-4.085,
1826016253327,Lacc,-5.118,-9.082,0.214,
1826016253327,GameRo,-0.108,0.771,-0.171,0.604
1826033050527,pre,999.675,,,
1826036145334,acc,-14.228,-11.180,-1.629,
1826036145334,Gyro,-0.070,-0.099,-3.927,
1826036145334,Lacc,-5.801,-6.623,0.482,
1826036145334,GameRo,-0.140,0.767,-0.195,0.595
1826055994780,acc,-13.871,-10.486,-2.485,
1826055994780,Gyro,-0.042,-0.602,-3.652,
1826055994780,Lacc,-5.786,-5.317,-0.449,
1826055994780,GameRo,-0.169,0.758,-0.216,0.591
1826058077014,pre,999.684,,,
1826075858792,acc,-13.294,-9.561,-3.361,
1826075858792,Gyro,-0.119,-0.836,-3.436,
1826075858792,Lacc,-5.556,-3.845,-1.442,
1826075858792,GameRo,-0.197,0.748,-0.234,0.589
1826083144559,pre,999.696,,,
1826095754828,acc,-12.292,-7.767,-3.686,
1826095754828,Gyro,-0.299,-0.801,-3.115,
1826095754828,Lacc,-4.904,-1.573,-1.873,
1826095754828,GameRo,-0.225,0.736,-0.249,0.588
1826108175441,pre,999.687,,,
1826115624659,acc,-11.590,-6.513,-2.801,
1826115624659,Gyro,-0.322,-0.475,-2.709,
1826115624659,Lacc,-4.540,0.074,-1.025,
1826115624659,GameRo,-0.249,0.727,-0.262,0.584
1826133251774,pre,999.669,,,
1826135493962,acc,-10.994,-5.881,-1.898,
1826135493962,Gyro,-0.205,-0.260,-2.284,
1826135493962,Lacc,-4.256,1.026,-0.130,
1826135493962,GameRo,-0.268,0.720,-0.273,0.579
1826155340518,acc,-10.150,-4.885,-1.597,
1826155340518,Gyro,-0.127,-0.222,-1.903,
1826155340518,Lacc,-3.683,2.278,0.162,
1826155340518,GameRo,-0.284,0.713,-0.283,0.575
1826158322289,pre,999.675,,,
1826175233542,acc,-9.352,-4.048,-1.650,
1826175233542,Gyro,-0.187,-0.250,-1.642,
1826175233542,Lacc,-3.066,3.276,0.100,
1826175233542,GameRo,-0.295,0.709,-0.289,0.572
1826183348980,pre,999.693,,,
1826195103537,acc,-9.128,-3.163,-1.402,
1826195103537,Gyro,-0.334,-0.284,-1.458,
1826195103537,Lacc,-2.193,3.583,0.221,
1826195103537,GameRo,-0.267,0.715,-0.260,0.591
1826208398092,pre,999.650,,,
1826214973327,acc,-9.305,-2.567,-0.928,
1826214973327,Gyro,-0.427,-0.373,-1.249,
1826214973327,Lacc,-2.073,3.883,0.600,
1826214973327,GameRo,-0.257,0.716,-0.243,0.602
1826234798237,acc,-9.461,-2.413,-0.951,
1826234798237,Gyro,-0.406,-0.407,-0.978,
1826233448831,pre,999.602,,,
1826234798237,Lacc,-1.685,3.431,0.320,
1826234798237,GameRo,-0.236,0.714,-0.211,0.625
1826254712705,acc,-9.602,-2.360,-1.280,
1826254712705,Gyro,-0.275,-0.273,-0.716,
1826254712705,Lacc,-1.730,3.346,0.024,
1826254712705,GameRo,-0.229,0.717,-0.206,0.625
1826258498025,pre,999.620,,,
1826274582496,acc,-9.793,-2.146,-1.516,
1826274582496,Gyro,-0.221,-0.054,-0.474,
1826274582496,Lacc,-1.917,3.547,-0.174,
1826274582496,GameRo,-0.228,0.719,-0.205,0.624
1826283522884,pre,999.672,,,
1826294426733,acc,-10.051,-2.044,-1.119,
1826294426733,Gyro,-0.318,0.072,-0.192,
1826294426733,Lacc,-2.186,3.653,0.268,
1826294426733,GameRo,-0.230,0.720,-0.204,0.623
1826308597021,pre,999.675,,,
1826314296117,acc,-10.210,-2.164,-0.286,
1826314296117,Gyro,-0.388,0.075,0.086,
1826314296117,Lacc,-2.337,3.509,1.155,
1826314296117,GameRo,-0.232,0.721,-0.201,0.621
1826334166152,acc,-10.329,-2.210,0.348,
1826334166152,Gyro,-0.365,-0.006,0.347,
1826334166152,Lacc,-2.422,3.403,1.832,
1826334166152,GameRo,-0.232,0.722,-0.197,0.621
1826333647841,pre,999.663,,,
1826354079277,acc,-10.644,-2.673,0.661,
1826354079277,Gyro,-0.303,-0.152,0.647,
1826354079277,Lacc,-2.673,2.843,2.164,
1826354079277,GameRo,-0.230,0.724,-0.190,0.622
1826358698092,pre,999.693,,,
1826373930920,acc,-11.174,-3.958,0.346,
1826373930920,Gyro,-0.227,-0.286,0.994,
1826373930920,Lacc,-3.098,1.408,1.835,
1826373930920,GameRo,-0.226,0.724,-0.182,0.625
1826383728649,pre,999.696,,,
1826393800588,acc,-11.768,-5.729,-0.487,
1826393800588,Gyro,-0.059,-0.164,1.292,
1826393800588,Lacc,-3.557,-0.563,0.974,
1826393800588,GameRo,-0.219,0.726,-0.173,0.629
1826408773773,pre,999.657,,,
1826413670501,acc,-12.897,-7.093,-1.595,
1826413670501,Gyro,0.135,0.231,1.555,
1826413670501,Lacc,-4.542,-2.166,-0.130,
1826413670501,GameRo,-0.207,0.729,-0.165,0.631
1826433540047,acc,-13.984,-7.900,-1.734,
1826433540047,Gyro,0.175,0.541,1.905,
1826433540047,Lacc,-5.474,-3.266,-0.206,
1826433540047,GameRo,-0.192,0.735,-0.156,0.631
1826433832853,pre,999.650,,,
1826453409920,acc,-14.621,-9.013,-0.824,
1826453409920,Gyro,0.113,0.453,2.274,
1826453409920,Lacc,-5.936,-4.745,0.786,
1826453409920,GameRo,-0.175,0.743,-0.145,0.630
1826458877856,pre,999.675,,,
1826473279751,acc,-14.607,-9.848,-0.361,
1826473279751,Gyro,0.070,-0.049,2.549,
1826473279751,Lacc,-5.727,-6.008,1.266,
1826473279751,GameRo,-0.156,0.747,-0.130,0.633
1826483926926,pre,999.663,,,
1826493149257,acc,-15.099,-10.912,-1.528,
1826493149257,Gyro,0.081,-0.492,2.888,
1826493149257,Lacc,-6.011,-7.560,0.023,
1826493149257,GameRo,-0.136,0.749,-0.112,0.639
1826509003178,pre,999.641,,,
1826513019291,acc,-15.175,-13.416,-2.864,
1826513019291,Gyro,0.208,-0.683,3.277,
1826513019291,Lacc,-5.875,-10.639,-1.443,
1826513019291,GameRo,-0.112,0.748,-0.092,0.647
1826532888675,acc,-14.019,-14.273,-3.886,
1826532888675,Gyro,0.519,-0.479,3.399,
1826532888675,Lacc,-4.536,-12.118,-2.599,
1826532888675,GameRo,-0.085,0.747,-0.073,0.655
1826534047610,pre,999.650,,,
1826552758384,acc,-13.217,-13.187,-3.946,
1826552758384,Gyro,0.873,-0.064,3.488,
1826552758384,Lacc,-3.603,-11.662,-2.722,
1826552758384,GameRo,-0.054,0.748,-0.056,0.659
1826559098920,pre,999.660,,,
1826572628215,acc,-12.782,-12.428,-3.933,
1826572628215,Gyro,0.911,0.207,3.761,
1826572628215,Lacc,-3.087,-11.577,-2.702,
1826572628215,GameRo,-0.021,0.750,-0.040,0.660
1826584121053,pre,999.635,,,
1826592497803,acc,-12.389,-14.107,-3.905,
1826592497803,Gyro,0.672,0.286,4.050,
1826592497803,Lacc,-2.664,-14.001,-2.625,
1826592497803,GameRo,0.014,0.752,-0.019,0.659
1826609194945,pre,999.620,,,
1826612368000,acc,-11.398,-16.312,-3.660,
1826612368000,Gyro,0.397,0.303,4.116,
1826612368000,Lacc,-1.704,-16.988,-2.320,
1826612368000,GameRo,0.048,0.752,0.004,0.657
1826632237506,acc,-9.801,-17.174,-2.948,
1826632237506,Gyro,0.269,0.263,3.868,
1826632237506,Lacc,-0.197,-18.602,-1.548,
1826632237506,GameRo,0.079,0.752,0.028,0.654
1826634211179,pre,999.647,,,
1826652104651,acc,-7.676,-15.698,-2.050,
1826652104651,Gyro,0.291,0.182,3.452,
1826652104651,Lacc,1.797,-17.793,-0.599,
1826652104651,GameRo,0.107,0.750,0.049,0.651
1826659291256,pre,999.660,,,
1826671949703,acc,-5.792,-13.330,-0.987,
1826671949703,Gyro,0.253,-0.101,3.090,
1826671949703,Lacc,3.531,-16.006,0.483,
1826671949703,GameRo,0.133,0.747,0.067,0.648
1826684313756,pre,999.635,,,
1826691846878,acc,-3.448,-11.180,-0.173,
1826691846878,Gyro,0.137,-0.656,2.767,
1826691846878,Lacc,5.722,-14.372,1.224,
1826691846878,GameRo,0.155,0.740,0.084,0.649
1826709388625,pre,999.623,,,
1826711716790,acc,-1.176,-9.875,-0.221,
1826711716790,Gyro,0.069,-1.208,2.323,
1826711716790,Lacc,8.169,-12.605,0.984,
1826711716790,GameRo,0.139,0.736,0.064,0.659
1826731586256,acc,0.264,-8.676,-0.772,
1826731586256,Gyro,0.129,-1.405,1.751,
1826731586256,Lacc,9.529,-11.757,0.178,
1826731586256,GameRo,0.155,0.724,0.074,0.668
1826734427889,pre,999.644,,,
1826751456046,acc,0.486,-7.404,-1.012,
1826751456046,Gyro,0.293,-1.270,1.266,
1826751456046,Lacc,9.687,-10.731,-0.296,
1826751456046,GameRo,0.167,0.713,0.079,0.676
1826759485872,pre,999.666,,,
1826771300894,acc,0.191,-5.731,-1.071,
1826771300894,Gyro,0.643,-0.900,1.095,
1826771300894,Lacc,9.332,-9.247,-0.509,
1826771300894,GameRo,0.179,0.705,0.081,0.682
1826784510894,pre,999.666,,,
1826791211049,acc,0.123,-5.304,-1.564,
1826791211049,Gyro,0.925,-0.457,1.132,
1826791211049,Lacc,9.193,-9.005,-1.044,
1826791211049,GameRo,0.193,0.700,0.081,0.683
1826809584257,pre,999.654,,,
1826811019276,acc,0.493,-5.679,-1.977,
1826811019276,Gyro,0.945,-0.145,1.128,
1826811019276,Lacc,9.480,-9.571,-1.419,
1826811019276,GameRo,0.208,0.697,0.082,0.682
1826830935737,acc,1.037,-6.351,-2.291,
1826830935737,Gyro,0.693,-0.002,0.935,
1826830935737,Lacc,9.945,-10.413,-1.671,
1826830935737,GameRo,0.220,0.695,0.083,0.679
1826834635729,pre,999.641,,,
1826850768906,acc,1.628,-6.880,-2.447,
1826850768906,Gyro,0.283,0.030,0.548,
1826850768906,Lacc,10.480,-11.054,-1.785,
1826850768906,GameRo,0.228,0.694,0.084,0.678
1826859684312,pre,999.629,,,
1826870648626,acc,1.522,-6.920,-1.997,
1826870648626,Gyro,-0.055,0.090,0.098,
1826870648626,Lacc,10.356,-11.131,-1.321,
1826870648626,GameRo,0.229,0.694,0.086,0.677
1826884726750,pre,999.632,,,
1826890544213,acc,0.890,-6.951,-1.396,
1826890544213,Gyro,-0.140,0.222,-0.303,
1826890544213,Lacc,9.740,-11.127,-0.701,
1826890544213,GameRo,0.227,0.696,0.086,0.676
1826910414045,acc,0.072,-7.385,-1.228,
1826910414045,Gyro,-0.121,0.408,-0.700,
1826910414045,Lacc,8.966,-11.456,-0.482,
1826910414045,GameRo,0.221,0.699,0.083,0.675
1826909779809,pre,999.647,,,
1826930284364,acc,-0.896,-8.163,-1.200,
1826930284364,Gyro,-0.111,0.571,-1.120,
1826930284364,Lacc,8.070,-12.055,-0.369,
1826930284364,GameRo,0.213,0.705,0.078,0.672
1826934828025,pre,999.663,,,
1826950128521,acc,-2.050,-9.118,-1.219,
1826950128521,Gyro,-0.092,0.691,-1.619,
1826950128521,Lacc,7.100,-12.522,-0.251,
1826950128521,GameRo,0.194,0.715,0.061,0.669
1826959854228,pre,999.647,,,
1826970023864,acc,-3.840,-9.791,-1.201,
1826970023864,Gyro,-0.203,0.661,-2.095,
1826970023864,Lacc,5.429,-12.815,-0.113,
1826970023864,GameRo,0.178,0.724,0.050,0.665
1826984913797,pre,999.623,,,
1826989893371,acc,-5.632,-10.730,-1.169,
1826989893371,Gyro,-0.384,0.466,-2.467,
1826989893371,Lacc,3.758,-13.317,0.002,
1826989893371,GameRo,0.158,0.731,0.037,0.663
1827009762550,acc,-7.216,-11.732,-1.588,
1827009762550,Gyro,-0.522,0.337,-2.783,
1827009762550,Lacc,2.293,-13.818,-0.374,
1827009762550,GameRo,0.135,0.737,0.023,0.662
1827009946714,pre,999.632,,,
1827029632422,acc,-8.697,-12.250,-1.715,
1827029632422,Gyro,-0.413,0.340,-3.082,
1827029632422,Lacc,0.912,-13.774,-0.460,
1827029632422,GameRo,0.109,0.743,0.008,0.660
1827034995622,pre,999.666,,,
1827049502010,acc,-10.732,-13.284,-2.842,
1827049502010,Gyro,-0.107,0.480,-3.215,
1827049502010,Lacc,-1.055,-14.192,-1.510,
1827049502010,GameRo,0.084,0.749,-0.012,0.657
1827060041438,pre,999.696,,,
1827069372329,acc,-11.656,-15.772,-4.710,
1827069372329,Gyro,0.021,0.628,-3.343,
1827069372329,Lacc,-1.957,-16.045,-3.265,
1827069372329,GameRo,0.060,0.755,-0.033,0.652
1827085085830,pre,999.693,,,
1827089215549,acc,-11.899,-16.871,-5.491,
1827089215549,Gyro,-0.251,0.792,-3.696,
1827089215549,Lacc,-2.227,-16.457,-3.901,
1827089215549,GameRo,0.032,0.762,-0.055,0.645
1827109111422,acc,-12.846,-16.092,-4.449,
1827109111422,Gyro,-0.541,0.887,-4.073,
1827109111422,Lacc,-3.266,-14.928,-2.684,
1827109111422,GameRo,-0.001,0.768,-0.077,0.636
1827110132866,pre,999.663,,,
1827128981294,acc,-13.834,-13.952,-2.747,
1827128981294,Gyro,-0.602,0.769,-4.278,
1827128981294,Lacc,-4.418,-12.004,-0.802,
1827128981294,GameRo,-0.037,0.773,-0.099,0.625
1827135216442,pre,999.626,,,
1827148850800,acc,-14.391,-11.683,-1.472,
1827148850800,Gyro,-0.543,0.311,-4.253,
1827148850800,Lacc,-5.195,-8.960,0.592,
1827148850800,GameRo,-0.073,0.775,-0.121,0.617
1827160254689,pre,999.638,,,
1827168691620,acc,-14.519,-10.383,-1.680,
1827168691620,Gyro,-0.498,-0.264,-3.969,
1827168691620,Lacc,-5.570,-6.941,0.394,
1827168691620,GameRo,-0.107,0.771,-0.142,0.612
1827185307138,pre,999.678,,,
1827188590503,acc,-14.165,-9.620,-2.491,
1827188590503,Gyro,-0.542,-0.674,-3.631,
1827188590503,Lacc,-5.472,-5.545,-0.475,
1827188590503,GameRo,-0.140,0.764,-0.160,0.610
1827208460049,acc,-13.282,-8.424,-3.315,
1827208460049,Gyro,-0.686,-0.671,-3.229,
1827208460049,Lacc,-4.849,-3.801,-1.376,
1827208460049,GameRo,-0.170,0.755,-0.175,0.609
1827210349047,pre,999.699,,,
1827228330288,acc,-12.626,-6.802,-2.572,
1827228330288,Gyro,-0.678,-0.351,-2.797,
1827228330288,Lacc,-4.460,-1.721,-0.641,
1827228330288,GameRo,-0.197,0.748,-0.186,0.606
1827235375983,pre,999.681,,,
1827248174972,acc,-12.081,-5.452,-1.333,
1827248174972,Gyro,-0.461,-0.039,-2.276,
1827248174972,Lacc,-4.164,-0.004,0.637,
1827248174972,GameRo,-0.219,0.743,-0.197,0.601
1827260423873,pre,999.666,,,
1827268044356,acc,-11.210,-4.693,-0.539,
1827268044356,Gyro,-0.132,0.036,-1.802,
1827268044356,Lacc,-3.510,1.045,1.464,
1827268044356,GameRo,-0.235,0.740,-0.206,0.596
1827287913740,acc,-10.211,-3.889,-0.678,
1827287913740,Gyro,0.093,-0.021,-1.421,
1827287913740,Lacc,-2.687,2.079,1.320,
1827287913740,GameRo,-0.245,0.736,-0.216,0.593
1827285468753,pre,999.663,,,
1827307785769,acc,-9.449,-3.399,-0.963,
1827307785769,Gyro,0.189,-0.151,-1.173,
1827307785769,Lacc,-1.941,2.619,0.947,
1827307785769,GameRo,-0.247,0.732,-0.218,0.596
1827310542441,pre,999.644,,,
1827327678671,acc,-9.231,-2.903,-1.206,
1827327678671,Gyro,0.134,-0.278,-1.030,
1827327678671,Lacc,-1.416,2.775,0.500,
1827327678671,GameRo,-0.232,0.730,-0.203,0.610
1827335565797,pre,999.641,,,
1827347548788,acc,-9.193,-2.362,-1.404,
1827347548788,Gyro,0.005,-0.338,-0.853,
1827347548788,Lacc,-1.327,3.262,0.246,
1827347548788,GameRo,-0.229,0.729,-0.201,0.613
1827360635456,pre,999.660,,,
1827367412678,acc,-9.129,-2.133,-1.289,
1827367412678,Gyro,-0.102,-0.214,-0.589,
1827367412678,Lacc,-1.265,3.504,0.330,
1827367412678,GameRo,-0.230,0.728,-0.200,0.614
1827385682127,pre,999.663,,,
1827387315264,acc,-9.153,-2.328,-0.782,
1827387315264,Gyro,-0.082,-0.001,-0.270,
1827387315264,Lacc,-1.261,3.275,0.821,
1827387315264,GameRo,-0.230,0.727,-0.198,0.616
1827407157467,acc,-9.215,-2.789,-0.438,
1827407157467,Gyro,0.009,0.224,0.045,
1827407157467,Lacc,-1.186,2.635,1.093,
1827407157467,GameRo,-0.224,0.726,-0.189,0.622
1827410730709,pre,999.647,,,
1827427027217,acc,-9.237,-3.222,-0.123,
1827427027217,Gyro,0.078,0.355,0.328,
1827427027217,Lacc,-0.939,1.854,1.145,
1827427027217,GameRo,-0.215,0.720,-0.169,0.638
1827435764359,pre,999.657,,,
1827446897374,acc,-9.482,-3.706,0.177,
1827446897374,Gyro,0.131,0.390,0.565,
1827446897374,Lacc,-1.126,1.269,1.466,
1827446897374,GameRo,-0.210,0.722,-0.165,0.638
1827460826043,pre,999.669,,,
1827466766676,acc,-9.744,-4.106,0.444,
1827466766676,Gyro,0.203,0.307,0.797,
1827466766676,Lacc,-1.325,0.752,1.770,
1827466766676,GameRo,-0.204,0.725,-0.163,0.637
1827486611524,acc,-9.922,-4.617,0.392,
1827486611524,Gyro,0.277,0.160,1.033,
1827486611524,Lacc,-1.417,0.086,1.728,
1827486611524,GameRo,-0.195,0.728,-0.159,0.638
1827485874301,pre,999.672,,,
1827506506176,acc,-10.278,-5.307,-0.273,
1827506506176,Gyro,0.336,0.051,1.276,
1827506506176,Lacc,-1.666,-0.800,1.046,
1827506506176,GameRo,-0.184,0.730,-0.154,0.640
1827510920279,pre,999.663,,,
1827526375885,acc,-10.910,-6.158,-1.362,
1827526375885,Gyro,0.391,-0.028,1.509,
1827526375885,Lacc,-2.171,-1.889,-0.077,
1827526375885,GameRo,-0.171,0.732,-0.147,0.643
1827535945343,pre,999.660,,,
1827546246123,acc,-11.815,-7.225,-2.561,
1827546246123,Gyro,0.359,-0.065,1.752,
1827546246123,Lacc,-2.938,-3.238,-1.318,
1827546246123,GameRo,-0.156,0.734,-0.139,0.646
1827561016834,pre,999.638,,,
1827566115914,acc,-12.350,-8.782,-3.499,
1827566115914,Gyro,0.202,-0.103,1.978,
1827566115914,Lacc,-3.326,-5.129,-2.293,
1827566115914,GameRo,-0.141,0.736,-0.129,0.650
1827585959744,acc,-12.567,-10.005,-3.670,
1827585959744,Gyro,-0.078,-0.119,2.112,
1827585959744,Lacc,-3.397,-6.727,-2.485,
1827585959744,GameRo,-0.126,0.738,-0.115,0.653
1827586040067,pre,999.592,,,
1827605855414,acc,-12.790,-9.917,-2.588,
1827605855414,Gyro,-0.217,-0.241,2.208,
1827605855414,Lacc,-3.483,-7.041,-1.425,
1827605855414,GameRo,-0.111,0.740,-0.099,0.656
1827611112941,pre,999.596,,,
1827625725001,acc,-13.955,-10.202,-2.300,
1827625725001,Gyro,-0.206,-0.383,2.520,
1827625725001,Lacc,-4.516,-7.771,-1.188,
1827625725001,GameRo,-0.096,0.740,-0.082,0.661
1827636135197,pre,999.641,,,
1827645594710,acc,-14.484,-12.514,-2.392,
1827645594710,Gyro,-0.093,-0.573,2.972,
1827645594710,Lacc,-4.913,-10.623,-1.370,
1827645594710,GameRo,-0.076,0.739,-0.062,0.666
1827661184878,pre,999.660,,,
1827665464664,acc,-13.838,-13.515,-2.714,
1827665464664,Gyro,0.195,-0.635,3.215,
1827665464664,Lacc,-4.154,-12.225,-1.819,
1827665464664,GameRo,-0.053,0.737,-0.041,0.673
1827685309999,acc,-12.760,-13.327,-3.450,
1827685309999,Gyro,0.541,-0.392,3.359,
1827685309999,Lacc,-3.003,-12.671,-2.664,
1827685309999,GameRo,-0.026,0.734,-0.022,0.678
1827686233339,pre,999.638,,,
1827705183818,acc,-11.759,-13.088,-4.111,
1827705183818,Gyro,0.599,0.049,3.386,
1827705183818,Lacc,-1.979,-13.073,-3.346,
1827705183818,GameRo,0.003,0.734,-0.004,0.679
1827711310445,pre,999.617,,,
1827725073425,acc,-11.951,-13.273,-3.473,
1827725073425,Gyro,0.374,0.265,3.580,
1827725073425,Lacc,-2.197,-13.924,-2.656,
1827725073425,GameRo,0.031,0.735,0.016,0.677
1827736334045,pre,999.614,,,
1827744943419,acc,-11.569,-14.599,-2.654,
1827744943419,Gyro,0.152,0.210,3.822,
1827744943419,Lacc,-1.894,-15.969,-1.783,
1827744943419,GameRo,0.060,0.735,0.040,0.674
1827761408058,pre,999.608,,,
1827764813169,acc,-9.659,-15.360,-2.220,
1827764813169,Gyro,0.051,0.081,3.741,
1827764813169,Lacc,-0.118,-17.456,-1.326,
1827764813169,GameRo,0.088,0.733,0.065,0.671
1827784682959,acc,-7.743,-14.369,-1.818,
1827784682959,Gyro,0.067,0.091,3.319,
1827784682959,Lacc,1.632,-17.113,-0.909,
1827784682959,GameRo,0.113,0.730,0.088,0.668
1827786437802,pre,999.586,,,
1827804527075,acc,-6.856,-11.729,-0.649,
1827804527075,Gyro,0.202,0.065,2.982,
1827804527075,Lacc,2.336,-15.028,0.286,
1827804527075,GameRo,0.136,0.727,0.107,0.664
1827811506932,pre,999.599,,,
1827824401951,acc,-5.496,-9.728,-0.160,
1827824401951,Gyro,0.378,-0.118,2.790,
1827824401951,Lacc,3.498,-13.528,0.790,
1827824401951,GameRo,0.158,0.723,0.123,0.661
1827836532444,pre,999.635,,,
1827844252455,acc,-3.972,-8.407,-0.195,
1827844252455,Gyro,0.407,-0.395,2.610,
1827844252455,Lacc,4.864,-12.568,0.724,
1827844252455,GameRo,0.175,0.719,0.135,0.660
1827861580334,pre,999.632,,,
1827864138603,acc,-2.136,-7.545,-0.295,
1827864138603,Gyro,0.393,-0.706,2.419,
1827864138603,Lacc,6.497,-12.125,0.552,
1827864138603,GameRo,0.196,0.711,0.147,0.660
1827883996023,acc,-0.114,-6.998,-0.819,
1827883996023,Gyro,0.465,-0.877,2.142,
1827883996023,Lacc,8.324,-11.947,-0.077,
1827883996023,GameRo,0.215,0.701,0.157,0.662
1827886628999,pre,999.620,,,
1827903901011,acc,1.092,-6.190,-1.659,
1827903901011,Gyro,0.557,-0.798,1.848,
1827903901011,Lacc,9.348,-11.447,-1.003,
1827903901011,GameRo,0.234,0.692,0.163,0.663
1827911703745,pre,999.644,,,
1827923770517,acc,1.470,-5.504,-2.386,
1827923770517,Gyro,0.596,-0.526,1.664,
1827923770517,Lacc,9.553,-11.028,-1.768,
1827923770517,GameRo,0.250,0.685,0.169,0.663
1827936751880,pre,999.675,,,
1827943640349,acc,1.287,-5.500,-2.808,
1827943640349,Gyro,0.583,-0.156,1.511,
1827943640349,Lacc,9.201,-11.261,-2.162,
1827943640349,GameRo,0.265,0.680,0.174,0.661
1827961801155,pre,999.657,,,
1827963511929,acc,0.842,-5.815,-2.834,
1827963511929,Gyro,0.440,0.172,1.293,
1827963511929,Lacc,8.596,-11.781,-2.114,
1827963511929,GameRo,0.277,0.678,0.180,0.656
1827983379726,acc,0.987,-6.809,-2.950,
1827983379726,Gyro,0.232,0.413,0.885,
1827983379726,Lacc,8.611,-12.928,-2.136,
1827983379726,GameRo,0.286,0.678,0.185,0.651
1827986851243,pre,999.608,,,
1828003249435,acc,0.627,-7.332,-2.430,
1828003249435,Gyro,-0.103,0.544,0.335,
1828003249435,Lacc,8.183,-13.523,-1.532,
1828003249435,GameRo,0.288,0.680,0.190,0.647
1828011851323,pre,999.611,,,
1828023119348,acc,-0.009,-7.361,-1.240,
1828023119348,Gyro,-0.325,0.449,-0.128,
1828023119348,Lacc,7.541,-13.553,-0.299,
1828023119348,GameRo,0.285,0.683,0.193,0.644
1828036946618,pre,999.644,,,
1828042989016,acc,-0.280,-7.804,-0.518,
1828042989016,Gyro,-0.422,0.271,-0.600,
1828042989016,Lacc,7.322,-13.933,0.424,
1828042989016,GameRo,0.279,0.686,0.194,0.644
1828062834718,acc,-0.594,-8.350,-0.162,
1828062834718,Gyro,-0.417,0.084,-1.154,
1828062834718,Lacc,7.125,-14.336,0.747,
1828062834718,GameRo,0.269,0.688,0.191,0.646
1828061994835,pre,999.644,,,
1828082728598,acc,-1.343,-9.054,-0.560,
1828082728598,Gyro,-0.290,-0.004,-1.795,
1828082728598,Lacc,6.592,-14.756,0.311,
1828082728598,GameRo,0.254,0.693,0.181,0.650
1828087024699,pre,999.632,,,
1828102598184,acc,-3.069,-9.594,-1.429,
1828102598184,Gyro,-0.252,-0.026,-2.364,
1828102598184,Lacc,5.260,-14.704,-0.557,
1828102598184,GameRo,0.227,0.702,0.159,0.656
1828112091796,pre,999.660,,,
1828122468098,acc,-5.085,-10.372,-2.041,
1828122468098,Gyro,-0.370,-0.084,-2.774,
1828122468098,Lacc,3.507,-15.034,-1.209,
1828122468098,GameRo,0.206,0.707,0.143,0.661
1828137142738,pre,999.687,,,
1828142346351,acc,-7.002,-11.566,-2.313,
1828142346351,Gyro,-0.563,-0.141,-3.130,
1828142346351,Lacc,1.859,-15.704,-1.546,
1828142346351,GameRo,0.181,0.712,0.127,0.667
1828162191525,acc,-8.844,-12.069,-2.304,
1828162191525,Gyro,-0.594,-0.140,-3.434,
1828162191525,Lacc,0.278,-15.611,-1.612,
1828162191525,GameRo,0.153,0.715,0.108,0.673
1828162208452,pre,999.675,,,
1828182077876,acc,-11.030,-13.567,-3.516,
1828182077876,Gyro,-0.411,0.025,-3.541,
1828182077876,Lacc,-1.678,-16.458,-2.865,
1828182077876,GameRo,0.124,0.720,0.088,0.678
1828187215652,pre,999.660,,,
1828201958653,acc,-12.020,-16.012,-5.633,
1828201958653,Gyro,-0.373,0.443,-3.633,
1828201958653,Lacc,-2.489,-18.232,-4.948,
1828201958653,GameRo,0.096,0.725,0.066,0.679
1828212265456,pre,999.672,,,
1828221832065,acc,-12.719,-17.108,-5.710,
1828221832065,Gyro,-0.502,1.030,-3.941,
1828221832065,Lacc,-3.059,-18.598,-4.877,
1828221832065,GameRo,0.065,0.734,0.044,0.675
1828237314811,pre,999.693,,,
1828241686434,acc,-13.960,-16.138,-3.757,
1828241686434,Gyro,-0.478,1.324,-4.244,
1828241686434,Lacc,-4.233,-16.829,-2.686,
1828241686434,GameRo,0.030,0.744,0.021,0.667
1828261555818,acc,-14.891,-14.064,-1.942,
1828261555818,Gyro,-0.234,1.193,-4.426,
1828261555818,Lacc,-5.171,-13.910,-0.621,
1828261555818,GameRo,-0.005,0.753,-0.006,0.658
1828262362866,pre,999.675,,,
1828281425649,acc,-15.465,-11.644,-1.326,
1828281425649,Gyro,0.046,0.653,-4.370,
1828281425649,Lacc,-5.822,-10.632,0.161,
1828281425649,GameRo,-0.039,0.758,-0.035,0.650
1828287412628,pre,999.657,,,
1828301295440,acc,-15.532,-10.189,-2.314,
1828301295440,Gyro,0.150,0.072,-4.041,
1828301295440,Lacc,-6.013,-8.376,-0.787,
1828301295440,GameRo,-0.069,0.757,-0.063,0.647
1828312487375,pre,999.666,,,
1828321165881,acc,-14.857,-9.279,-3.326,
1828321165881,Gyro,0.038,-0.284,-3.648,
1828321165881,Lacc,-5.495,-6.754,-1.842,
1828321165881,GameRo,-0.097,0.752,-0.088,0.645
1828337535753,pre,999.675,,,
1828341011218,acc,-13.511,-8.111,-3.749,
1828341011218,Gyro,-0.175,-0.279,-3.242,
1828341011218,Lacc,-4.329,-4.965,-2.326,
1828341011218,GameRo,-0.123,0.747,-0.108,0.645
1828360904730,acc,-12.583,-7.018,-2.587,
1828360904730,Gyro,-0.183,-0.034,-2.839,
1828360904730,Lacc,-3.599,-3.343,-1.167,
1828360904730,GameRo,-0.147,0.742,-0.125,0.642
1828362563096,pre,999.663,,,
1828380775130,acc,-12.000,-6.211,-1.479,
1828380775130,Gyro,0.037,0.077,-2.417,
1828380775130,Lacc,-3.216,-2.087,-0.043,
1828380775130,GameRo,-0.166,0.739,-0.141,0.638
1828387631454,pre,999.666,,,
1828400644149,acc,-11.176,-5.369,-1.416,
1828400644149,Gyro,0.277,0.021,-2.034,
1828400644149,Lacc,-2.577,-0.870,0.011,
1828400644149,GameRo,-0.180,0.735,-0.156,0.635
1828412678735,pre,999.715,,,
1828420514590,acc,-10.400,-4.433,-1.976,
1828420514590,Gyro,0.358,-0.035,-1.728,
1828420514590,Lacc,-1.966,0.382,-0.587,
1828420514590,GameRo,-0.191,0.731,-0.170,0.633
1828437685691,pre,999.733,,,
1828440383689,acc,-9.731,-3.347,-2.265,
1828440383689,Gyro,0.221,-0.089,-1.444,
1828440383689,Lacc,-1.442,1.722,-0.913,
1828440383689,GameRo,-0.200,0.727,-0.182,0.631
1828460253113,acc,-9.039,-2.807,-2.316,
1828460253113,Gyro,-0.062,-0.096,-1.194,
1828460253113,Lacc,-0.662,2.067,-0.796,
1828460253113,GameRo,-0.188,0.736,-0.178,0.625
1828462778870,pre,999.690,,,
1828480122945,acc,-8.597,-2.653,-1.845,
1828480122945,Gyro,-0.345,-0.055,-1.018,
1828480122945,Lacc,-0.315,2.375,-0.305,
1828480122945,GameRo,-0.197,0.735,-0.182,0.623
1828487828022,pre,999.644,,,
1828499992572,acc,-8.797,-2.553,-0.890,
1828499992572,Gyro,-0.437,-0.006,-0.847,
1828499992572,Lacc,-0.596,2.593,0.687,
1828499992572,GameRo,-0.206,0.734,-0.183,0.621
1828512879250,pre,999.663,,,
1828519822772,acc,-9.142,-2.331,-0.313,
1828519822772,Gyro,-0.360,0.060,-0.627,
1828519822772,Lacc,-0.962,2.846,1.278,
1828519822772,GameRo,-0.211,0.733,-0.181,0.621
1828537925024,pre,999.699,,,
1828539719418,acc,-9.534,-2.351,0.051,
1828539719418,Gyro,-0.271,0.025,-0.375,
1828539719418,Lacc,-1.008,2.352,1.245,
1828539719418,GameRo,-0.200,0.722,-0.153,0.645
1828559601984,acc,-9.812,-2.424,0.227,
1828559601984,Gyro,-0.211,-0.100,-0.104,
1828559601984,Lacc,-1.257,2.233,1.386,
1828559601984,GameRo,-0.201,0.720,-0.149,0.647
1828562975805,pre,999.696,,,
1828579448013,acc,-10.121,-2.735,0.151,
1828579448013,Gyro,-0.159,-0.224,0.190,
1828579448013,Lacc,-1.548,1.895,1.289,
1828579448013,GameRo,-0.201,0.719,-0.146,0.648
1828588022800,pre,999.659,,,
1828599342461,acc,-10.485,-3.035,0.045,
1828599342461,Gyro,-0.045,-0.241,0.513,
1828599342461,Lacc,-1.868,1.523,1.148,
1828599342461,GameRo,-0.199,0.719,-0.143,0.651
1828613060560,pre,999.632,,,
1828619186088,acc,-10.668,-3.486,-0.164,
1828619186088,Gyro,0.114,-0.189,0.905,
1828619186088,Lacc,-1.976,0.939,0.896,
1828619186088,GameRo,-0.194,0.719,-0.138,0.653
1828639055634,acc,-10.900,-4.714,-0.543,
1828639055634,Gyro,0.257,-0.100,1.272,
1828639055634,Lacc,-2.105,-0.488,0.476,
1828639055634,GameRo,-0.184,0.720,-0.131,0.656
1828638118582,pre,999.629,,,
1828658975230,acc,-11.335,-6.374,-1.071,
1828658975230,Gyro,0.460,-0.002,1.523,
1828658975230,Lacc,-2.421,-2.399,-0.089,
1828658975230,GameRo,-0.171,0.722,-0.124,0.659
1828663168670,pre,999.647,,,
1828678820321,acc,-11.997,-7.637,-1.770,
1828678820321,Gyro,0.589,0.019,1.710,
1828678820321,Lacc,-2.957,-3.945,-0.827,
1828678820321,GameRo,-0.156,0.724,-0.118,0.662
1828688216561,pre,999.678,,,
1828698690560,acc,-12.708,-8.536,-2.664,
1828698690560,Gyro,0.582,0.035,1.880,
1828698690560,Lacc,-3.541,-5.163,-1.758,
1828698690560,GameRo,-0.138,0.726,-0.110,0.665
1828713264574,pre,999.690,,,
1828718514777,acc,-13.451,-8.787,-3.139,
1828718514777,Gyro,0.444,-0.032,2.124,
1828718514777,Lacc,-4.156,-5.775,-2.263,
1828718514777,GameRo,-0.120,0.728,-0.100,0.667
1828738403529,acc,-13.915,-9.131,-3.053,
1828738403529,Gyro,0.209,-0.277,2.502,
1828738403529,Lacc,-4.486,-6.553,-2.226,
1828738403529,GameRo,-0.102,0.729,-0.087,0.671
1828738313767,pre,999.684,,,
1828758299484,acc,-14.984,-11.939,-3.563,
1828758299484,Gyro,-0.012,-0.505,3.012,
1828758299484,Lacc,-5.418,-9.895,-2.823,
1828758299484,GameRo,-0.081,0.729,-0.068,0.677
1828763337325,pre,999.672,,,
1828778168745,acc,-14.742,-14.918,-3.961,
1828778168745,Gyro,-0.046,-0.609,3.343,
1828778168745,Lacc,-5.055,-13.502,-3.334,
1828778168745,GameRo,-0.058,0.727,-0.045,0.683
1828788395755,pre,999.663,,,
1828798013553,acc,-13.680,-15.220,-3.869,
1828798013553,Gyro,0.123,-0.487,3.375,
1828798013553,Lacc,-3.914,-14.456,-3.350,
1828798013553,GameRo,-0.034,0.725,-0.022,0.688
1828813434247,pre,999.647,,,
1828817908327,acc,-12.496,-13.493,-3.360,
1828817908327,Gyro,0.247,-0.355,3.371,
1828817908327,Lacc,-2.697,-13.376,-2.915,
1828817908327,GameRo,-0.008,0.723,-0.000,0.691
1828837778158,acc,-12.151,-12.785,-2.871,
1828837778158,Gyro,0.090,-0.414,3.530,
1828837778158,Lacc,-2.364,-13.334,-2.496,
1828837778158,GameRo,0.018,0.720,0.022,0.693
1828838483439,pre,999.635,,,
1828857647786,acc,-11.548,-13.835,-2.556,
1828857647786,Gyro,-0.167,-0.580,3.769,
1828857647786,Lacc,-1.823,-15.097,-2.286,
1828857647786,GameRo,0.043,0.715,0.048,0.696
1828863557820,pre,999.635,,,
1828877517577,acc,-9.752,-15.076,-2.391,
1828877517577,Gyro,-0.274,-0.558,3.813,
1828877517577,Lacc,-0.148,-17.073,-2.245,
1828877517577,GameRo,0.069,0.709,0.076,0.698
1828888605630,pre,999.641,,,
1828897387530,acc,-7.491,-14.834,-2.064,
1828897387530,Gyro,-0.145,-0.258,3.545,
1828897387530,Lacc,1.944,-17.520,-2.004,
1828897387530,GameRo,0.093,0.703,0.102,0.697
1828913652950,pre,999.653,,,
1828917257035,acc,-6.209,-13.333,-1.115,
1828917257035,Gyro,0.230,0.171,3.179,
1828917257035,Lacc,3.033,-16.623,-1.042,
1828917257035,GameRo,0.116,0.700,0.125,0.693
1828937126541,acc,-4.893,-11.611,-0.495,
1828937126541,Gyro,0.727,0.452,2.876,
1828937126541,Lacc,4.141,-15.430,-0.308,
1828937126541,GameRo,0.140,0.700,0.141,0.686
1828938679764,pre,999.675,,,
1828956971063,acc,-3.217,-10.299,-0.522,
1828956971063,Gyro,1.065,0.452,2.632,
1828956971063,Lacc,5.599,-14.587,-0.167,
1828956971063,GameRo,0.164,0.701,0.153,0.677
1828963754592,pre,999.669,,,
1828976865919,acc,-1.241,-9.078,-1.107,
1828976865919,Gyro,1.118,0.251,2.326,
1828976865919,Lacc,7.391,-13.710,-0.587,
1828976865919,GameRo,0.185,0.702,0.160,0.669
1828988811679,pre,999.644,,,
1828996754305,acc,0.178,-8.212,-1.883,
1828996754305,Gyro,0.905,0.045,1.892,
1828996754305,Lacc,8.616,-13.175,-1.250,
1828996754305,GameRo,0.206,0.700,0.166,0.663
1829013852042,pre,999.647,,,
1829016605460,acc,0.708,-7.245,-2.342,
1829016605460,Gyro,0.580,-0.017,1.458,
1829016605460,Lacc,8.990,-12.456,-1.641,
1829016605460,GameRo,0.221,0.698,0.172,0.659
1829036450022,acc,0.578,-6.634,-2.345,
1829036450022,Gyro,0.317,0.056,1.171,
1829036450022,Lacc,8.733,-12.037,-1.598,
1829036450022,GameRo,0.232,0.696,0.177,0.656
1829038882884,pre,999.675,,,
1829056335315,acc,0.319,-6.222,-1.951,
1829056335315,Gyro,0.105,0.136,1.026,
1829056335315,Lacc,8.359,-11.787,-1.165,
1829056335315,GameRo,0.240,0.695,0.183,0.653
1829063949614,pre,999.678,,,
1829076214791,acc,0.323,-6.344,-1.365,
1829076214791,Gyro,-0.087,0.135,0.904,
1829076214791,Lacc,8.258,-12.056,-0.557,
1829076214791,GameRo,0.246,0.693,0.189,0.650
1829088971911,pre,999.659,,,
1829096059190,acc,0.489,-6.773,-0.809,
1829096059190,Gyro,-0.248,0.047,0.689,
1829096059190,Lacc,8.337,-12.605,-0.011,
1829096059190,GameRo,0.250,0.692,0.196,0.649
1829114008164,pre,999.693,,,
1829115950913,acc,0.579,-7.188,-0.483,
1829115950913,Gyro,-0.320,-0.028,0.363,
1829115950913,Lacc,8.374,-13.095,0.277,
1829115950913,GameRo,0.251,0.690,0.201,0.649
1829135807032,acc,0.340,-7.424,-0.267,
1829135807032,Gyro,-0.277,-0.047,-0.016,
1829135807032,Lacc,8.127,-13.347,0.448,
1829135807032,GameRo,0.249,0.689,0.203,0.650
1829139073552,pre,999.724,,,
1829155674137,acc,-0.276,-7.784,-0.257,
1829155674137,Gyro,-0.105,0.029,-0.401,
1829155674137,Lacc,7.547,-13.662,0.437,
1829155674137,GameRo,0.246,0.689,0.202,0.651
1829164117862,pre,999.678,,,
1829175536929,acc,-1.032,-8.546,-0.513,
1829175536929,Gyro,0.119,0.183,-0.832,
1829175536929,Lacc,6.873,-14.310,0.207,
1829175536929,GameRo,0.241,0.692,0.198,0.651
1829189185040,pre,999.611,,,
1829195433494,acc,-2.098,-9.087,-0.688,
1829195433494,Gyro,0.331,0.323,-1.281,
1829195433494,Lacc,6.030,-14.522,0.114,
1829195433494,GameRo,0.228,0.699,0.184,0.652
1829215302674,acc,-3.342,-9.472,-0.908,
1829215302674,Gyro,0.504,0.374,-1.683,
1829214239116,pre,999.629,,,
1829215302674,Lacc,5.208,-14.190,0.025,
1829215302674,GameRo,0.198,0.713,0.155,0.654
1829235189350,acc,-4.721,-9.552,-1.665,
1829235189350,Gyro,0.573,0.374,-1.997,
1829235189350,Lacc,3.998,-13.923,-0.612,
1829235189350,GameRo,0.187,0.720,0.139,0.653
1829239284932,pre,999.690,,,
1829255042743,acc,-6.019,-10.604,-2.815,
1829255042743,Gyro,0.371,0.320,-2.265,
1829255042743,Lacc,2.876,-14.577,-1.661,
1829255042743,GameRo,0.174,0.727,0.122,0.653
1829264304176,pre,999.681,,,
1829274912289,acc,-7.189,-11.691,-3.184,
1829274912289,Gyro,0.008,0.217,-2.594,
1829274912289,Lacc,1.887,-15.212,-1.974,
1829274912289,GameRo,0.156,0.733,0.105,0.654
1829289384538,pre,999.629,,,
1829294782040,acc,-8.686,-11.919,-3.041,
1829294782040,Gyro,-0.215,0.134,-2.926,
1829294782040,Lacc,0.573,-14.920,-1.815,
1829294782040,GameRo,0.134,0.738,0.088,0.656
1829314660985,acc,-11.108,-13.321,-3.604,
1829314660985,Gyro,-0.246,0.090,-2.961,
1829314660985,Lacc,-1.688,-15.765,-2.372,
1829314660985,GameRo,0.110,0.742,0.070,0.657
1829314404068,pre,999.629,,,
1829334495742,acc,-11.733,-15.799,-4.609,
1829334495742,Gyro,-0.275,0.090,-3.086,
1829334495742,Lacc,-2.185,-17.679,-3.374,
1829334495742,GameRo,0.086,0.745,0.053,0.659
1829339480076,pre,999.669,,,
1829354344292,acc,-12.115,-16.269,-4.700,
1829354344292,Gyro,-0.359,0.219,-3.473,
1829354344292,Lacc,-2.466,-17.514,-3.441,
1829354344292,GameRo,0.059,0.749,0.033,0.659
1829364497123,pre,999.681,,,
1829374252617,acc,-12.879,-14.578,-3.651,
1829374252617,Gyro,-0.423,0.247,-3.808,
1829374252617,Lacc,-3.170,-15.111,-2.349,
1829374252617,GameRo,0.028,0.752,0.012,0.658
1829389544079,pre,999.659,,,
1829394105114,acc,-13.780,-12.197,-2.359,
1829394105114,Gyro,-0.423,0.099,-3.917,
1829394105114,Lacc,-4.064,-11.979,-1.025,
1829394105114,GameRo,-0.005,0.754,-0.011,0.657
1829413999725,acc,-14.102,-11.145,-1.740,
1829413999725,Gyro,-0.360,-0.264,-3.720,
1829413999725,Lacc,-4.427,-10.198,-0.426,
1829413999725,GameRo,-0.036,0.752,-0.033,0.657
1829414590098,pre,999.653,,,
1829433870126,acc,-13.572,-10.360,-1.973,
1829433870126,Gyro,-0.221,-0.556,-3.499,
1829433870126,Lacc,-3.975,-8.732,-0.749,
1829433870126,GameRo,-0.065,0.747,-0.054,0.659
1829439636483,pre,999.675,,,
1829453717293,acc,-12.659,-9.469,-2.484,
1829453717293,Gyro,-0.075,-0.574,-3.297,
1829453717293,Lacc,-3.179,-7.204,-1.371,
1829453717293,GameRo,-0.091,0.741,-0.075,0.662
1829464683194,pre,999.696,,,
1829473609097,acc,-11.663,-8.397,-2.218,
1829473609097,Gyro,0.029,-0.413,-3.123,
1829473609097,Lacc,-2.335,-5.539,-1.193,
1829473609097,GameRo,-0.114,0.734,-0.095,0.662
1829489730719,pre,999.687,,,
1829493478847,acc,-11.257,-6.814,-1.499,
1829493478847,Gyro,0.109,-0.253,-2.875,
1829493478847,Lacc,-2.109,-3.405,-0.534,
1829493478847,GameRo,-0.136,0.729,-0.115,0.661
1829513348516,acc,-10.922,-4.791,-1.026,
1829513348516,Gyro,0.173,-0.274,-2.408,
1829513348516,Lacc,-1.957,-0.914,-0.114,
1829513348516,GameRo,-0.154,0.723,-0.133,0.660
1829514776371,pre,999.669,,,
1829533187097,acc,-9.941,-3.843,-0.961,
1829533187097,Gyro,0.148,-0.435,-1.910,
1829533187097,Lacc,-1.134,0.399,-0.129,
1829533187097,GameRo,-0.168,0.717,-0.147,0.660
1829539846032,pre,999.656,,,
1829553062828,acc,-8.942,-3.467,-0.871,
1829553062828,Gyro,-0.063,-0.744,-1.597,
1829553062828,Lacc,-0.265,1.052,-0.147,
1829553062828,GameRo,-0.180,0.710,-0.157,0.662
1829564893800,pre,999.650,,,
1829572929730,acc,-8.275,-3.108,-0.840,
1829572929730,Gyro,-0.377,-1.086,-1.396,
1829572929730,Lacc,0.283,1.653,-0.260,
1829572929730,GameRo,-0.193,0.702,-0.162,0.666
1829589942058,pre,999.641,,,
1829592821940,acc,-7.955,-3.010,-0.700,
1829592821940,Gyro,-0.537,-1.263,-1.238,
1829592821940,Lacc,0.492,1.960,-0.277,
1829592821940,GameRo,-0.207,0.692,-0.165,0.672
1829612696858,acc,-8.142,-3.201,-0.236,
1829612696858,Gyro,-0.578,-1.371,-1.178,
1829612696858,Lacc,0.196,1.960,0.022,
1829612696858,GameRo,-0.221,0.681,-0.166,0.678
1829614962279,pre,999.663,,,
1829632567503,acc,-9.121,-3.099,-0.106,
1829632567503,Gyro,-0.807,-1.637,-1.131,
1829632567503,Lacc,-0.759,2.029,-0.013,
1829632567503,GameRo,-0.225,0.674,-0.159,0.686
1829639997312,pre,999.690,,,
1829652409909,acc,-9.435,-2.624,-0.897,
1829652409909,Gyro,-1.168,-1.625,-0.865,
1829652409909,Lacc,-0.857,2.133,-0.738,
1829652409909,GameRo,-0.215,0.680,-0.139,0.687
1829665081620,pre,999.687,,,
1829672306107,acc,-9.491,-2.670,-0.708,
1829672306107,Gyro,-1.006,-0.821,-0.473,
1829672306107,Lacc,-0.811,1.898,-0.532,
1829672306107,GameRo,-0.215,0.680,-0.125,0.690
1829690126826,pre,999.647,,,
1829692175980,acc,-9.683,-2.695,0.124,
1829692175980,Gyro,-0.352,0.281,-0.064,
1829692175980,Lacc,-0.972,1.813,0.326,
1829692175980,GameRo,-0.217,0.681,-0.117,0.690
1829712045404,acc,-9.955,-2.710,0.834,
1829712045404,Gyro,0.306,1.087,0.345,
1829712045404,Lacc,-1.223,1.747,1.173,
1829712045404,GameRo,-0.213,0.687,-0.118,0.685
1829715175083,pre,999.620,,,
1829731915927,acc,-10.345,-3.267,1.157,
1829731915927,Gyro,0.664,1.324,0.717,
1829731915927,Lacc,-1.569,1.087,1.676,
1829731915927,GameRo,-0.204,0.696,-0.121,0.677
1829740208855,pre,999.650,,,
1829751756461,acc,-10.796,-4.689,0.911,
1829751756461,Gyro,0.761,1.065,0.929,
1829751756461,Lacc,-1.959,-0.482,1.574,
1829751756461,GameRo,-0.191,0.705,-0.122,0.672
1829765270296,pre,999.675,,,
1829771654531,acc,-11.758,-5.819,-0.005,
1829771654531,Gyro,0.698,0.647,1.036,
1829771654531,Lacc,-2.850,-1.778,0.733,
1829771654531,GameRo,-0.178,0.711,-0.122,0.669
1829790291087,pre,999.663,,,
1829791499461,acc,-13.174,-6.179,-1.205,
1829791499461,Gyro,0.562,0.351,1.311,
1829791499461,Lacc,-4.179,-2.341,-0.440,
1829791499461,GameRo,-0.165,0.715,-0.119,0.668
1829811394031,acc,-14.149,-7.455,-1.908,
1829811394031,Gyro,0.322,0.138,1.719,
1829811394031,Lacc,-5.040,-3.894,-1.138,
1829811394031,GameRo,-0.151,0.719,-0.112,0.669
1829815361887,pre,999.653,,,
1829831263985,acc,-14.247,-8.827,-1.724,
1829831263985,Gyro,0.038,-0.049,2.096,
1829831263985,Lacc,-5.005,-5.627,-0.960,
1829831263985,GameRo,-0.135,0.722,-0.100,0.672
1829840380968,pre,999.650,,,
1829851133490,acc,-13.741,-9.491,-0.599,
1829851133490,Gyro,-0.128,-0.369,2.312,
1829851133490,Lacc,-4.361,-6.712,0.126,
1829851133490,GameRo,-0.120,0.723,-0.084,0.675
1829865451728,pre,999.644,,,
1829871003322,acc,-14.402,-10.834,-0.433,
1829871003322,Gyro,-0.106,-0.695,2.633,
1829871003322,Lacc,-4.888,-8.523,0.184,
1829871003322,GameRo,-0.104,0.722,-0.065,0.681
1829890847885,acc,-14.422,-12.862,-0.531,
1829890847885,Gyro,0.178,-0.935,2.978,
1829890847885,Lacc,-4.783,-11.099,-0.082,
1829890847885,GameRo,-0.083,0.718,-0.045,0.689
1829890497950,pre,999.650,,,
1829910742374,acc,-13.788,-13.267,-1.368,
1829910742374,Gyro,0.685,-0.894,3.146,
1829910742374,Lacc,-4.052,-12.097,-1.119,
1829910742374,GameRo,-0.058,0.714,-0.027,0.698
1829915512882,pre,999.675,,,
1829930587466,acc,-13.513,-13.122,-2.662,
1829930587466,Gyro,1.055,-0.554,3.347,
1829930587466,Lacc,-3.718,-12.579,-2.563,
1829930587466,GameRo,-0.028,0.710,-0.011,0.703
1829940568341,pre,999.702,,,
1829950482077,acc,-13.354,-13.385,-3.489,
1829950482077,Gyro,0.993,-0.140,3.650,
1829950482077,Lacc,-3.545,-13.527,-3.444,
1829950482077,GameRo,0.004,0.709,0.006,0.705
1829965610413,pre,999.672,,,
1829970329163,acc,-13.237,-14.713,-3.381,
1829970329163,Gyro,0.637,0.108,3.994,
1829970329163,Lacc,-3.468,-15.607,-3.315,
1829970329163,GameRo,0.037,0.709,0.028,0.704
1829990220967,acc,-12.611,-16.309,-2.715,
1829990220967,Gyro,0.331,0.191,4.226,
1829990220967,Lacc,-2.950,-18.006,-2.602,
1829990220967,GameRo,0.069,0.708,0.054,0.701
1829990682189,pre,999.626,,,
1830010091043,acc,-11.042,-17.154,-2.165,
1830010091043,Gyro,0.159,0.198,4.152,
1830010091043,Lacc,-1.556,-19.649,-2.006,
1830010091043,GameRo,0.099,0.706,0.082,0.697
1830015704039,pre,999.623,,,
1830029960792,acc,-9.505,-16.146,-1.670,
1830029960792,Gyro,0.155,0.274,3.853,
1830029960792,Lacc,-0.242,-19.371,-1.459,
1830029960792,GameRo,0.128,0.703,0.108,0.691
1830040765479,pre,999.650,,,
1830049830949,acc,-8.453,-13.811,-0.656,
1830049830949,Gyro,0.315,0.285,3.672,
1830049830949,Lacc,0.548,-17.701,-0.370,
1830049830949,GameRo,0.155,0.700,0.132,0.684
1830065817765,pre,999.659,,,
1830069700414,acc,-6.691,-12.000,-0.330,
1830069700414,Gyro,0.497,0.147,3.580,
1830069700414,Lacc,2.010,-16.517,0.028,
1830069700414,GameRo,0.182,0.696,0.153,0.677
1830089569960,acc,-4.161,-10.676,-0.623,
1830089569960,Gyro,0.538,-0.020,3.389,
1830089569960,Lacc,4.212,-15.771,-0.205,
1830089569960,GameRo,0.210,0.691,0.173,0.670
1830090838596,pre,999.641,,,
1830109439710,acc,-1.343,-9.720,-1.035,
1830109439710,Gyro,0.469,-0.195,3.050,
1830109439710,Lacc,7.403,-14.121,-0.419,
1830109439710,GameRo,0.202,0.700,0.126,0.673
1830115908338,pre,999.644,,,
1830129309175,acc,0.798,-8.856,-1.318,
1830129309175,Gyro,0.389,-0.266,2.557,
1830129309175,Lacc,9.303,-13.708,-0.708,
1830129309175,GameRo,0.224,0.693,0.140,0.670
1830140953991,pre,999.669,,,
1830149179414,acc,1.357,-7.797,-1.187,
1830149179414,Gyro,0.499,-0.096,2.019,
1830149179414,Lacc,9.647,-13.004,-0.564,
1830149179414,GameRo,0.242,0.688,0.151,0.667
1830169015187,acc,0.874,-6.619,-0.774,
1830169015187,Gyro,0.774,0.131,1.617,
1830169015187,Lacc,8.985,-12.092,-0.067,
1830169015187,GameRo,0.258,0.685,0.158,0.663
1830165999685,pre,999.663,,,
1830188919117,acc,0.538,-5.778,-0.649,
1830188919117,Gyro,0.968,0.193,1.414,
1830188919117,Lacc,8.487,-11.464,0.197,
1830188919117,GameRo,0.273,0.684,0.161,0.656
1830191038745,pre,999.617,,,
1830208788216,acc,1.399,-6.046,-1.571,
1830208788216,Gyro,0.939,0.102,1.202,
1830208788216,Lacc,9.199,-11.914,-0.588,
1830208788216,GameRo,0.288,0.683,0.163,0.651
1830216093106,pre,999.598,,,
1830228657844,acc,2.009,-6.877,-2.470,
1830228657844,Gyro,0.593,-0.003,0.753,
1830228657844,Lacc,9.701,-12.869,-1.392,
1830228657844,GameRo,0.299,0.682,0.164,0.647
1830241140346,pre,999.635,,,
1830248527756,acc,1.776,-7.013,-2.631,
1830248527756,Gyro,0.049,-0.103,0.187,
1830248527756,Lacc,9.428,-13.053,-1.535,
1830248527756,GameRo,0.303,0.681,0.164,0.646
1830266184779,pre,999.681,,,
1830268397424,acc,0.615,-6.706,-1.794,
1830268397424,Gyro,-0.385,-0.162,-0.267,
1830268397424,Lacc,8.291,-12.724,-0.754,
1830268397424,GameRo,0.301,0.680,0.165,0.648
1830288267012,acc,-0.533,-6.845,-1.067,
1830288267012,Gyro,-0.559,-0.129,-0.561,
1830288267012,Lacc,7.208,-12.795,-0.114,
1830288267012,GameRo,0.294,0.680,0.164,0.651
1830291203372,pre,999.678,,,
1830308136639,acc,-1.252,-7.785,-0.836,
1830308136639,Gyro,-0.595,-0.021,-0.832,
1830308136639,Lacc,6.580,-13.627,0.038,
1830308136639,GameRo,0.285,0.681,0.163,0.655
1830316274131,pre,999.653,,,
1830328006268,acc,-1.544,-9.237,-0.905,
1830328006268,Gyro,-0.566,0.157,-1.253,
1830328006268,Lacc,6.525,-14.751,-0.059,
1830328006268,GameRo,0.269,0.686,0.151,0.659
1830341319946,pre,999.644,,,
1830347875977,acc,-2.340,-10.218,-0.818,
1830347875977,Gyro,-0.490,0.360,-1.782,
1830347875977,Lacc,5.917,-15.449,0.024,
1830347875977,GameRo,0.253,0.692,0.144,0.661
1830366365356,pre,999.656,,,
1830367756225,acc,-3.691,-10.880,-0.671,
1830367756225,Gyro,-0.337,0.483,-2.272,
1830367756225,Lacc,4.774,-15.758,0.208,
1830367756225,GameRo,0.235,0.700,0.133,0.661
1830387616209,acc,-5.509,-11.848,-0.850,
1830387616209,Gyro,-0.199,0.480,-2.773,
1830387616209,Lacc,3.193,-16.279,0.094,
1830387616209,GameRo,0.215,0.709,0.118,0.662
1830391388791,pre,999.669,,,
1830407485226,acc,-7.233,-12.400,-1.266,
1830407485226,Gyro,-0.234,0.354,-3.266,
1830407485226,Lacc,1.721,-16.281,-0.267,
1830407485226,GameRo,0.191,0.717,0.100,0.663
1830416432980,pre,999.678,,,
1830427329993,acc,-9.231,-12.970,-1.918,
1830427329993,Gyro,-0.216,0.306,-3.657,
1830427329993,Lacc,-0.028,-16.207,-0.885,
1830427329993,GameRo,0.163,0.725,0.078,0.664
1830441480179,pre,999.699,,,
1830447185704,acc,-11.890,-15.156,-3.443,
1830447185704,Gyro,0.066,0.478,-3.851,
1830447185704,Lacc,-2.476,-17.684,-2.339,
1830447185704,GameRo,0.135,0.734,0.054,0.664
1830467069452,acc,-13.308,-15.946,-5.170,
1830467069452,Gyro,0.314,0.803,-4.052,
1830467069452,Lacc,-3.739,-17.709,-3.927,
1830467069452,GameRo,0.107,0.743,0.026,0.660
1830466549351,pre,999.693,,,
1830486964633,acc,-14.454,-15.457,-5.685,
1830486964633,Gyro,0.298,1.173,-4.168,
1830486964633,Lacc,-4.801,-16.411,-4.224,
1830486964633,GameRo,0.078,0.754,-0.003,0.652
1830491573763,pre,999.659,,,
1830506833773,acc,-15.086,-14.423,-4.443,
1830506833773,Gyro,0.126,1.302,-4.237,
1830506833773,Lacc,-5.427,-14.559,-2.730,
1830506833773,GameRo,0.047,0.765,-0.031,0.642
1830516639599,pre,999.632,,,
1830526703482,acc,-15.726,-12.198,-2.633,
1830526703482,Gyro,0.116,1.131,-4.175,
1830526703482,Lacc,-6.136,-11.516,-0.683,
1830526703482,GameRo,0.016,0.774,-0.058,0.630
1830541666697,pre,999.641,,,
1830546563344,acc,-15.857,-10.537,-1.619,
1830546563344,Gyro,0.275,0.565,-3.831,
1830546563344,Lacc,-6.383,-9.090,0.475,
1830546563344,GameRo,-0.013,0.779,-0.084,0.621
1830566442900,acc,-14.809,-9.948,-2.299,
1830566442900,Gyro,0.328,-0.031,-3.454,
1830566442900,Lacc,-5.466,-7.821,-0.194,
1830566442900,GameRo,-0.038,0.778,-0.109,0.617
1830566733875,pre,999.675,,,
1830586270698,acc,-13.619,-9.047,-3.110,
1830586270698,Gyro,0.304,-0.311,-3.205,
1830586270698,Lacc,-4.423,-6.304,-1.072,
1830586270698,GameRo,-0.062,0.775,-0.131,0.616
1830591752428,pre,999.699,,,
1830606182197,acc,-12.735,-7.540,-3.488,
1830606182197,Gyro,0.162,-0.458,-2.965,
1830606182197,Lacc,-3.707,-4.232,-1.544,
1830606182197,GameRo,-0.085,0.769,-0.151,0.615
1830616793198,pre,999.696,,,
1830626051946,acc,-12.180,-5.831,-3.138,
1830626051946,Gyro,-0.124,-0.490,-2.577,
1830626051946,Lacc,-3.325,-2.042,-1.274,
1830626051946,GameRo,-0.106,0.764,-0.167,0.614
1830641869573,pre,999.668,,,
1830645921900,acc,-11.347,-4.562,-2.451,
1830645921900,Gyro,-0.387,-0.676,-2.101,
1830645921900,Lacc,-2.649,-0.392,-0.666,
1830645921900,GameRo,-0.126,0.758,-0.178,0.614
1830665791242,acc,-10.085,-4.181,-2.053,
1830665791242,Gyro,-0.588,-0.904,-1.709,
1830665791242,Lacc,-1.512,0.280,-0.365,
1830665791242,GameRo,-0.145,0.752,-0.184,0.617
1830666890038,pre,999.653,,,
1830685661644,acc,-8.757,-4.200,-1.711,
1830685661644,Gyro,-0.776,-1.109,-1.526,
1830685661644,Lacc,-0.290,0.498,-0.135,
1830685661644,GameRo,-0.162,0.744,-0.186,0.620
1830691936343,pre,999.672,,,
1830705530580,acc,-8.165,-3.941,-1.100,
1830705530580,Gyro,-1.005,-1.301,-1.514,
1830705530580,Lacc,0.195,0.981,0.357,
1830705530580,GameRo,-0.181,0.736,-0.187,0.625
1830717010641,pre,999.665,,,
1830725405091,acc,-8.338,-3.618,-0.768,
1830725405091,Gyro,-1.224,-1.391,-1.460,
1830725405091,Lacc,-0.084,1.512,0.572,
1830725405091,GameRo,-0.202,0.726,-0.185,0.631
1830742057434,pre,999.626,,,
1830745270283,acc,-8.595,-3.111,-0.668,
1830745270283,Gyro,-1.156,-1.087,-1.261,
1830745270283,Lacc,-0.441,2.194,0.594,
1830745270283,GameRo,-0.221,0.718,-0.181,0.635
1830765139992,acc,-8.693,-3.010,-0.582,
1830765139992,Gyro,-0.772,-0.472,-0.995,
1830765139992,Lacc,-0.623,2.427,0.662,
1830765139992,GameRo,-0.235,0.713,-0.179,0.636
1830767079282,pre,999.617,,,
1830785010068,acc,-8.838,-3.047,-0.434,
1830785010068,Gyro,-0.309,0.240,-0.766,
1830785010068,Lacc,-0.826,2.467,0.847,
1830785010068,GameRo,-0.242,0.712,-0.179,0.635
1830792128598,pre,999.638,,,
1830804853979,acc,-9.523,-3.005,-0.123,
1830804853979,Gyro,-0.015,0.773,-0.571,
1830804853979,Lacc,-1.415,2.371,1.144,
1830804853979,GameRo,-0.237,0.713,-0.173,0.637
1830817180069,pre,999.632,,,
1830824724096,acc,-10.612,-2.839,0.436,
1830824724096,Gyro,0.096,0.950,-0.300,
1830824724096,Lacc,-2.571,2.601,1.847,
1830824724096,GameRo,-0.237,0.718,-0.178,0.630
1830842248265,pre,999.620,,,
1830844619602,acc,-11.171,-2.905,0.977,
1830844619602,Gyro,0.117,0.716,0.063,
1830844619602,Lacc,-3.161,2.546,2.508,
1830844619602,GameRo,-0.236,0.723,-0.181,0.624
1830864463311,acc,-11.150,-3.343,1.056,
1830864463311,Gyro,0.109,0.290,0.434,
1830864463311,Lacc,-3.116,2.058,2.643,
1830864463311,GameRo,-0.232,0.726,-0.181,0.622
1830867292615,pre,999.665,,,
1830884342460,acc,-11.073,-4.242,0.473,
1830884342460,Gyro,0.174,-0.058,0.714,
1830884342460,Lacc,-2.970,1.060,2.046,
1830884342460,GameRo,-0.226,0.727,-0.178,0.623
1830892308199,pre,999.708,,,
1830904202607,acc,-11.573,-5.032,-0.304,
1830904202607,Gyro,0.306,-0.257,0.984,
1830904202607,Lacc,-3.370,0.131,1.207,
1830904202607,GameRo,-0.218,0.728,-0.174,0.627
1830917357717,pre,999.668,,,
1830924085500,acc,-12.307,-5.844,-1.269,
1830924085500,Gyro,0.482,-0.319,1.334,
1830924085500,Lacc,-3.972,-0.868,0.146,
1830924085500,GameRo,-0.207,0.727,-0.168,0.632
1830942426767,pre,999.632,,,
1830943942147,acc,-12.734,-7.186,-2.470,
1830943942147,Gyro,0.515,-0.245,1.701,
1830943942147,Lacc,-4.238,-2.462,-1.155,
1830943942147,GameRo,-0.193,0.728,-0.162,0.638
1830963836800,acc,-12.934,-8.585,-3.104,
1830963836800,Gyro,0.321,-0.106,2.025,
1830963836800,Lacc,-4.259,-4.180,-1.852,
1830963836800,GameRo,-0.177,0.730,-0.152,0.643
1830967473152,pre,999.665,,,
1830983706630,acc,-12.961,-9.374,-2.388,
1830983706630,Gyro,0.112,-0.059,2.273,
1830983706630,Lacc,-4.100,-5.349,-1.156,
1830983706630,GameRo,-0.160,0.733,-0.139,0.646
1830992520107,pre,999.690,,,
1831003560308,acc,-13.450,-10.045,-1.603,
1831003560308,Gyro,0.006,-0.251,2.542,
1831003560308,Lacc,-4.401,-6.450,-0.403,
1831003560308,GameRo,-0.142,0.736,-0.124,0.651
1831017564539,pre,999.659,,,
1831023428674,acc,-14.460,-12.515,-1.785,
1831023428674,Gyro,-0.057,-0.540,2.990,
1831023428674,Lacc,-5.214,-9.434,-0.662,
1831023428674,GameRo,-0.122,0.736,-0.104,0.657
1831043308679,acc,-13.818,-14.357,-1.954,
1831043308679,Gyro,0.035,-0.812,3.250,
1831043308679,Lacc,-4.380,-11.872,-0.969,
1831043308679,GameRo,-0.099,0.735,-0.082,0.666
1831042611169,pre,999.617,,,
1831063185061,acc,-12.650,-14.091,-2.398,
1831063185061,Gyro,0.307,-0.805,3.250,
1831063185061,Lacc,-3.054,-12.219,-1.584,
1831063185061,GameRo,-0.075,0.732,-0.061,0.674
1831067655641,pre,999.610,,,
1831083055339,acc,-11.951,-13.413,-3.122,
1831083055339,Gyro,0.453,-0.542,3.220,
1831083055339,Lacc,-2.248,-12.144,-2.444,
1831083055339,GameRo,-0.049,0.729,-0.043,0.681
1831092702637,pre,999.617,,,
1831102924764,acc,-12.040,-13.549,-2.895,
1831102924764,Gyro,0.365,-0.359,3.393,
1831102924764,Lacc,-2.269,-12.910,-2.299,
1831102924764,GameRo,-0.023,0.728,-0.023,0.685
1831117751382,pre,999.626,,,
1831122794554,acc,-11.658,-14.409,-2.516,
1831122794554,Gyro,0.338,-0.320,3.622,
1831122794554,Lacc,-1.862,-14.452,-1.983,
1831122794554,GameRo,0.005,0.726,-0.002,0.688
1831142664142,acc,-10.429,-15.058,-2.432,
1831142664142,Gyro,0.372,-0.276,3.702,
1831142664142,Lacc,-0.660,-15.812,-1.953,
1831142664142,GameRo,0.034,0.723,0.021,0.689
1831142776447,pre,999.656,,,
1831162533647,acc,-8.447,-14.984,-2.547,
1831162533647,Gyro,0.440,-0.148,3.490,
1831162533647,Lacc,1.246,-16.425,-2.100,
1831162533647,GameRo,0.063,0.720,0.042,0.690
1831167842729,pre,999.668,,,
1831182377641,acc,-6.938,-13.763,-2.372,
1831182377641,Gyro,0.527,0.115,3.079,
1831182377641,Lacc,2.645,-15.807,-1.900,
1831182377641,GameRo,0.089,0.718,0.060,0.687
1831192865799,pre,999.653,,,
1831202273513,acc,-5.951,-11.522,-1.853,
1831202273513,Gyro,0.646,0.276,2.802,
1831202273513,Lacc,3.501,-14.092,-1.304,
1831202273513,GameRo,0.113,0.718,0.075,0.683
1831217912469,pre,999.647,,,
1831222117629,acc,-4.783,-9.451,-1.275,
1831222117629,Gyro,0.674,0.216,2.714,
1831222117629,Lacc,4.519,-12.500,-0.636,
1831222117629,GameRo,0.136,0.717,0.088,0.678
1831241977816,acc,-3.202,-8.215,-1.027,
1831241977816,Gyro,0.626,0.022,2.636,
1831241977816,Lacc,5.928,-11.734,-0.327,
1831241977816,GameRo,0.159,0.714,0.101,0.674
1831242958285,pre,999.659,,,
1831261882152,acc,-1.906,-7.567,-1.095,
1831261882152,Gyro,0.538,-0.150,2.423,
1831261882152,Lacc,7.042,-11.521,-0.372,
1831261882152,GameRo,0.180,0.710,0.113,0.671
1831268033275,pre,999.656,,,
1831281726797,acc,-1.274,-6.849,-1.240,
1831281726797,Gyro,0.526,-0.167,2.157,
1831281726797,Lacc,7.496,-11.181,-0.505,
1831281726797,GameRo,0.200,0.705,0.124,0.669
1831293080800,pre,999.641,,,
1831301621856,acc,-0.944,-5.898,-1.212,
1831301621856,Gyro,0.536,-0.158,2.038,
1831301621856,Lacc,7.649,-10.569,-0.454,
1831301621856,GameRo,0.217,0.701,0.133,0.666
1831318105701,pre,999.626,,,
1831321472400,acc,-0.411,-5.924,-1.392,
1831321472400,Gyro,0.439,-0.220,1.971,
1831321472400,Lacc,7.997,-10.918,-0.616,
1831321472400,GameRo,0.235,0.696,0.142,0.664
1831341357653,acc,0.327,-6.596,-1.673,
1831341357653,Gyro,0.215,-0.319,1.762,
1831341357653,Lacc,8.553,-11.887,-0.913,
1831341357653,GameRo,0.250,0.690,0.151,0.662
1831343154447,pre,999.638,,,
1831361230699,acc,0.974,-7.488,-2.013,
1831361230699,Gyro,-0.059,-0.310,1.291,
1831361230699,Lacc,9.050,-13.012,-1.301,
1831361230699,GameRo,0.260,0.685,0.160,0.662
1831368229681,pre,999.653,,,
1831381100367,acc,0.651,-7.406,-1.416,
1831381100367,Gyro,-0.271,-0.235,0.757,
1831381100367,Lacc,8.634,-13.072,-0.769,
1831381100367,GameRo,0.265,0.680,0.166,0.663
1831393256169,pre,999.659,,,
1831400970036,acc,0.005,-6.975,-0.807,
1831400970036,Gyro,-0.258,-0.172,0.405,
1831400970036,Lacc,7.939,-12.715,-0.221,
1831400970036,GameRo,0.266,0.677,0.171,0.664
1831418328107,pre,999.641,,,
1831420839867,acc,0.024,-7.667,-0.990,
1831420839867,Gyro,-0.201,-0.113,0.102,
1831420839867,Lacc,7.940,-13.436,-0.449,
1831420839867,GameRo,0.267,0.676,0.173,0.665
1831440709454,acc,0.279,-8.667,-1.484,
1831440709454,Gyro,-0.273,-0.020,-0.378,
1831440709454,Lacc,8.222,-14.401,-0.975,
1831440709454,GameRo,0.264,0.676,0.173,0.667
1831443377382,pre,999.626,,,
1831460579123,acc,-0.084,-9.404,-1.364,
1831460579123,Gyro,-0.317,0.135,-1.023,
1831460579123,Lacc,8.196,-14.634,-0.794,
1831460579123,GameRo,0.243,0.685,0.151,0.669
1831468427551,pre,999.635,,,
1831480448872,acc,-1.308,-9.544,-1.112,
1831480448872,Gyro,-0.186,0.322,-1.678,
1831480448872,Lacc,7.732,-13.283,-0.381,
1831480448872,GameRo,0.192,0.707,0.086,0.675
1831493475565,pre,999.669,,,
1831500318664,acc,-3.122,-10.051,-0.843,
1831500318664,Gyro,-0.060,0.333,-2.272,
1831500318664,Lacc,6.072,-13.379,-0.050,
1831500318664,GameRo,0.176,0.714,0.072,0.674
1831518526629,pre,999.684,,,
1831520188372,acc,-5.035,-10.809,-0.604,
1831520188372,Gyro,-0.054,0.070,-2.813,
1831520188372,Lacc,4.321,-13.641,0.222,
1831520188372,GameRo,0.156,0.720,0.054,0.675
1831540057797,acc,-6.509,-10.961,-1.326,
1831540057797,Gyro,-0.162,-0.211,-3.192,
1831540057797,Lacc,3.008,-13.205,-0.537,
1831540057797,GameRo,0.133,0.723,0.034,0.677
1831543572160,pre,999.672,,,
1831559927587,acc,-7.690,-11.041,-2.780,
1831559927587,Gyro,-0.077,0.062,-3.362,
1831559927587,Lacc,1.958,-12.644,-2.020,
1831559927587,GameRo,0.108,0.726,0.012,0.679
1831568623592,pre,999.659,,,
1831579797501,acc,-9.905,-13.010,-4.269,
1831579797501,Gyro,0.348,0.771,-3.341,
1831579797501,Lacc,-0.179,-13.955,-3.402,
1831579797501,GameRo,0.084,0.733,-0.012,0.675
1831593672174,pre,999.641,,,
1831599666884,acc,-11.715,-16.027,-5.627,
1831599666884,Gyro,0.738,1.540,-3.524,
1831599666884,Lacc,-1.974,-16.295,-4.497,
1831599666884,GameRo,0.064,0.744,-0.039,0.664
1831619551323,acc,-13.101,-15.926,-5.273,
1831619551323,Gyro,0.699,1.934,-3.910,
1831619551323,Lacc,-3.418,-15.435,-3.776,
1831619551323,GameRo,0.042,0.758,-0.068,0.647
1831618717543,pre,999.626,,,
1831639406140,acc,-14.695,-13.640,-3.771,
1831639406140,Gyro,0.263,1.805,-4.088,
1831639406140,Lacc,-5.149,-12.350,-1.913,
1831639406140,GameRo,0.015,0.771,-0.097,0.629
1831643753755,pre,999.632,,,
1831659283295,acc,-15.567,-11.518,-1.560,
1831659283295,Gyro,-0.167,1.119,-3.966,
1831659283295,Lacc,-6.212,-9.469,0.565,
1831659283295,GameRo,-0.015,0.780,-0.122,0.614
1831668809784,pre,999.669,,,
1831679120290,acc,-15.544,-10.323,-0.275,
1831679120290,Gyro,-0.407,0.069,-3.664,
1831679120290,Lacc,-6.387,-7.591,1.944,
1831679120290,GameRo,-0.046,0.782,-0.142,0.606
1831693855803,pre,999.675,,,
1831699042123,acc,-14.634,-10.094,-0.625,
1831699042123,Gyro,-0.425,-0.898,-3.319,
1831699042123,Lacc,-5.655,-6.766,1.503,
1831699042123,GameRo,-0.076,0.776,-0.159,0.605
1831718884977,acc,-13.448,-9.925,-1.855,
1831718884977,Gyro,-0.497,-1.491,-3.134,
1831718884977,Lacc,-4.641,-6.051,0.061,
1831718884977,GameRo,-0.106,0.766,-0.174,0.610
1831718902270,pre,999.662,,,
1831738755133,acc,-12.619,-8.842,-2.736,
1831738755133,Gyro,-0.714,-1.609,-2.928,
1831738755133,Lacc,-4.000,-4.470,-1.053,
1831738755133,GameRo,-0.135,0.753,-0.185,0.616
1831743924078,pre,999.669,,,
1831758617477,acc,-11.809,-7.346,-2.754,
1831758617477,Gyro,-0.830,-1.301,-2.610,
1831758617477,Lacc,-3.393,-2.537,-1.242,
1831758617477,GameRo,-0.163,0.742,-0.194,0.621
1831768969081,pre,999.678,,,
1831778468998,acc,-11.144,-6.039,-2.105,
1831778468998,Gyro,-0.661,-0.800,-2.202,
1831778468998,Lacc,-2.931,-0.868,-0.676,
1831778468998,GameRo,-0.187,0.733,-0.201,0.622
1831794046593,pre,999.662,,,
1831798338870,acc,-10.326,-5.184,-1.491,
1831798338870,Gyro,-0.307,-0.404,-1.815,
1831798338870,Lacc,-2.302,0.285,-0.097,
1831798338870,GameRo,-0.205,0.727,-0.209,0.621
1831818233523,acc,-9.257,-4.469,-1.356,
1831818233523,Gyro,-0.027,-0.188,-1.532,
1831818233523,Lacc,-1.392,1.232,0.012,
1831818233523,GameRo,-0.217,0.723,-0.216,0.619
1831819060590,pre,999.666,,,
1831838080486,acc,-8.481,-3.829,-1.604,
1831838080486,Gyro,0.092,0.002,-1.366,
1831838080486,Lacc,-0.726,2.021,-0.235,
1831838080486,GameRo,-0.225,0.720,-0.221,0.618
1831844108033,pre,999.687,,,
1831857929566,acc,-8.715,-3.199,-1.291,
1831857929566,Gyro,0.201,0.128,-1.299,
1831857929566,Lacc,-1.072,2.795,0.081,
1831857929566,GameRo,-0.232,0.718,-0.227,0.615
1831869178059,pre,999.669,,,
1831877842691,acc,-9.233,-2.417,-1.367,
1831877842691,Gyro,0.124,0.064,-1.160,
1831877842691,Lacc,-1.463,3.408,0.019,
1831877842691,GameRo,-0.230,0.720,-0.215,0.619
1831894226438,pre,999.629,,,
1831897712278,acc,-9.399,-2.014,-1.513,
1831897712278,Gyro,-0.226,-0.158,-0.943,
1831897712278,Lacc,-1.349,3.413,-0.108,
1831897712278,GameRo,-0.224,0.722,-0.188,0.627
1831917581865,acc,-9.311,-2.163,-1.366,
1831917581865,Gyro,-0.670,-0.322,-0.733,
1831917581865,Lacc,-1.149,3.093,0.045,
1831917581865,GameRo,-0.227,0.721,-0.173,0.631
1831919248369,pre,999.608,,,
1831937452103,acc,-9.559,-2.465,-0.575,
1831937452103,Gyro,-0.885,-0.264,-0.543,
1831937452103,Lacc,-1.211,2.518,0.741,
1831937452103,GameRo,-0.229,0.717,-0.150,0.641
1831944296544,pre,999.614,,,
1831957321324,acc,-9.758,-2.529,0.285,
1831957321324,Gyro,-0.797,-0.070,-0.297,
1831957321324,Lacc,-1.381,2.404,1.597,
1831957321324,GameRo,-0.235,0.715,-0.140,0.643
1831969371291,pre,999.623,,,
1831977190992,acc,-9.996,-2.723,1.034,
1831977190992,Gyro,-0.559,0.120,0.009,
1831977190992,Lacc,-1.621,2.196,2.410,
1831977190992,GameRo,-0.240,0.716,-0.136,0.641
1831994382438,pre,999.635,,,
1831997060824,acc,-10.090,-3.097,1.545,
1831997060824,Gyro,-0.203,0.200,0.325,
1831997060824,Lacc,-1.696,1.773,2.981,
1831997060824,GameRo,-0.240,0.718,-0.132,0.640
1832016930289,acc,-10.294,-3.676,1.407,
1832016930289,Gyro,0.143,0.178,0.638,
1832016930289,Lacc,-1.854,1.105,2.870,
1832016930289,GameRo,-0.235,0.721,-0.129,0.639
1832019468985,pre,999.641,,,
1832036800568,acc,-10.429,-4.820,0.535,
1832036800568,Gyro,0.373,0.136,0.900,
1832036800568,Lacc,-1.914,-0.171,1.992,
1832036800568,GameRo,-0.227,0.723,-0.127,0.640
1832044494130,pre,999.632,,,
1832056669585,acc,-10.912,-5.844,-0.623,
1832056669585,Gyro,0.466,0.084,1.082,
1832056669585,Lacc,-2.306,-1.358,0.808,
1832056669585,GameRo,-0.217,0.725,-0.124,0.642
1832069545439,pre,999.638,,,
1832076496570,acc,-11.608,-6.746,-1.854,
1832076496570,Gyro,0.345,0.043,1.287,
1832076496570,Lacc,-2.898,-2.456,-0.450,
1832076496570,GameRo,-0.205,0.728,-0.119,0.644
1832094585965,pre,999.638,,,
1832096378242,acc,-12.297,-8.083,-2.165,
1832096378242,Gyro,0.086,0.027,1.583,
1832096378242,Lacc,-3.466,-4.047,-0.771,
1832096378242,GameRo,-0.193,0.731,-0.111,0.645
1832116278957,acc,-12.679,-9.577,-1.382,
1832116278957,Gyro,0.002,0.013,1.828,
1832116278957,Lacc,-3.712,-5.853,0.018,
1832116278957,GameRo,-0.180,0.734,-0.100,0.647
1832119624904,pre,999.623,,,
1832136149073,acc,-12.968,-9.676,-0.705,
1832136149073,Gyro,0.150,-0.083,2.014,
1832136149073,Lacc,-3.862,-6.298,0.681,
1832136149073,GameRo,-0.166,0.737,-0.088,0.649
1832144708236,pre,999.608,,,
1832156018213,acc,-14.008,-11.170,-1.211,
1832156018213,Gyro,0.280,-0.204,2.339,
1832156018213,Lacc,-4.759,-8.187,0.128,
1832156018213,GameRo,-0.148,0.739,-0.075,0.653
1832169754947,pre,999.623,,,
1832175862817,acc,-14.352,-13.028,-1.848,
1832175862817,Gyro,0.430,-0.300,2.628,
1832175862817,Lacc,-4.956,-10.509,-0.582,
1832175862817,GameRo,-0.127,0.741,-0.061,0.657
1832195752992,acc,-13.778,-12.944,-2.433,
1832195752992,Gyro,0.723,-0.144,2.764,
1832195752992,Lacc,-4.253,-10.922,-1.240,
1832195752992,GameRo,-0.103,0.742,-0.047,0.661
1832194779319,pre,999.623,,,
1832215606711,acc,-13.242,-11.801,-2.632,
1832215606711,Gyro,0.947,0.168,2.937,
1832215606711,Lacc,-3.619,-10.300,-1.457,
1832215606711,GameRo,-0.076,0.744,-0.035,0.662
1832219851136,pre,999.611,,,
1832235497294,acc,-12.735,-11.388,-2.591,
1832235497294,Gyro,0.886,0.449,3.268,
1832235497294,Lacc,-3.046,-10.465,-1.367,
1832235497294,GameRo,-0.046,0.748,-0.022,0.661
1832244874368,pre,999.620,,,
1832255366556,acc,-12.235,-12.087,-2.334,
1832255366556,Gyro,0.797,0.682,3.660,
1832255366556,Lacc,-2.520,-11.821,-1.001,
1832255366556,GameRo,-0.015,0.753,-0.005,0.657
1832269939960,pre,999.635,,,
1832275236305,acc,-11.556,-13.562,-2.241,
1832275236305,Gyro,0.817,0.932,3.999,
1832275236305,Lacc,-1.872,-14.023,-0.745,
1832275236305,GameRo,0.019,0.759,0.014,0.651
1832295083594,acc,-10.102,-14.388,-1.938,
1832295083594,Gyro,0.928,1.205,4.068,
1832295083594,Lacc,-0.523,-15.602,-0.209,
1832295083594,GameRo,0.056,0.765,0.034,0.641
1832294969824,pre,999.632,,,
1832314976253,acc,-8.291,-13.943,-1.483,
1832314976253,Gyro,1.050,1.324,3.822,
1832314976253,Lacc,1.118,-15.856,0.528,
1832314976253,GameRo,0.092,0.771,0.052,0.628
1832320017838,pre,999.620,,,
1832334845799,acc,-6.671,-12.427,-1.148,
1832334845799,Gyro,0.957,1.124,3.510,
1832334845799,Lacc,2.528,-14.955,1.138,
1832334845799,GameRo,0.125,0.775,0.067,0.616
1832345090346,pre,999.635,,,
1832354715509,acc,-4.952,-11.020,-0.771,
1832354715509,Gyro,0.629,0.595,3.283,
1832354715509,Lacc,4.024,-14.110,1.702,
1832354715509,GameRo,0.154,0.776,0.082,0.606
1832374593884,acc,-2.807,-10.377,-0.720,
1832374593884,Gyro,0.350,-0.012,2.966,
1832374593884,Lacc,5.958,-13.984,1.808,
1832374593884,GameRo,0.180,0.772,0.098,0.601
1832370120781,pre,999.635,,,
1832394429130,acc,-1.119,-9.451,-1.108,
1832394429130,Gyro,0.249,-0.367,2.516,
1832394429130,Lacc,7.674,-12.950,1.479,
1832394429130,GameRo,0.191,0.772,0.082,0.601
1832395161998,pre,999.610,,,
1832414303355,acc,-0.189,-8.103,-1.558,
1832414303355,Gyro,0.302,-0.327,2.031,
1832414303355,Lacc,8.466,-11.960,0.981,
1832414303355,GameRo,0.209,0.765,0.092,0.602
1832420241994,pre,999.604,,,
1832434214771,acc,-0.288,-6.708,-1.467,
1832434214771,Gyro,0.389,-0.078,1.662,
1832434214771,Lacc,8.239,-10.840,1.075,
1832434214771,GameRo,0.225,0.761,0.099,0.600
1832445256031,pre,999.626,,,
1832454079151,acc,-0.617,-5.950,-1.129,
1832454079151,Gyro,0.423,0.056,1.478,
1832454079151,Lacc,7.783,-10.308,1.457,
1832454079151,GameRo,0.239,0.758,0.105,0.598
1832470312507,pre,999.644,,,
1832473908902,acc,-0.311,-5.985,-1.266,
1832473908902,Gyro,0.331,0.094,1.352,
1832473908902,Lacc,7.962,-10.550,1.371,
1832473908902,GameRo,0.251,0.756,0.110,0.595
1832493802578,acc,0.140,-6.553,-1.494,
1832493802578,Gyro,0.088,0.054,1.122,
1832493802578,Lacc,8.299,-11.301,1.174,
1832493802578,GameRo,0.261,0.753,0.116,0.592
1832495351691,pre,999.662,,,
1832513672368,acc,0.234,-6.896,-1.218,
1832513672368,Gyro,-0.227,-0.024,0.803,
1832513672368,Lacc,8.308,-11.793,1.441,
1832513672368,GameRo,0.267,0.751,0.122,0.591
1832520425176,pre,999.668,,,
1832533542281,acc,0.355,-7.195,-0.844,
1832533542281,Gyro,-0.442,-0.164,0.445,
1832533542281,Lacc,8.382,-12.198,1.759,
1832533542281,GameRo,0.269,0.749,0.128,0.592
1832545471683,pre,999.641,,,
1832553412519,acc,0.432,-7.722,-0.735,
1832553412519,Gyro,-0.577,-0.251,0.001,
1832553412519,Lacc,8.459,-12.772,1.777,
1832553412519,GameRo,0.267,0.746,0.132,0.596
1832573256838,acc,0.200,-8.278,-0.560,
1832573256838,Gyro,-0.613,-0.263,-0.527,
1832570524131,pre,999.635,,,
1832573256838,Lacc,8.278,-13.297,1.847,
1832573256838,GameRo,0.261,0.745,0.133,0.600
1832593151042,acc,-0.438,-8.991,-0.324,
1832593151042,Gyro,-0.490,-0.199,-1.164,
1832593151042,Lacc,7.753,-13.865,1.996,
1832593151042,GameRo,0.251,0.745,0.130,0.604
1832595540895,pre,999.647,,,
1832613020833,acc,-1.714,-9.679,-0.192,
1832613020833,Gyro,-0.257,-0.215,-1.860,
1832613020833,Lacc,7.439,-12.508,1.921,
1832613020833,GameRo,0.192,0.755,0.032,0.626
1832620627400,pre,999.665,,,
1832632890502,acc,-3.651,-9.638,-0.624,
1832632890502,Gyro,-0.103,-0.349,-2.465,
1832632890502,Lacc,5.658,-11.951,1.434,
1832632890502,GameRo,0.171,0.759,0.013,0.628
1832645655028,pre,999.677,,,
1832652760210,acc,-5.411,-9.858,-1.389,
1832652760210,Gyro,-0.220,-0.634,-2.882,
1832652760210,Lacc,4.034,-11.653,0.563,
1832652760210,GameRo,0.149,0.760,-0.004,0.633
1832670701657,pre,999.696,,,
1832672630002,acc,-7.087,-10.561,-2.697,
1832672630002,Gyro,-0.476,-0.712,-3.167,
1832672630002,Lacc,2.479,-11.780,-0.896,
1832672630002,GameRo,0.123,0.759,-0.022,0.639
1832692499710,acc,-8.759,-10.853,-3.522,
1832692499710,Gyro,-0.593,-0.395,-3.313,
1832692499710,Lacc,0.885,-11.460,-1.834,
1832692499710,GameRo,0.094,0.760,-0.039,0.642
1832695746089,pre,999.690,,,
1832712369339,acc,-10.958,-12.640,-4.147,
1832712369339,Gyro,-0.563,0.080,-3.210,
1832712369339,Lacc,-1.292,-12.631,-2.475,
1832712369339,GameRo,0.065,0.762,-0.056,0.642
1832720785435,pre,999.668,,,
1832732238803,acc,-12.027,-15.991,-4.334,
1832732238803,Gyro,-0.553,0.409,-3.157,
1832732238803,Lacc,-2.391,-15.396,-2.593,
1832732238803,GameRo,0.038,0.766,-0.071,0.637
1832745838372,pre,999.674,,,
1832752108554,acc,-12.000,-17.528,-4.088,
1832752108554,Gyro,-0.610,0.595,-3.481,
1832752108554,Lacc,-2.444,-16.317,-2.230,
1832752108554,GameRo,0.010,0.771,-0.088,0.631
1832771953360,acc,-12.283,-16.489,-2.800,
1832771953360,Gyro,-0.657,0.621,-3.986,
1832771953360,Lacc,-2.872,-14.576,-0.799,
1832771953360,GameRo,-0.023,0.776,-0.107,0.622
1832770884024,pre,999.687,,,
1832791847809,acc,-13.131,-13.287,-1.264,
1832791847809,Gyro,-0.579,0.383,-4.300,
1832791847809,Lacc,-3.935,-10.609,0.855,
1832791847809,GameRo,-0.060,0.777,-0.129,0.613
1832795903310,pre,999.659,,,
1832811717722,acc,-14.021,-10.313,-0.765,
1832811717722,Gyro,-0.371,-0.069,-4.251,
1832811717722,Lacc,-5.092,-6.874,1.398,
1832811717722,GameRo,-0.096,0.775,-0.151,0.606
1832820955799,pre,999.650,,,
1832831587634,acc,-14.027,-9.084,-1.755,
1832831587634,Gyro,-0.161,-0.445,-3.839,
1832831587634,Lacc,-5.382,-4.957,0.358,
1832831587634,GameRo,-0.128,0.769,-0.173,0.602
1832846021187,pre,999.702,,,
1832851457303,acc,-13.641,-8.275,-3.441,
1832851457303,Gyro,0.053,-0.355,-3.366,
1832851457303,Lacc,-5.287,-3.553,-1.407,
1832851457303,GameRo,-0.156,0.761,-0.194,0.599
1832871311794,acc,-12.864,-7.583,-4.382,
1832871311794,Gyro,0.060,0.133,-2.800,
1832871311794,Lacc,-4.803,-2.369,-2.366,
1832871311794,GameRo,-0.178,0.756,-0.212,0.594
1832871050116,pre,999.726,,,
1832891162786,acc,-11.924,-7.026,-3.609,
1832891162786,Gyro,-0.080,0.655,-2.251,
1832891162786,Lacc,-4.141,-1.435,-1.509,
1832891162786,GameRo,-0.195,0.754,-0.227,0.584
1832896115544,pre,999.696,,,
1832911066064,acc,-11.073,-6.578,-1.619,
1832911066064,Gyro,-0.153,0.862,-1.832,
1832911066064,Lacc,-3.548,-0.700,0.630,
1832911066064,GameRo,-0.208,0.756,-0.239,0.573
1832921146101,pre,999.671,,,
1832930935896,acc,-10.198,-6.105,0.171,
1832930935896,Gyro,-0.089,0.599,-1.571,
1832930935896,Lacc,-2.900,0.007,2.542,
1832930935896,GameRo,-0.219,0.757,-0.248,0.563
1832946188174,pre,999.668,,,
1832950805442,acc,-9.351,-5.298,0.766,
1832950805442,Gyro,-0.030,0.011,-1.442,
1832950805442,Lacc,-2.243,1.022,3.171,
1832950805442,GameRo,-0.230,0.755,-0.257,0.558
1832970675110,acc,-8.681,-4.106,0.256,
1832970675110,Gyro,-0.124,-0.641,-1.355,
1832970675110,Lacc,-1.529,2.269,2.365,
1832970675110,GameRo,-0.222,0.747,-0.266,0.567
1832971230530,pre,999.653,,,
1832990544861,acc,-8.205,-3.070,-0.500,
1832990544861,Gyro,-0.358,-1.146,-1.271,
1832990544861,Lacc,-1.176,3.476,1.498,
1832990544861,GameRo,-0.236,0.739,-0.269,0.571
1832996279642,pre,999.647,,,
1833010414488,acc,-7.992,-2.353,-1.265,
1833010414488,Gyro,-0.607,-1.251,-1.115,
1833010414488,Lacc,-1.066,4.333,0.625,
1833010414488,GameRo,-0.251,0.730,-0.268,0.576
1833021334328,pre,999.656,,,
1833030284198,acc,-7.900,-1.973,-1.210,
1833030284198,Gyro,-0.544,-0.817,-0.877,
1833030284198,Lacc,-1.062,4.819,0.623,
1833030284198,GameRo,-0.264,0.724,-0.267,0.579
1833046401547,pre,999.644,,,
1833050153784,acc,-8.442,-1.856,-0.768,
1833050153784,Gyro,-0.179,-0.134,-0.591,
1833050153784,Lacc,-1.683,5.015,1.061,
1833050153784,GameRo,-0.272,0.721,-0.267,0.579
1833070023454,acc,-9.249,-1.730,-0.526,
1833070023454,Gyro,0.175,0.395,-0.243,
1833070023454,Lacc,-2.437,5.091,1.295,
1833070023454,GameRo,-0.268,0.722,-0.267,0.580
1833071424291,pre,999.610,,,
1833089893325,acc,-9.750,-2.150,-0.493,
1833089893325,Gyro,0.278,0.600,0.053,
1833089893325,Lacc,-2.649,4.390,1.250,
1833089893325,GameRo,-0.246,0.727,-0.260,0.586
1833096495945,pre,999.610,,,
1833109739557,acc,-10.116,-2.676,-0.360,
1833109739557,Gyro,0.204,0.557,0.283,
1833109739557,Lacc,-2.992,3.826,1.429,
1833109739557,GameRo,-0.241,0.730,-0.261,0.583
1833121513847,pre,999.647,,,
1833129632662,acc,-10.670,-3.017,-0.390,
1833129632662,Gyro,0.072,0.388,0.536,
1833129632662,Lacc,-3.503,3.424,1.447,
1833129632662,GameRo,-0.236,0.734,-0.261,0.582
1833146593192,pre,999.653,,,
1833149502249,acc,-11.114,-3.995,-0.332,
1833149502249,Gyro,-0.062,0.151,0.833,
1833149502249,Lacc,-3.859,2.336,1.541,
1833149502249,GameRo,-0.230,0.737,-0.257,0.582
1833169372203,acc,-11.466,-5.454,-0.257,
1833169372203,Gyro,-0.044,-0.084,1.043,
1833169372203,Lacc,-4.086,0.729,1.622,
1833169372203,GameRo,-0.223,0.739,-0.250,0.584
1833171639251,pre,999.644,,,
1833189216317,acc,-11.892,-6.327,-0.812,
1833189216317,Gyro,0.133,-0.140,1.248,
1833189216317,Lacc,-4.362,-0.316,1.034,
1833189216317,GameRo,-0.214,0.740,-0.244,0.589
1833196685312,pre,999.644,,,
1833209102995,acc,-12.635,-7.368,-2.067,
1833209102995,Gyro,0.304,0.068,1.521,
1833209102995,Lacc,-4.936,-1.564,-0.257,
1833209102995,GameRo,-0.202,0.743,-0.237,0.593
1833221733283,pre,999.632,,,
1833228981615,acc,-13.004,-8.770,-2.782,
1833228981615,Gyro,0.306,0.327,1.806,
1833228981615,Lacc,-5.120,-3.222,-0.968,
1833228981615,GameRo,-0.187,0.747,-0.230,0.596
1833246780320,pre,999.629,,,
1833248850877,acc,-13.066,-9.774,-2.465,
1833248850877,Gyro,0.200,0.369,1.986,
1833248850877,Lacc,-4.988,-4.525,-0.614,
1833248850877,GameRo,-0.170,0.752,-0.221,0.597
1833268720220,acc,-13.525,-10.553,-2.139,
1833268720220,Gyro,0.147,0.222,2.151,
1833268720220,Lacc,-5.246,-5.637,-0.259,
1833268720220,GameRo,-0.153,0.757,-0.210,0.600
1833271785283,pre,999.620,,,
1833288590661,acc,-14.789,-12.772,-2.447,
1833288590661,Gyro,0.244,0.062,2.475,
1833288590661,Lacc,-6.294,-8.241,-0.566,
1833288590661,GameRo,-0.134,0.760,-0.197,0.604
1833296872074,pre,999.616,,,
1833308459516,acc,-14.379,-13.577,-2.959,
1833308459516,Gyro,0.527,-0.024,2.752,
1833308459516,Lacc,-5.653,-9.488,-1.119,
1833308459516,GameRo,-0.111,0.763,-0.184,0.610
1833321896202,pre,999.623,,,
1833328309856,acc,-13.624,-13.024,-3.981,
1833328309856,Gyro,0.688,0.089,2.941,
1833328309856,Lacc,-4.680,-9.415,-2.186,
1833328309856,GameRo,-0.085,0.764,-0.172,0.615
1833346967774,pre,999.638,,,
1833348184042,acc,-13.013,-11.786,-3.825,
1833348184042,Gyro,0.480,0.050,3.252,
1833348184042,Lacc,-3.867,-8.716,-2.050,
1833348184042,GameRo,-0.057,0.766,-0.158,0.620
1833368068888,acc,-11.969,-11.979,-3.261,
1833368068888,Gyro,0.180,-0.203,3.663,
1833368068888,Lacc,-2.626,-9.546,-1.520,
1833368068888,GameRo,-0.029,0.767,-0.138,0.626
1833371992472,pre,999.650,,,
1833387938435,acc,-10.677,-13.497,-3.055,
1833387938435,Gyro,-0.093,-0.488,3.937,
1833387938435,Lacc,-1.163,-11.787,-1.385,
1833387938435,GameRo,-0.000,0.765,-0.114,0.634
1833397064736,pre,999.632,,,
1833407808591,acc,-8.848,-14.555,-2.907,
1833407808591,Gyro,-0.207,-0.837,3.958,
1833407808591,Lacc,0.796,-13.609,-1.375,
1833407808591,GameRo,0.028,0.760,-0.087,0.644
1833422086748,pre,999.610,,,
1833427678016,acc,-6.521,-14.398,-3.219,
1833427678016,Gyro,-0.167,-0.869,3.658,
1833427678016,Lacc,3.192,-14.179,-1.858,
1833427678016,GameRo,0.054,0.753,-0.062,0.653
1833447564001,acc,-4.960,-12.856,-3.086,
1833447564001,Gyro,-0.111,-0.694,3.292,
1833447564001,Lacc,4.765,-13.291,-1.873,
1833447564001,GameRo,0.078,0.746,-0.039,0.661
1833447156896,pre,999.620,,,
1833467417189,acc,-3.978,-11.398,-2.531,
1833467417189,Gyro,-0.043,-0.453,2.985,
1833467417189,Lacc,5.715,-12.419,-1.420,
1833467417189,GameRo,0.100,0.739,-0.019,0.666
1833472197341,pre,999.644,,,
1833487286858,acc,-3.032,-10.046,-1.786,
1833487286858,Gyro,0.045,-0.241,2.677,
1833487286858,Lacc,6.600,-11.581,-0.727,
1833487286858,GameRo,0.119,0.735,-0.002,0.668
1833497238965,pre,999.656,,,
1833507156567,acc,-2.221,-8.552,-0.939,
1833507156567,Gyro,0.178,-0.131,2.394,
1833507156567,Lacc,7.328,-10.544,0.098,
1833507156567,GameRo,0.138,0.731,0.013,0.669
1833522271191,pre,999.659,,,
1833527026480,acc,-1.049,-7.656,-0.588,
1833527026480,Gyro,0.296,-0.118,2.075,
1833527026480,Lacc,8.410,-10.047,0.441,
1833527026480,GameRo,0.155,0.727,0.025,0.669
1833546895823,acc,0.016,-7.077,-0.560,
1833546895823,Gyro,0.366,-0.188,1.712,
1833546895823,Lacc,9.386,-9.797,0.458,
1833546895823,GameRo,0.170,0.723,0.034,0.669
1833547307241,pre,999.653,,,
1833566765858,acc,0.690,-6.842,-1.112,
1833566765858,Gyro,0.393,-0.188,1.307,
1833566765858,Lacc,9.985,-9.814,-0.109,
1833566765858,GameRo,0.183,0.719,0.041,0.669
1833572364776,pre,999.656,,,
1833586635567,acc,0.501,-6.706,-1.275,
1833586635567,Gyro,0.328,-0.113,0.908,
1833586635567,Lacc,9.739,-9.852,-0.273,
1833586635567,GameRo,0.192,0.717,0.044,0.669
1833597412585,pre,999.668,,,
1833606479561,acc,0.241,-6.614,-1.151,
1833606479561,Gyro,0.257,-0.078,0.578,
1833606479561,Lacc,9.440,-9.870,-0.147,
1833606479561,GameRo,0.199,0.715,0.046,0.668
1833622463935,pre,999.668,,,
1833626349310,acc,-0.046,-6.619,-1.057,
1833626349310,Gyro,0.258,0.031,0.287,
1833626349310,Lacc,9.131,-9.930,-0.037,
1833626349310,GameRo,0.203,0.715,0.047,0.668
1833646244287,acc,-0.055,-6.693,-0.976,
1833646244287,Gyro,0.295,0.138,0.016,
1833646244287,Lacc,9.116,-10.009,0.085,
1833646244287,GameRo,0.205,0.716,0.045,0.666
1833647508651,pre,999.644,,,
1833666114119,acc,0.010,-6.753,-0.911,
1833666114119,Gyro,0.276,0.157,-0.264,
1833666114119,Lacc,9.191,-10.024,0.202,
1833666114119,GameRo,0.205,0.717,0.042,0.664
1833672583805,pre,999.626,,,
1833685983706,acc,-0.139,-7.148,-1.162,
1833685983706,Gyro,0.183,0.142,-0.585,
1833685983706,Lacc,9.072,-10.320,-0.007,
1833685983706,GameRo,0.203,0.719,0.038,0.663
1833697633933,pre,999.641,,,
1833705854067,acc,-0.818,-7.883,-1.190,
1833705854067,Gyro,0.055,0.106,-0.936,
1833705854067,Lacc,8.443,-10.893,-0.005,
1833705854067,GameRo,0.197,0.722,0.032,0.662
1833722656556,pre,999.653,,,
1833725698141,acc,-1.607,-8.965,-1.230,
1833725698141,Gyro,-0.043,0.055,-1.330,
1833725698141,Lacc,7.743,-11.677,-0.021,
1833725698141,GameRo,0.185,0.726,0.021,0.662
1833745592794,acc,-2.716,-10.006,-1.413,
1833745592794,Gyro,-0.090,0.052,-1.767,
1833745592794,Lacc,6.730,-12.351,-0.189,
1833745592794,GameRo,0.171,0.730,0.009,0.661
1833747729267,pre,999.665,,,
1833765462869,acc,-4.414,-10.948,-1.882,
1833765462869,Gyro,-0.125,0.077,-2.152,
1833765462869,Lacc,5.120,-12.902,-0.649,
1833765462869,GameRo,0.155,0.734,-0.004,0.661
1833772776426,pre,999.687,,,
1833785332334,acc,-5.786,-11.904,-2.272,
1833785332334,Gyro,-0.237,0.116,-2.484,
1833785332334,Lacc,3.828,-13.402,-1.024,
1833785332334,GameRo,0.136,0.738,-0.018,0.660
1833797823706,pre,999.690,,,
1833805202368,acc,-6.705,-12.742,-2.079,
1833805202368,Gyro,-0.372,0.123,-2.904,
1833805202368,Lacc,2.975,-13.712,-0.814,
1833805202368,GameRo,0.113,0.743,-0.034,0.659
1833822845271,pre,999.662,,,
1833825046809,acc,-8.726,-13.127,-2.225,
1833825046809,Gyro,-0.406,0.139,-3.274,
1833825046809,Lacc,0.993,-13.484,-0.942,
1833825046809,GameRo,0.086,0.747,-0.052,0.657
1833844921971,acc,-11.592,-15.718,-3.307,
1833844921971,Gyro,-0.327,0.245,-3.376,
1833844921971,Lacc,-1.877,-15.426,-1.984,
1833844921971,GameRo,0.059,0.751,-0.071,0.654
1833847893487,pre,999.647,,,
1833864811008,acc,-12.185,-17.709,-4.216,
1833864811008,Gyro,-0.261,0.443,-3.573,
1833864811008,Lacc,-2.522,-16.750,-2.821,
1833864811008,GameRo,0.031,0.755,-0.091,0.648
1833872920220,pre,999.681,,,
1833884681083,acc,-12.843,-17.000,-4.090,
1833884681083,Gyro,-0.141,0.811,-3.904,
1833884681083,Lacc,-3.301,-15.312,-2.557,
1833884681083,GameRo,0.002,0.760,-0.114,0.639
1833898010143,pre,999.693,,,
1833904527843,acc,-13.700,-14.671,-3.151,
1833904527843,Gyro,0.029,1.045,-4.056,
1833904527843,Lacc,-4.358,-12.222,-1.428,
1833904527843,GameRo,-0.028,0.766,-0.140,0.627
1833924415945,acc,-14.406,-12.310,-2.024,
1833924415945,Gyro,0.178,0.919,-4.015,
1833924415945,Lacc,-5.331,-9.107,-0.122,
1833924415945,GameRo,-0.057,0.771,-0.167,0.613
1833923056651,pre,999.684,,,
1833944251555,acc,-14.805,-10.486,-1.690,
1833944251555,Gyro,0.243,0.456,-3.686,
1833944251555,Lacc,-6.024,-6.595,0.308,
1833944251555,GameRo,-0.084,0.771,-0.192,0.601
1833948101612,pre,999.674,,,
1833964137255,acc,-14.213,-9.345,-2.316,
1833964137255,Gyro,0.188,-0.030,-3.263,
1833964137255,Lacc,-5.718,-4.862,-0.321,
1833964137255,GameRo,-0.108,0.768,-0.214,0.594
1833973149381,pre,999.677,,,
1833983989102,acc,-13.132,-8.147,-2.712,
1833983989102,Gyro,0.034,-0.331,-2.895,
1833983989102,Lacc,-4.908,-3.161,-0.773,
1833983989102,GameRo,-0.131,0.763,-0.232,0.589
1833998194545,pre,999.653,,,
1834003898728,acc,-12.054,-6.770,-2.527,
1834003898728,Gyro,-0.120,-0.331,-2.503,
1834003898728,Lacc,-4.088,-1.367,-0.637,
1834003898728,GameRo,-0.152,0.757,-0.246,0.586
1834023743494,acc,-11.082,-5.755,-1.711,
1834023743494,Gyro,-0.214,-0.306,-2.102,
1834023743494,Lacc,-3.350,-0.012,0.152,
1834023743494,GameRo,-0.170,0.752,-0.257,0.582
1834023240727,pre,999.632,,,
1834043638309,acc,-10.090,-5.179,-0.595,
1834043638309,Gyro,-0.191,-0.428,-1.772,
1834043638309,Lacc,-2.559,0.835,1.238,
1834043638309,GameRo,-0.186,0.747,-0.266,0.580
1834048288008,pre,999.659,,,
1834063507815,acc,-9.154,-4.573,-0.165,
1834063507815,Gyro,-0.083,-0.666,-1.572,
1834063507815,Lacc,-1.748,1.628,1.548,
1834063507815,GameRo,-0.197,0.741,-0.272,0.582
1834073316368,pre,999.693,,,
1834083377972,acc,-8.491,-3.849,-0.214,
1834083377972,Gyro,-0.060,-0.951,-1.458,
1834083377972,Lacc,-1.200,2.525,1.350,
1834083377972,GameRo,-0.207,0.733,-0.278,0.586
1834098357219,pre,999.671,,,
1834103247397,acc,-8.119,-3.192,-0.161,
1834103247397,Gyro,-0.105,-1.196,-1.382,
1834103247397,Lacc,-0.972,3.378,1.252,
1834103247397,GameRo,-0.221,0.723,-0.283,0.590
1834123116780,acc,-8.295,-2.944,0.070,
1834123116780,Gyro,-0.261,-1.473,-1.363,
1834123116780,Lacc,-1.290,3.811,1.311,
1834123116780,GameRo,-0.236,0.713,-0.286,0.596
1834123408284,pre,999.644,,,
1834142986651,acc,-8.578,-2.459,-0.100,
1834142986651,Gyro,-0.464,-1.629,-1.266,
1834142986651,Lacc,-1.708,4.462,0.972,
1834142986651,GameRo,-0.252,0.701,-0.287,0.603
1834148451617,pre,999.665,,,
1834162856321,acc,-8.890,-2.083,-0.553,
1834162856321,Gyro,-0.478,-1.320,-0.993,
1834162856321,Lacc,-2.116,4.951,0.386,
1834162856321,GameRo,-0.265,0.691,-0.285,0.609
1834173498328,pre,999.684,,,
1834182725989,acc,-9.117,-1.962,-0.901,
1834182725989,Gyro,-0.218,-0.528,-0.572,
1834182725989,Lacc,-2.323,5.059,-0.021,
1834182725989,GameRo,-0.270,0.687,-0.280,0.614
1834198571773,pre,999.671,,,
1834202595902,acc,-9.290,-2.291,-0.761,
1834202595902,Gyro,0.164,0.363,-0.136,
1834202595902,Lacc,-2.182,4.413,0.118,
1834202595902,GameRo,-0.254,0.693,-0.265,0.620
1834222446568,acc,-9.621,-2.892,-0.275,
1834222446568,Gyro,0.426,0.948,0.192,
1834222446568,Lacc,-2.288,3.561,0.622,
1834222446568,GameRo,-0.237,0.700,-0.259,0.622
1834223593581,pre,999.641,,,
1834242335036,acc,-10.213,-3.400,0.298,
1834242335036,Gyro,0.497,0.997,0.423,
1834242335036,Lacc,-2.851,3.009,1.283,
1834242335036,GameRo,-0.229,0.706,-0.263,0.617
1834248666863,pre,999.647,,,
1834262204663,acc,-10.762,-3.857,0.503,
1834262204663,Gyro,0.397,0.659,0.670,
1834262204663,Lacc,-3.340,2.472,1.549,
1834262204663,GameRo,-0.220,0.711,-0.264,0.614
1834273689241,pre,999.650,,,
1834282074454,acc,-11.305,-4.681,0.141,
1834282074454,Gyro,0.126,0.099,0.995,
1834282074454,Lacc,-3.777,1.520,1.200,
1834282074454,GameRo,-0.211,0.714,-0.261,0.615
1834298761750,pre,999.635,,,
1834301944366,acc,-11.765,-5.865,-0.552,
1834301944366,Gyro,-0.103,-0.300,1.372,
1834301944366,Lacc,-4.080,0.145,0.480,
1834301944366,GameRo,-0.203,0.715,-0.252,0.619
1834321813912,acc,-12.134,-7.612,-1.232,
1834321813912,Gyro,-0.158,-0.370,1.766,
1834321813912,Lacc,-4.249,-1.860,-0.244,
1834321813912,GameRo,-0.194,0.716,-0.240,0.626
1834323809640,pre,999.620,,,
1834341683581,acc,-12.236,-9.467,-1.672,
1834341683581,Gyro,-0.069,-0.141,2.112,
1834341683581,Lacc,-4.122,-4.039,-0.710,
1834341683581,GameRo,-0.180,0.719,-0.226,0.632
1834348831653,pre,999.638,,,
1834361553778,acc,-12.067,-10.757,-1.458,
1834361553778,Gyro,-0.009,0.054,2.297,
1834361553778,Lacc,-3.718,-5.699,-0.491,
1834361553778,GameRo,-0.164,0.723,-0.212,0.637
1834373877468,pre,999.687,,,
1834381422919,acc,-11.980,-10.590,-0.865,
1834381422919,Gyro,0.020,0.001,2.383,
1834381422919,Lacc,-3.405,-5.926,0.110,
1834381422919,GameRo,-0.147,0.727,-0.197,0.641
1834398948268,pre,999.702,,,
1834401292587,acc,-12.954,-11.215,-1.202,
1834401292587,Gyro,0.032,-0.130,2.665,
1834401292587,Lacc,-4.155,-6.985,-0.247,
1834401292587,GameRo,-0.129,0.729,-0.181,0.647
1834421162500,acc,-13.533,-13.814,-1.808,
1834421162500,Gyro,0.102,-0.188,3.076,
1834421162500,Lacc,-4.497,-10.107,-0.890,
1834421162500,GameRo,-0.107,0.732,-0.162,0.653
1834423994449,pre,999.675,,,
1834441031720,acc,-12.839,-14.814,-2.307,
1834441031720,Gyro,0.436,-0.046,3.171,
1834441031720,Lacc,-3.585,-11.678,-1.431,
1834441031720,GameRo,-0.083,0.733,-0.144,0.659
1834449040957,pre,999.647,,,
1834460901634,acc,-12.336,-13.700,-2.991,
1834460901634,Gyro,0.727,0.213,3.163,
1834460901634,Lacc,-2.907,-11.133,-2.129,
1834460901634,GameRo,-0.055,0.735,-0.128,0.663
1834474063213,pre,999.653,,,
1834480771505,acc,-12.151,-12.711,-3.154,
1834480771505,Gyro,0.586,0.338,3.291,
1834480771505,Lacc,-2.584,-10.736,-2.258,
1834480771505,GameRo,-0.027,0.738,-0.112,0.665
1834499134582,pre,999.647,,,
1834500619404,acc,-11.891,-12.837,-2.758,
1834500619404,Gyro,0.148,0.139,3.495,
1834500619404,Lacc,-2.216,-11.507,-1.825,
1834500619404,GameRo,0.001,0.740,-0.092,0.666
1834520510802,acc,-11.106,-14.050,-2.330,
1834520510802,Gyro,-0.249,-0.133,3.683,
1834520510802,Lacc,-1.360,-13.420,-1.403,
1834520510802,GameRo,0.026,0.739,-0.067,0.670
1834524156472,pre,999.641,,,
1834540380673,acc,-9.306,-15.095,-2.099,
1834540380673,Gyro,-0.343,-0.269,3.575,
1834540380673,Lacc,0.465,-15.177,-1.224,
1834540380673,GameRo,0.050,0.736,-0.040,0.674
1834549230120,pre,999.653,,,
1834560224992,acc,-7.846,-14.345,-2.016,
1834560224992,Gyro,-0.194,-0.037,3.235,
1834560224992,Lacc,1.901,-15.072,-1.171,
1834560224992,GameRo,0.072,0.733,-0.016,0.676
1834574300593,pre,999.662,,,
1834580119888,acc,-7.188,-11.993,-0.803,
1834580119888,Gyro,0.162,0.107,3.146,
1834580119888,Lacc,2.494,-13.313,0.064,
1834580119888,GameRo,0.095,0.732,0.004,0.675
1834599992853,acc,-5.522,-10.810,-0.274,
1834599992853,Gyro,0.427,-0.051,3.257,
1834599992853,Lacc,4.057,-12.732,0.613,
1834599992853,GameRo,0.121,0.728,0.023,0.674
1834599326105,pre,999.641,,,
1834619859795,acc,-2.291,-10.838,-0.730,
1834619859795,Gyro,0.471,-0.351,3.076,
1834619859795,Lacc,7.153,-13.347,0.132,
1834619859795,GameRo,0.147,0.723,0.040,0.674
1834624354749,pre,999.632,,,
1834639704764,acc,0.612,-10.629,-1.460,
1834639704764,Gyro,0.390,-0.576,2.464,
1834639704764,Lacc,9.920,-13.625,-0.675,
1834639704764,GameRo,0.169,0.715,0.054,0.676
1834649422172,pre,999.635,,,
1834659573294,acc,1.427,-9.091,-1.484,
1834659573294,Gyro,0.388,-0.440,1.721,
1834659573294,Lacc,10.675,-12.275,-0.735,
1834659573294,GameRo,0.180,0.711,0.057,0.677
1834674444224,pre,999.653,,,
1834679468353,acc,1.006,-7.286,-0.946,
1834679468353,Gyro,0.583,-0.238,1.302,
1834679468353,Lacc,10.171,-10.707,-0.218,
1834679468353,GameRo,0.193,0.707,0.062,0.678
1834699338469,acc,0.710,-6.358,-0.838,
1834699338469,Gyro,0.785,-0.014,1.147,
1834699338469,Lacc,9.798,-9.971,-0.071,
1834699338469,GameRo,0.206,0.705,0.064,0.676
1834699508554,pre,999.662,,,
1834719208137,acc,0.697,-6.358,-0.821,
1834719208137,Gyro,0.866,0.003,1.083,
1834719208137,Lacc,9.706,-10.149,0.018,
1834719208137,GameRo,0.219,0.704,0.065,0.673
1834724539436,pre,999.653,,,
1834739064135,acc,1.498,-7.649,-1.779,
1834739064135,Gyro,0.840,0.029,0.759,
1834739064135,Lacc,10.439,-11.583,-0.873,
1834739064135,GameRo,0.231,0.702,0.065,0.670
1834749583218,pre,999.653,,,
1834758932053,acc,1.919,-8.221,-2.652,
1834758932053,Gyro,0.624,0.271,0.099,
1834758932053,Lacc,10.834,-12.191,-1.653,
1834758932053,GameRo,0.237,0.703,0.062,0.667
1834774629806,pre,999.656,,,
1834778824753,acc,0.786,-7.115,-1.703,
1834778824753,Gyro,0.408,0.445,-0.436,
1834778824753,Lacc,9.720,-11.012,-0.593,
1834778824753,GameRo,0.238,0.707,0.058,0.663
1834798686486,acc,-0.389,-6.396,-0.843,
1834798686486,Gyro,0.385,0.562,-0.734,
1834798686486,Lacc,8.587,-10.157,0.390,
1834798686486,GameRo,0.235,0.713,0.052,0.659
1834799678633,pre,999.675,,,
1834818556480,acc,-1.251,-6.527,-0.410,
1834818556480,Gyro,0.443,0.591,-0.943,
1834818556480,Lacc,7.777,-10.111,0.963,
1834818556480,GameRo,0.231,0.719,0.044,0.654
1834824726035,pre,999.675,,,
1834838401002,acc,-1.841,-7.498,-0.458,
1834838401002,Gyro,0.468,0.507,-1.213,
1834838401002,Lacc,7.252,-10.859,1.046,
1834838401002,GameRo,0.225,0.725,0.034,0.650
1834849770305,pre,999.669,,,
1834858295654,acc,-2.380,-8.740,-0.878,
1834858295654,Gyro,0.460,0.401,-1.616,
1834858295654,Lacc,6.810,-11.767,0.740,
1834858295654,GameRo,0.216,0.732,0.020,0.646
1834874828368,pre,999.666,,,
1834878165608,acc,-3.427,-9.894,-1.537,
1834878165608,Gyro,0.438,0.351,-2.129,
1834878165608,Lacc,5.871,-12.509,0.176,
1834878165608,GameRo,0.203,0.739,0.004,0.642
1834898035032,acc,-5.073,-10.559,-2.172,
1834898035032,Gyro,0.329,0.308,-2.586,
1834898035032,Lacc,4.332,-12.694,-0.379,
1834898035032,GameRo,0.187,0.746,-0.014,0.639
1834899874469,pre,999.656,,,
1834917904864,acc,-7.033,-11.363,-2.368,
1834917904864,Gyro,0.052,0.200,-2.924,
1834917904864,Lacc,2.470,-12.949,-0.520,
1834917904864,GameRo,0.167,0.753,-0.034,0.636
1834924938351,pre,999.650,,,
1834937774451,acc,-8.756,-11.570,-2.359,
1834937774451,Gyro,-0.215,0.081,-3.128,
1834937774451,Lacc,0.823,-12.568,-0.495,
1834937774451,GameRo,0.142,0.758,-0.052,0.634
1834949985835,pre,999.656,,,
1834957644811,acc,-10.039,-11.769,-2.243,
1834957644811,Gyro,-0.272,0.073,-3.189,
1834957644811,Lacc,-0.418,-12.159,-0.371,
1834957644811,GameRo,0.116,0.763,-0.070,0.632
1834975029901,pre,999.659,,,
1834977513991,acc,-11.238,-14.293,-2.550,
1834977513991,Gyro,-0.280,0.007,-3.088,
1834977513991,Lacc,-1.612,-14.089,-0.667,
1834977513991,GameRo,0.091,0.767,-0.088,0.630
1834997383578,acc,-10.982,-16.267,-3.068,
1834997383578,Gyro,-0.502,-0.113,-3.258,
1834997383578,Lacc,-1.385,-15.468,-1.199,
1834997383578,GameRo,0.064,0.769,-0.105,0.627
1835000077589,pre,999.669,,,
1835017253369,acc,-11.360,-15.687,-2.405,
1835017253369,Gyro,-0.614,-0.096,-3.599,
1835017253369,Lacc,-1.837,-14.240,-0.545,
1835017253369,GameRo,0.033,0.771,-0.122,0.625
1835025125886,pre,999.693,,,
1835037122874,acc,-12.428,-13.605,-1.620,
1835037122874,Gyro,-0.550,-0.039,-3.839,
1835037122874,Lacc,-3.040,-11.460,0.251,
1835037122874,GameRo,-0.000,0.772,-0.141,0.620
1835050171499,pre,999.696,,,
1835056993520,acc,-13.454,-11.021,-0.893,
1835056993520,Gyro,-0.388,-0.160,-3.709,
1835056993520,Lacc,-4.253,-8.183,0.983,
1835056993520,GameRo,-0.032,0.771,-0.162,0.615
1835075217395,pre,999.666,,,
1835076836821,acc,-13.830,-10.510,-1.067,
1835076836821,Gyro,-0.304,-0.471,-3.361,
1835076836821,Lacc,-4.834,-7.051,0.763,
1835076836821,GameRo,-0.062,0.768,-0.181,0.612
1835096738350,acc,-13.469,-10.427,-1.358,
1835096738350,Gyro,-0.442,-0.883,-3.004,
1835096738350,Lacc,-4.677,-6.433,0.367,
1835096738350,GameRo,-0.089,0.762,-0.196,0.611
1835100262438,pre,999.653,,,
1835116601956,acc,-12.440,-9.979,-1.617,
1835116601956,Gyro,-0.405,-0.937,-2.830,
1835116601956,Lacc,-3.856,-5.504,-0.027,
1835116601956,GameRo,-0.115,0.753,-0.209,0.613
1835125304023,pre,999.693,,,
1835136472316,acc,-11.827,-8.294,-1.887,
1835136472316,Gyro,-0.067,-0.446,-2.653,
1835136472316,Lacc,-3.477,-3.368,-0.390,
1835136472316,GameRo,-0.138,0.746,-0.223,0.612
1835150357447,pre,999.708,,,
1835156341456,acc,-11.691,-6.382,-1.379,
1835156341456,Gyro,0.426,0.127,-2.339,
1835156341456,Lacc,-3.591,-1.046,0.086,
1835156341456,GameRo,-0.155,0.742,-0.240,0.606
1835176238183,acc,-11.452,-4.855,-0.807,
1835176238183,Gyro,0.806,0.329,-1.877,
1835176238183,Lacc,-3.583,0.824,0.632,
1835176238183,GameRo,-0.165,0.739,-0.258,0.600
1835175403426,pre,999.675,,,
1835196080711,acc,-10.419,-3.697,-0.991,
1835196080711,Gyro,0.857,0.155,-1.391,
1835196080711,Lacc,-2.731,2.241,0.382,
1835196080711,GameRo,-0.170,0.736,-0.274,0.596
1835200446800,pre,999.672,,,
1835215950746,acc,-9.008,-3.193,-1.394,
1835215950746,Gyro,0.595,-0.138,-1.031,
1835215950746,Lacc,-1.153,2.541,-0.103,
1835215950746,GameRo,-0.158,0.735,-0.268,0.602
1835225499208,pre,999.711,,,
1835235795350,acc,-7.914,-3.064,-1.540,
1835235795350,Gyro,0.212,-0.369,-0.906,
1835235795350,Lacc,-0.155,2.816,-0.336,
1835235795350,GameRo,-0.163,0.731,-0.276,0.602
1835250521545,pre,999.724,,,
1835255689717,acc,-8.005,-2.711,-1.229,
1835255689717,Gyro,-0.182,-0.564,-0.856,
1835255689717,Lacc,-0.337,3.301,-0.094,
1835255689717,GameRo,-0.171,0.727,-0.279,0.603
1835275559996,acc,-8.488,-1.976,-0.833,
1835275559996,Gyro,-0.339,-0.577,-0.604,
1835275559996,Lacc,-0.889,4.134,0.251,
1835275559996,GameRo,-0.180,0.723,-0.280,0.605
1835275576801,pre,999.681,,,
1835295429094,acc,-8.645,-1.992,-0.590,
1835295429094,Gyro,-0.262,-0.464,-0.225,
1835295429094,Lacc,-1.075,4.159,0.454,
1835295429094,GameRo,-0.185,0.720,-0.279,0.607
1835300622006,pre,999.659,,,
1835315299088,acc,-8.170,-2.606,-0.614,
1835315299088,Gyro,-0.228,-0.378,0.088,
1835315299088,Lacc,-0.587,3.535,0.397,
1835315299088,GameRo,-0.188,0.719,-0.276,0.610
1835325645036,pre,999.699,,,
1835335169083,acc,-7.738,-3.375,-0.658,
1835335169083,Gyro,-0.333,-0.288,0.235,
1835335169083,Lacc,-0.122,2.727,0.339,
1835335169083,GameRo,-0.189,0.718,-0.272,0.612
1835350712010,pre,999.711,,,
1835355015679,acc,-7.801,-3.833,-0.457,
1835355015679,Gyro,-0.358,-0.081,0.339,
1835355015679,Lacc,-0.142,2.213,0.559,
1835355015679,GameRo,-0.189,0.718,-0.267,0.614
1835374908542,acc,-8.166,-4.250,-0.126,
1835374908542,Gyro,-0.176,0.242,0.435,
1835374908542,Lacc,-0.450,1.715,0.933,
1835374908542,GameRo,-0.187,0.720,-0.263,0.614
1835375762180,pre,999.675,,,
1835394777925,acc,-9.184,-4.224,-0.018,
1835394777925,Gyro,0.040,0.492,0.622,
1835394777925,Lacc,-1.327,1.555,1.040,
1835394777925,GameRo,-0.177,0.723,-0.256,0.617
1835400832572,pre,999.644,,,
1835414647513,acc,-10.465,-4.764,-0.103,
1835414647513,Gyro,0.181,0.501,0.901,
1835414647513,Lacc,-2.527,0.889,1.022,
1835414647513,GameRo,-0.169,0.727,-0.253,0.615
1835425878754,pre,999.662,,,
1835434493540,acc,-11.077,-6.182,-0.752,
1835434493540,Gyro,0.205,0.345,1.135,
1835434493540,Lacc,-3.029,-0.696,0.412,
1835434493540,GameRo,-0.159,0.731,-0.249,0.615
1835450924406,pre,999.693,,,
1835454343596,acc,-11.764,-7.509,-1.593,
1835454343596,Gyro,0.115,0.213,1.329,
1835454343596,Lacc,-3.586,-2.222,-0.407,
1835454343596,GameRo,-0.148,0.734,-0.243,0.617
1835474250821,acc,-12.606,-8.636,-2.124,
1835474250821,Gyro,0.027,0.218,1.600,
1835474250821,Lacc,-4.279,-3.595,-0.911,
1835474250821,GameRo,-0.137,0.737,-0.234,0.619
1835475945158,pre,999.705,,,
1835494101162,acc,-13.141,-9.632,-2.319,
1835494101162,Gyro,-0.013,0.326,1.936,
1835494101162,Lacc,-4.644,-4.895,-1.057,
1835494101162,GameRo,-0.123,0.741,-0.223,0.621
1835501015672,pre,999.702,,,
1835513995692,acc,-13.191,-10.130,-2.087,
1835513995692,Gyro,-0.072,0.356,2.237,
1835513995692,Lacc,-4.509,-5.761,-0.758,
1835513995692,GameRo,-0.106,0.746,-0.210,0.623
1835526059982,pre,999.675,,,
1835533865483,acc,-13.953,-11.067,-1.854,
1835533865483,Gyro,-0.119,0.293,2.616,
1835533865483,Lacc,-5.077,-7.128,-0.460,
1835533865483,GameRo,-0.088,0.751,-0.194,0.626
1835551082523,pre,999.653,,,
1835553735559,acc,-14.647,-13.872,-2.056,
1835553735559,Gyro,-0.186,0.110,3.093,
1835553735559,Lacc,-5.561,-10.464,-0.618,
1835553735559,GameRo,-0.067,0.754,-0.175,0.629
1835573604860,acc,-14.044,-15.383,-2.161,
1835573604860,Gyro,-0.093,-0.055,3.306,
1835573604860,Lacc,-4.756,-12.575,-0.716,
1835573604860,GameRo,-0.043,0.756,-0.153,0.635
1835576186689,pre,999.656,,,
1835593449993,acc,-12.860,-14.608,-2.394,
1835593449993,Gyro,0.051,-0.150,3.343,
1835593449993,Lacc,-3.403,-12.417,-0.976,
1835593449993,GameRo,-0.018,0.756,-0.132,0.641
1835601201091,pre,999.690,,,
1835613344401,acc,-11.696,-13.315,-2.301,
1835613344401,Gyro,-0.096,-0.296,3.379,
1835613344401,Lacc,-2.109,-11.753,-0.924,
1835613344401,GameRo,0.006,0.755,-0.111,0.646
1835626273722,pre,999.687,,,
1835633214111,acc,-11.056,-12.850,-1.473,
1835633214111,Gyro,-0.387,-0.754,3.530,
1835633214111,Lacc,-1.371,-11.952,-0.199,
1835633214111,GameRo,0.030,0.751,-0.087,0.654
1835651293495,pre,999.653,,,
1835653058592,acc,-9.876,-13.585,-1.211,
1835653058592,Gyro,-0.486,-1.284,3.668,
1835653058592,Lacc,-0.125,-13.395,-0.149,
1835653058592,GameRo,0.052,0.743,-0.060,0.665
1835672953528,acc,-7.644,-14.339,-1.705,
1835672953528,Gyro,-0.430,-1.624,3.595,
1835672953528,Lacc,2.123,-14.859,-0.950,
1835672953528,GameRo,0.075,0.730,-0.033,0.679
1835676335894,pre,999.620,,,
1835692823075,acc,-5.153,-13.955,-2.249,
1835692823075,Gyro,-0.229,-1.481,3.209,
1835692823075,Lacc,4.577,-15.123,-1.810,
1835692823075,GameRo,0.096,0.716,-0.010,0.691
1835701386632,pre,999.632,,,
1835712693028,acc,-3.543,-12.443,-2.286,
1835712693028,Gyro,0.091,-0.899,2.695,
1835712693028,Lacc,6.115,-14.149,-2.061,
1835712693028,GameRo,0.116,0.706,0.008,0.699
1835726429682,pre,999.666,,,
1835732562738,acc,-2.878,-10.311,-1.512,
1835732562738,Gyro,0.441,-0.360,2.411,
1835732562738,Lacc,6.690,-12.474,-1.368,
1835732562738,GameRo,0.135,0.699,0.022,0.702
1835752407504,acc,-1.742,-8.771,-1.098,
1835752407504,Gyro,0.726,-0.024,2.269,
1835752407504,Lacc,7.725,-11.336,-0.934,
1835752407504,GameRo,0.155,0.696,0.032,0.700
1835751481600,pre,999.675,,,
1835772296948,acc,-0.198,-8.057,-1.236,
1835772296948,Gyro,0.828,0.116,1.994,
1835772296948,Lacc,9.156,-11.006,-1.008,
1835772296948,GameRo,0.175,0.694,0.041,0.698
1835776506258,pre,999.666,,,
1835792171703,acc,0.620,-7.543,-1.715,
1835792171703,Gyro,0.681,0.229,1.477,
1835792171703,Lacc,9.873,-10.786,-1.401,
1835792171703,GameRo,0.191,0.692,0.047,0.694
1835801575714,pre,999.653,,,
1835812041697,acc,-0.090,-6.437,-1.166,
1835812041697,Gyro,0.484,0.267,1.047,
1835812041697,Lacc,9.089,-9.875,-0.765,
1835812041697,GameRo,0.202,0.693,0.052,0.691
1835826650339,pre,999.653,,,
1835831911203,acc,-0.951,-5.691,-0.698,
1835831911203,Gyro,0.435,0.257,0.876,
1835831911203,Lacc,8.167,-9.278,-0.218,
1835831911203,GameRo,0.211,0.693,0.055,0.687
1835851755928,acc,-1.097,-5.561,-0.758,
1835851755928,Gyro,0.430,0.229,0.875,
1835851755928,Lacc,7.960,-9.290,-0.201,
1835851755928,GameRo,0.219,0.693,0.058,0.684
1835851671658,pre,999.675,,,
1835871625475,acc,-0.474,-6.451,-1.196,
1835871625475,Gyro,0.300,0.172,0.784,
1835871625475,Lacc,8.520,-10.317,-0.574,
1835871625475,GameRo,0.227,0.693,0.061,0.682
1835876694810,pre,999.693,,,
1835891520045,acc,0.276,-7.525,-1.423,
1835891520045,Gyro,0.047,0.132,0.408,
1835891520045,Lacc,9.228,-11.483,-0.765,
1835891520045,GameRo,0.231,0.693,0.064,0.680
1835901750676,pre,999.662,,,
1835911390040,acc,0.195,-7.643,-1.026,
1835911390040,Gyro,-0.150,0.180,-0.114,
1835911390040,Lacc,9.146,-11.602,-0.348,
1835911390040,GameRo,0.230,0.694,0.065,0.679
1835926790348,pre,999.638,,,
1835931259748,acc,-0.465,-6.973,-0.336,
1835931259748,Gyro,-0.087,0.327,-0.505,
1835931259748,Lacc,8.518,-10.851,0.379,
1835931259748,GameRo,0.226,0.697,0.064,0.678
1835951121605,acc,-0.889,-6.898,-0.143,
1835951121605,Gyro,0.059,0.440,-0.783,
1835951121605,Lacc,8.145,-10.639,0.649,
1835951121605,GameRo,0.221,0.701,0.059,0.675
1835951836773,pre,999.662,,,
1835970998923,acc,-0.985,-7.568,-0.473,
1835970998923,Gyro,0.124,0.471,-1.106,
1835970998923,Lacc,8.117,-11.119,0.413,
1835970998923,GameRo,0.214,0.707,0.052,0.672
1835976882467,pre,999.690,,,
1835990868713,acc,-1.435,-8.771,-0.968,
1835990868713,Gyro,0.077,0.474,-1.575,
1835990868713,Lacc,7.762,-12.041,0.014,
1835990868713,GameRo,0.204,0.713,0.042,0.669
1836001953878,pre,999.672,,,
1836010738463,acc,-2.808,-9.805,-1.280,
1836010738463,Gyro,0.030,0.521,-2.097,
1836010738463,Lacc,6.569,-12.466,-0.173,
1836010738463,GameRo,0.182,0.723,0.020,0.666
1836026982440,pre,999.641,,,
1836030608172,acc,-4.831,-11.090,-1.563,
1836030608172,Gyro,-0.046,0.529,-2.537,
1836030608172,Lacc,4.653,-13.288,-0.355,
1836030608172,GameRo,0.164,0.731,0.005,0.662
1836050477801,acc,-6.568,-12.861,-1.829,
1836050477801,Gyro,-0.161,0.486,-2.970,
1836050477801,Lacc,3.014,-14.515,-0.529,
1836050477801,GameRo,0.142,0.739,-0.012,0.658
1836052028826,pre,999.638,,,
1836070347550,acc,-8.311,-13.624,-1.768,
1836070347550,Gyro,-0.209,0.402,-3.383,
1836070347550,Lacc,1.347,-14.649,-0.390,
1836070347550,GameRo,0.116,0.746,-0.032,0.655
1836077100642,pre,999.656,,,
1836090217423,acc,-10.295,-13.175,-2.004,
1836090217423,Gyro,-0.097,0.342,-3.553,
1836090217423,Lacc,-0.598,-13.510,-0.560,
1836090217423,GameRo,0.088,0.752,-0.054,0.651
1836102144180,pre,999.681,,,
1836110087091,acc,-12.019,-14.909,-3.225,
1836110087091,Gyro,-0.027,0.303,-3.388,
1836110087091,Lacc,-2.331,-14.570,-1.721,
1836110087091,GameRo,0.062,0.757,-0.076,0.646
1836129932224,acc,-11.972,-16.771,-4.138,
1836129932224,Gyro,-0.200,0.372,-3.397,
1836129932224,Lacc,-2.339,-15.786,-2.568,
1836129932224,GameRo,0.036,0.761,-0.097,0.641
1836127178276,pre,999.690,,,
1836149826509,acc,-11.855,-16.086,-3.480,
1836149826509,Gyro,-0.328,0.495,-3.657,
1836149826509,Lacc,-2.331,-14.425,-1.814,
1836149826509,GameRo,0.008,0.765,-0.117,0.634
1836152242566,pre,999.681,,,
1836169695974,acc,-12.360,-13.741,-2.102,
1836169695974,Gyro,-0.350,0.510,-3.852,
1836169695974,Lacc,-3.010,-11.369,-0.322,
1836169695974,GameRo,-0.023,0.768,-0.138,0.625
1836177293549,pre,999.678,,,
1836189565765,acc,-13.019,-10.869,-1.044,
1836189565765,Gyro,-0.226,0.296,-3.743,
1836189565765,Lacc,-3.890,-7.799,0.824,
1836189565765,GameRo,-0.054,0.770,-0.160,0.616
1836202341888,pre,999.690,,,
1836209435636,acc,-13.383,-9.746,-1.334,
1836209435636,Gyro,-0.159,-0.140,-3.343,
1836209435636,Lacc,-4.490,-6.054,0.545,
1836209435636,GameRo,-0.082,0.768,-0.180,0.610
1836227388354,pre,999.702,,,
1836229305346,acc,-12.683,-9.950,-2.580,
1836229305346,Gyro,-0.164,-0.389,-2.980,
1836229305346,Lacc,-4.019,-5.728,-0.753,
1836229305346,GameRo,-0.107,0.763,-0.197,0.607
1836249174892,acc,-12.147,-9.685,-3.373,
1836249174892,Gyro,-0.198,-0.272,-2.746,
1836249174892,Lacc,-3.720,-4.990,-1.589,
1836249174892,GameRo,-0.130,0.758,-0.213,0.603
1836252411139,pre,999.699,,,
1836269044521,acc,-11.656,-8.283,-3.033,
1836269044521,Gyro,-0.256,0.003,-2.486,
1836269044521,Lacc,-3.477,-3.171,-1.241,
1836269044521,GameRo,-0.151,0.754,-0.226,0.598
1836277482956,pre,999.693,,,
1836288901453,acc,-11.372,-6.638,-1.506,
1836288901453,Gyro,-0.246,0.114,-2.114,
1836288901453,Lacc,-3.433,-1.176,0.334,
1836288901453,GameRo,-0.169,0.752,-0.238,0.591
1836302529341,pre,999.675,,,
1836308784102,acc,-10.478,-5.642,-0.315,
1836308784102,Gyro,-0.166,-0.080,-1.747,
1836308784102,Lacc,-2.744,0.098,1.548,
1836308784102,GameRo,-0.183,0.749,-0.247,0.587
1836328628990,acc,-9.328,-4.927,0.298,
1836328628990,Gyro,-0.101,-0.501,-1.517,
1836328628990,Lacc,-1.756,1.041,2.110,
1836328628990,GameRo,-0.196,0.744,-0.254,0.586
1836327550783,pre,999.662,,,
1836348523397,acc,-8.381,-4.233,0.083,
1836348523397,Gyro,-0.103,-0.938,-1.353,
1836348523397,Lacc,-0.887,1.883,1.718,
1836348523397,GameRo,-0.206,0.736,-0.258,0.592
1836352625042,pre,999.656,,,
1836368393107,acc,-7.604,-3.596,-0.385,
1836368393107,Gyro,-0.062,-1.079,-1.180,
1836368393107,Lacc,-0.227,2.698,1.098,
1836368393107,GameRo,-0.218,0.727,-0.263,0.596
1836377625081,pre,999.653,,,
1836388263467,acc,-7.343,-2.979,-0.885,
1836388263467,Gyro,0.096,-0.848,-0.947,
1836388263467,Lacc,-0.067,3.463,0.452,
1836388263467,GameRo,-0.228,0.719,-0.267,0.601
1836402720254,pre,999.632,,,
1836408132526,acc,-7.353,-2.343,-1.435,
1836408132526,Gyro,0.246,-0.444,-0.588,
1836408132526,Lacc,-0.151,4.204,-0.208,
1836408132526,GameRo,-0.233,0.713,-0.271,0.603
1836427982500,acc,-7.175,-2.511,-1.633,
1836427982500,Gyro,0.218,-0.090,-0.231,
1836427982500,Lacc,-0.008,4.085,-0.464,
1836427982500,GameRo,-0.234,0.711,-0.274,0.604
1836427743852,pre,999.620,,,
1836447871944,acc,-7.063,-3.079,-1.266,
1836447871944,Gyro,0.050,0.063,-0.043,
1836447871944,Lacc,0.096,3.527,-0.104,
1836447871944,GameRo,-0.233,0.710,-0.275,0.604
1836452834265,pre,999.638,,,
1836467736404,acc,-7.482,-3.435,-0.958,
1836467736404,Gyro,-0.203,0.010,0.004,
1836467736404,Lacc,-0.322,3.166,0.227,
1836467736404,GameRo,-0.234,0.711,-0.275,0.603
1836477846267,pre,999.675,,,
1836487612014,acc,-8.302,-4.081,-0.478,
1836487612014,Gyro,-0.476,-0.194,0.046,
1836487612014,Lacc,-1.100,2.469,0.731,
1836487612014,GameRo,-0.234,0.712,-0.270,0.605
1836502887932,pre,999.666,,,
1836507479444,acc,-9.117,-4.644,-0.066,
1836507479444,Gyro,-0.474,-0.325,0.158,
1836507479444,Lacc,-1.826,1.810,1.124,
1836507479444,GameRo,-0.234,0.711,-0.262,0.609
1836527350740,acc,-9.742,-4.861,-0.195,
1836527350740,Gyro,-0.222,-0.247,0.362,
1836527350740,Lacc,-2.406,1.543,0.992,
1836527350740,GameRo,-0.235,0.711,-0.257,0.611
1836527923778,pre,999.632,,,
1836547220612,acc,-10.276,-5.218,-0.563,
1836547220612,Gyro,0.044,-0.044,0.638,
1836547220612,Lacc,-2.866,1.102,0.609,
1836547220612,GameRo,-0.231,0.712,-0.253,0.613
1836552984324,pre,999.638,,,
1836567090117,acc,-10.889,-5.963,-0.818,
1836567090117,Gyro,0.196,0.072,0.910,
1836567090117,Lacc,-3.375,0.236,0.342,
1836567090117,GameRo,-0.224,0.713,-0.250,0.615
1836578056670,pre,999.653,,,
1836586960438,acc,-11.493,-6.861,-1.477,
1836586960438,Gyro,0.181,0.047,1.154,
1836586960438,Lacc,-3.848,-0.821,-0.333,
1836586960438,GameRo,-0.215,0.716,-0.245,0.618
1836603106229,pre,999.635,,,
1836606811388,acc,-12.091,-7.637,-1.886,
1836606811388,Gyro,0.078,0.085,1.428,
1836606811388,Lacc,-4.290,-1.800,-0.746,
1836606811388,GameRo,-0.204,0.719,-0.237,0.621
1836626674628,acc,-12.392,-8.389,-1.456,
1836626674628,Gyro,0.062,0.131,1.746,
1836626674628,Lacc,-4.406,-2.808,-0.303,
1836626674628,GameRo,-0.192,0.722,-0.228,0.624
1836628128648,pre,999.611,,,
1836646544012,acc,-12.144,-8.612,-1.048,
1836646544012,Gyro,0.130,0.118,2.061,
1836646544012,Lacc,-3.949,-3.345,0.116,
1836646544012,GameRo,-0.177,0.727,-0.216,0.628
1836653201116,pre,999.635,,,
1836666438705,acc,-12.682,-9.401,-1.139,
1836666438705,Gyro,0.211,0.028,2.382,
1836666438705,Lacc,-4.261,-4.502,0.015,
1836666438705,GameRo,-0.159,0.730,-0.204,0.632
1836678248599,pre,999.666,,,
1836686309024,acc,-13.660,-12.076,-1.634,
1836686309024,Gyro,0.218,-0.178,2.819,
1836686309024,Lacc,-4.989,-7.627,-0.516,
1836686309024,GameRo,-0.139,0.733,-0.188,0.638
1836703293724,pre,999.650,,,
1836706186952,acc,-12.895,-13.619,-2.083,
1836706186952,Gyro,0.308,-0.383,2.983,
1836706186952,Lacc,-3.970,-9.682,-1.046,
1836706186952,GameRo,-0.116,0.734,-0.171,0.646
1836726047751,acc,-12.208,-13.081,-2.795,
1836726047751,Gyro,0.473,-0.328,3.029,
1836726047751,Lacc,-3.057,-9.672,-1.859,
1836726047751,GameRo,-0.092,0.734,-0.154,0.655
1836728340638,pre,999.635,,,
1836745892150,acc,-11.890,-12.470,-3.154,
1836745892150,Gyro,0.486,-0.066,3.190,
1836745892150,Lacc,-2.544,-9.619,-2.279,
1836745892150,GameRo,-0.066,0.735,-0.138,0.661
1836753362609,pre,999.656,,,
1836765760599,acc,-11.913,-13.140,-2.744,
1836765760599,Gyro,0.344,0.104,3.463,
1836765760599,Lacc,-2.401,-10.906,-1.872,
1836765760599,GameRo,-0.039,0.737,-0.119,0.664
1836778409198,pre,999.650,,,
1836785631854,acc,-11.699,-14.661,-2.075,
1836785631854,Gyro,0.188,0.063,3.711,
1836785631854,Lacc,-2.053,-13.110,-1.191,
1836785631854,GameRo,-0.011,0.738,-0.097,0.668
1836803456601,pre,999.595,,,
1836805501360,acc,-10.668,-15.788,-1.333,
1836805501360,Gyro,0.184,-0.080,3.776,
1836805501360,Lacc,-0.933,-14.956,-0.459,
1836805501360,GameRo,0.017,0.738,-0.073,0.671
1836825396378,acc,-8.634,-15.537,-1.163,
1836825396378,Gyro,0.363,-0.088,3.537,
1836825396378,Lacc,1.138,-15.398,-0.315,
1836825396378,GameRo,0.045,0.736,-0.051,0.674
1836828504573,pre,999.586,,,
1836845266535,acc,-6.961,-14.102,-1.129,
1836845266535,Gyro,0.547,0.089,3.183,
1836845266535,Lacc,2.800,-14.583,-0.276,
1836845266535,GameRo,0.072,0.734,-0.033,0.675
1836853577407,pre,999.626,,,
1836865136122,acc,-5.701,-11.937,-0.588,
1836865136122,Gyro,0.695,0.234,2.928,
1836865136122,Lacc,4.012,-12.970,0.317,
1836865136122,GameRo,0.098,0.732,-0.018,0.673
1836878625217,pre,999.644,,,
1836884979505,acc,-4.083,-9.928,-0.162,
1836884979505,Gyro,0.725,0.146,2.837,
1836884979505,Lacc,5.556,-11.478,0.802,
1836884979505,GameRo,0.123,0.731,-0.005,0.671
1836904864473,acc,-2.211,-8.932,-0.368,
1836904864473,Gyro,0.667,-0.034,2.708,
1836904864473,Lacc,7.356,-10.861,0.628,
1836904864473,GameRo,0.143,0.728,0.003,0.670
1836903674125,pre,999.611,,,
1836924744599,acc,-0.396,-8.366,-0.871,
1836924744599,Gyro,0.594,-0.138,2.440,
1836924744599,Lacc,9.066,-10.752,0.131,
1836924744599,GameRo,0.165,0.724,0.015,0.670
1836928697846,pre,999.601,,,
1836944614797,acc,0.731,-7.884,-1.492,
1836944614797,Gyro,0.478,-0.097,2.081,
1836944614797,Lacc,10.086,-10.659,-0.487,
1836944614797,GameRo,0.184,0.719,0.026,0.669
1836953770802,pre,999.629,,,
1836964459196,acc,0.821,-7.280,-1.378,
1836964459196,Gyro,0.440,0.086,1.739,
1836964459196,Lacc,10.072,-10.375,-0.341,
1836964459196,GameRo,0.199,0.716,0.034,0.668
1836978820036,pre,999.644,,,
1836984342863,acc,0.542,-6.732,-1.049,
1836984342863,Gyro,0.464,0.209,1.513,
1836984342863,Lacc,9.692,-10.090,0.055,
1836984342863,GameRo,0.213,0.715,0.041,0.665
1837004199184,acc,0.888,-6.932,-1.343,
1837004199184,Gyro,0.410,0.194,1.314,
1837004199184,Lacc,9.942,-10.522,-0.165,
1837004199184,GameRo,0.225,0.714,0.047,0.662
1837003867316,pre,999.638,,,
1837024068201,acc,1.085,-7.448,-1.655,
1837024068201,Gyro,0.134,0.081,0.977,
1837024068201,Lacc,10.058,-11.220,-0.433,
1837024068201,GameRo,0.234,0.712,0.053,0.659
1837028915411,pre,999.638,,,
1837043940108,acc,0.881,-7.733,-1.319,
1837043940108,Gyro,-0.177,-0.041,0.508,
1837043940108,Lacc,9.807,-11.615,-0.102,
1837043940108,GameRo,0.238,0.711,0.057,0.659
1837053959069,pre,999.653,,,
1837063833214,acc,0.133,-7.681,-0.640,
1837063833214,Gyro,-0.322,-0.118,0.016,
1837063833214,Lacc,9.054,-11.588,0.536,
1837063833214,GameRo,0.237,0.710,0.060,0.661
1837078998375,pre,999.650,,,
1837083702639,acc,-0.743,-7.674,-0.234,
1837083702639,Gyro,-0.297,-0.142,-0.392,
1837083702639,Lacc,8.208,-11.528,0.893,
1837083702639,GameRo,0.233,0.709,0.060,0.663
1837103572063,acc,-1.283,-8.104,-0.206,
1837103572063,Gyro,-0.202,-0.134,-0.783,
1837103572063,Lacc,7.726,-11.833,0.878,
1837103572063,GameRo,0.226,0.710,0.056,0.665
1837104056275,pre,999.647,,,
1837123416341,acc,-1.648,-8.852,-0.467,
1837123416341,Gyro,-0.104,-0.130,-1.217,
1837123416341,Lacc,7.456,-12.351,0.587,
1837123416341,GameRo,0.216,0.712,0.048,0.666
1837129085001,pre,999.656,,,
1837143311563,acc,-2.202,-9.993,-0.965,
1837143311563,Gyro,-0.058,-0.109,-1.774,
1837143311563,Lacc,7.104,-12.911,0.094,
1837143311563,GameRo,0.194,0.718,0.027,0.667
1837154134072,pre,999.669,,,
1837163181720,acc,-3.436,-10.985,-1.341,
1837163181720,Gyro,-0.052,-0.108,-2.388,
1837163181720,Lacc,5.994,-13.483,-0.304,
1837163181720,GameRo,0.178,0.722,0.012,0.669
1837179183103,pre,999.656,,,
1837183051144,acc,-5.342,-11.669,-1.844,
1837183051144,Gyro,-0.029,-0.050,-2.902,
1837183051144,Lacc,4.215,-13.634,-0.821,
1837183051144,GameRo,0.157,0.726,-0.007,0.669
1837202920609,acc,-7.501,-12.170,-2.462,
1837202920609,Gyro,0.010,0.110,-3.274,
1837202920609,Lacc,2.162,-13.514,-1.431,
1837202920609,GameRo,0.134,0.731,-0.029,0.668
1837204230708,pre,999.626,,,
1837222768386,acc,-9.883,-12.269,-3.161,
1837222768386,Gyro,0.099,0.411,-3.415,
1837222768386,Lacc,-0.157,-12.941,-2.070,
1837222768386,GameRo,0.109,0.737,-0.052,0.665
1837229305903,pre,999.623,,,
1837242659987,acc,-12.285,-14.644,-4.204,
1837242659987,Gyro,0.118,0.732,-3.272,
1837242659987,Lacc,-2.552,-14.659,-2.983,
1837242659987,GameRo,0.085,0.745,-0.074,0.657
1837254328687,pre,999.653,,,
1837262530225,acc,-12.419,-17.045,-4.589,
1837262530225,Gyro,-0.183,0.907,-3.392,
1837262530225,Lacc,-2.729,-16.417,-3.197,
1837262530225,GameRo,0.061,0.753,-0.095,0.648
1837279373161,pre,999.678,,,
1837282399731,acc,-12.537,-16.653,-3.144,
1837282399731,Gyro,-0.433,0.946,-3.758,
1837282399731,Lacc,-2.947,-15.331,-1.561,
1837282399731,GameRo,0.032,0.761,-0.115,0.637
1837302269033,acc,-12.991,-14.141,-1.587,
1837302269033,Gyro,-0.341,0.875,-4.051,
1837302269033,Lacc,-3.566,-12.071,0.183,
1837302269033,GameRo,-0.000,0.768,-0.137,0.625
1837304420522,pre,999.672,,,
1837322138864,acc,-13.695,-11.418,-0.684,
1837322138864,Gyro,-0.079,0.535,-4.046,
1837322138864,Lacc,-4.496,-8.590,1.219,
1837322138864,GameRo,-0.032,0.772,-0.161,0.614
1837329493885,pre,999.684,,,
1837342008411,acc,-14.195,-10.087,-1.084,
1837342008411,Gyro,0.206,0.083,-3.692,
1837342008411,Lacc,-5.249,-6.556,0.848,
1837342008411,GameRo,-0.060,0.771,-0.186,0.606
1837354555651,pre,999.717,,,
1837361853218,acc,-13.696,-9.581,-2.481,
1837361853218,Gyro,0.397,-0.157,-3.217,
1837361853218,Lacc,-5.001,-5.446,-0.600,
1837361853218,GameRo,-0.084,0.767,-0.209,0.600
1837379588284,pre,999.708,,,
1837381748073,acc,-12.702,-9.044,-3.664,
1837381748073,Gyro,0.440,-0.047,-2.837,
1837381748073,Lacc,-4.259,-4.393,-1.845,
1837381748073,GameRo,-0.104,0.763,-0.229,0.595
1837401592636,acc,-11.599,-7.847,-3.767,
1837401592636,Gyro,0.312,0.277,-2.542,
1837401592636,Lacc,-3.417,-2.747,-1.956,
1837401592636,GameRo,-0.121,0.760,-0.248,0.588
1837404615626,pre,999.650,,,
1837421487247,acc,-11.080,-6.711,-2.213,
1837421487247,Gyro,0.116,0.318,-2.271,
1837421487247,Lacc,-3.159,-1.229,-0.359,
1837421487247,GameRo,-0.137,0.759,-0.263,0.580
1837429683211,pre,999.626,,,
1837441356998,acc,-10.495,-5.861,-0.702,
1837441356998,Gyro,-0.051,-0.109,-2.058,
1837441356998,Lacc,-2.812,-0.054,1.165,
1837441356998,GameRo,-0.153,0.756,-0.276,0.574
1837454733299,pre,999.656,,,
1837461219220,acc,-9.917,-4.746,-0.323,
1837461219220,Gyro,-0.123,-0.723,-1.859,
1837461219220,Lacc,-2.440,1.345,1.475,
1837461219220,GameRo,-0.169,0.750,-0.285,0.572
1837479779278,pre,999.669,,,
1837481071351,acc,-9.184,-3.655,-0.913,
1837481071351,Gyro,-0.145,-1.131,-1.615,
1837481071351,Lacc,-1.410,2.145,0.558,
1837481071351,GameRo,-0.159,0.741,-0.272,0.593
1837500966044,acc,-8.709,-3.041,-1.554,
1837500966044,Gyro,-0.169,-1.255,-1.381,
1837500966044,Lacc,-1.016,2.904,-0.246,
1837500966044,GameRo,-0.170,0.733,-0.274,0.598
1837504825296,pre,999.647,,,
1837520835997,acc,-8.467,-2.579,-1.771,
1837520835997,Gyro,-0.273,-1.198,-1.176,
1837520835997,Lacc,-0.885,3.537,-0.618,
1837520835997,GameRo,-0.184,0.725,-0.277,0.604
1837529871560,pre,999.626,,,
1837540706032,acc,-8.279,-2.441,-1.587,
1837540706032,Gyro,-0.453,-1.085,-0.920,
1837540706032,Lacc,-0.792,3.814,-0.554,
1837540706032,GameRo,-0.196,0.717,-0.278,0.608
1837554919532,pre,999.626,,,
1837560575375,acc,-8.075,-2.643,-1.145,
1837560575375,Gyro,-0.564,-0.888,-0.668,
1837560575375,Lacc,-0.660,3.708,-0.185,
1837560575375,GameRo,-0.207,0.711,-0.277,0.612
1837580437190,acc,-8.130,-2.971,-0.502,
1837580437190,Gyro,-0.469,-0.655,-0.478,
1837580437190,Lacc,-0.765,3.443,0.419,
1837580437190,GameRo,-0.216,0.707,-0.274,0.615
1837579965918,pre,999.644,,,
1837600314549,acc,-8.612,-2.889,-0.162,
1837600314549,Gyro,-0.244,-0.465,-0.353,
1837600314549,Lacc,-1.273,3.561,0.721,
1837600314549,GameRo,-0.221,0.704,-0.273,0.617
1837605016168,pre,999.675,,,
1837620184462,acc,-9.435,-2.488,-0.250,
1837620184462,Gyro,-0.089,-0.346,-0.138,
1837620184462,Lacc,-1.416,3.123,0.414,
1837620184462,GameRo,-0.182,0.708,-0.240,0.639
1837630062391,pre,999.666,,,
1837640054700,acc,-10.164,-2.264,-0.585,
1837640054700,Gyro,-0.015,-0.290,0.203,
1837640054700,Lacc,-2.115,3.309,0.035,
1837640054700,GameRo,-0.181,0.706,-0.238,0.642
1837655085094,pre,999.629,,,
1837659923759,acc,-10.518,-2.914,-1.140,
1837659923759,Gyro,-0.097,-0.229,0.609,
1837659923759,Lacc,-2.411,2.578,-0.554,
1837659923759,GameRo,-0.178,0.706,-0.234,0.645
1837679793508,acc,-10.789,-4.640,-1.192,
1837679793508,Gyro,-0.232,-0.158,0.931,
1837679793508,Lacc,-2.588,0.711,-0.614,
1837679793508,GameRo,-0.174,0.706,-0.226,0.647
1837680133759,pre,999.611,,,
1837699663135,acc,-11.297,-6.442,-0.956,
1837699663135,Gyro,-0.217,-0.008,1.152,
1837699663135,Lacc,-2.980,-1.274,-0.362,
1837699663135,GameRo,-0.168,0.709,-0.217,0.650
1837705178923,pre,999.626,,,
1837719532805,acc,-11.948,-7.724,-0.920,
1837719532805,Gyro,-0.091,0.173,1.358,
1837719532805,Lacc,-3.503,-2.772,-0.294,
1837719532805,GameRo,-0.160,0.712,-0.208,0.652
1837730226529,pre,999.647,,,
1837739402473,acc,-12.741,-8.258,-0.821,
1837739402473,Gyro,-0.034,0.275,1.644,
1837739402473,Lacc,-4.152,-3.566,-0.146,
1837739402473,GameRo,-0.149,0.716,-0.199,0.653
1837755270880,pre,999.635,,,
1837759272427,acc,-13.356,-8.694,-0.334,
1837759272427,Gyro,-0.060,0.119,2.018,
1837759272427,Lacc,-4.599,-4.329,0.382,
1837759272427,GameRo,-0.135,0.720,-0.186,0.655
1837779141810,acc,-14.023,-9.967,-0.330,
1837779141810,Gyro,-0.121,-0.246,2.437,
1837779141810,Lacc,-5.076,-6.005,0.372,
1837779141810,GameRo,-0.119,0.722,-0.171,0.660
1837780317835,pre,999.614,,,
1837799011642,acc,-14.654,-12.971,-1.054,
1837799011642,Gyro,-0.144,-0.567,2.931,
1837799011642,Lacc,-5.496,-9.511,-0.429,
1837799011642,GameRo,-0.101,0.722,-0.151,0.667
1837805391158,pre,999.604,,,
1837818881269,acc,-13.605,-15.001,-1.909,
1837818881269,Gyro,-0.033,-0.631,3.103,
1837818881269,Lacc,-4.244,-12.110,-1.401,
1837818881269,GameRo,-0.081,0.721,-0.129,0.676
1837830441124,pre,999.608,,,
1837838750938,acc,-12.691,-14.694,-2.109,
1837838750938,Gyro,0.183,-0.421,3.101,
1837838750938,Lacc,-3.167,-12.379,-1.703,
1837838750938,GameRo,-0.059,0.719,-0.108,0.684
1837855490073,pre,999.598,,,
1837858620850,acc,-12.131,-13.548,-2.001,
1837858620850,Gyro,0.321,-0.171,3.226,
1837858620850,Lacc,-2.480,-11.827,-1.651,
1837858620850,GameRo,-0.034,0.719,-0.089,0.689
1837878490437,acc,-11.864,-13.548,-1.600,
1837878490437,Gyro,0.326,-0.107,3.486,
1837878490437,Lacc,-2.118,-12.473,-1.276,
1837878490437,GameRo,-0.008,0.719,-0.068,0.692
1837880513305,pre,999.568,,,
1837898335773,acc,-10.964,-14.604,-1.749,
1837898335773,Gyro,0.323,-0.202,3.672,
1837898335773,Lacc,-1.165,-14.229,-1.462,
1837898335773,GameRo,0.020,0.717,-0.046,0.695
1837905586546,pre,999.559,,,
1837918241534,acc,-9.177,-15.317,-2.192,
1837918241534,Gyro,0.313,-0.237,3.582,
1837918241534,Lacc,0.625,-15.645,-1.950,
1837918241534,GameRo,0.048,0.714,-0.023,0.698
1837930640622,pre,999.592,,,
1837938099606,acc,-7.436,-14.402,-2.176,
1837938099606,Gyro,0.264,-0.223,3.285,
1837938099606,Lacc,2.323,-15.380,-1.977,
1837938099606,GameRo,0.073,0.710,-0.002,0.700
1837955684159,pre,999.614,,,
1837957969274,acc,-5.997,-12.546,-1.738,
1837957969274,Gyro,0.267,-0.149,3.014,
1837957969274,Lacc,3.686,-14.109,-1.565,
1837957969274,GameRo,0.096,0.707,0.017,0.701
1837977838862,acc,-4.667,-10.843,-1.206,
1837977838862,Gyro,0.274,-0.124,2.831,
1837977838862,Lacc,4.914,-12.948,-1.046,
1837977838862,GameRo,0.118,0.703,0.035,0.700
1837980731683,pre,999.614,,,
1837997708652,acc,-3.553,-9.547,-0.569,
1837997708652,Gyro,0.387,-0.104,2.650,
1837997708652,Lacc,5.988,-11.824,-0.412,
1837997708652,GameRo,0.125,0.702,0.041,0.700
1838005780389,pre,999.598,,,
1838017578199,acc,-2.800,-8.380,-0.261,
1838017578199,Gyro,0.639,-0.049,2.460,
1838017578199,Lacc,6.618,-11.119,-0.090,
1838017578199,GameRo,0.146,0.698,0.054,0.699
1838030829011,pre,999.604,,,
1838037448070,acc,-2.129,-7.569,-0.543,
1838037448070,Gyro,0.882,0.057,2.281,
1838037448070,Lacc,7.155,-10.729,-0.320,
1838037448070,GameRo,0.167,0.695,0.064,0.696
1838055875967,pre,999.623,,,
1838057322662,acc,-1.335,-7.097,-1.044,
1838057322662,Gyro,0.978,0.070,2.158,
1838057322662,Lacc,7.806,-10.645,-0.738,
1838057322662,GameRo,0.189,0.693,0.072,0.692
1838077188059,acc,-0.643,-7.613,-1.825,
1838077188059,Gyro,0.839,0.001,1.967,
1838077188059,Lacc,8.350,-11.514,-1.443,
1838077188059,GameRo,0.209,0.690,0.080,0.689
1838080904611,pre,999.623,,,
1838097057401,acc,-0.363,-8.117,-2.068,
1838097057401,Gyro,0.614,-0.089,1.659,
1838097057401,Lacc,8.490,-12.319,-1.640,
1838097057401,GameRo,0.225,0.686,0.087,0.686
1838105971057,pre,999.635,,,
1838116927233,acc,-0.240,-8.157,-2.080,
1838116927233,Gyro,0.377,-0.093,1.276,
1838116927233,Lacc,8.498,-12.592,-1.630,
1838116927233,GameRo,0.238,0.683,0.093,0.684
1838131019436,pre,999.656,,,
1838136796657,acc,-0.105,-7.768,-1.738,
1838136796657,Gyro,0.223,-0.090,0.935,
1838136796657,Lacc,8.544,-12.373,-1.278,
1838136796657,GameRo,0.246,0.680,0.097,0.683
1838156666204,acc,0.355,-7.493,-1.601,
1838156666204,Gyro,0.057,-0.095,0.566,
1838156666204,Lacc,8.947,-12.207,-1.143,
1838156666204,GameRo,0.252,0.678,0.101,0.683
1838156067368,pre,999.644,,,
1838176536198,acc,0.509,-7.155,-1.262,
1838176536198,Gyro,-0.123,-0.138,0.186,
1838176536198,Lacc,9.077,-11.914,-0.830,
1838176536198,GameRo,0.253,0.677,0.103,0.684
1838181081811,pre,999.614,,,
1838196405825,acc,0.235,-7.135,-0.877,
1838196405825,Gyro,-0.233,-0.168,-0.182,
1838196405825,Lacc,8.814,-11.876,-0.493,
1838196405825,GameRo,0.251,0.676,0.103,0.685
1838206163882,pre,999.601,,,
1838216275698,acc,-0.162,-7.496,-0.636,
1838216275698,Gyro,-0.210,-0.139,-0.570,
1838216275698,Lacc,8.464,-12.155,-0.301,
1838216275698,GameRo,0.246,0.676,0.101,0.688
1838231216696,pre,999.638,,,
1838236145162,acc,-0.740,-8.378,-0.915,
1838236145162,Gyro,-0.081,0.013,-1.019,
1838236145162,Lacc,7.970,-12.880,-0.600,
1838236145162,GameRo,0.239,0.677,0.095,0.689
1838256014709,acc,-1.678,-9.365,-1.292,
1838256014709,Gyro,0.029,0.220,-1.501,
1838256014709,Lacc,7.527,-12.726,-0.828,
1838256014709,GameRo,0.196,0.696,0.052,0.688
1838256240417,pre,999.678,,,
1838275884703,acc,-2.917,-10.551,-1.643,
1838275884703,Gyro,0.082,0.388,-2.005,
1838275884703,Lacc,6.403,-13.563,-1.110,
1838275884703,GameRo,0.184,0.702,0.039,0.687
1838281269712,pre,999.669,,,
1838295752175,acc,-4.545,-11.721,-2.043,
1838295752175,Gyro,0.022,0.497,-2.509,
1838295752175,Lacc,4.904,-14.284,-1.417,
1838295752175,GameRo,0.167,0.710,0.023,0.684
1838306333920,pre,999.635,,,
1838315624081,acc,-6.166,-12.287,-2.039,
1838315624081,Gyro,-0.115,0.482,-2.938,
1838315624081,Lacc,3.407,-14.310,-1.319,
1838315624081,GameRo,0.146,0.718,0.005,0.681
1838331382950,pre,999.629,,,
1838335493750,acc,-7.971,-12.538,-2.100,
1838335493750,Gyro,-0.218,0.431,-3.281,
1838335493750,Lacc,1.705,-13.942,-1.301,
1838335493750,GameRo,0.122,0.725,-0.015,0.678
1838355363540,acc,-10.267,-13.704,-2.858,
1838355363540,Gyro,-0.263,0.399,-3.345,
1838355363540,Lacc,-0.525,-14.456,-1.985,
1838355363540,GameRo,0.095,0.732,-0.035,0.674
1838356436131,pre,999.669,,,
1838375233493,acc,-11.108,-15.514,-3.917,
1838375233493,Gyro,-0.344,0.473,-3.456,
1838375233493,Lacc,-1.345,-15.608,-2.965,
1838375233493,GameRo,0.069,0.737,-0.056,0.670
1838381504651,pre,999.687,,,
1838395102511,acc,-11.863,-14.895,-3.864,
1838395102511,Gyro,-0.404,0.736,-3.656,
1838395102511,Lacc,-2.132,-14.291,-2.784,
1838395102511,GameRo,0.040,0.744,-0.077,0.663
1838406525891,pre,999.662,,,
1838414972749,acc,-12.781,-13.263,-3.040,
1838414972749,Gyro,-0.359,0.923,-3.699,
1838414972749,Lacc,-3.142,-11.947,-1.781,
1838414972749,GameRo,0.010,0.751,-0.098,0.653
1838431600311,pre,999.638,,,
1838434842174,acc,-13.367,-11.860,-2.016,
1838434842174,Gyro,-0.309,0.846,-3.599,
1838434842174,Lacc,-3.873,-9.856,-0.569,
1838434842174,GameRo,-0.018,0.757,-0.119,0.642
1838454711760,acc,-13.863,-11.520,-1.600,
1838454711760,Gyro,-0.352,0.331,-3.355,
1838454711760,Lacc,-4.546,-8.874,-0.041,
1838454711760,GameRo,-0.046,0.760,-0.139,0.633
1838456623259,pre,999.644,,,
1838474581796,acc,-13.247,-12.124,-2.252,
1838474581796,Gyro,-0.375,-0.060,-3.240,
1838474581796,Lacc,-4.122,-8.891,-0.667,
1838474581796,GameRo,-0.073,0.759,-0.157,0.628
1838481698982,pre,999.641,,,
1838494440070,acc,-12.771,-11.609,-2.679,
1838494440070,Gyro,-0.440,-0.154,-3.183,
1838494440070,Lacc,-3.865,-7.813,-1.096,
1838494440070,GameRo,-0.100,0.755,-0.173,0.624
1838506748379,pre,999.653,,,
1838514301683,acc,-12.476,-9.910,-2.199,
1838514301683,Gyro,-0.429,-0.062,-3.048,
1838514301683,Lacc,-3.818,-5.584,-0.600,
1838514301683,GameRo,-0.126,0.752,-0.189,0.619
1838534165085,acc,-12.064,-7.916,-1.246,
1838534165085,Gyro,-0.198,0.124,-2.748,
1838534165085,Lacc,-3.668,-3.114,0.392,
1838534165085,GameRo,-0.150,0.749,-0.205,0.612
1838531770838,pre,999.662,,,
1838554077355,acc,-11.319,-6.152,-0.306,
1838554077355,Gyro,0.173,0.132,-2.376,
1838554077355,Lacc,-3.176,-0.938,1.354,
1838554077355,GameRo,-0.167,0.746,-0.220,0.606
1838556817102,pre,999.635,,,
1838573904869,acc,-10.199,-4.860,-0.234,
1838573904869,Gyro,0.445,-0.081,-2.023,
1838573904869,Lacc,-2.283,0.704,1.383,
1838573904869,GameRo,-0.181,0.741,-0.236,0.602
1838581868166,pre,999.617,,,
1838593799521,acc,-9.031,-4.000,-0.644,
1838593799521,Gyro,0.556,-0.282,-1.764,
1838593799521,Lacc,-1.025,1.513,0.679,
1838593799521,GameRo,-0.173,0.733,-0.239,0.613
1838606951783,pre,999.632,,,
1838613669027,acc,-8.462,-3.271,-1.223,
1838613669027,Gyro,0.573,-0.349,-1.589,
1838613669027,Lacc,-0.621,2.500,-0.018,
1838613669027,GameRo,-0.182,0.727,-0.252,0.613
1838631989704,pre,999.629,,,
1838633508748,acc,-8.224,-2.462,-1.710,
1838633508748,Gyro,0.515,-0.263,-1.375,
1838633508748,Lacc,-0.544,3.543,-0.616,
1838633508748,GameRo,-0.189,0.721,-0.264,0.612
1838653384846,acc,-8.110,-2.078,-1.797,
1838653384846,Gyro,0.452,-0.050,-1.099,
1838653384846,Lacc,-0.569,4.115,-0.779,
1838653384846,GameRo,-0.195,0.717,-0.274,0.611
1838657043252,pre,999.601,,,
1838673278562,acc,-8.001,-2.214,-1.550,
1838673278562,Gyro,0.414,0.154,-0.849,
1838673278562,Lacc,-0.574,4.120,-0.568,
1838673278562,GameRo,-0.199,0.715,-0.283,0.608
1838682086708,pre,999.617,,,
1838693148719,acc,-8.158,-2.522,-1.422,
1838693148719,Gyro,0.330,0.237,-0.676,
1838693148719,Lacc,-0.825,3.921,-0.452,
1838693148719,GameRo,-0.201,0.713,-0.290,0.605
1838707110144,pre,999.653,,,
1838713017573,acc,-8.527,-2.542,-1.772,
1838713017573,Gyro,0.169,0.309,-0.496,
1838713017573,Lacc,-1.259,3.973,-0.787,
1838713017573,GameRo,-0.202,0.714,-0.295,0.602
1838732859816,acc,-8.978,-2.686,-1.861,
1838732859816,Gyro,0.032,0.530,-0.265,
1838732859816,Lacc,-1.575,3.655,-0.750,
1838732859816,GameRo,-0.192,0.721,-0.289,0.600
1838732183710,pre,999.644,,,
1838752756829,acc,-9.762,-3.077,-1.235,
1838752756829,Gyro,0.044,0.779,0.032,
1838752756829,Lacc,-2.345,3.228,-0.019,
1838752756829,GameRo,-0.188,0.726,-0.289,0.596
1838757231641,pre,999.614,,,
1838772626619,acc,-10.636,-4.000,-0.704,
1838772626619,Gyro,0.064,0.870,0.361,
1838772626619,Lacc,-3.207,2.265,0.633,
1838772626619,GameRo,-0.183,0.731,-0.289,0.590
1838782292757,pre,999.635,,,
1838792497224,acc,-11.605,-5.196,-0.155,
1838792497224,Gyro,0.041,0.618,0.676,
1838792497224,Lacc,-4.124,0.984,1.285,
1838792497224,GameRo,-0.176,0.736,-0.287,0.587
1838807306549,pre,999.666,,,
1838812365875,acc,-12.107,-6.380,-0.313,
1838812365875,Gyro,-0.059,0.150,1.004,
1838812365875,Lacc,-4.524,-0.337,1.174,
1838812365875,GameRo,-0.169,0.740,-0.282,0.587
1838832235626,acc,-12.192,-7.592,-0.995,
1838832235626,Gyro,-0.201,-0.224,1.315,
1838832235626,Lacc,-4.460,-1.740,0.487,
1838832235626,GameRo,-0.161,0.741,-0.274,0.591
1838832355743,pre,999.653,,,
1838852105497,acc,-12.213,-8.738,-1.409,
1838852105497,Gyro,-0.278,-0.343,1.617,
1838852105497,Lacc,-4.297,-3.132,0.051,
1838852105497,GameRo,-0.152,0.742,-0.262,0.597
1838857414090,pre,999.626,,,
1838871974962,acc,-12.001,-9.715,-1.504,
1838871974962,Gyro,-0.199,-0.273,1.893,
1838871974962,Lacc,-3.880,-4.404,-0.068,
1838871974962,GameRo,-0.141,0.744,-0.249,0.604
1838882446886,pre,999.601,,,
1838891845322,acc,-11.646,-9.942,-0.861,
1838891845322,Gyro,-0.040,-0.276,2.109,
1838891845322,Lacc,-3.308,-4.968,0.546,
1838891845322,GameRo,-0.127,0.745,-0.236,0.611
1838907493108,pre,999.589,,,
1838911702295,acc,-12.313,-10.474,-1.416,
1838911702295,Gyro,0.099,-0.334,2.422,
1838911702295,Lacc,-3.749,-5.881,-0.073,
1838911702295,GameRo,-0.111,0.746,-0.222,0.618
1838931583968,acc,-12.732,-12.644,-2.505,
1838931583968,Gyro,0.197,-0.354,2.815,
1838931583968,Lacc,-3.925,-8.514,-1.237,
1838931583968,GameRo,-0.091,0.746,-0.206,0.627
1838932538639,pre,999.595,,,
1838951453758,acc,-12.010,-13.674,-3.613,
1838951453758,Gyro,0.380,-0.089,2.949,
1838951453758,Lacc,-2.972,-10.056,-2.409,
1838951453758,GameRo,-0.067,0.746,-0.190,0.635
1838957609520,pre,999.620,,,
1838971323549,acc,-11.505,-13.336,-4.250,
1838971323549,Gyro,0.513,0.409,2.969,
1838971323549,Lacc,-2.277,-10.239,-3.035,
1838971323549,GameRo,-0.042,0.748,-0.175,0.638
1838982626975,pre,999.632,,,
1838991160177,acc,-11.537,-12.297,-3.761,
1838991160177,Gyro,0.301,0.781,3.066,
1838991160177,Lacc,-2.159,-9.744,-2.434,
1838991160177,GameRo,-0.016,0.753,-0.159,0.638
1839007703796,pre,999.620,,,
1839011062927,acc,-12.120,-12.493,-2.450,
1839011062927,Gyro,-0.040,0.666,3.376,
1839011062927,Lacc,-2.619,-10.542,-0.983,
1839011062927,GameRo,0.010,0.758,-0.140,0.637
1839030932392,acc,-11.591,-14.236,-1.933,
1839030932392,Gyro,-0.451,0.201,3.713,
1839030932392,Lacc,-1.986,-12.977,-0.381,
1839030932392,GameRo,0.036,0.760,-0.114,0.639
1839032726541,pre,999.589,,,
1839050802141,acc,-9.777,-15.303,-1.958,
1839050802141,Gyro,-0.847,-0.387,3.807,
1839050802141,Lacc,-0.100,-14.791,-0.435,
1839050802141,GameRo,0.059,0.758,-0.085,0.644
1839057796485,pre,999.580,,,
1839070670061,acc,-7.527,-14.809,-1.981,
1839070670061,Gyro,-1.039,-0.812,3.713,
1839070670061,Lacc,2.181,-15.045,-0.594,
1839070670061,GameRo,0.080,0.751,-0.054,0.653
1839082844499,pre,999.595,,,
1839090541682,acc,-5.169,-13.891,-2.358,
1839090541682,Gyro,-1.137,-0.939,3.427,
1839090541682,Lacc,4.523,-14.830,-1.168,
1839090541682,GameRo,0.099,0.742,-0.024,0.662
1839107891453,pre,999.595,,,
1839110411310,acc,-3.472,-12.549,-2.091,
1839110411310,Gyro,-1.101,-0.753,2.971,
1839110411310,Lacc,6.162,-14.107,-1.092,
1839110411310,GameRo,0.114,0.733,0.004,0.670
1839130280815,acc,-2.695,-10.301,-1.002,
1839130280815,Gyro,-0.767,-0.416,2.573,
1839130280815,Lacc,6.856,-12.366,-0.136,
1839130280815,GameRo,0.126,0.727,0.028,0.675
1839132914401,pre,999.574,,,
1839150151339,acc,-2.214,-8.332,-0.134,
1839150151339,Gyro,-0.213,-0.085,2.360,
1839150151339,Lacc,7.233,-10.848,0.681,
1839150151339,GameRo,0.141,0.722,0.046,0.676
1839157975435,pre,999.562,,,
1839170020356,acc,-1.716,-7.352,0.330,
1839170020356,Gyro,0.273,0.083,2.239,
1839170020356,Lacc,7.610,-10.279,1.166,
1839170020356,GameRo,0.157,0.720,0.060,0.674
1839183031708,pre,999.589,,,
1839189889944,acc,-0.712,-7.204,0.137,
1839189889944,Gyro,0.531,-0.007,2.079,
1839189889944,Lacc,8.483,-10.510,1.014,
1839189889944,GameRo,0.176,0.717,0.070,0.671
1839208078907,pre,999.635,,,
1839209759612,acc,-0.110,-7.476,-0.303,
1839209759612,Gyro,0.488,-0.254,1.766,
1839209759612,Lacc,8.960,-11.105,0.583,
1839209759612,GameRo,0.193,0.713,0.079,0.670
1839229629321,acc,-0.078,-7.432,-0.378,
1839229629321,Gyro,0.366,-0.563,1.428,
1839229629321,Lacc,8.890,-11.319,0.455,
1839229629321,GameRo,0.206,0.707,0.085,0.671
1839233102669,pre,999.653,,,
1839249499030,acc,0.235,-7.345,-0.781,
1839249499030,Gyro,0.289,-0.808,1.159,
1839249499030,Lacc,9.121,-11.438,-0.056,
1839249499030,GameRo,0.217,0.700,0.089,0.675
1839258147711,pre,999.644,,,
1839269368780,acc,1.061,-7.856,-1.783,
1839269368780,Gyro,0.212,-0.817,0.824,
1839269368780,Lacc,9.882,-12.107,-1.189,
1839269368780,GameRo,0.226,0.692,0.091,0.679
1839283215744,pre,999.647,,,
1839289238652,acc,1.511,-8.225,-2.335,
1839289238652,Gyro,0.127,-0.468,0.276,
1839289238652,Lacc,10.302,-12.549,-1.834,
1839289238652,GameRo,0.230,0.687,0.092,0.683
1839309083296,acc,0.477,-7.831,-1.521,
1839309083296,Gyro,0.161,-0.054,-0.250,
1839309083296,Lacc,9.283,-12.127,-1.037,
1839309083296,GameRo,0.230,0.687,0.090,0.684
1839308265710,pre,999.644,,,
1839328952680,acc,-0.715,-7.824,-0.885,
1839328952680,Gyro,0.359,0.264,-0.632,
1839328952680,Lacc,8.138,-12.016,-0.346,
1839328952680,GameRo,0.228,0.690,0.084,0.682
1839333308881,pre,999.623,,,
1839348823569,acc,-1.565,-8.259,-0.822,
1839348823569,Gyro,0.596,0.537,-0.981,
1839348823569,Lacc,7.357,-12.282,-0.156,
1839348823569,GameRo,0.225,0.695,0.075,0.678
1839358356853,pre,999.604,,,
1839368717286,acc,-2.115,-9.058,-0.862,
1839368717286,Gyro,0.745,0.637,-1.378,
1839368717286,Lacc,6.981,-12.633,-0.009,
1839368717286,GameRo,0.213,0.706,0.055,0.673
1839383402669,pre,999.626,,,
1839388587117,acc,-2.914,-10.019,-1.242,
1839388587117,Gyro,0.764,0.562,-1.846,
1839388587117,Lacc,6.305,-13.214,-0.218,
1839388587117,GameRo,0.204,0.715,0.037,0.668
1839408436481,acc,-4.062,-11.005,-1.827,
1839408436481,Gyro,0.639,0.395,-2.284,
1839408436481,Lacc,5.278,-13.777,-0.677,
1839408436481,GameRo,0.193,0.722,0.018,0.664
1839408453815,pre,999.659,,,
1839428326698,acc,-5.379,-11.919,-2.442,
1839428326698,Gyro,0.399,0.254,-2.659,
1839428326698,Lacc,4.084,-14.192,-1.211,
1839428326698,GameRo,0.177,0.729,-0.002,0.661
1839433472857,pre,999.653,,,
1839448195878,acc,-6.972,-12.529,-2.797,
1839448195878,Gyro,0.123,0.140,-2.972,
1839448195878,Lacc,2.604,-14.242,-1.527,
1839448195878,GameRo,0.157,0.735,-0.022,0.659
1839458520137,pre,999.638,,,
1839468065669,acc,-9.564,-14.593,-3.366,
1839468065669,Gyro,-0.074,0.129,-3.175,
1839468065669,Lacc,0.096,-15.700,-2.070,
1839468065669,GameRo,0.134,0.740,-0.043,0.657
1839483563145,pre,999.638,,,
1839487935052,acc,-11.110,-16.754,-3.919,
1839487935052,Gyro,-0.318,0.083,-3.374,
1839487935052,Lacc,-1.399,-17.224,-2.608,
1839487935052,GameRo,0.108,0.745,-0.063,0.655
1839507803175,acc,-11.724,-16.816,-3.659,
1839507803175,Gyro,-0.591,0.140,-3.669,
1839507803175,Lacc,-2.007,-16.602,-2.327,
1839507803175,GameRo,0.078,0.750,-0.082,0.652
1839508610140,pre,999.638,,,
1839527674471,acc,-12.507,-15.444,-2.580,
1839527674471,Gyro,-0.649,0.253,-3.907,
1839527674471,Lacc,-2.841,-14.498,-1.200,
1839527674471,GameRo,0.045,0.754,-0.102,0.647
1839533684155,pre,999.638,,,
1839547519116,acc,-12.790,-13.165,-1.618,
1839547519116,Gyro,-0.526,0.291,-3.980,
1839547519116,Lacc,-3.237,-11.469,-0.164,
1839547519116,GameRo,0.011,0.758,-0.124,0.641
1839558729726,pre,999.647,,,
1839567413686,acc,-13.180,-11.354,-0.876,
1839567413686,Gyro,-0.366,0.046,-3.868,
1839567413686,Lacc,-3.795,-8.925,0.625,
1839567413686,GameRo,-0.021,0.759,-0.146,0.634
1839583774688,pre,999.644,,,
1839587283558,acc,-13.221,-10.133,-1.232,
1839587283558,Gyro,-0.208,-0.309,-3.528,
1839587283558,Lacc,-4.031,-7.033,0.243,
1839587283558,GameRo,-0.051,0.757,-0.167,0.630
1839607153186,acc,-12.348,-9.387,-2.129,
1839607153186,Gyro,-0.135,-0.497,-3.226,
1839607153186,Lacc,-3.370,-5.692,-0.727,
1839607153186,GameRo,-0.077,0.752,-0.186,0.628
1839608796253,pre,999.647,,,
1839627023098,acc,-11.312,-8.210,-2.832,
1839627023098,Gyro,-0.226,-0.455,-3.039,
1839627023098,Lacc,-2.564,-3.973,-1.509,
1839627023098,GameRo,-0.102,0.746,-0.204,0.625
1839633868313,pre,999.650,,,
1839646892645,acc,-11.133,-6.845,-2.718,
1839646892645,Gyro,-0.223,-0.137,-2.791,
1839646892645,Lacc,-2.635,-2.121,-1.416,
1839646892645,GameRo,-0.126,0.742,-0.219,0.621
1839658914007,pre,999.650,,,
1839666762557,acc,-11.097,-5.778,-2.231,
1839666762557,Gyro,0.028,0.346,-2.400,
1839666762557,Lacc,-2.851,-0.635,-0.890,
1839666762557,GameRo,-0.145,0.740,-0.234,0.614
1839683975447,pre,999.635,,,
1839686606754,acc,-10.584,-5.261,-1.473,
1839686606754,Gyro,0.359,0.611,-2.031,
1839686606754,Lacc,-2.579,0.232,-0.065,
1839686606754,GameRo,-0.157,0.740,-0.250,0.605
1839706502139,acc,-9.878,-4.695,-1.152,
1839706502139,Gyro,0.499,0.506,-1.797,
1839706502139,Lacc,-2.096,1.101,0.293,
1839706502139,GameRo,-0.166,0.739,-0.266,0.597
1839709000186,pre,999.598,,,
1839726371969,acc,-9.387,-3.946,-1.321,
1839726371969,Gyro,0.354,0.189,-1.652,
1839726371969,Lacc,-1.765,2.061,0.113,
1839726371969,GameRo,-0.173,0.737,-0.277,0.592
1839734009502,pre,999.577,,,
1839746241110,acc,-9.370,-3.224,-1.382,
1839746241110,Gyro,0.079,-0.093,-1.524,
1839746241110,Lacc,-1.674,2.696,0.018,
1839746241110,GameRo,-0.169,0.737,-0.273,0.595
1839759089172,pre,999.586,,,
1839766110737,acc,-9.526,-2.591,-1.301,
1839766110737,Gyro,-0.139,-0.269,-1.286,
1839766110737,Lacc,-1.653,3.104,0.047,
1839766110737,GameRo,-0.162,0.737,-0.262,0.602
1839784109027,pre,999.607,,,
1839785955300,acc,-9.555,-2.394,-1.184,
1839785955300,Gyro,-0.246,-0.326,-0.975,
1839785955300,Lacc,-1.463,3.003,0.089,
1839785955300,GameRo,-0.153,0.736,-0.246,0.612
1839805850603,acc,-9.438,-2.622,-1.068,
1839805850603,Gyro,-0.317,-0.322,-0.680,
1839805850603,Lacc,-1.089,2.399,0.084,
1839805850603,GameRo,-0.143,0.734,-0.227,0.624
1839809145200,pre,999.617,,,
1839825720109,acc,-9.502,-2.943,-0.665,
1839825720109,Gyro,-0.371,-0.286,-0.458,
1839825720109,Lacc,-1.087,1.981,0.424,
1839825720109,GameRo,-0.145,0.731,-0.219,0.630
1839834227473,pre,999.617,,,
1839845589859,acc,-9.731,-3.109,-0.235,
1839845589859,Gyro,-0.360,-0.227,-0.245,
1839845589859,Lacc,-1.320,1.826,0.833,
1839845589859,GameRo,-0.149,0.730,-0.216,0.632
1839859268041,pre,999.620,,,
1839865459162,acc,-9.910,-3.311,-0.089,
1839865459162,Gyro,-0.290,-0.144,-0.015,
1839865459162,Lacc,-1.499,1.624,0.976,
1839865459162,GameRo,-0.152,0.729,-0.213,0.633
1839885312432,acc,-9.993,-3.633,-0.239,
1839885312432,Gyro,-0.229,-0.073,0.251,
1839885312432,Lacc,-1.562,1.267,0.833,
1839885312432,GameRo,-0.152,0.729,-0.210,0.633
1839884291273,pre,999.623,,,
1839905198335,acc,-10.140,-4.508,-0.636,
1839905198335,Gyro,-0.240,-0.023,0.515,
1839905198335,Lacc,-1.666,0.313,0.452,
1839905198335,GameRo,-0.151,0.730,-0.206,0.634
1839909332410,pre,999.607,,,
1839925068533,acc,-10.631,-5.982,-0.688,
1839925068533,Gyro,-0.232,-0.013,0.738,
1839925068533,Lacc,-2.093,-1.280,0.421,
1839925068533,GameRo,-0.147,0.731,-0.200,0.635
1839934390595,pre,999.607,,,
1839944913747,acc,-11.737,-7.170,-0.658,
1839944913747,Gyro,-0.180,-0.104,1.039,
1839944913747,Lacc,-3.114,-2.630,0.461,
1839944913747,GameRo,-0.142,0.733,-0.192,0.637
1839959419199,pre,999.644,,,
1839964782480,acc,-12.732,-8.739,-1.028,
1839964782480,Gyro,-0.062,-0.308,1.438,
1839964782480,Lacc,-3.988,-4.426,0.058,
1839964782480,GameRo,-0.134,0.733,-0.183,0.641
1839984651985,acc,-13.174,-10.093,-1.829,
1839984651985,Gyro,0.014,-0.444,1.816,
1839984651985,Lacc,-4.281,-6.078,-0.817,
1839984651985,GameRo,-0.122,0.733,-0.172,0.647
1839984464160,pre,999.672,,,
1840004530850,acc,-13.193,-10.337,-1.795,
1840004530850,Gyro,0.014,-0.534,2.154,
1840004530850,Lacc,-4.134,-6.686,-0.874,
1840004530850,GameRo,-0.108,0.732,-0.158,0.654
1840009511196,pre,999.659,,,
1840024395310,acc,-13.917,-10.663,-1.513,
1840024395310,Gyro,0.005,-0.627,2.627,
1840024395310,Lacc,-4.682,-7.454,-0.702,
1840024395310,GameRo,-0.091,0.730,-0.141,0.662
1840034594365,pre,999.626,,,
1840044250575,acc,-14.426,-13.429,-1.632,
1840044250575,Gyro,0.141,-0.713,3.244,
1840044250575,Lacc,-5.003,-10.786,-0.953,
1840044250575,GameRo,-0.069,0.728,-0.121,0.671
1840059599491,pre,999.620,,,
1840064130700,acc,-13.258,-15.299,-2.460,
1840064130700,Gyro,0.514,-0.624,3.533,
1840064130700,Lacc,-3.666,-13.311,-1.930,
1840064130700,GameRo,-0.043,0.725,-0.100,0.680
1840084008750,acc,-12.185,-15.497,-3.745,
1840084008750,Gyro,0.835,-0.252,3.574,
1840084008750,Lacc,-2.474,-14.181,-3.314,
1840084008750,GameRo,-0.012,0.722,-0.081,0.687
1840084645917,pre,999.641,,,
1840103895306,acc,-11.688,-15.097,-4.216,
1840103895306,Gyro,0.642,0.049,3.755,
1840103895306,Lacc,-1.906,-14.482,-3.801,
1840103895306,GameRo,0.019,0.722,-0.062,0.689
1840109735963,pre,999.650,,,
1840123764974,acc,-11.280,-15.843,-3.622,
1840123764974,Gyro,0.228,0.062,4.013,
1840123764974,Lacc,-1.480,-15.987,-3.189,
1840123764974,GameRo,0.050,0.721,-0.038,0.690
1840134746703,pre,999.638,,,
1840143635416,acc,-9.802,-17.065,-3.092,
1840143635416,Gyro,-0.073,-0.103,4.047,
1840143635416,Lacc,-0.046,-17.999,-2.667,
1840143635416,GameRo,0.079,0.718,-0.010,0.692
1840159804279,pre,999.632,,,
1840163504392,acc,-7.566,-16.842,-2.424,
1840163504392,Gyro,-0.244,-0.249,3.717,
1840163504392,Lacc,2.093,-18.517,-2.044,
1840163504392,GameRo,0.105,0.713,0.018,0.693
1840183374102,acc,-5.963,-14.980,-1.690,
1840183374102,Gyro,-0.301,-0.365,3.253,
1840183374102,Lacc,3.565,-17.297,-1.386,
1840183374102,GameRo,0.126,0.707,0.043,0.695
1840184838660,pre,999.632,,,
1840203261470,acc,-4.855,-12.642,-0.662,
1840203261470,Gyro,-0.199,-0.544,2.950,
1840203261470,Lacc,4.521,-15.520,-0.462,
1840203261470,GameRo,0.146,0.699,0.065,0.697
1840209894527,pre,999.638,,,
1840223113073,acc,-3.342,-11.009,-0.406,
1840223113073,Gyro,0.083,-0.642,2.715,
1840223113073,Lacc,5.864,-14.396,-0.324,
1840223113073,GameRo,0.165,0.691,0.083,0.699
1840234913283,pre,999.629,,,
1840242983392,acc,-1.965,-9.847,-0.707,
1840242983392,Gyro,0.436,-0.578,2.433,
1840242983392,Lacc,7.262,-13.179,-0.713,
1840242983392,GameRo,0.162,0.688,0.081,0.703
1840262826530,acc,-1.215,-8.492,-1.249,
1840262826530,Gyro,0.686,-0.345,2.191,
1840262826530,Lacc,7.856,-12.227,-1.290,
1840262826530,GameRo,0.182,0.682,0.091,0.703
1840259960198,pre,999.607,,,
1840282722363,acc,-0.561,-7.288,-1.453,
1840282722363,Gyro,0.830,-0.096,2.078,
1840282722363,Lacc,8.350,-11.392,-1.458,
1840282722363,GameRo,0.202,0.677,0.100,0.700
1840285005159,pre,999.589,,,
1840302591869,acc,0.216,-6.725,-1.868,
1840302591869,Gyro,0.811,0.059,2.015,
1840302591869,Lacc,8.956,-11.181,-1.796,
1840302591869,GameRo,0.221,0.674,0.108,0.696
1840310074290,pre,999.598,,,
1840322461497,acc,0.557,-6.972,-1.992,
1840322461497,Gyro,0.702,0.158,1.929,
1840322461497,Lacc,9.118,-11.759,-1.827,
1840322461497,GameRo,0.239,0.672,0.117,0.691
1840335119251,pre,999.629,,,
1840342307402,acc,1.286,-8.121,-2.333,
1840342307402,Gyro,0.587,0.201,1.628,
1840342307402,Lacc,9.675,-13.200,-2.072,
1840342307402,GameRo,0.255,0.670,0.125,0.686
1840360163195,pre,999.647,,,
1840362194934,acc,2.259,-8.647,-2.717,
1840362194934,Gyro,0.191,0.191,1.029,
1840362194934,Lacc,10.572,-13.841,-2.334,
1840362194934,GameRo,0.264,0.671,0.127,0.681
1840382070624,acc,2.295,-7.861,-1.954,
1840382070624,Gyro,-0.235,0.066,0.479,
1840382070624,Lacc,10.545,-13.155,-1.567,
1840382070624,GameRo,0.267,0.670,0.132,0.680
1840385234116,pre,999.659,,,
1840401940211,acc,1.888,-7.385,-1.329,
1840401940211,Gyro,-0.389,0.125,0.038,
1840401940211,Lacc,10.123,-12.705,-0.969,
1840401940211,GameRo,0.265,0.670,0.136,0.681
1840410226995,pre,999.681,,,
1840421810572,acc,0.980,-7.363,-0.723,
1840421810572,Gyro,-0.314,0.319,-0.306,
1840421810572,Lacc,9.238,-12.645,-0.362,
1840421810572,GameRo,0.260,0.671,0.137,0.680
1840435262557,pre,999.662,,,
1840441669009,acc,0.025,-7.824,-0.317,
1840441669009,Gyro,-0.105,0.523,-0.587,
1840441669009,Lacc,8.336,-13.019,0.104,
1840441669009,GameRo,0.255,0.676,0.136,0.678
1840460340029,pre,999.626,,,
1840461525047,acc,-0.505,-8.856,-0.438,
1840461525047,Gyro,0.123,0.615,-0.934,
1840461525047,Lacc,7.887,-13.909,0.090,
1840461525047,GameRo,0.249,0.682,0.131,0.675
1840481418845,acc,-1.158,-10.189,-1.008,
1840481418845,Gyro,0.268,0.564,-1.513,
1840481418845,Lacc,7.420,-14.903,-0.344,
1840481418845,GameRo,0.236,0.691,0.118,0.672
1840485385276,pre,999.629,,,
1840501288432,acc,-2.698,-10.657,-1.789,
1840501288432,Gyro,0.199,0.376,-2.139,
1840501288432,Lacc,6.053,-15.023,-1.023,
1840501288432,GameRo,0.223,0.699,0.104,0.671
1840510423441,pre,999.653,,,
1840521158711,acc,-4.772,-10.982,-2.202,
1840521158711,Gyro,-0.107,0.111,-2.595,
1840521158711,Lacc,4.184,-14.904,-1.398,
1840521158711,GameRo,0.206,0.706,0.087,0.672
1840535473855,pre,999.644,,,
1840541027810,acc,-6.576,-11.237,-2.195,
1840541027810,Gyro,-0.461,-0.120,-2.864,
1840541027810,Lacc,2.588,-14.653,-1.428,
1840541027810,GameRo,0.183,0.711,0.071,0.675
1840560897966,acc,-7.885,-11.650,-2.183,
1840560897966,Gyro,-0.588,-0.150,-3.015,
1840560897966,Lacc,1.471,-14.517,-1.486,
1840560897966,GameRo,0.158,0.715,0.054,0.679
1840560498186,pre,999.604,,,
1840580767390,acc,-9.441,-14.439,-3.355,
1840580767390,Gyro,-0.563,-0.043,-3.028,
1840580767390,Lacc,0.073,-16.741,-2.703,
1840580767390,GameRo,0.132,0.718,0.038,0.682
1840585562557,pre,999.595,,,
1840600636856,acc,-9.982,-17.549,-4.982,
1840600636856,Gyro,-0.637,0.223,-3.313,
1840600636856,Lacc,-0.342,-19.248,-4.332,
1840600636856,GameRo,0.106,0.722,0.020,0.683
1840610607640,pre,999.601,,,
1840620506524,acc,-10.875,-17.620,-4.672,
1840620506524,Gyro,-0.730,0.633,-3.776,
1840620506524,Lacc,-1.144,-18.622,-3.943,
1840620506524,GameRo,0.074,0.729,0.001,0.680
1840635624566,pre,999.626,,,
1840640370293,acc,-12.287,-15.635,-3.049,
1840640370293,Gyro,-0.602,0.955,-4.035,
1840640370293,Lacc,-2.520,-15.867,-2.159,
1840640370293,GameRo,0.040,0.737,-0.021,0.674
1840660245902,acc,-13.552,-13.186,-1.545,
1840660245902,Gyro,-0.153,1.086,-3.997,
1840660245902,Lacc,-3.820,-12.632,-0.444,
1840660245902,GameRo,0.008,0.746,-0.045,0.665
1840660657686,pre,999.662,,,
1840680115693,acc,-14.040,-11.187,-1.639,
1840680115693,Gyro,0.422,0.953,-3.676,
1840680115693,Lacc,-4.402,-9.891,-0.346,
1840680115693,GameRo,-0.018,0.752,-0.072,0.655
1840685714163,pre,999.677,,,
1840699985198,acc,-13.458,-10.491,-3.042,
1840699985198,Gyro,0.637,0.697,-3.336,
1840699985198,Lacc,-3.954,-8.521,-1.621,
1840699985198,GameRo,-0.039,0.756,-0.100,0.646
1840710759775,pre,999.665,,,
1840719855193,acc,-12.770,-9.523,-4.178,
1840719855193,Gyro,0.379,0.478,-3.055,
1840719855193,Lacc,-3.423,-6.947,-2.682,
1840719855193,GameRo,-0.059,0.757,-0.124,0.639
1840735831592,pre,999.659,,,
1840739724739,acc,-12.358,-8.037,-3.594,
1840739724739,Gyro,-0.085,0.370,-2.712,
1840739724739,Lacc,-3.184,-4.936,-2.026,
1840739724739,GameRo,-0.079,0.757,-0.143,0.632
1840759571621,acc,-11.958,-6.732,-1.722,
1840759571621,Gyro,-0.197,0.163,-2.276,
1840759571621,Lacc,-2.951,-3.202,-0.093,
1840759571621,GameRo,-0.098,0.757,-0.156,0.627
1840760851325,pre,999.662,,,
1840779438970,acc,-10.826,-6.140,-0.919,
1840779438970,Gyro,-0.053,-0.246,-1.966,
1840779438970,Lacc,-1.966,-2.252,0.701,
1840779438970,GameRo,-0.115,0.755,-0.168,0.624
1840785923834,pre,999.656,,,
1840799313440,acc,-9.732,-5.497,-1.110,
1840799313440,Gyro,0.009,-0.733,-1.819,
1840799313440,Lacc,-1.002,-1.286,0.406,
1840799313440,GameRo,-0.129,0.749,-0.179,0.625
1840810971032,pre,999.644,,,
1840819203332,acc,-9.299,-4.329,-1.292,
1840819203332,Gyro,-0.053,-1.179,-1.694,
1840819203332,Lacc,-0.690,0.181,0.045,
1840819203332,GameRo,-0.144,0.740,-0.188,0.630
1840836016523,pre,999.650,,,
1840839073000,acc,-9.214,-3.289,-1.612,
1840839073000,Gyro,-0.328,-1.554,-1.525,
1840839073000,Lacc,-0.603,1.261,-0.432,
1840839073000,GameRo,-0.149,0.733,-0.186,0.636
1840858944337,acc,-9.239,-2.708,-1.780,
1840858944337,Gyro,-0.621,-1.677,-1.276,
1840858944337,Lacc,-0.527,1.665,-0.678,
1840858944337,GameRo,-0.147,0.731,-0.175,0.643
1840861062338,pre,999.668,,,
1840878812256,acc,-9.017,-2.528,-1.830,
1840878812256,Gyro,-0.645,-1.267,-0.943,
1840878812256,Lacc,-0.331,1.929,-0.869,
1840878812256,GameRo,-0.158,0.724,-0.173,0.649
1840886108765,pre,999.662,,,
1840898681844,acc,-9.098,-2.382,-1.464,
1840898681844,Gyro,-0.385,-0.554,-0.575,
1840898681844,Lacc,-0.423,2.108,-0.565,
1840898681844,GameRo,-0.164,0.720,-0.170,0.652
1840911154376,pre,999.665,,,
1840918551552,acc,-9.049,-2.723,-0.973,
1840918551552,Gyro,-0.154,0.033,-0.241,
1840918551552,Lacc,-0.372,1.763,-0.068,
1840918551552,GameRo,-0.165,0.720,-0.168,0.652
1840936199826,pre,999.668,,,
1840938421302,acc,-9.123,-3.300,-0.088,
1840938421302,Gyro,-0.084,0.262,-0.078,
1840938421302,Lacc,-0.389,1.084,0.761,
1840938421302,GameRo,-0.166,0.718,-0.159,0.657
1840958281653,acc,-9.633,-3.302,0.682,
1840958281653,Gyro,-0.019,0.174,0.038,
1840958281653,Lacc,-0.891,1.063,1.544,
1840958281653,GameRo,-0.167,0.718,-0.157,0.657
1840961233516,pre,999.668,,,
1840978160435,acc,-10.052,-3.323,0.774,
1840978160435,Gyro,0.040,0.038,0.266,
1840978160435,Lacc,-1.294,1.011,1.643,
1840978160435,GameRo,-0.165,0.719,-0.156,0.657
1840986292109,pre,999.674,,,
1840998029983,acc,-10.306,-4.078,0.499,
1840998029983,Gyro,0.150,0.022,0.536,
1840998029983,Lacc,-1.509,0.178,1.360,
1840998029983,GameRo,-0.161,0.720,-0.154,0.658
1841011338697,pre,999.687,,,
1841017899854,acc,-10.441,-5.135,-0.167,
1841017899854,Gyro,0.205,0.095,0.778,
1841017899854,Lacc,-1.586,-1.001,0.688,
1841017899854,GameRo,-0.155,0.721,-0.151,0.659
1841036383252,pre,999.677,,,
1841037775342,acc,-10.929,-6.145,-0.478,
1841037775342,Gyro,0.269,0.246,1.038,
1841037775342,Lacc,-2.001,-2.173,0.389,
1841037775342,GameRo,-0.146,0.723,-0.147,0.659
1841057639028,acc,-11.776,-7.069,-0.728,
1841057639028,Gyro,0.415,0.420,1.373,
1841057639028,Lacc,-2.758,-3.315,0.178,
1841057639028,GameRo,-0.134,0.727,-0.142,0.659
1841061447662,pre,999.656,,,
1841077508900,acc,-12.157,-8.017,-1.143,
1841077508900,Gyro,0.518,0.474,1.688,
1841077508900,Lacc,-3.034,-4.541,-0.187,
1841077508900,GameRo,-0.119,0.731,-0.135,0.658
1841086474761,pre,999.665,,,
1841097378569,acc,-12.254,-8.752,-1.316,
1841097378569,Gyro,0.464,0.373,1.958,
1841097378569,Lacc,-3.015,-5.609,-0.314,
1841097378569,GameRo,-0.101,0.735,-0.127,0.658
1841111522163,pre,999.687,,,
1841117248156,acc,-12.700,-9.383,-1.210,
1841117248156,Gyro,0.353,0.112,2.211,
1841117248156,Lacc,-3.342,-6.621,-0.193,
1841117248156,GameRo,-0.083,0.738,-0.116,0.659
1841137093492,acc,-14.069,-11.700,-2.296,
1841137093492,Gyro,0.249,-0.073,2.671,
1841137093492,Lacc,-4.585,-9.398,-1.300,
1841137093492,GameRo,-0.063,0.739,-0.102,0.662
1841136568101,pre,999.647,,,
1841156987534,acc,-13.789,-14.639,-3.109,
1841156987534,Gyro,0.248,-0.144,2.998,
1841156987534,Lacc,-4.184,-12.891,-2.150,
1841156987534,GameRo,-0.040,0.740,-0.084,0.666
1841161615178,pre,999.586,,,
1841176831893,acc,-12.652,-14.795,-3.394,
1841176831893,Gyro,0.316,0.011,2.994,
1841176831893,Lacc,-2.958,-13.618,-2.455,
1841176831893,GameRo,-0.016,0.740,-0.067,0.669
1841186663598,pre,999.586,,,
1841196701968,acc,-12.425,-13.055,-2.919,
1841196701968,Gyro,0.305,0.185,3.096,
1841196701968,Lacc,-2.681,-12.451,-1.957,
1841196701968,GameRo,0.008,0.741,-0.049,0.670
1841211689964,pre,999.638,,,
1841216588890,acc,-12.513,-12.610,-2.480,
1841216588890,Gyro,0.139,0.155,3.476,
1841216588890,Lacc,-2.754,-12.643,-1.481,
1841216588890,GameRo,0.034,0.741,-0.029,0.670
1841236466167,acc,-11.999,-14.057,-2.356,
1841236466167,Gyro,-0.029,-0.030,3.889,
1841236466167,Lacc,-2.270,-14.817,-1.348,
1841236466167,GameRo,0.062,0.740,-0.004,0.670
1841236757834,pre,999.668,,,
1841256335917,acc,-10.567,-15.673,-2.615,
1841256335917,Gyro,-0.144,-0.209,4.088,
1841256335917,Lacc,-0.928,-17.215,-1.643,
1841256335917,GameRo,0.091,0.736,0.024,0.671
1841261804300,pre,999.635,,,
1841276205708,acc,-8.680,-15.896,-2.726,
1841276205708,Gyro,-0.161,-0.218,3.959,
1841276205708,Lacc,0.810,-18.205,-1.805,
1841276205708,GameRo,0.119,0.730,0.052,0.671
1841286829690,pre,999.629,,,
1841296075742,acc,-6.716,-14.683,-2.277,
1841296075742,Gyro,-0.093,-0.174,3.659,
1841296075742,Lacc,2.579,-17.691,-1.397,
1841296075742,GameRo,0.146,0.724,0.077,0.670
1841311878314,pre,999.653,,,
1841315945167,acc,-4.392,-12.573,-1.642,
1841315945167,Gyro,-0.040,-0.198,3.290,
1841315945167,Lacc,4.685,-16.197,-0.793,
1841315945167,GameRo,0.170,0.717,0.099,0.668
1841335814835,acc,-2.315,-10.500,-0.745,
1841335814835,Gyro,-0.025,-0.426,2.898,
1841335814835,Lacc,6.535,-14.658,0.041,
1841335814835,GameRo,0.191,0.710,0.119,0.668
1841336927547,pre,999.644,,,
1841355684870,acc,-0.901,-8.764,-0.295,
1841355684870,Gyro,0.172,-0.659,2.391,
1841355684870,Lacc,7.738,-13.361,0.394,
1841355684870,GameRo,0.210,0.701,0.134,0.669
1841362002782,pre,999.598,,,
1841375554213,acc,-0.663,-7.204,-0.335,
1841375554213,Gyro,0.478,-0.720,1.934,
1841375554213,Lacc,7.794,-12.139,0.267,
1841375554213,GameRo,0.228,0.692,0.143,0.670
1841387050184,pre,999.595,,,
1841395423597,acc,-0.572,-6.338,-0.892,
1841395423597,Gyro,0.713,-0.698,1.636,
1841395423597,Lacc,7.724,-11.544,-0.341,
1841395423597,GameRo,0.245,0.684,0.148,0.671
1841412095146,pre,999.629,,,
1841415269462,acc,-0.358,-6.147,-1.593,
1841415269462,Gyro,0.793,-0.608,1.493,
1841415269462,Lacc,7.787,-11.589,-1.063,
1841415269462,GameRo,0.261,0.677,0.151,0.671
1841435162730,acc,0.132,-6.568,-2.292,
1841435162730,Gyro,0.766,-0.386,1.318,
1841435162730,Lacc,8.131,-12.220,-1.749,
1841435162730,GameRo,0.276,0.672,0.153,0.670
1841437143321,pre,999.623,,,
1841455032725,acc,0.365,-6.792,-2.624,
1841455032725,Gyro,0.629,-0.066,1.054,
1841455032725,Lacc,8.239,-12.614,-2.027,
1841455032725,GameRo,0.289,0.669,0.156,0.667
1841462167368,pre,999.616,,,
1841474902311,acc,0.489,-6.571,-2.477,
1841474902311,Gyro,0.445,0.227,0.751,
1841474902311,Lacc,8.265,-12.513,-1.794,
1841474902311,GameRo,0.298,0.668,0.158,0.664
1841487239754,pre,999.653,,,
1841494746224,acc,0.590,-6.367,-2.053,
1841494746224,Gyro,0.229,0.343,0.497,
1841494746224,Lacc,8.296,-12.388,-1.280,
1841494746224,GameRo,0.303,0.669,0.160,0.659
1841512286994,pre,999.662,,,
1841514638312,acc,0.773,-6.741,-1.736,
1841514638312,Gyro,-0.031,0.324,0.193,
1841514638312,Lacc,8.439,-12.804,-0.902,
1841514638312,GameRo,0.305,0.671,0.163,0.656
1841534487839,acc,0.419,-7.486,-1.252,
1841534487839,Gyro,-0.263,0.245,-0.197,
1841534487839,Lacc,8.092,-13.538,-0.399,
1841534487839,GameRo,0.302,0.672,0.164,0.655
1841537335129,pre,999.629,,,
1841554359135,acc,-0.372,-8.512,-0.952,
1841554359135,Gyro,-0.373,0.191,-0.643,
1841554359135,Lacc,7.360,-14.490,-0.111,
1841554359135,GameRo,0.296,0.675,0.164,0.656
1841562379114,pre,999.623,,,
1841574275354,acc,-1.262,-9.687,-0.965,
1841574275354,Gyro,-0.375,0.210,-1.124,
1841574275354,Lacc,7.534,-13.924,-0.008,
1841574275354,GameRo,0.243,0.700,0.077,0.667
1841587427289,pre,999.641,,,
1841594099774,acc,-2.273,-10.822,-1.016,
1841594099774,Gyro,-0.283,0.315,-1.640,
1841594099774,Lacc,6.641,-14.801,-0.039,
1841594099774,GameRo,0.230,0.705,0.070,0.667
1841612475465,pre,999.644,,,
1841613971070,acc,-3.522,-11.755,-1.141,
1841613971070,Gyro,-0.118,0.489,-2.162,
1841613971070,Lacc,5.537,-15.373,-0.098,
1841613971070,GameRo,0.214,0.712,0.059,0.666
1841633859660,acc,-5.183,-12.686,-1.357,
1841633859660,Gyro,0.016,0.591,-2.612,
1841633859660,Lacc,4.032,-15.848,-0.210,
1841633859660,GameRo,0.196,0.721,0.043,0.663
1841637523356,pre,999.635,,,
1841653729084,acc,-6.488,-13.322,-1.604,
1841653729084,Gyro,0.081,0.571,-3.030,
1841653729084,Lacc,2.882,-15.941,-0.344,
1841653729084,GameRo,0.175,0.730,0.025,0.660
1841662569579,pre,999.653,,,
1841673598997,acc,-8.349,-14.071,-2.249,
1841673598997,Gyro,0.140,0.575,-3.391,
1841673598997,Lacc,1.159,-16.061,-0.878,
1841673598997,GameRo,0.151,0.740,0.003,0.656
1841687593340,pre,999.681,,,
1841693442949,acc,-10.580,-16.487,-3.565,
1841693442949,Gyro,0.211,0.582,-3.568,
1841693442949,Lacc,-0.973,-17.799,-2.077,
1841693442949,GameRo,0.127,0.748,-0.021,0.651
1841713293534,acc,-11.281,-17.263,-4.700,
1841713293534,Gyro,0.143,0.749,-3.900,
1841713293534,Lacc,-1.623,-17.839,-3.080,
1841713293534,GameRo,0.100,0.757,-0.046,0.644
1841712664587,pre,999.677,,,
1841733207962,acc,-12.557,-15.193,-4.025,
1841733207962,Gyro,0.034,0.883,-4.112,
1841733207962,Lacc,-2.914,-14.977,-2.237,
1841733207962,GameRo,0.069,0.766,-0.072,0.635
1841737688023,pre,999.656,,,
1841753077182,acc,-13.356,-13.056,-2.869,
1841753077182,Gyro,-0.049,0.824,-4.019,
1841753077182,Lacc,-3.795,-12.057,-0.913,
1841753077182,GameRo,0.039,0.773,-0.097,0.625
1841762760980,pre,999.653,,,
1841772923780,acc,-13.599,-12.502,-1.875,
1841772923780,Gyro,-0.152,0.428,-3.818,
1841772923780,Lacc,-4.168,-10.772,0.198,
1841772923780,GameRo,0.009,0.778,-0.120,0.616
1841787828849,pre,999.671,,,
1841792816397,acc,-13.075,-12.628,-1.978,
1841792816397,Gyro,-0.182,-0.071,-3.670,
1841792816397,Lacc,-3.799,-10.216,0.114,
1841792816397,GameRo,-0.021,0.779,-0.141,0.611
1841812686026,acc,-12.272,-11.978,-2.520,
1841812686026,Gyro,-0.085,-0.276,-3.615,
1841812686026,Lacc,-3.183,-8.907,-0.471,
1841812686026,GameRo,-0.050,0.776,-0.162,0.608
1841812855541,pre,999.656,,,
1841832555775,acc,-11.894,-10.397,-2.778,
1841832555775,Gyro,0.063,-0.173,-3.532,
1841832555775,Lacc,-3.037,-6.686,-0.772,
1841832555775,GameRo,-0.078,0.772,-0.184,0.603
1841837881133,pre,999.610,,,
1841852425444,acc,-11.756,-8.348,-2.383,
1841852425444,Gyro,0.243,-0.008,-3.257,
1841852425444,Lacc,-3.166,-4.044,-0.402,
1841852425444,GameRo,-0.103,0.768,-0.205,0.597
1841862930082,pre,999.604,,,
1841872287300,acc,-11.525,-7.072,-1.812,
1841872287300,Gyro,0.442,0.005,-2.883,
1841872287300,Lacc,-3.209,-2.248,0.140,
1841872287300,GameRo,-0.124,0.764,-0.226,0.591
1841887978054,pre,999.616,,,
1841892164741,acc,-10.915,-6.260,-1.598,
1841892164741,Gyro,0.560,-0.175,-2.555,
1841892164741,Lacc,-2.860,-0.986,0.282,
1841892164741,GameRo,-0.141,0.759,-0.246,0.586
1841912034287,acc,-10.470,-4.950,-1.797,
1841912034287,Gyro,0.590,-0.337,-2.241,
1841912034287,Lacc,-2.658,0.714,-0.029,
1841912034287,GameRo,-0.155,0.752,-0.263,0.584
1841913038112,pre,999.610,,,
1841931903995,acc,-10.024,-3.551,-2.330,
1841931903995,Gyro,0.526,-0.396,-1.862,
1841931903995,Lacc,-2.427,2.435,-0.688,
1841931903995,GameRo,-0.168,0.745,-0.278,0.582
1841938098901,pre,999.620,,,
1841951773420,acc,-9.564,-2.642,-2.744,
1841951773420,Gyro,0.292,-0.368,-1.460,
1841951773420,Lacc,-2.111,3.543,-1.183,
1841951773420,GameRo,-0.178,0.740,-0.286,0.582
1841963146711,pre,999.656,,,
1841971643170,acc,-9.177,-2.411,-2.700,
1841971643170,Gyro,-0.062,-0.342,-1.099,
1841971643170,Lacc,-1.449,3.390,-1.011,
1841971643170,GameRo,-0.179,0.744,-0.256,0.590
1841988191875,pre,999.653,,,
1841991512880,acc,-8.853,-2.775,-2.279,
1841991512880,Gyro,-0.401,-0.237,-0.836,
1841991512880,Lacc,-1.125,3.019,-0.562,
1841991512880,GameRo,-0.186,0.744,-0.249,0.592
1842011382466,acc,-8.994,-2.963,-1.255,
1842011382466,Gyro,-0.382,0.030,-0.631,
1842011382466,Lacc,-1.248,2.801,0.483,
1842011382466,GameRo,-0.192,0.743,-0.242,0.594
1842013230448,pre,999.616,,,
1842031252054,acc,-9.307,-2.695,-0.659,
1842031252054,Gyro,-0.133,0.306,-0.392,
1842031252054,Lacc,-1.366,2.826,0.985,
1842031252054,GameRo,-0.190,0.740,-0.225,0.605
1842038258645,pre,999.616,,,
1842051121803,acc,-9.691,-2.404,-0.408,
1842051121803,Gyro,0.045,0.394,-0.056,
1842051121803,Lacc,-1.642,2.966,1.207,
1842051121803,GameRo,-0.187,0.740,-0.216,0.609
1842063331886,pre,999.644,,,
1842070991432,acc,-9.877,-2.416,-0.610,
1842070991432,Gyro,0.088,0.346,0.308,
1842070991432,Lacc,-1.780,2.873,1.034,
1842070991432,GameRo,-0.183,0.742,-0.213,0.609
1842088377376,pre,999.647,,,
1842090825130,acc,-10.002,-2.893,-0.880,
1842090825130,Gyro,0.020,0.248,0.624,
1842090825130,Lacc,-1.852,2.302,0.801,
1842090825130,GameRo,-0.178,0.744,-0.210,0.608
1842110705988,acc,-10.498,-3.823,-0.931,
1842110705988,Gyro,-0.058,0.093,0.903,
1842110705988,Lacc,-2.269,1.236,0.779,
1842110705988,GameRo,-0.172,0.747,-0.205,0.609
1842113423802,pre,999.626,,,
1842130600478,acc,-11.221,-5.627,-1.317,
1842130600478,Gyro,-0.042,-0.084,1.143,
1842130600478,Lacc,-2.884,-0.747,0.392,
1842130600478,GameRo,-0.164,0.748,-0.198,0.611
1842138471611,pre,999.641,,,
1842150446301,acc,-12.333,-7.410,-2.174,
1842150446301,Gyro,0.106,-0.072,1.381,
1842150446301,Lacc,-3.869,-2.746,-0.489,
1842150446301,GameRo,-0.155,0.750,-0.190,0.615
1842163519950,pre,999.677,,,
1842170339774,acc,-13.652,-8.602,-3.214,
1842170339774,Gyro,0.275,0.208,1.736,
1842170339774,Lacc,-5.047,-4.201,-1.534,
1842170339774,GameRo,-0.141,0.752,-0.182,0.617
1842188567881,pre,999.674,,,
1842190209280,acc,-14.374,-9.556,-3.524,
1842190209280,Gyro,0.211,0.444,2.207,
1842190209280,Lacc,-5.611,-5.499,-1.799,
1842190209280,GameRo,-0.123,0.757,-0.172,0.618
1842210032440,acc,-14.102,-10.416,-2.753,
1842210032440,Gyro,-0.155,0.373,2.609,
1842210032440,Lacc,-5.163,-6.799,-0.948,
1842210032440,GameRo,-0.104,0.762,-0.157,0.619
1842213590626,pre,999.632,,,
1842229949553,acc,-13.787,-10.728,-1.205,
1842229949553,Gyro,-0.462,-0.046,2.937,
1842229949553,Lacc,-4.665,-7.633,0.649,
1842229949553,GameRo,-0.085,0.766,-0.137,0.622
1842238663623,pre,999.625,,,
1842249818245,acc,-14.541,-13.571,-1.150,
1842249818245,Gyro,-0.515,-0.526,3.419,
1842249818245,Lacc,-5.224,-11.088,0.661,
1842249818245,GameRo,-0.064,0.767,-0.113,0.628
1842263685757,pre,999.650,,,
1842269687995,acc,-13.429,-16.316,-1.671,
1842269687995,Gyro,-0.272,-0.773,3.716,
1842269687995,Lacc,-3.931,-14.533,0.018,
1842269687995,GameRo,-0.039,0.765,-0.086,0.638
1842289533533,acc,-11.918,-16.526,-2.521,
1842289533533,Gyro,0.193,-0.648,3.649,
1842289533533,Lacc,-2.291,-15.445,-0.976,
1842289533533,GameRo,-0.011,0.761,-0.063,0.646
1842288759364,pre,999.650,,,
1842309427088,acc,-10.703,-15.009,-3.086,
1842309427088,Gyro,0.462,-0.294,3.475,
1842309427088,Lacc,-1.011,-14.587,-1.625,
1842309427088,GameRo,0.018,0.758,-0.044,0.651
1842313807173,pre,999.641,,,
1842329296756,acc,-10.804,-13.707,-2.772,
1842329296756,Gyro,0.389,-0.026,3.489,
1842329296756,Lacc,-1.104,-13.930,-1.326,
1842329296756,GameRo,0.046,0.756,-0.025,0.652
1842338839074,pre,999.671,,,
1842349144818,acc,-10.885,-14.287,-2.087,
1842349144818,Gyro,0.181,-0.035,3.682,
1842349144818,Lacc,-1.225,-15.195,-0.638,
1842349144818,GameRo,0.075,0.754,-0.003,0.653
1842363900758,pre,999.662,,,
1842369036174,acc,-10.067,-15.050,-1.559,
1842369036174,Gyro,-0.039,-0.229,3.800,
1842369036174,Lacc,-0.498,-16.676,-0.137,
1842369036174,GameRo,0.103,0.750,0.021,0.654
1842388905965,acc,-8.262,-14.904,-1.355,
1842388905965,Gyro,-0.173,-0.529,3.690,
1842388905965,Lacc,1.172,-17.239,-0.022,
1842388905965,GameRo,0.130,0.742,0.045,0.656
1842388967163,pre,999.595,,,
1842408775959,acc,-6.394,-13.899,-1.574,
1842408775959,Gyro,-0.222,-0.607,3.393,
1842408775959,Lacc,2.872,-16.885,-0.369,
1842408775959,GameRo,0.155,0.733,0.069,0.659
1842413980752,pre,999.574,,,
1842428644813,acc,-5.118,-12.375,-1.559,
1842428644813,Gyro,-0.210,-0.498,3.127,
1842428644813,Lacc,3.956,-15.942,-0.468,
1842428644813,GameRo,0.177,0.724,0.090,0.661
1842439053261,pre,999.632,,,
1842448514604,acc,-3.822,-10.937,-1.009,
1842448514604,Gyro,-0.133,-0.390,2.978,
1842448514604,Lacc,5.032,-15.038,-0.004,
1842448514604,GameRo,0.197,0.716,0.110,0.661
1842468363439,acc,-2.200,-9.873,-0.389,
1842468363439,Gyro,0.060,-0.314,2.798,
1842468363439,Lacc,6.571,-14.162,0.567,
1842468363439,GameRo,0.208,0.711,0.114,0.662
1842464075883,pre,999.650,,,
1842488230626,acc,-0.590,-8.959,-0.422,
1842488230626,Gyro,0.314,-0.229,2.497,
1842488230626,Lacc,7.959,-13.679,0.512,
1842488230626,GameRo,0.228,0.704,0.128,0.660
1842489122716,pre,999.622,,,
1842508123894,acc,0.303,-7.878,-0.548,
1842508123894,Gyro,0.511,-0.105,2.163,
1842508123894,Lacc,8.637,-12.963,0.407,
1842508123894,GameRo,0.246,0.699,0.139,0.657
1842514169426,pre,999.632,,,
1842527968091,acc,1.153,-7.238,-0.800,
1842527968091,Gyro,0.592,-0.095,1.892,
1842527968091,Lacc,9.285,-12.631,0.207,
1842527968091,GameRo,0.264,0.694,0.148,0.653
1842539243115,pre,999.662,,,
1842547835603,acc,1.991,-7.694,-1.392,
1842547835603,Gyro,0.457,-0.223,1.564,
1842547835603,Lacc,9.944,-13.342,-0.353,
1842547835603,GameRo,0.279,0.689,0.154,0.651
1842564250641,pre,999.662,,,
1842567732534,acc,2.462,-8.221,-1.878,
1842567732534,Gyro,0.244,-0.285,1.082,
1842567732534,Lacc,10.280,-14.057,-0.848,
1842567732534,GameRo,0.290,0.684,0.159,0.650
1842587596343,acc,2.364,-8.397,-2.171,
1842587596343,Gyro,0.078,-0.148,0.457,
1842587596343,Lacc,10.115,-14.323,-1.154,
1842587596343,GameRo,0.296,0.682,0.161,0.650
1842589319122,pre,999.650,,,
1842607472155,acc,1.416,-7.629,-1.584,
1842607472155,Gyro,-0.016,0.044,-0.059,
1842607472155,Lacc,9.162,-13.563,-0.569,
1842607472155,GameRo,0.296,0.681,0.162,0.650
1842614386910,pre,999.650,,,
1842627307401,acc,0.613,-7.048,-0.966,
1842627307401,Gyro,-0.018,0.180,-0.448,
1842627307401,Lacc,8.399,-12.925,0.071,
1842627307401,GameRo,0.293,0.683,0.160,0.649
1842639444282,pre,999.638,,,
1842647174261,acc,-0.131,-6.954,-0.716,
1842647174261,Gyro,-0.015,0.260,-0.757,
1842647174261,Lacc,7.730,-12.723,0.358,
1842647174261,GameRo,0.288,0.687,0.156,0.649
1842664467555,pre,999.622,,,
1842667055405,acc,-0.757,-7.433,-0.691,
1842667055405,Gyro,0.007,0.322,-1.033,
1842667055405,Lacc,7.208,-13.048,0.432,
1842667055405,GameRo,0.281,0.692,0.151,0.648
1842686951074,acc,-1.190,-8.505,-1.056,
1842686951074,Gyro,-0.023,0.373,-1.386,
1842686951074,Lacc,6.908,-13.914,0.125,
1842686951074,GameRo,0.271,0.697,0.143,0.648
1842689516992,pre,999.616,,,
1842706820580,acc,-1.985,-9.908,-1.294,
1842706820580,Gyro,-0.078,0.381,-1.828,
1842706820580,Lacc,6.408,-14.825,-0.020,
1842706820580,GameRo,0.252,0.708,0.123,0.648
1842714565859,pre,999.632,,,
1842726664736,acc,-3.157,-11.136,-1.565,
1842726664736,Gyro,-0.075,0.387,-2.339,
1842726664736,Lacc,5.432,-15.683,-0.233,
1842726664736,GameRo,0.236,0.716,0.110,0.648
1842739641583,pre,999.656,,,
1842746559673,acc,-4.893,-11.738,-2.097,
1842746559673,Gyro,-0.106,0.386,-2.797,
1842746559673,Lacc,3.919,-15.817,-0.704,
1842746559673,GameRo,0.216,0.724,0.094,0.648
1842764691833,pre,999.674,,,
1842766429056,acc,-6.458,-12.044,-2.437,
1842766429056,Gyro,-0.197,0.339,-3.107,
1842766429056,Lacc,2.576,-15.586,-0.992,
1842766429056,GameRo,0.192,0.733,0.076,0.649
1842786298521,acc,-7.917,-12.762,-2.532,
1842786298521,Gyro,-0.234,0.320,-3.410,
1842786298521,Lacc,1.323,-15.702,-1.044,
1842786298521,GameRo,0.166,0.740,0.057,0.649
1842789743549,pre,999.665,,,
1842806168638,acc,-10.563,-14.583,-3.572,
1842806168638,Gyro,-0.164,0.332,-3.515,
1842806168638,Lacc,-1.148,-16.869,-2.034,
1842806168638,GameRo,0.138,0.748,0.036,0.648
1842814801002,pre,999.644,,,
1842826038062,acc,-11.609,-16.616,-5.369,
1842826038062,Gyro,-0.283,0.493,-3.606,
1842826038062,Lacc,-2.068,-18.231,-3.759,
1842826038062,GameRo,0.110,0.755,0.015,0.646
1842839826229,pre,999.638,,,
1842845907690,acc,-12.107,-16.970,-5.498,
1842845907690,Gyro,-0.613,0.763,-3.846,
1842845907690,Lacc,-2.493,-17.883,-3.771,
1842845907690,GameRo,0.079,0.763,-0.005,0.642
1842865767511,acc,-13.155,-15.917,-3.809,
1842865767511,Gyro,-0.785,0.903,-4.078,
1842865767511,Lacc,-3.531,-16.083,-1.917,
1842865767511,GameRo,0.043,0.771,-0.025,0.635
1842864892633,pre,999.656,,,
1842885646946,acc,-14.078,-14.419,-2.064,
1842885646946,Gyro,-0.767,0.675,-4.152,
1842885646946,Lacc,-4.503,-13.818,-0.015,
1842885646946,GameRo,0.006,0.777,-0.045,0.627
1842889939914,pre,999.680,,,
1842905516858,acc,-14.603,-13.415,-1.349,
1842905516858,Gyro,-0.555,0.222,-4.040,
1842905516858,Lacc,-5.123,-12.059,0.782,
1842905516858,GameRo,-0.029,0.780,-0.065,0.622
1842914963757,pre,999.693,,,
1842925386039,acc,-14.678,-12.862,-1.870,
1842925386039,Gyro,-0.246,-0.176,-3.913,
1842925386039,Lacc,-5.331,-10.778,0.259,
1842925386039,GameRo,-0.062,0.778,-0.087,0.620
1842940036428,pre,999.702,,,
1842945229991,acc,-14.515,-11.250,-2.613,
1842945229991,Gyro,-0.132,-0.444,-3.722,
1842945229991,Lacc,-5.336,-8.471,-0.550,
1842945229991,GameRo,-0.093,0.772,-0.109,0.619
1842965085580,acc,-13.871,-8.880,-2.494,
1842965085580,Gyro,-0.174,-0.443,-3.346,
1842965085580,Lacc,-4.887,-5.476,-0.509,
1842965085580,GameRo,-0.121,0.766,-0.129,0.618
1842965102670,pre,999.705,,,
1842984995288,acc,-13.178,-6.463,-1.500,
1842984995288,Gyro,-0.227,-0.476,-2.845,
1842984995288,Lacc,-4.397,-2.532,0.421,
1842984995288,GameRo,-0.146,0.759,-0.145,0.617
1842990131478,pre,999.708,,,
1843004864997,acc,-12.350,-4.373,-0.882,
1843004864997,Gyro,-0.097,-0.546,-2.221,
1843004864997,Lacc,-3.749,-0.031,0.963,
1843004864997,GameRo,-0.166,0.753,-0.158,0.617
1843015157477,pre,999.693,,,
1843024734219,acc,-10.980,-3.323,-1.086,
1843024734219,Gyro,0.121,-0.633,-1.599,
1843024734219,Lacc,-2.515,1.322,0.650,
1843024734219,GameRo,-0.180,0.746,-0.168,0.619
1843040206630,pre,999.662,,,
1843044588709,acc,-9.211,-3.154,-1.567,
1843044588709,Gyro,0.221,-0.716,-1.158,
1843044588709,Lacc,-0.661,1.395,-0.005,
1843044588709,GameRo,-0.178,0.740,-0.162,0.628
1843064443404,acc,-7.712,-2.952,-2.042,
1843064443404,Gyro,0.186,-0.687,-0.959,
1843064443404,Lacc,0.769,1.769,-0.621,
1843064443404,GameRo,-0.185,0.734,-0.168,0.632
1843065255822,pre,999.629,,,
1843084324262,acc,-7.028,-2.698,-2.019,
1843084324262,Gyro,0.023,-0.561,-0.913,
1843084324262,Lacc,1.383,2.178,-0.707,
1843084324262,GameRo,-0.192,0.728,-0.174,0.635
1843090334150,pre,999.635,,,
1843104187543,acc,-7.111,-2.536,-1.660,
1843104187543,Gyro,-0.186,-0.347,-0.870,
1843104187543,Lacc,1.224,2.484,-0.407,
1843104187543,GameRo,-0.200,0.724,-0.177,0.636
1843115397095,pre,999.656,,,
1843124076010,acc,-7.410,-2.542,-0.870,
1843124076010,Gyro,-0.085,0.093,-0.752,
1843124076010,Lacc,0.847,2.603,0.388,
1843124076010,GameRo,-0.207,0.722,-0.181,0.635
1843140400838,pre,999.659,,,
1843143951863,acc,-7.875,-2.742,-0.517,
1843143951863,Gyro,0.295,0.671,-0.549,
1843143951863,Lacc,0.306,2.508,0.803,
1843143951863,GameRo,-0.210,0.723,-0.187,0.631
1843163796507,acc,-8.456,-2.897,-0.738,
1843163796507,Gyro,0.647,1.191,-0.309,
1843163796507,Lacc,-0.342,2.427,0.694,
1843163796507,GameRo,-0.207,0.728,-0.195,0.624
1843165448648,pre,999.662,,,
1843183665728,acc,-9.092,-2.981,-1.077,
1843183665728,Gyro,0.715,1.432,-0.048,
1843183665728,Lacc,-0.905,2.201,0.455,
1843183665728,GameRo,-0.194,0.735,-0.195,0.619
1843190523190,pre,999.671,,,
1843203560625,acc,-9.664,-3.593,-0.943,
1843203560625,Gyro,0.507,1.344,0.203,
1843203560625,Lacc,-1.497,1.572,0.751,
1843203560625,GameRo,-0.187,0.743,-0.201,0.611
1843215532833,pre,999.656,,,
1843223405187,acc,-10.163,-4.410,-0.701,
1843223405187,Gyro,0.155,1.015,0.482,
1843223405187,Lacc,-1.997,0.701,1.149,
1843223405187,GameRo,-0.180,0.750,-0.203,0.604
1843240618158,pre,999.635,,,
1843243300084,acc,-10.734,-5.811,-0.417,
1843243300084,Gyro,-0.106,0.640,0.774,
1843243300084,Lacc,-2.527,-0.815,1.560,
1843243300084,GameRo,-0.173,0.755,-0.200,0.600
1843263169589,acc,-11.503,-7.014,-0.313,
1843263169589,Gyro,-0.124,0.345,1.092,
1843263169589,Lacc,-3.217,-2.185,1.748,
1843263169589,GameRo,-0.166,0.760,-0.193,0.598
1843265668166,pre,999.647,,,
1843283020784,acc,-12.125,-7.814,-0.621,
1843283020784,Gyro,0.068,0.149,1.460,
1843283020784,Lacc,-3.721,-3.207,1.469,
1843283020784,GameRo,-0.156,0.763,-0.185,0.599
1843290715486,pre,999.689,,,
1843302909049,acc,-12.333,-8.826,-1.295,
1843302909049,Gyro,0.183,0.009,1.833,
1843302909049,Lacc,-3.778,-4.501,0.789,
1843302909049,GameRo,-0.142,0.766,-0.177,0.602
1843315737540,pre,999.711,,,
1843322778432,acc,-11.984,-9.795,-1.716,
1843322778432,Gyro,0.155,-0.136,2.111,
1843322778432,Lacc,-3.258,-5.812,0.337,
1843322778432,GameRo,-0.125,0.767,-0.166,0.607
1843340812285,pre,999.696,,,
1843342648101,acc,-12.024,-10.214,-1.755,
1843342648101,Gyro,0.076,-0.315,2.341,
1843342648101,Lacc,-3.118,-6.622,0.245,
1843342648101,GameRo,-0.108,0.768,-0.153,0.612
1843362517728,acc,-13.701,-11.839,-2.750,
1843362517728,Gyro,0.003,-0.457,2.850,
1843362517728,Lacc,-4.602,-8.716,-0.827,
1843362517728,GameRo,-0.088,0.768,-0.136,0.619
1843365862171,pre,999.680,,,
1843382362251,acc,-13.882,-15.379,-3.846,
1843382362251,Gyro,-0.091,-0.547,3.369,
1843382362251,Lacc,-4.581,-12.850,-2.019,
1843382362251,GameRo,-0.064,0.767,-0.115,0.627
1843390919338,pre,999.680,,,
1843402232245,acc,-12.146,-17.314,-4.206,
1843402232245,Gyro,-0.014,-0.381,3.315,
1843402232245,Lacc,-2.679,-15.423,-2.464,
1843402232245,GameRo,-0.039,0.766,-0.093,0.634
1843415929835,pre,999.674,,,
1843422120346,acc,-10.866,-15.699,-4.028,
1843422120346,Gyro,0.074,-0.041,3.000,
1843422120346,Lacc,-1.297,-14.382,-2.314,
1843422120346,GameRo,-0.016,0.766,-0.074,0.638
1843441965763,acc,-10.781,-13.389,-2.962,
1843441965763,Gyro,-0.027,0.053,3.057,
1843441965763,Lacc,-1.154,-12.633,-1.234,
1843441965763,GameRo,0.007,0.767,-0.056,0.639
1843440999658,pre,999.644,,,
1843461840517,acc,-10.394,-13.431,-1.927,
1843461840517,Gyro,-0.216,-0.141,3.423,
1843461840517,Lacc,-0.736,-13.305,-0.208,
1843461840517,GameRo,0.031,0.766,-0.034,0.641
1843466046003,pre,999.598,,,
1843481723777,acc,-8.774,-15.082,-1.737,
1843481723777,Gyro,-0.201,-0.339,3.692,
1843481723777,Lacc,0.877,-15.658,-0.077,
1843481723777,GameRo,0.057,0.762,-0.009,0.644
1843491067201,pre,999.592,,,
1843501605164,acc,-6.585,-16.105,-2.284,
1843501605164,Gyro,-0.009,-0.278,3.621,
1843501605164,Lacc,3.009,-17.387,-0.692,
1843501605164,GameRo,0.084,0.758,0.015,0.647
1843516141988,pre,999.607,,,
1843521474874,acc,-4.655,-15.563,-2.481,
1843521474874,Gyro,0.221,0.080,3.205,
1843521474874,Lacc,4.836,-17.471,-0.894,
1843521474874,GameRo,0.110,0.754,0.035,0.646
1843541319110,acc,-3.814,-12.950,-1.500,
1843541319110,Gyro,0.413,0.421,2.808,
1843541319110,Lacc,5.542,-15.383,0.167,
1843541319110,GameRo,0.134,0.753,0.051,0.642
1843541188983,pre,999.628,,,
1843561187477,acc,-3.295,-10.644,-0.433,
1843561187477,Gyro,0.548,0.490,2.629,
1843561187477,Lacc,5.905,-13.542,1.358,
1843561187477,GameRo,0.156,0.753,0.064,0.636
1843566242449,pre,999.641,,,
1843581083594,acc,-2.268,-9.574,0.060,
1843581083594,Gyro,0.593,0.291,2.448,
1843581083594,Lacc,7.303,-10.895,1.756,
1843581083594,GameRo,0.113,0.757,-0.007,0.643
1843591308854,pre,999.631,,,
1843600953263,acc,-0.594,-8.611,-0.195,
1843600953263,Gyro,0.543,-0.075,2.164,
1843600953263,Lacc,8.908,-10.336,1.529,
1843600953263,GameRo,0.133,0.755,0.003,0.642
1843616314753,pre,999.622,,,
1843620822931,acc,0.910,-7.824,-0.701,
1843620822931,Gyro,0.405,-0.460,1.790,
1843620822931,Lacc,10.352,-9.889,0.975,
1843620822931,GameRo,0.150,0.750,0.011,0.644
1843640692640,acc,1.667,-7.174,-1.390,
1843640692640,Gyro,0.235,-0.703,1.385,
1843640692640,Lacc,11.066,-9.506,0.179,
1843640692640,GameRo,0.163,0.744,0.018,0.648
1843641368787,pre,999.653,,,
1843660562757,acc,1.436,-6.723,-1.750,
1843660562757,Gyro,0.102,-0.747,1.064,
1843660562757,Lacc,10.803,-9.258,-0.315,
1843660562757,GameRo,0.172,0.737,0.023,0.653
1843666404146,pre,999.686,,,
1843680431692,acc,0.995,-6.553,-1.935,
1843680431692,Gyro,0.021,-0.652,0.903,
1843680431692,Lacc,10.334,-9.254,-0.626,
1843680431692,GameRo,0.179,0.731,0.027,0.658
1843691478119,pre,999.693,,,
1843700301321,acc,0.981,-7.197,-2.155,
1843700301321,Gyro,-0.150,-0.494,0.750,
1843700301321,Lacc,10.291,-10.044,-0.946,
1843700301321,GameRo,0.184,0.726,0.032,0.661
1843716525807,pre,999.674,,,
1843720170907,acc,1.653,-7.846,-2.108,
1843720170907,Gyro,-0.393,-0.321,0.434,
1843720170907,Lacc,10.940,-10.800,-0.985,
1843720170907,GameRo,0.186,0.723,0.037,0.664
1843740003874,acc,1.686,-8.053,-1.359,
1843740003874,Gyro,-0.566,-0.206,-0.010,
1843740003874,Lacc,10.971,-11.036,-0.307,
1843740003874,GameRo,0.183,0.721,0.041,0.667
1843741548185,pre,999.665,,,
1843759910896,acc,1.037,-7.988,-0.789,
1843759910896,Gyro,-0.557,-0.107,-0.412,
1843759910896,Lacc,10.345,-10.923,0.203,
1843759910896,GameRo,0.177,0.721,0.043,0.669
1843766599982,pre,999.659,,,
1843779779832,acc,0.207,-8.349,-0.579,
1843779779832,Gyro,-0.438,0.051,-0.772,
1843779779832,Lacc,9.555,-11.163,0.386,
1843779779832,GameRo,0.169,0.722,0.042,0.670
1843791668787,pre,999.656,,,
1843799624761,acc,-0.536,-9.120,-0.503,
1843799624761,Gyro,-0.305,0.178,-1.171,
1843799624761,Lacc,8.878,-11.699,0.477,
1843799624761,GameRo,0.157,0.725,0.036,0.670
1843816713790,pre,999.662,,,
1843819519128,acc,-1.394,-9.948,-0.494,
1843819519128,Gyro,-0.208,0.211,-1.628,
1843819519128,Lacc,8.207,-11.673,0.548,
1843819519128,GameRo,0.121,0.734,0.010,0.668
1843839388797,acc,-2.492,-10.637,-0.850,
1843839388797,Gyro,-0.088,0.249,-2.068,
1843839388797,Lacc,7.164,-11.988,0.232,
1843839388797,GameRo,0.105,0.738,-0.002,0.667
1843841759808,pre,999.671,,,
1843859258302,acc,-4.070,-11.329,-1.506,
1843859258302,Gyro,-0.013,0.301,-2.476,
1843859258302,Lacc,5.632,-12.220,-0.367,
1843859258302,GameRo,0.088,0.742,-0.017,0.665
1843866782757,pre,999.674,,,
1843879102865,acc,-5.710,-11.958,-2.066,
1843879102865,Gyro,-0.117,0.212,-2.773,
1843879102865,Lacc,4.021,-12.323,-0.875,
1843879102865,GameRo,0.067,0.746,-0.034,0.662
1843891853434,pre,999.662,,,
1843898979858,acc,-7.035,-13.060,-2.339,
1843898979858,Gyro,-0.236,0.101,-3.098,
1843898979858,Lacc,2.697,-12.848,-1.122,
1843898979858,GameRo,0.043,0.748,-0.053,0.660
1843916901610,pre,999.650,,,
1843918841307,acc,-8.691,-13.246,-2.346,
1843918841307,Gyro,-0.193,0.022,-3.460,
1843918841307,Lacc,1.004,-12.384,-1.120,
1843918841307,GameRo,0.016,0.750,-0.073,0.657
1843938735064,acc,-11.672,-14.210,-3.514,
1843938735064,Gyro,-0.105,0.043,-3.377,
1843938735064,Lacc,-2.062,-12.676,-2.276,
1843938735064,GameRo,-0.011,0.750,-0.095,0.654
1843941946408,pre,999.653,,,
1843958606644,acc,-12.182,-16.588,-4.785,
1843958606644,Gyro,-0.359,0.012,-3.185,
1843958606644,Lacc,-2.690,-14.448,-3.536,
1843958606644,GameRo,-0.036,0.750,-0.114,0.651
1843966969193,pre,999.659,,,
1843978465978,acc,-11.701,-16.181,-4.074,
1843978465978,Gyro,-0.707,0.166,-3.255,
1843978465978,Lacc,-2.368,-13.452,-2.776,
1843978465978,GameRo,-0.064,0.750,-0.130,0.646
1843992040684,pre,999.656,,,
1843998321364,acc,-11.957,-14.431,-2.415,
1843998321364,Gyro,-0.711,0.393,-3.378,
1843998321364,Lacc,-2.835,-11.106,-1.012,
1843998321364,GameRo,-0.094,0.750,-0.146,0.638
1844018190667,acc,-12.584,-12.046,-0.767,
1844018190667,Gyro,-0.482,0.445,-3.315,
1844018190667,Lacc,-3.720,-8.130,0.762,
1844018190667,GameRo,-0.122,0.750,-0.164,0.629
1844017088331,pre,999.674,,,
1844038084953,acc,-12.858,-10.981,-0.313,
1844038084953,Gyro,-0.173,0.189,-2.988,
1844038084953,Lacc,-4.262,-6.532,1.289,
1844038084953,GameRo,-0.146,0.749,-0.182,0.621
1844042134229,pre,999.693,,,
1844057954622,acc,-12.410,-11.427,-1.114,
1844057954622,Gyro,-0.012,-0.142,-2.674,
1844057954622,Lacc,-4.070,-6.514,0.482,
1844057954622,GameRo,-0.167,0.744,-0.199,0.616
1844067180573,pre,999.683,,,
1844077800038,acc,-11.721,-10.821,-1.814,
1844077800038,Gyro,0.055,-0.256,-2.467,
1844077800038,Lacc,-3.629,-5.496,-0.266,
1844077800038,GameRo,-0.186,0.738,-0.214,0.613
1844092228383,pre,999.659,,,
1844097693755,acc,-10.943,-9.048,-1.797,
1844097693755,Gyro,0.114,-0.149,-2.302,
1844097693755,Lacc,-3.103,-3.346,-0.292,
1844097693755,GameRo,-0.203,0.732,-0.228,0.609
1844117546171,acc,-10.542,-6.787,-1.037,
1844117546171,Gyro,0.111,-0.096,-2.033,
1844117546171,Lacc,-2.949,-0.754,0.440,
1844117546171,GameRo,-0.217,0.727,-0.242,0.605
1844117276151,pre,999.650,,,
1844137433051,acc,-10.051,-5.032,0.057,
1844137433051,Gyro,0.119,-0.332,-1.604,
1844137433051,Lacc,-2.665,1.264,1.488,
1844137433051,GameRo,-0.230,0.721,-0.253,0.603
1844142325670,pre,999.653,,,
1844157302639,acc,-9.176,-4.174,0.571,
1844157302639,Gyro,0.211,-0.708,-1.175,
1844157302639,Lacc,-1.819,2.207,1.756,
1844157302639,GameRo,-0.226,0.714,-0.263,0.609
1844167349431,pre,999.656,,,
1844177147730,acc,-8.210,-3.933,0.305,
1844177147730,Gyro,0.334,-1.092,-0.930,
1844177147730,Lacc,-0.948,2.588,1.301,
1844177147730,GameRo,-0.233,0.705,-0.269,0.614
1844192415226,pre,999.665,,,
1844197042261,acc,-7.570,-3.904,-0.707,
1844197042261,Gyro,0.354,-1.290,-0.845,
1844197042261,Lacc,-0.396,2.743,0.059,
1844197042261,GameRo,-0.240,0.694,-0.273,0.621
1844216911481,acc,-7.543,-3.146,-1.700,
1844216911481,Gyro,0.269,-1.213,-0.765,
1844216911481,Lacc,-0.458,3.617,-1.155,
1844216911481,GameRo,-0.247,0.683,-0.277,0.629
1844217440778,pre,999.677,,,
1844236761700,acc,-7.718,-2.418,-1.943,
1844236761700,Gyro,0.074,-0.975,-0.551,
1844236761700,Lacc,-0.707,4.433,-1.565,
1844236761700,GameRo,-0.253,0.675,-0.279,0.635
1844242487815,pre,999.677,,,
1844256650533,acc,-7.949,-2.428,-1.395,
1844256650533,Gyro,-0.152,-0.755,-0.313,
1844256650533,Lacc,-0.982,4.473,-1.115,
1844256650533,GameRo,-0.259,0.669,-0.279,0.639
1844267535990,pre,999.662,,,
1844276520609,acc,-8.125,-2.751,-0.575,
1844276520609,Gyro,-0.327,-0.649,-0.126,
1844276520609,Lacc,-1.176,4.170,-0.347,
1844276520609,GameRo,-0.263,0.665,-0.276,0.642
1844292606953,pre,999.650,,,
1844296390196,acc,-8.160,-3.223,-0.090,
1844296390196,Gyro,-0.401,-0.527,0.023,
1844296390196,Lacc,-1.210,3.698,0.111,
1844296390196,GameRo,-0.267,0.662,-0.272,0.645
1844316259905,acc,-8.214,-3.712,0.156,
1844316259905,Gyro,-0.371,-0.274,0.161,
1844316259905,Lacc,-1.239,3.184,0.358,
1844316259905,GameRo,-0.270,0.661,-0.268,0.647
1844317627581,pre,999.668,,,
1844336129208,acc,-8.805,-3.757,0.458,
1844336129208,Gyro,-0.222,0.120,0.342,
1844336129208,Lacc,-1.603,2.902,0.632,
1844336129208,GameRo,-0.258,0.665,-0.258,0.652
1844342700415,pre,999.690,,,
1844355982803,acc,-9.524,-3.824,0.702,
1844355982803,Gyro,-0.009,0.491,0.651,
1844355982803,Lacc,-2.213,2.714,0.923,
1844355982803,GameRo,-0.251,0.670,-0.254,0.651
1844367721328,pre,999.680,,,
1844375868667,acc,-9.909,-4.913,0.856,
1844375868667,Gyro,0.110,0.723,0.944,
1844375868667,Lacc,-2.489,1.497,1.165,
1844375868667,GameRo,-0.243,0.676,-0.250,0.649
1844392794488,pre,999.662,,,
1844395738172,acc,-10.396,-6.238,1.244,
1844395738172,Gyro,0.196,0.711,1.152,
1844395738172,Lacc,-2.842,0.008,1.643,
1844395738172,GameRo,-0.232,0.683,-0.246,0.647
1844415607760,acc,-11.141,-7.502,0.914,
1844415607760,Gyro,0.271,0.520,1.301,
1844415607760,Lacc,-3.438,-1.444,1.371,
1844415607760,GameRo,-0.220,0.689,-0.241,0.647
1844417842338,pre,999.662,,,
1844435477509,acc,-11.675,-8.312,-0.195,
1844435477509,Gyro,0.232,0.393,1.521,
1844435477509,Lacc,-3.806,-2.474,0.292,
1844435477509,GameRo,-0.208,0.694,-0.235,0.648
1844442890066,pre,999.653,,,
1844455346772,acc,-12.252,-9.417,-0.847,
1844455346772,Gyro,0.172,0.466,1.807,
1844455346772,Lacc,-4.193,-3.848,-0.314,
1844455346772,GameRo,-0.194,0.700,-0.226,0.650
1844467917490,pre,999.650,,,
1844475216887,acc,-12.512,-9.728,-0.285,
1844475216887,Gyro,0.303,0.575,2.075,
1844475216887,Lacc,-4.246,-4.480,0.313,
1844475216887,GameRo,-0.177,0.706,-0.215,0.650
1844492983122,pre,999.677,,,
1844495086026,acc,-12.801,-9.362,0.017,
1844495086026,Gyro,0.545,0.574,2.398,
1844495086026,Lacc,-4.313,-4.487,0.665,
1844495086026,GameRo,-0.157,0.713,-0.205,0.652
1844514955940,acc,-13.700,-11.420,-0.643,
1844514955940,Gyro,0.643,0.492,2.859,
1844514955940,Lacc,-4.969,-6.999,0.038,
1844514955940,GameRo,-0.132,0.719,-0.193,0.654
1844518007453,pre,999.702,,,
1844534825364,acc,-12.958,-13.771,-1.692,
1844534825364,Gyro,0.559,0.256,3.048,
1844534825364,Lacc,-3.981,-9.875,-1.003,
1844534825364,GameRo,-0.106,0.724,-0.178,0.658
1844543078130,pre,999.683,,,
1844554695236,acc,-12.481,-13.377,-2.529,
1844554695236,Gyro,0.569,0.315,3.126,
1844554695236,Lacc,-3.287,-10.027,-1.837,
1844554695236,GameRo,-0.080,0.727,-0.162,0.662
1844568138309,pre,999.656,,,
1844574568241,acc,-12.449,-12.336,-2.221,
1844574568241,Gyro,0.834,0.662,3.437,
1844574568241,Lacc,-3.063,-9.583,-1.471,
1844574568241,GameRo,-0.051,0.732,-0.146,0.664
1844594400231,acc,-11.987,-12.810,-1.147,
1844594400231,Gyro,0.950,0.674,3.760,
1844594400231,Lacc,-2.438,-10.730,-0.300,
1844594400231,GameRo,-0.017,0.737,-0.129,0.664
1844593173546,pre,999.644,,,
1844614290895,acc,-10.734,-14.380,-0.783,
1844614290895,Gyro,0.744,0.148,3.841,
1844614290895,Lacc,-1.060,-13.019,0.105,
1844614290895,GameRo,0.017,0.738,-0.110,0.665
1844618193849,pre,999.632,,,
1844634151652,acc,-8.771,-15.559,-1.576,
1844634151652,Gyro,0.360,-0.372,3.522,
1844634151652,Lacc,0.981,-14.892,-0.745,
1844634151652,GameRo,0.047,0.735,-0.089,0.671
1844643265747,pre,999.619,,,
1844654007853,acc,-7.287,-14.977,-1.993,
1844654007853,Gyro,0.058,-0.538,3.031,
1844654007853,Lacc,2.496,-14.920,-1.271,
1844654007853,GameRo,0.070,0.729,-0.069,0.677
1844668289183,pre,999.625,,,
1844673912758,acc,-6.432,-13.104,-1.456,
1844673912758,Gyro,-0.008,-0.379,2.666,
1844673912758,Lacc,3.346,-13.571,-0.820,
1844673912758,GameRo,0.089,0.724,-0.051,0.682
1844693782061,acc,-5.634,-11.577,-0.450,
1844693782061,Gyro,0.096,-0.266,2.510,
1844693782061,Lacc,4.113,-12.529,0.132,
1844693782061,GameRo,0.107,0.720,-0.035,0.685
1844693359128,pre,999.616,,,
1844713652177,acc,-4.113,-10.135,0.131,
1844713652177,Gyro,0.261,-0.232,2.386,
1844713652177,Lacc,5.580,-11.546,0.673,
1844713652177,GameRo,0.126,0.715,-0.020,0.687
1844718384883,pre,999.607,,,
1844733521195,acc,-2.258,-9.015,0.066,
1844733521195,Gyro,0.380,-0.277,2.187,
1844733521195,Lacc,7.392,-10.704,0.573,
1844733521195,GameRo,0.138,0.712,-0.012,0.688
1844743453282,pre,999.638,,,
1844753390944,acc,-0.421,-8.325,-0.278,
1844753390944,Gyro,0.409,-0.282,1.829,
1844753390944,Lacc,9.161,-10.377,0.190,
1844753390944,GameRo,0.154,0.707,-0.002,0.690
1844768479200,pre,999.690,,,
1844773260735,acc,0.388,-7.367,-0.374,
1844773260735,Gyro,0.452,-0.242,1.470,
1844773260735,Lacc,9.905,-9.703,0.064,
1844773260735,GameRo,0.167,0.703,0.005,0.691
1844793130159,acc,0.916,-6.561,-0.551,
1844793130159,Gyro,0.494,-0.223,1.228,
1844793130159,Lacc,10.375,-9.128,-0.129,
1844793130159,GameRo,0.179,0.700,0.010,0.692
1844793530835,pre,999.702,,,
1844813000519,acc,1.399,-6.550,-0.966,
1844813000519,Gyro,0.407,-0.259,1.016,
1844813000519,Lacc,10.804,-9.310,-0.562,
1844813000519,GameRo,0.190,0.696,0.013,0.692
1844818572500,pre,999.668,,,
1844832869374,acc,1.558,-6.933,-1.325,
1844832869374,Gyro,0.217,-0.281,0.708,
1844832869374,Lacc,10.922,-9.836,-0.957,
1844832869374,GameRo,0.197,0.693,0.016,0.694
1844843673125,pre,999.662,,,
1844852738880,acc,1.273,-7.205,-1.568,
1844852738880,Gyro,0.038,-0.135,0.312,
1844852738880,Lacc,10.614,-10.183,-1.232,
1844852738880,GameRo,0.200,0.691,0.018,0.695
1844868693021,pre,999.687,,,
1844872585396,acc,0.729,-7.065,-1.112,
1844872585396,Gyro,-0.019,0.135,-0.062,
1844872585396,Lacc,10.070,-10.042,-0.766,
1844872585396,GameRo,0.200,0.691,0.019,0.694
1844892478054,acc,0.324,-7.071,-0.513,
1844892478054,Gyro,0.037,0.322,-0.389,
1844892478054,Lacc,9.682,-9.986,-0.113,
1844892478054,GameRo,0.198,0.694,0.017,0.692
1844893712185,pre,999.690,,,
1844912322780,acc,-0.139,-7.375,-0.360,
1844912322780,Gyro,0.104,0.407,-0.722,
1844912322780,Lacc,9.253,-10.165,0.120,
1844912322780,GameRo,0.194,0.698,0.013,0.689
1844918785752,pre,999.659,,,
1844932196395,acc,-0.812,-8.243,-0.562,
1844932196395,Gyro,0.058,0.361,-1.091,
1844932196395,Lacc,8.631,-10.843,-0.002,
1844932196395,GameRo,0.187,0.703,0.006,0.687
1844943832015,pre,999.638,,,
1844952086979,acc,-1.741,-9.041,-0.578,
1844952086979,Gyro,-0.079,0.245,-1.515,
1844952086979,Lacc,7.791,-11.272,0.047,
1844952086979,GameRo,0.172,0.709,-0.006,0.684
1844968879988,pre,999.641,,,
1844971956729,acc,-2.883,-9.945,-0.664,
1844971956729,Gyro,-0.187,0.143,-1.954,
1844971956729,Lacc,6.744,-11.712,-0.002,
1844971956729,GameRo,0.153,0.714,-0.020,0.683
1844991826315,acc,-4.231,-10.592,-0.963,
1844991826315,Gyro,-0.272,0.131,-2.347,
1844991826315,Lacc,5.464,-11.921,-0.285,
1844991826315,GameRo,0.135,0.719,-0.034,0.681
1844993903586,pre,999.653,,,
1845011698385,acc,-5.660,-11.165,-1.208,
1845011698385,Gyro,-0.378,0.158,-2.562,
1845011698385,Lacc,4.088,-12.004,-0.505,
1845011698385,GameRo,0.114,0.723,-0.048,0.680
1845018975200,pre,999.662,,,
1845031565327,acc,-6.592,-12.357,-1.440,
1845031565327,Gyro,-0.502,0.161,-2.753,
1845031565327,Lacc,3.186,-12.673,-0.711,
1845031565327,GameRo,0.092,0.727,-0.063,0.677
1845044007791,pre,999.668,,,
1845051435037,acc,-7.667,-13.046,-1.847,
1845051435037,Gyro,-0.540,0.249,-2.963,
1845051435037,Lacc,2.109,-12.797,-1.078,
1845051435037,GameRo,0.067,0.731,-0.079,0.674
1845069067848,pre,999.650,,,
1845071304827,acc,-9.810,-15.606,-2.666,
1845071304827,Gyro,-0.569,0.310,-3.046,
1845071304827,Lacc,-0.072,-14.770,-1.829,
1845071304827,GameRo,0.041,0.735,-0.095,0.670
1845091174089,acc,-10.637,-18.782,-3.609,
1845091174089,Gyro,-0.816,0.300,-3.307,
1845091174089,Lacc,-0.977,-17.339,-2.695,
1845091174089,GameRo,0.013,0.739,-0.111,0.664
1845094088639,pre,999.628,,,
1845111018895,acc,-11.128,-19.295,-2.933,
1845111018895,Gyro,-1.057,0.312,-3.855,
1845111018895,Lacc,-1.605,-17.166,-1.925,
1845111018895,GameRo,-0.021,0.742,-0.128,0.657
1845119162287,pre,999.631,,,
1845130913385,acc,-12.506,-16.957,-1.522,
1845130913385,Gyro,-0.979,0.303,-4.293,
1845130913385,Lacc,-3.202,-14.057,-0.403,
1845130913385,GameRo,-0.058,0.744,-0.148,0.649
1845144212009,pre,999.647,,,
1845150782687,acc,-13.663,-13.165,-0.420,
1845150782687,Gyro,-0.645,0.152,-4.391,
1845150782687,Lacc,-4.653,-9.477,0.790,
1845150782687,GameRo,-0.096,0.743,-0.171,0.640
1845169257296,pre,999.665,,,
1845170652762,acc,-14.483,-10.577,-0.759,
1845170652762,Gyro,-0.330,-0.066,-4.018,
1845170652762,Lacc,-5.812,-6.161,0.482,
1845170652762,GameRo,-0.129,0.739,-0.194,0.632
1845190515880,acc,-14.714,-9.583,-1.799,
1845190515880,Gyro,-0.149,-0.224,-3.448,
1845190515880,Lacc,-6.381,-4.554,-0.576,
1845190515880,GameRo,-0.157,0.733,-0.215,0.626
1845194288951,pre,999.680,,,
1845210391937,acc,-14.185,-8.879,-2.423,
1845210391937,Gyro,-0.223,-0.204,-2.840,
1845210391937,Lacc,-6.163,-3.364,-1.218,
1845210391937,GameRo,-0.181,0.727,-0.232,0.620
1845219350758,pre,999.680,,,
1845230262216,acc,-13.040,-7.723,-1.795,
1845230262216,Gyro,-0.376,-0.171,-2.311,
1845230262216,Lacc,-5.292,-1.830,-0.581,
1845230262216,GameRo,-0.201,0.722,-0.245,0.615
1845244389412,pre,999.671,,,
1845250106249,acc,-11.637,-6.507,-0.427,
1845250106249,Gyro,-0.464,-0.262,-1.854,
1845250106249,Lacc,-4.120,-0.326,0.810,
1845250106249,GameRo,-0.218,0.718,-0.253,0.611
1845269980028,acc,-10.291,-5.714,0.688,
1845269980028,Gyro,-0.389,-0.588,-1.474,
1845269980028,Lacc,-2.958,0.687,1.911,
1845269980028,GameRo,-0.233,0.713,-0.259,0.609
1845269445564,pre,999.686,,,
1845289870204,acc,-8.948,-5.201,1.102,
1845289870204,Gyro,-0.229,-1.097,-1.226,
1845289870204,Lacc,-1.739,1.362,2.200,
1845289870204,GameRo,-0.244,0.705,-0.263,0.612
1845294468470,pre,999.689,,,
1845309739709,acc,-7.933,-4.787,0.853,
1845309739709,Gyro,-0.133,-1.704,-1.158,
1845309739709,Lacc,-0.816,1.910,1.712,
1845309739709,GameRo,-0.254,0.692,-0.265,0.621
1845319542118,pre,999.668,,,
1845329610030,acc,-7.493,-4.016,-0.715,
1845329610030,Gyro,-0.154,-1.937,-1.125,
1845329610030,Lacc,-0.500,2.837,-0.112,
1845329610030,GameRo,-0.268,0.678,-0.266,0.631
1845344565147,pre,999.659,,,
1845349479006,acc,-7.539,-2.760,-1.754,
1845349479006,Gyro,-0.043,-1.483,-0.955,
1845349479006,Lacc,-0.669,4.232,-1.370,
1845349479006,GameRo,-0.280,0.664,-0.267,0.640
1845369332562,acc,-7.635,-2.029,-2.035,
1845369332562,Gyro,0.149,-0.736,-0.592,
1845369332562,Lacc,-0.857,5.059,-1.796,
1845369332562,GameRo,-0.286,0.656,-0.269,0.644
1845369612388,pre,999.683,,,
1845389218099,acc,-7.318,-2.238,-1.783,
1845389218099,Gyro,0.123,-0.053,-0.213,
1845389218099,Lacc,-0.579,4.888,-1.596,
1845389218099,GameRo,-0.288,0.653,-0.272,0.646
1845394707275,pre,999.677,,,
1845409087890,acc,-7.088,-3.266,-0.870,
1845409087890,Gyro,-0.052,0.325,-0.060,
1845409087890,Lacc,-0.357,3.867,-0.648,
1845409087890,GameRo,-0.287,0.655,-0.273,0.644
1845419710367,pre,999.650,,,
1845428957517,acc,-7.289,-3.901,-0.091,
1845428957517,Gyro,-0.181,0.416,-0.059,
1845428957517,Lacc,-0.564,3.236,0.209,
1845428957517,GameRo,-0.288,0.658,-0.273,0.640
1845444759640,pre,999.644,,,
1845448815793,acc,-7.685,-3.808,-0.048,
1845448815793,Gyro,-0.196,0.590,-0.005,
1845448815793,Lacc,-0.967,3.330,0.348,
1845448815793,GameRo,-0.288,0.661,-0.273,0.637
1845468696610,acc,-8.392,-3.920,0.079,
1845468696610,Gyro,-0.068,0.997,0.169,
1845468696610,Lacc,-1.626,3.164,0.595,
1845468696610,GameRo,-0.283,0.668,-0.273,0.632
1845469808915,pre,999.662,,,
1845488566319,acc,-9.263,-4.305,0.695,
1845488566319,Gyro,0.207,1.415,0.436,
1845488566319,Lacc,-2.381,2.658,1.327,
1845488566319,GameRo,-0.271,0.677,-0.273,0.627
1845494881016,pre,999.653,,,
1845508435785,acc,-10.120,-4.992,1.371,
1845508435785,Gyro,0.480,1.468,0.724,
1845508435785,Lacc,-3.170,1.887,2.152,
1845508435785,GameRo,-0.260,0.687,-0.276,0.620
1845519903192,pre,999.647,,,
1845528305616,acc,-10.907,-5.731,1.305,
1845528305616,Gyro,0.541,1.102,1.016,
1845528305616,Lacc,-3.850,1.027,2.184,
1845528305616,GameRo,-0.247,0.696,-0.277,0.615
1845548149731,acc,-11.368,-6.938,0.285,
1845548149731,Gyro,0.387,0.564,1.295,
1845548149731,Lacc,-4.161,-0.346,1.205,
1845548149731,GameRo,-0.233,0.702,-0.275,0.615
1845544951774,pre,999.662,,,
1845568044587,acc,-11.876,-8.498,-0.682,
1845568044587,Gyro,0.214,0.214,1.533,
1845568044587,Lacc,-4.486,-2.114,0.245,
1845568044587,GameRo,-0.221,0.706,-0.268,0.617
1845570034048,pre,999.671,,,
1845587914256,acc,-12.415,-9.629,-1.250,
1845587914256,Gyro,0.170,0.141,1.823,
1845587914256,Lacc,-4.813,-3.499,-0.326,
1845587914256,GameRo,-0.207,0.710,-0.259,0.621
1845595074289,pre,999.671,,,
1845607783680,acc,-12.458,-9.754,-1.192,
1845607783680,Gyro,0.170,0.156,2.156,
1845607783680,Lacc,-4.616,-3.935,-0.264,
1845607783680,GameRo,-0.191,0.715,-0.248,0.626
1845620123645,pre,999.662,,,
1845627653918,acc,-12.899,-10.150,-1.152,
1845627653918,Gyro,0.078,0.037,2.590,
1845627653918,Lacc,-4.787,-4.713,-0.224,
1845627653918,GameRo,-0.173,0.719,-0.234,0.631
1845647523464,acc,-13.362,-12.692,-1.265,
1845647523464,Gyro,-0.071,-0.139,3.088,
1845647523464,Lacc,-4.945,-7.738,-0.346,
1845647523464,GameRo,-0.152,0.724,-0.215,0.638
1845645147650,pre,999.662,,,
1845667367620,acc,-13.136,-14.753,-1.413,
1845667367620,Gyro,-0.018,-0.306,3.348,
1845667367620,Lacc,-4.409,-10.361,-0.534,
1845667367620,GameRo,-0.130,0.727,-0.193,0.647
1845670211899,pre,999.668,,,
1845687262069,acc,-12.143,-14.939,-1.837,
1845687262069,Gyro,0.255,-0.209,3.353,
1845687262069,Lacc,-3.137,-11.137,-1.021,
1845687262069,GameRo,-0.105,0.728,-0.172,0.655
1845695268497,pre,999.671,,,
1845707105858,acc,-11.528,-13.841,-2.321,
1845707105858,Gyro,0.468,0.207,3.336,
1845707105858,Lacc,-2.292,-10.630,-1.528,
1845707105858,GameRo,-0.078,0.731,-0.153,0.660
1845720317080,pre,999.653,,,
1845727001406,acc,-11.731,-13.229,-2.101,
1845727001406,Gyro,0.450,0.704,3.536,
1845727001406,Lacc,-2.309,-10.640,-1.230,
1845727001406,GameRo,-0.049,0.736,-0.135,0.661
1845745366842,pre,999.647,,,
1845746846009,acc,-12.014,-14.231,-1.362,
1845746846009,Gyro,0.267,0.896,3.899,
1845746846009,Lacc,-2.442,-12.344,-0.336,
1845746846009,GameRo,-0.018,0.743,-0.113,0.659
1845766726258,acc,-10.930,-15.448,-0.034,
1845766726258,Gyro,0.115,0.615,4.005,
1845766726258,Lacc,-1.255,-14.323,1.135,
1845766726258,GameRo,0.013,0.748,-0.088,0.658
1845770414693,pre,999.659,,,
1845786610167,acc,-8.263,-15.105,0.544,
1845786610167,Gyro,0.190,0.085,3.693,
1845786610167,Lacc,1.463,-14.707,1.761,
1845786610167,GameRo,0.042,0.748,-0.064,0.659
1845795438984,pre,999.680,,,
1845806480121,acc,-5.367,-13.823,0.314,
1845806480121,Gyro,0.266,-0.504,3.171,
1845806480121,Lacc,4.372,-14.058,1.468,
1845806480121,GameRo,0.068,0.744,-0.045,0.663
1845820508725,pre,999.680,,,
1845826349464,acc,-3.097,-11.742,-0.208,
1845826349464,Gyro,0.288,-1.006,2.614,
1845826349464,Lacc,6.634,-12.497,0.778,
1845826349464,GameRo,0.090,0.736,-0.030,0.670
1845846193863,acc,-1.858,-9.762,-0.642,
1845846193863,Gyro,0.409,-1.209,2.092,
1845846193863,Lacc,7.908,-9.372,0.200,
1845846193863,GameRo,0.046,0.735,-0.069,0.673
1845845551123,pre,999.665,,,
1845866088679,acc,-1.581,-7.843,-0.944,
1845866088679,Gyro,0.666,-1.118,1.733,
1845866088679,Lacc,8.210,-7.787,-0.332,
1845866088679,GameRo,0.062,0.726,-0.062,0.682
1845870603286,pre,999.656,,,
1845885940403,acc,-1.412,-6.537,-1.412,
1845885940403,Gyro,0.918,-0.829,1.567,
1845885940403,Lacc,8.386,-6.773,-0.979,
1845885940403,GameRo,0.078,0.718,-0.058,0.689
1845895625828,pre,999.656,,,
1845905828260,acc,-0.840,-5.845,-1.813,
1845905828260,Gyro,1.078,-0.429,1.510,
1845905828260,Lacc,8.951,-6.359,-1.475,
1845905828260,GameRo,0.095,0.713,-0.056,0.693
1845920716402,pre,999.662,,,
1845925697603,acc,0.279,-5.962,-2.579,
1845925697603,Gyro,1.050,0.004,1.409,
1845925697603,Lacc,10.052,-6.743,-2.248,
1845925697603,GameRo,0.112,0.710,-0.054,0.693
1845945567068,acc,0.686,-6.474,-2.641,
1845945567068,Gyro,0.775,0.337,1.204,
1845945567068,Lacc,10.435,-7.488,-2.233,
1845945567068,GameRo,0.127,0.710,-0.051,0.690
1845945736258,pre,999.674,,,
1845965436981,acc,0.744,-6.875,-2.141,
1845965436981,Gyro,0.426,0.408,0.913,
1845965436981,Lacc,10.468,-8.070,-1.637,
1845965436981,GameRo,0.138,0.712,-0.047,0.687
1845970773854,pre,999.683,,,
1845985306323,acc,0.569,-7.080,-1.467,
1845985306323,Gyro,0.150,0.414,0.547,
1845985306323,Lacc,10.273,-8.393,-0.873,
1845985306323,GameRo,0.143,0.714,-0.044,0.684
1845995817798,pre,999.662,,,
1846005175789,acc,0.287,-6.783,-0.786,
1846005175789,Gyro,-0.011,0.339,0.195,
1846005175789,Lacc,9.979,-8.142,-0.116,
1846005175789,GameRo,0.145,0.716,-0.042,0.681
1846020865892,pre,999.637,,,
1846025045620,acc,0.071,-6.782,-0.652,
1846025045620,Gyro,-0.107,0.264,-0.143,
1846025045620,Lacc,9.761,-8.125,0.072,
1846025045620,GameRo,0.144,0.718,-0.041,0.679
1846044915411,acc,-0.248,-7.159,-0.722,
1846044915411,Gyro,-0.205,0.224,-0.483,
1846044915411,Lacc,9.450,-8.422,0.045,
1846044915411,GameRo,0.140,0.721,-0.042,0.678
1846045912848,pre,999.641,,,
1846064784957,acc,-0.647,-8.063,-1.115,
1846064784957,Gyro,-0.328,0.249,-0.845,
1846064784957,Lacc,9.066,-9.180,-0.310,
1846064784957,GameRo,0.132,0.724,-0.045,0.676
1846070983728,pre,999.674,,,
1846084628747,acc,-1.340,-9.138,-1.166,
1846084628747,Gyro,-0.430,0.350,-1.258,
1846084628747,Lacc,8.403,-9.842,-0.263,
1846084628747,GameRo,0.112,0.730,-0.054,0.672
1846095985436,pre,999.689,,,
1846104552330,acc,-2.383,-10.018,-0.999,
1846104552330,Gyro,-0.421,0.475,-1.664,
1846104552330,Lacc,7.372,-10.271,0.007,
1846104552330,GameRo,0.092,0.737,-0.065,0.667
1846121081625,pre,999.677,,,
1846124389080,acc,-3.340,-11.031,-0.894,
1846124389080,Gyro,-0.337,0.578,-2.074,
1846124389080,Lacc,6.406,-10.906,0.221,
1846124389080,GameRo,0.075,0.742,-0.075,0.661
1846144249064,acc,-4.494,-11.749,-0.971,
1846144249064,Gyro,-0.264,0.612,-2.474,
1846144249064,Lacc,5.220,-11.165,0.264,
1846144249064,GameRo,0.056,0.748,-0.089,0.655
1846146103190,pre,999.662,,,
1846164107380,acc,-6.031,-12.207,-1.440,
1846164107380,Gyro,-0.247,0.610,-2.763,
1846164107380,Lacc,3.621,-11.100,-0.082,
1846164107380,GameRo,0.034,0.754,-0.104,0.648
1846171175332,pre,999.668,,,
1846183976805,acc,-8.034,-14.089,-2.652,
1846183976805,Gyro,-0.378,0.593,-2.823,
1846183976805,Lacc,1.522,-12.442,-1.169,
1846183976805,GameRo,0.011,0.759,-0.120,0.640
1846196198402,pre,999.674,,,
1846203871416,acc,-9.170,-17.512,-3.811,
1846203871416,Gyro,-0.760,0.583,-2.966,
1846203871416,Lacc,0.258,-15.335,-2.194,
1846203871416,GameRo,-0.014,0.763,-0.134,0.632
1846221271317,pre,999.668,,,
1846223716874,acc,-9.787,-19.792,-3.219,
1846223716874,Gyro,-1.040,0.625,-3.520,
1846223716874,Lacc,-0.543,-17.031,-1.440,
1846223716874,GameRo,-0.044,0.767,-0.147,0.623
1846243610590,acc,-11.014,-18.258,-1.471,
1846243610590,Gyro,-0.885,0.620,-4.157,
1846243610590,Lacc,-2.042,-14.807,0.484,
1846243610590,GameRo,-0.080,0.770,-0.165,0.611
1846246318924,pre,999.671,,,
1846263500970,acc,-12.704,-14.923,-0.219,
1846263500970,Gyro,-0.285,0.556,-4.476,
1846263500970,Lacc,-4.096,-10.710,1.876,
1846263500970,GameRo,-0.116,0.770,-0.188,0.598
1846271367180,pre,999.692,,,
1846283349846,acc,-14.058,-12.522,-0.492,
1846283349846,Gyro,0.416,0.302,-4.269,
1846283349846,Lacc,-5.868,-7.562,1.647,
1846283349846,GameRo,-0.148,0.766,-0.217,0.587
1846296422070,pre,999.711,,,
1846303198315,acc,-13.843,-11.363,-2.185,
1846303198315,Gyro,0.890,0.134,-3.868,
1846303198315,Lacc,-6.080,-5.737,-0.107,
1846303198315,GameRo,-0.173,0.759,-0.246,0.578
1846321465892,pre,999.695,,,
1846323089264,acc,-13.153,-10.282,-3.479,
1846323089264,Gyro,0.965,0.103,-3.495,
1846323089264,Lacc,-5.818,-4.075,-1.506,
1846323089264,GameRo,-0.194,0.750,-0.274,0.569
1846342932809,acc,-12.292,-8.594,-3.365,
1846342932809,Gyro,0.636,0.069,-3.082,
1846342932809,Lacc,-5.372,-1.901,-1.478,
1846342932809,GameRo,-0.213,0.742,-0.298,0.561
1846346502227,pre,999.671,,,
1846362796578,acc,-11.342,-7.352,-2.102,
1846362796578,Gyro,0.272,-0.094,-2.589,
1846362796578,Lacc,-4.795,-0.281,-0.268,
1846362796578,GameRo,-0.231,0.735,-0.316,0.554
1846371539457,pre,999.674,,,
1846382698026,acc,-10.274,-6.821,-0.826,
1846382698026,Gyro,0.199,-0.388,-2.185,
1846382698026,Lacc,-4.042,0.545,0.946,
1846382698026,GameRo,-0.248,0.727,-0.329,0.549
1846396615913,pre,999.674,,,
1846402547634,acc,-9.263,-6.450,-0.510,
1846402547634,Gyro,0.329,-0.771,-1.958,
1846402547634,Lacc,-3.304,1.165,1.141,
1846402547634,GameRo,-0.263,0.718,-0.340,0.548
1846422413722,acc,-8.589,-5.575,-1.286,
1846422413722,Gyro,0.448,-1.037,-1.838,
1846422413722,Lacc,-2.825,2.227,0.180,
1846422413722,GameRo,-0.274,0.707,-0.349,0.551
1846421661809,pre,999.659,,,
1846442306747,acc,-8.273,-4.634,-2.205,
1846442306747,Gyro,0.329,-1.223,-1.742,
1846442306747,Lacc,-2.036,2.784,-0.679,
1846442306747,GameRo,-0.272,0.710,-0.315,0.568
1846446711898,pre,999.671,,,
1846462167585,acc,-8.159,-3.773,-2.751,
1846462167585,Gyro,-0.072,-1.317,-1.614,
1846462167585,Lacc,-2.040,3.763,-1.340,
1846462167585,GameRo,-0.286,0.700,-0.314,0.574
1846471758771,pre,999.689,,,
1846482046491,acc,-8.399,-3.219,-2.523,
1846482046491,Gyro,-0.442,-1.205,-1.412,
1846482046491,Lacc,-2.393,4.420,-1.175,
1846482046491,GameRo,-0.301,0.691,-0.311,0.578
1846496787335,pre,999.686,,,
1846501915183,acc,-8.583,-3.380,-1.963,
1846501915183,Gyro,-0.518,-0.859,-1.143,
1846501915183,Lacc,-2.604,4.280,-0.613,
1846501915183,GameRo,-0.313,0.686,-0.303,0.583
1846521784810,acc,-8.705,-3.677,-1.463,
1846521784810,Gyro,-0.313,-0.340,-0.884,
1846521784810,Lacc,-2.591,3.871,-0.091,
1846521784810,GameRo,-0.317,0.685,-0.289,0.589
1846521845967,pre,999.677,,,
1846541654601,acc,-9.210,-3.696,-1.378,
1846541654601,Gyro,-0.015,0.201,-0.598,
1846541654601,Lacc,-2.891,3.678,0.013,
1846541654601,GameRo,-0.314,0.687,-0.275,0.595
1846546913390,pre,999.686,,,
1846561523944,acc,-9.678,-3.725,-1.461,
1846561523944,Gyro,0.102,0.540,-0.305,
1846561523944,Lacc,-3.411,3.685,-0.026,
1846561523944,GameRo,-0.315,0.689,-0.278,0.591
1846571936419,pre,999.689,,,
1846581394223,acc,-10.186,-3.882,-1.296,
1846581394223,Gyro,-0.004,0.654,-0.045,
1846581394223,Lacc,-3.952,3.541,0.212,
1846581394223,GameRo,-0.313,0.692,-0.281,0.587
1846596984676,pre,999.677,,,
1846601263362,acc,-10.649,-3.930,-0.869,
1846601263362,Gyro,-0.196,0.577,0.245,
1846601263362,Lacc,-4.411,3.470,0.735,
1846601263362,GameRo,-0.311,0.696,-0.281,0.582
1846621132746,acc,-11.225,-4.517,-0.351,
1846621132746,Gyro,-0.349,0.381,0.628,
1846621132746,Lacc,-4.927,2.808,1.356,
1846621132746,GameRo,-0.308,0.701,-0.277,0.580
1846622036269,pre,999.671,,,
1846640977471,acc,-11.758,-5.535,-0.338,
1846640977471,Gyro,-0.261,0.262,1.078,
1846640977471,Lacc,-5.332,1.659,1.450,
1846640977471,GameRo,-0.303,0.707,-0.271,0.579
1846647087009,pre,999.677,,,
1846660871839,acc,-11.844,-6.942,-0.639,
1846660871839,Gyro,-0.042,0.194,1.467,
1846660871839,Lacc,-5.231,0.069,1.192,
1846660871839,GameRo,-0.293,0.712,-0.262,0.581
1846672159517,pre,999.668,,,
1846680742240,acc,-11.761,-8.186,-1.077,
1846680742240,Gyro,-0.011,0.004,1.723,
1846680742240,Lacc,-4.923,-1.397,0.762,
1846680742240,GameRo,-0.281,0.717,-0.253,0.585
1846697184215,pre,999.683,,,
1846700611257,acc,-11.868,-8.706,-1.284,
1846700611257,Gyro,-0.147,-0.228,1.983,
1846700611257,Lacc,-4.772,-2.183,0.544,
1846700611257,GameRo,-0.268,0.722,-0.241,0.591
1846720480478,acc,-12.105,-9.051,-1.271,
1846720480478,Gyro,-0.191,-0.355,2.318,
1846720480478,Lacc,-4.720,-2.852,0.532,
1846720480478,GameRo,-0.255,0.726,-0.226,0.598
1846722230804,pre,999.708,,,
1846740350309,acc,-13.462,-11.454,-2.072,
1846740350309,Gyro,-0.138,-0.308,2.855,
1846740350309,Lacc,-5.747,-5.659,-0.301,
1846740350309,GameRo,-0.237,0.731,-0.208,0.605
1846747306242,pre,999.689,,,
1846760219816,acc,-13.953,-15.333,-2.978,
1846760219816,Gyro,0.001,-0.128,3.288,
1846760219816,Lacc,-5.877,-10.045,-1.233,
1846760219816,GameRo,-0.214,0.737,-0.187,0.613
1846772334236,pre,999.665,,,
1846780089443,acc,-13.256,-16.576,-3.279,
1846780089443,Gyro,0.166,0.218,3.262,
1846780089443,Lacc,-4.853,-11.824,-1.531,
1846780089443,GameRo,-0.189,0.744,-0.168,0.618
1846797394618,pre,999.680,,,
1846799954514,acc,-12.162,-14.482,-1.991,
1846799954514,Gyro,0.040,0.271,3.219,
1846799954514,Lacc,-3.487,-10.266,-0.200,
1846799954514,GameRo,-0.164,0.751,-0.150,0.621
1846819802698,acc,-11.915,-13.016,-0.463,
1846819802698,Gyro,-0.273,-0.104,3.454,
1846819802698,Lacc,-2.984,-9.385,1.353,
1846819802698,GameRo,-0.140,0.757,-0.129,0.625
1846822426315,pre,999.698,,,
1846839698123,acc,-11.747,-14.189,0.091,
1846839698123,Gyro,-0.393,-0.703,3.833,
1846839698123,Lacc,-2.556,-11.240,1.838,
1846839698123,GameRo,-0.115,0.759,-0.102,0.633
1846847502159,pre,999.680,,,
1846859567588,acc,-10.805,-16.193,-0.677,
1846859567588,Gyro,-0.260,-1.119,4.034,
1846859567588,Lacc,-1.376,-13.992,0.895,
1846859567588,GameRo,-0.088,0.757,-0.073,0.644
1846872552492,pre,999.665,,,
1846879437419,acc,-8.933,-16.993,-1.822,
1846879437419,Gyro,-0.026,-1.124,3.885,
1846879437419,Lacc,0.675,-15.543,-0.473,
1846879437419,GameRo,-0.060,0.752,-0.046,0.655
1846897602864,pre,999.668,,,
1846899289063,acc,-7.180,-16.059,-2.410,
1846899289063,Gyro,0.177,-0.731,3.494,
1846899289063,Lacc,2.530,-15.295,-1.233,
1846899289063,GameRo,-0.032,0.748,-0.023,0.663
1846919176512,acc,-6.419,-13.899,-1.641,
1846919176512,Gyro,0.362,-0.291,3.184,
1846919176512,Lacc,3.329,-13.751,-0.547,
1846919176512,GameRo,-0.007,0.745,-0.004,0.666
1846922652261,pre,999.656,,,
1846939046019,acc,-5.843,-11.961,-0.992,
1846939046019,Gyro,0.632,0.063,3.043,
1846939046019,Lacc,3.897,-12.387,0.097,
1846939046019,GameRo,0.019,0.745,0.012,0.667
1846947702268,pre,999.634,,,
1846958915605,acc,-4.875,-10.726,-0.810,
1846958915605,Gyro,0.910,0.383,2.954,
1846958915605,Lacc,4.817,-11.701,0.348,
1846958915605,GameRo,0.047,0.746,0.025,0.664
1846972751949,pre,999.634,,,
1846978748490,acc,-3.501,-9.800,-0.691,
1846978748490,Gyro,1.063,0.547,2.817,
1846978748490,Lacc,6.120,-11.219,0.598,
1846978748490,GameRo,0.073,0.749,0.033,0.658
1846998654983,acc,-1.803,-9.046,-0.773,
1846998654983,Gyro,1.010,0.424,2.613,
1846998654983,Lacc,7.738,-10.825,0.656,
1846998654983,GameRo,0.097,0.751,0.037,0.653
1846997800125,pre,999.622,,,
1847018524366,acc,-0.235,-8.271,-1.104,
1847018524366,Gyro,0.785,0.151,2.383,
1847018524366,Lacc,9.203,-10.480,0.408,
1847018524366,GameRo,0.120,0.750,0.046,0.649
1847022848057,pre,999.622,,,
1847038393995,acc,0.879,-7.696,-1.579,
1847038393995,Gyro,0.558,-0.007,2.148,
1847038393995,Lacc,10.212,-10.292,-0.038,
1847038393995,GameRo,0.140,0.748,0.055,0.647
1847047895784,pre,999.653,,,
1847058255810,acc,1.469,-7.512,-1.785,
1847058255810,Gyro,0.500,0.178,1.829,
1847058255810,Lacc,10.695,-10.446,-0.199,
1847058255810,GameRo,0.158,0.746,0.064,0.644
1847072944123,pre,999.689,,,
1847078133169,acc,1.746,-7.370,-1.700,
1847078133169,Gyro,0.459,0.391,1.426,
1847078133169,Lacc,10.868,-10.565,-0.019,
1847078133169,GameRo,0.172,0.746,0.071,0.640
1847098013498,acc,1.974,-7.430,-1.618,
1847098013498,Gyro,0.285,0.490,0.940,
1847098013498,Lacc,11.010,-10.804,0.174,
1847098013498,GameRo,0.182,0.747,0.075,0.635
1847098030791,pre,999.683,,,
1847117846994,acc,1.727,-7.070,-1.243,
1847117846994,Gyro,0.109,0.506,0.476,
1847117846994,Lacc,10.704,-10.540,0.652,
1847117846994,GameRo,0.187,0.749,0.079,0.630
1847123018136,pre,999.665,,,
1847137741930,acc,1.106,-6.860,-0.813,
1847137741930,Gyro,0.012,0.500,0.127,
1847137741930,Lacc,10.052,-10.360,1.177,
1847137741930,GameRo,0.188,0.752,0.080,0.626
1847148065253,pre,999.686,,,
1847157612169,acc,0.685,-7.155,-0.740,
1847157612169,Gyro,-0.081,0.468,-0.197,
1847157612169,Lacc,9.620,-10.633,1.334,
1847157612169,GameRo,0.187,0.756,0.081,0.623
1847173112168,pre,999.729,,,
1847177481145,acc,0.162,-7.571,-0.539,
1847177481145,Gyro,-0.218,0.427,-0.571,
1847177481145,Lacc,9.113,-10.968,1.603,
1847177481145,GameRo,0.182,0.759,0.080,0.620
1847197325260,acc,-0.434,-7.708,-0.042,
1847197325260,Gyro,-0.318,0.328,-0.960,
1847197325260,Lacc,8.559,-10.960,2.146,
1847197325260,GameRo,0.173,0.763,0.077,0.619
1847198162093,pre,999.732,,,
1847217212711,acc,-0.923,-8.139,0.355,
1847217212711,Gyro,-0.295,0.194,-1.358,
1847217212711,Lacc,8.140,-11.176,2.566,
1847217212711,GameRo,0.161,0.766,0.072,0.618
1847223237409,pre,999.677,,,
1847237066754,acc,-1.300,-8.774,0.192,
1847237066754,Gyro,-0.168,0.090,-1.807,
1847237066754,Lacc,7.857,-11.506,2.409,
1847237066754,GameRo,0.147,0.769,0.063,0.619
1847248285462,pre,999.628,,,
1847256959616,acc,-2.016,-9.596,-0.498,
1847256959616,Gyro,0.040,0.121,-2.257,
1847256959616,Lacc,7.589,-9.230,1.466,
1847256959616,GameRo,0.067,0.772,-0.079,0.627
1847273333557,pre,999.628,,,
1847276829162,acc,-3.051,-10.220,-1.488,
1847276829162,Gyro,0.249,0.320,-2.703,
1847276829162,Lacc,6.512,-9.347,0.520,
1847276829162,GameRo,0.049,0.775,-0.097,0.623
1847296667988,acc,-4.414,-10.432,-2.089,
1847296667988,Gyro,0.370,0.556,-3.050,
1847296667988,Lacc,5.059,-8.979,0.005,
1847296667988,GameRo,0.028,0.778,-0.118,0.616
1847298358539,pre,999.665,,,
1847316544533,acc,-6.656,-11.532,-2.732,
1847316544533,Gyro,0.396,0.735,-3.233,
1847316544533,Lacc,2.673,-9.455,-0.522,
1847316544533,GameRo,0.007,0.783,-0.140,0.606
1847323430356,pre,999.674,,,
1847336437599,acc,-9.478,-15.602,-4.126,
1847336437599,Gyro,0.181,0.783,-3.107,
1847336437599,Lacc,-0.336,-12.924,-1.784,
1847336437599,GameRo,-0.015,0.787,-0.162,0.595
1847348480118,pre,999.659,,,
1847356307633,acc,-10.187,-20.878,-4.686,
1847356307633,Gyro,-0.400,0.734,-3.217,
1847356307633,Lacc,-1.264,-17.647,-2.198,
1847356307633,GameRo,-0.040,0.791,-0.179,0.584
1847373530817,pre,999.665,,,
1847376176935,acc,-9.748,-22.815,-2.967,
1847376176935,Gyro,-0.757,0.779,-3.985,
1847376176935,Lacc,-1.121,-18.981,-0.298,
1847376176935,GameRo,-0.072,0.794,-0.195,0.571
1847396022312,acc,-11.587,-19.678,-0.712,
1847396022312,Gyro,-0.266,0.965,-4.835,
1847396022312,Lacc,-3.399,-15.096,2.151,
1847396022312,GameRo,-0.109,0.796,-0.217,0.554
1847398554334,pre,999.683,,,
1847415915662,acc,-14.362,-15.328,-0.151,
1847415915662,Gyro,0.737,0.948,-4.988,
1847415915662,Lacc,-6.736,-9.923,2.825,
1847415915662,GameRo,-0.145,0.794,-0.249,0.535
1847423630099,pre,999.704,,,
1847435785412,acc,-15.724,-12.938,-1.871,
1847435785412,Gyro,1.541,0.730,-4.455,
1847435785412,Lacc,-8.682,-6.770,1.062,
1847435785412,GameRo,-0.172,0.787,-0.286,0.518
1847448681326,pre,999.707,,,
1847455655447,acc,-15.597,-12.865,-4.433,
1847455655447,Gyro,1.756,0.689,-3.800,
1847455655447,Lacc,-9.106,-6.059,-1.644,
1847455655447,GameRo,-0.192,0.778,-0.321,0.505
1847473730519,pre,999.695,,,
1847475499725,acc,-15.262,-12.366,-5.191,
1847475499725,Gyro,1.290,0.667,-3.226,
1847475499725,Lacc,-9.286,-5.057,-2.530,
1847475499725,GameRo,-0.208,0.770,-0.351,0.491
1847495394540,acc,-14.503,-10.976,-3.804,
1847495394540,Gyro,0.645,0.517,-2.594,
1847495394540,Lacc,-8.972,-3.304,-1.198,
1847495394540,GameRo,-0.223,0.763,-0.372,0.478
1847498772753,pre,999.674,,,
1847515258918,acc,-12.799,-9.367,-1.559,
1847515258918,Gyro,0.431,0.170,-1.984,
1847515258918,Lacc,-7.615,-1.446,1.014,
1847515258918,GameRo,-0.236,0.758,-0.386,0.469
1847523828742,pre,999.665,,,
1847535108120,acc,-10.800,-8.200,-0.524,
1847535108120,Gyro,0.644,-0.391,-1.543,
1847535108120,Lacc,-5.865,-0.088,1.942,
1847535108120,GameRo,-0.247,0.752,-0.397,0.465
1847548880702,pre,999.665,,,
1847555003423,acc,-8.958,-7.658,-1.505,
1847555003423,Gyro,0.871,-0.930,-1.413,
1847555003423,Lacc,-4.212,0.627,0.749,
1847555003423,GameRo,-0.256,0.741,-0.408,0.467
1847574861332,acc,-8.604,-6.349,-2.948,
1847574861332,Gyro,0.811,-1.355,-1.318,
1847574861332,Lacc,-4.031,2.098,-0.954,
1847574861332,GameRo,-0.267,0.728,-0.418,0.473
1847573930912,pre,999.674,,,
1847594742882,acc,-8.565,-4.601,-4.150,
1847594742882,Gyro,0.533,-1.607,-1.036,
1847594742882,Lacc,-4.115,3.964,-2.395,
1847594742882,GameRo,-0.279,0.715,-0.422,0.482
1847598981773,pre,999.707,,,
1847614586387,acc,-8.530,-3.095,-4.938,
1847614586387,Gyro,0.063,-1.617,-0.562,
1847614586387,Lacc,-4.084,5.493,-3.295,
1847614586387,GameRo,-0.291,0.706,-0.417,0.492
1847624007366,pre,999.738,,,
1847634456137,acc,-8.511,-2.583,-4.868,
1847634456137,Gyro,-0.515,-1.490,-0.032,
1847634456137,Lacc,-3.833,5.854,-3.093,
1847634456137,GameRo,-0.304,0.706,-0.391,0.506
1847649084026,pre,999.735,,,
1847654333944,acc,-8.886,-2.827,-4.114,
1847654333944,Gyro,-1.131,-1.281,0.450,
1847654333944,Lacc,-3.955,5.434,-2.199,
1847654333944,GameRo,-0.313,0.707,-0.367,0.518
1847674196084,acc,-9.560,-3.023,-2.561,
1847674196084,Gyro,-1.462,-1.067,0.986,
1847674196084,Lacc,-4.389,5.057,-0.511,
1847674196084,GameRo,-0.317,0.710,-0.345,0.526
1847674108926,pre,999.698,,,
1847694075721,acc,-10.097,-3.633,-1.556,
1847694075721,Gyro,-1.464,-0.906,1.528,
1847694075721,Lacc,-4.667,4.239,0.632,
1847694075721,GameRo,-0.319,0.714,-0.324,0.532
1847699156939,pre,999.680,,,
1847713959917,acc,-10.736,-3.815,-1.385,
1847713959917,Gyro,-1.322,-0.788,2.095,
1847713959917,Lacc,-4.972,3.780,0.923,
1847713959917,GameRo,-0.315,0.720,-0.302,0.540
1847724252275,pre,999.680,,,
1847733815140,acc,-11.503,-4.410,-2.022,
1847733815140,Gyro,-1.263,-0.675,2.625,
1847733815140,Lacc,-5.338,2.830,0.387,
1847733815140,GameRo,-0.306,0.728,-0.277,0.548
1847749251948,pre,999.677,,,
1847753658076,acc,-12.648,-4.986,-2.508,
1847753658076,Gyro,-1.331,-0.641,3.154,
1847753658076,Lacc,-6.033,1.809,0.002,
1847753658076,GameRo,-0.293,0.736,-0.249,0.557
1847773568230,acc,-13.085,-6.276,-2.119,
1847773568230,Gyro,-1.552,-0.929,3.727,
1847773568230,Lacc,-5.970,-0.039,0.472,
1847773568230,GameRo,-0.276,0.745,-0.216,0.567
1847774300774,pre,999.683,,,
1847793438632,acc,-13.188,-8.175,-1.287,
1847793438632,Gyro,-1.712,-1.437,4.245,
1847793438632,Lacc,-5.525,-2.632,1.316,
1847793438632,GameRo,-0.258,0.752,-0.177,0.580
1847799331901,pre,999.695,,,
1847813307568,acc,-12.729,-10.182,-0.217,
1847813307568,Gyro,-1.301,-1.889,4.520,
1847813307568,Lacc,-4.516,-5.423,2.259,
1847813307568,GameRo,-0.236,0.755,-0.135,0.596
1847824398469,pre,999.714,,,
1847833178010,acc,-13.060,-10.943,-0.339,
1847833178010,Gyro,-0.542,-2.107,4.658,
1847833178010,Lacc,-4.354,-6.994,1.861,
1847833178010,GameRo,-0.208,0.754,-0.097,0.615
1847849472361,pre,999.714,,,
1847853046742,acc,-12.248,-11.878,-1.613,
1847853046742,Gyro,0.017,-2.262,4.769,
1847853046742,Lacc,-3.118,-8.772,0.183,
1847853046742,GameRo,-0.175,0.749,-0.063,0.636
1847872916369,acc,-11.741,-12.321,-1.013,
1847872916369,Gyro,0.328,-2.209,4.569,
1847872916369,Lacc,-2.296,-10.063,0.373,
1847872916369,GameRo,-0.140,0.742,-0.031,0.654
1847874497099,pre,999.714,,,
1847892785876,acc,-11.842,-12.488,-0.263,
1847892785876,Gyro,0.687,-2.044,4.398,
1847892785876,Lacc,-2.185,-11.058,0.700,
1847892785876,GameRo,-0.104,0.734,-0.004,0.671
1847899571764,pre,999.711,,,
1847912630397,acc,-12.638,-12.023,0.435,
1847912630397,Gyro,1.233,-1.893,4.416,
1847912630397,Lacc,-2.864,-11.417,1.001,
1847912630397,GameRo,-0.065,0.724,0.019,0.686
1847924618800,pre,999.698,,,
1847932525091,acc,-12.196,-12.092,1.184,
1847932525091,Gyro,1.685,-1.926,4.484,
1847932525091,Lacc,-2.391,-12.342,1.379,
1847932525091,GameRo,-0.022,0.714,0.039,0.699
1847949669011,pre,999.701,,,
1847952374292,acc,-10.519,-13.086,1.773,
1847952374292,Gyro,1.829,-2.318,4.079,
1847952374292,Lacc,-0.770,-14.163,1.576,
1847952374292,GameRo,0.022,0.700,0.056,0.712
1847972264143,acc,-8.941,-12.560,2.334,
1847972264143,Gyro,1.656,-3.149,3.236,
1847972264143,Lacc,0.684,-14.326,1.643,
1847972264143,GameRo,0.060,0.679,0.068,0.728
1847974717878,pre,999.729,,,
1847992109804,acc,-8.872,-10.720,1.910,
1847992109804,Gyro,1.177,-4.226,2.296,
1847992109804,Lacc,0.571,-12.991,0.534,
1847992109804,GameRo,0.090,0.649,0.074,0.751
1847999764711,pre,999.747,,,
1848012003317,acc,-10.453,-8.050,1.672,
1848012003317,Gyro,0.754,-4.941,1.837,
1848012003317,Lacc,-1.272,-10.695,-0.554,
1848012003317,GameRo,0.112,0.612,0.078,0.779
1848024812195,pre,999.723,,,
1848031848165,acc,-10.475,-7.238,2.418,
1848031848165,Gyro,0.570,-5.304,1.617,
1848031848165,Lacc,-1.662,-10.208,-0.704,
1848031848165,GameRo,0.130,0.569,0.081,0.808
1848049862202,pre,999.695,,,
1848051714496,acc,-9.109,-7.025,2.654,
1848051714496,Gyro,0.494,-5.736,1.292,
1848051714496,Lacc,-0.782,-10.267,-1.394,
1848051714496,GameRo,0.146,0.522,0.082,0.836
1848071612079,acc,-8.205,-5.519,2.319,
1848071612079,Gyro,0.349,-6.104,0.927,
1848071612079,Lacc,-0.319,-8.638,-2.612,
1848071612079,GameRo,0.145,0.477,0.072,0.864
1848074887957,pre,999.674,,,
1848091481747,acc,-7.711,-4.010,0.495,
1848091481747,Gyro,0.231,-5.613,0.740,
1848091481747,Lacc,-0.501,-7.264,-5.306,
1848091481747,GameRo,0.154,0.425,0.068,0.889
1848099962378,pre,999.680,,,
1848111315405,acc,-6.402,-3.264,0.737,
1848111315405,Gyro,0.350,-4.523,0.657,
1848111315405,Lacc,0.169,-6.641,-5.716,
1848111315405,GameRo,0.162,0.381,0.066,0.908
1848125009333,pre,999.689,,,
1848131221491,acc,-5.442,-2.637,2.809,
1848131221491,Gyro,0.473,-3.681,0.519,
1848131221491,Lacc,0.595,-6.143,-4.083,
1848131221491,GameRo,0.171,0.346,0.063,0.920
1848151072605,acc,-5.171,-2.169,3.794,
1848151072605,Gyro,0.288,-3.753,0.279,
1848151072605,Lacc,0.325,-5.765,-3.493,
1848151072605,GameRo,0.177,0.312,0.059,0.932
1848150059137,pre,999.680,,,
1848170960095,acc,-5.009,-1.006,2.890,
1848170960095,Gyro,-0.001,-3.766,0.089,
1848170960095,Lacc,-0.079,-4.625,-4.781,
1848170960095,GameRo,0.180,0.277,0.053,0.942
1848175107881,pre,999.653,,,
1848190829886,acc,-4.089,0.281,2.830,
1848190829886,Gyro,-0.381,-3.388,0.153,
1848190829886,Lacc,0.276,-3.304,-5.190,
1848190829886,GameRo,0.180,0.243,0.048,0.952
1848200155976,pre,999.653,,,
1848210699799,acc,-3.551,0.492,3.761,
1848210699799,Gyro,-0.545,-2.656,0.254,
1848210699799,Lacc,0.332,-3.020,-4.534,
1848210699799,GameRo,0.176,0.215,0.046,0.960
1848225205169,pre,999.680,,,
1848230568612,acc,-4.174,1.105,4.551,
1848230568612,Gyro,-0.410,-1.932,0.304,
1848230568612,Lacc,-0.668,-2.346,-3.936,
1848230568612,GameRo,0.173,0.194,0.047,0.965
1848250440479,acc,-3.970,0.919,5.780,
1848250440479,Gyro,-0.062,-1.171,0.316,
1848250440479,Lacc,-0.717,-2.518,-2.813,
1848250440479,GameRo,0.172,0.180,0.048,0.967
1848250254484,pre,999.671,,,
1848270308641,acc,-3.135,1.027,6.869,
1848270308641,Gyro,0.351,-0.903,0.400,
1848270308641,Lacc,-0.062,-2.471,-1.766,
1848270308641,GameRo,0.175,0.171,0.049,0.968
1848275292650,pre,999.628,,,
1848290177659,acc,-2.456,0.686,6.291,
1848290177659,Gyro,0.386,-0.675,0.316,
1848290177659,Lacc,0.464,-2.911,-2.356,
1848290177659,GameRo,0.181,0.163,0.051,0.969
1848300327113,pre,999.619,,,
1848310047490,acc,-2.388,0.471,7.482,
1848310047490,Gyro,0.431,-0.922,0.212,
1848310047490,Lacc,0.369,-3.202,-1.187,
1848310047490,GameRo,0.185,0.155,0.051,0.969
1848325362227,pre,999.650,,,
1848329916590,acc,-2.106,0.620,6.594,
1848329916590,Gyro,0.064,-0.377,-0.056,
1848329916590,Lacc,0.535,-3.101,-2.090,
1848329916590,GameRo,0.188,0.148,0.050,0.970
1848349786136,acc,-3.273,0.904,8.008,
1848349786136,Gyro,-0.327,-0.046,-0.213,
1848349786136,Lacc,-0.622,-2.758,-0.698,
1848349786136,GameRo,0.185,0.148,0.048,0.970
1848350424401,pre,999.680,,,
1848369655885,acc,-4.445,2.371,9.245,
1848369655885,Gyro,-0.508,-0.259,0.022,
1848369655885,Lacc,-1.805,-1.200,0.498,
1848369655885,GameRo,0.180,0.147,0.047,0.971
1848375475302,pre,999.686,,,
1848389525554,acc,-4.027,2.025,9.101,
1848389525554,Gyro,-0.717,-0.401,0.210,
1848389525554,Lacc,-1.393,-1.377,0.285,
1848389525554,GameRo,0.171,0.147,0.050,0.973
1848400530111,pre,999.665,,,
1848409394897,acc,-3.275,0.683,9.795,
1848409394897,Gyro,-0.664,-0.768,0.196,
1848409394897,Lacc,-0.757,-2.563,0.887,
1848409394897,GameRo,0.162,0.140,0.052,0.975
1848425594359,pre,999.683,,,
1848429264403,acc,-2.113,0.888,7.458,
1848429264403,Gyro,-0.446,-0.553,-0.272,
1848429264403,Lacc,0.270,-2.263,-1.521,
1848429264403,GameRo,0.157,0.132,0.050,0.977
1848449155271,acc,-3.071,1.504,8.576,
1848449155271,Gyro,-0.256,-0.216,-0.612,
1848449155271,Lacc,-0.685,-1.547,-0.437,
1848449155271,GameRo,0.153,0.131,0.045,0.978
1848450618406,pre,999.802,,,
1848468978268,acc,-3.376,1.720,8.946,
1848468978268,Gyro,-0.390,-0.301,-0.550,
1848468978268,Lacc,-0.807,-1.068,-0.102,
1848468978268,GameRo,0.139,0.139,0.040,0.980
1848475690100,pre,999.946,,,
1848488873368,acc,-3.147,1.659,10.327,
1848488873368,Gyro,-0.803,-0.887,-0.233,
1848488873368,Lacc,-0.673,-0.986,1.210,
1848488873368,GameRo,0.132,0.133,0.037,0.981
1848500711624,pre,999.958,,,
1848508743240,acc,-1.946,0.718,11.592,
1848508743240,Gyro,-0.725,-1.459,-0.032,
1848508743240,Lacc,0.279,-1.765,2.366,
1848508743240,GameRo,0.124,0.120,0.036,0.984
1848525783440,pre,999.824,,,
1848528612461,acc,-1.441,0.648,10.943,
1848528612461,Gyro,-0.041,-1.535,0.245,
1848528612461,Lacc,0.498,-1.784,1.639,
1848528612461,GameRo,0.122,0.105,0.035,0.986
1848548482007,acc,-0.902,-0.013,9.727,
1848548482007,Gyro,0.660,-1.657,0.399,
1848548482007,Lacc,0.452,-2.009,0.218,
1848548482007,GameRo,0.102,0.071,0.012,0.992
1848550805005,pre,999.708,,,
1848568351594,acc,-1.005,0.428,8.295,
1848568351594,Gyro,1.036,-1.288,0.309,
1848568351594,Lacc,0.064,-1.771,-1.205,
1848568351594,GameRo,0.112,0.056,0.013,0.992
1848575878735,pre,999.695,,,
1848588221059,acc,-0.186,1.988,8.065,
1848588221059,Gyro,0.757,-0.924,0.182,
1848588221059,Lacc,0.664,-0.383,-1.416,
1848588221059,GameRo,0.121,0.045,0.014,0.991
1848600925526,pre,999.744,,,
1848608090687,acc,0.908,1.369,8.661,
1848608090687,Gyro,0.560,-0.411,-0.046,
1848608090687,Lacc,1.652,-1.112,-0.801,
1848608090687,GameRo,0.127,0.040,0.013,0.991
1848625974109,pre,999.778,,,
1848627935697,acc,0.595,-0.025,9.834,
1848627935697,Gyro,0.548,-0.169,-0.387,
1848627935697,Lacc,1.000,-2.154,0.267,
1848627935697,GameRo,0.109,0.020,-0.011,0.994
1848647829862,acc,-0.017,1.100,10.545,
1848647829862,Gyro,0.742,-0.238,-0.518,
1848647829862,Lacc,0.373,-1.150,1.004,
1848647829862,GameRo,0.116,0.018,-0.017,0.993
1848650996731,pre,999.763,,,
1848667699408,acc,-0.022,1.860,8.989,
1848667699408,Gyro,0.744,-0.292,-0.389,
1848667699408,Lacc,0.333,-0.539,-0.517,
1848667699408,GameRo,0.124,0.016,-0.022,0.992
1848676043483,pre,999.741,,,
1848687569158,acc,0.424,1.275,8.180,
1848687569158,Gyro,0.470,-0.142,-0.342,
1848687569158,Lacc,0.755,-1.229,-1.299,
1848687569158,GameRo,0.129,0.014,-0.026,0.991
1848701117171,pre,999.744,,,
1848707438786,acc,0.206,0.475,9.353,
1848707438786,Gyro,0.295,-0.125,-0.427,
1848707438786,Lacc,0.529,-2.052,-0.120,
1848707438786,GameRo,0.130,0.013,-0.030,0.991
1848727279971,acc,-0.293,0.910,10.295,
1848727279971,Gyro,0.385,-0.185,-0.459,
1848727279971,Lacc,0.026,-1.660,0.833,
1848727279971,GameRo,0.133,0.012,-0.035,0.990
1848726148176,pre,999.735,,,
1848747178204,acc,-0.469,1.536,9.489,
1848747178204,Gyro,0.400,-0.270,-0.438,
1848747178204,Lacc,-0.174,-1.101,0.045,
1848747178204,GameRo,0.136,0.010,-0.039,0.990
1848751194602,pre,999.735,,,
1848767047425,acc,-1.359,1.803,9.992,
1848767047425,Gyro,0.369,-0.355,-0.377,
1848767047425,Lacc,-1.074,-0.880,0.560,
1848767047425,GameRo,0.139,0.009,-0.043,0.989
1848776264140,pre,999.772,,,
1848786922099,acc,-2.519,2.989,10.150,
1848786922099,Gyro,0.504,-0.533,-0.064,
1848786922099,Lacc,-2.310,0.220,0.741,
1848786922099,GameRo,0.143,0.004,-0.045,0.989
1848801298522,pre,999.799,,,
1848806786599,acc,-1.231,2.868,8.411,
1848806786599,Gyro,0.431,-0.502,0.213,
1848806786599,Lacc,-1.137,0.005,-0.971,
1848806786599,GameRo,0.148,-0.002,-0.044,0.988
1848826631528,acc,-0.018,1.639,7.994,
1848826631528,Gyro,0.187,-0.190,0.096,
1848826631528,Lacc,0.009,-1.273,-1.374,
1848826631528,GameRo,0.150,-0.005,-0.043,0.988
1848826361590,pre,999.805,,,
1848846526465,acc,-0.310,1.803,9.060,
1848846526465,Gyro,0.028,-0.005,0.001,
1848846526465,Lacc,-0.287,-1.118,-0.305,
1848846526465,GameRo,0.151,-0.005,-0.043,0.988
1848851398454,pre,999.811,,,
1848866370417,acc,-0.496,1.886,9.265,
1848866370417,Gyro,-0.055,0.002,0.081,
1848866370417,Lacc,-0.470,-1.026,-0.103,
1848866370417,GameRo,0.150,-0.005,-0.042,0.988
1848876441869,pre,999.851,,,
1848886254043,acc,-0.363,1.643,9.325,
1848886254043,Gyro,-0.119,-0.016,0.132,
1848886254043,Lacc,-0.339,-1.234,-0.054,
1848886254043,GameRo,0.148,-0.005,-0.041,0.988
1848901507907,pre,999.900,,,
1848906134534,acc,-0.262,1.042,10.174,
1848906134534,Gyro,-0.145,-0.212,0.123,
1848906134534,Lacc,-0.260,-1.771,0.776,
1848906134534,GameRo,0.145,-0.006,-0.039,0.989
1848925978935,acc,0.320,1.123,10.114,
1848925978935,Gyro,-0.055,-0.360,0.004,
1848925978935,Lacc,0.250,-1.629,0.698,
1848925978935,GameRo,0.141,-0.009,-0.039,0.989
1848926534233,pre,999.900,,,
1848945873872,acc,0.052,1.916,9.483,
1848945873872,Gyro,0.023,-0.323,-0.002,
1848945873872,Lacc,-0.092,-0.838,0.069,
1848945873872,GameRo,0.141,-0.013,-0.040,0.989
1848951585419,pre,999.854,,,
1848965720876,acc,-0.057,2.372,9.386,
1848965720876,Gyro,0.015,-0.172,0.058,
1848965720876,Lacc,-0.245,-0.386,-0.026,
1848965720876,GameRo,0.142,-0.015,-0.040,0.989
1848976659434,pre,999.808,,,
1848985591236,acc,0.026,1.846,9.683,
1848985591236,Gyro,-0.008,-0.085,0.101,
1848985591236,Lacc,-0.180,-0.903,0.268,
1848985591236,GameRo,0.141,-0.016,-0.039,0.989
1849001709765,pre,999.811,,,
1849005482471,acc,0.164,1.626,10.121,
1849005482471,Gyro,0.013,-0.211,0.036,
1849005482471,Lacc,-0.074,-1.117,0.705,
1849005482471,GameRo,0.141,-0.018,-0.038,0.989
1849025340624,acc,0.234,2.130,9.529,
1849025340624,Gyro,0.033,-0.255,-0.016,
1849025340624,Lacc,-0.052,-0.618,0.117,
1849025340624,GameRo,0.141,-0.020,-0.039,0.989
1849026733121,pre,999.851,,,
1849045222092,acc,0.203,2.069,9.014,
1849045222092,Gyro,-0.029,-0.132,-0.009,
1849045222092,Lacc,-0.118,-0.679,-0.398,
1849045222092,GameRo,0.141,-0.022,-0.039,0.989
1849051783086,pre,999.875,,,
1849065081792,acc,0.117,2.068,9.461,
1849065081792,Gyro,-0.044,-0.013,0.058,
1849065081792,Lacc,-0.211,-0.669,0.046,
1849065081792,GameRo,0.140,-0.022,-0.039,0.989
1849076855148,pre,999.860,,,
1849084935591,acc,0.177,1.549,9.705,
1849084935591,Gyro,-0.025,-0.044,0.110,
1849084935591,Lacc,-0.143,-1.112,0.268,
1849084935591,GameRo,0.136,-0.022,-0.037,0.990
1849101903689,pre,999.814,,,
1849104841189,acc,0.510,1.444,10.142,
1849104841189,Gyro,0.007,-0.182,0.045,
1849104841189,Lacc,0.159,-1.203,0.702,
1849104841189,GameRo,0.135,-0.023,-0.037,0.990
1849124700441,acc,0.349,1.743,9.637,
1849124700441,Gyro,0.054,-0.207,0.008,
1849124700441,Lacc,-0.044,-0.905,0.199,
1849124700441,GameRo,0.135,-0.025,-0.037,0.990
1849126925173,pre,999.769,,,
1849144570354,acc,0.159,2.028,9.488,
1849144570354,Gyro,0.050,-0.095,0.015,
1849144570354,Lacc,-0.261,-0.628,0.053,
1849144570354,GameRo,0.136,-0.027,-0.037,0.990
1849151988525,pre,999.772,,,
1849164443359,acc,0.189,2.092,9.587,
1849164443359,Gyro,0.084,0.022,0.099,
1849164443359,Lacc,-0.235,-0.575,0.156,
1849164443359,GameRo,0.136,-0.027,-0.036,0.990
1849177046264,pre,999.778,,,
1849184290160,acc,0.140,1.819,9.869,
1849184290160,Gyro,0.179,-0.063,0.183,
1849184290160,Lacc,-0.291,-0.871,0.445,
1849184290160,GameRo,0.138,-0.027,-0.035,0.990
1849202093177,pre,999.769,,,
1849204153277,acc,0.762,1.390,8.283,
1849204153277,Gyro,0.014,-0.110,0.119,
1849204153277,Lacc,0.296,-1.323,-1.133,
1849204153277,GameRo,0.139,-0.029,-0.033,0.989
1849224004105,acc,-0.104,1.976,10.321,
1849224004105,Gyro,-0.091,-0.090,0.048,
1849224004105,Lacc,-0.575,-0.709,0.897,
1849224004105,GameRo,0.137,-0.029,-0.033,0.990
1849227141638,pre,999.787,,,
1849243918371,acc,-0.030,1.895,10.269,
1849243918371,Gyro,0.091,-0.272,0.060,
1849243918371,Lacc,-0.547,-0.802,0.852,
1849243918371,GameRo,0.138,-0.031,-0.032,0.989
1849252182001,pre,999.805,,,
1849263754022,acc,0.354,1.834,8.554,
1849263754022,Gyro,-0.044,-0.181,0.008,
1849263754022,Lacc,-0.218,-0.869,-0.859,
1849263754022,GameRo,0.138,-0.034,-0.032,0.989
