Timestamp,Sensor,X,Y,Z,W
86418584907375,Gyro,-0.068776,-0.024344,0.100303,
86418604797375,Gyro,0.042436,0.007849,0.051083,
86418624710375,Gyro,0.119060,0.029532,0.027670,
86418644646125,Gyro,-0.053344,-0.008115,0.008913,
86418664604625,Gyro,-0.302905,-0.071436,-0.013037,
86418696372875,pre,993.843750,,,
86418704063875,pre,993.839233,,,
86418684517375,Gyro,-0.450300,-0.106423,-0.039243,
86418704384375,Gyro,-0.438993,-0.105624,-0.022349,
86418719138875,pre,993.840027,,,
86418734458875,pre,993.845276,,,
86418749900875,pre,993.836243,,,
86418724297125,Gyro,-0.308093,-0.079817,0.010110,
86418744255625,Gyro,-0.122652,-0.027670,0.052014,
86418724297125,Lacc,0.045815,-0.230099,-0.224810,
86418724297125,GameRo,-0.007536,0.023623,-0.706712,0.707067
86418744255625,Lacc,0.096315,-0.323697,-0.295382,
86418744255625,GameRo,-0.007536,0.023623,-0.706712,0.707067
86418765220875,pre,993.844482,,,
86418780570875,pre,993.845276,,,
86418764191125,Gyro,0.091789,0.022881,0.078886,
86418784103625,Gyro,0.230937,0.048821,0.072234,
86418764191125,Lacc,0.037457,-0.273392,-0.319436,
86418764191125,GameRo,-0.010806,0.025610,-0.706087,0.707579
86418784103625,Lacc,-0.015011,-0.171836,-0.183227,
86418784103625,GameRo,-0.010806,0.025610,-0.706087,0.707579
86418803550875,pre,993.841492,,,
86418818870875,pre,993.851257,,,
86418804016125,Gyro,0.271910,0.057069,0.068110,
86418823928625,Gyro,0.204597,0.033789,0.045762,
86418835776875,pre,993.840027,,,
86418804016125,Lacc,-0.004507,-0.122436,-0.049826,
86418804016125,GameRo,-0.007605,0.023607,-0.705114,0.708660
86418823928625,Lacc,-0.066017,0.044904,0.102689,
86418823928625,GameRo,-0.007605,0.023607,-0.705114,0.708660
86418849540875,pre,993.840759,,,
86418864860875,pre,993.854248,,,
86418843841375,Gyro,0.059065,0.000665,0.015032,
86418863754375,Gyro,-0.065583,-0.018225,-0.015963,
86418843841375,Lacc,-0.063251,0.030311,0.195818,
86418843841375,GameRo,-0.003742,0.021004,-0.704457,0.709426
86418863754375,Lacc,-0.058662,0.018454,0.153382,
86418863754375,GameRo,-0.003742,0.021004,-0.704457,0.709426
86418880210875,pre,993.848267,,,
86418895530875,pre,993.843018,,,
86418910850875,pre,993.844482,,,
86418883667125,Gyro,-0.058000,-0.016096,-0.025009,
86418903579625,Gyro,-0.006917,-0.005720,-0.026207,
86418883667125,Lacc,-0.010268,-0.124094,-0.048812,
86418883667125,GameRo,-0.004197,0.021122,-0.704513,0.709365
86418903579625,Lacc,0.004593,-0.142801,-0.070492,
86418903579625,GameRo,-0.004197,0.021122,-0.704513,0.709365
86418926170875,pre,993.837036,,,
86418941399137,pre,993.840027,,,
86418923461875,Gyro,0.005587,-0.000665,-0.027271,
86418943314411,Gyro,0.013702,0.007317,-0.024477,
86418923461875,Lacc,-0.001997,-0.086289,-0.009153,
86418923461875,GameRo,-0.004734,0.021361,-0.704868,0.709001
86418943314411,Lacc,0.005786,-0.104095,-0.004225,
86418943314411,GameRo,-0.004734,0.021361,-0.704868,0.709001
86418956721330,pre,993.843018,,,
86418972134537,pre,993.844482,,,
86418987486735,pre,993.842285,,,
86418963230012,Gyro,0.061459,0.028069,-0.007450,
86418983206372,Gyro,0.104427,0.035119,-0.013170,
86418963230012,Lacc,0.029405,-0.158195,-0.086261,
86418963230012,GameRo,-0.004507,0.021265,-0.705227,0.708648
86418983206372,Lacc,-0.027766,-0.103788,-0.054869,
86418983206372,GameRo,-0.004507,0.021265,-0.705227,0.708648
86419002778925,pre,993.846008,,,
86419018131123,pre,993.840759,,,
86419003152478,Gyro,0.062390,0.028202,-0.028734,
86419023068329,Gyro,-0.012904,0.013037,-0.024211,
86419034735500,pre,993.844482,,,
86419003152478,Lacc,-0.030650,-0.034283,0.083138,
86419003152478,GameRo,-0.002811,0.020488,-0.705419,0.708489
86419023068329,Lacc,-0.008595,-0.039593,0.103630,
86419023068329,GameRo,-0.002811,0.020488,-0.705419,0.708489
86419048805514,pre,993.851990,,,
86419064127708,pre,993.848267,,,
86419042976430,Gyro,-0.008115,0.013436,-0.019821,
86419062876779,Gyro,0.022216,0.018624,-0.021551,
86419042976430,Lacc,0.009849,-0.135248,-0.034139,
86419042976430,GameRo,-0.002326,0.020520,-0.705797,0.708113
86419062876779,Lacc,-0.014110,-0.115070,-0.029208,
86419062876779,GameRo,-0.002326,0.020520,-0.705797,0.708113
86419079693937,pre,993.840027,,,
86419094772095,pre,993.851257,,,
86419110124293,pre,993.839233,,,
86419082784629,Gyro,-0.028069,0.009445,-0.035252,
86419102699980,Gyro,-0.054409,-0.004656,-0.036317,
86419082784629,Lacc,-0.034592,-0.021834,0.095617,
86419082784629,GameRo,-0.001983,0.020637,-0.706097,0.707812
86419102699980,Lacc,-0.001230,-0.071739,0.021633,
86419102699980,GameRo,-0.001983,0.020637,-0.706097,0.707812
86419125415483,pre,993.843750,,,
86419149100874,pre,993.839233,,,
86419122615332,Gyro,-0.024743,-0.009179,0.000266,
86419142530683,Gyro,0.003060,-0.004390,0.031395,
86419122615332,Lacc,0.057037,-0.159274,-0.057002,
86419122615332,GameRo,-0.002622,0.021282,-0.706581,0.707307
86419142530683,Lacc,0.033016,-0.146673,-0.038983,
86419142530683,GameRo,-0.002623,0.021282,-0.706581,0.707307
86419163750971,pre,993.841492,,,
86419179073165,pre,993.845276,,,
86419162446284,Gyro,-0.018358,-0.004523,0.020087,
86419182362136,Gyro,0.013835,-0.000133,0.010243,
86419195097459,pre,993.845276,,,
86419162446284,Lacc,-0.026394,-0.051322,0.048389,
86419162446284,GameRo,-0.002819,0.021294,-0.706302,0.707584
86419182362136,Lacc,-0.009318,-0.126133,-0.058177,
86419182362136,GameRo,-0.002819,0.021294,-0.706302,0.707584
86419209747557,pre,993.845276,,,
86419225100755,pre,993.844482,,,
86419202277737,Gyro,0.104427,0.019954,-0.004124,
86419222193088,Gyro,0.130102,0.027005,0.000665,
86419202277737,Lacc,-0.013257,-0.178089,-0.132952,
86419202277737,GameRo,-0.002808,0.021228,-0.706116,0.707773
86419222193088,Lacc,0.008366,-0.088339,-0.012074,
86419222193088,GameRo,-0.002808,0.021229,-0.706116,0.707773
86419240422948,pre,993.848267,,,
86419255775146,pre,993.850525,,,
86419271097340,pre,993.840759,,,
86419242085687,Gyro,0.081945,0.016895,0.006917,
86419261955531,Gyro,0.067578,0.012505,0.008780,
86419242085687,Lacc,-0.010577,-0.051006,0.086696,
86419242085687,GameRo,-0.000755,0.019854,-0.706188,0.707745
86419261955531,Lacc,-0.009976,-0.078362,0.023032,
86419261955531,GameRo,-0.000756,0.019855,-0.706188,0.707745
86419286449538,pre,993.854980,,,
86419301771732,pre,993.843018,,,
86419281871133,Gyro,0.065982,0.009578,0.026606,
86419301832491,Gyro,0.063188,0.014234,0.043899,
86419316971908,pre,993.840759,,,
86419281871133,Lacc,0.018615,-0.098920,0.015379,
86419281871133,GameRo,0.000435,0.019053,-0.706095,0.707861
86419301832491,Lacc,0.025695,-0.097374,0.007161,
86419301832491,GameRo,0.000434,0.019053,-0.706095,0.707861
86419332416119,pre,993.848999,,,
86419347768317,pre,993.848267,,,
86419321771095,Gyro,0.059198,0.018358,0.052945,
86419341686947,Gyro,0.001729,0.009977,0.038578,
86419321771095,Lacc,0.006262,-0.094905,0.013316,
86419321771095,GameRo,0.001520,0.018331,-0.705587,0.708385
86419341686947,Lacc,-0.044986,-0.011700,0.109385,
86419341686947,GameRo,0.001520,0.018332,-0.705587,0.708385
86419363090511,pre,993.840027,,,
86419378442709,pre,993.840759,,,
86419361602548,Gyro,-0.035252,0.004656,0.015697,
86419381517899,Gyro,-0.028734,0.002794,-0.013037,
86419361602548,Lacc,-0.033726,-0.057361,0.051888,
86419361602548,GameRo,0.002068,0.018184,-0.704966,0.709005
86419381517899,Lacc,-0.049708,-0.097836,-0.000755,
86419381517899,GameRo,0.002067,0.018185,-0.704966,0.709005
86419393672890,pre,993.838501,,,
86419409117101,pre,993.845276,,,
86419424470299,pre,993.839233,,,
86419401433251,Gyro,-0.000931,0.005321,-0.037913,
86419421348602,Gyro,0.015830,0.016495,-0.055074,
86419401433251,Lacc,-0.036860,-0.114406,-0.028932,
86419401433251,GameRo,0.001667,0.018676,-0.704992,0.708968
86419421348602,Lacc,-0.021118,-0.105502,-0.006530,
86419421348602,GameRo,0.001666,0.018677,-0.704992,0.708968
86419439822497,pre,993.845276,,,
86419455235704,pre,993.840759,,,
86419470496889,pre,993.844482,,,
86419441241200,Gyro,0.008115,0.031794,-0.048821,
86419461111045,Gyro,-0.025009,0.027803,-0.037381,
86419441241200,Lacc,0.019737,-0.069505,0.037250,
86419441241200,GameRo,0.001957,0.018721,-0.705686,0.708275
86419461111045,Lacc,0.003864,-0.055880,0.070863,
86419461111045,GameRo,0.001956,0.018721,-0.705686,0.708275
86419485727069,pre,993.840759,,,
86419501049263,pre,993.842285,,,
86419481026646,Gyro,-0.023945,0.031395,-0.026207,
86419500988004,Gyro,0.018358,0.039110,-0.019688,
86419481026646,Lacc,0.010491,-0.112634,-0.007267,
86419481026646,GameRo,0.002195,0.019311,-0.706263,0.707683
86419500988004,Lacc,-0.007779,-0.154151,-0.059779,
86419500988004,GameRo,0.002193,0.019313,-0.706263,0.707682
86419516401461,pre,993.839233,,,
86419531845672,pre,993.842285,,,
86419547167866,pre,993.851990,,,
86419520926609,Gyro,0.027803,0.035652,-0.029798,
86419540842460,Gyro,-0.011307,0.013835,-0.034188,
86419520926609,Lacc,-0.025455,-0.083200,0.012519,
86419520926609,GameRo,0.002722,0.019805,-0.706581,0.707349
86419540842460,Lacc,-0.026669,-0.049619,0.061738,
86419540842460,GameRo,0.002721,0.019806,-0.706581,0.707349
86419570181161,pre,993.840027,,,
86419585503354,pre,993.845276,,,
86419560758061,Gyro,-0.025408,-0.001729,-0.023014,
86419580673413,Gyro,-0.036184,-0.006784,-0.000399,
86419560758061,Lacc,0.015361,-0.100122,0.015306,
86419560758061,GameRo,0.003086,0.020057,-0.707035,0.706887
86419580673413,Lacc,0.029551,-0.088541,0.042841,
86419580673413,GameRo,0.003085,0.020057,-0.707035,0.706887
86419600825548,pre,993.843018,,,
86419616147742,pre,993.840759,,,
86419632446075,pre,993.839233,,,
86419600589014,Gyro,-0.025940,-0.007317,0.001064,
86419620504866,Gyro,0.039110,0.009711,0.001064,
86419600589014,Lacc,-0.006902,-0.109404,-0.017611,
86419600589014,GameRo,0.002543,0.020423,-0.707158,0.706756
86419620504866,Lacc,0.011376,-0.168005,-0.091847,
86419620504866,GameRo,0.002541,0.020425,-0.707158,0.706756
86419646822133,pre,993.840759,,,
86419662724410,pre,993.838501,,,
86419640420467,Gyro,0.059065,0.013968,0.006119,
86419660335818,Gyro,0.031661,0.004257,-0.001596,
86419640420467,Lacc,0.005569,-0.108898,-0.002232,
86419640420467,GameRo,0.002763,0.020264,-0.707141,0.706777
86419660335818,Lacc,-0.025682,-0.047086,0.055261,
86419660335818,GameRo,0.002763,0.020265,-0.707141,0.706777
86419677527530,pre,993.841492,,,
86419692849723,pre,993.848267,,,
86419708201921,pre,993.848267,,,
86419680251420,Gyro,0.024344,-0.001862,-0.014633,
86419700167271,Gyro,0.033523,-0.001596,-0.028468,
86419680251420,Lacc,-0.017773,-0.087434,0.013854,
86419680251420,GameRo,0.003487,0.019771,-0.707138,0.706790
86419700167271,Lacc,-0.020631,-0.092494,-0.004075,
86419700167271,GameRo,0.003486,0.019773,-0.707138,0.706790
86419723524115,pre,993.841492,,,
86419739151352,pre,993.840027,,,
86419720082872,Gyro,0.043766,-0.000399,-0.038445,
86419739998224,Gyro,0.044697,0.000931,-0.035119,
86419720082872,Lacc,-0.006713,-0.099089,-0.005772,
86419720082872,GameRo,0.003866,0.019332,-0.707483,0.706455
86419739998224,Lacc,0.002366,-0.094080,0.008979,
86419739998224,GameRo,0.003865,0.019333,-0.707483,0.706455
86419754076489,pre,993.852783,,,
86419769520700,pre,993.846008,,,
86419777181797,pre,993.841492,,,
86419759913575,Gyro,0.041239,0.005853,-0.031129,
86419779828926,Gyro,0.052812,0.011840,-0.028335,
86419792870043,pre,993.845276,,,
86419759913575,Lacc,0.014296,-0.091613,0.027401,
86419759913575,GameRo,0.004480,0.018718,-0.708021,0.705930
86419779828926,Lacc,-0.001442,-0.089350,0.007595,
86419779828926,GameRo,0.004479,0.018719,-0.708021,0.705930
86419807856189,pre,993.840027,,,
86419799744528,Gyro,0.053743,0.008115,-0.015165,
86419819660379,Gyro,0.063587,0.009046,0.012505,
86419799744528,Lacc,0.027445,-0.093158,0.029025,
86419799744528,GameRo,0.005286,0.018155,-0.708440,0.705517
86419819660379,Lacc,0.033580,-0.104097,-0.003554,
86419819660379,GameRo,0.005284,0.018156,-0.708440,0.705517
86419832090659,pre,993.840027,,,
86419846160673,pre,993.851990,,,
86419861391854,pre,993.841492,,,
86419839553227,Gyro,0.059065,0.003725,0.038046,
86419859423072,Gyro,0.041904,0.000665,0.051482,
86419839553227,Lacc,0.029471,-0.099395,0.024805,
86419839553227,GameRo,0.006228,0.017431,-0.708429,0.705539
86419859423072,Lacc,0.002683,-0.059333,0.039268,
86419859423072,GameRo,0.006227,0.017432,-0.708429,0.705539
86419876805061,pre,993.843750,,,
86419892157259,pre,993.848999,,,
86419907479452,pre,993.848999,,,
86419879315670,Gyro,0.039775,-0.002661,0.044032,
86419899231021,Gyro,0.032326,-0.007716,0.032592,
86419879315670,Lacc,-0.021229,-0.100380,0.006392,
86419879315670,GameRo,0.006945,0.016771,-0.707789,0.706191
86419899231021,Lacc,-0.015553,-0.081497,0.025855,
86419899231021,GameRo,0.006944,0.016773,-0.707789,0.706191
86419922801646,pre,993.848999,,,
86419938123840,pre,993.843018,,,
86419919146623,Gyro,0.000798,-0.014633,0.028734,
86419939062474,Gyro,-0.015830,-0.014633,0.025940,
86419919146623,Lacc,-0.015821,-0.056305,0.066648,
86419919146623,GameRo,0.007350,0.016207,-0.707281,0.706708
86419939062474,Lacc,-0.002533,-0.083473,0.038298,
86419939062474,GameRo,0.007349,0.016209,-0.707281,0.706708
86419953354020,pre,993.846741,,,
86419969012262,pre,993.846741,,,
86419984120425,pre,993.841492,,,
86419959001079,Gyro,0.006651,-0.004390,0.023812,
86419978962437,Gyro,0.007184,-0.000000,0.015431,
86419959001079,Lacc,-0.007366,-0.126905,-0.025337,
86419959001079,GameRo,0.007021,0.016132,-0.706904,0.707090
86419978962437,Lacc,-0.013107,-0.085590,0.024298,
86419978962437,GameRo,0.007020,0.016133,-0.706904,0.707090
86419999442619,pre,993.841492,,,
86420014763812,pre,993.846008,,,
86419998900791,Gyro,-0.006385,-0.002794,-0.001729,
86420018816143,Gyro,0.007450,-0.004390,-0.000532,
86419998900791,Lacc,-0.029335,-0.076316,0.033020,
86420030575076,pre,993.843750,,,
86419998900791,GameRo,0.007106,0.016015,-0.706652,0.707344
86420018816143,Lacc,0.007626,-0.105925,-0.013185,
86420018816143,GameRo,0.007104,0.016017,-0.706652,0.707344
86420045439204,pre,993.843750,,,
86420060760398,pre,993.848267,,,
86420038708741,Gyro,0.024344,-0.005720,0.015165,
86420058578585,Gyro,0.027936,-0.007583,0.029931,
86420038708741,Lacc,0.019877,-0.107009,-0.003203,
86420038708741,GameRo,0.007089,0.015927,-0.706671,0.707327
86420058578585,Lacc,0.017390,-0.098142,0.014544,
86420058578585,GameRo,0.007087,0.015928,-0.706671,0.707327
86420076082591,pre,993.847534,,,
86420091435790,pre,993.835510,,,
86420107337066,pre,993.846008,,,
86420078471183,Gyro,0.048821,-0.003459,0.031395,
86420098386535,Gyro,0.050285,-0.002128,0.019289,
86420078471183,Lacc,-0.005385,-0.127691,-0.014499,
86420078471183,GameRo,0.007386,0.015440,-0.706332,0.707673
86420098386535,Lacc,-0.026971,-0.068119,0.029971,
86420098386535,GameRo,0.007386,0.015442,-0.706332,0.707673
86420123147330,pre,993.846008,,,
86420137401371,pre,993.840027,,,
86420118324889,Gyro,0.015165,-0.005587,0.004390,
86420138286247,Gyro,-0.020087,-0.007184,-0.017028,
86420118324889,Lacc,-0.031130,-0.059528,0.062126,
86420118324889,GameRo,0.008056,0.014706,-0.706012,0.708002
86420138286247,Lacc,-0.037459,-0.049374,0.052472,
86420138286247,GameRo,0.008056,0.014708,-0.706012,0.708002
86420152601547,pre,993.840027,,,
86420168045758,pre,993.846008,,,
86420183367952,pre,993.854248,,,
86420158224852,Gyro,-0.058266,-0.011041,-0.030596,
86420178140703,Gyro,-0.067578,-0.012505,-0.024477,
86420158224852,Lacc,-0.029109,-0.051287,0.068086,
86420158224852,GameRo,0.007838,0.014753,-0.706140,0.707875
86420178140703,Lacc,0.019021,-0.107985,0.019062,
86420178140703,GameRo,0.007835,0.014755,-0.706140,0.707875
86420198598132,pre,993.852783,,,
86420214225370,pre,993.839233,,,
86420198056305,Gyro,-0.040973,-0.005321,-0.012904,
86420217971656,Gyro,-0.005055,0.000931,-0.002261,
86420198056305,Lacc,0.020273,-0.121451,-0.021768,
86420198056305,GameRo,0.006749,0.015503,-0.706505,0.707506
86420229760594,pre,993.846741,,,
86420217971656,Lacc,0.010763,-0.137410,-0.045206,
86420217971656,GameRo,0.006745,0.015506,-0.706505,0.707506
86420252346828,pre,993.842285,,,
86420237856753,Gyro,0.012638,0.005587,0.010642,
86420257711596,Gyro,0.016895,0.006651,0.013170,
86420268585152,pre,993.841492,,,
86420237856753,Lacc,0.019295,-0.098613,0.002433,
86420237856753,GameRo,0.006473,0.015747,-0.706574,0.707434
86420257711596,Lacc,-0.011869,-0.094053,0.008331,
86420257711596,GameRo,0.006472,0.015749,-0.706574,0.707434
86420283357267,pre,993.846008,,,
86420298343413,pre,993.846008,,,
86420277627197,Gyro,0.015963,0.006784,0.008381,
86420297603557,Gyro,0.005720,0.003725,0.003858,
86420277627197,Lacc,-0.014105,-0.087945,0.020931,
86420277627197,GameRo,0.006784,0.015614,-0.706403,0.707605
86420297603557,Lacc,-0.013511,-0.083049,0.024100,
86420297603557,GameRo,0.006782,0.015616,-0.706403,0.707605
86420313543589,pre,993.843018,,,
86420328987800,pre,993.840027,,,
86420344554029,pre,993.848999,,,
86420317549663,Gyro,-0.000532,0.001995,0.002927,
86420337465514,Gyro,-0.016096,-0.002661,-0.000931,
86420317549663,Lacc,-0.004546,-0.081139,0.029188,
86420317549663,GameRo,0.006998,0.015547,-0.706331,0.707676
86420337465514,Lacc,-0.005773,-0.077229,0.033496,
86420337465514,GameRo,0.006996,0.015549,-0.706331,0.707676
86420359632188,pre,993.840027,,,
86420374953381,pre,993.841492,,,
86420357381116,Gyro,-0.010243,-0.001330,-0.002261,
86420377296467,Gyro,0.013569,0.005055,-0.002128,
86420357381116,Lacc,-0.000319,-0.107325,0.008776,
86420357381116,GameRo,0.006850,0.015679,-0.706322,0.707684
86420377296467,Lacc,0.008665,-0.129901,-0.018351,
86420377296467,GameRo,0.006847,0.015682,-0.706322,0.707684
86420390184562,pre,993.840027,,,
86420405628773,pre,993.843750,,,
86420420949967,pre,993.840759,,,
86420397211818,Gyro,0.016096,0.006385,-0.005321,
86420417127169,Gyro,-0.002128,0.010908,-0.013170,
86420397211818,Lacc,-0.012508,-0.093964,0.022807,
86420397211818,GameRo,0.006936,0.015657,-0.706353,0.707653
86420417127169,Lacc,-0.008686,-0.070717,0.055708,
86420417127169,GameRo,0.006935,0.015659,-0.706353,0.707653
86420436272160,pre,993.846008,,,
86420451594354,pre,993.853516,,,
86420437012266,Gyro,0.011174,0.008248,-0.023546,
86420456867109,Gyro,0.030064,0.008780,-0.019422,
86420467740666,pre,993.851990,,,
86420437012266,Lacc,-0.018953,-0.091771,0.002820,
86420437012266,GameRo,0.007129,0.015693,-0.706498,0.707506
86420456867109,Lacc,0.015114,-0.093959,-0.006740,
86420456867109,GameRo,0.007127,0.015695,-0.706498,0.707506
86420483642943,pre,993.847534,,,
86420497590940,pre,993.843750,,,
86420476775209,Gyro,0.040041,0.005055,-0.009445,
86420496736567,Gyro,0.051349,0.000665,0.011706,
86420476775209,Lacc,0.024580,-0.098631,0.003483,
86420476775209,GameRo,0.007552,0.015490,-0.706803,0.707201
86420496736567,Lacc,0.031067,-0.102236,0.007345,
86420496736567,GameRo,0.007549,0.015492,-0.706803,0.707201
86420512791116,pre,993.840027,,,
86420528235327,pre,993.848999,,,
86420543557521,pre,993.851990,,,
86420516674922,Gyro,0.033523,-0.006385,0.033523,
86420536590273,Gyro,0.034720,-0.012106,0.051482,
86420516674922,Lacc,0.022510,-0.082667,0.043877,
86420516674922,GameRo,0.008236,0.014867,-0.706763,0.707246
86420536590273,Lacc,0.015218,-0.092985,-0.000418,
86420536590273,GameRo,0.008233,0.014869,-0.706763,0.707246
86420558878714,pre,993.853516,,,
86420574231912,pre,993.851990,,,
86420556505875,Gyro,0.031129,-0.014234,0.048156,
86420576421726,Gyro,0.007849,-0.015564,0.031129,
86420556505875,Lacc,-0.003649,-0.080409,0.026222,
86420556505875,GameRo,0.008577,0.014248,-0.706145,0.707872
86420576421726,Lacc,-0.026733,-0.066267,0.045986,
86420576421726,GameRo,0.008576,0.014250,-0.706145,0.707872
86420597214203,pre,993.843018,,,
86420612567401,pre,993.842285,,,
86420596337327,Gyro,-0.015564,-0.011706,0.008381,
86420616252679,Gyro,-0.000798,0.001862,-0.023546,
86420628865734,pre,993.845276,,,
86420596337327,Lacc,-0.030056,-0.067723,0.052850,
86420596337327,GameRo,0.008608,0.013805,-0.705625,0.708399
86420616252679,Lacc,-0.037803,-0.091766,-0.014995,
86420616252679,GameRo,0.008607,0.013809,-0.705625,0.708399
86420643210788,pre,993.852783,,,
86420658563986,pre,993.848999,,,
86420636168280,Gyro,0.042170,0.018757,-0.037248,
86420656084131,Gyro,0.072234,0.032193,-0.027936,
86420636168280,Lacc,-0.016908,-0.129221,-0.047105,
86420636168280,GameRo,0.008465,0.013877,-0.705787,0.708237
86420656084131,Lacc,0.020223,-0.117689,-0.036675,
86420656084131,GameRo,0.008461,0.013880,-0.705787,0.708237
86420673764163,pre,993.846741,,,
86420689207374,pre,993.838501,,,
86420704529567,pre,993.852783,,,
86420676014985,Gyro,0.065051,0.034321,-0.005188,
86420695960841,Gyro,0.031395,0.034720,-0.003193,
86420676014985,Lacc,0.026857,-0.088945,0.029615,
86420676014985,GameRo,0.009698,0.013401,-0.706243,0.707776
86420695960841,Lacc,-0.008521,-0.017538,0.072147,
86420695960841,GameRo,0.009698,0.013402,-0.706243,0.707776
86420720095796,pre,993.851257,,,
86420735203959,pre,993.843018,,,
86420715876192,Gyro,-0.066248,0.020486,-0.010642,
86420735761039,Gyro,-0.141941,0.001995,-0.024344,
86420750404135,pre,993.846008,,,
86420715876192,Lacc,-0.030702,0.049198,0.200734,
86420715876192,GameRo,0.010773,0.013296,-0.706297,0.707709
86420735761039,Lacc,-0.033467,-0.020829,0.105154,
86420735761039,GameRo,0.010773,0.013298,-0.706297,0.707709
86420765756333,pre,993.851990,,,
86420781170540,pre,993.839233,,,
86420755661388,Gyro,-0.119326,-0.003326,-0.008248,
86420775577239,Gyro,-0.052147,0.001729,0.018225,
86420755661388,Lacc,0.028537,-0.145626,-0.046369,
86420755661388,GameRo,0.009266,0.015036,-0.706519,0.707474
86420775577239,Lacc,0.028956,-0.201509,-0.090418,
86420775577239,GameRo,0.009260,0.015041,-0.706519,0.707473
86420796522738,pre,993.848999,,,
86420811844932,pre,993.851990,,,
86420795492841,Gyro,-0.019023,0.001729,0.015697,
86420815408192,Gyro,-0.005454,0.000532,-0.002395,
86420795492841,Lacc,-0.016523,-0.109581,-0.020279,
86420827167126,pre,993.846741,,,
86420795492841,GameRo,0.008155,0.016119,-0.706380,0.707602
86420815408192,Lacc,-0.030162,-0.098496,-0.011776,
86420815408192,GameRo,0.008153,0.016123,-0.706380,0.707602
86420842489319,pre,993.851257,,,
86420858421600,pre,993.854248,,,
86420835323793,Gyro,0.030730,0.004789,-0.018358,
86420855239645,Gyro,0.054808,0.007716,-0.032326,
86420835323793,Lacc,-0.015493,-0.117785,-0.034794,
86420835323793,GameRo,0.008045,0.016264,-0.706316,0.707664
86420855239645,Lacc,-0.025033,-0.104622,-0.019457,
86420855239645,GameRo,0.008043,0.016267,-0.706316,0.707664
86420873132707,pre,993.841492,,,
86420888454900,pre,993.850525,,,
86420903777094,pre,993.851257,,,
86420875132493,Gyro,0.061326,0.007583,-0.031794,
86420895002338,Gyro,0.021285,-0.003459,-0.025940,
86420875132493,Lacc,0.003994,-0.103097,0.004592,
86420875132493,GameRo,0.008792,0.015704,-0.706718,0.707267
86420895002338,Lacc,0.002149,-0.039362,0.083183,
86420895002338,GameRo,0.008791,0.015705,-0.706718,0.707267
86420926790389,pre,993.843750,,,
86420942112583,pre,993.846741,,,
86420914917939,Gyro,-0.042968,-0.015431,-0.014101,
86420934879297,Gyro,-0.061592,-0.012638,-0.012638,
86420914917939,Lacc,0.010086,-0.044902,0.106627,
86420914917939,GameRo,0.009293,0.015213,-0.707124,0.706865
86420934879297,Lacc,0.008988,-0.102066,0.035254,
86420934879297,GameRo,0.009289,0.015215,-0.707124,0.706865
86420957342763,pre,993.850525,,,
86420972756970,pre,993.848999,,,
86420954817652,Gyro,-0.057335,-0.009312,-0.003725,
86420974733003,Gyro,-0.061991,-0.004922,0.000000,
86420954817652,Lacc,0.021583,-0.092903,0.012795,
86420954817652,GameRo,0.008288,0.015802,-0.707285,0.706703
86420974733003,Lacc,0.002243,-0.104486,0.009358,
86420974733003,GameRo,0.008285,0.015805,-0.707285,0.706703
86420988048159,pre,993.847534,,,
86421003431362,pre,993.843750,,,
86421018753555,pre,993.848999,,,
86420994648604,Gyro,-0.060129,-0.002528,0.000399,
86421014564456,Gyro,-0.055739,0.001330,-0.010509,
86420994648604,Lacc,-0.005692,-0.086075,0.015893,
86420994648604,GameRo,0.007342,0.016552,-0.707279,0.706703
86421014564456,Lacc,-0.014599,-0.093907,0.009700,
86421014564456,GameRo,0.007339,0.016555,-0.707279,0.706703
86421026963731,pre,993.848999,,,
86421041766850,pre,993.841492,,,
86421057089044,pre,993.841492,,,
86421034480057,Gyro,-0.051615,0.001330,-0.012505,
86421054395408,Gyro,-0.054409,-0.002661,-0.017693,
86421034480057,Lacc,-0.004160,-0.117589,0.004818,
86421034480057,GameRo,0.006525,0.017377,-0.707350,0.706620
86421054395408,Lacc,-0.015588,-0.081279,0.011596,
86421054395408,GameRo,0.006523,0.017380,-0.707350,0.706620
86421072411238,pre,993.855774,,,
86421087641418,pre,993.848267,,,
86421103085629,pre,993.848999,,,
86421074288006,Gyro,-0.063454,-0.013968,-0.018757,
86421094157851,Gyro,-0.045762,-0.014500,-0.004789,
86421074288006,Lacc,-0.002524,-0.083122,0.015762,
86421074288006,GameRo,0.005745,0.018127,-0.707556,0.706402
86421094157851,Lacc,0.021627,-0.126146,-0.015901,
86421094157851,GameRo,0.005740,0.018131,-0.707556,0.706401
86421118376819,pre,993.855774,,,
86421133729017,pre,993.850525,,,
86421114073453,Gyro,0.008514,-0.002661,0.009977,
86421134034810,Gyro,0.049087,0.002128,0.023280,
86421114073453,Lacc,0.028041,-0.160712,-0.072873,
86421114073453,GameRo,0.004804,0.018663,-0.707678,0.706272
86421148929193,pre,993.851990,,,
86421134034810,Lacc,0.012293,-0.101731,-0.022526,
86421134034810,GameRo,0.004800,0.018666,-0.707678,0.706272
86421164800465,pre,993.848999,,,
86421179695598,pre,993.848999,,,
86421153957913,Gyro,0.050684,0.001197,0.026739,
86421173842760,Gyro,0.052945,0.002528,0.020087,
86421153957913,Lacc,-0.000552,-0.074654,0.025216,
86421153957913,GameRo,0.005297,0.018180,-0.707426,0.706533
86421173842760,Lacc,-0.012928,-0.096360,0.013206,
86421173842760,GameRo,0.005294,0.018184,-0.707426,0.706533
86421194986787,pre,993.846008,,,
86421210339985,pre,993.843750,,,
86421193735358,Gyro,0.032326,0.001862,0.010642,
86421213635707,Gyro,0.001995,-0.000532,0.002261,
86421225570166,pre,993.846741,,,
86421193735358,Lacc,-0.006017,-0.076516,0.046883,
86421193735358,GameRo,0.006044,0.017475,-0.707127,0.706845
86421213635707,Lacc,-0.010917,-0.041727,0.066993,
86421213635707,GameRo,0.006043,0.017477,-0.707127,0.706845
86421240983373,pre,993.845276,,,
86421256305566,pre,993.841492,,,
86421233543807,Gyro,-0.031395,-0.006518,-0.001463,
86421253459659,Gyro,-0.057867,-0.002794,-0.000798,
86421233543807,Lacc,-0.013533,-0.045900,0.067695,
86421233543807,GameRo,0.006231,0.017316,-0.707057,0.706917
86421253459659,Lacc,-0.003578,-0.075563,0.043661,
86421253459659,GameRo,0.006229,0.017319,-0.707057,0.706917
86421279288857,pre,993.846008,,,
86421294611051,pre,993.841492,,,
86421273375260,Gyro,-0.063055,-0.000532,0.001729,
86421293290611,Gyro,-0.061725,-0.001064,-0.000133,
86421273375260,Lacc,0.006830,-0.103827,0.002925,
86421273375260,GameRo,0.005485,0.017954,-0.707057,0.706907
86421293290611,Lacc,0.004074,-0.109347,0.008432,
86421293290611,GameRo,0.005481,0.017958,-0.707057,0.706907
86421309841231,pre,993.854980,,,
86421325254438,pre,993.851990,,,
86421340607636,pre,993.846008,,,
86421313228966,Gyro,-0.051216,0.006651,-0.003060,
86421333190324,Gyro,-0.053610,0.000798,-0.009578,
86421313228966,Lacc,0.001480,-0.094723,0.016588,
86421313228966,GameRo,0.004598,0.018828,-0.707026,0.706921
86421333190324,Lacc,-0.015419,-0.085978,0.020318,
86421333190324,GameRo,0.004595,0.018831,-0.707026,0.706921
86421355898825,pre,993.851990,,,
86421371251023,pre,993.858765,,,
86421353128679,Gyro,-0.044964,-0.007050,-0.000665,
86421373044030,Gyro,-0.008780,-0.001463,0.018491,
86421386451199,pre,993.853516,,,
86421353128679,Lacc,0.007221,-0.100832,-0.007959,
86421353128679,GameRo,0.003898,0.019610,-0.707103,0.706828
86421373044030,Lacc,0.038419,-0.135405,-0.039676,
86421373044030,GameRo,0.003891,0.019613,-0.707103,0.706828
86421401986424,pre,993.849731,,,
86421417217604,pre,993.852783,,,
86421392959631,Gyro,0.021151,0.004523,0.035785,
86421412875483,Gyro,-0.000399,0.003326,0.034188,
86421392959631,Lacc,0.021904,-0.107460,-0.017900,
86421392959631,GameRo,0.003529,0.019871,-0.706922,0.707004
86421412875483,Lacc,-0.012900,-0.058272,0.049131,
86421412875483,GameRo,0.003527,0.019873,-0.706922,0.707004
86421432539798,pre,993.846741,,,
86421447860992,pre,993.840759,,,
86421432791084,Gyro,0.005587,0.002261,0.024876,
86421452706435,Gyro,0.039908,0.005720,0.018225,
86421464282343,pre,993.843750,,,
86421432791084,Lacc,-0.010520,-0.102422,-0.013706,
86421432791084,GameRo,0.003730,0.019789,-0.706429,0.707498
86421452706435,Lacc,-0.010419,-0.113593,-0.039432,
86421452706435,GameRo,0.003726,0.019793,-0.706429,0.707498
86421478535383,pre,993.847534,,,
86421493857577,pre,993.848999,,,
86421472622037,Gyro,0.075161,0.014101,0.016229,
86421492537888,Gyro,0.071968,0.015697,0.017560,
86421472622037,Lacc,0.005453,-0.124930,-0.035657,
86421472622037,GameRo,0.004180,0.019469,-0.706147,0.707785
86421492537888,Lacc,-0.001577,-0.046065,0.052196,
86421492537888,GameRo,0.004178,0.019470,-0.706147,0.707785
86421509118762,pre,993.846741,,,
86421524531969,pre,993.849731,,,
86421540312228,pre,993.848999,,,
86421512453489,Gyro,0.035519,0.009445,0.017693,
86421532368841,Gyro,0.021285,0.009312,0.018890,
86421512453489,Lacc,-0.016743,-0.040946,0.080027,
86421512453489,GameRo,0.005426,0.018635,-0.705933,0.708012
86421532368841,Lacc,-0.000066,-0.071081,0.029896,
86421532368841,GameRo,0.005423,0.018637,-0.705933,0.708012
86421555176356,pre,993.848999,,,
86421570498550,pre,993.848999,,,
86421552284442,Gyro,0.027936,0.010110,0.016229,
86421572200293,Gyro,-0.019422,-0.003592,0.010509,
86421552284442,Lacc,-0.003290,-0.096252,-0.009267,
86421552284442,GameRo,0.005929,0.018394,-0.705687,0.708260
86421572200293,Lacc,-0.020582,-0.010757,0.105292,
86421572200293,GameRo,0.005929,0.018395,-0.705687,0.708260
86421585728730,pre,993.843750,,,
86421601172942,pre,993.848267,,,
86421592115895,Gyro,-0.059464,-0.010775,0.001995,
86421612031246,Gyro,-0.032459,-0.006518,0.001995,
86421592115895,Lacc,-0.009463,-0.054355,0.059358,
86421592115895,GameRo,0.005931,0.018442,-0.705505,0.708440
86421612031246,Lacc,-0.002354,-0.128188,-0.041604,
86421612031246,GameRo,0.005926,0.018448,-0.705505,0.708440
86421624034215,pre,993.848999,,,
86421639478426,pre,993.840759,,,
86421654800620,pre,993.845276,,,
86421631946848,Gyro,-0.000532,-0.000133,-0.002395,
86421651862699,Gyro,0.004656,0.004257,-0.010509,
86421631946848,Lacc,0.002712,-0.109936,-0.040938,
86421631946848,GameRo,0.005191,0.018951,-0.705467,0.708470
86421651862699,Lacc,-0.007744,-0.082440,0.007233,
86421651862699,GameRo,0.005188,0.018955,-0.705467,0.708470
86421670121813,pre,993.846741,,,
86421685321989,pre,993.851990,,,
86421700766201,pre,993.851990,,,
86421671755297,Gyro,-0.001330,0.000266,-0.023014,
86421691624642,Gyro,-0.003858,0.000133,-0.028867,
86421671755297,Lacc,-0.019025,-0.068515,0.018060,
86421671755297,GameRo,0.005265,0.018932,-0.705580,0.708357
86421691624642,Lacc,-0.010419,-0.078808,0.009006,
86421691624642,GameRo,0.005262,0.018936,-0.705580,0.708357
86421716088394,pre,993.848999,,,
86421731410588,pre,993.848267,,,
86421711539993,Gyro,-0.009179,-0.000266,-0.033656,
86421731501351,Gyro,-0.011307,-0.002927,-0.028202,
86421711539993,Lacc,-0.011687,-0.078783,0.018065,
86421711539993,GameRo,0.005204,0.018980,-0.705957,0.707981
86421731501351,Lacc,0.004424,-0.084780,0.005448,
86421731501351,GameRo,0.005200,0.018983,-0.705957,0.707981
86421746609764,pre,993.857239,,,
86421762053975,pre,993.845276,,,
86421777468182,pre,993.851990,,,
86421751439956,Gyro,0.005188,0.000532,-0.014234,
86421771355807,Gyro,0.050418,0.005587,0.011573,
86421751439956,Lacc,0.014236,-0.110575,-0.011398,
86421751439956,GameRo,0.005017,0.019120,-0.706378,0.707559
86421771355807,Lacc,0.040188,-0.144248,-0.067057,
86421771355807,GameRo,0.005009,0.019124,-0.706378,0.707559
86421792698363,pre,993.846008,,,
86421808020556,pre,993.854980,,,
86421791271408,Gyro,0.103895,0.012239,0.029665,
86421811186760,Gyro,0.122386,0.012638,0.032592,
86421791271408,Lacc,0.017593,-0.127018,-0.075195,
86421791271408,GameRo,0.005532,0.018706,-0.706354,0.707590
86421811186760,Lacc,0.001267,-0.077578,-0.003167,
86421811186760,GameRo,0.005528,0.018709,-0.706354,0.707590
86421823189728,pre,993.846741,,,
86421838633939,pre,993.846741,,,
86421853956133,pre,993.843018,,,
86421831102361,Gyro,0.080349,0.005055,0.023546,
86421851018212,Gyro,0.011307,-0.003326,0.009312,
86421831102361,Lacc,-0.014564,-0.038626,0.096945,
86421831102361,GameRo,0.007347,0.017261,-0.705948,0.708016
86421851018212,Lacc,-0.035271,-0.002054,0.102141,
86421851018212,GameRo,0.007349,0.017262,-0.705948,0.708016
86421869247322,pre,993.849731,,,
86421884477503,pre,993.849731,,,
86421899891710,pre,993.841492,,,
86421870911060,Gyro,-0.034321,-0.007982,-0.001064,
86421890780905,Gyro,-0.035119,-0.007050,-0.010110,
86421870911060,Lacc,-0.023350,-0.025810,0.083492,
86421870911060,GameRo,0.007863,0.016730,-0.705750,0.708220
86421890780905,Lacc,-0.005241,-0.104933,-0.004236,
86421890780905,GameRo,0.007859,0.016735,-0.705750,0.708219
86421915823991,pre,993.845276,,,
86421930535097,pre,993.854980,,,
86421910696507,Gyro,-0.013037,-0.000798,-0.014367,
86421930657865,Gyro,-0.017294,0.001064,-0.023280,
86421910696507,Lacc,-0.006588,-0.105398,-0.020954,
86421910696507,GameRo,0.007237,0.017155,-0.705839,0.708128
86421930657865,Lacc,-0.002790,-0.069236,0.025865,
86421930657865,GameRo,0.007234,0.017158,-0.705839,0.708128
86421953518388,pre,993.851990,,,
86421968840581,pre,993.851257,,,
86421950596219,Gyro,0.003725,0.006119,-0.023147,
86421970511570,Gyro,0.020353,0.005720,-0.020619,
86421950596219,Lacc,0.003814,-0.113727,-0.030063,
86421950596219,GameRo,0.007032,0.017376,-0.706114,0.707850
86421970511570,Lacc,-0.002365,-0.094005,-0.004670,
86421970511570,GameRo,0.007028,0.017380,-0.706114,0.707850
86421984070762,pre,993.843750,,,
86421999484969,pre,993.843750,,,
86422014715149,pre,993.846008,,,
86421990427172,Gyro,-0.005720,0.002128,-0.014766,
86422010343023,Gyro,-0.018491,-0.000133,-0.012106,
86421990427172,Lacc,0.008299,-0.049868,0.054516,
86421990427172,GameRo,0.007295,0.017274,-0.706421,0.707544
86422010343023,Lacc,-0.004398,-0.079700,0.021795,
86422010343023,GameRo,0.007292,0.017278,-0.706421,0.707544
86422030128356,pre,993.843750,,,
86422045450550,pre,993.854248,,,
86422030258625,Gyro,-0.001862,-0.001330,-0.004257,
86422050173976,Gyro,0.024610,-0.000399,0.009179,
86422061870901,pre,993.848999,,,
86422030258625,Lacc,0.013357,-0.114935,-0.022480,
86422030258625,GameRo,0.007087,0.017474,-0.706595,0.707367
86422050173976,Lacc,0.012478,-0.127509,-0.038299,
86422050173976,GameRo,0.007080,0.017479,-0.706595,0.707367
86422076094937,pre,993.851990,,,
86422091294113,pre,993.858032,,,
86422070058823,Gyro,0.007849,-0.010376,0.015032,
86422089913165,Gyro,-0.021418,-0.012505,0.006119,
86422106586303,pre,993.848267,,,
86422070058823,Lacc,-0.007922,-0.049390,0.043585,
86422070058823,GameRo,0.007258,0.017270,-0.706539,0.707426
86422089913165,Lacc,-0.017757,-0.051571,0.051642,
86422089913165,GameRo,0.007256,0.017273,-0.706539,0.707426
86422122030514,pre,993.846008,,,
86422137229690,pre,993.843750,,,
86422109828767,Gyro,0.004789,-0.003858,0.003326,
86422129805627,Gyro,0.038046,0.005853,0.010775,
86422109828767,Lacc,0.002914,-0.121219,-0.036692,
86422109828767,GameRo,0.006952,0.017250,-0.706402,0.707567
86422129805627,Lacc,0.022961,-0.097779,-0.032723,
86422129805627,GameRo,0.006946,0.017254,-0.706402,0.707567
86422152917936,pre,993.846741,,,
86422167966090,pre,993.854980,,,
86422149751733,Gyro,0.029798,0.009445,0.012638,
86422169667084,Gyro,0.008115,0.010376,0.007184,
86422183532319,pre,993.843750,,,
86422149751733,Lacc,0.008468,-0.066847,0.040677,
86422149751733,GameRo,0.007338,0.016934,-0.706308,0.707664
86422169667084,Lacc,-0.019551,-0.049501,0.042653,
86422169667084,GameRo,0.007337,0.016937,-0.706308,0.707664
86422198487460,pre,993.847534,,,
86422213778649,pre,993.848999,,,
86422189552181,Gyro,-0.003592,0.005853,0.005853,
86422209407024,Gyro,0.000266,0.004922,0.006385,
86422189552181,Lacc,-0.005891,-0.082584,0.019866,
86422189552181,GameRo,0.007708,0.016847,-0.706179,0.707790
86422209407024,Lacc,0.001437,-0.099416,-0.010545,
86422209407024,GameRo,0.007703,0.016851,-0.706180,0.707790
86422229070839,pre,993.848267,,,
86422244393033,pre,993.855774,,,
86422229292121,Gyro,-0.013835,-0.001064,0.009844,
86422249207472,Gyro,-0.032459,-0.005587,0.007450,
86422260783379,pre,993.848999,,,
86422229292121,Lacc,-0.007226,-0.070051,0.039618,
86422229292121,GameRo,0.007740,0.016953,-0.706087,0.707879
86422249207472,Lacc,-0.013368,-0.077224,0.028865,
86422249207472,GameRo,0.007737,0.016957,-0.706087,0.707879
86422274975411,pre,993.852783,,,
86422283704661,pre,993.851257,,,
86422269153578,Gyro,-0.023812,-0.003326,0.005853,
86422289130438,Gyro,-0.014500,0.002261,0.007317,
86422269153578,Lacc,0.004000,-0.083543,-0.006475,
86422269153578,GameRo,0.007328,0.017253,-0.705961,0.708002
86422289130438,Lacc,0.001005,-0.100555,-0.002402,
86422289130438,GameRo,0.007323,0.017257,-0.705961,0.708002
86422305710812,pre,993.843750,,,
86422320910988,pre,993.848999,,,
86422336202177,pre,993.844482,,,
86422309076543,Gyro,-0.020885,0.000133,0.004523,
86422328991895,Gyro,-0.019289,-0.003193,0.000798,
86422309076543,Lacc,-0.011229,-0.079758,0.016856,
86422309076543,GameRo,0.007061,0.017512,-0.705861,0.708099
86422328991895,Lacc,-0.003633,-0.095128,0.005038,
86422328991895,GameRo,0.007056,0.017517,-0.705861,0.708099
86422351524371,pre,993.851990,,,
86422366938578,pre,993.843750,,,
86422347656067,Gyro,-0.006252,0.001463,0.007583,
86422356362563,Gyro,0.004523,0.002528,0.012904,
86422373775557,Gyro,0.024344,0.005587,0.022216,
86422347656067,Lacc,0.031090,-0.096746,-0.019156,
86422347656067,GameRo,0.006740,0.017778,-0.705820,0.708136
86422365069060,Lacc,0.028775,-0.103439,-0.033142,
86422365069060,GameRo,0.006734,0.017782,-0.705821,0.708136
86422382259771,pre,993.845276,,,
86422397581965,pre,993.847534,,,
86422412935163,pre,993.851990,,,
86422393644901,Gyro,0.046560,0.007450,0.035119,
86422413514246,Gyro,0.055872,0.008780,0.041638,
86422383710229,Lacc,0.021742,-0.093462,-0.020266,
86422383710229,GameRo,0.006923,0.017694,-0.705609,0.708347
86422403579574,Lacc,0.013287,-0.088389,-0.010468,
86422403579574,GameRo,0.006918,0.017698,-0.705609,0.708346
86422428226352,pre,993.851990,,,
86422443578550,pre,993.851990,,,
86422433475604,Gyro,0.040175,0.007184,0.040441,
86422453436962,Gyro,0.019821,-0.000665,0.029665,
86422423494925,Lacc,-0.000787,-0.080565,0.037107,
86422423494925,GameRo,0.007795,0.017067,-0.705074,0.708885
86422443456283,Lacc,-0.026504,-0.041921,0.040027,
86422443456283,GameRo,0.007794,0.017070,-0.705074,0.708885
86422458809731,pre,993.846741,,,
86422474252942,pre,993.848999,,,
86422489575136,pre,993.849731,,,
86422473352813,Gyro,0.008248,-0.000532,0.019821,
86422493268665,Gyro,0.003725,0.003193,-0.002395,
86422463394888,Lacc,-0.018507,-0.069408,0.022808,
86422463394888,GameRo,0.008267,0.016700,-0.704585,0.709375
86422483310739,Lacc,-0.027893,-0.079499,0.001678,
86422483310739,GameRo,0.008265,0.016705,-0.704585,0.709375
86422504897329,pre,993.850525,,,
86422520219523,pre,993.849731,,,
86422513184016,Gyro,0.009844,0.003326,-0.018890,
86422533099367,Gyro,-0.001064,0.005188,-0.021551,
86422503226340,Lacc,-0.026473,-0.088717,-0.004531,
86422503226340,GameRo,0.008348,0.016662,-0.704474,0.709485
86422523141692,Lacc,-0.006495,-0.076477,0.024538,
86422523141692,GameRo,0.008345,0.016666,-0.704474,0.709485
86422535419699,pre,993.847534,,,
86422550863911,pre,993.847534,,,
86422566216109,pre,993.854248,,,
86422553015219,Gyro,-0.025408,0.008913,-0.020087,
86422572931070,Gyro,-0.027936,-0.000665,-0.013968,
86422543057293,Lacc,0.000307,-0.056815,0.046211,
86422543057293,GameRo,0.008469,0.016654,-0.704777,0.709183
86422562973144,Lacc,-0.004740,-0.086270,0.014926,
86422562973144,GameRo,0.008465,0.016659,-0.704777,0.709183
86422581507298,pre,993.856506,,,
86422596860496,pre,993.845276,,,
86422612181690,pre,993.848999,,,
86422592800915,Gyro,0.000133,-0.004390,-0.001330,
86422612670760,Gyro,0.039243,0.002661,0.007583,
86422582865992,Lacc,0.009992,-0.116671,-0.049099,
86422582865992,GameRo,0.008102,0.017131,-0.705010,0.708944
86422602735837,Lacc,0.006132,-0.117464,-0.063369,
86422602735837,GameRo,0.008096,0.017137,-0.705010,0.708944
86422627503883,pre,993.854248,,,
86422650487174,pre,993.855774,,,
86422632632118,Gyro,0.064120,0.004789,0.009445,
86422652593475,Gyro,0.050418,-0.000798,0.004523,
86422622651439,Lacc,0.004998,-0.092297,-0.032390,
86422622651439,GameRo,0.008372,0.016821,-0.704960,0.708998
86422642612796,Lacc,-0.011340,-0.029748,0.029281,
86422642612796,GameRo,0.008371,0.016823,-0.704960,0.708998
86422665809368,pre,993.846008,,,
86422681100557,pre,993.853516,,,
86422672508827,Gyro,0.039376,-0.001862,0.007982,
86422692424178,Gyro,0.016895,-0.003326,0.014500,
86422662551151,Lacc,-0.001119,-0.091861,0.004086,
86422662551151,GameRo,0.009243,0.016027,-0.704879,0.709086
86422682466502,Lacc,0.010670,-0.052870,0.044298,
86422682466502,GameRo,0.009240,0.016029,-0.704879,0.709086
86422696330737,pre,993.850525,,,
86422711622927,pre,993.849731,,,
86422727067138,pre,993.849731,,,
86422712340029,Gyro,-0.016629,-0.004523,0.011973,
86422732255881,Gyro,-0.036184,-0.003725,-0.001596,
86422702382104,Lacc,-0.001343,-0.035995,0.052238,
86422702382104,GameRo,0.009588,0.015601,-0.704729,0.709240
86422722297955,Lacc,-0.026376,-0.049294,0.043054,
86422722297955,GameRo,0.009587,0.015604,-0.704729,0.709240
86422742388332,pre,993.847534,,,
86422757710525,pre,993.855774,,,
86422752171232,Gyro,-0.029000,0.001729,-0.006784,
86422772086583,Gyro,-0.007849,0.006917,-0.010509,
86422742213557,Lacc,-0.000310,-0.080058,-0.007125,
86422773490785,pre,993.852783,,,
86422742213557,GameRo,0.009110,0.015956,-0.704650,0.709317
86422762128908,Lacc,0.002588,-0.112957,-0.031717,
86422762128908,GameRo,0.009104,0.015962,-0.704650,0.709317
86422788354913,pre,993.856506,,,
86422803677106,pre,993.849731,,,
86422792001935,Gyro,0.006784,0.008780,-0.024211,
86422811917286,Gyro,-0.013436,0.006119,-0.031395,
86422782044259,Lacc,-0.011484,-0.087008,-0.029696,
86422782044259,GameRo,0.008907,0.016285,-0.704770,0.709193
86422801959610,Lacc,-0.012562,-0.053606,0.039226,
86422801959610,GameRo,0.008905,0.016288,-0.704770,0.709193
86422818907287,pre,993.856506,,,
86422834320494,pre,993.846741,,,
86422849642687,pre,993.847534,,,
86422831848140,Gyro,-0.026872,0.002661,-0.034188,
86422851778993,Gyro,-0.022482,0.000133,-0.031129,
86422821882713,Lacc,-0.009722,-0.069774,0.028634,
86422821882713,GameRo,0.008969,0.016445,-0.705174,0.708787
86422841813566,Lacc,0.005210,-0.086711,-0.004213,
86422841813566,GameRo,0.008964,0.016449,-0.705174,0.708787
86422864964881,pre,993.853516,,,
86422880287075,pre,993.845276,,,
86422871679342,Gyro,-0.028601,-0.000931,-0.023147,
86422891579692,Gyro,-0.016762,-0.001064,-0.009445,
86422861729168,Lacc,0.013542,-0.061145,0.029325,
86422861729168,GameRo,0.008599,0.016833,-0.705632,0.708326
86422881629517,Lacc,0.020594,-0.097934,-0.008596,
86422881629517,GameRo,0.008593,0.016837,-0.705632,0.708326
86422895487251,pre,993.844482,,,
86422910930462,pre,993.845276,,,
86422926252656,pre,993.850525,,,
86422911495543,Gyro,-0.020752,-0.004922,0.005720,
86422931411394,Gyro,-0.027404,-0.010775,0.006518,
86422901537617,Lacc,0.017615,-0.065800,0.015765,
86422901537617,GameRo,0.008250,0.017148,-0.705850,0.708106
86422921453469,Lacc,0.003243,-0.063532,0.014561,
86422921453469,GameRo,0.008246,0.017151,-0.705850,0.708106
86422941574849,pre,993.847534,,,
86422956927047,pre,993.848999,,,
86422951326746,Gyro,-0.018890,-0.007982,-0.009977,
86422971242097,Gyro,-0.024610,-0.002927,-0.020486,
86422941369070,Lacc,-0.014642,-0.075800,-0.002603,
86422941369070,GameRo,0.007790,0.017386,-0.705735,0.708219
86422961284421,Lacc,-0.007449,-0.070292,0.036515,
86422961284421,GameRo,0.007787,0.017390,-0.705735,0.708219
86422979910338,pre,993.855774,,,
86422995110514,pre,993.851990,,,
86423010554725,pre,993.851990,,,
86422991111942,Gyro,-0.019422,-0.001330,-0.023147,
86423010981787,Gyro,-0.015697,-0.003193,-0.023147,
86422981177019,Lacc,0.009937,-0.096813,-0.009405,
86422981177019,GameRo,0.007401,0.017616,-0.705960,0.707994
86423001046864,Lacc,0.004768,-0.082607,-0.003593,
86423001046864,GameRo,0.007396,0.017621,-0.705960,0.707994
86423025876919,pre,993.855774,,,
86423041229117,pre,993.855774,,,
86423030943144,Gyro,-0.030064,-0.004257,-0.020752,
86423050904502,Gyro,-0.035519,-0.003459,-0.019954,
86423020962466,Lacc,0.005310,-0.068006,0.027287,
86423020962466,GameRo,0.007111,0.017842,-0.706285,0.707667
86423040923823,Lacc,-0.006164,-0.079771,0.008532,
86423040923823,GameRo,0.007107,0.017846,-0.706285,0.707667
86423056520306,pre,993.846741,,,
86423071873505,pre,993.848999,,,
86423087072681,pre,993.841492,,,
86423070774347,Gyro,-0.017028,-0.000399,-0.009445,
86423090644192,Gyro,0.007982,0.003193,-0.003991,
86423060839425,Lacc,0.018402,-0.097783,-0.006552,
86423060839425,GameRo,0.006559,0.018277,-0.706560,0.707387
86423080709270,Lacc,0.008374,-0.112817,-0.039105,
86423080709270,GameRo,0.006552,0.018283,-0.706560,0.707386
86423102486888,pre,993.848999,,,
86423117839086,pre,993.861755,,,
86423110605550,Gyro,0.018890,0.006518,0.011041,
86423130566908,Gyro,0.021950,0.004789,0.021151,
86423100624871,Lacc,0.027246,-0.092470,0.000251,
86423100624871,GameRo,0.006519,0.018358,-0.706645,0.707300
86423120586229,Lacc,0.006590,-0.093058,0.003922,
86423120586229,GameRo,0.006513,0.018363,-0.706645,0.707300
86423133039262,pre,993.854248,,,
86423148483473,pre,993.847534,,,
86423163805667,pre,993.852783,,,
86423150482259,Gyro,-0.001197,-0.001995,0.025009,
86423170397610,Gyro,-0.018624,-0.006252,0.019422,
86423140524583,Lacc,0.003547,-0.054597,0.047400,
86423140524583,GameRo,0.006899,0.018143,-0.706411,0.707536
86423160439935,Lacc,-0.011241,-0.061948,0.021138,
86423160439935,GameRo,0.006896,0.018148,-0.706411,0.707536
86423179126860,pre,993.843750,,,
86423194480058,pre,993.848999,,,
86423209802252,pre,993.843750,,,
86423190267455,Gyro,-0.022083,-0.004390,0.003991,
86423210137300,Gyro,-0.007583,-0.001596,-0.006784,
86423180332533,Lacc,-0.025520,-0.076564,0.010340,
86423180332533,GameRo,0.006682,0.018239,-0.706088,0.707857
86423200202378,Lacc,-0.021545,-0.091202,-0.016988,
86423200202378,GameRo,0.006678,0.018245,-0.706088,0.707857
86423225123446,pre,993.859497,,,
86423240445639,pre,993.845276,,,
86423230098658,Gyro,0.012239,0.000133,-0.013303,
86423250060016,Gyro,0.022083,0.007982,-0.004922,
86423220117979,Lacc,-0.002316,-0.091653,-0.018503,
86423220117979,GameRo,0.006417,0.018419,-0.706118,0.707826
86423240079337,Lacc,0.014739,-0.073695,0.004395,
86423240079337,GameRo,0.006412,0.018423,-0.706118,0.707826
86423255675820,pre,993.847534,,,
86423271090027,pre,993.851990,,,
86423286412220,pre,993.842285,,,
86423269975867,Gyro,0.020220,0.006385,0.010509,
86423289891719,Gyro,0.008381,0.002661,0.021950,
86423309272493,pre,993.852783,,,
86423260017942,Lacc,0.020060,-0.069859,0.013374,
86423260017942,GameRo,0.006731,0.018233,-0.706260,0.707686
86423279933793,Lacc,0.012445,-0.059993,0.024137,
86423279933793,GameRo,0.006727,0.018235,-0.706260,0.707686
86423324716705,pre,993.851990,,,
86423309807070,Gyro,-0.013569,-0.003991,0.017294,
86423329722421,Gyro,-0.046560,-0.016495,0.001995,
86423299849394,Lacc,-0.005409,-0.054595,0.041025,
86423299849394,GameRo,0.006994,0.018097,-0.706015,0.707931
86423319764746,Lacc,-0.030461,-0.038167,0.047857,
86423319764746,GameRo,0.006994,0.018101,-0.706015,0.707931
86423340038898,pre,993.845276,,,
86423355361092,pre,993.848999,,,
86423349638273,Gyro,-0.065583,-0.024876,-0.005188,
86423369554124,Gyro,-0.023546,-0.016762,-0.014367,
86423370835307,pre,993.853516,,,
86423339680347,Lacc,-0.006672,-0.059102,0.042689,
86423339680347,GameRo,0.006400,0.018406,-0.705872,0.708072
86423359596198,Lacc,-0.003764,-0.132645,-0.058361,
86423359596198,GameRo,0.006392,0.018414,-0.705872,0.708072
86423386005479,pre,993.850525,,,
86423401357677,pre,993.859497,,,
86423389515482,Gyro,0.014899,-0.003858,-0.021151,
86423409476840,Gyro,0.020087,0.003060,-0.023413,
86423379534803,Lacc,-0.003641,-0.098878,-0.037393,
86423379534803,GameRo,0.005423,0.018774,-0.706005,0.707937
86423399496161,Lacc,0.003505,-0.074243,-0.000471,
86423399496161,GameRo,0.005419,0.018778,-0.706005,0.707937
86423416648867,pre,993.846741,,,
86423432002065,pre,993.845276,,,
86423447323258,pre,993.851257,,,
86423429346185,Gyro,0.015564,0.004922,-0.019422,
86423449215529,Gyro,-0.014367,-0.003725,-0.016229,
86423419411512,Lacc,0.009047,-0.069835,0.012571,
86423419411512,GameRo,0.005704,0.018492,-0.706335,0.707613
86423439280857,Lacc,-0.000511,-0.029319,0.041526,
86423439280857,GameRo,0.005702,0.018494,-0.706335,0.707613
86423463561583,pre,993.848999,,,
86423477936641,pre,993.851257,,,
86423469131381,Gyro,-0.030730,-0.008913,-0.001729,
86423489047232,Gyro,-0.010243,-0.003725,0.024610,
86423459173455,Lacc,0.009929,-0.055497,0.020464,
86423459173455,GameRo,0.005711,0.018502,-0.706584,0.707365
86423479089306,Lacc,0.046213,-0.113607,-0.033794,
86423479089306,GameRo,0.005702,0.018506,-0.706584,0.707364
86423493197826,pre,993.851257,,,
86423508581029,pre,993.848999,,,
86423516242126,pre,993.861023,,,
86423508962583,Gyro,0.013303,0.001995,0.045363,
86423528877935,Gyro,0.029532,0.006252,0.046693,
86423499004908,Lacc,0.037352,-0.098452,-0.034047,
86423499004908,GameRo,0.005288,0.018725,-0.706409,0.707537
86423518920259,Lacc,0.007450,-0.076811,-0.018846,
86423518920259,GameRo,0.005283,0.018729,-0.706409,0.707537
86423531472306,pre,993.858032,,,
86423546916517,pre,993.852783,,,
86423562238711,pre,993.854248,,,
86423548793786,Gyro,0.040441,0.012106,0.035252,
86423568709638,Gyro,0.044431,0.011573,0.027404,
86423538835860,Lacc,-0.020595,-0.076487,-0.002909,
86423538835860,GameRo,0.005692,0.018466,-0.705742,0.708205
86423558751712,Lacc,-0.013435,-0.078301,-0.009380,
86423558751712,GameRo,0.005688,0.018471,-0.705742,0.708205
86423577560905,pre,993.851990,,,
86423592883098,pre,993.852783,,,
86423608235296,pre,993.851257,,,
86423588579482,Gyro,0.038711,0.010110,0.033390,
86423608449327,Gyro,0.002128,0.007716,0.025541,
86423578644560,Lacc,0.006408,-0.077664,0.003250,
86423578644560,GameRo,0.006470,0.018029,-0.705326,0.708625
86423598514405,Lacc,-0.022829,-0.021301,0.067678,
86423598514405,GameRo,0.006470,0.018031,-0.705326,0.708625
86423623557490,pre,993.851990,,,
86423638879684,pre,993.849731,,,
86423628410685,Gyro,-0.002261,0.007450,0.019289,
86423648372043,Gyro,0.042170,0.013037,0.017427,
86423618430006,Lacc,-0.003735,-0.070042,0.024040,
86423618430006,GameRo,0.006888,0.017874,-0.704916,0.709032
86423638391364,Lacc,0.005746,-0.122035,-0.065912,
86423638391364,GameRo,0.006880,0.017881,-0.704917,0.709032
86423654109864,pre,993.848999,,,
86423677184168,pre,993.854980,,,
86423668287394,Gyro,0.099904,0.023679,0.028867,
86423688202746,Gyro,0.153381,0.037514,0.038844,
86423658329719,Lacc,0.018010,-0.134360,-0.094741,
86423658329719,GameRo,0.007282,0.017765,-0.704674,0.709271
86423678245070,Lacc,0.022803,-0.118082,-0.072110,
86423678245070,GameRo,0.007274,0.017771,-0.704675,0.709271
86423692384344,pre,993.858032,,,
86423707828555,pre,993.848999,,,
86423723150749,pre,993.841492,,,
86423708118597,Gyro,0.193423,0.042170,0.048422,
86423728034448,Gyro,0.187836,0.032459,0.036583,
86423698160671,Lacc,0.014855,-0.118101,-0.056700,
86423698160671,GameRo,0.009564,0.016387,-0.704228,0.709720
86423718076523,Lacc,-0.012608,-0.074440,0.001324,
86423718076523,GameRo,0.009560,0.016392,-0.704228,0.709720
86423738441938,pre,993.852783,,,
86423753794136,pre,993.848999,,,
86423747949800,Gyro,0.248231,0.021418,-0.036450,
86423767865151,Gyro,0.313680,0.021418,-0.083808,
86423770642549,pre,993.846008,,,
86423737992124,Lacc,-0.111831,-0.106971,-0.101210,
86423737992124,GameRo,0.012836,0.014215,-0.703651,0.710288
86423757907475,Lacc,-0.057444,-0.090520,-0.112272,
86423757907475,GameRo,0.012834,0.014225,-0.703651,0.710288
86423784407519,pre,993.843750,,,
86423799760718,pre,993.848999,,,
86423787734996,Gyro,0.438461,0.040041,-0.141143,
86423807604841,Gyro,0.635076,0.209652,-0.002395,
86423777800073,Lacc,-0.072773,-0.243983,-0.187822,
86423777800073,GameRo,0.017089,0.010590,-0.704634,0.709286
86423797669918,Lacc,-0.046272,-0.557842,-0.769458,
86423797669918,GameRo,0.017057,0.010633,-0.704635,0.709285
86423815082911,pre,993.852783,,,
86423830404105,pre,993.848999,,,
86423845635285,pre,993.845276,,,
86423827520192,Gyro,-1.958041,-0.243974,1.142579,
86423847435543,Gyro,-2.464213,-0.501649,0.854307,
86423817562516,Lacc,-2.976419,0.899034,-2.116433,
86423817562516,GameRo,0.026867,0.004535,-0.705967,0.707720
86423837477868,Lacc,-1.598329,1.628800,-2.690625,
86423837477868,GameRo,0.027144,0.004535,-0.705961,0.707716
86423861048492,pre,993.848999,,,
86423876370686,pre,993.843750,,,
86423867351395,Gyro,-1.735751,-0.247299,0.715691,
86423887267246,Gyro,-1.473287,-0.122652,0.675783,
86423857393469,Lacc,-0.502550,-2.973524,-2.816730,
86423857393469,GameRo,-0.012182,0.031967,-0.690117,0.722889
86423877309320,Lacc,-1.025433,-1.200297,-2.444099,
86423877309320,GameRo,-0.012207,0.032164,-0.690112,0.722885
86423891600866,pre,993.846741,,,
86423907015073,pre,993.840027,,,
86423922336267,pre,993.837769,,,
86423907228604,Gyro,-1.747990,-0.173735,0.814132,
86423927189962,Gyro,-2.020565,-0.100436,1.009817,
86423897247925,Lacc,-1.879046,-0.034706,-2.784405,
86423897247925,GameRo,-0.036033,0.051103,-0.678562,0.731877
86423917209283,Lacc,-1.248619,-0.657173,-3.397854,
86423917209283,GameRo,-0.036016,0.051325,-0.678548,0.731875
86423937658461,pre,993.840027,,,
86423953011659,pre,993.839233,,,
86423947105313,Gyro,-2.523810,-0.002261,1.185414,
86423967020664,Gyro,-3.062175,0.133560,1.349571,
86423937147637,Lacc,-0.819106,0.183090,-3.709806,
86423968454870,pre,993.848267,,,
86423937147637,GameRo,-0.064657,0.075688,-0.662368,0.742536
86423957062989,Lacc,-0.632197,0.344397,-3.419817,
86423957062989,GameRo,-0.064625,0.075792,-0.662357,0.742538
86423983655046,pre,993.847534,,,
86424006638337,pre,993.841492,,,
86423986890509,Gyro,-3.410709,0.237721,1.482067,
86424006760354,Gyro,-3.597347,0.271111,1.652343,
86423976955587,Lacc,-0.393770,0.912274,-2.784122,
86423976955587,GameRo,-0.103368,0.115697,-0.638001,0.754244
86423996825432,Lacc,-0.471554,0.372878,-2.840367,
86423996825432,GameRo,-0.103368,0.115794,-0.637986,0.754242
86424021960530,pre,993.840759,,,
86424037312728,pre,993.843750,,,
86424026721712,Gyro,-3.567682,0.205928,1.853348,
86424046683070,Gyro,-3.091973,0.276699,2.047968,
86424016741033,Lacc,-0.778282,0.410894,-2.729062,
86424016741033,GameRo,-0.148950,0.167534,-0.604900,0.764096
86424036702391,Lacc,-1.014888,-0.953990,-2.367068,
86424036702391,GameRo,-0.149025,0.167748,-0.604854,0.764070
86424052634922,pre,993.839233,,,
86424067957116,pre,993.851257,,,
86424083767379,pre,993.853516,,,
86424066598421,Gyro,-2.422310,0.364497,2.187781,
86424086513773,Gyro,-2.250038,0.397488,2.253896,
86424056640746,Lacc,-0.464198,-0.054130,-1.161732,
86424056640746,GameRo,-0.189951,0.217199,-0.562712,0.774660
86424076556097,Lacc,-0.863352,0.012578,-0.886193,
86424076556097,GameRo,-0.189931,0.217296,-0.562682,0.774660
86424098631507,pre,993.854248,,,
86424113983705,pre,993.858032,,,
86424106429624,Gyro,-2.567443,0.180386,2.384264,
86424126345475,Gyro,-2.447984,-0.019954,2.560659,
86424096471698,Lacc,-1.018510,0.912476,-0.589177,
86424096471698,GameRo,-0.210519,0.256893,-0.518745,0.787776
86424116387550,Lacc,-1.920558,-0.835051,-1.006800,
86424116387550,GameRo,-0.210506,0.257089,-0.518678,0.787760
86424129214886,pre,993.861755,,,
86424144628093,pre,993.861755,,,
86424159858273,pre,993.854248,,,
86424146199818,Gyro,-1.886472,-0.024211,2.666815,
86424166054160,Gyro,-1.505480,0.003459,2.747829,
86424136272647,Lacc,-0.938534,-1.385476,-0.267263,
86424136272647,GameRo,-0.236286,0.294278,-0.465738,0.800411
86424156126989,Lacc,-0.999329,-0.936924,-0.150668,
86424156126989,GameRo,-0.236298,0.294369,-0.465706,0.800393
86424175180467,pre,993.861023,,,
86424190471656,pre,993.858765,,,
86424205915868,pre,993.860229,,,
86424171670215,Gyro,-1.789096,0.020353,2.748495,
86424194134431,Gyro,-2.619191,-0.128106,2.733330,
86424177286269,Lacc,-1.004063,0.311053,-0.061030,
86424177286269,GameRo,-0.246183,0.321787,-0.411953,0.816175
86424188518377,Lacc,-1.348674,0.625318,-0.538352,
86424188518377,GameRo,-0.246102,0.321894,-0.411894,0.816187
86424199750485,Lacc,-2.163157,-0.241773,-0.835995,
86424199750485,GameRo,-0.246052,0.322074,-0.411813,0.816172
86424210982593,Lacc,-2.731399,-2.341094,-0.710840,
86424210982593,GameRo,-0.246088,0.322283,-0.411737,0.816117
86424221238061,pre,993.872986,,,
86424236590259,pre,993.864746,,,
86424215961556,Gyro,-2.873940,-0.359841,2.708719,
86424235877407,Gyro,-2.360451,-0.234795,2.559462,
86424254537829,pre,993.872253,,,
86424240856370,Lacc,-1.096327,-3.520965,1.045282,
86424240856370,GameRo,-0.275153,0.356850,-0.340148,0.825378
86424267234647,pre,993.863281,,,
86424282586845,pre,993.868530,,,
86424255781632,Gyro,-1.927711,-0.169478,2.395039,
86424275650977,Gyro,-1.869977,-0.156973,2.235937,
86424260748968,Lacc,-1.012461,-2.385248,1.306654,
86424260748968,GameRo,-0.294255,0.378914,-0.286920,0.829165
86424280618313,Lacc,-1.261031,-1.732672,0.597285,
86424280618313,GameRo,-0.294276,0.378953,-0.286909,0.829144
86424297879034,pre,993.870789,,,
86424313231232,pre,993.883484,,,
86424295531948,Gyro,-2.424571,-0.196217,2.140955,
86424315447799,Gyro,-2.724283,-0.436864,2.116212,
86424300510911,Lacc,-0.798265,-1.150663,0.308917,
86424300510911,GameRo,-0.309415,0.399824,-0.233830,0.830498
86424320426762,Lacc,-1.364353,-1.732190,-0.376338,
86424320426762,GameRo,-0.309470,0.399903,-0.233812,0.830444
86424336122509,pre,993.870789,,,
86424351536716,pre,993.864746,,,
86424366888914,pre,993.877502,,,
86424335363526,Gyro,-2.072579,-0.481429,1.995422,
86424355278877,Gyro,-1.486058,-0.436465,1.890995,
86424340342364,Lacc,-0.456212,-2.414495,0.216923,
86424340342364,GameRo,-0.336971,0.417731,-0.175388,0.825343
86424360257715,Lacc,-0.309711,-1.491231,0.222948,
86424360257715,GameRo,-0.337026,0.417720,-0.175415,0.825320
86424382211108,pre,993.874512,,,
86424397533302,pre,993.879028,,,
86424375205730,Gyro,-1.358084,-0.445511,1.815967,
86424395167088,Gyro,-1.696375,-0.397089,1.783641,
86424380196070,Lacc,-0.197429,-0.688187,0.181960,
86424380196070,GameRo,-0.348295,0.428133,-0.127857,0.824042
86424400157427,Lacc,-0.276472,0.181328,-0.461502,
86424412763482,pre,993.869263,,,
86424400157427,GameRo,-0.348297,0.428177,-0.127837,0.824021
86424428207693,pre,993.867737,,,
86424443529887,pre,993.869263,,,
86424415101817,Gyro,-2.409938,-0.447773,1.802931,
86424434956660,Gyro,-2.709784,-0.504310,1.818362,
86424420065528,Lacc,-0.534161,0.259174,-0.849017,
86424420065528,GameRo,-0.361554,0.437584,-0.080858,0.819305
86424439920370,Lacc,-0.921686,-0.422418,-1.323392,
86424439920370,GameRo,-0.361609,0.437692,-0.080832,0.819226
86424459431164,pre,993.873779,,,
86424474204279,pre,993.872253,,,
86424489526473,pre,993.872253,,,
86424454826630,Gyro,-2.807825,-0.516947,1.752779,
86424474741981,Gyro,-2.959743,-0.555792,1.699169,
86424459805467,Lacc,-0.659329,-0.516943,-0.822274,
86424459805467,GameRo,-0.389570,0.446014,-0.024398,0.805427
86424479720819,Lacc,-0.844484,-0.164283,-1.061131,
86424479720819,GameRo,-0.389604,0.446104,-0.024371,0.805360
86424504725649,pre,993.867737,,,
86424520047842,pre,993.876770,,,
86424494657457,Gyro,-3.118313,-0.584127,1.652210,
86424514573309,Gyro,-3.122570,-0.596232,1.637843,
86424499636420,Lacc,-0.535689,-0.196826,-0.813188,
86424499636420,GameRo,-0.421036,0.450889,0.033407,0.786328
86424519552271,Lacc,-0.681120,-0.323325,-1.030342,
86424519552271,GameRo,-0.421083,0.450961,0.033416,0.786261
86424535339032,pre,993.871521,,,
86424550661225,pre,993.869263,,,
86424565983419,pre,993.874512,,,
86424534489035,Gyro,-2.889371,-0.628425,1.624540,
86424554404386,Gyro,-2.552411,-0.689485,1.629329,
86424581274608,pre,993.879028,,,
86424539467873,Lacc,-0.577339,-0.639934,-0.480290,
86424539467873,GameRo,-0.453549,0.452165,0.091808,0.762504
86424559383224,Lacc,-0.791096,-0.405439,-0.613619,
86424559383224,GameRo,-0.453578,0.452210,0.091812,0.762459
86424596566798,pre,993.883484,,,
86424574319738,Gyro,-2.329057,-0.757063,1.620948,
86424594235089,Gyro,-2.244983,-0.780609,1.613365,
86424579298575,Lacc,-0.632606,-0.467264,-0.537866,
86424579298575,GameRo,-0.476207,0.450998,0.145840,0.740648
86424599213927,Lacc,-0.650438,-0.259560,-0.709596,
86424599213927,GameRo,-0.476239,0.451045,0.145840,0.740598
86424611918996,pre,993.873779,,,
86424627424216,pre,993.865479,,,
86424642624392,pre,993.880493,,,
86424614165817,Gyro,-2.180731,-0.742962,1.617622,
86424634142678,Gyro,-2.114882,-0.699196,1.579975,
86424619160032,Lacc,-0.362535,-0.508333,-0.444447,
86424619160032,GameRo,-0.491898,0.447709,0.196913,0.720291
86424639136893,Lacc,-0.644379,-0.626114,-0.107109,
86424639136893,GameRo,-0.491916,0.447709,0.196899,0.720282
86424657946586,pre,993.874512,,,
86424673267779,pre,993.877502,,,
86424688498960,pre,993.870789,,,
86424654088908,Gyro,-1.925316,-0.701990,1.492443,
86424673943251,Gyro,-1.617090,-0.693742,1.374447,
86424659052494,Lacc,-0.798693,-1.417637,0.423401,
86424659052494,GameRo,-0.504634,0.444013,0.245089,0.698662
86424678906837,Lacc,-0.901854,-1.239081,0.020522,
86424678906837,GameRo,-0.504666,0.443987,0.245052,0.698668
86424703943171,pre,993.876770,,,
86424726925461,pre,993.874512,,,
86424693828223,Gyro,-1.445617,-0.713962,1.270153,
86424713805083,Gyro,-1.286382,-0.683499,1.183418,
86424698822438,Lacc,-0.744941,-1.291265,-0.396351,
86424698822438,GameRo,-0.511639,0.439668,0.285680,0.680665
86424718799298,Lacc,-0.674663,-1.144760,-0.368594,
86424718799298,GameRo,-0.511693,0.439652,0.285629,0.680656
86424742217651,pre,993.880493,,,
86424757538844,pre,993.868530,,,
86424765811029,pre,993.879761,,,
86424733766566,Gyro,-1.054514,-0.614191,1.079390,
86424753681917,Gyro,-0.921486,-0.539163,0.960995,
86424738745404,Lacc,-0.346996,-1.427758,-0.111555,
86424738745404,GameRo,-0.514605,0.434786,0.319835,0.666219
86424758660755,Lacc,-0.249591,-1.252356,0.111066,
86424758660755,GameRo,-0.514649,0.434730,0.319778,0.666250
86424780522135,pre,993.888000,,,
86424795844329,pre,993.877502,,,
86424773597394,Gyro,-0.876389,-0.479167,0.865880,
86424793513245,Gyro,-0.810274,-0.431410,0.810141,
86424811196527,pre,993.885010,,,
86424778576356,Lacc,-0.066764,-1.312704,0.104223,
86424778576356,GameRo,-0.514997,0.431224,0.346252,0.654930
86424798492208,Lacc,-0.154460,-1.069911,-0.056383,
86424798492208,GameRo,-0.515045,0.431179,0.346197,0.654952
86424826488716,pre,993.882019,,,
86424841809910,pre,993.870789,,,
86424813428971,Gyro,-0.763848,-0.412387,0.780609,
86424833344323,Gyro,-0.764380,-0.428085,0.807747,
86424818407809,Lacc,0.017019,-1.130849,-0.098572,
86424818407809,GameRo,-0.515582,0.428018,0.368172,0.644535
86424838323160,Lacc,0.218491,-0.734267,0.038750,
86424838323160,GameRo,-0.515617,0.427973,0.368129,0.644562
86424857132103,pre,993.882019,,,
86424872454297,pre,993.883484,,,
86424887776491,pre,993.870789,,,
86424853244547,Gyro,-0.788325,-0.457883,0.867743,
86424873099389,Gyro,-0.774490,-0.497658,0.898871,
86424858208257,Lacc,0.290457,-0.716898,-0.080364,
86424858208257,GameRo,-0.515301,0.425031,0.389242,0.634274
86424878063100,Lacc,0.259792,-0.825604,-0.210482,
86424878063100,GameRo,-0.515354,0.424992,0.389185,0.634292
86424903098685,pre,993.874512,,,
86424918450883,pre,993.876770,,,
86424892984611,Gyro,-0.624035,-0.503512,0.929335,
86424912960972,Gyro,-0.450167,-0.491406,0.904458,
86424897978701,Lacc,0.424534,-1.088559,-0.387475,
86424897978701,GameRo,-0.513522,0.421949,0.411724,0.623489
86424917955062,Lacc,0.434371,-0.919924,-0.343040,
86424917955062,GameRo,-0.513590,0.421905,0.411654,0.623508
86424933742072,pre,993.872986,,,
86424949095270,pre,993.887268,,,
86424964417464,pre,993.867737,,,
86424932906827,Gyro,-0.319401,-0.447507,0.830628,
86424952761170,Gyro,-0.269249,-0.383786,0.735646,
86424937870413,Lacc,0.376655,-1.213542,-0.366154,
86424937870413,GameRo,-0.507737,0.421067,0.431700,0.615257
86424957724755,Lacc,0.152863,-1.337294,-0.304001,
86424957724755,GameRo,-0.507819,0.421007,0.431616,0.615290
86424979708653,pre,993.877502,,,
86424995030847,pre,993.882019,,,
86424972646142,Gyro,-0.232666,-0.324190,0.614191,
86424992623002,Gyro,-0.205395,-0.259804,0.488213,
86424977640357,Lacc,0.049125,-1.589247,-0.353244,
86424977640357,GameRo,-0.501632,0.421239,0.446738,0.609383
86424997617217,Lacc,-0.074594,-1.454408,-0.319866,
86424997617217,GameRo,-0.501719,0.421178,0.446653,0.609417
86425010261027,pre,993.887268,,,
86425033854405,pre,993.880493,,,
86425012584485,Gyro,-0.216437,-0.214707,0.382323,
86425032499836,Gyro,-0.255547,-0.173336,0.294790,
86425049390629,pre,993.887268,,,
86425017563323,Lacc,-0.018037,-1.253162,-0.304824,
86425017563323,GameRo,-0.497720,0.420940,0.457118,0.605085
86425037478674,Lacc,0.030449,-1.038898,-0.238460,
86425037478674,GameRo,-0.497785,0.420894,0.457054,0.605112
86425063979718,pre,993.876770,,,
86425079301912,pre,993.879761,,,
86425052400060,Gyro,-0.259405,-0.145400,0.206726,
86425072254903,Gyro,-0.287208,-0.111611,0.087000,
86425094501088,pre,993.877502,,,
86425057363771,Lacc,0.130184,-1.107118,-0.236760,
86425057363771,GameRo,-0.496603,0.419474,0.464452,0.601425
86425077218614,Lacc,0.208714,-1.163057,-0.207991,
86425077218614,GameRo,-0.496674,0.419414,0.464382,0.601462
86425109945299,pre,993.882019,,,
86425125267493,pre,993.882751,,,
86425092136374,Gyro,-0.266455,-0.074762,-0.019156,
86425112097732,Gyro,-0.258341,-0.047358,-0.091922,
86425097126714,Lacc,0.189022,-1.058675,-0.179303,
86425097126714,GameRo,-0.498170,0.416384,0.468959,0.598773
86425117088072,Lacc,0.142980,-0.768083,-0.060900,
86425117088072,GameRo,-0.498213,0.416341,0.468915,0.598801
86425140589687,pre,993.877502,,,
86425155911880,pre,993.877502,,,
86425132047589,Gyro,-0.268584,-0.026473,-0.137418,
86425151962940,Gyro,-0.209519,-0.017826,-0.173203,
86425137026426,Lacc,0.109094,-0.746650,0.007646,
86425137026426,GameRo,-0.501570,0.412447,0.470521,0.597432
86425156941778,Lacc,0.130834,-0.939317,-0.002916,
86425156941778,GameRo,-0.501618,0.412391,0.470471,0.597470
86425171142061,pre,993.885010,,,
86425186556268,pre,993.874512,,,
86425201877461,pre,993.872253,,,
86425171878416,Gyro,-0.148060,-0.011573,-0.186106,
86425191794268,Gyro,-0.144469,-0.005986,-0.199542,
86425176857379,Lacc,0.086291,-0.545017,0.008769,
86425176857379,GameRo,-0.505445,0.408396,0.470413,0.597034
86425196773230,Lacc,-0.005986,-0.381288,-0.041683,
86425196773230,GameRo,-0.505466,0.408377,0.470391,0.597047
86425217199655,pre,993.880493,,,
86425232521849,pre,993.882019,,,
86425211709994,Gyro,-0.118927,0.003459,-0.216038,
86425231625345,Gyro,-0.073165,0.019289,-0.218299,
86425216688832,Lacc,0.054901,-0.334506,-0.020035,
86425248332112,pre,993.879761,,,
86425216688832,GameRo,-0.508687,0.404981,0.469204,0.597558
86425236604183,Lacc,0.138523,-0.227719,0.040021,
86425236604183,GameRo,-0.508696,0.404963,0.469192,0.597571
86425263196240,pre,993.877502,,,
86425278518434,pre,993.872986,,,
86425251529320,Gyro,-0.022881,0.032592,-0.214574,
86425271399165,Gyro,0.019688,0.036184,-0.196217,
86425293748615,pre,993.888000,,,
86425256496781,Lacc,0.142754,-0.046159,0.076745,
86425256496781,GameRo,-0.511538,0.402214,0.467043,0.598685
86425276366626,Lacc,0.144894,-0.033230,0.041896,
86425276366626,GameRo,-0.511538,0.402206,0.467042,0.598691
86425309467865,pre,993.882751,,,
86425324515020,pre,993.882751,,,
86425291291888,Gyro,0.042303,0.027670,-0.181983,
86425311253246,Gyro,0.037514,0.018491,-0.167482,
86425296282227,Lacc,0.101935,-0.002261,-0.022123,
86425296282227,GameRo,-0.513272,0.400727,0.464200,0.600406
86425316243585,Lacc,0.041314,0.074724,-0.046947,
86425316243585,GameRo,-0.513272,0.400733,0.464202,0.600402
86425339837213,pre,993.868530,,,
86425362850508,pre,993.871521,,,
86425331203102,Gyro,0.003193,0.005188,-0.141010,
86425351118453,Gyro,-0.020619,0.000266,-0.127707,
86425336181940,Lacc,-0.030529,0.278278,-0.033289,
86425336181940,GameRo,-0.514338,0.399598,0.461734,0.602146
86425356097291,Lacc,-0.040009,0.215663,-0.013135,
86425356097291,GameRo,-0.514328,0.399612,0.461745,0.602136
86425378843798,pre,993.879028,,,
86425393494895,pre,993.885010,,,
86425371033930,Gyro,-0.004656,0.007050,-0.120790,
86425390949781,Gyro,0.038977,0.016096,-0.105757,
86425376012893,Lacc,-0.032234,0.104718,-0.067208,
86425376012893,GameRo,-0.515551,0.398172,0.460305,0.603146
86425395928744,Lacc,-0.017358,0.108483,-0.077072,
86425395928744,GameRo,-0.515550,0.398183,0.460308,0.603138
86425408725076,pre,993.882019,,,
86425424138283,pre,993.876770,,,
86425439460476,pre,993.870789,,,
86425410865507,Gyro,0.074895,0.025940,-0.084074,
86425430780859,Gyro,0.085138,0.028335,-0.063987,
86425415844345,Lacc,-0.019019,0.277304,-0.019794,
86425415844345,GameRo,-0.516122,0.397595,0.458606,0.604332
86425435759697,Lacc,-0.011109,0.193038,-0.007133,
86425435759697,GameRo,-0.516113,0.397607,0.458616,0.604324
86425454782670,pre,993.882019,,,
86425470104864,pre,993.887268,,,
86425485335044,pre,993.882751,,,
86425450684833,Gyro,0.092055,0.027936,-0.040175,
86425470554678,Gyro,0.086867,0.024477,-0.007184,
86425455652295,Lacc,0.010468,0.234502,-0.013178,
86425455652295,GameRo,-0.515859,0.398064,0.456876,0.605557
86425475522139,Lacc,0.022498,0.360415,0.007711,
86425475522139,GameRo,-0.515840,0.398085,0.456896,0.605544
86425500748251,pre,993.877502,,,
86425516070445,pre,993.882019,,,
86425490447401,Gyro,0.076757,0.019422,0.007716,
86425510408759,Gyro,0.094982,0.016895,0.015830,
86425495437741,Lacc,0.018166,0.194971,0.000816,
86425495437741,GameRo,-0.515106,0.399055,0.455818,0.606343
86425515399099,Lacc,0.011925,0.051530,-0.024224,
86425515399099,GameRo,-0.515104,0.399059,0.455819,0.606340
86425531301626,pre,993.877502,,,
86425546653824,pre,993.888000,,,
86425562037026,pre,993.879761,,,
86425530358741,Gyro,0.086734,0.014234,0.015298,
86425550274592,Gyro,0.058133,0.011840,0.011174,
86425535337703,Lacc,0.005367,0.124298,-0.010462,
86425535337703,GameRo,-0.514053,0.400236,0.455105,0.606992
86425555253555,Lacc,-0.008630,0.126334,0.012662,
86425555253555,GameRo,-0.514046,0.400243,0.455113,0.606988
86425577359220,pre,993.873779,,,
86425592680413,pre,993.883484,,,
86425570190318,Gyro,0.043633,0.008514,0.013968,
86425590105670,Gyro,0.036450,0.008381,0.012372,
86425575169156,Lacc,-0.030163,0.020725,-0.001710,
86425575169156,GameRo,-0.513296,0.401087,0.454639,0.607421
86425595084507,Lacc,-0.010044,-0.051795,0.006797,
86425595084507,GameRo,-0.513298,0.401083,0.454637,0.607423
86425607880589,pre,993.882019,,,
86425623324801,pre,993.879028,,,
86425638646994,pre,993.882751,,,
86425610009644,Gyro,0.032326,0.010376,0.003326,
86425629879489,Gyro,0.030996,0.010110,0.003060,
86425614977106,Lacc,0.028128,-0.091173,-0.009776,
86425614977106,GameRo,-0.512840,0.401632,0.454391,0.607632
86425634846950,Lacc,0.012811,-0.047001,0.001503,
86425634846950,GameRo,-0.512842,0.401628,0.454388,0.607634
86425653969188,pre,993.878235,,,
86425669291382,pre,993.878235,,,
86425686840894,pre,993.882019,,,
86425649760711,Gyro,0.009179,0.009977,0.005720,
86425669676062,Gyro,0.004922,0.007583,0.011706,
86425654739548,Lacc,0.017249,-0.060611,0.019512,
86425654739548,GameRo,-0.512569,0.402041,0.454086,0.607817
86425674654900,Lacc,0.052557,-0.063931,-0.034535,
86425674654900,GameRo,-0.512575,0.402038,0.454081,0.607818
86425699934769,pre,993.870789,,,
86425715256963,pre,993.872986,,,
86425689614416,Gyro,0.024211,0.006651,0.004922,
86425709621781,Gyro,0.048422,0.008248,0.001330,
86425694616258,Lacc,0.070963,-0.109214,-0.040144,
86425694616258,GameRo,-0.512498,0.402282,0.454054,0.607742
86425714623622,Lacc,0.071480,-0.024071,0.021293,
86425714623622,GameRo,-0.512498,0.402278,0.454053,0.607746
86425738240253,pre,993.882019,,,
86425754355561,pre,993.879028,,,
86425729594766,Gyro,0.038977,0.009179,0.008913,
86425749464610,Gyro,0.041239,0.006252,0.011440,
86425734562227,Lacc,0.043500,0.007271,0.044939,
86425734562227,GameRo,-0.512018,0.402794,0.453663,0.608099
86425754432072,Lacc,0.009431,-0.132805,0.011846,
86425754432072,GameRo,-0.512025,0.402785,0.453656,0.608105
86425768792628,pre,993.880493,,,
86425784205834,pre,993.880493,,,
86425799559032,pre,993.870789,,,
86425769345832,Gyro,0.049220,0.008514,0.005720,
86425789261183,Gyro,0.033789,0.009312,-0.007317,
86425774324670,Lacc,-0.057320,-0.077979,-0.034985,
86425774324670,GameRo,-0.511523,0.403353,0.453371,0.608363
86425794240021,Lacc,-0.100109,-0.011193,-0.050310,
86425794240021,GameRo,-0.511526,0.403358,0.453369,0.608359
86425814789213,pre,993.882019,,,
86425830202420,pre,993.884277,,,
86425809176659,Gyro,0.023014,0.010376,-0.016495,
86425829092511,Gyro,0.006651,0.012239,-0.018624,
86425846043688,pre,993.882019,,,
86425814155622,Lacc,-0.066680,-0.013132,0.000472,
86425814155622,GameRo,-0.511217,0.403733,0.452914,0.608708
86425834071474,Lacc,0.016418,0.017480,0.010689,
86425834071474,GameRo,-0.511215,0.403733,0.452916,0.608708
86425860846807,pre,993.876038,,,
86425876199005,pre,993.872986,,,
86425848996861,Gyro,-0.003459,0.017959,-0.023945,
86425868866705,Gyro,0.009711,0.021151,-0.030863,
86425891399181,pre,993.879028,,,
86425853964322,Lacc,0.093878,-0.041791,-0.025567,
86425853964322,GameRo,-0.511379,0.403773,0.452487,0.608863
86425873834167,Lacc,0.098870,-0.044575,-0.032132,
86425873834167,GameRo,-0.511384,0.403769,0.452482,0.608865
86425906721375,pre,993.876038,,,
86425922226595,pre,993.878235,,,
86425888747927,Gyro,0.010908,0.017693,-0.023945,
86425908663278,Gyro,0.000133,0.011706,-0.018225,
86425893726765,Lacc,0.057063,0.053864,-0.009916,
86425893726765,GameRo,-0.511710,0.403792,0.451881,0.609022
86425913642116,Lacc,0.002202,0.016832,-0.009613,
86425913642116,GameRo,-0.511710,0.403793,0.451882,0.609021
86425937456776,pre,993.878235,,,
86425952778969,pre,993.882751,,,
86425928590131,Gyro,0.002661,0.002794,-0.005853,
86425948551489,Gyro,-0.005055,-0.002128,0.000399,
86425933580471,Lacc,-0.024158,0.032235,-0.015481,
86425933580471,GameRo,-0.511918,0.403786,0.451520,0.609120
86425953541828,Lacc,-0.036341,0.075064,-0.028303,
86425953541828,GameRo,-0.511916,0.403793,0.451524,0.609114
86425967979145,pre,993.877502,,,
86425983422357,pre,993.868530,,,
86425998744550,pre,993.887268,,,
86425968501345,Gyro,-0.004922,0.001862,-0.003326,
86425988416697,Gyro,0.004124,0.007317,0.006119,
86426006314634,pre,993.875244,,,
86425973480183,Lacc,-0.019732,0.056231,-0.020752,
86425973480183,GameRo,-0.511949,0.403757,0.451544,0.609095
86425993395534,Lacc,-0.028167,0.016441,-0.000506,
86425993395534,GameRo,-0.511948,0.403759,0.451545,0.609094
86426021727841,pre,993.885742,,,
86426037050034,pre,993.876038,,,
86426008332173,Gyro,0.016629,0.011041,0.005454,
86426028248024,Gyro,0.023679,0.014633,0.002528,
86426013311136,Lacc,-0.015532,-0.034080,-0.001460,
86426013311136,GameRo,-0.511954,0.403888,0.451483,0.609049
86426033226987,Lacc,-0.002018,0.019914,-0.048872,
86426033226987,GameRo,-0.511956,0.403892,0.451482,0.609045
86426060612408,pre,993.885010,,,
86426075354519,pre,993.885010,,,
86426048152374,Gyro,0.019688,0.016762,-0.002395,
86426068022219,Gyro,0.021817,0.017294,0.003991,
86426090646708,pre,993.882751,,,
86426053119835,Lacc,0.034950,0.035182,-0.040473,
86426053119835,GameRo,-0.511797,0.404284,0.451200,0.609128
86426072989680,Lacc,-0.013574,0.010687,0.020517,
86426072989680,GameRo,-0.511795,0.404284,0.451202,0.609128
86426105998906,pre,993.877502,,,
86426121321100,pre,993.885742,,,
86426087930194,Gyro,0.016895,0.011041,0.017959,
86426107952561,Gyro,0.030197,0.006518,0.023413,
86426092935786,Lacc,-0.030914,-0.049860,0.070049,
86426092935786,GameRo,-0.511651,0.404715,0.450919,0.609172
86426112958152,Lacc,0.010446,-0.058352,0.035320,
86426112958152,GameRo,-0.511652,0.404709,0.450917,0.609177
86426136643293,pre,993.883484,,,
86426151965487,pre,993.880493,,,
86426127932921,Gyro,0.026074,0.004922,0.016229,
86426147787264,Gyro,0.008115,0.006252,0.003725,
86426132896507,Lacc,0.013412,0.026006,-0.003373,
86426132896507,GameRo,-0.511219,0.405258,0.450889,0.609197
86426152750850,Lacc,0.029477,0.012200,0.037761,
86426152750850,GameRo,-0.511216,0.405256,0.450891,0.609199
86426167164663,pre,993.882019,,,
86426182578870,pre,993.879028,,,
86426197931068,pre,993.879028,,,
86426167645482,Gyro,0.004523,0.008248,-0.003326,
86426187515327,Gyro,0.006518,0.003858,0.004523,
86426172612943,Lacc,0.029452,-0.034397,0.065380,
86426172612943,GameRo,-0.511079,0.405483,0.450798,0.609231
86426192482788,Lacc,0.035141,-0.018601,0.059894,
86426192482788,GameRo,-0.511076,0.405478,0.450799,0.609236
86426213222257,pre,993.885010,,,
86426228666469,pre,993.879761,,,
86426207408050,Gyro,0.013303,-0.000931,0.010642,
86426227369408,Gyro,0.019688,-0.005720,0.013569,
86426212398389,Lacc,0.013103,-0.059537,0.050895,
86426244080675,pre,993.879761,,,
86426212398389,GameRo,-0.511015,0.405616,0.450735,0.609244
86426232359747,Lacc,-0.008883,-0.057242,0.011720,
86426232359747,GameRo,-0.511017,0.405612,0.450732,0.609246
86426259218843,pre,993.882751,,,
86426274541037,pre,993.885742,,,
86426247307888,Gyro,0.013702,-0.008514,0.007450,
86426267177732,Gyro,0.004124,-0.003592,-0.006252,
86426252275349,Lacc,-0.027570,-0.041607,-0.006770,
86426252275349,GameRo,-0.510660,0.405827,0.450791,0.609359
86426272145194,Lacc,-0.003559,-0.028958,0.019910,
86426272145194,GameRo,-0.510660,0.405824,0.450790,0.609362
86426289771217,pre,993.884277,,,
86426305154420,pre,993.882019,,,
86426320476613,pre,993.882751,,,
86426287070455,Gyro,-0.007849,0.001729,-0.013702,
86426307031813,Gyro,0.004922,0.003858,-0.007583,
86426292060795,Lacc,0.040026,-0.091985,0.025940,
86426292060795,GameRo,-0.510603,0.405763,0.450746,0.609483
86426312022153,Lacc,0.081469,-0.076085,0.023241,
86426312022153,GameRo,-0.510606,0.405755,0.450741,0.609489
86426335706794,pre,993.888000,,,
86426351089996,pre,993.882751,,,
86426326981670,Gyro,0.014899,0.003459,0.000665,
86426346897021,Gyro,0.032459,0.000665,0.000931,
86426331960507,Lacc,0.055507,-0.108956,0.001756,
86426331960507,GameRo,-0.510681,0.405725,0.450583,0.609563
86426351875859,Lacc,0.066887,-0.137426,-0.021173,
86426351875859,GameRo,-0.510690,0.405716,0.450573,0.609569
86426366320177,pre,993.885742,,,
86426389364476,pre,993.882019,,,
86426366812497,Gyro,0.034720,0.000133,-0.001330,
86426386728349,Gyro,0.013436,0.000000,-0.006119,
86426371791460,Lacc,0.081423,-0.043363,-0.012657,
86426371791460,GameRo,-0.510337,0.406004,0.450332,0.609851
86426391707311,Lacc,0.040639,-0.018962,0.004234,
86426391707311,GameRo,-0.510338,0.406001,0.450330,0.609853
86426404594657,pre,993.885010,,,
86426420008863,pre,993.882019,,,
86426435331057,pre,993.882019,,,
86426406644075,Gyro,-0.001596,0.000665,-0.010509,
86426426559426,Gyro,-0.005587,0.001330,-0.013569,
86426411622913,Lacc,0.003642,-0.111174,-0.018603,
86426411622913,GameRo,-0.510196,0.406084,0.450121,0.610071
86426431538264,Lacc,0.016630,-0.102387,-0.030419,
86426431538264,GameRo,-0.510203,0.406079,0.450114,0.610074
86426450622246,pre,993.871521,,,
86426465883431,pre,993.888000,,,
86426482242774,pre,993.882751,,,
86426446463401,Gyro,-0.004124,0.005321,-0.017427,
86426466333246,Gyro,-0.000399,0.010110,-0.021684,
86426451430862,Lacc,0.049623,-0.052244,-0.010928,
86426451430862,GameRo,-0.510385,0.405923,0.449973,0.610129
86426471300707,Lacc,0.055043,-0.059277,-0.009447,
86426471300707,GameRo,-0.510390,0.405919,0.449969,0.610132
86426496587827,pre,993.879028,,,
86426511910021,pre,993.878235,,,
86426486225969,Gyro,0.002261,0.012106,-0.017427,
86426506187327,Gyro,0.011706,0.009844,-0.017028,
86426491216308,Lacc,0.039344,-0.031994,-0.025337,
86426491216308,GameRo,-0.510663,0.405809,0.449635,0.610222
86426511177666,Lacc,0.033643,-0.031683,-0.021113,
86426511177666,GameRo,-0.510666,0.405808,0.449632,0.610223
86426527202211,pre,993.878235,,,
86426542523404,pre,993.885742,,,
86426557845598,pre,993.883484,,,
86426526137308,Gyro,0.016895,0.014766,-0.018358,
86426546053159,Gyro,0.013702,0.017826,-0.018757,
86426531116271,Lacc,0.047700,-0.019391,0.003744,
86426531116271,GameRo,-0.510776,0.405865,0.449228,0.610390
86426551032122,Lacc,0.033971,-0.058912,-0.002116,
86426551032122,GameRo,-0.510779,0.405861,0.449224,0.610393
86426573167791,pre,993.881287,,,
86426588489985,pre,993.882751,,,
86426565968886,Gyro,0.013702,0.017560,-0.017028,
86426585884237,Gyro,0.007849,0.015165,-0.010908,
86426570947724,Lacc,0.033185,-0.079135,-0.000405,
86426570947724,GameRo,-0.510925,0.406001,0.448685,0.610573
86426590863075,Lacc,0.021476,-0.063486,-0.021981,
86426590863075,GameRo,-0.510930,0.405998,0.448680,0.610575
86426604331253,pre,993.882751,,,
86426619134373,pre,993.878235,,,
86426634455566,pre,993.882751,,,
86426605799588,Gyro,0.011840,0.010642,-0.013835,
86426625714940,Gyro,0.017028,0.010509,-0.016629,
86426610778426,Lacc,0.014704,-0.095914,-0.015694,
86426610778426,GameRo,-0.511060,0.406131,0.448293,0.610663
86426630693778,Lacc,0.024116,-0.056093,0.008349,
86426630693778,GameRo,-0.511062,0.406126,0.448290,0.610666
86426649808764,pre,993.874512,,,
86426665130958,pre,993.885010,,,
86426645618914,Gyro,-0.001729,0.011174,-0.021418,
86426665488759,Gyro,0.000665,0.009179,-0.019422,
86426681398287,pre,993.893250,,,
86426650586376,Lacc,0.008135,-0.093242,-0.009259,
86426650586376,GameRo,-0.511133,0.406199,0.447863,0.610871
86426670456220,Lacc,0.003566,-0.080969,-0.001893,
86426670456220,GameRo,-0.511138,0.406194,0.447858,0.610875
86426695774345,pre,993.875244,,,
86426711096539,pre,993.876038,,,
86426685381482,Gyro,-0.005055,0.007849,-0.021684,
86426705342840,Gyro,0.003060,0.006917,-0.023546,
86426690371822,Lacc,-0.018542,-0.092392,-0.008757,
86426690371822,GameRo,-0.511417,0.406076,0.447527,0.610962
86426710333180,Lacc,-0.002825,-0.072720,-0.000919,
86426710333180,GameRo,-0.511421,0.406072,0.447522,0.610964
86426726326720,pre,993.879028,,,
86426749402023,pre,993.884277,,,
86426725292822,Gyro,-0.001862,0.010110,-0.026340,
86426745208673,Gyro,0.001995,0.010243,-0.025940,
86426730271784,Lacc,-0.000200,0.021324,0.001415,
86426730271784,GameRo,-0.511677,0.405919,0.447162,0.611116
86426750187636,Lacc,-0.003072,-0.048297,0.014871,
86426750187636,GameRo,-0.511679,0.405915,0.447160,0.611118
86426764632204,pre,993.888733,,,
86426780076415,pre,993.878235,,,
86426795398609,pre,993.886536,,,
86426765124399,Gyro,0.010908,0.011307,-0.021684,
86426785039751,Gyro,0.012372,0.011174,-0.023812,
86426770103237,Lacc,-0.020788,-0.040098,0.015199,
86426770103237,GameRo,-0.511951,0.405804,0.446727,0.611281
86426790018588,Lacc,-0.020576,-0.020394,0.009108,
86426804523915,pre,993.888733,,,
86426790018588,GameRo,-0.511951,0.405803,0.446727,0.611282
86426826041996,pre,993.874512,,,
86426804955227,Gyro,0.007583,0.011840,-0.029133,
86426824871078,Gyro,-0.007716,0.009578,-0.024078,
86426843470491,pre,993.878235,,,
86426809934190,Lacc,0.022105,0.045481,0.025824,
86426809934190,GameRo,-0.512096,0.405803,0.446221,0.611530
86426829850041,Lacc,0.035416,0.071307,0.022274,
86426829850041,GameRo,-0.512091,0.405805,0.446226,0.611529
86426856716388,pre,993.888000,,,
86426872038581,pre,993.878235,,,
86426844775428,Gyro,-0.010908,0.003592,-0.010243,
86426864645273,Gyro,0.001463,-0.003326,0.001596,
86426849742889,Lacc,0.019900,0.029391,0.001272,
86426849742889,GameRo,-0.512431,0.405625,0.445875,0.611620
86426869612734,Lacc,0.007737,0.006942,-0.017434,
86426869612734,GameRo,-0.512432,0.405626,0.445874,0.611619
86426887360775,pre,993.888733,,,
86426902682969,pre,993.872986,,,
86426918035167,pre,993.881287,,,
86426884526494,Gyro,0.013037,-0.004523,0.003193,
86426904441846,Gyro,0.002927,-0.003193,0.000266,
86426889505332,Lacc,-0.025484,0.045492,-0.025856,
86426889505332,GameRo,-0.512414,0.405601,0.445896,0.611634
86426909420683,Lacc,-0.059365,0.097602,-0.030477,
86426909420683,GameRo,-0.512410,0.405611,0.445902,0.611627
86426933357361,pre,993.878235,,,
86426948679554,pre,993.879761,,,
86426924368699,Gyro,-0.021285,0.001463,-0.002261,
86426944330057,Gyro,-0.022748,0.010775,0.000000,
86426929359038,Lacc,-0.002767,0.088673,-0.008951,
86426929359038,GameRo,-0.512339,0.405612,0.445920,0.611673
86426949320396,Lacc,0.014366,0.036673,-0.001943,
86426949320396,GameRo,-0.512337,0.405614,0.445922,0.611672
86426963909735,pre,993.885742,,,
86426979842016,pre,993.870789,,,
86426994676140,pre,993.882019,,,
86426964268536,Gyro,-0.003991,0.013037,0.003592,
86426984138381,Gyro,0.004523,0.009179,0.011440,
86426969235997,Lacc,0.036534,-0.026735,0.010507,
86426969235997,GameRo,-0.512688,0.405518,0.446002,0.611382
86426989105842,Lacc,0.064209,0.070102,-0.005577,
86426989105842,GameRo,-0.512684,0.405521,0.446006,0.611381
86427009998333,pre,993.882019,,,
86427025319527,pre,993.874512,,,
86427004019602,Gyro,-0.015830,0.001862,0.013303,
86427023934954,Gyro,-0.028335,-0.005853,0.017959,
86427008998440,Lacc,0.029331,0.068918,-0.027308,
86427040733734,pre,993.878235,,,
86427008998440,GameRo,-0.512677,0.405752,0.446021,0.611223
86427028913792,Lacc,0.031960,0.034457,-0.006447,
86427028913792,GameRo,-0.512675,0.405754,0.446022,0.611222
86427055963914,pre,993.873779,,,
86427071316112,pre,993.873779,,,
86427043854181,Gyro,-0.028601,-0.010243,0.025940,
86427063785034,Gyro,-0.000931,-0.007317,0.029798,
86427086577297,pre,993.880493,,,
86427048836894,Lacc,0.012822,-0.035327,-0.007796,
86427048836894,GameRo,-0.512823,0.405636,0.446505,0.610823
86427068767747,Lacc,0.023602,-0.108914,0.011894,
86427068767747,GameRo,-0.512829,0.405628,0.446499,0.610829
86427101930495,pre,993.878235,,,
86427117282693,pre,993.879028,,,
86427083719763,Gyro,0.015564,-0.002528,0.025009,
86427103666119,Gyro,0.005587,-0.002128,0.016495,
86427088706352,Lacc,-0.008443,-0.129484,-0.017221,
86427088706352,GameRo,-0.512605,0.405766,0.446961,0.610587
86427108652708,Lacc,-0.029944,-0.074011,-0.045800,
86427108652708,GameRo,-0.512612,0.405765,0.446955,0.610586
86427140234980,pre,993.885742,,,
86427155557173,pre,993.880493,,,
86427123604724,Gyro,-0.016229,-0.001729,0.001995,
86427143520075,Gyro,-0.023147,-0.001463,-0.010110,
86427128583561,Lacc,-0.025744,-0.098856,-0.048597,
86427128583561,GameRo,-0.512389,0.405964,0.447126,0.610515
86427148498913,Lacc,0.002566,-0.127290,-0.053284,
86427148498913,GameRo,-0.512400,0.405959,0.447116,0.610517
86427170879367,pre,993.890259,,,
86427186231565,pre,993.879028,,,
86427163424050,Gyro,-0.011174,0.004656,-0.019555,
86427183293894,Gyro,0.003459,0.012904,-0.030863,
86427168391511,Lacc,0.022067,-0.145969,-0.035449,
86427168391511,GameRo,-0.512737,0.405660,0.447173,0.610391
86427188261356,Lacc,0.049472,-0.170243,-0.026165,
86427188261356,GameRo,-0.512749,0.405649,0.447160,0.610398
86427201431741,pre,993.885010,,,
86427217058979,pre,993.894775,,,
86427232198146,pre,993.884277,,,
86427203186617,Gyro,0.005986,0.017959,-0.033789,
86427223147975,Gyro,0.000266,0.015830,-0.038179,
86427208176957,Lacc,0.011579,-0.123037,-0.034636,
86427208176957,GameRo,-0.513082,0.405502,0.446669,0.610575
86427228138315,Lacc,0.033132,-0.110744,-0.008300,
86427228138315,GameRo,-0.513089,0.405494,0.446661,0.610580
86427247519340,pre,993.879028,,,
86427255180437,pre,993.884277,,,
86427270502630,pre,993.879761,,,
86427243097832,Gyro,-0.004656,0.012505,-0.038977,
86427263013183,Gyro,-0.004523,0.004124,-0.037514,
86427286068859,pre,993.888733,,,
86427248076669,Lacc,0.025028,-0.079512,-0.025412,
86427248076669,GameRo,-0.513514,0.405327,0.446032,0.610794
86427267992021,Lacc,0.012857,-0.011894,-0.028061,
86427267992021,GameRo,-0.513517,0.405327,0.446029,0.610793
86427301147018,pre,993.868530,,,
86427316469211,pre,993.885742,,,
86427282917158,Gyro,-0.010376,0.001729,-0.035519,
86427302787002,Gyro,0.001463,0.004257,-0.034321,
86427287884619,Lacc,0.027216,0.041013,-0.004671,
86427287884619,GameRo,-0.513943,0.404957,0.445564,0.611020
86427307754464,Lacc,0.002979,0.007474,0.008566,
86427307754464,GameRo,-0.513942,0.404957,0.445565,0.611020
86427331790405,pre,993.884277,,,
86427347112599,pre,993.885010,,,
86427322679726,Gyro,0.016895,0.007050,-0.024743,
86427342641083,Gyro,0.021950,0.007184,-0.019555,
86427362404788,pre,993.881287,,,
86427327670065,Lacc,-0.017299,0.065193,0.022486,
86427327670065,GameRo,-0.514242,0.404668,0.445132,0.611274
86427347631423,Lacc,-0.008403,0.089540,0.001512,
86427347631423,GameRo,-0.514237,0.404674,0.445138,0.611270
86427377756986,pre,993.877502,,,
86427393079180,pre,993.882751,,,
86427362591065,Gyro,0.023147,0.006385,-0.010642,
86427382506916,Gyro,0.023014,0.002128,-0.000133,
86427367570028,Lacc,-0.009912,0.077281,-0.021431,
86427367570028,GameRo,-0.514201,0.404760,0.444661,0.611590
86427387485879,Lacc,-0.026103,0.096436,-0.005837,
86427387485879,GameRo,-0.514196,0.404768,0.444668,0.611585
86427416092475,pre,993.882751,,,
86427431414668,pre,993.882751,,,
86427402422642,Gyro,0.019289,-0.000532,0.001729,
86427422337994,Gyro,0.025408,0.001197,-0.002395,
86427407401480,Lacc,-0.022677,0.089115,0.002014,
86427407401480,GameRo,-0.513951,0.404994,0.444437,0.611809
86427427316832,Lacc,-0.012975,0.053202,-0.019688,
86427427316832,GameRo,-0.513950,0.404999,0.444440,0.611805
86427446705858,pre,993.886536,,,
86427462059056,pre,993.882751,,,
86427442253470,Gyro,0.032991,0.003991,-0.000266,
86427462169322,Gyro,0.030197,0.006385,0.009312,
86427447232433,Lacc,-0.006691,0.073876,0.008337,
86427478937472,pre,993.895508,,,
86427447232433,GameRo,-0.513661,0.405222,0.444223,0.612057
86427467148284,Lacc,0.004711,0.085812,0.037183,
86427467148284,GameRo,-0.513653,0.405226,0.444230,0.612056
86427492702443,pre,993.876770,,,
86427508024637,pre,993.885010,,,
86427482085048,Gyro,0.033922,0.002128,0.015298,
86427502000399,Gyro,0.030730,-0.003326,0.024078,
86427487063886,Lacc,-0.001900,0.024733,0.002442,
86427487063886,GameRo,-0.513262,0.405642,0.444010,0.612268
86427506979237,Lacc,0.009948,0.052445,-0.024938,
86427506979237,GameRo,-0.513260,0.405647,0.444012,0.612264
86427523498852,pre,993.882751,,,
86427538669024,pre,993.876038,,,
86427553990218,pre,993.878235,,,
86427521915876,Gyro,0.021418,-0.008248,0.024211,
86427541831727,Gyro,0.030197,-0.007716,0.023147,
86427526894838,Lacc,0.008842,0.018760,-0.037859,
86427526894838,GameRo,-0.512682,0.406113,0.444075,0.612394
86427546810690,Lacc,0.000489,-0.015292,-0.026144,
86427546810690,GameRo,-0.512685,0.406114,0.444073,0.612393
86427569282407,pre,993.880493,,,
86427584604601,pre,993.882751,,,
86427561747453,Gyro,0.037381,-0.002528,0.021151,
86427581662805,Gyro,0.043500,0.003858,0.020486,
86427566726291,Lacc,-0.006946,-0.044517,-0.011498,
86427566726291,GameRo,-0.512091,0.406508,0.444196,0.612539
86427586641642,Lacc,-0.016513,-0.042450,-0.025919,
86427586641642,GameRo,-0.512095,0.406507,0.444192,0.612539
86427599834781,pre,993.881287,,,
86427615247988,pre,993.871521,,,
86427630601186,pre,993.885742,,,
86427601578156,Gyro,0.027670,0.005188,0.013170,
86427621493507,Gyro,0.022083,0.005454,0.004257,
86427606556994,Lacc,0.001772,-0.065878,-0.052755,
86427606556994,GameRo,-0.511477,0.407091,0.444076,0.612752
86427626472345,Lacc,0.045827,-0.050282,-0.055779,
86427626472345,GameRo,-0.511484,0.407089,0.444070,0.612752
86427645892376,pre,993.883484,,,
86427661824657,pre,993.882751,,,
86427641408984,Gyro,0.009844,0.002395,-0.001463,
86427661324835,Gyro,0.000133,-0.001596,-0.003858,
86427677482898,pre,993.888733,,,
86427646387946,Lacc,0.059185,-0.041390,-0.030496,
86427646387946,GameRo,-0.511233,0.407390,0.443911,0.612876
86427666303798,Lacc,0.056473,-0.081598,-0.028896,
86427666303798,GameRo,-0.511241,0.407385,0.443904,0.612878
86427691766943,pre,993.882751,,,
86427707180150,pre,993.871521,,,
86427681240561,Gyro,-0.002128,-0.003725,-0.004789,
86427701155913,Gyro,-0.009977,-0.003326,-0.007982,
86427686219399,Lacc,0.043911,-0.069799,-0.021052,
86427686219399,GameRo,-0.511240,0.407353,0.443849,0.612940
86427706134751,Lacc,0.059608,-0.044004,-0.015902,
86427706134751,GameRo,-0.511244,0.407349,0.443845,0.612942
86427722502344,pre,993.872986,,,
86427737824538,pre,993.882751,,,
86427753146731,pre,993.888000,,,
86427721071389,Gyro,-0.010908,0.002927,-0.013037,
86427740987240,Gyro,0.004390,0.008913,-0.014101,
86427726050352,Lacc,0.039818,-0.072526,-0.051579,
86427726050352,GameRo,-0.511398,0.407152,0.443840,0.612948
86427745966203,Lacc,0.026544,-0.071358,-0.067219,
86427745966203,GameRo,-0.511407,0.407150,0.443832,0.612947
86427768651951,pre,993.882751,,,
86427791451215,pre,993.882751,,,
86427760902967,Gyro,0.029266,0.015431,-0.014234,
86427780818318,Gyro,0.052280,0.018757,-0.009445,
86427765881805,Lacc,0.045623,-0.089309,-0.054711,
86427765881805,GameRo,-0.511568,0.407133,0.443540,0.613037
86427785797156,Lacc,0.028817,-0.031911,-0.056229,
86427785797156,GameRo,-0.511574,0.407133,0.443535,0.613035
86427806773409,pre,993.882751,,,
86427822125607,pre,993.888733,,,
86427800733794,Gyro,0.036317,0.020752,-0.006917,
86427820649646,Gyro,0.013569,0.022349,-0.002661,
86427805712757,Lacc,-0.001440,0.036016,-0.066120,
86427837386792,pre,993.882751,,,
86427805712757,GameRo,-0.511270,0.407659,0.442843,0.613439
86427825628609,Lacc,-0.030362,0.039400,-0.058107,
86427825628609,GameRo,-0.511272,0.407666,0.442843,0.613433
86427852769995,pre,993.886536,,,
86427868122193,pre,993.887268,,,
86427840565372,Gyro,-0.001729,0.021684,-0.000532,
86427860480724,Gyro,-0.005321,0.020353,0.002128,
86427845544210,Lacc,-0.007150,0.017908,-0.016606,
86427845544210,GameRo,-0.511298,0.408041,0.442447,0.613448
86427865459561,Lacc,0.050143,0.025994,0.008165,
86427865459561,GameRo,-0.511296,0.408040,0.442448,0.613449
86427884238500,pre,993.878235,,,
86427899132632,pre,993.888000,,,
86427914057769,pre,993.874512,,,
86427880384698,Gyro,-0.004390,0.019821,0.000665,
86427900254543,Gyro,-0.007583,0.016762,0.000798,
86427885352159,Lacc,0.078332,0.015689,0.004096,
86427885352159,GameRo,-0.511530,0.408256,0.442294,0.613221
86427905222004,Lacc,0.050875,0.051466,0.001691,
86427905222004,GameRo,-0.511527,0.408258,0.442297,0.613220
86427929379963,pre,993.881287,,,
86427944732161,pre,993.883484,,,
86427920147266,Gyro,-0.013569,0.012106,0.002927,
86427940108624,Gyro,-0.007583,0.007982,0.003858,
86427925137606,Lacc,0.015992,0.023945,0.023829,
86427925137606,GameRo,-0.511752,0.408411,0.442203,0.612998
86427945098963,Lacc,-0.004156,-0.026099,0.039006,
86427945098963,GameRo,-0.511751,0.408407,0.442203,0.613001
86427959932337,pre,993.877502,,,
86427975376548,pre,993.878235,,,
86427990698742,pre,993.882751,,,
86427960058480,Gyro,0.000399,0.004124,0.011973,
86427979973832,Gyro,0.000665,0.001729,0.010376,
86427965037318,Lacc,-0.006306,0.000972,0.048400,
86427965037318,GameRo,-0.511890,0.408470,0.442250,0.612810
86427984952669,Lacc,-0.046477,-0.051184,0.019217,
86427984952669,GameRo,-0.511891,0.408466,0.442248,0.612813
86428006020936,pre,993.885742,,,
86428021312125,pre,993.889526,,,
86427999889308,Gyro,0.002927,-0.003060,0.011307,
86428019805159,Gyro,-0.017693,-0.004257,0.005720,
86428004868271,Lacc,-0.048661,-0.021924,0.008796,
86428036573310,pre,993.885010,,,
86428004868271,GameRo,-0.511784,0.408623,0.442355,0.612720
86428024784122,Lacc,0.015578,0.002373,0.010261,
86428024784122,GameRo,-0.511784,0.408622,0.442355,0.612721
86428051956512,pre,993.882751,,,
86428067217697,pre,993.880493,,,
86428039720886,Gyro,-0.016629,-0.001463,0.002661,
86428059636237,Gyro,-0.003991,0.000399,0.007716,
86428082477882,pre,993.882751,,,
86428044699724,Lacc,0.013012,-0.040888,0.006345,
86428044699724,GameRo,-0.511846,0.408527,0.442579,0.612571
86428064615075,Lacc,-0.003760,-0.079526,0.022300,
86428064615075,GameRo,-0.511849,0.408521,0.442575,0.612576
86428097922093,pre,993.884277,,,
86428113244287,pre,993.883484,,,
86428079551713,Gyro,0.034454,-0.000399,0.020220,
86428099467565,Gyro,0.062656,-0.007050,0.024344,
86428084530676,Lacc,-0.019750,-0.138880,0.046337,
86428084530676,GameRo,-0.511816,0.408576,0.442685,0.612486
86428104446528,Lacc,0.023406,-0.180099,0.043950,
86428104446528,GameRo,-0.511824,0.408560,0.442676,0.612498
86428128566481,pre,993.883484,,,
86428143888675,pre,993.893982,,,
86428119383291,Gyro,0.054675,-0.011174,0.014234,
86428139298642,Gyro,0.015963,-0.015564,-0.010908,
86428124362129,Lacc,0.077075,-0.154799,0.001128,
86428124362129,GameRo,-0.510897,0.409214,0.442541,0.612933
86428144277480,Lacc,0.056849,-0.104492,0.000744,
86428144277480,GameRo,-0.510903,0.409205,0.442533,0.612939
86428166870965,pre,993.892517,,,
86428182193159,pre,993.884277,,,
86428159214119,Gyro,-0.021151,-0.016096,-0.037780,
86428179129970,Gyro,-0.040308,-0.017560,-0.049087,
86428164193082,Lacc,0.025328,-0.122514,-0.003068,
86428164193082,GameRo,-0.510604,0.409107,0.442404,0.613347
86428184108933,Lacc,0.010354,-0.119711,-0.024105,
86428184108933,GameRo,-0.510613,0.409100,0.442394,0.613351
86428197454344,pre,993.882751,,,
86428212806542,pre,993.888000,,,
86428228159740,pre,993.871521,,,
86428199045697,Gyro,-0.034720,-0.012638,-0.051083,
86428218961048,Gyro,-0.012239,-0.005720,-0.049753,
86428204024534,Lacc,-0.008189,-0.074853,-0.027785,
86428204024534,GameRo,-0.511301,0.408092,0.442275,0.613535
86428223939886,Lacc,0.009702,-0.059216,-0.014246,
86428223939886,GameRo,-0.511306,0.408088,0.442270,0.613537
86428243450929,pre,993.875244,,,
86428258803127,pre,993.882751,,,
86428238876399,Gyro,0.003592,0.004257,-0.042702,
86428258791750,Gyro,0.008780,0.011041,-0.029399,
86428243855237,Lacc,0.002013,-0.010052,-0.032828,
86428243855237,GameRo,-0.511848,0.407377,0.441844,0.613865
86428263770588,Lacc,-0.033098,0.002113,-0.041270,
86428263770588,GameRo,-0.511851,0.407380,0.441842,0.613862
86428276017592,pre,993.872986,,,
86428289447515,pre,993.877502,,,
86428304769708,pre,993.875244,,,
86428278703351,Gyro,0.026207,0.015564,-0.020353,
86428298603700,Gyro,0.047491,0.019555,-0.017294,
86428283678439,Lacc,-0.045709,-0.031595,-0.001730,
86428283678439,GameRo,-0.512083,0.407269,0.441271,0.614152
86428303578788,Lacc,0.007373,-0.085733,0.047619,
86428303578788,GameRo,-0.512085,0.407260,0.441267,0.614159
86428320091902,pre,993.882751,,,
86428335413096,pre,993.882751,,,
86428350735289,pre,993.885742,,,
86428318500299,Gyro,0.063720,0.020885,-0.012904,
86428338385646,Gyro,0.069308,0.018890,-0.009578,
86428323471636,Lacc,0.057557,-0.068938,0.063923,
86428323471636,GameRo,-0.511828,0.407707,0.440500,0.614627
86428343356983,Lacc,0.044080,-0.034352,0.046854,
86428343356983,GameRo,-0.511827,0.407701,0.440499,0.614633
86428366057483,pre,993.886536,,,
86428381379677,pre,993.884277,,,
86428358278494,Gyro,0.062523,0.007317,-0.011041,
86428378193846,Gyro,0.044431,-0.000266,-0.013702,
86428396731875,pre,993.882751,,,
86428363257332,Lacc,0.044538,-0.005183,0.024507,
86428363257332,GameRo,-0.511239,0.408406,0.439637,0.615271
86428383172683,Lacc,0.074858,0.004089,0.001654,
86428383172683,GameRo,-0.511239,0.408404,0.439637,0.615273
86428412024064,pre,993.884277,,,
86428427345258,pre,993.885742,,,
86428398120698,Gyro,0.026606,-0.010376,-0.017294,
86428418082056,Gyro,0.017826,-0.013835,-0.015697,
86428403111038,Lacc,0.060459,0.023438,-0.022277,
86428403111038,GameRo,-0.510778,0.408672,0.439096,0.615863
86428423072396,Lacc,0.066352,0.026964,-0.013433,
86428423072396,GameRo,-0.510778,0.408673,0.439096,0.615863
86428442789469,pre,993.888733,,,
86428457989645,pre,993.872986,,,
86428438032038,Gyro,0.023280,-0.013170,-0.016096,
86428457947889,Gyro,0.031927,-0.007583,-0.016096,
86428474838057,pre,993.888000,,,
86428443011000,Lacc,0.059187,-0.007399,-0.049336,
86428443011000,GameRo,-0.510556,0.408516,0.438867,0.616314
86428462926852,Lacc,0.063357,0.046106,-0.072636,
86428462926852,GameRo,-0.510559,0.408522,0.438865,0.616308
86428488481011,pre,993.872986,,,
86428503925222,pre,993.882751,,,
86428477863615,Gyro,0.020486,-0.004390,-0.019289,
86428497778967,Gyro,0.005587,-0.001330,-0.022482,
86428482842453,Lacc,0.030272,0.073219,-0.106374,
86428482842453,GameRo,-0.510264,0.408512,0.438516,0.616808
86428502757805,Lacc,0.016551,0.058294,-0.096632,
86428502757805,GameRo,-0.510268,0.408521,0.438515,0.616800
86428519216411,pre,993.879761,,,
86428534569609,pre,993.888733,,,
86428549891803,pre,993.882019,,,
86428517694443,Gyro,-0.003193,0.002927,-0.023413,
86428537610294,Gyro,0.000798,0.008514,-0.022349,
86428522673406,Lacc,-0.010002,0.068266,-0.081972,
86428522673406,GameRo,-0.510346,0.408357,0.438193,0.617072
86428542589257,Lacc,0.011760,-0.009414,-0.056809,
86428542589257,GameRo,-0.510351,0.408360,0.438190,0.617069
86428565182992,pre,993.869263,,,
86428581115273,pre,993.890259,,,
86428557526021,Gyro,0.019156,0.012106,-0.016495,
86428577441372,Gyro,0.013170,0.009844,-0.008514,
86428562504859,Lacc,-0.008876,0.002965,-0.040615,
86428562504859,GameRo,-0.510574,0.408259,0.437829,0.617207
86428582420210,Lacc,-0.012648,0.054593,-0.047590,
86428582420210,GameRo,-0.510574,0.408266,0.437831,0.617201
86428595735366,pre,993.882751,,,
86428611179578,pre,993.878235,,,
86428626501771,pre,993.887268,,,
86428597356723,Gyro,0.009711,0.005587,-0.002128,
86428617272075,Gyro,0.013702,0.005321,0.006252,
86428602335561,Lacc,0.054965,0.009406,-0.059026,
86428602335561,GameRo,-0.510552,0.408424,0.437491,0.617356
86428622250913,Lacc,0.032421,0.003487,-0.044709,
86428622250913,GameRo,-0.510555,0.408426,0.437489,0.617353
86428641822965,pre,993.883484,,,
86428657145158,pre,993.885742,,,
86428637187551,Gyro,0.012771,0.008115,-0.000665,
86428657103403,Gyro,0.020752,0.015830,-0.007450,
86428673718531,pre,993.885742,,,
86428642166514,Lacc,-0.013228,-0.031170,-0.042881,
86428642166514,GameRo,-0.510430,0.408643,0.437366,0.617400
86428662082365,Lacc,-0.049187,-0.030351,-0.042308,
86428662082365,GameRo,-0.510435,0.408645,0.437363,0.617397
86428687667528,pre,993.882751,,,
86428703080735,pre,993.890259,,,
86428677019129,Gyro,0.021018,0.022216,-0.011174,
86428696934480,Gyro,0.020885,0.022349,-0.004922,
86428681997967,Lacc,-0.024246,-0.009639,-0.012150,
86428681997967,GameRo,-0.510379,0.408928,0.436974,0.617532
86428701913318,Lacc,-0.026363,-0.034621,-0.005802,
86428701913318,GameRo,-0.510381,0.408926,0.436971,0.617532
86428718402929,pre,993.882751,,,
86428733755127,pre,993.883484,,,
86428749138329,pre,993.878235,,,
86428716838455,Gyro,0.027271,0.022615,-0.001862,
86428736708300,Gyro,0.037514,0.021018,-0.009711,
86428721805916,Lacc,0.029819,-0.046105,0.013152,
86428721805916,GameRo,-0.510378,0.409324,0.436477,0.617621
86428741675761,Lacc,0.085685,-0.031664,0.015002,
86428741675761,GameRo,-0.510380,0.409319,0.436474,0.617625
86428764369510,pre,993.882751,,,
86428779690704,pre,993.887268,,,
86428756601023,Gyro,0.045629,0.020486,-0.015564,
86428776562381,Gyro,0.043101,0.015697,-0.015564,
86428761591362,Lacc,0.068722,0.006372,0.007463,
86428761591362,GameRo,-0.510180,0.409807,0.435862,0.617899
86428781552720,Lacc,0.028990,-0.038022,0.027055,
86428781552720,GameRo,-0.510180,0.409802,0.435860,0.617904
86428802673994,pre,993.888733,,,
86428818606275,pre,993.876770,,,
86428796512362,Gyro,0.038578,0.013702,-0.009445,
86428816428213,Gyro,0.040574,0.015298,-0.002528,
86428801491325,Lacc,0.010518,-0.031921,0.028367,
86428833226368,pre,993.887268,,,
86428801491325,GameRo,-0.509915,0.410223,0.435143,0.618349
86428821407176,Lacc,-0.002610,-0.060647,-0.000071,
86428821407176,GameRo,-0.509918,0.410219,0.435138,0.618351
86428848640575,pre,993.879761,,,
86428863961769,pre,993.882751,,,
86428836343940,Gyro,0.054009,0.013569,0.000931,
86428856259291,Gyro,0.051083,0.012904,-0.000665,
86428841322778,Lacc,-0.041277,-0.067765,-0.016234,
86428841322778,GameRo,-0.509576,0.410713,0.434606,0.618680
86428861238129,Lacc,-0.058206,-0.085149,-0.004821,
86428861238129,GameRo,-0.509581,0.410709,0.434601,0.618682
86428879161945,pre,993.883484,,,
86428894576152,pre,993.882019,,,
86428909897346,pre,993.882751,,,
86428876186144,Gyro,0.061193,0.011840,-0.005188,
86428896147502,Gyro,0.059464,0.013037,-0.008780,
86428881176483,Lacc,-0.018881,-0.101312,0.028650,
86428881176483,GameRo,-0.509032,0.411324,0.434019,0.619134
86428901137841,Lacc,0.023958,-0.064115,0.046163,
86428901137841,GameRo,-0.509033,0.411316,0.434016,0.619141
86428925219539,pre,993.878235,,,
86428940510728,pre,993.882751,,,
86428916085982,Gyro,0.045363,0.007450,-0.015830,
86428935955826,Gyro,0.030730,0.004124,-0.024743,
86428921053443,Lacc,-0.017735,-0.080251,0.048143,
86428921053443,GameRo,-0.508488,0.411866,0.433295,0.619727
86428940923288,Lacc,0.009772,-0.040972,0.012608,
86428940923288,GameRo,-0.508490,0.411862,0.433293,0.619730
86428955739799,pre,993.885742,,,
86428971150799,pre,993.883484,,,
86428986470799,pre,993.878235,,,
86428955834924,Gyro,0.020619,0.000399,-0.030330,
86428975747424,Gyro,0.013835,-0.003459,-0.030730,
86428960813049,Lacc,0.001237,-0.006851,0.021327,
86428960813049,GameRo,-0.508309,0.411949,0.432705,0.620231
86428980725549,Lacc,0.036371,0.001566,0.065746,
86428980725549,GameRo,-0.508304,0.411944,0.432708,0.620236
86429001790799,pre,993.878235,,,
86429017110799,pre,993.876038,,,
86428995660049,Gyro,0.013569,-0.004390,-0.026074,
86429015573049,Gyro,0.023812,-0.003858,-0.020619,
86429032551799,pre,993.889526,,,
86429000638299,Lacc,0.048669,0.009424,0.032004,
86429000638299,GameRo,-0.508338,0.411729,0.432241,0.620677
86429020551299,Lacc,0.045199,0.027828,0.009025,
86429020551299,GameRo,-0.508336,0.411729,0.432243,0.620678
86429047749799,pre,993.879028,,,
86429063069799,pre,993.876770,,,
86429035485924,Gyro,0.036450,-0.006784,-0.017294,
86429055398424,Gyro,0.031794,-0.010509,-0.006252,
86429040464049,Lacc,-0.004395,0.029155,-0.011219,
86429040464049,GameRo,-0.508191,0.411655,0.431834,0.621129
86429060376549,Lacc,-0.003338,0.062029,-0.006781,
86429060376549,GameRo,-0.508188,0.411660,0.431838,0.621126
86429078267799,pre,993.886536,,,
86429093709799,pre,993.887268,,,
86429109029799,pre,993.881287,,,
86429075299549,Gyro,0.027537,-0.012239,0.006252,
86429095166549,Gyro,0.043101,-0.009046,0.009046,
86429080266299,Lacc,0.009456,0.018741,-0.017961,
86429080266299,GameRo,-0.507757,0.411742,0.431584,0.621600
86429100133299,Lacc,0.005709,-0.055134,-0.022523,
86429100133299,GameRo,-0.507762,0.411739,0.431579,0.621601
86429124867799,pre,993.882751,,,
86429139668799,pre,993.883484,,,
86429115056424,Gyro,0.055473,-0.005720,0.005986,
86429135014924,Gyro,0.046693,-0.001596,-0.003326,
86429120046049,Lacc,-0.001299,-0.043850,-0.036209,
86429120046049,GameRo,-0.507105,0.412062,0.431443,0.622018
86429140004549,Lacc,0.002140,-0.020399,-0.044378,
86429140004549,GameRo,-0.507110,0.412063,0.431439,0.622016
86429162831799,pre,993.883484,,,
86429177968799,pre,993.879028,,,
86429154962049,Gyro,0.021418,-0.000133,-0.014234,
86429174875049,Gyro,-0.000399,0.000931,-0.024876,
86429159940299,Lacc,0.004539,-0.024110,-0.029990,
86429159940299,GameRo,-0.506540,0.412409,0.431047,0.622523
86429179853299,Lacc,-0.000886,-0.007157,-0.031702,
86429179853299,GameRo,-0.506542,0.412410,0.431045,0.622521
86429193227799,pre,993.886536,,,
86429208638799,pre,993.882751,,,
86429223836799,pre,993.875244,,,
86429194776424,Gyro,-0.014367,0.000931,-0.029532,
86429214642924,Gyro,-0.014766,-0.002128,-0.026340,
86429199743049,Lacc,0.013411,0.003889,-0.021474,
86429199743049,GameRo,-0.506713,0.412206,0.430731,0.622735
86429219609549,Lacc,0.026331,-0.034006,-0.026751,
86429219609549,GameRo,-0.506717,0.412205,0.430727,0.622735
86429239125799,pre,993.883484,,,
86429254445799,pre,993.893982,,,
86429238278549,Gyro,0.003193,-0.007716,-0.011973,
86429255750049,Gyro,0.009578,-0.008647,-0.010775,
86429238278549,Lacc,0.041561,-0.035847,-0.018274,
86429238278549,GameRo,-0.507101,0.411786,0.430535,0.622832
86429255750049,Lacc,0.038424,-0.049317,-0.008977,
86429255750049,GameRo,-0.507105,0.411782,0.430531,0.622835
86429269856799,pre,993.893250,,,
86429285084799,pre,993.883484,,,
86429300526799,pre,993.877502,,,
86429274442299,Gyro,0.018624,-0.010243,-0.005587,
86429294355299,Gyro,0.007050,-0.011840,-0.006784,
86429274442299,Lacc,0.036302,-0.007604,-0.035635,
86429274442299,GameRo,-0.506996,0.411646,0.430412,0.623095
86429294355299,Lacc,0.028096,-0.015198,-0.040869,
86429294355299,GameRo,-0.507000,0.411647,0.430409,0.623094
86429315816799,pre,993.869263,,,
86429331166799,pre,993.876038,,,
86429314268049,Gyro,0.004523,-0.008248,-0.009312,
86429334180549,Gyro,0.006252,-0.002794,-0.013968,
86429346364799,pre,993.880493,,,
86429314268049,Lacc,0.043097,-0.033041,-0.045143,
86429314268049,GameRo,-0.506845,0.411529,0.430360,0.623332
86429334180549,Lacc,0.022135,-0.029066,-0.030525,
86429334180549,GameRo,-0.506849,0.411528,0.430357,0.623332
86429361806799,pre,993.890991,,,
86429377125799,pre,993.882751,,,
86429354093049,Gyro,0.010642,0.000133,-0.013569,
86429374005549,Gyro,0.012505,-0.000266,-0.009046,
86429354093049,Lacc,0.020889,0.007513,-0.022878,
86429354093049,GameRo,-0.506865,0.411404,0.430166,0.623531
86429374005549,Lacc,-0.009293,-0.012044,-0.037634,
86429374005549,GameRo,-0.506868,0.411406,0.430164,0.623529
86429392445799,pre,993.886536,,,
86429407765799,pre,993.889526,,,
86429423085799,pre,993.882751,,,
86429393895299,Gyro,0.013436,-0.002528,-0.001064,
86429413762299,Gyro,0.006917,-0.001729,-0.002661,
86429393895299,Lacc,-0.007557,0.042952,-0.024277,
86429393895299,GameRo,-0.506756,0.411441,0.429962,0.623737
86429413762299,Lacc,0.011396,0.023926,-0.019116,
86429413762299,GameRo,-0.506756,0.411444,0.429963,0.623734
86429438405799,pre,993.894775,,,
86429453725799,pre,993.880493,,,
86429433675049,Gyro,0.013702,0.002661,-0.002927,
86429453633549,Gyro,0.016229,0.004523,0.002661,
86429433675049,Lacc,0.042951,-0.006243,0.003565,
86429433675049,GameRo,-0.506640,0.411495,0.429871,0.623858
86429453633549,Lacc,0.025642,0.003619,-0.001486,
86429453633549,GameRo,-0.506640,0.411495,0.429871,0.623858
86429469014799,pre,993.888000,,,
86429484517799,pre,993.883484,,,
86429499684799,pre,993.883484,,,
86429473569299,Gyro,0.021151,0.003592,0.006518,
86429493482299,Gyro,0.033257,0.003060,0.007317,
86429473569299,Lacc,0.035174,-0.022601,0.015754,
86429473569299,GameRo,-0.506462,0.411706,0.429715,0.623971
86429493482299,Lacc,0.027080,-0.039193,0.013182,
86429493482299,GameRo,-0.506463,0.411702,0.429712,0.623975
86429514973799,pre,993.883484,,,
86429537984799,pre,993.886536,,,
86429513387549,Gyro,0.040707,-0.000931,0.011041,
86429533285049,Gyro,0.039376,-0.004124,0.013303,
86429513387549,Lacc,-0.016100,-0.032550,-0.007489,
86429513387549,GameRo,-0.506003,0.412097,0.429508,0.624228
86429533285049,Lacc,0.005179,-0.083550,-0.015479,
86429533285049,GameRo,-0.506009,0.412092,0.429502,0.624230
86429553303799,pre,993.884277,,,
86429568623799,pre,993.889526,,,
86429553197799,Gyro,0.045097,-0.000133,0.007982,
86429573125799,Gyro,0.045496,0.002128,0.000133,
86429584401799,pre,993.883484,,,
86429553197799,Lacc,-0.003530,-0.130590,0.000890,
86429553197799,GameRo,-0.505381,0.412519,0.429341,0.624568
86429573125799,Lacc,0.068390,-0.110742,0.054150,
86429573125799,GameRo,-0.505385,0.412506,0.429335,0.624578
86429599263799,pre,993.887268,,,
86429614491799,pre,993.885010,,,
86429593046049,Gyro,0.029665,0.000665,-0.010243,
86429612958549,Gyro,0.002395,-0.001862,-0.026739,
86429593046049,Lacc,0.121094,-0.078060,0.015750,
86429593046049,GameRo,-0.504870,0.412877,0.428949,0.625014
86429612958549,Lacc,0.114761,-0.045664,-0.038119,
86429612958549,GameRo,-0.504876,0.412872,0.428942,0.625016
86429629903799,pre,993.886536,,,
86429645222799,pre,993.888000,,,
86429660542799,pre,993.889526,,,
86429632871049,Gyro,-0.014766,-0.002794,-0.041106,
86429652783549,Gyro,-0.028734,-0.005853,-0.040973,
86429632871049,Lacc,0.074691,-0.019072,-0.007610,
86429632871049,GameRo,-0.505044,0.412605,0.428603,0.625290
86429652783549,Lacc,0.020312,0.036785,-0.002397,
86429652783549,GameRo,-0.505042,0.412607,0.428605,0.625289
86429675770799,pre,993.888733,,,
86429691060799,pre,993.885010,,,
86429672696299,Gyro,-0.040574,-0.007050,-0.025275,
86429692609299,Gyro,-0.006651,-0.002794,-0.010509,
86429672696299,Lacc,-0.072570,0.014323,-0.026409,
86429672696299,GameRo,-0.505700,0.411883,0.428414,0.625365
86429692609299,Lacc,-0.065069,-0.046517,-0.035984,
86429692609299,GameRo,-0.505705,0.411883,0.428410,0.625363
86429706380799,pre,993.889526,,,
86429721791799,pre,993.887268,,,
86429737141799,pre,993.900757,,,
86429712499299,Gyro,0.032725,0.000133,0.000266,
86429732366299,Gyro,0.036317,0.002528,0.006917,
86429712499299,Lacc,-0.040230,0.013610,-0.022228,
86429712499299,GameRo,-0.505835,0.411693,0.428369,0.625412
86429732366299,Lacc,0.010933,-0.016104,-0.055225,
86429732366299,GameRo,-0.505840,0.411695,0.428365,0.625409
86429744679799,pre,993.878235,,,
86429760091799,pre,993.886536,,,
86429775441799,pre,993.891785,,,
86429752279049,Gyro,0.036849,0.000133,0.014633,
86429772237549,Gyro,0.024876,-0.002128,0.019954,
86429752279049,Lacc,0.027719,-0.013949,-0.052500,
86429752279049,GameRo,-0.505316,0.412125,0.428115,0.625721
86429772237549,Lacc,0.055823,0.016767,-0.030408,
86429772237549,GameRo,-0.505318,0.412126,0.428114,0.625719
86429798390799,pre,993.879761,,,
86429813740799,pre,993.882019,,,
86429792173049,Gyro,0.025142,0.000133,0.021018,
86429812085549,Gyro,0.031927,0.002927,0.021684,
86429792173049,Lacc,0.074247,-0.074577,-0.052368,
86429828938799,pre,993.883484,,,
86429792173049,GameRo,-0.504816,0.412530,0.428157,0.625829
86429812085549,Lacc,0.036296,-0.081962,-0.037519,
86429812085549,GameRo,-0.504824,0.412525,0.428149,0.625831
86429844380799,pre,993.886536,,,
86429859700799,pre,993.879028,,,
86429831998299,Gyro,0.019023,0.004523,0.014766,
86429851911299,Gyro,-0.006385,0.004789,0.004390,
86429831998299,Lacc,0.018182,-0.059349,-0.011168,
86429831998299,GameRo,-0.504326,0.413011,0.428125,0.625928
86429851911299,Lacc,-0.000761,-0.071254,-0.047129,
86429851911299,GameRo,-0.504334,0.413009,0.428118,0.625928
86429875020799,pre,993.889526,,,
86429890340799,pre,993.895508,,,
86429871824049,Gyro,-0.020486,0.004656,-0.004789,
86429891736549,Gyro,-0.019422,0.008780,-0.014633,
86429871824049,Lacc,0.012641,-0.090056,-0.041711,
86429871824049,GameRo,-0.504422,0.413054,0.428167,0.625794
86429891736549,Lacc,0.027203,-0.066906,-0.013542,
86429891736549,GameRo,-0.504427,0.413050,0.428161,0.625796
86429905568799,pre,993.879028,,,
86429920949799,pre,993.882019,,,
86429936269799,pre,993.883484,,,
86429911649299,Gyro,-0.001330,0.011440,-0.012771,
86429931562299,Gyro,0.014367,0.011840,-0.012771,
86429911649299,Lacc,0.040105,-0.078474,0.005276,
86429911649299,GameRo,-0.504825,0.412866,0.428051,0.625673
86429931562299,Lacc,0.014147,-0.124755,0.008103,
86429931562299,GameRo,-0.504832,0.412856,0.428042,0.625679
86429951588799,pre,993.884277,,,
86429966908799,pre,993.889526,,,
86429951475049,Gyro,0.026340,0.011706,-0.012638,
86429971387549,Gyro,0.031661,0.015298,-0.025940,
86429982899799,pre,993.883484,,,
86429951475049,Lacc,0.046914,-0.093181,0.005483,
86429951475049,GameRo,-0.504837,0.413005,0.427636,0.625854
86429971387549,Lacc,0.071369,-0.160475,0.008781,
86429971387549,GameRo,-0.504847,0.412991,0.427625,0.625864
86429997548799,pre,993.889526,,,
86430012868799,pre,993.878235,,,
86429991300049,Gyro,0.039376,0.015963,-0.032858,
86430011212549,Gyro,0.035119,0.014633,-0.040973,
86429991300049,Lacc,0.081218,-0.125847,0.032608,
86429991300049,GameRo,-0.504772,0.413193,0.426879,0.626300
86430011212549,Lacc,0.073155,-0.202893,0.053897,
86430011212549,GameRo,-0.504781,0.413172,0.426866,0.626315
86430028157799,pre,993.883484,,,
86430043477799,pre,993.884277,,,
86430058827799,pre,993.869995,,,
86430031125299,Gyro,0.098042,0.020752,-0.057734,
86430051038299,Gyro,0.261799,0.026872,-0.076624,
86430031125299,Lacc,0.094884,-0.349650,0.022839,
86430031125299,GameRo,-0.504737,0.413290,0.425779,0.627012
86430051038299,Lacc,0.035334,-0.558028,-0.012676,
86430051038299,GameRo,-0.504773,0.413250,0.425739,0.627036
86430074116799,pre,993.885010,,,
86430089436799,pre,993.889526,,,
86430070951049,Gyro,0.454291,0.042569,-0.111345,
86430090863549,Gyro,0.560581,0.060661,-0.143537,
86430070951049,Lacc,-0.006333,-0.566406,0.023388,
86430070951049,GameRo,-0.502321,0.415047,0.422164,0.630228
86430090863549,Lacc,-0.024824,-0.508003,0.085245,
86430090863549,GameRo,-0.502347,0.415006,0.422133,0.630255
86430104665799,pre,993.883484,,,
86430120076799,pre,993.883484,,,
86430135396799,pre,993.884277,,,
86430110776299,Gyro,0.604746,0.077422,-0.195418,
86430130689299,Gyro,0.573617,0.091922,-0.271510,
86430110776299,Lacc,-0.035868,-0.527017,0.037731,
86430110776299,GameRo,-0.496964,0.418993,0.414913,0.636647
86430130689299,Lacc,-0.049228,-0.607646,0.049166,
86430130689299,GameRo,-0.496999,0.418949,0.414873,0.636674
86430150716799,pre,993.888000,,,
86430166035799,pre,993.884277,,,
86430150602049,Gyro,0.632416,0.120524,-0.365561,
86430170514549,Gyro,0.812403,0.130634,-0.469988,
86430150602049,Lacc,-0.084789,-0.855712,-0.021228,
86430181935799,pre,993.882751,,,
86430150602049,GameRo,-0.492701,0.422164,0.405445,0.643924
86430170514549,Lacc,-0.155266,-1.098216,0.002333,
86430170514549,GameRo,-0.492769,0.422095,0.405373,0.643962
86430204335799,pre,993.890991,,,
86430219655799,pre,993.883484,,,
86430190404299,Gyro,0.922417,0.125579,-0.550071,
86430210271299,Gyro,0.942771,0.143670,-0.658755,
86430190404299,Lacc,-0.170035,-0.908541,0.013475,
86430190404299,GameRo,-0.487399,0.425520,0.391078,0.654548
86430210271299,Lacc,-0.130234,-1.265599,-0.008146,
86430210271299,GameRo,-0.487479,0.425442,0.390993,0.654590
86430234975799,pre,993.877502,,,
86430250294799,pre,993.869263,,,
86430230184049,Gyro,1.237694,0.191428,-0.827169,
86430250142549,Gyro,1.822220,0.239318,-1.022720,
86430230184049,Lacc,-0.276145,-2.115781,-0.108249,
86430230184049,GameRo,-0.481609,0.428241,0.372331,0.667856
86430250142549,Lacc,-0.266907,-1.934426,-0.002663,
86430250142549,GameRo,-0.481726,0.428131,0.372207,0.667912
86430265523799,pre,993.897034,,,
86430280934799,pre,993.885742,,,
86430296223799,pre,993.876770,,,
86430270078299,Gyro,2.064863,0.225882,-1.202441,
86430289991299,Gyro,2.328658,0.168946,-1.424865,
86430270078299,Lacc,-0.555711,-1.304505,-0.047292,
86430270078299,GameRo,-0.467929,0.434258,0.340440,0.690335
86430289991299,Lacc,-0.753530,-2.331552,0.120770,
86430289991299,GameRo,-0.468054,0.434145,0.340311,0.690386
86430311543799,pre,993.880493,,,
86430327809799,pre,993.884277,,,
86430309904049,Gyro,2.744238,0.158570,-1.638508,
86430329816549,Gyro,2.769779,0.061326,-1.802265,
86430309904049,Lacc,-0.970374,-2.138032,0.017084,
86430309904049,GameRo,-0.448501,0.438490,0.297811,0.719641
86430329816549,Lacc,-0.992457,-1.153788,0.431357,
86430329816549,GameRo,-0.448535,0.438438,0.297769,0.719668
86430342061799,pre,993.885010,,,
86430357503799,pre,993.889526,,,
86430372822799,pre,993.884277,,,
86430349729049,Gyro,2.697013,-0.104826,-2.011785,
86430369641549,Gyro,3.260121,-0.218565,-2.279038,
86430349729049,Lacc,-1.387716,-1.549172,0.509198,
86430349729049,GameRo,-0.424155,0.438374,0.246238,0.753185
86430369641549,Lacc,-1.306783,-2.842513,0.328280,
86430369641549,GameRo,-0.424292,0.438277,0.246110,0.753206
86430388142799,pre,993.885742,,,
86430403462799,pre,993.884277,,,
86430418782799,pre,993.895508,,,
86430389523799,Gyro,3.546264,-0.266854,-2.403553,
86430409375799,Gyro,3.200391,-0.412653,-2.497471,
86430389523799,Lacc,-1.374741,-1.269469,-0.164953,
86430389523799,GameRo,-0.393414,0.430334,0.185052,0.791071
86430409375799,Lacc,-1.094857,-1.043857,0.279071,
86430409375799,GameRo,-0.393453,0.430324,0.185024,0.791064
86430434071799,pre,993.883484,,,
86430449391799,pre,993.887268,,,
86430429288549,Gyro,3.008831,-0.541425,-2.590989,
86430449262049,Gyro,3.115918,-0.600489,-2.646994,
86430464589799,pre,993.895508,,,
86430429288549,Lacc,-1.237124,-1.468154,0.154465,
86430429288549,GameRo,-0.361439,0.414682,0.120644,0.826345
86430449262049,Lacc,-0.943959,-1.621619,0.466151,
86430449262049,GameRo,-0.361514,0.414645,0.120589,0.826338
86430480031799,pre,993.890259,,,
86430495320799,pre,993.879761,,,
86430469205299,Gyro,2.909592,-0.684297,-2.639944,
86430489118299,Gyro,2.646595,-0.839674,-2.661095,
86430469205299,Lacc,-1.119148,-0.518938,0.023475,
86430469205299,GameRo,-0.330172,0.391607,0.055616,0.857052
86430489118299,Lacc,-0.945065,-1.033167,0.308667,
86430489118299,GameRo,-0.330217,0.391619,0.055599,0.857030
86430510609799,pre,993.885742,,,
86430525960799,pre,993.882751,,,
86430509031049,Gyro,2.774701,-0.874261,-2.691293,
86430528943549,Gyro,2.745568,-0.922550,-2.705261,
86430509031049,Lacc,-1.013202,-1.310143,-0.094659,
86430509031049,GameRo,-0.303551,0.361957,-0.005395,0.881371
86430528943549,Lacc,-0.708794,-1.016888,0.307900,
86430528943549,GameRo,-0.303604,0.361969,-0.005413,0.881348
86430548909799,pre,993.888733,,,
86430564259799,pre,993.893250,,,
86430548856299,Gyro,2.601765,-0.987202,-2.671205,
86430568769299,Gyro,2.615201,-1.073670,-2.658435,
86430579823799,pre,993.876038,,,
86430548856299,Lacc,-0.997617,-0.605788,-0.169621,
86430548856299,GameRo,-0.274287,0.328117,-0.066960,0.901456
86430568769299,Lacc,-0.654545,-1.003685,0.415375,
86430568769299,GameRo,-0.274338,0.328134,-0.066972,0.901433
86430594868799,pre,993.889526,,,
86430610219799,pre,993.884277,,,
86430588682049,Gyro,2.665352,-1.093891,-2.632095,
86430608594549,Gyro,2.424704,-1.184217,-2.623714,
86430588682049,Lacc,-0.979467,-0.760081,-0.016246,
86430588682049,GameRo,-0.245526,0.290309,-0.125572,0.916335
86430608594549,Lacc,-0.651957,-0.366404,0.372577,
86430608594549,GameRo,-0.245522,0.290348,-0.125560,0.916325
86430625508799,pre,993.884277,,,
86430640858799,pre,993.889526,,,
86430656178799,pre,993.869263,,,
86430628507049,Gyro,2.141088,-1.200180,-2.579416,
86430648419549,Gyro,1.993959,-1.187010,-2.467007,
86430628507049,Lacc,-0.835634,-0.017274,-0.522172,
86430628507049,GameRo,-0.218854,0.249597,-0.181131,0.925741
86430648419549,Lacc,-0.062744,0.584468,-0.965075,
86430648419549,GameRo,-0.218836,0.249664,-0.181108,0.925731
86430671468799,pre,993.876038,,,
86430686696799,pre,993.879761,,,
86430668332299,Gyro,1.919862,-1.164662,-2.398365,
86430688245299,Gyro,1.982519,-1.092560,-2.348213,
86430668332299,Lacc,-0.339140,0.024493,-1.183473,
86430668332299,GameRo,-0.198358,0.209339,-0.230846,0.929269
86430688245299,Lacc,0.113372,-0.092063,-0.734725,
86430688245299,GameRo,-0.198412,0.209367,-0.230847,0.929251
86430702046799,pre,993.872986,,,
86430717427799,pre,993.880493,,,
86430732777799,pre,993.869995,,,
86430708158049,Gyro,1.970147,-1.012211,-2.314158,
86430728070549,Gyro,1.929174,-0.903394,-2.295534,
86430708158049,Lacc,-0.376689,-0.055649,-0.819106,
86430708158049,GameRo,-0.176542,0.170679,-0.277625,0.928777
86430728070549,Lacc,-0.127582,0.423667,-0.793365,
86430728070549,GameRo,-0.176522,0.170721,-0.277613,0.928776
86430748097799,pre,993.872986,,,
86430763417799,pre,993.864014,,,
86430747983299,Gyro,1.831665,-0.804953,-2.247777,
86430767896299,Gyro,1.723646,-0.690549,-2.195896,
86430779378799,pre,993.872253,,,
86430747983299,Lacc,-0.559716,0.717000,-1.251386,
86430747983299,GameRo,-0.153286,0.135089,-0.322659,0.924200
86430767896299,Lacc,-0.351098,1.094819,-1.329737,
86430767896299,GameRo,-0.153178,0.135147,-0.322639,0.924216
86430794057799,pre,993.876038,,,
86430809376799,pre,993.881287,,,
86430787809049,Gyro,1.656201,-0.585058,-2.162107,
86430807721549,Gyro,1.605783,-0.471984,-2.118473,
86430787809049,Lacc,-0.725154,0.292418,-1.230279,
86430787809049,GameRo,-0.131509,0.104697,-0.365013,0.915702
86430807721549,Lacc,-0.408197,0.396884,-1.209029,
86430807721549,GameRo,-0.131480,0.104772,-0.365000,0.915703
86430824666799,pre,993.869263,,,
86430840016799,pre,993.867004,,,
86430855336799,pre,993.864014,,,
86430827634299,Gyro,1.540333,-0.371016,-2.018702,
86430847547299,Gyro,1.466236,-0.271377,-1.933298,
86430827634299,Lacc,-0.765752,0.271454,-1.568831,
86430827634299,GameRo,-0.109927,0.079151,-0.404990,0.904231
86430847547299,Lacc,-0.687112,0.490104,-1.460868,
86430847547299,GameRo,-0.109864,0.079255,-0.404974,0.904237
86430870625799,pre,993.863281,,,
86430893605799,pre,993.858032,,,
86430867460049,Gyro,1.340126,-0.183047,-1.797343,
86430887372549,Gyro,1.209758,-0.104826,-1.685866,
86430867460049,Lacc,-0.785054,0.608659,-1.709320,
86430867460049,GameRo,-0.088543,0.058512,-0.440703,0.891357
86430887372549,Lacc,-0.577773,0.462581,-1.692059,
86430887372549,GameRo,-0.088484,0.058595,-0.440693,0.891362
86430908925799,pre,993.866272,,,
86430924245799,pre,993.865479,,,
86430907285299,Gyro,1.135927,-0.040441,-1.515457,
86430927198299,Gyro,1.045202,0.025674,-1.382295,
86430939778799,pre,993.863281,,,
86430907285299,Lacc,-0.693258,0.245478,-1.716517,
86430907285299,GameRo,-0.069696,0.043309,-0.471101,0.878255
86430954732799,pre,993.858765,,,
86430927198299,Lacc,-0.628682,0.238112,-1.664440,
86430927198299,GameRo,-0.069652,0.043404,-0.471093,0.878258
86430970174799,pre,993.863281,,,
86430947111049,Gyro,0.962725,0.106955,-1.260176,
86430967023549,Gyro,0.809609,0.179854,-1.137125,
86430947111049,Lacc,-0.664811,0.363565,-1.793684,
86430947111049,GameRo,-0.052186,0.032302,-0.495735,0.866302
86430967023549,Lacc,-0.483922,0.990081,-1.740978,
86430967023549,GameRo,-0.052035,0.032309,-0.495735,0.866311
86430985402799,pre,993.864746,,,
86430993123799,pre,993.867004,,,
86431008473799,pre,993.865479,,,
86430986936049,Gyro,0.655563,0.234263,-0.997312,
86431006848549,Gyro,0.551136,0.261666,-0.883573,
86430986936049,Lacc,-0.396028,0.766958,-1.527827,
86430986936049,GameRo,-0.036965,0.026385,-0.515672,0.855581
86431006848549,Lacc,-0.374869,0.368723,-1.204865,
86431006848549,GameRo,-0.036900,0.026415,-0.515671,0.855584
86431023762799,pre,993.872986,,,
86431039113799,pre,993.865479,,,
86431054433799,pre,993.871521,,,
86431026761299,Gyro,0.509897,0.291864,-0.787527,
86431046674299,Gyro,0.434204,0.292928,-0.677246,
86431026761299,Lacc,-0.246728,0.057608,-1.034650,
86431026761299,GameRo,-0.025185,0.024675,-0.530940,0.846676
86431046674299,Lacc,-0.357663,0.362135,-0.699862,
86431046674299,GameRo,-0.025118,0.024696,-0.530938,0.846678
86431069752799,pre,993.869995,,,
86431084950799,pre,993.863281,,,
86431066564299,Gyro,0.356515,0.263130,-0.578406,
86431086431299,Gyro,0.295589,0.220029,-0.465599,
86431100270799,pre,993.867004,,,
86431066564299,Lacc,-0.298487,0.342450,-0.345004,
86431066564299,GameRo,-0.015020,0.024691,-0.542503,0.839557
86431086431299,Lacc,-0.358123,0.534171,-0.285916,
86431086431299,GameRo,-0.014931,0.024695,-0.542502,0.839559
86431115681799,pre,993.862488,,,
86431131032799,pre,993.865479,,,
86431106344049,Gyro,0.215905,0.173336,-0.355052,
86431126302549,Gyro,0.150721,0.140877,-0.273506,
86431106344049,Lacc,-0.291947,0.383154,-0.423698,
86431106344049,GameRo,-0.007962,0.025083,-0.550372,0.834505
86431126302549,Lacc,-0.368905,0.178406,-0.379064,
86431126302549,GameRo,-0.007913,0.025115,-0.550371,0.834505
86431146321799,pre,993.871521,,,
86431161641799,pre,993.872253,,,
86431146238049,Gyro,0.148859,0.121322,-0.243308,
86431166150549,Gyro,0.231070,0.096046,-0.152849,
86431178303799,pre,993.869263,,,
86431146238049,Lacc,-0.368044,-0.315400,-0.173430,
86431146238049,GameRo,-0.003943,0.025766,-0.554998,0.831443
86431166150549,Lacc,-0.190863,-0.285037,-0.040780,
86431166150549,GameRo,-0.003960,0.025809,-0.554998,0.831442
86431199940799,pre,993.869263,,,
86431215291799,pre,993.861755,,,
86431186032799,Gyro,0.139014,0.073432,-0.201937,
86431205884799,Gyro,0.087266,0.058798,-0.216437,
86431186032799,Lacc,-0.306106,-0.237527,-0.017507,
86431186032799,GameRo,0.000082,0.025298,-0.558157,0.829350
86431205884799,Lacc,-0.205202,-0.166409,0.022440,
86431205884799,GameRo,0.000079,0.025334,-0.558157,0.829349
86431230611799,pre,993.872986,,,
86431245930799,pre,993.864014,,,
86431225797549,Gyro,0.081945,0.050817,-0.213643,
86431245771049,Gyro,0.056670,0.023147,-0.205795,
86431225797549,Lacc,-0.172349,-0.124255,0.054855,
86431225797549,GameRo,0.002094,0.025357,-0.561801,0.826881
86431245771049,Lacc,-0.169157,-0.017759,0.057327,
86431245771049,GameRo,0.002104,0.025377,-0.561801,0.826880
86431261128799,pre,993.864014,,,
86431276570799,pre,993.863281,,,
86431291890799,pre,993.864014,,,
86431265714049,Gyro,0.090459,0.002261,-0.213643,
86431285626549,Gyro,0.019555,-0.037913,-0.204198,
86431265714049,Lacc,-0.026651,0.042749,-0.031365,
86431265714049,GameRo,0.003444,0.025006,-0.565244,0.824538
86431285626549,Lacc,0.005515,0.084556,-0.063871,
86431285626549,GameRo,0.003453,0.024999,-0.565243,0.824538
86431307240799,pre,993.869263,,,
86431322560799,pre,993.866272,,,
86431305539299,Gyro,0.055606,0.007849,-0.118395,
86431325452299,Gyro,-0.070904,0.009711,-0.175996,
86431305539299,Lacc,0.128357,-0.038808,-0.375192,
86431305539299,GameRo,0.003869,0.024422,-0.568554,0.822275
86431337788799,pre,993.865479,,,
86431325452299,Lacc,-0.077184,-0.176308,-0.160998,
86431325452299,GameRo,0.003855,0.024445,-0.568554,0.822274
86431353230799,pre,993.872253,,,
86431368550799,pre,993.871521,,,
86431345365049,Gyro,0.045230,-0.005587,-0.134758,
86431365277549,Gyro,0.079285,-0.031395,-0.097643,
86431345365049,Lacc,-0.138908,-0.372487,0.311264,
86431345365049,GameRo,0.003530,0.024812,-0.570969,0.820589
86431365277549,Lacc,-0.053970,-0.138659,0.365783,
86431365277549,GameRo,0.003519,0.024826,-0.570969,0.820589
86431383870799,pre,993.861755,,,
86431399220799,pre,993.869263,,,
