Timestamp,Sensor,X,Y,Z,W
16613059564027,Gyro,-0.028202,0.035252,0.008780,
16613069520277,Gyro,-0.022615,0.013037,0.003991,
16613089432777,Gyro,-0.018092,-0.000798,0.003459,
16613115503027,pre,1003.904236,,,
16613130761027,pre,1003.908020,,,
16613109368277,Gyro,-0.011307,-0.006917,0.000133,
16613129326777,Gyro,0.003193,-0.015564,0.003991,
16613146173027,pre,1003.900513,,,
16613169183027,pre,1003.895264,,,
16613149262527,Gyro,0.012505,-0.011174,0.005454,
16613169175527,Gyro,-0.005188,-0.002661,0.003060,
16613184533027,pre,1003.900513,,,
16613199853027,pre,1003.914001,,,
16613215203027,pre,1003.907288,,,
16613189088277,Gyro,-0.031395,0.003326,0.001995,
16613209000777,Gyro,-0.043633,0.010642,-0.000133,
16613189088277,Lacc,0.031564,0.051137,0.091070,
16613189088277,GameRo,-0.058063,0.022401,-0.706752,0.704719
16613209000777,Lacc,0.028562,0.015990,-0.007067,
16613209000777,GameRo,-0.058063,0.022401,-0.706752,0.704719
16613230523027,pre,1003.898254,,,
16613245874027,pre,1003.909485,,,
16613228913527,Gyro,-0.037913,0.013569,-0.000798,
16613248826527,Gyro,-0.018358,0.013037,-0.003991,
16613228913527,Lacc,-0.027036,-0.011909,-0.063111,
16613228913527,GameRo,-0.058521,0.023136,-0.706747,0.704662
16613248826527,Lacc,-0.070825,-0.018337,-0.066562,
16613248826527,GameRo,-0.058521,0.023136,-0.706747,0.704662
16613262231027,pre,1003.911743,,,
16613276544027,pre,1003.897522,,,
16613291772027,pre,1003.905762,,,
16613268739277,Gyro,-0.015963,0.006518,-0.007716,
16613288651777,Gyro,-0.005587,-0.000798,-0.012106,
16613268739277,Lacc,-0.036854,0.020414,-0.063844,
16613268739277,GameRo,-0.058637,0.023585,-0.706813,0.704571
16613288651777,Lacc,-0.030115,-0.030558,-0.072116,
16613288651777,GameRo,-0.058637,0.023585,-0.706813,0.704571
16613307183027,pre,1003.911743,,,
16613322534027,pre,1003.898254,,,
16613337854027,pre,1003.903503,,,
16613308541527,Gyro,0.015032,-0.007450,-0.012771,
16613328408527,Gyro,0.023413,-0.015032,-0.016362,
16613308541527,Lacc,-0.017431,-0.043658,-0.048336,
16613308541527,GameRo,-0.058711,0.023605,-0.706976,0.704401
16613328408527,Lacc,-0.042029,-0.060532,0.010449,
16613328408527,GameRo,-0.058711,0.023605,-0.706976,0.704401
16613353204027,pre,1003.918518,,,
16613368524027,pre,1003.908020,,,
16613348321277,Gyro,0.025275,-0.022748,-0.022349,
16613368279777,Gyro,0.016229,-0.026074,-0.025142,
16613348321277,Lacc,-0.026680,0.004114,0.106477,
16613348321277,GameRo,-0.058599,0.023039,-0.707205,0.704199
16613368279777,Lacc,0.007873,0.029321,0.131248,
16613368279777,GameRo,-0.058599,0.023039,-0.707205,0.704199
16613383844027,pre,1003.901245,,,
16613399194027,pre,1003.912537,,,
16613414544027,pre,1003.910278,,,
16613388215277,Gyro,0.006651,-0.032060,-0.025674,
16613408127777,Gyro,0.015431,-0.034321,-0.032193,
16613388215277,Lacc,0.029356,0.020900,0.166913,
16613388215277,GameRo,-0.058774,0.022403,-0.707529,0.703879
16613408127777,Lacc,0.057472,-0.022105,0.085814,
16613408127777,GameRo,-0.058774,0.022403,-0.707529,0.703879
16613429864027,pre,1003.911011,,,
16613445977027,pre,1003.912537,,,
16613428040527,Gyro,0.013835,-0.042303,-0.033656,
16613447953527,Gyro,-0.001064,-0.052147,-0.032060,
16613460626027,pre,1003.906494,,,
16613428040527,Lacc,0.009381,0.000832,0.075006,
16613428040527,GameRo,-0.059100,0.021674,-0.707941,0.703461
16613447953527,Lacc,0.022953,-0.046472,0.044647,
16613447953527,GameRo,-0.059101,0.021674,-0.707941,0.703461
16613475854027,pre,1003.911011,,,
16613467866277,Gyro,0.006385,-0.058665,-0.037913,
16613487778777,Gyro,0.008647,-0.076757,-0.039509,
16613499047027,pre,1003.911011,,,
16613467866277,Lacc,-0.020241,-0.009860,-0.042365,
16613467866277,GameRo,-0.059824,0.020867,-0.708339,0.703023
16613487778777,Lacc,-0.011158,0.026128,-0.069064,
16613487778777,GameRo,-0.059824,0.020867,-0.708340,0.703023
16613514184027,pre,1003.905029,,,
16613529504027,pre,1003.903503,,,
16613507714277,Gyro,0.005055,-0.084739,-0.043500,
16613527672777,Gyro,0.008514,-0.094982,-0.049753,
16613507714277,Lacc,0.008601,0.054223,-0.010333,
16613507714277,GameRo,-0.060783,0.019638,-0.708817,0.702495
16613527672777,Lacc,-0.013919,-0.048493,0.009296,
16613527672777,GameRo,-0.060784,0.019638,-0.708817,0.702495
16613544824027,pre,1003.898987,,,
16613560205027,pre,1003.911743,,,
16613575524027,pre,1003.910278,,,
16613547562527,Gyro,0.047092,-0.100968,-0.061326,
16613567383527,Gyro,0.072101,-0.106423,-0.070771,
16613547562527,Lacc,-0.034079,-0.054343,0.007228,
16613547562527,GameRo,-0.061945,0.018060,-0.709420,0.701826
16613567383527,Lacc,0.014981,0.031267,0.059891,
16613567383527,GameRo,-0.061945,0.018060,-0.709420,0.701826
16613590844027,pre,1003.912537,,,
16613606195027,pre,1003.916260,,,
16613587273277,Gyro,0.064918,-0.104028,-0.084207,
16613607231777,Gyro,0.033390,-0.092189,-0.099771,
16613587273277,Lacc,0.012734,0.004461,0.086394,
16613587273277,GameRo,-0.062468,0.015491,-0.710317,0.700933
16613607231777,Lacc,-0.038470,-0.002869,-0.031266,
16613607231777,GameRo,-0.062468,0.015491,-0.710317,0.700933
16613621453027,pre,1003.907288,,,
16613636865027,pre,1003.913269,,,
16613652215027,pre,1003.907288,,,
16613627167527,Gyro,0.050551,-0.083675,-0.115202,
16613647080527,Gyro,0.091789,-0.075294,-0.136088,
16613627167527,Lacc,-0.144065,-0.170053,-0.035010,
16613627167527,GameRo,-0.063278,0.013549,-0.711620,0.699578
16613647080527,Lacc,-0.019976,-0.135999,0.011300,
16613647080527,GameRo,-0.063279,0.013550,-0.711620,0.699578
16613667535027,pre,1003.916260,,,
16613682885027,pre,1003.909485,,,
16613666993277,Gyro,0.059464,-0.073698,-0.147262,
16613686905777,Gyro,0.034055,-0.063055,-0.175597,
16613666993277,Lacc,-0.017105,-0.043771,0.024703,
16613698266027,pre,1003.915527,,,
16613666993277,GameRo,-0.063184,0.011136,-0.713414,0.697800
16613686905777,Lacc,0.077937,-0.106202,0.035731,
16613686905777,GameRo,-0.063185,0.011136,-0.713414,0.697800
16613713525027,pre,1003.901245,,,
16613728875027,pre,1003.898254,,,
16613706795527,Gyro,0.003060,-0.054275,-0.197414,
16613726662527,Gyro,0.019023,-0.044032,-0.222157,
16613706795527,Lacc,0.066875,-0.082764,0.011515,
16613706795527,GameRo,-0.063751,0.009604,-0.715775,0.695349
16613726662527,Lacc,0.088613,-0.078970,-0.053052,
16613726662527,GameRo,-0.063752,0.009604,-0.715775,0.695349
16613744195027,pre,1003.912537,,,
16613759545027,pre,1003.900513,,,
16613774896027,pre,1003.901245,,,
16613746605777,Gyro,0.026739,-0.048954,-0.239451,
16613766625277,Gyro,0.029000,-0.063987,-0.259272,
16613746605777,Lacc,0.052765,0.029707,-0.121736,
16613746605777,GameRo,-0.064236,0.008482,-0.718779,0.692212
16613766625277,Lacc,0.060751,0.023828,-0.236421,
16613766625277,GameRo,-0.064237,0.008481,-0.718779,0.692212
16613790216027,pre,1003.913269,,,
16613806024027,pre,1003.910278,,,
16613786561027,Gyro,0.030996,-0.080083,-0.288139,
16613806413027,Gyro,0.038977,-0.114005,-0.314479,
16613786561027,Lacc,-0.026974,0.050739,-0.376682,
16613786561027,GameRo,-0.064789,0.006829,-0.722315,0.688488
16613806413027,Lacc,0.016014,-0.268329,-0.252685,
16613806413027,GameRo,-0.064792,0.006831,-0.722315,0.688488
16613820886027,pre,1003.909485,,,
16613836236027,pre,1003.900513,,,
16613851586027,pre,1003.913269,,,
16613826295277,Gyro,0.022216,-0.116134,-0.352924,
16613846207777,Gyro,-0.017826,-0.121588,-0.415048,
16613826295277,Lacc,0.052809,-0.134200,-0.183393,
16613826295277,GameRo,-0.065913,0.004385,-0.726511,0.683972
16613846207777,Lacc,0.008540,-0.299535,-0.325446,
16613846207777,GameRo,-0.065916,0.004388,-0.726511,0.683972
16613866906027,pre,1003.908752,,,
16613882257027,pre,1003.911011,,,
16613866120527,Gyro,-0.029399,-0.139147,-0.504709,
16613886033527,Gyro,-0.050418,-0.175996,-0.625764,
16613897638027,pre,1003.903503,,,
16613866120527,Lacc,0.056715,-0.337758,-0.390979,
16613866120527,GameRo,-0.067938,0.002448,-0.732067,0.677832
16613886033527,Lacc,0.569435,-0.151003,-0.322706,
16613886033527,GameRo,-0.067946,0.002444,-0.732067,0.677832
16613920587027,pre,1003.899780,,,
16613905931027,Gyro,-0.170675,-0.165886,-0.764779,
16613925813027,Gyro,-0.290800,-0.142872,-0.883839,
16613937280027,pre,1003.898987,,,
16613905931027,Lacc,0.605534,-0.322937,-0.469341,
16613905931027,GameRo,-0.071361,0.000269,-0.740320,0.668456
16613925813027,Lacc,0.786041,-0.931974,-0.698768,
16613925813027,GameRo,-0.071381,0.000272,-0.740319,0.668456
16613951287027,pre,1003.911011,,,
16613966607027,pre,1003.898987,,,
16613945725527,Gyro,-0.601154,-0.156042,-0.985739,
16613965668527,Gyro,-0.966449,-0.140877,-1.115042,
16613945725527,Lacc,1.005223,-0.482940,-1.284706,
16613945725527,GameRo,-0.077483,0.001675,-0.751781,0.654842
16613965668527,Lacc,1.441863,-0.691009,-1.577925,
16613965668527,GameRo,-0.077513,0.001668,-0.751780,0.654840
16613981836027,pre,1003.907288,,,
16613997277027,pre,1003.915527,,,
16614012628027,pre,1003.907288,,,
16613985596527,Gyro,-0.937582,-0.134891,-1.217208,
16614005509527,Gyro,-0.796440,-0.200606,-1.295029,
16613985596527,Lacc,1.234752,-0.800683,-1.522075,
16613985596527,GameRo,-0.092189,0.012219,-0.765856,0.636251
16614005509527,Lacc,1.409766,-0.663174,-0.848840,
16614005509527,GameRo,-0.092217,0.012213,-0.765855,0.636249
16614027948027,pre,1003.911743,,,
16614043298027,pre,1003.912537,,,
16614025422277,Gyro,-0.522535,-0.473979,-0.991991,
16614045334777,Gyro,-0.271910,0.004257,-0.979220,
16614025422277,Lacc,2.433196,-2.088288,-1.495621,
16614058526027,pre,1003.901245,,,
16614025422277,GameRo,-0.105567,0.019477,-0.781301,0.614853
16614045334777,Lacc,0.908877,0.535991,-0.541897,
16614045334777,GameRo,-0.105576,0.019460,-0.781302,0.614851
16614073938027,pre,1003.909485,,,
16614089166027,pre,1003.914734,,,
16614065224527,Gyro,-0.135689,-0.538498,-0.949821,
16614085091527,Gyro,-0.305300,-0.595966,-1.052120,
16614065224527,Lacc,0.857828,0.382484,-0.573587,
16614065224527,GameRo,-0.113763,0.017495,-0.789421,0.602965
16614085091527,Lacc,1.329324,0.918366,-0.593608,
16614085091527,GameRo,-0.113774,0.017467,-0.789422,0.602962
16614104608027,pre,1003.913269,,,
16614119928027,pre,1003.915527,,,
16614105004277,Gyro,-0.640265,-0.758926,-1.123290,
16614124962777,Gyro,-0.976826,-0.887564,-1.187276,
16614136895027,pre,1003.912537,,,
16614105004277,Lacc,0.844128,0.660796,-0.562273,
16614105004277,GameRo,-0.127865,0.012258,-0.800361,0.585596
16614124962777,Lacc,1.161156,0.352599,-0.665298,
16614124962777,GameRo,-0.127882,0.012240,-0.800361,0.585593
16614150598027,pre,1003.913269,,,
16614165918027,pre,1003.912537,,,
16614144898527,Gyro,-1.204038,-0.931729,-1.270020,
16614164811527,Gyro,-1.409832,-0.952881,-1.395731,
16614144898527,Lacc,0.920265,-0.126114,-0.666568,
16614144898527,GameRo,-0.153843,0.014584,-0.811290,0.563852
16614164811527,Lacc,0.982211,-0.324911,-0.898314,
16614164811527,GameRo,-0.153867,0.014578,-0.811287,0.563849
16614181268027,pre,1003.916260,,,
16614196618027,pre,1003.908752,,,
16614211938027,pre,1003.910278,,,
16614184724277,Gyro,-1.764352,-1.007289,-1.549379,
16614204636777,Gyro,-1.938087,-1.028574,-1.734421,
16614227136027,pre,1003.916260,,,
16614184724277,Lacc,0.557922,-0.057591,-1.044244,
16614184724277,GameRo,-0.185880,0.022866,-0.822886,0.536455
16614204636777,Lacc,0.751306,-0.604965,-1.242574,
16614204636777,GameRo,-0.185909,0.022869,-0.822882,0.536452
16614242578027,pre,1003.901245,,,
16614224549527,Gyro,-1.833793,-1.004097,-1.930904,
16614244462527,Gyro,-1.582237,-0.939977,-2.093464,
16614224549527,Lacc,0.534296,-0.583267,-0.910869,
16614224549527,GameRo,-0.223835,0.036920,-0.835576,0.500348
16614244462527,Lacc,0.893788,-0.782407,-1.140887,
16614244462527,GameRo,-0.223868,0.036926,-0.835569,0.500344
16614257836027,pre,1003.910278,,,
16614273248027,pre,1003.908752,,,
16614288476027,pre,1003.914001,,,
16614264375277,Gyro,-1.307800,-0.849784,-2.198024,
16614284287777,Gyro,-1.194992,-0.706646,-2.220373,
16614264375277,Lacc,0.764952,-1.007439,-0.832322,
16614264375277,GameRo,-0.256355,0.044212,-0.849851,0.458345
16614284287777,Lacc,1.208150,-1.202587,-0.511813,
16614284287777,GameRo,-0.256388,0.044222,-0.849843,0.458342
16614303918027,pre,1003.923767,,,
16614319268027,pre,1003.911011,,,
16614304200277,Gyro,-1.304208,-0.579471,-2.244850,
16614324112777,Gyro,-1.494571,-0.461209,-2.254960,
16614335382027,pre,1003.914734,,,
16614304200277,Lacc,0.959942,-1.077679,0.157827,
16614304200277,GameRo,-0.280884,0.046705,-0.864349,0.414516
16614324112777,Lacc,1.225652,-1.152170,0.680789,
16614324112777,GameRo,-0.280902,0.046712,-0.864343,0.414515
16614349939027,pre,1003.919983,,,
16614365289027,pre,1003.917786,,,
16614344017777,Gyro,-1.658728,-0.318336,-2.243520,
16614363915277,Gyro,-1.712737,-0.166019,-2.219708,
16614344017777,Lacc,1.003235,-1.110282,1.197379,
16614344017777,GameRo,-0.302665,0.056183,-0.877760,0.367117
16614363915277,Lacc,0.949180,-1.290582,1.144523,
16614363915277,GameRo,-0.302673,0.056195,-0.877756,0.367119
16614380517027,pre,1003.915527,,,
16614395959027,pre,1003.926025,,,
16614411279027,pre,1003.921509,,,
16614383820527,Gyro,-1.658196,-0.069441,-2.211194,
16614403733527,Gyro,-1.561484,0.042037,-2.198955,
16614383820527,Lacc,0.602511,-1.366409,1.207680,
16614383820527,GameRo,-0.320020,0.071355,-0.889715,0.317651
16614403733527,Lacc,0.712909,-1.396251,1.064700,
16614403733527,GameRo,-0.320024,0.071372,-0.889711,0.317655
16614426629027,pre,1003.921509,,,
16614441949027,pre,1003.918518,,,
16614423654027,Gyro,-1.513727,0.171872,-2.160643,
16614443582027,Gyro,-1.534879,0.278561,-2.121134,
16614423654027,Lacc,0.438295,-1.318901,1.214798,
16614423654027,GameRo,-0.331665,0.085258,-0.900411,0.268310
16614443582027,Lacc,0.368007,-1.208246,1.198595,
16614443582027,GameRo,-0.331660,0.085274,-0.900409,0.268316
16614457208027,pre,1003.923035,,,
16614472650027,pre,1003.917786,,,
16614487878027,pre,1003.909485,,,
16614463502277,Gyro,-1.562682,0.370483,-2.076303,
16614483414777,Gyro,-1.572659,0.455621,-2.025354,
16614463502277,Lacc,0.117574,-1.092612,1.273440,
16614463502277,GameRo,-0.337833,0.100189,-0.909788,0.219356
16614483414777,Lacc,-0.037097,-0.973334,1.163360,
16614483414777,GameRo,-0.337819,0.100204,-0.909790,0.219364
16614503289027,pre,1003.923767,,,
16614518640027,pre,1003.923035,,,
16614503327527,Gyro,-1.579177,0.527590,-1.967752,
16614523240527,Gyro,-1.597668,0.581998,-1.904298,
16614534722027,pre,1003.911011,,,
16614503327527,Lacc,-0.339180,-0.859839,1.076575,
16614503327527,GameRo,-0.339921,0.116954,-0.917359,0.170965
16614523240527,Lacc,-0.519768,-0.742199,0.867101,
16614523240527,GameRo,-0.339900,0.116969,-0.917363,0.170974
16614549310027,pre,1003.912537,,,
16614564660027,pre,1003.923767,,,
16614543153277,Gyro,-1.618820,0.641063,-1.820224,
16614563065777,Gyro,-1.615760,0.706113,-1.714068,
16614543153277,Lacc,-0.704501,-0.702967,0.815359,
16614543153277,GameRo,-0.338540,0.135192,-0.922907,0.123922
16614563065777,Lacc,-0.901175,-0.779634,0.746860,
16614563065777,GameRo,-0.338512,0.135210,-0.922913,0.123934
16614579888027,pre,1003.924500,,,
16614595330027,pre,1003.911743,,,
16614582978277,Gyro,-1.567471,0.746022,-1.591682,
16614602890777,Gyro,-1.453200,0.761719,-1.461979,
16614582978277,Lacc,-1.150309,-0.931760,0.814434,
16614582978277,GameRo,-0.333637,0.154903,-0.926467,0.079683
16614602890777,Lacc,-1.353422,-1.160080,0.889178,
16614602890777,GameRo,-0.333596,0.154930,-0.926476,0.079701
16614618341027,pre,1003.912537,,,
16614633691027,pre,1003.911743,,,
16614649041027,pre,1003.919983,,,
16614622803527,Gyro,-1.272680,0.757462,-1.323231,
16614642716527,Gyro,-1.052918,0.749880,-1.166524,
16614622803527,Lacc,-1.439772,-1.256598,0.938673,
16614622803527,GameRo,-0.325964,0.172935,-0.928529,0.040932
16614642716527,Lacc,-1.561284,-1.386127,0.908046,
16614642716527,GameRo,-0.325916,0.172967,-0.928539,0.040953
16614664361027,pre,1003.912537,,,
16614679711027,pre,1003.914001,,,
16614662629277,Gyro,-0.845660,0.721811,-0.994785,
16614682541777,Gyro,-0.667269,0.668067,-0.815862,
16614662629277,Lacc,-1.601772,-1.405356,0.852856,
16614662629277,GameRo,-0.316705,0.185252,-0.930202,0.010256
16614682541777,Lacc,-1.644743,-1.311839,0.820824,
16614694940027,pre,1003.919983,,,
16614682541777,GameRo,-0.316653,0.185282,-0.930213,0.010277
16614710382027,pre,1003.916260,,,
16614725732027,pre,1003.915527,,,
16614702454527,Gyro,-0.558718,0.610200,-0.631086,
16614722367527,Gyro,-0.482094,0.557654,-0.446842,
16614702454527,Lacc,-1.481674,-1.122853,0.755645,
16614702454527,GameRo,0.307267,-0.192589,0.931864,0.011227
16614722367527,Lacc,-1.435717,-0.985258,0.717085,
16614722367527,GameRo,0.307220,-0.192612,0.931875,0.011210
16614741052027,pre,1003.910278,,,
16614756372027,pre,1003.917786,,,
16614771722027,pre,1003.912537,,,
16614742249777,Gyro,-0.421965,0.508700,-0.272974,
16614762101277,Gyro,-0.349598,0.453094,-0.108418,
16614742249777,Lacc,-1.384300,-0.807123,0.611527,
16614742249777,GameRo,0.298408,-0.198672,0.933215,0.024323
16614762101277,Lacc,-1.439180,-0.755891,0.487567,
16614762101277,GameRo,0.298363,-0.198691,0.933226,0.024307
16614787042027,pre,1003.914734,,,
16614802392027,pre,1003.910278,,,
16614782014027,Gyro,-0.248896,0.381525,0.034587,
16614801988027,Gyro,-0.115601,0.305832,0.158969,
16614782014027,Lacc,-1.340132,-0.595709,0.378361,
16614782014027,GameRo,0.290229,-0.204226,0.934432,0.029933
16614801988027,Lacc,-1.265328,-0.569942,0.416203,
16614801988027,GameRo,0.290189,-0.204240,0.934442,0.029920
16614817712027,pre,1003.911011,,,
16614833062027,pre,1003.913269,,,
16614848413027,pre,1003.912537,,,
16614821931277,Gyro,0.048023,0.243175,0.269116,
16614841843777,Gyro,0.205928,0.201006,0.362236,
16614821931277,Lacc,-1.005796,-0.494630,0.455030,
16614821931277,GameRo,0.283776,-0.206965,0.935851,0.028634
16614841843777,Lacc,-0.908417,-0.351494,0.401742,
16614841843777,GameRo,0.283745,-0.206972,0.935859,0.028625
16614863732027,pre,1003.913269,,,
16614879083027,pre,1003.911011,,,
16614861748777,Gyro,0.314079,0.165221,0.441786,
16614881646277,Gyro,0.373277,0.131432,0.504044,
16614861748777,Lacc,-0.686218,-0.198911,0.304238,
16614861748777,GameRo,0.278619,-0.204992,0.938026,0.021382
16614881646277,Lacc,-0.522326,-0.133057,0.337341,
16614881646277,GameRo,0.278599,-0.204994,0.938032,0.021377
16614894311027,pre,1003.923035,,,
16614909753027,pre,1003.923035,,,
16614925103027,pre,1003.913269,,,
16614901551277,Gyro,0.389506,0.123051,0.556590,
16614921463777,Gyro,0.373942,0.135689,0.600888,
16614901551277,Lacc,-0.256414,-0.010532,0.287683,
16614901551277,GameRo,0.274176,-0.200757,0.940434,0.010359
16614921463777,Lacc,-0.226693,0.039371,0.257995,
16614921463777,GameRo,0.274165,-0.200754,0.940438,0.010358
16614940393027,pre,1003.919983,,,
16614963372027,pre,1003.914734,,,
16614941353527,Gyro,0.350130,0.133028,0.626696,
16614961220527,Gyro,0.337892,0.124514,0.642393,
16614941353527,Lacc,-0.160223,0.053361,0.149879,
16614941353527,GameRo,-0.269302,0.197005,-0.942688,0.002426
16614961220527,Lacc,-0.135597,0.029828,0.174938,
16614961220527,GameRo,-0.269295,0.197002,-0.942690,0.002427
16614978723027,pre,1003.908752,,,
16614994043027,pre,1003.910278,,,
16615009393027,pre,1003.912537,,,
16614981110527,Gyro,0.328180,0.131698,0.650774,
16615001023527,Gyro,0.314745,0.119459,0.651971,
16614981110527,Lacc,-0.050026,0.103913,0.063853,
16614981110527,GameRo,-0.264361,0.194113,-0.944555,0.015775
16615001023527,Lacc,-0.169568,0.132170,-0.004314,
16615001023527,GameRo,-0.264357,0.194110,-0.944557,0.015775
16615024713027,pre,1003.908752,,,
16615040033027,pre,1003.915527,,,
16615020959277,Gyro,0.307561,0.097111,0.646650,
16615040917777,Gyro,0.321396,0.069308,0.632283,
16615020959277,Lacc,-0.100429,0.128002,-0.102777,
16615020959277,GameRo,-0.259475,0.191637,-0.946094,0.029227
16615040917777,Lacc,-0.126245,0.108550,-0.101429,
16615040917777,GameRo,-0.259474,0.191635,-0.946095,0.029227
16615055261027,pre,1003.913269,,,
16615070703027,pre,1003.907288,,,
16615085931027,pre,1003.916260,,,
16615060853277,Gyro,0.348800,0.046028,0.612861,
16615080765777,Gyro,0.357447,0.048688,0.600090,
16615060853277,Lacc,0.093854,0.098573,-0.152544,
16615060853277,GameRo,-0.255579,0.188811,-0.947217,0.042548
16615080765777,Lacc,0.086206,0.183734,-0.253789,
16615080765777,GameRo,-0.255587,0.188808,-0.947215,0.042545
16615101251027,pre,1003.907288,,,
16615116540027,pre,1003.905029,,,
16615100655527,Gyro,0.343612,0.038046,0.585989,
16615120522527,Gyro,0.314213,0.023812,0.567232,
16615132592027,pre,1003.911011,,,
16615100655527,Lacc,0.116838,0.234259,-0.368891,
16615100655527,GameRo,-0.252183,0.185134,-0.948183,0.055472
16615120522527,Lacc,0.020084,0.261483,-0.360307,
16615120522527,GameRo,-0.252190,0.185130,-0.948182,0.055470
16615147271027,pre,1003.911011,,,
16615162591027,pre,1003.906494,,,
16615140412527,Gyro,0.290001,0.004789,0.537833,
16615160325527,Gyro,0.263130,-0.008647,0.491539,
16615140412527,Lacc,0.117468,0.276338,-0.370905,
16615140412527,GameRo,-0.249354,0.182049,-0.948742,0.067599
16615160325527,Lacc,-0.010019,0.309001,-0.431242,
16615160325527,GameRo,-0.249362,0.182043,-0.948741,0.067596
16615177880027,pre,1003.901245,,,
16615193231027,pre,1003.910278,,,
16615208551027,pre,1003.908752,,,
16615180268777,Gyro,0.243974,-0.046560,0.428218,
16615200242277,Gyro,0.226148,-0.074629,0.357979,
16615180268777,Lacc,0.030020,0.315747,-0.506676,
16615180268777,GameRo,-0.247471,0.179474,-0.948915,0.078145
16615200242277,Lacc,0.092857,0.319686,-0.503026,
16615200242277,GameRo,-0.247483,0.179469,-0.948914,0.078141
16615223870027,pre,1003.904236,,,
16615239190027,pre,1003.913269,,,
16615220185527,Gyro,0.236125,-0.093652,0.288272,
16615240098527,Gyro,0.240914,-0.094716,0.233597,
16615220185527,Lacc,0.224186,0.233836,-0.507559,
16615220185527,GameRo,-0.247330,0.176740,-0.948765,0.086233
16615240098527,Lacc,0.316257,0.171597,-0.491287,
16615240098527,GameRo,-0.247350,0.176738,-0.948761,0.086228
16615254449027,pre,1003.906494,,,
16615269830027,pre,1003.910278,,,
16615260011277,Gyro,0.236923,-0.108950,0.190895,
16615279923777,Gyro,0.215506,-0.108019,0.168281,
16615260011277,Lacc,0.364949,0.022786,-0.416833,
16615260011277,GameRo,-0.247980,0.173141,-0.948707,0.092106
16615279923777,Lacc,0.493259,-0.058510,-0.270911,
16615279923777,GameRo,-0.248002,0.173143,-0.948701,0.092102
16615292749027,pre,1003.912537,,,
16615308129027,pre,1003.898254,,,
16615323480027,pre,1003.912537,,,
16615299836277,Gyro,0.168547,-0.090326,0.167216,
16615319748777,Gyro,0.077023,-0.079551,0.173602,
16615299836277,Lacc,0.503629,-0.013791,-0.330475,
16615299836277,GameRo,-0.249083,0.169756,-0.948573,0.096694
16615319748777,Lacc,0.396721,0.156599,-0.437745,
16615319748777,GameRo,-0.249106,0.169753,-0.948568,0.096688
16615338800027,pre,1003.908020,,,
16615354119027,pre,1003.908020,,,
16615339631027,Gyro,0.009179,-0.099239,0.167216,
16615359483027,Gyro,-0.003326,-0.122386,0.151519,
16615370416027,pre,1003.907288,,,
16615339631027,Lacc,0.284771,0.161196,-0.385096,
16615339631027,GameRo,-0.249954,0.168991,-0.948075,0.100595
16615359483027,Lacc,0.254181,0.087847,-0.274820,
16615359483027,GameRo,-0.249969,0.168989,-0.948072,0.100591
16615384790027,pre,1003.916992,,,
16615400109027,pre,1003.922241,,,
16615379395777,Gyro,0.010642,-0.127840,0.136487,
16615399369277,Gyro,0.013436,-0.122386,0.128771,
16615379395777,Lacc,0.236975,0.137000,-0.248887,
16615379395777,GameRo,-0.251775,0.169556,-0.947145,0.103815
16615399369277,Lacc,0.218179,0.179209,-0.235409,
16615399369277,GameRo,-0.251788,0.169550,-0.947143,0.103811
16615415948027,pre,1003.912537,,,
16615430780027,pre,1003.926025,,,
16615446099027,pre,1003.918518,,,
16615419343027,Gyro,-0.018757,-0.100037,0.127840,
16615439317027,Gyro,-0.079950,-0.067711,0.127441,
16615419343027,Lacc,0.172447,0.218829,-0.113570,
16615419343027,GameRo,-0.253603,0.169753,-0.946301,0.106700
16615439317027,Lacc,0.082156,0.243611,-0.099938,
16615439317027,GameRo,-0.253608,0.169744,-0.946301,0.106696
16615461450027,pre,1003.913269,,,
16615476770027,pre,1003.906494,,,
16615459229777,Gyro,-0.133959,-0.052945,0.122120,
16615479081277,Gyro,-0.132895,-0.051482,0.108019,
16615491967027,pre,1003.905762,,,
16615499627027,pre,1003.912537,,,
16615459229777,Lacc,-0.067295,0.179136,-0.070150,
16615459229777,GameRo,-0.254638,0.171796,-0.945402,0.108909
16615479081277,Lacc,-0.110918,0.008925,-0.041409,
16615479081277,GameRo,-0.254635,0.171797,-0.945402,0.108910
16615515069027,pre,1003.914001,,,
16615498963527,Gyro,-0.073831,-0.048954,0.081945,
16615518876527,Gyro,-0.004789,-0.043766,0.058133,
16615531427027,pre,1003.920776,,,
16615498963527,Lacc,-0.141049,-0.062917,-0.044962,
16615498963527,GameRo,-0.255499,0.174637,-0.944473,0.110419
16615518876527,Lacc,-0.125649,-0.148300,-0.054269,
16615518876527,GameRo,-0.255496,0.174644,-0.944472,0.110422
16615545709027,pre,1003.914734,,,
16615561059027,pre,1003.914734,,,
16615538766277,Gyro,0.023945,-0.029000,0.043367,
16615558632777,Gyro,0.010509,-0.009977,0.046560,
16615538766277,Lacc,-0.045470,-0.101435,0.030491,
16615538766277,GameRo,-0.256105,0.174935,-0.944114,0.111614
16615558632777,Lacc,0.034760,-0.136438,0.149315,
16615558632777,GameRo,-0.256103,0.174938,-0.944113,0.111615
16615576287027,pre,1003.916260,,,
16615591699027,pre,1003.914734,,,
16615607049027,pre,1003.926025,,,
16615578522527,Gyro,-0.016762,0.013702,0.056138,
16615598435527,Gyro,-0.036317,0.021151,0.060927,
16615578522527,Lacc,0.051449,-0.134673,0.151897,
16615578522527,GameRo,-0.256053,0.174995,-0.944003,0.112570
16615598435527,Lacc,0.081505,-0.133312,0.033757,
16615598435527,GameRo,-0.256056,0.174999,-0.944001,0.112570
16615622369027,pre,1003.919250,,,
16615637719027,pre,1003.908020,,,
16615618371277,Gyro,-0.059331,0.034853,0.064120,
16615638329777,Gyro,-0.063720,0.011440,0.058000,
16615618371277,Lacc,0.042040,-0.004701,-0.157156,
16615618371277,GameRo,-0.255482,0.176098,-0.943848,0.113446
16615638329777,Lacc,-0.004272,-0.073850,-0.207050,
16615638329777,GameRo,-0.255486,0.176104,-0.943845,0.113446
16615660699027,pre,1003.923767,,,
16615676019027,pre,1003.910278,,,
16615658234777,Gyro,-0.051881,0.013170,0.055606,
16615678086277,Gyro,-0.026872,-0.001463,0.054675,
16615658234777,Lacc,0.068645,-0.072405,-0.215636,
16615658234777,GameRo,-0.255116,0.177646,-0.943569,0.114171
16615678086277,Lacc,-0.051602,-0.143210,-0.286503,
16615678086277,GameRo,-0.255120,0.177657,-0.943566,0.114173
16615691247027,pre,1003.911743,,,
16615706689027,pre,1003.916260,,,
16615722039027,pre,1003.917786,,,
16615697999027,Gyro,-0.012106,-0.024743,0.054142,
16615717973027,Gyro,-0.002528,-0.053876,0.056005,
16615697999027,Lacc,-0.055542,-0.126265,-0.347255,
16615697999027,GameRo,-0.255027,0.178455,-0.943332,0.115068
16615717973027,Lacc,-0.127486,-0.175056,-0.329175,
16615717973027,GameRo,-0.255029,0.178469,-0.943328,0.115071
16615737359027,pre,1003.926758,,,
16615752710027,pre,1003.915527,,,
16615737916277,Gyro,0.008381,-0.075161,0.062124,
16615757828777,Gyro,0.005587,-0.070239,0.075028,
16615769097027,pre,1003.918518,,,
16615737916277,Lacc,-0.039670,-0.207059,-0.201787,
16615737916277,GameRo,-0.255870,0.178666,-0.942910,0.116321
16615757828777,Lacc,0.000039,-0.255974,-0.054556,
16615757828777,GameRo,-0.255871,0.178678,-0.942907,0.116324
16615783349027,pre,1003.910278,,,
16615799859027,pre,1003.919983,,,
16615777741527,Gyro,-0.021950,-0.058665,0.081546,
16615797654527,Gyro,-0.038977,-0.060129,0.076624,
16615777741527,Lacc,-0.015921,-0.202566,0.006544,
16615777741527,GameRo,-0.256908,0.178862,-0.942383,0.117992
16615797654527,Lacc,-0.033951,-0.172839,0.050431,
16615797654527,GameRo,-0.256905,0.178869,-0.942382,0.117994
16615814019027,pre,1003.919983,,,
16615829339027,pre,1003.924500,,,
16615844690027,pre,1003.921509,,,
16615817567277,Gyro,-0.044032,-0.054542,0.075560,
16615837479777,Gyro,-0.034321,-0.042436,0.069441,
16615817567277,Lacc,0.046595,-0.167120,0.181418,
16615817567277,GameRo,-0.257817,0.179884,-0.941754,0.119462
16615837479777,Lacc,0.052613,-0.120370,0.207288,
16615837479777,GameRo,-0.257815,0.179885,-0.941754,0.119463
16615860009027,pre,1003.908020,,,
16615875360027,pre,1003.906494,,,
16615857392527,Gyro,-0.013968,-0.034055,0.058798,
16615877305527,Gyro,-0.006917,-0.017693,0.051349,
16615857392527,Lacc,0.097831,-0.027364,0.175888,
16615857392527,GameRo,-0.258440,0.180752,-0.941255,0.120732
16615877305527,Lacc,0.119199,0.101097,0.088359,
16615877305527,GameRo,-0.258443,0.180744,-0.941256,0.120730
16615890588027,pre,1003.908752,,,
16615906030027,pre,1003.912537,,,
16615921350027,pre,1003.911011,,,
16615897218277,Gyro,-0.013835,-0.001330,0.045629,
16615917130777,Gyro,-0.012771,0.005587,0.034986,
16615897218277,Lacc,0.104947,0.139909,0.085653,
16615897218277,GameRo,-0.258598,0.181096,-0.941020,0.121704
16615917130777,Lacc,0.079976,0.107877,0.094264,
16615917130777,GameRo,-0.258599,0.181089,-0.941022,0.121702
16615936669027,pre,1003.912537,,,
16615952020027,pre,1003.919983,,,
16615937043277,Gyro,0.007450,0.010642,0.018757,
16615956955777,Gyro,0.028601,0.008248,0.004257,
16615968866027,pre,1003.912537,,,
16615937043277,Lacc,0.038413,0.064001,0.061888,
16615937043277,GameRo,-0.258374,0.181470,-0.940938,0.122257
16615956955777,Lacc,-0.030474,0.056283,-0.016289,
16615956955777,GameRo,-0.258373,0.181468,-0.940939,0.122257
16615990350027,pre,1003.921509,,,
16616005670027,pre,1003.911743,,,
16615976838027,Gyro,0.029133,0.000532,-0.002395,
16615996690027,Gyro,0.028069,-0.008514,-0.002528,
16615976838027,Lacc,-0.038672,0.048463,-0.049536,
16615976838027,GameRo,-0.258137,0.180993,-0.941071,0.122443
16615996690027,Lacc,0.008161,-0.079617,0.010616,
16615996690027,GameRo,-0.258138,0.180996,-0.941070,0.122444
16616020990027,pre,1003.918518,,,
16616036340027,pre,1003.914734,,,
16616016602777,Gyro,0.035652,0.000532,0.004390,
16616036576277,Gyro,0.039110,0.007583,0.014367,
16616016602777,Lacc,0.053960,-0.125813,-0.009634,
16616016602777,GameRo,-0.258205,0.180431,-0.941142,0.122583
16616036576277,Lacc,0.007277,-0.065187,-0.106255,
16616036576277,GameRo,-0.258208,0.180436,-0.941140,0.122583
16616051568027,pre,1003.914001,,,
16616067010027,pre,1003.917786,,,
16616082360027,pre,1003.910278,,,
16616056489027,Gyro,0.021684,-0.001596,0.023812,
16616076341027,Gyro,0.001862,-0.012505,0.024211,
16616056489027,Lacc,-0.036425,0.000092,-0.157040,
16616056489027,GameRo,-0.257949,0.179839,-0.941266,0.123037
16616076341027,Lacc,-0.036252,-0.013474,-0.096044,
16616076341027,GameRo,-0.257950,0.179842,-0.941265,0.123037
16616097680027,pre,1003.924500,,,
16616113000027,pre,1003.922241,,,
16616096253777,Gyro,-0.005853,-0.022083,0.019156,
16616116227277,Gyro,-0.003858,-0.015697,0.017959,
16616129632027,pre,1003.919983,,,
16616096253777,Lacc,-0.002703,-0.030545,-0.014680,
16616096253777,GameRo,-0.258105,0.179898,-0.941145,0.123548
16616116227277,Lacc,0.097668,-0.096671,0.023015,
16616116227277,GameRo,-0.258109,0.179901,-0.941144,0.123548
16616143640027,pre,1003.916992,,,
16616158990027,pre,1003.918518,,,
16616136170527,Gyro,0.004390,0.007716,0.017560,
16616156083527,Gyro,-0.020220,0.016229,0.019954,
16616136170527,Lacc,0.046644,-0.017004,-0.044875,
16616136170527,GameRo,-0.258323,0.179998,-0.941019,0.123906
16616156083527,Lacc,-0.011617,0.054610,-0.071924,
16616156083527,GameRo,-0.258324,0.179997,-0.941019,0.123906
16616174310027,pre,1003.916260,,,
16616189660027,pre,1003.916992,,,
16616205011027,pre,1003.926758,,,
16616175965777,Gyro,-0.048555,0.018225,0.023812,
16616195817277,Gyro,-0.041372,0.021551,0.021418,
16616175965777,Lacc,-0.054818,-0.003563,-0.005043,
16616175965777,GameRo,-0.257967,0.180540,-0.940985,0.124119
16616195817277,Lacc,-0.042729,-0.097823,0.057367,
16616195817277,GameRo,-0.257964,0.180544,-0.940985,0.124121
16616220330027,pre,1003.918518,,,
16616235650027,pre,1003.914001,,,
16616215729777,Gyro,-0.023413,0.037780,0.018890,
16616235703277,Gyro,-0.030064,0.050418,0.018890,
16616215729777,Lacc,-0.021106,-0.076797,0.055516,
16616215729777,GameRo,-0.257553,0.181491,-0.940902,0.124226
16616235703277,Lacc,-0.063341,-0.004206,0.016190,
16616235703277,GameRo,-0.257549,0.181492,-0.940902,0.124227
16616250970027,pre,1003.912537,,,
16616266320027,pre,1003.915527,,,
16616281640027,pre,1003.916260,,,
16616255616027,Gyro,-0.048821,0.052812,0.016629,
16616275468027,Gyro,-0.064386,0.054808,0.012771,
16616255616027,Lacc,-0.041712,0.049689,-0.016327,
16616255616027,GameRo,-0.256620,0.182278,-0.941003,0.124238
16616275468027,Lacc,-0.044798,0.047436,-0.002172,
16616296838027,pre,1003.918518,,,
16616275468027,GameRo,-0.256618,0.182276,-0.941004,0.124238
16616312280027,pre,1003.916260,,,
16616295380777,Gyro,-0.070106,0.051482,0.006385,
16616315354277,Gyro,-0.048688,0.045230,0.000266,
16616295380777,Lacc,0.009635,0.038989,0.019823,
16616295380777,GameRo,-0.255724,0.183671,-0.941015,0.123944
16616315354277,Lacc,-0.002546,0.011993,-0.020261,
16616315354277,GameRo,-0.255724,0.183671,-0.941014,0.123944
16616335199027,pre,1003.920776,,,
16616350579027,pre,1003.912537,,,
16616335289777,Gyro,-0.019555,0.030863,-0.001330,
16616355187277,Gyro,0.006119,0.017294,0.003060,
16616335289777,Lacc,0.032866,-0.025797,-0.026415,
16616367150027,pre,1003.910278,,,
16616335289777,GameRo,-0.255033,0.184678,-0.941057,0.123546
16616355187277,Lacc,0.025178,-0.060127,-0.015935,
16616355187277,GameRo,-0.255035,0.184682,-0.941056,0.123547
16616381250027,pre,1003.914001,,,
16616396600027,pre,1003.923767,,,
16616375100027,Gyro,0.019023,0.003858,0.013569,
16616395028027,Gyro,0.032725,-0.005986,0.022482,
16616375100027,Lacc,0.048282,-0.109201,0.035877,
16616375100027,GameRo,-0.254701,0.184634,-0.941150,0.123588
16616395028027,Lacc,0.022951,-0.124721,0.018344,
16616395028027,GameRo,-0.254702,0.184640,-0.941149,0.123589
16616411920027,pre,1003.915527,,,
16616427240027,pre,1003.915527,,,
16616442590027,pre,1003.916260,,,
16616414948527,Gyro,0.047757,-0.021018,0.025408,
16616434861527,Gyro,0.049087,-0.025142,0.031395,
16616414948527,Lacc,0.019237,-0.105857,-0.034162,
16616414948527,GameRo,-0.254686,0.184101,-0.941177,0.124212
16616434861527,Lacc,0.024271,-0.029990,-0.083355,
16616434861527,GameRo,-0.254690,0.184104,-0.941175,0.124212
16616457910027,pre,1003.911743,,,
16616473230027,pre,1003.914734,,,
16616454743777,Gyro,0.035119,-0.029000,0.040041,
16616474595277,Gyro,0.019555,-0.028335,0.042170,
16616488458027,pre,1003.916992,,,
16616454743777,Lacc,0.017261,0.025157,-0.095948,
16616454743777,GameRo,-0.254952,0.183298,-0.941137,0.125152
16616474595277,Lacc,0.032892,0.014108,-0.056678,
16616474595277,GameRo,-0.254955,0.183298,-0.941136,0.125152
16616503900027,pre,1003.916260,,,
16616519220027,pre,1003.918518,,,
16616494508027,Gyro,0.014766,-0.017693,0.037913,
16616514482027,Gyro,0.015697,-0.004523,0.026872,
16616494508027,Lacc,0.024076,-0.000558,-0.009336,
16616494508027,GameRo,-0.255260,0.183079,-0.940964,0.126140
16616514482027,Lacc,0.004455,0.024039,-0.002971,
16616514482027,GameRo,-0.255260,0.183077,-0.940964,0.126139
16616534539027,pre,1003.919983,,,
16616549890027,pre,1003.919983,,,
16616534425277,Gyro,0.013702,0.002927,0.011440,
16616554337777,Gyro,0.013037,0.010509,-0.001596,
16616566247027,pre,1003.924500,,,
16616534425277,Lacc,-0.020248,0.011322,0.022036,
16616534425277,GameRo,-0.255214,0.182912,-0.940932,0.126712
16616554337777,Lacc,-0.001221,-0.037321,0.053996,
16616554337777,GameRo,-0.255212,0.182913,-0.940932,0.126712
16616580529027,pre,1003.916992,,,
16616595880027,pre,1003.916260,,,
16616574250277,Gyro,0.019156,0.020353,-0.012372,
16616594162777,Gyro,0.018757,0.025541,-0.017161,
16616574250277,Lacc,0.004036,-0.032088,0.015064,
16616574250277,GameRo,-0.254977,0.182672,-0.941045,0.126694
16616594162777,Lacc,0.007633,-0.012297,-0.034383,
16616594162777,GameRo,-0.254978,0.182673,-0.941045,0.126694
16616611169027,pre,1003.905029,,,
16616626519027,pre,1003.926025,,,
16616641839027,pre,1003.917786,,,
16616614075527,Gyro,0.004922,0.028202,-0.016895,
16616633988527,Gyro,-0.012505,0.031395,-0.014766,
16616614075527,Lacc,0.043771,-0.003115,-0.051128,
16616614075527,GameRo,-0.254519,0.182339,-0.941277,0.126373
16616633988527,Lacc,0.055182,0.004057,-0.052558,
16616633988527,GameRo,-0.254524,0.182339,-0.941276,0.126372
16616657159027,pre,1003.919250,,,
16616672509027,pre,1003.920776,,,
16616653901277,Gyro,-0.024876,0.029000,-0.009977,
16616673813777,Gyro,-0.016229,0.024477,-0.010376,
16616687707027,pre,1003.920776,,,
16616653901277,Lacc,0.080503,-0.030241,-0.000908,
16616653901277,GameRo,-0.254036,0.182592,-0.941419,0.125923
16616673813777,Lacc,0.063319,-0.020679,-0.012752,
16616673813777,GameRo,-0.254040,0.182593,-0.941418,0.125922
16616703149027,pre,1003.924500,,,
16616718499027,pre,1003.915527,,,
16616693726527,Gyro,0.001862,0.018092,-0.013968,
16616713639527,Gyro,0.017028,0.005587,-0.018757,
16616693726527,Lacc,0.028170,0.021209,-0.075870,
16616693726527,GameRo,-0.253669,0.182887,-0.941509,0.125561
16616713639527,Lacc,-0.037236,0.006273,-0.093413,
16616713639527,GameRo,-0.253669,0.182889,-0.941508,0.125561
16616733819027,pre,1003.925232,,,
16616749169027,pre,1003.919250,,,
16616733552277,Gyro,0.018491,-0.005720,-0.017028,
16616753464777,Gyro,0.006385,-0.002794,-0.008913,
16616765466027,pre,1003.918518,,,
16616779687027,pre,1003.919983,,,
16616733552277,Lacc,-0.022871,-0.018075,-0.048617,
16616733552277,GameRo,-0.253609,0.182508,-0.941635,0.125285
16616753464777,Lacc,0.013069,-0.057602,0.011023,
16616753464777,GameRo,-0.253609,0.182511,-0.941635,0.125285
16616795129027,pre,1003.914001,,,
16616773377527,Gyro,-0.008115,0.010775,-0.000266,
16616793290527,Gyro,-0.008248,0.019688,0.003193,
16616773377527,Lacc,-0.028857,-0.093481,0.015532,
16616773377527,GameRo,-0.253655,0.182357,-0.941668,0.125167
16616793290527,Lacc,-0.084371,-0.041372,-0.050285,
16616793290527,GameRo,-0.253652,0.182361,-0.941668,0.125169
16616810449027,pre,1003.919250,,,
16616825799027,pre,1003.911743,,,
16616841119027,pre,1003.918518,,,
16616813203277,Gyro,-0.000266,0.006119,-0.001064,
16616833115777,Gyro,0.001330,0.003060,-0.005188,
16616813203277,Lacc,-0.124138,-0.040004,-0.063392,
16616813203277,GameRo,-0.253332,0.182566,-0.941721,0.125116
16616833115777,Lacc,-0.053006,0.012887,-0.063406,
16616833115777,GameRo,-0.253330,0.182568,-0.941721,0.125116
16616856469027,pre,1003.916260,,,
16616871789027,pre,1003.920776,,,
16616853028527,Gyro,-0.011041,0.003193,-0.003193,
16616872941527,Gyro,-0.033656,0.006651,-0.000665,
16616887017027,pre,1003.912537,,,
16616853028527,Lacc,-0.015643,0.032002,-0.034522,
16616853028527,GameRo,-0.253307,0.182546,-0.941744,0.125023
16616872941527,Lacc,0.050466,0.042070,0.017965,
16616872941527,GameRo,-0.253309,0.182542,-0.941744,0.125022
16616902459027,pre,1003.913269,,,
16616917810027,pre,1003.922241,,,
16616892854277,Gyro,-0.029133,0.014500,-0.000266,
16616912766777,Gyro,-0.022482,0.021418,-0.000133,
16616892854277,Lacc,0.050679,0.048231,0.013518,
16616892854277,GameRo,-0.253266,0.183126,-0.941669,0.124826
16616912766777,Lacc,0.021082,0.108089,-0.036212,
16616912766777,GameRo,-0.253268,0.183120,-0.941670,0.124824
16616933129027,pre,1003.924500,,,
16616948480027,pre,1003.909485,,,
16616932679277,Gyro,-0.025009,0.017826,0.001729,
16616952591777,Gyro,-0.036051,0.024211,0.005986,
16616932679277,Lacc,0.011708,0.127972,-0.006253,
16616963952027,pre,1003.914734,,,
16616932679277,GameRo,-0.252938,0.183586,-0.941692,0.124642
16616952591777,Lacc,0.006687,0.125170,0.033005,
16616952591777,GameRo,-0.252937,0.183578,-0.941694,0.124640
16616979150027,pre,1003.910278,,,
16616994470027,pre,1003.923035,,,
16616972474027,Gyro,-0.033257,0.019289,0.005853,
16616992326027,Gyro,-0.011440,0.013835,0.000798,
16616972474027,Lacc,-0.051404,0.064164,0.046549,
16616972474027,GameRo,-0.252594,0.184295,-0.941666,0.124490
16616992326027,Lacc,-0.115180,0.015501,0.006588,
16616992326027,GameRo,-0.252587,0.184296,-0.941667,0.124492
16617009820027,pre,1003.911743,,,
16617032830027,pre,1003.909485,,,
16617012238777,Gyro,0.027138,0.003326,-0.002128,
16617032212277,Gyro,0.047757,0.006651,0.000133,
16617012238777,Lacc,-0.102715,-0.044235,0.018753,
16617012238777,GameRo,-0.252380,0.184492,-0.941692,0.124433
16617032212277,Lacc,-0.085394,-0.014555,-0.018005,
16617032212277,GameRo,-0.252376,0.184495,-0.941692,0.124435
16617048059027,pre,1003.908752,,,
16617063470027,pre,1003.916992,,,
16617078820027,pre,1003.913269,,,
16617052155527,Gyro,0.040840,0.004656,0.006252,
16617072068527,Gyro,0.015963,0.010243,0.011840,
16617052155527,Lacc,-0.062409,-0.015335,-0.045359,
16617052155527,GameRo,-0.252157,0.183630,-0.941889,0.124666
16617072068527,Lacc,-0.034788,-0.050294,0.009677,
16617072068527,GameRo,-0.252154,0.183634,-0.941889,0.124668
16617094110027,pre,1003.920776,,,
16617109460027,pre,1003.908752,,,
16617091981277,Gyro,0.002528,0.006385,0.013170,
16617111893777,Gyro,0.003060,0.009312,0.013569,
16617091981277,Lacc,-0.041127,-0.119024,0.044216,
16617091981277,GameRo,-0.251917,0.183404,-0.941961,0.124941
16617111893777,Lacc,0.021352,-0.122649,0.056634,
16617124719027,pre,1003.919250,,,
16617111893777,GameRo,-0.251916,0.183410,-0.941960,0.124943
16617140130027,pre,1003.925232,,,
16617155481027,pre,1003.915527,,,
16617131806527,Gyro,-0.000000,0.013436,0.014766,
16617151719527,Gyro,0.001862,0.015564,0.012904,
16617131806527,Lacc,0.034688,-0.091476,0.050118,
16617131806527,GameRo,-0.251684,0.183473,-0.941979,0.125175
16617151719527,Lacc,0.078801,-0.051190,0.042337,
16617151719527,GameRo,-0.251688,0.183474,-0.941978,0.125175
16617170800027,pre,1003.918518,,,
16617186120027,pre,1003.911743,,,
16617171601777,Gyro,0.006252,0.022748,0.016096,
16617191453277,Gyro,0.000133,0.023679,0.015431,
16617202386027,pre,1003.915527,,,
16617171601777,Lacc,0.080349,-0.009593,0.010884,
16617171601777,GameRo,-0.251329,0.183546,-0.942032,0.125385
16617191453277,Lacc,0.082648,0.059182,-0.019052,
16617191453277,GameRo,-0.251334,0.183541,-0.942031,0.125382
16617216790027,pre,1003.916260,,,
16617232141027,pre,1003.918518,,,
16617211365777,Gyro,-0.006784,0.017959,0.011973,
16617231339277,Gyro,-0.002661,0.016229,0.005986,
16617211365777,Lacc,0.060271,0.050888,-0.009665,
16617211365777,GameRo,-0.250840,0.183671,-0.942111,0.125584
16617231339277,Lacc,0.023790,0.056076,-0.039197,
16617231339277,GameRo,-0.250843,0.183668,-0.942111,0.125583
16617247461027,pre,1003.926758,,,
16617262780027,pre,1003.921509,,,
16617278131027,pre,1003.920776,,,
16617251282527,Gyro,0.006518,0.007184,-0.003725,
16617271195527,Gyro,0.006518,0.000399,-0.012106,
16617251282527,Lacc,0.000408,0.078051,-0.073680,
16617251282527,GameRo,-0.250565,0.183759,-0.942163,0.125615
16617271195527,Lacc,-0.000379,0.061521,-0.039642,
16617271195527,GameRo,-0.250566,0.183756,-0.942163,0.125614
16617293450027,pre,1003.912537,,,
16617308801027,pre,1003.912537,,,
16617291108277,Gyro,0.006119,-0.003991,-0.015165,
16617311020777,Gyro,0.009046,0.001330,-0.013303,
16617291108277,Lacc,0.000939,-0.015522,0.045254,
16617291108277,GameRo,-0.250589,0.183568,-0.942219,0.125421
16617311020777,Lacc,0.011855,-0.027043,0.064929,
16617311020777,GameRo,-0.250588,0.183568,-0.942220,0.125421
16617324090027,pre,1003.923035,,,
16617339502027,pre,1003.923035,,,
16617354821027,pre,1003.908752,,,
16617330933527,Gyro,0.013968,0.002128,-0.010110,
16617350846527,Gyro,0.006119,0.012771,-0.005587,
16617330933527,Lacc,-0.025548,-0.045215,0.080150,
16617330933527,GameRo,-0.250604,0.183321,-0.942290,0.125222
16617350846527,Lacc,-0.007766,-0.012911,0.069088,
16617350846527,GameRo,-0.250601,0.183320,-0.942291,0.125223
16617370141027,pre,1003.911011,,,
16617385492027,pre,1003.919250,,,
16617370759277,Gyro,0.007583,0.013835,-0.004257,
16617390671777,Gyro,0.010908,0.015032,-0.006119,
16617402124027,pre,1003.920776,,,
16617370759277,Lacc,-0.055742,-0.036938,0.025846,
16617370759277,GameRo,-0.250390,0.183166,-0.942390,0.125123
16617390671777,Lacc,-0.070486,-0.016853,-0.028981,
16617390671777,GameRo,-0.250386,0.183169,-0.942390,0.125125
16617416162027,pre,1003.918518,,,
16617431482027,pre,1003.914734,,,
16617410584527,Gyro,0.018491,0.010509,-0.002794,
16617430497527,Gyro,0.017693,0.011973,0.000798,
16617410584527,Lacc,-0.074754,-0.068902,-0.006631,
16617410584527,GameRo,-0.250119,0.182955,-0.942514,0.125042
16617430497527,Lacc,-0.060899,-0.021948,-0.030881,
16617430497527,GameRo,-0.250116,0.182958,-0.942514,0.125043
16617454461027,pre,1003.907288,,,
16617469812027,pre,1003.913269,,,
16617450410277,Gyro,0.004922,0.007450,0.002395,
16617470322777,Gyro,-0.003193,0.002528,0.002661,
16617450410277,Lacc,-0.046594,0.001013,-0.077993,
16617450410277,GameRo,-0.249872,0.182683,-0.942624,0.125104
16617470322777,Lacc,-0.030299,-0.014800,-0.109540,
16617470322777,GameRo,-0.249874,0.182687,-0.942622,0.125105
16617485192027,pre,1003.918518,,,
16617500451027,pre,1003.909485,,,
16617515802027,pre,1003.914001,,,
16617490235527,Gyro,0.000931,0.002794,0.004257,
16617510148527,Gyro,-0.007184,-0.000399,0.002528,
16617490235527,Lacc,-0.026359,0.003907,-0.125432,
16617490235527,GameRo,-0.249810,0.182755,-0.942622,0.125138
16617510148527,Lacc,-0.039990,0.033811,-0.111776,
16617510148527,GameRo,-0.249812,0.182757,-0.942621,0.125138
16617531121027,pre,1003.920776,,,
16617546441027,pre,1003.918518,,,
16617530061277,Gyro,-0.012239,-0.016362,-0.003326,
16617549973777,Gyro,-0.004257,-0.020220,-0.004390,
16617562036027,pre,1003.923035,,,
16617530061277,Lacc,-0.047020,-0.027868,-0.059600,
16617530061277,GameRo,-0.249868,0.182887,-0.942579,0.125156
16617549973777,Lacc,0.014796,-0.118766,0.035254,
16617549973777,GameRo,-0.249868,0.182894,-0.942577,0.125157
16617577111027,pre,1003.917786,,,
16617592431027,pre,1003.916992,,,
16617569886277,Gyro,-0.006119,-0.009711,0.000665,
16617589798777,Gyro,-0.023812,-0.004922,0.005454,
16617569886277,Lacc,0.027453,-0.053315,0.036637,
16617569886277,GameRo,-0.250262,0.182933,-0.942469,0.125127
16617589798777,Lacc,0.009585,-0.014637,0.034219,
16617589798777,GameRo,-0.250262,0.182933,-0.942469,0.125127
16617607782027,pre,1003.922241,,,
16617623101027,pre,1003.919250,,,
16617638452027,pre,1003.913269,,,
16617609688527,Gyro,-0.028867,0.001064,0.008381,
16617629555527,Gyro,-0.005587,0.004390,0.009312,
16617609688527,Lacc,0.026399,-0.000674,0.070669,
16617609688527,GameRo,-0.250370,0.183381,-0.942353,0.125129
16617629555527,Lacc,0.037098,0.006060,0.041702,
16617629555527,GameRo,-0.250371,0.183379,-0.942353,0.125129
16617653772027,pre,1003.916260,,,
16617669122027,pre,1003.915527,,,
16617649468277,Gyro,0.006784,0.006252,0.004523,
16617669426777,Gyro,-0.000931,0.001995,-0.002927,
16617649468277,Lacc,0.022864,0.113965,-0.000577,
16617649468277,GameRo,-0.250274,0.183551,-0.942331,0.125238
16617669426777,Lacc,0.009825,0.147807,-0.017897,
16617669426777,GameRo,-0.250275,0.183541,-0.942333,0.125235
16617685235027,pre,1003.908752,,,
16617699762027,pre,1003.917786,,,
16617715112027,pre,1003.919250,,,
16617689362527,Gyro,-0.009312,-0.003991,-0.008647,
16617709275527,Gyro,-0.005188,0.001596,-0.009977,
16617689362527,Lacc,0.035756,0.076065,0.018258,
16617689362527,GameRo,-0.250261,0.183540,-0.942347,0.125162
16617709275527,Lacc,0.033532,-0.016344,0.032136,
16617709275527,GameRo,-0.250262,0.183539,-0.942346,0.125162
16617730432027,pre,1003.916260,,,
16617745782027,pre,1003.909485,,,
16617729188277,Gyro,0.003991,0.008780,-0.006784,
16617749100777,Gyro,0.009046,0.008248,-0.001197,
16617729188277,Lacc,0.003168,-0.044299,0.017655,
16617729188277,GameRo,-0.250283,0.183586,-0.942360,0.124953
16617749100777,Lacc,-0.055809,-0.079708,0.010386,
16617749100777,GameRo,-0.250279,0.183592,-0.942359,0.124955
16617761010027,pre,1003.926025,,,
16617784112027,pre,1003.914734,,,
16617769013527,Gyro,0.011973,0.003326,0.001197,
16617788926527,Gyro,0.008514,-0.009445,-0.002528,
16617800225027,pre,1003.919983,,,
16617769013527,Lacc,-0.058625,-0.059116,-0.002589,
16617769013527,GameRo,-0.250097,0.183438,-0.942439,0.124945
16617788926527,Lacc,-0.047670,-0.015846,-0.020346,
16617788926527,GameRo,-0.250095,0.183441,-0.942439,0.124946
16617814782027,pre,1003.917786,,,
16617830102027,pre,1003.921509,,,
16617808839277,Gyro,0.000266,-0.019688,-0.005853,
16617828751777,Gyro,-0.002927,-0.007184,0.005321,
16617808839277,Lacc,0.038977,-0.019383,0.006110,
16617808839277,GameRo,-0.250267,0.183255,-0.942425,0.124975
16617828751777,Lacc,0.115506,-0.005495,0.033651,
16617828751777,GameRo,-0.250274,0.183252,-0.942424,0.124972
16617845422027,pre,1003.914001,,,
16617860772027,pre,1003.916260,,,
16617876123027,pre,1003.909485,,,
16617848664527,Gyro,-0.022216,0.010509,0.024876,
16617868577527,Gyro,-0.039376,0.005720,0.035385,
16617848664527,Lacc,0.036879,0.083393,0.005806,
16617848664527,GameRo,-0.250393,0.183377,-0.942353,0.125086
16617868577527,Lacc,-0.025637,0.165579,-0.055961,
16617868577527,GameRo,-0.250393,0.183367,-0.942356,0.125083
16617891442027,pre,1003.917786,,,
16617906793027,pre,1003.919983,,,
16617888490277,Gyro,-0.040707,-0.000133,0.037913,
16617908402777,Gyro,-0.014101,-0.026872,0.031395,
16617888490277,Lacc,-0.059720,0.247130,-0.121097,
16617888490277,GameRo,-0.250224,0.184283,-0.942162,0.125530
16617921991027,pre,1003.926025,,,
16617908402777,Lacc,-0.063730,0.144640,-0.091108,
16617908402777,GameRo,-0.250223,0.184276,-0.942164,0.125529
16617937432027,pre,1003.920776,,,
16617953271027,pre,1003.913269,,,
16617928315277,Gyro,0.034188,-0.020752,0.034720,
16617948227777,Gyro,0.049619,-0.005188,0.050551,
16617928315277,Lacc,0.059161,0.051256,0.005144,
16617928315277,GameRo,-0.250560,0.184573,-0.941931,0.126170
16617948227777,Lacc,-0.016801,0.070054,0.056654,
16617948227777,GameRo,-0.250556,0.184567,-0.941933,0.126170
16617968103027,pre,1003.916260,,,
16617983453027,pre,1003.912537,,,
16617990991027,pre,1003.912537,,,
16617968117527,Gyro,0.041771,-0.009977,0.064120,
16617987984527,Gyro,0.029266,0.010376,0.081147,
16617968117527,Lacc,0.010807,0.039684,0.139782,
16617968117527,GameRo,-0.250388,0.183853,-0.941953,0.127393
16617987984527,Lacc,0.030320,0.077442,0.117602,
16617987984527,GameRo,-0.250386,0.183843,-0.941955,0.127391
16618006433027,pre,1003.916260,,,
16618021753027,pre,1003.926025,,,
16618037103027,pre,1003.912537,,,
16618007874527,Gyro,0.010509,0.018491,0.087799,
16618027787527,Gyro,-0.007716,0.023812,0.088996,
16618007874527,Lacc,0.006879,0.153741,0.012526,
16618007874527,GameRo,-0.249862,0.183738,-0.941895,0.129006
16618027787527,Lacc,0.004390,0.235975,-0.095829,
16618027787527,GameRo,-0.249866,0.183723,-0.941898,0.129001
16618052301027,pre,1003.912537,,,
16618067742027,pre,1003.918518,,,
16618047723277,Gyro,-0.021151,0.017294,0.088331,
16618067681777,Gyro,-0.012372,-0.003592,0.083808,
16618047723277,Lacc,-0.081387,0.261990,-0.161938,
16618047723277,GameRo,-0.249125,0.184373,-0.941755,0.130539
16618067681777,Lacc,-0.088141,0.171640,-0.086634,
16618067681777,GameRo,-0.249122,0.184364,-0.941758,0.130538
16618082971027,pre,1003.908752,,,
16618098260027,pre,1003.918518,,,
16618113702027,pre,1003.912537,,,
16618087617277,Gyro,0.019289,0.000000,0.085537,
16618107529777,Gyro,0.037381,0.006385,0.097776,
16618087617277,Lacc,-0.013206,0.157962,0.001802,
16618087617277,GameRo,-0.248876,0.184939,-0.941495,0.132080
16618107529777,Lacc,-0.047526,0.117939,0.089986,
16618107529777,GameRo,-0.248868,0.184929,-0.941499,0.132079
16618136682027,pre,1003.923767,,,
16618153314027,pre,1003.919250,,,
16618127442527,Gyro,0.043899,0.033257,0.123184,
16618147355527,Gyro,0.024876,0.058931,0.154180,
16618127442527,Lacc,0.057735,0.187398,0.117487,
16618127442527,GameRo,-0.248213,0.184714,-0.941430,0.134092
16618147355527,Lacc,-0.048213,0.284705,0.094710,
16618147355527,GameRo,-0.248205,0.184691,-0.941437,0.134088
16618167352027,pre,1003.920776,,,
16618182672027,pre,1003.916260,,,
16618167268277,Gyro,-0.011840,0.072633,0.177327,
16618187180777,Gyro,-0.025541,0.067977,0.191827,
16618199090027,pre,1003.923767,,,
16618167268277,Lacc,-0.033422,0.385478,0.027963,
16618167268277,GameRo,-0.246435,0.185170,-0.941406,0.136881
16618187180777,Lacc,-0.160065,0.411208,-0.050675,
16618187180777,GameRo,-0.246424,0.185143,-0.941415,0.136877
16618213342027,pre,1003.924500,,,
16618228662027,pre,1003.912537,,,
16618207093277,Gyro,-0.041239,0.053610,0.203799,
16618227005777,Gyro,-0.033656,0.017427,0.203400,
16618207093277,Lacc,-0.138576,0.526903,-0.164594,
16618207093277,GameRo,-0.244477,0.186820,-0.941118,0.140092
16618227005777,Lacc,-0.078326,0.558879,-0.197662,
16618227005777,GameRo,-0.244477,0.186783,-0.941127,0.140084
16618244012027,pre,1003.914734,,,
16618259332027,pre,1003.898254,,,
16618274682027,pre,1003.911011,,,
16618246918527,Gyro,-0.044165,0.009046,0.204464,
16618266831527,Gyro,-0.098840,-0.044165,0.178923,
16618246918527,Lacc,-0.136626,0.853750,-0.301557,
16618246918527,GameRo,-0.243399,0.188471,-0.940531,0.143654
16618266831527,Lacc,-0.212763,1.207453,-0.263294,
16618266831527,GameRo,-0.243389,0.188384,-0.940554,0.143638
16618290002027,pre,1003.912537,,,
16618305322027,pre,1003.898987,,,
16618286744277,Gyro,-0.231469,-0.065716,0.109216,
16618306656777,Gyro,-0.286144,-0.074230,0.069042,
16618286744277,Lacc,-0.171552,1.559428,-0.128714,
16618286744277,GameRo,-0.243840,0.191148,-0.939446,0.146444
16618306656777,Lacc,-0.341873,1.345370,-0.257522,
16618306656777,GameRo,-0.243818,0.191052,-0.939474,0.146428
16618320581027,pre,1003.911011,,,
16618335992027,pre,1003.910278,,,
16618351312027,pre,1003.903503,,,
16618326569527,Gyro,-0.293061,-0.137285,-0.019954,
16618346482527,Gyro,-0.309024,-0.178923,-0.086867,
16618326569527,Lacc,-0.395623,1.404991,-0.276591,
16618326569527,GameRo,-0.245922,0.196362,-0.937841,0.146352
16618346482527,Lacc,-0.286086,1.459352,-0.535943,
16618346482527,GameRo,-0.245916,0.196262,-0.937866,0.146331
16618366632027,pre,1003.912537,,,
16618381951027,pre,1003.903503,,,
16618366395277,Gyro,-0.303703,-0.287474,-0.151918,
16618386307777,Gyro,-0.223354,-0.342548,-0.212712,
16618397576027,pre,1003.919983,,,
16618366395277,Lacc,-0.419508,1.115894,-0.460175,
16618366395277,GameRo,-0.250726,0.200965,-0.935981,0.143837
16618386307777,Lacc,0.057364,0.863014,-0.506455,
16618386307777,GameRo,-0.250750,0.200910,-0.935989,0.143818
16618412622027,pre,1003.909485,,,
16618427972027,pre,1003.912537,,,
16618406220527,Gyro,-0.227877,-0.359309,-0.249827,
16618426133527,Gyro,-0.391901,-0.498590,-0.291864,
16618406220527,Lacc,-0.426825,1.375937,-1.037325,
16618406220527,GameRo,-0.258713,0.203061,-0.933930,0.140028
16618426133527,Lacc,-0.568904,1.695172,-1.585325,
16618426133527,GameRo,-0.258740,0.202977,-0.933945,0.140001
16618443292027,pre,1003.911011,,,
16618458642027,pre,1003.909485,,,
16618446046277,Gyro,-0.535571,-0.702123,-0.342681,
16618465958777,Gyro,-0.542888,-0.755600,-0.369552,
16618446046277,Lacc,-0.438640,1.017269,-1.146005,
16618446046277,GameRo,-0.270508,0.207313,-0.930460,0.134503
16618465958777,Lacc,0.218921,0.672129,-0.985137,
16618465958777,GameRo,-0.270572,0.207288,-0.930450,0.134480
16618481530027,pre,1003.912537,,,
16618496972027,pre,1003.914001,,,
16618512292027,pre,1003.911011,,,
16618485871527,Gyro,-0.358511,-0.901000,-0.424892,
16618505784527,Gyro,-0.164157,-0.954610,-0.477438,
16618485871527,Lacc,0.112783,-0.120939,-0.648216,
16618485871527,GameRo,-0.288202,0.212803,-0.924824,0.127888
16618505784527,Lacc,0.527604,0.025345,-1.078957,
16618505784527,GameRo,-0.288294,0.212828,-0.924792,0.127870
16618527642027,pre,1003.917786,,,
16618542962027,pre,1003.913269,,,
16618525697277,Gyro,-0.038844,-1.098680,-0.564971,
16618545609777,Gyro,-0.068110,-1.272015,-0.646916,
16618525697277,Lacc,0.101060,0.422606,-1.224158,
16618525697277,GameRo,-0.308826,0.210305,-0.919497,0.122159
16618545609777,Lacc,0.584068,0.598388,-1.137376,
16618545609777,GameRo,-0.308931,0.210284,-0.919472,0.122124
16618558160027,pre,1003.899780,,,
16618573602027,pre,1003.907288,,,
16618588922027,pre,1003.912537,,,
16618565522277,Gyro,-0.305566,-1.315781,-0.675251,
16618585434777,Gyro,-0.656228,-1.346112,-0.682434,
16618565522277,Lacc,0.418608,0.907192,-0.855718,
16618565522277,GameRo,-0.334958,0.204693,-0.912520,0.114937
16618585434777,Lacc,0.206282,1.135255,-1.432789,
16618585434777,GameRo,-0.335065,0.204641,-0.912499,0.114892
16618604242027,pre,1003.910278,,,
16618619561027,pre,1003.898987,,,
16618634881027,pre,1003.914001,,,
16618605324527,Gyro,-1.019395,-1.401851,-0.683632,
16618625191527,Gyro,-1.342254,-1.494704,-0.717687,
16618605324527,Lacc,-0.510130,1.315408,-1.670283,
16618605324527,GameRo,-0.363836,0.209125,-0.901785,0.103318
16618625191527,Lacc,-0.741274,1.392433,-2.145900,
16618625191527,GameRo,-0.363943,0.209099,-0.901752,0.103278
16618650201027,pre,1003.914734,,,
16618665551027,pre,1003.910278,,,
16618645104277,Gyro,-1.499227,-1.665512,-0.826238,
16618665062777,Gyro,-1.492975,-1.742802,-0.984674,
16618645104277,Lacc,-1.039266,1.040311,-1.611461,
16618645104277,GameRo,-0.396510,0.224696,-0.885880,0.086651
16618665062777,Lacc,-0.558652,0.966556,-1.923745,
16618665062777,GameRo,-0.396620,0.224703,-0.885832,0.086622
16618680871027,pre,1003.900513,,,
16618696191027,pre,1003.910278,,,
16618711541027,pre,1003.902039,,,
16618684998527,Gyro,-1.469163,-1.802798,-1.210290,
16618704911527,Gyro,-1.504149,-1.909885,-1.502952,
16618684998527,Lacc,-0.950068,1.544776,-1.978062,
16618684998527,GameRo,-0.434334,0.239874,-0.865803,0.064802
16618704911527,Lacc,-0.498307,2.063787,-2.927011,
16618704911527,GameRo,-0.434575,0.239827,-0.865703,0.064704
16618726861027,pre,1003.913269,,,
16618742211027,pre,1003.914001,,,
16618724824277,Gyro,-1.671233,-1.977064,-1.816765,
16618744736777,Gyro,-2.052491,-2.018303,-2.172350,
16618724824277,Lacc,-0.228413,2.124193,-2.648900,
16618724824277,GameRo,-0.476246,0.249844,-0.842373,0.034294
16618744736777,Lacc,1.070460,2.168135,-2.692358,
16618744736777,GameRo,-0.476520,0.249756,-0.842249,0.034158
16618757440027,pre,1003.919983,,,
16618772882027,pre,1003.909485,,,
16618788201027,pre,1003.913269,,,
16618764649527,Gyro,-2.566512,-2.011519,-2.595246,
16618784562527,Gyro,-3.053262,-1.897647,-3.013088,
16618764649527,Lacc,2.259786,1.647843,-1.578349,
16618764649527,GameRo,0.521625,-0.261528,0.812003,0.012748
16618784562527,Lacc,4.467165,1.300596,-1.631434,
16618784562527,GameRo,0.521839,-0.261438,0.811892,0.012873
16618811181027,pre,1003.918518,,,
16618826532027,pre,1003.915527,,,
16618804452527,Gyro,-3.270630,-1.612035,-3.406319,
16618824319527,Gyro,-3.195336,-1.187143,-3.624618,
16618804452527,Lacc,5.948088,-0.047045,-0.961083,
16618804452527,GameRo,0.565059,-0.278248,0.772159,0.084010
16618824319527,Lacc,7.392106,-0.650654,-1.724791,
16618824319527,GameRo,0.565217,-0.278235,0.772042,0.084064
16618841729027,pre,1003.912537,,,
16618857171027,pre,1003.915527,,,
16618872491027,pre,1003.903503,,,
16618844232027,Gyro,-3.018808,-0.703453,-3.552916,
16618864190027,Gyro,-3.107937,-0.233464,-3.100088,
16618844232027,Lacc,7.600563,-2.197709,-2.400440,
16618844232027,GameRo,0.595088,-0.286943,0.731569,0.168348
16618864190027,Lacc,7.496536,-2.635484,-4.555934,
16618864190027,GameRo,0.595267,-0.287069,0.731391,0.168274
16618887689027,pre,1003.913269,,,
16618903131027,pre,1003.914001,,,
16618884125527,Gyro,-3.272493,-0.044298,-2.339300,
16618904038527,Gyro,-2.986748,0.116533,-1.362341,
16618884125527,Lacc,6.682437,-4.060199,-4.229812,
16618884125527,GameRo,0.603532,-0.295868,0.697788,0.247594
16618904038527,Lacc,5.656817,-3.943589,-1.217403,
16618904038527,GameRo,0.603539,-0.296029,0.697765,0.247449
16618918389027,pre,1003.928284,,,
16618933801027,pre,1003.928284,,,
16618949121027,pre,1003.934265,,,
16618923951277,Gyro,-2.551347,0.342947,-0.354520,
16618943863777,Gyro,-2.381470,0.397621,0.471718,
16618923951277,Lacc,3.454272,-2.303809,1.521466,
16618923951277,GameRo,0.593144,-0.320259,0.674294,0.301566
16618943863777,Lacc,0.922478,-0.748395,2.098059,
16618943863777,GameRo,0.593014,-0.320237,0.674414,0.301577
16618964471027,pre,1003.926758,,,
16618979791027,pre,1003.915527,,,
16618963776527,Gyro,-2.155721,0.332304,1.072473,
16618983689527,Gyro,-1.913610,0.178258,1.378837,
16618996148027,pre,1003.914001,,,
16618963776527,Lacc,-0.788507,-0.228292,1.208798,
16618963776527,GameRo,0.569352,-0.354894,0.666718,0.324615
16618983689527,Lacc,-1.364157,-1.059595,0.773177,
16618983689527,GameRo,0.569241,-0.354937,0.666815,0.324566
16619010461027,pre,1003.918518,,,
16619025781027,pre,1003.922241,,,
16619003579527,Gyro,-1.332676,0.058399,1.360213,
16619023446527,Gyro,-0.757196,0.060661,1.137258,
16619003579527,Lacc,-0.781179,-1.312134,0.548474,
16619003579527,GameRo,0.544485,-0.393523,0.664115,0.328066
16619023446527,Lacc,-0.188412,-1.400705,0.377464,
16619023446527,GameRo,0.544405,-0.393589,0.664176,0.327995
16619041101027,pre,1003.920776,,,
16619056451027,pre,1003.927490,,,
16619071679027,pre,1003.923767,,,
16619043359277,Gyro,-0.207524,0.198212,0.753072,
16619063317777,Gyro,0.313148,0.365694,0.295855,
16619043359277,Lacc,0.067457,-0.794889,0.380306,
16619043359277,GameRo,0.529780,-0.414485,0.666433,0.321565
16619063317777,Lacc,-0.181889,-0.032217,0.609434,
16619063317777,GameRo,0.529741,-0.414461,0.666472,0.321578
16619086969027,pre,1003.923767,,,
16619102410027,pre,1003.923035,,,
16619083253277,Gyro,0.536636,0.519076,-0.127707,
16619103165777,Gyro,0.303703,0.574283,-0.449635,
16619083253277,Lacc,-0.848686,1.029158,0.751753,
16619083253277,GameRo,0.524458,-0.410590,0.674794,0.317825
16619103165777,Lacc,-1.745515,1.759034,1.112919,
16619103165777,GameRo,0.524437,-0.410424,0.674845,0.317966
16619117639027,pre,1003.923767,,,
16619133050027,pre,1003.929749,,,
16619148400027,pre,1003.926758,,,
16619123078527,Gyro,-0.303570,0.503911,-0.637604,
16619142991527,Gyro,-0.941839,0.314346,-0.748682,
16619123078527,Lacc,-2.629127,1.760862,1.197967,
16619123078527,GameRo,0.522081,-0.398213,0.680060,0.326153
16619142991527,Lacc,-3.061654,1.621877,1.420443,
16619142991527,GameRo,0.521988,-0.398016,0.680174,0.326305
16619163690027,pre,1003.926025,,,
16619186700027,pre,1003.937256,,,
16619162904277,Gyro,-1.367396,0.103230,-0.851912,
16619182816777,Gyro,-1.537007,-0.058532,-0.970440,
16619162904277,Lacc,-2.840332,1.035295,1.534848,
16619162904277,GameRo,0.517301,-0.400892,0.670734,0.349000
16619182816777,Lacc,-2.228872,0.493313,1.500092,
16619182816777,GameRo,0.517173,-0.400783,0.670859,0.349073
16619202020027,pre,1003.926758,,,
16619217340027,pre,1003.919983,,,
16619202706527,Gyro,-1.456525,-0.193423,-1.123290,
16619222573527,Gyro,-1.201377,-0.278029,-1.313121,
16619233483027,pre,1003.932007,,,
16619202706527,Lacc,-1.553939,-0.338632,1.515312,
16619202706527,GameRo,0.514813,-0.411348,0.650774,0.377166
16619222573527,Lacc,-0.817757,-0.667428,1.428397,
16619222573527,GameRo,0.514683,-0.411322,0.650889,0.377171
16619240319027,pre,1003.931274,,,
16619255639027,pre,1003.928284,,,
16619270959027,pre,1003.936523,,,
16619242463277,Gyro,-0.943702,-0.291066,-1.471291,
16619262375777,Gyro,-0.778348,-0.293593,-1.541131,
16619242463277,Lacc,-0.284408,-1.290173,1.415651,
16619242463277,GameRo,0.519687,-0.415104,0.628100,0.403862
16619262375777,Lacc,0.069136,-1.464565,1.423761,
16619262375777,GameRo,0.519547,-0.415123,0.628222,0.403833
16619286157027,pre,1003.928284,,,
16619301599027,pre,1003.937256,,,
16619282288527,Gyro,-0.703985,-0.284680,-1.488053,
16619302201527,Gyro,-0.681237,-0.233730,-1.305937,
16619316796027,pre,1003.927490,,,
16619282288527,Lacc,0.235724,-2.105647,1.852940,
16619282288527,GameRo,0.529213,-0.411054,0.606219,0.428330
16619332086027,pre,1003.942505,,,
16619302201527,Lacc,0.214397,-2.231161,2.167831,
16619302201527,GameRo,0.529007,-0.411085,0.606403,0.428294
16619347528027,pre,1003.929749,,,
16619322137277,Gyro,-0.684031,-0.156973,-1.016734,
16619342095777,Gyro,-0.709705,-0.083675,-0.660485,
16619322137277,Lacc,-0.014787,-2.704006,2.412109,
16619322137277,GameRo,0.536057,-0.407519,0.587420,0.448898
16619342095777,Lacc,-0.297541,-2.765848,2.415478,
16619342095777,GameRo,0.535803,-0.407570,0.587650,0.448852
16619362817027,pre,1003.923767,,,
16619378167027,pre,1003.927490,,,
16619362031277,Gyro,-0.636806,0.010775,-0.277630,
16619381943777,Gyro,-0.494865,0.115335,0.094716,
16619362031277,Lacc,-0.524886,-3.086117,2.393413,
16619362031277,GameRo,0.535206,-0.409616,0.575638,0.463045
16619393365027,pre,1003.932007,,,
16619381943777,Lacc,-0.662271,-3.050318,2.293469,
16619381943777,GameRo,0.534935,-0.409687,0.575886,0.462986
16619408807027,pre,1003.934265,,,
16619424127027,pre,1003.933533,,,
16619401841277,Gyro,-0.345474,0.185574,0.427685,
16619421723777,Gyro,-0.046161,0.254882,0.631086,
16619401841277,Lacc,-0.772266,-2.893070,2.165647,
16619401841277,GameRo,0.527771,-0.415507,0.574455,0.467775
16619421723777,Lacc,-0.544580,-2.640715,2.023069,
16619421723777,GameRo,0.527530,-0.415565,0.574674,0.467726
16619439477027,pre,1003.929749,,,
16619454797027,pre,1003.929749,,,
16619470117027,pre,1003.931274,,,
16619441636527,Gyro,-0.025674,0.322593,0.810807,
16619461579527,Gyro,0.106289,0.275102,0.869871,
16619441636527,Lacc,-0.603571,-1.434898,1.977170,
16619441636527,GameRo,0.518360,-0.420683,0.582947,0.463143
16619461579527,Lacc,-0.637029,-2.418973,1.866911,
16619461579527,GameRo,0.518132,-0.420734,0.583151,0.463096
16619485345027,pre,1003.923767,,,
16619508447027,pre,1003.934265,,,
16619481507527,Gyro,0.385250,0.353190,0.896211,
16619501420527,Gyro,0.693875,0.232533,0.836215,
16619481507527,Lacc,-0.529863,-1.243773,1.837926,
16619481507527,GameRo,0.507751,-0.425484,0.595833,0.454022
16619501420527,Lacc,-1.039564,-1.825514,1.741533,
16619501420527,GameRo,0.507542,-0.425504,0.596016,0.453996
16619523767027,pre,1003.931274,,,
16619539025027,pre,1003.941772,,,
16619521333277,Gyro,1.134331,0.108285,0.775288,
16619541245777,Gyro,1.075666,-0.112143,0.740834,
16619521333277,Lacc,-1.152176,-0.330380,1.240356,
16619521333277,GameRo,0.504168,-0.422642,0.612213,0.438615
16619541245777,Lacc,-1.074568,-0.499711,1.382451,
16619541245777,GameRo,0.504041,-0.422599,0.612327,0.438645
16619554345027,pre,1003.947754,,,
16619569757027,pre,1003.953003,,,
16619585107027,pre,1003.955261,,,
16619561158277,Gyro,1.235965,-0.257942,0.782871,
16619581070777,Gyro,1.212951,-0.456420,0.848853,
16619561158277,Lacc,-0.141172,-0.838868,1.340997,
16619561158277,GameRo,0.508534,-0.417140,0.627406,0.416832
16619581070777,Lacc,0.424354,-1.134291,0.977259,
16619581070777,GameRo,0.508434,-0.417160,0.627491,0.416806
16619600427027,pre,1003.946289,,,
16619615777027,pre,1003.953735,,,
16619600983527,Gyro,1.286781,-0.655031,0.849784,
16619620896527,Gyro,1.682939,-0.769967,0.780609,
16619632409027,pre,1003.947754,,,
16619600983527,Lacc,1.521068,-1.377657,0.675975,
16619600983527,GameRo,0.517245,-0.413878,0.639739,0.389740
16619620896527,Lacc,2.686415,-1.417305,0.266816,
16619620896527,GameRo,0.517209,-0.413931,0.639764,0.389690
16619646447027,pre,1003.942505,,,
16619661798027,pre,1003.940979,,,
16619640809277,Gyro,2.177139,-0.742031,0.730325,
16619660721777,Gyro,2.539907,-0.601154,0.752141,
16619640809277,Lacc,3.504014,-1.103086,0.099751,
16619640809277,GameRo,0.533251,-0.405863,0.651527,0.355572
16619660721777,Lacc,3.626189,-0.903871,-0.391150,
16619660721777,GameRo,0.533274,-0.405905,0.651501,0.355538
16619676995027,pre,1003.935730,,,
16619692437027,pre,1003.932007,,,
16619707788027,pre,1003.935730,,,
16619680634527,Gyro,2.613072,-0.537301,0.746022,
16619700547527,Gyro,2.548952,-0.445378,0.634012,
16619680634527,Lacc,3.760923,-0.385922,-0.951346,
16619680634527,GameRo,0.552301,-0.384711,0.669869,0.313428
16619700547527,Lacc,4.543317,-0.276324,-0.844423,
16619700547527,GameRo,0.552371,-0.384727,0.669803,0.313424
16619722985027,pre,1003.929749,,,
16619738427027,pre,1003.925232,,,
16619720460277,Gyro,2.443461,0.005720,0.580801,
16619740372777,Gyro,2.153061,0.382323,0.610200,
16619720460277,Lacc,3.734823,-0.057258,-0.630486,
16619720460277,GameRo,0.567864,-0.359753,0.688010,0.273405
16619740372777,Lacc,1.554976,0.324226,-1.109243,
16619740372777,GameRo,0.567957,-0.359763,0.687926,0.273411
16619753656027,pre,1003.923035,,,
16619769097027,pre,1003.923767,,,
16619784448027,pre,1003.921509,,,
16619760285527,Gyro,1.620017,0.520007,0.627494,
16619780198527,Gyro,0.972037,0.683233,0.638136,
16619760285527,Lacc,0.752449,0.824111,-2.176284,
16619760285527,GameRo,0.569450,-0.335317,0.709879,0.243640
16619780198527,Lacc,0.917217,1.009604,-2.696718,
16619780198527,GameRo,0.569668,-0.335345,0.709687,0.243654
16619799768027,pre,1003.932739,,,
16619815118027,pre,1003.926758,,,
16619800111277,Gyro,0.283350,0.945963,0.711302,
16619820023777,Gyro,-0.373676,1.126349,0.797637,
16619800111277,Lacc,0.688596,1.332446,-3.400216,
16619831506027,pre,1003.926758,,,
16619800111277,GameRo,0.559945,-0.326141,0.726522,0.228604
16619820023777,Lacc,0.008953,1.290081,-3.465332,
16619820023777,GameRo,0.560235,-0.326190,0.726272,0.228616
16619853448027,pre,1003.928284,,,
16619868798027,pre,1003.926758,,,
16619839913527,Gyro,-1.022987,1.241020,0.902463,
16619859780527,Gyro,-1.720320,1.195923,0.978023,
16619839913527,Lacc,-0.735509,1.735907,-3.862920,
16619839913527,GameRo,0.536699,-0.336062,0.739350,0.228863
16619859780527,Lacc,-1.554645,1.719142,-3.811604,
16619859780527,GameRo,0.537053,-0.336133,0.739056,0.228880
16619884973027,pre,1003.923035,,,
16619899438027,pre,1003.925232,,,
16619879693277,Gyro,-2.329190,0.985473,1.007688,
16619899651777,Gyro,-2.761531,0.821050,0.939977,
16619879693277,Lacc,-1.493895,1.975844,-3.700716,
16619879693277,GameRo,0.505045,-0.366768,0.743285,0.240705
16619899651777,Lacc,-1.126327,1.645009,-3.412524,
16619899651777,GameRo,0.505357,-0.366844,0.743029,0.240724
16619914666027,pre,1003.925232,,,
16619930108027,pre,1003.923035,,,
16619945428027,pre,1003.930481,,,
16619919587277,Gyro,-2.997789,0.681902,0.729260,
16619939499777,Gyro,-2.983289,0.513489,0.342414,
16619919587277,Lacc,-0.768794,1.940907,-3.280200,
16619919587277,GameRo,0.472670,-0.412940,0.733639,0.260455
16619939499777,Lacc,-0.485734,1.537468,-3.377950,
16619939499777,GameRo,0.472963,-0.413041,0.733390,0.260466
16619960778027,pre,1003.925232,,,
16619976098027,pre,1003.924500,,,
16619959412527,Gyro,-2.685040,0.371282,-0.149391,
16619979325527,Gyro,-2.077101,0.309290,-0.656627,
16619991571027,pre,1003.923767,,,
16619959412527,Lacc,0.131850,1.283688,-3.109868,
16619959412527,GameRo,0.447142,-0.456048,0.713784,0.287397
16619979325527,Lacc,0.625621,0.685161,-2.900048,
16619979325527,GameRo,0.447356,-0.456165,0.713582,0.287379
16620006768027,pre,1003.930481,,,
16620022088027,pre,1003.923035,,,
16619999238277,Gyro,-1.171180,0.278694,-1.114244,
16620019150777,Gyro,-0.170542,0.259405,-1.463177,
16619999238277,Lacc,0.996833,0.110681,-2.255159,
16619999238277,GameRo,0.437612,-0.476698,0.693164,0.317457
16620019150777,Lacc,1.602199,-0.100150,-2.050124,
16620019150777,GameRo,0.437750,-0.476791,0.693026,0.317428
16620037408027,pre,1003.923767,,,
16620052758027,pre,1003.923767,,,
16620068078027,pre,1003.927490,,,
16620039040527,Gyro,0.677246,0.230139,-1.641700,
16620058907527,Gyro,1.077661,0.169744,-1.658994,
16620039040527,Lacc,1.866712,-0.457564,-2.247735,
16620039040527,GameRo,0.447505,-0.463930,0.684287,0.340970
16620058907527,Lacc,2.638905,0.391838,-3.049591,
16620058907527,GameRo,0.447721,-0.464035,0.684085,0.340947
16620083398027,pre,1003.911011,,,
16620098748027,pre,1003.919250,,,
16620078820277,Gyro,0.994918,0.240515,-1.486723,
16620098778777,Gyro,0.810274,0.383786,-1.128345,
16620113946027,pre,1003.934998,,,
16620078820277,Lacc,2.406543,0.546054,-3.645222,
16620078820277,GameRo,0.467606,-0.433407,0.683632,0.355177
16620098778777,Lacc,-0.152045,0.447201,-2.778023,
16620098778777,GameRo,0.467799,-0.433540,0.683449,0.355113
16620129388027,pre,1003.932739,,,
16620144738027,pre,1003.936523,,,
16620118722027,Gyro,0.620975,0.115335,-0.661416,
16620138650027,Gyro,0.400548,-0.453759,-0.253951,
16620118722027,Lacc,-2.767036,0.240261,-1.447872,
16620118722027,GameRo,0.478204,-0.409892,0.685450,0.365333
16620138650027,Lacc,-2.564396,0.539120,0.740376,
16620138650027,GameRo,0.478096,-0.409804,0.685551,0.365384
16620160058027,pre,1003.934998,,,
16620175409027,pre,1003.939514,,,
16620158562777,Gyro,0.291465,-0.737508,0.047225,
16620178460277,Gyro,0.494067,-0.766641,0.178524,
16620191186027,pre,1003.936523,,,
16620158562777,Lacc,-0.972651,0.336528,2.473540,
16620158562777,GameRo,0.488717,-0.405237,0.682932,0.361307
16620178460277,Lacc,-0.766399,0.334228,2.662501,
16620178460277,GameRo,0.488549,-0.405080,0.683093,0.361407
16620206048027,pre,1003.931274,,,
16620221398027,pre,1003.923767,,,
16620198365277,Gyro,0.597962,-0.764646,0.179322,
16620218277777,Gyro,0.472782,-0.822646,0.016895,
16620198365277,Lacc,-1.309661,0.681487,2.342526,
16620198365277,GameRo,0.500816,-0.405696,0.680774,0.348053
16620218277777,Lacc,-1.494179,0.433410,1.443925,
16620218277777,GameRo,0.500700,-0.405588,0.680889,0.348122
16620244378027,pre,1003.932007,,,
16620259729027,pre,1003.937256,,,
16620238167527,Gyro,0.354121,-0.815729,-0.278295,
16620258034527,Gyro,0.227079,-0.723407,-0.570824,
16620238167527,Lacc,-1.291846,0.116664,0.977928,
16620238167527,GameRo,0.514885,-0.404585,0.676596,0.336783
16620258034527,Lacc,-1.219850,0.185101,0.847676,
16620258034527,GameRo,0.514807,-0.404532,0.676671,0.336814
16620275048027,pre,1003.927490,,,
16620290368027,pre,1003.934998,,,
16620305688027,pre,1003.929749,,,
16620277947277,Gyro,0.079817,-0.631352,-0.828632,
16620297905777,Gyro,-0.179322,-0.553397,-0.977624,
16620277947277,Lacc,-1.524990,0.135554,1.422323,
16620277947277,GameRo,0.530490,-0.400214,0.667126,0.336678
16620297905777,Lacc,-1.934501,0.157251,1.711290,
16620297905777,GameRo,0.530330,-0.400117,0.667281,0.336738
16620321008027,pre,1003.937256,,,
16620336328027,pre,1003.937256,,,
16620317841527,Gyro,-0.446709,-0.538365,-1.034161,
16620337754527,Gyro,-0.659154,-0.586388,-1.024184,
16620317841527,Lacc,-2.376462,-0.586129,1.858911,
16620317841527,GameRo,0.543932,-0.395779,0.653320,0.347375
16620337754527,Lacc,-2.473160,-0.894108,1.620438,
16620337754527,GameRo,0.543710,-0.395771,0.653521,0.347355
16620351556027,pre,1003.934265,,,
16620366998027,pre,1003.938782,,,
16620382318027,pre,1003.936523,,,
16620357667277,Gyro,-0.830495,-0.661815,-0.951018,
16620377579777,Gyro,-0.995716,-0.729260,-0.828233,
16620357667277,Lacc,-2.173253,-1.454935,1.475693,
16620357667277,GameRo,0.554451,-0.397299,0.634798,0.363000
16620377579777,Lacc,-1.098368,-2.613723,1.487761,
16620377579777,GameRo,0.554218,-0.397407,0.635004,0.362878
16620397638027,pre,1003.936523,,,
16620412988027,pre,1003.935730,,,
16620397500027,Gyro,-0.650375,-0.677379,-0.660618,
16620417428027,Gyro,-0.097111,-0.632948,-0.578273,
16620428979027,pre,1003.940247,,,
16620397500027,Lacc,0.573128,-3.842497,1.963163,
16620397500027,GameRo,0.562127,-0.405667,0.614036,0.377369
16620417428027,Lacc,2.886748,-4.819438,1.797259,
16620417428027,GameRo,0.561900,-0.405821,0.614242,0.377206
16620443658027,pre,1003.931274,,,
16620458978027,pre,1003.938782,,,
16620437340777,Gyro,0.507369,-0.479300,-0.522002,
16620457238277,Gyro,0.917761,0.006784,-0.364364,
16620437340777,Lacc,5.355340,-4.858054,2.191219,
16620437340777,GameRo,0.573498,-0.404815,0.602521,0.379728
16620457238277,Lacc,4.749838,-4.245081,2.082382,
16620457238277,GameRo,0.573300,-0.404920,0.602711,0.379614
16620474328027,pre,1003.937256,,,
16620481988027,pre,1003.938782,,,
16620497308027,pre,1003.932007,,,
16620477143527,Gyro,1.156281,0.220960,-0.146730,
16620497056527,Gyro,1.206698,0.016762,0.077422,
16620477143527,Lacc,1.542681,-3.493401,1.326774,
16620477143527,GameRo,0.583047,-0.389845,0.607591,0.372708
16620497056527,Lacc,0.180388,-2.757236,0.638071,
16620497056527,GameRo,0.582894,-0.389989,0.607735,0.372561
16620512536027,pre,1003.932739,,,
16620535638027,pre,1003.934265,,,
16620516969277,Gyro,1.280130,-0.088464,0.339355,
16620536881777,Gyro,1.376708,0.045895,0.636274,
16620516969277,Lacc,0.583355,-2.599907,0.013101,
16620516969277,GameRo,0.590567,-0.376070,0.618226,0.357209
16620536881777,Lacc,0.865886,-2.292976,-0.798122,
16620536881777,GameRo,0.590529,-0.376237,0.618256,0.357045
16620550866027,pre,1003.934265,,,
16620566278027,pre,1003.930481,,,
16620581628027,pre,1003.927490,,,
16620556794277,Gyro,1.334272,0.235460,0.915633,
16620576706777,Gyro,1.228515,0.410525,1.117969,
16620596826027,pre,1003.926758,,,
16620556794277,Lacc,0.681402,-1.855742,-1.710631,
16620556794277,GameRo,0.594516,-0.366837,0.633334,0.332971
16620576706777,Lacc,0.423208,-1.722174,-2.438232,
16620576706777,GameRo,0.594604,-0.367037,0.633234,0.332782
16620612268027,pre,1003.924500,,,
16620596627027,Gyro,1.010083,0.545548,1.250598,
16620616555027,Gyro,0.685095,0.659953,1.354360,
16620627832027,pre,1003.926758,,,
16620596627027,Lacc,0.309963,-0.943788,-2.843475,
16620596627027,GameRo,0.588921,-0.362362,0.653963,0.306918
16620616555027,Lacc,0.291227,-0.495903,-2.540566,
16620616555027,GameRo,0.589069,-0.362495,0.653807,0.306808
16620642907027,pre,1003.919250,,,
16620658258027,pre,1003.926758,,,
16620636483027,Gyro,0.285079,0.754270,1.442158,
16620656411027,Gyro,-0.152317,0.783536,1.480603,
16620636483027,Lacc,0.261162,0.367013,-2.385838,
16620636483027,GameRo,0.574465,-0.365743,0.674156,0.285894
16620656411027,Lacc,0.091301,0.384373,-2.024593,
16620656411027,GameRo,0.574622,-0.365805,0.674003,0.285862
16620673577027,pre,1003.928284,,,
16620688897027,pre,1003.928284,,,
16620704248027,pre,1003.930481,,,
16620676293277,Gyro,-0.589847,0.764380,1.456392,
16620696129777,Gyro,-0.972835,0.709306,1.378305,
16620676293277,Lacc,0.006401,0.748731,-2.055551,
16620676293277,GameRo,0.552180,-0.380590,0.689500,0.273566
16620696129777,Lacc,-0.364408,0.402288,-1.865889,
16620696129777,GameRo,0.552326,-0.380658,0.689357,0.273536
16620719567027,pre,1003.932007,,,
16620734887027,pre,1003.927490,,,
16620716035027,Gyro,-1.217474,0.633081,1.258313,
16620736009027,Gyro,-1.294763,0.531314,1.086574,
16620716035027,Lacc,-0.673464,0.679176,-1.976070,
16620716035027,GameRo,0.526820,-0.405195,0.696430,0.270671
16620736009027,Lacc,-1.024478,0.601529,-2.185217,
16620736009027,GameRo,0.526991,-0.405293,0.696259,0.270632
16620750207027,pre,1003.924500,,,
16620765588027,pre,1003.929016,,,
16620780908027,pre,1003.929016,,,
16620755952277,Gyro,-1.195125,0.403474,0.856834,
16620775864777,Gyro,-0.924945,0.329777,0.596897,
16620755952277,Lacc,-0.770541,0.987576,-2.483231,
16620755952277,GameRo,0.504023,-0.431518,0.696459,0.273308
16620775864777,Lacc,-0.463044,0.766624,-2.642361,
16620775864777,GameRo,0.504232,-0.431629,0.696252,0.273276
16620796258027,pre,1003.929016,,,
16620811608027,pre,1003.931274,,,
16620795777527,Gyro,-0.570425,0.269382,0.336960,
16620815690527,Gyro,-0.272043,0.212047,0.129969,
16620795777527,Lacc,-0.113013,0.847999,-2.654680,
16620827081027,pre,1003.925232,,,
16620795777527,GameRo,0.489948,-0.448232,0.694484,0.277004
16620815690527,Lacc,0.176815,0.816184,-2.384132,
16620815690527,GameRo,0.490145,-0.448316,0.694293,0.276996
16620842279027,pre,1003.926025,,,
16620857598027,pre,1003.925232,,,
16620835572777,Gyro,-0.110147,0.157638,-0.001463,
16620855424277,Gyro,-0.111877,-0.003991,-0.077023,
16620835572777,Lacc,0.247001,0.938241,-2.423607,
16620835572777,GameRo,0.484880,-0.452043,0.694454,0.279790
16620855424277,Lacc,0.983230,1.060605,-2.542254,
16620855424277,GameRo,0.485105,-0.452106,0.694247,0.279810
16620872949027,pre,1003.929749,,,
16620888147027,pre,1003.929016,,,
16620903619027,pre,1003.923035,,,
16620875336777,Gyro,-0.209253,-0.141010,-0.125046,
16620895310277,Gyro,-0.269781,-0.175464,-0.117464,
16620875336777,Lacc,2.241422,1.062050,-2.518778,
16620875336777,GameRo,0.485501,-0.452987,0.692488,0.282050
16620895310277,Lacc,2.582959,0.967223,-2.110953,
16620895310277,GameRo,0.485708,-0.453005,0.692310,0.282100
16620926629027,pre,1003.929749,,,
16620941949027,pre,1003.928284,,,
16620915253527,Gyro,-0.263795,-0.204730,-0.039775,
16620935166527,Gyro,-0.220162,-0.346405,0.079551,
16620915253527,Lacc,1.386485,0.877479,-1.291926,
16620915253527,GameRo,0.487852,-0.456643,0.687352,0.284650
16620935166527,Lacc,0.075377,0.905379,-0.672445,
16620935166527,GameRo,0.487945,-0.456625,0.687279,0.284694
16620957269027,pre,1003.940979,,,
16620972619027,pre,1003.926758,,,
16620955079277,Gyro,-0.149125,-0.492470,0.201405,
16620974991777,Gyro,-0.016629,-0.622971,0.266455,
16620955079277,Lacc,-0.597445,1.033587,-0.228428,
16620955079277,GameRo,0.490749,-0.462356,0.682347,0.282479
16620974991777,Lacc,-0.764648,1.118753,0.015991,
16620974991777,GameRo,0.490792,-0.462294,0.682331,0.282546
16620987847027,pre,1003.932007,,,
16621003259027,pre,1003.930481,,,
16621018609027,pre,1003.929749,,,
16620994904527,Gyro,0.220428,-0.712765,0.206859,
16621014817527,Gyro,0.531048,-0.752008,0.038578,
16620994904527,Lacc,-0.432436,1.129970,0.322188,
16620994904527,GameRo,0.496924,-0.468217,0.677611,0.273282
16621014817527,Lacc,-0.088372,1.038173,0.379279,
16621014817527,GameRo,0.496954,-0.468133,0.677614,0.273366
16621033807027,pre,1003.930481,,,
16621049249027,pre,1003.919983,,,
16621034707527,Gyro,0.873463,-0.753072,-0.234662,
16621054574527,Gyro,1.102803,-0.681769,-0.510695,
16621065484027,pre,1003.926025,,,
16621034707527,Lacc,0.285980,0.807403,0.643091,
16621034707527,GameRo,0.509876,-0.464762,0.675353,0.260616
16621054574527,Lacc,0.537890,0.844468,0.542277,
16621054574527,GameRo,0.509898,-0.464674,0.675364,0.260702
16621079888027,pre,1003.927490,,,
16621095239027,pre,1003.928284,,,
16621074487277,Gyro,1.193529,-0.601553,-0.766508,
16621094445777,Gyro,1.198451,-0.530649,-0.937050,
16621074487277,Lacc,0.437500,0.720077,0.603404,
16621074487277,GameRo,0.529441,-0.447684,0.675754,0.250255
16621094445777,Lacc,0.152161,0.932987,0.852155,
16621094445777,GameRo,0.529436,-0.447578,0.675793,0.250350
16621110498027,pre,1003.934265,,,
16621125909027,pre,1003.932007,,,
16621141259027,pre,1003.926025,,,
16621114381277,Gyro,1.077528,-0.455887,-0.977890,
16621134293777,Gyro,0.842733,-0.395892,-0.898605,
16621114381277,Lacc,-0.453874,0.690140,1.239934,
16621114381277,GameRo,0.550480,-0.423919,0.675933,0.245719
16621134293777,Lacc,-0.849668,0.862116,1.233910,
16621134293777,GameRo,0.550419,-0.423807,0.676022,0.245805
16621156579027,pre,1003.929016,,,
16621171930027,pre,1003.919983,,,
16621154206277,Gyro,0.562177,-0.392433,-0.796306,
16621174118777,Gyro,0.419837,-0.389906,-0.762251,
16621154206277,Lacc,-0.872972,0.640746,0.929333,
16621154206277,GameRo,0.567123,-0.404615,0.674095,0.245468
16621174118777,Lacc,-0.092360,0.539082,0.468173,
16621174118777,GameRo,0.567114,-0.404557,0.674118,0.245520
16621187188027,pre,1003.926758,,,
16621202569027,pre,1003.928284,,,
16621217919027,pre,1003.929016,,,
16621194031527,Gyro,0.450034,-0.345208,-0.805219,
16621213944527,Gyro,0.605943,-0.260602,-0.910844,
16621194031527,Lacc,0.828024,-0.122519,0.285240,
16621194031527,GameRo,0.580396,-0.392044,0.669323,0.247890
16621213944527,Lacc,1.629650,-0.551835,0.290761,
16621213944527,GameRo,0.580374,-0.392043,0.669343,0.247886
16621233239027,pre,1003.922241,,,
16621248559027,pre,1003.934265,,,
16621233857277,Gyro,0.794843,-0.141409,-1.029638,
16621253769777,Gyro,0.927472,-0.051349,-1.073537,
16621265008027,pre,1003.927490,,,
16621233857277,Lacc,1.722925,-1.224083,0.380206,
16621233857277,GameRo,0.593723,-0.374437,0.666584,0.250909
16621253769777,Lacc,1.498651,-1.277750,0.240196,
16621253769777,GameRo,0.593675,-0.374486,0.666621,0.250852
16621279229027,pre,1003.930481,,,
16621302240027,pre,1003.929749,,,
16621273652027,Gyro,0.889160,0.000665,-0.983610,
16621293504027,Gyro,0.682301,0.077954,-0.762384,
16621273652027,Lacc,1.316116,-1.542830,-0.039104,
16621273652027,GameRo,0.606601,-0.349859,0.667339,0.253558
16621293504027,Lacc,1.150583,-1.362045,-0.198035,
16621293504027,GameRo,0.606573,-0.349941,0.667354,0.253474
16621317559027,pre,1003.928284,,,
16621332910027,pre,1003.923035,,,
16621313416777,Gyro,0.351327,0.176395,-0.436465,
16621333390277,Gyro,-0.097111,0.248231,-0.054409,
16621313416777,Lacc,0.639647,-1.220742,-0.406269,
16621313416777,GameRo,0.613809,-0.331824,0.669124,0.255743
16621333390277,Lacc,0.037067,-0.653038,-0.468297,
16621333390277,GameRo,0.613818,-0.331889,0.669107,0.255680
16621348138027,pre,1003.922241,,,
16621363580027,pre,1003.926758,,,
16621378930027,pre,1003.921509,,,
16621353333527,Gyro,-0.577741,0.279891,0.328846,
16621373246527,Gyro,-0.975895,0.285744,0.670861,
16621353333527,Lacc,-0.445106,-0.351680,-0.503125,
16621353333527,GameRo,0.610030,-0.331982,0.671156,0.259235
16621373246527,Lacc,-0.691102,-0.455618,-0.409890,
16621373246527,GameRo,0.610037,-0.332041,0.671141,0.259178
16621394159027,pre,1003.931274,,,
16621409600027,pre,1003.926025,,,
16621393159277,Gyro,-1.259244,0.279492,0.932527,
16621413071777,Gyro,-1.391608,0.243042,1.063826,
16621393159277,Lacc,-0.735290,-0.319522,-0.461806,
16621393159277,GameRo,0.596342,-0.352179,0.671375,0.263822
16621413071777,Lacc,-0.675519,-0.441933,-0.542337,
16621413071777,GameRo,0.596357,-0.352246,0.671350,0.263761
16621425286027,pre,1003.923767,,,
16621440271027,pre,1003.926025,,,
16621455621027,pre,1003.919983,,,
16621432984527,Gyro,-1.405176,0.193290,1.078060,
16621452897527,Gyro,-1.291969,0.137152,0.980684,
16621432984527,Lacc,-0.481722,-0.093536,-0.633453,
16621432984527,GameRo,0.577980,-0.382112,0.669582,0.267562
16621452897527,Lacc,-0.376643,-0.320328,-0.626607,
16621452897527,GameRo,0.578007,-0.382170,0.669546,0.267512
16621470941027,pre,1003.926758,,,
16621486169027,pre,1003.934265,,,
16621501611027,pre,1003.926758,,,
16621472787277,Gyro,-1.027776,0.091789,0.792715,
16621492653777,Gyro,-0.710237,0.033656,0.553397,
16621472787277,Lacc,-0.405477,-0.146576,-0.434155,
16621472787277,GameRo,0.561768,-0.409414,0.666220,0.270088
16621492653777,Lacc,-0.672802,-0.197576,-0.239299,
16621492653777,GameRo,0.561765,-0.409452,0.666214,0.270052
16621516961027,pre,1003.923035,,,
16621532281027,pre,1003.929749,,,
16621512566277,Gyro,-0.414117,-0.040041,0.287474,
16621532524777,Gyro,-0.145134,-0.116932,0.025807,
16621512566277,Lacc,-0.873579,-0.013508,0.071352,
16621512566277,GameRo,0.553204,-0.424415,0.663679,0.270863
16621532524777,Lacc,-1.061194,0.035676,0.250305,
16621532524777,GameRo,0.553169,-0.424417,0.663712,0.270852
16621547509027,pre,1003.926025,,,
16621562951027,pre,1003.919983,,,
16621578302027,pre,1003.930481,,,
16621552460527,Gyro,0.023280,-0.200606,-0.191161,
16621572373527,Gyro,0.084606,-0.264460,-0.356782,
16621552460527,Lacc,-1.055682,0.218571,0.324540,
16621552460527,GameRo,0.553923,-0.427020,0.661286,0.271154
16621572373527,Lacc,-0.740698,0.287549,0.260305,
16621572373527,GameRo,0.553907,-0.426998,0.661306,0.271171
16621593621027,pre,1003.923767,,,
16621608972027,pre,1003.929749,,,
16621592286277,Gyro,0.053344,-0.268318,-0.440057,
16621612198777,Gyro,-0.027670,-0.241845,-0.474112,
16621592286277,Lacc,-0.372958,0.191109,0.184622,
16621592286277,GameRo,0.560830,-0.423321,0.657168,0.272761
16621612198777,Lacc,-0.033160,0.128465,-0.022808,
16621612198777,GameRo,0.560838,-0.423314,0.657163,0.272770
16621631982027,pre,1003.927490,,,
16621647332027,pre,1003.934265,,,
16621632111527,Gyro,-0.099904,-0.196217,-0.463470,
16621652024527,Gyro,-0.182515,-0.155377,-0.406534,
16621663293027,pre,1003.929016,,,
16621632111527,Lacc,0.165433,-0.047601,-0.103713,
16621632111527,GameRo,0.567770,-0.419691,0.651630,0.277264
16621652024527,Lacc,0.329132,-0.016688,-0.203814,
16621652024527,GameRo,0.567786,-0.419697,0.651613,0.277262
16621678003027,pre,1003.923767,,,
16621693322027,pre,1003.919983,,,
16621671937277,Gyro,-0.222822,-0.133693,-0.325653,
16621691849777,Gyro,-0.171872,-0.104826,-0.229208,
16621671937277,Lacc,0.484986,-0.367801,-0.109943,
16621671937277,GameRo,0.572121,-0.418366,0.646082,0.283242
16621691849777,Lacc,0.662875,-0.589165,0.042960,
16621691849777,GameRo,0.572098,-0.418391,0.646099,0.283212
16621708642027,pre,1003.926025,,,
16621723992027,pre,1003.927490,,,
16621731652027,pre,1003.924500,,,
16621711762527,Gyro,-0.088331,-0.082610,-0.127175,
16621731675527,Gyro,0.010376,-0.087932,-0.050019,
16621746881027,pre,1003.926025,,,
16621711762527,Lacc,0.550354,-0.733840,0.298104,
16621711762527,GameRo,0.574258,-0.418656,0.642285,0.287098
16621731675527,Lacc,0.397365,-0.725710,0.432836,
16621731675527,GameRo,0.574200,-0.418676,0.642338,0.287067
16621762323027,pre,1003.934265,,,
16621777642027,pre,1003.917786,,,
16621751588277,Gyro,0.101234,-0.093120,0.006651,
16621771500777,Gyro,0.162693,-0.093918,0.050684,
16621751588277,Lacc,0.307384,-0.716895,0.442360,
16621751588277,GameRo,0.575719,-0.418473,0.641263,0.286721
16621771500777,Lacc,0.256386,-0.641919,0.370403,
16621771500777,GameRo,0.575667,-0.418493,0.641311,0.286691
16621792993027,pre,1003.923035,,,
16621808313027,pre,1003.930481,,,
16621791413527,Gyro,0.198212,-0.090193,0.078088,
16621811326527,Gyro,0.191561,-0.059597,0.098441,
16621823541027,pre,1003.921509,,,
16621791413527,Lacc,0.271154,-0.580386,0.442963,
16621791413527,GameRo,0.577331,-0.417508,0.641960,0.283308
16621811326527,Lacc,0.182740,-0.501478,0.499753,
16621811326527,GameRo,0.577276,-0.417514,0.642014,0.283291
16621838983027,pre,1003.928284,,,
16621854333027,pre,1003.929016,,,
16621831239277,Gyro,0.132629,-0.038046,0.111212,
16621851151777,Gyro,0.046427,-0.034454,0.091124,
16621831239277,Lacc,-0.098186,-0.273092,0.456156,
16621831239277,GameRo,0.578222,-0.416598,0.643483,0.279348
16621851151777,Lacc,-0.300961,-0.120651,0.421538,
16621851151777,GameRo,0.578183,-0.416589,0.643523,0.279348
16621869653027,pre,1003.934998,,,
16621885217027,pre,1003.925232,,,
16621900201027,pre,1003.916992,,,
16621871041527,Gyro,-0.058532,-0.017028,0.034720,
16621890908527,Gyro,-0.283084,0.003858,-0.039509,
16621871041527,Lacc,-0.451997,0.053014,0.381430,
16621871041527,GameRo,0.578065,-0.417225,0.644012,0.277513
16621890908527,Lacc,-0.592628,0.243876,0.236841,
16621890908527,GameRo,0.578054,-0.417205,0.644027,0.277531
16621915643027,pre,1003.930481,,,
16621930963027,pre,1003.936523,,,
16621910821277,Gyro,-0.571356,0.014101,-0.199143,
16621930779777,Gyro,-0.800031,0.019688,-0.464667,
16621910821277,Lacc,-0.526805,0.204389,-0.159096,
16621910821277,GameRo,0.576794,-0.420392,0.641270,0.281696
16621930779777,Lacc,-0.431037,-0.169948,0.297980,
16621930779777,GameRo,0.576760,-0.420395,0.641303,0.281685
16621946283027,pre,1003.923767,,,
16621961633027,pre,1003.929749,,,
16621976983027,pre,1003.926025,,,
16621950715277,Gyro,-0.939179,0.056537,-0.769435,
16621970627777,Gyro,-1.061033,0.118129,-1.240488,
16621950715277,Lacc,-0.781186,-1.090168,1.126873,
16621950715277,GameRo,0.575734,-0.424948,0.632177,0.297157
16621970627777,Lacc,-0.980076,-1.967657,1.817728,
16621970627777,GameRo,0.575499,-0.425003,0.632403,0.297054
16621999993027,pre,1003.942505,,,
16622015313027,pre,1003.934265,,,
16621990540527,Gyro,-0.888628,0.005986,-1.769008,
16622010453527,Gyro,-0.898073,-0.059730,-1.203905,
16621990540527,Lacc,-0.320323,-9.118605,4.387837,
16621990540527,GameRo,0.578250,-0.422788,0.617326,0.325247
16622010453527,Lacc,1.315859,-24.020979,3.536150,
16622010453527,GameRo,0.577747,-0.423290,0.617762,0.324661
16622030633027,pre,1003.938782,,,
16622045983027,pre,1003.948486,,,
16622030366277,Gyro,0.662480,-0.382190,-0.278694,
16622050278777,Gyro,1.170515,0.715425,1.245809,
16622061639027,pre,1003.972534,,,
16622030366277,Lacc,2.524523,-28.813133,6.416580,
16622030366277,GameRo,0.583635,-0.420096,0.603267,0.344904
16622050278777,Lacc,12.513103,-20.942890,12.518338,
16622050278777,GameRo,0.583092,-0.420299,0.603805,0.344634
16622076654027,pre,1003.959778,,,
16622092431027,pre,1003.940979,,,
16622070168527,Gyro,-0.229474,1.488053,3.944418,
16622090035527,Gyro,-1.680146,1.295561,6.364200,
16622070168527,Lacc,15.300700,-26.453918,13.833555,
16622070168527,GameRo,0.570793,-0.418921,0.629657,0.319737
16622090035527,Lacc,21.575989,-30.067831,10.043401,
16622090035527,GameRo,0.570355,-0.419201,0.630045,0.319388
16622107324027,pre,1003.905029,,,
16622122644027,pre,1003.881775,,,
16622137963027,pre,1003.864502,,,
16622109948277,Gyro,-3.533760,1.168652,7.346214,
16622129906777,Gyro,-2.880459,1.167056,8.961707,
16622109948277,Lacc,32.141220,-25.490532,3.134133,
16622109948277,GameRo,0.484609,-0.502169,0.663912,0.268703
16622129906777,Lacc,37.925457,-27.651052,-4.490103,
16622129906777,GameRo,0.484561,-0.502335,0.663888,0.268537
16622153283027,pre,1003.849487,,,
16622168634027,pre,1003.818787,,,
16622149842277,Gyro,0.174533,1.194327,9.614610,
16622169754777,Gyro,1.898844,1.388814,10.420362,
16622149842277,Lacc,45.216320,-19.803621,-5.405576,
16622149842277,GameRo,0.356569,-0.606399,0.685835,0.186466
16622169754777,Lacc,46.802647,-12.125731,-6.632234,
16622169754777,GameRo,0.356930,-0.606309,0.685641,0.186780
16622183862027,pre,1003.809753,,,
16622199304027,pre,1003.783508,,,
16622214624027,pre,1003.753479,,,
16622189667527,Gyro,3.278479,1.546053,11.109580,
16622209580527,Gyro,4.241203,1.736683,11.362201,
16622189667527,Lacc,48.233002,-2.375858,-9.865446,
16622189667527,GameRo,0.212244,-0.632614,0.743472,0.044738
16622209580527,Lacc,44.306789,2.218315,-11.804481,
16622209580527,GameRo,0.213038,-0.632602,0.743215,0.045404
16622229852027,pre,1003.747498,,,
16622245294027,pre,1003.747498,,,
16622229493277,Gyro,4.560604,1.946468,11.313778,
16622249405777,Gyro,4.513778,1.943009,11.119424,
16622262109027,pre,1003.743774,,,
16622229493277,Lacc,43.025978,5.461040,-14.585555,
16622229493277,GameRo,-0.043373,0.598118,-0.791615,0.117132
16622249405777,Lacc,37.611259,6.833912,-13.578675,
16622249405777,GameRo,-0.044315,0.598308,-0.791525,0.116414
16622275994027,pre,1003.727234,,,
16622291284027,pre,1003.730286,,,
16622269295527,Gyro,4.309314,1.997019,10.737234,
16622289162527,Gyro,3.869922,1.973739,9.970327,
16622269295527,Lacc,37.724667,6.101417,-14.565315,
16622269295527,GameRo,0.127918,0.524960,-0.798113,0.266589
16622289162527,Lacc,33.547375,6.983016,-15.134163,
16622289162527,GameRo,0.127158,0.525276,-0.798201,0.266066
16622306604027,pre,1003.737732,,,
16622329522027,pre,1003.740784,,,
16622309075277,Gyro,3.354704,1.765284,9.211002,
16622329033777,Gyro,3.016945,1.447612,8.432388,
16622344842027,pre,1003.741516,,,
16622309075277,Lacc,31.798033,5.199199,-14.852278,
16622309075277,GameRo,0.277492,0.438151,-0.762725,0.386357
16622329033777,Lacc,27.853107,5.799069,-12.765242,
16622329033777,GameRo,0.277096,0.438340,-0.762874,0.386135
16622360284027,pre,1003.755005,,,
16622375604027,pre,1003.752014,,,
16622348969527,Gyro,3.158886,1.160138,7.632224,
16622368882527,Gyro,3.453145,1.194992,6.822216,
16622348969527,Lacc,26.445728,3.415740,-10.585193,
16622348969527,GameRo,0.390619,0.349754,-0.705231,0.477220
16622368882527,Lacc,24.273954,4.645926,-9.700781,
16622368882527,GameRo,0.390562,0.349593,-0.705279,0.477313
16622390924027,pre,1003.759521,,,
16622406274027,pre,1003.777527,,,
16622388795277,Gyro,3.218217,1.386153,6.471287,
16622408707777,Gyro,2.580613,1.346245,6.248997,
16622388795277,Lacc,22.332600,5.312463,-10.415236,
16622388795277,GameRo,0.482958,0.256017,-0.645563,0.533344
16622408707777,Lacc,20.134193,6.605883,-12.454913,
16622408707777,GameRo,0.483480,0.255559,-0.645167,0.533569
16622421472027,pre,1003.777527,,,
16622436914027,pre,1003.789490,,,
16622452233027,pre,1003.806763,,,
16622428620527,Gyro,2.196827,0.911908,5.898468,
16622448533527,Gyro,2.322539,0.434071,5.476370,
16622428620527,Lacc,16.562733,6.210618,-11.928250,
16622428620527,GameRo,0.555147,0.173427,-0.573535,0.576881
16622448533527,Lacc,13.632273,7.913917,-9.958548,
16622448533527,GameRo,0.555832,0.172719,-0.572864,0.577101
16622467584027,pre,1003.803772,,,
16622482904027,pre,1003.808289,,,
16622468423277,Gyro,2.945376,-0.082877,4.876014,
16622488289777,Gyro,3.374126,-0.364630,4.077313,
16622499231027,pre,1003.805237,,,
16622468423277,Lacc,11.309870,6.417566,-7.334206,
16622468423277,GameRo,0.603057,0.088643,-0.509591,0.607274
16622488289777,Lacc,11.536272,7.380200,-6.369023,
16622488289777,GameRo,0.603514,0.087847,-0.508919,0.607499
16622513574027,pre,1003.808289,,,
16622528924027,pre,1003.808289,,,
16622508202277,Gyro,2.900812,-0.383653,3.325571,
16622528160777,Gyro,2.203345,-0.309557,2.568907,
16622508202277,Lacc,9.242407,8.295692,-5.572966,
16622508202277,GameRo,0.643798,0.000635,-0.466920,0.606225
16622528160777,Lacc,7.547709,9.271155,-6.373505,
16622528160777,GameRo,0.644156,0.000020,-0.466325,0.606304
16622544152027,pre,1003.814270,,,
16622559564027,pre,1003.811279,,,
16622574914027,pre,1003.822510,,,
16622548096527,Gyro,1.454264,-0.349066,1.830600,
16622568009527,Gyro,0.726600,-0.422497,1.204304,
16622548096527,Lacc,4.906297,8.995895,-6.107852,
16622548096527,GameRo,0.666181,-0.056727,-0.438469,0.600608
16622568009527,Lacc,4.122504,8.365392,-4.967300,
16622568009527,GameRo,0.666434,-0.057166,-0.438013,0.600618
16622590234027,pre,1003.817261,,,
16622605584027,pre,1003.824768,,,
16622587922277,Gyro,0.396424,-0.352259,0.691879,
16622607834777,Gyro,0.492204,-0.361171,0.204863,
16622620813027,pre,1003.822510,,,
16622587922277,Lacc,2.569692,8.125707,-3.092178,
16622587922277,GameRo,0.670046,-0.084157,-0.428097,0.600574
16622607834777,Lacc,1.324317,7.979814,-1.490102,
16622607834777,GameRo,0.670121,-0.084433,-0.427841,0.600633
16622636132027,pre,1003.812744,,,
16622651452027,pre,1003.812744,,,
16622627724527,Gyro,0.636407,-0.298515,-0.190496,
16622647591527,Gyro,0.454424,-0.205129,-0.533443,
16622627724527,Lacc,1.333137,6.649571,-0.747984,
16622627724527,GameRo,0.672667,-0.095373,-0.429155,0.595188
16622647591527,Lacc,1.038523,5.580112,-1.069184,
16622647591527,GameRo,0.672723,-0.095598,-0.428945,0.595240
16622666772027,pre,1003.820984,,,
16622682183027,pre,1003.816528,,,
16622667489027,Gyro,-0.059065,-0.172138,-0.848454,
16622687417027,Gyro,-0.561246,-0.160432,-1.097615,
16622698327027,pre,1003.819519,,,
16622667489027,Lacc,0.755548,4.279120,-1.060584,
16622667489027,GameRo,0.676994,-0.094345,-0.437257,0.584453
16622687417027,Lacc,0.218402,2.354167,-0.643293,
16622687417027,GameRo,0.677038,-0.094453,-0.437148,0.584466
16622720513027,pre,1003.820251,,,
16622735864027,pre,1003.825500,,,
16622707329777,Gyro,-0.835284,-0.133826,-1.267359,
16622727227277,Gyro,-0.904591,-0.098308,-1.351433,
16622707329777,Lacc,0.163431,0.731705,-0.244066,
16622707329777,GameRo,0.670918,-0.076310,-0.453044,0.582062
16622727227277,Lacc,-0.179982,-0.717126,0.012902,
16622727227277,GameRo,0.670918,-0.076259,-0.453085,0.582037
16622751214027,pre,1003.816528,,,
16622766565027,pre,1003.830017,,,
16622747155277,Gyro,-0.871867,-0.078620,-1.343584,
16622767113777,Gyro,-0.796306,-0.111212,-1.249799,
16622781762027,pre,1003.824036,,,
16622747155277,Lacc,-0.318586,-1.509839,-0.565312,
16622747155277,GameRo,0.661324,-0.051021,-0.471206,0.581388
16622767113777,Lacc,-1.020552,-2.249097,-0.677985,
16622767113777,GameRo,0.661396,-0.050804,-0.471331,0.581224
16622797235027,pre,1003.831482,,,
16622812585027,pre,1003.830017,,,
16622787049527,Gyro,-0.746820,-0.182116,-1.116904,
16622806962527,Gyro,-0.632815,-0.186639,-0.971239,
16622787049527,Lacc,-0.905884,-1.979654,-0.312732,
16622787049527,GameRo,0.652002,-0.028031,-0.488039,0.579591
16622806962527,Lacc,-1.108385,-1.968743,0.468339,
16622806962527,GameRo,0.651951,-0.027819,-0.488212,0.579513
16622827905027,pre,1003.831482,,,
16622843255027,pre,1003.831482,,,
16622826875277,Gyro,-0.369685,-0.226414,-0.812270,
16622846787777,Gyro,-0.051083,-0.263529,-0.645719,
16622858728027,pre,1003.828491,,,
16622826875277,Lacc,-1.134614,-1.876034,0.943560,
16622826875277,GameRo,0.643279,-0.011471,-0.502229,0.577777
16622846787777,Lacc,-1.154945,-1.906273,1.442299,
16622846787777,GameRo,0.643132,-0.011262,-0.502443,0.577759
16622873895027,pre,1003.831482,,,
16622889123027,pre,1003.820251,,,
16622866700277,Gyro,0.166684,-0.261799,-0.471452,
16622886612777,Gyro,0.132496,-0.204730,-0.305699,
16622866700277,Lacc,-0.950420,-1.782228,1.177046,
16622866700277,GameRo,0.639964,-0.005612,-0.513278,0.571804
16622886612777,Lacc,-1.033695,-1.571144,0.511811,
16622886612777,GameRo,0.639907,-0.005432,-0.513423,0.571740
16622904443027,pre,1003.831482,,,
16622919885027,pre,1003.831482,,,
16622935205027,pre,1003.827759,,,
16622906502527,Gyro,-0.037913,-0.138482,-0.210318,
16622926369527,Gyro,-0.151120,-0.080615,-0.155643,
16622906502527,Lacc,-1.337418,-1.188590,0.311274,
16622906502527,GameRo,0.639233,-0.005008,-0.519580,0.566916
16622926369527,Lacc,-1.409282,-0.984407,0.610125,
16622926369527,GameRo,0.639182,-0.004850,-0.519706,0.566859
16622950555027,pre,1003.831482,,,
16622965875027,pre,1003.830017,,,
16622973535027,pre,1003.831482,,,
16622946282277,Gyro,-0.183712,-0.032991,-0.110945,
16622966240777,Gyro,-0.152716,-0.036184,-0.067977,
16622946282277,Lacc,-0.945219,-0.673715,0.727005,
16622946282277,GameRo,0.636623,-0.002085,-0.522476,0.567209
16622966240777,Lacc,-0.454965,-0.632497,0.852317,
16622966240777,GameRo,0.636539,-0.002011,-0.522568,0.567218
16622988855027,pre,1003.825500,,,
16623004205027,pre,1003.827759,,,
16622986176527,Gyro,-0.078753,-0.034587,-0.030463,
16623006089527,Gyro,-0.052812,-0.013569,-0.024344,
16622986176527,Lacc,-0.191561,-0.364859,0.911499,
16622986176527,GameRo,0.634447,0.000054,-0.523793,0.568435
16623006089527,Lacc,-0.061607,0.322475,0.593426,
16623006089527,GameRo,0.634397,0.000038,-0.523811,0.568474
16623027185027,pre,1003.826233,,,
16623042535027,pre,1003.830017,,,
16623026002277,Gyro,-0.096312,0.023147,-0.056936,
16623045914777,Gyro,-0.159501,0.043234,-0.122120,
16623026002277,Lacc,0.401508,0.544455,0.113244,
16623026002277,GameRo,0.633621,0.000766,-0.524223,0.568959
16623045914777,Lacc,1.029058,0.586871,-0.370244,
16623045914777,GameRo,0.633653,0.000650,-0.524135,0.569005
16623057763027,pre,1003.819519,,,
16623073175027,pre,1003.831482,,,
16623088525027,pre,1003.818787,,,
16623065827527,Gyro,-0.141143,0.024743,-0.208189,
16623085740527,Gyro,-0.017693,-0.004523,-0.280423,
16623065827527,Lacc,1.570203,0.758605,-0.450385,
16623065827527,GameRo,0.632383,0.004143,-0.524916,0.569682
16623085740527,Lacc,1.807723,1.038496,-0.132582,
16623085740527,GameRo,0.632388,0.003937,-0.524790,0.569794
16623103845027,pre,1003.822510,,,
16623119195027,pre,1003.825500,,,
16623134515027,pre,1003.827759,,,
16623105630277,Gyro,0.093253,-0.012106,-0.351061,
16623125496777,Gyro,0.065583,-0.009046,-0.406401,
16623149713027,pre,1003.831482,,,
16623105630277,Lacc,1.899736,1.429038,-0.164176,
16623105630277,GameRo,0.632157,0.007434,-0.527942,0.567097
16623125496777,Lacc,1.569781,1.478235,-0.618685,
16623125496777,GameRo,0.632219,0.007225,-0.527783,0.567180
16623165155027,pre,1003.818787,,,
16623145409277,Gyro,-0.115601,-0.030197,-0.469722,
16623165367777,Gyro,-0.282951,-0.028468,-0.549140,
16623145409277,Lacc,1.532112,1.428770,-0.781989,
16623145409277,GameRo,0.632669,0.011501,-0.532409,0.562261
16623165367777,Lacc,1.220000,1.211796,-0.598284,
16623165367777,GameRo,0.632730,0.011334,-0.532276,0.562322
16623180505027,pre,1003.819519,,,
16623195855027,pre,1003.822510,,,
16623211175027,pre,1003.822510,,,
16623185303527,Gyro,-0.343213,-0.003991,-0.653567,
16623205216527,Gyro,-0.386048,0.022748,-0.763715,
16623185303527,Lacc,0.793324,1.480376,-0.515256,
16623185303527,GameRo,0.629149,0.020906,-0.538660,0.559982
16623205216527,Lacc,0.533741,1.256698,-0.703139,
16623205216527,GameRo,0.629229,0.020787,-0.538547,0.560006
16623226495027,pre,1003.825500,,,
16623241845027,pre,1003.824036,,,
16623225129277,Gyro,-0.479433,0.047890,-0.877188,
16623245041777,Gyro,-0.640531,0.066514,-1.006092,
16623225129277,Lacc,0.910151,1.398506,-1.082356,
16623225129277,GameRo,0.624821,0.034820,-0.546418,0.556609
16623245041777,Lacc,1.626647,1.480709,-1.324332,
16623245041777,GameRo,0.624960,0.034606,-0.546219,0.556662
16623257104027,pre,1003.822510,,,
16623272515027,pre,1003.811279,,,
16623287744027,pre,1003.808289,,,
16623264954527,Gyro,-0.892353,0.087666,-1.136326,
16623284867527,Gyro,-1.269488,0.060661,-1.233437,
16623264954527,Lacc,2.850914,1.708242,-2.023035,
16623264954527,GameRo,0.617753,0.054827,-0.555681,0.553710
16623284867527,Lacc,3.691504,1.462880,-2.988122,
16623284867527,GameRo,0.618076,0.054446,-0.555291,0.553777
16623303064027,pre,1003.815735,,,
16623318505027,pre,1003.822510,,,
16623333856027,pre,1003.812744,,,
16623304757527,Gyro,-1.727371,-0.043899,-1.338529,
16623324624527,Gyro,-1.962830,-0.240382,-1.502021,
16623304757527,Lacc,4.700180,1.842175,-4.086917,
16623304757527,GameRo,0.603046,0.084234,-0.566048,0.555724
16623324624527,Lacc,5.356897,1.295546,-4.192877,
16623324624527,GameRo,0.603539,0.083732,-0.565516,0.555808
16623349176027,pre,1003.825500,,,
16623364526027,pre,1003.819519,,,
16623344537277,Gyro,-1.846165,-0.488346,-1.717793,
16623364495777,Gyro,-1.529824,-0.712100,-1.948064,
16623344537277,Lacc,6.424497,1.221763,-4.191098,
16623344537277,GameRo,0.576384,0.120254,-0.580794,0.562137
16623364495777,Lacc,7.010424,0.721341,-3.752322,
16623364495777,GameRo,0.576859,0.119577,-0.580236,0.562371
16623379754027,pre,1003.819519,,,
16623395196027,pre,1003.812012,,,
16623384439027,Gyro,-1.247272,-0.892087,-2.186850,
16623404367027,Gyro,-1.180891,-1.009285,-2.418851,
16623384439027,Lacc,7.679572,1.029685,-4.165260,
16623384439027,GameRo,0.546430,0.150625,-0.605699,0.558440
16623404367027,Lacc,8.103415,0.091671,-4.512616,
16623404367027,GameRo,0.547042,0.149867,-0.605084,0.558711
16623418084027,pre,1003.823242,,,
16623433526027,pre,1003.812012,,,
16623448877027,pre,1003.822510,,,
16623424287277,Gyro,-1.291038,-1.091097,-2.673999,
16623444199777,Gyro,-1.561884,-1.151093,-2.975840,
16623424287277,Lacc,8.365227,0.330937,-5.589262,
16623424287277,GameRo,0.514207,0.178430,-0.638122,0.544569
16623444199777,Lacc,8.064363,-0.024671,-6.039478,
16623444199777,GameRo,0.515109,0.177890,-0.637453,0.544676
16623464196027,pre,1003.819519,,,
16623479516027,pre,1003.827759,,,
16623464112527,Gyro,-1.972142,-1.213350,-3.331956,
16623484025527,Gyro,-2.438938,-1.368062,-3.762701,
16623495294027,pre,1003.822510,,,
16623464112527,Lacc,7.524963,0.812476,-6.978122,
16623464112527,GameRo,0.472389,0.215533,-0.673911,0.525583
16623484025527,Lacc,7.252540,-0.085718,-6.898171,
16623484025527,GameRo,0.473462,0.215439,-0.673274,0.525474
16623510186027,pre,1003.823242,,,
16623525537027,pre,1003.828491,,,
16623503938277,Gyro,-2.897220,-1.611636,-4.282841,
16623523850777,Gyro,-3.289121,-1.983317,-4.854862,
16623503938277,Lacc,8.219965,0.256012,-7.231264,
16623503938277,GameRo,0.411808,0.269192,-0.711840,0.501232
16623523850777,Lacc,8.624684,-1.748654,-6.671162,
16623523850777,GameRo,0.411937,0.270138,-0.711801,0.500673
16623540857027,pre,1003.819519,,,
16623556176027,pre,1003.831482,,,
16623571527027,pre,1003.836731,,,
16623543740527,Gyro,-3.588567,-2.112886,-5.451893,
16623563607527,Gyro,-3.667453,-2.337571,-6.037217,
16623543740527,Lacc,8.099098,-2.079450,-5.235802,
16623543740527,GameRo,0.320995,0.336132,-0.753583,0.464855
16623563607527,Lacc,8.461998,-5.932284,-2.766581,
16623563607527,GameRo,0.320104,0.336704,-0.753961,0.464442
16623586846027,pre,1003.843506,,,
16623602197027,pre,1003.834534,,,
16623583520277,Gyro,-3.464718,-2.599769,-6.393333,
16623603478777,Gyro,-3.327433,-2.629035,-6.521572,
16623583520277,Lacc,8.844915,-6.694881,-0.531926,
16623583520277,GameRo,0.206636,0.404424,-0.792203,0.407625
16623603478777,Lacc,10.777651,-7.634214,0.261650,
16623603478777,GameRo,0.205661,0.404679,-0.792529,0.407230
16623617425027,pre,1003.837524,,,
16623632867027,pre,1003.835266,,,
16623648187027,pre,1003.833740,,,
16623623414277,Gyro,-2.982225,-2.431888,-6.654600,
16623643326777,Gyro,-2.399296,-2.076437,-6.548444,
16623623414277,Lacc,10.971387,-5.823049,-2.222279,
16623623414277,GameRo,0.081529,0.457319,-0.820445,0.333290
16623643326777,Lacc,12.336489,-6.107679,-5.500248,
16623643326777,GameRo,0.080585,0.457766,-0.820512,0.332741
16623663507027,pre,1003.834534,,,
16623678826027,pre,1003.840515,,,
16623663239527,Gyro,-2.409539,-1.869179,-6.065685,
16623683152527,Gyro,-2.660031,-1.857339,-5.782202,
16623694421027,pre,1003.854004,,,
16623663239527,Lacc,10.951533,-5.658814,-6.721463,
16623663239527,GameRo,-0.030137,0.489861,-0.835879,0.245832
16623683152527,Lacc,12.603137,-6.797207,-6.627257,
16623683152527,GameRo,-0.030987,0.490267,-0.835764,0.245308
16623709466027,pre,1003.859253,,,
16623724816027,pre,1003.870483,,,
16623703065277,Gyro,-2.592985,-1.905495,-5.864413,
16623722977777,Gyro,-2.017771,-1.966289,-6.010478,
16623703065277,Lacc,12.061705,-5.784382,-5.065391,
16623703065277,GameRo,-0.131368,0.517436,-0.829757,0.162808
16623722977777,Lacc,13.802922,-4.862396,-4.091462,
16623722977777,GameRo,-0.132160,0.517577,-0.829641,0.162310
16623740686027,pre,1003.873535,,,
16623755487027,pre,1003.883240,,,
16623770806027,pre,1003.894531,,,
16623742890527,Gyro,-1.040546,-2.054753,-6.050519,
16623762803527,Gyro,0.173868,-2.613205,-6.229575,
16623742890527,Lacc,10.903631,-4.036946,-1.806041,
16623742890527,GameRo,-0.232351,0.523146,-0.816317,0.077190
16623762803527,Lacc,10.672252,-3.387692,-0.133534,
16623762803527,GameRo,-0.232872,0.523063,-0.816256,0.076826
16623793817027,pre,1003.887756,,,
16623809167027,pre,1003.891479,,,
16623782716277,Gyro,1.507209,-3.200923,-6.456788,
16623802628777,Gyro,2.228621,-3.376521,-6.287443,
16623782716277,Lacc,10.241971,-4.100774,1.251320,
16623782716277,GameRo,-0.338629,0.481425,-0.808421,0.004095
16623802628777,Lacc,11.724089,-1.755643,-0.989415,
16623802628777,GameRo,-0.339104,0.481312,-0.808290,0.003763
16623824487027,pre,1003.892273,,,
16623839807027,pre,1003.896729,,,
16623822541277,Gyro,1.448411,-3.139997,-5.443379,
16623842453777,Gyro,-0.478768,-3.011491,-4.807637,
16623822541277,Lacc,10.234213,-0.655191,-3.351209,
16623822541277,GameRo,0.448941,-0.399892,0.797544,0.049620
16623842453777,Lacc,11.160957,0.073458,-3.922977,
16623842453777,GameRo,0.449425,-0.399836,0.797283,0.049880
16623855065027,pre,1003.910278,,,
16623870446027,pre,1003.899780,,,
16623885675027,pre,1003.908020,,,
16623862366527,Gyro,-2.314291,-2.540971,-4.356539,
16623882279527,Gyro,-3.702040,-1.750651,-3.723192,
16623862366527,Lacc,11.491965,-2.084276,-3.360219,
16623862366527,GameRo,0.530302,-0.365927,0.757144,0.107746
16623882279527,Lacc,10.752386,-2.662737,-4.726219,
16623882279527,GameRo,0.530617,-0.366008,0.756876,0.107806
16623901086027,pre,1003.914001,,,
16623916436027,pre,1003.899780,,,
16623931756027,pre,1003.914734,,,
16623902161777,Gyro,-4.667293,-1.190868,-3.009762,
16623922013277,Gyro,-4.844619,-0.846458,-2.348878,
16623902161777,Lacc,8.222359,-5.005383,-4.284053,
16623902161777,GameRo,0.571900,-0.385131,0.698853,0.190288
16623922013277,Lacc,7.050743,-6.635376,-3.459507,
16623922013277,GameRo,0.571947,-0.385396,0.698729,0.190064
16623947045027,pre,1003.927490,,,
16623962396027,pre,1003.920776,,,
16623941926027,Gyro,-4.333392,-0.630021,-1.906959,
16623961900027,Gyro,-3.246020,-0.900068,-1.604452,
16623941926027,Lacc,6.208240,-7.917981,-0.371964,
16623941926027,GameRo,0.579364,-0.426734,0.640011,0.269485
16623961900027,Lacc,4.724963,-7.115366,1.429622,
16623961900027,GameRo,0.579116,-0.426925,0.640215,0.269230
16623977624027,pre,1003.917786,,,
16623993035027,pre,1003.929016,,,
16624008355027,pre,1003.968750,,,
16623981843277,Gyro,-1.960037,-1.544191,-1.631590,
16624001755777,Gyro,-2.638880,-1.075001,-1.029771,
16623981843277,Lacc,4.161452,-7.902247,2.433344,
16623981843277,GameRo,0.585999,-0.453080,0.592321,0.316986
16624001755777,Lacc,4.274747,-3.084838,7.902420,
16624001755777,GameRo,0.585576,-0.452905,0.592816,0.317093
16624023553027,pre,1003.949280,,,
16624038842027,pre,1003.939514,,,
16624021645527,Gyro,-9.932946,1.084046,2.101845,
16624041512527,Gyro,-8.306677,0.545016,1.488186,
16624021645527,Lacc,6.482600,-17.901915,12.194007,
16624021645527,GameRo,0.569050,-0.501152,0.543980,0.359325
16624041512527,Lacc,0.746286,-16.264978,6.457764,
16624041512527,GameRo,0.568427,-0.501448,0.544654,0.358878
16624054162027,pre,1003.929016,,,
16624069543027,pre,1003.929749,,,
16624085229027,pre,1003.926025,,,
16624061425277,Gyro,-2.797848,0.353323,0.292662,
16624081383777,Gyro,0.641063,0.250758,0.231469,
16624061425277,Lacc,-0.215826,-12.061733,2.656420,
16624061425277,GameRo,0.477134,-0.594679,0.475598,0.438755
16624081383777,Lacc,-1.808864,-8.766463,2.154119,
16624081383777,GameRo,0.476601,-0.594936,0.476178,0.438358
16624100183027,pre,1003.924500,,,
16624123193027,pre,1003.930481,,,
16624101350027,Gyro,1.933697,-0.002661,0.108684,
16624121324027,Gyro,3.091042,-0.145799,-0.136221,
16624101350027,Lacc,-2.172540,-7.188046,1.270053,
16624101350027,GameRo,0.479223,-0.587158,0.488644,0.432225
16624121324027,Lacc,-1.691131,-5.175165,0.013120,
16624121324027,GameRo,0.478895,-0.587437,0.488968,0.431841
16624138513027,pre,1003.926025,,,
16624153833027,pre,1003.921509,,,
16624169183027,pre,1003.928284,,,
16624141236777,Gyro,5.019019,-0.032060,-0.454690,
16624161088277,Gyro,5.009840,0.054542,-0.700260,
16624141236777,Lacc,-1.335442,-4.721120,-0.951137,
16624141236777,GameRo,0.509673,-0.553742,0.524162,0.398571
16624161088277,Lacc,-1.032597,-1.128309,-1.745918,
16624161088277,GameRo,0.509697,-0.553942,0.524091,0.398354
16624184503027,pre,1003.923767,,,
16624199823027,pre,1003.920776,,,
16624180970277,Gyro,4.078111,0.092588,-0.792316,
16624200882777,Gyro,3.417227,0.121721,-0.864816,
16624180970277,Lacc,-0.684312,-1.446995,-1.741517,
16624180970277,GameRo,0.553645,-0.491364,0.572041,0.353280
16624200882777,Lacc,0.036618,-1.209482,-1.135858,
16624200882777,GameRo,0.553647,-0.491502,0.572011,0.353134
16624215051027,pre,1003.920776,,,
16624222955027,pre,1003.924500,,,
16624238122027,pre,1003.921509,,,
16624220795527,Gyro,3.027987,0.198079,-0.753072,
16624240708527,Gyro,2.579549,0.475310,-0.512025,
16624220795527,Lacc,0.890800,-1.310599,-1.061234,
16624220795527,GameRo,0.583031,-0.441687,0.599165,0.325559
16624240708527,Lacc,0.821851,-0.744549,-1.302647,
16624240708527,GameRo,0.583080,-0.441788,0.599096,0.325462
16624253320027,pre,1003.924500,,,
16624268762027,pre,1003.921509,,,
16624284967027,pre,1003.919983,,,
16624260621277,Gyro,2.027482,0.641196,-0.244373,
16624280533777,Gyro,1.423933,0.691480,0.055074,
16624260621277,Lacc,-0.048935,-0.639998,-1.857508,
16624260621277,GameRo,0.597653,-0.402249,0.622710,0.305350
16624280533777,Lacc,-0.429921,-0.700711,-1.897877,
16624280533777,GameRo,0.597759,-0.402406,0.622577,0.305207
16624299371027,pre,1003.919983,,,
16624314691027,pre,1003.929016,,,
16624330041027,pre,1003.931274,,,
16624300423527,Gyro,0.873995,0.686558,0.410791,
16624320290527,Gyro,0.328180,0.699728,0.811871,
16624300423527,Lacc,-0.253965,-0.938092,-1.925047,
16624300423527,GameRo,0.596840,-0.381883,0.642028,0.292826
16624320290527,Lacc,0.253914,-0.654310,-1.818464,
16624320290527,GameRo,0.596945,-0.382017,0.641903,0.292711
16624345330027,pre,1003.926758,,,
16624360650027,pre,1003.926025,,,
16624340203277,Gyro,-0.310754,0.705182,1.201776,
16624360161777,Gyro,-0.963257,0.616053,1.525700,
16624340203277,Lacc,0.410387,0.184625,-2.016819,
16624340203277,GameRo,0.583359,-0.384323,0.656830,0.283835
16624360161777,Lacc,0.230555,0.290731,-1.885187,
16624360161777,GameRo,0.583519,-0.384395,0.656663,0.283797
16624375970027,pre,1003.924500,,,
16624391290027,pre,1003.920776,,,
16624406610027,pre,1003.919250,,,
16624380097527,Gyro,-1.438167,0.485553,1.732559,
16624400010527,Gyro,-1.701031,0.364763,1.828339,
16624380097527,Lacc,0.531610,0.644667,-1.971104,
16624380097527,GameRo,0.557927,-0.411557,0.664230,0.279529
16624400010527,Lacc,0.535899,0.439405,-1.790943,
16624400010527,GameRo,0.558087,-0.411616,0.664066,0.279515
16624421930027,pre,1003.921509,,,
16624437249027,pre,1003.926025,,,
16624419923277,Gyro,-1.712205,0.218033,1.776458,
16624439835777,Gyro,-1.463044,0.062523,1.606448,
16624419923277,Lacc,0.388801,0.719731,-1.448558,
16624419923277,GameRo,0.528506,-0.451905,0.663209,0.276799
16624439835777,Lacc,-0.073273,0.224673,-1.190635,
16624439835777,GameRo,0.528604,-0.451966,0.663100,0.276775
16624460199027,pre,1003.926758,,,
16624475518027,pre,1003.932007,,,
16624459725527,Gyro,-1.010083,-0.090725,1.376708,
16624479592527,Gyro,-0.417708,-0.264061,1.111583,
16624490930027,pre,1003.923767,,,
16624506005027,pre,1003.922241,,,
16624459725527,Lacc,-0.364635,0.561060,-0.925329,
16624459725527,GameRo,0.505239,-0.487004,0.658856,0.271051
16624479592527,Lacc,-0.511191,0.496530,-0.858820,
16624479592527,GameRo,0.505319,-0.487045,0.658768,0.271045
16624521447027,pre,1003.923035,,,
16624499482277,Gyro,0.217634,-0.403607,0.851380,
16624519394777,Gyro,0.782339,-0.443117,0.627494,
16624499482277,Lacc,0.027281,0.989676,-0.516454,
16624499482277,GameRo,0.496154,-0.504270,0.658069,0.257854
16624519394777,Lacc,0.301877,1.182329,-0.409514,
16624519394777,GameRo,0.496262,-0.504218,0.657991,0.257947
16624536645027,pre,1003.934998,,,
16624552056027,pre,1003.932007,,,
16624567376027,pre,1003.926025,,,
16624539330277,Gyro,1.216542,-0.458149,0.434337,
16624559288777,Gyro,1.458920,-0.444181,0.266588,
16624539330277,Lacc,0.541180,1.694574,-0.359696,
16624539330277,GameRo,0.500123,-0.501748,0.664633,0.237464
16624559288777,Lacc,0.556973,1.903560,-0.248166,
16624559288777,GameRo,0.500271,-0.501634,0.664548,0.237632
16624582696027,pre,1003.923035,,,
16624598016027,pre,1003.926025,,,
16624579224527,Gyro,1.536608,-0.435401,0.132363,
16624599137527,Gyro,1.518250,-0.442851,0.031262,
16624579224527,Lacc,0.477462,2.074682,-0.126150,
16624579224527,GameRo,0.510424,-0.486488,0.675638,0.215199
16624599137527,Lacc,0.488362,2.061257,0.206439,
16624599137527,GameRo,0.510547,-0.486330,0.675597,0.215394
16624613244027,pre,1003.929749,,,
16624629449027,pre,1003.926758,,,
16624643975027,pre,1003.923035,,,
16624619050277,Gyro,1.431516,-0.428218,-0.008514,
16624638962777,Gyro,1.233171,-0.387112,0.003592,
16624619050277,Lacc,0.612635,2.168803,0.252129,
16624619050277,GameRo,0.522537,-0.467733,0.685554,0.195441
16624638962777,Lacc,0.742705,2.514385,0.107492,
16624638962777,GameRo,0.522693,-0.467542,0.685497,0.195678
16624659295027,pre,1003.927490,,,
16624674615027,pre,1003.924500,,,
16624658875527,Gyro,0.912972,-0.341084,0.030463,
16624678788527,Gyro,0.555526,-0.289203,0.032459,
16624690057027,pre,1003.919983,,,
16624658875527,Lacc,0.866885,2.861115,-0.253682,
16624658875527,GameRo,0.532666,-0.452208,0.692462,0.179642
16624678788527,Lacc,0.982528,3.013711,-0.479025,
16624678788527,GameRo,0.532892,-0.452011,0.692347,0.179912
16624705377027,pre,1003.923767,,,
16624720544027,pre,1003.919983,,,
16624698724277,Gyro,0.257010,-0.236258,-0.012505,
16624718682777,Gyro,0.115734,-0.217900,-0.127973,
16624698724277,Lacc,0.920340,2.913321,-0.477280,
16624698724277,GameRo,0.538688,-0.445685,0.694097,0.171490
16624718682777,Lacc,0.725368,2.611262,-0.155908,
16624718682777,GameRo,0.538863,-0.445496,0.694024,0.171731
16624735772027,pre,1003.916992,,,
16624751214027,pre,1003.916260,,,
16624766534027,pre,1003.922241,,,
16624738595527,Gyro,0.090060,-0.202602,-0.281887,
16624758462527,Gyro,0.051482,-0.166418,-0.430745,
16624738595527,Lacc,0.675264,2.361575,0.403492,
16624738595527,GameRo,0.543537,-0.443019,0.692207,0.170736
16624758462527,Lacc,0.588545,2.322793,0.672494,
16624758462527,GameRo,0.543630,-0.442801,0.692217,0.170967
16624781854027,pre,1003.914734,,,
16624797174027,pre,1003.929016,,,
16624778352277,Gyro,-0.022482,-0.126776,-0.553264,
16624798264777,Gyro,-0.141542,-0.090725,-0.656361,
16624778352277,Lacc,0.338517,2.204286,0.610825,
16624778352277,GameRo,0.549961,-0.437762,0.689342,0.175257
16624798264777,Lacc,0.248637,2.336483,0.267510,
16624798264777,GameRo,0.550078,-0.437570,0.689315,0.175476
16624820153027,pre,1003.918518,,,
16624835473027,pre,1003.923035,,,
16624818177277,Gyro,-0.340951,-0.054675,-0.748017,
16624838089777,Gyro,-0.563906,-0.021018,-0.836348,
16624850701027,pre,1003.923767,,,
16624818177277,Lacc,0.219720,2.178070,-0.004647,
16624818177277,GameRo,0.556579,-0.432554,0.684560,0.185726
16624838089777,Lacc,0.364325,2.078675,-0.127657,
16624838089777,GameRo,0.556711,-0.432404,0.684497,0.185914
16624866143027,pre,1003.919250,,,
16624881463027,pre,1003.921509,,,
16624857979527,Gyro,-0.723407,0.010243,-0.934523,
16624877846527,Gyro,-0.844463,0.022748,-1.045202,
16624857979527,Lacc,0.319899,1.540825,-0.018347,
16624857979527,GameRo,0.562091,-0.430675,0.676082,0.203681
16624877846527,Lacc,0.402447,1.359492,-0.034507,
16624877846527,GameRo,0.562175,-0.430571,0.676040,0.203808
16624896661027,pre,1003.916260,,,
16624912103027,pre,1003.917786,,,
16624927423027,pre,1003.918518,,,
16624897736527,Gyro,-0.905922,0.006518,-1.173707,
16624917649527,Gyro,-0.879848,-0.029931,-1.306869,
16624897736527,Lacc,0.355275,0.742780,0.060502,
16624897736527,GameRo,0.567316,-0.429880,0.664492,0.227610
16624917649527,Lacc,0.375037,0.493203,0.081104,
16624917649527,GameRo,0.567343,-0.429832,0.664482,0.227664
16624942742027,pre,1003.923035,,,
16624958062027,pre,1003.926758,,,
16624937585277,Gyro,-0.757196,-0.078487,-1.430851,
16624957543777,Gyro,-0.552200,-0.131432,-1.524769,
16624937585277,Lacc,0.207117,-0.300997,0.289105,
16624937585277,GameRo,0.574777,-0.426468,0.650376,0.254494
16624957543777,Lacc,0.115879,-0.547167,0.293926,
16624957543777,GameRo,0.574728,-0.426488,0.650419,0.254461
16624973352027,pre,1003.926758,,,
16624988702027,pre,1003.926758,,,
16625004052027,pre,1003.923035,,,
16624977479277,Gyro,-0.271777,-0.211781,-1.586494,
16624997391777,Gyro,0.096978,-0.283483,-1.609375,
16624977479277,Lacc,-0.015942,-1.348150,0.447083,
16624977479277,GameRo,0.586450,-0.416455,0.636236,0.279007
16624997391777,Lacc,0.145668,-1.615092,0.640406,
16624997391777,GameRo,0.586324,-0.416532,0.636348,0.278902
16625019372027,pre,1003.926758,,,
16625034692027,pre,1003.922241,,,
16625017304527,Gyro,0.463869,-0.315676,-1.567338,
16625037217527,Gyro,0.752673,-0.328846,-1.466635,
16625017304527,Lacc,0.067130,-2.308992,0.913036,
16625017304527,GameRo,0.603442,-0.397813,0.624879,0.295176
16625037217527,Lacc,-0.043683,-2.314639,0.909792,
16625037217527,GameRo,0.603264,-0.397936,0.625045,0.295022
16625049890027,pre,1003.936523,,,
16625065332027,pre,1003.935730,,,
16625080651027,pre,1003.937256,,,
16625057107527,Gyro,0.951683,-0.319667,-1.321901,
16625076974527,Gyro,1.023252,-0.268052,-1.134331,
16625057107527,Lacc,-0.188661,-2.739217,0.929777,
16625057107527,GameRo,0.622902,-0.372784,0.618422,0.300966
16625076974527,Lacc,-0.393940,-2.506006,0.945431,
16625076974527,GameRo,0.622710,-0.372938,0.618608,0.300786
16625095849027,pre,1003.929016,,,
16625111261027,pre,1003.929016,,,
16625126580027,pre,1003.929016,,,
16625096864277,Gyro,0.954610,-0.194487,-0.911243,
16625116776777,Gyro,0.752806,-0.133826,-0.670329,
16625096864277,Lacc,-0.743422,-2.654416,1.059550,
16625096864277,GameRo,0.639860,-0.348165,0.616101,0.299632
16625116776777,Lacc,-0.921315,-2.403183,0.791389,
16625116776777,GameRo,0.639684,-0.348339,0.616280,0.299439
16625149560027,pre,1003.926758,,,
16625164880027,pre,1003.926758,,,
16625136689277,Gyro,0.414250,-0.147395,-0.472117,
16625156601777,Gyro,0.221891,-0.158437,-0.409860,
16625136689277,Lacc,-0.297012,-2.319329,0.251356,
16625136689277,GameRo,0.650058,-0.331964,0.615624,0.297038
16625156601777,Lacc,0.617101,-2.820395,0.208520,
16625156601777,GameRo,0.649933,-0.332163,0.615752,0.296824
16625180200027,pre,1003.921509,,,
16625195520027,pre,1003.938782,,,
16625176537277,Gyro,0.483690,-0.168813,-0.479300,
16625196495777,Gyro,1.065555,-0.150189,-0.593838,
16625210717027,pre,1003.938782,,,
16625176537277,Lacc,1.321521,-3.980938,1.285767,
16625176537277,GameRo,0.655841,-0.324911,0.613119,0.297305
16625196495777,Lacc,1.727626,-4.726082,2.564443,
16625196495777,GameRo,0.655521,-0.325126,0.613461,0.297070
16625226159027,pre,1003.937988,,,
16625241479027,pre,1003.935730,,,
16625216431527,Gyro,1.403713,-0.013436,-0.602618,
16625236344527,Gyro,1.561085,0.064253,-0.513356,
16625216431527,Lacc,1.686805,-4.865953,2.628564,
16625216431527,GameRo,0.666757,-0.305428,0.615249,0.289168
16625236344527,Lacc,0.880498,-5.046154,2.098310,
16625236344527,GameRo,0.666448,-0.305708,0.615584,0.288869
16625256768027,pre,1003.931274,,,
16625272119027,pre,1003.944763,,,
16625256234527,Gyro,1.770206,0.041106,-0.362901,
16625276101527,Gyro,1.989968,0.043899,-0.148992,
16625287439027,pre,1003.932007,,,
16625256234527,Lacc,0.815654,-5.343458,1.833744,
16625256234527,GameRo,0.677271,-0.279369,0.623097,0.273874
16625276101527,Lacc,1.443200,-5.042811,1.842508,
16625276101527,GameRo,0.676998,-0.279660,0.623398,0.273569
16625302728027,pre,1003.934265,,,
16625318048027,pre,1003.937988,,,
16625295991277,Gyro,2.196561,0.137950,0.129969,
16625315903777,Gyro,2.516494,0.348268,0.427419,
16625295991277,Lacc,2.062220,-4.362503,1.855501,
16625295991277,GameRo,0.687189,-0.252906,0.634257,0.248048
16625315903777,Lacc,2.079430,-3.864135,1.710263,
16625315903777,GameRo,0.686966,-0.253125,0.634501,0.247818
16625333367027,pre,1003.932739,,,
16625348718027,pre,1003.933533,,,
16625364038027,pre,1003.928284,,,
16625335816527,Gyro,2.757807,0.647448,0.739770,
16625355729527,Gyro,2.664554,0.899669,1.019927,
16625335816527,Lacc,1.455846,-2.871210,1.498698,
16625335816527,GameRo,0.691414,-0.225485,0.653806,0.208905
16625355729527,Lacc,0.723980,-2.080207,1.534917,
16625355729527,GameRo,0.691233,-0.225610,0.653996,0.208771
16625379327027,pre,1003.930481,,,
16625394647027,pre,1003.932739,,,
16625375665277,Gyro,2.330121,1.088569,1.215345,
16625395623777,Gyro,1.856408,1.194061,1.350236,
16625375665277,Lacc,0.216832,-1.112116,1.163631,
16625375665277,GameRo,0.684410,-0.201291,0.681661,0.162491
16625395623777,Lacc,-0.068832,-0.746734,1.250184,
16625395623777,GameRo,0.684277,-0.201325,0.681795,0.162448
16625409875027,pre,1003.927490,,,
16625425286027,pre,1003.930481,,,
16625440637027,pre,1003.936523,,,
16625415559277,Gyro,1.402782,1.258446,1.432846,
16625435471777,Gyro,1.051588,1.301015,1.447346,
16625415559277,Lacc,-0.160907,0.010163,1.079352,
16625415559277,GameRo,0.667502,-0.190770,0.709080,0.123501
16625435471777,Lacc,-0.330982,0.150849,1.457437,
16625435471777,GameRo,0.667366,-0.190718,0.709217,0.123534
16625455957027,pre,1003.931274,,,
16625471276027,pre,1003.934265,,,
16625455361527,Gyro,0.741499,1.310327,1.386286,
16625475228527,Gyro,0.385649,1.308598,1.326424,
16625486566027,pre,1003.935730,,,
16625455361527,Lacc,-0.190203,0.433299,1.046028,
16625455361527,GameRo,0.645360,-0.191959,0.733321,0.094349
16625475228527,Lacc,-0.086080,-0.190308,1.229552,
16625475228527,GameRo,0.645239,-0.191942,0.733433,0.094345
16625501916027,pre,1003.936523,,,
16625517236027,pre,1003.932739,,,
16625495118277,Gyro,0.099372,1.262570,1.255254,
16625515030777,Gyro,0.002661,1.173574,1.145638,
16625495118277,Lacc,0.088455,-0.258610,1.114153,
16625495118277,GameRo,0.621362,-0.200906,0.753587,0.075191
16625515030777,Lacc,0.304355,-0.722721,1.313621,
16625515030777,GameRo,0.621231,-0.200927,0.753693,0.075148
16625532556027,pre,1003.940247,,,
16625547876027,pre,1003.927490,,,
16625563195027,pre,1003.937256,,,
16625534966277,Gyro,0.006917,1.175836,1.095487,
16625554924777,Gyro,0.053211,1.207497,1.087771,
16625534966277,Lacc,0.847045,-0.441929,0.562898,
16625534966277,GameRo,0.598517,-0.213309,0.769646,0.062627
16625554924777,Lacc,0.721672,-0.321873,0.133559,
16625554924777,GameRo,0.598515,-0.213321,0.769645,0.062617
16625578515027,pre,1003.932739,,,
16625593835027,pre,1003.931274,,,
16625574860527,Gyro,0.109615,1.202042,1.067551,
16625594773527,Gyro,0.120657,1.187542,1.047198,
16625574860527,Lacc,0.759997,0.260479,-0.739476,
16625574860527,GameRo,0.575261,-0.223781,0.785144,0.050450
16625594773527,Lacc,0.603862,0.372329,-0.931569,
16625594773527,GameRo,0.575379,-0.223768,0.785059,0.050488
16625609063027,pre,1003.932007,,,
16625624475027,pre,1003.927490,,,
16625639794027,pre,1003.929016,,,
16625614686277,Gyro,0.035385,1.185813,1.052253,
16625634598777,Gyro,-0.132762,1.176767,1.063959,
16625614686277,Lacc,0.739841,0.894587,-1.457076,
16625614686277,GameRo,0.552143,-0.232694,0.799710,0.038153
16625634598777,Lacc,0.436105,1.019204,-1.450736,
16625634598777,GameRo,0.552334,-0.232642,0.799589,0.038239
16625655084027,pre,1003.933533,,,
16625670312027,pre,1003.928284,,,
16625654488527,Gyro,-0.366360,1.137125,1.060101,
16625674355527,Gyro,-0.597163,1.065422,1.029505,
16625686669027,pre,1003.929016,,,
16625700921027,pre,1003.937988,,,
16625654488527,Lacc,0.406442,1.509466,-1.982170,
16625654488527,GameRo,0.528621,-0.245630,0.812044,0.028463
16625674355527,Lacc,0.117782,1.556199,-2.260210,
16625674355527,GameRo,0.528913,-0.245569,0.811868,0.028585
16625716333027,pre,1003.923767,,,
16625694245527,Gyro,-0.817325,0.930266,0.981482,
16625714158527,Gyro,-0.994651,0.742829,0.878252,
16625694245527,Lacc,0.314306,2.083296,-2.731549,
16625694245527,GameRo,0.506675,-0.265455,0.819910,0.023709
16625714158527,Lacc,0.730287,2.039419,-2.857710,
16625714158527,GameRo,0.507065,-0.265372,0.819690,0.023880
16625731652027,pre,1003.922241,,,
16625746972027,pre,1003.926025,,,
16625762292027,pre,1003.925232,,,
16625734094277,Gyro,-1.107592,0.636274,0.737641,
16625754052777,Gyro,-1.202175,0.534906,0.568030,
16625734094277,Lacc,1.351866,2.394619,-2.954853,
16625734094277,GameRo,0.490072,-0.289922,0.821708,0.023886
16625754052777,Lacc,1.319251,2.435360,-3.037169,
16625754052777,GameRo,0.490513,-0.289815,0.821477,0.024099
16625777612027,pre,1003.927490,,,
16625792932027,pre,1003.922241,,,
16625773988277,Gyro,-1.279199,0.388708,0.363433,
16625793900777,Gyro,-1.434975,0.168281,0.127441,
16625773988277,Lacc,1.465481,2.744863,-3.136423,
16625773988277,GameRo,0.478432,-0.314527,0.819312,0.030060
16625793900777,Lacc,2.286330,2.918695,-3.686427,
16625793900777,GameRo,0.478964,-0.314412,0.819035,0.030323
16625808160027,pre,1003.920776,,,
16625823571027,pre,1003.929016,,,
16625813821027,Gyro,-1.669769,0.049486,-0.113739,
16625833749027,Gyro,-1.894720,-0.019156,-0.338690,
16625813821027,Lacc,3.299203,3.373564,-3.838356,
16625813821027,GameRo,0.475039,-0.338771,0.810968,0.043633
16625833749027,Lacc,3.112524,3.504359,-3.984447,
16625833749027,GameRo,0.475620,-0.338631,0.810669,0.043943
16625846460027,pre,1003.919250,,,
16625861871027,pre,1003.935730,,,
16625877221027,pre,1003.932739,,,
16625853669277,Gyro,-2.033335,-0.191294,-0.611663,
16625873581777,Gyro,-2.018968,-0.262598,-0.866678,
16625853669277,Lacc,3.024955,3.517198,-3.278524,
16625853669277,GameRo,0.477270,-0.365576,0.796225,0.067772
16625873581777,Lacc,2.272223,3.366291,-2.588634,
16625892419027,pre,1003.921509,,,
16625873581777,GameRo,0.477730,-0.365402,0.796004,0.068069
16625907861027,pre,1003.926758,,,
16625923211027,pre,1003.928284,,,
16625893464027,Gyro,-1.885940,-0.358511,-1.082317,
16625913316027,Gyro,-1.656733,-0.595700,-1.300483,
16625893464027,Lacc,0.547216,3.226423,-1.591492,
16625893464027,GameRo,0.485701,-0.388757,0.776594,0.099317
16625913316027,Lacc,-0.493384,3.254983,-1.249674,
16625913316027,GameRo,0.485986,-0.388558,0.776483,0.099570
16625938531027,pre,1003.925232,,,
16625953851027,pre,1003.914734,,,
16625933228777,Gyro,-1.279997,-0.909913,-1.568668,
16625953202277,Gyro,-0.713164,-1.144175,-1.839513,
16625933228777,Lacc,-0.335906,2.908321,-0.471729,
16625933228777,GameRo,0.502174,-0.401638,0.754552,0.130994
16625953202277,Lacc,1.450880,2.733282,-0.271533,
16625953202277,GameRo,0.502389,-0.401412,0.754485,0.131247
16625969079027,pre,1003.926758,,,
16625984491027,pre,1003.926025,,,
16625999841027,pre,1003.923767,,,
16625973145527,Gyro,-0.164556,-1.081386,-2.041450,
16625993058527,Gyro,0.157638,-0.851779,-2.117808,
16625973145527,Lacc,2.564101,2.083100,-0.055460,
16625973145527,GameRo,0.532155,-0.395585,0.731916,0.156917
16625993058527,Lacc,2.557699,2.380446,-0.717349,
16625993058527,GameRo,0.532382,-0.395406,0.731798,0.157145
16626015039027,pre,1003.923767,,,
16626030481027,pre,1003.919250,,,
16626012971277,Gyro,0.133560,-0.701324,-2.126189,
16626032883777,Gyro,-0.219363,-0.626962,-2.067657,
16626012971277,Lacc,1.615933,2.204926,-1.176016,
16626012971277,GameRo,0.561702,-0.372781,0.716404,0.179698
16626032883777,Lacc,1.557854,2.904573,-1.499691,
16626032883777,GameRo,0.561984,-0.372610,0.716213,0.179931
16626045709027,pre,1003.919983,,,
16626061090027,pre,1003.931274,,,
16626076440027,pre,1003.922241,,,
16626052796527,Gyro,-0.800696,-0.519209,-1.946734,
16626072709527,Gyro,-1.383227,-0.436332,-1.822486,
16626052796527,Lacc,1.340761,2.454635,-1.268764,
16626052796527,GameRo,0.584729,-0.354840,0.699319,0.207684
16626072709527,Lacc,1.240231,2.129606,-1.038925,
16626072709527,GameRo,0.584925,-0.354706,0.699173,0.207853
16626091668027,pre,1003.932007,,,
16626107080027,pre,1003.917786,,,
16626122399027,pre,1003.926025,,,
16626092599277,Gyro,-1.750916,-0.387910,-1.752114,
16626112465777,Gyro,-1.828339,-0.395094,-1.752646,
16626092599277,Lacc,0.925269,0.708601,-0.450992,
16626092599277,GameRo,0.597343,-0.354315,0.675988,0.246338
16626112465777,Lacc,1.021633,-0.057036,-0.266457,
16626112465777,GameRo,0.597372,-0.354318,0.675960,0.246339
16626137719027,pre,1003.925232,,,
16626153039027,pre,1003.929749,,,
16626132378277,Gyro,-1.779385,-0.373144,-1.742802,
16626152336777,Gyro,-1.794284,-0.375006,-1.773664,
16626132378277,Lacc,1.173106,-1.135257,-0.193161,
16626132378277,GameRo,0.605089,-0.359734,0.649076,0.288374
16626152336777,Lacc,1.320014,-1.160598,-0.044270,
16626152336777,GameRo,0.605050,-0.359808,0.649105,0.288296
16626176019027,pre,1003.919983,,,
16626191339027,pre,1003.920776,,,
16626172272527,Gyro,-1.523970,-0.437530,-1.874367,
16626192185527,Gyro,-0.881045,-0.481961,-1.961234,
16626172272527,Lacc,1.207747,-2.227080,0.492011,
16626172272527,GameRo,0.611779,-0.362993,0.620885,0.329338
16626192185527,Lacc,0.621134,-2.382148,0.934251,
16626192185527,GameRo,0.611604,-0.363127,0.621055,0.329195
16626206536027,pre,1003.922241,,,
16626221948027,pre,1003.931274,,,
16626237268027,pre,1003.924500,,,
16626212098277,Gyro,-0.389506,-0.534906,-1.969216,
16626232010777,Gyro,-0.251689,-0.623237,-1.918931,
16626212098277,Lacc,-0.209238,-2.859017,1.341926,
16626212098277,GameRo,0.625336,-0.353132,0.595556,0.359951
16626232010777,Lacc,-0.609328,-2.654099,1.138289,
16626232010777,GameRo,0.625114,-0.353304,0.595791,0.359782
16626252587027,pre,1003.926025,,,
16626267907027,pre,1003.929749,,,
16626251923527,Gyro,-0.233065,-0.655962,-1.841509,
16626271836527,Gyro,-0.292529,-0.659154,-1.754375,
16626251923527,Lacc,-0.754126,-3.367479,1.325758,
16626283197027,pre,1003.933533,,,
16626251923527,GameRo,0.643441,-0.336681,0.572530,0.380578
16626271836527,Lacc,-0.771235,-3.206223,1.437031,
16626271836527,GameRo,0.643176,-0.336892,0.572831,0.380386
16626298547027,pre,1003.911743,,,
16626313867027,pre,1003.930481,,,
16626291726527,Gyro,-0.419305,-0.613526,-1.656467,
16626311593527,Gyro,-0.604214,-0.508434,-1.533016,
16626291726527,Lacc,-0.560317,-3.829282,1.861661,
16626291726527,GameRo,0.659309,-0.322891,0.549183,0.399313
16626311593527,Lacc,-0.434272,-3.806006,1.967743,
16626311593527,GameRo,0.658992,-0.323128,0.549564,0.399120
16626329065027,pre,1003.923035,,,
16626344506027,pre,1003.922241,,,
16626359826027,pre,1003.925232,,,
16626331506277,Gyro,-0.901665,-0.361437,-1.394268,
16626351464777,Gyro,-1.293433,-0.269648,-1.260708,
16626331506277,Lacc,-0.291952,-4.350261,1.855037,
16626331506277,GameRo,0.668532,-0.314034,0.527046,0.420322
16626351464777,Lacc,-0.128404,-4.426464,1.483685,
16626351464777,GameRo,0.668244,-0.314343,0.527431,0.420067
16626375146027,pre,1003.916260,,,
16626390466027,pre,1003.923035,,,
16626371400277,Gyro,-1.690522,-0.214175,-1.123556,
16626391312777,Gyro,-2.017638,-0.141409,-0.936917,
16626405694027,pre,1003.918518,,,
16626371400277,Lacc,0.663563,-5.290422,1.259186,
16626371400277,GameRo,0.667070,-0.313838,0.505271,0.448580
16626391312777,Lacc,1.520982,-5.908214,1.074637,
16626391312777,GameRo,0.666786,-0.314244,0.505693,0.448244
16626421106027,pre,1003.929016,,,
16626436425027,pre,1003.917786,,,
16626411225527,Gyro,-2.223832,-0.062789,-0.699329,
16626431138527,Gyro,-2.229818,-0.005188,-0.384584,
16626411225527,Lacc,2.391525,-7.259707,0.521410,
16626411225527,GameRo,0.654817,-0.323797,0.482976,0.482809
16626431138527,Lacc,2.826940,-8.458457,0.453046,
16626431138527,GameRo,0.654514,-0.324339,0.483466,0.482365
16626451745027,pre,1003.900513,,,
16626467096027,pre,1003.918518,,,
16626451051277,Gyro,-1.977597,-0.026473,0.054409,
16626470963777,Gyro,-1.561351,-0.123716,0.538232,
16626483056027,pre,1003.908752,,,
16626451051277,Lacc,2.796681,-9.403385,0.441421,
16626451051277,GameRo,0.634615,-0.341353,0.465799,0.513589
16626470963777,Lacc,3.137522,-9.258701,0.629730,
16626470963777,GameRo,0.634263,-0.341917,0.466338,0.513159
16626505365027,pre,1003.914734,,,
16626490853527,Gyro,-0.955807,-0.208056,1.003298,
16626510720527,Gyro,-0.190363,-0.135955,1.473819,
16626521630027,pre,1003.911011,,,
16626490853527,Lacc,3.681553,-8.503441,0.997652,
16626490853527,GameRo,0.615289,-0.364726,0.460553,0.525629
16626510720527,Lacc,3.091274,-8.029181,1.437182,
16626510720527,GameRo,0.614895,-0.365191,0.461085,0.525300
16626536035027,pre,1003.911743,,,
16626551355027,pre,1003.909485,,,
16626530633277,Gyro,0.513622,-0.071170,1.869445,
16626550591777,Gyro,1.115707,-0.085404,2.120070,
16626530633277,Lacc,1.802659,-7.040179,0.933693,
16626530633277,GameRo,0.602977,-0.386556,0.474242,0.511945
16626550591777,Lacc,1.801030,-6.875925,0.166649,
16626550591777,GameRo,0.602669,-0.387013,0.474665,0.511570
16626566644027,pre,1003.905762,,,
16626581872027,pre,1003.901245,,,
16626597314027,pre,1003.912537,,,
16626570527277,Gyro,1.685600,-0.027005,2.283428,
16626590439777,Gyro,2.266667,0.076491,2.363511,
16626570527277,Lacc,2.198689,-5.975074,-0.298262,
16626570527277,GameRo,0.597665,-0.402361,0.504360,0.475944
16626590439777,Lacc,2.810109,-5.819639,-0.633245,
16626590439777,GameRo,0.597452,-0.402749,0.504641,0.475586
16626612634027,pre,1003.911011,,,
16626627954027,pre,1003.902771,,,
16626610352527,Gyro,2.872743,0.235061,2.358323,
16626630265527,Gyro,3.408447,0.471984,2.321474,
16626610352527,Lacc,3.401775,-4.628097,-0.617819,
16626610352527,GameRo,0.597945,-0.406194,0.545729,0.423848
16626630265527,Lacc,3.882871,-4.214657,-0.544779,
16626630265527,GameRo,0.597800,-0.406452,0.545895,0.423592
16626643151027,pre,1003.915527,,,
16626658593027,pre,1003.901245,,,
16626673913027,pre,1003.908020,,,
16626650178277,Gyro,3.703903,0.729925,2.325997,
16626670090777,Gyro,3.766160,0.916963,2.353667,
16626650178277,Lacc,3.971265,-2.611501,-0.789420,
16626650178277,GameRo,0.600259,-0.391669,0.597205,0.360042
16626670090777,Lacc,4.077076,-2.081337,-0.939987,
16626670090777,GameRo,0.600233,-0.391809,0.597224,0.359902
16626689233027,pre,1003.915527,,,
16626704553027,pre,1003.903503,,,
16626712243027,pre,1003.910278,,,
16626689980527,Gyro,3.623953,1.102404,2.428961,
16626709847527,Gyro,3.296571,1.289974,2.559329,
16626689980527,Lacc,4.356974,-0.740080,-1.576603,
16626689980527,GameRo,0.595259,-0.367227,0.652006,0.292744
16626709847527,Lacc,4.212079,-0.367486,-1.620296,
16626709847527,GameRo,0.595364,-0.367280,0.651896,0.292710
16626727563027,pre,1003.914734,,,
16626742883027,pre,1003.919250,,,
16626758203027,pre,1003.921509,,,
16626729760277,Gyro,2.811417,1.438433,2.727875,
16626749718777,Gyro,2.222102,1.506278,2.906532,
16626729760277,Lacc,3.837781,0.817435,-2.246626,
16626729760277,GameRo,0.576870,-0.346631,0.703242,0.229170
16626749718777,Lacc,3.317162,0.996895,-2.042367,
16626749718777,GameRo,0.577090,-0.346611,0.703049,0.229236
16626773523027,pre,1003.926025,,,
16626788842027,pre,1003.918518,,,
16626769654277,Gyro,1.622677,1.559489,3.073216,
16626789566777,Gyro,1.088436,1.634517,3.203052,
16626769654277,Lacc,3.344421,2.006354,-2.661243,
16626769654277,GameRo,0.544392,-0.341612,0.746349,0.172922
16626789566777,Lacc,2.848443,2.031570,-2.704418,
16626789566777,GameRo,0.544740,-0.341544,0.746091,0.173075
16626804101027,pre,1003.926758,,,
16626819482027,pre,1003.920776,,,
16626834802027,pre,1003.915527,,,
16626809479527,Gyro,0.638801,1.669237,3.281139,
16626829392527,Gyro,0.308891,1.641168,3.275552,
16626809479527,Lacc,2.636938,3.126269,-3.541854,
16626809479527,GameRo,0.501440,-0.354032,0.779531,0.124701
16626829392527,Lacc,1.820828,3.090860,-3.626716,
16626829392527,GameRo,0.501947,-0.353946,0.779206,0.124938
16626850122027,pre,1003.915527,,,
16626873132027,pre,1003.916992,,,
16626849305277,Gyro,0.102166,1.560420,3.173786,
16626869217777,Gyro,0.015697,1.437901,2.976372,
16626849305277,Lacc,1.920186,4.059032,-4.222255,
16626849305277,GameRo,0.453656,-0.376946,0.803279,0.082778
16626869217777,Lacc,1.385471,3.938895,-4.137354,
16626869217777,GameRo,0.454285,-0.376854,0.802933,0.083094
16626888330027,pre,1003.912537,,,
16626903772027,pre,1003.919250,,,
16626889115277,Gyro,0.019156,1.303144,2.712311,
16626908997777,Gyro,0.070771,1.160138,2.395438,
16626920892027,pre,1003.919250,,,
16626889115277,Lacc,1.757190,4.664111,-4.452295,
16626889115277,GameRo,0.409011,-0.400117,0.818807,0.046594
16626908997777,Lacc,1.255369,4.574049,-4.342785,
16626908997777,GameRo,0.409724,-0.400025,0.818474,0.046973
16626934442027,pre,1003.912537,,,
16626949762027,pre,1003.919250,,,
16626928910527,Gyro,0.093918,0.995583,2.033335,
16626948853527,Gyro,0.004257,0.779944,1.640902,
16626964959027,pre,1003.919983,,,
16626928910527,Lacc,1.461894,5.251235,-4.644841,
16626928910527,GameRo,0.372514,-0.416471,0.829146,0.017377
16626948853527,Lacc,1.088064,5.476437,-4.633268,
16626948853527,GameRo,0.373330,-0.416361,0.828824,0.017834
16626980310027,pre,1003.923767,,,
16626995690027,pre,1003.920776,,,
16626968781527,Gyro,-0.140744,0.514287,1.196854,
16626988694527,Gyro,-0.288405,0.260203,0.722077,
16626968781527,Lacc,1.721164,5.898661,-4.635690,
16626968781527,GameRo,-0.348026,0.427686,-0.834242,0.001944
16626988694527,Lacc,2.251060,5.843859,-4.396801,
16626988694527,GameRo,-0.348867,0.427512,-0.833980,0.001437
16627011010027,pre,1003.919250,,,
16627026330027,pre,1003.920776,,,
16627008607277,Gyro,-0.377135,0.042170,0.231203,
16627028519777,Gyro,-0.435002,-0.203533,-0.249029,
16627008607277,Lacc,2.762680,5.849095,-4.086682,
16627008607277,GameRo,-0.339704,0.436895,-0.832860,0.008257
16627028519777,Lacc,3.066923,5.732889,-3.927743,
16627028519777,GameRo,-0.340516,0.436688,-0.832642,0.007742
16627041528027,pre,1003.926025,,,
16627056970027,pre,1003.925232,,,
16627072320027,pre,1003.914001,,,
16627048432527,Gyro,-0.529984,-0.458947,-0.712765,
16627068345527,Gyro,-0.688421,-0.606741,-1.121294,
16627048432527,Lacc,3.817426,5.832234,-3.932194,
16627048432527,GameRo,-0.347484,0.441861,-0.827050,0.001485
16627068345527,Lacc,4.690257,6.013041,-4.351941,
16627068345527,GameRo,-0.348333,0.441654,-0.826804,0.000941
16627087640027,pre,1003.914734,,,
16627102960027,pre,1003.914734,,,
16627088258277,Gyro,-0.865747,-0.706912,-1.485791,
16627108170777,Gyro,-0.991725,-0.859362,-1.850023,
16627120080027,pre,1003.916992,,,
16627088258277,Lacc,4.333400,6.128552,-4.420414,
16627088258277,GameRo,0.369301,-0.444773,0.815766,0.017880
16627108170777,Lacc,4.223857,6.107470,-4.311977,
16627108170777,GameRo,0.370124,-0.444568,0.815493,0.018419
16627133599027,pre,1003.924500,,,
16627148919027,pre,1003.923035,,,
16627128083277,Gyro,-0.999707,-1.046133,-2.206671,
16627147995777,Gyro,-0.895546,-1.260442,-2.579416,
16627128083277,Lacc,3.712097,5.670905,-2.732965,
16627128083277,GameRo,0.400782,-0.446386,0.798577,0.048872
16627147995777,Lacc,4.608782,5.285973,-1.729421,
16627147995777,GameRo,0.401372,-0.446053,0.798436,0.049365
16627164239027,pre,1003.921509,,,
16627179559027,pre,1003.916992,,,
16627167908527,Gyro,-0.639466,-1.407704,-2.935798,
16627187821527,Gyro,-0.382057,-1.450273,-3.230323,
16627167908527,Lacc,5.183205,4.229158,-0.780372,
16627167908527,GameRo,0.443446,-0.439333,0.776413,0.086746
16627187821527,Lacc,6.558183,4.274335,-1.191709,
16627187821527,GameRo,0.443925,-0.439031,0.776262,0.087177
16627202417027,pre,1003.922241,,,
16627217828027,pre,1003.923035,,,
16627233148027,pre,1003.926025,,,
16627207734277,Gyro,-0.366892,-1.286382,-3.366943,
16627227646777,Gyro,-0.526658,-1.189671,-3.421750,
16627207734277,Lacc,6.055764,3.742699,-1.776783,
16627207734277,GameRo,0.492928,-0.417640,0.752445,0.128159
16627227646777,Lacc,5.274763,3.916109,-2.457161,
16627227646777,GameRo,0.493389,-0.417429,0.752200,0.128512
16627248468027,pre,1003.924500,,,
16627263787027,pre,1003.930481,,,
16627247559527,Gyro,-0.648512,-1.213882,-3.438112,
16627267472527,Gyro,-0.713164,-1.152423,-3.338208,
16627279168027,pre,1003.936523,,,
16627247559527,Lacc,4.207834,2.503440,-1.451882,
16627247559527,GameRo,0.537320,-0.393403,0.725204,0.174931
16627267472527,Lacc,3.731245,2.356442,-0.212086,
16627267472527,GameRo,0.537519,-0.393198,0.725109,0.175172
16627294427027,pre,1003.928284,,,
16627310327027,pre,1003.931274,,,
16627287377777,Gyro,-0.886633,-1.044936,-3.137469,
16627307275277,Gyro,-1.208694,-0.933592,-2.932074,
16627287377777,Lacc,2.464038,1.418022,1.208573,
16627287377777,GameRo,0.576151,-0.370982,0.693716,0.221766
16627307275277,Lacc,1.836571,1.546016,1.175161,
16627307275277,GameRo,0.576163,-0.370790,0.693751,0.221948
16627325036027,pre,1003.926025,,,
16627340356027,pre,1003.921509,,,
16627355676027,pre,1003.934265,,,
16627327165027,Gyro,-1.631324,-0.692012,-2.700072,
16627347047027,Gyro,-2.517957,-0.633480,-2.403420,
16627327165027,Lacc,1.357695,0.402418,0.859931,
16627327165027,GameRo,0.603492,-0.357390,0.659994,0.269217
16627347047027,Lacc,0.737170,-0.854495,-0.065957,
16627347047027,GameRo,0.603465,-0.357451,0.660012,0.269153
16627370996027,pre,1003.921509,,,
16627386315027,pre,1003.917786,,,
16627366967277,Gyro,-3.316259,-0.496461,-2.434548,
16627386925777,Gyro,-3.048074,-0.227611,-2.563319,
16627366967277,Lacc,1.800403,-1.691245,-0.007225,
16627366967277,GameRo,0.612985,-0.363913,0.620482,0.326831
16627386925777,Lacc,1.842488,-2.646272,-0.591580,
16627386925777,GameRo,0.612921,-0.364107,0.620539,0.326628
16627401513027,pre,1003.933533,,,
16627416925027,pre,1003.923767,,,
16627432275027,pre,1003.923767,,,
16627406861527,Gyro,-2.295002,-0.152450,-2.704861,
16627426774527,Gyro,-2.167029,-0.108551,-2.790665,
16627406861527,Lacc,2.068614,-3.594844,-0.452666,
16627406861527,GameRo,0.613129,-0.370815,0.576831,0.392219
16627426774527,Lacc,2.674874,-3.554559,-0.173210,
16627426774527,GameRo,0.612995,-0.371052,0.576982,0.391981
16627447473027,pre,1003.920776,,,
16627462884027,pre,1003.920776,,,
16627446687277,Gyro,-2.403553,-0.038711,-2.827646,
16627466599777,Gyro,-2.567310,0.003858,-2.847202,
16627446687277,Lacc,2.873106,-5.244127,-0.263382,
16627446687277,GameRo,0.616169,-0.361990,0.536847,0.448436
16627478082027,pre,1003.922241,,,
16627466599777,Lacc,2.715210,-5.756571,-0.402685,
16627466599777,GameRo,0.615966,-0.362387,0.537119,0.448068
16627493524027,pre,1003.929016,,,
16627508844027,pre,1003.923035,,,
16627486497027,Gyro,-2.518755,0.026473,-2.758605,
16627506379027,Gyro,-2.202414,-0.059597,-2.534585,
16627486497027,Lacc,2.472823,-7.754177,-0.686724,
16627486497027,GameRo,0.611469,-0.354391,0.492331,0.508058
16627506379027,Lacc,1.945825,-9.105486,-0.281892,
16627506379027,GameRo,0.611144,-0.354992,0.492807,0.507567
16627531823027,pre,1003.923767,,,
16627547174027,pre,1003.926758,,,
16627526291777,Gyro,-1.600196,-0.170941,-2.171685,
16627546235277,Gyro,-0.817192,-0.260070,-1.679880,
16627526291777,Lacc,1.965478,-11.287136,-0.001128,
16627526291777,GameRo,0.605926,-0.346320,0.451021,0.556324
16627546235277,Lacc,1.544882,-11.183715,0.265082,
16627546235277,GameRo,0.605500,-0.347015,0.451652,0.555843
16627562371027,pre,1003.927490,,,
16627577813027,pre,1003.925232,,,
16627593133027,pre,1003.927490,,,
16627566163277,Gyro,-0.018757,-0.401213,-1.106528,
16627586075777,Gyro,0.759591,-0.603150,-0.576012,
16627566163277,Lacc,1.343373,-10.657885,0.191242,
16627566163277,GameRo,0.609962,-0.337756,0.425117,0.577186
16627586075777,Lacc,1.632138,-9.977165,-0.117631,
16627586075777,GameRo,0.609583,-0.338447,0.425731,0.576729
16627608422027,pre,1003.924500,,,
16627623742027,pre,1003.932739,,,
16627605988527,Gyro,1.430984,-0.733783,-0.098308,
16627625901527,Gyro,1.775527,-0.616585,0.403474,
16627605988527,Lacc,2.569599,-10.154905,0.138773,
16627605988527,GameRo,0.627088,-0.332697,0.418005,0.566873
16627625901527,Lacc,2.926100,-10.035058,0.225690,
16627625901527,GameRo,0.626720,-0.333356,0.418626,0.566434
16627638971027,pre,1003.918518,,,
16627654412027,pre,1003.923035,,,
16627669732027,pre,1003.919983,,,
16627645822027,Gyro,1.732160,-0.422897,0.887032,
16627665750027,Gyro,1.374048,-0.253552,1.311126,
16627645822027,Lacc,2.720093,-9.186317,0.857477,
16627645822027,GameRo,0.648130,-0.331375,0.427883,0.535756
16627665750027,Lacc,2.796949,-8.482014,1.210284,
16627665750027,GameRo,0.647753,-0.331924,0.428488,0.535388
16627685235027,pre,1003.919983,,,
16627700372027,pre,1003.923767,,,
16627685670277,Gyro,0.998775,-0.059331,1.665645,
16627705582777,Gyro,0.879316,0.060262,1.942743,
16627716851027,pre,1003.926758,,,
16627685670277,Lacc,2.599380,-7.810510,1.606945,
16627685670277,GameRo,0.654647,-0.340384,0.448853,0.504090
16627705582777,Lacc,3.197173,-7.921326,1.148559,
16627705582777,GameRo,0.654298,-0.340878,0.449402,0.503721
16627731012027,pre,1003.915527,,,
16627746331027,pre,1003.909485,,,
16627725487777,Gyro,1.033363,0.234928,2.189111,
16627745385277,Gyro,1.455727,0.427552,2.394507,
16627761529027,pre,1003.910278,,,
16627725487777,Lacc,4.028944,-7.152992,0.565655,
16627725487777,GameRo,0.648210,-0.357845,0.476209,0.474338
16627745385277,Lacc,4.743872,-7.135571,0.070241,
16627745385277,GameRo,0.647948,-0.358278,0.476616,0.473960
16627776971027,pre,1003.902771,,,
16627792688027,pre,1003.900513,,,
16627765298027,Gyro,2.074441,0.645320,2.588728,
16627785226027,Gyro,2.681581,0.921885,2.823523,
16627765298027,Lacc,5.084167,-5.928982,-0.087022,
16627765298027,GameRo,0.639324,-0.370711,0.515250,0.433999
16627785226027,Lacc,5.062237,-5.330632,-0.134219,
16627785226027,GameRo,0.639124,-0.371027,0.515524,0.433698
16627807611027,pre,1003.912537,,,
16627822930027,pre,1003.902771,,,
16627805146277,Gyro,3.113790,1.105464,3.038895,
16627825058777,Gyro,3.319052,1.275873,3.245621,
16627805146277,Lacc,4.816224,-3.402254,-0.464375,
16627805146277,GameRo,0.629806,-0.370347,0.570261,0.375487
16627825058777,Lacc,5.102396,-2.803241,-0.578589,
16627825058777,GameRo,0.629722,-0.370519,0.570358,0.375310
16627838159027,pre,1003.901245,,,
16627861230027,pre,1003.899780,,,
16627844971527,Gyro,3.370002,1.444952,3.390090,
16627864884527,Gyro,3.185492,1.640237,3.593755,
16627877648027,pre,1003.903503,,,
16627844971527,Lacc,5.287385,-0.901528,-1.381535,
16627844971527,GameRo,0.613024,-0.362469,0.632542,0.304480
16627864884527,Lacc,5.325768,-0.421210,-1.471639,
16627864884527,GameRo,0.613100,-0.362513,0.632460,0.304445
16627885125027,pre,1003.902771,,,
16627907190027,pre,1003.914001,,,
16627884797277,Gyro,2.776564,1.775926,3.735297,
16627904709777,Gyro,2.293272,1.850555,3.806734,
16627916803027,pre,1003.911011,,,
16627884797277,Lacc,5.156269,1.048770,-2.517132,
16627884797277,GameRo,0.582990,-0.354830,0.693455,0.230951
16627904709777,Lacc,4.720253,1.213547,-2.620818,
16627904709777,GameRo,0.583242,-0.354805,0.693230,0.231031
16627937829027,pre,1003.904236,,,
16627953149027,pre,1003.915527,,,
16627924592027,Gyro,1.781380,1.853215,3.828683,
16627944444027,Gyro,1.297158,1.813307,3.815779,
16627924592027,Lacc,4.824620,2.624114,-3.479904,
16627924592027,GameRo,0.539127,-0.357758,0.744545,0.164331
16627944444027,Lacc,4.362263,2.573552,-3.254377,
16627944444027,GameRo,0.539534,-0.357663,0.744250,0.164534
16627960717027,pre,1003.905029,,,
16627976129027,pre,1003.910278,,,
16627991449027,pre,1003.911011,,,
16627964356777,Gyro,0.876256,1.772600,3.757912,
16627984330277,Gyro,0.507502,1.702494,3.640448,
16627964356777,Lacc,4.402262,3.718713,-3.845722,
16627964356777,GameRo,0.488509,-0.372346,0.781823,0.107099
16627984330277,Lacc,3.436082,3.679062,-3.792525,
16627984330277,GameRo,0.489066,-0.372211,0.781497,0.107406
16628006768027,pre,1003.914734,,,
16628022088027,pre,1003.915527,,,
16628004273527,Gyro,0.215373,1.583301,3.463388,
16628024186527,Gyro,0.019821,1.450539,3.248015,
16628004273527,Lacc,3.507413,4.638615,-4.495518,
16628004273527,GameRo,0.435968,-0.395059,0.806492,0.058581
16628024186527,Lacc,2.784627,4.585174,-4.596089,
16628024186527,GameRo,0.436682,-0.394937,0.806136,0.058974
16628037316027,pre,1003.911743,,,
16628052697027,pre,1003.922241,,,
16628068048027,pre,1003.921509,,,
16628044099277,Gyro,-0.076092,1.300616,2.979697,
16628064011777,Gyro,-0.091656,1.171845,2.672270,
16628044099277,Lacc,3.175853,5.473253,-5.038116,
16628044099277,GameRo,0.388030,-0.419991,0.820178,0.018679
16628064011777,Lacc,2.600900,5.530179,-5.067097,
16628064011777,GameRo,0.388871,-0.419877,0.819826,0.019158
16628083337027,pre,1003.916260,,,
16628098657027,pre,1003.923767,,,
16628083924527,Gyro,-0.082344,1.020991,2.336240,
16628103837527,Gyro,-0.101900,0.807481,1.955780,
16628115075027,pre,1003.901245,,,
16628083924527,Lacc,2.731036,6.267996,-5.218567,
16628083924527,GameRo,-0.348057,0.440671,-0.827340,0.013154
16628103837527,Lacc,2.286531,6.491601,-4.972021,
16628103837527,GameRo,-0.348982,0.440525,-0.827038,0.012592
16628129296027,pre,1003.914001,,,
16628144616027,pre,1003.915527,,,
16628123742527,Gyro,-0.172671,0.583994,1.509204,
16628143639527,Gyro,-0.256345,0.373543,1.006624,
16628123742527,Lacc,2.934181,7.193361,-4.886078,
16628123742527,GameRo,-0.319762,0.455286,-0.830167,0.035905
16628143639527,Lacc,2.742882,7.584903,-4.740927,
16628143639527,GameRo,-0.320748,0.455048,-0.829945,0.035259
16628159936027,pre,1003.926025,,,
16628175256027,pre,1003.923035,,,
16628190606027,pre,1003.926025,,,
16628163552027,Gyro,-0.357846,0.094849,0.401878,
16628183480027,Gyro,-0.443250,-0.203666,-0.272176,
16628163552027,Lacc,3.136708,8.058523,-4.702580,
16628163552027,GameRo,-0.307405,0.465443,-0.828723,0.045642
16628183480027,Lacc,3.405947,7.859149,-4.626481,
16628183480027,GameRo,-0.308402,0.465186,-0.828534,0.044972
16628205926027,pre,1003.913269,,,
16628228936027,pre,1003.925232,,,
16628203400527,Gyro,-0.458016,-0.495929,-0.925344,
16628223313527,Gyro,-0.334433,-0.903926,-1.525434,
16628203400527,Lacc,3.137492,7.187270,-4.264114,
16628203400527,GameRo,-0.316262,0.470127,-0.823090,0.038489
16628223313527,Lacc,3.385998,6.726705,-3.249635,
16628223313527,GameRo,-0.317111,0.469822,-0.822966,0.037876
16628244256027,pre,1003.927490,,,
16628259576027,pre,1003.917786,,,
16628243226277,Gyro,-0.191294,-1.187941,-2.068854,
16628263138777,Gyro,-0.157372,-1.371254,-2.557599,
16628243226277,Lacc,3.853501,6.641621,-2.122952,
16628243226277,GameRo,-0.347416,0.463967,-0.814684,0.018107
16628263138777,Lacc,5.124852,6.950764,-2.426512,
16628263138777,GameRo,-0.348197,0.463568,-0.814591,0.017482
16628275079027,pre,1003.916992,,,
16628290094027,pre,1003.911011,,,
16628305505027,pre,1003.926758,,,
16628283051527,Gyro,-0.199675,-1.572127,-3.036767,
16628302964527,Gyro,-0.214308,-1.632388,-3.504494,
16628283051527,Lacc,6.080468,6.231822,-3.071746,
16628283051527,GameRo,0.394883,-0.446554,0.802794,0.013388
16628302964527,Lacc,8.117853,5.786422,-3.857115,
16628302964527,GameRo,0.395646,-0.446287,0.802557,0.013941
16628320825027,pre,1003.916992,,,
16628336175027,pre,1003.913269,,,
16628351495027,pre,1003.918518,,,
16628322854527,Gyro,-0.217102,-1.480470,-3.860344,
16628342721527,Gyro,-0.283882,-1.321502,-4.056694,
16628322854527,Lacc,7.965859,4.466760,-3.725057,
16628322854527,GameRo,0.452175,-0.420780,0.784303,0.057879
16628342721527,Lacc,7.369592,4.273469,-3.771588,
16628342721527,GameRo,0.452797,-0.420576,0.784022,0.058308
16628366815027,pre,1003.912537,,,
16628382165027,pre,1003.916992,,,
16628362634277,Gyro,-0.477039,-1.298089,-4.104052,
16628382592777,Gyro,-0.732320,-1.336401,-4.005477,
16628397363027,pre,1003.923767,,,
16628362634277,Lacc,5.561854,3.139281,-2.962633,
16628362634277,GameRo,0.505770,-0.388532,0.761853,0.113228
16628382592777,Lacc,5.134228,3.245555,-2.188287,
16628382592777,GameRo,0.506187,-0.388332,0.761631,0.113541
16628412805027,pre,1003.933533,,,
16628428155027,pre,1003.919250,,,
16628402528277,Gyro,-1.005826,-1.321236,-3.791701,
16628422440777,Gyro,-1.243281,-1.320171,-3.539347,
16628402528277,Lacc,4.009392,2.015616,-1.043927,
16628402528277,GameRo,0.553864,-0.360868,0.730512,0.171353
16628422440777,Lacc,3.375816,1.988785,-0.452954,
16628422440777,GameRo,0.554050,-0.360697,0.730408,0.171554
16628443475027,pre,1003.922241,,,
16628458795027,pre,1003.923767,,,
16628442353277,Gyro,-1.367263,-1.318974,-3.326635,
16628462265777,Gyro,-1.499626,-1.245809,-3.110198,
16628474206027,pre,1003.916992,,,
16628442353277,Lacc,2.635011,0.334997,0.494560,
16628442353277,GameRo,0.592479,-0.343213,0.692654,0.226725
16628462265777,Lacc,2.862364,0.217139,0.062663,
16628462265777,GameRo,0.592518,-0.343163,0.692627,0.226781
16628489343027,pre,1003.921509,,,
16628504785027,pre,1003.908752,,,
16628482178527,Gyro,-1.945005,-1.033762,-2.877399,
16628502091527,Gyro,-2.365108,-0.857633,-2.822591,
16628482178527,Lacc,2.955402,-0.551982,-0.402311,
16628482178527,GameRo,0.621763,-0.332783,0.651919,0.278690
16628502091527,Lacc,3.014836,-0.641630,-1.466084,
16628502091527,GameRo,0.621850,-0.332857,0.651829,0.278616
16628519982027,pre,1003.919250,,,
16628535424027,pre,1003.922241,,,
16628521981527,Gyro,-2.515828,-0.750412,-2.950431,
16628541848527,Gyro,-2.473526,-0.642127,-3.158886,
16628553704027,pre,1003.922241,,,
16628521981527,Lacc,3.333624,-2.325197,-1.266883,
16628521981527,GameRo,0.636716,-0.332351,0.608129,0.338104
16628541848527,Lacc,3.867139,-3.021616,-0.463639,
16628541848527,GameRo,0.636640,-0.332549,0.608217,0.337896
16628573724027,pre,1003.934265,,,
16628589074027,pre,1003.936523,,,
16628561761277,Gyro,-2.497338,-0.523067,-3.353640,
16628581719777,Gyro,-2.630366,-0.410658,-3.480815,
16628561761277,Lacc,4.368423,-4.840544,0.310861,
16628561761277,GameRo,0.646328,-0.325988,0.560752,0.401932
16628581719777,Lacc,4.406239,-5.413202,0.435080,
16628581719777,GameRo,0.646118,-0.326317,0.561025,0.401621
16628604394027,pre,1003.940979,,,
16628619714027,pre,1003.929016,,,
16628601655277,Gyro,-2.798247,-0.296254,-3.514205,
16628621567777,Gyro,-2.787472,-0.200207,-3.333287,
16628601655277,Lacc,4.288928,-7.990852,0.128146,
16628601655277,GameRo,0.649451,-0.313362,0.509076,0.469957
16628621567777,Lacc,3.413034,-10.247148,0.328596,
16628621567777,GameRo,0.649130,-0.313976,0.509585,0.469438
16628634942027,pre,1003.928284,,,
16628650384027,pre,1003.934265,,,
16628665704027,pre,1003.924500,,,
16628641480527,Gyro,-2.225694,-0.301043,-2.861968,
16628661393527,Gyro,-1.244212,-0.377002,-2.202813,
16628641480527,Lacc,2.599710,-13.900727,1.007048,
16628641480527,GameRo,0.643614,-0.300843,0.457741,0.534535
16628661393527,Lacc,2.200221,-13.528044,1.463826,
16628661393527,GameRo,0.643159,-0.301592,0.458469,0.534036
16628681054027,pre,1003.916260,,,
16628696374027,pre,1003.917786,,,
16628681306277,Gyro,-0.299446,-0.399217,-1.452268,
16628701218777,Gyro,0.604214,-0.454025,-0.713829,
16628713159027,pre,1003.911011,,,
16628681306277,Lacc,2.557768,-11.949207,1.165850,
16628681306277,GameRo,0.645582,-0.289480,0.423547,0.565715
16628701218777,Lacc,2.217684,-10.765334,0.685264,
16628701218777,GameRo,0.645195,-0.290210,0.424238,0.565264
16628727014027,pre,1003.916260,,,
16628742364027,pre,1003.916260,,,
16628721108527,Gyro,1.410897,-0.552067,-0.033390,
16628740975527,Gyro,1.855211,-0.567099,0.521337,
16628721108527,Lacc,1.956641,-10.812357,0.605735,
16628721108527,GameRo,0.659861,-0.282074,0.415149,0.559168
16628740975527,Lacc,2.353834,-10.819504,0.570812,
16628740975527,GameRo,0.659506,-0.282813,0.415847,0.558695
16628757684027,pre,1003.922241,,,
16628773004027,pre,1003.927490,,,
16628788354027,pre,1003.924500,,,
16628760888277,Gyro,1.729765,-0.303171,1.031367,
16628780846777,Gyro,1.220267,-0.060927,1.488585,
16628760888277,Lacc,2.313809,-10.446489,1.647891,
16628760888277,GameRo,0.680171,-0.281568,0.425737,0.526151
16628780846777,Lacc,1.796600,-9.493309,1.929825,
16628780846777,GameRo,0.679760,-0.282204,0.426457,0.525757
16628803674027,pre,1003.919983,,,
16628818994027,pre,1003.922241,,,
16628800782277,Gyro,0.553264,0.100569,1.848293,
16628820694777,Gyro,0.146065,0.195285,2.077900,
16628800782277,Lacc,1.540856,-8.279469,2.136454,
16628800782277,GameRo,0.683205,-0.293675,0.448536,0.495784
16628820694777,Lacc,2.149401,-8.218054,1.865928,
16628820694777,GameRo,0.682825,-0.294223,0.449171,0.495408
16628834222027,pre,1003.929016,,,
16628849664027,pre,1003.911011,,,
16628864984027,pre,1003.893738,,,
16628840607527,Gyro,0.099239,0.281088,2.231015,
16628860520527,Gyro,0.450300,0.431410,2.351539,
16628840607527,Lacc,3.115504,-7.653218,1.536828,
16628840607527,GameRo,0.669225,-0.319640,0.473523,0.475125
16628860520527,Lacc,4.418137,-8.163275,1.174615,
16628860520527,GameRo,0.668897,-0.320133,0.474046,0.474734
16628880334027,pre,1003.916260,,,
16628903314027,pre,1003.904236,,,
16628880433277,Gyro,1.167455,0.616186,2.460223,
16628900345777,Gyro,2.006197,0.838609,2.596843,
16628880433277,Lacc,5.329246,-7.530212,0.685384,
16628911828027,pre,1003.908020,,,
16628880433277,GameRo,0.653226,-0.342637,0.505317,0.447828
16628900345777,Lacc,6.270153,-7.201824,0.274619,
16628900345777,GameRo,0.652970,-0.343045,0.505693,0.447464
16628933984027,pre,1003.916260,,,
16628949334027,pre,1003.911011,,,
16628920235527,Gyro,2.698476,1.049991,2.784279,
16628940102527,Gyro,3.172987,1.273345,3.021202,
16628920235527,Lacc,6.857123,-5.350336,-0.326722,
16628920235527,GameRo,0.642974,-0.348258,0.553072,0.399264
16628940102527,Lacc,7.544186,-4.506461,-0.701563,
16628940102527,GameRo,0.642846,-0.348520,0.553243,0.399005
16628964654027,pre,1003.897522,,,
16628980004027,pre,1003.893738,,,
16628960015277,Gyro,3.482943,1.549246,3.300828,
16628979973777,Gyro,3.537884,1.829802,3.600939,
16628995202027,pre,1003.897522,,,
16628960015277,Lacc,7.721231,-2.512877,-1.471033,
16628960015277,GameRo,0.630208,-0.340663,0.613651,0.331993
16628979973777,Lacc,7.607907,-1.730795,-1.809358,
16628979973777,GameRo,0.630240,-0.340789,0.613617,0.331866
16629010644027,pre,1003.911011,,,
16629025964027,pre,1003.914001,,,
16628999909527,Gyro,3.282736,2.062469,3.904908,
16629019822527,Gyro,2.800509,2.268263,4.225373,
16628999909527,Lacc,7.578355,0.238141,-3.022646,
16628999909527,GameRo,0.602998,-0.329307,0.680789,0.253923
16629019822527,Lacc,7.201761,0.596721,-3.330384,
16629019822527,GameRo,0.603233,-0.329330,0.680564,0.253937
16629041253027,pre,1003.909485,,,
16629056604027,pre,1003.901245,,,
16629039712527,Gyro,2.194299,2.384929,4.541847,
16629059579527,Gyro,1.509870,2.378011,4.776376,
16629072992027,pre,1003.912537,,,
16629039712527,Lacc,6.916412,2.515095,-4.538564,
16629039712527,GameRo,0.555619,-0.329529,0.742645,0.176568
16629059579527,Lacc,6.360103,2.904103,-4.242107,
16629059579527,GameRo,0.556065,-0.329435,0.742308,0.176760
16629087121027,pre,1003.905762,,,
16629102533027,pre,1003.907288,,,
16629079492277,Gyro,0.833288,2.346883,4.911000,
16629099450777,Gyro,0.283084,2.236735,4.898629,
16629079492277,Lacc,6.264462,4.465545,-4.751872,
16629079492277,GameRo,0.492390,-0.350219,0.789905,0.104633
16629099450777,Lacc,4.814688,4.328804,-4.205240,
16629099450777,GameRo,0.492995,-0.350033,0.789565,0.104974
16629117852027,pre,1003.909485,,,
16629133203027,pre,1003.912537,,,
16629148523027,pre,1003.915527,,,
16629119363277,Gyro,-0.141941,2.092533,4.752165,
16629139229777,Gyro,-0.446442,1.873036,4.481452,
16629119363277,Lacc,4.421055,5.428053,-4.614161,
16629119363277,GameRo,0.422461,-0.387234,0.818482,0.040795
16629139229777,Lacc,2.754419,4.934621,-4.536263,
16629139229777,GameRo,0.423213,-0.387070,0.818150,0.041221
16629163842027,pre,1003.909485,,,
16629179162027,pre,1003.911743,,,
16629159142277,Gyro,-0.609934,1.591948,4.116689,
16629179100777,Gyro,-0.603549,1.315781,3.662797,
16629159142277,Lacc,2.887898,5.874347,-4.889721,
16629159142277,GameRo,-0.357520,0.428443,-0.829730,0.012856
16629179100777,Lacc,1.921061,5.840948,-4.840782,
16629179100777,GameRo,-0.358402,0.428322,-0.829419,0.012340
16629194390027,pre,1003.912537,,,
16629202142027,pre,1003.916260,,,
16629217492027,pre,1003.917786,,,
16629199036527,Gyro,-0.360905,1.063560,3.107671,
16629218949527,Gyro,0.001463,0.852444,2.480044,
16629199036527,Lacc,2.380848,6.810490,-4.836607,
16629199036527,GameRo,-0.305987,0.462745,-0.830097,0.056380
16629218949527,Lacc,1.664627,7.101538,-4.641883,
16629218949527,GameRo,-0.306971,0.462585,-0.829865,0.055754
16629232721027,pre,1003.914734,,,
16629255822027,pre,1003.907288,,,
16629238862277,Gyro,0.288006,0.659288,1.815036,
16629258774777,Gyro,0.375006,0.474378,1.140583,
16629238862277,Lacc,1.982486,7.760291,-4.593275,
16629238862277,GameRo,-0.271256,0.477398,-0.831175,0.087521
16629258774777,Lacc,1.632151,7.967565,-4.627104,
16629258774777,GameRo,-0.272313,0.477200,-0.831016,0.086827
16629271020027,pre,1003.916260,,,
16629286340027,pre,1003.911011,,,
16629301782027,pre,1003.918518,,,
16629278687527,Gyro,0.238652,0.229607,0.443117,
16629298600527,Gyro,-0.074363,-0.104560,-0.307162,
16629278687527,Lacc,1.980171,8.221550,-4.981345,
16629278687527,GameRo,-0.254815,0.477537,-0.834664,0.101805
16629298600527,Lacc,2.481024,8.343513,-5.062510,
16629298600527,GameRo,-0.255919,0.477347,-0.834521,0.101093
16629317102027,pre,1003.916260,,,
16629332452027,pre,1003.913269,,,
16629347772027,pre,1003.918518,,,
16629318490527,Gyro,-0.439924,-0.431144,-1.098280,
16629338357527,Gyro,-0.760655,-0.771563,-1.830467,
16629318490527,Lacc,3.187743,8.016119,-4.945745,
16629318490527,GameRo,-0.262648,0.476599,-0.833568,0.095042
16629338357527,Lacc,3.603768,7.564067,-4.592796,
16629338357527,GameRo,-0.263685,0.476383,-0.833442,0.094360
16629363092027,pre,1003.916992,,,
16629378442027,pre,1003.916260,,,
16629358277777,Gyro,-1.030569,-1.159739,-2.492815,
16629378251277,Gyro,-1.236364,-1.421273,-3.054326,
16629358277777,Lacc,4.006639,7.016035,-3.698387,
16629358277777,GameRo,-0.296855,0.477245,-0.824470,0.066055
16629378251277,Lacc,5.455729,6.752763,-3.265134,
16629378251277,GameRo,-0.297750,0.476929,-0.824382,0.065406
16629393731027,pre,1003.912537,,,
16629409082027,pre,1003.922241,,,
16629424432027,pre,1003.922241,,,
16629398194527,Gyro,-1.252061,-1.710343,-3.595086,
16629418107527,Gyro,-1.000505,-1.992496,-4.124937,
16629398194527,Lacc,6.382937,5.941619,-2.409389,
16629398194527,GameRo,-0.352695,0.475320,-0.805773,0.020190
16629418107527,Lacc,9.398920,5.572059,-2.605648,
16629418107527,GameRo,-0.353465,0.475003,-0.805638,0.019585
16629439752027,pre,1003.914734,,,
16629455102027,pre,1003.923035,,,
16629438012527,Gyro,-0.607540,-1.960569,-4.493292,
16629457909527,Gyro,-0.264061,-1.653540,-4.622196,
16629438012527,Lacc,10.438981,4.408300,-2.443864,
16629438012527,GameRo,0.423851,-0.458463,0.780327,0.035387
16629457909527,Lacc,10.320566,4.531736,-3.250715,
16629457909527,GameRo,0.424502,-0.458208,0.780099,0.035901
16629470330027,pre,1003.913269,,,
16629485650027,pre,1003.916260,,,
16629501092027,pre,1003.924500,,,
16629477822027,Gyro,-0.088863,-1.445218,-4.613416,
16629497750027,Gyro,-0.046560,-1.441493,-4.533599,
16629516320027,pre,1003.923035,,,
16629477822027,Lacc,7.354424,3.499074,-3.412162,
16629477822027,GameRo,0.490724,-0.421838,0.756488,0.094706
16629497750027,Lacc,5.988982,3.779598,-3.153435,
16629497750027,GameRo,0.491237,-0.421647,0.756214,0.095080
16629531732027,pre,1003.926025,,,
16629547082027,pre,1003.930481,,,
16629517640027,Gyro,-0.030330,-1.542861,-4.361195,
16629537492027,Gyro,-0.156574,-1.613365,-4.091148,
16629517640027,Lacc,4.458803,2.413845,-1.317927,
16629517640027,GameRo,0.548875,-0.378739,0.729672,0.151236
16629537492027,Lacc,4.701802,2.787206,0.000262,
16629537492027,GameRo,0.549080,-0.378489,0.729587,0.151527
16629562402027,pre,1003.931274,,,
16629585412027,pre,1003.927490,,,
16629557374277,Gyro,-0.510828,-1.479273,-3.767224,
16629577286777,Gyro,-1.042409,-1.279066,-3.487067,
16629557374277,Lacc,4.371562,1.372161,0.879361,
16629557374277,GameRo,0.600025,-0.340017,0.695913,0.200158
16629577286777,Lacc,3.966642,1.388836,0.300523,
16629577286777,GameRo,0.600097,-0.339870,0.695876,0.200319
16629600732027,pre,1003.923767,,,
16629616082027,pre,1003.936523,,,
16629597230027,Gyro,-1.892725,-1.085776,-3.134808,
16629617204027,Gyro,-3.549590,-0.822912,-2.915179,
16629597230027,Lacc,3.088809,-0.860229,-0.608484,
16629597230027,GameRo,0.634463,-0.317483,0.658013,0.252348
16629617204027,Lacc,3.937606,-0.330523,0.196369,
16629617204027,GameRo,0.634450,-0.317474,0.658026,0.252358
16629631341027,pre,1003.934265,,,
16629646722027,pre,1003.927490,,,
16629662042027,pre,1003.933533,,,
16629637147277,Gyro,-4.034877,-0.512424,-2.919170,
16629657059777,Gyro,-3.104877,-0.282286,-3.011624,
16629637147277,Lacc,4.063736,-3.530534,-0.477713,
16629637147277,GameRo,0.643102,-0.329072,0.608635,0.328169
16629657059777,Lacc,3.744241,-4.050757,-0.958504,
16629657059777,GameRo,0.643026,-0.329338,0.608727,0.327878
16629677362027,pre,1003.932739,,,
16629692712027,pre,1003.927490,,,
16629676972527,Gyro,-2.550549,-0.206460,-3.049937,
16629696885527,Gyro,-2.514232,-0.180253,-3.018675,
16629676972527,Lacc,3.670133,-5.105145,-0.869329,
16629708245027,pre,1003.934998,,,
16629676972527,GameRo,0.643134,-0.330126,0.562561,0.401150
16629696885527,Lacc,3.738444,-5.793059,-0.431495,
16629696885527,GameRo,0.642961,-0.330506,0.562804,0.400772
16629723352027,pre,1003.928284,,,
16629738671027,pre,1003.931274,,,
16629716775277,Gyro,-2.467672,-0.122386,-2.907463,
16629736641777,Gyro,-2.196561,-0.120923,-2.684109,
16629716775277,Lacc,3.721350,-7.657896,-0.242631,
16629716775277,GameRo,0.642674,-0.320673,0.518949,0.463500
16629736641777,Lacc,2.870568,-8.296663,0.030852,
16629736641777,GameRo,0.642395,-0.321223,0.519380,0.463021
16629753991027,pre,1003.933533,,,
16629769342027,pre,1003.932007,,,
16629784661027,pre,1003.926758,,,
16629756554277,Gyro,-1.804128,-0.174001,-2.362314,
16629776512777,Gyro,-1.533016,-0.236258,-1.952321,
16629756554277,Lacc,2.605060,-9.543520,0.098135,
16629756554277,GameRo,0.638863,-0.310750,0.478764,0.515823
16629776512777,Lacc,2.302849,-9.428263,0.147828,
16629776512777,GameRo,0.638536,-0.311399,0.479310,0.515329
16629799981027,pre,1003.922241,,,
16629815301027,pre,1003.926025,,,
16629796448527,Gyro,-1.306070,-0.305965,-1.513727,
16629816361527,Gyro,-0.961261,-0.358910,-1.066088,
16629796448527,Lacc,2.368876,-10.196571,-0.055058,
16629796448527,GameRo,0.636109,-0.304163,0.447074,0.550431
16629816361527,Lacc,1.987375,-10.374660,-0.049856,
16629816361527,GameRo,0.635765,-0.304889,0.447693,0.549925
16629830529027,pre,1003.926025,,,
16629845941027,pre,1003.925232,,,
16629861291027,pre,1003.926025,,,
16629836274277,Gyro,-0.539961,-0.421167,-0.655563,
16629856186777,Gyro,-0.156308,-0.478103,-0.261134,
16629836274277,Lacc,1.963151,-11.003340,-0.112796,
16629836274277,GameRo,0.634475,-0.304704,0.426477,0.568080
16629856186777,Lacc,2.039386,-11.424992,-0.017130,
16629856186777,GameRo,0.634104,-0.305472,0.427152,0.567573
16629876580027,pre,1003.923767,,,
16629891931027,pre,1003.928284,,,
16629876099527,Gyro,0.170276,-0.482493,0.147528,
16629896012527,Gyro,0.421034,-0.377933,0.598095,
16629907891027,pre,1003.936523,,,
16629876099527,Lacc,2.452694,-11.648043,0.281982,
16629876099527,GameRo,0.637624,-0.309832,0.418362,0.567814
16629896012527,Lacc,2.518067,-11.175278,0.520758,
16629896012527,GameRo,0.637226,-0.310562,0.419054,0.567351
16629922570027,pre,1003.928284,,,
16629937890027,pre,1003.924500,,,
16629915902527,Gyro,0.586787,-0.233065,1.060101,
16629935769527,Gyro,0.714760,-0.182249,1.457855,
16629915902527,Lacc,1.837997,-10.156735,0.842077,
16629915902527,GameRo,0.640799,-0.319793,0.424735,0.553814
16629935769527,Lacc,1.755464,-9.615763,0.462292,
16629935769527,GameRo,0.640426,-0.320467,0.425379,0.553361
16629953210027,pre,1003.929016,,,
16629976098027,pre,1003.916992,,,
16629955682277,Gyro,1.016867,-0.208056,1.729632,
16629975640777,Gyro,1.606448,-0.112276,1.942078,
16629955682277,Lacc,2.902164,-9.260262,0.193739,
16629955682277,GameRo,0.640125,-0.335383,0.444287,0.529498
16629975640777,Lacc,4.585335,-9.540488,-0.021024,
16629975640777,GameRo,0.639807,-0.335987,0.444832,0.529040
16629991418027,pre,1003.915527,,,
16630006829027,pre,1003.913269,,,
16630022149027,pre,1003.897522,,,
16629995576277,Gyro,2.404085,0.099106,2.139891,
16630015488777,Gyro,3.151171,0.417176,2.401025,
16629995576277,Lacc,5.477602,-8.685015,0.103601,
16629995576277,GameRo,0.643846,-0.347356,0.475298,0.488772
16630015488777,Lacc,5.978994,-7.954551,-0.035381,
16630015488777,GameRo,0.643574,-0.347834,0.475729,0.488370
16630037408027,pre,1003.898987,,,
16630052789027,pre,1003.912537,,,
16630035401527,Gyro,3.675169,0.725802,2.696481,
16630055314527,Gyro,3.970890,0.998908,2.977303,
16630035401527,Lacc,5.851776,-5.858693,-0.171461,
16630068017027,pre,1003.900513,,,
16630035401527,GameRo,0.651278,-0.343809,0.525601,0.425882
16630055314527,Lacc,6.169550,-4.903924,-0.493248,
16630055314527,GameRo,0.651118,-0.344121,0.525837,0.425584
16630083459027,pre,1003.905762,,,
16630098779027,pre,1003.901245,,,
16630075227277,Gyro,4.077845,1.302745,3.242827,
16630095139777,Gyro,3.942688,1.612168,3.476558,
16630075227277,Lacc,6.303035,-2.801056,-1.027602,
16630075227277,GameRo,0.650178,-0.331183,0.589031,0.347317
16630095139777,Lacc,6.537769,-2.032606,-1.199138,
16630095139777,GameRo,0.650154,-0.331328,0.589066,0.347164
16630114099027,pre,1003.892273,,,
16630129449027,pre,1003.898254,,,
16630144769027,pre,1003.894531,,,
16630115029527,Gyro,3.617834,1.898046,3.608256,
16630134896527,Gyro,3.114455,2.138694,3.851963,
16630115029527,Lacc,6.372182,0.008114,-2.029004,
16630115029527,GameRo,0.631338,-0.317644,0.656282,0.264215
16630134896527,Lacc,6.176286,0.342255,-1.901012,
16630134896527,GameRo,0.631465,-0.317650,0.656154,0.264220
16630160089027,pre,1003.911011,,,
16630175439027,pre,1003.909485,,,
16630154809277,Gyro,2.300988,2.269061,4.060418,
16630174767777,Gyro,1.534214,2.337438,4.189456,
16630154809277,Lacc,5.931889,1.799408,-2.715880,
16630154809277,GameRo,0.592323,-0.313264,0.718170,0.187753
16630174767777,Lacc,5.508309,1.745750,-2.535079,
16630174767777,GameRo,0.592600,-0.313183,0.717943,0.187882
16630190667027,pre,1003.911743,,,
16630206079027,pre,1003.915527,,,
16630221398027,pre,1003.916260,,,
16630194703277,Gyro,0.869738,2.359387,4.277387,
16630214615777,Gyro,0.300511,2.289281,4.324479,
16630194703277,Lacc,5.384036,3.168727,-3.573956,
16630194703277,GameRo,0.536220,-0.331151,0.766459,0.123882
16630214615777,Lacc,4.380847,3.132912,-3.653877,
16630214615777,GameRo,0.536699,-0.331015,0.766143,0.124134
16630236749027,pre,1003.910278,,,
16630252069027,pre,1003.915527,,,
16630234528527,Gyro,-0.150987,2.147074,4.295612,
16630254441527,Gyro,-0.434204,1.955913,4.163781,
16630234528527,Lacc,4.302015,4.380468,-4.475150,
16630234528527,GameRo,0.472478,-0.365689,0.798834,0.070004
16630254441527,Lacc,3.319315,4.204109,-4.514505,
16630254441527,GameRo,0.473142,-0.365545,0.798475,0.070363
16630267297027,pre,1003.923035,,,
16630282739027,pre,1003.919250,,,
16630298059027,pre,1003.913269,,,
16630274354277,Gyro,-0.547145,1.737215,3.931115,
16630294266777,Gyro,-0.485686,1.490314,3.588035,
16630313256027,pre,1003.925232,,,
16630274354277,Lacc,3.583439,5.408916,-4.963971,
16630274354277,GameRo,0.410397,-0.407195,0.815625,0.022854
16630294266777,Lacc,2.753713,5.250744,-4.784517,
16630294266777,GameRo,0.411198,-0.407050,0.815281,0.023319
16630328668027,pre,1003.920776,,,
16630314156527,Gyro,-0.291598,1.276405,3.174584,
16630334023527,Gyro,-0.061725,1.075400,2.711513,
16630314156527,Lacc,3.100964,6.073601,-4.811711,
16630314156527,GameRo,-0.357760,0.441810,-0.822486,0.018121
16630334023527,Lacc,2.251706,5.998456,-4.614499,
16630334023527,GameRo,-0.358639,0.441668,-0.822191,0.017578
16630351678027,pre,1003.918518,,,
16630366998027,pre,1003.922241,,,
16630382348027,pre,1003.920776,,,
16630353913527,Gyro,0.079551,0.864683,2.227157,
16630373826527,Gyro,0.056670,0.669531,1.692783,
16630353913527,Lacc,2.527504,6.794886,-4.625234,
16630353913527,GameRo,-0.318193,0.461155,-0.826737,0.050943
16630373826527,Lacc,2.171633,7.612486,-4.469396,
16630373826527,GameRo,-0.319183,0.460903,-0.826537,0.050275
16630397576027,pre,1003.916992,,,
16630412988027,pre,1003.926758,,,
16630393762277,Gyro,-0.110945,0.528521,1.139253,
16630413720777,Gyro,-0.338956,0.330176,0.480631,
16630393762277,Lacc,2.439989,8.926082,-4.775467,
16630393762277,GameRo,-0.293891,0.470774,-0.828827,0.071034
16630413720777,Lacc,1.964366,9.871882,-5.019629,
16630413720777,GameRo,-0.294981,0.470430,-0.828700,0.070270
16630428216027,pre,1003.923035,,,
16630443658027,pre,1003.916260,,,
16630451318027,pre,1003.916992,,,
16630433656277,Gyro,-0.637072,-0.006252,-0.254350,
16630453568777,Gyro,-0.838077,-0.395360,-1.021922,
16630433656277,Lacc,2.622624,9.795605,-5.091722,
16630433656277,GameRo,-0.287490,0.479063,-0.826257,0.071752
16630453568777,Lacc,3.773334,8.201386,-5.011794,
16630453568777,GameRo,-0.288552,0.478851,-0.826071,0.071042
16630466577027,pre,1003.914734,,,
16630481988027,pre,1003.921509,,,
16630497338027,pre,1003.913269,,,
16630473481277,Gyro,-0.826105,-0.774357,-1.738545,
16630493393777,Gyro,-0.751742,-1.061964,-2.407277,
16630473481277,Lacc,4.525371,6.751997,-4.036679,
16630473481277,GameRo,-0.307637,0.485438,-0.816697,0.052099
16630493393777,Lacc,5.900353,6.549007,-3.342090,
16630493393777,GameRo,-0.308522,0.485155,-0.816573,0.051448
16630512658027,pre,1003.919983,,,
16630527978027,pre,1003.915527,,,
16630513298777,Gyro,-0.750811,-1.235033,-2.973578,
16630533196277,Gyro,-0.716357,-1.372717,-3.437315,
16630545098027,pre,1003.919250,,,
16630513298777,Lacc,6.611066,6.347248,-2.897157,
16630513298777,GameRo,-0.350712,0.480332,-0.803741,0.016801
16630533196277,Lacc,8.225108,6.378586,-3.474171,
16630533196277,GameRo,-0.351547,0.480043,-0.803562,0.016164
16630558557027,pre,1003.915527,,,
16630573968027,pre,1003.918518,,,
16630553109027,Gyro,-0.615388,-1.451470,-3.814715,
16630573037027,Gyro,-0.535305,-1.400520,-4.116157,
16630553109027,Lacc,8.571053,5.788215,-3.706691,
16630553109027,GameRo,0.406614,-0.465091,0.785724,0.031536
16630573037027,Lacc,9.358891,5.949327,-4.191043,
16630573037027,GameRo,0.407375,-0.464838,0.785456,0.032108
16630589288027,pre,1003.920776,,,
16630604638027,pre,1003.914734,,,
16630619958027,pre,1003.914734,,,
16630592957527,Gyro,-0.532645,-1.309662,-4.319025,
16630612870527,Gyro,-0.551003,-1.294630,-4.445136,
16630592957527,Lacc,8.006256,4.624320,-3.811111,
16630592957527,GameRo,0.466168,-0.438602,0.763224,0.088344
16630612870527,Lacc,7.427526,4.267394,-3.593136,
16630612870527,GameRo,0.466753,-0.438401,0.762933,0.088767
16630642938027,pre,1003.926758,,,
16630658288027,pre,1003.932007,,,
16630632783277,Gyro,-0.569227,-1.329350,-4.485709,
16630652695777,Gyro,-0.594503,-1.384291,-4.424250,
16630632783277,Lacc,5.970996,2.438544,-2.314810,
16630632783277,GameRo,0.522558,-0.405724,0.734734,0.149954
16630652695777,Lacc,5.282616,2.213712,-1.180712,
16630652695777,GameRo,0.522848,-0.405549,0.734573,0.150210
16630673608027,pre,1003.928284,,,
16630688928027,pre,1003.929749,,,
16630672608527,Gyro,-0.685095,-1.419942,-4.299603,
16630692521527,Gyro,-0.890890,-1.410365,-4.136244,
16630704400027,pre,1003.932007,,,
16630672608527,Lacc,3.981863,0.696092,0.230369,
16630672608527,GameRo,0.574682,-0.370741,0.698897,0.209367
16630692521527,Lacc,3.440472,0.826442,0.249274,
16630692521527,GameRo,0.574750,-0.370628,0.698862,0.209495
16630719567027,pre,1003.914001,,,
16630734918027,pre,1003.932007,,,
16630712434277,Gyro,-1.311791,-1.236098,-3.869523,
16630732346777,Gyro,-2.431355,-1.116771,-3.445828,
16630712434277,Lacc,3.255335,-0.119484,-0.398409,
16630712434277,GameRo,0.618374,-0.340592,0.656268,0.266315
16630732346777,Lacc,3.659384,-1.157228,0.828553,
16630732346777,GameRo,0.618296,-0.340611,0.656341,0.266291
16630750238027,pre,1003.926025,,,
16630765588027,pre,1003.929749,,,
16630780908027,pre,1003.927490,,,
16630752236527,Gyro,-3.477223,-0.876123,-3.402993,
16630772103527,Gyro,-3.071886,-0.598627,-3.436915,
16630752236527,Lacc,4.330005,-2.817455,0.058317,
16630752236527,GameRo,0.640405,-0.334106,0.605524,0.334060
16630772103527,Lacc,4.160865,-4.120419,-1.147792,
16630772103527,GameRo,0.640338,-0.334373,0.605610,0.333764
16630796228027,pre,1003.929016,,,
16630811578027,pre,1003.931274,,,
16630792016277,Gyro,-2.224497,-0.505108,-3.452214,
16630811974777,Gyro,-1.982519,-0.440589,-3.312933,
16630792016277,Lacc,4.686002,-5.538630,-1.387507,
16630792016277,GameRo,0.647512,-0.330762,0.552186,0.407940
16630811974777,Lacc,4.681947,-5.821560,-0.630034,
16630811974777,GameRo,0.647351,-0.331136,0.552428,0.407564
16630826837027,pre,1003.928284,,,
16630842218027,pre,1003.936523,,,
16630857568027,pre,1003.941772,,,
16630831910277,Gyro,-1.999679,-0.402543,-3.055657,
16630851822777,Gyro,-1.960303,-0.397488,-2.746632,
16630831910277,Lacc,4.536482,-7.651150,0.154802,
16630831910277,GameRo,0.655818,-0.313215,0.505834,0.464684
16630851822777,Lacc,3.990037,-8.045951,0.734219,
16630851822777,GameRo,0.655515,-0.313722,0.506301,0.464261
16630872888027,pre,1003.926025,,,
16630888116027,pre,1003.933533,,,
16630871712527,Gyro,-1.753444,-0.379928,-2.364442,
16630891579527,Gyro,-1.557893,-0.373011,-1.916137,
16630903466027,pre,1003.937988,,,
16630871712527,Lacc,3.686656,-9.339673,0.907878,
16630871712527,GameRo,0.656676,-0.301318,0.463435,0.513042
16630891579527,Lacc,2.894361,-9.277094,0.994622,
16630891579527,GameRo,0.656316,-0.301934,0.464034,0.512599
16630918878027,pre,1003.938782,,,
16630934198027,pre,1003.926758,,,
16630911492277,Gyro,-1.389346,-0.379795,-1.481002,
16630931450777,Gyro,-1.101739,-0.405736,-1.065422,
16630911492277,Lacc,2.400965,-10.135044,0.799032,
16630911492277,GameRo,0.654136,-0.295668,0.430797,0.546901
16630931450777,Lacc,1.721766,-10.446803,0.784100,
16630931450777,GameRo,0.653750,-0.296387,0.431488,0.546429
16630949426027,pre,1003.929016,,,
16630964868027,pre,1003.927490,,,
16630980188027,pre,1003.927490,,,
16630951363527,Gyro,-0.700792,-0.417575,-0.674453,
16630971230527,Gyro,-0.292928,-0.404406,-0.315144,
16630951363527,Lacc,1.516203,-11.092301,0.811663,
16630951363527,GameRo,0.650893,-0.297156,0.409068,0.566304
16630971230527,Lacc,1.549384,-11.396197,0.699606,
16630971230527,GameRo,0.650489,-0.297922,0.409809,0.565829
16630995507027,pre,1003.926758,,,
16631010858027,pre,1003.931274,,,
16630991143277,Gyro,0.031528,-0.381924,0.035918,
16631011101777,Gyro,0.270712,-0.278561,0.418773,
16630991143277,Lacc,2.006224,-11.745492,0.742823,
16630991143277,GameRo,0.651962,-0.301728,0.400410,0.568839
16631011101777,Lacc,2.310614,-11.629095,0.926272,
16631011101777,GameRo,0.651547,-0.302479,0.401162,0.568386
16631026086027,pre,1003.919250,,,
16631049188027,pre,1003.916992,,,
16631031037527,Gyro,0.409062,-0.124514,0.845660,
16631050950527,Gyro,0.456553,-0.015963,1.286382,
16631064752027,pre,1003.921509,,,
16631031037527,Lacc,1.989563,-10.777733,1.203388,
16631031037527,GameRo,0.653683,-0.309835,0.405141,0.559072
16631050950527,Lacc,1.704661,-10.055041,1.153430,
16631050950527,GameRo,0.653266,-0.310523,0.405863,0.558654
16631079827027,pre,1003.929016,,,
16631095117027,pre,1003.930481,,,
16631070871027,Gyro,0.531980,-0.020486,1.661921,
16631090799027,Gyro,0.789655,-0.058931,1.939284,
16631070871027,Lacc,2.120501,-9.366921,0.766611,
16631070871027,GameRo,0.649884,-0.324547,0.423530,0.541241
16631090799027,Lacc,4.141304,-9.484133,0.399262,
16631090799027,GameRo,0.649544,-0.325169,0.424131,0.540805
16631110467027,pre,1003.925232,,,
16631125787027,pre,1003.932007,,,
16631110711527,Gyro,1.242616,0.071702,2.174877,
16631130608527,Gyro,1.850688,0.316075,2.424438,
16631142541027,pre,1003.926025,,,
16631110711527,Lacc,5.832399,-8.918581,0.169347,
16631110711527,GameRo,0.645076,-0.344225,0.450204,0.512546
16631130608527,Lacc,6.898745,-8.865648,-0.002760,
16631130608527,GameRo,0.644781,-0.344751,0.450694,0.512132
16631156427027,pre,1003.912537,,,
16631171777027,pre,1003.910278,,,
16631150513527,Gyro,2.436012,0.586654,2.714839,
16631170426527,Gyro,2.875138,0.792316,3.036900,
16631150513527,Lacc,6.838268,-7.344500,0.080736,
16631150513527,GameRo,0.642615,-0.355599,0.492358,0.467097
16631170426527,Lacc,6.881917,-6.480499,0.091397,
16631170426527,GameRo,0.642373,-0.355980,0.492713,0.466766
16631187066027,pre,1003.918518,,,
16631202417027,pre,1003.902771,,,
16631217736027,pre,1003.899780,,,
16631190339277,Gyro,3.124033,1.006358,3.397805,
16631210251777,Gyro,3.217818,1.279199,3.765495,
16631190339277,Lacc,6.883574,-4.274267,-0.182882,
16631190339277,GameRo,0.637053,-0.358239,0.550368,0.403637
16631210251777,Lacc,6.938333,-3.456420,-0.654264,
16631210251777,GameRo,0.636945,-0.358455,0.550510,0.403422
16631233056027,pre,1003.898254,,,
16631248407027,pre,1003.902039,,,
16631230164527,Gyro,3.153166,1.531021,4.079309,
16631250077527,Gyro,2.927284,1.768476,4.346562,
16631230164527,Lacc,6.773819,-1.246762,-1.445428,
16631230164527,GameRo,0.618346,-0.359229,0.617125,0.328269
16631250077527,Lacc,6.628651,-0.924642,-1.571049,
16631250077527,GameRo,0.618398,-0.359305,0.617069,0.328193
16631263635027,pre,1003.895264,,,
16631279046027,pre,1003.898987,,,
16631294336027,pre,1003.908752,,,
16631269990277,Gyro,2.584471,1.969615,4.575636,
16631289902777,Gyro,2.163171,2.081758,4.733940,
16631269990277,Lacc,6.540913,0.944342,-2.537261,
16631269990277,GameRo,0.580908,-0.363669,0.684084,0.249637
16631289902777,Lacc,6.255516,1.253869,-2.648199,
16631289902777,GameRo,0.581155,-0.363634,0.683865,0.249717
16631309655027,pre,1003.910278,,,
16631324975027,pre,1003.911011,,,
16631309823027,Gyro,1.734953,2.121799,4.777706,
16631329751027,Gyro,1.392805,2.107698,4.723165,
16631340997027,pre,1003.904236,,,
16631309823027,Lacc,6.472939,2.996586,-3.580538,
16631309823027,GameRo,0.526174,-0.376724,0.742195,0.174259
16631329751027,Lacc,5.771837,3.001823,-3.373489,
16631329751027,GameRo,0.526615,-0.376601,0.741889,0.174497
16631355645027,pre,1003.912537,,,
16631378656027,pre,1003.908020,,,
16631349641027,Gyro,1.059702,2.059409,4.591733,
16631369493027,Gyro,0.700260,1.943541,4.387668,
16631349641027,Lacc,5.692000,4.467314,-4.225860,
16631349641027,GameRo,0.462717,-0.396299,0.785923,0.105668
16631369493027,Lacc,4.261250,4.384722,-4.240023,
16631369493027,GameRo,0.463365,-0.396148,0.785568,0.106036
16631393975027,pre,1003.916260,,,
16631409326027,pre,1003.923767,,,
16631389405777,Gyro,0.368887,1.745063,4.120281,
16631409379277,Gyro,0.175863,1.459984,3.761504,
16631389405777,Lacc,4.040976,5.462229,-4.980549,
16631389405777,GameRo,0.399248,-0.419708,0.813794,0.046742
16631409379277,Lacc,2.902621,5.274468,-4.806143,
16631409379277,GameRo,0.400058,-0.419583,0.813435,0.047199
16631424646027,pre,1003.916260,,,
16631439996027,pre,1003.923035,,,
16631455346027,pre,1003.923767,,,
16631429322277,Gyro,0.148859,1.210024,3.356833,
16631449234777,Gyro,0.189432,0.983344,2.892697,
16631429322277,Lacc,3.349742,6.185403,-4.973940,
16631429322277,GameRo,-0.344979,0.443706,-0.827109,0.002333
16631449234777,Lacc,2.546719,6.216396,-4.739195,
16631449234777,GameRo,-0.345890,0.443557,-0.826809,0.001781
16631470666027,pre,1003.916992,,,
16631485894027,pre,1003.923035,,,
16631469147527,Gyro,0.251822,0.771164,2.402488,
16631489060527,Gyro,0.292795,0.567764,1.913344,
16631469147527,Lacc,2.700017,6.792466,-4.862499,
16631469147527,GameRo,-0.305041,0.459154,-0.833334,0.041016
16631501184027,pre,1003.919250,,,
16631489060527,Lacc,1.925900,6.926631,-4.653178,
16631489060527,GameRo,-0.306024,0.458991,-0.833093,0.040401
16631516626027,pre,1003.921509,,,
16631531945027,pre,1003.920776,,,
16631508973277,Gyro,0.261267,0.371149,1.404245,
16631528885777,Gyro,0.101900,0.180253,0.888628,
16631508973277,Lacc,2.144717,7.643404,-4.741197,
16631508973277,GameRo,-0.280281,0.465483,-0.836787,0.067498
16631528885777,Lacc,1.919512,8.129848,-4.934993,
16631528885777,GameRo,-0.281362,0.465259,-0.836605,0.066801
16631547265027,pre,1003.920776,,,
16631562616027,pre,1003.917786,,,
16631577966027,pre,1003.916260,,,
16631548775527,Gyro,-0.163758,-0.085138,0.290667,
16631568642527,Gyro,-0.428883,-0.322992,-0.384318,
16631548775527,Lacc,2.755604,8.639082,-5.179118,
16631548775527,GameRo,-0.271906,0.468468,-0.836863,0.079156
16631568642527,Lacc,3.796287,8.577490,-5.253282,
16631568642527,GameRo,-0.273006,0.468223,-0.836710,0.078438
16631593255027,pre,1003.914734,,,
16631608606027,pre,1003.914001,,,
16631588547777,Gyro,-0.618049,-0.504576,-1.066088,
16631608491277,Gyro,-0.770632,-0.802559,-1.726572,
16631588547777,Lacc,3.990782,7.891955,-5.167217,
16631588547777,GameRo,-0.284240,0.472419,-0.831226,0.071346
16631608491277,Lacc,4.594526,7.269130,-5.069412,
16631608491277,GameRo,-0.285278,0.472247,-0.831026,0.070677
16631623925027,pre,1003.916992,,,
16631639245027,pre,1003.926025,,,
16631654596027,pre,1003.921509,,,
16631628427027,Gyro,-0.957537,-1.088170,-2.359254,
16631648355027,Gyro,-1.128611,-1.294364,-2.925821,
16631628427027,Lacc,5.269435,6.804224,-4.351413,
16631628427027,GameRo,-0.317254,0.473445,-0.820534,0.043848
16631648355027,Lacc,6.688224,6.611351,-4.118182,
16631648355027,GameRo,-0.318178,0.473195,-0.820356,0.043201
16631669915027,pre,1003.916260,,,
16631685235027,pre,1003.916260,,,
16631668275277,Gyro,-1.165061,-1.455860,-3.427736,
16631688187777,Gyro,-1.054514,-1.574255,-3.911294,
16631668275277,Lacc,7.169096,5.951324,-3.424962,
16631668275277,GameRo,0.368451,-0.470317,0.801901,0.000642
16631688187777,Lacc,8.678509,5.810137,-3.459100,
16631688187777,GameRo,0.369243,-0.470041,0.801698,0.001242
16631700433027,pre,1003.916260,,,
16631715844027,pre,1003.923035,,,
16631731164027,pre,1003.918518,,,
16631708100527,Gyro,-0.940243,-1.565076,-4.296942,
16631728013527,Gyro,-0.889559,-1.485924,-4.533200,
16631708100527,Lacc,8.377703,4.750186,-3.007131,
16631708100527,GameRo,0.430333,-0.455942,0.776937,0.057434
16631728013527,Lacc,8.402705,4.686682,-3.491205,
16631728013527,GameRo,0.430987,-0.455713,0.776673,0.057928
16631746484027,pre,1003.929016,,,
16631761804027,pre,1003.929749,,,
16631777154027,pre,1003.930481,,,
16631747903277,Gyro,-0.888229,-1.436039,-4.666494,
16631767769777,Gyro,-0.899004,-1.363938,-4.690972,
16631747903277,Lacc,7.187965,3.349818,-3.208442,
16631747903277,GameRo,0.492637,-0.429831,0.746726,0.122287
16631767769777,Lacc,7.064788,3.291824,-3.045555,
16631767769777,GameRo,0.493117,-0.429657,0.746453,0.122629
16631792474027,pre,1003.926025,,,
16631807794027,pre,1003.923035,,,
16631787682277,Gyro,-0.960729,-1.338263,-4.595191,
16631807640777,Gyro,-1.172909,-1.327222,-4.417998,
16631787682277,Lacc,5.665601,2.025668,-1.546263,
16631787682277,GameRo,0.548934,-0.398279,0.710212,0.188796
16631807640777,Lacc,5.720741,2.192729,-0.723237,
16631807640777,GameRo,0.549158,-0.398097,0.710078,0.189035
16631823022027,pre,1003.932007,,,
16631838464027,pre,1003.933533,,,
16631853784027,pre,1003.938782,,,
16631827576527,Gyro,-1.553902,-1.134597,-4.190653,
16631847489527,Gyro,-2.386791,-0.896078,-3.773344,
16631827576527,Lacc,5.268806,0.176203,-0.046921,
16631827576527,GameRo,0.595486,-0.369773,0.666644,0.253479
16631847489527,Lacc,4.764934,-0.273414,-0.667575,
16631847489527,GameRo,0.595554,-0.369761,0.666582,0.253499
16631869104027,pre,1003.933533,,,
16631885217027,pre,1003.934998,,,
16631867402277,Gyro,-3.811257,-0.674187,-3.449154,
16631887314777,Gyro,-4.436755,-0.433805,-3.365080,
16631899621027,pre,1003.929016,,,
16631867402277,Lacc,5.047215,-2.561168,0.842490,
16631867402277,GameRo,0.619512,-0.361091,0.616268,0.325625
16631887314777,Lacc,5.096961,-3.673225,0.192702,
16631887314777,GameRo,0.619386,-0.361265,0.616394,0.325434
16631915063027,pre,1003.934998,,,
16631930413027,pre,1003.934998,,,
16631907227527,Gyro,-3.763633,-0.290933,-3.334883,
16631927140527,Gyro,-2.948303,-0.130501,-3.219946,
16631907227527,Lacc,4.870173,-5.903563,-0.052841,
16631907227527,GameRo,0.616705,-0.374255,0.554475,0.414929
16631927140527,Lacc,4.478148,-5.652355,-0.095900,
16631927140527,GameRo,0.616501,-0.374583,0.554724,0.414602
16631945733027,pre,1003.934998,,,
16631961053027,pre,1003.932739,,,
16631976403027,pre,1003.937256,,,
16631947030527,Gyro,-2.440002,-0.050950,-3.070290,
16631966897527,Gyro,-1.894720,-0.061725,-2.930211,
16631947030527,Lacc,4.161928,-7.136625,-0.238541,
16631947030527,GameRo,0.615310,-0.367695,0.502929,0.482967
16631966897527,Lacc,3.617104,-7.656549,-0.126553,
16631966897527,GameRo,0.615026,-0.368180,0.503328,0.482543
16631991723027,pre,1003.945496,,,
16632007043027,pre,1003.938782,,,
16631986810277,Gyro,-1.200845,-0.119725,-2.784944,
16632006768777,Gyro,-0.595700,-0.207790,-2.595246,
16631986810277,Lacc,3.447954,-9.157582,-0.072382,
16631986810277,GameRo,0.617672,-0.351370,0.460347,0.532073
16632006768777,Lacc,3.086628,-9.223439,0.158480,
16632006768777,GameRo,0.617316,-0.351972,0.460885,0.531623
16632022271027,pre,1003.931274,,,
16632037591027,pre,1003.945496,,,
16632053033027,pre,1003.937256,,,
16632026704277,Gyro,-0.208189,-0.291997,-2.358190,
16632046616777,Gyro,0.040574,-0.335763,-2.051826,
16632026704277,Lacc,3.102450,-10.219137,0.315885,
16632026704277,GameRo,0.630088,-0.328024,0.426782,0.559684
16632046616777,Lacc,2.804649,-10.624039,0.246516,
16632046616777,GameRo,0.629703,-0.328725,0.427427,0.559214
16632076013027,pre,1003.929749,,,
16632091211027,pre,1003.924500,,,
16632066506527,Gyro,0.369153,-0.322859,-1.656733,
16632086373527,Gyro,0.755999,-0.300511,-1.152955,
16632106530027,pre,1003.925232,,,
16632066506527,Lacc,2.765247,-12.048357,0.372379,
16632066506527,GameRo,0.645729,-0.306975,0.401518,0.572350
16632086373527,Lacc,2.150738,-12.365434,0.536020,
16632086373527,GameRo,0.645317,-0.307762,0.402270,0.571863
16632121972027,pre,1003.930481,,,
16632106286277,Gyro,1.008087,-0.271910,-0.575214,
16632126244777,Gyro,0.957537,-0.165487,0.056138,
16632137536027,pre,1003.928284,,,
16632106286277,Lacc,2.407279,-12.286367,1.140636,
16632106286277,GameRo,0.662607,-0.291477,0.391020,0.568415
16632126244777,Lacc,2.747849,-11.553570,1.488797,
16632126244777,GameRo,0.662174,-0.292218,0.391802,0.568002
16632152642027,pre,1003.924500,,,
16632167993027,pre,1003.924500,,,
16632146195527,Gyro,0.711967,0.001064,0.679641,
16632166138527,Gyro,0.451365,0.259405,1.253923,
16632146195527,Lacc,2.885609,-11.137271,2.249423,
16632146195527,GameRo,0.672985,-0.288574,0.397021,0.553345
16632166138527,Lacc,2.149570,-10.621020,2.588702,
16632166138527,GameRo,0.672495,-0.289250,0.397830,0.553006
16632183282027,pre,1003.931274,,,
16632198632027,pre,1003.926758,,,
16632213952027,pre,1003.923035,,,
16632186051277,Gyro,0.190629,0.380194,1.734554,
16632205933777,Gyro,0.066514,0.325919,2.093597,
16632186051277,Lacc,1.194778,-9.524988,2.076149,
16632186051277,GameRo,0.667121,-0.300838,0.418472,0.537891
16632205933777,Lacc,2.265336,-9.552234,1.586800,
16632205933777,GameRo,0.666708,-0.301484,0.419176,0.537494
16632229303027,pre,1003.915527,,,
16632244622027,pre,1003.916260,,,
16632225831277,Gyro,0.353722,0.336162,2.333181,
16632245743777,Gyro,1.072473,0.448039,2.507581,
16632225831277,Lacc,3.724928,-9.408119,0.990910,
16632225831277,GameRo,0.651310,-0.325307,0.447046,0.519731
16632245743777,Lacc,5.332877,-9.688127,0.372495,
16632245743777,GameRo,0.650980,-0.325905,0.447607,0.519287
16632259881027,pre,1003.926758,,,
16632275293027,pre,1003.921509,,,
16632290826027,pre,1003.902039,,,
16632265656527,Gyro,1.932101,0.687889,2.703930,
16632285569527,Gyro,2.638480,0.926009,2.931408,
16632265656527,Lacc,5.852385,-8.278825,-0.183605,
16632265656527,GameRo,0.640572,-0.343729,0.486879,0.484217
16632285569527,Lacc,5.927649,-7.191814,-0.574758,
16632285569527,GameRo,0.640347,-0.344196,0.487246,0.483815
16632305963027,pre,1003.916260,,,
16632321283027,pre,1003.916260,,,
16632305482277,Gyro,3.018675,1.100941,3.179905,
16632325394777,Gyro,3.121106,1.292635,3.448622,
16632305482277,Lacc,5.901608,-4.890026,-0.969340,
16632336755027,pre,1003.910278,,,
16632305482277,GameRo,0.634362,-0.346137,0.544363,0.425961
16632325394777,Lacc,6.330106,-4.072697,-1.087397,
16632325394777,GameRo,0.634262,-0.346425,0.544515,0.425683
16632351953027,pre,1003.903503,,,
16632367273027,pre,1003.903503,,,
16632345284527,Gyro,3.049138,1.485126,3.702440,
16632365151527,Gyro,2.760999,1.669370,3.928188,
16632345284527,Lacc,6.408761,-2.084443,-1.512648,
16632345284527,GameRo,0.619787,-0.343928,0.609212,0.355583
16632365151527,Lacc,6.612829,-1.614523,-1.566025,
16632365151527,GameRo,0.619816,-0.344063,0.609186,0.355445
16632382531027,pre,1003.908752,,,
16632405603027,pre,1003.903503,,,
16632385064277,Gyro,2.294869,1.838316,4.145290,
16632405022777,Gyro,1.790027,1.943142,4.321154,
16632385064277,Lacc,6.621569,0.106657,-2.358107,
16632385064277,GameRo,0.588978,-0.346192,0.672881,0.283702
16632405022777,Lacc,6.172855,0.208407,-2.439501,
16632405022777,GameRo,0.589168,-0.346226,0.672702,0.283691
16632420922027,pre,1003.898254,,,
16632436273027,pre,1003.899780,,,
16632451593027,pre,1003.919250,,,
16632424958277,Gyro,1.335470,1.975069,4.426911,
16632444870777,Gyro,1.002234,1.935161,4.461232,
16632424958277,Lacc,6.121213,1.847616,-3.419469,
16632424958277,GameRo,0.540731,-0.360761,0.728296,0.216905
16632444870777,Lacc,5.488610,1.826042,-3.200555,
16632444870777,GameRo,0.541095,-0.360714,0.728010,0.217033
16632466973027,pre,1003.904236,,,
16632482232027,pre,1003.914001,,,
16632464783527,Gyro,0.784467,1.892059,4.424117,
16632484696527,Gyro,0.628292,1.827541,4.322484,
16632464783527,Lacc,5.523223,3.307142,-3.825942,
16632464783527,GameRo,0.483339,-0.384231,0.771205,0.154895
16632484696527,Lacc,4.445047,3.323564,-3.742686,
16632484696527,GameRo,0.483879,-0.384122,0.770867,0.155162
16632497522027,pre,1003.914001,,,
16632512872027,pre,1003.910278,,,
16632528222027,pre,1003.919983,,,
16632504609277,Gyro,0.483956,1.707150,4.141565,
16632524521777,Gyro,0.367557,1.555365,3.886151,
16632504609277,Lacc,4.484915,4.628100,-4.494179,
16632504609277,GameRo,0.423628,-0.408722,0.802578,0.096718
16632524521777,Lacc,3.672895,4.581687,-4.607810,
16632524521777,GameRo,0.424357,-0.408606,0.802205,0.097102
16632543542027,pre,1003.915527,,,
16632558892027,pre,1003.927490,,,
16632574212027,pre,1003.923767,,,
16632544411527,Gyro,0.309823,1.393204,3.566618,
16632564278527,Gyro,0.296786,1.208295,3.189350,
16632544411527,Lacc,4.048355,5.588082,-5.118394,
16632544411527,GameRo,0.368437,-0.430871,0.822543,0.045028
16632564278527,Lacc,3.219692,5.643653,-4.884535,
16632564278527,GameRo,0.369300,-0.430742,0.822196,0.045517
16632589532027,pre,1003.916260,,,
16632604882027,pre,1003.918518,,,
16632584191277,Gyro,0.302772,1.036422,2.768848,
16632604149777,Gyro,0.233065,0.855238,2.336107,
16632584191277,Lacc,3.549712,6.367054,-5.036263,
16632584191277,GameRo,0.323069,-0.446834,0.834242,0.002588
16632620141027,pre,1003.929749,,,
16632604149777,Lacc,2.705530,6.757893,-4.791789,
16632604149777,GameRo,0.324032,-0.446651,0.833964,0.003175
16632635522027,pre,1003.916992,,,
16632650842027,pre,1003.926025,,,
16632624085527,Gyro,0.074895,0.653567,1.862394,
16632643998527,Gyro,-0.104826,0.425557,1.376974,
16632624085527,Lacc,2.779535,7.581889,-4.925201,
16632624085527,GameRo,-0.290188,0.457040,-0.840295,0.028436
16632643998527,Lacc,2.234801,8.053699,-4.849805,
16632643998527,GameRo,-0.291244,0.456780,-0.840094,0.027757
16632666162027,pre,1003.916260,,,
16632681482027,pre,1003.926758,,,
16632663911277,Gyro,-0.285212,0.150987,0.836082,
16632683823777,Gyro,-0.480099,-0.155377,0.228010,
16632696710027,pre,1003.922241,,,
16632663911277,Lacc,2.514075,8.903500,-4.789235,
16632663911277,GameRo,-0.273377,0.466191,-0.840179,0.045051
16632683823777,Lacc,2.860791,9.389430,-4.701880,
16632683823777,GameRo,-0.274456,0.465816,-0.840075,0.044308
16632712426027,pre,1003.918518,,,
16632727471027,pre,1003.921509,,,
16632703736527,Gyro,-0.623370,-0.479034,-0.458016,
16632723649527,Gyro,-0.637205,-0.759059,-1.125551,
16632703736527,Lacc,3.736520,9.228559,-4.449061,
16632703736527,GameRo,-0.277296,0.474389,-0.834256,0.045593
16632723649527,Lacc,4.453515,8.508660,-4.314771,
16632723649527,GameRo,-0.278332,0.474061,-0.834136,0.044876
16632750451027,pre,1003.922241,,,
16632765771027,pre,1003.919250,,,
16632743539277,Gyro,-0.665008,-1.059702,-1.796545,
16632763405777,Gyro,-0.836614,-1.328286,-2.467672,
16632743539277,Lacc,4.985661,7.963819,-3.993502,
16632743539277,GameRo,-0.303914,0.477021,-0.824180,0.028527
16632763405777,Lacc,6.669304,7.871810,-4.221583,
16632763405777,GameRo,-0.304894,0.476724,-0.824014,0.027835
16632781091027,pre,1003.917786,,,
16632796411027,pre,1003.918518,,,
16632811731027,pre,1003.917786,,,
16632783333527,Gyro,-1.063028,-1.455727,-3.117648,
16632803322527,Gyro,-1.223859,-1.504415,-3.725719,
16632783333527,Lacc,7.632632,7.196835,-4.097292,
16632783333527,GameRo,0.351275,-0.473496,0.807691,0.006496
16632803322527,Lacc,9.283255,6.885180,-4.449678,
16632803322527,GameRo,0.352164,-0.473236,0.807451,0.007131
16632827050027,pre,1003.923767,,,
16632842370027,pre,1003.918518,,,
16632823258277,Gyro,-1.270286,-1.498562,-4.283772,
16632843140777,Gyro,-1.210157,-1.466635,-4.715050,
16632857568027,pre,1003.914001,,,
16632823258277,Lacc,9.248936,5.389382,-3.705589,
16632823258277,GameRo,0.411313,-0.464714,0.781622,0.062693
16632843140777,Lacc,9.448296,4.711924,-3.360854,
16632843140777,GameRo,0.411988,-0.464479,0.781365,0.063198
16632873010027,pre,1003.924500,,,
16632888208027,pre,1003.927490,,,
16632863038277,Gyro,-1.110386,-1.499892,-5.005317,
16632882950777,Gyro,-0.999440,-1.549645,-5.133689,
16632863038277,Lacc,7.862928,3.057622,-2.329983,
16632863038277,GameRo,0.475406,-0.443690,0.747984,0.132850
16632882950777,Lacc,7.360347,3.079822,-2.094049,
16632882950777,GameRo,0.475848,-0.443491,0.747759,0.133198
16632903649027,pre,1003.937256,,,
16632918969027,pre,1003.937256,,,
16632902863527,Gyro,-0.829031,-1.597801,-5.107749,
16632922776527,Gyro,-0.644122,-1.665645,-5.007047,
16632935022027,pre,1003.934265,,,
16632902863527,Lacc,5.587312,1.470730,-1.070060,
16632902863527,GameRo,0.539016,-0.411007,0.706214,0.204443
16632922776527,Lacc,5.157248,1.643588,-0.746304,
16632922776527,GameRo,0.539223,-0.410863,0.706083,0.204640
16632941949027,pre,1003.929749,,,
16632957269027,pre,1003.929749,,,
16632942666527,Gyro,-0.595833,-1.676022,-4.851670,
16632962533527,Gyro,-0.813999,-1.618554,-4.643215,
16632972955027,pre,1003.937256,,,
16632942666527,Lacc,4.530750,-0.132491,-0.063392,
16632942666527,GameRo,0.597784,-0.370881,0.658643,0.267003
16632962533527,Lacc,4.681512,-0.147590,-0.640753,
16632962533527,GameRo,0.597849,-0.370866,0.658584,0.267024
16632987939027,pre,1003.931274,,,
16633003259027,pre,1003.926025,,,
16632982446277,Gyro,-1.255387,-1.536342,-4.435957,
16633002404777,Gyro,-1.703426,-1.409034,-4.260094,
16632982446277,Lacc,5.091072,-2.129647,-0.679884,
16632982446277,GameRo,0.645489,-0.333731,0.605632,0.324312
16633002404777,Lacc,5.707345,-2.723696,-1.156880,
16633002404777,GameRo,0.645461,-0.333897,0.605674,0.324118
16633018579027,pre,1003.932739,,,
16633033898027,pre,1003.934265,,,
16633049249027,pre,1003.940247,,,
16633022340277,Gyro,-1.955248,-1.251263,-4.093276,
16633042252777,Gyro,-2.001941,-1.033230,-3.814449,
16633022340277,Lacc,6.542814,-5.518839,-0.546560,
16633022340277,GameRo,0.676403,-0.307583,0.546433,0.386372
16633042252777,Lacc,6.488992,-6.618530,0.044375,
16633042252777,GameRo,0.676199,-0.307953,0.546742,0.385995
16633064569027,pre,1003.937256,,,
16633079888027,pre,1003.936523,,,
16633062173027,Gyro,-1.933298,-0.858830,-3.360557,
16633082101027,Gyro,-1.749852,-0.782871,-2.801174,
16633062173027,Lacc,5.996238,-8.745389,0.736497,
16633062173027,GameRo,0.692245,-0.285993,0.490124,0.445851
16633082101027,Lacc,4.961339,-8.822898,1.324515,
16633082101027,GameRo,0.691928,-0.286517,0.490668,0.445408
16633102868027,pre,1003.939514,,,
16633118188027,pre,1003.938782,,,
16633102021277,Gyro,-1.450406,-0.713563,-2.219575,
16633121933777,Gyro,-1.177964,-0.653966,-1.679480,
16633134576027,pre,1003.937256,,,
16633102021277,Lacc,4.302829,-9.395338,1.867049,
16633102021277,GameRo,0.697980,-0.272137,0.445229,0.490445
16633121933777,Lacc,3.007162,-8.737104,2.078932,
16633121933777,GameRo,0.697601,-0.272718,0.445901,0.490052
16633148828027,pre,1003.934998,,,
16633164178027,pre,1003.939514,,,
16633141831277,Gyro,-0.939046,-0.644654,-1.250332,
16633161713777,Gyro,-0.666471,-0.593306,-0.911110,
16633141831277,Lacc,2.263373,-9.453377,2.104382,
16633141831277,GameRo,0.700028,-0.266893,0.414698,0.516483
16633161713777,Lacc,1.471680,-9.952129,2.261565,
16633161713777,GameRo,0.699610,-0.267571,0.415483,0.516068
16633179498027,pre,1003.937988,,,
16633194726027,pre,1003.940247,,,
16633210168027,pre,1003.932007,,,
16633181626527,Gyro,-0.422231,-0.497658,-0.619911,
16633201569527,Gyro,-0.268584,-0.419704,-0.356249,
16633181626527,Lacc,0.952470,-10.701715,2.516159,
16633181626527,GameRo,0.701833,-0.267275,0.395435,0.528796
16633201569527,Lacc,0.451767,-10.922428,2.335088,
16633201569527,GameRo,0.701398,-0.268013,0.396290,0.528360
16633225488027,pre,1003.934998,,,
16633240838027,pre,1003.934998,,,
16633221497527,Gyro,-0.159102,-0.441920,-0.138482,
16633241410527,Gyro,-0.017294,-0.343745,0.159767,
16633221497527,Lacc,1.253187,-11.363432,2.121401,
16633221497527,GameRo,0.703404,-0.270522,0.386112,0.531938
16633241410527,Lacc,2.474958,-11.548473,2.202468,
16633241410527,GameRo,0.702994,-0.271251,0.386949,0.531500
16633256066027,pre,1003.932007,,,
16633271478027,pre,1003.933533,,,
16633286706027,pre,1003.940247,,,
16633261323277,Gyro,-0.113473,-0.104294,0.626563,
16633281235777,Gyro,-0.565636,0.040041,1.165460,
16633261323277,Lacc,2.915297,-10.758410,2.205396,
16633261323277,GameRo,0.703625,-0.278374,0.385073,0.528336
16633281235777,Lacc,3.163813,-9.822864,2.418260,
16633281235777,GameRo,0.703208,-0.279016,0.385864,0.527975
16633302148027,pre,1003.937256,,,
16633317468027,pre,1003.931274,,,
16633301148527,Gyro,-1.067152,0.193822,1.709678,
16633321061527,Gyro,-1.364869,0.268983,2.193102,
16633332666027,pre,1003.934265,,,
16633347985027,pre,1003.924500,,,
16633301148527,Lacc,2.978827,-9.071646,2.633764,
16633301148527,GameRo,0.689211,-0.300218,0.396670,0.526793
16633321061527,Lacc,2.863623,-9.175371,2.354297,
16633321061527,GameRo,0.688779,-0.300815,0.397419,0.526453
16633363427027,pre,1003.927490,,,
16633340974277,Gyro,-1.381364,0.158570,2.541370,
16633360886777,Gyro,-0.966317,0.048289,2.764192,
16633340974277,Lacc,3.474490,-9.058741,1.269439,
16633340974277,GameRo,0.657840,-0.339466,0.416064,0.528110
16633360886777,Lacc,5.524990,-9.891441,0.721446,
16633360886777,GameRo,0.657480,-0.340056,0.416683,0.527691
16633378747027,pre,1003.921509,,,
16633394067027,pre,1003.916260,,,
16633409387027,pre,1003.911011,,,
16633380776527,Gyro,-0.261666,0.142473,2.980496,
16633400643527,Gyro,0.539695,0.339621,3.231121,
16633380776527,Lacc,6.956867,-9.190466,0.166998,
16633380776527,GameRo,0.626866,-0.383233,0.440429,0.515939
16633400643527,Lacc,7.628040,-8.807806,-0.294914,
16633400643527,GameRo,0.626564,-0.383721,0.440897,0.515545
16633432367027,pre,1003.899780,,,
16633447839027,pre,1003.894531,,,
16633420556277,Gyro,1.437236,0.503379,3.476159,
16633440514777,Gyro,2.285424,0.600489,3.704302,
16633420556277,Lacc,7.332423,-6.848272,-0.688498,
16633420556277,GameRo,0.603230,-0.414658,0.482546,0.480958
16633440514777,Lacc,7.522673,-5.941259,-0.897457,
16633440514777,GameRo,0.603028,-0.414994,0.482820,0.480647
16633463037027,pre,1003.904236,,,
16633478357027,pre,1003.897522,,,
16633460450277,Gyro,3.050735,0.718618,3.886417,
16633480362777,Gyro,3.543338,0.915766,4.051106,
16633460450277,Lacc,7.970113,-3.667600,-1.189124,
16633460450277,GameRo,0.586195,-0.429678,0.543515,0.419932
16633480362777,Lacc,8.275060,-2.674580,-1.026084,
16633480362777,GameRo,0.586129,-0.429819,0.543588,0.419787
16633493585027,pre,1003.890747,,,
16633509027027,pre,1003.898254,,,
16633524346027,pre,1003.893005,,,
16633500275527,Gyro,3.594288,1.080322,4.130258,
16633520188527,Gyro,3.009762,1.406507,4.410947,
16633500275527,Lacc,8.212485,0.070719,-1.239959,
16633500275527,GameRo,0.567439,-0.428852,0.615066,0.340284
16633520188527,Lacc,8.092643,0.912222,-1.285206,
16633520188527,GameRo,0.567560,-0.428801,0.614953,0.340351
16633539697027,pre,1003.900513,,,
16633555017027,pre,1003.900513,,,
16633540101277,Gyro,2.018170,1.716063,4.574306,
16633560013777,Gyro,0.993587,1.784174,4.621531,
16633571283027,pre,1003.908752,,,
16633540101277,Lacc,7.118921,2.689021,-2.759796,
16633540101277,GameRo,0.530062,-0.430310,0.681670,0.263045
16633560013777,Lacc,5.271430,2.685877,-3.014168,
16633560013777,GameRo,0.530423,-0.430227,0.681375,0.263219
16633585687027,pre,1003.902771,,,
16633601007027,pre,1003.902039,,,
16633579926527,Gyro,0.154047,1.686664,4.598118,
16633599839527,Gyro,-0.379928,1.556695,4.580425,
16633579926527,Lacc,4.834236,3.697183,-3.553678,
16633579926527,GameRo,0.469855,-0.454791,0.728409,0.204502
16633599839527,Lacc,4.133935,3.212318,-3.241726,
16633599839527,GameRo,0.470340,-0.454706,0.728077,0.204759
16633616326027,pre,1003.902771,,,
16633631677027,pre,1003.913269,,,
16633646997027,pre,1003.910278,,,
16633619752277,Gyro,-0.652769,1.421672,4.513911,
16633639664777,Gyro,-0.701990,1.255387,4.350020,
16633619752277,Lacc,4.513840,4.680547,-3.637529,
16633619752277,GameRo,0.403546,-0.494796,0.753738,0.155586
16633639664777,Lacc,3.638182,4.815427,-3.878558,
16633639664777,GameRo,0.404218,-0.494709,0.753352,0.155985
16633662316027,pre,1003.905029,,,
16633677636027,pre,1003.914001,,,
16633659577527,Gyro,-0.518677,1.021390,4.088088,
16633679490527,Gyro,-0.130634,0.769967,3.721063,
16633659577527,Lacc,4.050126,6.055218,-4.248314,
16633659577527,GameRo,0.340053,-0.533874,0.766510,0.108652
16633679490527,Lacc,3.502578,5.843430,-4.226887,
16633679490527,GameRo,0.340855,-0.533835,0.766109,0.109160
16633692895027,pre,1003.913269,,,
16633708306027,pre,1003.907288,,,
16633723657027,pre,1003.921509,,,
16633699403277,Gyro,0.304235,0.599824,3.319452,
16633719315777,Gyro,0.610732,0.463736,2.882986,
16633699403277,Lacc,4.211672,6.720220,-4.315757,
16633699403277,GameRo,0.289469,-0.557300,0.775742,0.062034
16633719315777,Lacc,3.604439,6.871748,-4.263675,
16633719315777,GameRo,0.290375,-0.557283,0.775367,0.062651
16633738977027,pre,1003.916260,,,
16633754296027,pre,1003.923767,,,
16633739228277,Gyro,0.766774,0.322194,2.413131,
16633759140777,Gyro,0.772761,0.168813,1.940349,
16633770440027,pre,1003.916260,,,
16633739228277,Lacc,3.987767,7.486777,-4.427343,
16633739228277,GameRo,0.252966,-0.562603,0.786801,0.020737
16633759140777,Lacc,3.369096,7.585082,-4.179795,
16633759140777,GameRo,0.253947,-0.562592,0.786474,0.021426
16633784967027,pre,1003.916992,,,
16633807977027,pre,1003.916260,,,
16633779030527,Gyro,0.692811,0.008115,1.468099,
16633798897527,Gyro,0.563773,-0.204863,0.990129,
16633779030527,Lacc,3.421809,7.859261,-4.221208,
16633779030527,GameRo,-0.231230,0.559582,-0.795804,0.009839
16633798897527,Lacc,3.005633,8.023697,-4.021770,
16633798897527,GameRo,-0.232257,0.559551,-0.795535,0.009109
16633823297027,pre,1003.919983,,,
16633838617027,pre,1003.921509,,,
16633818810277,Gyro,0.419305,-0.480099,0.471585,
16633838768777,Gyro,0.412254,-0.704650,-0.104959,
16633818810277,Lacc,3.781266,8.169311,-3.932740,
16633818810277,GameRo,-0.226114,0.554880,-0.800106,0.028464
16633838768777,Lacc,4.340228,8.027403,-3.123087,
16633838768777,GameRo,-0.227109,0.554679,-0.799991,0.027699
16633853906027,pre,1003.914734,,,
16633869867027,pre,1003.926758,,,
16633885217027,pre,1003.917786,,,
16633858704527,Gyro,0.608604,-0.867610,-0.710104,
16633878617527,Gyro,0.890490,-1.020858,-1.352098,
16633858704527,Lacc,4.341259,7.612894,-2.086975,
16633858704527,GameRo,-0.240714,0.546361,-0.801472,0.034487
16633878617527,Lacc,4.671257,7.507832,-1.629125,
16633878617527,GameRo,-0.241582,0.545983,-0.801499,0.033750
16633899926027,pre,1003.919983,,,
16633915246027,pre,1003.907288,,,
16633898530277,Gyro,1.050257,-1.099212,-2.008991,
16633918442777,Gyro,0.983477,-1.266694,-2.682513,
16633930688027,pre,1003.921509,,,
16633898530277,Lacc,4.381958,7.329641,-2.319882,
16633898530277,GameRo,-0.273100,0.523534,-0.806626,0.026130
16633918442777,Lacc,4.554060,7.548003,-2.951269,
16633918442777,GameRo,-0.274028,0.523249,-0.806520,0.025408
16633945916027,pre,1003.922241,,,
16633961236027,pre,1003.926758,,,
16633938355527,Gyro,0.793912,-1.576916,-3.396475,
16633958268527,Gyro,0.584925,-1.890330,-4.072657,
16633938355527,Lacc,4.481469,6.901045,-3.057917,
16633938355527,GameRo,0.322898,-0.490649,0.809321,0.000520
16633958268527,Lacc,6.210538,6.716855,-2.556855,
16633958268527,GameRo,0.323722,-0.490315,0.809194,0.001178
16633976556027,pre,1003.921509,,,
16633991906027,pre,1003.916260,,,
16634007226027,pre,1003.923035,,,
16633978158527,Gyro,0.382456,-2.114482,-4.595857,
16633998025527,Gyro,0.101234,-2.213056,-4.921377,
16633978158527,Lacc,6.587787,5.579331,-1.473017,
16633978158527,GameRo,0.393577,-0.452306,0.799020,0.045643
16633998025527,Lacc,7.908012,5.650098,-1.311250,
16633998025527,GameRo,0.394206,-0.451928,0.798891,0.046209
16634022546027,pre,1003.931274,,,
16634037866027,pre,1003.929016,,,
16634017938277,Gyro,-0.328979,-2.243121,-5.078882,
16634037896777,Gyro,-0.811871,-2.226226,-5.126240,
16634017938277,Lacc,7.183444,4.407194,-1.159729,
16634017938277,GameRo,0.471687,-0.411306,0.772956,0.104296
16634037896777,Lacc,7.416636,4.339836,-1.556349,
16634037896777,GameRo,0.472163,-0.411011,0.772764,0.104724
16634053125027,pre,1003.926758,,,
16634068536027,pre,1003.926025,,,
16634083856027,pre,1003.937256,,,
16634057809277,Gyro,-1.140184,-2.201084,-5.101231,
16634077675777,Gyro,-1.191267,-2.113019,-5.035781,
16634057809277,Lacc,6.625206,2.198668,-0.600005,
16634057809277,GameRo,0.543739,-0.377275,0.729454,0.172941
16634077675777,Lacc,7.075041,1.440472,-0.142938,
16634077675777,GameRo,0.543927,-0.377106,0.729351,0.173154
16634099176027,pre,1003.934265,,,
16634114526027,pre,1003.937256,,,
16634097588277,Gyro,-1.093358,-1.897115,-4.876280,
16634117546777,Gyro,-1.076996,-1.529026,-4.600646,
16634129724027,pre,1003.937256,,,
16634097588277,Lacc,6.527757,-1.155718,0.739800,
16634097588277,GameRo,0.604373,-0.344961,0.676195,0.241859
16634117546777,Lacc,6.831391,-1.023256,0.243194,
16634117546777,GameRo,0.604377,-0.344952,0.676192,0.241870
16634145166027,pre,1003.938782,,,
16634160516027,pre,1003.940247,,,
16634137482527,Gyro,-1.329084,-1.409832,-3.891207,
16634157395527,Gyro,-1.823550,-1.069812,-3.510081,
16634137482527,Lacc,5.797056,-6.093662,1.069677,
16634137482527,GameRo,0.648214,-0.311459,0.625033,0.303555
16634157395527,Lacc,6.436533,-4.960153,0.956250,
16634157395527,GameRo,0.648032,-0.311682,0.625227,0.303314
16634175836027,pre,1003.931274,,,
16634191156027,pre,1003.936523,,,
16634206506027,pre,1003.940247,,,
16634177285527,Gyro,-1.087106,-0.954743,-3.202387,
16634197152527,Gyro,0.408929,-1.028441,-2.917573,
16634177285527,Lacc,5.207700,-6.288018,0.545923,
16634177285527,GameRo,0.670278,-0.293979,0.578389,0.360235
16634197152527,Lacc,5.168411,-5.164254,0.935781,
16634197152527,GameRo,0.670064,-0.294276,0.578670,0.359941
16634221795027,pre,1003.943237,,,
16634237146027,pre,1003.944763,,,
16634217065277,Gyro,1.131537,-1.026312,-2.542567,
16634237023777,Gyro,1.184217,-0.961661,-2.190575,
16634217065277,Lacc,4.543216,-5.704489,2.657342,
16634217065277,GameRo,0.699994,-0.258778,0.545834,0.380930
16634237023777,Lacc,3.186749,-5.529078,3.571501,
16634237023777,GameRo,0.699593,-0.259101,0.546352,0.380705
16634252374027,pre,1003.940979,,,
16634267785027,pre,1003.940979,,,
16634283136027,pre,1003.944763,,,
16634256989777,Gyro,0.830628,-0.924147,-1.945537,
16634276963277,Gyro,0.467195,-0.960463,-1.814371,
16634256989777,Lacc,2.122028,-6.283495,4.303930,
16634256989777,GameRo,0.728760,-0.223319,0.522307,0.382404
16634276963277,Lacc,1.581987,-6.474560,4.440057,
16634276963277,GameRo,0.728283,-0.223726,0.522983,0.382150
16634298425027,pre,1003.940247,,,
16634313775027,pre,1003.951538,,,
16634296876027,Gyro,0.232267,-0.883307,-1.703559,
16634316728027,Gyro,0.054142,-0.700526,-1.592347,
16634296876027,Lacc,1.876435,-7.247066,5.240230,
16634296876027,GameRo,0.748534,-0.200175,0.497890,0.389529
16634316728027,Lacc,1.799953,-7.638834,5.555962,
16634316728027,GameRo,0.748008,-0.200643,0.498693,0.389271
16634328973027,pre,1003.948486,,,
16634344415027,pre,1003.939514,,,
16634359765027,pre,1003.934998,,,
16634336610277,Gyro,0.076757,-0.485021,-1.512264,
16634356522777,Gyro,0.529585,-0.218565,-1.407438,
16634336610277,Lacc,2.033049,-9.232634,5.905069,
16634336610277,GameRo,0.760673,-0.182208,0.477015,0.400791
16634356522777,Lacc,1.904185,-10.570830,5.819382,
16634356522777,GameRo,0.760173,-0.182820,0.477912,0.400392
16634375085027,pre,1003.939514,,,
16634390405027,pre,1003.937988,,,
16634405725027,pre,1003.935730,,,
16634376412527,Gyro,1.342121,0.079019,-1.238359,
16634396279527,Gyro,2.204277,0.384451,-1.032298,
16634376412527,Lacc,2.056186,-11.630598,5.524760,
16634376412527,GameRo,0.771066,-0.158413,0.466506,0.403404
16634396279527,Lacc,2.088161,-11.387938,4.738341,
16634396279527,GameRo,0.770666,-0.159094,0.467379,0.402889
16634421075027,pre,1003.931274,,,
16634436395027,pre,1003.933533,,,
16634416192277,Gyro,2.991803,0.650375,-0.849518,
16634436150777,Gyro,3.654150,0.755866,-0.726467,
16634416192277,Lacc,2.025999,-10.974015,4.366458,
16634416192277,GameRo,0.787004,-0.119870,0.472641,0.377976
16634436150777,Lacc,2.437174,-10.504545,3.666618,
16634436150777,GameRo,0.786711,-0.120544,0.473431,0.377383
16634459375027,pre,1003.934998,,,
16634474694027,pre,1003.949280,,,
16634456063527,Gyro,4.328736,0.775820,-0.727265,
16634475930527,Gyro,4.902752,1.130207,-0.747751,
16634489923027,pre,1003.971008,,,
16634456063527,Lacc,4.656023,-10.602503,4.043119,
16634456063527,GameRo,0.806689,-0.068669,0.487984,0.326203
16634475930527,Lacc,7.632227,-10.655878,4.081690,
16634475930527,GameRo,0.806426,-0.069267,0.488715,0.325634
16634505365027,pre,1003.968018,,,
16634520684027,pre,1003.972534,,,
16634495850777,Gyro,4.836238,1.927046,-0.574016,
16634515824277,Gyro,4.164047,2.649522,-0.288405,
16634495850777,Lacc,9.057865,-9.341596,3.676570,
16634495850777,GameRo,0.823080,-0.003184,0.508010,0.253882
16634515824277,Lacc,8.082642,-8.663307,1.971771,
16634515824277,GameRo,0.822934,-0.003699,0.508544,0.253275
16634536035027,pre,1003.970276,,,
16634551355027,pre,1003.973999,,,
16634535767527,Gyro,3.428668,3.055391,-0.041239,
16634555680527,Gyro,2.799444,3.562095,0.271777,
16634566949027,pre,1003.974731,,,
16634535767527,Lacc,7.226521,-8.332344,0.058681,
16634535767527,GameRo,0.812899,0.055407,0.549072,0.186130
16634555680527,Lacc,7.708053,-8.372648,-1.239237,
16634555680527,GameRo,0.812927,0.054929,0.549306,0.185461
16634582025027,pre,1003.978516,,,
16634597345027,pre,1003.978516,,,
16634575593277,Gyro,2.263873,4.044189,0.697334,
16634595505777,Gyro,1.890064,4.357470,1.076597,
16634575593277,Lacc,7.278704,-8.349951,-3.383688,
16634575593277,GameRo,0.781242,0.092409,0.603097,0.131892
16634595505777,Lacc,7.353171,-9.105234,-4.218392,
16634595505777,GameRo,0.781446,0.091931,0.603056,0.131205
16634612664027,pre,1003.967285,,,
16634628015027,pre,1003.960510,,,
16634644403027,pre,1003.963501,,,
16634615388027,Gyro,1.658728,4.501008,1.440296,
16634635240027,Gyro,1.726838,4.360929,1.907358,
16634615388027,Lacc,6.914389,-9.585236,-6.218334,
16634615388027,GameRo,0.732725,0.107573,0.667257,0.079436
16634635240027,Lacc,6.187525,-10.338203,-6.512218,
16634635240027,GameRo,0.733110,0.107056,0.666998,0.078758
16634658654027,pre,1003.958252,,,
16634673974027,pre,1003.948486,,,
16634655122277,Gyro,1.796146,4.157263,2.414461,
16634675034777,Gyro,1.401186,3.493984,2.881390,
16634689172027,pre,1003.944763,,,
16634704492027,pre,1003.947754,,,
16634655122277,Lacc,5.049903,-8.492045,-7.335042,
16634655122277,GameRo,0.678892,0.107818,0.726061,0.017751
16634675034777,Lacc,2.831709,-7.390764,-6.253537,
16634675034777,GameRo,0.679405,0.107359,0.725662,0.017234
16634719934027,pre,1003.945496,,,
16634694978027,Gyro,0.738838,2.704329,3.238304,
16634714952027,Gyro,0.079817,2.033867,3.472567,
16634694978027,Lacc,2.812498,-5.877791,-6.102108,
16634694978027,GameRo,-0.633885,-0.088450,-0.766639,0.051299
16634714952027,Lacc,3.889724,-5.600548,-5.618459,
16634714952027,GameRo,-0.634386,-0.088087,-0.766245,0.051623
16634735253027,pre,1003.944031,,,
16634750573027,pre,1003.928284,,,
16634765863027,pre,1003.919250,,,
16634734895277,Gyro,-0.305433,1.441094,3.519526,
16634754807777,Gyro,-0.584526,0.968445,3.507819,
16634734895277,Lacc,4.938869,-4.494741,-6.828704,
16634734895277,GameRo,-0.608745,-0.042817,-0.784630,0.109326
16634754807777,Lacc,5.483254,-4.307448,-7.446408,
16634754807777,GameRo,-0.609347,-0.042583,-0.784158,0.109450
16634781243027,pre,1003.913269,,,
16634796563027,pre,1003.912537,,,
16634774743277,Gyro,-0.798967,0.694939,3.468975,
16634794701777,Gyro,-0.724205,0.507502,3.421351,
16634774743277,Lacc,6.013587,-2.808822,-8.353134,
16634774743277,GameRo,-0.597849,0.011461,-0.785906,0.157468
16634794701777,Lacc,5.687522,-2.872656,-8.738927,
16634794701777,GameRo,-0.598527,0.011597,-0.785397,0.157423
16634811883027,pre,1003.898987,,,
16634827203027,pre,1003.896729,,,
16634842553027,pre,1003.898254,,,
16634814591527,Gyro,-0.438727,0.434736,3.418690,
16634834412527,Gyro,-0.157904,0.419571,3.455805,
16634814591527,Lacc,5.429592,-0.763102,-8.864731,
16634814591527,GameRo,-0.591166,0.065168,-0.778156,0.201867
16634834412527,Lacc,4.361094,-0.079567,-8.525692,
16634834412527,GameRo,-0.591889,0.065158,-0.777671,0.201619
16634865533027,pre,1003.904236,,,
16634880731027,pre,1003.902039,,,
16634854271777,Gyro,0.104826,0.362369,3.499971,
16634874169277,Gyro,0.300112,0.290800,3.524182,
16634854271777,Lacc,4.048216,1.689764,-8.038861,
16634854271777,GameRo,-0.580905,0.109180,-0.766302,0.251815
16634874169277,Lacc,3.394057,2.097556,-7.256944,
16634874169277,GameRo,-0.581621,0.109027,-0.765916,0.251402
16634896173027,pre,1003.902039,,,
16634911492027,pre,1003.916260,,,
16634894105027,Gyro,0.414250,0.204464,3.503163,
16634914079027,Gyro,0.416378,0.129702,3.416828,
16634926721027,pre,1003.914734,,,
16634894105027,Lacc,3.658478,3.466617,-6.624387,
16634894105027,GameRo,-0.567347,0.145924,-0.750117,0.306836
16634914079027,Lacc,3.097197,3.671391,-5.915845,
16634914079027,GameRo,-0.568028,0.145627,-0.749878,0.306300
16634942163027,pre,1003.905029,,,
16634957482027,pre,1003.913269,,,
16634934022277,Gyro,0.277763,0.027271,3.278346,
16634953934777,Gyro,0.127042,-0.087000,3.070157,
16634934022277,Lacc,3.342970,4.736008,-5.766746,
16634934022277,GameRo,-0.553245,0.178180,-0.729670,0.360212
16634953934777,Lacc,2.998851,4.664831,-5.698226,
16634953934777,GameRo,-0.553961,0.177808,-0.729526,0.359588
16634972833027,pre,1003.911011,,,
16634988153027,pre,1003.923035,,,
16635003503027,pre,1003.916260,,,
16634973824527,Gyro,-0.005055,-0.235859,2.876069,
16634993691527,Gyro,-0.086734,-0.430878,2.659233,
16634973824527,Lacc,3.130394,5.501206,-5.277300,
16634973824527,GameRo,-0.543403,0.208368,-0.705517,0.404402
16634993691527,Lacc,2.474035,5.347065,-4.692066,
16634993691527,GameRo,-0.544082,0.207926,-0.705500,0.403746
16635018823027,pre,1003.922241,,,
16635034173027,pre,1003.916992,,,
16635013604277,Gyro,-0.077289,-0.587053,2.425502,
16635033562777,Gyro,-0.025940,-0.743627,2.189643,
16635013604277,Lacc,2.691364,6.001339,-4.225301,
16635013604277,GameRo,-0.539841,0.233290,-0.678337,0.440462
16635033562777,Lacc,2.014034,6.214365,-3.915167,
16635033562777,GameRo,-0.540484,0.232761,-0.678452,0.439776
16635049401027,pre,1003.916260,,,
16635064813027,pre,1003.909485,,,
16635080163027,pre,1003.916260,,,
16635053498277,Gyro,0.050152,-0.928936,1.894321,
16635073410777,Gyro,0.187836,-1.098680,1.527296,
16635053498277,Lacc,2.265927,7.024422,-3.355618,
16635053498277,GameRo,-0.540878,0.248849,-0.650729,0.471251
16635073410777,Lacc,2.364676,7.328637,-2.965254,
16635073410777,GameRo,-0.541428,0.248159,-0.651041,0.470551
16635095483027,pre,1003.916992,,,
16635110803027,pre,1003.928284,,,
16635093323527,Gyro,0.372878,-1.246208,1.081519,
16635113236527,Gyro,0.613393,-1.401319,0.539961,
16635093323527,Lacc,3.161140,7.897024,-2.846160,
16635093323527,GameRo,-0.546642,0.250372,-0.626029,0.496573
16635113236527,Lacc,3.531478,8.361858,-2.953900,
16635113236527,GameRo,-0.547191,0.249592,-0.626442,0.495839
16635126031027,pre,1003.922241,,,
16635141473027,pre,1003.916992,,,
16635156793027,pre,1003.924500,,,
16635133149277,Gyro,0.891289,-1.606049,-0.113739,
16635153061777,Gyro,1.185281,-1.860931,-0.805885,
16635133149277,Lacc,3.823810,8.682230,-2.699729,
16635133149277,GameRo,-0.556265,0.232149,-0.609457,0.515013
16635153061777,Lacc,4.313067,8.532050,-2.128004,
16635153061777,GameRo,-0.556689,0.231304,-0.609961,0.514338
16635172113027,pre,1003.922241,,,
16635187463027,pre,1003.916992,,,
16635203729027,pre,1003.926025,,,
16635172951527,Gyro,1.441892,-2.119937,-1.474218,
16635192818527,Gyro,1.685334,-2.414062,-2.099184,
16635172951527,Lacc,4.432666,8.018929,-1.607475,
16635172951527,GameRo,-0.570656,0.187006,-0.603291,0.524806
16635192818527,Lacc,5.018428,7.964000,-0.977340,
16635192818527,GameRo,-0.570905,0.186155,-0.603823,0.524225
16635225763027,pre,1003.926025,,,
16635241113027,pre,1003.926025,,,
16635212731277,Gyro,1.893390,-2.682646,-2.693554,
16635232689777,Gyro,2.025886,-2.902940,-3.252538,
16635212731277,Lacc,4.933714,7.568085,-0.516090,
16635212731277,GameRo,-0.588759,0.114947,-0.603818,0.524933
16635232689777,Lacc,6.176915,7.713550,-0.052635,
16635232689777,GameRo,-0.588864,0.114125,-0.604330,0.524404
16635256433027,pre,1003.937256,,,
16635271753027,pre,1003.932007,,,
16635252625527,Gyro,2.010321,-2.964532,-3.746472,
16635272538527,Gyro,1.490314,-2.753949,-4.037271,
16635286981027,pre,1003.920776,,,
16635252625527,Lacc,6.514511,6.760296,0.114822,
16635252625527,GameRo,-0.607314,0.019515,-0.606875,0.512340
16635272538527,Lacc,7.480616,7.302844,-1.466408,
16635272538527,GameRo,-0.607460,0.018770,-0.607240,0.511762
16635302423027,pre,1003.926758,,,
16635317742027,pre,1003.928284,,,
16635292451277,Gyro,0.290001,-2.605356,-4.217125,
16635312363777,Gyro,-1.315249,-2.587398,-4.416667,
16635292451277,Lacc,6.702030,6.854977,-3.105199,
16635292451277,GameRo,-0.624689,-0.076026,-0.613216,0.477440
16635312363777,Lacc,7.886360,7.146430,-4.805387,
16635312363777,GameRo,-0.624964,-0.076694,-0.613361,0.476788
16635333093027,pre,1003.926758,,,
16635348413027,pre,1003.932739,,,
16635332276527,Gyro,-2.896156,-2.503457,-4.608095,
16635352189527,Gyro,-4.135712,-2.296598,-4.720371,
16635332276527,Lacc,8.758243,4.902860,-4.313285,
16635363641027,pre,1003.937988,,,
16635332276527,GameRo,-0.658951,-0.138895,-0.622931,0.398057
16635352189527,Lacc,10.838812,3.186374,-3.354781,
16635352189527,GameRo,-0.659095,-0.139258,-0.622954,0.397656
16635379083027,pre,1003.942505,,,
16635394403027,pre,1003.949280,,,
16635372087027,Gyro,-4.859119,-1.939950,-4.763073,
16635391969027,Gyro,-4.941331,-1.567870,-4.846482,
16635409631027,pre,1003.951538,,,
16635372087027,Lacc,11.724295,-0.344826,-0.284672,
16635372087027,GameRo,-0.700781,-0.166279,-0.637092,0.274539
16635391969027,Lacc,11.528783,-2.124041,1.281464,
16635391969027,GameRo,-0.700706,-0.166255,-0.637165,0.274574
16635425073027,pre,1003.947754,,,
16635432733027,pre,1003.945496,,,
16635411881527,Gyro,-4.613150,-1.225854,-4.880005,
16635431824527,Gyro,-3.906372,-0.937981,-4.717045,
16635411881527,Lacc,10.233361,-5.363204,2.485587,
16635411881527,GameRo,-0.724117,-0.178050,-0.651960,0.137480
16635431824527,Lacc,8.485766,-6.260785,1.735827,
16635431824527,GameRo,-0.724063,-0.177731,-0.652023,0.137880
16635448022027,pre,1003.929749,,,
16635463372027,pre,1003.923767,,,
16635478723027,pre,1003.921509,,,
16635451752527,Gyro,-2.705527,-0.810141,-4.337516,
16635471665527,Gyro,-1.203240,-0.757462,-3.838527,
16635451752527,Lacc,7.240954,-8.813158,1.085710,
16635451752527,GameRo,-0.724989,-0.196584,-0.659857,0.018267
16635471665527,Lacc,5.929585,-8.357013,0.645471,
16635471665527,GameRo,-0.725058,-0.196091,-0.659910,0.018911
16635494043027,pre,1003.934265,,,
16635509912027,pre,1003.925232,,,
16635491578277,Gyro,0.024743,-0.709040,-3.282071,
16635511490777,Gyro,0.738439,-0.619512,-2.694485,
16635491578277,Lacc,5.364755,-8.342070,0.535574,
16635491578277,GameRo,0.718733,0.234886,0.652507,0.049859
16635511490777,Lacc,4.272033,-7.490592,0.626906,
16635511490777,GameRo,0.718849,0.234367,0.652619,0.049169
16635532373027,pre,1003.923767,,,
16635547692027,pre,1003.923035,,,
16635531403527,Gyro,0.997445,-0.460277,-2.141886,
16635551316527,Gyro,0.846857,-0.363034,-1.749985,
16635562921027,pre,1003.929749,,,
16635531403527,Lacc,3.363991,-8.095358,1.174463,
16635531403527,GameRo,0.714212,0.280700,0.636801,0.074789
16635551316527,Lacc,2.054339,-7.797054,1.226827,
16635551316527,GameRo,0.714362,0.280124,0.636979,0.073998
16635578363027,pre,1003.935730,,,
16635593682027,pre,1003.937256,,,
16635571229277,Gyro,0.289602,-0.380727,-1.498961,
16635591141777,Gyro,-0.360905,-0.377667,-1.347176,
16635571229277,Lacc,1.505134,-8.338976,1.823733,
16635571229277,GameRo,0.710153,0.313612,0.624504,0.085583
16635591141777,Lacc,1.164201,-8.911726,2.367191,
16635591141777,GameRo,0.710296,0.312950,0.624796,0.084685
16635609002027,pre,1003.932739,,,
16635624322027,pre,1003.937256,,,
16635639672027,pre,1003.941772,,,
16635611031527,Gyro,-0.870137,-0.283749,-1.185813,
16635630898527,Gyro,-1.192597,-0.206593,-0.995583,
16635611031527,Lacc,1.157894,-9.976458,2.946633,
16635611031527,GameRo,0.705706,0.325540,0.619953,0.107983
16635630898527,Lacc,0.701195,-10.547861,3.454229,
16635630898527,GameRo,0.705835,0.324788,0.620370,0.107009
16635654962027,pre,1003.937988,,,
16635670312027,pre,1003.944031,,,
16635650811277,Gyro,-1.192065,-0.187038,-0.782605,
16635670769777,Gyro,-0.722343,-0.229607,-0.518278,
16635650811277,Lacc,0.544913,-11.841980,3.577202,
16635650811277,GameRo,0.699292,0.322520,0.623273,0.136025
16635670769777,Lacc,0.525921,-13.283033,3.803496,
16635670769777,GameRo,0.699461,0.321711,0.623724,0.134999
16635685540027,pre,1003.945496,,,
16635700952027,pre,1003.939514,,,
16635716272027,pre,1003.937988,,,
16635690705527,Gyro,0.090326,-0.249295,-0.147395,
16635710618527,Gyro,0.954211,-0.267520,0.328846,
16635690705527,Lacc,1.081565,-14.295378,3.658155,
16635690705527,GameRo,0.697399,0.318680,0.623942,0.150910
16635710618527,Lacc,2.078510,-14.027796,3.168460,
16635710618527,GameRo,0.697615,0.317882,0.624355,0.149880
16635731591027,pre,1003.934998,,,
16635746911027,pre,1003.942505,,,
16635730538777,Gyro,1.682939,-0.169345,0.897674,
16635750466277,Gyro,2.010188,0.100170,1.550709,
16635730538777,Lacc,3.674757,-12.691824,2.854415,
16635730538777,GameRo,0.706174,0.323600,0.615769,0.132019
16635750466277,Lacc,5.346490,-11.048853,2.142465,
16635762139027,pre,1003.945496,,,
16635750466277,GameRo,0.706374,0.322917,0.616097,0.131089
16635777581027,pre,1003.939514,,,
16635792901027,pre,1003.939514,,,
16635770378777,Gyro,1.776059,0.495264,2.244850,
16635790276277,Gyro,1.026711,0.895812,2.922628,
16635770378777,Lacc,6.024912,-8.714950,2.324432,
16635770378777,GameRo,0.719651,0.324056,0.608613,0.081737
16635790276277,Lacc,5.908261,-7.287999,2.317473,
16635790276277,GameRo,0.719724,0.323514,0.608911,0.081007
16635808221027,pre,1003.922241,,,
16635823541027,pre,1003.925232,,,
16635838891027,pre,1003.932007,,,
16635810196777,Gyro,-0.080748,1.072207,3.513673,
16635830140277,Gyro,-1.179827,1.149762,4.034079,
16635810196777,Lacc,5.674044,-5.261462,1.799893,
16635810196777,GameRo,0.728265,0.292907,0.619037,0.025085
16635830140277,Lacc,7.124879,-5.349196,1.144065,
16635830140277,GameRo,0.728305,0.292497,0.619206,0.024526
16635854211027,pre,1003.932007,,,
16635869531027,pre,1003.910278,,,
16635850053027,Gyro,-1.900839,1.206033,4.478925,
16635869935027,Gyro,-2.029743,1.177033,4.771853,
16635850053027,Lacc,7.917579,-4.865997,0.049142,
16635850053027,GameRo,-0.734653,-0.217561,-0.642434,0.015221
16635869935027,Lacc,8.864802,-6.034809,-0.045743,
16635869935027,GameRo,-0.734703,-0.217189,-0.642490,0.015715
16635885125027,pre,1003.895996,,,
16635900048027,pre,1003.888489,,,
16635889832527,Gyro,-1.647155,1.110253,4.909404,
16635909745527,Gyro,-0.888894,0.970573,4.957959,
16635889832527,Lacc,8.988759,-5.245177,-0.603508,
16635889832527,GameRo,-0.736763,-0.120047,-0.663314,0.052769
16635909745527,Lacc,9.080123,-5.468065,-0.783361,
16635909745527,GameRo,-0.736798,-0.119767,-0.663297,0.053118
16635923089027,pre,1003.869751,,,
16635938501027,pre,1003.868286,,,
16635953820027,pre,1003.868286,,,
16635929658277,Gyro,0.206061,0.721412,4.962216,
16635949570777,Gyro,1.481534,0.502713,4.913129,
16635929658277,Lacc,9.210533,-3.070795,-1.434245,
16635929658277,GameRo,-0.732746,-0.034773,-0.670847,0.108809
16635949570777,Lacc,9.272497,-2.224679,-1.633439,
16635949570777,GameRo,-0.732793,-0.034719,-0.670789,0.108862
16635969110027,pre,1003.886230,,,
16635984460027,pre,1003.886230,,,
16635969483527,Gyro,2.685173,0.377933,4.845817,
16635989396527,Gyro,3.482677,0.367823,4.758949,
16636000665027,pre,1003.884766,,,
16635969483527,Lacc,9.290364,0.504399,-2.055413,
16635969483527,GameRo,-0.721868,0.017100,-0.663306,0.196571
16635989396527,Lacc,8.580238,1.239500,-2.217650,
16635989396527,GameRo,-0.721973,0.016914,-0.663269,0.196323
16636015100027,pre,1003.902039,,,
16636030450027,pre,1003.899780,,,
16636009309277,Gyro,3.790637,0.435800,4.647072,
16636029221777,Gyro,3.711884,0.559649,4.510187,
16636009309277,Lacc,8.157093,3.501371,-2.896149,
16636009309277,GameRo,-0.696802,0.039948,-0.646909,0.307214
16636029221777,Lacc,6.874505,3.699132,-2.642022,
16636029221777,GameRo,-0.697001,0.039565,-0.646940,0.306745
16636045648027,pre,1003.908020,,,
16636061090027,pre,1003.916992,,,
16636076409027,pre,1003.898254,,,
16636049142027,Gyro,3.384901,0.723141,4.335520,
16636069070027,Gyro,2.906931,0.904192,4.115226,
16636049142027,Lacc,6.659861,5.050563,-3.317388,
16636049142027,GameRo,-0.659274,0.057096,-0.625976,0.412616
16636069070027,Lacc,5.446789,5.171712,-3.223236,
16636069070027,GameRo,-0.659586,0.056562,-0.626088,0.412021
16636091729027,pre,1003.914734,,,
16636107049027,pre,1003.913269,,,
16636088990277,Gyro,2.297529,1.044537,3.846642,
16636108902777,Gyro,1.594875,1.156946,3.576595,
16636088990277,Lacc,5.320554,6.326205,-4.121759,
16636088990277,GameRo,-0.617368,0.081161,-0.604487,0.496855
16636108902777,Lacc,4.074257,6.446452,-4.120154,
16636108902777,GameRo,-0.617824,0.080499,-0.604671,0.496171
16636122308027,pre,1003.917786,,,
16636137719027,pre,1003.919250,,,
16636153070027,pre,1003.923767,,,
16636128815527,Gyro,0.960064,1.187941,3.293777,
16636148728527,Gyro,0.482626,1.157079,2.996592,
16636128815527,Lacc,4.187475,7.132052,-4.814466,
16636128815527,GameRo,-0.581574,0.115869,-0.584366,0.553952
16636148728527,Lacc,3.530048,6.997954,-4.873260,
16636148728527,GameRo,-0.582165,0.115156,-0.584600,0.553232
16636168267027,pre,1003.914734,,,
16636183740027,pre,1003.914001,,,
16636168641277,Gyro,0.165886,1.048395,2.693155,
16636188553777,Gyro,-0.002528,0.976560,2.339167,
16636200006027,pre,1003.914001,,,
16636168641277,Lacc,4.166287,7.604548,-4.975125,
16636168641277,GameRo,-0.556476,0.155894,-0.565135,0.588773
16636188553777,Lacc,3.330306,8.671520,-4.442419,
16636188553777,GameRo,-0.557052,0.155025,-0.565547,0.588062
16636214379027,pre,1003.919250,,,
16636229730027,pre,1003.914001,,,
16636208466527,Gyro,-0.157106,0.894481,1.912546,
16636228379527,Gyro,-0.241446,0.671393,1.409034,
16636208466527,Lacc,2.935447,9.941357,-4.627649,
16636208466527,GameRo,-0.539274,0.191077,-0.548979,0.609341
16636228379527,Lacc,1.761137,10.372092,-4.550961,
16636228379527,GameRo,-0.539863,0.190135,-0.549495,0.608648
16636252618027,pre,1003.919983,,,
16636268060027,pre,1003.912537,,,
16636248292277,Gyro,-0.260469,0.323125,0.808013,
16636268204777,Gyro,-0.181849,-0.059331,0.112143,
16636248292277,Lacc,1.939253,10.215903,-4.374507,
16636248292277,GameRo,-0.530900,0.214380,-0.539233,0.617587
16636268204777,Lacc,2.284617,9.472193,-4.030848,
16636268204777,GameRo,-0.531495,0.213454,-0.539775,0.616923
16636283288027,pre,1003.917786,,,
16636298730027,pre,1003.918518,,,
16636314050027,pre,1003.919250,,,
16636288117527,Gyro,-0.088331,-0.436199,-0.644388,
16636308030527,Gyro,-0.092455,-0.821981,-1.454131,
16636288117527,Lacc,3.176772,9.020127,-3.716272,
16636288117527,GameRo,-0.534868,0.214104,-0.537880,0.615435
16636308030527,Lacc,4.527657,8.603021,-3.711154,
16636308030527,GameRo,-0.535431,0.213213,-0.538406,0.614795
16636329370027,pre,1003.917786,,,
16636344720027,pre,1003.914001,,,
16636327943277,Gyro,-0.162028,-1.152157,-2.234075,
16636347855777,Gyro,-0.263529,-1.490713,-2.952560,
16636359948027,pre,1003.923767,,,
16636327943277,Lacc,4.867723,8.017492,-3.821387,
16636327943277,GameRo,-0.552187,0.186963,-0.547604,0.600220
16636347855777,Lacc,5.965455,7.830911,-4.106112,
16636347855777,GameRo,-0.552759,0.186134,-0.548043,0.599550
16636375390027,pre,1003.918518,,,
16636390741027,pre,1003.918518,,,
16636367768527,Gyro,-0.349598,-1.750517,-3.534425,
16636387681527,Gyro,-0.383254,-2.000743,-4.015721,
16636367768527,Lacc,5.965327,7.165715,-3.704919,
16636367768527,GameRo,-0.582602,0.137103,-0.565340,0.567598
16636387681527,Lacc,7.346928,7.022561,-3.430795,
16636387681527,GameRo,-0.583039,0.136311,-0.565727,0.566955
16636406030027,pre,1003.929749,,,
16636421380027,pre,1003.929749,,,
16636436700027,pre,1003.913269,,,
16636407571277,Gyro,-0.237189,-2.235006,-4.421191,
16636427437777,Gyro,0.102432,-2.382268,-4.777839,
16636407571277,Lacc,7.625550,5.825690,-2.733206,
16636407571277,GameRo,-0.618804,0.069555,-0.584886,0.519762
16636427437777,Lacc,9.426353,5.331878,-2.821970,
16636427437777,GameRo,-0.619106,0.068886,-0.585165,0.519176
16636452050027,pre,1003.924500,,,
16636467370027,pre,1003.919983,,,
16636447350277,Gyro,0.476906,-2.406745,-4.980973,
16636467308777,Gyro,0.638801,-2.277043,-4.976317,
16636447350277,Lacc,9.361628,3.739542,-2.507499,
16636447350277,GameRo,-0.648848,-0.016785,-0.602008,0.465082
16636467308777,Lacc,9.797814,3.937414,-3.296170,
16636467308777,GameRo,-0.649082,-0.017306,-0.602140,0.464565
16636482598027,pre,1003.929749,,,
16636498010027,pre,1003.922241,,,
16636513360027,pre,1003.921509,,,
16636487244527,Gyro,0.460410,-2.141221,-4.828523,
16636507157527,Gyro,0.056537,-2.132574,-4.623394,
16636487244527,Lacc,8.269703,2.718210,-3.529333,
16636487244527,GameRo,-0.665135,-0.110366,-0.614882,0.409066
16636507157527,Lacc,7.858597,2.919822,-3.597099,
16636507157527,GameRo,-0.665327,-0.110745,-0.614882,0.408651
16636528680027,pre,1003.929016,,,
16636544000027,pre,1003.932007,,,
16636527070277,Gyro,-0.422897,-2.146542,-4.358002,
16636546982777,Gyro,-0.902064,-2.136299,-4.030487,
16636527070277,Lacc,6.816471,1.116404,-1.706021,
16636527070277,GameRo,-0.677459,-0.188825,-0.621199,0.345696
16636546982777,Lacc,6.331327,0.971589,-0.119742,
16636546982777,GameRo,-0.677432,-0.188963,-0.621269,0.345549
16636559228027,pre,1003.934265,,,
16636582330027,pre,1003.934998,,,
16636566872527,Gyro,-1.442690,-2.033335,-3.655348,
16636586739527,Gyro,-2.047569,-1.877958,-3.265575,
16636566872527,Lacc,5.605169,-0.633377,1.567765,
16636566872527,GameRo,-0.691940,-0.244955,-0.621445,0.273902
16636586739527,Lacc,5.208012,-0.640551,1.416498,
16636598809027,pre,1003.933533,,,
16636586739527,GameRo,-0.691838,-0.244898,-0.621554,0.273965
16636612970027,pre,1003.932007,,,
16636628289027,pre,1003.931274,,,
16636606652277,Gyro,-2.633824,-1.725641,-2.985684,
16636626610777,Gyro,-2.902674,-1.537007,-2.822458,
16636606652277,Lacc,5.146701,-2.352193,1.456522,
16636606652277,GameRo,-0.707641,-0.272917,-0.621830,0.195164
16636626610777,Lacc,5.493844,-2.921755,0.828978,
16636626610777,GameRo,-0.707617,-0.272711,-0.621866,0.195423
16636643609027,pre,1003.934265,,,
16636658929027,pre,1003.931274,,,
16636674249027,pre,1003.933533,,,
16636646546527,Gyro,-2.915312,-1.285451,-2.707788,
16636666459527,Gyro,-2.935000,-1.045202,-2.610811,
16636681787027,pre,1003.926758,,,
16636646546527,Lacc,5.656016,-4.808655,0.980378,
16636646546527,GameRo,-0.719777,-0.280984,-0.625000,0.111108
16636666459527,Lacc,5.278500,-5.126657,0.885351,
16636666459527,GameRo,-0.719807,-0.280634,-0.625039,0.111577
16636697229027,pre,1003.932739,,,
16636712579027,pre,1003.936523,,,
16636686372277,Gyro,-2.967858,-0.827701,-2.519553,
16636706284777,Gyro,-2.899482,-0.628691,-2.406479,
16636686372277,Lacc,5.130980,-6.796759,1.068240,
16636686372277,GameRo,-0.722261,-0.282418,-0.630537,0.031666
16636706284777,Lacc,4.408333,-7.473444,1.387073,
16636706284777,GameRo,-0.722343,-0.281913,-0.630634,0.032346
16636727899027,pre,1003.941772,,,
16636743219027,pre,1003.932007,,,
16636726197277,Gyro,-2.667347,-0.488878,-2.234873,
16636746109777,Gyro,-2.296199,-0.445378,-1.985445,
16636758752027,pre,1003.941772,,,
16636726197277,Lacc,3.895390,-9.334717,1.621373,
16636726197277,GameRo,0.716620,0.279193,0.637775,0.041840
16636746109777,Lacc,2.911052,-9.988800,2.192793,
16636746109777,GameRo,0.716745,0.278518,0.637985,0.040973
16636773858027,pre,1003.942505,,,
16636789209027,pre,1003.937256,,,
16636766022527,Gyro,-1.823949,-0.434470,-1.677884,
16636785935527,Gyro,-1.261772,-0.436598,-1.346378,
16636766022527,Lacc,2.396319,-11.248569,2.512907,
16636766022527,GameRo,0.708467,0.276125,0.641785,0.099704
16636785935527,Lacc,1.619888,-11.409458,2.855240,
16636785935527,GameRo,0.708599,0.275340,0.642122,0.098768
16636804528027,pre,1003.934265,,,
16636819848027,pre,1003.938782,,,
16636835168027,pre,1003.932007,,,
16636805825527,Gyro,-0.677246,-0.474777,-1.000106,
16636825692527,Gyro,-0.138349,-0.498590,-0.643058,
16636805825527,Lacc,1.424771,-11.835664,2.925081,
16636805825527,GameRo,0.704274,0.276426,0.639945,0.134379
16636825692527,Lacc,1.296446,-11.892960,2.788992,
16636825692527,GameRo,0.704426,0.275608,0.640328,0.133431
16636850488027,pre,1003.942505,,,
16636865808027,pre,1003.940247,,,
16636845605277,Gyro,0.338424,-0.516149,-0.285611,
16636865563777,Gyro,0.760788,-0.467062,0.096844,
16636845605277,Lacc,1.910189,-12.377902,2.660626,
16636845605277,GameRo,0.707248,0.280706,0.632539,0.144563
16636865563777,Lacc,2.835932,-12.620682,2.492675,
16636865563777,GameRo,0.707436,0.279908,0.632901,0.143605
16636881036027,pre,1003.940247,,,
16636896447027,pre,1003.941772,,,
16636911767027,pre,1003.937988,,,
16636885499277,Gyro,1.059037,-0.283616,0.548342,
16636905411777,Gyro,1.151359,-0.063720,1.042542,
16636885499277,Lacc,3.515845,-12.110907,2.744156,
16636885499277,GameRo,0.716152,0.285763,0.622820,0.132514
16636905411777,Lacc,3.848754,-11.274961,2.782776,
16636905411777,GameRo,0.716294,0.285016,0.623192,0.131609
16636927056027,pre,1003.932007,,,
16636950067027,pre,1003.925232,,,
16636925324527,Gyro,1.116505,0.189432,1.552705,
16636945237527,Gyro,1.026977,0.405603,2.035597,
16636925324527,Lacc,3.789352,-10.043515,3.013365,
16636925324527,GameRo,0.725769,0.282974,0.618833,0.101146
16636945237527,Lacc,4.131851,-9.374329,2.580544,
16636945237527,GameRo,0.725865,0.282310,0.619158,0.100321
16636965387027,pre,1003.928284,,,
16636980706027,pre,1003.923767,,,
16636965150277,Gyro,0.992257,0.560049,2.438140,
16636985062777,Gyro,1.069679,0.763049,2.782683,
16636996545027,pre,1003.932007,,,
16636965150277,Lacc,4.893337,-8.235672,2.095446,
16636965150277,GameRo,0.733736,0.265143,0.622971,0.056896
16636985062777,Lacc,6.282360,-8.016785,1.587442,
16636985062777,GameRo,0.733810,0.264593,0.623182,0.056191
16637011346027,pre,1003.930481,,,
16637026666027,pre,1003.923767,,,
16637004975527,Gyro,1.255520,1.021789,3.095299,
16637024888527,Gyro,1.470493,1.336534,3.399934,
16637004975527,Lacc,7.028184,-6.712769,1.128317,
16637004975527,GameRo,0.738749,0.236913,0.630969,0.000825
16637024888527,Lacc,7.665310,-6.406174,0.927606,
16637024888527,GameRo,0.738779,0.236482,0.631096,0.000276
16637041986027,pre,1003.922241,,,
16637057305027,pre,1003.919250,,,
16637072656027,pre,1003.913269,,,
16637044801277,Gyro,1.633852,1.582769,3.690600,
16637064713777,Gyro,1.730962,1.745994,3.948542,
16637044801277,Lacc,7.494763,-4.586622,0.459432,
16637044801277,GameRo,-0.735656,-0.203692,-0.642084,0.071048
16637064713777,Lacc,7.834131,-4.216055,0.329726,
16637064713777,GameRo,-0.735654,-0.203412,-0.642137,0.071394
16637087976027,pre,1003.914001,,,
16637103295027,pre,1003.897522,,,
16637084626277,Gyro,1.797609,1.865720,4.184667,
16637104538777,Gyro,1.849623,1.960170,4.383277,
16637084626277,Lacc,8.084561,-2.188967,-0.428287,
16637084626277,GameRo,-0.723631,-0.164101,-0.652380,0.154369
16637104538777,Lacc,8.378020,-1.822912,-0.804461,
16637104538777,GameRo,-0.723648,-0.164015,-0.652360,0.154468
16637118554027,pre,1003.902039,,,
16637133966027,pre,1003.902039,,,
16637149835027,pre,1003.908020,,,
16637124451527,Gyro,1.751582,2.024555,4.569517,
16637144364527,Gyro,1.581572,2.024555,4.704275,
16637124451527,Lacc,8.366879,0.362826,-1.920124,
16637124451527,GameRo,-0.703204,-0.117615,-0.657616,0.243336
16637144364527,Lacc,7.804192,0.566416,-2.143810,
16637144364527,GameRo,-0.703298,-0.117740,-0.657550,0.243183
16637164636027,pre,1003.910278,,,
16637179956027,pre,1003.919250,,,
16637164277277,Gyro,1.351699,1.989303,4.766000,
16637184189777,Gyro,1.101340,1.918931,4.755357,
16637164277277,Lacc,7.703102,2.504169,-3.287183,
16637195550027,pre,1003.911743,,,
16637164277277,GameRo,-0.676584,-0.062326,-0.655532,0.329587
16637184189777,Lacc,6.800097,2.605318,-3.341345,
16637184189777,GameRo,-0.676794,-0.062648,-0.655471,0.329216
16637210626027,pre,1003.914001,,,
16637225946027,pre,1003.914001,,,
16637204125277,Gyro,0.872133,1.820889,4.674476,
16637224083777,Gyro,0.653301,1.709545,4.531737,
16637204125277,Lacc,6.643972,4.187014,-4.119218,
16637204125277,GameRo,-0.647391,-0.000577,-0.645105,0.405864
16637224083777,Lacc,5.451228,4.156075,-3.984057,
16637224083777,GameRo,-0.647724,-0.001056,-0.645099,0.405340
16637241265027,pre,1003.914734,,,
16637256616027,pre,1003.914001,,,
16637243996527,Gyro,0.470521,1.568668,4.327938,
16637263863527,Gyro,0.337226,1.404644,4.067469,
16637243996527,Lacc,5.322439,5.442071,-4.506364,
16637243996527,GameRo,-0.618244,0.062083,-0.627479,0.469244
16637263863527,Lacc,4.118062,5.435475,-4.360238,
16637279473027,pre,1003.911743,,,
16637263863527,GameRo,-0.618702,0.061489,-0.627553,0.468619
16637294793027,pre,1003.922241,,,
16637310205027,pre,1003.919250,,,
16637283753527,Gyro,0.274570,1.207630,3.729843,
16637303666527,Gyro,0.270446,1.040945,3.321580,
16637283753527,Lacc,4.444574,6.456279,-4.665762,
16637283753527,GameRo,-0.591669,0.118989,-0.605333,0.518980
16637303666527,Lacc,3.692426,6.719109,-4.512932,
16637303666527,GameRo,-0.592225,0.118293,-0.605519,0.518290
16637325524027,pre,1003.929016,,,
16637340875027,pre,1003.925232,,,
16637323579277,Gyro,0.246767,0.911376,2.863564,
16637343491777,Gyro,0.200074,0.771962,2.360851,
16637323579277,Lacc,3.855992,7.810261,-4.696582,
16637323579277,GameRo,-0.568560,0.163440,-0.583246,0.556643
16637343491777,Lacc,2.808578,8.281404,-4.582382,
16637356103027,pre,1003.929016,,,
16637343491777,GameRo,-0.569196,0.162638,-0.583554,0.555905
16637371575027,pre,1003.922241,,,
16637386865027,pre,1003.923035,,,
16637363404277,Gyro,0.117996,0.643989,1.832862,
16637383316777,Gyro,-0.027936,0.446309,1.259377,
16637363404277,Lacc,2.444325,9.200785,-4.594776,
16637363404277,GameRo,-0.550590,0.194220,-0.566814,0.581250
16637383316777,Lacc,1.525465,9.626692,-4.384451,
16637383316777,GameRo,-0.551240,0.193326,-0.567241,0.580514
16637402185027,pre,1003.924500,,,
16637417535027,pre,1003.929749,,,
16637432885027,pre,1003.926758,,,
16637403206527,Gyro,-0.178524,0.176794,0.661549,
16637423073527,Gyro,-0.278295,-0.165620,0.008381,
16637403206527,Lacc,1.741532,10.004295,-4.256473,
16637403206527,GameRo,-0.542569,0.211091,-0.557968,0.591381
16637423073527,Lacc,2.432155,9.928519,-4.131961,
16637423073527,GameRo,-0.543177,0.210164,-0.558463,0.590685
16637448205027,pre,1003.916992,,,
16637463403027,pre,1003.926025,,,
16637442986277,Gyro,-0.254749,-0.493135,-0.679109,
16637462944777,Gyro,-0.124780,-0.788458,-1.329483,
16637442986277,Lacc,3.557561,9.492376,-3.741959,
16637442986277,GameRo,-0.549161,0.209655,-0.556247,0.587416
16637462944777,Lacc,4.369320,8.907259,-3.314041,
16637462944777,GameRo,-0.549680,0.208745,-0.556757,0.586770
16637478753027,pre,1003.916260,,,
16637494165027,pre,1003.926758,,,
16637509484027,pre,1003.924500,,,
16637482888027,Gyro,-0.058798,-1.033097,-1.932234,
16637502816027,Gyro,-0.134225,-1.165726,-2.437475,
16637482888027,Lacc,4.890448,8.716407,-3.099339,
16637482888027,GameRo,-0.566028,0.184677,-0.563636,0.572557
16637502816027,Lacc,5.715535,8.771005,-3.508049,
16637502816027,GameRo,-0.566533,0.183792,-0.564098,0.571887
16637524804027,pre,1003.923767,,,
16637540124027,pre,1003.911743,,,
16637522728777,Gyro,-0.317937,-1.317112,-2.864628,
16637542626277,Gyro,-0.613925,-1.484594,-3.278612,
16637522728777,Lacc,5.662501,8.321104,-3.756375,
16637522728777,GameRo,-0.590094,0.142937,-0.577924,0.545309
16637542626277,Lacc,7.534380,8.118247,-4.240163,
16637542626277,GameRo,-0.590596,0.142118,-0.578273,0.544610
16637555352027,pre,1003.923767,,,
16637570764027,pre,1003.919250,,,
16637586084027,pre,1003.919983,,,
16637562539027,Gyro,-0.876656,-1.553902,-3.726252,
16637582467027,Gyro,-0.965385,-1.468232,-4.172428,
16637562539027,Lacc,8.570850,6.715788,-3.959868,
16637562539027,GameRo,-0.622544,0.093287,-0.593689,0.501269
16637582467027,Lacc,10.017133,5.938115,-3.974279,
16637582467027,GameRo,-0.622936,0.092599,-0.593922,0.500632
16637601403027,pre,1003.918518,,,
16637624414027,pre,1003.918518,,,
16637602357027,Gyro,-0.974165,-1.391874,-4.547035,
16637622209027,Gyro,-1.037487,-1.466502,-4.872688,
16637602357027,Lacc,8.943384,4.492599,-3.261254,
16637602357027,GameRo,-0.655394,0.036385,-0.613374,0.439213
16637622209027,Lacc,8.955734,4.278110,-3.102941,
16637622209027,GameRo,-0.655656,0.035846,-0.613507,0.438679
16637639733027,pre,1003.925232,,,
16637655053027,pre,1003.915527,,,
16637670373027,pre,1003.926025,,,
16637642121777,Gyro,-1.059170,-1.587425,-5.099634,
16637662095277,Gyro,-0.878252,-1.733091,-5.239314,
16637642121777,Lacc,7.989885,2.296209,-1.943149,
16637642121777,GameRo,-0.682605,-0.028337,-0.632961,0.364152
16637662095277,Lacc,7.939226,1.858404,-1.206321,
16637662095277,GameRo,-0.682690,-0.028654,-0.633040,0.363832
16637685601027,pre,1003.935730,,,
16637701043027,pre,1003.938782,,,
16637682038527,Gyro,-0.542622,-1.896050,-5.296383,
16637701951527,Gyro,-0.251157,-2.020698,-5.237718,
16637682038527,Lacc,7.104536,-0.280592,0.235799,
16637682038527,GameRo,-0.703806,-0.101703,-0.643766,0.282629
16637701951527,Lacc,7.162272,-0.408595,0.324184,
16637701951527,GameRo,-0.703771,-0.101780,-0.643827,0.282549
16637716241027,pre,1003.937988,,,
16637731683027,pre,1003.933533,,,
16637747003027,pre,1003.934998,,,
16637721864277,Gyro,-0.363433,-2.026285,-4.942794,
16637741776777,Gyro,-0.539695,-1.945803,-4.730614,
16637721864277,Lacc,7.007197,-2.203261,0.786932,
16637721864277,GameRo,-0.716127,-0.181715,-0.641494,0.206465
16637741776777,Lacc,6.874369,-2.952770,0.384071,
16637741776777,GameRo,-0.716105,-0.181569,-0.641505,0.206634
16637762353027,pre,1003.927490,,,
16637777673027,pre,1003.930481,,,
16637761689277,Gyro,-0.285079,-1.849890,-4.474535,
16637781601777,Gyro,0.232267,-1.746394,-4.062414,
16637794397027,pre,1003.939514,,,
16637761689277,Lacc,6.563314,-5.594396,0.765354,
16637761689277,GameRo,-0.722334,-0.248655,-0.631694,0.131782
16637781601777,Lacc,5.893177,-6.001362,0.950136,
16637781601777,GameRo,-0.722356,-0.248284,-0.631716,0.132254
16637808343027,pre,1003.940247,,,
16637823693027,pre,1003.942505,,,
16637801491527,Gyro,0.316208,-1.641301,-3.456470,
16637821358527,Gyro,-0.173070,-1.510003,-2.771775,
16637801491527,Lacc,5.610744,-6.547253,2.160202,
16637801491527,GameRo,-0.721265,-0.311697,-0.613857,0.076164
16637821358527,Lacc,5.062027,-5.357089,2.674800,
16637821358527,GameRo,-0.721231,-0.311262,-0.614051,0.076700
16637839013027,pre,1003.947754,,,
16637854333027,pre,1003.945496,,,
16637869683027,pre,1003.950745,,,
16637841271277,Gyro,-0.821582,-1.347442,-2.162905,
16637861229777,Gyro,-1.373516,-1.171047,-1.685600,
16637841271277,Lacc,4.973874,-5.899036,3.550716,
16637841271277,GameRo,-0.721288,-0.349254,-0.597295,0.031678
16637861229777,Lacc,4.393427,-6.133987,3.923758,
16637861229777,GameRo,-0.721247,-0.348726,-0.597619,0.032323
16637885217027,pre,1003.940247,,,
16637900323027,pre,1003.945496,,,
16637881165527,Gyro,-1.803197,-0.968046,-1.359947,
16637901078527,Gyro,-2.098386,-0.751343,-1.130872,
16637881165527,Lacc,4.185293,-7.702305,4.374775,
16637881165527,GameRo,0.723359,0.355709,0.591605,0.015058
16637901078527,Lacc,3.485518,-8.770391,4.574522,
16637901078527,GameRo,0.723386,0.355048,0.591990,0.014220
16637915551027,pre,1003.946289,,,
16637923303027,pre,1003.940247,,,
16637938653027,pre,1003.934998,,,
16637920991277,Gyro,-2.156253,-0.575746,-0.971106,
16637940903777,Gyro,-1.881683,-0.390837,-0.778880,
16637953851027,pre,1003.935730,,,
16637920991277,Lacc,3.211958,-10.617555,4.617913,
16637920991277,GameRo,0.722754,0.345133,0.595543,0.061958
16637940903777,Lacc,2.655015,-11.748871,4.725399,
16637940903777,GameRo,0.722867,0.344373,0.595947,0.060983
16637976953027,pre,1003.930481,,,
16637960816527,Gyro,-1.275208,-0.242244,-0.516415,
16637980729527,Gyro,-0.521603,-0.073565,-0.138615,
16637960816527,Lacc,2.604407,-13.075242,4.560360,
16637992181027,pre,1003.927490,,,
16637960816527,GameRo,0.719526,0.331966,0.602048,0.098082
16637980729527,Lacc,2.625221,-13.322467,4.626917,
16637980729527,GameRo,0.719674,0.331165,0.602473,0.097084
16638007623027,pre,1003.923767,,,
16638022943027,pre,1003.931274,,,
16638000627027,Gyro,0.147927,0.092322,0.340552,
16638020509027,Gyro,0.640930,0.267254,0.836614,
16638000627027,Lacc,2.877048,-12.576632,4.320347,
16638000627027,GameRo,0.718879,0.325922,0.604993,0.104742
16638020509027,Lacc,3.922668,-11.666473,4.254253,
16638020509027,GameRo,0.718994,0.325154,0.605429,0.103820
16638038171027,pre,1003.935730,,,
16638053613027,pre,1003.929016,,,
16638068841027,pre,1003.940979,,,
16638040398777,Gyro,0.910844,0.649576,1.400387,
16638060296277,Gyro,0.831027,0.975895,1.971078,
16638040398777,Lacc,4.094823,-10.436092,3.991125,
16638040398777,GameRo,0.722252,0.320335,0.607609,0.080927
16638060296277,Lacc,3.863749,-9.251031,3.118176,
16638060296277,GameRo,0.722356,0.319658,0.607952,0.080092
16638085229027,pre,1003.947021,,,
16638099603027,pre,1003.942505,,,
16638080224277,Gyro,0.514686,1.142446,2.433218,
16638100182777,Gyro,0.172404,1.317777,2.842146,
16638080224277,Lacc,4.142867,-7.644339,1.926153,
16638080224277,GameRo,0.723866,0.301421,0.619501,0.037167
16638100182777,Lacc,5.286452,-7.229532,1.191725,
16638100182777,GameRo,0.723984,0.300894,0.619660,0.036485
16638114831027,pre,1003.939514,,,
16638130242027,pre,1003.932007,,,
16638145562027,pre,1003.928284,,,
16638120118277,Gyro,-0.008381,1.483663,3.210634,
16638140030777,Gyro,0.041638,1.638774,3.539347,
16638120118277,Lacc,5.739595,-6.328889,0.464915,
16638120118277,GameRo,-0.723652,-0.261445,-0.638651,0.009972
16638140030777,Lacc,6.532622,-6.530877,0.508025,
16638140030777,GameRo,-0.723741,-0.260992,-0.638726,0.010539
16638160882027,pre,1003.913269,,,
16638176202027,pre,1003.912537,,,
16638159943527,Gyro,0.154579,1.784041,3.854491,
16638179856527,Gyro,0.231602,1.819027,4.139437,
16638159943527,Lacc,6.534266,-5.055314,-0.050581,
16638159943527,GameRo,-0.719072,-0.208745,-0.659615,0.065331
16638179856527,Lacc,6.793788,-4.793358,-0.058517,
16638191430027,pre,1003.902039,,,
16638179856527,GameRo,-0.719129,-0.208420,-0.659618,0.065713
16638206872027,pre,1003.914001,,,
16638222192027,pre,1003.897522,,,
16638199769277,Gyro,0.351992,1.726439,4.370773,
16638219681777,Gyro,0.560980,1.554035,4.525751,
16638199769277,Lacc,6.799546,-2.916025,-0.818827,
16638199769277,GameRo,-0.709350,-0.148891,-0.676351,0.131165
16638219681777,Lacc,6.768058,-2.642291,-0.879481,
16638219681777,GameRo,-0.709412,-0.148744,-0.676287,0.131324
16638237542027,pre,1003.894531,,,
16638252862027,pre,1003.890015,,,
16638268212027,pre,1003.884033,,,
16638239602027,Gyro,0.813866,1.317245,4.589471,
16638259530027,Gyro,1.018197,1.059968,4.573375,
16638239602027,Lacc,6.568470,-0.614514,-1.597689,
16638239602027,GameRo,-0.697323,-0.088067,-0.681344,0.204340
16638259530027,Lacc,6.136885,-0.431639,-1.808517,
16638259530027,GameRo,-0.697435,-0.088116,-0.681244,0.204270
16638283532027,pre,1003.901245,,,
16638306512027,pre,1003.899780,,,
16638279442777,Gyro,1.192597,0.856435,4.498746,
16638299340277,Gyro,1.342121,0.715026,4.351085,
16638279442777,Lacc,5.899751,1.428158,-2.602109,
16638279442777,GameRo,-0.683917,-0.034345,-0.672296,0.281239
16638299340277,Lacc,4.998526,1.529199,-2.824766,
16638299340277,GameRo,-0.684124,-0.034572,-0.672190,0.280962
16638321740027,pre,1003.911743,,,
16638337182027,pre,1003.897522,,,
16638319245527,Gyro,1.463177,0.646384,4.160190,
16638339158527,Gyro,1.544457,0.621108,3.939762,
16638319245527,Lacc,4.631216,3.068797,-3.411551,
16638319245527,GameRo,-0.667420,0.010107,-0.653901,0.356177
16638339158527,Lacc,3.548155,3.119129,-3.452300,
16638339158527,GameRo,-0.667731,0.009743,-0.653827,0.355741
16638352410027,pre,1003.906494,,,
16638367761027,pre,1003.911011,,,
16638383203027,pre,1003.908020,,,
16638359071277,Gyro,1.577182,0.605943,3.697251,
16638378983777,Gyro,1.550709,0.599159,3.449952,
16638359071277,Lacc,3.567879,4.384041,-3.966830,
16638359071277,GameRo,-0.645950,0.045603,-0.632270,0.425328
16638378983777,Lacc,2.934369,4.555726,-3.853849,
16638378983777,GameRo,-0.646352,0.045109,-0.632270,0.424769
16638398523027,pre,1003.924500,,,
16638413842027,pre,1003.924500,,,
16638398896277,Gyro,1.439365,0.599425,3.207309,
16638418808777,Gyro,1.254988,0.587186,2.934335,
16638429895027,pre,1003.919250,,,
16638398896277,Lacc,3.338553,5.690738,-4.312344,
16638398896277,GameRo,-0.621314,0.074201,-0.610640,0.485368
16638418808777,Lacc,2.907863,5.823970,-4.135792,
16638418808777,GameRo,-0.621788,0.073582,-0.610742,0.484727
16638444513027,pre,1003.922241,,,
16638459863027,pre,1003.911743,,,
16638438721527,Gyro,0.972968,0.570824,2.672802,
16638458634527,Gyro,0.606209,0.513223,2.372424,
16638438721527,Lacc,3.266556,6.762348,-4.630404,
16638438721527,GameRo,-0.597759,0.099602,-0.590498,0.532988
16638458634527,Lacc,2.708646,6.891639,-4.671856,
16638458634527,GameRo,-0.598328,0.098891,-0.590672,0.532288
16638475091027,pre,1003.923767,,,
16638490411027,pre,1003.926758,,,
16638505822027,pre,1003.932007,,,
16638478547277,Gyro,0.198611,0.407864,2.033734,
16638498459777,Gyro,-0.147661,0.258208,1.676820,
16638478547277,Lacc,2.884168,7.346466,-4.859772,
16638478547277,GameRo,-0.581594,0.124468,-0.572406,0.564453
16638498459777,Lacc,2.326958,7.118424,-4.641555,
16638498459777,GameRo,-0.582210,0.123738,-0.572629,0.563751
16638521142027,pre,1003.926758,,,
16638536492027,pre,1003.919983,,,
16638518372527,Gyro,-0.398818,0.052014,1.294098,
16638538285527,Gyro,-0.539163,-0.238120,0.846325,
16638518372527,Lacc,2.565073,7.278786,-4.412474,
16638518372527,GameRo,-0.577532,0.146626,-0.556439,0.579079
16638538285527,Lacc,2.737998,7.213782,-4.076648,
16638538285527,GameRo,-0.578107,0.145871,-0.556742,0.578405
16638551721027,pre,1003.932739,,,
16638567590027,pre,1003.926758,,,
16638582513027,pre,1003.930481,,,
16638558198277,Gyro,-0.502846,-0.556856,0.310488,
16638578110777,Gyro,-0.145666,-0.858431,-0.297850,
16638558198277,Lacc,3.811871,7.265388,-3.367614,
16638558198277,GameRo,-0.585131,0.157320,-0.543168,0.581241
16638578110777,Lacc,4.509505,6.812334,-2.700562,
16638578110777,GameRo,-0.585540,0.156538,-0.543583,0.580651
16638597833027,pre,1003.926025,,,
16638613183027,pre,1003.928284,,,
16638598023527,Gyro,0.471452,-1.150294,-0.921087,
16638617936527,Gyro,1.198318,-1.459452,-1.493108,
16638629235027,pre,1003.926758,,,
16638598023527,Lacc,4.376613,6.466536,-1.831344,
16638598023527,GameRo,-0.597525,0.142786,-0.537221,0.577901
16638617936527,Lacc,3.855170,6.203312,-1.222816,
16638617936527,GameRo,-0.597744,0.142042,-0.537686,0.577426
16638643884027,pre,1003.938782,,,
16638659234027,pre,1003.935730,,,
16638637849277,Gyro,2.041317,-1.859867,-1.998083,
16638657761777,Gyro,2.936064,-2.222767,-2.467938,
16638637849277,Lacc,2.977521,5.474900,-0.274558,
16638637849277,GameRo,-0.602901,0.092431,-0.540749,0.579273
16638657761777,Lacc,3.631937,5.424049,0.430220,
16638657761777,GameRo,-0.602883,0.091761,-0.541235,0.578944
16638674462027,pre,1003.928284,,,
16638689904027,pre,1003.934265,,,
16638677674527,Gyro,3.550521,-2.414195,-2.875138,
16638697587527,Gyro,3.639916,-2.516361,-3.243359,
16638677674527,Lacc,3.641510,5.204411,-0.232893,
16638677674527,GameRo,-0.594914,0.003285,-0.546769,0.589160
16638697587527,Lacc,4.576902,6.085080,-0.916657,
16638697587527,GameRo,-0.594966,0.002556,-0.547192,0.588719
16638712793027,pre,1003.932007,,,
16638728234027,pre,1003.934265,,,
16638743554027,pre,1003.930481,,,
16638717500277,Gyro,3.156359,-2.513567,-3.549989,
16638737412777,Gyro,2.195630,-2.508911,-3.750729,
16638717500277,Lacc,4.195874,5.528736,-1.923396,
16638717500277,GameRo,-0.576567,-0.105306,-0.553123,0.592061
16638737412777,Lacc,4.485416,6.043773,-2.622227,
16638737412777,GameRo,-0.576675,-0.106026,-0.553414,0.591554
16638758905027,pre,1003.937256,,,
16638774224027,pre,1003.934265,,,
16638757325277,Gyro,0.944766,-2.491484,-3.861408,
16638777237777,Gyro,-0.445511,-2.398232,-3.870720,
16638757325277,Lacc,3.857349,5.138822,-2.741957,
16638757325277,GameRo,-0.568237,-0.201882,-0.562415,0.565720
16638777237777,Lacc,4.482075,5.557525,-2.959407,
16638777237777,GameRo,-0.568312,-0.202515,-0.562610,0.565225
16638789788027,pre,1003.930481,,,
16638804895027,pre,1003.938782,,,
16638820214027,pre,1003.940247,,,
16638797158027,Gyro,-1.814903,-2.230483,-3.772811,
16638817086027,Gyro,-2.911188,-2.055019,-3.625948,
16638797158027,Lacc,4.260694,4.087093,-2.074362,
16638797158027,GameRo,-0.582624,-0.266487,-0.579632,0.503549
16638817086027,Lacc,4.806235,3.487871,-1.774996,
16638817086027,GameRo,-0.582648,-0.266876,-0.579728,0.503204
16638835443027,pre,1003.943237,,,
16638850854027,pre,1003.944763,,,
16638866174027,pre,1003.951538,,,
16638836983527,Gyro,-3.602003,-1.876096,-3.531232,
16638856850527,Gyro,-3.708559,-1.692384,-3.522053,
16638836983527,Lacc,5.325213,1.113591,-0.384149,
16638836983527,GameRo,-0.613189,-0.293932,-0.605487,0.413509
16638856850527,Lacc,6.475861,-0.558861,-0.020337,
16638856850527,GameRo,-0.613206,-0.293971,-0.605476,0.413471
16638881524027,pre,1003.944031,,,
16638896814027,pre,1003.946289,,,
16638876763277,Gyro,-3.360291,-1.449209,-3.508750,
16638896721777,Gyro,-2.830573,-1.157212,-3.404722,
16638876763277,Lacc,7.078395,-3.316257,1.121002,
16638876763277,GameRo,-0.639610,-0.304392,-0.631965,0.314427
16638896721777,Lacc,6.469644,-3.895220,1.134517,
16638896721777,GameRo,-0.639641,-0.304171,-0.631921,0.314668
16638912042027,pre,1003.946289,,,
16638927484027,pre,1003.950012,,,
16638942804027,pre,1003.945496,,,
16638916657527,Gyro,-2.163171,-1.009551,-3.277947,
16638936570527,Gyro,-1.304607,-1.004895,-3.123634,
16638916657527,Lacc,4.862288,-5.542857,1.630657,
16638916657527,GameRo,-0.648610,-0.318136,-0.652622,0.228428
16638936570527,Lacc,3.737699,-5.727528,2.082206,
16638936570527,GameRo,-0.648653,-0.317707,-0.652622,0.228903
16638958123027,pre,1003.949280,,,
16638973474027,pre,1003.953003,,,
16638956483277,Gyro,-0.475310,-0.945032,-2.844807,
16638976395777,Gyro,0.167083,-0.845128,-2.497205,
16638956483277,Lacc,3.261832,-6.761284,2.815191,
16638956483277,GameRo,-0.646380,-0.344569,-0.660196,0.166153
16638976395777,Lacc,2.321201,-6.415112,2.965856,
16638976395777,GameRo,-0.646416,-0.344018,-0.660296,0.166756
16638988702027,pre,1003.945496,,,
16639004113027,pre,1003.950012,,,
16639019464027,pre,1003.952271,,,
16638996308527,Gyro,0.638269,-0.747751,-2.159047,
16639016221527,Gyro,0.967115,-0.675517,-1.878358,
16638996308527,Lacc,1.653092,-7.170405,3.431616,
16638996308527,GameRo,-0.639140,-0.380177,-0.655492,0.131516
16639016221527,Lacc,0.900937,-7.158911,3.514969,
16639016221527,GameRo,-0.639197,-0.379527,-0.655667,0.132238
16639034692027,pre,1003.958252,,,
16639050012027,pre,1003.952271,,,
16639036103777,Gyro,1.108258,-0.613127,-1.641567,
16639055955277,Gyro,1.118368,-0.506571,-1.451071,
16639036103777,Lacc,0.874834,-7.725281,4.112343,
16639036103777,GameRo,-0.630849,-0.416611,-0.644222,0.115943
16639055955277,Lacc,0.917476,-7.932946,4.590504,
16639055955277,GameRo,-0.630902,-0.415897,-0.644487,0.116742
16639073083027,pre,1003.958984,,,
16639088433027,pre,1003.957520,,,
16639103753027,pre,1003.951538,,,
16639075867777,Gyro,1.029771,-0.284414,-1.227052,
16639095841277,Gyro,0.931596,-0.019156,-0.972037,
16639075867777,Lacc,1.143485,-8.813587,5.329007,
16639075867777,GameRo,-0.622413,-0.448116,-0.632361,0.109149
16639095841277,Lacc,1.022463,-9.282551,5.279005,
16639095841277,GameRo,-0.622513,-0.447353,-0.632647,0.110047
16639119073027,pre,1003.952271,,,
16639134423027,pre,1003.963501,,,
16639115784527,Gyro,0.898073,0.232267,-0.695338,
16639135697527,Gyro,1.037487,0.446975,-0.424227,
16639115784527,Lacc,1.099304,-9.843592,4.966730,
16639115784527,GameRo,-0.611984,-0.470078,-0.626335,0.110485
16639135697527,Lacc,1.118093,-10.271723,4.273339,
16639135697527,GameRo,-0.612211,-0.469338,-0.626496,0.111452
16639149652027,pre,1003.947021,,,
16639165094027,pre,1003.953003,,,
16639172753027,pre,1003.952271,,,
16639155610277,Gyro,1.543260,0.560980,-0.212579,
16639175522777,Gyro,2.318149,0.560980,-0.082477,
16639155610277,Lacc,1.564705,-10.969982,3.574546,
16639155610277,GameRo,-0.600471,-0.486013,-0.622644,0.124662
16639175522777,Lacc,3.323347,-11.475964,3.152764,
16639175522777,GameRo,-0.600798,-0.485338,-0.622661,0.125627
16639187982027,pre,1003.956787,,,
16639203424027,pre,1003.956787,,,
16639218743027,pre,1003.963501,,,
16639195435527,Gyro,3.104212,0.686691,0.003326,
16639215348527,Gyro,3.555177,1.202441,0.244107,
16639195435527,Lacc,6.328739,-11.560462,3.105245,
16639195435527,GameRo,-0.586586,-0.513003,-0.606135,0.159200
16639215348527,Lacc,8.617743,-10.902311,2.420301,
16639215348527,GameRo,-0.586891,-0.512437,-0.606096,0.160047
16639233941027,pre,1003.966492,,,
16639249383027,pre,1003.963501,,,
16639264703027,pre,1003.961243,,,
16639235238527,Gyro,3.458998,1.861596,0.615122,
16639255105527,Gyro,2.971716,2.269194,0.960596,
16639235238527,Lacc,8.490283,-8.963778,1.537886,
16639235238527,GameRo,-0.562296,-0.546069,-0.581601,0.217652
16639255105527,Lacc,7.471161,-8.317046,0.610200,
16639255105527,GameRo,-0.562612,-0.545639,-0.581438,0.218348
16639280023027,pre,1003.973267,,,
16639295343027,pre,1003.975525,,,
16639275018277,Gyro,2.717632,2.436411,1.203905,
16639294976777,Gyro,2.763128,2.615600,1.403979,
16639275018277,Lacc,6.926227,-8.215780,-0.324500,
16639275018277,GameRo,-0.532782,-0.557291,-0.568149,0.287711
16639294976777,Lacc,7.762940,-8.730438,-0.646477,
16639294976777,GameRo,-0.533154,-0.556920,-0.567857,0.288314
16639310662027,pre,1003.976257,,,
16639326013027,pre,1003.960510,,,
16639341333027,pre,1003.950012,,,
16639314912277,Gyro,2.802637,2.950564,1.629196,
16639334824777,Gyro,2.816605,3.311337,1.866252,
16639314912277,Lacc,8.077420,-8.283533,-1.975187,
16639314912277,GameRo,-0.501893,-0.555556,-0.554997,0.362546
16639334824777,Lacc,8.263970,-8.496738,-3.007353,
16639334824777,GameRo,-0.502335,-0.555306,-0.554577,0.362959
16639364312027,pre,1003.939514,,,
16639379663027,pre,1003.934998,,,
16639354737527,Gyro,2.865692,3.643508,2.167960,
16639374650527,Gyro,3.063771,3.810724,2.503191,
16639354737527,Lacc,7.502545,-7.596146,-5.380482,
16639354737527,GameRo,-0.464497,-0.540886,-0.539956,0.447362
16639374650527,Lacc,6.088573,-7.153441,-6.438709,
16639374650527,GameRo,-0.465068,-0.540857,-0.539399,0.447477
16639394982027,pre,1003.940247,,,
16639410333027,pre,1003.940247,,,
16639394563277,Gyro,3.376122,3.693527,2.766320,
16639414475777,Gyro,3.534691,3.375456,2.941785,
16639426385027,pre,1003.940247,,,
16639394563277,Lacc,4.486177,-5.317305,-7.966752,
16639394563277,GameRo,-0.421698,-0.513975,-0.515180,0.540915
16639414475777,Lacc,3.594499,-4.354426,-7.089558,
16639414475777,GameRo,-0.422292,-0.514160,-0.514669,0.540763
16639441003027,pre,1003.940247,,,
16639456323027,pre,1003.941772,,,
16639434365527,Gyro,3.251873,3.064170,3.039294,
16639454232527,Gyro,2.514764,2.778027,3.118845,
16639434365527,Lacc,3.882550,-2.959498,-7.049760,
16639434365527,GameRo,-0.378048,-0.486345,-0.471695,0.630913
16639454232527,Lacc,4.336417,-2.917583,-6.160808,
16639454232527,GameRo,-0.378560,-0.486620,-0.471335,0.630664
16639471643027,pre,1003.946289,,,
16639486871027,pre,1003.940247,,,
16639502282027,pre,1003.929016,,,
16639474145277,Gyro,1.546319,2.458094,3.173120,
16639494103777,Gyro,0.500452,2.119671,3.217419,
16639474145277,Lacc,5.391541,-2.342885,-6.890644,
16639474145277,GameRo,-0.351151,-0.450121,-0.426386,0.701626
16639494103777,Lacc,5.786603,-2.342781,-7.118095,
16639494103777,GameRo,-0.351664,-0.450538,-0.426114,0.701267
16639517633027,pre,1003.929016,,,
16639532952027,pre,1003.922241,,,
16639514039277,Gyro,-0.502580,1.813706,3.264245,
16639533951777,Gyro,-1.165460,1.537539,3.282470,
16639514039277,Lacc,6.247223,-0.985100,-8.407746,
16639514039277,GameRo,-0.356297,-0.401769,-0.390107,0.747965
16639533951777,Lacc,5.449993,-0.657071,-8.810512,
16639533951777,GameRo,-0.356819,-0.402389,-0.389946,0.747466
16639548181027,pre,1003.919983,,,
16639563623027,pre,1003.905762,,,
16639578942027,pre,1003.918518,,,
16639553864527,Gyro,-1.522773,1.279066,3.229524,
16639573777527,Gyro,-1.667242,1.051455,3.151038,
16639553864527,Lacc,5.096292,1.428035,-9.316090,
16639553864527,GameRo,-0.388566,-0.347038,-0.360275,0.773811
16639573777527,Lacc,3.955352,1.753503,-8.919065,
16639573777527,GameRo,-0.389040,-0.347809,-0.360274,0.773227
16639594293027,pre,1003.916260,,,
16639609613027,pre,1003.904236,,,
16639593690277,Gyro,-1.605384,0.820651,3.039161,
16639613602777,Gyro,-1.422071,0.626297,2.896023,
16639593690277,Lacc,3.831337,3.014348,-8.390722,
16639624993027,pre,1003.910278,,,
16639593690277,GameRo,-0.428330,-0.295545,-0.330501,0.787373
16639613602777,Lacc,3.211407,2.781713,-7.871834,
16639613602777,GameRo,-0.428769,-0.296331,-0.330616,0.786790
16639640283027,pre,1003.904236,,,
16639655603027,pre,1003.906494,,,
16639633492527,Gyro,-1.235433,0.452695,2.735724,
16639653359527,Gyro,-1.096684,0.274038,2.575425,
16639633492527,Lacc,3.172032,3.684147,-7.383540,
16639633492527,GameRo,-0.463366,-0.252966,-0.298528,0.795098
16639653359527,Lacc,2.366238,3.612856,-7.014196,
16639653359527,GameRo,-0.463788,-0.253756,-0.298736,0.794522
16639670922027,pre,1003.904236,,,
16639686151027,pre,1003.926758,,,
16639701593027,pre,1003.919250,,,
16639673249277,Gyro,-1.025647,0.075028,2.430690,
16639693161777,Gyro,-0.970440,-0.186239,2.316951,
16639716790027,pre,1003.915527,,,
16639673249277,Lacc,2.296782,4.554082,-6.369184,
16639673249277,GameRo,-0.492043,-0.219957,-0.266007,0.799220
16639693161777,Lacc,1.634998,4.705576,-5.708364,
16639693161777,GameRo,-0.492362,-0.220763,-0.266342,0.798690
16639732202027,pre,1003.922241,,,
16639713097277,Gyro,-0.896610,-0.427020,2.225960,
16639733055777,Gyro,-0.730990,-0.679242,2.133772,
16639713097277,Lacc,1.670709,5.487300,-4.765027,
16639713097277,GameRo,-0.518441,-0.196691,-0.232013,0.799188
16639733055777,Lacc,1.076275,5.508881,-4.056609,
16639733055777,GameRo,-0.518574,-0.197469,-0.232472,0.798777
16639755181027,pre,1003.925232,,,
16639770532027,pre,1003.926025,,,
16639752991527,Gyro,-0.441653,-0.970174,1.969349,
16639772904527,Gyro,0.008913,-1.233969,1.722981,
16639752991527,Lacc,1.524534,5.987241,-3.124265,
16639752991527,GameRo,-0.540870,-0.183937,-0.194525,0.797362
16639772904527,Lacc,1.744895,5.887743,-2.647353,
16639772904527,GameRo,-0.540809,-0.184676,-0.195085,0.797096
16639785760027,pre,1003.929749,,,
16639801171027,pre,1003.929749,,,
16639816522027,pre,1003.927490,,,
16639792817277,Gyro,0.647980,-1.488186,1.374314,
16639812729777,Gyro,1.274809,-1.634650,0.923614,
16639792817277,Lacc,2.393892,6.269754,-1.833010,
16639792817277,GameRo,-0.550305,-0.186962,-0.154862,0.798891
16639812729777,Lacc,2.973784,6.623639,-2.081679,
16639812729777,GameRo,-0.550126,-0.187755,-0.155537,0.798697
16639831842027,pre,1003.929749,,,
16639847192027,pre,1003.926758,,,
16639863427027,pre,1003.923767,,,
16639832619527,Gyro,1.674558,-1.711806,0.421566,
16639852486527,Gyro,1.940216,-1.920261,-0.146730,
16639832619527,Lacc,3.392251,7.149248,-3.080605,
16639832619527,GameRo,-0.537226,-0.208611,-0.119089,0.808510
16639852486527,Lacc,3.652879,7.232750,-3.449578,
16639852486527,GameRo,-0.537133,-0.209520,-0.119810,0.808229
16639877832027,pre,1003.923035,,,
16639893151027,pre,1003.929749,,,
16639872399277,Gyro,2.188845,-2.217313,-0.781008,
16639892357777,Gyro,2.356195,-2.422975,-1.390011,
16639872399277,Lacc,4.190918,6.868068,-3.103477,
16639872399277,GameRo,-0.508288,-0.247841,-0.094584,0.819312
16639892357777,Lacc,5.032485,6.846466,-2.309510,
16639892357777,GameRo,-0.508022,-0.248664,-0.095286,0.819146
16639908471027,pre,1003.930481,,,
16639923822027,pre,1003.934998,,,
16639939141027,pre,1003.937988,,,
16639912293527,Gyro,2.341029,-2.694884,-1.987041,
16639932206527,Gyro,2.170887,-3.031312,-2.586466,
16639912293527,Lacc,5.171885,6.699385,-2.105253,
16639912293527,GameRo,-0.465309,-0.307661,-0.082680,0.825831
16639932206527,Lacc,6.966400,7.145547,-1.764612,
16639932206527,GameRo,-0.464935,-0.308426,-0.083365,0.825687
16639954461027,pre,1003.940979,,,
16639969812027,pre,1003.937256,,,
16639952119277,Gyro,1.811045,-3.140130,-3.095166,
16639972031777,Gyro,1.148565,-3.162212,-3.472301,
16639952119277,Lacc,7.289529,6.492581,-1.622478,
16639952119277,GameRo,-0.416211,-0.385061,-0.085726,0.819236
16639972031777,Lacc,7.399980,6.818571,-1.824854,
16639972031777,GameRo,-0.415824,-0.385728,-0.086347,0.819054
16639985040027,pre,1003.940247,,,
16640000451027,pre,1003.945496,,,
16640015802027,pre,1003.944031,,,
16639991944527,Gyro,0.198079,-3.236309,-3.753256,
16640011857527,Gyro,-0.992257,-3.209437,-3.917546,
16639991944527,Lacc,6.362514,5.984215,-1.299021,
16639991944527,GameRo,-0.374224,-0.466672,-0.109155,0.793889
16640011857527,Lacc,7.308742,6.116440,-1.783290,
16640011857527,GameRo,-0.373868,-0.467201,-0.109690,0.793671
16640030999027,pre,1003.941772,,,
16640046441027,pre,1003.943237,,,
16640031755027,Gyro,-2.263341,-2.984620,-3.940693,
16640051637027,Gyro,-3.329030,-2.662692,-3.919142,
16640062890027,pre,1003.937988,,,
16640031755027,Lacc,7.115567,4.673363,-1.337380,
16640031755027,GameRo,-0.358726,-0.541914,-0.158199,0.743383
16640051637027,Lacc,7.359479,4.074055,-2.353815,
16640051637027,GameRo,-0.358516,-0.542300,-0.158560,0.743126
16640077081027,pre,1003.945496,,,
16640100091027,pre,1003.945496,,,
16640071526777,Gyro,-3.942822,-2.381204,-3.931248,
16640091424277,Gyro,-3.891473,-2.103308,-3.942555,
16640071526777,Lacc,7.170457,1.701045,-1.357296,
16640071526777,GameRo,-0.371359,-0.595107,-0.233259,0.673446
16640091424277,Lacc,7.810479,0.241938,-0.533218,
16640091424277,GameRo,-0.371292,-0.595193,-0.233364,0.673371
16640115411027,pre,1003.937988,,,
16640130761027,pre,1003.945496,,,
16640111352277,Gyro,-3.376388,-1.696641,-3.824826,
16640131310777,Gyro,-2.985019,-1.220001,-3.552517,
16640111352277,Lacc,7.723262,-2.267480,1.663203,
16640111352277,GameRo,-0.383456,-0.629888,-0.314541,0.597718
16640131310777,Lacc,6.663007,-2.375316,2.077157,
16640131310777,GameRo,-0.383466,-0.629704,-0.314504,0.597924
16640145990027,pre,1003.940247,,,
16640161431027,pre,1003.937988,,,
16640176751027,pre,1003.937988,,,
16640151246277,Gyro,-2.643269,-0.917495,-3.286593,
16640171158777,Gyro,-1.964294,-0.837412,-3.066432,
16640151246277,Lacc,5.200512,-4.185836,1.690078,
16640151246277,GameRo,-0.380170,-0.649619,-0.382935,0.535562
16640171158777,Lacc,4.260033,-4.635686,1.113260,
16640171158777,GameRo,-0.380371,-0.649382,-0.382683,0.535887
16640192071027,pre,1003.933533,,,
16640207391027,pre,1003.925232,,,
16640191079027,Gyro,-1.149895,-0.835284,-2.888706,
16640211007027,Gyro,-0.587319,-0.739237,-2.693554,
16640191079027,Lacc,4.316212,-5.885979,1.474748,
16640191079027,GameRo,-0.367108,-0.664771,-0.432296,0.486242
16640211007027,Lacc,4.291956,-5.592689,1.815291,
16640222619027,pre,1003.944763,,,
16640211007027,GameRo,-0.367370,-0.664461,-0.432024,0.486710
16640238061027,pre,1003.940247,,,
16640253381027,pre,1003.934998,,,
16640230927527,Gyro,-0.368621,-0.616852,-2.486030,
16640250840527,Gyro,-0.326584,-0.494865,-2.289414,
16640230927527,Lacc,3.942688,-6.582959,2.320081,
16640230927527,GameRo,-0.343629,-0.684888,-0.459164,0.449461
16640250840527,Lacc,2.882785,-6.852917,2.552231,
16640250840527,GameRo,-0.343983,-0.684502,-0.458852,0.450098
16640268701027,pre,1003.940247,,,
16640284967027,pre,1003.940247,,,
16640299371027,pre,1003.943237,,,
16640270722777,Gyro,-0.376736,-0.405071,-2.073909,
16640290574277,Gyro,-0.496993,-0.342681,-1.791357,
16640270722777,Lacc,1.973526,-7.876884,2.991185,
16640270722777,GameRo,-0.320448,-0.700317,-0.479466,0.420691
16640290574277,Lacc,0.972443,-7.844243,3.245059,
16640290574277,GameRo,-0.320885,-0.699860,-0.479138,0.421491
16640314691027,pre,1003.945496,,,
16640330041027,pre,1003.944763,,,
16640310487027,Gyro,-0.670196,-0.279093,-1.443222,
16640330461027,Gyro,-0.795375,-0.240515,-1.111716,
16640345239027,pre,1003.933533,,,
16640310487027,Lacc,0.616026,-8.347411,3.383452,
16640310487027,GameRo,-0.304016,-0.708133,-0.498210,0.397378
16640330461027,Lacc,0.297670,-8.501279,3.389173,
16640330461027,GameRo,-0.304514,-0.707656,-0.497878,0.398261
16640360681027,pre,1003.930481,,,
16640376001027,pre,1003.943237,,,
16640350404277,Gyro,-0.735646,-0.184244,-0.829963,
16640370316777,Gyro,-0.488479,-0.097244,-0.558851,
16640350404277,Lacc,0.515228,-9.527935,3.263929,
16640350404277,GameRo,-0.298056,-0.707606,-0.515726,0.380110
16640370316777,Lacc,0.581471,-10.384895,3.123659,
16640370316777,GameRo,-0.298654,-0.707147,-0.515314,0.381052
16640391320027,pre,1003.940247,,,
16640406640027,pre,1003.937988,,,
16640390229277,Gyro,-0.099904,-0.015165,-0.264726,
16640410141777,Gyro,0.357846,0.059198,0.080482,
16640390229277,Lacc,0.961787,-11.310837,2.782248,
16640390229277,GameRo,-0.296178,-0.705789,-0.524867,0.372365
16640410141777,Lacc,1.504914,-11.612005,2.469984,
16640410141777,GameRo,-0.296831,-0.705379,-0.524388,0.373294
16640421899027,pre,1003.932007,,,
16640437280027,pre,1003.933533,,,
16640452630027,pre,1003.941772,,,
16640430054527,Gyro,0.822380,0.142872,0.476906,
16640449967527,Gyro,1.128345,0.263662,0.943037,
16640430054527,Lacc,2.308125,-11.278439,2.178727,
16640430054527,GameRo,-0.295389,-0.707920,-0.518009,0.378498
16640449967527,Lacc,3.316347,-10.353708,1.800994,
16640449967527,GameRo,-0.295991,-0.707566,-0.517543,0.379327
16640467950027,pre,1003.941772,,,
16640483300027,pre,1003.943237,,,
16640498620027,pre,1003.948486,,,
16640469849777,Gyro,1.177033,0.413718,1.447878,
16640489701277,Gyro,1.014074,0.584792,1.944739,
16640469849777,Lacc,3.958903,-8.921703,1.613779,
16640469849777,GameRo,-0.298832,-0.710738,-0.495185,0.400428
16640489701277,Lacc,4.426480,-8.321544,1.710442,
16640489701277,GameRo,-0.299323,-0.710410,-0.494786,0.401137
16640513909027,pre,1003.948486,,,
16640529260027,pre,1003.937988,,,
16640509614027,Gyro,0.707710,0.757196,2.407676,
16640529588027,Gyro,0.309823,0.850183,2.823390,
16640509614027,Lacc,3.746663,-7.204940,1.944572,
16640509614027,GameRo,-0.313558,-0.702682,-0.467641,0.435006
16640529588027,Lacc,3.399460,-6.852064,1.904355,
16640529588027,GameRo,-0.313958,-0.702350,-0.467294,0.435627
16640544488027,pre,1003.933533,,,
16640559899027,pre,1003.924500,,,
16640575250027,pre,1003.913269,,,
16640549531277,Gyro,-0.122120,0.861490,3.189217,
16640569443777,Gyro,-0.387378,0.762251,3.448356,
16640549531277,Lacc,3.456066,-5.490091,1.053692,
16640549531277,GameRo,-0.343379,-0.678232,-0.442675,0.475533
16640569443777,Lacc,5.004946,-5.744087,0.373651,
16640569443777,GameRo,-0.343713,-0.678001,-0.442331,0.475941
16640590570027,pre,1003.911011,,,
16640605889027,pre,1003.905029,,,
16640589356527,Gyro,-0.239983,0.685760,3.577526,
16640609269527,Gyro,0.322194,0.796706,3.641912,
16640589356527,Lacc,7.041785,-5.157767,-0.477272,
16640589356527,GameRo,-0.386507,-0.642072,-0.418308,0.513200
16640609269527,Lacc,8.981543,-5.616179,-0.958135,
16640609269527,GameRo,-0.386773,-0.641908,-0.418006,0.513450
16640621087027,pre,1003.903503,,,
16640636529027,pre,1003.906494,,,
16640651849027,pre,1003.899780,,,
16640629182277,Gyro,1.136060,0.996248,3.665325,
16640649094777,Gyro,2.012184,1.144707,3.662132,
16640629182277,Lacc,9.432769,-4.116401,-1.587467,
16640629182277,GameRo,-0.421797,-0.606696,-0.381104,0.555668
16640649094777,Lacc,9.094236,-3.535751,-1.630950,
16640649094777,GameRo,-0.421954,-0.606633,-0.380922,0.555742
16640667169027,pre,1003.890015,,,
16640682489027,pre,1003.898987,,,
16640697839027,pre,1003.913269,,,
16640668984527,Gyro,2.923161,1.207763,3.600274,
16640688851527,Gyro,3.379979,1.315515,3.725320,
16640668984527,Lacc,8.451715,-1.529945,-2.332474,
16640668984527,GameRo,-0.432713,-0.576587,-0.324084,0.612598
16640688851527,Lacc,7.958529,-0.623769,-2.043816,
16640688851527,GameRo,-0.432750,-0.576677,-0.324077,0.612491
16640713159027,pre,1003.917786,,,
16640728479027,pre,1003.916992,,,
16640708764277,Gyro,3.507420,1.415553,3.837064,
16640728722777,Gyro,3.385566,1.516654,3.921670,
16640708764277,Lacc,7.392329,1.256066,-3.012479,
16640708764277,GameRo,-0.423059,-0.547823,-0.249520,0.677238
16640728722777,Lacc,6.357136,1.864674,-3.224119,
16640728722777,GameRo,-0.423028,-0.548125,-0.249682,0.676953
16640743737027,pre,1003.916992,,,
16640759149027,pre,1003.915527,,,
16640774469027,pre,1003.919250,,,
16640748658277,Gyro,3.037166,1.563480,3.988982,
16640768570777,Gyro,2.542434,1.576384,4.030753,
16640748658277,Lacc,5.892211,3.549475,-4.342275,
16640748658277,GameRo,-0.410603,-0.508710,-0.171521,0.737021
16640768570777,Lacc,5.047819,3.703903,-4.120610,
16640768570777,GameRo,-0.410518,-0.509219,-0.171846,0.736641
16640797479027,pre,1003.916992,,,
16640812799027,pre,1003.927490,,,
16640788483527,Gyro,2.003138,1.568535,4.001753,
16640808396527,Gyro,1.528094,1.550975,3.911560,
16640788483527,Lacc,5.079310,4.761183,-4.583817,
16640788483527,GameRo,-0.407102,-0.460136,-0.099727,0.782686
16640808396527,Lacc,3.999109,4.584930,-4.105556,
16640808396527,GameRo,-0.406965,-0.460772,-0.100167,0.782326
16640828118027,pre,1003.923767,,,
16640843438027,pre,1003.919250,,,
16640828309277,Gyro,1.069679,1.512131,3.791967,
16640848221777,Gyro,0.659953,1.418479,3.627944,
16640859521027,pre,1003.919250,,,
16640828309277,Lacc,3.995899,5.488068,-4.720909,
16640828309277,GameRo,-0.414764,-0.407159,-0.038297,0.812850
16640848221777,Lacc,3.004902,5.403794,-4.685006,
16640848221777,GameRo,-0.414632,-0.407945,-0.038830,0.812498
16640874078027,pre,1003.923767,,,
16640889398027,pre,1003.916260,,,
16640868134527,Gyro,0.378199,1.287845,3.403126,
16640888047527,Gyro,0.188102,1.204304,3.121905,
16640868134527,Lacc,3.439188,6.184923,-5.163238,
16640868134527,GameRo,-0.431082,-0.355579,0.012738,0.829198
16640888047527,Lacc,2.830188,6.351570,-5.285159,
16640888047527,GameRo,-0.430965,-0.356504,0.012110,0.828871
16640904596027,pre,1003.915527,,,
16640920007027,pre,1003.918518,,,
16640935327027,pre,1003.916260,,,
16640907960277,Gyro,0.017427,1.091629,2.744637,
16640927872777,Gyro,-0.216437,1.147900,2.293671,
16640907960277,Lacc,3.372124,7.826612,-5.227233,
16640907960277,GameRo,-0.449197,-0.310680,0.053491,0.835966
16640927872777,Lacc,2.307572,8.914087,-5.321057,
16640927872777,GameRo,-0.448916,-0.311744,0.052701,0.835771
16640950647027,pre,1003.921509,,,
16640965966027,pre,1003.916260,,,
16640947785527,Gyro,-0.517347,1.093624,1.794151,
16640967698527,Gyro,-0.885302,0.872798,1.216409,
16640947785527,Lacc,1.679945,10.018116,-5.707967,
16640947785527,GameRo,-0.467271,-0.273859,0.077953,0.837008
16640967698527,Lacc,0.889530,10.124145,-5.699161,
16640967698527,GameRo,-0.467022,-0.274965,0.077137,0.836860
16640981195027,pre,1003.919250,,,
16640996606027,pre,1003.921509,,,
16641011834027,pre,1003.915527,,,
16640987611277,Gyro,-1.220533,0.550337,0.552865,
16641007523777,Gyro,-1.417149,0.115069,-0.160033,
16640987611277,Lacc,1.609659,9.791868,-5.469736,
16640987611277,GameRo,-0.489392,-0.252306,0.082978,0.830633
16641007523777,Lacc,2.963945,8.742407,-5.288438,
16641007523777,GameRo,-0.489253,-0.253408,0.082169,0.830460
16641027246027,pre,1003.908752,,,
16641042565027,pre,1003.926758,,,
16641027436277,Gyro,-1.494704,-0.245304,-0.952082,
16641047348777,Gyro,-1.451337,-0.473314,-1.798275,
16641059198027,pre,1003.916992,,,
16641027436277,Lacc,5.036444,8.418623,-4.514117,
16641027436277,GameRo,-0.511527,-0.257151,0.069692,0.816919
16641047348777,Lacc,6.235579,8.144551,-4.277837,
16641047348777,GameRo,-0.511312,-0.258165,0.068880,0.816803
16641073236027,pre,1003.918518,,,
16641088433027,pre,1003.919983,,,
16641067238527,Gyro,-1.285983,-0.741898,-2.577953,
16641087105527,Gyro,-1.016734,-1.010881,-3.223139,
16641067238527,Lacc,6.218818,7.635943,-3.445156,
16641067238527,GameRo,-0.523725,-0.287813,0.035798,0.800996
16641087105527,Lacc,7.145131,7.298203,-2.977889,
16641087105527,GameRo,-0.523450,-0.288703,0.035015,0.800890
16641103814027,pre,1003.918518,,,
16641126825027,pre,1003.914001,,,
16641107018277,Gyro,-0.718219,-1.188340,-3.671444,
16641126976777,Gyro,-0.487681,-1.446681,-4.057359,
16641107018277,Lacc,6.679430,6.518819,-2.256936,
16641107018277,GameRo,-0.518442,-0.339473,-0.012506,0.784742
16641126976777,Lacc,7.904611,6.458372,-2.637625,
16641126976777,GameRo,-0.518166,-0.340249,-0.013223,0.784576
16641142053027,pre,1003.919250,,,
16641157464027,pre,1003.917786,,,
16641172815027,pre,1003.923035,,,
16641146912527,Gyro,-0.325786,-1.680412,-4.417865,
16641166825527,Gyro,-0.174533,-1.725109,-4.676206,
16641146912527,Lacc,8.695677,5.491454,-3.131577,
16641146912527,GameRo,-0.496198,-0.404535,-0.065700,0.765390
16641166825527,Lacc,10.482762,5.446563,-3.981522,
16641166825527,GameRo,-0.495992,-0.405232,-0.066305,0.765103
16641188134027,pre,1003.928284,,,
16641203454027,pre,1003.920776,,,
16641186738277,Gyro,0.002927,-1.664581,-4.821738,
16641206650777,Gyro,0.164024,-1.674159,-4.877610,
16641186738277,Lacc,9.774524,3.879250,-3.764034,
16641186738277,GameRo,-0.460306,-0.476058,-0.121882,0.739346
16641206650777,Lacc,9.579608,3.596484,-3.548150,
16641206650777,GameRo,-0.460139,-0.476567,-0.122307,0.739052
16641218682027,pre,1003.924500,,,
16641234124027,pre,1003.928284,,,
16641249444027,pre,1003.937256,,,
16641226571027,Gyro,0.301309,-1.803463,-4.812959,
16641246499027,Gyro,0.468658,-1.931569,-4.606366,
16641226571027,Lacc,8.276460,1.583223,-2.004659,
16641226571027,GameRo,-0.413047,-0.544137,-0.176378,0.708660
16641246499027,Lacc,7.484335,1.452001,-0.427825,
16641246499027,GameRo,-0.412882,-0.544327,-0.176627,0.708548
16641264764027,pre,1003.934998,,,
16641280114027,pre,1003.940247,,,
16641295434027,pre,1003.940247,,,
16641266389027,Gyro,0.651439,-2.033468,-4.297474,
16641286241027,Gyro,0.674320,-2.005266,-3.902780,
16641266389027,Lacc,5.893582,-0.125814,1.582483,
16641266389027,GameRo,-0.361205,-0.608343,-0.219369,0.671809
16641286241027,Lacc,5.140281,0.338720,1.860461,
16641286241027,GameRo,-0.361071,-0.608277,-0.219516,0.671892
16641310754027,pre,1003.935730,,,
16641326104027,pre,1003.917786,,,
16641306146277,Gyro,0.299047,-1.811976,-3.428135,
16641326104777,Gyro,-0.439924,-1.616026,-3.090111,
16641306146277,Lacc,4.177871,-0.521539,1.924719,
16641306146277,GameRo,-0.312926,-0.662866,-0.248321,0.633264
16641326104777,Lacc,3.319730,-0.243429,0.937769,
16641326104777,GameRo,-0.312894,-0.662785,-0.248358,0.633349
16641341333027,pre,1003.921509,,,
16641356744027,pre,1003.929016,,,
16641372094027,pre,1003.937988,,,
16641346040277,Gyro,-1.114377,-1.463709,-2.903472,
16641365952777,Gyro,-1.781247,-1.268290,-2.788802,
16641346040277,Lacc,3.267812,-1.402360,0.758575,
16641346040277,GameRo,-0.285278,-0.698084,-0.282775,0.592734
16641365952777,Lacc,3.490585,-1.528217,0.417229,
16641365952777,GameRo,-0.285359,-0.697985,-0.282674,0.592860
16641387414027,pre,1003.917786,,,
16641402734027,pre,1003.922241,,,
16641385865277,Gyro,-2.562920,-1.022587,-2.677191,
16641405777777,Gyro,-3.419622,-0.705980,-2.540306,
16641418450027,pre,1003.924500,,,
16641385865277,Lacc,3.923824,-3.066103,0.795728,
16641385865277,GameRo,-0.274776,-0.716154,-0.333120,0.548319
16641405777777,Lacc,4.109628,-3.604940,0.585627,
16641405777777,GameRo,-0.274991,-0.715989,-0.332865,0.548581
16641433374027,pre,1003.932007,,,
16641425690527,Gyro,-4.269272,-0.403607,-2.382534,
16641445603527,Gyro,-4.929624,-0.087266,-2.184854,
16641457727027,pre,1003.922241,,,
16641425690527,Lacc,4.537870,-5.733745,-0.074655,
16641425690527,GameRo,-0.280465,-0.711411,-0.404640,0.501498
16641445603527,Lacc,4.514442,-7.013711,-0.312246,
16641445603527,GameRo,-0.280894,-0.711237,-0.404149,0.501900
16641471704027,pre,1003.929016,,,
16641486901027,pre,1003.942505,,,
16641465516277,Gyro,-5.193286,0.179721,-1.874367,
16641485428777,Gyro,-5.078749,0.287075,-1.521044,
16641465516277,Lacc,3.689147,-9.449759,-0.271401,
16641465516277,GameRo,-0.298896,-0.679967,-0.492300,0.453813
16641485428777,Lacc,2.282730,-10.671186,0.680922,
16641485428777,GameRo,-0.299544,-0.679647,-0.491718,0.454496
16641502221027,pre,1003.929749,,,
16641517663027,pre,1003.925232,,,
16641533013027,pre,1003.919983,,,
16641505364277,Gyro,-4.661439,0.268983,-1.160538,
16641525322777,Gyro,-4.034079,0.195684,-0.813334,
16641505364277,Lacc,1.789101,-11.568851,0.169522,
16641505364277,GameRo,-0.321125,-0.632369,-0.572049,0.412006
16641525322777,Lacc,1.348344,-11.357388,0.076555,
16641525322777,GameRo,-0.321865,-0.631988,-0.571514,0.412753
16641548333027,pre,1003.918518,,,
16641563684027,pre,1003.898987,,,
16641545235527,Gyro,-3.044083,0.066248,-0.541026,
16641565102527,Gyro,-1.736549,-0.156042,-0.322327,
16641545235527,Lacc,0.962303,-11.881817,-1.011193,
16641545235527,GameRo,-0.342011,-0.587939,-0.626803,0.380098
16641565102527,Lacc,0.640581,-12.605485,-1.503448,
16641565102527,GameRo,-0.342856,-0.587554,-0.626243,0.380853
16641578912027,pre,1003.899780,,,
16641594323027,pre,1003.901245,,,
16641609674027,pre,1003.906494,,,
16641584992527,Gyro,-0.400282,-0.430213,-0.103363,
16641604905527,Gyro,0.730058,-0.664476,0.172937,
16641584992527,Lacc,1.213015,-13.484747,-2.213654,
16641584992527,GameRo,-0.354735,-0.569544,-0.645794,0.364326
16641604905527,Lacc,2.324140,-13.524783,-2.052771,
16641604905527,GameRo,-0.355583,-0.569155,-0.645250,0.365068
16641624993027,pre,1003.902771,,,
16641640313027,pre,1003.905029,,,
16641624826027,Gyro,1.587824,-0.762650,0.541026,
16641644754027,Gyro,2.168226,-0.743893,0.984408,
16641656030027,pre,1003.911011,,,
16641624826027,Lacc,2.958071,-12.839375,-1.177671,
16641624826027,GameRo,-0.361430,-0.582181,-0.629480,0.366318
16641644754027,Lacc,3.016066,-11.684235,-0.651298,
16641644754027,GameRo,-0.362169,-0.581764,-0.629014,0.367049
16641663293027,pre,1003.914734,,,
16641678613027,pre,1003.909485,,,
16641693963027,pre,1003.908752,,,
16641664643777,Gyro,2.458493,-0.655563,1.464108,
16641684495277,Gyro,2.471397,-0.570159,1.906959,
16641664643777,Lacc,2.646927,-10.125269,0.420079,
16641664643777,GameRo,-0.367466,-0.606106,-0.589628,0.387225
16641684495277,Lacc,2.772145,-9.124983,0.385986,
16641684495277,GameRo,-0.368059,-0.605711,-0.589227,0.387890
16641709283027,pre,1003.906494,,,
16641724603027,pre,1003.898987,,,
16641704407777,Gyro,2.436943,-0.518544,2.236203,
16641724381277,Gyro,2.621586,-0.336162,2.461952,
16641704407777,Lacc,3.685985,-8.083861,0.686594,
16641704407777,GameRo,-0.378654,-0.623463,-0.538852,0.421370
16641724381277,Lacc,5.409382,-8.243082,0.296152,
16641724381277,GameRo,-0.379135,-0.623139,-0.538463,0.421915
16641739831027,pre,1003.901245,,,
16641755273027,pre,1003.903503,,,
16641770593027,pre,1003.904236,,,
16641744294027,Gyro,3.075744,-0.016495,2.623182,
16641764146027,Gyro,3.614109,0.407598,2.778160,
16641744294027,Lacc,6.426329,-7.300835,0.324323,
16641744294027,GameRo,-0.390415,-0.633542,-0.480478,0.464050
16641764146027,Lacc,7.090380,-7.001289,-0.149225,
16641764146027,GameRo,-0.390785,-0.633288,-0.480121,0.464454
16641785913027,pre,1003.906494,,,
16641801232027,pre,1003.905029,,,
16641784058777,Gyro,4.015854,0.842999,2.942716,
16641804032277,Gyro,4.238144,1.224923,3.106873,
16641784058777,Lacc,7.062810,-5.002666,-0.663382,
16641784058777,GameRo,-0.387007,-0.639280,-0.409957,0.522956
16641804032277,Lacc,7.343795,-4.090715,-1.169342,
16641804032277,GameRo,-0.387237,-0.639163,-0.409702,0.523127
16641824212027,pre,1003.905762,,,
16641839563027,pre,1003.913269,,,
16641823975527,Gyro,4.343369,1.605783,3.251607,
16641843888527,Gyro,4.238942,1.968684,3.388094,
16641855676027,pre,1003.902771,,,
16641823975527,Lacc,7.390965,-1.753157,-1.882259,
16641823975527,GameRo,-0.370386,-0.632917,-0.330208,0.594300
16641843888527,Lacc,7.233525,-0.913073,-1.912568,
16641843888527,GameRo,-0.370463,-0.632960,-0.330132,0.594250
16641870202027,pre,1003.907288,,,
16641885430027,pre,1003.913269,,,
16641863801277,Gyro,3.835069,2.257754,3.532696,
16641883713777,Gyro,3.176180,2.410603,3.691265,
16641863801277,Lacc,6.989393,1.003852,-2.761189,
16641863801277,GameRo,-0.348302,-0.608126,-0.249439,0.668318
16641883713777,Lacc,6.767682,1.218234,-2.492795,
16641883713777,GameRo,-0.348269,-0.608327,-0.249522,0.668121
16641900842027,pre,1003.922241,,,
16641916192027,pre,1003.922241,,,
16641931512027,pre,1003.917786,,,
16641903626527,Gyro,2.376814,2.508113,3.878037,
16641923539527,Gyro,1.558957,2.545228,4.058423,
16641903626527,Lacc,6.904441,2.466880,-3.478381,
16641903626527,GameRo,-0.337686,-0.563019,-0.177727,0.733069
16641923539527,Lacc,6.398005,2.389962,-3.464712,
16641923539527,GameRo,-0.337602,-0.563397,-0.177925,0.732770
16641946832027,pre,1003.912537,,,
16641962182027,pre,1003.911011,,,
16641943467527,Gyro,0.777816,2.494810,4.217125,
16641963410527,Gyro,0.090725,2.378011,4.294149,
16641943467527,Lacc,6.479781,3.734437,-4.646673,
16641943467527,GameRo,-0.350603,-0.502419,-0.117886,0.781509
16641963410527,Lacc,5.618510,3.686600,-4.789442,
16641963410527,GameRo,-0.350495,-0.503014,-0.118209,0.781125
16641977410027,pre,1003.919250,,,
16641992761027,pre,1003.902039,,,
16642008172027,pre,1003.919250,,,
16641983323277,Gyro,-0.441653,2.199754,4.307851,
16642003205777,Gyro,-0.766774,1.987308,4.225373,
16641983323277,Lacc,5.669205,5.026497,-5.558622,
16641983323277,GameRo,-0.385367,-0.434902,-0.066909,0.811095
16642003205777,Lacc,4.500047,4.789646,-5.403269,
16642003205777,GameRo,-0.385259,-0.435673,-0.067353,0.810696
16642023523027,pre,1003.914001,,,
16642038842027,pre,1003.912537,,,
16642023103277,Gyro,-0.867876,1.771004,4.054565,
16642043015777,Gyro,-0.789123,1.541796,3.782655,
16642054254027,pre,1003.911011,,,
16642023103277,Lacc,4.567289,5.829001,-5.563527,
16642023103277,GameRo,-0.429718,-0.369675,-0.021428,0.823544
16642043015777,Lacc,3.333566,5.674727,-5.383950,
16642043015777,GameRo,-0.429638,-0.370559,-0.021973,0.823173
16642069726027,pre,1003.906494,,,
16642085229027,pre,1003.905029,,,
16642062905527,Gyro,-0.574149,1.282391,3.403259,
16642082772527,Gyro,-0.222423,0.985739,2.898816,
16642062905527,Lacc,3.771270,6.565351,-5.564367,
16642062905527,GameRo,-0.467851,-0.312889,0.020121,0.826324
16642082772527,Lacc,3.531751,6.685908,-5.392564,
16642082772527,GameRo,-0.467784,-0.313869,0.019469,0.826005
16642100152027,pre,1003.902039,,,
16642115472027,pre,1003.919250,,,
16642130822027,pre,1003.906494,,,
16642102685277,Gyro,0.128505,0.780742,2.317483,
16642122643777,Gyro,0.352525,0.613393,1.715265,
16642102685277,Lacc,4.563046,7.706146,-5.305533,
16642102685277,GameRo,-0.488381,-0.271660,0.055214,0.827427
16642122643777,Lacc,3.876994,8.110946,-5.034632,
16642122643777,GameRo,-0.488224,-0.272715,0.054451,0.827224
16642153833027,pre,1003.911011,,,
16642169152027,pre,1003.916992,,,
16642142579277,Gyro,0.462273,0.363433,1.047198,
16642162491777,Gyro,0.400149,0.039376,0.319001,
16642142579277,Lacc,3.733552,8.704972,-4.792696,
16642142579277,GameRo,-0.491386,-0.247256,0.077278,0.831524
16642162491777,Lacc,3.732990,9.399304,-4.485149,
16642162491777,GameRo,-0.491069,-0.248329,0.076457,0.831468
16642184472027,pre,1003.908020,,,
16642199792027,pre,1003.916992,,,
16642182404527,Gyro,0.208987,-0.298648,-0.405071,
16642202317527,Gyro,-0.008248,-0.679375,-1.078592,
16642182404527,Lacc,4.183229,9.414437,-4.453310,
16642182404527,GameRo,-0.485608,-0.245786,0.081874,0.834908
16642202317527,Lacc,4.487714,8.983674,-4.440261,
16642202317527,GameRo,-0.485292,-0.246850,0.081071,0.834856
16642215020027,pre,1003.919250,,,
16642230432027,pre,1003.915527,,,
16642245782027,pre,1003.911011,,,
16642222230277,Gyro,-0.194354,-1.113845,-1.689857,
16642242142777,Gyro,-0.347070,-1.445351,-2.222368,
16642222230277,Lacc,4.830528,8.394547,-3.952009,
16642222230277,GameRo,-0.478443,-0.270433,0.068399,0.832635
16642242142777,Lacc,5.650414,8.261803,-3.313478,
16642242142777,GameRo,-0.478045,-0.271391,0.067628,0.832614
16642261102027,pre,1003.916992,,,
16642276452027,pre,1003.915527,,,
16642291650027,pre,1003.916260,,,
16642262032527,Gyro,-0.497658,-1.700499,-2.673999,
16642281899527,Gyro,-0.560847,-1.752779,-3.114322,
16642262032527,Lacc,6.189312,7.877029,-2.605915,
16642262032527,GameRo,-0.468735,-0.318100,0.041456,0.823031
16642281899527,Lacc,8.197764,7.690064,-3.216014,
16642281899527,GameRo,-0.468363,-0.318993,0.040717,0.822934
16642306970027,pre,1003.916992,,,
16642322412027,pre,1003.905029,,,
16642301812277,Gyro,-0.497791,-1.659127,-3.546131,
16642321770777,Gyro,-0.468924,-1.561751,-3.900252,
16642301812277,Lacc,8.532154,6.927797,-4.047772,
16642301812277,GameRo,-0.454483,-0.377258,0.001399,0.806919
16642321770777,Lacc,8.845762,6.759775,-5.022292,
16642321770777,GameRo,-0.454246,-0.378128,0.000744,0.806647
16642337640027,pre,1003.918518,,,
16642353082027,pre,1003.916992,,,
16642368402027,pre,1003.914001,,,
16642341706277,Gyro,-0.619379,-1.472755,-4.215263,
16642361618777,Gyro,-0.961527,-1.391075,-4.474801,
16642341706277,Lacc,7.963972,5.441483,-4.676803,
16642341706277,GameRo,-0.430490,-0.438071,-0.052482,0.787412
16642361618777,Lacc,8.294474,4.980518,-4.024590,
16642361618777,GameRo,-0.430269,-0.438750,-0.052998,0.787120
16642383752027,pre,1003.922241,,,
16642399072027,pre,1003.927490,,,
16642381531527,Gyro,-1.469030,-1.353029,-4.610889,
16642401444527,Gyro,-2.036395,-1.371254,-4.653591,
16642381531527,Lacc,6.970510,3.221999,-2.260240,
16642381531527,GameRo,-0.405953,-0.496074,-0.120169,0.758072
16642401444527,Lacc,6.606193,3.020813,-1.278021,
16642401444527,GameRo,-0.405728,-0.496442,-0.120526,0.757894
16642414300027,pre,1003.927490,,,
16642429742027,pre,1003.929749,,,
16642445092027,pre,1003.926758,,,
16642421357277,Gyro,-2.575824,-1.393337,-4.665164,
16642441269777,Gyro,-2.969188,-1.397727,-4.646673,
16642421357277,Lacc,5.362865,1.312934,-0.107082,
16642421357277,GameRo,-0.391781,-0.546874,-0.199808,0.712399
16642441269777,Lacc,5.353595,0.964870,-0.556459,
16642441269777,GameRo,-0.391671,-0.547040,-0.199969,0.712288
16642460321027,pre,1003.921509,,,
16642475732027,pre,1003.919983,,,
16642461159527,Gyro,-3.201722,-1.352364,-4.601976,
16642481026527,Gyro,-3.335415,-1.288112,-4.576302,
16642492334027,pre,1003.923767,,,
16642461159527,Lacc,5.376044,-0.800862,-0.535343,
16642461159527,GameRo,-0.386426,-0.587436,-0.286122,0.650944
16642481026527,Lacc,6.511455,-0.761093,-1.277491,
16642481026527,GameRo,-0.386448,-0.587521,-0.286100,0.650864
16642514032027,pre,1003.921509,,,
16642529382027,pre,1003.927490,,,
16642500916527,Gyro,-3.332355,-1.129143,-4.574173,
16642520829527,Gyro,-3.145185,-0.852178,-4.556880,
16642500916527,Lacc,7.710480,-2.978816,-1.162693,
16642500916527,GameRo,-0.380888,-0.616197,-0.372129,0.580297
16642520829527,Lacc,8.221387,-4.129092,-1.497129,
16642520829527,GameRo,-0.381090,-0.616140,-0.371881,0.580384
16642544702027,pre,1003.919250,,,
16642560022027,pre,1003.923767,,,
16642540765277,Gyro,-2.743573,-0.583195,-4.448462,
16642560723777,Gyro,-2.189244,-0.478635,-4.078377,
16642540765277,Lacc,7.804448,-7.609336,-1.340053,
16642540765277,GameRo,-0.365540,-0.633431,-0.453295,0.509578
16642560723777,Lacc,6.350049,-9.042400,-0.888979,
16642560723777,GameRo,-0.366013,-0.633196,-0.452803,0.509967
16642575250027,pre,1003.919983,,,
16642590661027,pre,1003.924500,,,
16642606012027,pre,1003.928284,,,
16642580659277,Gyro,-1.566939,-0.494998,-3.481613,
16642600571777,Gyro,-1.040280,-0.439525,-2.772839,
16642580659277,Lacc,5.525819,-10.859289,-0.046889,
16642580659277,GameRo,-0.340350,-0.645186,-0.515046,0.450138
16642600571777,Lacc,4.346269,-9.466333,0.922057,
16642600571777,GameRo,-0.340907,-0.644822,-0.514609,0.450739
16642621331027,pre,1003.932739,,,
16642636651027,pre,1003.935730,,,
16642620484527,Gyro,-0.783802,-0.363699,-2.086680,
16642640397527,Gyro,-0.651572,-0.406800,-1.526764,
16642652307027,pre,1003.922241,,,
16642620484527,Lacc,3.313123,-9.095100,1.398477,
16642620484527,GameRo,-0.319606,-0.655192,-0.548116,0.410054
16642640397527,Lacc,1.940667,-9.002787,1.448421,
16642640397527,GameRo,-0.320214,-0.654775,-0.547730,0.410760
16642667291027,pre,1003.932739,,,
16642682641027,pre,1003.926758,,,
16642660295027,Gyro,-0.691214,-0.478901,-1.118900,
16642680177027,Gyro,-0.918160,-0.458681,-0.838742,
16642660295027,Lacc,1.605351,-9.872623,1.495219,
16642660295027,GameRo,-0.310982,-0.659697,-0.565243,0.385475
16642680177027,Lacc,1.679118,-10.981691,1.288619,
16642680177027,GameRo,-0.311697,-0.659267,-0.564803,0.386277
16642697961027,pre,1003.921509,,,
16642713281027,pre,1003.926758,,,
16642728631027,pre,1003.922241,,,
16642700066777,Gyro,-0.997312,-0.423429,-0.648379,
16642719964277,Gyro,-0.789123,-0.413718,-0.452828,
16642700066777,Lacc,2.190813,-12.664025,0.810392,
16642700066777,GameRo,-0.313647,-0.657093,-0.579521,0.366073
16642719964277,Lacc,2.931942,-14.163401,0.547958,
16642719964277,GameRo,-0.314447,-0.656692,-0.579011,0.366913
16642743951027,pre,1003.923767,,,
16642759271027,pre,1003.914734,,,
16642739892277,Gyro,-0.206859,-0.296254,-0.086601,
16642759850777,Gyro,0.412919,-0.164689,0.463470,
16642739892277,Lacc,3.541862,-14.765962,0.630637,
16642739892277,GameRo,-0.319732,-0.653128,-0.588698,0.353029
16642759850777,Lacc,3.375373,-13.417160,0.663221,
16642759850777,GameRo,-0.320512,-0.652715,-0.588229,0.353867
16642774499027,pre,1003.905762,,,
16642789910027,pre,1003.922241,,,
16642805230027,pre,1003.920776,,,
16642779786277,Gyro,0.898738,-0.112542,1.094955,
16642799698777,Gyro,1.368727,-0.030197,1.736949,
16642779786277,Lacc,3.179418,-11.811765,1.304553,
16642779786277,GameRo,-0.326629,-0.655297,-0.577461,0.361162
16642799698777,Lacc,2.503686,-10.939240,1.730380,
16642799698777,GameRo,-0.327309,-0.654830,-0.577091,0.361985
16642820550027,pre,1003.934265,,,
16642835900027,pre,1003.915527,,,
16642819619027,Gyro,1.680412,-0.056005,2.233144,
16642839547027,Gyro,1.807587,-0.008514,2.565315,
16642819619027,Lacc,2.526221,-9.265355,1.809133,
16642819619027,GameRo,-0.341107,-0.658434,-0.545132,0.391078
16642851098027,pre,1003.925232,,,
16642839547027,Lacc,4.313863,-8.795423,1.527190,
16642839547027,GameRo,-0.341650,-0.658035,-0.544787,0.391755
16642866510027,pre,1003.923767,,,
16642881829027,pre,1003.915527,,,
16642859459777,Gyro,1.986775,0.205528,2.822990,
16642879357277,Gyro,2.260813,0.483158,3.038629,
16642859459777,Lacc,5.416838,-7.847226,1.427163,
16642859459777,GameRo,-0.360960,-0.658542,-0.499245,0.432186
16642879357277,Lacc,6.537784,-7.907677,0.972929,
16642879357277,GameRo,-0.361401,-0.658209,-0.498898,0.432725
16642904809027,pre,1003.913269,,,
16642912469027,pre,1003.919983,,,
16642927789027,pre,1003.908020,,,
16642899262527,Gyro,2.588462,0.820119,3.217286,
16642919175527,Gyro,2.868353,1.120629,3.383837,
16642899262527,Lacc,6.921881,-6.310000,0.404055,
16642899262527,GameRo,-0.375955,-0.652283,-0.444744,0.485168
16642919175527,Lacc,7.472998,-5.521055,-0.306131,
16642919175527,GameRo,-0.376261,-0.652075,-0.444446,0.485483
16642943109027,pre,1003.898254,,,
16642958429027,pre,1003.898254,,,
16642939088277,Gyro,3.110331,1.391874,3.540012,
16642959000777,Gyro,3.257327,1.670701,3.696187,
16642939088277,Lacc,7.814422,-3.247070,-1.080819,
16642973657027,pre,1003.902771,,,
16642939088277,GameRo,-0.380990,-0.638272,-0.380768,0.549973
16642959000777,Lacc,8.039863,-2.421712,-1.322657,
16642959000777,GameRo,-0.381135,-0.638216,-0.380609,0.550049
16642989068027,pre,1003.890015,,,
16643004388027,pre,1003.898987,,,
16642978913527,Gyro,3.260520,1.914940,3.779463,
16642998826527,Gyro,3.070822,2.122198,3.943220,
16642978913527,Lacc,7.883767,-0.202482,-2.071733,
16642978913527,GameRo,-0.377915,-0.612938,-0.309549,0.621021
16642998826527,Lacc,7.711370,0.167669,-1.942779,
16642998826527,GameRo,-0.377923,-0.613041,-0.309552,0.620913
16643019708027,pre,1003.902771,,,
16643035058027,pre,1003.897522,,,
16643018746777,Gyro,2.535650,2.248708,4.066537,
16643038674277,Gyro,1.981321,2.294603,4.124671,
16643051477027,pre,1003.904236,,,
16643018746777,Lacc,7.353034,1.670412,-2.960399,
16643018746777,GameRo,-0.373343,-0.572763,-0.238292,0.689764
16643038674277,Lacc,6.791767,1.593030,-2.948433,
16643038674277,GameRo,-0.373294,-0.573045,-0.238408,0.689517
16643065698027,pre,1003.908020,,,
16643080987027,pre,1003.904236,,,
16643058594527,Gyro,1.488053,2.287685,4.145024,
16643078507527,Gyro,1.046266,2.218776,4.139703,
16643058594527,Lacc,6.506531,2.942657,-3.943810,
16643058594527,GameRo,-0.380831,-0.517787,-0.175376,0.745726
16643078507527,Lacc,5.232314,2.919796,-3.770366,
16643078507527,GameRo,-0.380742,-0.518260,-0.175613,0.745387
16643096307027,pre,1003.916992,,,
16643111627027,pre,1003.905029,,,
16643126977027,pre,1003.908752,,,
16643098389777,Gyro,0.666205,2.085349,4.101258,
16643118241277,Gyro,0.402144,1.926248,4.012395,
16643098389777,Lacc,4.810690,4.197671,-4.457696,
16643098389777,GameRo,-0.398754,-0.456166,-0.119892,0.786470
16643118241277,Lacc,3.421353,4.105159,-4.260963,
16643118241277,GameRo,-0.398646,-0.456812,-0.120241,0.786095
16643142266027,pre,1003.904236,,,
16643157586027,pre,1003.914001,,,
16643138154027,Gyro,0.240249,1.716728,3.847307,
16643158128027,Gyro,0.165221,1.517851,3.615173,
16643138154027,Lacc,3.576366,5.227085,-4.903927,
16643138154027,GameRo,-0.422555,-0.395493,-0.069387,0.812538
16643158128027,Lacc,2.970851,5.238952,-4.972055,
16643158128027,GameRo,-0.422458,-0.396311,-0.069846,0.812151
16643180566027,pre,1003.919250,,,
16643195886027,pre,1003.919250,,,
16643178071277,Gyro,0.174134,1.328552,3.289387,
16643197983777,Gyro,0.222157,1.197386,2.926353,
16643178071277,Lacc,3.603571,6.082130,-5.435005,
16643178071277,GameRo,-0.444726,-0.341635,-0.023303,0.827624
16643197983777,Lacc,2.961858,6.167993,-5.388984,
16643197983777,GameRo,-0.444647,-0.342580,-0.023857,0.827260
16643211114027,pre,1003.917786,,,
16643227136027,pre,1003.918518,,,
16643241845027,pre,1003.915527,,,
16643217896527,Gyro,0.221226,1.042143,2.488158,
16643237809527,Gyro,0.124913,0.867211,2.025753,
16643217896527,Lacc,3.420526,6.707569,-5.630958,
16643217896527,GameRo,-0.459262,-0.298083,0.014164,0.836675
16643237809527,Lacc,3.149152,6.914226,-5.561341,
16643237809527,GameRo,-0.459184,-0.299115,0.013537,0.836360
16643257165027,pre,1003.917786,,,
16643272485027,pre,1003.908752,,,
16643257699527,Gyro,-0.074363,0.704916,1.523837,
16643277566527,Gyro,-0.304634,0.548874,1.034693,
16643288781027,pre,1003.904236,,,
16643257699527,Lacc,3.813022,7.585612,-5.690520,
16643257699527,GameRo,-0.468897,-0.267456,0.038810,0.840891
16643277566527,Lacc,3.474377,7.928269,-5.794221,
16643277566527,GameRo,-0.468792,-0.268563,0.038113,0.840628
16643303125027,pre,1003.905029,,,
16643318444027,pre,1003.902771,,,
16643297479277,Gyro,-0.598228,0.312084,0.515617,
16643317437777,Gyro,-0.938381,0.001064,-0.063454,
16643297479277,Lacc,3.686875,8.932277,-5.888492,
16643297479277,GameRo,-0.479707,-0.251770,0.047361,0.839196
16643317437777,Lacc,4.051269,9.465610,-5.739796,
16643317437777,GameRo,-0.479505,-0.252903,0.046594,0.839014
16643333734027,pre,1003.914001,,,
16643349054027,pre,1003.900513,,,
16643364373027,pre,1003.912537,,,
16643337373277,Gyro,-1.103735,-0.292795,-0.674985,
16643357285777,Gyro,-1.008220,-0.646118,-1.299818,
16643337373277,Lacc,4.031784,9.463112,-5.040298,
16643337373277,GameRo,-0.494403,-0.256072,0.039491,0.829719
16643357285777,Lacc,3.978809,9.047809,-4.474354,
16643357285777,GameRo,-0.494125,-0.257140,0.038704,0.829591
16643379693027,pre,1003.921509,,,
16643395013027,pre,1003.916992,,,
16643377198277,Gyro,-0.836348,-1.024184,-1.902968,
16643397110777,Gyro,-0.823045,-1.394401,-2.511571,
16643377198277,Lacc,4.013639,8.378549,-3.557023,
16643377198277,GameRo,-0.502731,-0.282993,0.017355,0.816625
16643397110777,Lacc,5.782711,8.033134,-3.609238,
16643397110777,GameRo,-0.502441,-0.283956,0.016602,0.816484
16643410241027,pre,1003.914001,,,
16643425653027,pre,1003.902039,,,
16643440972027,pre,1003.905029,,,
16643417023527,Gyro,-0.837146,-1.722715,-3.158088,
16643436936527,Gyro,-0.671393,-1.905761,-3.841720,
16643417023527,Lacc,7.269441,7.266282,-3.385328,
16643417023527,GameRo,-0.499614,-0.333183,-0.016096,0.799447
16643436936527,Lacc,9.888319,6.982087,-3.912897,
16643436936527,GameRo,-0.499360,-0.334057,-0.016787,0.799227
16643456292027,pre,1003.913269,,,
16643471612027,pre,1003.916992,,,
16643487054027,pre,1003.905029,,,
16643456826527,Gyro,-0.416378,-1.862793,-4.387801,
16643476693527,Gyro,-0.277630,-1.784972,-4.778903,
16643456826527,Lacc,10.270766,5.973300,-3.860050,
16643456826527,GameRo,-0.482542,-0.401993,-0.064243,0.775518
16643476693527,Lacc,10.661804,5.957685,-4.041648,
16643476693527,GameRo,-0.482302,-0.402732,-0.064837,0.775234
16643509912027,pre,1003.911743,,,
16643525201027,pre,1003.914001,,,
16643496583277,Gyro,-0.355850,-1.744797,-4.944257,
16643516495777,Gyro,-0.585856,-1.739609,-4.924170,
16643496583277,Lacc,9.114077,4.060307,-3.069458,
16643496583277,GameRo,-0.447990,-0.474065,-0.123654,0.747849
16643516495777,Lacc,8.582240,3.418166,-2.129385,
16643516495777,GameRo,-0.447772,-0.474522,-0.124059,0.747622
16643540521027,pre,1003.917786,,,
16643555841027,pre,1003.937256,,,
16643536431277,Gyro,-0.864018,-1.758499,-4.835174,
16643556389777,Gyro,-1.157212,-1.768476,-4.729018,
16643536431277,Lacc,7.046714,1.351770,-0.513370,
16643536431277,GameRo,-0.411895,-0.540216,-0.187070,0.709587
16643556389777,Lacc,6.635640,1.151867,0.034950,
16643556389777,GameRo,-0.411736,-0.540369,-0.187292,0.709505
16643571038027,pre,1003.931274,,,
16643586480027,pre,1003.934998,,,
16643601800027,pre,1003.922241,,,
16643576325527,Gyro,-1.413291,-1.726972,-4.601976,
16643596238527,Gyro,-1.644627,-1.616691,-4.417998,
16643576325527,Lacc,5.690500,-0.937759,0.929224,
16643576325527,GameRo,-0.381780,-0.596610,-0.251341,0.659642
16643596238527,Lacc,5.457451,-1.208093,0.486615,
16643596238527,GameRo,-0.381770,-0.596578,-0.251353,0.659673
16643617089027,pre,1003.922241,,,
16643632440027,pre,1003.919250,,,
16643616151277,Gyro,-2.017904,-1.454397,-4.192648,
16643636063777,Gyro,-2.145079,-1.289841,-4.011996,
16643616151277,Lacc,5.270708,-2.897066,0.554860,
16643616151277,GameRo,-0.357988,-0.639340,-0.315622,0.602886
16643647638027,pre,1003.922241,,,
16643636063777,Lacc,5.429455,-3.514130,0.225685,
16643636063777,GameRo,-0.358139,-0.639212,-0.315436,0.603030
16643663079027,pre,1003.925232,,,
16643678399027,pre,1003.926758,,,
16643655953527,Gyro,-2.049299,-1.116904,-3.848903,
16643675820527,Gyro,-1.966954,-0.926408,-3.604132,
16643693597027,pre,1003.926758,,,
16643655953527,Lacc,5.630001,-5.790509,0.700678,
16643655953527,GameRo,-0.339592,-0.666576,-0.379890,0.544092
16643675820527,Lacc,5.284901,-6.238513,0.905524,
16643675820527,GameRo,-0.339907,-0.666322,-0.379553,0.544443
16643709405027,pre,1003.921509,,,
16643724359027,pre,1003.934265,,,
16643695733277,Gyro,-2.018702,-0.765045,-3.263047,
16643715691777,Gyro,-2.108496,-0.657691,-2.828178,
16643695733277,Lacc,4.862680,-7.819921,1.133080,
16643695733277,GameRo,-0.319940,-0.682920,-0.436448,0.490685
16643715691777,Lacc,4.022605,-7.852908,1.269617,
16643715691777,GameRo,-0.320395,-0.682601,-0.436028,0.491205
16643739648027,pre,1003.933533,,,
16643754998027,pre,1003.934998,,,
16643735627277,Gyro,-2.073909,-0.577209,-2.358057,
16643755539777,Gyro,-1.899243,-0.503911,-1.893656,
16643735627277,Lacc,3.634824,-8.718448,1.614561,
16643735627277,GameRo,-0.308190,-0.686448,-0.486402,0.444096
16643755539777,Lacc,2.827663,-8.611613,2.050979,
16643755539777,GameRo,-0.308730,-0.686051,-0.486010,0.444763
16643770288027,pre,1003.928284,,,
16643785638027,pre,1003.930481,,,
16643800927027,pre,1003.927490,,,
16643775429527,Gyro,-1.634517,-0.442452,-1.470493,
16643795296527,Gyro,-1.324561,-0.411589,-1.104799,
16643775429527,Lacc,2.278054,-9.682873,2.020810,
16643775429527,GameRo,-0.304920,-0.682282,-0.524095,0.408460
16643795296527,Lacc,1.511366,-10.258209,1.947020,
16643795296527,GameRo,-0.305585,-0.681849,-0.523660,0.409243
16643816247027,pre,1003.921509,,,
16643831567027,pre,1003.926758,,,
16643815209277,Gyro,-0.988000,-0.398153,-0.788990,
16643835167777,Gyro,-0.685893,-0.379130,-0.492736,
16643847375027,pre,1003.910278,,,
16643815209277,Lacc,1.208601,-11.154123,2.016667,
16643815209277,GameRo,-0.306307,-0.677342,-0.546868,0.385121
16643835167777,Lacc,0.977229,-11.442972,2.172625,
16643835167777,GameRo,-0.307029,-0.676867,-0.546448,0.385977
16643862207027,pre,1003.916992,,,
16643855080527,Gyro,-0.339754,-0.388974,-0.228675,
16643874947527,Gyro,0.092588,-0.325919,0.088996,
16643887384027,pre,1003.916992,,,
16643855080527,Lacc,1.686913,-12.232283,2.002504,
16643855080527,GameRo,-0.310543,-0.674992,-0.556136,0.372372
16643874947527,Lacc,2.682778,-12.905485,1.960417,
16643874947527,GameRo,-0.311287,-0.674535,-0.555700,0.373231
16643900506027,pre,1003.932007,,,
16643915826027,pre,1003.920776,,,
16643894860277,Gyro,0.528920,-0.177726,0.528388,
16643914818777,Gyro,0.790586,-0.052147,1.042276,
16643894860277,Lacc,3.196537,-12.781425,2.015796,
16643894860277,GameRo,-0.316254,-0.676940,-0.550799,0.371963
16643914818777,Lacc,3.680729,-11.693991,1.866954,
16643914818777,GameRo,-0.316946,-0.676501,-0.550388,0.372779
16643931146027,pre,1003.920776,,,
16643946466027,pre,1003.919250,,,
16643961785027,pre,1003.923767,,,
16643934754527,Gyro,0.848587,0.093918,1.604452,
16643954667527,Gyro,0.718352,0.302107,2.185253,
16643934754527,Lacc,4.182961,-10.064793,1.993075,
16643934754527,GameRo,-0.326560,-0.678051,-0.530783,0.389711
16643954667527,Lacc,4.543550,-9.080248,1.727845,
16643954667527,GameRo,-0.327125,-0.677654,-0.530430,0.390408
16643977136027,pre,1003.911011,,,
16643992456027,pre,1003.915527,,,
16643974580277,Gyro,0.541158,0.421566,2.646462,
16643994492777,Gyro,0.435268,0.529585,3.000317,
16644008477027,pre,1003.902771,,,
16643974580277,Lacc,4.548339,-7.796885,1.242475,
16643974580277,GameRo,-0.348423,-0.667418,-0.504612,0.422519
16643994492777,Lacc,5.181487,-7.680333,0.836975,
16643994492777,GameRo,-0.348899,-0.667092,-0.504252,0.423070
16644023065027,pre,1003.911011,,,
16644038415027,pre,1003.911743,,,
16644014405277,Gyro,0.468924,0.624301,3.294575,
16644034317777,Gyro,0.690682,0.720081,3.524847,
16644014405277,Lacc,5.436641,-6.570329,0.408201,
16644014405277,GameRo,-0.379690,-0.644477,-0.475379,0.463142
16644034317777,Lacc,6.115591,-6.602143,0.164947,
16644034317777,GameRo,-0.380070,-0.644208,-0.475045,0.463547
16644053735027,pre,1003.900513,,,
16644069055027,pre,1003.897522,,,
16644054230527,Gyro,1.170116,0.844596,3.705366,
16644074143527,Gyro,1.736017,0.910711,3.825624,
16644087091027,pre,1003.887756,,,
16644054230527,Lacc,6.006387,-5.106331,-0.417411,
16644054230527,GameRo,-0.410999,-0.615560,-0.437149,0.510948
16644074143527,Lacc,6.059953,-4.600861,-0.728103,
16644074143527,GameRo,-0.411261,-0.615399,-0.436881,0.511160
16644099694027,pre,1003.884766,,,
16644115014027,pre,1003.880249,,,
16644094056277,Gyro,2.258818,0.942105,3.909963,
16644113968777,Gyro,2.695416,0.958601,3.947078,
16644094056277,Lacc,6.121464,-2.549908,-1.140122,
16644094056277,GameRo,-0.430745,-0.587669,-0.382146,0.568391
16644113968777,Lacc,6.047011,-2.081361,-1.093573,
16644113968777,GameRo,-0.430858,-0.587639,-0.382022,0.568420
16644130334027,pre,1003.887024,,,
16644145684027,pre,1003.887024,,,
16644153344027,pre,1003.885498,,,
16644133881527,Gyro,3.025459,0.960862,3.928720,
16644153794527,Gyro,3.203318,0.991592,3.866729,
16644133881527,Lacc,5.905021,-0.163745,-1.717771,
16644133881527,GameRo,-0.436859,-0.560889,-0.312193,0.630154
16644153794527,Lacc,5.647180,0.102215,-1.891738,
16644153794527,GameRo,-0.436868,-0.561030,-0.312211,0.630013
16644168573027,pre,1003.895264,,,
16644183984027,pre,1003.895264,,,
16644173707277,Gyro,3.112460,1.049725,3.768155,
16644193619777,Gyro,2.807692,1.138322,3.648962,
16644173707277,Lacc,5.921927,1.819234,-2.817778,
16644173707277,GameRo,-0.431482,-0.532200,-0.235487,0.689299
16644193619777,Lacc,5.719633,1.970147,-3.046190,
16644193619777,GameRo,-0.431422,-0.532538,-0.235648,0.689020
16644206903027,pre,1003.902771,,,
16644222314027,pre,1003.901245,,,
16644237634027,pre,1003.908020,,,
16644213532527,Gyro,2.361782,1.238093,3.528306,
16644233445527,Gyro,1.814371,1.338130,3.428535,
16644213532527,Lacc,5.797676,3.360598,-4.052855,
16644213532527,GameRo,-0.424638,-0.496887,-0.165278,0.738559
16644233445527,Lacc,4.859080,3.578360,-4.006966,
16644233445527,GameRo,-0.424537,-0.497418,-0.165571,0.738194
16644252954027,pre,1003.899780,,,
16644268304027,pre,1003.916992,,,
16644253366027,Gyro,1.244877,1.388814,3.340071,
16644273294027,Gyro,0.734315,1.389479,3.251341,
16644284967027,pre,1003.916992,,,
16644253366027,Lacc,4.495058,4.680928,-4.606910,
16644253366027,GameRo,-0.426472,-0.453883,-0.108738,0.774783
16644273294027,Lacc,3.537668,4.752557,-4.441964,
16644273294027,GameRo,-0.426347,-0.454570,-0.109139,0.774392
16644298913027,pre,1003.907288,,,
16644314233027,pre,1003.911011,,,
16644293206777,Gyro,0.316607,1.353827,3.157556,
16644313104277,Gyro,0.014367,1.278001,3.034106,
16644329431027,pre,1003.914001,,,
16644293206777,Lacc,3.562699,5.647770,-4.845562,
16644293206777,GameRo,-0.440640,-0.406903,-0.064577,0.797556
16644313104277,Lacc,2.673718,5.616509,-4.774784,
16644313104277,GameRo,-0.440523,-0.407717,-0.065061,0.797166
16644344873027,pre,1003.914734,,,
16644360192027,pre,1003.910278,,,
16644333009277,Gyro,-0.164024,1.135794,2.829243,
16644352921777,Gyro,-0.254217,0.980950,2.604026,
16644333009277,Lacc,2.978471,6.290497,-5.000267,
16644333009277,GameRo,-0.462253,-0.361372,-0.028640,0.809266
16644352921777,Lacc,2.251789,6.219306,-4.863511,
16644352921777,GameRo,-0.462161,-0.362273,-0.029189,0.808896
16644375512027,pre,1003.918518,,,
16644390832027,pre,1003.911743,,,
16644372842027,Gyro,-0.283084,0.779944,2.316951,
16644392770027,Gyro,-0.302240,0.568695,1.958840,
16644372842027,Lacc,2.517954,6.834307,-4.824503,
16644372842027,GameRo,-0.483516,-0.323319,0.001024,0.813435
16644392770027,Lacc,2.164357,7.277811,-4.521340,
16644392770027,GameRo,-0.483368,-0.324290,0.000369,0.813137
16644406060027,pre,1003.916992,,,
16644421472027,pre,1003.908020,,,
16644436792027,pre,1003.919250,,,
16644412690277,Gyro,-0.283084,0.362369,1.529292,
16644432602777,Gyro,-0.276033,0.144069,0.981349,
16644412690277,Lacc,2.593444,8.368661,-4.323502,
16644412690277,GameRo,-0.500080,-0.297452,0.023682,0.812946
16644432602777,Lacc,2.360004,9.571281,-4.207843,
16644432602777,GameRo,-0.499766,-0.298500,0.022872,0.812779
16644452111027,pre,1003.915527,,,
16644467401027,pre,1003.914001,,,
16644452515527,Gyro,-0.338025,-0.154180,0.290667,
16644472428527,Gyro,-0.400149,-0.434204,-0.462539,
16644483850027,pre,1003.908752,,,
16644452515527,Lacc,3.247396,10.316575,-4.087676,
16644452515527,GameRo,-0.509455,-0.288473,0.034290,0.809977
16644472428527,Lacc,4.138928,9.678928,-4.230514,
16644472428527,GameRo,-0.509154,-0.289516,0.033475,0.809828
16644498040027,pre,1003.902771,,,
16644513360027,pre,1003.914734,,,
16644492341277,Gyro,-0.357181,-0.765045,-1.239024,
16644512253777,Gyro,-0.303570,-1.121294,-2.005533,
16644492341277,Lacc,4.601447,8.455462,-4.028914,
16644492341277,GameRo,-0.511866,-0.303418,0.026892,0.803248
16644512253777,Lacc,5.502601,7.803523,-3.669642,
16644512253777,GameRo,-0.511604,-0.304364,0.026147,0.803082
16644536309027,pre,1003.908020,,,
16644551629027,pre,1003.911743,,,
16644532166527,Gyro,-0.309557,-1.451603,-2.688898,
16644552079527,Gyro,-0.333635,-1.722448,-3.218882,
16644532166527,Lacc,5.902806,7.181413,-2.995983,
16644532166527,GameRo,-0.502606,-0.344182,0.002461,0.793045
16644552079527,Lacc,7.694297,6.918914,-2.966757,
16644552079527,GameRo,-0.502299,-0.345007,0.001757,0.792882
16644566919027,pre,1003.914734,,,
16644582238027,pre,1003.916992,,,
16644597589027,pre,1003.919250,,,
16644571992277,Gyro,-0.277497,-1.850555,-3.659338,
16644591904777,Gyro,-0.316341,-1.794816,-3.974881,
16644571992277,Lacc,8.543093,6.008159,-2.663816,
16644571992277,GameRo,-0.483298,-0.404577,-0.035215,0.775565
16644591904777,Lacc,9.711114,6.180557,-3.101590,
16644591904777,GameRo,-0.482998,-0.405295,-0.035849,0.775347
16644612878027,pre,1003.914001,,,
16644628198027,pre,1003.922241,,,
16644611817527,Gyro,-0.686957,-1.608709,-4.150212,
16644631730527,Gyro,-1.176900,-1.432846,-4.263951,
16644643853027,pre,1003.919250,,,
16644611817527,Lacc,8.524170,5.553824,-3.192658,
16644611817527,GameRo,-0.455357,-0.469853,-0.083440,0.751616
16644631730527,Lacc,8.020412,5.453642,-3.679927,
16644631730527,GameRo,-0.455109,-0.470474,-0.083958,0.751320
16644658837027,pre,1003.911011,,,
16644674066027,pre,1003.920776,,,
16644651643277,Gyro,-1.519581,-1.285850,-4.326209,
16644671555777,Gyro,-1.772866,-1.130207,-4.312108,
16644651643277,Lacc,6.750989,3.548223,-2.823179,
16644651643277,GameRo,-0.433019,-0.526670,-0.146076,0.716781
16644671555777,Lacc,6.312103,2.937078,-2.001119,
16644671555777,GameRo,-0.432831,-0.527026,-0.146401,0.716566
16644689477027,pre,1003.922241,,,
16644704827027,pre,1003.916992,,,
16644720147027,pre,1003.930481,,,
16644691468277,Gyro,-1.982652,-0.994518,-4.259828,
16644711380777,Gyro,-2.088409,-0.898871,-4.200896,
16644691468277,Lacc,5.084426,0.833615,-0.444107,
16644691468277,GameRo,-0.414243,-0.572557,-0.216459,0.673592
16644711380777,Lacc,4.708495,0.293690,-0.094135,
16644711380777,GameRo,-0.414156,-0.572629,-0.216581,0.673546
16644735467027,pre,1003.917786,,,
16644750787027,pre,1003.916992,,,
16644731293527,Gyro,-2.075505,-0.821715,-4.109373,
16644751206527,Gyro,-2.109028,-0.726334,-3.937899,
16644731293527,Lacc,4.242487,-1.677649,0.242518,
16644731293527,GameRo,-0.396319,-0.607491,-0.288135,0.625191
16644751206527,Lacc,4.319365,-1.639645,-0.226528,
16644751206527,GameRo,-0.396371,-0.607457,-0.288067,0.625223
16644765985027,pre,1003.914001,,,
16644781427027,pre,1003.919250,,,
16644796746027,pre,1003.914734,,,
16644771119277,Gyro,-2.167029,-0.647448,-3.772811,
16644791031777,Gyro,-2.163703,-0.558053,-3.601604,
16644771119277,Lacc,4.464249,-3.296623,-0.328802,
16644771119277,GameRo,-0.377705,-0.632810,-0.355414,0.574953
16644791031777,Lacc,4.547547,-3.565195,-0.475189,
16644791031777,GameRo,-0.377897,-0.632703,-0.355182,0.575088
16644812066027,pre,1003.923035,,,
16644827386027,pre,1003.923767,,,
16644810944527,Gyro,-2.092666,-0.480232,-3.411640,
16644830857527,Gyro,-2.019101,-0.435002,-3.193208,
16644810944527,Lacc,4.566831,-5.396220,-0.147066,
16644810944527,GameRo,-0.360296,-0.648314,-0.417644,0.524833
16644830857527,Lacc,4.355038,-5.717987,0.211660,
16644830857527,GameRo,-0.360630,-0.648089,-0.417304,0.525152
16644842614027,pre,1003.932007,,,
16644858026027,pre,1003.926758,,,
16644873346027,pre,1003.917786,,,
16644850770277,Gyro,-1.965491,-0.407199,-2.955753,
16644870682777,Gyro,-1.854279,-0.375938,-2.702999,
16644850770277,Lacc,4.583393,-7.365690,0.339420,
16644850770277,GameRo,-0.343753,-0.656507,-0.471835,0.477708
16644870682777,Lacc,4.426078,-7.889525,0.397306,
16644870682777,GameRo,-0.344234,-0.656213,-0.471411,0.478184
16644896325027,pre,1003.926025,,,
16644911645027,pre,1003.929749,,,
16644890595527,Gyro,-1.616292,-0.314479,-2.408608,
16644910508527,Gyro,-1.271616,-0.278694,-2.080427,
16644890595527,Lacc,3.964130,-9.543359,0.513384,
16644890595527,GameRo,-0.330022,-0.659154,-0.516894,0.435225
16644910508527,Lacc,2.608818,-9.875239,0.856130,
16644910508527,GameRo,-0.330658,-0.658777,-0.516420,0.435877
16644926843027,pre,1003.917786,,,
16644942285027,pre,1003.927490,,,
16644957605027,pre,1003.933533,,,
16644930421277,Gyro,-0.878651,-0.319933,-1.738545,
16644950333777,Gyro,-0.499920,-0.403873,-1.398126,
16644972833027,pre,1003.919250,,,
16644930421277,Lacc,1.794603,-10.660839,1.114267,
16644930421277,GameRo,-0.317779,-0.660787,-0.547691,0.403003
16644950333777,Lacc,1.203336,-10.574421,1.433637,
16644950333777,GameRo,-0.318489,-0.660340,-0.547254,0.403768
16644988244027,pre,1003.923767,,,
16644970246527,Gyro,-0.175198,-0.453892,-1.051854,
16644990159527,Gyro,0.070904,-0.440589,-0.691879,
16644970246527,Lacc,1.445965,-11.142696,1.646771,
16644970246527,GameRo,-0.309319,-0.666320,-0.561372,0.381053
16644990159527,Lacc,1.538849,-11.416242,1.510169,
16644990159527,GameRo,-0.310068,-0.665869,-0.560943,0.381864
16645003442027,pre,1003.918518,,,
16645018884027,pre,1003.924500,,,
16645034204027,pre,1003.916260,,,
16645010072277,Gyro,0.282685,-0.434736,-0.335364,
16645029984777,Gyro,0.550204,-0.429548,0.033257,
16645010072277,Lacc,2.068908,-12.066420,1.415567,
16645010072277,GameRo,-0.306256,-0.673830,-0.561606,0.369810
16645029984777,Lacc,3.009610,-12.474720,1.423838,
16645029984777,GameRo,-0.307018,-0.673403,-0.561159,0.370632
16645049401027,pre,1003.911743,,,
16645064843027,pre,1003.915527,,,
16645049897277,Gyro,0.837944,-0.270712,0.504044,
16645069809777,Gyro,0.926142,-0.054941,1.065156,
16645081079027,pre,1003.922241,,,
16645049897277,Lacc,3.594979,-12.113649,1.886204,
16645049897277,GameRo,-0.309060,-0.681860,-0.550017,0.370176
16645069809777,Lacc,3.380770,-10.710233,1.803689,
16645069809777,GameRo,-0.309745,-0.681433,-0.549628,0.370967
16645095483027,pre,1003.920776,,,
16645110803027,pre,1003.914734,,,
16645089722527,Gyro,0.822912,0.109482,1.622145,
16645109635527,Gyro,0.777683,0.225350,2.080161,
16645089722527,Lacc,2.918434,-9.287429,1.989783,
16645089722527,GameRo,-0.318945,-0.684365,-0.528150,0.388556
16645109635527,Lacc,2.874797,-9.064394,1.767387,
16645109635527,GameRo,-0.319548,-0.683959,-0.527781,0.389278
16645126123027,pre,1003.922241,,,
16645141442027,pre,1003.911011,,,
16645156762027,pre,1003.902039,,,
16645129548277,Gyro,0.821316,0.271910,2.424305,
16645149460777,Gyro,1.068748,0.371947,2.661627,
16645129548277,Lacc,3.684047,-8.079569,1.449080,
16645129548277,GameRo,-0.340024,-0.675921,-0.501425,0.419628
16645149460777,Lacc,5.375512,-8.276902,1.055712,
16645149460777,GameRo,-0.340532,-0.675577,-0.501055,0.420212
16645172082027,pre,1003.909485,,,
16645187432027,pre,1003.901245,,,
16645169373527,Gyro,1.539269,0.582397,2.848133,
16645189286527,Gyro,2.033867,0.876256,3.044748,
16645169373527,Lacc,6.651971,-7.421706,0.618699,
16645169373527,GameRo,-0.363228,-0.663683,-0.465353,0.459387
16645189286527,Lacc,7.851052,-7.115678,0.251245,
16645189286527,GameRo,-0.363620,-0.663406,-0.465018,0.459815
16645202722027,pre,1003.910278,,,
16645218072027,pre,1003.905762,,,
16645233392027,pre,1003.904236,,,
16645209199277,Gyro,2.456232,1.185414,3.265575,
16645229111777,Gyro,2.744371,1.404511,3.472567,
16645209199277,Lacc,7.849758,-5.134577,-0.341582,
16645209199277,GameRo,-0.376147,-0.649911,-0.414807,0.513872
16645229111777,Lacc,7.789152,-4.185993,-0.779640,
16645229111777,GameRo,-0.376387,-0.649764,-0.414565,0.514077
16645248681027,pre,1003.897522,,,
16645264001027,pre,1003.894531,,,
16645249024527,Gyro,2.866358,1.572260,3.664260,
16645268937527,Gyro,2.895491,1.738279,3.766958,
16645280603027,pre,1003.898987,,,
16645249024527,Lacc,7.658457,-1.973129,-1.416670,
16645249024527,GameRo,-0.380121,-0.629018,-0.352098,0.579544
16645268937527,Lacc,7.320303,-1.342393,-1.562334,
16645268937527,GameRo,-0.380212,-0.629026,-0.351997,0.579538
16645302270027,pre,1003.902771,,,
16645317590027,pre,1003.902039,,,
16645288827527,Gyro,2.780022,1.870376,3.969826,
16645308694527,Gyro,2.336373,1.938087,4.108840,
16645288827527,Lacc,6.997153,0.516220,-2.143183,
16645288827527,GameRo,-0.380279,-0.597431,-0.283159,0.646749
16645308694527,Lacc,6.253459,0.507618,-2.148922,
16645308694527,GameRo,-0.380271,-0.597592,-0.283187,0.646593
16645332910027,pre,1003.910278,,,
16645348230027,pre,1003.894531,,,
16645328607027,Gyro,1.866252,1.955381,4.169767,
16645348565027,Gyro,1.409167,1.926381,4.188657,
16645328607027,Lacc,6.045318,1.972550,-3.061641,
16645328607027,GameRo,-0.386539,-0.552032,-0.216189,0.706478
16645348565027,Lacc,5.318662,2.018338,-3.105400,
16645348565027,GameRo,-0.386472,-0.552380,-0.216337,0.706197
16645363427027,pre,1003.901245,,,
16645378869027,pre,1003.899780,,,
16645394189027,pre,1003.899780,,,
16645368500527,Gyro,1.001303,1.842839,4.191185,
16645388413527,Gyro,0.709705,1.745595,4.133052,
16645368500527,Lacc,5.226016,3.419261,-3.944443,
16645368500527,GameRo,-0.403069,-0.497154,-0.156048,0.752345
16645388413527,Lacc,4.288199,3.309082,-3.745699,
16645388413527,GameRo,-0.402963,-0.497677,-0.156317,0.752000
16645401727027,pre,1003.898987,,,
16645417138027,pre,1003.904236,,,
16645432458027,pre,1003.899780,,,
16645408326277,Gyro,0.544883,1.671233,4.024235,
16645428238777,Gyro,0.436199,1.526099,3.854757,
16645408326277,Lacc,4.033517,4.551189,-4.267795,
16645408326277,GameRo,-0.426146,-0.439521,-0.101331,0.784190
16645428238777,Lacc,2.860143,4.610282,-4.305800,
16645428238777,GameRo,-0.426032,-0.440220,-0.101716,0.783809
16645447778027,pre,1003.893738,,,
16645463098027,pre,1003.899780,,,
16645448151527,Gyro,0.398552,1.344782,3.618499,
16645468064527,Gyro,0.442585,1.193795,3.320250,
16645479364027,pre,1003.898254,,,
16645448151527,Lacc,3.408607,5.679315,-4.872937,
16645448151527,GameRo,-0.448213,-0.384255,-0.051025,0.805512
16645468064527,Lacc,2.794755,5.703504,-4.791853,
16645468064527,GameRo,-0.448101,-0.385104,-0.051518,0.805138
16645493707027,pre,1003.899780,,,
16645509027027,pre,1003.905029,,,
16645487977277,Gyro,0.538498,1.086840,2.964000,
16645507889777,Gyro,0.568429,0.965252,2.581411,
16645487977277,Lacc,3.199529,6.421791,-5.161778,
16645487977277,GameRo,-0.463698,-0.337178,-0.006428,0.819301
16645507889777,Lacc,2.373453,6.508736,-4.995518,
16645507889777,GameRo,-0.463601,-0.338134,-0.006999,0.818957
16645524224027,pre,1003.905762,,,
16645539636027,pre,1003.902771,,,
16645527802527,Gyro,0.466397,0.813334,2.191639,
16645547715527,Gyro,0.238919,0.636407,1.769407,
16645527802527,Lacc,2.619584,7.077120,-5.248202,
16645527802527,GameRo,-0.470765,-0.299505,0.029041,0.829358
16645547715527,Lacc,2.194562,7.334183,-5.057177,
16645547715527,GameRo,-0.470644,-0.300546,0.028396,0.829071
16645562493027,pre,1003.906494,,,
16645577905027,pre,1003.908020,,,
16645593194027,pre,1003.909485,,,
16645567628277,Gyro,-0.030463,0.454291,1.300882,
16645587540777,Gyro,-0.355451,0.233464,0.795242,
16645567628277,Lacc,2.650536,7.932060,-5.190248,
16645567628277,GameRo,-0.477177,-0.274772,0.051856,0.833135
16645587540777,Lacc,2.788116,8.354997,-5.437041,
16645587540777,GameRo,-0.477028,-0.275888,0.051144,0.832895
16645608514027,pre,1003.897522,,,
16645623834027,pre,1003.899780,,,
16645607461027,Gyro,-0.661549,-0.047890,0.200207,
16645627389027,Gyro,-0.860293,-0.340818,-0.437131,
16645639886027,pre,1003.904236,,,
16645607461027,Lacc,3.582085,8.583289,-5.515860,
16645607461027,GameRo,-0.487349,-0.266733,0.058852,0.829386
16645627389027,Lacc,3.931871,8.189043,-5.633311,
16645627389027,GameRo,-0.487241,-0.267847,0.058143,0.829140
16645654443027,pre,1003.901245,,,
16645669793027,pre,1003.902771,,,
16645647309527,Gyro,-0.931596,-0.756930,-1.123290,
16645667222527,Gyro,-0.839408,-1.133001,-1.838715,
16645647309527,Lacc,4.674096,7.617058,-5.113743,
16645647309527,GameRo,-0.498282,-0.280833,0.048527,0.818837
16645667222527,Lacc,6.113215,6.942645,-4.547704,
16645667222527,GameRo,-0.498112,-0.281828,0.047836,0.818639
16645685235027,pre,1003.906494,,,
16645700402027,pre,1003.911011,,,
16645715722027,pre,1003.913269,,,
16645687104777,Gyro,-0.619645,-1.430186,-2.486030,
16645706956277,Gyro,-0.287341,-1.736416,-3.073083,
16645687104777,Lacc,6.322319,6.319988,-3.272152,
16645687104777,GameRo,-0.499137,-0.320622,0.023409,0.804684
16645706956277,Lacc,7.464253,6.049652,-2.462502,
16645706956277,GameRo,-0.498831,-0.321426,0.022735,0.804572
16645731042027,pre,1003.913269,,,
16645746362027,pre,1003.905029,,,
16645726868777,Gyro,0.159767,-2.005932,-3.557572,
16645746842277,Gyro,0.519209,-2.066725,-3.928587,
16645726868777,Lacc,7.522289,5.178736,-1.643397,
16645726868777,GameRo,-0.480767,-0.380166,-0.011558,0.790066
16645746842277,Lacc,8.343448,5.354385,-2.121222,
16645746842277,GameRo,-0.480452,-0.380851,-0.012174,0.789918
16645761590027,pre,1003.898987,,,
16645777032027,pre,1003.919250,,,
16645792352027,pre,1003.905029,,,
16645766785527,Gyro,0.566168,-1.937156,-4.093276,
16645786698527,Gyro,0.268717,-1.832729,-4.157396,
16645766785527,Lacc,6.962541,4.979970,-2.899166,
16645766785527,GameRo,-0.440735,-0.450250,-0.050864,0.774881
16645786698527,Lacc,6.456774,5.628267,-4.001852,
16645786698527,GameRo,-0.440493,-0.450947,-0.051397,0.774578
16645807641027,pre,1003.911743,,,
16645822961027,pre,1003.905029,,,
16645806611277,Gyro,-0.245836,-1.812243,-4.206616,
16645826523777,Gyro,-0.890357,-1.775527,-4.209410,
16645838403027,pre,1003.919250,,,
16645806611277,Lacc,5.412694,4.604915,-3.819987,
16645806611277,GameRo,-0.399203,-0.514498,-0.097689,0.752586
16645826523777,Lacc,5.660709,4.548411,-3.342570,
16645826523777,GameRo,-0.398974,-0.515028,-0.098103,0.752291
16645853601027,pre,1003.922241,,,
16645868920027,pre,1003.919250,,,
16645846436527,Gyro,-1.596072,-1.701696,-4.176951,
16645866349527,Gyro,-2.231813,-1.632388,-4.152740,
16645846436527,Lacc,5.163130,2.830839,-1.633558,
16645846436527,GameRo,-0.371300,-0.570912,-0.156702,0.715290
16645866349527,Lacc,5.511445,2.369546,-0.742593,
16645866349527,GameRo,-0.371110,-0.571123,-0.156972,0.715161
16645891900027,pre,1003.928284,,,
16645907220027,pre,1003.916992,,,
16645886262277,Gyro,-2.950963,-1.486191,-4.086093,
16645906174777,Gyro,-3.927124,-1.264300,-3.970225,
16645886262277,Lacc,5.807951,0.811006,0.555875,
16645886262277,GameRo,-0.359448,-0.614585,-0.229533,0.663624
16645906174777,Lacc,6.607542,0.233442,0.365207,
16645906174777,GameRo,-0.359367,-0.614600,-0.229645,0.663616
16645922509027,pre,1003.922241,,,
16645937829027,pre,1003.908752,,,
16645953180027,pre,1003.923767,,,
16645926079777,Gyro,-4.601710,-1.008220,-4.011996,
16645945977277,Gyro,-4.335520,-0.690283,-4.111900,
16645926079777,Lacc,7.098298,-2.690678,0.306677,
16645926079777,GameRo,-0.366020,-0.637162,-0.320297,0.597883
16645945977277,Lacc,7.482299,-3.714343,-0.295619,
16645945977277,GameRo,-0.366166,-0.637059,-0.320117,0.597999
16645968469027,pre,1003.919250,,,
16645983789027,pre,1003.917786,,,
16645965890027,Gyro,-3.638054,-0.392699,-4.124405,
16645985818027,Gyro,-2.951230,-0.140478,-4.010267,
16645965890027,Lacc,7.277641,-6.496319,-0.333219,
16645965890027,GameRo,-0.367358,-0.643111,-0.415728,0.527851
16645985818027,Lacc,6.308986,-7.640742,-0.154656,
16645985818027,GameRo,-0.367744,-0.642869,-0.415325,0.528194
16645998986027,pre,1003.911743,,,
16646014398027,pre,1003.908752,,,
16646030694027,pre,1003.914001,,,
16646005738277,Gyro,-2.225561,-0.015963,-3.634994,
16646025650777,Gyro,-1.509604,-0.093386,-3.080533,
16646005738277,Lacc,4.827710,-9.965349,-0.133652,
16646005738277,GameRo,-0.347184,-0.646316,-0.490487,0.470278
16646025650777,Lacc,3.423103,-9.553993,0.160137,
16646025650777,GameRo,-0.347771,-0.645986,-0.489986,0.470819
16646045037027,pre,1003.921509,,,
16646060357027,pre,1003.919250,,,
16646045563527,Gyro,-0.878119,-0.216437,-2.498136,
16646065476527,Gyro,-0.450699,-0.279758,-1.956977,
16646077386027,pre,1003.913269,,,
16646045563527,Lacc,3.402661,-9.303917,0.587216,
16646045563527,GameRo,-0.323274,-0.651833,-0.535165,0.429193
16646065476527,Lacc,2.804011,-8.351473,1.217129,
16646065476527,GameRo,-0.323858,-0.651442,-0.534798,0.429803
16646090966027,pre,1003.923035,,,
16646106286027,pre,1003.914734,,,
16646085389277,Gyro,-0.227212,-0.324988,-1.527296,
16646105301777,Gyro,-0.184111,-0.305300,-1.209093,
16646085389277,Lacc,2.320027,-9.004600,1.552559,
16646085389277,GameRo,-0.306007,-0.660790,-0.554309,0.403060
16646105301777,Lacc,1.586522,-9.815229,1.625154,
16646105301777,GameRo,-0.306698,-0.660336,-0.553931,0.403799
16646121606027,pre,1003.919250,,,
16646136926027,pre,1003.916992,,,
16646152246027,pre,1003.911011,,,
16646125214527,Gyro,-0.175198,-0.283882,-0.958335,
16646145127527,Gyro,-0.227079,-0.327515,-0.745357,
16646125214527,Lacc,1.089702,-11.165303,1.584929,
16646125214527,GameRo,-0.296539,-0.667470,-0.563329,0.386277
16646145127527,Lacc,1.000918,-11.509653,1.251380,
16646145127527,GameRo,-0.297327,-0.667034,-0.562877,0.387081
16646167535027,pre,1003.918518,,,
16646182885027,pre,1003.913269,,,
16646165040277,Gyro,-0.194354,-0.372479,-0.555659,
16646184952777,Gyro,0.055074,-0.247166,-0.253020,
16646165040277,Lacc,2.315418,-12.280015,0.997377,
16646165040277,GameRo,-0.293719,-0.670978,-0.568940,0.373932
16646184952777,Lacc,3.399037,-12.814899,0.811061,
16646184952777,GameRo,-0.294521,-0.670587,-0.568464,0.374726
16646198083027,pre,1003.898987,,,
16646214410027,pre,1003.899780,,,
16646204865527,Gyro,0.427153,-0.096312,0.185574,
16646224778527,Gyro,0.851380,-0.025142,0.684962,
16646237023027,pre,1003.915527,,,
16646251672027,pre,1003.906494,,,
16646204865527,Lacc,3.576941,-12.824247,0.699354,
16646204865527,GameRo,-0.294566,-0.674167,-0.567194,0.370163
16646224778527,Lacc,3.649020,-12.158083,0.939711,
16646224778527,GameRo,-0.295343,-0.673778,-0.566738,0.370950
16646267083027,pre,1003.910278,,,
16646244683777,Gyro,1.249666,0.066913,1.237162,
16646264581277,Gyro,1.317112,0.186372,1.834325,
16646244683777,Lacc,3.430468,-10.860003,1.778553,
16646276025027,pre,1003.921509,,,
16646244683777,GameRo,-0.299336,-0.678949,-0.548989,0.384756
16646264581277,Lacc,3.310122,-9.571921,1.835581,
16646264581277,GameRo,-0.299989,-0.678527,-0.548637,0.385493
16646297692027,pre,1003.919983,,,
16646313623027,pre,1003.917786,,,
16646284471027,Gyro,1.216809,0.226946,2.290745,
16646304353027,Gyro,1.348107,0.380860,2.606953,
16646284471027,Lacc,3.750561,-8.453951,1.684716,
16646284471027,GameRo,-0.313307,-0.679431,-0.516707,0.416205
16646304353027,Lacc,4.930317,-8.811299,1.307896,
16646304353027,GameRo,-0.313879,-0.679069,-0.516329,0.416833
16646328332027,pre,1003.918518,,,
16646343652027,pre,1003.911011,,,
16646324273277,Gyro,1.707150,0.587452,2.863830,
16646344231777,Gyro,2.202547,0.809343,3.082395,
16646324273277,Lacc,5.377748,-8.052702,0.932799,
16646324273277,GameRo,-0.333969,-0.671922,-0.477250,0.457404
16646344231777,Lacc,6.208524,-8.099388,0.545978,
16646344231777,GameRo,-0.334457,-0.671619,-0.476859,0.457901
16646358880027,pre,1003.895996,,,
16646374292027,pre,1003.902771,,,
16646389611027,pre,1003.889282,,,
16646364167277,Gyro,2.723219,1.067817,3.292713,
16646384079777,Gyro,3.065900,1.324960,3.525778,
16646364167277,Lacc,6.717828,-6.234653,-0.016402,
16646364167277,GameRo,-0.346977,-0.662268,-0.422493,0.512355
16646384079777,Lacc,7.740689,-5.056422,-0.477517,
16646384079777,GameRo,-0.347280,-0.662091,-0.422205,0.512616
16646405023027,pre,1003.884766,,,
16646420221027,pre,1003.884033,,,
16646403992527,Gyro,3.158354,1.611237,3.781059,
16646423905527,Gyro,2.981294,1.928908,4.058556,
16646403992527,Lacc,8.630901,-2.520777,-1.299102,
16646403992527,GameRo,-0.349901,-0.646480,-0.352826,0.578919
16646435449027,pre,1003.883240,,,
16646423905527,Lacc,9.172152,-1.644214,-1.641801,
16646423905527,GameRo,-0.350014,-0.646470,-0.352702,0.578937
16646450860027,pre,1003.878784,,,
16646466180027,pre,1003.880981,,,
16646443810777,Gyro,2.538443,2.172483,4.329401,
16646463708277,Gyro,1.964826,2.321607,4.564462,
16646443810777,Lacc,9.139166,0.500323,-2.572609,
16646443810777,GameRo,-0.353051,-0.612980,-0.279218,0.649344
16646463708277,Lacc,8.736794,0.618248,-2.512674,
16646463708277,GameRo,-0.353039,-0.613142,-0.279241,0.649188
16646481500027,pre,1003.890015,,,
16646496820027,pre,1003.887756,,,
16646512139027,pre,1003.890015,,,
16646483598027,Gyro,1.383094,2.374552,4.747908,
16646503480027,Gyro,0.817857,2.353534,4.874816,
16646483598027,Lacc,8.523783,2.208646,-3.361469,
16646483598027,GameRo,-0.369001,-0.558677,-0.211275,0.712097
16646503480027,Lacc,7.719001,2.089890,-3.252238,
16646503480027,GameRo,-0.368912,-0.559022,-0.211430,0.711825
16646527429027,pre,1003.893738,,,
16646542779027,pre,1003.884766,,,
16646523400277,Gyro,0.303304,2.265337,4.916454,
16646543358777,Gyro,-0.086202,2.091735,4.897964,
16646523400277,Lacc,7.341433,3.625789,-4.216679,
16646523400277,GameRo,-0.399913,-0.490904,-0.149863,0.759358
16646543358777,Lacc,5.928068,3.565016,-4.331944,
16646543358777,GameRo,-0.399797,-0.491474,-0.150149,0.758993
16646558038027,pre,1003.872009,,,
16646573419027,pre,1003.877991,,,
16646588739027,pre,1003.881775,,,
16646563294527,Gyro,-0.298648,1.853614,4.806839,
16646583207527,Gyro,-0.311818,1.586627,4.632439,
16646563294527,Lacc,5.861615,4.983862,-4.965672,
16646563294527,GameRo,-0.440566,-0.418948,-0.093102,0.788490
16646583207527,Lacc,4.770390,4.946530,-4.927413,
16646583207527,GameRo,-0.440452,-0.419711,-0.093523,0.788098
16646611718027,pre,1003.881775,,,
16646627038027,pre,1003.878784,,,
16646603120277,Gyro,-0.168015,1.325359,4.370640,
16646623032777,Gyro,0.104294,1.101739,4.023304,
16646603120277,Lacc,5.263562,6.202443,-5.132163,
16646603120277,GameRo,-0.478524,-0.353041,-0.037600,0.803096
16646623032777,Lacc,4.359906,6.201652,-5.003983,
16646623032777,GameRo,-0.478415,-0.353945,-0.038152,0.802737
16646642327027,pre,1003.879517,,,
16646649987027,pre,1003.884033,,,
16646665307027,pre,1003.887024,,,
16646642937777,Gyro,0.360373,0.926275,3.633398,
16646662835277,Gyro,0.518145,0.756531,3.209703,
16646642937777,Lacc,4.574849,7.482295,-5.086473,
16646642937777,GameRo,-0.502099,-0.298280,0.015536,0.811594
16646662835277,Lacc,3.296832,7.913052,-4.892782,
16646662835277,GameRo,-0.501968,-0.299322,0.014849,0.811304
16646680627027,pre,1003.893005,,,
16646695947027,pre,1003.893738,,,
16646711267027,pre,1003.881775,,,
16646682748027,Gyro,0.578672,0.568030,2.744504,
16646702676027,Gyro,0.494998,0.371415,2.226758,
16646682748027,Lacc,3.353627,8.825402,-5.022823,
16646682748027,GameRo,-0.511407,-0.255924,0.060973,0.818076
16646702676027,Lacc,2.458946,9.469392,-4.779645,
16646702676027,GameRo,-0.511215,-0.257049,0.060190,0.817901
16646726586027,pre,1003.883240,,,
16646741906027,pre,1003.885498,,,
16646722596277,Gyro,0.304368,0.142606,1.647820,
16646742508777,Gyro,0.139680,-0.162826,1.004363,
16646722596277,Lacc,2.603594,10.012568,-4.752740,
16646722596277,GameRo,-0.514180,-0.229293,0.093797,0.821125
16646742508777,Lacc,2.617524,10.076266,-4.588069,
16646742508777,GameRo,-0.513916,-0.230412,0.092988,0.821069
16646757104027,pre,1003.890015,,,
16646772546027,pre,1003.890015,,,
16646787866027,pre,1003.884766,,,
16646762421527,Gyro,-0.018225,-0.491805,0.238253,
16646782334527,Gyro,-0.254217,-0.725935,-0.629489,
16646762421527,Lacc,3.815874,10.503853,-4.355398,
16646762421527,GameRo,-0.515346,-0.224512,0.110159,0.819682
16646782334527,Lacc,4.879589,10.666919,-4.349659,
16646782334527,GameRo,-0.514998,-0.225597,0.109334,0.819713
16646803186027,pre,1003.886230,,,
16646818505027,pre,1003.881775,,,
16646802247277,Gyro,-0.506704,-0.915766,-1.484594,
16646822159777,Gyro,-0.763848,-1.246607,-2.300589,
16646802247277,Lacc,4.511425,10.063385,-4.422848,
16646802247277,GameRo,-0.514205,-0.246299,0.103732,0.814966
16646833734027,pre,1003.887024,,,
16646822159777,Lacc,4.469552,9.157121,-4.626909,
16646822159777,GameRo,-0.513981,-0.247406,0.102937,0.814873
16646849176027,pre,1003.893738,,,
16646864495027,pre,1003.893005,,,
16646842080027,Gyro,-1.043074,-1.632255,-3.100221,
16646862008027,Gyro,-1.360213,-1.881949,-3.864867,
16646879724027,pre,1003.894531,,,
16646842080027,Lacc,4.737672,8.341704,-3.997259,
16646842080027,GameRo,-0.511367,-0.294388,0.072931,0.804065
16646862008027,Lacc,7.159809,7.884467,-3.569027,
16646862008027,GameRo,-0.511064,-0.295351,0.072162,0.803974
16646895257027,pre,1003.899780,,,
16646881920777,Gyro,-1.375112,-2.022959,-4.700417,
16646901818277,Gyro,-1.054780,-2.004601,-5.479563,
16646881920777,Lacc,8.830032,6.707376,-2.523792,
16646881920777,GameRo,-0.504210,-0.367192,0.019690,0.781380
16646901818277,Lacc,11.566554,6.307435,-2.636950,
16646901818277,GameRo,-0.503874,-0.367966,0.018986,0.781250
16646918115027,pre,1003.901245,,,
16646933435027,pre,1003.901245,,,
16646948785027,pre,1003.898254,,,
16646921723527,Gyro,-0.694673,-1.963362,-6.097079,
16646941636527,Gyro,-0.528920,-1.924385,-6.497361,
16646921723527,Lacc,11.373318,4.587830,-2.370126,
16646921723527,GameRo,-0.475033,-0.452937,-0.054412,0.752484
16646941636527,Lacc,12.054886,4.503045,-3.302472,
16646941636527,GameRo,-0.474767,-0.453538,-0.054947,0.752250
16646964105027,pre,1003.899780,,,
16646979425027,pre,1003.903503,,,
16646961549277,Gyro,-0.513489,-1.907491,-6.632917,
16646981461777,Gyro,-0.526126,-1.982785,-6.561747,
16646961549277,Lacc,10.390767,2.453479,-3.112978,
16646961549277,GameRo,-0.421544,-0.539271,-0.138436,0.715767
16646981461777,Lacc,10.178712,2.473755,-2.673823,
16646981461777,GameRo,-0.421359,-0.539632,-0.138743,0.715544
16646994622027,pre,1003.899780,,,
16647010064027,pre,1003.906494,,,
16647025415027,pre,1003.914001,,,
16647001382027,Gyro,-0.678178,-2.084285,-6.328948,
16647021310027,Gyro,-0.940376,-2.071514,-5.934253,
16647001382027,Lacc,9.291311,0.156083,-0.609539,
16647001382027,GameRo,-0.360465,-0.616095,-0.219889,0.664936
16647021310027,Lacc,9.516513,-0.050676,0.631599,
16647021310027,GameRo,-0.360373,-0.616100,-0.220017,0.664940
16647040734027,pre,1003.912537,,,
16647056085027,pre,1003.911743,,,
16647041230277,Gyro,-1.443488,-1.888335,-5.207919,
16647061142777,Gyro,-2.098253,-1.540466,-4.663701,
16647072412027,pre,1003.902039,,,
16647041230277,Lacc,9.000603,-3.885680,1.232543,
16647041230277,GameRo,-0.307175,-0.676077,-0.292858,0.602327
16647061142777,Lacc,8.651349,-5.371063,0.932861,
16647061142777,GameRo,-0.307384,-0.675884,-0.292620,0.602552
16647086602027,pre,1003.905029,,,
16647102044027,pre,1003.911011,,,
16647081055527,Gyro,-1.581705,-1.298887,-3.889743,
16647100968527,Gyro,-0.782871,-1.154551,-3.159286,
16647117273027,pre,1003.914001,,,
16647081055527,Lacc,7.283929,-7.859853,0.490012,
16647081055527,GameRo,-0.277458,-0.706535,-0.362827,0.540539
16647100968527,Lacc,6.483315,-5.567276,0.398365,
16647100968527,GameRo,-0.277778,-0.706339,-0.362489,0.540858
16647132684027,pre,1003.901245,,,
16647148034027,pre,1003.902771,,,
16647120881277,Gyro,-0.757994,-0.993853,-2.494411,
16647140793777,Gyro,-1.155216,-0.807082,-1.946069,
16647120881277,Lacc,5.948209,-5.345903,1.239706,
16647120881277,GameRo,-0.250991,-0.727937,-0.400196,0.496945
16647140793777,Lacc,4.703581,-5.302929,1.451209,
16647140793777,GameRo,-0.251354,-0.727680,-0.399891,0.497383
16647163354027,pre,1003.914734,,,
16647178674027,pre,1003.914001,,,
16647160706527,Gyro,-1.557893,-0.652104,-1.653806,
16647180619527,Gyro,-1.929440,-0.522135,-1.490713,
16647160706527,Lacc,4.008554,-6.572005,1.439784,
16647160706527,GameRo,-0.241280,-0.734858,-0.431141,0.464634
16647180619527,Lacc,3.174177,-7.398139,1.608905,
16647193902027,pre,1003.919250,,,
16647180619527,GameRo,-0.241793,-0.734573,-0.430712,0.465216
16647209314027,pre,1003.911011,,,
16647224664027,pre,1003.913269,,,
16647200532277,Gyro,-2.289281,-0.377401,-1.385621,
16647220444777,Gyro,-2.615733,-0.258208,-1.309928,
16647200532277,Lacc,2.567985,-8.896421,1.829982,
16647200532277,GameRo,-0.242844,-0.728403,-0.469593,0.435819
16647220444777,Lacc,1.744781,-9.444208,2.064299,
16647220444777,GameRo,-0.243501,-0.728057,-0.469106,0.436554
16647247613027,pre,1003.922241,,,
16647262963027,pre,1003.912537,,,
16647240357527,Gyro,-2.769380,-0.199409,-1.252194,
16647260270527,Gyro,-2.578751,-0.138881,-1.135661,
16647240357527,Lacc,1.637540,-10.525278,1.675747,
16647271691027,pre,1003.914001,,,
16647240357527,GameRo,-0.250015,-0.710519,-0.515935,0.408003
16647260270527,Lacc,1.445297,-11.322968,1.641980,
16647260270527,GameRo,-0.250787,-0.710162,-0.515417,0.408804
16647293603027,pre,1003.913269,,,
16647308923027,pre,1003.901245,,,
16647280160527,Gyro,-1.970014,-0.122253,-0.948225,
16647300027527,Gyro,-1.098014,-0.166950,-0.667136,
16647280160527,Lacc,1.553641,-13.095964,1.178551,
16647280160527,GameRo,-0.257449,-0.689460,-0.558395,0.382832
16647300027527,Lacc,1.597055,-13.964672,1.266652,
16647300027527,GameRo,-0.258312,-0.689080,-0.557883,0.383680
16647324243027,pre,1003.898987,,,
16647339593027,pre,1003.902771,,,
16647319940277,Gyro,-0.233331,-0.291332,-0.253552,
16647339898777,Gyro,0.392433,-0.326850,0.318070,
16647354791027,pre,1003.905029,,,
16647319940277,Lacc,2.136861,-14.093034,1.271990,
16647319940277,GameRo,-0.260400,-0.681487,-0.575543,0.369484
16647339898777,Lacc,2.733309,-12.921195,1.247146,
16647339898777,GameRo,-0.261242,-0.681091,-0.575094,0.370316
16647370233027,pre,1003.908752,,,
16647385614027,pre,1003.919250,,,
16647359834277,Gyro,0.754270,-0.317139,0.935720,
16647379746777,Gyro,0.867743,-0.220029,1.536874,
16647359834277,Lacc,3.153648,-11.400335,1.518418,
16647359834277,GameRo,-0.267554,-0.686031,-0.564604,0.372825
16647379746777,Lacc,3.115323,-10.385199,1.989939,
16647379746777,GameRo,-0.268284,-0.685602,-0.564255,0.373617
16647400872027,pre,1003.914734,,,
16647416497027,pre,1003.923767,,,
16647399659277,Gyro,0.680838,-0.076890,2.066193,
16647419571777,Gyro,0.355717,-0.017427,2.494544,
16647431451027,pre,1003.904236,,,
16647399659277,Lacc,2.415259,-9.172830,2.364557,
16647399659277,GameRo,-0.286295,-0.687507,-0.539105,0.393364
16647419571777,Lacc,2.842044,-9.028661,1.956006,
16647419571777,GameRo,-0.286938,-0.687093,-0.538762,0.394088
16647446832027,pre,1003.903503,,,
16647462152027,pre,1003.898987,,,
16647439484527,Gyro,0.088863,0.004523,2.823789,
16647459397527,Gyro,0.148326,0.088597,3.008964,
16647439484527,Lacc,4.074513,-8.248775,1.345612,
16647439484527,GameRo,-0.319091,-0.675259,-0.513166,0.422926
16647459397527,Lacc,6.260323,-9.132173,0.605725,
16647459397527,GameRo,-0.319669,-0.674933,-0.512757,0.423506
16647477471027,pre,1003.880249,,,
16647492791027,pre,1003.890747,,,
16647508111027,pre,1003.880981,,,
16647479340777,Gyro,0.766641,0.284015,3.116051,
16647499314277,Gyro,1.713935,0.583861,3.228460,
16647523309027,pre,1003.890747,,,
16647479340777,Lacc,7.983237,-8.969597,-0.112833,
16647479340777,GameRo,-0.357397,-0.655249,-0.484000,0.456793
16647499314277,Lacc,9.719912,-8.903847,-0.681459,
16647499314277,GameRo,-0.357879,-0.654983,-0.483595,0.457227
16647538751027,pre,1003.884766,,,
16647519227027,Gyro,2.595645,0.894614,3.447957,
16647539079027,Gyro,3.188419,1.202574,3.798752,
16647519227027,Lacc,10.461051,-6.540629,-1.186521,
16647519227027,GameRo,-0.377690,-0.641093,-0.433821,0.508084
16647539079027,Lacc,11.181674,-4.783782,-1.452404,
16647539079027,GameRo,-0.377956,-0.640954,-0.433562,0.508282
16647554071027,pre,1003.880981,,,
16647569421027,pre,1003.880981,,,
16647584741027,pre,1003.872742,,,
16647558961277,Gyro,3.420819,1.584099,4.197038,
16647578873777,Gyro,3.368938,1.897647,4.567122,
16647558961277,Lacc,11.149984,-1.785963,-1.872447,
16647558961277,GameRo,-0.381852,-0.623997,-0.361322,0.578155
16647578873777,Lacc,10.171423,-0.969401,-1.952975,
16647578873777,GameRo,-0.381924,-0.624021,-0.361241,0.578131
16647600152027,pre,1003.872742,,,
16647615380027,pre,1003.882507,,,
16647598786527,Gyro,3.096895,2.066592,4.841559,
16647618699527,Gyro,2.650852,2.185919,5.063716,
16647631463027,pre,1003.877991,,,
16647598786527,Lacc,9.349682,1.062514,-2.882910,
16647598786527,GameRo,-0.383978,-0.587287,-0.278850,0.655665
16647618699527,Lacc,8.469258,1.109007,-2.994932,
16647618699527,GameRo,-0.383947,-0.587512,-0.278905,0.655459
16647653649027,pre,1003.890015,,,
16647638612277,Gyro,2.084551,2.229552,5.249690,
16647658524777,Gyro,1.469163,2.158914,5.354383,
16647670037027,pre,1003.880981,,,
16647638612277,Lacc,8.199143,2.905964,-4.115265,
16647638612277,GameRo,-0.394289,-0.531090,-0.196847,0.723693
16647658524777,Lacc,7.443121,2.876298,-4.149961,
16647658524777,GameRo,-0.394190,-0.531544,-0.197054,0.723357
16647685235027,pre,1003.893005,,,
16647699639027,pre,1003.893738,,,
16647678437277,Gyro,0.902064,1.983051,5.318732,
16647698349777,Gyro,0.465466,1.802931,5.203662,
16647678437277,Lacc,7.715291,4.619948,-4.991775,
16647678437277,GameRo,-0.418887,-0.461644,-0.120568,0.772581
16647698349777,Lacc,6.491652,4.531353,-4.729739,
16647698349777,GameRo,-0.418736,-0.462313,-0.120940,0.772205
16647714959027,pre,1003.884766,,,
16647730279027,pre,1003.895996,,,
16647745599027,pre,1003.884766,,,
16647718262527,Gyro,0.162294,1.597136,4.986427,
16647738175527,Gyro,0.004656,1.388149,4.681527,
16647718262527,Lacc,6.366826,5.860163,-5.127461,
16647718262527,GameRo,-0.452571,-0.391065,-0.051734,0.799732
16647738175527,Lacc,4.943293,5.687476,-4.953072,
16647738175527,GameRo,-0.452425,-0.391906,-0.052233,0.799371
16647760919027,pre,1003.884766,,,
16647776239027,pre,1003.890747,,,
16647758088277,Gyro,-0.047624,1.200978,4.320755,
16647778000777,Gyro,-0.083143,1.026046,3.943220,
16647791436027,pre,1003.893005,,,
16647758088277,Lacc,5.302859,6.685112,-5.258217,
16647758088277,GameRo,-0.485032,-0.327299,0.009012,0.810887
16647778000777,Lacc,4.200265,6.845963,-5.332010,
16647778000777,GameRo,-0.484935,-0.328289,0.008404,0.810552
16647806848027,pre,1003.897522,,,
16647822198027,pre,1003.887024,,,
16647797913527,Gyro,-0.092055,0.853243,3.546530,
16647817826527,Gyro,-0.063587,0.675650,3.080666,
16647797913527,Lacc,4.440453,7.775402,-5.429569,
16647797913527,GameRo,-0.510354,-0.274192,0.060546,0.812829
16647817826527,Lacc,3.407766,8.266828,-5.045227,
16647817826527,GameRo,-0.510250,-0.275285,0.059825,0.812579
16647837396027,pre,1003.898254,,,
16647852807027,pre,1003.887756,,,
16647837739277,Gyro,-0.021684,0.546214,2.558264,
16647857651777,Gyro,-0.026207,0.372479,2.011785,
16647869592027,pre,1003.887756,,,
16647837739277,Lacc,3.633204,8.982733,-4.877027,
16647837739277,GameRo,-0.527627,-0.234191,0.101028,0.810283
16647857651777,Lacc,2.767810,9.374590,-4.669642,
16647857651777,GameRo,-0.527495,-0.235329,0.100236,0.810137
16647883447027,pre,1003.890015,,,
16647891107027,pre,1003.897522,,,
16647906427027,pre,1003.896729,,,
16647877541527,Gyro,-0.048555,0.169478,1.401452,
16647897408527,Gyro,-0.049353,-0.080881,0.768105,
16647877541527,Lacc,2.911218,9.819135,-4.418453,
16647877541527,GameRo,-0.537213,-0.209952,0.127172,0.806938
16647897408527,Lacc,2.144122,9.905604,-4.049506,
16647897408527,GameRo,-0.536987,-0.211067,0.126346,0.806928
16647921716027,pre,1003.890747,,,
16647944726027,pre,1003.892273,,,
16647917298527,Gyro,0.021684,-0.478369,0.089927,
16647937211527,Gyro,0.185042,-0.869605,-0.652237,
16647917298527,Lacc,2.433517,9.878571,-3.483381,
16647917298527,GameRo,-0.540013,-0.206292,0.138092,0.804214
16647937211527,Lacc,3.378753,9.860664,-2.864971,
16647937211527,GameRo,-0.539558,-0.207299,0.137244,0.804406
16647960046027,pre,1003.898254,,,
16647975366027,pre,1003.882507,,,
16647957147277,Gyro,0.375139,-1.239556,-1.462245,
16647977105777,Gyro,0.600622,-1.558824,-2.296199,
16647957147277,Lacc,4.286682,9.647415,-2.450051,
16647957147277,GameRo,-0.530405,-0.229616,0.135491,0.804729
16647977105777,Lacc,5.473122,9.053222,-2.474077,
16647990564027,pre,1003.874268,,,
16647977105777,GameRo,-0.529956,-0.230591,0.134662,0.804885
16648006005027,pre,1003.879517,,,
16648021325027,pre,1003.887024,,,
16647997041277,Gyro,0.733251,-1.857206,-3.081597,
16648016953777,Gyro,0.692412,-2.182726,-3.879766,
16647997041277,Lacc,5.505802,8.297538,-2.817053,
16647997041277,GameRo,-0.503873,-0.279673,0.115509,0.809044
16648016953777,Lacc,7.372237,8.082554,-3.155847,
16648016953777,GameRo,-0.503497,-0.280640,0.114725,0.809055
16648036645027,pre,1003.887756,,,
16648051965027,pre,1003.901245,,,
16648036874027,Gyro,0.527058,-2.447053,-4.726756,
16648056802027,Gyro,0.311818,-2.628370,-5.508163,
16648068109027,pre,1003.902771,,,
16648036874027,Lacc,8.386896,7.410992,-3.545067,
16648036874027,GameRo,-0.462970,-0.353516,0.075848,0.809279
16648056802027,Lacc,11.209141,7.243466,-3.987218,
16648056802027,GameRo,-0.462615,-0.354413,0.075132,0.809156
16648082605027,pre,1003.905029,,,
16648097955027,pre,1003.914001,,,
16648076714777,Gyro,0.062789,-2.694352,-6.118896,
16648096612277,Gyro,-0.329112,-2.711114,-6.554829,
16648076714777,Lacc,11.637563,5.787507,-3.756070,
16648076714777,GameRo,-0.410921,-0.445225,0.011043,0.795485
16648096612277,Lacc,13.327766,5.697150,-4.132441,
16648096612277,GameRo,-0.410594,-0.445941,0.010464,0.795261
16648113244027,pre,1003.912537,,,
16648128595027,pre,1003.895264,,,
16648143914027,pre,1003.902771,,,
16648116494527,Gyro,-0.909114,-2.737054,-6.778450,
16648136361527,Gyro,-1.583833,-2.637017,-6.718986,
16648116494527,Lacc,13.140860,3.526792,-3.547358,
16648116494527,GameRo,-0.353261,-0.538130,-0.075054,0.761571
16648136361527,Lacc,13.780083,2.995925,-3.409544,
16648136361527,GameRo,-0.353034,-0.538578,-0.075396,0.761325
16648159143027,pre,1003.902039,,,
16648174432027,pre,1003.904236,,,
16648156251277,Gyro,-2.126588,-2.533787,-6.466498,
16648176163777,Gyro,-2.408076,-2.381337,-5.987331,
16648156251277,Lacc,11.910990,0.117308,-1.384122,
16648156251277,GameRo,-0.305733,-0.616841,-0.174883,0.703882
16648176163777,Lacc,10.389055,-0.241883,-0.111310,
16648176163777,GameRo,-0.305660,-0.616913,-0.174974,0.703828
16648189721027,pre,1003.914001,,,
16648205041027,pre,1003.905029,,,
16648220361027,pre,1003.920776,,,
16648196076527,Gyro,-2.686903,-2.007927,-5.247561,
16648215989527,Gyro,-2.671205,-1.577847,-4.236148,
16648196076527,Lacc,8.451344,-3.746663,1.355426,
16648196076527,GameRo,-0.272476,-0.671121,-0.272169,0.633464
16648215989527,Lacc,6.283986,-5.082622,1.069446,
16648215989527,GameRo,-0.272714,-0.670940,-0.271900,0.633670
16648235650027,pre,1003.913269,,,
16648251092027,pre,1003.911011,,,
16648235932777,Gyro,-2.450911,-1.363273,-3.278479,
16648255906277,Gyro,-2.255758,-1.294896,-2.596976,
16648235932777,Lacc,5.294378,-5.061796,0.430784,
16648267358027,pre,1003.908752,,,
16648235932777,GameRo,-0.257713,-0.695156,-0.349992,0.572580
16648255906277,Lacc,5.728067,-3.369909,-0.090394,
16648255906277,GameRo,-0.257944,-0.695045,-0.349739,0.572765
16648289392027,pre,1003.914001,,,
16648304711027,pre,1003.915527,,,
16648275818777,Gyro,-2.110093,-1.145372,-2.111157,
16648295670277,Gyro,-2.038390,-0.821981,-1.820490,
16648275818777,Lacc,6.607927,-4.081959,0.407290,
16648275818777,GameRo,-0.256618,-0.705049,-0.402404,0.524523
16648295670277,Lacc,6.519155,-5.118032,0.669772,
16648295670277,GameRo,-0.256966,-0.704844,-0.402094,0.524866
16648320031027,pre,1003.912537,,,
16648335351027,pre,1003.916992,,,
16648315583027,Gyro,-1.990367,-0.454025,-1.767545,
16648335557027,Gyro,-2.006330,-0.203799,-1.938486,
16648315583027,Lacc,5.845310,-7.760832,0.952516,
16648315583027,GameRo,-0.259076,-0.704895,-0.444292,0.488475
16648335557027,Lacc,4.284847,-9.504176,1.380072,
16648335557027,GameRo,-0.259674,-0.704578,-0.443802,0.489060
16648350579027,pre,1003.909485,,,
16648366052027,pre,1003.914734,,,
16648381341027,pre,1003.917786,,,
16648355500277,Gyro,-2.165033,-0.098175,-2.028280,
16648375412777,Gyro,-2.399961,-0.023413,-2.010720,
16648355500277,Lacc,3.037658,-10.977270,1.659384,
16648355500277,GameRo,-0.254360,-0.697145,-0.488809,0.458646
16648375412777,Lacc,2.125751,-10.862839,2.251091,
16648375412777,GameRo,-0.255080,-0.696727,-0.488342,0.459378
16648396661027,pre,1003.923035,,,
16648411981027,pre,1003.920776,,,
16648395317777,Gyro,-2.524076,0.096046,-1.794018,
16648415215277,Gyro,-2.296332,0.048422,-1.489915,
16648395317777,Lacc,1.390517,-11.250092,2.101358,
16648395317777,GameRo,-0.249707,-0.681763,-0.538426,0.427719
16648415215277,Lacc,0.951542,-12.110287,2.430306,
16648415215277,GameRo,-0.250522,-0.681275,-0.538015,0.428535
16648427270027,pre,1003.914734,,,
16648442620027,pre,1003.925232,,,
16648457940027,pre,1003.923767,,,
16648435128027,Gyro,-1.558159,0.048555,-1.135129,
16648455056027,Gyro,-0.708242,0.033124,-0.651838,
16648435128027,Lacc,1.492626,-13.411794,2.263410,
16648435128027,GameRo,-0.249575,-0.662602,-0.580014,0.402809
16648455056027,Lacc,1.209503,-13.651907,2.613410,
16648455056027,GameRo,-0.250440,-0.662054,-0.579679,0.403654
16648473260027,pre,1003.927490,,,
16648488458027,pre,1003.915527,,,
16648503869027,pre,1003.916992,,,
16648474946027,Gyro,-0.157505,0.047491,-0.052679,
16648494798027,Gyro,-0.063055,0.126776,0.580668,
16648474946027,Lacc,1.441096,-12.826921,2.421400,
16648474946027,GameRo,-0.248283,-0.656205,-0.593437,0.394441
16648494798027,Lacc,1.675251,-11.949614,2.097167,
16648494798027,GameRo,-0.249128,-0.655682,-0.593125,0.395246
16648519189027,pre,1003.911011,,,
16648534509027,pre,1003.906494,,,
16648514710777,Gyro,-0.203267,0.254084,1.183818,
16648534684277,Gyro,-0.319534,0.351327,1.666710,
16648514710777,Lacc,1.510739,-11.324815,1.748877,
16648514710777,GameRo,-0.256899,-0.650269,-0.589347,0.404751
16648534684277,Lacc,1.603010,-11.135763,0.951686,
16648534684277,GameRo,-0.257745,-0.649832,-0.588951,0.405491
16648549707027,pre,1003.911011,,,
16648565118027,pre,1003.914734,,,
16648580438027,pre,1003.906494,,,
16648554627527,Gyro,-0.319534,0.342148,2.011785,
16648574540527,Gyro,-0.134358,0.439259,2.299658,
16648554627527,Lacc,2.437944,-10.496101,-0.014126,
16648554627527,GameRo,-0.278862,-0.633821,-0.580337,0.428620
16648574540527,Lacc,3.921520,-10.692789,-0.423500,
16648574540527,GameRo,-0.279662,-0.633496,-0.579863,0.429222
16648595758027,pre,1003.914734,,,
16648611047027,pre,1003.902771,,,
16648594453277,Gyro,0.178923,0.641063,2.601233,
16648614365777,Gyro,0.469456,0.695338,2.825119,
16648594453277,Lacc,4.232532,-9.541122,-1.257441,
16648594453277,GameRo,-0.305085,-0.614326,-0.562901,0.461161
16648614365777,Lacc,5.406642,-9.012988,-2.187705,
16648614365777,GameRo,-0.305794,-0.614143,-0.562382,0.461569
16648634027027,pre,1003.893005,,,
16648649346027,pre,1003.896729,,,
16648634278527,Gyro,0.854174,0.719948,2.951230,
16648654191527,Gyro,1.469296,0.898871,3.062175,
16648666803027,pre,1003.884766,,,
16648634278527,Lacc,7.093243,-8.010792,-2.915681,
16648634278527,GameRo,-0.327973,-0.594840,-0.533062,0.504426
16648654191527,Lacc,8.867001,-8.192442,-3.418519,
16648654191527,GameRo,-0.328576,-0.594746,-0.532563,0.504670
16648679986027,pre,1003.893005,,,
16648695306027,pre,1003.883240,,,
16648674104277,Gyro,2.293139,1.099345,3.154497,
16648694016777,Gyro,3.217419,1.245543,3.260121,
16648674104277,Lacc,9.767202,-7.035078,-4.358325,
16648674104277,GameRo,-0.339553,-0.580125,-0.488009,0.556781
16648694016777,Lacc,10.265935,-6.646476,-5.141469,
16648694016777,GameRo,-0.340065,-0.580172,-0.487536,0.556835
16648710626027,pre,1003.880249,,,
16648725946027,pre,1003.867493,,,
16648741265027,pre,1003.857788,,,
16648713929277,Gyro,4.086093,1.248735,3.441172,
16648733841777,Gyro,4.617008,1.320437,3.753788,
16648713929277,Lacc,10.332243,-5.054897,-6.624451,
16648713929277,GameRo,-0.328266,-0.573505,-0.419444,0.622416
16648733841777,Lacc,10.913670,-3.875316,-7.896524,
16648733841777,GameRo,-0.328666,-0.573786,-0.419044,0.622214
16648756585027,pre,1003.855530,,,
16648771905027,pre,1003.857788,,,
16648753754527,Gyro,4.819610,1.416085,4.131455,
16648773667527,Gyro,4.720637,1.417814,4.417200,
16648787927027,pre,1003.864502,,,
16648802392027,pre,1003.870483,,,
16648753754527,Lacc,9.607378,-1.937106,-9.272112,
16648753754527,GameRo,-0.301316,-0.567600,-0.324749,0.693957
16648773667527,Lacc,7.571795,-1.638899,-9.838965,
16648773667527,GameRo,-0.301648,-0.568127,-0.324447,0.693523
16648817712027,pre,1003.861511,,,
16648793557527,Gyro,4.311043,1.232506,4.662637,
16648813424527,Gyro,3.853160,1.070877,4.809766,
16648793557527,Lacc,5.971418,-0.283919,-10.226717,
16648793557527,GameRo,-0.275894,-0.548573,-0.215656,0.759238
16648813424527,Lacc,4.616735,-0.629769,-8.989920,
16648813424527,GameRo,-0.276173,-0.549219,-0.215492,0.758717
16648833001027,pre,1003.859985,,,
16648848321027,pre,1003.859985,,,
16648833314277,Gyro,3.250942,0.679774,4.895569,
16648853226777,Gyro,2.539108,0.392300,4.834110,
16648865167027,pre,1003.865234,,,
16648833314277,Lacc,4.170102,1.215360,-8.220102,
16648833314277,GameRo,-0.265073,-0.520629,-0.105314,0.804731
16648853226777,Lacc,3.875009,1.391732,-7.015956,
16648853226777,GameRo,-0.265163,-0.521320,-0.105398,0.804242
16648878900027,pre,1003.874268,,,
16648894189027,pre,1003.877991,,,
16648873162277,Gyro,1.785637,0.131299,4.657183,
16648893120777,Gyro,1.046932,-0.089794,4.387002,
16648873162277,Lacc,4.232109,2.789940,-6.943789,
16648873162277,GameRo,-0.272828,-0.493353,-0.003958,0.825925
16648893120777,Lacc,3.654394,2.286091,-6.896754,
16648893120777,GameRo,-0.272844,-0.494121,-0.004196,0.825460
16648909600027,pre,1003.871277,,,
16648924920027,pre,1003.867493,,,
16648940240027,pre,1003.866028,,,
16648913056527,Gyro,0.567498,-0.282020,3.985124,
16648932969527,Gyro,0.137152,-0.395759,3.593889,
16648913056527,Lacc,3.893133,3.149364,-7.228872,
16648913056527,GameRo,-0.297570,-0.471353,0.077877,0.826567
16648932969527,Lacc,3.348430,3.265935,-7.439731,
16648932969527,GameRo,-0.297561,-0.472224,0.077506,0.826108
16648955560027,pre,1003.874268,,,
16648970880027,pre,1003.876526,,,
16648952882277,Gyro,-0.115468,-0.446043,3.185891,
16648972794777,Gyro,-0.164423,-0.503112,2.784013,
16648952882277,Lacc,3.387576,4.187518,-7.369148,
16648952882277,GameRo,-0.327418,-0.457346,0.138976,0.815057
16648972794777,Lacc,2.784596,4.520092,-7.157111,
16648972794777,GameRo,-0.327359,-0.458270,0.138472,0.814647
16648993890027,pre,1003.871277,,,
16649009210027,pre,1003.890015,,,
16648992707277,Gyro,-0.120257,-0.510296,2.416456,
16649012619777,Gyro,-0.016762,-0.522269,2.060340,
16649024499027,pre,1003.887024,,,
16648992707277,Lacc,3.114135,5.637094,-6.659671,
16648992707277,GameRo,-0.353190,-0.449069,0.184151,0.799802
16649012619777,Lacc,2.603394,5.937521,-6.313155,
16649012619777,GameRo,-0.353017,-0.450007,0.183507,0.799499
16649039849027,pre,1003.893005,,,
16649055169027,pre,1003.893738,,,
16649032532527,Gyro,0.141542,-0.590379,1.687063,
16649052445527,Gyro,0.349997,-0.719017,1.259377,
16649032532527,Lacc,2.601122,6.347637,-5.853011,
16649032532527,GameRo,-0.368885,-0.444654,0.218681,0.786375
16649052445527,Lacc,2.282810,6.250510,-5.587214,
16649052445527,GameRo,-0.368677,-0.445570,0.217989,0.786146
16649070367027,pre,1003.890747,,,
16649085687027,pre,1003.902039,,,
16649101129027,pre,1003.906494,,,
16649072335527,Gyro,0.545548,-0.893284,0.801362,
16649092202527,Gyro,0.706646,-1.131537,0.339355,
16649072335527,Lacc,2.471613,6.355803,-5.353745,
16649072335527,GameRo,-0.370354,-0.447054,0.244995,0.776504
16649092202527,Lacc,2.701913,6.207527,-5.143764,
16649092202527,GameRo,-0.370102,-0.447929,0.244282,0.776345
16649116449027,pre,1003.902771,,,
16649131768027,pre,1003.905762,,,
16649139428027,pre,1003.911011,,,
16649112115277,Gyro,0.838876,-1.419011,-0.102964,
16649132073777,Gyro,0.971106,-1.720187,-0.527856,
16649112115277,Lacc,3.110103,6.113304,-4.705019,
16649112115277,GameRo,-0.355724,-0.460498,0.263085,0.769538
16649132073777,Lacc,3.775014,6.044363,-4.032631,
16649132073777,GameRo,-0.355344,-0.461245,0.262363,0.769513
16649154718027,pre,1003.906494,,,
16649170037027,pre,1003.913269,,,
16649152009277,Gyro,1.219469,-1.959505,-0.913238,
16649171921777,Gyro,1.744265,-2.146542,-1.187675,
16649185266027,pre,1003.902771,,,
16649152009277,Lacc,3.761663,5.526068,-2.912411,
16649152009277,GameRo,-0.325161,-0.486744,0.274405,0.762924
16649171921777,Lacc,3.153909,4.911156,-1.444545,
16649171921777,GameRo,-0.324704,-0.487154,0.273825,0.763065
16649200677027,pre,1003.903503,,,
16649215905027,pre,1003.909485,,,
16649191834527,Gyro,2.472594,-2.377612,-1.343584,
16649211747527,Gyro,2.669742,-2.234075,-1.414089,
16649191834527,Lacc,1.798318,5.061783,0.290729,
16649191834527,GameRo,-0.272888,-0.517331,0.286247,0.758923
16649211747527,Lacc,1.673641,8.033413,-0.654071,
16649211747527,GameRo,-0.272124,-0.517586,0.285506,0.759302
16649231317027,pre,1003.909485,,,
16649246637027,pre,1003.904236,,,
16649231668027,Gyro,1.998482,-2.218112,-1.511067,
16649251596027,Gyro,0.806550,-2.417654,-1.741738,
16649263513027,pre,1003.913269,,,
16649231668027,Lacc,1.738593,9.164267,-3.529704,
16649231668027,GameRo,-0.203494,-0.543774,0.301478,0.756314
16649251596027,Lacc,4.323656,9.014495,-5.310582,
16649251596027,GameRo,-0.202843,-0.544443,0.300616,0.756351
16649277276027,pre,1003.914001,,,
16649300256027,pre,1003.923767,,,
16649271485777,Gyro,-0.157638,-2.479512,-2.080161,
16649291337277,Gyro,-0.549539,-2.256557,-2.446388,
16649271485777,Lacc,6.081327,6.773416,-4.677640,
16649271485777,GameRo,-0.156570,-0.582612,0.290580,0.742706
16649291337277,Lacc,7.153093,5.880401,-3.327887,
16649291337277,GameRo,-0.156062,-0.583047,0.289910,0.742733
16649315576027,pre,1003.923767,,,
16649330896027,pre,1003.919250,,,
16649311242277,Gyro,-0.581466,-2.122863,-2.886046,
16649331200777,Gyro,-0.503245,-2.104771,-3.285529,
16649311242277,Lacc,6.576446,5.298375,-0.909870,
16649311242277,GameRo,-0.121615,-0.626221,0.252743,0.727446
16649331200777,Lacc,7.019113,4.624608,0.010256,
16649331200777,GameRo,-0.121185,-0.626351,0.252215,0.727589
16649346124027,pre,1003.925232,,,
16649361535027,pre,1003.934265,,,
16649376855027,pre,1003.920776,,,
16649351136277,Gyro,-0.182515,-2.156519,-3.544535,
16649371048777,Gyro,0.389506,-2.214387,-3.754586,
16649351136277,Lacc,6.758135,2.610232,1.393196,
16649351136277,GameRo,-0.075577,-0.665345,0.202447,0.714576
16649371048777,Lacc,7.111568,2.244609,1.498847,
16649371048777,GameRo,-0.075325,-0.665315,0.202128,0.714722
16649392175027,pre,1003.930481,,,
16649407525027,pre,1003.927490,,,
16649390961527,Gyro,0.957271,-2.252965,-3.946147,
16649410874527,Gyro,1.257116,-2.512104,-4.281245,
16649422937027,pre,1003.916992,,,
16649390961527,Lacc,6.607894,0.625416,1.522218,
16649390961527,GameRo,-0.010315,-0.698309,0.156575,0.698386
16649410874527,Lacc,7.016165,0.646933,-0.073341,
16649410874527,GameRo,-0.010203,-0.698324,0.156414,0.698408
16649438165027,pre,1003.926758,,,
16649453454027,pre,1003.926758,,,
16649430795027,Gyro,0.630287,-2.108629,-3.680091,
16649450723027,Gyro,1.386552,-1.530356,-3.124033,
16649430795027,Lacc,5.201705,-0.901701,-0.178290,
16649430795027,GameRo,0.069095,-0.724451,0.115044,0.676137
16649450723027,Lacc,7.751357,-5.817127,5.020262,
16649450723027,GameRo,0.068841,-0.724198,0.115405,0.676372
16649468774027,pre,1003.935730,,,
16649484979027,pre,1003.927490,,,
16649499414027,pre,1003.929749,,,
16649470612777,Gyro,1.488186,-1.313653,-3.293378,
16649490464277,Gyro,1.586893,-1.766082,-3.361754,
16649470612777,Lacc,5.546890,-3.720260,5.799886,
16649470612777,GameRo,0.135032,-0.736095,0.087886,0.657424
16649490464277,Lacc,2.799728,-2.541426,4.286550,
16649490464277,GameRo,0.134806,-0.735804,0.088170,0.657759
16649514733027,pre,1003.931274,,,
16649530053027,pre,1003.926758,,,
16649510369277,Gyro,2.156919,-2.031606,-3.138932,
16649530327777,Gyro,2.374819,-1.991964,-2.759536,
16649510369277,Lacc,2.548654,-3.199710,4.103621,
16649510369277,GameRo,0.206734,-0.744147,0.064178,0.631971
16649530327777,Lacc,2.277299,-3.085008,3.916180,
16649530327777,GameRo,0.206447,-0.743904,0.064565,0.632311
16649545343027,pre,1003.917786,,,
16649560693027,pre,1003.927490,,,
16649576013027,pre,1003.926025,,,
16649550263527,Gyro,2.222900,-1.710343,-2.411534,
16649570176527,Gyro,1.512264,-1.387617,-2.190442,
16649550263527,Lacc,2.583301,-3.861228,4.912377,
16649550263527,GameRo,0.278459,-0.751764,0.057355,0.594998
16649570176527,Lacc,1.776084,-2.923763,4.784568,
16649570176527,GameRo,0.278145,-0.751485,0.057780,0.595456
16649591333027,pre,1003.927490,,,
16649606652027,pre,1003.926758,,,
16649590097027,Gyro,0.461608,-1.115840,-2.030941,
16649610025027,Gyro,-0.499654,-0.804022,-1.853880,
16649590097027,Lacc,1.558134,-3.168770,5.159385,
16649590097027,GameRo,0.328755,-0.752298,0.046496,0.569040
16649610025027,Lacc,1.113845,-3.342705,4.771546,
16649610025027,GameRo,0.328411,-0.752052,0.047003,0.569521
16649629632027,pre,1003.924500,,,
16649644952027,pre,1003.929749,,,
16649629945277,Gyro,-1.293832,-0.504177,-1.615095,
16649649857777,Gyro,-1.941945,-0.190230,-1.289575,
16649629945277,Lacc,1.169677,-4.427726,4.605465,
16649661309027,pre,1003.929016,,,
16649629945277,GameRo,0.349823,-0.748515,0.013382,0.563179
16649649857777,Lacc,1.056879,-5.176294,4.497657,
16649649857777,GameRo,0.349395,-0.748368,0.014098,0.563622
16649675592027,pre,1003.925232,,,
16649690881027,pre,1003.927490,,,
16649669770277,Gyro,-2.312428,0.081679,-0.927871,
16649689682777,Gyro,-2.248043,0.275102,-0.542090,
16649669770277,Lacc,1.082236,-7.271106,4.371200,
16649669770277,GameRo,0.345487,-0.741064,-0.029660,0.574963
16649689682777,Lacc,1.221889,-9.039377,4.601713,
16649689682777,GameRo,0.344916,-0.741052,-0.028637,0.575373
16649706079027,pre,1003.934998,,,
16649721521027,pre,1003.931274,,,
16649737329027,pre,1003.937988,,,
16649709595527,Gyro,-1.784706,0.426355,-0.119326,
16649729508527,Gyro,-1.142313,0.521736,0.305566,
16649709595527,Lacc,1.721103,-10.557365,4.109601,
16649709595527,GameRo,0.326307,-0.732165,-0.064159,0.594425
16649729508527,Lacc,2.474020,-10.451006,3.876305,
16649729508527,GameRo,0.325704,-0.732216,-0.063118,0.594804
16649752160027,pre,1003.940979,,,
16649767480027,pre,1003.933533,,,
16649749421277,Gyro,-0.596232,0.647714,0.692279,
16649769333777,Gyro,-0.239850,0.764513,1.035491,
16649782800027,pre,1003.938782,,,
16649749421277,Lacc,3.301037,-9.694519,2.925327,
16649749421277,GameRo,0.307697,-0.726356,-0.070999,0.610483
16649769333777,Lacc,4.004316,-9.086077,2.259244,
16649769333777,GameRo,0.307155,-0.726443,-0.070078,0.610758
16649798120027,pre,1003.939514,,,
16649813440027,pre,1003.944031,,,
16649789246527,Gyro,0.042569,0.921752,1.318974,
16649809159527,Gyro,0.409328,0.965651,1.520379,
16649789246527,Lacc,3.569881,-8.814301,1.722162,
16649789246527,GameRo,0.289748,-0.722898,-0.054682,0.624880
16649809159527,Lacc,2.650362,-9.199598,1.887283,
16649809159527,GameRo,0.289190,-0.723005,-0.053747,0.625095
16649828759027,pre,1003.932739,,,
16649844079027,pre,1003.930481,,,
16649829072277,Gyro,0.812935,0.865880,1.620682,
16649848984777,Gyro,1.303676,0.804687,1.702893,
16649860894027,pre,1003.926025,,,
16649829072277,Lacc,2.803936,-8.931449,1.589573,
16649829072277,GameRo,0.272944,-0.719901,-0.022093,0.637774
16649848984777,Lacc,4.478001,-9.278762,1.314632,
16649848984777,GameRo,0.272418,-0.720006,-0.021229,0.637911
16649874719027,pre,1003.924500,,,
16649890039027,pre,1003.926758,,,
16649868897527,Gyro,1.958307,0.842467,1.800137,
16649888810527,Gyro,2.653779,1.061964,1.990367,
16649868897527,Lacc,5.985605,-8.658242,0.732687,
16649868897527,GameRo,0.264712,-0.718832,0.024996,0.642327
16649888810527,Lacc,7.191284,-8.132891,0.181427,
16649888810527,GameRo,0.264281,-0.718936,0.025696,0.642360
16649905358027,pre,1003.919250,,,
16649920709027,pre,1003.914001,,,
16649936029027,pre,1003.908752,,,
16649908700527,Gyro,3.150506,1.339327,2.279570,
16649928567527,Gyro,3.353108,1.621081,2.614668,
16649908700527,Lacc,7.131027,-6.099973,-0.442778,
16649908700527,GameRo,0.268198,-0.712737,0.095773,0.641017
16649928567527,Lacc,7.044741,-4.960722,-0.760519,
16649928567527,GameRo,0.267917,-0.712831,0.096214,0.640965
16649951348027,pre,1003.912537,,,
16649966668027,pre,1003.908752,,,
16649948480277,Gyro,3.279676,1.898578,2.953358,
16649968438777,Gyro,3.022799,2.190442,3.242827,
16649948480277,Lacc,6.851222,-2.939033,-1.406470,
16649948480277,GameRo,0.268794,-0.696890,0.185649,0.638458
16649968438777,Lacc,6.905501,-2.322890,-1.666631,
16649968438777,GameRo,0.268670,-0.696990,0.185815,0.638353
16649989648027,pre,1003.914001,,,
16650004998027,pre,1003.906494,,,
16649988374277,Gyro,2.611609,2.452241,3.481613,
16650008286777,Gyro,1.995688,2.642072,3.688205,
16649988374277,Lacc,6.814099,-0.506775,-2.780261,
16649988374277,GameRo,0.252048,-0.672218,0.279807,0.637419
16650008286777,Lacc,6.687969,-0.251286,-2.904811,
16650008286777,GameRo,0.252087,-0.672372,0.279712,0.637282
16650020227027,pre,1003.915527,,,
16650035638027,pre,1003.908752,,,
16650050958027,pre,1003.906494,,,
16650028199277,Gyro,1.291437,2.748096,3.889344,
16650048111777,Gyro,0.606342,2.707389,4.048712,
16650028199277,Lacc,6.538552,1.297500,-3.966950,
16650028199277,GameRo,0.211457,-0.643749,0.364450,0.638788
16650048111777,Lacc,6.205998,1.267586,-3.649236,
16650048111777,GameRo,0.211648,-0.643968,0.364153,0.638673
16650066278027,pre,1003.916992,,,
16650081597027,pre,1003.914001,,,
16650096795027,pre,1003.902771,,,
16650068001527,Gyro,0.036450,2.612806,4.170699,
16650087868527,Gyro,-0.400016,2.450911,4.229896,
16650068001527,Lacc,6.108437,2.528286,-4.246706,
16650068001527,GameRo,0.146687,-0.619952,0.432331,0.638147
16650087868527,Lacc,5.138770,2.329091,-3.900658,
16650087868527,GameRo,0.147004,-0.620237,0.431898,0.638091
16650112207027,pre,1003.914001,,,
16650127557027,pre,1003.902771,,,
16650107758527,Gyro,-0.717820,2.226359,4.251048,
16650127671527,Gyro,-0.935853,1.974803,4.235084,
16650107758527,Lacc,5.041862,3.635135,-4.505791,
16650107758527,GameRo,0.068538,-0.602916,0.484865,0.629842
16650127671527,Lacc,3.992942,3.617458,-4.642566,
16650127671527,GameRo,0.068978,-0.603316,0.484288,0.629855
16650142755027,pre,1003.900513,,,
16650158197027,pre,1003.890747,,,
16650173516027,pre,1003.889282,,,
16650147607277,Gyro,-1.076198,1.679747,4.136776,
16650167565777,Gyro,-1.065289,1.402649,3.961179,
16650147607277,Lacc,4.454690,5.155030,-5.300339,
16650147607277,GameRo,-0.012030,-0.591603,0.525756,0.611099
16650167565777,Lacc,3.766171,5.187087,-5.348631,
16650167565777,GameRo,-0.011477,-0.592123,0.525045,0.611218
16650188836027,pre,1003.891479,,,
16650204187027,pre,1003.898254,,,
16650187501277,Gyro,-0.865614,1.165859,3.696187,
16650207413777,Gyro,-0.609269,0.970041,3.366544,
16650220330027,pre,1003.895264,,,
16650187501277,Lacc,4.143753,6.270587,-5.215845,
16650187501277,GameRo,-0.084636,-0.583642,0.557760,0.584040
16650207413777,Lacc,3.145771,6.400112,-5.001906,
16650207413777,GameRo,-0.084017,-0.584214,0.556989,0.584293
16650234796027,pre,1003.895264,,,
16650250116027,pre,1003.903503,,,
16650227326527,Gyro,-0.403873,0.757994,2.926619,
16650247239527,Gyro,-0.301575,0.595700,2.447718,
16650227326527,Lacc,3.514005,7.381859,-4.781656,
16650227326527,GameRo,-0.139331,-0.573364,0.584986,0.556446
16650247239527,Lacc,2.764377,7.691378,-4.749568,
16650247239527,GameRo,-0.138642,-0.573981,0.584172,0.556836
16650265435027,pre,1003.907288,,,
16650280786027,pre,1003.914001,,,
16650296106027,pre,1003.898987,,,
16650267129527,Gyro,-0.251955,0.387245,1.908156,
16650286996527,Gyro,-0.231070,0.150854,1.288644,
16650267129527,Lacc,2.973312,8.499949,-4.513402,
16650267129527,GameRo,-0.175216,-0.564292,0.604410,0.534381
16650286996527,Lacc,2.720800,9.043618,-4.029464,
16650286996527,GameRo,-0.174409,-0.564846,0.603619,0.534953
16650311425027,pre,1003.902039,,,
16650326745027,pre,1003.905029,,,
16650306909027,Gyro,-0.208189,-0.095248,0.589315,
16650326867027,Gyro,-0.167083,-0.359974,-0.150721,
16650306909027,Lacc,3.439657,9.691754,-3.582547,
16650306909027,GameRo,-0.191429,-0.562163,0.612854,0.521284
16650326867027,Lacc,3.955261,9.793420,-3.278265,
16650326867027,GameRo,-0.190547,-0.562605,0.612134,0.521977
16650341973027,pre,1003.905029,,,
16650357385027,pre,1003.908020,,,
16650372735027,pre,1003.914001,,,
16650346802527,Gyro,-0.148859,-0.653567,-0.926940,
16650366715527,Gyro,-0.139946,-0.882376,-1.683338,
16650346802527,Lacc,4.746799,9.515116,-2.921068,
16650346802527,GameRo,-0.184425,-0.569799,0.608851,0.520209
16650366715527,Lacc,5.591671,8.945845,-3.021795,
16650366715527,GameRo,-0.183581,-0.570223,0.608144,0.520869
16650387933027,pre,1003.899780,,,
16650403344027,pre,1003.908020,,,
16650386628277,Gyro,-0.135157,-1.105996,-2.383731,
16650406540777,Gyro,-0.179854,-1.356488,-3.005372,
16650386628277,Lacc,5.485538,8.354832,-3.017821,
16650386628277,GameRo,-0.153490,-0.587532,0.590772,0.531259
16650406540777,Lacc,6.496904,8.177313,-3.075931,
16650406540777,GameRo,-0.152697,-0.587935,0.590054,0.531839
16650418603027,pre,1003.908020,,,
16650434014027,pre,1003.911011,,,
16650449365027,pre,1003.911743,,,
16650426453527,Gyro,-0.277098,-1.526232,-3.546530,
16650446366527,Gyro,-0.365694,-1.577714,-4.002285,
16650426453527,Lacc,7.304297,7.336667,-2.901291,
16650426453527,GameRo,-0.102022,-0.612822,0.557799,0.550364
16650446366527,Lacc,9.079643,6.992364,-3.253704,
16650446366527,GameRo,-0.101309,-0.613174,0.557088,0.550824
16650464685027,pre,1003.914001,,,
16650480004027,pre,1003.913269,,,
16650495324027,pre,1003.913269,,,
16650466256527,Gyro,-0.398818,-1.553636,-4.367713,
16650486123527,Gyro,-0.404539,-1.527695,-4.656384,
16650466256527,Lacc,8.776255,5.803893,-3.080685,
16650466256527,GameRo,-0.037692,-0.640540,0.509010,0.573756
16650486123527,Lacc,8.816677,5.640134,-3.191146,
16650486123527,GameRo,-0.037094,-0.640818,0.508351,0.574070
16650510644027,pre,1003.923035,,,
16650525964027,pre,1003.918518,,,
16650506036277,Gyro,-0.396956,-1.605783,-4.868431,
16650525994777,Gyro,-0.383254,-1.720985,-4.970331,
16650506036277,Lacc,7.444969,4.121554,-2.421865,
16650506036277,GameRo,0.033848,-0.662931,0.448180,0.598758
16650525994777,Lacc,7.552714,3.854525,-1.871047,
16650525994777,GameRo,0.034284,-0.663066,0.447677,0.598961
16650541223027,pre,1003.915527,,,
16650556634027,pre,1003.922241,,,
16650571954027,pre,1003.920776,,,
16650545930277,Gyro,-0.380461,-1.792022,-4.927629,
16650565842777,Gyro,-0.508035,-1.806921,-4.772651,
16650545930277,Lacc,6.418134,2.055432,-0.472878,
16650545930277,GameRo,0.110711,-0.680012,0.379391,0.617567
16650565842777,Lacc,5.973195,2.204509,-0.056955,
16650565842777,GameRo,0.110956,-0.679992,0.379099,0.617724
16650587274027,pre,1003.926025,,,
16650602594027,pre,1003.911011,,,
16650585755527,Gyro,-0.863619,-1.783508,-4.574306,
16650605668527,Gyro,-1.485791,-1.574787,-4.253974,
16650585755527,Lacc,5.133442,0.650957,0.642776,
16650585755527,GameRo,0.181829,-0.692025,0.307276,0.627393
16650617791027,pre,1003.923035,,,
16650605668527,Lacc,5.505853,1.012604,-0.191973,
16650605668527,GameRo,0.181937,-0.692001,0.307127,0.627461
16650633203027,pre,1003.919250,,,
16650625581277,Gyro,-3.254667,-1.267226,-3.666522,
16650645493777,Gyro,-4.691504,-0.885169,-3.445828,
16650625581277,Lacc,5.936832,-1.697360,1.669363,
16650657037027,pre,1003.914001,,,
16650625581277,GameRo,0.227587,-0.702481,0.225211,0.635614
16650645493777,Lacc,6.587203,-3.297302,0.127706,
16650645493777,GameRo,0.227434,-0.702487,0.225436,0.635582
16650671502027,pre,1003.912537,,,
16650686700027,pre,1003.909485,,,
16650665406277,Gyro,-3.860477,-0.433938,-3.542407,
16650685318777,Gyro,-2.655641,-0.300511,-3.531765,
16650702020027,pre,1003.919250,,,
16650665406277,Lacc,5.561347,-6.050391,-1.205691,
16650665406277,GameRo,0.220422,-0.713302,0.113951,0.655461
16650685318777,Lacc,4.972476,-5.885771,-1.418717,
16650685318777,GameRo,0.220136,-0.713451,0.114439,0.655310
16650717431027,pre,1003.916260,,,
16650732782027,pre,1003.911011,,,
16650705231527,Gyro,-2.326263,-0.268052,-3.183497,
16650725144527,Gyro,-2.438539,-0.196483,-2.708054,
16650705231527,Lacc,4.913140,-7.595245,-0.478192,
16650705231527,GameRo,0.234160,-0.705549,0.029610,0.668202
16650725144527,Lacc,4.523327,-7.776711,0.069479,
16650725144527,GameRo,0.233710,-0.705679,0.030307,0.668190
16650748071027,pre,1003.914734,,,
16650763391027,pre,1003.911743,,,
16650745057277,Gyro,-2.491484,-0.135556,-2.225029,
16650764969777,Gyro,-2.271722,-0.146597,-1.812509,
16650745057277,Lacc,4.100411,-8.553774,-0.059727,
16650745057277,GameRo,0.238131,-0.695506,-0.039509,0.676760
16650778588027,pre,1003.907288,,,
16650764969777,Lacc,3.076880,-8.197588,0.152149,
16650764969777,GameRo,0.237604,-0.695678,-0.038721,0.676814
16650794030027,pre,1003.905029,,,
16650809350027,pre,1003.914001,,,
16650784882527,Gyro,-2.092267,-0.250625,-1.455993,
16650804795527,Gyro,-2.107432,-0.391768,-1.162932,
16650784882527,Lacc,2.312993,-8.771696,0.199764,
16650784882527,GameRo,0.230548,-0.686551,-0.094118,0.683108
16650804795527,Lacc,1.643420,-9.330280,0.582265,
16650804795527,GameRo,0.229901,-0.686730,-0.093232,0.683268
16650824639027,pre,1003.911011,,,
16650839959027,pre,1003.905029,,,
16650824716027,Gyro,-2.073510,-0.433007,-0.920289,
16650844644027,Gyro,-1.787366,-0.429149,-0.698664,
16650856561027,pre,1003.902039,,,
16650824716027,Lacc,1.444258,-10.755846,0.595210,
16650824716027,GameRo,0.215331,-0.682225,-0.138140,0.684922
16650844644027,Lacc,0.791336,-11.504320,0.349861,
16650844644027,GameRo,0.214575,-0.682444,-0.137146,0.685141
16650870599027,pre,1003.903503,,,
16650885797027,pre,1003.916260,,,
16650864556777,Gyro,-1.213483,-0.533709,-0.515617,
16650884454277,Gyro,-0.441121,-0.599159,-0.259272,
16650864556777,Lacc,0.930692,-12.468138,-0.197390,
16650864556777,GameRo,0.197882,-0.680555,-0.171097,0.684407
16650884454277,Lacc,1.384465,-12.932138,-0.150287,
16650884454277,GameRo,0.197092,-0.680800,-0.170083,0.684644
16650901239027,pre,1003.913269,,,
16650916558027,pre,1003.912537,,,
16650931878027,pre,1003.894531,,,
16650904359277,Gyro,0.322194,-0.626430,0.114271,
16650924271777,Gyro,0.960862,-0.700526,0.527324,
16650904359277,Lacc,1.603047,-12.610392,-0.003117,
16650904359277,GameRo,0.191901,-0.686899,-0.179950,0.677467
16650924271777,Lacc,2.536707,-11.608280,0.017054,
16650924271777,GameRo,0.191157,-0.687111,-0.179000,0.677714
16650947198027,pre,1003.893005,,,
16650962518027,pre,1003.886230,,,
16650944192027,Gyro,1.494039,-0.642526,0.961527,
16650964120027,Gyro,1.910550,-0.471319,1.422603,
16650944192027,Lacc,3.439597,-10.971664,0.919675,
16650944192027,GameRo,0.193776,-0.701954,-0.159459,0.666547
16650964120027,Lacc,3.505669,-10.559133,1.229866,
16650964120027,GameRo,0.193080,-0.702063,-0.158582,0.666843
16650977746027,pre,1003.888489,,,
16650993158027,pre,1003.893005,,,
16650984040277,Gyro,2.124859,-0.328180,1.854146,
16651003952777,Gyro,2.209598,-0.145799,2.233809,
16651016046027,pre,1003.886230,,,
16650984040277,Lacc,3.577809,-9.173550,1.615482,
16650984040277,GameRo,0.195901,-0.719224,-0.113266,0.656894
16651003952777,Lacc,4.188560,-8.517647,1.314497,
16651003952777,GameRo,0.195325,-0.719287,-0.112498,0.657129
16651031488027,pre,1003.890747,,,
16651046807027,pre,1003.885498,,,
16651023865527,Gyro,2.417387,0.065982,2.539773,
16651043778527,Gyro,2.784412,0.324589,2.797316,
16651023865527,Lacc,4.533736,-7.324014,1.301304,
16651023865527,GameRo,0.191084,-0.733435,-0.050668,0.650379
16651043778527,Lacc,5.211355,-7.042393,0.923028,
16651043778527,GameRo,0.190625,-0.733470,-0.050021,0.650524
16651062005027,pre,1003.888489,,,
16651077447027,pre,1003.898254,,,
16651092767027,pre,1003.893005,,,
16651063660777,Gyro,3.251075,0.629489,2.989542,
16651083512277,Gyro,3.690600,0.946761,3.125363,
16651063660777,Lacc,5.489775,-5.478178,0.646801,
16651063660777,GameRo,0.185321,-0.740101,0.029373,0.645790
16651083512277,Lacc,6.140198,-4.999060,0.133249,
16651083512277,GameRo,0.185009,-0.740122,0.029824,0.645834
16651108087027,pre,1003.902039,,,
16651123315027,pre,1003.895996,,,
16651103425027,Gyro,4.019046,1.269089,3.214093,
16651123399027,Gyro,4.143162,1.606448,3.283933,
16651103425027,Lacc,6.790927,-3.034593,-0.494470,
16651103425027,GameRo,0.184799,-0.733411,0.127977,0.641545
16651123399027,Lacc,7.658861,-2.294306,-0.684365,
16651123399027,GameRo,0.184672,-0.733420,0.128155,0.641535
16651138726027,pre,1003.896729,,,
16651154077027,pre,1003.888489,,,
16651169397027,pre,1003.890747,,,
16651143319527,Gyro,4.127464,1.916537,3.251740,
16651163186527,Gyro,3.769752,2.212790,3.386631,
16651143319527,Lacc,7.999364,-0.288302,-1.742785,
16651143319527,GameRo,0.184114,-0.709773,0.235784,0.637754
16651163186527,Lacc,8.212132,0.314114,-1.618477,
16651163186527,GameRo,0.184177,-0.709812,0.235695,0.637726
16651184716027,pre,1003.902039,,,
16651200036027,pre,1003.905762,,,
16651183099277,Gyro,3.029450,2.435612,3.513939,
16651203057777,Gyro,2.192570,2.557200,3.635526,
16651183099277,Lacc,8.004208,1.817369,-2.701489,
16651183099277,GameRo,0.172363,-0.672787,0.337374,0.635474
16651203057777,Lacc,7.394514,1.922080,-2.739321,
16651203057777,GameRo,0.172587,-0.672913,0.337086,0.635433
16651215264027,pre,1003.911743,,,
16651230706027,pre,1003.912537,,,
16651246026027,pre,1003.915527,,,
16651222993277,Gyro,1.429787,2.541370,3.759243,
16651242905777,Gyro,0.791118,2.515429,3.868459,
16651222993277,Lacc,7.463244,3.173015,-3.787876,
16651222993277,GameRo,0.133280,-0.635966,0.418837,0.634318
16651242905777,Lacc,6.995586,2.947516,-3.661468,
16651242905777,GameRo,0.133647,-0.636192,0.418405,0.634299
16651261346027,pre,1003.903503,,,
16651276666027,pre,1003.909485,,,
16651291955027,pre,1003.911743,,,
16651262795527,Gyro,0.281754,2.479113,3.937500,
16651282662527,Gyro,-0.125046,2.413796,3.966899,
16651262795527,Lacc,6.942396,4.090203,-4.446032,
16651262795527,GameRo,0.073306,-0.606287,0.481196,0.628882
16651282662527,Lacc,5.853724,4.021881,-4.614360,
16651282662527,GameRo,0.073808,-0.606642,0.480639,0.628908
16651307183027,pre,1003.905762,,,
16651322595027,pre,1003.903503,,,
16651302575277,Gyro,-0.387378,2.293538,3.935239,
16651322533777,Gyro,-0.475842,2.161175,3.863537,
16651337793027,pre,1003.905029,,,
16651302575277,Lacc,6.014174,5.064218,-5.624048,
16651302575277,GameRo,0.001743,-0.581812,0.529292,0.617528
16651322533777,Lacc,4.982497,4.981822,-5.840672,
16651353082027,pre,1003.911011,,,
16651322533777,GameRo,0.002336,-0.582340,0.528626,0.617599
16651368524027,pre,1003.900513,,,
16651342469277,Gyro,-0.472117,2.002606,3.759376,
16651362381777,Gyro,-0.421965,1.758765,3.594554,
16651342469277,Lacc,4.979673,6.187746,-6.178206,
16651342469277,GameRo,-0.070318,-0.559438,0.567859,0.599684
16651362381777,Lacc,3.555290,6.256667,-5.764215,
16651362381777,GameRo,-0.069643,-0.560063,0.567132,0.599868
16651384027027,pre,1003.914734,,,
16651406823027,pre,1003.912537,,,
16651382294527,Gyro,-0.380061,1.488585,3.390356,
16651402207527,Gyro,-0.393231,1.179561,3.077606,
16651382294527,Lacc,3.608371,7.354684,-5.475644,
16651382294527,GameRo,-0.133302,-0.537838,0.600326,0.576689
16651402207527,Lacc,2.491996,7.810436,-5.036608,
16651402207527,GameRo,-0.132504,-0.538463,0.599585,0.577059
16651422113027,pre,1003.914734,,,
16651437463027,pre,1003.914001,,,
16651422120277,Gyro,-0.374341,0.846192,2.660297,
16651442032777,Gyro,-0.289336,0.477305,2.113418,
16651453302027,pre,1003.909485,,,
16651422120277,Lacc,2.775980,8.382780,-4.816488,
16651422120277,GameRo,-0.182287,-0.521237,0.625439,0.551280
16651442032777,Lacc,2.433545,8.236557,-4.621552,
16651442032777,GameRo,-0.181458,-0.521873,0.624728,0.551758
16651468103027,pre,1003.912537,,,
16651483422027,pre,1003.911743,,,
16651461945527,Gyro,-0.241313,0.136487,1.405708,
16651481858527,Gyro,-0.215905,-0.143404,0.603150,
16651461945527,Lacc,3.302236,8.505551,-4.473963,
16651461945527,GameRo,-0.210769,-0.513141,0.641502,0.529847
16651481858527,Lacc,3.017493,8.272643,-4.244776,
16651481858527,GameRo,-0.209927,-0.513757,0.640830,0.530398
16651498620027,pre,1003.911011,,,
16651514062027,pre,1003.907288,,,
16651529382027,pre,1003.911743,,,
16651501771277,Gyro,-0.174134,-0.417309,-0.212180,
16651521683777,Gyro,-0.207923,-0.707710,-0.988266,
16651501771277,Lacc,2.632250,8.270946,-3.732213,
16651501771277,GameRo,-0.214771,-0.516373,0.644529,0.521358
16651521683777,Lacc,2.642985,8.508364,-3.669517,
16651521683777,GameRo,-0.213882,-0.516893,0.643903,0.521982
16651544702027,pre,1003.904236,,,
16651560022027,pre,1003.911743,,,
16651541596527,Gyro,-0.384185,-1.003431,-1.663783,
16651561509527,Gyro,-0.654365,-1.304341,-2.289680,
16651541596527,Lacc,2.617788,8.592363,-3.665402,
16651541596527,GameRo,-0.195286,-0.532027,0.633136,0.527208
16651561509527,Lacc,3.790090,8.630292,-3.592634,
16651561509527,GameRo,-0.194393,-0.532515,0.632489,0.527822
16651575250027,pre,1003.911743,,,
16651590661027,pre,1003.914001,,,
16651605981027,pre,1003.914734,,,
16651581422277,Gyro,-0.923614,-1.553769,-2.941386,
16651601334777,Gyro,-1.054913,-1.731761,-3.646568,
16651581422277,Lacc,4.872865,8.211796,-3.095808,
16651581422277,GameRo,-0.158918,-0.563423,0.604303,0.540480
16651601334777,Lacc,7.245884,7.833975,-3.110729,
16651601334777,GameRo,-0.158081,-0.563838,0.603644,0.541027
16651621301027,pre,1003.905029,,,
16651628961027,pre,1003.920776,,,
16651644281027,pre,1003.922241,,,
16651621247527,Gyro,-1.062895,-1.788830,-4.370108,
16651641160527,Gyro,-1.099079,-1.679081,-4.976982,
16651621247527,Lacc,8.175054,6.816530,-2.700010,
16651621247527,GameRo,-0.105789,-0.605113,0.554781,0.561128
16651641160527,Lacc,9.773312,6.467238,-3.279059,
16651641160527,GameRo,-0.105065,-0.605479,0.554112,0.561531
16651659600027,pre,1003.915527,,,
16651682580027,pre,1003.922241,,,
16651661073277,Gyro,-1.278268,-1.556695,-5.428347,
16651680985777,Gyro,-1.624939,-1.471158,-5.751339,
16651661073277,Lacc,8.862139,5.146125,-3.261586,
16651661073277,GameRo,-0.037396,-0.643666,0.484595,0.591155
16651680985777,Lacc,9.441619,5.176499,-3.950616,
16651680985777,GameRo,-0.036809,-0.643986,0.483964,0.591360
16651697900027,pre,1003.923035,,,
16651713220027,pre,1003.925232,,,
16651728540027,pre,1003.931274,,,
16651700898277,Gyro,-1.992895,-1.411163,-5.931859,
16651720810777,Gyro,-2.231547,-1.403447,-5.972964,
16651700898277,Lacc,8.704783,3.350028,-3.275307,
16651700898277,GameRo,0.032387,-0.676381,0.392207,0.622602
16651720810777,Lacc,9.432031,3.065125,-2.526577,
16651720810777,GameRo,0.032779,-0.676537,0.391760,0.622693
16651743859027,pre,1003.918518,,,
16651759179027,pre,1003.921509,,,
16651740723527,Gyro,-2.379874,-1.356754,-5.883569,
16651760636527,Gyro,-2.451177,-1.243281,-5.691609,
16651774377027,pre,1003.918518,,,
16651740723527,Lacc,9.319668,0.650450,-0.972712,
16651740723527,GameRo,0.095881,-0.701608,0.283386,0.646720
16651760636527,Lacc,9.369105,0.222857,-0.651608,
16651760636527,GameRo,0.096014,-0.701622,0.283224,0.646756
16651789788027,pre,1003.926025,,,
16651805108027,pre,1003.931274,,,
16651780549277,Gyro,-2.411401,-1.122359,-5.359571,
16651800461777,Gyro,-2.291543,-1.034294,-4.922707,
16651780549277,Lacc,8.514424,-2.536766,-0.083839,
16651780549277,GameRo,0.149693,-0.714874,0.171900,0.661058
16651800461777,Lacc,7.867203,-3.031094,-0.350289,
16651800461777,GameRo,0.149570,-0.714890,0.172067,0.661025
16651820428027,pre,1003.920776,,,
16651835748027,pre,1003.914001,,,
16651820374527,Gyro,-2.025487,-0.908316,-4.441943,
16651840287527,Gyro,-1.580374,-0.801894,-3.901982,
16651852227027,pre,1003.921509,,,
16651820374527,Lacc,7.376214,-5.662753,-0.329481,
16651820374527,GameRo,0.191527,-0.717304,0.071896,0.666050
16651840287527,Lacc,6.282908,-6.089144,-0.210043,
16651840287527,GameRo,0.191184,-0.717378,0.072378,0.666017
16651866388027,pre,1003.917786,,,
16651881707027,pre,1003.915527,,,
16651860200277,Gyro,-1.171712,-0.761586,-3.332887,
16651880112777,Gyro,-1.036555,-0.738306,-2.783614,
16651860200277,Lacc,5.755105,-7.119652,0.200909,
16651860200277,GameRo,0.225620,-0.713165,-0.003788,0.663684
16651880112777,Lacc,5.410134,-6.163802,0.465171,
16651880112777,GameRo,0.225199,-0.713244,-0.003221,0.663745
16651896905027,pre,1003.921509,,,
16651912316027,pre,1003.925232,,,
16651927667027,pre,1003.911011,,,
16651900025527,Gyro,-1.139652,-0.628824,-2.298061,
16651919938527,Gyro,-1.351566,-0.487016,-1.917335,
16651900025527,Lacc,5.311172,-7.003788,0.883008,
16651900025527,GameRo,0.249503,-0.709124,-0.056934,0.657000
16651919938527,Lacc,4.596996,-7.045286,1.257988,
16651919938527,GameRo,0.248982,-0.709208,-0.056271,0.657165
16651942987027,pre,1003.931274,,,
16651958306027,pre,1003.908752,,,
16651939851277,Gyro,-1.727371,-0.303969,-1.651811,
16651959763777,Gyro,-2.121666,-0.219363,-1.493773,
16651973504027,pre,1003.920776,,,
16651939851277,Lacc,3.850684,-8.134260,1.170538,
16651939851277,GameRo,0.256351,-0.703650,-0.102130,0.654775
16651959763777,Lacc,2.782185,-8.925755,1.235787,
16651959763777,GameRo,0.255706,-0.703804,-0.101306,0.654990
16651988946027,pre,1003.916260,,,
16651979676277,Gyro,-2.397034,-0.191428,-1.405975,
16651999588777,Gyro,-2.351938,-0.079418,-1.262038,
16651979676277,Lacc,2.637469,-10.607998,1.258950,
16651979676277,GameRo,0.247139,-0.693929,-0.150685,0.659302
16651999588777,Lacc,2.174519,-11.922484,1.382990,
16651999588777,GameRo,0.246348,-0.694130,-0.149740,0.659601
16652011804027,pre,1003.914734,,,
16652027246027,pre,1003.918518,,,
16652042596027,pre,1003.911743,,,
16652019501527,Gyro,-1.954450,-0.053610,-1.009551,
16652039414527,Gyro,-1.164927,-0.144602,-0.672058,
16652019501527,Lacc,2.076529,-13.822741,0.643371,
16652019501527,GameRo,0.231550,-0.681513,-0.197460,0.665533
16652039414527,Lacc,2.638298,-14.967617,0.465238,
16652039414527,GameRo,0.230694,-0.681787,-0.196470,0.665842
16652057885027,pre,1003.908752,,,
16652073236027,pre,1003.920776,,,
16652088433027,pre,1003.915527,,,
16652059304527,Gyro,-0.181317,-0.164157,-0.179854,
16652079171527,Gyro,0.869871,-0.197680,0.361304,
16652059304527,Lacc,3.507626,-14.892494,-0.021094,
16652059304527,GameRo,0.223104,-0.676405,-0.219503,0.666723
16652079171527,Lacc,4.262524,-14.076417,-0.035334,
16652079171527,GameRo,0.222267,-0.676689,-0.218556,0.667025
16652103845027,pre,1003.905762,,,
16652119195027,pre,1003.900513,,,
16652099084277,Gyro,1.909353,-0.111611,0.942771,
16652119042777,Gyro,2.584870,0.064253,1.522640,
16652099084277,Lacc,4.279603,-12.903736,0.637378,
16652099084277,GameRo,0.227648,-0.685067,-0.200420,0.662337
16652119042777,Lacc,3.432279,-11.533049,0.613253,
16652119042777,GameRo,0.226860,-0.685294,-0.199526,0.662644
16652134393027,pre,1003.898254,,,
16652149835027,pre,1003.899780,,,
16652165124027,pre,1003.898254,,,
16652138978277,Gyro,2.801041,0.192226,1.993161,
16652158890777,Gyro,2.868353,0.386713,2.358190,
16652138978277,Lacc,3.168696,-9.799212,0.881083,
16652138978277,GameRo,0.239059,-0.700796,-0.142046,0.656931
16652158890777,Lacc,3.815454,-9.508412,0.698471,
16652158890777,GameRo,0.238389,-0.700983,-0.141221,0.657153
16652180444027,pre,1003.894531,,,
16652195764027,pre,1003.911743,,,
16652178811027,Gyro,3.045014,0.652370,2.648857,
16652198739027,Gyro,3.245355,0.944633,2.875403,
16652178811027,Lacc,4.028303,-8.374704,0.714427,
16652178811027,GameRo,0.242824,-0.713354,-0.066705,0.653998
16652198739027,Lacc,4.842577,-7.913814,0.271436,
16652198739027,GameRo,0.242284,-0.713509,-0.065991,0.654102
16652211023027,pre,1003.905029,,,
16652226403027,pre,1003.902039,,,
16652241723027,pre,1003.911743,,,
16652218659527,Gyro,3.397539,1.244877,3.048739,
16652238572527,Gyro,3.481214,1.539136,3.189217,
16652218659527,Lacc,5.408324,-6.125908,-0.098636,
16652218659527,GameRo,0.243392,-0.716476,0.023275,0.653362
16652238572527,Lacc,6.625179,-5.582804,-0.545187,
16652238572527,GameRo,0.243026,-0.716591,0.023774,0.653354
16652257043027,pre,1003.903503,,,
16652272393027,pre,1003.898987,,,
16652287683027,pre,1003.902771,,,
16652258454777,Gyro,3.486934,1.821288,3.332089,
16652278306277,Gyro,3.351378,2.101579,3.490792,
16652258454777,Lacc,7.436438,-3.623644,-1.252816,
16652258454777,GameRo,0.240380,-0.706815,0.122655,0.653900
16652278306277,Lacc,8.165107,-2.957349,-1.504390,
16652278306277,GameRo,0.240200,-0.706910,0.122893,0.653819
16652303003027,pre,1003.880249,,,
16652318322027,pre,1003.890747,,,
16652298219027,Gyro,3.031312,2.335575,3.656545,
16652318193027,Gyro,2.542168,2.481374,3.833472,
16652298219027,Lacc,8.165199,-0.993929,-2.238169,
16652298219027,GameRo,0.227648,-0.684473,0.224301,0.655258
16652318193027,Lacc,7.919706,-0.716981,-2.277100,
16652318193027,GameRo,0.227646,-0.684585,0.224298,0.655142
16652333642027,pre,1003.900513,,,
16652348992027,pre,1003.900513,,,
16652364312027,pre,1003.911743,,,
16652338136277,Gyro,1.940748,2.506516,3.983794,
16652358048777,Gyro,1.293300,2.480310,4.120414,
16652338136277,Lacc,7.925934,0.815626,-3.310034,
16652338136277,GameRo,0.195744,-0.655161,0.318552,0.656486
16652358048777,Lacc,7.631379,0.795943,-3.305033,
16652358048777,GameRo,0.195908,-0.655343,0.318349,0.656353
16652379632027,pre,1003.918518,,,
16652402612027,pre,1003.911011,,,
16652377961277,Gyro,0.677113,2.415525,4.224575,
16652397873777,Gyro,0.108817,2.312694,4.273663,
16652377961277,Lacc,7.579510,2.163180,-4.336821,
16652377961277,GameRo,0.142234,-0.628467,0.396334,0.654002
16652397873777,Lacc,6.815894,2.072533,-4.442569,
16652397873777,GameRo,0.142557,-0.628758,0.395957,0.653879
16652417901027,pre,1003.911011,,,
16652433221027,pre,1003.899780,,,
16652417786527,Gyro,-0.390704,2.180598,4.271135,
16652437699527,Gyro,-0.774224,2.016574,4.234818,
16652449182027,pre,1003.902039,,,
16652417786527,Lacc,6.757592,3.573260,-5.469552,
16652417786527,GameRo,0.071843,-0.607958,0.456713,0.645476
16652437699527,Lacc,5.802631,3.501822,-5.599855,
16652437699527,GameRo,0.072314,-0.608388,0.456179,0.645396
16652463830027,pre,1003.895264,,,
16652479180027,pre,1003.897522,,,
16652457589527,Gyro,-0.999440,1.845366,4.170699,
16652477456527,Gyro,-1.081519,1.649150,4.085694,
16652457589527,Lacc,5.788382,4.844956,-6.020326,
16652457589527,GameRo,-0.006850,-0.593765,0.501233,0.629414
16652477456527,Lacc,4.483824,4.855803,-5.820994,
16652477456527,GameRo,-0.006277,-0.594302,0.500592,0.629423
16652494378027,pre,1003.901245,,,
16652509790027,pre,1003.902039,,,
16652525109027,pre,1003.903503,,,
16652497369277,Gyro,-1.053317,1.395465,3.945083,
16652517327777,Gyro,-0.957537,1.136726,3.758710,
16652497369277,Lacc,4.604403,6.039851,-5.695244,
16652497369277,GameRo,-0.083314,-0.582368,0.535818,0.605645
16652517327777,Lacc,3.736657,6.100110,-5.496052,
16652517327777,GameRo,-0.082672,-0.582976,0.535108,0.605776
16652540429027,pre,1003.914001,,,
16652555780027,pre,1003.899780,,,
16652537263277,Gyro,-0.859894,0.854174,3.522186,
16652557175777,Gyro,-0.772494,0.526259,3.220079,
16652537263277,Lacc,4.049610,7.093969,-5.352507,
16652537263277,GameRo,-0.148584,-0.572240,0.564919,0.575613
16652557175777,Lacc,3.283214,7.136379,-5.167213,
16652557175777,GameRo,-0.147906,-0.572916,0.564164,0.575856
16652570977027,pre,1003.919983,,,
16652586419027,pre,1003.901245,,,
16652601739027,pre,1003.905762,,,
16652577088527,Gyro,-0.616985,0.213377,2.792926,
16652597001527,Gyro,-0.401878,-0.055074,2.266135,
16652616937027,pre,1003.919983,,,
16652577088527,Lacc,3.973969,7.641747,-4.703033,
16652577088527,GameRo,-0.197538,-0.565623,0.588648,0.542718
16652597001527,Lacc,3.383979,7.752025,-4.351410,
16652597001527,GameRo,-0.196823,-0.566286,0.587898,0.543099
16652632379027,pre,1003.907288,,,
16652616914277,Gyro,-0.179056,-0.339222,1.609109,
16652636826777,Gyro,0.069973,-0.650242,0.876123,
16652648126027,pre,1003.907288,,,
16652616914277,Lacc,3.802227,8.187499,-3.957350,
16652616914277,GameRo,-0.224164,-0.563014,0.606503,0.514703
16652636826777,Lacc,3.596477,8.262862,-3.638172,
16652636826777,GameRo,-0.223397,-0.563628,0.605780,0.515216
16652663018027,pre,1003.914734,,,
16652678338027,pre,1003.917786,,,
16652656716527,Gyro,0.493268,-0.988665,0.102166,
16652676583527,Gyro,1.091496,-1.305671,-0.627361,
16652656716527,Lacc,3.483838,7.881908,-2.597966,
16652656716527,GameRo,-0.222569,-0.565837,0.617711,0.498723
16652676583527,Lacc,3.112177,7.549191,-1.230964,
16652676583527,GameRo,-0.221755,-0.566070,0.617232,0.499415
16652693536027,pre,1003.917786,,,
16652708978027,pre,1003.917786,,,
16652724298027,pre,1003.918518,,,
16652696496277,Gyro,1.659393,-1.586095,-1.271483,
16652716454777,Gyro,2.066193,-1.934894,-1.870509,
16652696496277,Lacc,2.623088,7.475360,-0.849315,
16652696496277,GameRo,-0.185958,-0.568006,0.628261,0.498073
16652716454777,Lacc,3.221047,7.740191,-0.857675,
16652716454777,GameRo,-0.185108,-0.568120,0.627829,0.498804
16652739617027,pre,1003.916992,,,
16652754937027,pre,1003.915527,,,
16652736390277,Gyro,2.349011,-2.306708,-2.516094,
16652756302777,Gyro,2.494544,-2.510640,-3.190015,
16652736390277,Lacc,4.041084,7.306017,-1.377699,
16652736390277,GameRo,-0.116798,-0.567255,0.637690,0.507869
16652756302777,Lacc,6.145872,7.446685,-1.838747,
16652756302777,GameRo,-0.115940,-0.567481,0.637152,0.508488
16652777917027,pre,1003.917786,,,
16652793237027,pre,1003.917786,,,
16652776215527,Gyro,2.350607,-2.554141,-3.747536,
16652796128527,Gyro,1.813174,-2.610012,-4.144492,
16652808801027,pre,1003.919250,,,
16652776215527,Lacc,6.035447,6.800154,-2.712177,
16652776215527,GameRo,-0.021392,-0.566367,0.634970,0.524961
16652796128527,Lacc,6.664037,7.252041,-3.371853,
16652796128527,GameRo,-0.020556,-0.566637,0.634365,0.525434
16652823877027,pre,1003.921509,,,
16652839196027,pre,1003.920776,,,
16652816041277,Gyro,0.870403,-2.644600,-4.376360,
16652835953777,Gyro,-0.346804,-2.658701,-4.480255,
16652816041277,Lacc,5.758873,6.597228,-3.871853,
16652816041277,GameRo,0.078256,-0.570400,0.607536,0.547193
16652835953777,Lacc,6.399481,6.911449,-4.077581,
16652835953777,GameRo,0.079030,-0.570635,0.606910,0.547531
16652854516027,pre,1003.923035,,,
16652869836027,pre,1003.928284,,,
16652877404027,pre,1003.936523,,,
16652855843527,Gyro,-1.477411,-2.628902,-4.504333,
16652875710527,Gyro,-2.271190,-2.476319,-4.481319,
16652855843527,Lacc,5.857052,5.285811,-2.688387,
16652855843527,GameRo,0.157403,-0.594034,0.545333,0.570052
16652875710527,Lacc,6.797582,4.805590,-2.078120,
16652875710527,GameRo,0.157935,-0.594112,0.544851,0.570285
16652892694027,pre,1003.935730,,,
16652908136027,pre,1003.931274,,,
16652923455027,pre,1003.929749,,,
16652895600527,Gyro,-2.795720,-2.208666,-4.429705,
16652915513527,Gyro,-3.055391,-1.966156,-4.423718,
16652895600527,Lacc,6.673680,2.824262,-0.817862,
16652895600527,GameRo,0.210393,-0.628895,0.455542,0.593892
16652915513527,Lacc,7.579001,2.058735,-1.435922,
16652915513527,GameRo,0.210674,-0.628946,0.455247,0.593965
16652938775027,pre,1003.931274,,,
16652954095027,pre,1003.935730,,,
16652935449277,Gyro,-3.216488,-1.730696,-4.380085,
16652955407777,Gyro,-3.463920,-1.462245,-4.317029,
16652935449277,Lacc,8.136896,-0.528885,-1.176904,
16652935449277,GameRo,0.246056,-0.657091,0.353523,0.618635
16652955407777,Lacc,9.070080,-1.322626,-1.091627,
16652955407777,GameRo,0.246095,-0.657147,0.353492,0.618578
16652969293027,pre,1003.932739,,,
16652984704027,pre,1003.930481,,,
16653000055027,pre,1003.932007,,,
16652975343277,Gyro,-3.121372,-1.252327,-4.338580,
16652995255777,Gyro,-2.224497,-1.150294,-4.347626,
16652975343277,Lacc,8.921626,-4.158900,-0.446953,
16652975343277,GameRo,0.269384,-0.673545,0.246701,0.642579
16652995255777,Lacc,8.592810,-5.116643,-0.133953,
16652995255777,GameRo,0.269166,-0.673617,0.247004,0.642478
16653015374027,pre,1003.934998,,,
16653038354027,pre,1003.936523,,,
16653015168277,Gyro,-1.305405,-1.047597,-4.144758,
16653035080777,Gyro,-0.619645,-1.025647,-3.765096,
16653015168277,Lacc,7.676524,-7.105946,0.902688,
16653015168277,GameRo,0.303051,-0.672864,0.155732,0.656629
16653035080777,Lacc,5.852741,-7.387845,1.680850,
16653035080777,GameRo,0.302601,-0.672938,0.156319,0.656622
16653053704027,pre,1003.933533,,,
16653069024027,pre,1003.934998,,,
16653054970527,Gyro,-0.055207,-1.040413,-3.240300,
16653074837527,Gyro,0.262065,-0.978954,-2.676659,
16653086602027,pre,1003.927490,,,
16653054970527,Lacc,4.747304,-8.243792,2.681618,
16653054970527,GameRo,0.346695,-0.663920,0.094004,0.655878
16653074837527,Lacc,3.577191,-7.054612,2.922275,
16653074837527,GameRo,0.346144,-0.663972,0.094678,0.656020
16653099664027,pre,1003.933533,,,
16653114892027,pre,1003.932007,,,
16653094750277,Gyro,0.388974,-0.935188,-2.191905,
16653114708777,Gyro,0.437663,-0.817458,-1.832064,
16653094750277,Lacc,3.288505,-7.383525,3.547363,
16653094750277,GameRo,0.385296,-0.657130,0.057602,0.645298
16653114708777,Lacc,2.845762,-7.799877,3.829190,
16653114708777,GameRo,0.384660,-0.657191,0.058372,0.645547
16653130212027,pre,1003.929016,,,
16653145623027,pre,1003.940979,,,
16653160943027,pre,1003.944763,,,
16653134644527,Gyro,0.464800,-0.608205,-1.539003,
16653154557527,Gyro,0.361304,-0.371149,-1.296492,
16653134644527,Lacc,2.550140,-9.241783,4.448125,
16653134644527,GameRo,0.414001,-0.652738,0.035573,0.633459
16653154557527,Lacc,1.715508,-9.627172,4.510385,
16653154557527,GameRo,0.413274,-0.652851,0.036499,0.633765
16653176263027,pre,1003.945496,,,
16653191613027,pre,1003.945496,,,
16653174470277,Gyro,0.168946,-0.185441,-1.077661,
16653194382777,Gyro,0.074895,-0.016495,-0.842600,
16653174470277,Lacc,1.487874,-10.118141,4.521405,
16653174470277,GameRo,0.433739,-0.646532,0.022922,0.627170
16653194382777,Lacc,1.506836,-10.348581,4.520144,
16653194382777,GameRo,0.433002,-0.646693,0.023908,0.627476
16653206811027,pre,1003.950745,,,
16653222222027,pre,1003.941772,,,
16653237542027,pre,1003.949280,,,
16653214295527,Gyro,0.212712,0.221359,-0.565503,
16653234208527,Gyro,0.430479,0.468126,-0.238120,
16653214295527,Lacc,1.768877,-10.811565,4.595844,
16653214295527,GameRo,0.443952,-0.639604,0.015848,0.627345
16653234208527,Lacc,1.575334,-10.660667,4.425195,
16653234208527,GameRo,0.443214,-0.639795,0.016854,0.627646
16653252862027,pre,1003.946289,,,
16653268182027,pre,1003.947021,,,
16653283502027,pre,1003.939514,,,
16653254098277,Gyro,0.698664,0.558186,0.032725,
16653273964777,Gyro,1.234900,0.560315,0.172937,
16653254098277,Lacc,1.972867,-10.899903,3.937533,
16653254098277,GameRo,0.450717,-0.632006,0.024882,0.629924
16653273964777,Lacc,4.122884,-11.957114,3.936626,
16653273964777,GameRo,0.450015,-0.632255,0.025900,0.630134
16653298822027,pre,1003.940979,,,
16653314141027,pre,1003.952271,,,
16653293877277,Gyro,2.009789,0.815197,0.316341,
16653313835777,Gyro,2.915977,1.293832,0.522002,
16653293877277,Lacc,6.448622,-12.854401,3.897460,
16653293877277,GameRo,0.462519,-0.625837,0.050729,0.625964
16653313835777,Lacc,7.902366,-12.859255,2.966075,
16653313835777,GameRo,0.461886,-0.626127,0.051721,0.626061
16653329370027,pre,1003.956787,,,
16653344781027,pre,1003.973999,,,
16653360101027,pre,1003.972534,,,
16653333771527,Gyro,3.624751,1.834192,0.755999,
16653353684527,Gyro,4.105648,2.240992,0.937050,
16653333771527,Lacc,7.878854,-10.946548,1.481839,
16653333771527,GameRo,0.489066,-0.610486,0.108253,0.613516
16653353684527,Lacc,7.891031,-9.819982,0.035695,
16653353684527,GameRo,0.488602,-0.610822,0.109090,0.613403
16653375421027,pre,1003.971741,,,
16653390771027,pre,1003.983765,,,
16653373605027,Gyro,4.584549,2.566379,1.012211,
16653393533027,Gyro,5.089657,3.001248,0.984940,
16653406427027,pre,1003.983765,,,
16653373605027,Lacc,7.943613,-8.902564,-1.070485,
16653373605027,GameRo,0.520185,-0.580942,0.193167,0.595484
16653393533027,Lacc,8.794364,-8.865762,-1.850446,
16653393533027,GameRo,0.519836,-0.581306,0.193843,0.595213
16653429071027,pre,1003.992737,,,
16653413453277,Gyro,5.165616,3.585375,0.969110,
16653433365777,Gyro,4.823335,4.169368,1.019129,
16653413453277,Lacc,9.208482,-8.041950,-3.255783,
16653444726027,pre,1003.992737,,,
16653413453277,GameRo,0.552549,-0.532338,0.294848,0.569536
16653433365777,Lacc,9.512895,-8.440693,-4.454327,
16653433365777,GameRo,0.552332,-0.532771,0.295310,0.569102
16653452966027,pre,1003.979980,,,
16653475061027,pre,1003.981506,,,
16653453286027,Gyro,4.366383,4.508191,1.269621,
16653473214027,Gyro,3.848505,4.516838,1.589553,
16653453286027,Lacc,8.223538,-7.617217,-5.849245,
16653453286027,GameRo,0.566198,-0.465277,0.401888,0.549020
16653473214027,Lacc,6.697809,-6.813283,-4.752448,
16653473214027,GameRo,0.566099,-0.465772,0.402130,0.548525
16653490258027,pre,1003.979980,,,
16653505670027,pre,1003.973267,,,
16653521020027,pre,1003.967285,,,
16653493096277,Gyro,3.045680,4.333525,1.956046,
16653512932777,Gyro,1.893523,4.054166,2.384796,
16653493096277,Lacc,5.457084,-5.306937,-4.649735,
16653493096277,GameRo,0.552268,-0.401786,0.502724,0.529941
16653512932777,Lacc,5.380696,-4.839878,-3.984192,
16653512932777,GameRo,0.552265,-0.402266,0.502789,0.529517
16653536309027,pre,1003.971741,,,
16653551629027,pre,1003.964233,,,
16653532838027,Gyro,0.565370,3.707494,2.849862,
16653552812027,Gyro,-0.745490,3.385167,3.321580,
16653532838027,Lacc,6.457558,-4.090405,-5.518270,
16653532838027,GameRo,0.509492,-0.367331,0.584113,0.514100
16653552812027,Lacc,7.695192,-4.044429,-6.114647,
16653552812027,GameRo,0.509674,-0.367863,0.583961,0.513711
16653566857027,pre,1003.953003,,,
16653582299027,pre,1003.940979,,,
16653597619027,pre,1003.923035,,,
16653572755277,Gyro,-1.989303,3.099822,3.789972,
16653592667777,Gyro,-3.003510,2.749027,4.210208,
16653572755277,Lacc,8.674176,-2.519999,-8.488618,
16653572755277,GameRo,0.435584,-0.376368,0.643554,0.504432
16653592667777,Lacc,8.626940,-2.338120,-9.728562,
16653592667777,GameRo,0.436024,-0.376974,0.643149,0.504115
16653612939027,pre,1003.911011,,,
16653628289027,pre,1003.900513,,,
16653612580527,Gyro,-3.442902,2.317750,4.521228,
16653632493527,Gyro,-3.377851,1.845899,4.709463,
16653643792027,pre,1003.899780,,,
16653612580527,Lacc,8.718179,-0.392631,-11.046396,
16653612580527,GameRo,0.337218,-0.423080,0.681756,0.492439
16653632493527,Lacc,7.451123,0.226711,-10.734846,
16653632493527,GameRo,0.337822,-0.423702,0.681185,0.492280
16653658929027,pre,1003.887756,,,
16653674249027,pre,1003.891479,,,
16653652429277,Gyro,-3.015615,1.387484,4.814023,
16653672387777,Gyro,-2.486961,0.940376,4.810298,
16653652429277,Lacc,6.830405,2.646165,-10.041180,
16653652429277,GameRo,0.238788,-0.480336,0.705856,0.462629
16653672387777,Lacc,5.380860,2.880444,-9.170370,
16653672387777,GameRo,0.239480,-0.480906,0.705197,0.462683
16653689447027,pre,1003.889282,,,
16653704888027,pre,1003.896729,,,
16653720208027,pre,1003.893005,,,
16653692300277,Gyro,-1.974803,0.511493,4.686582,
16653712166777,Gyro,-1.468631,0.124381,4.445801,
16653692300277,Lacc,5.361514,4.646471,-8.234451,
16653692300277,GameRo,0.157189,-0.527355,0.725547,0.413244
16653712166777,Lacc,4.494140,4.453095,-7.767813,
16653712166777,GameRo,0.157918,-0.527889,0.724860,0.413489
16653735528027,pre,1003.891479,,,
16653750848027,pre,1003.902039,,,
16653732056527,Gyro,-0.976560,-0.199409,4.128928,
16653751969527,Gyro,-0.510030,-0.455488,3.728513,
16653732056527,Lacc,4.958398,5.723975,-7.179867,
16653732056527,GameRo,0.098300,-0.559594,0.742834,0.354104
16653751969527,Lacc,4.140012,5.720687,-6.992331,
16653751969527,GameRo,0.099065,-0.560121,0.742137,0.354519
16653766046027,pre,1003.905029,,,
16653781488027,pre,1003.895996,,,
16653771882277,Gyro,-0.075427,-0.787660,3.275153,
16653791794777,Gyro,0.337359,-1.130207,2.793192,
16653771882277,Lacc,4.300139,6.576732,-6.625149,
16653771882277,GameRo,0.062050,-0.576757,0.759269,0.294979
16653791794777,Lacc,3.980410,6.516100,-6.145525,
16653791794777,GameRo,0.062841,-0.577257,0.758605,0.295540
16653804376027,pre,1003.902771,,,
16653819787027,pre,1003.914001,,,
16653835107027,pre,1003.903503,,,
16653811707527,Gyro,0.778348,-1.443355,2.342759,
16653831620527,Gyro,1.202841,-1.653274,1.947532,
16653811707527,Lacc,4.725854,6.769810,-5.193817,
16653811707527,GameRo,0.051295,-0.581064,0.775876,0.240312
16653831620527,Lacc,4.309477,6.851364,-4.217072,
16653831620527,GameRo,0.052133,-0.581344,0.775381,0.241051
16653850366027,pre,1003.909485,,,
16653865747027,pre,1003.919983,,,
16653881066027,pre,1003.919250,,,
16653851510527,Gyro,1.639173,-1.900174,1.577714,
16653871377527,Gyro,2.136831,-2.177538,1.161203,
16653851510527,Lacc,4.468023,6.938056,-3.385808,
16653851510527,GameRo,0.062398,-0.571418,0.795635,0.191190
16653871377527,Lacc,5.023383,6.930683,-2.375008,
16653871377527,GameRo,0.063249,-0.571408,0.795372,0.192030
16653896264027,pre,1003.918518,,,
16653911706027,pre,1003.914734,,,
16653891290277,Gyro,2.548154,-2.350474,0.717554,
16653911248777,Gyro,2.836293,-2.466076,0.297584,
16653891290277,Lacc,5.553680,7.095127,-2.877338,
16653891290277,GameRo,0.093699,-0.545712,0.819603,0.147208
16653911248777,Lacc,5.500417,7.353317,-3.294500,
16653911248777,GameRo,0.094622,-0.545704,0.819346,0.148076
16653926904027,pre,1003.912537,,,
16653942315027,pre,1003.901245,,,
16653957635027,pre,1003.913269,,,
16653931184277,Gyro,2.811949,-2.603095,-0.111345,
16653951096777,Gyro,2.420713,-2.796119,-0.595301,
16653931184277,Lacc,5.396262,7.882031,-4.611798,
16653931184277,GameRo,0.141111,-0.505678,0.843721,0.111861
16653951096777,Lacc,5.924747,8.806308,-4.926785,
16653951096777,GameRo,0.142140,-0.505632,0.843455,0.112766
16653972955027,pre,1003.914734,,,
16653988275027,pre,1003.929016,,,
16653971009277,Gyro,1.947798,-3.088781,-1.099611,
16653990921777,Gyro,1.738279,-3.315328,-1.633187,
16653971009277,Lacc,5.836936,8.512792,-3.994962,
16653971009277,GameRo,0.201653,-0.468081,0.855760,0.088943
16653990921777,Lacc,6.842501,8.532846,-1.600581,
16653990921777,GameRo,0.202502,-0.467653,0.855705,0.089791
16654003472027,pre,1003.923767,,,
16654018914027,pre,1003.923767,,,
16654034234027,pre,1003.926025,,,
16654010834527,Gyro,1.552838,-3.219547,-2.113152,
16654030747527,Gyro,0.893683,-3.038230,-2.450379,
16654010834527,Lacc,6.319520,8.569201,-0.203403,
16654010834527,GameRo,0.277118,-0.435331,0.852712,0.081080
16654030747527,Lacc,5.610895,9.336797,-0.642058,
16654030747527,GameRo,0.277826,-0.434731,0.852709,0.081906
16654049554027,pre,1003.923767,,,
16654064874027,pre,1003.927490,,,
16654080194027,pre,1003.920776,,,
16654050637527,Gyro,-0.249162,-3.002845,-2.720426,
16654070504527,Gyro,-1.460117,-2.958014,-2.981959,
16654050637527,Lacc,4.152330,8.887609,-1.232598,
16654050637527,GameRo,0.351866,-0.409987,0.836225,0.093957
16654070504527,Lacc,4.929022,8.411314,-2.354345,
16654070504527,GameRo,0.352590,-0.409535,0.836053,0.094743
16654095513027,pre,1003.920776,,,
16654110833027,pre,1003.917786,,,
16654090417277,Gyro,-2.336107,-2.779889,-3.281006,
16654110375777,Gyro,-2.925289,-2.524475,-3.586040,
16654090417277,Lacc,5.166542,7.207477,-2.483341,
16654090417277,GameRo,0.422058,-0.416776,0.794196,0.131973
16654110375777,Lacc,6.513447,6.891520,-4.079570,
16654110375777,GameRo,0.422754,-0.416559,0.793832,0.132622
16654126123027,pre,1003.914001,,,
16654141473027,pre,1003.924500,,,
16654156793027,pre,1003.917786,,,
16654130311277,Gyro,-3.357098,-2.339433,-3.898789,
16654150223777,Gyro,-3.469773,-2.218910,-4.254905,
16654130311277,Lacc,7.051520,5.261016,-3.991530,
16654130311277,GameRo,0.482921,-0.436929,0.733751,0.193623
16654150223777,Lacc,9.298615,3.976327,-3.803924,
16654150223777,GameRo,0.483391,-0.436828,0.733393,0.194033
16654172082027,pre,1003.934998,,,
16654187402027,pre,1003.931274,,,
16654170136527,Gyro,-3.232318,-2.023624,-4.660375,
16654190049527,Gyro,-4.160721,-1.317777,-4.561402,
16654202600027,pre,1003.934998,,,
16654170136527,Lacc,11.400433,0.941708,-0.955720,
16654170136527,GameRo,0.536258,-0.451192,0.660589,0.269211
16654190049527,Lacc,12.906165,4.471109,0.989688,
16654190049527,GameRo,0.536424,-0.450939,0.660456,0.269634
16654218042027,pre,1003.933533,,,
16654233361027,pre,1003.959778,,,
16654209962277,Gyro,-4.548499,-0.537700,-3.616370,
16654229874777,Gyro,-2.070317,0.460676,-3.922734,
16654209962277,Lacc,13.899472,-10.673972,4.202222,
16654209962277,GameRo,0.568281,-0.459543,0.579861,0.360054
16654229874777,Lacc,10.643270,-10.600685,4.989284,
16654229874777,GameRo,0.567902,-0.459642,0.580309,0.359802
16654248681027,pre,1003.947021,,,
16654263909027,pre,1003.941772,,,
16654279321027,pre,1003.945496,,,
16654249764527,Gyro,-1.469562,-0.259538,-4.359333,
16654269631527,Gyro,-0.954344,-1.137923,-4.631242,
16654249764527,Lacc,3.887221,-5.596388,3.565272,
16654249764527,GameRo,0.581446,-0.439532,0.531954,0.430996
16654269631527,Lacc,2.899187,-3.792204,2.786530,
16654269631527,GameRo,0.581125,-0.439602,0.532340,0.430880
16654294610027,pre,1003.930481,,,
16654309961027,pre,1003.937988,,,
16654289544277,Gyro,0.162028,-1.472090,-4.329002,
16654309502777,Gyro,0.984142,-1.431915,-3.715343,
16654289544277,Lacc,3.200031,-4.444229,2.842620,
16654289544277,GameRo,0.622782,-0.404213,0.470241,0.477103
16654309502777,Lacc,3.344905,-4.705165,2.158874,
16654309502777,GameRo,0.622461,-0.404396,0.470710,0.476905
16654325158027,pre,1003.934265,,,
16654340600027,pre,1003.934998,,,
16654355920027,pre,1003.938782,,,
16654329438277,Gyro,1.431250,-0.989596,-2.915711,
16654349350777,Gyro,1.472489,-0.660219,-2.268130,
16654329438277,Lacc,3.292350,-6.580044,1.838826,
16654329438277,GameRo,0.672435,-0.361989,0.425776,0.485294
16654349350777,Lacc,2.063476,-6.862044,1.269976,
16654349350777,GameRo,0.672135,-0.362353,0.426407,0.484883
16654371209027,pre,1003.940979,,,
16654386560027,pre,1003.943237,,,
16654369263527,Gyro,1.003963,-0.496860,-1.826210,
16654389176527,Gyro,0.227744,-0.300644,-1.467700,
16654369263527,Lacc,1.646805,-7.157687,1.444468,
16654369263527,GameRo,0.706364,-0.326359,0.406582,0.478780
16654389176527,Lacc,1.475557,-6.587294,1.418460,
16654389176527,GameRo,0.706090,-0.326734,0.407247,0.478365
16654409509027,pre,1003.940979,,,
16654417840027,pre,1003.947021,,,
16654409089277,Gyro,-0.617251,-0.022748,-1.059702,
16654429001777,Gyro,-1.339327,0.258075,-0.661283,
16654440087027,pre,1003.928284,,,
16654409089277,Lacc,1.354626,-6.829008,1.668274,
16654409089277,GameRo,0.718736,-0.307998,0.391478,0.485078
16654429001777,Lacc,0.824782,-7.203999,1.800050,
16654429001777,GameRo,0.718440,-0.308417,0.392234,0.484639
16654455468027,pre,1003.935730,,,
16654470788027,pre,1003.938782,,,
16654448945027,Gyro,-1.847229,0.459080,-0.270446,
16654468919027,Gyro,-2.096923,0.543287,0.105225,
16654448945027,Lacc,0.411530,-8.361586,1.644919,
16654448945027,GameRo,0.706327,-0.307751,0.382252,0.510171
16654468919027,Lacc,0.450290,-9.393890,1.947355,
16654468919027,GameRo,0.705984,-0.308283,0.383149,0.509652
16654485986027,pre,1003.928284,,,
16654501428027,pre,1003.936523,,,
16654516717027,pre,1003.930481,,,
16654488831777,Gyro,-2.157584,0.589980,0.511094,
16654508683277,Gyro,-2.152662,0.630686,0.943436,
16654488831777,Lacc,0.866995,-10.265124,1.555286,
16654488831777,GameRo,0.678468,-0.320928,0.379930,0.540683
16654508683277,Lacc,1.273527,-10.364645,1.512109,
16654508683277,GameRo,0.678105,-0.321500,0.380827,0.540168
16654532037027,pre,1003.933533,,,
16654547387027,pre,1003.938782,,,
16654528565527,Gyro,-2.184455,0.532246,1.329350,
16654548478527,Gyro,-2.102643,0.347337,1.635448,
16654528565527,Lacc,1.836470,-9.864441,0.490634,
16654528565527,GameRo,0.642922,-0.344355,0.386180,0.564744
16654548478527,Lacc,3.282272,-10.144176,0.231907,
16654548478527,GameRo,0.642605,-0.344925,0.386954,0.564227
16654562585027,pre,1003.934265,,,
16654578027027,pre,1003.925232,,,
16654593377027,pre,1003.921509,,,
16654568391277,Gyro,-1.735086,0.255148,1.938486,
16654588303777,Gyro,-1.245676,0.116932,2.229818,
16654568391277,Lacc,3.621908,-9.930174,-0.221358,
16654568391277,GameRo,0.603974,-0.378148,0.396175,0.579021
16654588303777,Lacc,3.461103,-9.429422,-0.460309,
16654588303777,GameRo,0.603670,-0.378695,0.396854,0.578515
16654608667027,pre,1003.916260,,,
16654624017027,pre,1003.907288,,,
16654608216527,Gyro,-0.789389,-0.102299,2.517558,
16654628129527,Gyro,-0.184377,-0.291997,2.784678,
16654608216527,Lacc,3.258321,-7.982262,-0.925457,
16654639550027,pre,1003.915527,,,
16654608216527,GameRo,0.570710,-0.414121,0.414948,0.574989
16654628129527,Lacc,3.411147,-7.866007,-1.046700,
16654628129527,GameRo,0.570454,-0.414603,0.415482,0.574510
16654654657027,pre,1003.918518,,,
16654669976027,pre,1003.912537,,,
16654648019277,Gyro,0.735779,-0.428351,3.000317,
16654667885777,Gyro,1.894986,-0.554594,3.119776,
16654685174027,pre,1003.918518,,,
16654648019277,Lacc,3.282269,-6.844747,-1.138489,
16654648019277,GameRo,0.547316,-0.450356,0.443078,0.548915
16654667885777,Lacc,4.034949,-6.683336,-1.382274,
16654667885777,GameRo,0.547109,-0.450753,0.443469,0.548479
16654700616027,pre,1003.907288,,,
16654715936027,pre,1003.895264,,,
16654687798277,Gyro,2.978234,-0.527324,3.227662,
16654707756777,Gyro,3.742614,-0.278295,3.426805,
16654687798277,Lacc,5.237036,-5.058921,-1.380407,
16654687798277,GameRo,0.543314,-0.472305,0.488428,0.493129
16654707756777,Lacc,6.502640,-4.460583,-1.906019,
16654707756777,GameRo,0.543221,-0.472560,0.488592,0.492824
16654731256027,pre,1003.902771,,,
16654746606027,pre,1003.899780,,,
16654727700027,Gyro,4.203290,0.109748,3.675036,
16654747628027,Gyro,4.400571,0.483025,3.909564,
16654727700027,Lacc,7.312517,-2.291139,-2.680558,
16654727700027,GameRo,0.547379,-0.473335,0.552682,0.413368
16654747628027,Lacc,8.027458,-1.485702,-3.490768,
16654747628027,GameRo,0.547463,-0.473489,0.552567,0.413234
16654761804027,pre,1003.918518,,,
16654777246027,pre,1003.914734,,,
16654767548527,Gyro,4.331663,0.756930,4.174157,
16654787461527,Gyro,3.883757,1.200712,4.564462,
16654767548527,Lacc,9.516334,0.881689,-4.046809,
16654767548527,GameRo,0.537556,-0.460841,0.627464,0.323958
16654787461527,Lacc,10.827094,1.955097,-4.258698,
16654787461527,GameRo,0.537815,-0.460852,0.627162,0.324098
16654800164027,pre,1003.921509,,,
16654815576027,pre,1003.915527,,,
16654830926027,pre,1003.919983,,,
16654807374277,Gyro,3.081198,1.678416,5.010638,
16654827286777,Gyro,2.061936,1.906693,5.338420,
16654807374277,Lacc,11.172706,4.756364,-5.422786,
16654807374277,GameRo,0.501855,-0.451319,0.699517,0.234796
16654827286777,Lacc,9.595323,5.411320,-5.033875,
16654827286777,GameRo,0.502349,-0.451230,0.699080,0.235209
16654846948027,pre,1003.911011,,,
16654861566027,pre,1003.909485,,,
16654876886027,pre,1003.915527,,,
16654847176527,Gyro,0.999973,1.934229,5.469319,
16654867043527,Gyro,0.028734,1.751316,5.385113,
16654847176527,Lacc,8.613426,6.753341,-5.477664,
16654847176527,GameRo,0.434600,-0.464841,0.755328,0.156604
16654867043527,Lacc,6.180701,6.254802,-5.040968,
16654867043527,GameRo,0.435279,-0.464750,0.754872,0.157185
16654892205027,pre,1003.918518,,,
16654907525027,pre,1003.925232,,,
16654886956277,Gyro,-0.699063,1.398259,5.090056,
16654906914777,Gyro,-1.151758,1.003032,4.574572,
16654886956277,Lacc,5.576045,7.068344,-5.049651,
16654886956277,GameRo,0.358371,-0.502999,0.781064,0.092202
16654906914777,Lacc,4.096806,6.235235,-4.599872,
16654906914777,GameRo,0.359137,-0.502966,0.780653,0.092878
16654922845027,pre,1003.925232,,,
16654938195027,pre,1003.925232,,,
16654953546027,pre,1003.911743,,,
16654926850527,Gyro,-1.343850,0.612196,4.005744,
16654946763527,Gyro,-1.331213,0.357580,3.444099,
16654926850527,Lacc,4.782377,6.686250,-4.164022,
16654926850527,GameRo,0.295587,-0.549485,0.780427,0.040359
16654946763527,Lacc,3.647361,6.653287,-3.993254,
16654946763527,GameRo,0.296387,-0.549485,0.780083,0.041131
16654968866027,pre,1003.917786,,,
16654984216027,pre,1003.912537,,,
16654966691527,Gyro,-1.123556,0.116001,2.869550,
16654986634527,Gyro,-0.706779,-0.109482,2.293139,
16654966691527,Lacc,3.499416,7.741070,-3.457433,
16654999414027,pre,1003.912537,,,
16654966691527,GameRo,0.253019,-0.588235,0.768089,0.000437
16654986634527,Lacc,2.602780,8.093954,-3.313652,
16654986634527,GameRo,0.253881,-0.588240,0.767800,0.001349
16655014856027,pre,1003.912537,,,
16655030206027,pre,1003.920776,,,
16655006547027,Gyro,-0.150189,-0.264327,1.737348,
16655026429027,Gyro,0.387644,-0.431277,1.163597,
16655006547027,Lacc,2.846706,8.753014,-3.016950,
16655006547027,GameRo,-0.229712,0.609273,-0.758360,0.030141
16655026429027,Lacc,2.819027,8.878496,-2.983135,
16655026429027,GameRo,-0.230606,0.609276,-0.758125,0.029143
16655045526027,pre,1003.914001,,,
16655060846027,pre,1003.917786,,,
16655046303527,Gyro,0.796440,-0.554860,0.542489,
16655066170527,Gyro,1.122226,-0.597695,-0.107088,
16655077081027,pre,1003.919250,,,
16655046303527,Lacc,3.640820,8.867889,-2.834266,
16655046303527,GameRo,-0.224130,0.607702,-0.760095,0.052140
16655066170527,Lacc,3.398613,8.576965,-2.507898,
16655066170527,GameRo,-0.225004,0.607619,-0.759971,0.051137
16655091485027,pre,1003.914734,,,
16655106836027,pre,1003.916260,,,
16655086083277,Gyro,1.250465,-0.716357,-0.771563,
16655106041777,Gyro,1.145772,-0.879449,-1.503218,
16655086083277,Lacc,3.177240,8.672254,-2.713320,
16655086083277,GameRo,-0.235697,0.588983,-0.770659,0.060256
16655106041777,Lacc,3.757458,8.886623,-2.735618,
16655106041777,GameRo,-0.236596,0.588842,-0.770570,0.059243
16655122155027,pre,1003.903503,,,
16655137506027,pre,1003.920776,,,
16655125977527,Gyro,0.961527,-1.028308,-2.239795,
16655145890527,Gyro,0.766508,-1.253657,-2.897752,
16655160363027,pre,1003.920776,,,
16655125977527,Lacc,3.593795,8.285089,-3.043678,
16655125977527,GameRo,-0.267661,0.562208,-0.780880,0.050075
16655145890527,Lacc,3.969540,7.635425,-2.938660,
16655145890527,GameRo,-0.268502,0.562062,-0.780754,0.049161
16655175775027,pre,1003.920776,,,
16655191095027,pre,1003.919250,,,
16655165803277,Gyro,0.515351,-1.523704,-3.480948,
16655185715777,Gyro,0.202336,-1.788563,-3.968496,
16655165803277,Lacc,3.649035,6.687132,-2.666054,
16655165803277,GameRo,-0.320456,0.532119,-0.783410,0.020655
16655185715777,Lacc,4.666646,6.350016,-2.188585,
16655185715777,GameRo,-0.321158,0.531884,-0.783303,0.019850
16655206445027,pre,1003.923767,,,
16655221765027,pre,1003.919250,,,
16655205628527,Gyro,-0.311286,-2.020565,-4.299470,
16655225541527,Gyro,-0.955940,-2.144547,-4.529343,
16655205628527,Lacc,4.610541,5.125912,-1.710795,
16655236993027,pre,1003.915527,,,
16655205628527,GameRo,0.390622,-0.500946,0.771967,0.023119
16655225541527,Lacc,6.409887,4.833205,-2.183539,
16655225541527,GameRo,0.391203,-0.500730,0.771792,0.023794
16655252404027,pre,1003.923035,,,
16655267755027,pre,1003.925232,,,
16655245431527,Gyro,-1.416750,-2.161308,-4.727155,
16655265298527,Gyro,-1.457590,-2.070184,-4.932418,
16655245431527,Lacc,6.593042,3.362497,-1.657603,
16655245431527,GameRo,0.467129,-0.478481,0.739176,0.080406
16655265298527,Lacc,7.860687,2.732072,-1.709942,
16655265298527,GameRo,0.467516,-0.478302,0.738994,0.080897
16655283075027,pre,1003.924500,,,
16655298394027,pre,1003.919983,,,
16655313745027,pre,1003.932739,,,
16655285188277,Gyro,-0.937981,-1.881284,-5.060657,
16655305100777,Gyro,0.020353,-1.570264,-4.932817,
16655285188277,Lacc,7.658427,0.429389,-0.847447,
16655285188277,GameRo,0.539712,-0.453550,0.693945,0.146438
16655305100777,Lacc,7.551570,0.066382,-0.770369,
16655305100777,GameRo,0.539864,-0.453443,0.693846,0.146675
16655329065027,pre,1003.929749,,,
16655344384027,pre,1003.936523,,,
16655325036277,Gyro,0.461475,-1.417814,-4.527480,
16655344994777,Gyro,-1.104932,-0.458282,-2.581677,
16655325036277,Lacc,5.482361,0.124831,-2.167066,
16655325036277,GameRo,0.603332,-0.402516,0.659183,0.198616
16655344994777,Lacc,4.763213,0.740858,0.151813,
16655344994777,GameRo,0.603373,-0.402408,0.659157,0.198797
16655359613027,pre,1003.936523,,,
16655367395027,pre,1003.933533,,,
16655382623027,pre,1003.942505,,,
16655364930277,Gyro,-1.082051,0.160964,-0.464933,
16655384842777,Gyro,-1.549246,0.549007,-0.209519,
16655398065027,pre,1003.941772,,,
16655364930277,Lacc,6.728278,-14.894459,0.727058,
16655364930277,GameRo,0.626443,-0.385522,0.634585,0.237158
16655384842777,Lacc,0.071497,-7.510366,0.634796,
16655384842777,GameRo,0.626177,-0.385853,0.634871,0.236555
16655413385027,pre,1003.950745,,,
16655428704027,pre,1003.945496,,,
16655404755527,Gyro,-3.409112,-0.165886,-0.094849,
16655424668527,Gyro,-5.159497,-0.166551,-0.039110,
16655404755527,Lacc,-1.116557,-7.973504,2.503367,
16655404755527,GameRo,0.611815,-0.405265,0.627113,0.261098
16655424668527,Lacc,0.359089,-1.360172,3.898067,
16655424668527,GameRo,0.611464,-0.405170,0.627502,0.261133
16655444024027,pre,1003.939514,,,
16655467034027,pre,1003.941772,,,
16655444581277,Gyro,-6.942606,-0.261267,0.061725,
16655464493777,Gyro,-6.315113,0.011973,0.137019,
16655476648027,pre,1003.938782,,,
16655444581277,Lacc,1.256022,1.875118,2.377449,
16655444581277,GameRo,0.583341,-0.470023,0.578296,0.323056
16655464493777,Lacc,2.616704,-2.399570,1.150362,
16655464493777,GameRo,0.583176,-0.470054,0.578487,0.322968
16655497674027,pre,1003.936523,,,
16655512994027,pre,1003.934998,,,
16655484383527,Gyro,-2.713375,0.538232,-0.189964,
16655504250527,Gyro,0.882775,0.499654,-0.633746,
16655484383527,Lacc,1.274160,-8.559310,0.580789,
16655484383527,GameRo,0.538596,-0.536674,0.519657,0.389683
16655504250527,Lacc,-1.242634,-5.715825,-1.447007,
16655504250527,GameRo,0.538409,-0.537035,0.519918,0.389095
16655528344027,pre,1003.936523,,,
16655543664027,pre,1003.934998,,,
16655524163277,Gyro,2.537113,0.136088,-0.643989,
16655544121777,Gyro,2.393575,-0.176794,-0.459346,
16655524163277,Lacc,-2.119721,-5.224219,-2.615561,
16655524163277,GameRo,0.546916,-0.517480,0.530116,0.389966
16655544121777,Lacc,-1.772778,-2.806226,-1.940424,
16655544121777,GameRo,0.546912,-0.517790,0.530161,0.389500
16655558892027,pre,1003.939514,,,
16655574273027,pre,1003.944031,,,
16655589685027,pre,1003.935730,,,
16655564065027,Gyro,0.526126,-0.227345,-0.006651,
16655583993027,Gyro,-1.299818,-0.163492,0.375805,
16655564065027,Lacc,-0.811975,-0.197441,-0.199409,
16655564065027,GameRo,0.570139,-0.490109,0.547742,0.367034
16655583993027,Lacc,-0.443884,1.016853,0.429492,
16655583993027,GameRo,0.570162,-0.490027,0.547705,0.367162
16655605004027,pre,1003.936523,,,
16655620324027,pre,1003.944763,,,
16655603905777,Gyro,-1.779119,-0.045363,0.537567,
16655623803277,Gyro,-1.670168,0.088730,0.288006,
16655635522027,pre,1003.939514,,,
16655603905777,Lacc,-0.232923,-0.504691,0.863310,
16655603905777,GameRo,0.558520,-0.509222,0.536281,0.375701
16655623803277,Lacc,-0.226333,-0.397237,0.978972,
16655623803277,GameRo,0.558423,-0.509193,0.536393,0.375725
16655650964027,pre,1003.947021,,,
16655666314027,pre,1003.935730,,,
16655643708277,Gyro,-1.087904,0.092189,-0.026606,
16655663620777,Gyro,-0.342148,0.027803,-0.278827,
16655643708277,Lacc,0.335692,-0.535829,1.127879,
16655643708277,GameRo,0.542158,-0.528825,0.522757,0.391323
16655663620777,Lacc,0.924447,-0.507459,1.061441,
16655663620777,GameRo,0.542056,-0.528782,0.522872,0.391369
16655681634027,pre,1003.939514,,,
16655696954027,pre,1003.944031,,,
16655712304027,pre,1003.935730,,,
16655683510527,Gyro,0.248763,-0.013569,-0.401612,
16655703377527,Gyro,0.501915,-0.007982,-0.371548,
16655683510527,Lacc,1.201614,-1.005036,0.921035,
16655683510527,GameRo,0.542198,-0.528714,0.517783,0.397974
16655703377527,Lacc,0.888742,-1.101496,0.607866,
16655703377527,GameRo,0.542096,-0.528727,0.517904,0.397938
16655727624027,pre,1003.930481,,,
16655742974027,pre,1003.938782,,,
16655723290277,Gyro,0.559782,-0.027271,-0.239318,
16655743248777,Gyro,0.666870,-0.022748,-0.119725,
16655723290277,Lacc,0.384594,-1.072541,0.385906,
16655723290277,GameRo,0.550029,-0.519612,0.520326,0.395894
16655743248777,Lacc,-0.077286,-0.651509,0.520721,
16655743248777,GameRo,0.549953,-0.519622,0.520416,0.395869
16655758203027,pre,1003.941772,,,
16655773645027,pre,1003.939514,,,
16655788995027,pre,1003.939514,,,
16655763184527,Gyro,0.964720,-0.012106,-0.058266,
16655783097527,Gyro,1.482466,-0.022349,-0.072234,
16655763184527,Lacc,-0.519839,-0.431133,0.642663,
16655763184527,GameRo,0.556730,-0.511316,0.526431,0.389202
16655783097527,Lacc,-0.481102,-0.301954,0.637351,
16655783097527,GameRo,0.556665,-0.511304,0.526507,0.389209
16655804315027,pre,1003.937256,,,
16655819665027,pre,1003.939514,,,
16655803010277,Gyro,1.870376,-0.017693,-0.083808,
16655822922777,Gyro,1.918532,0.008647,-0.067445,
16655835168027,pre,1003.941772,,,
16655803010277,Lacc,-0.268744,-0.035007,0.570350,
16655803010277,GameRo,0.568862,-0.494782,0.540761,0.373046
16655822922777,Lacc,-0.177374,0.066938,0.579912,
16655822922777,GameRo,0.568821,-0.494748,0.540806,0.373090
16655857995027,pre,1003.941772,,,
16655842843027,Gyro,1.722715,-0.002128,-0.046826,
16655862771027,Gyro,1.551241,-0.030197,-0.069308,
16655874047027,pre,1003.944031,,,
16655842843027,Lacc,-0.225399,0.080508,0.583996,
16655842843027,GameRo,0.583166,-0.473009,0.558833,0.351975
16655862771027,Lacc,-0.227541,-0.716644,1.113932,
16655862771027,GameRo,0.583040,-0.472997,0.558979,0.351968
16655888635027,pre,1003.951538,,,
16655903985027,pre,1003.947021,,,
16655882683777,Gyro,1.649283,-0.071835,-0.084606,
16655902581277,Gyro,1.745063,-0.055606,-0.005188,
16655882683777,Lacc,0.020820,-2.714311,1.563862,
16655882683777,GameRo,0.594558,-0.454752,0.572941,0.333828
16655902581277,Lacc,0.610848,-3.948419,1.680998,
16655902581277,GameRo,0.594273,-0.454883,0.573277,0.333579
16655919213027,pre,1003.947754,,,
16655934625027,pre,1003.942505,,,
16655949945027,pre,1003.943237,,,
16655922494027,Gyro,1.703825,-0.093253,0.166019,
16655942422027,Gyro,2.165964,-0.114271,0.362901,
16655922494027,Lacc,0.960305,-4.727179,1.424117,
16655922494027,GameRo,0.605895,-0.435544,0.588172,0.311843
16655942422027,Lacc,1.497066,-5.718376,0.581665,
16655942422027,GameRo,0.605650,-0.435784,0.588457,0.311446
16655965173027,pre,1003.932739,,,
16655980615027,pre,1003.940979,,,
16655962342277,Gyro,3.441837,-0.072633,0.569227,
16655982254777,Gyro,4.812693,0.044830,0.897674,
16655962342277,Lacc,2.309490,-6.255334,-0.376558,
16655962342277,GameRo,0.617030,-0.414156,0.608646,0.278026
16655982254777,Lacc,3.278015,-6.679219,-1.087110,
16655982254777,GameRo,0.616885,-0.414442,0.608798,0.277591
16655995843027,pre,1003.945496,,,
16656011254027,pre,1003.938782,,,
16656026574027,pre,1003.933533,,,
16656002167527,Gyro,6.317773,0.197414,1.196987,
16656022080527,Gyro,7.424434,0.752407,1.520512,
16656002167527,Lacc,4.168713,-6.874290,-1.772426,
16656002167527,GameRo,0.632781,-0.364056,0.652065,0.204603
16656022080527,Lacc,5.576543,-5.863009,-1.929188,
16656022080527,GameRo,0.632743,-0.364288,0.652071,0.204291
16656041894027,pre,1003.935730,,,
16656057824027,pre,1003.932007,,,
16656041993277,Gyro,7.636082,1.511865,1.910417,
16656061905777,Gyro,7.589123,2.018436,2.026950,
16656073144027,pre,1003.943237,,,
16656041993277,Lacc,5.950480,-3.676426,-2.933607,
16656041993277,GameRo,0.634161,-0.281100,0.714139,0.093953
16656061905777,Lacc,5.272685,-3.069430,-2.280713,
16656061905777,GameRo,0.634270,-0.281248,0.713999,0.093843
16656087762027,pre,1003.945496,,,
16656103204027,pre,1003.945496,,,
16656081818527,Gyro,7.204805,2.476585,1.970413,
16656101731527,Gyro,6.379232,2.822192,1.946335,
16656081818527,Lacc,5.496947,-1.389212,-2.723612,
16656081818527,GameRo,-0.599671,0.192747,-0.776435,0.019811
16656101731527,Lacc,4.347269,-0.509851,-1.884022,
16656101731527,GameRo,-0.599892,0.192761,-0.776263,0.019718
16656118493027,pre,1003.934265,,,
16656133844027,pre,1003.939514,,,
16656149194027,pre,1003.940979,,,
16656121644277,Gyro,6.079387,2.898551,1.707150,
16656141556777,Gyro,5.948620,3.122038,1.518383,
16656121644277,Lacc,4.264714,-0.979623,-3.158365,
16656121644277,GameRo,-0.540927,0.116053,-0.825091,0.114696
16656141556777,Lacc,3.613128,-0.224343,-2.757780,
16656141556777,GameRo,-0.541296,0.116065,-0.824867,0.114551
16656164514027,pre,1003.944031,,,
16656187524027,pre,1003.930481,,,
16656161469527,Gyro,5.303699,3.320516,1.523305,
16656181382527,Gyro,4.568320,3.347387,1.413690,
16656161469527,Lacc,3.166027,0.706544,-3.853616,
16656161469527,GameRo,-0.468598,0.042610,-0.860703,0.194397
16656181382527,Lacc,1.907082,0.951152,-3.478980,
16656181382527,GameRo,-0.469077,0.042503,-0.860497,0.194176
16656202844027,pre,1003.928284,,,
16656218164027,pre,1003.928284,,,
16656201295277,Gyro,4.063212,3.228992,1.366465,
16656221207777,Gyro,3.735031,2.990340,1.291836,
16656201295277,Lacc,1.193188,-0.212235,-4.618531,
16656201295277,GameRo,-0.390803,-0.009155,-0.883867,0.256842
16656221207777,Lacc,0.103903,-0.145458,-4.453908,
16656221207777,GameRo,-0.391372,-0.009119,-0.883653,0.256712
16656233392027,pre,1003.926758,,,
16656248834027,pre,1003.924500,,,
16656264154027,pre,1003.931274,,,
16656241097527,Gyro,3.490659,2.650586,1.229446,
16656260964527,Gyro,3.299896,2.353933,1.154019,
16656241097527,Lacc,0.503414,-0.473225,-4.594176,
16656241097527,GameRo,-0.319320,-0.049273,-0.895033,0.307446
16656260964527,Lacc,0.458301,0.447474,-3.767988,
16656260964527,GameRo,-0.319767,-0.049412,-0.894916,0.307298
16656279473027,pre,1003.925232,,,
16656294763027,pre,1003.922241,,,
16656310113027,pre,1003.914734,,,
16656280854277,Gyro,2.928083,2.086813,1.123024,
16656300766777,Gyro,2.574095,1.820091,1.103469,
16656280854277,Lacc,0.739181,0.290656,-4.077776,
16656280854277,GameRo,-0.258909,-0.085446,-0.896374,0.349540
16656300766777,Lacc,0.323204,0.589403,-4.207211,
16656300766777,GameRo,-0.259342,-0.085693,-0.896285,0.349388
16656325433027,pre,1003.925232,,,
16656340783027,pre,1003.926758,,,
16656320702277,Gyro,2.105836,1.619219,1.093491,
16656340660777,Gyro,1.613898,1.349305,1.018330,
16656320702277,Lacc,0.072726,0.324385,-4.389568,
16656320702277,GameRo,-0.211249,-0.112653,-0.891579,0.384408
16656340660777,Lacc,-0.510853,0.733761,-3.717606,
16656340660777,GameRo,-0.211427,-0.112921,-0.891549,0.384302
16656356073027,pre,1003.929016,,,
16656371423027,pre,1003.932007,,,
16656386743027,pre,1003.925232,,,
16656360596527,Gyro,1.303144,1.066753,0.909513,
16656380509527,Gyro,1.176900,0.960197,0.801362,
16656360596527,Lacc,0.143925,0.351619,-2.977160,
16656360596527,GameRo,-0.177862,-0.127151,-0.884742,0.411619
16656380509527,Lacc,0.098691,0.124861,-2.359118,
16656380509527,GameRo,-0.178015,-0.127276,-0.884715,0.411570
16656402063027,pre,1003.925232,,,
16656417291027,pre,1003.920776,,,
16656400422277,Gyro,1.109455,0.906188,0.703187,
16656420334777,Gyro,1.055711,0.761320,0.650242,
16656433221027,pre,1003.929016,,,
16656400422277,Lacc,-0.167379,-0.073633,-2.532328,
16656400422277,GameRo,-0.153628,-0.137160,-0.878109,0.431868
16656420334777,Lacc,-0.362222,-0.104617,-2.185199,
16656420334777,GameRo,-0.153703,-0.137222,-0.878097,0.431847
16656447900027,pre,1003.923767,,,
16656463220027,pre,1003.916992,,,
16656440224527,Gyro,0.998908,0.675251,0.605943,
16656460091527,Gyro,0.810408,0.631352,0.594902,
16656440224527,Lacc,-0.117697,-0.042174,-1.683012,
16656440224527,GameRo,-0.132981,-0.147117,-0.871675,0.448168
16656460091527,Lacc,-0.143135,0.559574,-1.292205,
16656460091527,GameRo,-0.132975,-0.147244,-0.871672,0.448135
16656478540027,pre,1003.926025,,,
16656493829027,pre,1003.933533,,,
16656480004277,Gyro,0.418374,0.611131,0.630154,
16656499962777,Gyro,0.116932,0.506305,0.666471,
16656480004277,Lacc,-0.041022,0.954669,-1.151910,
16656480004277,GameRo,-0.116878,-0.153732,-0.865469,0.462245
16656499962777,Lacc,-0.117157,0.017733,-0.636325,
16656499962777,GameRo,-0.116884,-0.153756,-0.865467,0.462239
16656516931027,pre,1003.932739,,,
16656532281027,pre,1003.924500,,,
16656547601027,pre,1003.932007,,,
16656519898527,Gyro,0.114670,0.523333,0.639865,
16656539811527,Gyro,0.466796,0.556058,0.552333,
16656519898527,Lacc,0.094864,-0.950310,-0.555573,
16656519898527,GameRo,-0.108728,-0.149213,-0.860154,0.475446
16656539811527,Lacc,0.062254,-0.958309,-0.571128,
16656539811527,GameRo,-0.108828,-0.149118,-0.860147,0.475466
16656562921027,pre,1003.920776,,,
16656578271027,pre,1003.925232,,,
16656559724277,Gyro,0.621241,0.575081,0.499521,
16656579636777,Gyro,0.461741,0.560980,0.510030,
16656559724277,Lacc,-0.072123,-0.240149,-0.443687,
16656559724277,GameRo,-0.096655,-0.150143,-0.854622,0.487582
16656579636777,Lacc,0.115746,0.253389,-0.231249,
16656579636777,GameRo,-0.096657,-0.150191,-0.854620,0.487571
16656593591027,pre,1003.924500,,,
16656608941027,pre,1003.930481,,,
16656616815027,pre,1003.925232,,,
16656599549527,Gyro,0.165221,0.570425,0.541957,
16656619462527,Gyro,-0.226946,0.592640,0.611131,
16656599549527,Lacc,0.360087,0.427476,-0.178361,
16656599549527,GameRo,-0.084306,-0.151691,-0.849201,0.498739
16656619462527,Lacc,0.282820,0.485596,-0.079873,
16656619462527,GameRo,-0.084306,-0.151769,-0.849197,0.498722
16656631829027,pre,1003.923035,,,
16656647271027,pre,1003.932739,,,
16656662591027,pre,1003.926758,,,
16656639375277,Gyro,-0.421699,0.614723,0.624567,
16656659287777,Gyro,-0.396823,0.641728,0.538099,
16656639375277,Lacc,0.451660,0.150370,-0.404740,
16656639375277,GameRo,-0.078409,-0.141018,-0.844739,0.510277
16656659287777,Lacc,0.171493,0.044560,-0.873132,
16656659287777,GameRo,-0.078450,-0.141074,-0.844733,0.510265
16656677941027,pre,1003.921509,,,
16656693261027,pre,1003.931274,,,
16656708581027,pre,1003.929749,,,
16656679177527,Gyro,-0.225350,0.646517,0.397621,
16656699044527,Gyro,-0.005853,0.607140,0.251024,
16656679177527,Lacc,0.107640,0.378045,-1.006923,
16656679177527,GameRo,-0.073074,-0.127286,-0.841284,0.520288
16656699044527,Lacc,-0.103204,0.495392,-0.652332,
16656699044527,GameRo,-0.073036,-0.127365,-0.841284,0.520274
16656723901027,pre,1003.920776,,,
16656739221027,pre,1003.930481,,,
16656718957277,Gyro,0.119858,0.568562,0.143537,
16656738915777,Gyro,0.133427,0.509232,0.089927,
16656718957277,Lacc,-0.041881,0.845155,-0.375600,
16656718957277,GameRo,-0.063451,-0.120781,-0.839561,0.525854
16656738915777,Lacc,-0.240793,0.999735,-0.451197,
16656738915777,GameRo,-0.063351,-0.120901,-0.839563,0.525835
16656754480027,pre,1003.921509,,,
16656769860027,pre,1003.919250,,,
16656785211027,pre,1003.928284,,,
16656758851277,Gyro,0.140744,0.443782,0.077023,
16656778763777,Gyro,0.094716,0.353190,0.054275,
16656758851277,Lacc,-0.112318,0.448143,-0.837765,
16656758851277,GameRo,-0.053553,-0.117899,-0.838900,0.528657
16656778763777,Lacc,-0.229460,0.402058,-0.982069,
16656778763777,GameRo,-0.053505,-0.117969,-0.838900,0.528646
16656800561027,pre,1003.919250,,,
16656815850027,pre,1003.929016,,,
16656798676527,Gyro,0.087533,0.226015,0.024344,
16656818589527,Gyro,0.183180,0.130235,-0.002661,
16656798676527,Lacc,-0.156647,0.255223,-0.962848,
16656798676527,GameRo,-0.046758,-0.115996,-0.838444,0.530444
16656831170027,pre,1003.921509,,,
16656818589527,Lacc,0.084781,0.121739,-0.859396,
16656818589527,GameRo,-0.046772,-0.116049,-0.838441,0.530435
16656846490027,pre,1003.926758,,,
16656861810027,pre,1003.926025,,,
16656838502277,Gyro,0.283217,0.077555,-0.018624,
16656858414777,Gyro,0.300511,0.008248,-0.037780,
16656838502277,Lacc,0.128796,0.162273,-0.896941,
16656838502277,GameRo,-0.042739,-0.117915,-0.838140,0.530839
16656858414777,Lacc,0.059613,0.030281,-0.887223,
16656858414777,GameRo,-0.042756,-0.117956,-0.838138,0.530833
16656885247027,pre,1003.927490,,,
16656900140027,pre,1003.919250,,,
16656878342777,Gyro,0.310488,-0.062656,-0.049087,
16656898286277,Gyro,0.228010,-0.085670,-0.035918,
16656878342777,Lacc,0.281896,-0.264854,-0.577164,
16656878342777,GameRo,-0.039417,-0.123053,-0.837813,0.530447
16656898286277,Lacc,0.447923,-0.006515,-0.372556,
16656898286277,GameRo,-0.039478,-0.123099,-0.837808,0.530440
16656915338027,pre,1003.924500,,,
16656930780027,pre,1003.918518,,,
16656946099027,pre,1003.926758,,,
16656918199027,Gyro,0.113074,-0.103629,-0.016362,
16656938081027,Gyro,0.048023,-0.110014,-0.010110,
16656918199027,Lacc,0.400883,-0.019608,-0.237183,
16656918199027,GameRo,-0.038557,-0.127871,-0.837546,0.529791
16656938081027,Lacc,0.509735,0.043910,-0.113026,
16656938081027,GameRo,-0.038617,-0.127917,-0.837541,0.529784
16656961419027,pre,1003.918518,,,
16656976739027,pre,1003.919983,,,
16656957955527,Gyro,-0.001064,-0.079817,0.009445,
16656977822527,Gyro,-0.071968,-0.076757,0.026872,
16656957955527,Lacc,0.450837,0.211318,-0.017381,
16656957955527,GameRo,-0.039960,-0.129819,-0.837406,0.529434
16656977822527,Lacc,0.307503,0.064370,0.020643,
16656977822527,GameRo,-0.039992,-0.129847,-0.837403,0.529430
16656991967027,pre,1003.930481,,,
16657007409027,pre,1003.921509,,,
16657022668027,pre,1003.926758,,,
16656997742777,Gyro,-0.029266,-0.095780,-0.000133,
16657017716277,Gyro,0.059331,-0.066514,-0.018358,
16656997742777,Lacc,0.320713,-0.213429,0.158330,
16656997742777,GameRo,-0.042062,-0.129668,-0.837273,0.529519
16657017716277,Lacc,0.343658,-0.080319,0.182536,
16657017716277,GameRo,-0.042107,-0.129676,-0.837271,0.529518
16657038049027,pre,1003.919250,,,
16657053369027,pre,1003.922241,,,
16657037659527,Gyro,0.077289,-0.030730,-0.017693,
16657057572527,Gyro,-0.010509,-0.010376,-0.004124,
16657069116027,pre,1003.919250,,,
16657037659527,Lacc,0.243608,0.155832,0.133109,
16657037659527,GameRo,-0.042573,-0.131372,-0.837260,0.529080
16657057572527,Lacc,0.210265,0.355598,0.091569,
16657057572527,GameRo,-0.042571,-0.131425,-0.837257,0.529071
16657084924027,pre,1003.929016,,,
16657099359027,pre,1003.923035,,,
16657077515777,Gyro,0.118528,0.041771,-0.082211,
16657097489277,Gyro,0.061592,-0.056404,-0.062390,
16657077515777,Lacc,-0.456747,0.034590,-0.377863,
16657077515777,GameRo,-0.040020,-0.130645,-0.837401,0.529235
16657097489277,Lacc,0.172441,0.576891,0.022994,
16657097489277,GameRo,-0.039997,-0.130722,-0.837398,0.529222
16657114679027,pre,1003.922241,,,
16657129998027,pre,1003.922241,,,
16657145349027,pre,1003.930481,,,
16657117371527,Gyro,-0.055074,-0.115335,-0.015032,
16657137162527,Gyro,-0.211648,0.132097,0.026739,
16657117371527,Lacc,0.219245,0.683776,0.291949,
16657117371527,GameRo,-0.040908,-0.133187,-0.837816,0.527876
16657137162527,Lacc,0.958130,0.385285,0.234019,
16657137162527,GameRo,-0.040988,-0.133286,-0.837806,0.527860
16657160669027,pre,1003.917786,,,
16657175988027,pre,1003.916260,,,
