Timestamp,Sensor,X,Y,Z,W
16907414063943,Gyro,-0.062523,0.011573,-0.041904,
16907424958943,pre,1003.897522,,,
16907424020443,Gyro,0.048023,-0.004390,-0.017028,
16907443933443,Gyro,0.098574,-0.009711,0.005986,
16907463846193,Gyro,0.092455,-0.006385,0.008514,
16907483758693,Gyro,0.028335,0.000000,-0.009179,
16907503694193,Gyro,-0.065982,0.003991,-0.027404,
16907523652693,Gyro,-0.097909,0.005853,-0.032459,
16907547577943,pre,1003.899780,,,
16907563447943,pre,1003.892273,,,
16907543588193,Gyro,-0.042702,0.003060,-0.020752,
16907563500693,Gyro,0.022482,-0.001862,-0.017161,
16907543588193,Lacc,-0.008568,-0.050648,-0.145397,
16907543588193,GameRo,-0.003997,0.008830,-0.707052,0.707096
16907563500693,Lacc,-0.014975,0.005851,-0.064754,
16907563500693,GameRo,-0.003997,0.008830,-0.707052,0.707096
16907578248943,pre,1003.897522,,,
16907593598943,pre,1003.888489,,,
16907608979943,pre,1003.893005,,,
16907583413443,Gyro,0.038977,-0.007050,-0.016362,
16907603326443,Gyro,0.039908,-0.006385,-0.010509,
16907583413443,Lacc,-0.008834,0.021815,-0.018665,
16907583413443,GameRo,-0.003744,0.008507,-0.707288,0.706865
16907603326443,Lacc,0.000382,0.034866,-0.017076,
16907603326443,GameRo,-0.003744,0.008507,-0.707288,0.706865
16907624299943,pre,1003.893738,,,
16907639527943,pre,1003.887024,,,
16907623239193,Gyro,0.027803,0.000532,-0.001463,
16907643151693,Gyro,-0.001862,0.006518,-0.013170,
16907623239193,Lacc,-0.007622,0.041609,0.023841,
16907623239193,GameRo,-0.003271,0.007875,-0.707430,0.706732
16907643151693,Lacc,-0.031589,0.068489,0.023934,
16907643151693,GameRo,-0.003271,0.007875,-0.707430,0.706732
16907654877943,pre,1003.892273,,,
16907670319943,pre,1003.890015,,,
16907685639943,pre,1003.890747,,,
16907663064443,Gyro,-0.013835,0.008248,-0.030064,
16907682977443,Gyro,-0.000399,0.005720,-0.026074,
16907663064443,Lacc,-0.023407,0.031163,-0.015428,
16907663064443,GameRo,-0.003202,0.007980,-0.707621,0.706540
16907682977443,Lacc,0.006422,0.000024,-0.051070,
16907682977443,GameRo,-0.003202,0.007980,-0.707621,0.706540
16907700989943,pre,1003.888489,,,
16907716340943,pre,1003.884033,,,
16907731690943,pre,1003.895264,,,
16907702905443,Gyro,0.017028,0.004124,-0.011840,
16907722848443,Gyro,0.021151,0.004656,-0.008381,
16907702905443,Lacc,0.001319,0.006150,-0.030754,
16907702905443,GameRo,-0.003118,0.008052,-0.707978,0.706182
16907722848443,Lacc,-0.018311,0.027953,-0.007110,
16907722848443,GameRo,-0.003118,0.008052,-0.707978,0.706182
16907747010943,pre,1003.894531,,,
16907770051943,pre,1003.887756,,,
16907742761193,Gyro,0.001463,0.004656,-0.018092,
16907762643693,Gyro,-0.033656,0.004523,-0.017826,
16907742761193,Lacc,-0.025340,0.071659,0.042599,
16907742761193,GameRo,-0.002786,0.007851,-0.708114,0.706049
16907762643693,Lacc,0.001299,0.068649,0.048103,
16907762643693,GameRo,-0.002786,0.007851,-0.708114,0.706049
16907785370943,pre,1003.893738,,,
16907800721943,pre,1003.892273,,,
16907782541193,Gyro,-0.060661,0.006252,-0.009046,
16907802453693,Gyro,-0.037381,0.002261,-0.006252,
16907782541193,Lacc,-0.012719,0.029181,0.004642,
16907782541193,GameRo,-0.003208,0.008408,-0.708353,0.705801
16907802453693,Lacc,-0.025519,-0.021744,-0.083006,
16907802453693,GameRo,-0.003208,0.008408,-0.708353,0.705801
16907815949943,pre,1003.896729,,,
16907831269943,pre,1003.890015,,,
16907846711943,pre,1003.890015,,,
16907822343443,Gyro,-0.000931,-0.003991,-0.008647,
16907842210443,Gyro,0.016362,-0.004789,-0.009179,
16907822343443,Lacc,-0.032579,0.015415,-0.027633,
16907822343443,GameRo,-0.003687,0.008943,-0.708432,0.705713
16907842210443,Lacc,-0.008061,0.005651,-0.038888,
16907842210443,GameRo,-0.003687,0.008943,-0.708432,0.705713
16907862061943,pre,1003.893005,,,
16907877411943,pre,1003.893738,,,
16907894044943,pre,1003.895996,,,
16907862123193,Gyro,0.029798,-0.003326,0.000931,
16907882081693,Gyro,0.025674,-0.000399,0.008115,
16907862123193,Lacc,0.000510,0.005937,-0.009174,
16907862123193,GameRo,-0.003507,0.008622,-0.708547,0.705602
16907882081693,Lacc,-0.011880,0.040814,0.019455,
16907882081693,GameRo,-0.003507,0.008622,-0.708547,0.705602
16907908082943,pre,1003.891479,,,
16907923432943,pre,1003.899780,,,
16907902017193,Gyro,0.015963,0.002128,0.003725,
16907921929693,Gyro,0.010243,0.005188,-0.006119,
16907902017193,Lacc,-0.020599,0.035266,0.006055,
16907902017193,GameRo,-0.003150,0.008261,-0.708449,0.705707
16907921929693,Lacc,-0.021914,0.051745,0.019625,
16907921929693,GameRo,-0.003150,0.008261,-0.708449,0.705707
16907938752943,pre,1003.895264,,,
16907954102943,pre,1003.901245,,,
16907969452943,pre,1003.892273,,,
16907941842443,Gyro,0.007583,0.007982,-0.007317,
16907961755443,Gyro,0.011174,0.009844,-0.002261,
16907941842443,Lacc,-0.012001,0.004550,-0.009639,
16907941842443,GameRo,-0.002937,0.008191,-0.708526,0.705631
16907961755443,Lacc,-0.010799,0.003854,-0.003649,
16907961755443,GameRo,-0.002937,0.008191,-0.708526,0.705631
16907984772943,pre,1003.885498,,,
16908000123943,pre,1003.893738,,,
16907981668193,Gyro,0.029798,0.010243,-0.002261,
16908001580693,Gyro,0.049886,0.015298,0.000133,
16908015320943,pre,1003.889282,,,
16907981668193,Lacc,-0.023028,-0.018827,-0.040159,
16907981668193,GameRo,-0.002615,0.008148,-0.708573,0.705586
16908001580693,Lacc,-0.006919,-0.013524,0.007016,
16908001580693,GameRo,-0.002615,0.008148,-0.708573,0.705586
16908030640943,pre,1003.895996,,,
16908045991943,pre,1003.897522,,,
16908021493443,Gyro,0.028335,0.034853,0.030064,
16908041406443,Gyro,0.084207,0.029266,0.118661,
16908021493443,Lacc,0.070186,-0.055569,-0.028713,
16908021493443,GameRo,-0.001756,0.007791,-0.708547,0.705618
16908041406443,Lacc,0.085985,-0.067831,-0.087249,
16908041406443,GameRo,-0.001757,0.007791,-0.708547,0.705618
16908061432943,pre,1003.898254,,,
16908076752943,pre,1003.901245,,,
16908061319193,Gyro,0.064386,-0.014367,0.175730,
16908081231693,Gyro,-0.145134,-0.068509,0.119991,
16908093049943,pre,1003.893738,,,
16908061319193,Lacc,0.044137,0.175118,0.006341,
16908061319193,GameRo,-0.000425,0.007193,-0.706903,0.707274
16908081231693,Lacc,0.619333,0.370504,-0.150033,
16908081231693,GameRo,-0.000427,0.007185,-0.706903,0.707274
16908107453943,pre,1003.898987,,,
16908122773943,pre,1003.889282,,,
16908101144443,Gyro,-0.319135,0.001862,0.034188,
16908121057443,Gyro,-0.382855,0.076624,-0.114670,
16908101144443,Lacc,0.790080,-0.102712,-0.308662,
16908101144443,GameRo,-0.003070,0.008421,-0.705153,0.708999
16908121057443,Lacc,0.565328,0.137746,-0.053422,
16908121057443,GameRo,-0.003074,0.008415,-0.705153,0.708999
16908138093943,pre,1003.894531,,,
16908153412943,pre,1003.896729,,,
16908168763943,pre,1003.895264,,,
16908140970193,Gyro,-0.380860,0.095381,-0.176927,
16908160882693,Gyro,-0.256079,0.131565,-0.282419,
16908140970193,Lacc,0.311629,0.090720,0.120972,
16908140970193,GameRo,-0.007456,0.014816,-0.706469,0.707550
16908160882693,Lacc,0.476054,-0.461767,0.078150,
16908160882693,GameRo,-0.007464,0.014816,-0.706469,0.707550
16908191743943,pre,1003.898987,,,
16908207093943,pre,1003.885498,,,
16908180795193,Gyro,0.129835,0.124780,-0.274171,
16908200707693,Gyro,0.503512,0.052147,-0.166019,
16908180795193,Lacc,0.382773,-0.436074,0.094774,
16908180795193,GameRo,-0.008905,0.019685,-0.709790,0.704082
16908200707693,Lacc,-0.345924,-0.888584,0.344405,
16908200707693,GameRo,-0.008909,0.019696,-0.709790,0.704082
16908222413943,pre,1003.902771,,,
16908237763943,pre,1003.897522,,,
16908220620443,Gyro,0.659554,-0.034055,-0.195950,
16908240533443,Gyro,0.184377,0.011307,-0.306497,
16908220620443,Lacc,0.991216,-0.725993,0.338587,
16908220620443,GameRo,-0.001050,0.012874,-0.713127,0.700916
16908240533443,Lacc,2.236735,-0.115354,0.120696,
16908240533443,GameRo,-0.001072,0.012854,-0.713127,0.700916
16908252991943,pre,1003.893005,,,
16908268433943,pre,1003.887756,,,
16908283753943,pre,1003.890747,,,
16908260446193,Gyro,-0.164290,-0.005853,-0.236790,
16908280358693,Gyro,-0.120923,-0.002661,-0.236923,
16908260446193,Lacc,1.367898,0.176379,-0.381004,
16908260446193,GameRo,0.001990,0.009402,-0.716924,0.697085
16908280358693,Lacc,1.844187,-0.475092,-0.171560,
16908280358693,GameRo,0.001966,0.009388,-0.716924,0.697085
16908299103943,pre,1003.890747,,,
16908314423943,pre,1003.903503,,,
16908329774943,pre,1003.890015,,,
16908300248443,Gyro,0.005587,0.011174,-0.256877,
16908320115443,Gyro,0.054409,0.041372,-0.302506,
16908300248443,Lacc,1.599542,-0.342773,0.081135,
16908300248443,GameRo,-0.000071,0.011200,-0.720248,0.693627
16908320115443,Lacc,1.663128,-0.432842,0.213238,
16908320115443,GameRo,-0.000093,0.011187,-0.720248,0.693627
16908345093943,pre,1003.890015,,,
16908360444943,pre,1003.895996,,,
16908340028193,Gyro,0.031794,0.079418,-0.378465,
16908359986693,Gyro,-0.115734,0.113074,-0.433140,
16908340028193,Lacc,1.629503,-0.402677,0.177542,
16908340028193,GameRo,0.001209,0.010975,-0.724529,0.689156
16908359986693,Lacc,1.577592,-0.546773,0.039018,
16908359986693,GameRo,0.001185,0.010964,-0.724530,0.689155
16908375764943,pre,1003.896729,,,
16908390992943,pre,1003.895264,,,
16908406434943,pre,1003.893005,,,
16908379922443,Gyro,-0.182781,0.129303,-0.458548,
16908399835443,Gyro,-0.232267,0.131565,-0.425025,
16908379922443,Lacc,1.514378,-0.784115,0.445434,
16908379922443,GameRo,0.001161,0.014123,-0.730482,0.682785
16908399835443,Lacc,1.576192,-0.963404,0.714762,
16908399835443,GameRo,0.001132,0.014117,-0.730483,0.682785
16908421784943,pre,1003.887756,,,
16908437104943,pre,1003.893738,,,
16908419748193,Gyro,-0.460144,0.142340,-0.384318,
16908439660693,Gyro,-0.704517,0.164157,-0.342015,
16908419748193,Lacc,1.501175,-0.553246,0.428662,
16908419748193,GameRo,-0.000601,0.019723,-0.736139,0.676543
16908439660693,Lacc,1.406930,-0.502081,0.095619,
16908439660693,GameRo,-0.000625,0.019713,-0.736139,0.676543
16908452332943,pre,1003.898254,,,
16908467774943,pre,1003.898987,,,
16908483124943,pre,1003.894531,,,
16908459573443,Gyro,-0.888495,0.181051,-0.293061,
16908479486443,Gyro,-0.988931,0.185973,-0.290400,
16908459573443,Lacc,1.121797,0.166396,-0.085878,
16908459573443,GameRo,-0.007978,0.032402,-0.740320,0.671426
16908479486443,Lacc,0.770973,0.356127,-0.273920,
16908479486443,GameRo,-0.007985,0.032387,-0.740321,0.671426
16908498444943,pre,1003.893005,,,
16908513795943,pre,1003.893738,,,
16908499376193,Gyro,-1.078991,0.191827,-0.325121,
16908519242693,Gyro,-0.969110,0.194620,-0.413185,
16908529145943,pre,1003.896729,,,
16908499376193,Lacc,0.526334,0.603363,-0.427723,
16908499376193,GameRo,-0.018813,0.049621,-0.743441,0.666693
16908519242693,Lacc,0.338985,0.452238,-0.339395,
16908519242693,GameRo,-0.018812,0.049611,-0.743442,0.666693
16908544465943,pre,1003.896729,,,
16908559815943,pre,1003.896729,,,
16908539155193,Gyro,-0.740568,0.181450,-0.502580,
16908559113693,Gyro,-0.610200,0.161363,-0.576677,
16908539155193,Lacc,-0.020088,1.172642,-0.121297,
16908539155193,GameRo,-0.029049,0.066082,-0.747935,0.659836
16908559113693,Lacc,-0.233818,0.996135,-0.113426,
16908559113693,GameRo,-0.029032,0.066070,-0.747935,0.659837
16908575043943,pre,1003.893005,,,
16908590485943,pre,1003.898987,,,
16908605805943,pre,1003.894531,,,
16908579049443,Gyro,-0.575480,0.148592,-0.662214,
16908598962443,Gyro,-0.612728,0.150588,-0.764380,
16908579049443,Lacc,-0.388623,1.071423,-0.217474,
16908579049443,GameRo,-0.035383,0.076873,-0.754780,0.650497
16908598962443,Lacc,-0.399380,0.632948,-0.198154,
16908598962443,GameRo,-0.035368,0.076869,-0.754780,0.650498
16908621155943,pre,1003.887756,,,
16908636475943,pre,1003.899780,,,
16908618875193,Gyro,-0.555260,0.192492,-0.843399,
16908638787693,Gyro,-0.439392,0.238386,-0.841669,
16908651703943,pre,1003.897522,,,
16908618875193,Lacc,-0.408872,0.750835,0.201767,
16908618875193,GameRo,-0.041953,0.087330,-0.763808,0.638131
16908638787693,Lacc,-0.605324,0.340320,0.192429,
16908638787693,GameRo,-0.041939,0.087332,-0.763808,0.638132
16908667145943,pre,1003.892273,,,
16908682465943,pre,1003.893738,,,
16908658700443,Gyro,-0.459213,0.275235,-0.838210,
16908678613443,Gyro,-0.652636,0.317804,-0.891422,
16908658700443,Lacc,-0.820362,0.405306,0.153928,
16908658700443,GameRo,-0.045403,0.096484,-0.773815,0.624372
16908678613443,Lacc,-1.040064,0.321204,0.141668,
16908678613443,GameRo,-0.045381,0.096492,-0.773813,0.624374
16908697816943,pre,1003.897522,,,
16908713135943,pre,1003.894531,,,
16908698503443,Gyro,-0.753338,0.368355,-0.959399,
16908718370443,Gyro,-0.633480,0.394695,-0.996115,
16908729645943,pre,1003.884766,,,
16908698503443,Lacc,-1.113187,0.153180,0.419608,
16908698503443,GameRo,-0.050143,0.109651,-0.783753,0.609256
16908718370443,Lacc,-1.277827,0.081452,0.404875,
16908718370443,GameRo,-0.050119,0.109664,-0.783751,0.609259
16908743806943,pre,1003.894531,,,
16908759156943,pre,1003.896729,,,
16908738283193,Gyro,-0.495929,0.400415,-0.948624,
16908758241693,Gyro,-0.462938,0.412387,-0.838343,
16908738283193,Lacc,-1.142832,0.077060,0.136340,
16908738283193,GameRo,-0.053778,0.123302,-0.794530,0.592138
16908758241693,Lacc,-1.260296,-0.276299,-0.047950,
16908758241693,GameRo,-0.053758,0.123325,-0.794526,0.592140
16908774506943,pre,1003.898254,,,
16908789826943,pre,1003.894531,,,
16908805176943,pre,1003.884766,,,
16908778154193,Gyro,-0.512291,0.411456,-0.755201,
16908798020693,Gyro,-0.540892,0.377002,-0.710769,
16908778154193,Lacc,-1.624438,-0.164035,-0.029881,
16908778154193,GameRo,-0.054734,0.134640,-0.803559,0.577208
16908798020693,Lacc,-1.896934,-0.467671,0.110240,
16908798020693,GameRo,-0.054704,0.134673,-0.803553,0.577211
16908820496943,pre,1003.896729,,,
16908835724943,pre,1003.890747,,,
16908817910443,Gyro,-0.486617,0.310887,-0.682967,
16908837823443,Gyro,-0.378598,0.271777,-0.686691,
16908851044943,pre,1003.893738,,,
16908817910443,Lacc,-1.829638,-0.602845,0.129837,
16908817910443,GameRo,-0.056728,0.146694,-0.810482,0.564254
16908837823443,Lacc,-1.434695,-1.075922,0.026733,
16908837823443,GameRo,-0.056714,0.146733,-0.810475,0.564255
16908866486943,pre,1003.903503,,,
16908881837943,pre,1003.886230,,,
16908857759193,Gyro,-0.141143,0.266721,-0.696801,
16908877717693,Gyro,0.014500,0.281754,-0.664343,
16908857759193,Lacc,-0.941438,-1.743743,0.028611,
16908857759193,GameRo,-0.058342,0.154770,-0.817348,0.551893
16908877717693,Lacc,-0.748338,-1.756953,0.155993,
16908877717693,GameRo,-0.058349,0.154811,-0.817341,0.551890
16908904847943,pre,1003.894531,,,
16908920197943,pre,1003.899780,,,
16908897653193,Gyro,0.017959,0.300511,-0.579072,
16908917565693,Gyro,-0.042436,0.307295,-0.456154,
16908897653193,Lacc,-0.719601,-1.186671,0.432533,
16908897653193,GameRo,-0.055642,0.156945,-0.824871,0.540241
16908917565693,Lacc,-0.848444,-0.759388,0.437911,
16908917565693,GameRo,-0.055634,0.156968,-0.824867,0.540241
16908935517943,pre,1003.890015,,,
16908950867943,pre,1003.890747,,,
16908966218943,pre,1003.885498,,,
16908937455443,Gyro,-0.114005,0.299579,-0.345341,
16908957322443,Gyro,-0.208588,0.292396,-0.274038,
16908937455443,Lacc,-0.906648,-0.600927,-0.118251,
16908937455443,GameRo,-0.052440,0.160509,-0.829882,0.531774
16908957322443,Lacc,-1.001015,-0.508362,-0.640561,
16908957322443,GameRo,-0.052425,0.160541,-0.829876,0.531775
16908981537943,pre,1003.896729,,,
16908996888943,pre,1003.882507,,,
16908977235193,Gyro,-0.221891,0.300644,-0.254749,
16908997193693,Gyro,-0.206460,0.309823,-0.231868,
16908977235193,Lacc,-1.005661,-0.117856,-0.478999,
16908977235193,GameRo,-0.050551,0.166679,-0.832391,0.526106
16908997193693,Lacc,-0.968121,0.180887,-0.331409,
16908997193693,GameRo,-0.050526,0.166692,-0.832388,0.526110
16909012116943,pre,1003.893005,,,
16909027588943,pre,1003.893738,,,
16909042908943,pre,1003.888489,,,
16909017129443,Gyro,-0.143404,0.300644,-0.211648,
16909037042443,Gyro,-0.063854,0.291465,-0.214574,
16909017129443,Lacc,-0.929243,0.179359,-0.543229,
16909017129443,GameRo,-0.048213,0.172979,-0.834450,0.521007
16909037042443,Lacc,-0.863435,-0.215581,-0.877570,
16909037042443,GameRo,-0.048197,0.173007,-0.834444,0.521008
16909058259943,pre,1003.898254,,,
16909073609943,pre,1003.891479,,,
16909056955193,Gyro,0.070106,0.272442,-0.253552,
16909076867693,Gyro,0.092055,0.262465,-0.285611,
16909056955193,Lacc,-0.594654,-0.447947,-0.856045,
16909056955193,GameRo,-0.044645,0.176648,-0.836786,0.516325
16909076867693,Lacc,-0.283851,-0.287854,-0.802629,
16909076867693,GameRo,-0.044645,0.176669,-0.836782,0.516324
16909088837943,pre,1003.893738,,,
16909104279943,pre,1003.894531,,,
16909119629943,pre,1003.902771,,,
16909096780443,Gyro,0.040840,0.273772,-0.292529,
16909116693443,Gyro,-0.025009,0.265524,-0.266588,
16909096780443,Lacc,-0.323410,-0.242970,-0.815948,
16909096780443,GameRo,-0.040299,0.177653,-0.840217,0.510736
16909116693443,Lacc,-0.302536,-0.585640,-0.876930,
16909116693443,GameRo,-0.040302,0.177683,-0.840212,0.510733
16909134949943,pre,1003.887756,,,
16909150300943,pre,1003.892273,,,
16909165619943,pre,1003.891479,,,
16909136583193,Gyro,-0.051083,0.246634,-0.265258,
16909156449693,Gyro,-0.075294,0.215639,-0.268451,
16909136583193,Lacc,-0.175899,-0.726619,-0.910758,
16909136583193,GameRo,-0.037065,0.180590,-0.843080,0.505203
16909156449693,Lacc,-0.302588,-0.569935,-0.896619,
16909156449693,GameRo,-0.037068,0.180621,-0.843075,0.505200
16909180970943,pre,1003.893005,,,
16909196320943,pre,1003.894531,,,
16909176362193,Gyro,-0.130501,0.184776,-0.274437,
16909196320693,Gyro,-0.120923,0.147395,-0.285212,
16909176362193,Lacc,-0.478951,-0.219039,-0.740658,
16909176362193,GameRo,-0.035256,0.183953,-0.845609,0.499863
16909196320693,Lacc,-0.606526,0.092091,-0.592724,
16909196320693,GameRo,-0.035238,0.183968,-0.845606,0.499865
16909211548943,pre,1003.888489,,,
16909234650943,pre,1003.886230,,,
16909216256443,Gyro,-0.013170,0.059863,-0.272043,
16909236169443,Gyro,0.220162,-0.021418,-0.307029,
16909216256443,Lacc,-0.598810,-0.370664,-0.568035,
16909216256443,GameRo,-0.035034,0.187056,-0.848102,0.494476
16909236169443,Lacc,-0.556308,-0.719049,-0.308236,
16909236169443,GameRo,-0.035030,0.187087,-0.848096,0.494474
16909249909943,pre,1003.891479,,,
16909265320943,pre,1003.889282,,,
16909280671943,pre,1003.890747,,,
16909256082193,Gyro,0.475044,-0.053610,-0.428750,
16909275994693,Gyro,0.467993,-0.058133,-0.454158,
16909256082193,Lacc,-0.602493,0.205080,0.037556,
16909256082193,GameRo,-0.034280,0.182679,-0.852056,0.489341
16909275994693,Lacc,-0.586668,0.540298,0.368984,
16909275994693,GameRo,-0.034254,0.182669,-0.852056,0.489346
16909295869943,pre,1003.887024,,,
16909311310943,pre,1003.896729,,,
16909295907443,Gyro,0.286144,-0.077289,-0.388575,
16909315820443,Gyro,0.155643,-0.138216,-0.289336,
16909327088943,pre,1003.885498,,,
16909295907443,Lacc,-0.627518,0.291704,0.254846,
16909295907443,GameRo,-0.032407,0.173930,-0.858028,0.482169
16909315820443,Lacc,-0.648758,-0.183130,-0.151999,
16909315820443,GameRo,-0.032391,0.173947,-0.858024,0.482170
16909341950943,pre,1003.887756,,,
16909357300943,pre,1003.892273,,,
16909335733193,Gyro,0.208455,-0.214973,-0.209253,
16909355645693,Gyro,0.438727,-0.259405,-0.199276,
16909335733193,Lacc,-0.674952,-0.553153,0.144083,
16909335733193,GameRo,-0.034268,0.169655,-0.861210,0.477871
16909355645693,Lacc,-0.417954,0.147780,0.952070,
16909355645693,GameRo,-0.034252,0.169647,-0.861210,0.477874
16909372498943,pre,1003.894531,,,
16909387818943,pre,1003.888489,,,
16909403138943,pre,1003.894531,,,
16909375535443,Gyro,0.543819,-0.280556,-0.162693,
16909395402443,Gyro,0.522269,-0.298382,-0.106955,
16909375535443,Lacc,-0.385374,0.509119,1.205103,
16909375535443,GameRo,-0.035301,0.159656,-0.864230,0.475785
16909395402443,Lacc,-0.216087,0.385257,0.871758,
16909395402443,GameRo,-0.035287,0.159640,-0.864232,0.475788
16909418458943,pre,1003.883240,,,
16909433777943,pre,1003.890015,,,
16909415315193,Gyro,0.433273,-0.314612,-0.097111,
16909435273693,Gyro,0.385116,-0.285345,-0.150189,
16909449769943,pre,1003.893005,,,
16909415315193,Lacc,-0.119403,0.092088,0.151221,
16909415315193,GameRo,-0.035870,0.147797,-0.866654,0.475164
16909435273693,Lacc,0.225357,0.407236,0.170999,
16909435273693,GameRo,-0.035870,0.147779,-0.866657,0.475165
16909464570943,pre,1003.895996,,,
16909479920943,pre,1003.901245,,,
16909455209193,Gyro,0.301176,-0.234396,-0.194886,
16909475121693,Gyro,0.221359,-0.193423,-0.245304,
16909455209193,Lacc,0.386521,0.586649,0.567959,
16909455209193,GameRo,-0.037671,0.138513,-0.868919,0.473683
16909475121693,Lacc,0.509073,0.526068,0.699801,
16909475121693,GameRo,-0.037677,0.138481,-0.868923,0.473683
16909495240943,pre,1003.897522,,,
16909510590943,pre,1003.897522,,,
16909495034443,Gyro,0.220162,-0.170276,-0.331506,
16909514947443,Gyro,0.241313,-0.149524,-0.391236,
16909526215943,pre,1003.887756,,,
16909495034443,Lacc,0.431231,0.599603,0.403394,
16909495034443,GameRo,-0.039568,0.132542,-0.871766,0.469990
16909514947443,Lacc,0.431259,0.452063,-0.021791,
16909514947443,GameRo,-0.039574,0.132520,-0.871770,0.469990
16909541260943,pre,1003.892273,,,
16909556611943,pre,1003.896729,,,
16909534860193,Gyro,0.225483,-0.139414,-0.432874,
16909554772693,Gyro,0.114005,-0.089129,-0.428085,
16909534860193,Lacc,0.556413,0.552879,-0.063755,
16909534860193,GameRo,-0.041026,0.126614,-0.875949,0.463681
16909554772693,Lacc,0.717928,0.525617,0.228498,
16909554772693,GameRo,-0.041040,0.126581,-0.875953,0.463680
16909579590943,pre,1003.898987,,,
16909594941943,pre,1003.891479,,,
16909574685443,Gyro,0.069042,-0.061991,-0.387245,
16909594598443,Gyro,0.079019,-0.053743,-0.398818,
16909574685443,Lacc,0.578069,0.287387,0.228650,
16909574685443,GameRo,-0.042603,0.123275,-0.880066,0.456588
16909594598443,Lacc,0.476737,0.352466,-0.025541,
16909594598443,GameRo,-0.042614,0.123254,-0.880069,0.456587
16909610261943,pre,1003.887756,,,
16909625611943,pre,1003.893738,,,
16909640961943,pre,1003.887024,,,
16909614511193,Gyro,0.076624,-0.074762,-0.425291,
16909634423693,Gyro,0.066514,-0.104028,-0.425025,
16909614511193,Lacc,0.268002,0.462061,-0.499128,
16909614511193,GameRo,-0.043895,0.121064,-0.883796,0.449801
16909634423693,Lacc,0.281861,0.428243,-0.576275,
16909634423693,GameRo,-0.043900,0.121048,-0.883798,0.449801
16909656281943,pre,1003.883240,,,
16909671631943,pre,1003.892273,,,
16909654336443,Gyro,0.046560,-0.147129,-0.386979,
16909674249443,Gyro,0.002128,-0.188102,-0.347203,
16909654336443,Lacc,0.200577,0.174354,-0.403118,
16909654336443,GameRo,-0.046243,0.118562,-0.887599,0.442688
16909674249443,Lacc,0.267231,0.032496,-0.185281,
16909686860943,pre,1003.899780,,,
16909674249443,GameRo,-0.046253,0.118557,-0.887600,0.442687
16909702180943,pre,1003.893738,,,
16909717652943,pre,1003.895996,,,
16909694162193,Gyro,-0.040707,-0.223487,-0.316873,
16909714074693,Gyro,-0.038179,-0.250226,-0.277098,
16909694162193,Lacc,0.046108,-0.068390,-0.181236,
16909694162193,GameRo,-0.050419,0.116552,-0.890447,0.437010
16909714074693,Lacc,-0.083947,-0.001168,-0.153210,
16909714074693,GameRo,-0.050417,0.116555,-0.890447,0.437010
16909732972943,pre,1003.891479,,,
16909748322943,pre,1003.892273,,,
16909763642943,pre,1003.902771,,,
16909733964443,Gyro,0.113473,-0.254483,-0.247166,
16909753831443,Gyro,0.169744,-0.224418,-0.157239,
16909733964443,Lacc,-0.238205,-0.242187,0.035516,
16909733964443,GameRo,-0.055672,0.114450,-0.892565,0.432586
16909753831443,Lacc,-0.111601,-0.317627,0.484528,
16909753831443,GameRo,-0.055672,0.114458,-0.892563,0.432586
16909771210943,pre,1003.887756,,,
16909786622943,pre,1003.894531,,,
16909801972943,pre,1003.898254,,,
16909773744193,Gyro,0.076491,-0.149923,-0.079817,
16909793702693,Gyro,0.077023,-0.072899,-0.058000,
16909773744193,Lacc,-0.137041,-0.466453,0.739509,
16909773744193,GameRo,-0.058544,0.109599,-0.893998,0.430499
16909793702693,Lacc,-0.197344,-0.223598,0.760101,
16909793702693,GameRo,-0.058538,0.109604,-0.893997,0.430499
16909817322943,pre,1003.893738,,,
16909832551943,pre,1003.890747,,,
16909813638193,Gyro,0.125446,-0.020885,-0.053876,
16909833550693,Gyro,0.093652,-0.014633,-0.020752,
16909813638193,Lacc,-0.283009,-0.106608,0.844849,
16909813638193,GameRo,-0.059238,0.107541,-0.894572,0.429729
16909833550693,Lacc,-0.203336,0.076643,0.311990,
16909833550693,GameRo,-0.059227,0.107539,-0.894572,0.429731
16909847901943,pre,1003.892273,,,
16909863312943,pre,1003.896729,,,
16909879120943,pre,1003.888489,,,
16909853463443,Gyro,0.047491,-0.014500,-0.005454,
16909873376443,Gyro,0.052014,-0.012904,0.000000,
16909853463443,Lacc,-0.176062,-0.146716,-0.512773,
16909853463443,GameRo,-0.058676,0.105774,-0.894950,0.429457
16909873376443,Lacc,-0.023753,0.288966,-0.728958,
16909873376443,GameRo,-0.058674,0.105770,-0.894951,0.429457
16909893983943,pre,1003.893738,,,
16909909302943,pre,1003.893005,,,
16909893289193,Gyro,0.147661,-0.029133,0.019954,
16909913201693,Gyro,0.215506,-0.054142,-0.000133,
16909893289193,Lacc,0.045984,0.072567,-0.294383,
16909893289193,GameRo,-0.058401,0.104508,-0.895028,0.429642
16909913201693,Lacc,0.099736,0.393898,-0.028859,
16909913201693,GameRo,-0.058398,0.104491,-0.895030,0.429642
16909932313943,pre,1003.894531,,,
16909947632943,pre,1003.890747,,,
16909963898943,pre,1003.887756,,,
16909933091443,Gyro,0.299180,-0.087399,-0.047890,
16909952958443,Gyro,0.305965,-0.115069,-0.079551,
16909933091443,Lacc,0.051618,0.029411,-0.153214,
16909933091443,GameRo,-0.057480,0.099955,-0.895449,0.429971
16909952958443,Lacc,0.141850,0.409058,-0.353498,
16909952958443,GameRo,-0.057480,0.099938,-0.895451,0.429971
16909978303943,pre,1003.886230,,,
16909994080943,pre,1003.889282,,,
16909972871193,Gyro,0.127574,-0.127308,-0.075028,
16909992829693,Gyro,0.038844,-0.156308,-0.051083,
16909972871193,Lacc,0.054777,0.681786,-0.598673,
16909972871193,GameRo,-0.057227,0.093769,-0.896537,0.429132
16909992829693,Lacc,0.128615,0.463799,-0.441074,
16909992829693,GameRo,-0.057226,0.093750,-0.896539,0.429132
16910008973943,pre,1003.899780,,,
16910024293943,pre,1003.890747,,,
16910039643943,pre,1003.895264,,,
16910012765443,Gyro,0.069574,-0.181849,-0.046959,
16910032678443,Gyro,0.181983,-0.181317,-0.065849,
16910012765443,Lacc,0.123558,0.497802,-0.169517,
16910012765443,GameRo,-0.059792,0.091615,-0.896882,0.428527
16910032678443,Lacc,0.079223,0.736965,-0.044931,
16910032678443,GameRo,-0.059781,0.091582,-0.896885,0.428527
16910054963943,pre,1003.890015,,,
16910070313943,pre,1003.890015,,,
16910052591193,Gyro,0.260469,-0.169744,-0.063321,
16910072503693,Gyro,0.129569,-0.143537,-0.036982,
16910085541943,pre,1003.888489,,,
16910052591193,Lacc,0.041204,0.308928,0.051332,
16910052591193,GameRo,-0.061567,0.086648,-0.897528,0.427954
16910072503693,Lacc,0.055032,0.338434,-0.017784,
16910072503693,GameRo,-0.061562,0.086633,-0.897530,0.427954
16910100831943,pre,1003.896729,,,
16910116273943,pre,1003.897522,,,
16910092416443,Gyro,0.003326,-0.107354,-0.009578,
16910112329443,Gyro,0.046028,-0.085271,-0.007982,
16910092416443,Lacc,0.009131,-0.028042,-0.092059,
16910092416443,GameRo,-0.063022,0.083050,-0.897882,0.427713
16910112329443,Lacc,0.036418,-0.120237,0.037859,
16910112329443,GameRo,-0.063026,0.083054,-0.897882,0.427713
16910131592943,pre,1003.890015,,,
16910146943943,pre,1003.894531,,,
16910132242193,Gyro,0.112143,-0.074762,-0.007716,
16910152154693,Gyro,0.111877,-0.072899,0.017161,
16910163392943,pre,1003.887756,,,
16910132242193,Lacc,-0.016581,-0.158278,0.012241,
16910132242193,GameRo,-0.064171,0.081582,-0.897898,0.427791
16910152154693,Lacc,0.000751,-0.408312,-0.107557,
16910152154693,GameRo,-0.064180,0.081601,-0.897896,0.427791
16910177674943,pre,1003.887024,,,
16910192933943,pre,1003.897522,,,
16910172067193,Gyro,0.057335,-0.065184,0.029266,
16910191979693,Gyro,-0.006784,-0.051881,0.055473,
16910172067193,Lacc,0.001698,-0.235692,-0.053838,
16910172067193,GameRo,-0.064513,0.079056,-0.897852,0.428310
16910191979693,Lacc,0.056972,-0.298771,0.046838,
16910191979693,GameRo,-0.064521,0.079068,-0.897851,0.428310
16910208161943,pre,1003.900513,,,
16910223603943,pre,1003.898987,,,
16910238953943,pre,1003.894531,,,
16910211892443,Gyro,0.040574,-0.039376,0.055074,
16910231805443,Gyro,0.170276,-0.020619,0.041904,
16910211892443,Lacc,0.061891,-0.297452,0.229520,
16910211892443,GameRo,-0.065328,0.078619,-0.897340,0.429340
16910231805443,Lacc,0.055540,-0.074843,0.261626,
16910231805443,GameRo,-0.065330,0.078619,-0.897340,0.429339
16910261933943,pre,1003.895264,,,
16910277283943,pre,1003.898254,,,
16910251718193,Gyro,0.228143,-0.017028,0.034321,
16910271630693,Gyro,0.128106,-0.024078,0.048422,
16910251718193,Lacc,0.035059,0.265209,0.073572,
16910251718193,GameRo,-0.064209,0.075481,-0.897212,0.430338
16910271630693,Lacc,0.054255,0.274591,0.020502,
16910271630693,GameRo,-0.064205,0.075467,-0.897214,0.430338
16910292603943,pre,1003.894531,,,
16910307923943,pre,1003.893738,,,
16910291543443,Gyro,0.004124,-0.025674,0.040041,
16910311456443,Gyro,0.001729,-0.015564,0.022216,
16910291543443,Lacc,0.120332,0.205780,0.038765,
16910291543443,GameRo,-0.063514,0.073139,-0.896972,0.431343
16910311456443,Lacc,0.138596,0.095439,0.227592,
16910311456443,GameRo,-0.063517,0.073129,-0.896973,0.431343
16910323182943,pre,1003.899780,,,
16910338593943,pre,1003.890747,,,
16910353943943,pre,1003.890015,,,
16910331346443,Gyro,0.074895,-0.015963,0.020220,
16910351213443,Gyro,0.118262,-0.032060,0.015830,
16910331346443,Lacc,0.032012,0.019322,0.128928,
16910331346443,GameRo,-0.063745,0.072951,-0.896762,0.431779
16910351213443,Lacc,-0.007892,0.091495,-0.036717,
16910351213443,GameRo,-0.063742,0.072947,-0.896762,0.431779
16910369263943,pre,1003.893005,,,
16910384583943,pre,1003.888489,,,
16910399933943,pre,1003.894531,,,
16910371133693,Gyro,0.050285,-0.045496,0.015431,
16910391107193,Gyro,0.009711,-0.043633,0.014101,
16910371133693,Lacc,0.011684,0.092761,-0.082747,
16910371133693,GameRo,-0.063357,0.070740,-0.896727,0.432276
16910391107193,Lacc,0.022865,0.014999,0.044368,
16910391107193,GameRo,-0.063358,0.070739,-0.896727,0.432276
16910415253943,pre,1003.895996,,,
16910430482943,pre,1003.897522,,,
16910411042693,Gyro,0.022083,-0.036583,0.018624,
16910430940193,Gyro,0.093918,-0.040574,0.017959,
16910411042693,Lacc,-0.038743,-0.107347,0.125706,
16910411042693,GameRo,-0.064043,0.070240,-0.896535,0.432655
16910430940193,Lacc,-0.118250,0.004885,-0.072009,
16910430940193,GameRo,-0.064038,0.070243,-0.896535,0.432655
16910445832943,pre,1003.894531,,,
16910461274943,pre,1003.887024,,,
16910476624943,pre,1003.894531,,,
16910450845193,Gyro,0.123317,-0.050817,0.024211,
16910470757693,Gyro,0.105358,-0.053610,0.024211,
16910450845193,Lacc,-0.074963,-0.060970,-0.116849,
16910450845193,GameRo,-0.063970,0.068318,-0.896442,0.433166
16910470757693,Lacc,-0.045419,0.083153,-0.098392,
16910470757693,GameRo,-0.063967,0.068316,-0.896442,0.433166
16910491944943,pre,1003.894531,,,
16910507294943,pre,1003.898254,,,
16910490670443,Gyro,0.051349,-0.045762,0.019289,
16910510583443,Gyro,0.066780,-0.040574,0.005055,
16910522553943,pre,1003.898987,,,
16910490670443,Lacc,-0.081630,0.079926,-0.049315,
16910490670443,GameRo,-0.063993,0.066076,-0.896315,0.433772
16910510583443,Lacc,-0.053947,-0.032863,0.082481,
16910510583443,GameRo,-0.063990,0.066078,-0.896315,0.433772
16910537964943,pre,1003.890747,,,
16910553315943,pre,1003.891479,,,
16910530496193,Gyro,0.119459,-0.038312,0.001064,
16910550408693,Gyro,0.133028,-0.041106,0.006119,
16910530496193,Lacc,-0.038098,-0.080234,0.075594,
16910530496193,GameRo,-0.064115,0.064529,-0.896288,0.434043
16910550408693,Lacc,-0.049673,0.013701,0.062613,
16910550408693,GameRo,-0.064112,0.064529,-0.896288,0.434044
16910568543943,pre,1003.898987,,,
16910583954943,pre,1003.893738,,,
16910599305943,pre,1003.890747,,,
16910570298443,Gyro,0.056271,-0.043899,0.011041,
16910590165443,Gyro,-0.105358,0.022881,-0.001463,
16910570298443,Lacc,-0.039567,0.112473,0.080798,
16910570298443,GameRo,-0.063773,0.061947,-0.896337,0.434368
16910590165443,Lacc,-0.045774,0.397820,-0.061721,
16910590165443,GameRo,-0.063761,0.061927,-0.896339,0.434368
16910614625943,pre,1003.892273,,,
16910630219943,pre,1003.884766,,,
16910610078193,Gyro,-0.057867,0.054409,-0.049486,
16910630036693,Gyro,-0.003858,0.053610,-0.077023,
16910610078193,Lacc,-0.006773,-0.049060,-0.642821,
16910610078193,GameRo,-0.064188,0.063545,-0.896323,0.434104
16910630036693,Lacc,0.154503,0.098361,-0.852513,
16910630036693,GameRo,-0.064201,0.063542,-0.896323,0.434103
16910645203943,pre,1003.902039,,,
16910660645943,pre,1003.897522,,,
16910675995943,pre,1003.891479,,,
16910649972443,Gyro,-0.092721,0.061193,-0.070239,
16910669885443,Gyro,-0.042835,0.042835,-0.069707,
16910649972443,Lacc,0.301313,0.108505,-0.082126,
16910649972443,GameRo,-0.063458,0.064277,-0.897034,0.432634
16910669885443,Lacc,0.208575,-0.152035,0.272277,
16910669885443,GameRo,-0.063471,0.064278,-0.897033,0.432633
16910698975943,pre,1003.894531,,,
16910714326943,pre,1003.902039,,,
16910689798193,Gyro,-0.006917,0.021684,-0.068643,
16910709710693,Gyro,-0.030863,0.016895,-0.058931,
16910689798193,Lacc,0.153056,-0.070352,0.319192,
16910689798193,GameRo,-0.063267,0.065469,-0.897608,0.431290
16910709710693,Lacc,0.050534,-0.095056,0.219315,
16910709710693,GameRo,-0.063270,0.065471,-0.897608,0.431289
16910729645943,pre,1003.896729,,,
16910744996943,pre,1003.899780,,,
16910729623443,Gyro,-0.060528,0.019289,-0.047757,
16910749536443,Gyro,-0.094583,0.019422,-0.038312,
16910760834943,pre,1003.894531,,,
16910729623443,Lacc,-0.022409,-0.011693,0.085906,
16910729623443,GameRo,-0.063316,0.066130,-0.898092,0.430173
16910749536443,Lacc,-0.067308,0.017047,0.185696,
16910749536443,GameRo,-0.063311,0.066129,-0.898092,0.430173
16910775666943,pre,1003.898254,,,
16910790986943,pre,1003.894531,,,
16910769449193,Gyro,-0.131565,0.024078,-0.065583,
16910789361693,Gyro,-0.074496,0.029000,-0.075693,
16910769449193,Lacc,-0.040114,0.121614,0.200757,
16910769449193,GameRo,-0.063843,0.068019,-0.898358,0.429245
16910789361693,Lacc,-0.073781,0.012167,0.169216,
16910789361693,GameRo,-0.063837,0.068018,-0.898358,0.429246
16910806336943,pre,1003.897522,,,
16910821656943,pre,1003.894531,,,
16910837006943,pre,1003.886230,,,
16910809274193,Gyro,-0.001330,0.023147,-0.074895,
16910829186693,Gyro,0.008780,0.020752,-0.076624,
16910809274193,Lacc,-0.090622,0.020107,0.128145,
16910809274193,GameRo,-0.064045,0.069442,-0.898955,0.427733
16910829186693,Lacc,-0.069517,-0.010483,0.098985,
16910829186693,GameRo,-0.064041,0.069443,-0.898955,0.427734
16910852326943,pre,1003.902771,,,
16910867676943,pre,1003.890015,,,
16910849099443,Gyro,-0.013968,0.010642,-0.066115,
16910869012443,Gyro,-0.067445,0.013968,-0.081945,
16910849099443,Lacc,-0.034557,0.044340,0.035160,
16910849099443,GameRo,-0.063694,0.069297,-0.899619,0.426411
16910869012443,Lacc,-0.024622,0.140700,-0.073503,
16910882905943,pre,1003.893005,,,
16910869012443,GameRo,-0.063689,0.069290,-0.899620,0.426411
16910898347943,pre,1003.898254,,,
16910913697943,pre,1003.901245,,,
16910888925193,Gyro,0.013702,0.002128,-0.069840,
16910908837693,Gyro,0.053876,-0.008514,-0.051748,
16910888925193,Lacc,-0.081494,-0.116033,-0.051332,
16910888925193,GameRo,-0.064020,0.070172,-0.900212,0.424966
16910908837693,Lacc,-0.077821,-0.184327,0.053949,
16910908837693,GameRo,-0.064020,0.070184,-0.900211,0.424966
16910929047943,pre,1003.899780,,,
16910944398943,pre,1003.888489,,,
16910928750443,Gyro,0.048954,-0.015963,-0.041239,
16910948663443,Gyro,0.043899,-0.007450,-0.031661,
16910959931943,pre,1003.902039,,,
16910928750443,Lacc,-0.150012,-0.075660,0.022641,
16910928750443,GameRo,-0.063789,0.069075,-0.900712,0.424120
16910948663443,Lacc,-0.123908,-0.073414,-0.013219,
16910948663443,GameRo,-0.063784,0.069082,-0.900711,0.424121
16910975068943,pre,1003.897522,,,
16910990296943,pre,1003.890747,,,
16910968599193,Gyro,0.052546,0.000399,-0.038312,
16910988557693,Gyro,0.124780,-0.005188,-0.022482,
16910968599193,Lacc,-0.141235,-0.023696,-0.059161,
16910968599193,GameRo,-0.063641,0.068272,-0.901049,0.423557
16910988557693,Lacc,-0.077684,-0.151058,0.019071,
16910988557693,GameRo,-0.063641,0.068283,-0.901048,0.423557
16911005738943,pre,1003.894531,,,
16911021088943,pre,1003.890015,,,
16911037018943,pre,1003.893738,,,
16911008447443,Gyro,0.049486,-0.000532,-0.023014,
16911028268443,Gyro,0.134491,0.017959,-0.006385,
16911008447443,Lacc,-0.054170,0.232815,0.129190,
16911008447443,GameRo,-0.062874,0.066392,-0.901386,0.423252
16911028268443,Lacc,-0.056427,-0.182827,0.110420,
16911028268443,GameRo,-0.062874,0.066403,-0.901385,0.423252
16911051758943,pre,1003.899780,,,
16911067078943,pre,1003.898254,,,
16911048158193,Gyro,0.202602,0.018225,0.025275,
16911068116693,Gyro,0.059065,0.021950,0.023945,
16911048158193,Lacc,-0.105519,-0.290031,0.074415,
16911048158193,GameRo,-0.061521,0.064226,-0.901619,0.423289
16911068116693,Lacc,-0.110559,0.154169,0.127153,
16911068116693,GameRo,-0.061509,0.064219,-0.901620,0.423289
16911082306943,pre,1003.890015,,,
16911097748943,pre,1003.890747,,,
16911113068943,pre,1003.891479,,,
16911088052443,Gyro,0.028734,0.015298,0.014234,
16911107965443,Gyro,-0.008248,0.022482,-0.001862,
16911088052443,Lacc,-0.084174,0.226715,0.046633,
16911088052443,GameRo,-0.060433,0.062991,-0.901528,0.423825
16911107965443,Lacc,0.030863,0.339911,-0.060235,
16911107965443,GameRo,-0.060426,0.062970,-0.901530,0.423825
16911128419943,pre,1003.894531,,,
16911143738943,pre,1003.899780,,,
16911127885693,Gyro,-0.045496,0.030596,-0.019821,
16911147813193,Gyro,-0.047491,0.036450,-0.030596,
16911127885693,Lacc,0.099890,0.210140,-0.102947,
16911159150943,pre,1003.899780,,,
16911127885693,GameRo,-0.060110,0.063273,-0.901572,0.423734
16911147813193,Lacc,0.124946,0.040996,-0.023454,
16911147813193,GameRo,-0.060116,0.063267,-0.901573,0.423733
16911174409943,pre,1003.896729,,,
16911189728943,pre,1003.890747,,,
16911167702943,Gyro,-0.053078,0.030330,-0.050950,
16911187554943,Gyro,-0.055340,0.023679,-0.058798,
16911167702943,Lacc,0.073198,0.112414,-0.013254,
16911167702943,GameRo,-0.059958,0.064422,-0.901828,0.423039
16911187554943,Lacc,0.039945,-0.028796,-0.067824,
16911187554943,GameRo,-0.059961,0.064424,-0.901828,0.423038
16911205079943,pre,1003.890015,,,
16911220399943,pre,1003.892273,,,
16911235749943,pre,1003.889282,,,
16911207460193,Gyro,-0.044298,0.013968,-0.057867,
16911227418693,Gyro,0.013037,0.001862,-0.043633,
16911207460193,Lacc,0.012844,-0.108971,-0.056517,
16911207460193,GameRo,-0.060115,0.065577,-0.902277,0.421880
16911227418693,Lacc,-0.029071,-0.190735,-0.032454,
16911227418693,GameRo,-0.060119,0.065590,-0.902276,0.421880
16911251069943,pre,1003.899780,,,
16911266419943,pre,1003.894531,,,
16911247354193,Gyro,0.026606,-0.009977,-0.035785,
16911267266693,Gyro,-0.013037,-0.025807,-0.029665,
16911247354193,Lacc,-0.047001,-0.149259,-0.030350,
16911247354193,GameRo,-0.060087,0.065403,-0.902668,0.421073
16911267266693,Lacc,-0.058413,-0.017758,-0.055154,
16911267266693,GameRo,-0.060084,0.065407,-0.902668,0.421074
16911281647943,pre,1003.898987,,,
16911297089943,pre,1003.888489,,,
16911312440943,pre,1003.890747,,,
16911287186943,Gyro,-0.054941,-0.031395,-0.025807,
16911307114943,Gyro,-0.023812,-0.035918,-0.002927,
16911287186943,Lacc,-0.083589,0.072695,-0.029825,
16911287186943,GameRo,-0.060692,0.065436,-0.902871,0.420545
16911307114943,Lacc,-0.130702,-0.073646,-0.020154,
16911307114943,GameRo,-0.060686,0.065445,-0.902871,0.420545
16911327759943,pre,1003.898987,,,
16911343079943,pre,1003.896729,,,
16911327035443,Gyro,0.028335,-0.036184,0.011041,
16911346948443,Gyro,0.031395,-0.025940,0.014367,
16911358491943,pre,1003.908020,,,
16911327035443,Lacc,-0.128960,0.011689,0.006528,
16911327035443,GameRo,-0.061501,0.065528,-0.902835,0.420491
16911346948443,Lacc,-0.110478,0.106878,0.012074,
16911346948443,GameRo,-0.061491,0.065524,-0.902836,0.420492
16911373749943,pre,1003.890015,,,
16911366830693,Gyro,0.014766,-0.013968,0.019422,
16911386682193,Gyro,0.000532,-0.002661,0.018225,
16911397126943,pre,1003.894531,,,
16911366830693,Lacc,-0.108239,0.071787,0.085790,
16911366830693,GameRo,-0.061650,0.064741,-0.902710,0.420858
16911386682193,Lacc,-0.066802,0.052653,0.171576,
16911386682193,GameRo,-0.061643,0.064738,-0.902711,0.420859
16911412110943,pre,1003.890747,,,
16911427430943,pre,1003.894531,,,
16911406564193,Gyro,-0.010376,-0.001197,0.009179,
16911426476693,Gyro,-0.003326,-0.001995,0.002528,
16911442628943,pre,1003.894531,,,
16911406564193,Lacc,-0.063342,0.093695,0.102151,
16911406564193,GameRo,-0.061680,0.064723,-0.902562,0.421175
16911426476693,Lacc,-0.023076,0.031650,-0.017827,
16911426476693,GameRo,-0.061677,0.064721,-0.902562,0.421175
16911458069943,pre,1003.898254,,,
16911473389943,pre,1003.898254,,,
16911446419943,Gyro,0.003193,-0.006119,0.005853,
16911466393943,Gyro,-0.006385,-0.012505,0.013569,
16911446419943,Lacc,0.005524,0.011245,-0.096170,
16911446419943,GameRo,-0.061743,0.064782,-0.902534,0.421217
16911466393943,Lacc,0.021607,0.029006,-0.132428,
16911466393943,GameRo,-0.061745,0.064780,-0.902534,0.421217
16911488740943,pre,1003.898987,,,
16911504059943,pre,1003.902039,,,
16911486337193,Gyro,-0.005321,-0.014500,0.021551,
16911506249693,Gyro,-0.005321,-0.017959,0.026074,
16911519654943,pre,1003.897522,,,
16911486337193,Lacc,0.038825,0.005366,-0.090490,
16911486337193,GameRo,-0.061992,0.064791,-0.902392,0.421483
16911506249693,Lacc,0.052331,0.050157,-0.033459,
16911506249693,GameRo,-0.061994,0.064787,-0.902392,0.421483
16911534760943,pre,1003.896729,,,
16911550110943,pre,1003.886230,,,
16911526162443,Gyro,-0.001064,-0.019688,0.025807,
16911546075443,Gyro,0.009046,-0.024610,0.022748,
16911526162443,Lacc,0.047018,0.052205,-0.014047,
16911526162443,GameRo,-0.062312,0.064740,-0.902146,0.421970
16911546075443,Lacc,0.045616,0.061511,-0.023621,
16911546075443,GameRo,-0.062313,0.064735,-0.902146,0.421970
16911565430943,pre,1003.898987,,,
16911580781943,pre,1003.894531,,,
16911565988193,Gyro,0.007450,-0.025940,0.019023,
16911585900693,Gyro,-0.001197,-0.024610,0.005853,
16911597169943,pre,1003.895264,,,
16911565988193,Lacc,0.008667,0.060269,-0.050718,
16911565988193,GameRo,-0.062654,0.064423,-0.901935,0.422419
16911585900693,Lacc,0.074361,0.126876,-0.028136,
16911585900693,GameRo,-0.062656,0.064412,-0.901936,0.422419
16911611481943,pre,1003.896729,,,
16911626801943,pre,1003.892273,,,
16911605813443,Gyro,-0.003459,-0.024477,-0.010908,
16911625726443,Gyro,-0.011041,-0.021551,-0.035785,
16911605813443,Lacc,0.159446,0.122896,0.008647,
16911605813443,GameRo,-0.063102,0.064195,-0.901863,0.422542
16911625726443,Lacc,0.228807,0.102534,0.122396,
16911625726443,GameRo,-0.063113,0.064180,-0.901863,0.422540
16911642151943,pre,1003.890015,,,
16911657471943,pre,1003.893738,,,
16911672822943,pre,1003.890015,,,
16911645639193,Gyro,-0.052014,0.004656,-0.074496,
16911665551693,Gyro,-0.110546,0.059464,-0.121854,
16911645639193,Lacc,0.358839,0.213669,0.273924,
16911645639193,GameRo,-0.063664,0.064271,-0.902142,0.421847
16911665551693,Lacc,0.562585,0.510867,0.403703,
16911665551693,GameRo,-0.063681,0.064217,-0.902147,0.421844
16911688172943,pre,1003.890747,,,
16911703522943,pre,1003.891479,,,
16911685464443,Gyro,-0.299712,0.120790,-0.156308,
16911705377443,Gyro,-0.558984,0.142207,-0.195285,
16911685464443,Lacc,0.649831,0.879263,0.203716,
16911685464443,GameRo,-0.063814,0.066887,-0.903098,0.419366
16911705377443,Lacc,0.650836,0.901196,-0.159184,
16911705377443,GameRo,-0.063832,0.066805,-0.903105,0.419362
16911726533943,pre,1003.896729,,,
16911741883943,pre,1003.893738,,,
16911725290193,Gyro,-0.884238,0.162959,-0.265391,
16911745202693,Gyro,-1.063826,0.217634,-0.349997,
16911725290193,Lacc,0.730132,1.596927,-0.272770,
16911725290193,GameRo,-0.066357,0.078129,-0.904131,0.414778
16911745202693,Lacc,0.836996,1.354470,-0.390526,
16911745202693,GameRo,-0.066378,0.078008,-0.904142,0.414773
16911757111943,pre,1003.909485,,,
16911772553943,pre,1003.884766,,,
16911787903943,pre,1003.899780,,,
16911765115193,Gyro,-1.063161,0.246634,-0.445112,
16911785027693,Gyro,-1.187808,0.223487,-0.571489,
16911765115193,Lacc,0.748325,1.415851,-0.454145,
16911765115193,GameRo,-0.071809,0.098279,-0.905502,0.406510
16911785027693,Lacc,0.773608,1.837891,-0.922029,
16911785027693,GameRo,-0.071819,0.098126,-0.905520,0.406505
16911803254943,pre,1003.886230,,,
16911818604943,pre,1003.887024,,,
16911833832943,pre,1003.890015,,,
16911804909943,Gyro,-1.394002,0.174666,-0.689751,
16911824761943,Gyro,-1.373782,0.146863,-0.798568,
16911804909943,Lacc,0.829005,2.081711,-1.578434,
16911804909943,GameRo,-0.078666,0.120498,-0.907839,0.393853
16911824761943,Lacc,1.116558,0.639496,-1.583081,
16911824761943,GameRo,-0.078759,0.120439,-0.907845,0.393839
16911849244943,pre,1003.890015,,,
16911864594943,pre,1003.893738,,,
16911844674693,Gyro,-1.084579,0.126377,-0.950885,
16911864648193,Gyro,-0.961128,0.069308,-1.075134,
16911844674693,Lacc,1.193570,0.563667,-0.873652,
16911844674693,GameRo,-0.088725,0.144491,-0.910755,0.376531
16911864648193,Lacc,1.152562,0.837543,-0.473597,
16911864648193,GameRo,-0.088795,0.144405,-0.910768,0.376517
16911879822943,pre,1003.900513,,,
16911895264943,pre,1003.890747,,,
16911910615943,pre,1003.884033,,,
16911884591443,Gyro,-1.016202,-0.019821,-1.152423,
16911904504443,Gyro,-1.121294,-0.119459,-1.239955,
16911884591443,Lacc,1.060015,1.277842,-0.316729,
16911884591443,GameRo,-0.098006,0.160246,-0.915868,0.354827
16911904504443,Lacc,1.019829,1.234416,-0.918739,
16911904504443,GameRo,-0.098069,0.160143,-0.915885,0.354812
16911925965943,pre,1003.890015,,,
16911941315943,pre,1003.895996,,,
16911924417193,Gyro,-1.359947,-0.200340,-1.277469,
16911944329693,Gyro,-1.700366,-0.277763,-1.324428,
16911924417193,Lacc,0.714518,1.804832,-1.403032,
16911956605943,pre,1003.893738,,,
16911924417193,GameRo,-0.112222,0.177373,-0.920279,0.330199
16911944329693,Lacc,0.613955,1.408939,-1.947026,
16911944329693,GameRo,-0.112281,0.177296,-0.920293,0.330183
16911971985943,pre,1003.893005,,,
16911987336943,pre,1003.887756,,,
16911964242443,Gyro,-1.587425,-0.354387,-1.481801,
16911984155443,Gyro,-1.452135,-0.416910,-1.564411,
16911964242443,Lacc,0.592143,1.678818,-1.474097,
16911964242443,GameRo,-0.133082,0.202610,-0.921780,0.302588
16911984155443,Lacc,0.911555,1.526051,-1.166011,
16911984155443,GameRo,-0.133153,0.202504,-0.921801,0.302564
16912002656943,pre,1003.893738,,,
16912018006943,pre,1003.884033,,,
16912033356943,pre,1003.895996,,,
16912004045443,Gyro,-1.379103,-0.462938,-1.652210,
16912023912443,Gyro,-1.355823,-0.517746,-1.807853,
16912004045443,Lacc,0.581392,1.993319,-1.082047,
16912004045443,GameRo,-0.155880,0.222063,-0.923499,0.271181
16912023912443,Lacc,0.640673,2.591967,-1.144618,
16912023912443,GameRo,-0.155921,0.221879,-0.923544,0.271154
16912048676943,pre,1003.887756,,,
16912064026943,pre,1003.893005,,,
16912043825193,Gyro,-1.594076,-0.612462,-1.927445,
16912063783693,Gyro,-1.780183,-0.682168,-1.989702,
16912043825193,Lacc,0.200186,2.956388,-0.741641,
16912043825193,GameRo,-0.180851,0.238492,-0.924598,0.235653
16912063783693,Lacc,1.095540,2.037733,-0.552057,
16912063783693,GameRo,-0.180930,0.238338,-0.924634,0.235611
16912087220943,pre,1003.900513,,,
16912102387943,pre,1003.893005,,,
16912083719193,Gyro,-1.626535,-0.675384,-2.071514,
16912103631693,Gyro,-1.211753,-0.691081,-2.028812,
16912083719193,Lacc,0.897845,1.154949,-0.237651,
16912083719193,GameRo,-0.211026,0.259930,-0.921862,0.195129
16912103631693,Lacc,1.055720,0.391819,-0.776938,
16912103631693,GameRo,-0.211126,0.259910,-0.921852,0.195094
16912117615943,pre,1003.890015,,,
16912133057943,pre,1003.901245,,,
16912148316943,pre,1003.896729,,,
16912123544193,Gyro,-1.242217,-0.788857,-1.890463,
16912143456693,Gyro,-1.005427,-0.890357,-1.819426,
16912123544193,Lacc,0.501788,0.434310,-0.932044,
16912123544193,GameRo,-0.239213,0.271585,-0.919039,0.156161
16912143456693,Lacc,1.114479,-0.689391,-0.949769,
16912143456693,GameRo,-0.239321,0.271640,-0.918999,0.156137
16912163758943,pre,1003.890747,,,
16912179108943,pre,1003.898254,,,
16912163369443,Gyro,-0.592773,-0.910179,-1.769940,
16912183282443,Gyro,-0.600090,-0.918559,-1.689191,
16912163369443,Lacc,0.973829,-0.319702,0.093414,
16912163369443,GameRo,-0.268275,0.277998,-0.914125,0.122971
16912183282443,Lacc,1.209656,0.337400,0.868202,
16912195130943,pre,1003.902771,,,
16912183282443,GameRo,-0.268319,0.277927,-0.914138,0.122938
16912209778943,pre,1003.898987,,,
16912225129943,pre,1003.902771,,,
16912203172443,Gyro,-0.703852,-0.902463,-1.564278,
16912223039443,Gyro,-0.729659,-0.843132,-1.425796,
16912203172443,Lacc,0.887815,-0.369679,1.428112,
16912203172443,GameRo,-0.295461,0.277123,-0.909417,0.094160
16912223039443,Lacc,1.041959,-0.357300,1.286532,
16912223039443,GameRo,-0.295471,0.277083,-0.909428,0.094145
16912240357943,pre,1003.913269,,,
16912255768943,pre,1003.914001,,,
16912263459943,pre,1003.902039,,,
16912242952193,Gyro,-0.714494,-0.788990,-1.303011,
16912262910693,Gyro,-0.577741,-0.725136,-1.200845,
16912242952193,Lacc,0.486948,-0.268379,1.410093,
16912242952193,GameRo,-0.319629,0.280212,-0.902544,0.068795
16912262910693,Lacc,0.744048,-0.450880,1.155238,
16912262910693,GameRo,-0.319620,0.280186,-0.902556,0.068789
16912278779943,pre,1003.899780,,,
16912294129943,pre,1003.902771,,,
16912309479943,pre,1003.901245,,,
16912282846193,Gyro,-0.341084,-0.636407,-1.128345,
16912302758693,Gyro,-0.278960,-0.550470,-1.059702,
16912282846193,Lacc,0.584333,-0.403679,1.171075,
16912282846193,GameRo,-0.339878,0.281532,-0.896075,0.047670
16912302758693,Lacc,0.672065,0.456579,0.870307,
16912302758693,GameRo,-0.339882,0.281463,-0.896096,0.047643
16912324830943,pre,1003.898987,,,
16912340180943,pre,1003.898987,,,
16912322671443,Gyro,-0.555126,-0.508301,-0.971771,
16912342584443,Gyro,-0.822513,-0.490741,-0.899536,
16912322671443,Lacc,0.390459,0.887475,0.803587,
16912322671443,GameRo,-0.355751,0.279127,-0.891427,0.029801
16912342584443,Lacc,0.571408,0.993974,0.381229,
16912342584443,GameRo,-0.355778,0.279041,-0.891444,0.029758
16912355439943,pre,1003.898987,,,
16912370911943,pre,1003.902771,,,
16912386262943,pre,1003.910278,,,
16912362497193,Gyro,-0.899536,-0.505773,-0.808279,
16912382409693,Gyro,-0.738306,-0.522668,-0.660618,
16912362497193,Lacc,0.318478,0.784506,0.224517,
16912362497193,GameRo,-0.369831,0.286882,-0.883633,0.010798
16912382409693,Lacc,0.584777,0.187583,-0.128812,
16912382409693,GameRo,-0.369871,0.286865,-0.883622,0.010777
16912401612943,pre,1003.899780,,,
16912424653943,pre,1003.894531,,,
16912402306943,Gyro,-0.471319,-0.531581,-0.479167,
16912422188943,Gyro,-0.410658,-0.603682,-0.362369,
16912402306943,Lacc,0.425952,0.137817,-0.030979,
16912433625943,pre,1003.900513,,,
16912402306943,GameRo,0.382882,-0.294630,0.875549,0.003033
16912422188943,Lacc,0.939431,0.522537,-0.177509,
16912422188943,GameRo,0.382948,-0.294590,0.875533,0.003073
16912455323943,pre,1003.900513,,,
16912470673943,pre,1003.914001,,,
16912442101693,Gyro,-0.497791,-0.676980,-0.425956,
16912462045193,Gyro,-0.368222,-0.628957,-0.510030,
16912442101693,Lacc,2.139038,-0.162791,0.350793,
16912442101693,GameRo,0.395713,-0.298924,0.868315,0.009224
16912462045193,Lacc,1.839128,-1.104697,0.912199,
16912462045193,GameRo,0.395735,-0.298925,0.868304,0.009231
16912486024943,pre,1003.911011,,,
16912501374943,pre,1003.899780,,,
16912481973193,Gyro,-0.069574,-0.571090,-0.559782,
16912501885693,Gyro,0.040441,-0.468392,-0.574283,
16912481973193,Lacc,0.820956,-1.133454,1.186294,
16912481973193,GameRo,0.409618,-0.301032,0.860990,0.017024
16912501885693,Lacc,0.644930,-0.712517,0.588731,
16912501885693,GameRo,0.409606,-0.301041,0.860992,0.017016
16912516633943,pre,1003.905029,,,
16912532044943,pre,1003.904236,,,
16912547394943,pre,1003.907288,,,
16912521798443,Gyro,-0.153115,-0.446709,-0.601420,
16912541711443,Gyro,-0.428750,-0.448438,-0.715292,
16912521798443,Lacc,0.860795,-0.471359,-0.187599,
16912521798443,GameRo,0.421226,-0.296049,0.856944,0.023893
16912541711443,Lacc,1.923756,-0.304803,-0.498630,
16912541711443,GameRo,0.421325,-0.296054,0.856893,0.023924
16912562714943,pre,1003.905029,,,
16912578065943,pre,1003.907288,,,
16912561624193,Gyro,-0.567365,-0.423163,-0.850183,
16912581536693,Gyro,-0.527590,-0.440988,-1.019129,
16912593537943,pre,1003.906494,,,
16912561624193,Lacc,1.096295,-0.491081,-0.031981,
16912561624193,GameRo,0.432873,-0.297524,0.850127,0.037202
16912581536693,Lacc,0.779387,-0.832881,-0.023176,
16912581536693,GameRo,0.432891,-0.297561,0.850106,0.037189
16912608765943,pre,1003.910278,,,
16912624085943,pre,1003.902771,,,
16912601426443,Gyro,-0.455488,-0.435667,-1.220001,
16912621293443,Gyro,-0.353988,-0.417575,-1.392672,
16912639313943,pre,1003.906494,,,
16912601426443,Lacc,0.830558,-1.105151,-0.140488,
16912601426443,GameRo,0.445897,-0.297928,0.842145,0.056629
16912621293443,Lacc,1.000066,-0.955753,-0.461491,
16912621293443,GameRo,0.445940,-0.297983,0.842104,0.056612
16912654664943,pre,1003.907288,,,
16912670106943,pre,1003.902771,,,
16912641229193,Gyro,-0.257143,-0.377135,-1.525301,
16912661233693,Gyro,-0.272841,-0.315277,-1.631191,
16912641229193,Lacc,0.260292,-0.830064,-0.354808,
16912641229193,GameRo,0.460616,-0.291766,0.834392,0.080597
16912661233693,Lacc,-0.056001,-0.424022,-0.476673,
16912661233693,GameRo,0.460631,-0.291812,0.834370,0.080575
16912685425943,pre,1003.902771,,,
16912700776943,pre,1003.911743,,,
16912681169443,Gyro,-0.368887,-0.224818,-1.676155,
16912701036443,Gyro,-0.635875,-0.106289,-1.659127,
16912681169443,Lacc,-0.146094,-0.658666,-0.575573,
16912681169443,GameRo,0.474623,-0.281706,0.826806,0.108472
16912701036443,Lacc,0.317777,-0.268781,-0.817117,
16912701036443,GameRo,0.474676,-0.281748,0.826763,0.108460
16912716004943,pre,1003.914734,,,
16912731507943,pre,1003.903503,,,
16912746827943,pre,1003.911011,,,
16912720926193,Gyro,-1.004895,0.028734,-1.616026,
16912740838693,Gyro,-1.382162,0.178258,-1.568003,
16912720926193,Lacc,0.580699,-0.411141,-0.964395,
16912720926193,GameRo,0.483861,-0.276948,0.818064,0.141241
16912740838693,Lacc,1.080661,-0.469190,-1.131814,
16912740838693,GameRo,0.483948,-0.277004,0.817997,0.141225
16912762177943,pre,1003.908752,,,
16912777527943,pre,1003.902039,,,
16912760751193,Gyro,-1.626934,0.339887,-1.506810,
16912780663693,Gyro,-1.714201,0.468791,-1.388681,
16912760751193,Lacc,1.001044,-1.021710,-1.140993,
16912792756943,pre,1003.905029,,,
16912760751193,GameRo,0.485160,-0.283894,0.807009,0.180998
16912780663693,Lacc,0.649754,-1.155380,-1.202134,
16912780663693,GameRo,0.485218,-0.284001,0.806949,0.180940
16912808228943,pre,1003.905762,,,
16912823578943,pre,1003.901245,,,
16912800553443,Gyro,-1.666710,0.531181,-1.251662,
16912820420443,Gyro,-1.509870,0.574682,-1.131005,
16912800553443,Lacc,1.037477,-1.374948,-1.421939,
16912800553443,GameRo,0.478862,-0.296294,0.795972,0.222102
16912820420443,Lacc,1.980894,-1.376430,-1.604794,
16912820420443,GameRo,0.478962,-0.296413,0.795884,0.222043
16912838807943,pre,1003.908752,,,
16912861939943,pre,1003.898987,,,
16912840310443,Gyro,-1.391208,0.590911,-1.013275,
16912860223443,Gyro,-1.400653,0.499521,-0.897940,
16912840310443,Lacc,1.722561,-1.370520,-1.857355,
16912840310443,GameRo,0.469546,-0.306919,0.786842,0.257307
16912860223443,Lacc,1.040486,-1.006494,-2.077007,
16912860223443,GameRo,0.469661,-0.307053,0.786744,0.257239
16912877289943,pre,1003.902039,,,
16912892640943,pre,1003.911011,,,
16912907960943,pre,1003.907288,,,
16912880159193,Gyro,-1.409832,0.346006,-0.777816,
16912900117693,Gyro,-1.310460,0.159767,-0.608737,
16912880159193,Lacc,0.024401,-0.992070,-1.677727,
16912880159193,GameRo,0.460002,-0.318006,0.777761,0.286983
16912900117693,Lacc,-1.171087,-0.931960,-0.718523,
16912900117693,GameRo,0.459967,-0.318105,0.777767,0.286912
16912923310943,pre,1003.909485,,,
16912938660943,pre,1003.918518,,,
16912920053193,Gyro,-1.055179,-0.040175,-0.433539,
16912939965693,Gyro,-0.722077,-0.177327,-0.340020,
16912920053193,Lacc,-1.395298,-0.806583,-0.019813,
16912920053193,GameRo,0.453802,-0.331753,0.767237,0.308790
16912939965693,Lacc,-1.161000,-0.525985,0.099373,
16912939965693,GameRo,0.453732,-0.331784,0.767278,0.308758
16912953919943,pre,1003.911743,,,
16912969361943,pre,1003.920776,,,
16912984711943,pre,1003.907288,,,
16912959878443,Gyro,-0.388708,-0.252221,-0.283749,
16912979791443,Gyro,-0.174799,-0.281222,-0.297584,
16912959878443,Lacc,-1.301111,-0.343003,0.097438,
16912959878443,GameRo,0.454277,-0.340648,0.758887,0.318876
16912979791443,Lacc,-1.068083,0.123885,-0.140793,
16912979791443,GameRo,0.454253,-0.340645,0.758904,0.318874
16913000062943,pre,1003.914001,,,
16913015412943,pre,1003.914001,,,
16912999681443,Gyro,-0.151652,-0.280822,-0.374075,
16913019548443,Gyro,-0.292529,-0.263396,-0.473580,
16913031952943,pre,1003.902771,,,
16912999681443,Lacc,-0.757241,0.302763,-0.199675,
16912999681443,GameRo,0.459444,-0.342331,0.753213,0.323097
16913019548443,Lacc,-0.599617,0.459971,-0.215702,
16913019548443,GameRo,0.459457,-0.342309,0.753207,0.323114
16913046113943,pre,1003.920776,,,
16913061463943,pre,1003.914001,,,
16913039438193,Gyro,-0.514420,-0.243708,-0.555260,
16913059350693,Gyro,-0.737907,-0.256478,-0.603017,
16913039438193,Lacc,-0.813030,0.249313,0.009169,
16913039438193,GameRo,0.464616,-0.344137,0.745639,0.331247
16913059350693,Lacc,-1.028712,-0.006505,-0.036444,
16913059350693,GameRo,0.464584,-0.344138,0.745661,0.331241
16913076783943,pre,1003.917786,,,
16913092133943,pre,1003.914001,,,
16913107514943,pre,1003.914001,,,
16913079286193,Gyro,-0.976826,-0.334699,-0.587452,
16913099244693,Gyro,-1.127414,-0.424493,-0.531447,
16913079286193,Lacc,-1.164145,-0.210722,-0.007245,
16913079286193,GameRo,0.467483,-0.351500,0.733971,0.345245
16913099244693,Lacc,-0.775807,-0.271429,0.296542,
16913099244693,GameRo,0.467429,-0.351503,0.734008,0.345235
16913122834943,pre,1003.905762,,,
16913138184943,pre,1003.919983,,,
16913119180193,Gyro,-1.109189,-0.463337,-0.439525,
16913139092693,Gyro,-0.892619,-0.449635,-0.328979,
16913119180193,Lacc,-0.388194,-0.551404,0.553332,
16913119180193,GameRo,0.469343,-0.365896,0.718335,0.360323
16913139092693,Lacc,-0.335436,-0.644626,-0.052642,
16913139092693,GameRo,0.469309,-0.365938,0.718353,0.360287
16913153412943,pre,1003.907288,,,
16913168763943,pre,1003.917786,,,
16913159005443,Gyro,-0.562842,-0.444181,-0.239983,
16913178918443,Gyro,-0.382589,-0.450965,-0.161629,
16913159005443,Lacc,-0.544822,-0.435811,-0.262635,
16913159005443,GameRo,0.471785,-0.378589,0.705289,0.369671
16913178918443,Lacc,-0.596612,-0.152875,-0.313517,
16913178918443,GameRo,0.471782,-0.378614,0.705288,0.369652
16913191804943,pre,1003.908020,,,
16913207215943,pre,1003.915527,,,
16913222565943,pre,1003.911743,,,
16913198831193,Gyro,-0.287075,-0.463337,-0.082344,
16913218743693,Gyro,-0.138615,-0.416644,-0.043766,
16913198831193,Lacc,0.101912,-0.421162,0.216626,
16913198831193,GameRo,0.476482,-0.385707,0.697074,0.371864
16913218743693,Lacc,1.284678,-0.760976,0.601465,
16913218743693,GameRo,0.476449,-0.385723,0.697097,0.371847
16913237916943,pre,1003.916992,,,
16913253266943,pre,1003.921509,,,
16913238633443,Gyro,-0.005587,-0.328047,-0.051349,
16913258500443,Gyro,0.009711,-0.258873,-0.058399,
16913269959943,pre,1003.915527,,,
16913238633443,Lacc,1.116269,-0.749920,0.523090,
16913238633443,GameRo,0.481473,-0.390191,0.691848,0.370515
16913258500443,Lacc,0.306407,-0.561191,0.034007,
16913258500443,GameRo,0.481454,-0.390221,0.691858,0.370489
16913283967943,pre,1003.909485,,,
16913299286943,pre,1003.907288,,,
16913278413193,Gyro,-0.056271,-0.209918,-0.057069,
16913298371693,Gyro,-0.203666,-0.186505,-0.043633,
16913278413193,Lacc,-0.040328,-0.177270,-0.436261,
16913278413193,GameRo,0.485494,-0.391434,0.689031,0.369204
16913298371693,Lacc,0.932227,-0.317809,-1.004792,
16913298371693,GameRo,0.485553,-0.391493,0.688976,0.369166
16913314545943,pre,1003.908752,,,
16913329987943,pre,1003.911743,,,
16913345307943,pre,1003.910278,,,
16913318307443,Gyro,-0.178258,-0.157771,-0.058798,
16913338220443,Gyro,0.007982,-0.076092,-0.118395,
16913318307443,Lacc,2.255404,-0.973262,-0.803446,
16913318307443,GameRo,0.487096,-0.395046,0.685327,0.370138
16913338220443,Lacc,2.510249,-0.976966,-0.648912,
16913338220443,GameRo,0.487134,-0.395115,0.685288,0.370090
16913360657943,pre,1003.907288,,,
16913376008943,pre,1003.905762,,,
16913358133193,Gyro,0.050950,-0.002528,-0.159368,
16913378045693,Gyro,-0.003858,0.049353,-0.183579,
16913358133193,Lacc,1.908739,-0.481099,-0.958217,
16913358133193,GameRo,0.489101,-0.394659,0.683598,0.371103
16913378045693,Lacc,1.486144,-0.225052,-1.536133,
16913378045693,GameRo,0.489198,-0.394733,0.683511,0.371059
16913391297943,pre,1003.912537,,,
16913406739943,pre,1003.919983,,,
16913422089943,pre,1003.902771,,,
16913397958443,Gyro,-0.143670,0.063854,-0.185308,
16913417871443,Gyro,-0.360905,0.056271,-0.174799,
16913397958443,Lacc,0.861840,-0.141124,-1.915730,
16913397958443,GameRo,0.489977,-0.392868,0.682410,0.374025
16913417871443,Lacc,0.181228,-0.002308,-1.891367,
16913417871443,GameRo,0.490091,-0.392956,0.682307,0.373970
16913437317943,pre,1003.914001,,,
16913452759943,pre,1003.914001,,,
16913437784193,Gyro,-0.616053,0.023014,-0.154047,
16913457696693,Gyro,-0.804953,-0.030463,-0.136354,
16913468995943,pre,1003.909485,,,
16913437784193,Lacc,-0.479382,-0.030494,-1.756507,
16913437784193,GameRo,0.487979,-0.396061,0.678489,0.380350
16913457696693,Lacc,-0.699011,-0.240046,-1.572927,
16913457696693,GameRo,0.488051,-0.396158,0.678418,0.380282
16913483460943,pre,1003.914001,,,
16913498810943,pre,1003.914001,,,
16913506470943,pre,1003.914001,,,
16913477632193,Gyro,-0.893284,-0.074363,-0.112542,
16913497590693,Gyro,-0.817325,-0.091124,-0.139014,
16913477632193,Lacc,-0.507047,-0.467538,-1.478065,
16913477632193,GameRo,0.483379,-0.406135,0.670545,0.389575
16913497590693,Lacc,-0.245633,-0.489069,-1.380584,
16913497590693,GameRo,0.483433,-0.406234,0.670488,0.389503
16913521821943,pre,1003.920776,,,
16913537171943,pre,1003.915527,,,
16913517503443,Gyro,-0.587452,-0.074363,-0.186505,
16913537370443,Gyro,-0.318602,-0.034720,-0.230006,
16913517503443,Lacc,-0.060195,-0.539308,-1.210362,
16913517503443,GameRo,0.479508,-0.416373,0.661885,0.398264
16913537370443,Lacc,-0.098389,-0.564722,-0.970326,
16913537370443,GameRo,0.479535,-0.416455,0.661852,0.398201
16913560181943,pre,1003.914734,,,
16913575532943,pre,1003.916260,,,
16913557260193,Gyro,-0.200074,0.016762,-0.251822,
16913577172693,Gyro,-0.204198,0.101234,-0.239850,
16913590790943,pre,1003.914001,,,
16913557260193,Lacc,-0.481199,-0.292366,-0.381049,
16913557260193,GameRo,0.479307,-0.418774,0.657023,0.403997
16913577172693,Lacc,-0.493298,-0.054675,-0.029271,
16913577172693,GameRo,0.479296,-0.418779,0.657031,0.403992
16913606232943,pre,1003.911743,,,
16913621583943,pre,1003.916260,,,
16913597085443,Gyro,-0.393364,0.200340,-0.206726,
16913616998443,Gyro,-0.596232,0.272043,-0.214707,
16913597085443,Lacc,0.261146,0.150140,-0.285943,
16913597085443,GameRo,0.478097,-0.418555,0.654253,0.410108
16913616998443,Lacc,1.836434,0.033099,-1.011457,
16913616998443,GameRo,0.478178,-0.418597,0.654182,0.410084
16913636933943,pre,1003.917786,,,
16913652283943,pre,1003.914734,,,
16913636911193,Gyro,-0.738306,0.306630,-0.303038,
16913656823693,Gyro,-0.841403,0.272708,-0.394295,
16913668641943,pre,1003.908752,,,
16913636911193,Lacc,2.363958,0.142287,-1.382527,
16913636911193,GameRo,0.471567,-0.422142,0.649770,0.420975
16913656823693,Lacc,1.093985,0.329491,-1.218222,
16913656823693,GameRo,0.471665,-0.422182,0.649686,0.420954
16913682984943,pre,1003.911743,,,
16913698334943,pre,1003.919250,,,
16913676736443,Gyro,-1.007422,0.164955,-0.456021,
16913696649443,Gyro,-1.009950,0.042835,-0.489278,
16913676736443,Lacc,-0.526541,0.390974,-1.000723,
16913676736443,GameRo,0.464344,-0.427322,0.641402,0.436330
16913696649443,Lacc,-1.470604,0.000335,-0.630913,
16913696649443,GameRo,0.464352,-0.427357,0.641392,0.436303
16913713685943,pre,1003.919983,,,
16913729035943,pre,1003.914001,,,
16913744355943,pre,1003.912537,,,
16913716562193,Gyro,-0.789921,-0.055207,-0.487282,
16913736474693,Gyro,-0.403208,-0.103629,-0.498590,
16913716562193,Lacc,-1.416130,-0.589675,-0.255150,
16913716562193,GameRo,0.459186,-0.435228,0.628918,0.451871
16913736474693,Lacc,-0.534549,-0.966819,-0.305764,
16913736474693,GameRo,0.459141,-0.435302,0.628946,0.451806
16913759705943,pre,1003.919250,,,
16913775056943,pre,1003.925232,,,
16913756387193,Gyro,-0.051615,-0.102299,-0.513888,
16913776299693,Gyro,0.155244,-0.076757,-0.549672,
16913756387193,Lacc,0.474964,-1.102012,-0.524939,
16913756387193,GameRo,0.461186,-0.436643,0.620085,0.460591
16913776299693,Lacc,0.805142,-0.818446,-0.721427,
16913776299693,GameRo,0.461196,-0.436725,0.620069,0.460526
16913790314943,pre,1003.911011,,,
16913805726943,pre,1003.916992,,,
16913821076943,pre,1003.907288,,,
16913796212443,Gyro,0.112675,-0.057202,-0.580269,
16913816125443,Gyro,-0.093386,-0.056005,-0.578273,
16913796212443,Lacc,0.267403,-0.689816,-0.510062,
16913796212443,GameRo,0.468260,-0.430600,0.615545,0.465210
16913816125443,Lacc,-0.537902,-0.740403,-0.185150,
16913816125443,GameRo,0.468222,-0.430653,0.615572,0.465163
16913836304943,pre,1003.926025,,,
16913851746943,pre,1003.919983,,,
16913836045943,Gyro,-0.277098,-0.070904,-0.527191,
16913855973943,Gyro,-0.336960,-0.090193,-0.438062,
16913867890943,pre,1003.917786,,,
16913836045943,Lacc,-0.977916,-1.182894,-0.049816,
16913836045943,GameRo,0.472835,-0.427043,0.608909,0.472536
16913855973943,Lacc,-0.858356,-1.338436,-0.154673,
16913855973943,GameRo,0.472757,-0.427131,0.608969,0.472458
16913882416943,pre,1003.914734,,,
16913897736943,pre,1003.919250,,,
16913875886693,Gyro,-0.213776,-0.107088,-0.328313,
16913895784193,Gyro,-0.153781,-0.081546,-0.197547,
16913875886693,Lacc,-0.464502,-1.720310,-0.071640,
16913875886693,GameRo,0.474338,-0.427960,0.601327,0.479853
16913895784193,Lacc,-0.243879,-1.560099,0.446551,
16913895784193,GameRo,0.474228,-0.428027,0.601415,0.479792
16913920746943,pre,1003.909485,,,
16913936097943,pre,1003.921509,,,
16913915689193,Gyro,-0.325254,-0.006917,-0.073964,
16913935601693,Gyro,-0.570159,0.012372,0.007450,
16913915689193,Lacc,0.107854,-1.235097,0.012099,
16913915689193,GameRo,0.475073,-0.429042,0.597442,0.483003
16913935601693,Lacc,0.028706,-1.007173,-0.310091,
16913935601693,GameRo,0.475038,-0.429118,0.597467,0.482938
16913951325943,pre,1003.922241,,,
16913966767943,pre,1003.919250,,,
16913982117943,pre,1003.919250,,,
16913955521943,Gyro,-0.467461,-0.023812,0.088996,
16913975449943,Gyro,-0.147395,-0.046028,0.198212,
16913955521943,Lacc,-0.006648,-1.720722,0.263069,
16913955521943,GameRo,0.469439,-0.435672,0.593157,0.487835
16913975449943,Lacc,-0.091097,-1.725917,0.539052,
16913975449943,GameRo,0.469318,-0.435742,0.593254,0.487770
16913997437943,pre,1003.922241,,,
16914012787943,pre,1003.914734,,,
16913995370443,Gyro,0.140478,-0.054675,0.265391,
16914015283443,Gyro,0.370217,-0.058798,0.275235,
16913995370443,Lacc,-0.201520,-1.343899,0.235412,
16913995370443,GameRo,0.466689,-0.439767,0.593620,0.486232
16914015283443,Lacc,-0.408793,-1.822348,0.175395,
16914015283443,GameRo,0.466574,-0.439863,0.593711,0.486145
16914028107943,pre,1003.913269,,,
16914043366943,pre,1003.915527,,,
16914058808943,pre,1003.922241,,,
16914035196193,Gyro,0.548608,-0.064918,0.276166,
16914055108693,Gyro,0.494865,-0.040041,0.330043,
16914035196193,Lacc,-0.460121,-2.414370,0.552959,
16914035196193,GameRo,0.468407,-0.438544,0.599305,0.478652
16914055108693,Lacc,-0.489559,-3.083248,0.683273,
16914055108693,GameRo,0.468203,-0.438681,0.599467,0.478524
16914074158943,pre,1003.919250,,,
16914089509943,pre,1003.920776,,,
16914105775943,pre,1003.916260,,,
16914074990693,Gyro,0.218565,-0.014899,0.449369,
16914094842193,Gyro,0.029532,-0.027271,0.626430,
16914074990693,Lacc,-0.352402,-3.855816,0.186190,
16914074990693,GameRo,0.470077,-0.436638,0.606610,0.469467
16914094842193,Lacc,-0.049062,-5.296429,-0.411281,
16914094842193,GameRo,0.469854,-0.436926,0.606775,0.469209
16914120179943,pre,1003.914734,,,
16914135529943,pre,1003.918518,,,
16914114754943,Gyro,0.303038,-0.032858,0.842068,
16914134728943,Gyro,0.627760,-0.048156,1.183818,
16914114754943,Lacc,0.027801,-6.674337,-0.368413,
16914114754943,GameRo,0.464940,-0.442577,0.613258,0.460295
16914134728943,Lacc,-0.033859,-8.452227,0.407176,
16914134728943,GameRo,0.464596,-0.442918,0.613511,0.459976
16914150757943,pre,1003.925232,,,
16914166077943,pre,1003.917786,,,
16914181550943,pre,1003.920776,,,
16914154672193,Gyro,0.929867,-0.007583,1.626934,
16914174584693,Gyro,0.677911,0.113606,2.181795,
16914154672193,Lacc,1.081434,-10.561731,0.861970,
16914154672193,GameRo,0.459929,-0.446627,0.630056,0.438200
16914174584693,Lacc,1.502997,-12.334826,1.228232,
16914174584693,GameRo,0.459544,-0.446985,0.630325,0.437851
16914196900943,pre,1003.922241,,,
16914212250943,pre,1003.929016,,,
16914194497443,Gyro,0.320864,0.144203,2.810885,
16914214410443,Gyro,0.671659,0.142739,3.533627,
16914194497443,Lacc,2.020059,-14.849878,1.653697,
16914194497443,GameRo,0.443482,-0.457991,0.656088,0.403877
16914214410443,Lacc,5.050657,-22.035765,6.006206,
16914214410443,GameRo,0.443014,-0.458293,0.656402,0.403538
16914227509943,pre,1003.938782,,,
16914242921943,pre,1003.932007,,,
16914258271943,pre,1003.911011,,,
16914234323193,Gyro,0.367025,0.689485,4.278984,
16914254235693,Gyro,-0.153914,1.427525,5.267250,
16914234323193,Lacc,12.026557,-28.844437,12.605643,
16914234323193,GameRo,0.410588,-0.479599,0.690808,0.352400
16914254235693,Lacc,12.885306,-35.713367,11.527575,
16914254235693,GameRo,0.410153,-0.479833,0.691063,0.352088
16914273621943,pre,1003.898254,,,
16914288972943,pre,1003.893738,,,
16914274148443,Gyro,-0.796573,1.667907,6.943537,
16914294061443,Gyro,-0.582530,1.660191,8.842115,
16914305390943,pre,1003.890015,,,
16914274148443,Lacc,23.568726,-33.264473,8.397109,
16914274148443,GameRo,0.335028,-0.514574,0.733844,0.290591
16914294061443,Lacc,34.269299,-32.424271,9.120682,
16914294061443,GameRo,0.334969,-0.514658,0.733844,0.290512
16914327302943,pre,1003.872742,,,
16914342652943,pre,1003.853271,,,
16914313989443,Gyro,0.731123,1.806921,9.817477,
16914333932443,Gyro,0.983743,2.069785,9.879069,
16914313989443,Lacc,42.496254,-23.485861,9.861113,
16914313989443,GameRo,0.211670,-0.561411,0.779845,0.178482
16914333932443,Lacc,43.371201,-14.679987,6.924106,
16914333932443,GameRo,0.212092,-0.561309,0.779733,0.178790
16914358002943,pre,1003.833740,,,
16914373353943,pre,1003.804504,,,
16914353845193,Gyro,0.917894,2.503590,9.762670,
16914373727693,Gyro,0.752540,2.902009,9.493687,
16914388550943,pre,1003.798523,,,
16914353845193,Lacc,44.945152,-6.029135,2.002780,
16914353845193,GameRo,0.069622,-0.568034,0.819004,0.041496
16914373727693,Lacc,40.027748,-0.168447,-1.771036,
16914373727693,GameRo,0.070422,-0.568019,0.818918,0.042049
16914403901943,pre,1003.776733,,,
16914419343943,pre,1003.771484,,,
16914393625193,Gyro,0.400947,3.109932,9.043254,
16914413537693,Gyro,-0.123583,3.060180,8.424141,
16914393625193,Lacc,38.802265,4.818420,-4.659190,
16914393625193,GameRo,0.082644,0.556383,-0.822950,0.079762
16914413537693,Lacc,33.259251,9.669285,-5.715060,
16914413537693,GameRo,0.081811,0.556476,-0.823025,0.079195
16914434693943,pre,1003.773743,,,
16914450043943,pre,1003.772278,,,
16914433450193,Gyro,-0.072899,2.690627,7.525935,
16914453362693,Gyro,0.642526,2.317217,6.602985,
16914465302943,pre,1003.768494,,,
16914433450193,Lacc,30.991550,10.728901,-4.954357,
16914433450193,GameRo,0.221088,0.540528,-0.791369,0.180789
16914453362693,Lacc,25.963781,10.189342,-3.486256,
16914453362693,GameRo,0.220436,0.540612,-0.791589,0.180369
16914480713943,pre,1003.770752,,,
16914496064943,pre,1003.780518,,,
16914473275443,Gyro,0.790054,2.253497,5.873193,
16914493188443,Gyro,0.285478,2.159313,5.265387,
16914473275443,Lacc,24.882481,10.800980,-3.798537,
16914473275443,GameRo,0.327438,0.506074,-0.756569,0.253530
16914493188443,Lacc,22.669277,12.985830,-5.479825,
16914493188443,GameRo,0.327224,0.506107,-0.756679,0.253410
16914511414943,pre,1003.787231,,,
16914526765943,pre,1003.781250,,,
16914542115943,pre,1003.789490,,,
16914513078443,Gyro,-0.125579,1.958706,4.781298,
16914532945443,Gyro,-0.244772,1.668040,4.314369,
16914513078443,Lacc,22.242920,12.503733,-5.023322,
16914513078443,GameRo,0.411388,0.475064,-0.714598,0.307284
16914532945443,Lacc,18.338009,14.260910,-4.539106,
16914532945443,GameRo,0.411589,0.474865,-0.714522,0.307501
16914557435943,pre,1003.782776,,,
16914572816943,pre,1003.794006,,,
16914552858193,Gyro,-0.179189,1.379369,3.835867,
16914572816693,Gyro,0.027005,1.141648,3.246818,
16914552858193,Lacc,14.712149,13.926945,-3.245599,
16914552858193,GameRo,0.472589,0.451059,-0.669311,0.353874
16914572816693,Lacc,11.257730,13.791517,-3.245303,
16914572816693,GameRo,0.473141,0.450591,-0.668962,0.354394
16914588135943,pre,1003.790283,,,
16914603486943,pre,1003.795532,,,
16914618836943,pre,1003.795532,,,
16914592752193,Gyro,0.287075,0.882642,2.584072,
16914612664693,Gyro,0.771962,0.637072,1.997019,
16914592752193,Lacc,8.871468,11.548637,-2.903507,
16914592752193,GameRo,0.516711,0.426290,-0.634048,0.386354
16914612664693,Lacc,6.091459,10.263712,-2.686926,
16914612664693,GameRo,0.517316,0.425802,-0.633570,0.386867
16914634034943,pre,1003.797729,,,
16914657166943,pre,1003.791016,,,
16914632577443,Gyro,1.234368,0.494998,1.546718,
16914652490443,Gyro,1.558824,0.405470,1.140450,
16914632577443,Lacc,4.076023,8.859961,-2.251569,
16914632577443,GameRo,0.548170,0.399688,-0.617402,0.398214
16914652490443,Lacc,2.814505,7.772450,-2.313394,
16914652490443,GameRo,0.548648,0.399303,-0.616981,0.398595
16914672516943,pre,1003.793274,,,
16914687867943,pre,1003.791748,,,
16914672403193,Gyro,1.593544,0.342681,0.802426,
16914692315693,Gyro,1.377506,0.268185,0.543952,
16914705262943,pre,1003.792480,,,
16914672403193,Lacc,2.303746,6.047378,-2.586005,
16914672403193,GameRo,0.574842,0.370636,-0.615164,0.392121
16914692315693,Lacc,2.491665,4.890467,-2.955648,
16914692315693,GameRo,0.575276,0.370411,-0.614758,0.392334
16914718537943,pre,1003.799255,,,
16914734376943,pre,1003.798523,,,
16914712228443,Gyro,1.124354,0.204331,0.345740,
16914732141443,Gyro,0.809343,0.175464,0.179588,
16914712228443,Lacc,1.731461,3.963778,-2.200013,
16914712228443,GameRo,0.593233,0.349273,-0.617091,0.381159
16914732141443,Lacc,0.888345,3.392381,-1.153906,
16914732141443,GameRo,0.593452,0.349079,-0.616879,0.381339
16914749207943,pre,1003.798523,,,
16914756867943,pre,1003.803772,,,
16914772217943,pre,1003.794739,,,
16914752054193,Gyro,0.589448,0.176927,0.067312,
16914771966693,Gyro,0.515218,0.150455,-0.001596,
16914752054193,Lacc,0.481616,2.399280,-0.784110,
16914752054193,GameRo,0.602986,0.338338,-0.618798,0.372859
16914771966693,Lacc,0.381172,1.707003,-1.053527,
16914771966693,GameRo,0.603128,0.338257,-0.618660,0.372932
16914787537943,pre,1003.794006,,,
16914802888943,pre,1003.802979,,,
16914818238943,pre,1003.794006,,,
16914791879193,Gyro,0.496062,0.094849,-0.075826,
16914811791693,Gyro,0.592773,0.063321,-0.159102,
16914791879193,Lacc,-0.008824,1.322885,-1.144425,
16914791879193,GameRo,0.608740,0.333143,-0.620228,0.365743
16914811791693,Lacc,-0.222593,0.954845,-0.880011,
16914811791693,GameRo,0.608836,0.333112,-0.620135,0.365771
16914833558943,pre,1003.793274,,,
16914848908943,pre,1003.798523,,,
16914831704443,Gyro,0.704118,0.051748,-0.190762,
16914851617443,Gyro,0.649976,0.040840,-0.182116,
16914864655943,pre,1003.799255,,,
16914831704443,Lacc,-0.425330,0.840619,-0.659395,
16914831704443,GameRo,0.612928,0.328048,-0.624358,0.356203
16914851617443,Lacc,-0.391655,0.728488,-0.439025,
16914851617443,GameRo,0.612984,0.328016,-0.624303,0.356233
16914879548943,pre,1003.804504,,,
16914894898943,pre,1003.796265,,,
16914871530193,Gyro,0.519874,0.050418,-0.146597,
16914891442693,Gyro,0.303570,0.076358,-0.145932,
16914871530193,Lacc,-0.297211,0.738877,-0.333377,
16914871530193,GameRo,0.616941,0.322368,-0.629193,0.345801
16914891442693,Lacc,-0.252368,0.902064,-0.358572,
16914891442693,GameRo,0.616998,0.322320,-0.629136,0.345848
16914910218943,pre,1003.796265,,,
16914925568943,pre,1003.799988,,,
16914940888943,pre,1003.798523,,,
16914911332443,Gyro,0.158170,0.087666,-0.153115,
16914931199443,Gyro,0.102831,0.077023,-0.134358,
16914911332443,Lacc,-0.259436,0.454096,-0.501301,
16914911332443,GameRo,0.619133,0.320809,-0.631078,0.339847
16914931199443,Lacc,-0.228943,0.338597,-0.489905,
16914931199443,GameRo,0.619180,0.320803,-0.631033,0.339852
16914956238943,pre,1003.794739,,,
16914971558943,pre,1003.799988,,,
16914951112193,Gyro,0.047225,0.064652,-0.130501,
16914971070693,Gyro,0.026473,0.043899,-0.144868,
16914951112193,Lacc,-0.258403,0.658566,-0.550352,
16914951112193,GameRo,0.619977,0.321800,-0.631536,0.336504
16914971070693,Lacc,-0.060101,0.751482,-0.700802,
16914971070693,GameRo,0.620054,0.321773,-0.631460,0.336530
16914986817943,pre,1003.804504,,,
16915002228943,pre,1003.799988,,,
16914991006443,Gyro,0.016762,0.017294,-0.178125,
16915010919443,Gyro,0.000000,-0.012505,-0.220029,
16914991006443,Lacc,0.246912,0.788703,-0.769141,
16914991006443,GameRo,0.619895,0.323546,-0.631991,0.334118
16915010919443,Lacc,0.352107,0.699764,-0.822593,
16915010919443,GameRo,0.619982,0.323526,-0.631906,0.334137
16915025147943,pre,1003.801514,,,
16915040589943,pre,1003.797729,,,
16915055939943,pre,1003.797729,,,
16915030832193,Gyro,-0.041106,-0.061193,-0.264992,
16915050744693,Gyro,-0.028069,-0.121588,-0.323125,
16915030832193,Lacc,0.169640,0.807351,-0.987052,
16915030832193,GameRo,0.618396,0.326208,-0.633454,0.331528
16915050744693,Lacc,0.030184,0.880554,-1.028166,
16915050744693,GameRo,0.618502,0.326184,-0.633350,0.331552
16915071290943,pre,1003.798523,,,
16915086609943,pre,1003.794006,,,
16915070657193,Gyro,0.028335,-0.181983,-0.384451,
16915090569693,Gyro,0.111877,-0.244905,-0.441121,
16915070657193,Lacc,0.062674,1.168659,-0.982382,
16915101929943,pre,1003.805237,,,
16915070657193,GameRo,0.614741,0.329656,-0.636728,0.328630
16915090569693,Lacc,0.108479,0.961753,-0.876506,
16915090569693,GameRo,0.614841,0.329620,-0.636632,0.328666
16915117280943,pre,1003.798523,,,
16915132630943,pre,1003.799988,,,
16915110459443,Gyro,0.168414,-0.304901,-0.478502,
16915130326443,Gyro,0.151253,-0.362635,-0.500319,
16915110459443,Lacc,0.105936,1.006895,-0.989339,
16915110459443,GameRo,0.609591,0.331933,-0.643197,0.323292
16915130326443,Lacc,0.289889,1.125075,-1.021320,
16915130326443,GameRo,0.609710,0.331891,-0.643083,0.323336
16915147858943,pre,1003.802246,,,
16915163300943,pre,1003.798523,,,
16915178650943,pre,1003.797729,,,
16915150246943,Gyro,0.088730,-0.409328,-0.525195,
16915170220943,Gyro,0.034055,-0.444447,-0.553663,
16915150246943,Lacc,0.485967,1.498965,-1.110204,
16915150246943,GameRo,0.602784,0.333655,-0.651507,0.317591
16915170220943,Lacc,0.666734,1.527294,-0.978474,
16915170220943,GameRo,0.602921,0.333581,-0.651381,0.317669
16915193970943,pre,1003.791016,,,
16915209321943,pre,1003.803772,,,
16915190156693,Gyro,-0.073698,-0.471851,-0.592773,
16915210054193,Gyro,-0.258740,-0.505773,-0.650508,
16915190156693,Lacc,0.797558,1.974346,-1.188623,
16915190156693,GameRo,0.593662,0.337018,-0.660239,0.313158
16915210054193,Lacc,1.143698,2.238764,-1.283086,
16915210054193,GameRo,0.593858,0.336899,-0.660065,0.313283
16915224549943,pre,1003.799255,,,
16915239838943,pre,1003.806030,,,
16915255280943,pre,1003.799988,,,
16915229959193,Gyro,-0.412786,-0.562310,-0.757994,
16915249871693,Gyro,-0.420502,-0.625099,-0.871867,
16915229959193,Lacc,1.167314,2.395850,-1.357549,
16915229959193,GameRo,0.581181,0.344843,-0.668159,0.311250
16915249871693,Lacc,1.361914,2.014058,-1.108332,
16915249871693,GameRo,0.581356,0.344734,-0.668008,0.311366
16915270630943,pre,1003.800781,,,
16915285950943,pre,1003.807495,,,
16915269784443,Gyro,-0.441653,-0.693609,-0.967115,
16915289697443,Gyro,-0.549406,-0.748283,-1.038684,
16915269784443,Lacc,1.362313,2.255316,-1.072592,
16915269784443,GameRo,0.564318,0.356491,-0.677453,0.309059
16915301179943,pre,1003.801514,,,
16915289697443,Lacc,1.742648,2.371656,-1.116119,
16915289697443,GameRo,0.564515,0.356353,-0.677294,0.309206
16915316620943,pre,1003.810486,,,
16915331971943,pre,1003.799988,,,
16915309602693,Gyro,-0.638934,-0.819187,-1.156414,
16915329500193,Gyro,-0.515351,-0.889559,-1.295561,
16915309602693,Lacc,1.628162,2.915758,-1.377360,
16915309602693,GameRo,0.543519,0.370672,-0.687855,0.306668
16915329500193,Lacc,1.463975,1.702458,-1.029155,
16915329500193,GameRo,0.543671,0.370596,-0.687736,0.306758
16915354951943,pre,1003.801514,,,
16915370301943,pre,1003.802246,,,
16915349412943,Gyro,-0.269914,-0.935055,-1.419277,
16915369340943,Gyro,-0.191028,-0.980551,-1.514659,
16915349412943,Lacc,1.618622,1.417166,-1.020002,
16915349412943,GameRo,0.518598,0.385831,-0.701208,0.300828
16915369340943,Lacc,2.316886,1.166909,-0.973071,
16915369340943,GameRo,0.518694,0.385812,-0.701133,0.300862
16915385529943,pre,1003.805237,,,
16915400971943,pre,1003.804504,,,
16915416291943,pre,1003.810486,,,
16915389261193,Gyro,-0.223221,-1.045202,-1.570796,
16915409173693,Gyro,-0.247964,-1.112115,-1.604985,
16915389261193,Lacc,2.226218,1.672446,-1.294528,
16915389261193,GameRo,0.491957,0.397937,-0.718367,0.289091
16915409173693,Lacc,2.271004,0.803658,-0.785297,
16915409173693,GameRo,0.491992,0.397949,-0.718336,0.289089
16915431489943,pre,1003.812012,,,
16915446931943,pre,1003.812744,,,
16915429086193,Gyro,-0.283882,-1.118900,-1.590219,
16915448998693,Gyro,-0.390704,-1.092959,-1.561351,
16915429086193,Lacc,2.922160,0.271264,-0.425241,
16915429086193,GameRo,0.461476,0.410599,-0.735976,0.277107
16915448998693,Lacc,3.586180,-0.118448,-0.177521,
16915448998693,GameRo,0.461292,0.410684,-0.736087,0.276992
16915462189943,pre,1003.815002,,,
16915477631943,pre,1003.820251,,,
16915492982943,pre,1003.818787,,,
16915468911443,Gyro,-0.582131,-1.117569,-1.535943,
16915488824443,Gyro,-0.638402,-1.151359,-1.534879,
16915468911443,Lacc,2.766403,0.272319,-0.310092,
16915468911443,GameRo,0.429708,0.424695,-0.750949,0.266574
16915488824443,Lacc,2.729075,-0.323335,-0.089615,
16915488824443,GameRo,0.429542,0.424772,-0.751038,0.266467
16915508301943,pre,1003.826233,,,
16915523652943,pre,1003.823242,,,
16915508737193,Gyro,-0.522135,-1.170515,-1.519315,
16915528649693,Gyro,-0.431676,-1.231974,-1.518915,
16915539948943,pre,1003.824768,,,
16915508737193,Lacc,3.110948,-0.175531,-0.530007,
16915508737193,GameRo,0.395533,0.440917,-0.763155,0.258342
16915528649693,Lacc,3.421943,-0.218697,-0.540578,
16915528649693,GameRo,0.395325,0.441045,-0.763242,0.258184
16915554291943,pre,1003.820984,,,
16915569642943,pre,1003.821777,,,
16915548562443,Gyro,-0.348401,-1.285983,-1.511732,
16915568475443,Gyro,-0.199808,-1.283456,-1.547250,
16915548562443,Lacc,3.212383,0.272426,-0.291634,
16915548562443,GameRo,0.360586,0.452794,-0.776480,0.249068
16915568475443,Lacc,3.490406,0.531235,-0.166720,
16915568475443,GameRo,0.360354,0.452825,-0.776605,0.248958
16915584839943,pre,1003.824036,,,
16915600251943,pre,1003.832275,,,
16915615601943,pre,1003.833008,,,
16915588388193,Gyro,-0.310089,-1.306602,-1.588755,
16915608300693,Gyro,-0.587585,-1.402383,-1.711806,
16915588388193,Lacc,3.897839,1.771914,-1.077258,
16915588388193,GameRo,0.324892,0.460660,-0.790949,0.237986
16915608300693,Lacc,3.646359,1.187575,-0.397650,
16915608300693,GameRo,0.324656,0.460658,-0.791076,0.237888
16915630829943,pre,1003.838257,,,
16915646271943,pre,1003.834534,,,
16915628213443,Gyro,-0.525062,-1.391474,-1.753311,
16915648126443,Gyro,-0.425424,-1.286249,-1.756238,
16915661530943,pre,1003.837524,,,
16915628213443,Lacc,3.619758,0.240050,0.193044,
16915628213443,GameRo,0.283871,0.473375,-0.802367,0.227026
16915648126443,Lacc,4.590446,0.769791,-0.045445,
16915648126443,GameRo,0.283457,0.473384,-0.802562,0.226834
16915676911943,pre,1003.841248,,,
16915692231943,pre,1003.838257,,,
16915668039193,Gyro,-0.786729,-1.227451,-1.821687,
16915687951693,Gyro,-1.042941,-1.268690,-1.966688,
16915668039193,Lacc,4.549642,2.167158,-1.041656,
16915668039193,GameRo,0.243393,0.484698,-0.812675,0.213043
16915687951693,Lacc,3.756425,1.149776,-0.882295,
16915687951693,GameRo,0.243091,0.484757,-0.812775,0.212871
16915707551943,pre,1003.854004,,,
16915722901943,pre,1003.854004,,,
16915707864443,Gyro,-0.738705,-1.285052,-2.053289,
16915727777443,Gyro,-0.426355,-1.235698,-2.072579,
16915739075943,pre,1003.854004,,,
16915707864443,Lacc,3.618647,-0.010635,-0.214777,
16915707864443,GameRo,0.198834,0.504519,-0.816608,0.197677
16915727777443,Lacc,5.020232,0.016852,-0.081806,
16915727777443,GameRo,0.198340,0.504573,-0.816764,0.197396
16915753541943,pre,1003.851013,,,
16915776520943,pre,1003.851013,,,
16915747674943,Gyro,-0.802027,-1.140450,-2.088409,
16915767556943,Gyro,-1.320171,-1.119831,-2.276777,
16915747674943,Lacc,4.467678,2.132145,-0.927846,
16915747674943,GameRo,0.154957,0.515230,-0.824042,0.177427
16915767556943,Lacc,3.751534,1.393248,-1.192169,
16915767556943,GameRo,0.154603,0.515308,-0.824108,0.177205
16915791840943,pre,1003.854004,,,
16915807160943,pre,1003.853271,,,
16915787469443,Gyro,-1.176368,-1.091895,-2.444924,
16915807412443,Gyro,-0.813999,-1.066221,-2.557200,
16915787469443,Lacc,3.753708,-0.731652,-0.981827,
16915787469443,GameRo,0.108065,0.538523,-0.821207,0.154706
16915807412443,Lacc,5.167337,-1.258747,-1.684348,
16915807412443,GameRo,0.107589,0.538741,-0.821191,0.154362
16915822419943,pre,1003.854004,,,
16915837800943,pre,1003.870483,,,
16915853150943,pre,1003.860779,,,
16915827340443,Gyro,-1.017665,-1.101473,-2.627173,
16915847253443,Gyro,-1.081386,-1.099345,-2.717100,
16915827340443,Lacc,4.760410,0.190450,-1.486885,
16915827340443,GameRo,0.059148,0.554480,-0.820576,0.125332
16915847253443,Lacc,3.776880,-0.276028,-0.825929,
16915847253443,GameRo,0.058781,0.554570,-0.820580,0.125079
16915868470943,pre,1003.866028,,,
16915883790943,pre,1003.867493,,,
16915867173943,Gyro,-0.770499,-1.037620,-2.847601,
16915887101943,Gyro,-0.434071,-0.990395,-3.025858,
16915867173943,Lacc,3.749095,-0.816648,-0.556791,
16915867173943,GameRo,0.007674,0.571165,-0.815471,0.093372
16915887101943,Lacc,5.598420,-1.543896,-1.374989,
16915887101943,GameRo,0.007207,0.571300,-0.815419,0.093037
16915899018943,pre,1003.875000,,,
16915914460943,pre,1003.879517,,,
16915929810943,pre,1003.891479,,,
16915907022193,Gyro,0.021817,-1.006491,-3.193075,
16915926934693,Gyro,0.738838,-0.997312,-3.207575,
16915907022193,Lacc,4.440875,-2.142891,-0.577528,
16915907022193,GameRo,-0.044649,0.575276,-0.814897,0.054831
16915926934693,Lacc,3.974492,-2.663035,0.232337,
16915926934693,GameRo,-0.044940,0.575303,-0.814876,0.054626
16915945130943,pre,1003.887024,,,
16915960480943,pre,1003.886230,,,
16915975800943,pre,1003.893738,,,
16915946816943,Gyro,1.005427,-0.962193,-3.183896,
16915966668943,Gyro,0.237721,-0.923881,-3.203451,
16915946816943,Lacc,4.017063,-1.962031,-0.274578,
16915946816943,GameRo,-0.097429,0.558316,-0.823760,0.014466
16915966668943,Lacc,5.726041,-0.807043,-0.949782,
16915966668943,GameRo,-0.097872,0.558356,-0.823686,0.014169
16915991150943,pre,1003.890747,,,
16915998810943,pre,1003.898254,,,
16916014161943,pre,1003.902771,,,
16915986574193,Gyro,-0.826903,-0.885967,-3.294442,
16916006532693,Gyro,-1.306203,-0.833421,-3.309608,
16915986574193,Lacc,4.749818,-1.661526,-0.943552,
16915986574193,GameRo,0.148288,-0.547372,0.823157,0.028400
16916006532693,Lacc,4.600128,-3.374725,0.480120,
16916006532693,GameRo,0.148524,-0.547389,0.823098,0.028552
16916029908943,pre,1003.902771,,,
16916052491943,pre,1003.900513,,,
16916026475943,Gyro,-1.294630,-0.701724,-3.254268,
16916046403943,Gyro,-1.229180,-0.520805,-3.135473,
16916026475943,Lacc,4.046237,-4.341537,1.725133,
16916026475943,GameRo,0.197027,-0.558136,0.802252,0.077826
16916046403943,Lacc,4.765698,-3.601729,0.564671,
16916046403943,GameRo,0.197212,-0.558139,0.802192,0.077949
16916067811943,pre,1003.914001,,,
16916083130943,pre,1003.901245,,,
16916066324193,Gyro,-1.206033,-0.432475,-3.051001,
16916086236693,Gyro,-0.886367,-0.441254,-3.032111,
16916066324193,Lacc,3.557813,-3.343876,-0.649677,
16916066324193,GameRo,0.238132,-0.565096,0.779643,0.126949
16916086236693,Lacc,3.577769,-3.637847,-0.403522,
16916086236693,GameRo,0.238237,-0.565164,0.779555,0.126989
16916098359943,pre,1003.903503,,,
16916113801943,pre,1003.914734,,,
16916129120943,pre,1003.915527,,,
16916106149193,Gyro,-0.399351,-0.447640,-3.046478,
16916126061693,Gyro,-0.121322,-0.409594,-3.004840,
16916106149193,Lacc,3.453658,-4.352811,1.064468,
16916106149193,GameRo,0.276617,-0.564133,0.758537,0.172799
16916126061693,Lacc,3.917393,-3.546120,1.183762,
16916126061693,GameRo,0.276660,-0.564108,0.758531,0.172839
16916144471943,pre,1003.915527,,,
16916159821943,pre,1003.909485,,,
16916175141943,pre,1003.911743,,,
16916145943943,Gyro,-0.019688,-0.420236,-2.904803,
16916165795943,Gyro,0.168148,-0.518677,-2.776298,
16916145943943,Lacc,2.614299,-3.277111,0.399386,
16916145943943,GameRo,0.315688,-0.549770,0.743257,0.213688
16916165795943,Lacc,2.218266,-2.938186,0.420047,
16916165795943,GameRo,0.315665,-0.549807,0.743250,0.213653
16916190491943,pre,1003.914734,,,
16916205811943,pre,1003.914001,,,
16916185708693,Gyro,0.452296,-0.604480,-2.618792,
16916205682193,Gyro,0.665274,-0.590778,-2.388121,
16916185708693,Lacc,1.986914,-3.791893,1.449505,
16916185708693,GameRo,0.353731,-0.531141,0.729159,0.247166
16916205682193,Lacc,2.436943,-3.257915,2.008085,
16916205682193,GameRo,0.353628,-0.531113,0.729241,0.247132
16916221039943,pre,1003.910278,,,
16916236481943,pre,1003.918518,,,
16916251801943,pre,1003.919250,,,
16916225625443,Gyro,0.595434,-0.492204,-2.128983,
16916245538443,Gyro,0.098973,-0.361704,-1.903367,
16916225625443,Lacc,2.118283,-2.862665,1.671267,
16916225625443,GameRo,0.390017,-0.507063,0.719468,0.270444
16916245538443,Lacc,2.242874,-1.643714,1.020965,
16916245538443,GameRo,0.389983,-0.507044,0.719500,0.270442
16916267151943,pre,1003.916260,,,
16916282471943,pre,1003.928284,,,
16916265451193,Gyro,-0.603682,-0.228941,-1.729765,
16916285363693,Gyro,-1.232639,-0.079418,-1.579975,
16916265451193,Lacc,1.824285,-1.740740,0.685159,
16916265451193,GameRo,0.414060,-0.492932,0.706768,0.293345
16916285363693,Lacc,1.677604,-1.474230,0.508693,
16916297730943,pre,1003.917786,,,
16916285363693,GameRo,0.414023,-0.492950,0.706789,0.293317
16916313172943,pre,1003.916992,,,
16916328522943,pre,1003.916260,,,
16916305276443,Gyro,-1.642366,0.071436,-1.445617,
16916325189443,Gyro,-1.755306,0.184510,-1.342387,
16916305276443,Lacc,1.182293,-1.841433,0.625185,
16916305276443,GameRo,0.422590,-0.497662,0.684264,0.324859
16916325189443,Lacc,0.975381,-1.812321,0.357390,
16916325189443,GameRo,0.422509,-0.497719,0.684307,0.324785
16916343873943,pre,1003.918518,,,
16916359192943,pre,1003.915527,,,
16916374543943,pre,1003.926025,,,
16916345079443,Gyro,-1.621214,0.241446,-1.288644,
16916364946443,Gyro,-1.368461,0.247964,-1.266694,
16916345079443,Lacc,0.674480,-2.147861,0.324209,
16916345079443,GameRo,0.421399,-0.508641,0.659305,0.359199
16916364946443,Lacc,0.590690,-2.182594,0.275791,
16916364946443,GameRo,0.421283,-0.508727,0.659372,0.359091
16916389863943,pre,1003.913269,,,
16916405213943,pre,1003.932739,,,
16916384859193,Gyro,-1.098147,0.237987,-1.237960,
16916404817693,Gyro,-0.862821,0.209519,-1.195923,
16916384859193,Lacc,0.195189,-2.540360,0.477887,
16916384859193,GameRo,0.420675,-0.513882,0.638412,0.389087
16916404817693,Lacc,0.190801,-2.284050,0.295081,
16916404817693,GameRo,0.420534,-0.513978,0.638502,0.388964
16916420533943,pre,1003.923035,,,
16916435853943,pre,1003.932007,,,
16916451203943,pre,1003.926758,,,
16916424753193,Gyro,-0.680173,0.189964,-1.148565,
16916444665693,Gyro,-0.516814,0.181849,-1.076996,
16916424753193,Lacc,0.037817,-2.507732,0.179740,
16916424753193,GameRo,0.423169,-0.513089,0.622071,0.413153
16916444665693,Lacc,-0.010938,-2.244679,0.297776,
16916444665693,GameRo,0.423018,-0.513190,0.622174,0.413028
16916474091943,pre,1003.927490,,,
16916489533943,pre,1003.920776,,,
16916464578193,Gyro,-0.416910,0.174267,-0.976427,
16916484490693,Gyro,-0.292662,0.170143,-0.866811,
16916464578193,Lacc,0.012552,-2.456533,0.394197,
16916464578193,GameRo,0.427186,-0.509038,0.609587,0.432200
16916484490693,Lacc,0.058771,-2.376663,0.370749,
16916484490693,GameRo,0.427024,-0.509142,0.609703,0.432074
16916504853943,pre,1003.937256,,,
16916520203943,pre,1003.929016,,,
16916504403443,Gyro,-0.169877,0.156973,-0.746687,
16916524316443,Gyro,-0.047358,0.136354,-0.616053,
16916504403443,Lacc,-0.235768,-2.586441,0.339747,
16916535676943,pre,1003.920776,,,
16916504403443,GameRo,0.430964,-0.503920,0.600861,0.446432
16916524316443,Lacc,-0.332567,-2.431680,0.381363,
16916524316443,GameRo,0.430783,-0.504035,0.600995,0.446297
16916550873943,pre,1003.926758,,,
16916566193943,pre,1003.931274,,,
16916544206443,Gyro,0.040441,0.121322,-0.480498,
16916564073443,Gyro,0.031794,0.117863,-0.346671,
16916544206443,Lacc,-0.357597,-2.422669,0.286852,
16916544206443,GameRo,0.434669,-0.498213,0.596425,0.455109
16916564073443,Lacc,-0.356335,-2.126879,0.141829,
16916564073443,GameRo,0.434517,-0.498331,0.596536,0.454980
16916581544943,pre,1003.929749,,,
16916596863943,pre,1003.923035,,,
16916612214943,pre,1003.922241,,,
16916584001443,Gyro,-0.016096,0.111611,-0.218831,
16916603990443,Gyro,-0.054808,0.113074,-0.100968,
16916584001443,Lacc,-0.381725,-2.019403,0.091059,
16916584001443,GameRo,0.436614,-0.494082,0.594899,0.459724
16916603990443,Lacc,-0.217676,-1.818984,0.179959,
16916603990443,GameRo,0.436482,-0.494180,0.594997,0.459618
16916627534943,pre,1003.923767,,,
16916642853943,pre,1003.927490,,,
16916623925943,Gyro,-0.065184,0.117331,0.011440,
16916643807943,Gyro,-0.048688,0.111345,0.106822,
16916623925943,Lacc,-0.148679,-1.701249,-0.011490,
16916623925943,GameRo,0.435439,-0.493080,0.594669,0.462206
16916643807943,Lacc,-0.084526,-1.591832,-0.162827,
16916643807943,GameRo,0.435344,-0.493187,0.594733,0.462099
16916658112943,pre,1003.925232,,,
16916673524943,pre,1003.931274,,,
16916688874943,pre,1003.923767,,,
16916663705443,Gyro,-0.004789,0.095248,0.184643,
16916683618443,Gyro,0.014633,0.079418,0.262198,
16916663705443,Lacc,-0.131536,-1.431397,-0.137038,
16916663705443,GameRo,0.432431,-0.493787,0.596321,0.462146
16916683618443,Lacc,-0.166147,-1.134450,0.030883,
16916683618443,GameRo,0.432350,-0.493855,0.596379,0.462075
16916704224943,pre,1003.920776,,,
16916719544943,pre,1003.925232,,,
16916703531193,Gyro,-0.018225,0.072234,0.332969,
16916723443693,Gyro,-0.063720,0.070106,0.386048,
16916735444943,pre,1003.924500,,,
16916703531193,Lacc,-0.063647,-0.785712,-0.037143,
16916703531193,GameRo,0.428853,-0.495300,0.599662,0.459531
16916723443693,Lacc,-0.013930,-0.595438,-0.119072,
16916723443693,GameRo,0.428820,-0.495345,0.599682,0.459487
16916750245943,pre,1003.933533,,,
16916765595943,pre,1003.930481,,,
16916743333443,Gyro,-0.078487,0.065716,0.422497,
16916763200443,Gyro,-0.065716,0.062922,0.439126,
16916743333443,Lacc,0.055408,-0.319651,-0.126644,
16916743333443,GameRo,0.423544,-0.498814,0.603198,0.456013
16916763200443,Lacc,0.117193,-0.188224,-0.116786,
16916763200443,GameRo,0.423541,-0.498833,0.603197,0.455997
16916780915943,pre,1003.929749,,,
16916796265943,pre,1003.930481,,,
16916783113193,Gyro,-0.065982,0.063587,0.438860,
16916803071693,Gyro,-0.083808,0.061991,0.419704,
16916783113193,Lacc,0.164789,0.030622,-0.158502,
16916783113193,GameRo,0.417809,-0.502757,0.607001,0.451908
16916803071693,Lacc,0.114446,0.105975,-0.180247,
16916803071693,GameRo,0.417830,-0.502763,0.606983,0.451907
16916819184943,pre,1003.920776,,,
16916834595943,pre,1003.927490,,,
16916849976943,pre,1003.919250,,,
16916822984443,Gyro,-0.123450,0.056803,0.389506,
16916842851443,Gyro,-0.125046,0.051748,0.349199,
16916822984443,Lacc,0.155502,0.363822,-0.145898,
16916822984443,GameRo,0.412097,-0.506747,0.610336,0.448190
16916842851443,Lacc,0.099031,0.377379,-0.058068,
16916842851443,GameRo,0.412129,-0.506728,0.610313,0.448213
16916865296943,pre,1003.932007,,,
16916880677943,pre,1003.925232,,,
16916862764193,Gyro,-0.102831,0.046161,0.301043,
16916882722693,Gyro,-0.031927,0.047358,0.252088,
16916862764193,Lacc,0.094892,0.368095,-0.022338,
16916862764193,GameRo,0.406936,-0.510579,0.612513,0.445578
16916882722693,Lacc,0.032569,0.182556,-0.034766,
16916882722693,GameRo,0.406952,-0.510570,0.612502,0.445589
16916895936943,pre,1003.928284,,,
16916911347943,pre,1003.923767,,,
16916926697943,pre,1003.923767,,,
16916902658193,Gyro,0.067179,0.046294,0.220694,
16916922570693,Gyro,0.127175,0.052945,0.205795,
16916902658193,Lacc,-0.068638,0.293335,-0.028969,
16916902658193,GameRo,0.403600,-0.512495,0.614831,0.443215
16916922570693,Lacc,-0.043468,0.425104,-0.026471,
16916922570693,GameRo,0.403630,-0.512471,0.614811,0.443241
16916941926943,pre,1003.935730,,,
16916957368943,pre,1003.928284,,,
16916942483443,Gyro,0.103363,0.067445,0.199143,
16916962396443,Gyro,0.018757,0.079817,0.182914,
16916973481943,pre,1003.925232,,,
16916942483443,Lacc,0.150048,0.641041,-0.171066,
16916942483443,GameRo,0.402026,-0.512098,0.618267,0.440315
16916962396443,Lacc,0.239994,0.735180,-0.205121,
16916962396443,GameRo,0.402096,-0.512068,0.618217,0.440356
16916988038943,pre,1003.919250,,,
16917003388943,pre,1003.923035,,,
16916982309193,Gyro,-0.067711,0.082744,0.161097,
16917002221693,Gyro,-0.118262,0.077422,0.137152,
16916982309193,Lacc,0.269329,0.908441,-0.179210,
16916982309193,GameRo,0.399471,-0.512602,0.620534,0.438862
16917002221693,Lacc,0.272152,1.003561,-0.224503,
16917002221693,GameRo,0.399562,-0.512557,0.620471,0.438921
16917019135943,pre,1003.929016,,,
16917033967943,pre,1003.916992,,,
16917049409943,pre,1003.926025,,,
16917022134443,Gyro,-0.148725,0.069973,0.090459,
16917042047443,Gyro,-0.152317,0.063587,0.021018,
16917022134443,Lacc,0.268935,1.124371,-0.355318,
16917022134443,GameRo,0.396299,-0.514388,0.620920,0.439102
16917042047443,Lacc,0.293836,1.157480,-0.435426,
16917042047443,GameRo,0.396414,-0.514350,0.620835,0.439162
16917064759943,pre,1003.920776,,,
16917080109943,pre,1003.914734,,,
16917061960193,Gyro,-0.133294,0.060794,-0.066913,
16917081872693,Gyro,-0.068909,0.050285,-0.168547,
16917061960193,Lacc,0.296535,1.275349,-0.452601,
16917061960193,GameRo,0.394252,-0.515758,0.619825,0.440881
16917081872693,Lacc,0.291773,1.369344,-0.432000,
16917081872693,GameRo,0.394382,-0.515707,0.619732,0.440955
16917095338943,pre,1003.917786,,,
16917110779943,pre,1003.929749,,,
16917126160943,pre,1003.932739,,,
16917101785193,Gyro,0.017427,0.038711,-0.268318,
16917121697693,Gyro,0.083010,0.025009,-0.355983,
16917101785193,Lacc,0.161380,1.286957,-0.405435,
16917101785193,GameRo,0.395117,-0.514639,0.617840,0.444189
16917121697693,Lacc,0.063590,1.310875,-0.320685,
16917121697693,GameRo,0.395232,-0.514583,0.617759,0.444263
16917141511943,pre,1003.916260,,,
16917156861943,pre,1003.916260,,,
16917141610443,Gyro,0.108551,0.023280,-0.424094,
16917161523443,Gyro,0.083409,0.033390,-0.465732,
16917141610443,Lacc,0.130017,1.326937,-0.344095,
16917141610443,GameRo,0.399465,-0.510406,0.615532,0.448368
16917161523443,Lacc,0.560841,1.576076,-0.378012,
16917161523443,GameRo,0.399612,-0.510338,0.615428,0.448458
16917179871943,pre,1003.919250,,,
16917195222943,pre,1003.922241,,,
16917210602943,pre,1003.927490,,,
16917181413443,Gyro,0.021151,0.057069,-0.502979,
16917201280443,Gyro,-0.093253,0.075560,-0.554727,
16917181413443,Lacc,0.746101,1.851399,-0.396527,
16917181413443,GameRo,0.404832,-0.505173,0.612198,0.454009
16917201280443,Lacc,0.570385,2.320650,-0.387716,
16917201280443,GameRo,0.405030,-0.505060,0.612060,0.454145
16917225953943,pre,1003.923035,,,
16917241303943,pre,1003.921509,,,
16917248994943,pre,1003.924500,,,
16917221193193,Gyro,-0.208588,0.085936,-0.619778,
16917241151693,Gyro,-0.287341,0.091523,-0.697201,
16917221193193,Lacc,0.261322,2.393054,-0.333163,
16917221193193,GameRo,0.408980,-0.500916,0.606474,0.462610
16917241151693,Lacc,0.062043,2.512175,-0.201768,
16917241151693,GameRo,0.409175,-0.500772,0.606341,0.462768
16917264313943,pre,1003.915527,,,
16917279694943,pre,1003.921509,,,
16917261087193,Gyro,-0.298781,0.086335,-0.787660,
16917280999693,Gyro,-0.280822,0.098973,-0.880513,
16917261087193,Lacc,0.460282,2.204982,0.007708,
16917261087193,GameRo,0.412593,-0.497455,0.597538,0.474609
16917280999693,Lacc,1.042127,2.021679,0.177790,
16917280999693,GameRo,0.412738,-0.497326,0.597439,0.474742
16917295014943,pre,1003.919250,,,
16917310395943,pre,1003.926025,,,
16917325745943,pre,1003.927490,,,
16917300912443,Gyro,-0.301043,0.123982,-0.985340,
16917320825443,Gyro,-0.446842,0.145267,-1.103735,
16917300912443,Lacc,0.789524,1.661987,0.194212,
16917300912443,GameRo,0.417710,-0.492253,0.586869,0.488661
16917320825443,Lacc,0.564373,1.768481,0.299053,
16917320825443,GameRo,0.417825,-0.492126,0.586792,0.488784
16917341065943,pre,1003.925232,,,
16917356415943,pre,1003.922241,,,
16917340738193,Gyro,-0.642925,0.177726,-1.230377,
16917360650693,Gyro,-0.792316,0.226813,-1.340392,
16917371918943,pre,1003.917786,,,
16917340738193,Lacc,0.755764,1.143752,0.438838,
16917340738193,GameRo,0.422480,-0.486503,0.572536,0.506980
16917360650693,Lacc,1.525891,0.314726,0.441676,
16917360650693,GameRo,0.422502,-0.486463,0.572521,0.507016
16917387116943,pre,1003.927490,,,
16917402436943,pre,1003.926025,,,
16917380547943,Gyro,-0.837013,0.299180,-1.448277,
16917400429943,Gyro,-0.904990,0.350130,-1.538338,
16917380547943,Lacc,2.065680,-0.700984,0.150776,
16917380547943,GameRo,0.424694,-0.481587,0.552926,0.531020
16917400429943,Lacc,1.753755,-0.986010,-0.116625,
16917400429943,GameRo,0.424666,-0.481660,0.552944,0.530957
16917417664943,pre,1003.925232,,,
16917432984943,pre,1003.919250,,,
16917448426943,pre,1003.929016,,,
16917420342693,Gyro,-0.892220,0.356648,-1.597269,
16917440286193,Gyro,-0.703985,0.344410,-1.618021,
16917420342693,Lacc,0.766226,-2.000176,-0.140687,
16917420342693,GameRo,0.425707,-0.474669,0.530730,0.558381
16917440286193,Lacc,-0.149560,-2.624680,-0.041202,
16917440286193,GameRo,0.425522,-0.474838,0.530879,0.558236
16917463746943,pre,1003.931274,,,
16917479157943,pre,1003.917786,,,
16917460214193,Gyro,-0.476773,0.320199,-1.606315,
16917480126693,Gyro,-0.251157,0.299579,-1.558425,
16917460214193,Lacc,-0.577290,-3.876502,-0.276680,
16917460214193,GameRo,0.428961,-0.464641,0.509052,0.583924
16917480126693,Lacc,-0.726257,-4.434358,-0.501297,
16917480126693,GameRo,0.428666,-0.464956,0.509300,0.583673
16917494324943,pre,1003.926025,,,
16917517457943,pre,1003.923767,,,
16917500039443,Gyro,-0.095248,0.284547,-1.454530,
16917519952443,Gyro,-0.046959,0.273240,-1.306203,
16917500039443,Lacc,-0.656474,-5.249525,-0.759971,
16917500039443,GameRo,0.436654,-0.450888,0.491599,0.603626
16917519952443,Lacc,-0.869969,-5.586967,-0.636391,
16917519952443,GameRo,0.436293,-0.451283,0.491917,0.603333
16917532685943,pre,1003.929016,,,
16917548127943,pre,1003.916992,,,
16917563447943,pre,1003.923767,,,
16917539865193,Gyro,-0.048422,0.269116,-1.106262,
16917559777693,Gyro,-0.191960,0.264194,-0.871334,
16917539865193,Lacc,-1.003544,-6.386465,-0.628845,
16917539865193,GameRo,0.444157,-0.437473,0.478612,0.618282
16917559777693,Lacc,-1.199271,-6.454448,-0.697389,
16917559777693,GameRo,0.443739,-0.437929,0.478992,0.617965
16917578797943,pre,1003.927490,,,
16917594117943,pre,1003.924500,,,
16917609437943,pre,1003.925232,,,
16917579667443,Gyro,-0.378731,0.228941,-0.626430,
16917599534443,Gyro,-0.445112,0.158969,-0.373144,
16917579667443,Lacc,-1.253950,-6.910472,-1.102127,
16917579667443,GameRo,0.445743,-0.429500,0.469355,0.629721
16917599534443,Lacc,-1.216422,-7.248754,-1.196940,
16917599534443,GameRo,0.445313,-0.430032,0.469759,0.629361
16917624787943,pre,1003.925232,,,
16917640107943,pre,1003.933533,,,
16917619447193,Gyro,-0.352259,0.074363,-0.127042,
16917639405693,Gyro,-0.141276,-0.017693,0.108817,
16917619447193,Lacc,-1.073282,-7.630024,-1.193220,
16917619447193,GameRo,0.440970,-0.429533,0.463303,0.637493
16917639405693,Lacc,-0.648502,-7.826396,-1.091200,
16917639405693,GameRo,0.440522,-0.430069,0.463720,0.637138
16917655427943,pre,1003.923035,,,
16917670777943,pre,1003.916260,,,
16917686097943,pre,1003.919250,,,
16917659341443,Gyro,0.069042,-0.105225,0.342148,
16917679254443,Gyro,0.241712,-0.203932,0.567365,
16917659341443,Lacc,-0.241935,-7.890640,-1.060368,
16917659341443,GameRo,0.437536,-0.433210,0.464382,0.636585
16917679254443,Lacc,0.308814,-7.993144,-1.336051,
16917679254443,GameRo,0.437128,-0.433750,0.464765,0.636218
16917701417943,pre,1003.918518,,,
16917716767943,pre,1003.909485,,,
16917699167193,Gyro,0.375538,-0.286543,0.784334,
16917719079693,Gyro,0.496461,-0.344277,1.002101,
16917732056943,pre,1003.920776,,,
16917699167193,Lacc,0.728139,-7.753616,-1.331265,
16917699167193,GameRo,0.436766,-0.439618,0.472814,0.626433
16917719079693,Lacc,0.876309,-7.708098,-1.058810,
16917719079693,GameRo,0.436378,-0.440116,0.473171,0.626084
16917747407943,pre,1003.918518,,,
16917762757943,pre,1003.914734,,,
16917738999943,Gyro,0.574549,-0.383387,1.218671,
16917758927943,Gyro,0.535305,-0.409993,1.440695,
16917738999943,Lacc,1.320489,-7.234693,-0.885108,
16917738999943,GameRo,0.436496,-0.448880,0.487415,0.608609
16917758927943,Lacc,2.049609,-7.357152,-0.571756,
16917758927943,GameRo,0.436142,-0.449310,0.487731,0.608291
16917778077943,pre,1003.900513,,,
16917793397943,pre,1003.900513,,,
16917809540943,pre,1003.904236,,,
16917778817693,Gyro,0.510961,-0.419305,1.658595,
16917798669193,Gyro,0.484755,-0.437929,1.868247,
16917778817693,Lacc,3.134819,-6.838698,-0.457394,
16917778817693,GameRo,0.433150,-0.461838,0.506638,0.585153
16917798669193,Lacc,4.344998,-6.639363,-0.561128,
16917798669193,GameRo,0.432893,-0.462198,0.506859,0.584868
16917824067943,pre,1003.905762,,,
16917839295943,pre,1003.898254,,,
16917818551443,Gyro,0.384717,-0.475709,2.116079,
16917838464443,Gyro,0.266854,-0.507502,2.397965,
16917818551443,Lacc,5.392167,-5.944861,-0.245268,
16917818551443,GameRo,0.425009,-0.478691,0.529071,0.557051
16917838464443,Lacc,6.467124,-5.816540,-0.091650,
16917838464443,GameRo,0.424822,-0.478954,0.529219,0.556827
16917854615943,pre,1003.892273,,,
16917870057943,pre,1003.899780,,,
16917885407943,pre,1003.905029,,,
16917858407693,Gyro,0.064120,-0.532512,2.705926,
16917878381193,Gyro,-0.259538,-0.632948,3.063372,
16917858407693,Lacc,5.090363,-4.040640,0.136798,
16917858407693,GameRo,0.409260,-0.501984,0.553556,0.523540
16917878381193,Lacc,3.680323,-3.300161,0.088770,
16917878381193,GameRo,0.409136,-0.502135,0.553644,0.523400
16917908387943,pre,1003.888489,,,
16917923737943,pre,1003.914001,,,
16917898324443,Gyro,-0.349332,-0.738838,3.410842,
16917918237443,Gyro,-0.157372,-0.793114,3.592159,
16917898324443,Lacc,4.168434,-1.645961,0.263906,
16917898324443,GameRo,0.381924,-0.535781,0.577080,0.483789
16917918237443,Lacc,5.211873,-0.996542,0.182825,
16917918237443,GameRo,0.381960,-0.535796,0.577045,0.483785
16917939088943,pre,1003.901245,,,
16917954438943,pre,1003.908020,,,
16917938150193,Gyro,0.320997,-0.772628,3.568480,
16917958062693,Gyro,0.831426,-0.689751,3.390887,
16917938150193,Lacc,5.880944,0.822316,0.341287,
16917938150193,GameRo,0.350641,-0.570483,0.602729,0.433955
16917958062693,Lacc,5.018832,1.269829,0.044452,
16917969666943,pre,1003.898987,,,
16917958062693,GameRo,0.350828,-0.570398,0.602602,0.434093
16917985108943,pre,1003.902039,,,
16918000458943,pre,1003.902771,,,
16917977975443,Gyro,1.156680,-0.590911,3.135873,
16917997888443,Gyro,1.284121,-0.503911,2.867289,
16917977975443,Lacc,4.122621,3.270021,-0.117276,
16917977975443,GameRo,0.327278,-0.588165,0.634943,0.379207
16917997888443,Lacc,2.863449,4.299200,-0.212860,
16917997888443,GameRo,0.327660,-0.587975,0.634728,0.379532
16918015778943,pre,1003.901245,,,
16918031006943,pre,1003.902771,,,
16918046479943,pre,1003.899780,,,
16918017801193,Gyro,1.254855,-0.445644,2.627705,
16918037713693,Gyro,1.100941,-0.390438,2.420447,
16918017801193,Lacc,2.704127,5.746838,-0.292473,
16918017801193,GameRo,0.310147,-0.592670,0.666572,0.328987
16918037713693,Lacc,2.316063,6.026235,-0.094591,
16918037713693,GameRo,0.310653,-0.592396,0.666349,0.329455
16918061799943,pre,1003.911011,,,
16918077149943,pre,1003.908752,,,
16918057626193,Gyro,0.875192,-0.314745,2.216382,
16918077538693,Gyro,0.639865,-0.236657,1.984381,
16918057626193,Lacc,2.428993,7.155514,-0.267018,
16918057626193,GameRo,0.294712,-0.594231,0.691389,0.286383
16918077538693,Lacc,1.672459,7.787687,-0.434623,
16918077538693,GameRo,0.295361,-0.593905,0.691146,0.286978
16918092377943,pre,1003.910278,,,
16918107819943,pre,1003.914001,,,
16918123170943,pre,1003.912537,,,
16918097451443,Gyro,0.456287,-0.178125,1.745595,
16918117364443,Gyro,0.337758,-0.138615,1.483929,
16918097451443,Lacc,1.492574,8.302306,-0.826470,
16918097451443,GameRo,0.279363,-0.597363,0.707608,0.253779
16918117364443,Lacc,0.913835,8.228601,-0.914740,
16918117364443,GameRo,0.280084,-0.597057,0.707353,0.254417
16918138489943,pre,1003.914734,,,
16918153840943,pre,1003.918518,,,
16918137277193,Gyro,0.206726,-0.098574,1.145772,
16918157189693,Gyro,0.061326,-0.076757,0.772761,
16918137277193,Lacc,0.800346,9.119278,-0.903722,
16918137277193,GameRo,0.266968,-0.600670,0.717299,0.231097
16918157189693,Lacc,0.128933,9.239235,-0.903372,
16918157189693,GameRo,0.267761,-0.600313,0.717069,0.231819
16918169068943,pre,1003.921509,,,
16918184510943,pre,1003.911743,,,
16918199860943,pre,1003.914001,,,
16918177102443,Gyro,-0.010110,-0.069707,0.400149,
16918197015443,Gyro,-0.005986,-0.079950,0.031395,
16918177102443,Lacc,-0.016746,8.876793,-0.909769,
16918177102443,GameRo,0.260931,-0.603380,0.720552,0.220572
16918197015443,Lacc,-0.341234,8.244061,-0.929800,
16918197015443,GameRo,0.261678,-0.603064,0.720339,0.221247
16918215180943,pre,1003.914734,,,
16918230408943,pre,1003.914734,,,
16918245850943,pre,1003.903503,,,
16918216905443,Gyro,0.050019,-0.102831,-0.300112,
16918236772443,Gyro,0.191294,-0.120790,-0.599425,
16918216905443,Lacc,-0.444934,7.516081,-0.848125,
16918216905443,GameRo,0.263373,-0.603250,0.719711,0.220770
16918236772443,Lacc,0.217582,6.874999,-0.786802,
16918236772443,GameRo,0.264001,-0.602992,0.719525,0.221333
16918261170943,pre,1003.918518,,,
16918284180943,pre,1003.919983,,,
16918256685193,Gyro,0.221758,-0.104959,-0.883706,
16918276643693,Gyro,0.076092,-0.069973,-1.180359,
16918256685193,Lacc,1.315146,6.397955,-0.761041,
16918256685193,GameRo,0.274491,-0.597352,0.718116,0.228330
16918276643693,Lacc,2.752390,6.032594,-0.717975,
16918276643693,GameRo,0.275076,-0.597123,0.717920,0.228841
16918299500943,pre,1003.927490,,,
16918314850943,pre,1003.919250,,,
16918296579193,Gyro,-0.175464,-0.027271,-1.516787,
16918316491693,Gyro,-0.459213,0.054675,-1.910284,
16918296579193,Lacc,4.131921,5.241925,-0.565568,
16918296579193,GameRo,0.291126,-0.589506,0.712414,0.245346
16918316491693,Lacc,5.956301,4.513820,-0.323176,
16918316491693,GameRo,0.291629,-0.589296,0.712231,0.245786
16918330109943,pre,1003.917786,,,
16918345521943,pre,1003.926025,,,
16918360871943,pre,1003.921509,,,
16918336404443,Gyro,-0.601952,0.157771,-2.336905,
16918356317443,Gyro,-0.638801,0.259804,-2.734793,
16918336404443,Lacc,6.415077,3.096323,0.081780,
16918336404443,GameRo,0.311411,-0.583599,0.696999,0.276819
16918356317443,Lacc,7.450717,2.492347,0.165376,
16918356317443,GameRo,0.311791,-0.583420,0.696845,0.277155
16918376099943,pre,1003.925232,,,
16918391541943,pre,1003.930481,,,
16918376230193,Gyro,-0.646916,0.367956,-3.105941,
16918396142693,Gyro,-0.596631,0.478901,-3.389025,
16918407410943,pre,1003.926758,,,
16918376230193,Lacc,8.293935,1.427885,0.022717,
16918376230193,GameRo,0.336427,-0.572662,0.674512,0.322348
16918396142693,Lacc,7.713807,1.131280,0.200481,
16918396142693,GameRo,0.336706,-0.572531,0.674372,0.322584
16918423127943,pre,1003.924500,,,
16918437531943,pre,1003.925232,,,
16918416055193,Gyro,-0.588117,0.530250,-3.528306,
16918435967693,Gyro,-0.666072,0.559250,-3.522718,
16918416055193,Lacc,5.428749,-0.168278,0.482431,
16918416055193,GameRo,0.364484,-0.553305,0.647233,0.376954
16918435967693,Lacc,3.810019,-0.306617,0.737575,
16918435967693,GameRo,0.364557,-0.553232,0.647204,0.377041
16918452881943,pre,1003.926025,,,
16918468201943,pre,1003.923767,,,
16918483552943,pre,1003.926025,,,
16918455880443,Gyro,-0.799499,0.553796,-3.390356,
16918475793443,Gyro,-0.780476,0.589049,-3.275286,
16918455880443,Lacc,3.508125,-1.431209,0.477377,
16918455880443,GameRo,0.389998,-0.530836,0.615795,0.432333
16918475793443,Lacc,5.185448,-1.627916,0.235210,
16918475793443,GameRo,0.390022,-0.530857,0.615769,0.432322
16918491212943,pre,1003.920776,,,
16918506562943,pre,1003.917786,,,
16918521912943,pre,1003.914734,,,
16918495706193,Gyro,-0.566700,0.680040,-3.164740,
16918515618693,Gyro,-0.431144,0.756930,-3.014684,
16918495706193,Lacc,5.277415,-3.354650,0.123836,
16918495706193,GameRo,0.409719,-0.508639,0.582860,0.483416
16918515618693,Lacc,4.099980,-3.541441,-0.167748,
16918515618693,GameRo,0.409618,-0.508794,0.582919,0.483267
16918537232943,pre,1003.918518,,,
16918552582943,pre,1003.920776,,,
16918535531443,Gyro,-0.569627,0.758260,-2.787472,
16918555444443,Gyro,-1.016734,0.702655,-2.461553,
16918535531443,Lacc,2.295315,-4.396643,-1.093037,
16918535531443,GameRo,0.426022,-0.481551,0.554707,0.528123
16918555444443,Lacc,0.705705,-3.721244,-1.501660,
16918555444443,GameRo,0.425880,-0.481871,0.554804,0.527844
16918567811943,pre,1003.914001,,,
16918583253943,pre,1003.905762,,,
16918598572943,pre,1003.916260,,,
16918575357193,Gyro,-1.493241,0.623370,-2.099184,
16918595269693,Gyro,-1.716595,0.568429,-1.760229,
16918575357193,Lacc,-0.660990,-4.313279,-1.558450,
16918575357193,GameRo,0.429652,-0.464903,0.524636,0.569228
16918595269693,Lacc,-1.565936,-4.457846,-1.090081,
16918595269693,GameRo,0.429353,-0.465291,0.524881,0.568911
16918613892943,pre,1003.918518,,,
16918630311943,pre,1003.902039,,,
16918615182443,Gyro,-1.755306,0.530649,-1.479140,
16918635095443,Gyro,-1.566540,0.512824,-1.259777,
16918615182443,Lacc,-2.037469,-5.299461,-1.370851,
16918615182443,GameRo,0.419093,-0.461870,0.493694,0.606055
16918635095443,Lacc,-2.349334,-5.895068,-1.758654,
16918635095443,GameRo,0.418699,-0.462398,0.494031,0.605651
16918652222943,pre,1003.911011,,,
16918667542943,pre,1003.903503,,,
16918682892943,pre,1003.914001,,,
16918655008193,Gyro,-1.223992,0.503379,-1.100542,
16918674920693,Gyro,-0.887431,0.486617,-0.996381,
16918655008193,Lacc,-2.349145,-6.476194,-2.524443,
16918655008193,GameRo,0.405780,-0.461272,0.468923,0.634572
16918674920693,Lacc,-2.309057,-6.617541,-2.968197,
16918674920693,GameRo,0.405409,-0.461919,0.469254,0.634094
16918698212943,pre,1003.914734,,,
16918713563943,pre,1003.900513,,,
16918694833443,Gyro,-0.674187,0.442319,-0.904724,
16918714746443,Gyro,-0.465998,0.359309,-0.794577,
16918694833443,Lacc,-2.421511,-7.061924,-3.334660,
16918694833443,GameRo,0.398313,-0.456603,0.452753,0.654121
16918714746443,Lacc,-2.630624,-7.404639,-3.129796,
16918714746443,GameRo,0.397877,-0.457293,0.453142,0.653636
16918728791943,pre,1003.900513,,,
16918744233943,pre,1003.903503,,,
16918759553943,pre,1003.911011,,,
16918734659193,Gyro,-0.240382,0.249428,-0.608205,
16918754571693,Gyro,-0.090459,0.099372,-0.322992,
16918734659193,Lacc,-2.702405,-8.055017,-3.047920,
16918734659193,GameRo,0.395409,-0.451192,0.442014,0.666859
16918754571693,Lacc,-2.778064,-8.184936,-3.105520,
16918754571693,GameRo,0.394913,-0.451901,0.442454,0.666381
16918774872943,pre,1003.902771,,,
16918790223943,pre,1003.903503,,,
16918774484193,Gyro,-0.001330,-0.083808,0.012638,
16918794396693,Gyro,0.114803,-0.289469,0.362236,
16918806336943,pre,1003.908752,,,
16918774484193,Lacc,-2.662238,-8.184024,-3.372180,
16918774484193,GameRo,0.395268,-0.449823,0.438795,0.669986
16918794396693,Lacc,-2.411959,-8.055821,-3.375913,
16918794396693,GameRo,0.394811,-0.450546,0.439210,0.669498
16918820862943,pre,1003.907288,,,
16918836182943,pre,1003.900513,,,
16918814339943,Gyro,0.295056,-0.468126,0.682567,
16918834313943,Gyro,0.500984,-0.611264,0.981881,
16918814339943,Lacc,-1.843043,-7.960028,-2.907044,
16918814339943,GameRo,0.395244,-0.457043,0.443491,0.661975
16918834313943,Lacc,-0.810030,-8.227721,-2.480087,
16918834313943,GameRo,0.394792,-0.457667,0.443890,0.661545
16918851502943,pre,1003.898254,,,
16918866822943,pre,1003.896729,,,
16918882172943,pre,1003.880981,,,
16918854226693,Gyro,0.637604,-0.707444,1.262836,
16918874078193,Gyro,0.688687,-0.783403,1.521044,
16918854226693,Lacc,0.465312,-8.034276,-2.093150,
16918854226693,GameRo,0.397246,-0.469639,0.457108,0.642407
16918874078193,Lacc,2.004516,-8.150008,-2.095127,
16918874078193,GameRo,0.396885,-0.470176,0.457424,0.642013
16918897492943,pre,1003.886230,,,
16918912842943,pre,1003.869751,,,
16918893960443,Gyro,0.788591,-0.838609,1.794816,
16918913873443,Gyro,0.787793,-0.887298,2.091069,
16918893960443,Lacc,3.429660,-7.622441,-1.734596,
16918893960443,GameRo,0.398052,-0.486084,0.477374,0.614322
16918913873443,Lacc,4.771254,-7.134601,-1.710164,
16918913873443,GameRo,0.397801,-0.486506,0.477584,0.613987
16918928040943,pre,1003.887024,,,
16918943482943,pre,1003.886230,,,
16918958832943,pre,1003.893738,,,
16918933786193,Gyro,0.724338,-0.957404,2.400094,
16918953698693,Gyro,0.754403,-0.969509,2.665618,
16918933786193,Lacc,7.216226,-6.351411,-1.156435,
16918933786193,GameRo,0.394802,-0.506495,0.503461,0.578032
16918953698693,Lacc,9.030682,-6.435062,-0.794394,
16918953698693,GameRo,0.394642,-0.506774,0.503582,0.577792
16918981843943,pre,1003.887756,,,
16918997193943,pre,1003.885498,,,
16918973611443,Gyro,0.818921,-0.957005,2.920633,
16918993524443,Gyro,0.813334,-0.965651,3.231653,
16918973611443,Lacc,8.325562,-5.297785,0.053806,
16918973611443,GameRo,0.385132,-0.530778,0.533655,0.534004
16918993524443,Lacc,6.544876,-4.363005,0.349822,
16918993524443,GameRo,0.385003,-0.530918,0.533747,0.533866
16919012513943,pre,1003.884033,,,
16919027863943,pre,1003.883240,,,
16919043030943,pre,1003.894531,,,
16919013414193,Gyro,0.588517,-0.987601,3.549989,
16919033280693,Gyro,0.379529,-0.999707,3.742481,
16919013414193,Lacc,6.203392,-1.575087,0.673821,
16919013414193,GameRo,0.368440,-0.556471,0.567868,0.481785
16919033280693,Lacc,7.100201,-0.670566,0.784436,
16919033280693,GameRo,0.368503,-0.556428,0.567824,0.481839
16919058472943,pre,1003.898987,,,
16919073792943,pre,1003.892273,,,
16919053193193,Gyro,0.614856,-0.937848,3.694591,
16919073151693,Gyro,1.077262,-0.782472,3.539347,
16919053193193,Lacc,8.799616,0.858671,1.078419,
16919053193193,GameRo,0.341595,-0.586724,0.599060,0.424494
16919073151693,Lacc,8.486629,1.237545,0.608714,
16919073151693,GameRo,0.341811,-0.586596,0.598926,0.424686
16919089112943,pre,1003.898987,,,
16919104462943,pre,1003.899780,,,
16919119813943,pre,1003.890747,,,
16919093087443,Gyro,1.528759,-0.640930,3.349516,
16919113000443,Gyro,1.800403,-0.467461,3.090510,
16919093087443,Lacc,7.682890,2.859993,0.501851,
16919093087443,GameRo,0.318291,-0.602243,0.634558,0.365145
16919113000443,Lacc,5.779500,4.725329,0.392106,
16919113000443,GameRo,0.318708,-0.602006,0.634346,0.365539
16919135132943,pre,1003.898987,,,
16919150483943,pre,1003.897522,,,
16919132913193,Gyro,1.705155,-0.322460,2.828844,
16919152825693,Gyro,1.306869,-0.253685,2.623182,
16919132913193,Lacc,4.178785,7.465113,-0.152457,
16919132913193,GameRo,0.300373,-0.600455,0.673354,0.309555
16919152825693,Lacc,2.311629,8.044155,-0.438635,
16919152825693,GameRo,0.301038,-0.600135,0.673065,0.310159
16919165711943,pre,1003.895996,,,
16919181153943,pre,1003.903503,,,
16919196503943,pre,1003.900513,,,
16919172738443,Gyro,0.937050,-0.217767,2.394241,
16919192651443,Gyro,0.698930,-0.181184,2.080028,
16919172738443,Lacc,1.952431,8.951597,-0.799137,
16919172738443,GameRo,0.281608,-0.598567,0.701705,0.264620
16919192651443,Lacc,1.236730,9.181150,-1.004349,
16919192651443,GameRo,0.282394,-0.598236,0.701410,0.265313
16919211823943,pre,1003.908752,,,
16919227173943,pre,1003.902771,,,
16919212541443,Gyro,0.623503,-0.172404,1.728169,
16919232408443,Gyro,0.685494,-0.192093,1.377640,
16919243317943,pre,1003.906494,,,
16919212541443,Lacc,0.976321,9.798564,-1.370963,
16919212541443,GameRo,0.264666,-0.600210,0.718577,0.230970
16919232408443,Lacc,0.329733,9.476068,-1.553033,
16919232408443,GameRo,0.265526,-0.599919,0.718269,0.231698
16919257844943,pre,1003.902039,,,
16919273163943,pre,1003.908020,,,
16919252321193,Gyro,0.790586,-0.225616,1.024184,
16919272279693,Gyro,0.767173,-0.258474,0.688820,
16919252321193,Lacc,0.367869,9.595887,-1.753027,
16919252321193,GameRo,0.256075,-0.597550,0.731070,0.207113
16919272279693,Lacc,0.128900,9.690220,-1.738572,
16919272279693,GameRo,0.256968,-0.597260,0.730781,0.207864
16919288392943,pre,1003.906494,,,
16919311494943,pre,1003.908752,,,
16919292215193,Gyro,0.593838,-0.278428,0.363566,
16919312127693,Gyro,0.396823,-0.279226,0.026207,
16919292215193,Lacc,0.025005,9.924533,-1.832981,
16919292215193,GameRo,0.256795,-0.590283,0.740798,0.191938
16919312127693,Lacc,-0.074602,9.711164,-1.729223,
16919312127693,GameRo,0.257692,-0.589961,0.740546,0.192700
16919326752943,pre,1003.912537,,,
16919342164943,pre,1003.908020,,,
16919357514943,pre,1003.907288,,,
16919332040443,Gyro,0.208455,-0.278694,-0.318602,
16919351953443,Gyro,0.101367,-0.292662,-0.663012,
16919332040443,Lacc,-0.104051,9.001709,-1.574707,
16919332040443,GameRo,0.264081,-0.585032,0.743373,0.188136
16919351953443,Lacc,-0.361273,8.103729,-1.202352,
16919351953443,GameRo,0.264849,-0.584690,0.743196,0.188819
16919372834943,pre,1003.914001,,,
16919388184943,pre,1003.914001,,,
16919371866193,Gyro,0.035385,-0.305300,-0.973367,
16919391778693,Gyro,-0.052679,-0.288538,-1.255121,
16919371866193,Lacc,-0.265812,7.091644,-0.903730,
16919371866193,GameRo,0.278089,-0.580393,0.739967,0.195600
16919391778693,Lacc,1.179053,6.398067,-0.838744,
16919403412943,pre,1003.912537,,,
16919391778693,GameRo,0.278701,-0.580118,0.739809,0.196143
16919418854943,pre,1003.912537,,,
16919434083943,pre,1003.906494,,,
16919411698943,Gyro,-0.157638,-0.238386,-1.551241,
16919431626943,Gyro,-0.272974,-0.182515,-1.908023,
16919411698943,Lacc,2.859023,5.504700,-0.820627,
16919411698943,GameRo,0.297905,-0.574542,0.732143,0.212417
16919431626943,Lacc,5.250833,4.932441,-0.727008,
16919431626943,GameRo,0.298461,-0.574321,0.731953,0.212888
16919449494943,pre,1003.925232,,,
16919464844943,pre,1003.918518,,,
16919480195943,pre,1003.929016,,,
16919451539693,Gyro,-0.329777,-0.106289,-2.335309,
16919471437193,Gyro,-0.342414,-0.013702,-2.780288,
16919451539693,Lacc,6.765626,3.700598,-0.460759,
16919451539693,GameRo,0.322276,-0.566874,0.718833,0.240980
16919471437193,Lacc,8.093067,3.021650,-0.402658,
16919471437193,GameRo,0.322729,-0.566689,0.718649,0.241358
16919495515943,pre,1003.933533,,,
16919510865943,pre,1003.930481,,,
16919491342193,Gyro,-0.392832,0.038977,-3.191079,
16919511254693,Gyro,-0.430080,0.138881,-3.574333,
16919491342193,Lacc,9.400745,1.621882,-0.108148,
16919491342193,GameRo,0.352752,-0.552652,0.699863,0.283432
16919511254693,Lacc,11.114012,1.012201,0.067282,
16919511254693,GameRo,0.353093,-0.552502,0.699697,0.283709
16919526063943,pre,1003.926758,,,
16919541504943,pre,1003.934265,,,
16919556824943,pre,1003.932739,,,
16919531174943,Gyro,-0.400282,0.276033,-3.849569,
16919551102943,Gyro,-0.525993,0.346006,-3.937899,
16919531174943,Lacc,9.059562,-0.529775,0.485029,
16919531174943,GameRo,0.387405,-0.530803,0.673919,0.337636
16919551102943,Lacc,6.504959,-0.697432,0.910949,
16919551102943,GameRo,0.387520,-0.530714,0.673866,0.337752
16919572144943,pre,1003.924500,,,
16919587494943,pre,1003.936523,,,
16919571023443,Gyro,-0.848454,0.344277,-3.813651,
16919590936443,Gyro,-1.086840,0.375006,-3.568613,
16919571023443,Lacc,5.207145,-2.143335,0.776477,
16919571023443,GameRo,0.419370,-0.503768,0.642250,0.397319
16919590936443,Lacc,5.410400,-2.320442,0.718975,
16919590936443,GameRo,0.419351,-0.503793,0.642258,0.397293
16919602753943,pre,1003.923767,,,
16919618134943,pre,1003.926025,,,
16919633454943,pre,1003.918518,,,
16919610849193,Gyro,-1.136992,0.438328,-3.236575,
16919630761693,Gyro,-1.212152,0.487548,-2.857711,
16919648652943,pre,1003.906494,,,
16919610849193,Lacc,4.491258,-3.531979,0.661040,
16919610849193,GameRo,0.440175,-0.483743,0.604886,0.454259
16919630761693,Lacc,3.411712,-3.101865,0.183479,
16919630761693,GameRo,0.440067,-0.483880,0.604957,0.454125
16919664094943,pre,1003.914001,,,
16919650674443,Gyro,-1.341323,0.502713,-2.435879,
16919670587443,Gyro,-1.510535,0.473314,-1.994624,
16919650674443,Lacc,1.801683,-3.843730,-0.554974,
16919650674443,GameRo,0.449325,-0.468654,0.570932,0.502501
16919670587443,Lacc,0.298038,-3.482848,-0.952979,
16919670587443,GameRo,0.449162,-0.468943,0.571051,0.502242
16919687073943,pre,1003.923767,,,
16919702424943,pre,1003.917786,,,
16919717744943,pre,1003.919250,,,
16919690469693,Gyro,-1.749985,0.437796,-1.609109,
16919710321193,Gyro,-1.997285,0.421433,-1.332676,
16919690469693,Lacc,-0.853027,-3.883409,-1.100437,
16919690469693,GameRo,0.446073,-0.463628,0.540852,0.541801
16919710321193,Lacc,-1.934391,-3.958265,-1.051346,
16919710321193,GameRo,0.445799,-0.464006,0.541077,0.541478
16919733063943,pre,1003.909485,,,
16919740754943,pre,1003.918518,,,
16919756074943,pre,1003.916260,,,
16919730233693,Gyro,-2.010720,0.419172,-1.171180,
16919750207193,Gyro,-1.717926,0.443117,-1.112115,
16919730233693,Lacc,-2.805145,-4.785754,-1.181233,
16919730233693,GameRo,0.431130,-0.469033,0.512050,0.576142
16919750207193,Lacc,-3.590594,-5.326386,-1.174416,
16919750207193,GameRo,0.430674,-0.469532,0.512433,0.575735
16919771424943,pre,1003.909485,,,
16919786744943,pre,1003.908020,,,
16919770150443,Gyro,-1.268157,0.471718,-1.115840,
16919790063443,Gyro,-0.849917,0.487016,-1.146437,
16919802949943,pre,1003.907288,,,
16919770150443,Lacc,-3.859289,-6.036753,-1.650242,
16919770150443,GameRo,0.416238,-0.472404,0.487546,0.604880
16919790063443,Lacc,-3.593667,-6.481350,-2.100374,
16919790063443,GameRo,0.415765,-0.473021,0.487950,0.604397
16919817292943,pre,1003.898987,,,
16919832612943,pre,1003.898987,,,
16919809976193,Gyro,-0.448438,0.484089,-1.168918,
16919829888693,Gyro,-0.007716,0.440722,-1.125551,
16919809976193,Lacc,-3.120344,-7.288579,-2.678174,
16919809976193,GameRo,0.411306,-0.466193,0.470581,0.626135
16919829888693,Lacc,-3.091339,-7.694596,-2.791742,
16919829888693,GameRo,0.410833,-0.466884,0.470998,0.625617
16919847962943,pre,1003.905762,,,
16919863373943,pre,1003.910278,,,
16919878724943,pre,1003.890747,,,
16919849770943,Gyro,0.303703,0.343479,-0.939711,
16919869622943,Gyro,0.404805,0.197015,-0.622971,
16919849770943,Lacc,-3.072875,-8.481506,-2.867395,
16919849770943,GameRo,0.416569,-0.452967,0.461056,0.639311
16919869622943,Lacc,-3.008226,-8.370739,-2.884633,
16919869622943,GameRo,0.416072,-0.453692,0.461508,0.638794
16919894044943,pre,1003.905762,,,
16919909394943,pre,1003.902771,,,
16919889535693,Gyro,0.378465,0.014367,-0.212047,
16919909509193,Gyro,0.322194,-0.157372,0.244107,
16919889535693,Lacc,-2.382311,-8.436947,-2.764784,
16919889535693,GameRo,0.424411,-0.443357,0.459524,0.641987
16919909509193,Lacc,-1.352195,-8.352695,-2.201155,
16919909509193,GameRo,0.423942,-0.444011,0.459957,0.641535
16919924714943,pre,1003.894531,,,
16919940064943,pre,1003.896729,,,
16919955384943,pre,1003.895264,,,
16919929452443,Gyro,0.280024,-0.294258,0.681237,
16919949365443,Gyro,0.275102,-0.420635,1.085643,
16919929452443,Lacc,-0.020025,-8.292182,-1.652999,
16919929452443,GameRo,0.426719,-0.446074,0.465254,0.634403
16919949365443,Lacc,1.029690,-8.706871,-1.561452,
16919949365443,GameRo,0.426289,-0.446652,0.465648,0.633997
16919970734943,pre,1003.893738,,,
16919986054943,pre,1003.886230,,,
16919969278193,Gyro,0.294258,-0.534241,1.490580,
16919989190693,Gyro,0.276433,-0.624567,1.864656,
16919969278193,Lacc,2.018363,-8.547289,-1.383676,
16919969278193,GameRo,0.423332,-0.459349,0.478754,0.616914
16919989190693,Lacc,3.549128,-8.287829,-1.387741,
16919989190693,GameRo,0.422991,-0.459848,0.479059,0.616540
16920009034943,pre,1003.886230,,,
16920024384943,pre,1003.881775,,,
16920009103443,Gyro,0.281621,-0.694008,2.208134,
16920029016443,Gyro,0.253685,-0.809210,2.468204,
16920040772943,pre,1003.881775,,,
16920009103443,Lacc,4.768955,-7.197605,-0.936979,
16920009103443,GameRo,0.414469,-0.480895,0.499318,0.589608
16920029016443,Lacc,5.480168,-6.137476,-1.010702,
16920029016443,GameRo,0.414258,-0.481247,0.499493,0.589320
16920055054943,pre,1003.880981,,,
16920070374943,pre,1003.872009,,,
16920048929193,Gyro,0.081413,-0.949422,2.645132,
16920068841693,Gyro,0.122120,-0.912839,2.754215,
16920048929193,Lacc,7.852767,-4.944824,-0.245450,
16920048929193,GameRo,0.400720,-0.508593,0.523470,0.553838
16920068841693,Lacc,8.088478,-5.431376,0.245378,
16920068841693,GameRo,0.400560,-0.508797,0.523589,0.553654
16920085694943,pre,1003.882507,,,
16920101014943,pre,1003.879517,,,
16920116364943,pre,1003.884033,,,
16920088754193,Gyro,0.351859,-0.897674,2.902940,
16920108666693,Gyro,0.680306,-0.962459,3.035969,
16920088754193,Lacc,4.950911,-4.300468,0.534026,
16920088754193,GameRo,0.382689,-0.538941,0.547360,0.513312
16920108666693,Lacc,3.197868,-3.564990,0.107108,
16920108666693,GameRo,0.382538,-0.539082,0.547466,0.513164
16920131684943,pre,1003.881775,,,
16920147004943,pre,1003.887024,,,
16920128579443,Gyro,1.030037,-0.966050,3.153299,
16920148492443,Gyro,1.274144,-0.878651,3.203717,
16920128579443,Lacc,3.872416,-0.834737,0.099533,
16920128579443,GameRo,0.366615,-0.563165,0.577702,0.463356
16920148492443,Lacc,6.262590,0.087857,0.056485,
16920148492443,GameRo,0.366738,-0.563123,0.577607,0.463429
16920162232943,pre,1003.891479,,,
16920177674943,pre,1003.893005,,,
16920192994943,pre,1003.898987,,,
16920168405193,Gyro,1.583301,-0.673256,3.163676,
16920188317693,Gyro,1.770871,-0.419438,3.071221,
16920168405193,Lacc,8.311444,1.212260,0.261344,
16920168405193,GameRo,0.352070,-0.577812,0.613953,0.406499
16920188317693,Lacc,8.302052,1.281271,0.329252,
16920188317693,GameRo,0.352303,-0.577688,0.613807,0.406694
16920208314943,pre,1003.898987,,,
16920223664943,pre,1003.896729,,,
16920208230443,Gyro,1.841908,-0.172138,2.988344,
16920228143443,Gyro,1.595939,-0.054808,2.873009,
16920239472943,pre,1003.901245,,,
16920208230443,Lacc,6.874271,3.393945,-0.129190,
16920208230443,GameRo,0.335687,-0.579120,0.654586,0.351356
16920228143443,Lacc,4.578626,5.245321,-0.548288,
16920228143443,GameRo,0.336168,-0.578900,0.654320,0.351754
16920254304943,pre,1003.900513,,,
16920269623943,pre,1003.907288,,,
16920248056193,Gyro,1.077528,-0.044964,2.758206,
16920267968693,Gyro,0.589581,-0.076358,2.561989,
16920248056193,Lacc,3.575071,7.387211,-0.919503,
16920248056193,GameRo,0.314796,-0.576644,0.690311,0.303078
16920267968693,Lacc,2.339186,8.088649,-0.881282,
16920267968693,GameRo,0.315489,-0.576315,0.690007,0.303675
16920284943943,pre,1003.912537,,,
16920300294943,pre,1003.908752,,,
16920315613943,pre,1003.915527,,,
16920287881443,Gyro,0.302639,-0.112143,2.254029,
16920307794443,Gyro,0.238652,-0.166684,1.882348,
16920287881443,Lacc,1.718208,8.959096,-1.153997,
16920287881443,GameRo,0.291326,-0.583686,0.710266,0.264503
16920307794443,Lacc,0.516299,8.626316,-1.380291,
16920307794443,GameRo,0.292122,-0.583367,0.709952,0.265173
16920330842943,pre,1003.904236,,,
16920353821943,pre,1003.914734,,,
16920327707193,Gyro,0.475842,-0.225483,1.503085,
16920347619693,Gyro,0.813068,-0.269116,1.152290,
16920327707193,Lacc,0.119471,8.830582,-1.507869,
16920327707193,GameRo,0.274950,-0.590634,0.721021,0.235972
16920347619693,Lacc,-0.261137,8.894650,-1.537160,
16920347619693,GameRo,0.275799,-0.590325,0.720715,0.236687
16920369263943,pre,1003.914001,,,
16920384614943,pre,1003.918518,,,
16920393098943,pre,1003.906494,,,
16920367532193,Gyro,1.028441,-0.292396,0.817724,
16920387444693,Gyro,1.036821,-0.301575,0.491007,
16920367532193,Lacc,-0.091938,9.262003,-1.660372,
16920367532193,GameRo,0.271016,-0.585427,0.733651,0.213499
16920387444693,Lacc,-0.176961,9.281775,-1.573796,
16920387444693,GameRo,0.271891,-0.585084,0.733383,0.214246
16920415284943,pre,1003.911011,,,
16920430512943,pre,1003.916260,,,
16920407334443,Gyro,0.942771,-0.294923,0.170143,
16920427201443,Gyro,0.740834,-0.276699,-0.142872,
16920445832943,pre,1003.915527,,,
16920407334443,Lacc,0.080527,9.123631,-1.715873,
16920407334443,GameRo,0.276002,-0.573237,0.745412,0.198957
16920427201443,Lacc,-0.013992,8.779031,-1.595513,
16920427201443,GameRo,0.276846,-0.572883,0.745179,0.199677
16920461274943,pre,1003.918518,,,
16920476624943,pre,1003.914001,,,
16920447091443,Gyro,0.465066,-0.266189,-0.435667,
16920467004443,Gyro,0.197547,-0.245437,-0.719283,
16920447091443,Lacc,-0.285358,7.952198,-1.552319,
16920447091443,GameRo,0.286385,-0.561946,0.750957,0.195610
16920467004443,Lacc,0.020856,7.372408,-1.409842,
16920467004443,GameRo,0.287110,-0.561623,0.750761,0.196227
16920491974943,pre,1003.926025,,,
16920507325943,pre,1003.926025,,,
16920486940193,Gyro,-0.090060,-0.212712,-0.998243,
16920506898693,Gyro,-0.369419,-0.178524,-1.291703,
16920486940193,Lacc,0.844503,6.741518,-1.396435,
16920486940193,GameRo,0.300315,-0.555363,0.748147,0.204103
16920506898693,Lacc,2.313014,6.226468,-1.277239,
16920506898693,GameRo,0.300958,-0.555103,0.747939,0.204628
16920522645943,pre,1003.924500,,,
16920537995943,pre,1003.926025,,,
16920553345943,pre,1003.927490,,,
16920526834193,Gyro,-0.617251,-0.151918,-1.640636,
16920546746693,Gyro,-0.661948,-0.107088,-2.073377,
16920526834193,Lacc,4.032357,5.197851,-0.846409,
16920526834193,GameRo,0.317043,-0.553247,0.736722,0.225039
16920546746693,Lacc,5.868034,4.260403,-0.807191,
16920546746693,GameRo,0.317569,-0.553040,0.736521,0.225462
16920568696943,pre,1003.929749,,,
16920584046943,pre,1003.926758,,,
16920566659443,Gyro,-0.465066,-0.097111,-2.534984,
16920586572443,Gyro,-0.189831,-0.125046,-2.946440,
16920566659443,Lacc,6.389300,2.812979,-0.452469,
16920566659443,GameRo,0.339600,-0.549014,0.718367,0.259238
16920586572443,Lacc,7.504712,1.974997,0.006390,
16920586572443,GameRo,0.339971,-0.548843,0.718211,0.259546
16920599274943,pre,1003.934265,,,
16920614716943,pre,1003.935730,,,
16920630128943,pre,1003.929016,,,
16920606485193,Gyro,0.034188,-0.129702,-3.285130,
16920626397693,Gyro,0.146198,-0.012106,-3.519393,
16920606485193,Lacc,9.103984,0.446770,0.458643,
16920606485193,GameRo,0.372995,-0.530900,0.698639,0.301534
16920626397693,Lacc,9.114419,0.385698,0.581334,
16920626397693,GameRo,0.373250,-0.530764,0.698515,0.301747
16920645386943,pre,1003.935730,,,
16920660737943,pre,1003.924500,,,
16920676056943,pre,1003.934265,,,
16920646287443,Gyro,0.023014,0.094450,-3.616370,
16920666154443,Gyro,-0.432874,0.134092,-3.530434,
16920646287443,Lacc,5.948919,-0.458623,0.493941,
16920646287443,GameRo,0.410718,-0.501345,0.676918,0.348921
16920666154443,Lacc,3.671908,-0.316726,0.476465,
16920666154443,GameRo,0.410791,-0.501293,0.676878,0.348986
16920691407943,pre,1003.932739,,,
16920706727943,pre,1003.924500,,,
16920686067193,Gyro,-1.000106,0.110945,-3.273557,
16920706025693,Gyro,-1.363273,0.170941,-2.994331,
16920686067193,Lacc,3.550753,-1.590139,0.434324,
16920686067193,GameRo,0.439582,-0.476638,0.647471,0.400456
16920706025693,Lacc,5.729835,-1.938272,0.350108,
16920706025693,GameRo,0.439594,-0.476681,0.647452,0.400422
16920722077943,pre,1003.914001,,,
16920737427943,pre,1003.915527,,,
16920752747943,pre,1003.919250,,,
16920725961193,Gyro,-1.354892,0.333102,-2.711247,
16920745873693,Gyro,-1.372052,0.443250,-2.415924,
16920725961193,Lacc,5.458389,-3.299403,0.324313,
16920725961193,GameRo,0.453635,-0.465631,0.611204,0.451478
16920745873693,Lacc,3.854404,-3.098122,-0.244423,
16920745873693,GameRo,0.453557,-0.465798,0.611249,0.451324
16920775757943,pre,1003.918518,,,
16920791077943,pre,1003.921509,,,
16920765786443,Gyro,-1.565209,0.474112,-2.095859,
16920785699443,Gyro,-1.823550,0.421433,-1.735485,
16920765786443,Lacc,1.632710,-3.797894,-1.009762,
16920765786443,GameRo,0.456959,-0.456602,0.580076,0.496200
16920785699443,Lacc,-0.351963,-3.507152,-1.110259,
16920785699443,GameRo,0.456787,-0.456928,0.580202,0.495911
16920806397943,pre,1003.914734,,,
16920821747943,pre,1003.912537,,,
16920838441943,pre,1003.906494,,,
16920805612193,Gyro,-2.082024,0.353190,-1.399323,
16920825524693,Gyro,-2.215584,0.298914,-1.183551,
16920805612193,Lacc,-1.728903,-3.617941,-0.913382,
16920805612193,GameRo,0.448450,-0.458112,0.549917,0.535366
16920825524693,Lacc,-2.794577,-3.743650,-0.808846,
16920825524693,GameRo,0.448126,-0.458486,0.550181,0.535047
16920852387943,pre,1003.905029,,,
16920867737943,pre,1003.911743,,,
16920845422193,Gyro,-1.993028,0.281222,-1.096019,
16920865304693,Gyro,-1.446415,0.290134,-1.092693,
16920845422193,Lacc,-3.759920,-4.676313,-1.062790,
16920845422193,GameRo,0.431226,-0.468683,0.520039,0.569157
16920865304693,Lacc,-4.339255,-5.229435,-1.393290,
16920865304693,GameRo,0.430742,-0.469232,0.520440,0.568704
16920883057943,pre,1003.907288,,,
16920898377943,pre,1003.902039,,,
16920913727943,pre,1003.911743,,,
16920885194693,Gyro,-0.797504,0.301708,-1.140184,
16920905092193,Gyro,-0.313946,0.310355,-1.197253,
16920885194693,Lacc,-4.034745,-6.117889,-2.002025,
16920885194693,GameRo,0.421317,-0.471522,0.497419,0.593913
16920905092193,Lacc,-3.386520,-6.478297,-2.306680,
16920905092193,GameRo,0.420875,-0.472163,0.497798,0.593400
16920929047943,pre,1003.904236,,,
16920944367943,pre,1003.904236,,,
16920925020193,Gyro,0.136221,0.300644,-1.235965,
16920944978693,Gyro,0.419571,0.285611,-1.137657,
16920925020193,Lacc,-2.739236,-7.370447,-2.044495,
16920925020193,GameRo,0.425364,-0.461643,0.483885,0.609759
16920944978693,Lacc,-2.211448,-7.765032,-1.680810,
16920944978693,GameRo,0.424864,-0.462251,0.484323,0.609299
16920959595943,pre,1003.918518,,,
16920975159943,pre,1003.913269,,,
16920982697943,pre,1003.905762,,,
16920964914193,Gyro,0.440190,0.234130,-0.885701,
16920984826693,Gyro,0.344543,0.114936,-0.508168,
16920964914193,Lacc,-2.101031,-8.246738,-1.822695,
16920964914193,GameRo,0.436905,-0.445855,0.477253,0.618511
16920984826693,Lacc,-2.162449,-8.220591,-2.060047,
16920984826693,GameRo,0.436418,-0.446523,0.477703,0.618026
16920997956943,pre,1003.912537,,,
16921013367943,pre,1003.904236,,,
16921028718943,pre,1003.904236,,,
16921004739443,Gyro,0.205262,-0.050817,-0.019289,
16921024652443,Gyro,0.101500,-0.222157,0.483291,
16921004739443,Lacc,-2.304345,-8.452944,-1.859273,
16921004739443,GameRo,0.443266,-0.438544,0.476179,0.620039
16921024652443,Lacc,-2.013423,-8.528858,-1.315989,
16921024652443,GameRo,0.442726,-0.439172,0.476673,0.619600
16921044221943,pre,1003.902771,,,
16921067017943,pre,1003.904236,,,
16921044565193,Gyro,0.146996,-0.364896,0.927605,
16921064477693,Gyro,0.321795,-0.462805,1.287979,
16921076020943,pre,1003.904236,,,
16921044565193,Lacc,-1.104897,-8.644085,-0.846922,
16921044565193,GameRo,0.441232,-0.446029,0.482347,0.611321
16921064477693,Lacc,0.164853,-8.915130,-0.827726,
16921064477693,GameRo,0.440740,-0.446590,0.482791,0.610915
16921097687943,pre,1003.900513,,,
16921113007943,pre,1003.898254,,,
16921084367443,Gyro,0.628159,-0.509498,1.545920,
16921104234443,Gyro,0.832889,-0.517213,1.781114,
16921084367443,Lacc,1.634568,-8.694030,-0.673707,
16921084367443,GameRo,0.437226,-0.460687,0.497830,0.590565
16921104234443,Lacc,3.202956,-8.482626,-0.725105,
16921104234443,GameRo,0.436851,-0.461160,0.498160,0.590195
16921128327943,pre,1003.884033,,,
16921143647943,pre,1003.882507,,,
16921124154693,Gyro,0.865215,-0.528654,2.035597,
16921144128193,Gyro,0.782871,-0.558585,2.305777,
16921124154693,Lacc,4.622660,-7.387010,-0.726512,
16921124154693,GameRo,0.434651,-0.474628,0.522206,0.559561
16921144128193,Lacc,7.331647,-6.947606,-0.832424,
16921144128193,GameRo,0.434444,-0.474976,0.522375,0.559268
16921158875943,pre,1003.872009,,,
16921174317943,pre,1003.873535,,,
16921189667943,pre,1003.871277,,,
16921164071443,Gyro,0.671127,-0.529851,2.552411,
16921183984443,Gyro,0.508833,-0.493401,2.811018,
16921164071443,Lacc,9.131507,-5.873222,-0.400448,
16921164071443,GameRo,0.426259,-0.492786,0.550298,0.522147
16921183984443,Lacc,8.357170,-5.461844,-0.033427,
16921183984443,GameRo,0.426120,-0.493003,0.550398,0.521950
16921204987943,pre,1003.870483,,,
16921220307943,pre,1003.870483,,,
16921203897193,Gyro,0.224152,-0.506970,3.138400,
16921223809693,Gyro,-0.139014,-0.590778,3.490925,
16921235840943,pre,1003.876526,,,
16921203897193,Lacc,6.620607,-3.686257,0.164988,
16921203897193,GameRo,0.408020,-0.516228,0.579472,0.480876
16921223809693,Lacc,6.389535,-2.937041,0.005745,
16921223809693,GameRo,0.407980,-0.516330,0.579486,0.480782
16921250977943,pre,1003.877991,,,
16921266327943,pre,1003.880249,,,
16921243714693,Gyro,-0.336428,-0.661416,3.756582,
16921263612193,Gyro,-0.195152,-0.690150,3.831078,
16921243714693,Lacc,7.964526,-0.893593,0.049316,
16921243714693,GameRo,0.376639,-0.550794,0.605162,0.434221
16921263612193,Lacc,8.739689,-0.047382,-0.150543,
16921263612193,GameRo,0.376805,-0.550750,0.605035,0.434310
16921281647943,pre,1003.884033,,,
16921296967943,pre,1003.892273,,,
16921312317943,pre,1003.892273,,,
16921283502193,Gyro,0.309557,-0.636407,3.697517,
16921303384693,Gyro,0.975229,-0.559649,3.477888,
16921283502193,Lacc,8.409076,2.169994,-0.016026,
16921283502193,GameRo,0.340888,-0.585315,0.629267,0.381084
16921303384693,Lacc,6.164538,2.856179,-0.092704,
16921303384693,GameRo,0.341218,-0.585156,0.629070,0.381358
16921327637943,pre,1003.895996,,,
16921342957943,pre,1003.897522,,,
16921323305193,Gyro,1.648352,-0.481296,3.252139,
16921343263693,Gyro,1.991698,-0.385250,2.931941,
16921323305193,Lacc,4.646564,5.066308,-0.049502,
16921358185943,pre,1003.902039,,,
16921323305193,GameRo,0.314814,-0.598286,0.661676,0.324239
16921343263693,Lacc,3.270316,6.949370,-0.017466,
16921343263693,GameRo,0.315401,-0.597967,0.661413,0.324794
16921373627943,pre,1003.905029,,,
16921388947943,pre,1003.912537,,,
16921363199193,Gyro,1.856541,-0.268318,2.579150,
16921383111693,Gyro,1.484461,-0.212313,2.207336,
16921363199193,Lacc,2.530459,9.154756,-0.646046,
16921363199193,GameRo,0.298332,-0.590741,0.699598,0.269418
16921383111693,Lacc,1.187895,9.596499,-0.895035,
16921383111693,GameRo,0.299142,-0.590357,0.699294,0.270149
16921404267943,pre,1003.911743,,,
16921419617943,pre,1003.908020,,,
16921402993693,Gyro,1.180359,-0.189033,1.819426,
16921422845193,Gyro,0.932527,-0.171074,1.475149,
16921434815943,pre,1003.907288,,,
16921402993693,Lacc,0.938583,9.993721,-1.353660,
16921402993693,GameRo,0.284833,-0.582737,0.725874,0.228902
16921422845193,Lacc,0.223104,10.167996,-1.350555,
16921422845193,GameRo,0.285718,-0.582332,0.725602,0.229687
16921450287943,pre,1003.916992,,,
16921442757943,Gyro,0.727664,-0.146331,1.150028,
16921462731943,Gyro,0.630819,-0.121322,0.830229,
16921474030943,pre,1003.919250,,,
16921442757943,Lacc,0.090217,10.650660,-1.623178,
16921442757943,GameRo,0.276384,-0.577270,0.741229,0.202362
16921462731943,Lacc,-0.164907,10.261486,-1.764355,
16921462731943,GameRo,0.277310,-0.576879,0.740969,0.203159
16921488587943,pre,1003.921509,,,
16921503937943,pre,1003.921509,,,
16921482675193,Gyro,0.526392,-0.095115,0.500186,
16921502587693,Gyro,0.301043,-0.074762,0.188900,
16921482675193,Lacc,-0.037045,10.009417,-2.102827,
16921482675193,GameRo,0.273154,-0.572221,0.750281,0.187157
16921502587693,Lacc,-0.060625,9.483122,-2.323313,
16921502587693,GameRo,0.274096,-0.571923,0.749977,0.187908
16921519257943,pre,1003.915527,,,
16921534577943,pre,1003.921509,,,
16921549897943,pre,1003.915527,,,
16921522500443,Gyro,0.030996,-0.086601,-0.086069,
16921542413443,Gyro,-0.214574,-0.117863,-0.346538,
16921522500443,Lacc,0.117318,8.970113,-2.539677,
16921522500443,GameRo,0.275312,-0.568594,0.753119,0.183618
16921542413443,Lacc,0.038964,8.519515,-2.290725,
16921542413443,GameRo,0.276204,-0.568334,0.752819,0.184312
16921565217943,pre,1003.916992,,,
16921580536943,pre,1003.924500,,,
16921562326193,Gyro,-0.428883,-0.164955,-0.629489,
16921582238693,Gyro,-0.585723,-0.196350,-0.940908,
16921562326193,Lacc,-0.119620,7.901600,-1.681950,
16921562326193,GameRo,0.282124,-0.569869,0.747932,0.190403
16921582238693,Lacc,0.940040,7.023043,-1.406137,
16921582238693,GameRo,0.282841,-0.569591,0.747720,0.191001
16921595795943,pre,1003.929016,,,
16921611207943,pre,1003.919983,,,
16921626557943,pre,1003.926758,,,
16921602128443,Gyro,-0.730990,-0.172005,-1.301680,
16921621995443,Gyro,-0.811073,-0.110679,-1.727770,
16921641724943,pre,1003.924500,,,
16921602128443,Lacc,2.719044,6.018702,-1.069538,
16921602128443,GameRo,0.294963,-0.573416,0.735746,0.207049
16921621995443,Lacc,4.600656,5.290113,-0.770195,
16921621995443,GameRo,0.295555,-0.573177,0.735552,0.207554
16921657166943,pre,1003.929016,,,
16921641908193,Gyro,-0.805485,-0.014899,-2.183125,
16921661866693,Gyro,-0.687090,0.104294,-2.605489,
16921673188943,pre,1003.929016,,,
16921641908193,Lacc,5.639328,4.093049,-0.000032,
16921641908193,GameRo,0.314021,-0.574466,0.717756,0.237076
16921661866693,Lacc,6.668480,3.384662,0.289837,
16921661866693,GameRo,0.314468,-0.574229,0.717613,0.237492
16921687806943,pre,1003.933533,,,
16921703156943,pre,1003.919250,,,
16921681802443,Gyro,-0.653168,0.211249,-2.923161,
16921701715443,Gyro,-0.718884,0.262731,-3.240965,
16921681802443,Lacc,7.186092,2.419907,0.160424,
16921681802443,GameRo,0.339658,-0.566097,0.696720,0.280620
16921701715443,Lacc,9.940031,2.362040,-0.558844,
16921701715443,GameRo,0.340081,-0.565935,0.696510,0.280956
16921718354943,pre,1003.927490,,,
16921733796943,pre,1003.929016,,,
16921749116943,pre,1003.927490,,,
16921721628193,Gyro,-0.555126,0.367158,-3.567416,
16921741540693,Gyro,-0.339089,0.470255,-3.792899,
16921721628193,Lacc,10.534916,0.511072,-0.376598,
16921721628193,GameRo,0.368714,-0.550500,0.670650,0.333509
16921741540693,Lacc,8.039168,-0.103202,0.388448,
16921741540693,GameRo,0.368921,-0.550395,0.670538,0.333679
16921764435943,pre,1003.923767,,,
16921779755943,pre,1003.929016,,,
16921761453193,Gyro,-0.408396,0.446309,-3.837197,
16921781365693,Gyro,-0.668067,0.411722,-3.704036,
16921761453193,Lacc,4.992192,-1.440936,0.681440,
16921761453193,GameRo,0.400920,-0.522671,0.642811,0.390989
16921781365693,Lacc,5.368163,-1.425272,0.649057,
16921781365693,GameRo,0.400956,-0.522650,0.642788,0.391017
16921802765943,pre,1003.916260,,,
16921818085943,pre,1003.919250,,,
16921801255443,Gyro,-0.825839,0.477172,-3.528439,
16921821122443,Gyro,-0.890890,0.600223,-3.317190,
16921833405943,pre,1003.906494,,,
16921801255443,Lacc,5.842561,-3.028004,0.697770,
16921801255443,GameRo,0.427582,-0.496891,0.608734,0.446896
16921821122443,Lacc,5.444225,-3.133952,0.486998,
16921821122443,GameRo,0.427508,-0.496985,0.608779,0.446801
16921848725943,pre,1003.902771,,,
16921864075943,pre,1003.899780,,,
16921841035193,Gyro,-1.084712,0.690150,-3.062441,
16921860993693,Gyro,-1.379236,0.687623,-2.718829,
16921841035193,Lacc,3.790126,-4.201341,-0.697520,
16921841035193,GameRo,0.443498,-0.473677,0.574297,0.499123
16921860993693,Lacc,2.141009,-4.030181,-1.752421,
16921860993693,GameRo,0.443395,-0.474009,0.574360,0.498825
16921879273943,pre,1003.900513,,,
16921894715943,pre,1003.903503,,,
16921910035943,pre,1003.911011,,,
16921880906443,Gyro,-1.627333,0.605145,-2.305245,
16921900773443,Gyro,-1.817697,0.528787,-1.929307,
16921880906443,Lacc,0.488173,-4.918778,-2.020581,
16921880906443,GameRo,0.446073,-0.458809,0.539638,0.547087
16921900773443,Lacc,-0.874417,-4.810937,-1.152178,
16921900773443,GameRo,0.445786,-0.459231,0.539877,0.546732
16921925385943,pre,1003.913269,,,
16921940705943,pre,1003.899780,,,
16921920686193,Gyro,-1.825811,0.489810,-1.671499,
16921940644693,Gyro,-1.602324,0.471319,-1.519847,
16921920686193,Lacc,-1.918300,-5.846992,-0.968593,
16921920686193,GameRo,0.436778,-0.455771,0.506893,0.586990
16921940644693,Lacc,-2.881465,-6.404185,-1.267882,
16921940644693,GameRo,0.436294,-0.456331,0.507309,0.586556
16921955933943,pre,1003.905762,,,
16921971375943,pre,1003.920776,,,
16921986725943,pre,1003.903503,,,
16921960580443,Gyro,-1.200978,0.458282,-1.417814,
16921980493443,Gyro,-0.663012,0.421832,-1.332410,
16921960580443,Lacc,-3.510518,-7.387261,-1.965338,
16921960580443,GameRo,0.425860,-0.453899,0.479306,0.618777
16921980493443,Lacc,-3.692720,-7.969820,-2.406695,
16921980493443,GameRo,0.425323,-0.454617,0.479784,0.618248
16922002045943,pre,1003.902039,,,
16922017396943,pre,1003.902771,,,
16922000383193,Gyro,-0.126643,0.359176,-1.219070,
16922020249693,Gyro,0.334034,0.274304,-1.040413,
16922032593943,pre,1003.908020,,,
16922000383193,Lacc,-3.441816,-8.781453,-2.729304,
16922000383193,GameRo,0.424805,-0.444937,0.461526,0.639191
16922020249693,Lacc,-3.200512,-9.129803,-2.712437,
16922020249693,GameRo,0.424252,-0.445696,0.462033,0.638664
16922048035943,pre,1003.904236,,,
16922063386943,pre,1003.899780,,,
16922040162193,Gyro,0.596764,0.177992,-0.745091,
16922060120693,Gyro,0.707577,0.041904,-0.345873,
16922040162193,Lacc,-2.946068,-9.541689,-2.857996,
16922040162193,GameRo,0.434538,-0.431254,0.454829,0.646783
16922060120693,Lacc,-2.856544,-9.437482,-2.724207,
16922060120693,GameRo,0.433993,-0.432031,0.455348,0.646264
16922078705943,pre,1003.898254,,,
16922094056943,pre,1003.898254,,,
16922109376943,pre,1003.898254,,,
16922080033443,Gyro,0.639333,-0.097377,0.120124,
16922099900443,Gyro,0.380194,-0.212180,0.574149,
16922080033443,Lacc,-2.500043,-8.901155,-2.220686,
16922080033443,GameRo,0.444871,-0.423196,0.458070,0.642780
16922099900443,Lacc,-1.940717,-8.233312,-1.667169,
16922099900443,GameRo,0.444349,-0.423867,0.458567,0.642345
16922132386943,pre,1003.893738,,,
16922147706943,pre,1003.880981,,,
16922119813193,Gyro,0.074496,-0.315809,0.988133,
16922139771693,Gyro,-0.069308,-0.394828,1.301813,
16922119813193,Lacc,-1.197848,-8.108795,-1.330034,
16922119813193,GameRo,0.445447,-0.429263,0.467759,0.631278
16922139771693,Lacc,-0.014016,-8.551239,-1.318692,
16922139771693,GameRo,0.444975,-0.429877,0.468204,0.630863
16922162934943,pre,1003.872009,,,
16922178376943,pre,1003.861511,,,
16922159707443,Gyro,-0.079418,-0.447906,1.562150,
16922179620443,Gyro,-0.046161,-0.515085,1.807454,
16922193604943,pre,1003.869019,,,
16922159707443,Lacc,1.175308,-8.205871,-1.275416,
16922159707443,GameRo,0.435823,-0.447722,0.480911,0.615084
16922179620443,Lacc,2.743886,-8.407543,-1.435050,
16922179620443,GameRo,0.435454,-0.448267,0.481251,0.614682
16922209046943,pre,1003.877991,,,
16922224366943,pre,1003.877991,,,
16922199510443,Gyro,0.041106,-0.570292,2.058212,
16922219377443,Gyro,0.126244,-0.646783,2.312827,
16922231934943,pre,1003.873535,,,
16922199510443,Lacc,3.912235,-7.565531,-1.239233,
16922199510443,GameRo,0.423015,-0.470902,0.498705,0.592117
16922219377443,Lacc,4.715715,-6.963171,-1.287761,
16922219377443,GameRo,0.422757,-0.471327,0.498926,0.591777
16922247346943,pre,1003.883240,,,
16922262665943,pre,1003.883240,,,
16922239297693,Gyro,0.154313,-0.772761,2.616797,
16922259271193,Gyro,0.194620,-0.846192,2.870215,
16922239297693,Lacc,6.925558,-5.663105,-0.971913,
16922239297693,GameRo,0.408196,-0.497166,0.521620,0.560459
16922259271193,Lacc,10.125401,-6.049148,-0.421596,
16922259271193,GameRo,0.408057,-0.497424,0.521722,0.560236
16922277985943,pre,1003.887756,,,
16922293336943,pre,1003.887024,,,
16922308655943,pre,1003.877258,,,
16922279183943,Gyro,0.295589,-0.803623,3.096895,
16922299035943,Gyro,0.127308,-0.854174,3.366810,
16922279183943,Lacc,8.863091,-4.496381,0.337135,
16922279183943,GameRo,0.389579,-0.527331,0.548412,0.519032
16922299035943,Lacc,6.229768,-3.541216,0.343434,
16922299035943,GameRo,0.389482,-0.527449,0.548476,0.518917
16922323975943,pre,1003.886230,,,
16922339203943,pre,1003.887024,,,
16922318941193,Gyro,-0.114138,-0.951018,3.644838,
16922338899693,Gyro,-0.154313,-1.026445,3.839458,
16922318941193,Lacc,5.119007,-1.173555,0.389268,
16922318941193,GameRo,0.363867,-0.559884,0.576541,0.470883
16922338899693,Lacc,5.965949,-0.068265,0.031257,
16922338899693,GameRo,0.363983,-0.559854,0.576449,0.470941
16922354645943,pre,1003.894531,,,
16922369965943,pre,1003.887756,,,
16922385316943,pre,1003.888489,,,
16922358835193,Gyro,0.074097,-1.013009,3.823495,
16922378747693,Gyro,0.641063,-0.833820,3.636059,
16922358835193,Lacc,9.364698,1.541747,0.427767,
16922358835193,GameRo,0.330717,-0.596983,0.601493,0.415265
16922378747693,Lacc,10.074079,1.234365,0.452428,
16922378747693,GameRo,0.330975,-0.596847,0.601332,0.415486
16922400635943,pre,1003.892273,,,
16922415986943,pre,1003.904236,,,
16922398667943,Gyro,1.192331,-0.624700,3.354305,
16922418595943,Gyro,1.534480,-0.530516,3.023331,
16922432007943,pre,1003.894531,,,
16922398667943,Lacc,8.306060,3.223304,0.238096,
16922398667943,GameRo,0.302539,-0.617671,0.631845,0.357385
16922418595943,Lacc,5.129427,4.321795,-0.214070,
16922418595943,GameRo,0.302984,-0.617480,0.631600,0.357773
16922446625943,pre,1003.892273,,,
16922461976943,pre,1003.892273,,,
16922438508693,Gyro,1.716196,-0.523466,2.737985,
16922458406193,Gyro,1.667508,-0.537434,2.516361,
16922438508693,Lacc,3.468498,6.739422,-0.460252,
16922438508693,GameRo,0.283484,-0.618155,0.667218,0.303876
16922458406193,Lacc,1.976357,7.701284,-0.161944,
16922458406193,GameRo,0.284164,-0.617831,0.666938,0.304516
16922477296943,pre,1003.899780,,,
16922500306943,pre,1003.910278,,,
16922478288443,Gyro,1.438566,-0.523466,2.293006,
16922498155443,Gyro,1.171579,-0.456819,1.963362,
16922478288443,Lacc,1.486962,8.769314,-0.320443,
16922478288443,GameRo,0.270857,-0.611698,0.697937,0.255630
16922498155443,Lacc,0.530574,9.355876,-0.423706,
16922498155443,GameRo,0.271674,-0.611300,0.697682,0.256409
16922515656943,pre,1003.916260,,,
16922530976943,pre,1003.913269,,,
16922546845943,pre,1003.916260,,,
16922518083443,Gyro,0.992257,-0.388974,1.590751,
16922538072443,Gyro,0.909114,-0.325254,1.224391,
16922518083443,Lacc,0.409040,9.874470,-0.905924,
16922518083443,GameRo,0.260915,-0.606932,0.718276,0.218255
16922538072443,Lacc,0.376093,10.137118,-1.063692,
16922538072443,GameRo,0.261817,-0.606560,0.718013,0.219074
16922561646943,pre,1003.918518,,,
16922576874943,pre,1003.911011,,,
16922558007943,Gyro,0.822513,-0.260336,0.861756,
16922577889943,Gyro,0.706379,-0.218831,0.522402,
16922558007943,Lacc,0.317517,10.705374,-1.488783,
16922558007943,GameRo,0.256610,-0.600695,0.731898,0.194016
16922577889943,Lacc,0.049004,10.569693,-1.530130,
16922577889943,GameRo,0.257559,-0.600339,0.731635,0.194851
16922592225943,pre,1003.912537,,,
16922607636943,pre,1003.908020,,,
16922622986943,pre,1003.915527,,,
16922597787443,Gyro,0.501516,-0.175730,0.172005,
16922617700443,Gyro,0.206992,-0.131299,-0.189831,
16922597787443,Lacc,0.284389,10.567331,-1.587051,
16922597787443,GameRo,0.258322,-0.593202,0.740354,0.182367
16922617700443,Lacc,0.202491,10.110443,-1.556865,
16922617700443,GameRo,0.259258,-0.592837,0.740116,0.183188
16922638306943,pre,1003.916992,,,
16922653626943,pre,1003.916260,,,
16922637620943,Gyro,-0.010376,-0.111877,-0.540892,
16922657548943,Gyro,-0.171872,-0.140079,-0.877188,
16922669129943,pre,1003.919250,,,
16922637620943,Lacc,-0.254292,9.212439,-1.452326,
16922637620943,GameRo,0.265309,-0.588854,0.740815,0.184543
16922657548943,Lacc,-0.426847,8.168838,-1.203916,
16922657548943,GameRo,0.266117,-0.588506,0.740621,0.185265
16922684327943,pre,1003.916260,,,
16922699677943,pre,1003.922241,,,
16922677446193,Gyro,-0.165088,-0.159634,-1.221065,
16922697312693,Gyro,-0.084473,-0.151652,-1.582104,
16922677446193,Lacc,0.134129,7.027492,-0.938052,
16922677446193,GameRo,0.278772,-0.586233,0.734334,0.198423
16922697312693,Lacc,2.016939,6.461953,-1.017769,
16922697312693,GameRo,0.279440,-0.585975,0.734129,0.198999
16922714997943,pre,1003.923035,,,
16922730347943,pre,1003.926025,,,
16922745698943,pre,1003.930481,,,
16922717194693,Gyro,-0.066248,-0.145267,-1.965491,
16922737092193,Gyro,-0.049486,-0.115335,-2.406878,
16922717194693,Lacc,3.770373,5.339410,-0.933855,
16922717194693,GameRo,0.300485,-0.578455,0.725275,0.221526
16922737092193,Lacc,5.942201,4.491522,-0.597694,
16922737092193,GameRo,0.301038,-0.578235,0.725078,0.221997
16922761048943,pre,1003.927490,,,
16922776398943,pre,1003.929016,,,
16922757027943,Gyro,0.020353,-0.051216,-2.842013,
16922777001943,Gyro,-0.008248,0.008248,-3.188286,
16922757027943,Lacc,6.452736,2.973150,-0.060034,
16922757027943,GameRo,0.330500,-0.563872,0.712172,0.256183
16922777001943,Lacc,7.822901,2.416368,0.212697,
16922777001943,GameRo,0.330903,-0.563669,0.712016,0.256541
16922791627943,pre,1003.931274,,,
16922807160943,pre,1003.927490,,,
16922796945193,Gyro,-0.286942,0.073432,-3.490925,
16922816857693,Gyro,-0.453094,0.183180,-3.760440,
16922831086943,pre,1003.929016,,,
16922796945193,Lacc,10.308207,1.346855,-0.266180,
16922796945193,GameRo,0.366299,-0.541567,0.693621,0.302358
16922816857693,Lacc,11.618732,0.442887,-0.390798,
16922816857693,GameRo,0.366630,-0.541453,0.693434,0.302590
16922845429943,pre,1003.932007,,,
16922860779943,pre,1003.928284,,,
16922836770443,Gyro,-0.452296,0.287474,-3.915950,
16922856683443,Gyro,-0.635342,0.262997,-3.879766,
16922836770443,Lacc,8.270460,-1.409092,0.211897,
16922836770443,GameRo,0.401002,-0.517400,0.665244,0.359091
16922856683443,Lacc,5.269964,-1.545851,0.614862,
16922856683443,GameRo,0.401048,-0.517379,0.665215,0.359123
16922876099943,pre,1003.931274,,,
16922891450943,pre,1003.921509,,,
16922907441943,pre,1003.916992,,,
16922876596193,Gyro,-0.845394,0.204597,-3.643907,
16922896508693,Gyro,-0.865348,0.227877,-3.353374,
16922876596193,Lacc,4.843275,-2.962459,0.532087,
16922876596193,GameRo,0.431327,-0.491610,0.631194,0.416978
16922896508693,Lacc,6.058763,-3.085271,0.793119,
16922896508693,GameRo,0.431270,-0.491675,0.631228,0.416910
16922922120943,pre,1003.915527,,,
16922937470943,pre,1003.906494,,,
16922916398443,Gyro,-0.735912,0.334699,-3.082395,
16922936265443,Gyro,-0.821050,0.420768,-2.775366,
16922916398443,Lacc,4.988819,-4.440848,1.030876,
16922916398443,GameRo,0.452699,-0.470802,0.595846,0.467308
16922936265443,Lacc,3.074200,-4.093485,0.255288,
16922936265443,GameRo,0.452519,-0.471005,0.595977,0.467111
16922952790943,pre,1003.896729,,,
16922968140943,pre,1003.903503,,,
16922983491943,pre,1003.900513,,,
16922956178193,Gyro,-1.132203,0.431942,-2.380938,
16922976136693,Gyro,-1.517851,0.394428,-1.967752,
16922998719943,pre,1003.910278,,,
16922956178193,Lacc,1.362383,-4.710010,-0.987869,
16922956178193,GameRo,0.464452,-0.451877,0.565679,0.509999
16922976136693,Lacc,0.236256,-4.217415,-1.369421,
16922976136693,GameRo,0.464271,-0.452258,0.565826,0.509663
16923014161943,pre,1003.910278,,,
16922996072443,Gyro,-1.839247,0.376071,-1.610173,
16923015985443,Gyro,-1.980523,0.388708,-1.369924,
16922996072443,Lacc,-0.514709,-4.696739,-1.054067,
16922996072443,GameRo,0.460821,-0.447279,0.535506,0.548470
16923015985443,Lacc,-1.669693,-5.139843,-0.606750,
16923015985443,GameRo,0.460447,-0.447709,0.535829,0.548117
16923030091943,pre,1003.902771,,,
16923044831943,pre,1003.904236,,,
16923060181943,pre,1003.901245,,,
16923035898193,Gyro,-1.857339,0.414915,-1.228382,
16923055810693,Gyro,-1.517851,0.436465,-1.150960,
16923035898193,Lacc,-2.798629,-6.165771,-0.944887,
16923035898193,GameRo,0.445874,-0.451982,0.506866,0.583091
16923055810693,Lacc,-3.539347,-6.485289,-1.558393,
16923055810693,GameRo,0.445383,-0.452602,0.507301,0.582608
16923075501943,pre,1003.912537,,,
16923090851943,pre,1003.907288,,,
16923075723193,Gyro,-0.987069,0.429814,-1.123290,
16923095635693,Gyro,-0.382855,0.401745,-1.107459,
16923107545943,pre,1003.898254,,,
16923075723193,Lacc,-3.745748,-6.982065,-2.303453,
16923075723193,GameRo,0.433356,-0.452743,0.484520,0.610300
16923095635693,Lacc,-3.628801,-7.105991,-2.377263,
16923095635693,GameRo,0.432869,-0.453451,0.484962,0.609769
16923121522943,pre,1003.901245,,,
16923136872943,pre,1003.902771,,,
16923115548443,Gyro,0.116001,0.339089,-1.035092,
16923135461443,Gyro,0.413185,0.243841,-0.868142,
16923115548443,Lacc,-3.368664,-7.797878,-2.404808,
16923115548443,GameRo,0.434035,-0.443249,0.472097,0.626313
16923135461443,Lacc,-3.006922,-8.120838,-2.323080,
16923135461443,GameRo,0.433516,-0.443970,0.472577,0.625800
16923152100943,pre,1003.905029,,,
16923167542943,pre,1003.908752,,,
16923182892943,pre,1003.906494,,,
16923155374193,Gyro,0.472915,0.111744,-0.597829,
16923175286693,Gyro,0.479700,-0.026074,-0.239717,
16923155374193,Lacc,-2.546721,-8.582360,-2.298124,
16923155374193,GameRo,0.443404,-0.430490,0.468043,0.631670
16923175286693,Lacc,-2.452541,-8.612574,-2.075101,
16923175286693,GameRo,0.442876,-0.431209,0.468543,0.631180
16923198212943,pre,1003.899780,,,
16923213563943,pre,1003.900513,,,
16923195199443,Gyro,0.488080,-0.158570,0.161895,
16923215112443,Gyro,0.458016,-0.294657,0.576810,
16923195199443,Lacc,-2.364735,-8.427739,-1.699404,
16923195199443,GameRo,0.450535,-0.425965,0.470136,0.628127
16923215112443,Lacc,-1.905039,-8.195885,-1.239181,
16923215112443,GameRo,0.449996,-0.426606,0.470640,0.627702
16923236786943,pre,1003.885498,,,
16923251923943,pre,1003.880249,,,
16923235025193,Gyro,0.326185,-0.391502,0.984541,
16923254937693,Gyro,0.297185,-0.424892,1.314717,
16923235025193,Lacc,-1.062383,-8.307397,-0.682383,
16923235025193,GameRo,0.452632,-0.432140,0.479683,0.615048
16923254937693,Lacc,0.396179,-8.785395,-0.621871,
16923254937693,GameRo,0.452135,-0.432712,0.480143,0.614652
16923267182943,pre,1003.874268,,,
16923282624943,pre,1003.871277,,,
16923297974943,pre,1003.859985,,,
16923274850443,Gyro,0.351859,-0.429149,1.603388,
16923294763443,Gyro,0.350263,-0.436997,1.877958,
16923274850443,Lacc,1.711693,-8.358753,-0.662506,
16923274850443,GameRo,0.447744,-0.447457,0.495437,0.594853
16923294763443,Lacc,2.948649,-8.149856,-0.916163,
16923294763443,GameRo,0.447377,-0.447962,0.495772,0.594469
16923313325943,pre,1003.878784,,,
16923328675943,pre,1003.868286,,,
16923344025943,pre,1003.877991,,,
16923314653193,Gyro,0.281621,-0.458947,2.153593,
16923334519693,Gyro,0.164955,-0.522535,2.452640,
16923314653193,Lacc,4.090964,-6.904974,-0.767311,
16923314653193,GameRo,0.438292,-0.466699,0.517245,0.567934
16923334519693,Lacc,6.613060,-6.802703,-0.819489,
16923334519693,GameRo,0.438071,-0.467070,0.517433,0.567629
16923359345943,pre,1003.873535,,,
16923374695943,pre,1003.889282,,,
16923354432193,Gyro,0.155643,-0.577342,2.694219,
16923374390693,Gyro,0.355584,-0.495663,2.863165,
16923354432193,Lacc,11.330418,-6.086662,-0.417635,
16923354432193,GameRo,0.421892,-0.492363,0.541653,0.534975
16923374390693,Lacc,11.277449,-6.366654,0.099887,
16923374390693,GameRo,0.421752,-0.492593,0.541755,0.534770
16923389924943,pre,1003.875732,,,
16923405366943,pre,1003.881775,,,
16923420716943,pre,1003.882507,,,
16923394326443,Gyro,0.454025,-0.503778,3.074813,
16923414239443,Gyro,0.272176,-0.592241,3.309873,
16923394326443,Lacc,7.690864,-3.992693,0.273045,
16923394326443,GameRo,0.401739,-0.517792,0.570766,0.494695
16923414239443,Lacc,6.104477,-2.255574,0.268100,
16923414239443,GameRo,0.401713,-0.517864,0.570776,0.494630
16923435914943,pre,1003.877258,,,
16923451386943,pre,1003.884766,,,
16923434152193,Gyro,0.290533,-0.649843,3.474961,
16923454064693,Gyro,0.596232,-0.591310,3.459397,
16923466614943,pre,1003.895264,,,
16923434152193,Lacc,6.550776,0.036910,0.663322,
16923434152193,GameRo,0.376475,-0.545574,0.600387,0.447383
16923454064693,Lacc,7.978822,0.913239,0.500237,
16923454064693,GameRo,0.376655,-0.545478,0.600263,0.447515
16923474274943,pre,1003.890015,,,
16923489716943,pre,1003.893738,,,
16923473977443,Gyro,1.033895,-0.434071,3.323708,
16923493890443,Gyro,1.436970,-0.247166,3.153033,
16923505189943,pre,1003.903503,,,
16923473977443,Lacc,8.513634,2.768722,0.244475,
16923473977443,GameRo,0.350882,-0.567620,0.631696,0.394525
16923493890443,Lacc,7.212693,4.048856,-0.336445,
16923493890443,GameRo,0.351283,-0.567436,0.631446,0.394833
16923520386943,pre,1003.895996,,,
16923543397943,pre,1003.899780,,,
16923513780443,Gyro,1.688792,-0.126111,2.964798,
16923533647443,Gyro,1.585962,-0.083808,2.782683,
16923513780443,Lacc,5.203023,6.658594,-0.774095,
16923513780443,GameRo,0.329920,-0.571381,0.669050,0.342125
16923533647443,Lacc,2.491096,8.611979,-0.892719,
16923533647443,GameRo,0.330634,-0.571027,0.668691,0.342727
16923558716943,pre,1003.893738,,,
16923574067943,pre,1003.905029,,,
16923553560193,Gyro,1.181955,-0.103230,2.536714,
16923573518693,Gyro,0.842866,-0.128239,2.205873,
16923553560193,Lacc,1.125590,10.406307,-1.004481,
16923553560193,GameRo,0.311282,-0.567465,0.702946,0.294878
16923573518693,Lacc,0.301544,10.021802,-1.077446,
16923573518693,GameRo,0.312123,-0.567016,0.702624,0.295622
16923589387943,pre,1003.909485,,,
16923604706943,pre,1003.904236,,,
16923620057943,pre,1003.908752,,,
16923593454193,Gyro,0.690416,-0.176395,1.830999,
16923613366693,Gyro,0.691081,-0.243042,1.494704,
16923593454193,Lacc,-0.120886,9.980822,-1.566879,
16923593454193,GameRo,0.294816,-0.568642,0.723037,0.258741
16923613366693,Lacc,-0.505317,9.599246,-1.876957,
16923613366693,GameRo,0.295726,-0.568270,0.722691,0.259485
16923635377943,pre,1003.913269,,,
16923650727943,pre,1003.915527,,,
16923633279443,Gyro,0.783536,-0.260868,1.165460,
16923653192443,Gyro,0.801362,-0.237588,0.784334,
16923633279443,Lacc,-0.129503,10.676506,-2.050110,
16923633279443,GameRo,0.286914,-0.567435,0.736063,0.232183
16923653192443,Lacc,-0.262321,10.830681,-1.991852,
16923653192443,GameRo,0.287866,-0.567022,0.735757,0.232983
16923665986943,pre,1003.904236,,,
16923681428943,pre,1003.919983,,,
16923696747943,pre,1003.912537,,,
16923673105193,Gyro,0.775288,-0.211382,0.386846,
16923693017693,Gyro,0.665939,-0.190629,-0.012372,
16923673105193,Lacc,0.246727,9.882743,-2.175388,
16923673105193,GameRo,0.287331,-0.560201,0.746504,0.215288
16923693017693,Lacc,0.398753,8.812578,-2.274108,
16923693017693,GameRo,0.288232,-0.559897,0.746182,0.215988
16923712067943,pre,1003.909485,,,
16923727418943,pre,1003.914001,,,
16923712907443,Gyro,0.449901,-0.181983,-0.368355,
16923732774443,Gyro,0.259272,-0.196616,-0.650242,
16923743714943,pre,1003.915527,,,
16923712907443,Lacc,0.080655,7.668611,-2.233371,
16923712907443,GameRo,0.295031,-0.550571,0.751792,0.211274
16923732774443,Lacc,-0.333402,7.442446,-1.969336,
16923732774443,GameRo,0.295825,-0.550279,0.751519,0.211895
16923758057943,pre,1003.922241,,,
16923773591943,pre,1003.921509,,,
16923752687193,Gyro,-0.077289,-0.244639,-0.857633,
16923772645693,Gyro,-0.459213,-0.306364,-1.036954,
16923752687193,Lacc,-0.707454,6.960116,-1.733943,
16923752687193,GameRo,0.307692,-0.543492,0.749679,0.218916
16923772645693,Lacc,0.258377,6.315422,-1.645136,
16923772645693,GameRo,0.308361,-0.543231,0.749440,0.219439
16923788605943,pre,1003.921509,,,
16923804047943,pre,1003.924500,,,
16923819367943,pre,1003.923035,,,
16923792581193,Gyro,-0.778348,-0.352658,-1.241685,
16923812493693,Gyro,-0.891023,-0.368355,-1.495103,
16923792581193,Lacc,1.725580,5.259571,-1.403823,
16923792581193,GameRo,0.322771,-0.544866,0.737305,0.235207
16923812493693,Lacc,3.383335,4.310125,-1.083125,
16923812493693,GameRo,0.323287,-0.544674,0.737093,0.235604
16923834565943,pre,1003.924500,,,
16923849915943,pre,1003.930481,,,
16923832406443,Gyro,-0.825706,-0.355318,-1.793086,
16923852319443,Gyro,-0.713829,-0.273107,-2.144680,
16923832406443,Lacc,4.688076,3.163298,-0.151502,
16923832406443,GameRo,0.341190,-0.549132,0.717355,0.259702
16923852319443,Lacc,6.255254,2.622733,0.201964,
16923852319443,GameRo,0.341572,-0.548924,0.717209,0.260043
16923865265943,pre,1003.930481,,,
16923880707943,pre,1003.933533,,,
16923896027943,pre,1003.923767,,,
16923872232193,Gyro,-0.689485,-0.142606,-2.447319,
16923892144693,Gyro,-0.769834,0.003725,-2.735591,
16923872232193,Lacc,6.563617,1.724227,0.556540,
16923872232193,GameRo,0.365210,-0.545123,0.695519,0.292773
16923892144693,Lacc,7.674163,1.580272,0.250562,
16923892144693,GameRo,0.365523,-0.544954,0.695372,0.293045
16923911378943,pre,1003.932007,,,
16923926697943,pre,1003.931274,,,
16923943390943,pre,1003.931274,,,
16923912042193,Gyro,-0.786995,0.160964,-3.043418,
16923931924693,Gyro,-0.630686,0.316474,-3.294708,
16923912042193,Lacc,8.345064,0.288183,-0.220280,
16923912042193,GameRo,0.390447,-0.534387,0.669820,0.336636
16923931924693,Lacc,6.338381,-0.378871,0.025456,
16923931924693,GameRo,0.390610,-0.534324,0.669718,0.336749
16923964936943,pre,1003.921509,,,
16923980317943,pre,1003.923767,,,
16923951814693,Gyro,-0.614989,0.342681,-3.345126,
16923971712193,Gyro,-0.730458,0.305034,-3.241231,
16923951814693,Lacc,3.384944,-1.514394,0.403898,
16923951814693,GameRo,0.416274,-0.514113,0.641747,0.388027
16923971712193,Lacc,3.840954,-1.584057,0.492050,
16923971712193,GameRo,0.416265,-0.514123,0.641752,0.388015
16923995576943,pre,1003.920776,,,
16924011017943,pre,1003.902039,,,
16923991640193,Gyro,-0.767572,0.349199,-3.087583,
16924011598693,Gyro,-0.786595,0.458814,-2.902541,
16923991640193,Lacc,5.019193,-2.983047,0.732660,
16923991640193,GameRo,0.438702,-0.493058,0.610686,0.437603
16924011598693,Lacc,4.908013,-3.148952,0.839792,
16924011598693,GameRo,0.438597,-0.493140,0.610761,0.437512
16924026246943,pre,1003.911743,,,
16924041688943,pre,1003.898254,,,
16924057038943,pre,1003.911743,,,
16924031541693,Gyro,-0.955142,0.548608,-2.677458,
16924051469193,Gyro,-1.389080,0.561246,-2.326928,
16924031541693,Lacc,3.773939,-4.121053,-0.041148,
16924031541693,GameRo,0.453407,-0.472899,0.580724,0.483268
16924051469193,Lacc,1.976555,-3.791348,-1.178589,
16924051469193,GameRo,0.453284,-0.473190,0.580808,0.482999
16924072358943,pre,1003.907288,,,
16924087708943,pre,1003.907288,,,
16924071381693,Gyro,-1.886605,0.458282,-1.876096,
16924091279193,Gyro,-2.132973,0.356915,-1.451736,
16924103943943,pre,1003.907288,,,
16924071381693,Lacc,0.541665,-4.240169,-1.829128,
16924071381693,GameRo,0.453936,-0.463121,0.549730,0.526554
16924091279193,Lacc,-0.438825,-3.976255,-1.247622,
16924091279193,GameRo,0.453729,-0.463494,0.549901,0.526224
16924118378943,pre,1003.915527,,,
16924133698943,pre,1003.919250,,,
16924111191943,Gyro,-2.116212,0.275235,-1.138189,
16924131119943,Gyro,-1.774595,0.219230,-0.940376,
16924111191943,Lacc,-1.827281,-4.579673,-0.724564,
16924111191943,GameRo,0.439737,-0.469961,0.518006,0.563416
16924131119943,Lacc,-2.923064,-5.176891,-0.674356,
16924131119943,GameRo,0.439281,-0.470414,0.518391,0.563040
16924149048943,pre,1003.918518,,,
16924164399943,pre,1003.913269,,,
16924179749943,pre,1003.918518,,,
16924151009943,Gyro,-1.281327,0.201405,-0.844463,
16924170861943,Gyro,-0.803889,0.189831,-0.830495,
16924151009943,Lacc,-3.405516,-5.705446,-1.139162,
16924151009943,GameRo,0.425335,-0.478022,0.493439,0.589155
16924170861943,Lacc,-3.384013,-5.928762,-1.419224,
16924170861943,GameRo,0.424848,-0.478581,0.493856,0.588702
16924195069943,pre,1003.914001,,,
16924210419943,pre,1003.904236,,,
16924190774693,Gyro,-0.275368,0.191294,-0.886500,
16924210748193,Gyro,0.165753,0.205395,-0.953014,
16924190774693,Lacc,-3.310543,-6.547727,-1.372708,
16924190774693,GameRo,0.421375,-0.477277,0.478791,0.604491
16924210748193,Lacc,-3.197240,-6.743526,-1.164845,
16924210748193,GameRo,0.420824,-0.477837,0.479265,0.604056
16924225770943,pre,1003.909485,,,
16924241089943,pre,1003.910278,,,
16924256440943,pre,1003.915527,,,
16924230691443,Gyro,0.427552,0.229740,-0.965917,
16924250604443,Gyro,0.565902,0.250359,-0.835949,
16924271668943,pre,1003.910278,,,
16924230691443,Lacc,-2.932679,-7.525028,-0.986397,
16924230691443,GameRo,0.429470,-0.466109,0.471635,0.613073
16924250604443,Lacc,-2.621199,-7.927316,-1.050363,
16924250604443,GameRo,0.428889,-0.466699,0.472146,0.612637
16924294770943,pre,1003.907288,,,
16924270517193,Gyro,0.591177,0.226148,-0.551269,
16924290429693,Gyro,0.558053,0.137285,-0.174799,
16924270517193,Lacc,-2.470447,-8.228127,-1.615531,
16924270517193,GameRo,0.440466,-0.451956,0.469967,0.617135
16924290429693,Lacc,-2.108554,-8.022748,-1.938448,
16924290429693,GameRo,0.439973,-0.452625,0.470429,0.616645
16924310120943,pre,1003.913269,,,
16924325471943,pre,1003.901245,,,
16924310342443,Gyro,0.571090,0.020353,0.248497,
16924330255443,Gyro,0.604480,-0.078487,0.691081,
16924341492943,pre,1003.907288,,,
16924310342443,Lacc,-1.240445,-8.263844,-1.648044,
16924310342443,GameRo,0.446507,-0.445061,0.475259,0.613743
16924330255443,Lacc,-0.119326,-8.593494,-1.031504,
16924330255443,GameRo,0.446016,-0.445651,0.475713,0.613321
16924356171943,pre,1003.906494,,,
16924371522943,pre,1003.904236,,,
16924350168193,Gyro,0.593838,-0.154446,1.100941,
16924370080693,Gyro,0.530117,-0.224818,1.480869,
16924350168193,Lacc,0.803081,-8.454647,-0.809610,
16924350168193,GameRo,0.447283,-0.447807,0.489330,0.599969
16924370080693,Lacc,1.748843,-8.255103,-0.954984,
16924370080693,GameRo,0.446873,-0.448342,0.489705,0.599569
16924386841943,pre,1003.887756,,,
16924402192943,pre,1003.877991,,,
16924417542943,pre,1003.876526,,,
16924389993193,Gyro,0.340419,-0.295589,1.822885,
16924409905693,Gyro,0.056936,-0.379396,2.152529,
16924389993193,Lacc,2.479964,-7.411137,-0.960760,
16924389993193,GameRo,0.441288,-0.459729,0.510208,0.577583
16924409905693,Lacc,3.435601,-6.927985,-1.035253,
16924409905693,GameRo,0.440997,-0.460171,0.510462,0.577229
16924432862943,pre,1003.884033,,,
16924448243943,pre,1003.876526,,,
16924429818443,Gyro,-0.139547,-0.468924,2.469402,
16924449731443,Gyro,-0.204198,-0.488479,2.712444,
16924463441943,pre,1003.877991,,,
16924429818443,Lacc,5.670643,-6.040318,-0.769765,
16924429818443,GameRo,0.425012,-0.483081,0.532167,0.550269
16924449731443,Lacc,7.543031,-6.063632,-0.539582,
16924449731443,GameRo,0.424836,-0.483380,0.532301,0.550013
16924478882943,pre,1003.889282,,,
16924494233943,pre,1003.880249,,,
16924469644193,Gyro,-0.210717,-0.499122,2.894826,
16924489556693,Gyro,-0.235992,-0.554860,3.111928,
16924469644193,Lacc,6.520598,-4.529127,-0.227745,
16924469644193,GameRo,0.400799,-0.513467,0.555223,0.517146
16924489556693,Lacc,4.851758,-3.794822,-0.307486,
16924489556693,GameRo,0.400685,-0.513652,0.555293,0.516974
16924509553943,pre,1003.887024,,,
16924524903943,pre,1003.892273,,,
16924509469443,Gyro,-0.338690,-0.652370,3.364149,
16924529382443,Gyro,-0.344144,-0.729127,3.527241,
16924540650943,pre,1003.891479,,,
16924509469443,Lacc,4.884213,-1.774996,-0.297012,
16924509469443,GameRo,0.371603,-0.546143,0.579341,0.477498
16924529382443,Lacc,7.243960,-1.443759,-0.307310,
16924529382443,GameRo,0.371677,-0.546184,0.579267,0.477482
16924555604943,pre,1003.894531,,,
16924570954943,pre,1003.900513,,,
16924549295193,Gyro,0.078221,-0.675650,3.512608,
16924569207693,Gyro,0.917894,-0.578273,3.331956,
16924549295193,Lacc,9.463634,0.182188,-0.009744,
16924549295193,GameRo,0.337984,-0.581028,0.602565,0.430219
16924569207693,Lacc,8.531249,0.650274,-0.079744,
16924569207693,GameRo,0.338211,-0.580950,0.602405,0.430370
16924586274943,pre,1003.900513,,,
16924601624943,pre,1003.901245,,,
16924616974943,pre,1003.895996,,,
16924589120443,Gyro,1.596205,-0.471319,3.091042,
16924609033443,Gyro,1.917069,-0.379263,2.857844,
16924589120443,Lacc,6.928026,2.762694,-0.224083,
16924589120443,GameRo,0.313908,-0.595303,0.636288,0.377112
16924609033443,Lacc,4.885229,4.055384,-0.414949,
16924609033443,GameRo,0.314341,-0.595127,0.636035,0.377455
16924640137943,pre,1003.900513,,,
16924655305943,pre,1003.903503,,,
16924628946193,Gyro,2.035065,-0.293194,2.634356,
16924648858693,Gyro,1.853481,-0.193689,2.375617,
16924628946193,Lacc,3.740336,6.554197,-0.582969,
16924628946193,GameRo,0.299719,-0.589532,0.676202,0.324610
16924648858693,Lacc,2.186937,8.114189,-0.566454,
16924648858693,GameRo,0.300434,-0.589186,0.675885,0.325235
16924670655943,pre,1003.895264,,,
16924686005943,pre,1003.897522,,,
16924668771443,Gyro,1.363805,-0.131698,2.033468,
16924688684443,Gyro,0.899004,-0.111212,1.658728,
16924668771443,Lacc,1.404366,9.465456,-1.220379,
16924668771443,GameRo,0.287585,-0.578606,0.709748,0.280655
16924688684443,Lacc,0.714921,9.314426,-1.414244,
16924688684443,GameRo,0.288445,-0.578243,0.709412,0.281372
16924701233943,pre,1003.899780,,,
16924717469943,pre,1003.901245,,,
16924724335943,pre,1003.902039,,,
16924708574193,Gyro,0.568828,-0.103762,1.296625,
16924728440693,Gyro,0.269648,-0.119193,1.011546,
16924740174943,pre,1003.903503,,,
16924708574193,Lacc,0.616517,9.810995,-1.788306,
16924708574193,GameRo,0.276864,-0.575025,0.727278,0.252508
16924728440693,Lacc,0.159719,9.905398,-1.791454,
16924728440693,GameRo,0.277790,-0.574653,0.726953,0.253270
16924755005943,pre,1003.908020,,,
16924770356943,pre,1003.912537,,,
16924748330443,Gyro,0.095115,-0.128771,0.781008,
16924768243443,Gyro,-0.030863,-0.146198,0.557654,
16924748330443,Lacc,0.242755,10.275343,-1.772448,
16924748330443,GameRo,0.270366,-0.576410,0.733868,0.236834
16924768243443,Lacc,0.056232,9.869185,-1.828505,
16924768243443,GameRo,0.271303,-0.576042,0.733561,0.237609
16924785676943,pre,1003.907288,,,
16924800995943,pre,1003.919983,,,
16924816346943,pre,1003.916992,,,
16924788179193,Gyro,-0.160033,-0.187437,0.319135,
16924808137693,Gyro,-0.289203,-0.238386,0.051349,
16924788179193,Lacc,0.114933,9.457951,-1.729730,
16924788179193,GameRo,0.268006,-0.579897,0.734487,0.228956
16924808137693,Lacc,0.123562,8.994612,-1.547158,
16924808137693,GameRo,0.268891,-0.579541,0.734212,0.229702
16924831544943,pre,1003.914734,,,
16924847016943,pre,1003.916260,,,
16924828073193,Gyro,-0.333236,-0.301575,-0.243175,
16924847985693,Gyro,-0.310089,-0.373942,-0.548076,
16924828073193,Lacc,-0.106588,8.289544,-1.057664,
16924828073193,GameRo,0.271593,-0.584633,0.729481,0.228691
16924847985693,Lacc,-0.307747,7.451937,-0.596667,
16924847985693,GameRo,0.272294,-0.584237,0.729326,0.229361
16924862244943,pre,1003.921509,,,
16924877686943,pre,1003.916260,,,
16924893036943,pre,1003.929016,,,
16924867898443,Gyro,-0.238652,-0.423828,-0.855238,
16924887811443,Gyro,-0.130501,-0.427286,-1.136193,
16924867898443,Lacc,0.042462,6.303997,-0.059158,
16924867898443,GameRo,0.283509,-0.586882,0.720937,0.235461
16924887811443,Lacc,1.354426,5.412864,0.051104,
16924887811443,GameRo,0.284015,-0.586569,0.720828,0.235968
16924908356943,pre,1003.923035,,,
16924923707943,pre,1003.922241,,,
16924907724193,Gyro,-0.082477,-0.394029,-1.411429,
16924927636693,Gyro,-0.052945,-0.328180,-1.722448,
16924907724193,Lacc,2.496733,4.557254,0.181783,
16924939088943,pre,1003.922241,,,
16924907724193,GameRo,0.303394,-0.583458,0.711112,0.248694
16924927636693,Lacc,3.990907,4.253816,0.030697,
16924927636693,GameRo,0.303866,-0.583209,0.710960,0.249138
16924954346943,pre,1003.931274,,,
16924969697943,pre,1003.919250,,,
16924947526443,Gyro,-0.091390,-0.247033,-2.062602,
16924967393443,Gyro,-0.162560,-0.128106,-2.420580,
16924947526443,Lacc,5.039232,3.622205,0.128164,
16924947526443,GameRo,0.328640,-0.574507,0.699058,0.270657
16924967393443,Lacc,6.246354,3.271349,0.253627,
16924967393443,GameRo,0.329056,-0.574277,0.698900,0.271048
16924992676943,pre,1003.932007,,,
16925008027943,pre,1003.926025,,,
16924987306193,Gyro,-0.357181,0.019821,-2.727875,
16925007264693,Gyro,-0.615920,0.178258,-3.084790,
16924987306193,Lacc,7.018716,2.272521,0.273713,
16924987306193,GameRo,0.357369,-0.560675,0.682004,0.304634
16925007264693,Lacc,9.114064,1.838302,-0.022797,
16925007264693,GameRo,0.357720,-0.560506,0.681827,0.304929
16925023347943,pre,1003.931274,,,
16925038666943,pre,1003.919250,,,
16925054017943,pre,1003.923767,,,
16925027200193,Gyro,-0.688421,0.385915,-3.426938,
16925047112693,Gyro,-0.753338,0.540360,-3.635792,
16925027200193,Lacc,8.485836,-0.079976,0.112828,
16925027200193,GameRo,0.385575,-0.544104,0.656140,0.353219
16925047112693,Lacc,5.794404,-0.496835,0.516082,
16925047112693,GameRo,0.385695,-0.544025,0.656075,0.353329
16925069337943,pre,1003.929749,,,
16925084687943,pre,1003.926758,,,
16925067025443,Gyro,-1.009817,0.603948,-3.613577,
16925086938443,Gyro,-1.262836,0.599292,-3.424278,
16925067025443,Lacc,3.068846,-1.803226,0.368934,
16925067025443,GameRo,0.411237,-0.521007,0.624523,0.411591
16925086938443,Lacc,3.312304,-1.760237,-0.055091,
16925086938443,GameRo,0.411224,-0.521065,0.624520,0.411535
16925099915943,pre,1003.917786,,,
16925115357943,pre,1003.923767,,,
16925130677943,pre,1003.917786,,,
16925106851193,Gyro,-1.353694,0.622173,-3.177777,
16925126763693,Gyro,-1.253790,0.686425,-2.937661,
16925106851193,Lacc,4.594467,-2.947106,-0.282318,
16925106851193,GameRo,0.427452,-0.502576,0.586865,0.469352
16925126763693,Lacc,6.145692,-3.503814,-0.172726,
16925126763693,GameRo,0.427388,-0.502717,0.586900,0.469216
16925146027943,pre,1003.905029,,,
16925161347943,pre,1003.917786,,,
16925146653443,Gyro,-1.195125,0.752673,-2.697279,
16925166520443,Gyro,-1.489250,0.696402,-2.341828,
16925177216943,pre,1003.915527,,,
16925146653443,Lacc,5.035832,-4.952693,-0.815287,
16925146653443,GameRo,0.435837,-0.485274,0.551776,0.519710
16925166520443,Lacc,2.394418,-4.793638,-1.723218,
16925166520443,GameRo,0.435684,-0.485637,0.551890,0.519378
16925191987943,pre,1003.905762,,,
16925207337943,pre,1003.914001,,,
16925186433193,Gyro,-1.942344,0.545681,-1.890330,
16925206391693,Gyro,-2.258020,0.404539,-1.436305,
16925186433193,Lacc,0.157748,-5.051886,-2.192284,
16925186433193,GameRo,0.433797,-0.474731,0.518863,0.563234
16925206391693,Lacc,-1.199920,-4.475719,-1.424763,
16925206391693,GameRo,0.433522,-0.475163,0.519097,0.562866
16925222565943,pre,1003.916992,,,
16925237977943,pre,1003.922241,,,
16925253327943,pre,1003.908020,,,
16925226327443,Gyro,-2.345153,0.319401,-1.090831,
16925246240443,Gyro,-2.141487,0.278162,-0.850582,
16925226327443,Lacc,-2.020391,-4.689933,-0.898505,
16925226327443,GameRo,0.416273,-0.481496,0.484843,0.599838
16925246240443,Lacc,-2.688163,-5.182162,-1.098057,
16925246240443,GameRo,0.415829,-0.481969,0.485217,0.599464
16925268647943,pre,1003.923767,,,
16925283997943,pre,1003.921509,,,
16925266153193,Gyro,-1.642765,0.271377,-0.738572,
16925286065693,Gyro,-0.966317,0.277231,-0.700127,
16925266153193,Lacc,-3.058562,-5.847931,-1.847965,
16925266153193,GameRo,0.395224,-0.492079,0.457085,0.626682
16925286065693,Lacc,-3.148911,-6.045081,-2.439913,
16925286065693,GameRo,0.394777,-0.492711,0.457470,0.626186
16925299256943,pre,1003.908752,,,
16925314637943,pre,1003.917786,,,
16925329987943,pre,1003.913269,,,
16925305978443,Gyro,-0.328580,0.273772,-0.721146,
16925325891443,Gyro,0.214308,0.271244,-0.754004,
16925305978443,Lacc,-3.023777,-6.416432,-2.851144,
16925305978443,GameRo,0.386964,-0.492827,0.441970,0.641905
16925325891443,Lacc,-2.849737,-6.655674,-2.636949,
16925325891443,GameRo,0.386492,-0.493483,0.442378,0.641405
16925352997943,pre,1003.919250,,,
16925368348943,pre,1003.905029,,,
16925345804193,Gyro,0.498723,0.266721,-0.755999,
16925365716693,Gyro,0.485553,0.228010,-0.674187,
16925377259943,pre,1003.911011,,,
16925345804193,Lacc,-2.466382,-6.799319,-2.344807,
16925345804193,GameRo,0.393887,-0.482822,0.437421,0.648382
16925365716693,Lacc,-2.175588,-7.012885,-2.107901,
16925365716693,GameRo,0.393389,-0.483437,0.437855,0.647933
16925398987943,pre,1003.911011,,,
16925414216943,pre,1003.908752,,,
16925385636943,Gyro,0.386048,0.142473,-0.469057,
16925405564943,Gyro,0.281488,-0.004789,-0.150987,
16925385636943,Lacc,-2.134117,-7.631594,-2.064851,
16925385636943,GameRo,0.403535,-0.471711,0.436201,0.651442
16925405564943,Lacc,-2.237671,-7.747521,-1.971346,
16925405564943,GameRo,0.402992,-0.472350,0.436682,0.650993
16925430115943,pre,1003.898254,,,
16925445008943,pre,1003.892273,,,
16925425477693,Gyro,0.217102,-0.180652,0.230804,
16925445375193,Gyro,0.358378,-0.322593,0.625897,
16925425477693,Lacc,-1.755167,-7.881620,-1.653696,
16925425477693,GameRo,0.407342,-0.469752,0.437968,0.649300
16925445375193,Lacc,-0.747720,-8.097700,-1.284340,
16925445375193,GameRo,0.406810,-0.470324,0.438435,0.648904
16925460328943,pre,1003.888489,,,
16925475678943,pre,1003.881775,,,
16925491028943,pre,1003.884766,,,
16925465280193,Gyro,0.563906,-0.423296,1.025780,
16925485192693,Gyro,0.688554,-0.493667,1.386685,
16925465280193,Lacc,0.234630,-7.926334,-1.093136,
16925465280193,GameRo,0.407756,-0.477151,0.447993,0.636683
16925485192693,Lacc,1.357985,-8.044634,-1.328248,
16925485192693,GameRo,0.407317,-0.477681,0.448380,0.636293
16925506348943,pre,1003.891479,,,
16925521668943,pre,1003.885498,,,
16925505105443,Gyro,0.817990,-0.537567,1.720852,
16925525018443,Gyro,0.856169,-0.558186,2.012982,
16925537171943,pre,1003.875000,,,
16925552216943,pre,1003.885498,,,
16925505105443,Lacc,2.433367,-7.477743,-1.337636,
16925505105443,GameRo,0.406689,-0.489355,0.468960,0.612545
16925525018443,Lacc,3.608751,-7.076205,-1.484216,
16925525018443,GameRo,0.406383,-0.489807,0.469224,0.612186
16925567689943,pre,1003.872742,,,
16925544931193,Gyro,0.849518,-0.579072,2.273850,
16925564843693,Gyro,0.815995,-0.562842,2.495475,
16925544931193,Lacc,5.380853,-5.913056,-1.347137,
16925544931193,GameRo,0.401657,-0.504933,0.497510,0.579826
16925564843693,Lacc,6.963411,-5.623253,-1.243773,
16925564843693,GameRo,0.401494,-0.505249,0.497635,0.579556
16925583008943,pre,1003.872742,,,
16925598359943,pre,1003.880249,,,
16925613709943,pre,1003.869751,,,
16925584733443,Gyro,0.725802,-0.518943,2.713109,
16925604600443,Gyro,0.535970,-0.550337,2.932739,
16925584733443,Lacc,6.192348,-4.310730,-0.810911,
16925584733443,GameRo,0.390417,-0.523307,0.529569,0.541554
16925604600443,Lacc,4.991353,-3.607823,-0.912937,
16925604600443,GameRo,0.390326,-0.523520,0.529621,0.541363
16925629853943,pre,1003.875732,,,
16925644379943,pre,1003.881775,,,
16925624513193,Gyro,0.335364,-0.615787,3.141726,
16925644471693,Gyro,0.269249,-0.670861,3.313997,
16925624513193,Lacc,5.274642,-2.145600,-0.886051,
16925624513193,GameRo,0.370527,-0.545956,0.561439,0.499427
16925644471693,Lacc,5.721282,-1.825603,-1.059606,
16925644471693,GameRo,0.370574,-0.546071,0.561373,0.499341
16925659699943,pre,1003.877991,,,
16925675049943,pre,1003.881775,,,
16925690400943,pre,1003.889282,,,
16925664414943,Gyro,0.360240,-0.715292,3.394213,
16925684342943,Gyro,0.597962,-0.718086,3.367208,
16925664414943,Lacc,6.889868,-0.257245,-1.310512,
16925664414943,GameRo,0.344087,-0.572988,0.590977,0.451703
16925684342943,Lacc,7.606511,-0.156722,-1.809534,
16925684342943,GameRo,0.344304,-0.573039,0.590778,0.451734
16925705720943,pre,1003.883240,,,
16925721070943,pre,1003.887024,,,
16925704263193,Gyro,0.914835,-0.680705,3.266506,
16925724175693,Gyro,1.208295,-0.645852,3.137868,
16925704263193,Lacc,7.789291,0.986609,-1.953666,
16925704263193,GameRo,0.319280,-0.593868,0.621501,0.398895
16925724175693,Lacc,5.872041,1.400325,-2.023455,
16925724175693,GameRo,0.319608,-0.593882,0.621233,0.399030
16925736298943,pre,1003.881775,,,
16925759400943,pre,1003.875732,,,
16925744088443,Gyro,1.331878,-0.652370,3.005904,
16925764001443,Gyro,1.405176,-0.673655,2.900812,
16925775910943,pre,1003.884033,,,
16925744088443,Lacc,4.466893,3.294476,-2.041281,
16925744088443,GameRo,0.299891,-0.602551,0.654507,0.344411
16925764001443,Lacc,2.688966,4.080918,-1.954598,
16925764001443,GameRo,0.300390,-0.602508,0.654160,0.344709
16925790070943,pre,1003.878784,,,
16925805421943,pre,1003.885498,,,
16925783914193,Gyro,1.327754,-0.703054,2.779224,
16925803826693,Gyro,1.158675,-0.756531,2.564384,
16925783914193,Lacc,2.015199,6.185910,-2.301342,
16925783914193,GameRo,0.284119,-0.604914,0.684849,0.290408
16925803826693,Lacc,1.177507,7.081469,-2.409103,
16925803826693,GameRo,0.284883,-0.604820,0.684393,0.290932
16925820649943,pre,1003.887024,,,
16925836060943,pre,1003.888489,,,
16925851411943,pre,1003.893738,,,
16925823739443,Gyro,1.094556,-0.812403,2.297396,
16925843652443,Gyro,1.141248,-0.835550,1.993161,
16925823739443,Lacc,1.495370,7.880064,-2.390194,
16925823739443,GameRo,0.271663,-0.606664,0.707292,0.240617
16925843652443,Lacc,1.236304,7.717309,-2.168944,
16925843652443,GameRo,0.272481,-0.606526,0.706884,0.241238
16925866730943,pre,1003.895264,,,
16925882081943,pre,1003.897522,,,
16925863565193,Gyro,1.176102,-0.801229,1.659925,
16925883477693,Gyro,1.020193,-0.703187,1.279864,
16925863565193,Lacc,1.486506,8.668670,-2.035541,
16925863565193,GameRo,0.266405,-0.604234,0.724453,0.197731
16925883477693,Lacc,0.962461,9.571754,-1.982279,
16925883477693,GameRo,0.267338,-0.603990,0.724099,0.198511
16925897309943,pre,1003.904236,,,
16925912720943,pre,1003.904236,,,
16925928071943,pre,1003.900513,,,
16925903390443,Gyro,0.666737,-0.592773,0.897275,
16925923303443,Gyro,0.284148,-0.506837,0.518810,
16925903390443,Lacc,0.777318,9.874351,-2.292700,
16925903390443,GameRo,0.267042,-0.598482,0.736539,0.167387
16925923303443,Lacc,0.364369,9.470352,-2.488039,
16925923303443,GameRo,0.268013,-0.598300,0.736157,0.168163
16925943390943,pre,1003.905762,,,
16925958741943,pre,1003.912537,,,
16925966431943,pre,1003.902039,,,
16925943216193,Gyro,-0.046427,-0.460810,0.164024,
16925963128693,Gyro,-0.197414,-0.456420,-0.161363,
16925943216193,Lacc,0.092973,9.122235,-2.366403,
16925943216193,GameRo,0.271331,-0.598522,0.737806,0.154250
16925963128693,Lacc,-0.242863,8.590786,-1.977028,
16925963128693,GameRo,0.272239,-0.598315,0.737481,0.155005
16925981751943,pre,1003.911743,,,
16925997071943,pre,1003.910278,,,
16926012421943,pre,1003.903503,,,
16925983018443,Gyro,-0.102432,-0.482626,-0.474511,
16926002885443,Gyro,0.136886,-0.484622,-0.821715,
16925983018443,Lacc,0.085312,7.853395,-1.423417,
16925983018443,GameRo,0.281373,-0.601218,0.731890,0.153955
16926002885443,Lacc,0.906102,7.219667,-1.255994,
16926002885443,GameRo,0.282113,-0.600978,0.731663,0.154621
16926027741943,pre,1003.914001,,,
16926043061943,pre,1003.915527,,,
16926022798193,Gyro,0.304368,-0.486085,-1.223726,
16926042756693,Gyro,0.394428,-0.504044,-1.663384,
16926022798193,Lacc,1.818029,6.555782,-1.187927,
16926022798193,GameRo,0.300386,-0.595366,0.727600,0.160956
16926042756693,Lacc,3.069705,6.054995,-1.024668,
16926042756693,GameRo,0.301031,-0.595129,0.727395,0.161550
16926066071943,pre,1003.917786,,,
16926081391943,pre,1003.916992,,,
16926089844943,pre,1003.917786,,,
16926062692193,Gyro,0.501649,-0.540493,-2.127386,
16926082604693,Gyro,0.753205,-0.547012,-2.573563,
16926062692193,Lacc,3.668819,4.877939,-0.347330,
16926062692193,GameRo,0.330159,-0.580019,0.723085,0.178102
16926082604693,Lacc,4.876023,3.999394,0.460187,
16926082604693,GameRo,0.330603,-0.579726,0.722997,0.178591
16926112061943,pre,1003.926758,,,
16926127381943,pre,1003.921509,,,
16926102517443,Gyro,1.119698,-0.521204,-2.971716,
16926122430443,Gyro,1.517452,-0.474777,-3.320516,
16926102517443,Lacc,5.473998,2.763160,0.933496,
16926102517443,GameRo,0.371082,-0.552196,0.717976,0.204665
16926122430443,Lacc,7.936020,2.394524,1.008341,
16926122430443,GameRo,0.371431,-0.551923,0.717890,0.205070
16926142731943,pre,1003.926025,,,
16926158051943,pre,1003.928284,,,
16926142343193,Gyro,1.985179,-0.386181,-3.640714,
16926162255693,Gyro,2.370828,-0.285212,-3.860876,
16926173737943,pre,1003.934998,,,
16926142343193,Lacc,9.228664,0.228438,0.848847,
16926142343193,GameRo,0.420407,-0.505317,0.715774,0.235753
16926162255693,Lacc,8.314129,-0.315941,1.480775,
16926162255693,GameRo,0.420573,-0.505141,0.715729,0.235972
16926188721943,pre,1003.934265,,,
16926204072943,pre,1003.929016,,,
16926182145443,Gyro,2.231547,-0.267919,-3.845312,
16926202012443,Gyro,1.622544,-0.256877,-3.663861,
16926182145443,Lacc,5.833066,-1.490492,2.171234,
16926182145443,GameRo,0.472694,-0.438862,0.715864,0.267394
16926202012443,Lacc,5.804998,-1.279160,2.961064,
16926202012443,GameRo,0.472641,-0.438731,0.715942,0.267493
16926219391943,pre,1003.920776,,,
16926234711943,pre,1003.919983,,,
16926250031943,pre,1003.919250,,,
16926221925193,Gyro,1.071542,-0.186239,-3.427071,
16926241883693,Gyro,0.873862,-0.078354,-3.172455,
16926221925193,Lacc,5.627931,-3.363264,3.620752,
16926221925193,GameRo,0.514675,-0.381441,0.706241,0.301390
16926241883693,Lacc,4.630507,-4.140870,3.894509,
16926241883693,GameRo,0.514408,-0.381488,0.706446,0.301307
16926265412943,pre,1003.926758,,,
16926280701943,pre,1003.907288,,,
16926261819443,Gyro,0.914036,0.004656,-2.909060,
16926281732443,Gyro,1.085377,0.048954,-2.590324,
16926261819443,Lacc,2.536762,-5.689704,3.244258,
16926261819443,GameRo,0.543255,-0.336728,0.692109,0.335370
16926281732443,Lacc,1.421638,-5.771395,2.265642,
16926281732443,GameRo,0.542899,-0.337023,0.692382,0.335087
16926295960943,pre,1003.919250,,,
16926311371943,pre,1003.912537,,,
16926326722943,pre,1003.924500,,,
16926301645193,Gyro,1.316181,0.078221,-2.270525,
16926321557693,Gyro,1.481534,0.131033,-2.043445,
16926301645193,Lacc,1.036363,-6.540735,1.772512,
16926301645193,GameRo,0.565654,-0.293668,0.682340,0.358060
16926321557693,Lacc,0.693474,-6.266594,1.787442,
16926321557693,GameRo,0.565287,-0.294072,0.682653,0.357712
16926342042943,pre,1003.926758,,,
16926357392943,pre,1003.929016,,,
16926341470193,Gyro,1.642499,0.222024,-1.892858,
16926361382693,Gyro,1.754109,0.332969,-1.758499,
16926341470193,Lacc,-0.030224,-7.014336,1.529444,
16926372742943,pre,1003.919983,,,
16926341470193,GameRo,0.584918,-0.250049,0.677974,0.368371
16926361382693,Lacc,-0.785297,-6.842976,0.859787,
16926361382693,GameRo,0.584562,-0.250603,0.678321,0.367920
16926388062943,pre,1003.919250,,,
16926403382943,pre,1003.919250,,,
16926381272443,Gyro,1.782444,0.446975,-1.636113,
16926401139443,Gyro,1.793885,0.559782,-1.478342,
16926381272443,Lacc,-1.032622,-7.445227,-0.088539,
16926381272443,GameRo,0.600583,-0.204446,0.677690,0.371804
16926401139443,Lacc,-1.366041,-7.478450,-0.860753,
16926401139443,GameRo,0.600376,-0.205164,0.677979,0.371215
16926418702943,pre,1003.916992,,,
16926434022943,pre,1003.913269,,,
16926421052193,Gyro,1.829669,0.666471,-1.245676,
16926441010693,Gyro,1.852550,0.746288,-0.905257,
16926421052193,Lacc,-1.721580,-8.340340,-1.346961,
16926421052193,GameRo,0.611176,-0.159934,0.680822,0.370631
16926441010693,Lacc,-2.250542,-8.373998,-1.777559,
16926441010693,GameRo,0.611060,-0.160788,0.681105,0.369931
16926457001943,pre,1003.919250,,,
16926472352943,pre,1003.911011,,,
16926487580943,pre,1003.917786,,,
16926460946443,Gyro,1.811444,0.752141,-0.502979,
16926480859443,Gyro,1.720054,0.723141,-0.065849,
16926460946443,Lacc,-2.047071,-8.752304,-2.501631,
16926460946443,GameRo,0.616932,-0.120197,0.689138,0.360606
16926480859443,Lacc,-1.727796,-8.573047,-3.051338,
16926480859443,GameRo,0.617006,-0.121082,0.689309,0.359855
16926503022943,pre,1003.915527,,,
16926518372943,pre,1003.917786,,,
16926500772193,Gyro,1.702494,0.643856,0.354919,
16926520684693,Gyro,1.639838,0.572420,0.748682,
16926533570943,pre,1003.916260,,,
16926500772193,Lacc,-1.311398,-8.634957,-3.182406,
16926500772193,GameRo,0.619428,-0.092550,0.701598,0.339858
16926520684693,Lacc,-0.931852,-8.490886,-2.729577,
16926520684693,GameRo,0.619513,-0.093401,0.701759,0.339138
16926549012943,pre,1003.904236,,,
16926564362943,pre,1003.907288,,,
16926540597443,Gyro,1.502819,0.517080,1.130473,
16926560510443,Gyro,1.183551,0.427685,1.475681,
16926540597443,Lacc,-0.539968,-8.236848,-2.691456,
16926540597443,GameRo,0.620876,-0.077097,0.716616,0.308270
16926560510443,Lacc,-0.243780,-8.165485,-2.987361,
16926560510443,GameRo,0.621022,-0.077903,0.716701,0.307574
16926579713943,pre,1003.902771,,,
16926595032943,pre,1003.891479,,,
16926580400443,Gyro,0.776086,0.288937,1.768742,
16926600267443,Gyro,0.508567,0.123317,2.055684,
16926611542943,pre,1003.889282,,,
16926580400443,Lacc,0.058555,-7.950620,-3.512541,
16926580400443,GameRo,0.619681,-0.078012,0.732214,0.271610
16926600267443,Lacc,0.898469,-7.923184,-4.010132,
16926600267443,GameRo,0.619930,-0.078760,0.732168,0.270949
16926625733943,pre,1003.887024,,,
16926641053943,pre,1003.890015,,,
16926620180193,Gyro,0.373942,-0.029133,2.330520,
16926640138693,Gyro,0.416910,-0.159368,2.575292,
16926620180193,Lacc,2.561872,-7.009287,-4.623772,
16926620180193,GameRo,0.617485,-0.097006,0.744671,0.234022
16926640138693,Lacc,4.368549,-7.198359,-5.076290,
16926640138693,GameRo,0.617799,-0.097608,0.744499,0.233491
16926656281943,pre,1003.890015,,,
16926671723943,pre,1003.890015,,,
16926687073943,pre,1003.883240,,,
16926660074193,Gyro,0.621108,-0.299712,2.811550,
16926679986693,Gyro,0.757329,-0.488213,3.069093,
16926660074193,Lacc,5.451911,-6.367180,-5.312438,
16926660074193,GameRo,0.616738,-0.124293,0.754070,0.188585
16926679986693,Lacc,6.357183,-5.919665,-5.335081,
16926679986693,GameRo,0.617063,-0.124756,0.753826,0.188193
16926702393943,pre,1003.887024,,,
16926717713943,pre,1003.888489,,,
16926699899193,Gyro,0.741632,-0.729260,3.331424,
16926719811693,Gyro,0.706646,-0.939179,3.544535,
16926699899193,Lacc,7.785213,-4.310434,-4.571202,
16926699899193,GameRo,0.618849,-0.153213,0.759240,0.130791
16926719811693,Lacc,8.963691,-3.996134,-3.518533,
16926719811693,GameRo,0.619085,-0.153465,0.759030,0.130600
16926732941943,pre,1003.895996,,,
16926748383943,pre,1003.895996,,,
16926763733943,pre,1003.900513,,,
16926739724443,Gyro,0.648246,-1.085776,3.700843,
16926759637443,Gyro,0.530117,-1.179162,3.791302,
16926739724443,Lacc,8.811610,-2.353248,-2.509530,
16926739724443,GameRo,0.622884,-0.188720,0.756431,0.064912
16926759637443,Lacc,8.759200,-1.988429,-2.378054,
16926759637443,GameRo,0.623082,-0.188795,0.756250,0.064898
16926786744943,pre,1003.904236,,,
16926802064943,pre,1003.897522,,,
16926779550193,Gyro,0.497126,-1.192597,3.837330,
16926799462693,Gyro,0.629622,-1.175437,3.872715,
16926812379943,pre,1003.897522,,,
16926779550193,Lacc,8.595738,-0.484038,-2.042205,
16926779550193,GameRo,-0.625527,0.228625,-0.745946,0.003322
16926799462693,Lacc,7.108766,-0.324419,-2.380538,
16926799462693,GameRo,-0.625753,0.228577,-0.745772,0.003185
16926832612943,pre,1003.884033,,,
16926847931943,pre,1003.883240,,,
16926819375443,Gyro,0.964454,-1.172643,3.867128,
16926839288443,Gyro,1.503351,-1.143510,3.835734,
16926819375443,Lacc,6.898374,1.120497,-2.595552,
16926819375443,GameRo,-0.623693,0.266104,-0.731268,0.073769
16926839288443,Lacc,6.298967,1.451653,-2.767170,
16926839288443,GameRo,-0.623993,0.265940,-0.731104,0.073462
16926863373943,pre,1003.890747,,,
16926878693943,pre,1003.890015,,,
16926859201193,Gyro,2.064464,-1.092161,3.744077,
16926879113693,Gyro,2.491617,-0.984408,3.559700,
16926859201193,Lacc,6.476954,3.462993,-2.396597,
16926859201193,GameRo,-0.615963,0.288271,-0.716908,0.153399
16926879113693,Lacc,5.715312,4.523316,-2.027664,
16926879113693,GameRo,-0.616323,0.287886,-0.716870,0.152856
16926894013943,pre,1003.897522,,,
16926909333943,pre,1003.901245,,,
16926924714943,pre,1003.902039,,,
16926899033943,Gyro,2.532723,-0.846857,3.276882,
16926918961943,Gyro,2.068987,-0.739237,2.909991,
16926899033943,Lacc,5.249551,7.168222,-2.463231,
16926899033943,GameRo,-0.600346,0.291298,-0.705733,0.238056
16926918961943,Lacc,3.622191,8.371199,-2.447390,
16926918961943,GameRo,-0.600869,0.290680,-0.705811,0.237258
16926940034943,pre,1003.902039,,,
16926955384943,pre,1003.901245,,,
16926938874693,Gyro,1.513195,-0.669664,2.517292,
16926958772193,Gyro,1.056643,-0.627095,2.097854,
16926970612943,pre,1003.911743,,,
16926938874693,Lacc,2.887808,9.089796,-2.618514,
16926938874693,GameRo,-0.583895,0.291395,-0.693552,0.305190
16926958772193,Lacc,1.795701,9.294143,-2.333832,
16926958772193,GameRo,-0.584461,0.290671,-0.693752,0.304343
16926986054943,pre,1003.914001,,,
16927001404943,pre,1003.907288,,,
16926978677443,Gyro,0.703586,-0.584659,1.675490,
16926998590443,Gyro,0.524796,-0.564571,1.271217,
16926978677443,Lacc,1.362593,9.813076,-2.235214,
16926978677443,GameRo,-0.574790,0.295593,-0.679422,0.347314
16926998590443,Lacc,0.647224,9.519487,-2.174388,
16926998590443,GameRo,-0.575362,0.294815,-0.679710,0.346464
16927016724943,pre,1003.901245,,,
16927031952943,pre,1003.903503,,,
16927047394943,pre,1003.912537,,,
16927018480193,Gyro,0.538897,-0.569227,0.866146,
16927038346693,Gyro,0.577741,-0.569094,0.483690,
16927018480193,Lacc,0.699271,9.512452,-2.390611,
16927018480193,GameRo,-0.572431,0.297103,-0.667798,0.371616
16927038346693,Lacc,0.535633,9.852471,-2.399248,
16927038346693,GameRo,-0.573040,0.296318,-0.668105,0.370751
16927062745943,pre,1003.911743,,,
16927078095943,pre,1003.902771,,,
16927058259193,Gyro,0.548209,-0.584260,0.145932,
16927078217693,Gyro,0.524131,-0.599691,-0.182515,
16927058259193,Lacc,0.495122,9.836727,-2.216385,
16927058259193,GameRo,-0.574158,0.288945,-0.661795,0.385852
16927078217693,Lacc,0.427772,9.309562,-1.815581,
16927078217693,GameRo,-0.574668,0.288124,-0.662176,0.385051
16927093293943,pre,1003.896729,,,
16927108735943,pre,1003.895996,,,
16927124085943,pre,1003.899780,,,
16927098160943,Gyro,0.479566,-0.622705,-0.514819,
16927118088943,Gyro,0.443117,-0.649177,-0.843931,
16927098160943,Lacc,0.204010,8.540161,-1.508591,
16927098160943,GameRo,-0.580151,0.273430,-0.660162,0.390956
16927118088943,Lacc,0.402380,7.911502,-1.335417,
16927118088943,GameRo,-0.580544,0.272680,-0.660530,0.390275
16927139435943,pre,1003.903503,,,
16927162446943,pre,1003.904236,,,
16927138009443,Gyro,0.348401,-0.674852,-1.162134,
16927157922443,Gyro,0.188900,-0.679907,-1.494039,
16927138009443,Lacc,0.889807,7.244790,-1.153142,
16927138009443,GameRo,-0.590598,0.251123,-0.662256,0.386715
16927157922443,Lacc,2.450159,6.699759,-0.861935,
16927157922443,GameRo,-0.590907,0.250449,-0.662582,0.386121
16927177827943,pre,1003.914001,,,
16927193116943,pre,1003.909485,,,
16927177835193,Gyro,0.057468,-0.643856,-1.851486,
16927197747693,Gyro,-0.076890,-0.576012,-2.257355,
16927209565943,pre,1003.914001,,,
16927177835193,Lacc,3.659494,5.697942,-0.355563,
16927177835193,GameRo,-0.605855,0.224156,-0.667179,0.370900
16927197747693,Lacc,5.703885,5.089659,-0.164134,
16927197747693,GameRo,-0.606088,0.223561,-0.667457,0.370378
16927216096943,pre,1003.914001,,,
16927231324943,pre,1003.916992,,,
16927246888943,pre,1003.924500,,,
16927217637443,Gyro,-0.200074,-0.481562,-2.709651,
16927237504443,Gyro,-0.222689,-0.347736,-3.195469,
16927217637443,Lacc,7.397079,3.843714,0.172673,
16927217637443,GameRo,-0.623950,0.192113,-0.676562,0.340650
16927237504443,Lacc,9.315262,3.256890,0.395178,
16927237504443,GameRo,-0.624124,0.191606,-0.676776,0.340193
16927262086943,pre,1003.932007,,,
16927277436943,pre,1003.924500,,,
16927257417193,Gyro,-0.322859,-0.188767,-3.630072,
16927277375693,Gyro,-0.477305,0.009977,-4.028891,
16927292664943,pre,1003.929749,,,
16927257417193,Lacc,10.055813,2.031821,0.648111,
16927257417193,GameRo,-0.641337,0.151918,-0.692108,0.294269
16927277375693,Lacc,10.023697,1.529346,0.872585,
16927277375693,GameRo,-0.641431,0.151537,-0.692252,0.293922
16927308106943,pre,1003.937256,,,
16927323426943,pre,1003.932739,,,
16927297311443,Gyro,-0.591310,0.180253,-4.260892,
16927317224443,Gyro,-0.668999,0.314479,-4.301732,
16927297311443,Lacc,7.569881,-0.329040,1.368151,
16927297311443,GameRo,-0.654034,0.105881,-0.712546,0.230882
16927317224443,Lacc,5.137094,-0.730196,1.802855,
16927317224443,GameRo,-0.653970,0.105757,-0.712650,0.230799
16927338746943,pre,1003.932007,,,
16927354096943,pre,1003.936523,,,
16927337137193,Gyro,-0.828898,0.375672,-4.149281,
16927357049693,Gyro,-1.071941,0.382589,-3.904775,
16927337137193,Lacc,2.864982,-2.142851,1.723722,
16927337137193,GameRo,-0.659020,0.060752,-0.732468,0.159663
16927357049693,Lacc,4.521503,-1.799782,1.049680,
16927357049693,GameRo,-0.658987,0.060774,-0.732490,0.159691
16927369324943,pre,1003.929749,,,
16927384766943,pre,1003.929016,,,
16927400086943,pre,1003.931274,,,
16927376962193,Gyro,-1.094157,0.498856,-3.639517,
16927396874693,Gyro,-0.968046,0.660751,-3.314130,
16927376962193,Lacc,6.455880,-3.576865,0.539907,
16927376962193,GameRo,-0.658999,0.026404,-0.746478,0.088283
16927396874693,Lacc,6.732362,-4.175308,0.229891,
16927396874693,GameRo,-0.659036,0.026584,-0.746419,0.088449
16927415436943,pre,1003.926025,,,
16927430665943,pre,1003.927490,,,
16927446107943,pre,1003.927490,,,
16927416764443,Gyro,-1.072872,0.724870,-2.896555,
16927436631443,Gyro,-1.442690,0.630553,-2.408741,
16927416764443,Lacc,4.723845,-5.570449,-0.768082,
16927416764443,GameRo,-0.651226,-0.000374,-0.758420,0.026506
16927436631443,Lacc,2.372753,-5.439961,-1.313585,
16927436631443,GameRo,-0.651361,0.000035,-0.758292,0.026887
16927461457943,pre,1003.924500,,,
16927484437943,pre,1003.929749,,,
16927456544193,Gyro,-1.808784,0.471984,-1.904697,
16927476502693,Gyro,-1.981321,0.359575,-1.488585,
16927456544193,Lacc,0.568764,-5.756812,-1.163815,
16927456544193,GameRo,0.641643,0.007880,0.766480,0.027221
16927476502693,Lacc,-0.984447,-5.177888,-0.218365,
16927476502693,GameRo,0.641649,0.007346,0.766497,0.026738
16927499787943,pre,1003.926025,,,
16927515107943,pre,1003.916260,,,
16927496438443,Gyro,-1.866651,0.298249,-1.188074,
16927516351443,Gyro,-1.530622,0.279891,-1.013541,
16927496438443,Lacc,-2.434119,-5.728006,-0.164528,
16927496438443,GameRo,0.634047,-0.004453,0.769759,0.073722
16927516351443,Lacc,-3.448368,-6.235068,-0.788713,
16927516351443,GameRo,0.634041,-0.005205,0.769823,0.073060
16927530335943,pre,1003.923035,,,
16927545777943,pre,1003.914001,,,
16927561097943,pre,1003.918518,,,
16927536264193,Gyro,-0.997578,0.288139,-0.920023,
16927556176693,Gyro,-0.436731,0.297717,-0.863486,
16927536264193,Lacc,-3.825992,-7.008891,-1.835777,
16927536264193,GameRo,0.627386,-0.015857,0.771222,0.106548
16927556176693,Lacc,-3.769814,-7.266400,-2.540780,
16927556176693,GameRo,0.627559,-0.016709,0.771167,0.105794
16927576417943,pre,1003.915527,,,
16927591767943,pre,1003.908752,,,
16927576089443,Gyro,0.043367,0.303969,-0.819320,
16927596002443,Gyro,0.382456,0.312882,-0.758393,
16927607911943,pre,1003.912537,,,
16927576089443,Lacc,-3.398779,-7.642262,-2.861485,
16927576089443,GameRo,0.622536,-0.012449,0.772699,0.123407
16927596002443,Lacc,-2.945459,-7.473186,-2.798176,
16927596002443,GameRo,0.622744,-0.013280,0.772635,0.122675
16927622437943,pre,1003.912537,,,
16927637757943,pre,1003.914001,,,
16927615945693,Gyro,0.498590,0.289868,-0.624035,
16927635919193,Gyro,0.419704,0.193024,-0.392699,
16927615945693,Lacc,-2.603353,-7.698743,-2.960374,
16927615945693,GameRo,0.619290,0.001887,0.774539,0.128710
16927635919193,Lacc,-2.392121,-7.794736,-2.967469,
16927635919193,GameRo,0.619530,0.001061,0.774469,0.127983
16927653107943,pre,1003.916992,,,
16927668427943,pre,1003.905762,,,
16927683777943,pre,1003.905029,,,
16927655831693,Gyro,0.252620,0.050684,-0.080748,
16927675683193,Gyro,0.126510,-0.110147,0.312350,
16927655831693,Lacc,-1.979916,-8.050239,-2.767002,
16927655831693,GameRo,0.617903,0.011714,0.775695,0.127887
16927675683193,Lacc,-1.626987,-7.998657,-2.338471,
16927675683193,GameRo,0.618090,0.010906,0.775674,0.127184
16927699097943,pre,1003.906494,,,
16927714448943,pre,1003.895264,,,
16927695565443,Gyro,0.038844,-0.293992,0.716357,
16927715478443,Gyro,-0.083808,-0.465732,1.111849,
16927695565443,Lacc,-1.134909,-7.639686,-1.814758,
16927695565443,GameRo,0.620492,0.007546,0.774952,0.119925
16927715478443,Lacc,-0.099651,-7.547758,-1.452690,
16927715478443,GameRo,0.620610,0.006835,0.774960,0.119307
16927730195943,pre,1003.901245,,,
16927745148943,pre,1003.901245,,,
16927760499943,pre,1003.893005,,,
16927735368443,Gyro,-0.182116,-0.606209,1.464640,
16927755235443,Gyro,-0.163093,-0.704384,1.749985,
16927735368443,Lacc,0.902971,-7.522380,-0.926889,
16927735368443,GameRo,0.627787,-0.010314,0.771556,0.102368
16927755235443,Lacc,2.292495,-7.875245,-0.971727,
16927755235443,GameRo,0.627875,-0.010941,0.771549,0.101816
16927775727943,pre,1003.888489,,,
16927791169943,pre,1003.886230,,,
16927775148193,Gyro,-0.032592,-0.763582,1.954849,
16927795106693,Gyro,0.116533,-0.807215,2.154524,
16927807404943,pre,1003.878784,,,
16927775148193,Lacc,3.645814,-7.328233,-0.833316,
16927775148193,GameRo,0.637637,-0.037266,0.765669,0.076030
16927795106693,Lacc,5.009674,-7.090764,-0.976219,
16927795106693,GameRo,0.637731,-0.037745,0.765610,0.075600
16927821839943,pre,1003.884766,,,
16927837159943,pre,1003.888489,,,
16927815019443,Gyro,0.204730,-0.861490,2.351672,
16927834886443,Gyro,0.341350,-0.874527,2.523810,
16927815019443,Lacc,6.926130,-5.945946,-0.582443,
16927815019443,GameRo,0.648055,-0.065058,0.757754,0.040011
16927834886443,Lacc,8.377908,-5.746396,-0.233751,
16927834886443,GameRo,0.648111,-0.065353,0.757695,0.039743
16927852509943,pre,1003.889282,,,
16927875550943,pre,1003.895264,,,
16927854799193,Gyro,0.442851,-0.876123,2.723884,
16927874757693,Gyro,0.433672,-0.897674,2.964798,
16927854799193,Lacc,7.698971,-4.414500,0.611857,
16927854799193,GameRo,-0.657319,0.093660,-0.747757,0.004283
16927874757693,Lacc,5.993031,-3.972378,0.920868,
16927874757693,GameRo,-0.657284,0.093840,-0.747765,0.004462
16927890778943,pre,1003.895264,,,
16927906220943,pre,1003.893005,,,
16927921570943,pre,1003.895996,,,
16927894670443,Gyro,0.349332,-0.965784,3.231121,
16927914537443,Gyro,0.282818,-1.059037,3.468310,
16927894670443,Lacc,4.572790,-2.175150,1.030682,
16927894670443,GameRo,-0.663825,0.126309,-0.734991,0.056318
16927914537443,Lacc,4.764896,-1.348610,0.825139,
16927914537443,GameRo,-0.663797,0.126307,-0.735015,0.056325
16927936890943,pre,1003.899780,,,
16927952241943,pre,1003.904236,,,
16927934450193,Gyro,0.366093,-1.079124,3.568879,
16927954408693,Gyro,0.712100,-0.936651,3.485337,
16927934450193,Lacc,7.287169,0.471463,1.128076,
16927934450193,GameRo,-0.668463,0.166087,-0.716083,0.113128
16927954408693,Lacc,8.165656,1.050704,1.121016,
16927954408693,GameRo,-0.668477,0.165850,-0.716161,0.112900
16927967469943,pre,1003.901245,,,
16927982941943,pre,1003.897522,,,
16927998261943,pre,1003.900513,,,
16927974344193,Gyro,1.168386,-0.726600,3.253203,
16927994256693,Gyro,1.496035,-0.556989,2.988078,
16927974344193,Lacc,7.268990,2.712544,1.124264,
16927974344193,GameRo,-0.666685,0.198837,-0.696766,0.174679
16927994256693,Lacc,4.839176,3.040311,0.803677,
16927994256693,GameRo,-0.666739,0.198469,-0.696908,0.174321
16928013581943,pre,1003.899780,,,
16928029847943,pre,1003.899780,,,
16928014169193,Gyro,1.615361,-0.434603,2.739449,
16928034081693,Gyro,1.569865,-0.333369,2.522746,
16928045380943,pre,1003.892273,,,
16928014169193,Lacc,3.772555,4.708490,0.399207,
16928014169193,GameRo,-0.655940,0.214291,-0.683948,0.236721
16928034081693,Lacc,2.686358,5.952429,0.211365,
16928034081693,GameRo,-0.656099,0.213718,-0.684171,0.236155
16928059632943,pre,1003.897522,,,
16928074982943,pre,1003.895996,,,
16928053994443,Gyro,1.333607,-0.255813,2.367103,
16928073907443,Gyro,1.067817,-0.208322,2.216382,
16928090180943,pre,1003.901245,,,
16928053994443,Lacc,2.460242,7.742545,-0.256709,
16928053994443,GameRo,-0.641691,0.222815,-0.673751,0.290939
16928073907443,Lacc,1.493054,7.962670,-0.416613,
16928105500943,pre,1003.898987,,,
16928073907443,GameRo,-0.641956,0.222084,-0.674047,0.290227
16928120911943,pre,1003.906494,,,
16928093820193,Gyro,0.904724,-0.178524,1.999147,
16928113732693,Gyro,0.765577,-0.155510,1.747325,
16928093820193,Lacc,1.409926,8.243612,-0.693521,
16928093820193,GameRo,-0.628411,0.233665,-0.662964,0.333136
16928113732693,Lacc,0.917908,8.063121,-0.688424,
16928113732693,GameRo,-0.628714,0.232909,-0.663300,0.332423
16928136231943,pre,1003.901245,,,
16928151581943,pre,1003.904236,,,
16928133645443,Gyro,0.591177,-0.144203,1.486856,
16928153558443,Gyro,0.415979,-0.146863,1.175836,
16928133645443,Lacc,0.847494,8.618623,-1.032701,
16928133645443,GameRo,-0.617695,0.242680,-0.653265,0.364423
16928153558443,Lacc,0.346025,9.030190,-1.114920,
16928153558443,GameRo,-0.618072,0.241849,-0.653649,0.363647
16928166810943,pre,1003.901245,,,
16928182252943,pre,1003.912537,,,
16928197571943,pre,1003.907288,,,
16928173471193,Gyro,0.264726,-0.157239,0.812536,
16928193383693,Gyro,0.148193,-0.166551,0.440323,
16928173471193,Lacc,0.177851,9.416983,-1.182902,
16928173471193,GameRo,-0.611720,0.248695,-0.645695,0.383443
16928193383693,Lacc,0.127857,8.838013,-1.034193,
16928193383693,GameRo,-0.612084,0.247860,-0.646113,0.382697
16928212861943,pre,1003.913269,,,
16928228394943,pre,1003.916260,,,
16928213296443,Gyro,0.119459,-0.158969,0.080083,
16928233209443,Gyro,0.066913,-0.145799,-0.257409,
16928213296443,Lacc,0.333089,8.453547,-0.940964,
16928213296443,GameRo,-0.611321,0.248903,-0.642074,0.389968
16928233209443,Lacc,0.172165,8.469771,-0.968026,
16928233209443,GameRo,-0.611669,0.248093,-0.642490,0.389253
16928251252943,pre,1003.912537,,,
16928266602943,pre,1003.905762,,,
16928281952943,pre,1003.911011,,,
16928253099443,Gyro,-0.007450,-0.142340,-0.590778,
16928272966443,Gyro,-0.069973,-0.154978,-0.923881,
16928253099443,Lacc,-0.113032,8.272146,-0.928791,
16928253099443,GameRo,-0.614759,0.241909,-0.643602,0.386429
16928272966443,Lacc,0.609951,7.698918,-0.846087,
16928272966443,GameRo,-0.615071,0.241163,-0.643979,0.385770
16928297272943,pre,1003.919250,,,
16928312623943,pre,1003.920776,,,
16928292886693,Gyro,-0.094982,-0.153115,-1.283056,
16928312860193,Gyro,-0.046294,-0.117996,-1.650347,
16928292886693,Lacc,1.960740,6.710201,-0.426916,
16928292886693,GameRo,-0.622265,0.228573,-0.649261,0.372829
16928312860193,Lacc,3.651945,6.052903,-0.075795,
16928312860193,GameRo,-0.622478,0.227930,-0.649595,0.372283
16928327973943,pre,1003.920776,,,
16928343323943,pre,1003.922241,,,
16928358643943,pre,1003.920776,,,
16928332795693,Gyro,-0.071569,-0.065583,-2.001143,
16928352693193,Gyro,-0.274171,-0.015298,-2.357126,
16928332795693,Lacc,4.629800,5.417063,0.003281,
16928332795693,GameRo,-0.631818,0.206248,-0.660289,0.349696
16928352693193,Lacc,5.856051,5.252705,-0.081849,
16928352693193,GameRo,-0.632020,0.205656,-0.660559,0.349168
16928373994943,pre,1003.919250,,,
16928389344943,pre,1003.923035,,,
16928372605943,Gyro,-0.563906,0.040840,-2.701669,
16928392533943,Gyro,-0.820385,0.111877,-3.056721,
16928404572943,pre,1003.926758,,,
16928372605943,Lacc,6.839484,4.163398,-0.067516,
16928372605943,GameRo,-0.643295,0.178732,-0.675239,0.313494
16928392533943,Lacc,9.386496,3.459678,-0.334202,
16928392533943,GameRo,-0.643484,0.178246,-0.675404,0.313027
16928420014943,pre,1003.914734,,,
16928435364943,pre,1003.919983,,,
16928412446693,Gyro,-0.683499,0.228675,-3.493585,
16928432344193,Gyro,-0.349465,0.319135,-3.827486,
16928412446693,Lacc,9.313869,1.387473,0.092909,
16928412446693,GameRo,-0.656556,0.149239,-0.692186,0.259885
16928432344193,Lacc,7.207564,0.566532,1.012903,
16928432344193,GameRo,-0.656587,0.148964,-0.692307,0.259643
16928450684943,pre,1003.927490,,,
16928458375943,pre,1003.924500,,,
16928473694943,pre,1003.925232,,,
16928452249193,Gyro,-0.182249,0.318336,-3.959716,
16928472161693,Gyro,-0.167083,0.310222,-3.909431,
16928452249193,Lacc,4.584354,-1.104577,1.540511,
16928452249193,GameRo,-0.663543,0.104970,-0.713085,0.200505
16928472161693,Lacc,5.063364,-1.229764,1.461150,
16928472161693,GameRo,-0.663488,0.104896,-0.713161,0.200457
16928489045943,pre,1003.921509,,,
16928504395943,pre,1003.922241,,,
16928519715943,pre,1003.915527,,,
16928492081943,Gyro,-0.223753,0.370084,-3.744742,
16928512009943,Gyro,-0.375006,0.460011,-3.508085,
16928492081943,Lacc,5.665695,-2.710583,1.199114,
16928492081943,GameRo,-0.665713,0.056757,-0.730431,0.141687
16928512009943,Lacc,5.976175,-2.530325,0.568662,
16928512009943,GameRo,-0.665717,0.056807,-0.730415,0.141733
16928535065943,pre,1003.914001,,,
16928550416943,pre,1003.912537,,,
16928531930443,Gyro,-0.689352,0.505374,-3.199327,
16928551843443,Gyro,-0.988266,0.447773,-2.758339,
16928531930443,Lacc,4.992235,-3.786456,-0.692718,
16928531930443,GameRo,-0.662427,0.017754,-0.744073,0.085037
16928551843443,Lacc,3.511263,-4.100797,-1.294249,
16928551843443,GameRo,-0.662552,0.018010,-0.743929,0.085268
16928573395943,pre,1003.915527,,,
16928588746943,pre,1003.911011,,,
16928571756193,Gyro,-1.229047,0.319534,-2.219309,
16928591668693,Gyro,-1.415020,0.222822,-1.760761,
16928604401943,pre,1003.908752,,,
16928571756193,Lacc,1.818611,-5.020974,-0.735152,
16928571756193,GameRo,-0.657550,-0.001858,-0.752737,0.031811
16928591668693,Lacc,0.281954,-4.458848,0.440220,
16928591668693,GameRo,-0.657516,-0.001449,-0.752751,0.032187
16928619416943,pre,1003.914001,,,
16928634736943,pre,1003.910278,,,
16928611581443,Gyro,-1.535145,0.173336,-1.416085,
16928631494443,Gyro,-1.596072,0.161895,-1.183551,
16928611581443,Lacc,-1.230881,-4.680453,0.569429,
16928611581443,GameRo,0.654270,0.002284,0.756163,0.011994
16928631494443,Lacc,-2.673331,-5.066211,0.178334,
16928631494443,GameRo,0.654202,0.001684,0.756231,0.011453
16928650086943,pre,1003.905762,,,
16928665406943,pre,1003.910278,,,
16928680756943,pre,1003.903503,,,
16928651376693,Gyro,-1.358483,0.180785,-1.053184,
16928671228193,Gyro,-0.986005,0.207790,-1.028441,
16928651376693,Lacc,-3.720067,-5.971866,-0.415995,
16928651376693,GameRo,0.650806,-0.007322,0.757639,0.048801
16928671228193,Lacc,-3.983098,-6.225523,-0.985504,
16928671228193,GameRo,0.650838,-0.008097,0.757648,0.048103
16928696076943,pre,1003.904236,,,
16928711426943,pre,1003.902771,,,
16928691140693,Gyro,-0.520273,0.262198,-1.096285,
16928711114193,Gyro,0.064785,0.331639,-1.189937,
16928691140693,Lacc,-3.836702,-6.895135,-1.455686,
16928691140693,GameRo,0.646747,-0.009745,0.758920,0.075260
16928711114193,Lacc,-3.677866,-7.640577,-1.480181,
16928711114193,GameRo,0.646824,-0.010590,0.758918,0.074505
16928726655943,pre,1003.900513,,,
16928742097943,pre,1003.895264,,,
16928757447943,pre,1003.889282,,,
16928731057443,Gyro,0.634145,0.389373,-1.196987,
16928750970443,Gyro,0.741765,0.383786,-1.018463,
16928731057443,Lacc,-3.155865,-8.873259,-1.550169,
16928731057443,GameRo,0.642128,0.005913,0.761220,0.090449
16928750970443,Lacc,-2.551432,-8.897814,-2.055974,
16928750970443,GameRo,0.642279,0.005054,0.761190,0.089683
16928772767943,pre,1003.905762,,,
16928788117943,pre,1003.914734,,,
16928770883193,Gyro,0.471984,0.267387,-0.673256,
16928790795693,Gyro,0.162826,0.082344,-0.218033,
16928803681943,pre,1003.905029,,,
16928770883193,Lacc,-1.850263,-9.489036,-2.625096,
16928770883193,GameRo,0.637842,0.028678,0.763794,0.094620
16928790795693,Lacc,-1.153631,-9.234470,-2.029615,
16928790795693,GameRo,0.638022,0.027852,0.763765,0.093884
16928818757943,pre,1003.907288,,,
16928834077943,pre,1003.900513,,,
16928810685443,Gyro,-0.097776,-0.086867,0.288671,
16928830552443,Gyro,-0.297318,-0.204198,0.833687,
16928810685443,Lacc,-0.494650,-8.600516,-0.738106,
16928810685443,GameRo,0.637103,0.031819,0.764346,0.094135
16928830552443,Lacc,-0.039355,-7.866739,0.194841,
16928830552443,GameRo,0.637096,0.031106,0.764457,0.093522
16928849427943,pre,1003.893738,,,
16928864747943,pre,1003.895996,,,
16928880097943,pre,1003.871277,,,
16928850442443,Gyro,-0.415447,-0.301575,1.313919,
16928870355443,Gyro,-0.387644,-0.412520,1.689990,
16928850442443,Lacc,0.078828,-7.620808,0.235858,
16928850442443,GameRo,0.640157,0.014483,0.763521,0.083816
16928870355443,Lacc,0.747478,-8.141979,-0.220759,
16928870355443,GameRo,0.640186,0.013793,0.763576,0.083213
16928895417943,pre,1003.855530,,,
16928910676943,pre,1003.871277,,,
16928890291193,Gyro,-0.304634,-0.510429,2.009523,
16928910249693,Gyro,-0.120257,-0.595434,2.268795,
16928890291193,Lacc,2.142201,-7.918717,-0.575678,
16928890291193,GameRo,0.645972,-0.015259,0.760720,0.061588
16928910249693,Lacc,4.153644,-8.093214,-0.935421,
16928910249693,GameRo,0.646063,-0.015816,0.760671,0.061092
16928925995943,pre,1003.863770,,,
16928949128943,pre,1003.870483,,,
16928930185193,Gyro,0.212313,-0.661948,2.438406,
16928950097693,Gyro,0.650907,-0.674719,2.560659,
16928930185193,Lacc,6.741476,-6.866282,-1.015023,
16928930185193,GameRo,0.653646,-0.047851,0.754799,0.027134
16928950097693,Lacc,8.449068,-6.832892,-0.399218,
16928950097693,GameRo,0.653708,-0.048203,0.754734,0.026818
16928964478943,pre,1003.861511,,,
16928979828943,pre,1003.880981,,,
16928995179943,pre,1003.868286,,,
16928970010443,Gyro,0.840073,-0.647581,2.733728,
16928989923443,Gyro,0.852577,-0.657558,2.935532,
16928970010443,Lacc,7.217272,-4.922011,0.720064,
16928970010443,GameRo,-0.660609,0.072602,-0.746911,0.021171
16928989923443,Lacc,5.022464,-3.699047,0.817107,
16928989923443,GameRo,-0.660576,0.072794,-0.746916,0.021354
16929010499943,pre,1003.874268,,,
16929025849943,pre,1003.884766,,,
16929009836193,Gyro,0.937316,-0.683499,3.164474,
16929029748693,Gyro,0.923747,-0.654365,3.319052,
16929041321943,pre,1003.884033,,,
16929009836193,Lacc,4.300261,-1.520867,1.008008,
16929009836193,GameRo,-0.664392,0.098200,-0.736821,0.077681
16929029748693,Lacc,5.375800,-0.860965,1.102224,
16929029748693,GameRo,-0.664359,0.098160,-0.736859,0.077654
16929056519943,pre,1003.885498,,,
16929071747943,pre,1003.899780,,,
16929049638443,Gyro,0.932394,-0.540493,3.371332,
16929069505443,Gyro,0.902197,-0.399750,3.324640,
16929049638443,Lacc,6.792648,0.655067,0.775541,
16929049638443,GameRo,-0.664282,0.126942,-0.723272,0.139618
16929069505443,Lacc,7.277168,1.026966,-0.020556,
16929069505443,GameRo,-0.664358,0.126731,-0.723281,0.139400
16929087189943,pre,1003.889282,,,
16929102540943,pre,1003.893005,,,
16929117859943,pre,1003.899780,,,
16929089418193,Gyro,0.932660,-0.268850,3.162478,
16929109376693,Gyro,0.950087,-0.186905,3.008299,
16929089418193,Lacc,7.178303,2.452537,-0.607291,
16929089418193,GameRo,-0.657721,0.155660,-0.709554,0.199262
16929109376693,Lacc,5.144814,2.797757,-0.653619,
16929109376693,GameRo,-0.657872,0.155326,-0.709587,0.198909
16929133210943,pre,1003.888489,,,
16929148560943,pre,1003.895996,,,
16929129312193,Gyro,0.928936,-0.155510,2.886445,
16929149224693,Gyro,0.808146,-0.135822,2.750357,
16929129312193,Lacc,3.879105,4.558733,-0.506946,
16929129312193,GameRo,-0.646304,0.179761,-0.696924,0.253523
16929149224693,Lacc,2.759152,5.543158,-0.416854,
16929149224693,GameRo,-0.646490,0.179209,-0.697085,0.252996
16929163788943,pre,1003.887756,,,
16929179261943,pre,1003.895996,,,
16929194611943,pre,1003.893005,,,
16929169137443,Gyro,0.590512,-0.118661,2.570636,
16929189050443,Gyro,0.413451,-0.113074,2.329855,
16929169137443,Lacc,2.749793,6.983757,-0.686639,
16929169137443,GameRo,-0.633841,0.201740,-0.683508,0.300604
16929189050443,Lacc,1.892589,7.293382,-0.957084,
16929189050443,GameRo,-0.634128,0.201048,-0.683736,0.299944
16929209931943,pre,1003.898254,,,
16929225281943,pre,1003.902039,,,
16929208963193,Gyro,0.344277,-0.133959,2.051693,
16929228875693,Gyro,0.344676,-0.185840,1.776990,
16929208963193,Lacc,1.566173,7.890026,-1.377543,
16929208963193,GameRo,-0.623667,0.223015,-0.669609,0.336048
16929228875693,Lacc,0.728920,8.000402,-1.485987,
16929228875693,GameRo,-0.624055,0.222273,-0.669861,0.335315
16929240510943,pre,1003.899780,,,
16929255952943,pre,1003.916260,,,
16929248788443,Gyro,0.345873,-0.226414,1.515457,
16929268701443,Gyro,0.348933,-0.246767,1.242616,
16929248788443,Lacc,0.723732,8.832391,-1.373191,
16929280152943,pre,1003.901245,,,
16929248788443,GameRo,-0.616464,0.237381,-0.657233,0.362860
16929268701443,Lacc,0.364229,9.112679,-1.102324,
16929268701443,GameRo,-0.616831,0.236528,-0.657617,0.362096
16929294282943,pre,1003.905029,,,
16929309632943,pre,1003.902039,,,
16929288614193,Gyro,0.318336,-0.249561,0.949821,
16929308526693,Gyro,0.193423,-0.237189,0.632549,
16929288614193,Lacc,0.473522,9.484895,-1.004625,
16929288614193,GameRo,-0.611944,0.244235,-0.647658,0.382639
16929308526693,Lacc,0.394411,9.327309,-0.833162,
16929308526693,GameRo,-0.612278,0.243348,-0.648113,0.381899
16929324952943,pre,1003.905762,,,
16929340302943,pre,1003.905762,,,
16929355652943,pre,1003.893005,,,
16929328439193,Gyro,-0.019954,-0.208588,0.305167,
16929348351693,Gyro,-0.263529,-0.162959,-0.044564,
16929370850943,pre,1003.906494,,,
16929328439193,Lacc,0.521718,9.238976,-0.679752,
16929328439193,GameRo,-0.611268,0.245807,-0.641858,0.392363
16929348351693,Lacc,0.507432,8.991583,-0.691052,
16929348351693,GameRo,-0.611579,0.244935,-0.642328,0.391655
16929386292943,pre,1003.905029,,,
16929368264443,Gyro,-0.463603,-0.118262,-0.415713,
16929388177443,Gyro,-0.576677,-0.084207,-0.795907,
16929368264443,Lacc,0.435669,8.550653,-0.576739,
16929368264443,GameRo,-0.616404,0.245487,-0.640020,0.387501
16929388177443,Lacc,0.795567,7.829354,-0.597134,
16929388177443,GameRo,-0.616695,0.244716,-0.640427,0.386853
16929401520943,pre,1003.901245,,,
16929416962943,pre,1003.914734,,,
16929432191943,pre,1003.904236,,,
16929408090193,Gyro,-0.578539,-0.061060,-1.191001,
16929428002693,Gyro,-0.545948,-0.040041,-1.612301,
16929408090193,Lacc,1.803933,6.887123,-0.466444,
16929408090193,GameRo,-0.626343,0.240550,-0.643154,0.369030
16929428002693,Lacc,3.404630,6.144162,-0.349295,
16929428002693,GameRo,-0.626598,0.239912,-0.643469,0.368463
16929447632943,pre,1003.918518,,,
16929462983943,pre,1003.904236,,,
16929447915443,Gyro,-0.461874,-0.024344,-2.071248,
16929467828443,Gyro,-0.266988,-0.014367,-2.586998,
16929478913943,pre,1003.916260,,,
16929447915443,Lacc,4.723024,4.943096,-0.000949,
16929447915443,GameRo,-0.638754,0.225318,-0.652325,0.340144
16929467828443,Lacc,6.396608,4.241947,0.123263,
16929467828443,GameRo,-0.638942,0.224779,-0.652579,0.339658
16929493683943,pre,1003.911743,,,
16929509034943,pre,1003.917786,,,
16929487741193,Gyro,-0.030463,-0.011174,-3.116318,
16929507653693,Gyro,0.240382,-0.012638,-3.563292,
16929487741193,Lacc,6.834730,2.892189,0.484213,
16929487741193,GameRo,-0.651866,0.193917,-0.668201,0.301619
16929507653693,Lacc,8.353617,2.048502,0.818734,
16929507653693,GameRo,-0.651962,0.193497,-0.668397,0.301248
16929524354943,pre,1003.923035,,,
16929539704943,pre,1003.926758,,,
16929555054943,pre,1003.919250,,,
16929527566443,Gyro,0.543819,0.005321,-3.936702,
16929547479443,Gyro,0.685361,0.016762,-4.084763,
16929527566443,Lacc,7.586493,0.185313,1.324602,
16929527566443,GameRo,-0.662758,0.142471,-0.689174,0.255915
16929547479443,Lacc,6.549746,-0.214526,2.092072,
16929547479443,GameRo,-0.662698,0.142248,-0.689338,0.255754
16929570374943,pre,1003.925232,,,
16929585724943,pre,1003.918518,,,
16929567392193,Gyro,0.535039,0.047757,-4.033014,
16929587304693,Gyro,0.032459,0.127308,-3.844381,
16929567392193,Lacc,5.526402,-1.537344,2.136012,
16929567392193,GameRo,-0.668203,0.078738,-0.710041,0.207719
16929587304693,Lacc,5.800861,-1.051797,1.669459,
16929587304693,GameRo,-0.668139,0.078649,-0.710129,0.207657
16929600983943,pre,1003.927490,,,
16929616425943,pre,1003.926758,,,
16929631623943,pre,1003.919250,,,
16929607217443,Gyro,-0.451897,0.245703,-3.549590,
16929627130443,Gyro,-0.865880,0.428351,-3.178974,
16929607217443,Lacc,6.284518,-2.278617,1.054338,
16929607217443,GameRo,-0.669988,0.027912,-0.725871,0.153130
16929627130443,Lacc,5.534014,-2.162176,0.558639,
16929627130443,GameRo,-0.669988,0.027959,-0.725859,0.153173
16929646973943,pre,1003.914734,,,
16929662415943,pre,1003.907288,,,
16929647043193,Gyro,-1.394800,0.534108,-2.724949,
16929666955693,Gyro,-1.919064,0.525993,-2.223433,
16929678895943,pre,1003.909485,,,
16929647043193,Lacc,3.323640,-3.030771,-0.293924,
16929647043193,GameRo,-0.666773,0.000564,-0.739154,0.095209
16929666955693,Lacc,1.637604,-2.889629,-0.940715,
16929666955693,GameRo,-0.666873,0.000787,-0.739037,0.095412
16929693085943,pre,1003.914001,,,
16929708436943,pre,1003.916992,,,
16929686868193,Gyro,-2.309502,0.489943,-1.751981,
16929706780693,Gyro,-2.445057,0.489677,-1.421672,
16929686868193,Lacc,0.790784,-3.582128,-1.057101,
16929686868193,GameRo,-0.661578,0.001582,-0.748932,0.037573
16929706780693,Lacc,0.124704,-4.056045,-0.764503,
16929706780693,GameRo,-0.661655,0.001965,-0.748846,0.037925
16929723755943,pre,1003.908752,,,
16929739106943,pre,1003.922241,,,
16929754456943,pre,1003.915527,,,
16929726723943,Gyro,-2.291676,0.499388,-1.277203,
16929746697943,Gyro,-1.959771,0.506172,-1.217474,
16929726723943,Lacc,-1.060277,-5.053121,-0.734190,
16929726723943,GameRo,0.655192,-0.020514,0.755038,0.014831
16929746697943,Lacc,-2.281631,-5.561452,-0.857200,
16929746697943,GameRo,0.655233,-0.021141,0.754996,0.014271
16929769776943,pre,1003.905029,,,
16929785126943,pre,1003.904236,,,
16929766610693,Gyro,-1.557893,0.496993,-1.205900,
16929786462193,Gyro,-1.216276,0.466264,-1.235433,
16929766610693,Lacc,-2.845256,-6.126245,-1.440544,
16929766610693,GameRo,0.646990,-0.034938,0.759524,0.057503
16929786462193,Lacc,-3.056226,-6.228548,-1.745334,
16929786462193,GameRo,0.647096,-0.035671,0.759449,0.056858
16929800355943,pre,1003.907288,,,
16929815796943,pre,1003.897522,,,
16929831025943,pre,1003.904236,,,
16929806344443,Gyro,-0.775820,0.430612,-1.255520,
16929826257443,Gyro,-0.367956,0.391103,-1.186611,
16929806344443,Lacc,-3.044701,-6.951974,-1.973419,
16929806344443,GameRo,0.639389,-0.037772,0.762641,0.090184
16929826257443,Lacc,-2.835402,-7.267354,-1.928053,
16929826257443,GameRo,0.639490,-0.038571,0.762598,0.089496
16929846345943,pre,1003.900513,,,
16929861786943,pre,1003.901245,,,
16929846177943,Gyro,-0.145400,0.315410,-1.000638,
16929866105943,Gyro,0.049486,0.176528,-0.709572,
16929877350943,pre,1003.900513,,,
16929846177943,Lacc,-2.678780,-8.163599,-2.269540,
16929846177943,GameRo,0.633859,-0.029276,0.764816,0.111458
16929866105943,Lacc,-2.782773,-8.488565,-2.425529,
16929866105943,GameRo,0.633997,-0.030146,0.764775,0.110716
16929892457943,pre,1003.895996,,,
16929907807943,pre,1003.894531,,,
16929886033943,Gyro,0.219496,-0.012372,-0.338424,
16929905961943,Gyro,0.405071,-0.203533,0.059597,
16929886033943,Lacc,-2.550004,-8.621161,-2.318229,
16929886033943,GameRo,0.632112,-0.021136,0.765270,0.119790
16929905961943,Lacc,-2.008523,-8.228360,-1.702146,
16929905961943,GameRo,0.632197,-0.021965,0.765285,0.119092
16929923127943,pre,1003.897522,,,
16929938477943,pre,1003.890747,,,
16929953797943,pre,1003.888489,,,
16929925874693,Gyro,0.463071,-0.336295,0.483291,
16929945772193,Gyro,0.457750,-0.398552,0.910578,
16929925874693,Lacc,-1.254160,-8.054251,-0.716639,
16929925874693,GameRo,0.636302,-0.018287,0.763051,0.111974
16929945772193,Lacc,-0.367350,-8.259206,-0.407988,
16929945772193,GameRo,0.636294,-0.019033,0.763131,0.111349
16929969147943,pre,1003.893005,,,
16929992158943,pre,1003.887024,,,
16929965692443,Gyro,0.329112,-0.429282,1.311525,
16929985635443,Gyro,0.206726,-0.470388,1.657265,
16929965692443,Lacc,0.489377,-8.058874,-0.466502,
16929965692443,GameRo,0.642913,-0.025744,0.760108,0.090753
16929985635443,Lacc,1.647424,-8.006732,-0.871622,
16929985635443,GameRo,0.642969,-0.026391,0.760104,0.090196
16930007477943,pre,1003.897522,,,
16930022828943,pre,1003.881775,,,
16930005547943,Gyro,0.168015,-0.521603,1.978927,
16930025429943,Gyro,0.186772,-0.559383,2.259749,
16930005547943,Lacc,3.011569,-7.112705,-0.791890,
16930005547943,GameRo,0.649302,-0.046212,0.756647,0.061282
16930025429943,Lacc,4.939637,-7.005386,-0.541266,
16930025429943,GameRo,0.649354,-0.046676,0.756608,0.060875
16930038087943,pre,1003.884766,,,
16930053467943,pre,1003.875000,,,
16930068818943,pre,1003.876526,,,
16930045327443,Gyro,0.189698,-0.549805,2.505319,
16930065240443,Gyro,0.102698,-0.535704,2.704595,
16930045327443,Lacc,6.600020,-5.845506,-0.195491,
16930045327443,GameRo,0.655155,-0.074236,0.751474,0.023385
16930065240443,Lacc,6.584264,-5.209149,-0.342666,
16930065240443,GameRo,0.655199,-0.074524,0.751415,0.023132
16930084138943,pre,1003.872742,,,
16930099488943,pre,1003.874268,,,
16930114808943,pre,1003.873535,,,
16930085130443,Gyro,0.039908,-0.578007,2.887908,
16930104997443,Gyro,0.079418,-0.651971,3.078005,
16930085130443,Lacc,5.671681,-3.660891,-0.232528,
16930085130443,GameRo,-0.658358,0.108726,-0.744547,0.019863
16930104997443,Lacc,5.084680,-3.368821,-0.072078,
16930104997443,GameRo,-0.658378,0.108887,-0.744501,0.020004
16930130128943,pre,1003.879517,,,
16930145478943,pre,1003.882507,,,
16930124910193,Gyro,0.196749,-0.698132,3.262648,
16930144868693,Gyro,0.342148,-0.728063,3.384103,
16930124910193,Lacc,5.114977,-1.879208,0.178611,
16930124910193,GameRo,-0.659990,0.147563,-0.733477,0.068192
16930144868693,Lacc,6.165986,-1.351322,-0.422063,
16930144868693,GameRo,-0.660058,0.147539,-0.733424,0.068149
16930160676943,pre,1003.893005,,,
16930176148943,pre,1003.890747,,,
16930191498943,pre,1003.895264,,,
16930164804193,Gyro,0.501383,-0.713430,3.381842,
16930184716693,Gyro,0.705448,-0.645453,3.271960,
16930164804193,Lacc,8.031039,0.325089,-0.925198,
16930164804193,GameRo,-0.658753,0.185365,-0.718545,0.124007
16930184716693,Lacc,7.644605,0.658831,-1.238482,
16930184716693,GameRo,-0.658912,0.185170,-0.718491,0.123768
16930206788943,pre,1003.889282,,,
16930222138943,pre,1003.892273,,,
16930204629443,Gyro,0.907651,-0.588383,3.159019,
16930224542443,Gyro,0.997844,-0.604214,3.045813,
16930204629443,Lacc,5.756412,2.170942,-1.129883,
16930204629443,GameRo,-0.652900,0.215528,-0.703042,0.181663
16930224542443,Lacc,3.298634,2.687897,-1.015990,
16930224542443,GameRo,-0.653096,0.215232,-0.703041,0.181315
16930237366943,pre,1003.887756,,,
16930252778943,pre,1003.887756,,,
16930268128943,pre,1003.885498,,,
16930244455193,Gyro,0.961394,-0.639732,2.946573,
16930264367693,Gyro,0.930133,-0.686824,2.850261,
16930244455193,Lacc,2.488752,4.262734,-1.130167,
16930244455193,GameRo,-0.643800,0.237793,-0.687089,0.238505
16930264367693,Lacc,1.666085,4.703410,-1.291502,
16930264367693,GameRo,-0.644096,0.237366,-0.687135,0.238001
16930283448943,pre,1003.893005,,,
16930298798943,pre,1003.888489,,,
16930284257443,Gyro,0.842201,-0.725935,2.726013,
16930304124443,Gyro,0.763715,-0.759458,2.545094,
16930315064943,pre,1003.898254,,,
16930284257443,Lacc,1.836020,6.150534,-1.677517,
16930284257443,GameRo,-0.634930,0.256954,-0.668041,0.290791
16930304124443,Lacc,1.307951,6.519645,-1.993323,
16930304124443,GameRo,-0.635382,0.256416,-0.668113,0.290113
16930329468943,pre,1003.898987,,,
16930344819943,pre,1003.891479,,,
16930324037193,Gyro,0.786329,-0.794045,2.301254,
16930343995693,Gyro,0.924679,-0.802027,1.974936,
16930324037193,Lacc,1.513804,7.688447,-2.091160,
16930324037193,GameRo,-0.627766,0.272721,-0.646996,0.336049
16930343995693,Lacc,1.157763,8.038695,-1.812542,
16930343995693,GameRo,-0.628272,0.272060,-0.647190,0.335264
16930360139943,pre,1003.895264,,,
16930375458943,pre,1003.895996,,,
16930390809943,pre,1003.890015,,,
16930363931193,Gyro,1.096950,-0.766242,1.606714,
16930383843693,Gyro,1.159739,-0.704517,1.213217,
16930363931193,Lacc,1.662157,8.695443,-1.638135,
16930363931193,GameRo,-0.621524,0.278132,-0.628854,0.375357
16930383843693,Lacc,1.335196,8.914037,-1.535787,
16930383843693,GameRo,-0.622027,0.277383,-0.629171,0.374546
16930413819943,pre,1003.891479,,,
16930430085943,pre,1003.903503,,,
16930403756443,Gyro,1.016335,-0.628824,0.804155,
16930423669443,Gyro,0.653567,-0.576411,0.385383,
16930403756443,Lacc,1.092757,9.579601,-1.798296,
16930403756443,GameRo,-0.615786,0.271524,-0.617991,0.406411
16930423669443,Lacc,0.337746,9.786683,-1.849557,
16930423669443,GameRo,-0.616347,0.270720,-0.618347,0.405554
16930444489943,pre,1003.895996,,,
16930459809943,pre,1003.907288,,,
16930443582193,Gyro,0.323924,-0.570691,-0.029665,
16930463494693,Gyro,0.197680,-0.597163,-0.434337,
16930475037943,pre,1003.899780,,,
16930443582193,Lacc,-0.097844,9.430298,-1.776659,
16930443582193,GameRo,-0.616748,0.261639,-0.612149,0.420049
16930463494693,Lacc,0.082657,8.778661,-1.395393,
16930463494693,GameRo,-0.617216,0.260849,-0.612544,0.419276
16930490479943,pre,1003.892273,,,
16930505829943,pre,1003.895996,,,
16930483407443,Gyro,0.221492,-0.623902,-0.829431,
16930503320443,Gyro,0.312483,-0.645852,-1.244212,
16930483407443,Lacc,0.674976,8.064803,-1.041532,
16930483407443,GameRo,-0.625552,0.247025,-0.610392,0.418432
16930503320443,Lacc,1.705883,7.389987,-0.945087,
16930503320443,GameRo,-0.625899,0.246321,-0.610767,0.417781
16930521149943,pre,1003.898254,,,
16930536500943,pre,1003.902039,,,
16930551850943,pre,1003.909485,,,
16930523210443,Gyro,0.353589,-0.679109,-1.682673,
16930543077443,Gyro,0.328180,-0.732586,-2.142551,
16930523210443,Lacc,2.453286,6.568556,-0.644588,
16930523210443,GameRo,-0.637417,0.220495,-0.614926,0.408593
16930543077443,Lacc,3.704130,5.876116,0.068309,
16930543077443,GameRo,-0.637605,0.219858,-0.615308,0.408067
16930567170943,pre,1003.908752,,,
16930582520943,pre,1003.904236,,,
16930562967193,Gyro,0.565237,-0.748549,-2.601632,
16930582879693,Gyro,0.973101,-0.715159,-3.007234,
16930562967193,Lacc,4.283764,4.264406,1.030057,
16930562967193,GameRo,-0.652442,0.181219,-0.624954,0.388472
16930582879693,Lacc,5.679259,3.532422,1.903893,
16930582879693,GameRo,-0.652438,0.180704,-0.625331,0.388115
16930597779943,pre,1003.914734,,,
16930613190943,pre,1003.908020,,,
16930628541943,pre,1003.922241,,,
16930602792443,Gyro,1.383626,-0.617650,-3.323708,
16930622705443,Gyro,1.577581,-0.488745,-3.586572,
16930643738943,pre,1003.927490,,,
16930602792443,Lacc,5.964462,2.169230,2.323356,
16930602792443,GameRo,-0.663024,0.122762,-0.641996,0.364925
16930622705443,Lacc,8.079850,2.111521,2.236187,
16930622705443,GameRo,-0.662987,0.122337,-0.642292,0.364614
16930659180943,pre,1003.926758,,,
16930642640943,Gyro,1.445750,-0.278162,-3.843050,
16930662598943,Gyro,1.006225,-0.035519,-4.034877,
16930675202943,pre,1003.919250,,,
16930642640943,Lacc,9.044186,0.552649,2.001158,
16930642640943,GameRo,-0.664248,0.050688,-0.664268,0.339047
16930662598943,Lacc,8.886122,0.357040,2.090157,
16930662598943,GameRo,-0.664197,0.050411,-0.664449,0.338835
16930689820943,pre,1003.924500,,,
16930705170943,pre,1003.926758,,,
16930682534443,Gyro,0.283882,0.170808,-4.122409,
16930702447443,Gyro,-0.381525,0.257942,-4.078111,
16930682534443,Lacc,6.727993,-0.938810,1.782827,
16930682534443,GameRo,-0.659469,-0.016156,-0.690448,0.296851
16930702447443,Lacc,5.804626,-1.447203,1.760996,
16930702447443,GameRo,-0.659403,-0.016203,-0.690522,0.296824
16930720490943,pre,1003.919250,,,
16930743500943,pre,1003.928284,,,
16930722360193,Gyro,-0.501649,0.315410,-3.908101,
16930742272693,Gyro,-0.073165,0.364896,-3.633930,
16930722360193,Lacc,5.391700,-4.223654,2.436764,
16930722360193,GameRo,-0.654144,-0.062693,-0.716047,0.235463
16930742272693,Lacc,4.563605,-5.176246,3.075799,
16930742272693,GameRo,-0.654022,-0.062419,-0.716098,0.235718
16930758729943,pre,1003.916992,,,
16930774171943,pre,1003.914734,,,
16930789490943,pre,1003.916260,,,
16930762185443,Gyro,0.629090,0.371548,-3.281272,
16930782098443,Gyro,1.120496,0.346006,-2.875005,
16930762185443,Lacc,3.135881,-6.712961,2.649707,
16930762185443,GameRo,-0.642948,-0.106689,-0.735768,0.184069
16930782098443,Lacc,1.612813,-6.264557,1.675122,
16930782098443,GameRo,-0.642922,-0.106209,-0.735753,0.184497
16930804841943,pre,1003.923035,,,
16930820161943,pre,1003.911743,,,
16930801988443,Gyro,1.266029,0.285345,-2.426567,
16930821855443,Gyro,1.063826,0.234130,-2.003936,
16930801988443,Lacc,0.656928,-6.593261,0.532571,
16930801988443,GameRo,-0.626768,-0.157136,-0.746631,0.158153
16930821855443,Lacc,0.647855,-5.712857,0.124323,
16930821855443,GameRo,-0.626887,-0.156642,-0.746539,0.158605
16930835419943,pre,1003.919250,,,
16930850831943,pre,1003.914734,,,
16930866181943,pre,1003.915527,,,
16930841768193,Gyro,0.746687,0.252088,-1.635714,
16930861726693,Gyro,0.592108,0.310089,-1.331080,
16930841768193,Lacc,0.507834,-6.164253,0.098008,
16930841768193,GameRo,-0.613391,-0.195421,-0.751655,0.143450
16930861726693,Lacc,-0.189101,-6.352248,0.018472,
16930861726693,GameRo,-0.613557,-0.194841,-0.751566,0.143988
16930881501943,pre,1003.916992,,,
16930896851943,pre,1003.919250,,,
16930881662193,Gyro,0.499255,0.376736,-1.084179,
16930901574693,Gyro,0.590645,0.434337,-0.913770,
16930912842943,pre,1003.904236,,,
16930881662193,Lacc,-0.717830,-7.179745,-0.402097,
16930881662193,GameRo,-0.602075,-0.217884,-0.756512,0.133126
16930901574693,Lacc,-1.093643,-7.784106,-0.684879,
16930901574693,GameRo,-0.602353,-0.217189,-0.756374,0.133785
16930927521943,pre,1003.916260,,,
16930942841943,pre,1003.914001,,,
16930950501943,pre,1003.915527,,,
16930921464443,Gyro,0.866146,0.486750,-0.779146,
16930941331443,Gyro,1.191533,0.505108,-0.623104,
16930921464443,Lacc,-1.414322,-8.619301,-1.075867,
16930921464443,GameRo,-0.590426,-0.235225,-0.761021,0.130050
16930941331443,Lacc,-1.731509,-8.757873,-1.455009,
16930941331443,GameRo,-0.590811,-0.234474,-0.760829,0.130779
16930965851943,pre,1003.908752,,,
16930981171943,pre,1003.905029,,,
16930961244193,Gyro,1.407172,0.476108,-0.409195,
16930981202693,Gyro,1.534081,0.390305,-0.099904,
16930961244193,Lacc,-1.719411,-9.050158,-2.047877,
16930961244193,GameRo,-0.577525,-0.257617,-0.762146,0.138675
16930981202693,Lacc,-1.647315,-9.130008,-2.368251,
16930981202693,GameRo,-0.578029,-0.256895,-0.761875,0.139407
16930996430943,pre,1003.908020,,,
16931011841943,pre,1003.899780,,,
16931027192943,pre,1003.898254,,,
16931001115443,Gyro,1.697040,0.290667,0.275900,
16931020982443,Gyro,1.890995,0.203533,0.666471,
16931001115443,Lacc,-1.578720,-8.994251,-2.503762,
16931001115443,GameRo,-0.567747,-0.279499,-0.757855,0.158746
16931020982443,Lacc,-1.738201,-8.223515,-2.528310,
16931020982443,GameRo,-0.568289,-0.278844,-0.757545,0.159433
16931042512943,pre,1003.905762,,,
16931057831943,pre,1003.903503,,,
16931040895193,Gyro,1.985312,0.133427,1.055844,
16931060853693,Gyro,1.890862,0.070904,1.409433,
16931040895193,Lacc,-1.865860,-7.404366,-2.453353,
16931073365943,pre,1003.887024,,,
16931040895193,GameRo,-0.563281,-0.298074,-0.746120,0.192800
16931060853693,Lacc,-1.773592,-7.165711,-2.661019,
16931060853693,GameRo,-0.563843,-0.297516,-0.745761,0.193407
16931088502943,pre,1003.904236,,,
16931080789193,Gyro,1.773265,-0.002528,1.700100,
16931100701693,Gyro,1.759563,-0.067312,1.935560,
16931112183943,pre,1003.892273,,,
16931080789193,Lacc,-1.272609,-7.133117,-3.094252,
16931080789193,GameRo,-0.564093,-0.308541,-0.728435,0.236609
16931100701693,Lacc,-0.194482,-7.470340,-3.726282,
16931100701693,GameRo,-0.564713,-0.308094,-0.727980,0.237112
16931126801943,pre,1003.895264,,,
16931142151943,pre,1003.887756,,,
16931120621943,Gyro,1.855743,-0.146065,2.146675,
16931140549943,Gyro,2.051028,-0.180652,2.351805,
16931120621943,Lacc,1.142813,-7.348043,-3.753308,
16931120621943,GameRo,-0.569262,-0.311288,-0.705631,0.284827
16931140549943,Lacc,3.371866,-7.765034,-3.711693,
16931140549943,GameRo,-0.569795,-0.310925,-0.705204,0.285213
16931157471943,pre,1003.893005,,,
16931172822943,pre,1003.883240,,,
16931188111943,pre,1003.880249,,,
16931160462693,Gyro,2.048634,-0.164955,2.547888,
16931180360193,Gyro,1.968817,-0.071968,2.786142,
16931160462693,Lacc,6.504161,-7.032870,-4.035052,
16931160462693,GameRo,-0.574831,-0.312787,-0.675364,0.340025
16931180360193,Lacc,9.860807,-7.206799,-4.608446,
16931180360193,GameRo,-0.575276,-0.312599,-0.674982,0.340205
16931203797943,pre,1003.875732,,,
16931218751943,pre,1003.863770,,,
16931200242443,Gyro,1.825545,0.066248,3.037565,
16931220109443,Gyro,1.636911,0.117730,3.398736,
16931233948943,pre,1003.861511,,,
16931200242443,Lacc,10.771405,-6.391695,-5.137508,
16931200242443,GameRo,-0.579458,-0.306505,-0.641188,0.398951
16931220109443,Lacc,8.791398,-5.529176,-5.690617,
16931220109443,GameRo,-0.579908,-0.306440,-0.640801,0.398967
16931249390943,pre,1003.871277,,,
16931264710943,pre,1003.873535,,,
16931240029943,Gyro,1.432048,0.029266,3.817110,
16931260003943,Gyro,1.218272,-0.103097,4.177616,
16931240029943,Lacc,7.736445,-2.738445,-5.683593,
16931240029943,GameRo,-0.585340,-0.286131,-0.602844,0.460528
16931260003943,Lacc,8.277035,-1.392209,-4.988278,
16931260003943,GameRo,-0.585664,-0.286285,-0.602620,0.460312
16931280030943,pre,1003.884766,,,
16931295380943,pre,1003.883240,,,
16931279947193,Gyro,0.926940,-0.201937,4.355608,
16931299859693,Gyro,0.577608,-0.275501,4.377291,
16931311097943,pre,1003.877991,,,
16931279947193,Lacc,9.569331,0.557201,-4.609967,
16931279947193,GameRo,-0.597955,-0.252115,-0.553668,0.521861
16931299859693,Lacc,9.067365,-0.096138,-4.816011,
16931299859693,GameRo,-0.598217,-0.252390,-0.553575,0.521526
16931326050943,pre,1003.866028,,,
16931341370943,pre,1003.875732,,,
16931319772193,Gyro,0.507635,-0.426887,4.339378,
16931339684693,Gyro,0.677113,-0.636008,4.284571,
16931319772193,Lacc,8.146674,0.724112,-5.226605,
16931319772193,GameRo,-0.615250,-0.209342,-0.499503,0.572836
16931339684693,Lacc,6.527680,1.442979,-5.302437,
16931339684693,GameRo,-0.615548,-0.209733,-0.499501,0.572374
16931356690943,pre,1003.879517,,,
16931372010943,pre,1003.874268,,,
16931387360943,pre,1003.882507,,,
16931359597443,Gyro,1.012876,-0.837811,4.162850,
16931379510443,Gyro,1.380566,-0.982147,3.983661,
16931359597443,Lacc,6.150657,4.186352,-4.863205,
16931359597443,GameRo,-0.629597,-0.171498,-0.438413,0.618054
16931379510443,Lacc,5.113774,5.365927,-4.398877,
16931379510443,GameRo,-0.629801,-0.172137,-0.438701,0.617464
16931402680943,pre,1003.889282,,,
16931418030943,pre,1003.890015,,,
16931399392693,Gyro,1.689724,-1.054514,3.723857,
16931419244193,Gyro,1.895784,-1.091629,3.394878,
16931399392693,Lacc,5.156533,7.142074,-4.051983,
16931399392693,GameRo,-0.632495,-0.146806,-0.371845,0.663423
16931419244193,Lacc,3.917169,7.480881,-3.601756,
16931419244193,GameRo,-0.632630,-0.147605,-0.372359,0.662828
16931441010943,pre,1003.887756,,,
16931456360943,pre,1003.893005,,,
16931439156943,Gyro,2.055152,-1.118634,3.022666,
16931459130943,Gyro,2.212125,-1.112647,2.598971,
16931439156943,Lacc,3.668768,8.273409,-3.498451,
16931439156943,GameRo,-0.623493,-0.134139,-0.308251,0.705864
16931459130943,Lacc,2.573039,8.667397,-3.114154,
16931459130943,GameRo,-0.623567,-0.135053,-0.308924,0.705331
16931471558943,pre,1003.898987,,,
16931487000943,pre,1003.893005,,,
16931502350943,pre,1003.904236,,,
16931479074193,Gyro,2.236602,-1.042409,2.112620,
16931498986693,Gyro,2.038390,-0.935454,1.622411,
16931479074193,Lacc,2.245045,9.765823,-3.371264,
16931479074193,GameRo,-0.604571,-0.132881,-0.253188,0.743460
16931498986693,Lacc,1.423391,10.144466,-3.255207,
16931498986693,GameRo,-0.604564,-0.133915,-0.253984,0.743008
16931517670943,pre,1003.900513,,,
16931533021943,pre,1003.900513,,,
16931548340943,pre,1003.888489,,,
16931518876443,Gyro,1.622943,-0.824908,1.157079,
16931538743443,Gyro,1.084312,-0.761453,0.731389,
16931518876443,Lacc,1.328619,10.167162,-3.862165,
16931518876443,GameRo,-0.582831,-0.139511,-0.214367,0.771292
16931538743443,Lacc,0.928401,9.734509,-3.838256,
16931538743443,GameRo,-0.582859,-0.140574,-0.215148,0.770860
16931563660943,pre,1003.899780,,,
16931579133943,pre,1003.900513,,,
16931558656193,Gyro,0.668067,-0.728462,0.348135,
16931578614693,Gyro,0.414117,-0.711967,0.007450,
16931558656193,Lacc,0.854875,9.231801,-3.726153,
16931558656193,GameRo,-0.571402,-0.149605,-0.193327,0.783417
16931578614693,Lacc,1.028386,8.795032,-3.320019,
16931578614693,GameRo,-0.571343,-0.150626,-0.194094,0.783076
16931594239943,pre,1003.891479,,,
16931609650943,pre,1003.897522,,,
16931625001943,pre,1003.902771,,,
16931598550443,Gyro,0.278029,-0.723806,-0.314612,
16931618463443,Gyro,0.171606,-0.757595,-0.668333,
16931598550443,Lacc,1.814537,8.134651,-3.068339,
16931598550443,GameRo,-0.567573,-0.164459,-0.185701,0.785066
16931618463443,Lacc,3.319595,7.561955,-2.871758,
16931618463443,GameRo,-0.567492,-0.165378,-0.186397,0.784766
16931640320943,pre,1003.902771,,,
16931655640943,pre,1003.912537,,,
16931638376193,Gyro,0.033922,-0.807348,-1.069413,
16931658288693,Gyro,-0.231203,-0.871467,-1.521709,
16931638376193,Lacc,4.521589,6.938991,-2.418562,
16931638376193,GameRo,-0.565250,-0.186536,-0.188773,0.781065
16931658288693,Lacc,5.288288,6.734236,-1.842379,
16931658288693,GameRo,-0.565080,-0.187366,-0.189437,0.780828
16931670869943,pre,1003.914734,,,
16931686432943,pre,1003.916260,,,
16931701630943,pre,1003.912537,,,
16931678201193,Gyro,-0.570425,-0.958202,-2.003670,
16931698113693,Gyro,-0.702788,-1.016867,-2.491484,
16931678201193,Lacc,5.405383,5.949549,-0.920554,
16931678201193,GameRo,-0.565935,-0.218121,-0.205175,0.768143
16931698113693,Lacc,7.069225,5.262540,-0.508451,
16931698113693,GameRo,-0.565712,-0.218811,-0.205767,0.767953
16931716950943,pre,1003.918518,,,
16931732300943,pre,1003.920776,,,
16931747651943,pre,1003.911011,,,
16931718003443,Gyro,-0.777683,-1.002633,-2.984354,
16931737870443,Gyro,-0.843798,-0.917761,-3.440507,
16931718003443,Lacc,7.900323,4.386335,0.104613,
16931718003443,GameRo,-0.568726,-0.260096,-0.236258,0.743695
16931737870443,Lacc,8.174922,3.840324,0.388859,
16931737870443,GameRo,-0.568491,-0.260644,-0.236767,0.743522
16931770630943,pre,1003.921509,,,
16931779725943,pre,1003.924500,,,
16931757783193,Gyro,-0.726068,-0.783935,-3.849436,
16931777741693,Gyro,-0.533975,-0.622040,-4.112033,
16931757783193,Lacc,6.642496,2.299071,1.126313,
16931757783193,GameRo,-0.565151,-0.309077,-0.281686,0.711146
16931777741693,Lacc,5.972476,1.861118,1.418586,
16931777741693,GameRo,-0.564919,-0.309374,-0.282035,0.711063
16931801301943,pre,1003.927490,,,
16931816620943,pre,1003.926025,,,
16931797677443,Gyro,-0.445511,-0.435534,-4.203424,
16931817590443,Gyro,-0.581333,-0.201006,-4.200896,
16931831849943,pre,1003.922241,,,
16931797677443,Lacc,5.507498,0.579680,1.970441,
16931797677443,GameRo,-0.548306,-0.360516,-0.335982,0.675651
16931817590443,Lacc,6.762611,0.830521,1.943299,
16931817590443,GameRo,-0.548100,-0.360689,-0.336241,0.675598
16931847291943,pre,1003.920776,,,
16931862610943,pre,1003.914734,,,
16931837503193,Gyro,-0.866545,0.073964,-4.148616,
16931857415693,Gyro,-1.309130,0.342548,-4.037405,
16931837503193,Lacc,7.206747,-0.522953,1.610692,
16931837503193,GameRo,-0.524955,-0.403712,-0.393901,0.637402
16931857415693,Lacc,7.750344,-0.520642,0.720885,
16931857415693,GameRo,-0.524885,-0.403822,-0.394004,0.637326
16931877930943,pre,1003.909485,,,
16931893281943,pre,1003.914001,,,
16931877328443,Gyro,-1.805059,0.546214,-3.840656,
16931897241443,Gyro,-2.095459,0.648512,-3.561829,
16931908814943,pre,1003.925232,,,
16931923798943,pre,1003.908020,,,
16931877328443,Lacc,7.323832,-2.393831,-0.223448,
16931877328443,GameRo,-0.504803,-0.429251,-0.458084,0.592518
16931897241443,Lacc,6.155546,-3.239545,-0.488293,
16931897241443,GameRo,-0.504939,-0.429219,-0.457946,0.592531
16931939240943,pre,1003.923035,,,
16931917131443,Gyro,-2.167295,0.645187,-3.233781,
16931936998443,Gyro,-2.051161,0.583994,-2.872610,
16931917131443,Lacc,3.927072,-5.411238,0.133375,
16931917131443,GameRo,-0.492008,-0.436236,-0.522364,0.542920
16931936998443,Lacc,1.451045,-5.867764,0.815684,
16931936998443,GameRo,-0.492270,-0.435875,-0.522083,0.543243
16931954590943,pre,1003.909485,,,
16931969910943,pre,1003.916260,,,
16931985261943,pre,1003.904236,,,
16931956911193,Gyro,-1.751449,0.481429,-2.532590,
16931976869693,Gyro,-1.112381,0.374873,-2.211460,
16931956911193,Lacc,-0.793456,-6.949824,0.725988,
16931956911193,GameRo,-0.482680,-0.434801,-0.574480,0.497936
16931976869693,Lacc,-2.399785,-7.127202,0.341656,
16931976869693,GameRo,-0.483101,-0.434220,-0.574094,0.498480
16932000580943,pre,1003.902039,,,
16932015931943,pre,1003.901245,,,
16931996805193,Gyro,-0.360639,0.290134,-1.929839,
16932016717693,Gyro,0.237588,0.267919,-1.667109,
16931996805193,Lacc,-2.583413,-8.023438,-0.379222,
16931996805193,GameRo,-0.470571,-0.438371,-0.607570,0.466103
16932016717693,Lacc,-2.493736,-8.161754,-0.791849,
16932016717693,GameRo,-0.471134,-0.437800,-0.607105,0.466676
16932031220943,pre,1003.891479,,,
16932046570943,pre,1003.893005,,,
16932061921943,pre,1003.899780,,,
16932036630193,Gyro,0.602085,0.282951,-1.433245,
16932056542693,Gyro,0.756265,0.302772,-1.232506,
16932036630193,Lacc,-2.235827,-8.681803,-1.331657,
16932036630193,GameRo,-0.451520,-0.453219,-0.621802,0.451758
16932056542693,Lacc,-2.309078,-8.685074,-1.701345,
16932056542693,GameRo,-0.452190,-0.452702,-0.621278,0.452326
16932077241943,pre,1003.898987,,,
16932092591943,pre,1003.887024,,,
16932076455443,Gyro,0.757994,0.308625,-1.005028,
16932096368443,Gyro,0.589980,0.270180,-0.700526,
16932076455443,Lacc,-2.628827,-9.313485,-1.854320,
16932107819943,pre,1003.890015,,,
16932076455443,GameRo,-0.431212,-0.469604,-0.627257,0.447300
16932096368443,Lacc,-2.836539,-9.434924,-1.907576,
16932096368443,GameRo,-0.431953,-0.469070,-0.626705,0.447919
16932123261943,pre,1003.893005,,,
16932138581943,pre,1003.879517,,,
16932116265943,Gyro,0.305566,0.187969,-0.307960,
16932136147943,Gyro,0.064120,0.077555,0.092189,
16932116265943,Lacc,-2.571734,-9.712829,-1.971369,
16932116265943,GameRo,-0.417932,-0.479048,-0.628952,0.447509
16932136147943,Lacc,-1.703700,-9.748569,-1.681603,
16932136147943,GameRo,-0.418659,-0.478535,-0.628427,0.448117
16932153931943,pre,1003.877991,,,
16932176911943,pre,1003.883240,,,
16932156060693,Gyro,-0.019555,-0.016495,0.512424,
16932176004193,Gyro,-0.044830,-0.097244,0.945830,
16932156060693,Lacc,-0.890030,-9.854164,-1.137214,
16932156060693,GameRo,-0.419015,-0.477127,-0.626846,0.451487
16932176004193,Lacc,0.004953,-9.779165,-0.905444,
16932176004193,GameRo,-0.419660,-0.476615,-0.626384,0.452069
16932192231943,pre,1003.884766,,,
16932199921943,pre,1003.882507,,,
16932215241943,pre,1003.875732,,,
16932195939943,Gyro,-0.093519,-0.198212,1.371121,
16932215867943,Gyro,-0.260336,-0.305832,1.785504,
16932230469943,pre,1003.875732,,,
16932195939943,Lacc,1.241134,-9.192854,-1.132812,
16932195939943,GameRo,-0.431209,-0.468261,-0.616613,0.463228
16932215867943,Lacc,2.976034,-8.742550,-1.247331,
16932215867943,GameRo,-0.431777,-0.467889,-0.616177,0.463654
16932245911943,pre,1003.877991,,,
16932261262943,pre,1003.877991,,,
16932235780693,Gyro,-0.444447,-0.408130,2.160776,
16932255678193,Gyro,-0.555659,-0.536103,2.499599,
16932235780693,Lacc,4.346544,-7.677429,-1.274308,
16932235780693,GameRo,-0.455147,-0.451346,-0.598413,0.480655
16932255678193,Lacc,5.627246,-7.348949,-1.492587,
16932255678193,GameRo,-0.455608,-0.451098,-0.598031,0.480927
16932276581943,pre,1003.871277,,,
16932291932943,pre,1003.877258,,,
16932275583193,Gyro,-0.535837,-0.689219,2.799977,
16932295495693,Gyro,-0.428085,-0.717953,3.025326,
16932275583193,Lacc,8.240952,-6.235934,-1.097215,
16932275583193,GameRo,-0.489715,-0.426167,-0.572770,0.500495
16932295495693,Lacc,8.325683,-5.913746,-0.579145,
16932307191943,pre,1003.882507,,,
16932295495693,GameRo,-0.490006,-0.425994,-0.572507,0.500659
16932322602943,pre,1003.877258,,,
16932337922943,pre,1003.875732,,,
16932315408193,Gyro,-0.272841,-0.829830,3.266905,
16932335320693,Gyro,-0.111345,-0.971904,3.508484,
16932315408193,Lacc,6.335542,-4.281990,-0.118928,
16932315408193,GameRo,-0.527645,-0.397866,-0.537178,0.524151
16932335320693,Lacc,5.099289,-3.733340,-0.526551,
16932335320693,GameRo,-0.527831,-0.397755,-0.536993,0.524236
16932353242943,pre,1003.872742,,,
16932368592943,pre,1003.863037,,,
16932383912943,pre,1003.866028,,,
16932355233443,Gyro,0.015830,-1.155749,3.757247,
16932375146443,Gyro,0.330176,-1.307268,3.905574,
16932355233443,Lacc,5.077080,-2.020472,-0.537813,
16932355233443,GameRo,-0.566050,-0.368733,-0.489172,0.551665
16932375146443,Lacc,6.612794,-1.873469,-0.483504,
16932375146443,GameRo,-0.566110,-0.368765,-0.489131,0.551619
16932399232943,pre,1003.869019,,,
16932414582943,pre,1003.886230,,,
16932395059193,Gyro,0.862288,-1.308332,3.914486,
16932414971693,Gyro,1.354493,-1.188740,3.801147,
16932395059193,Lacc,8.662620,0.155675,-0.014896,
16932395059193,GameRo,-0.601285,-0.341490,-0.427498,0.582312
16932414971693,Lacc,8.694115,0.647965,-0.030176,
16932414971693,GameRo,-0.601193,-0.341693,-0.427678,0.582155
16932430054943,pre,1003.883240,,,
16932445222943,pre,1003.879517,,,
16932434891943,Gyro,1.724710,-0.998642,3.566086,
16932454819943,Gyro,1.867848,-0.800563,3.298699,
16932434891943,Lacc,7.840121,2.677176,-0.059474,
16932434891943,GameRo,-0.618691,-0.320711,-0.359364,0.620664
16932454819943,Lacc,5.751009,3.503447,-0.385400,
16932454819943,GameRo,-0.618533,-0.321090,-0.359731,0.620413
16932468140943,pre,1003.876526,,,
16932483552943,pre,1003.880981,,,
16932498902943,pre,1003.874268,,,
16932474740443,Gyro,1.774063,-0.639732,3.041023,
16932494653443,Gyro,1.562150,-0.510163,2.772174,
16932474740443,Lacc,4.767989,5.439739,-0.617354,
16932474740443,GameRo,-0.620210,-0.303291,-0.297010,0.659651
16932494653443,Lacc,3.543818,6.398857,-0.649401,
16932494653443,GameRo,-0.619982,-0.303879,-0.297594,0.659331
16932514252943,pre,1003.875732,,,
16932529603943,pre,1003.885498,,,
16932514566193,Gyro,1.281061,-0.418241,2.505851,
16932534478693,Gyro,1.089501,-0.394295,2.233942,
16932545960943,pre,1003.882507,,,
16932514566193,Lacc,2.944108,7.699308,-0.994725,
16932514566193,GameRo,-0.617869,-0.285761,-0.245995,0.689975
16932534478693,Lacc,1.687277,7.599471,-0.962173,
16932534478693,GameRo,-0.617625,-0.286475,-0.246694,0.689647
16932560273943,pre,1003.887756,,,
16932575623943,pre,1003.893738,,,
16932554391443,Gyro,1.065156,-0.381924,1.975335,
16932574304443,Gyro,1.071409,-0.373410,1.724178,
16932554391443,Lacc,1.643103,7.964910,-0.973293,
16932554391443,GameRo,-0.616154,-0.270322,-0.205702,0.710610
16932574304443,Lacc,1.268647,8.272055,-0.782512,
16932574304443,GameRo,-0.615854,-0.271094,-0.206485,0.710349
16932590943943,pre,1003.896729,,,
16932606293943,pre,1003.899780,,,
16932621644943,pre,1003.904236,,,
16932594217193,Gyro,1.036023,-0.349731,1.473819,
16932614129693,Gyro,0.875458,-0.310089,1.232905,
16932594217193,Lacc,1.696002,9.199204,-1.076390,
16932594217193,GameRo,-0.610595,-0.260442,-0.172757,0.727666
16932614129693,Lacc,1.276779,9.680944,-1.194160,
16932614129693,GameRo,-0.610274,-0.261325,-0.173633,0.727411
16932636963943,pre,1003.896729,,,
16932652314943,pre,1003.898987,,,
16932634042443,Gyro,0.622306,-0.258607,0.965651,
16932653955443,Gyro,0.307827,-0.205528,0.673921,
16932634042443,Lacc,1.128268,10.194355,-1.475099,
16932634042443,GameRo,-0.604572,-0.254809,-0.148674,0.739906
16932653955443,Lacc,0.909413,9.956614,-1.473996,
16932653955443,GameRo,-0.604250,-0.255731,-0.149570,0.739670
16932667542943,pre,1003.896729,,,
16932683015943,pre,1003.902771,,,
16932698365943,pre,1003.904236,,,
16932673868193,Gyro,0.121056,-0.165886,0.332437,
16932693780693,Gyro,0.106822,-0.159900,-0.050817,
16932673868193,Lacc,0.729283,9.773201,-1.287663,
16932673868193,GameRo,-0.603256,-0.252705,-0.136903,0.743962
16932693780693,Lacc,0.292944,9.274454,-0.883685,
16932693780693,GameRo,-0.602852,-0.253563,-0.137790,0.743834
16932713685943,pre,1003.902771,,,
16932729035943,pre,1003.905762,,,
16932713693193,Gyro,0.170941,-0.164556,-0.432608,
16932733605693,Gyro,0.127707,-0.171739,-0.812403,
16932745942943,pre,1003.905762,,,
16932713693193,Lacc,0.201645,8.717405,-0.611257,
16932713693193,GameRo,-0.600879,-0.257894,-0.137288,0.744035
16932733605693,Lacc,1.025881,8.244225,-0.602638,
16932733605693,GameRo,-0.600491,-0.258664,-0.138095,0.743931
16932759675943,pre,1003.905762,,,
16932775025943,pre,1003.897522,,,
16932753518443,Gyro,-0.018757,-0.174001,-1.208561,
16932773431443,Gyro,-0.164689,-0.166418,-1.623343,
16932753518443,Lacc,2.402500,7.543512,-0.677347,
16932753518443,GameRo,-0.594432,-0.272268,-0.148618,0.741912
16932773431443,Lacc,4.387447,6.875521,-0.528245,
16932773431443,GameRo,-0.594122,-0.272967,-0.149323,0.741762
16932790253943,pre,1003.909485,,,
16932805695943,pre,1003.902039,,,
16932821046943,pre,1003.904236,,,
16932793344193,Gyro,-0.203400,-0.112675,-2.092400,
16932813256693,Gyro,-0.123849,-0.049886,-2.598306,
16932793344193,Lacc,5.668314,5.675421,-0.286103,
16932793344193,GameRo,-0.587361,-0.294927,-0.173326,0.733474
16932813256693,Lacc,7.018170,4.945265,-0.174410,
16932813256693,GameRo,-0.587089,-0.295514,-0.173918,0.733315
16932836365943,pre,1003.914001,,,
16932851685943,pre,1003.907288,,,
16932833169443,Gyro,-0.138748,0.000266,-3.080932,
16932853082443,Gyro,-0.247299,0.051482,-3.523118,
16932833169443,Lacc,7.922685,3.802082,0.024010,
16932833169443,GameRo,-0.572728,-0.326484,-0.212699,0.721214
16932853082443,Lacc,10.491609,3.114960,0.052778,
16932853082443,GameRo,-0.572493,-0.326975,-0.213183,0.721036
16932874695943,pre,1003.908020,,,
16932890015943,pre,1003.921509,,,
16932872995193,Gyro,-0.187038,0.148859,-3.968496,
16932892907693,Gyro,-0.211515,0.225616,-4.260094,
16932872995193,Lacc,10.032997,1.221766,0.434746,
16932872995193,GameRo,-0.550639,-0.365219,-0.266207,0.701816
16932892907693,Lacc,8.189400,0.704546,1.163226,
16932892907693,GameRo,-0.550444,-0.365472,-0.266502,0.701725
16932905274943,pre,1003.915527,,,
16932920563943,pre,1003.933533,,,
16932936005943,pre,1003.926758,,,
16932912820443,Gyro,-0.451897,0.275102,-4.329933,
16932932733443,Gyro,-0.784334,0.373809,-4.224708,
16932912820443,Lacc,5.864360,-0.918335,1.528874,
16932912820443,GameRo,-0.519349,-0.406413,-0.329359,0.675743
16932932733443,Lacc,6.462804,-0.923270,1.344018,
16932932733443,GameRo,-0.519246,-0.406489,-0.329481,0.675716
16932951325943,pre,1003.911011,,,
16932966645943,pre,1003.922241,,,
16932981995943,pre,1003.916992,,,
16932952623193,Gyro,-1.017399,0.509897,-3.965569,
16932972489693,Gyro,-1.261905,0.633081,-3.619031,
16932952623193,Lacc,6.303355,-2.564952,1.057386,
16932952623193,GameRo,-0.491359,-0.438005,-0.395159,0.640756
16932972489693,Lacc,5.968441,-2.429885,0.397487,
16932972489693,GameRo,-0.491406,-0.437997,-0.395112,0.640754
16932997315943,pre,1003.913269,,,
16933012665943,pre,1003.908020,,,
16932992402193,Gyro,-1.522374,0.687490,-3.214891,
16933012360693,Gyro,-1.734288,0.646783,-2.714572,
16932992402193,Lacc,4.680951,-3.667003,-0.855063,
16932992402193,GameRo,-0.470093,-0.453520,-0.456798,0.603877
16933012360693,Lacc,3.190045,-3.572356,-1.452726,
16933012360693,GameRo,-0.470356,-0.453469,-0.456542,0.603905
16933027894943,pre,1003.919983,,,
16933043305943,pre,1003.908020,,,
16933058625943,pre,1003.915527,,,
16933032296443,Gyro,-1.868247,0.551668,-2.224364,
16933052209443,Gyro,-1.860000,0.463204,-1.844834,
16933032296443,Lacc,1.438526,-4.303031,-1.078146,
16933032296443,GameRo,-0.460466,-0.453820,-0.509465,0.567859
16933052209443,Lacc,-0.171954,-4.603380,-0.240666,
16933052209443,GameRo,-0.460793,-0.453524,-0.509152,0.568111
16933073945943,pre,1003.917786,,,
16933089265943,pre,1003.906494,,,
16933072122193,Gyro,-1.642233,0.405869,-1.601127,
16933092034693,Gyro,-1.317511,0.390571,-1.464507,
16933072122193,Lacc,-1.583690,-5.809003,-0.207939,
16933072122193,GameRo,-0.460237,-0.445322,-0.549603,0.536476
16933092034693,Lacc,-2.707151,-5.952065,-0.712859,
16933092034693,GameRo,-0.460729,-0.444851,-0.549165,0.536893
16933104523943,pre,1003.904236,,,
16933119935943,pre,1003.900513,,,
16933135254943,pre,1003.901245,,,
16933111947443,Gyro,-0.955541,0.386713,-1.403048,
16933131860443,Gyro,-0.525594,0.383520,-1.373250,
16933111947443,Lacc,-3.491782,-6.456344,-1.715730,
16933111947443,GameRo,-0.457712,-0.439093,-0.578848,0.512477
16933131860443,Lacc,-3.663907,-6.409046,-2.342977,
16933131860443,GameRo,-0.458392,-0.438668,-0.578269,0.512886
16933150574943,pre,1003.900513,,,
16933165925943,pre,1003.905762,,,
16933181244943,pre,1003.902039,,,
16933151750443,Gyro,-0.124248,0.372878,-1.348772,
16933171617443,Gyro,0.253153,0.338956,-1.297424,
16933151750443,Lacc,-3.226175,-6.764119,-2.656115,
16933151750443,GameRo,-0.447722,-0.440905,-0.599297,0.495975
16933171617443,Lacc,-2.873012,-6.903631,-2.643082,
16933171617443,GameRo,-0.448428,-0.440509,-0.598723,0.496381
16933196564943,pre,1003.892273,,,
16933211915943,pre,1003.904236,,,
16933191530193,Gyro,0.556058,0.269116,-1.179561,
16933211488693,Gyro,0.691480,0.155510,-0.932128,
16933191530193,Lacc,-2.650812,-7.711319,-2.746567,
16933191530193,GameRo,-0.431113,-0.451396,-0.611207,0.486630
16933211488693,Lacc,-2.731253,-7.922240,-2.724792,
16933211488693,GameRo,-0.431868,-0.450968,-0.610622,0.487093
16933234772943,pre,1003.887024,,,
16933250214943,pre,1003.893738,,,
16933231424193,Gyro,0.499255,-0.002528,-0.554328,
16933251336693,Gyro,-0.000399,-0.172804,-0.122918,
16933265442943,pre,1003.892273,,,
16933231424193,Lacc,-2.813908,-8.209166,-2.436398,
16933231424193,GameRo,-0.416068,-0.465011,-0.613904,0.483503
16933251336693,Lacc,-2.689815,-7.925481,-1.618688,
16933251336693,GameRo,-0.416757,-0.464505,-0.613399,0.484036
16933280854943,pre,1003.898254,,,
16933296204943,pre,1003.895264,,,
16933271249443,Gyro,-0.354786,-0.307295,0.274836,
16933291162443,Gyro,-0.395360,-0.407465,0.632549,
16933271249443,Lacc,-1.925100,-8.340840,-0.824228,
16933271249443,GameRo,-0.418672,-0.466480,-0.612466,0.481660
16933291162443,Lacc,-0.746450,-9.037649,-0.546588,
16933291162443,GameRo,-0.419279,-0.465940,-0.612029,0.482209
16933311524943,pre,1003.896729,,,
16933326874943,pre,1003.888489,,,
16933311075193,Gyro,-0.339355,-0.485686,0.919092,
16933330987693,Gyro,-0.096711,-0.574948,1.175171,
16933342530943,pre,1003.890015,,,
16933311075193,Lacc,0.612934,-9.382078,-0.703989,
16933311075193,GameRo,-0.434769,-0.458945,-0.605576,0.483345
16933330987693,Lacc,2.347058,-9.811958,-1.174067,
16933330987693,GameRo,-0.435367,-0.458517,-0.605115,0.483792
16933357514943,pre,1003.890747,,,
16933372834943,pre,1003.889282,,,
16933350877443,Gyro,0.127973,-0.660618,1.490580,
16933370744443,Gyro,0.139280,-0.735779,1.802398,
16933350877443,Lacc,4.203073,-8.733547,-0.971052,
16933350877443,GameRo,-0.454530,-0.452053,-0.588714,0.492409
16933370744443,Lacc,5.248169,-8.071038,-0.758567,
16933370744443,GameRo,-0.454982,-0.451742,-0.588340,0.492724
16933388154943,pre,1003.883240,,,
16933403504943,pre,1003.875732,,,
16933418824943,pre,1003.863770,,,
16933390657193,Gyro,-0.001729,-0.818655,2.186584,
16933410615693,Gyro,-0.068376,-0.910046,2.580347,
16933390657193,Lacc,6.210300,-7.084913,-0.527899,
16933390657193,GameRo,-0.478849,-0.443340,-0.561740,0.508529
16933410615693,Lacc,7.722201,-7.650489,-0.561300,
16933410615693,GameRo,-0.479205,-0.443094,-0.561419,0.508762
16933434052943,pre,1003.855530,,,
16933441834943,pre,1003.854736,,,
16933457184943,pre,1003.855530,,,
16933430551193,Gyro,-0.170808,-0.993188,2.992202,
16933450463693,Gyro,-0.335630,-1.104267,3.451548,
16933430551193,Lacc,7.612135,-6.471985,0.349485,
16933430551193,GameRo,-0.512823,-0.425639,-0.525850,0.528513
16933450463693,Lacc,6.132992,-5.770631,0.497563,
16933450463693,GameRo,-0.513028,-0.425415,-0.525633,0.528710
16933472504943,pre,1003.852539,,,
16933487824943,pre,1003.856995,,,
16933470376443,Gyro,-0.213643,-1.244744,3.916881,
16933490289443,Gyro,0.102166,-1.317644,4.217525,
16933470376443,Lacc,5.249866,-3.728712,0.329400,
16933470376443,GameRo,-0.556114,-0.397130,-0.478679,0.551263
16933490289443,Lacc,6.531228,-2.426133,0.149253,
16933490289443,GameRo,-0.556159,-0.397101,-0.478631,0.551282
16933503052943,pre,1003.871277,,,
16933519105943,pre,1003.873535,,,
16933533814943,pre,1003.872742,,,
16933510202193,Gyro,0.619379,-1.206166,4.235882,
16933530114693,Gyro,1.113180,-0.962193,4.033946,
16933510202193,Lacc,8.788546,0.258084,0.760754,
16933510202193,GameRo,-0.597956,-0.364580,-0.415327,0.580546
16933530114693,Lacc,9.344842,0.440715,0.701622,
16933530114693,GameRo,-0.597821,-0.364745,-0.415524,0.580440
16933556824943,pre,1003.884766,,,
16933572175943,pre,1003.879517,,,
16933550004443,Gyro,1.389612,-0.680306,3.692995,
16933569871443,Gyro,1.406108,-0.445378,3.410044,
16933550004443,Lacc,9.020439,2.083615,0.546871,
16933550004443,GameRo,-0.619390,-0.336017,-0.348726,0.617931
16933569871443,Lacc,6.932262,3.033506,0.232738,
16933569871443,GameRo,-0.619191,-0.336356,-0.349095,0.617737
16933587494943,pre,1003.875000,,,
16933602845943,pre,1003.873535,,,
16933618165943,pre,1003.884766,,,
16933589791943,Gyro,1.227052,-0.301974,3.163676,
16933609765943,Gyro,0.886899,-0.269515,2.980895,
16933589791943,Lacc,5.636914,5.669805,-0.175990,
16933589791943,GameRo,-0.625789,-0.309394,-0.292529,0.653521
16933609765943,Lacc,4.044154,6.655653,-0.369917,
16933609765943,GameRo,-0.625529,-0.309987,-0.293133,0.653219
16933633484943,pre,1003.884033,,,
16933648804943,pre,1003.883240,,,
16933629701443,Gyro,0.593173,-0.304368,2.816073,
16933649598443,Gyro,0.503379,-0.370350,2.606953,
16933664033943,pre,1003.892273,,,
16933629701443,Lacc,3.595299,7.850437,-0.806234,
16933629701443,GameRo,-0.632639,-0.281742,-0.245739,0.678234
16933649598443,Lacc,2.298749,8.301704,-0.943630,
16933649598443,GameRo,-0.632394,-0.282499,-0.246476,0.677880
16933679474943,pre,1003.890747,,,
16933694794943,pre,1003.889282,,,
16933669503443,Gyro,0.603416,-0.466131,2.337837,
16933689416443,Gyro,0.872532,-0.552067,2.021762,
16933669503443,Lacc,1.676428,9.236836,-0.818648,
16933669503443,GameRo,-0.640774,-0.257948,-0.204452,0.693592
16933689416443,Lacc,0.799470,9.370434,-0.498336,
16933689416443,GameRo,-0.640464,-0.258789,-0.205323,0.693309
16933710114943,pre,1003.883240,,,
16933725434943,pre,1003.890015,,,
16933709329193,Gyro,1.127148,-0.586787,1.673361,
16933729241693,Gyro,1.178230,-0.578806,1.289841,
16933741822943,pre,1003.887756,,,
16933709329193,Lacc,0.983631,10.187950,-0.606492,
16933709329193,GameRo,-0.639827,-0.245116,-0.166933,0.708995
16933729241693,Lacc,0.704589,10.544818,-0.710435,
16933729241693,GameRo,-0.639509,-0.246030,-0.167874,0.708743
16933756074943,pre,1003.890015,,,
16933771424943,pre,1003.895996,,,
16933749131443,Gyro,1.126748,-0.521071,0.854706,
16933768998443,Gyro,0.949422,-0.440589,0.431676,
16933749131443,Lacc,0.745157,10.831061,-0.945328,
16933749131443,GameRo,-0.630068,-0.242855,-0.137898,0.724583
16933768998443,Lacc,0.500684,10.337495,-0.936785,
16933768998443,GameRo,-0.629743,-0.243783,-0.138838,0.724374
16933786622943,pre,1003.898254,,,
16933802064943,pre,1003.890747,,,
16933817383943,pre,1003.898254,,,
16933788911193,Gyro,0.711302,-0.369286,0.024743,
16933808869693,Gyro,0.527723,-0.324323,-0.351194,
16933788911193,Lacc,0.462023,9.819332,-1.160295,
16933788911193,GameRo,-0.618944,-0.248439,-0.123914,0.734732
16933808869693,Lacc,0.221488,9.253662,-0.936933,
16933808869693,GameRo,-0.618605,-0.249320,-0.124807,0.734568
16933832612943,pre,1003.896729,,,
16933848054943,pre,1003.902039,,,
16933828812943,Gyro,0.380727,-0.310887,-0.661948,
16933848740943,Gyro,0.159634,-0.304235,-0.960729,
16933828812943,Lacc,0.247112,8.514897,-0.746476,
16933828812943,GameRo,-0.609531,-0.260696,-0.124514,0.738245
16933848740943,Lacc,1.453189,7.992734,-0.711317,
16933848740943,GameRo,-0.609199,-0.261467,-0.125303,0.738113
16933863282943,pre,1003.904236,,,
16933878785943,pre,1003.904236,,,
16933894044943,pre,1003.906494,,,
16933868661443,Gyro,-0.076757,-0.294657,-1.287180,
16933888574443,Gyro,-0.229873,-0.270978,-1.676554,
16933868661443,Lacc,2.810124,7.071105,-0.628661,
16933868661443,GameRo,-0.602223,-0.278866,-0.136057,0.735561
16933888574443,Lacc,4.799377,6.382296,-0.232750,
16933888574443,GameRo,-0.601910,-0.279526,-0.136747,0.735438
16933909363943,pre,1003.915527,,,
16933932770943,pre,1003.901245,,,
16933908487193,Gyro,-0.340951,-0.208455,-2.142019,
16933928399693,Gyro,-0.333236,-0.112010,-2.668545,
16933908487193,Lacc,5.917842,5.408603,0.192927,
16933908487193,GameRo,-0.595983,-0.303615,-0.160491,0.725855
16933928399693,Lacc,6.908856,4.785185,0.280643,
16933928399693,GameRo,-0.595682,-0.304168,-0.161091,0.725737
16933947693943,pre,1003.908752,,,
16933963013943,pre,1003.916992,,,
16933948312443,Gyro,-0.326850,-0.010509,-3.221942,
16933968225443,Gyro,-0.305566,0.137418,-3.803541,
16933980134943,pre,1003.914001,,,
16933948312443,Lacc,7.908913,3.801865,0.349021,
16933948312443,GameRo,-0.583395,-0.336721,-0.201177,0.711194
16933968225443,Lacc,10.694309,3.367785,0.189718,
16933968225443,GameRo,-0.583135,-0.337207,-0.201691,0.711032
16933993714943,pre,1003.917786,,,
16934009034943,pre,1003.923035,,,
16933988138193,Gyro,-0.143271,0.335630,-4.390461,
16934008050693,Gyro,-0.179854,0.481695,-4.783692,
16933988138193,Lacc,9.880882,1.519308,0.478369,
16933988138193,GameRo,-0.558812,-0.377918,-0.259434,0.691087
16934008050693,Lacc,7.820536,1.009560,1.051468,
16934008050693,GameRo,-0.558604,-0.378167,-0.259745,0.691002
16934024262943,pre,1003.920776,,,
16934039704943,pre,1003.923767,,,
16934055024943,pre,1003.920776,,,
16934027963193,Gyro,-0.487415,0.558319,-4.898895,
16934047875693,Gyro,-0.875724,0.608737,-4.773316,
16934027963193,Lacc,6.198673,-1.065391,1.199368,
16934027963193,GameRo,-0.520138,-0.421846,-0.331399,0.664588
16934047875693,Lacc,7.747642,-1.397164,0.927938,
16934047875693,GameRo,-0.520062,-0.421927,-0.331499,0.664546
16934070344943,pre,1003.919250,,,
16934085663943,pre,1003.915527,,,
16934067765443,Gyro,-1.095753,0.692811,-4.418530,
16934087632443,Gyro,-1.320570,0.720480,-3.874046,
16934067765443,Lacc,8.038762,-3.699141,0.507307,
16934067765443,GameRo,-0.485246,-0.454940,-0.406439,0.626397
16934087632443,Lacc,6.551206,-3.899105,-0.605931,
16934087632443,GameRo,-0.485396,-0.454909,-0.406285,0.626403
16934100892943,pre,1003.908020,,,
16934116334943,pre,1003.916992,,,
16934131684943,pre,1003.914734,,,
16934107545193,Gyro,-1.706219,0.568163,-3.160882,
16934127503693,Gyro,-1.792421,0.333502,-2.387190,
16934107545193,Lacc,3.678618,-5.647791,-2.020703,
16934107545193,GameRo,-0.460731,-0.470228,-0.471266,0.586959
16934127503693,Lacc,1.747460,-5.085369,-1.643733,
16934127503693,GameRo,-0.461113,-0.470076,-0.470887,0.587085
16934147004943,pre,1003.908020,,,
16934162354943,pre,1003.922241,,,
16934147439443,Gyro,-1.524370,0.149923,-1.762490,
16934167352443,Gyro,-1.219203,0.064120,-1.324561,
16934178589943,pre,1003.916992,,,
16934147439443,Lacc,1.066441,-4.454163,-0.511991,
16934147439443,GameRo,-0.456234,-0.470124,-0.516997,0.550952
16934167352443,Lacc,-0.200679,-4.166184,0.138970,
16934167352443,GameRo,-0.456520,-0.469825,-0.516735,0.551216
16934192994943,pre,1003.909485,,,
16934208344943,pre,1003.916992,,,
16934187265193,Gyro,-0.906321,0.045496,-1.106395,
16934207177693,Gyro,-0.665008,0.062789,-1.028042,
16934187265193,Lacc,-1.649685,-5.387880,-0.001444,
16934187265193,GameRo,-0.456807,-0.468099,-0.542185,0.527490
16934207177693,Lacc,-2.863976,-6.321934,-0.591554,
16934207177693,GameRo,-0.457329,-0.467614,-0.541727,0.527938
16934223664943,pre,1003.908020,,,
16934238984943,pre,1003.904236,,,
16934227090443,Gyro,-0.413984,0.061592,-1.003697,
16934247003443,Gyro,-0.184909,0.043899,-1.063959,
16934227090443,Lacc,-3.671772,-7.057983,-1.326510,
16934227090443,GameRo,-0.454486,-0.468704,-0.558258,0.511964
16934247003443,Lacc,-3.918796,-6.656319,-1.360231,
16934247003443,GameRo,-0.455123,-0.468212,-0.557712,0.512443
16934261994943,pre,1003.904236,,,
16934277344943,pre,1003.905762,,,
16934292664943,pre,1003.902771,,,
16934266916193,Gyro,0.047358,0.059863,-1.147102,
16934286828693,Gyro,0.329777,0.110280,-1.163730,
16934266916193,Lacc,-3.763872,-6.756982,-0.894370,
16934266916193,GameRo,-0.446861,-0.474933,-0.569952,0.499909
16934286828693,Lacc,-3.348266,-7.058146,-0.442912,
16934286828693,GameRo,-0.447428,-0.474372,-0.569498,0.500451
16934307892943,pre,1003.904236,,,
16934323334943,pre,1003.905029,,,
16934306741193,Gyro,0.550470,0.169345,-1.067950,
16934326653693,Gyro,0.576012,0.180253,-0.866013,
16934338654943,pre,1003.898254,,,
16934306741193,Lacc,-3.085615,-7.883545,-0.397840,
16934306741193,GameRo,-0.432338,-0.486692,-0.578162,0.491877
16934326653693,Lacc,-2.892172,-8.308880,-0.684401,
16934326653693,GameRo,-0.432978,-0.486133,-0.577669,0.492446
16934354004943,pre,1003.893738,,,
16934369355943,pre,1003.895264,,,
16934346566443,Gyro,0.470122,0.120524,-0.537567,
16934366479443,Gyro,0.387910,-0.006385,-0.103629,
16934346566443,Lacc,-2.708133,-9.167003,-0.987386,
16934346566443,GameRo,-0.417799,-0.497627,-0.581251,0.489856
16934366479443,Lacc,-2.456489,-9.363055,-0.921514,
16934366479443,GameRo,-0.418495,-0.497080,-0.580726,0.490439
16934384675943,pre,1003.898254,,,
16934400025943,pre,1003.895996,,,
16934415345943,pre,1003.901245,,,
16934386369443,Gyro,0.489278,-0.121056,0.390970,
16934406236443,Gyro,0.577608,-0.168148,0.876922,
16934386369443,Lacc,-1.228884,-9.517025,-0.274917,
16934386369443,GameRo,-0.414587,-0.501896,-0.576843,0.493427
16934406236443,Lacc,0.147936,-9.562867,0.500387,
16934406236443,GameRo,-0.415153,-0.501349,-0.576430,0.493990
16934430573943,pre,1003.901245,,,
16934446015943,pre,1003.898987,,,
16934426149193,Gyro,0.564039,-0.175863,1.328020,
16934446107693,Gyro,0.511759,-0.176395,1.760362,
16934461213943,pre,1003.894531,,,
16934426149193,Lacc,1.509943,-9.564378,0.689258,
16934426149193,GameRo,-0.420936,-0.501501,-0.559892,0.507770
16934446107693,Lacc,3.175447,-9.873034,0.261951,
16934446107693,GameRo,-0.421465,-0.501056,-0.559475,0.508229
16934476533943,pre,1003.878784,,,
16934491974943,pre,1003.883240,,,
16934466043193,Gyro,0.323391,-0.195418,2.172749,
16934485955693,Gyro,-0.071170,-0.248497,2.579283,
16934466043193,Lacc,4.589191,-8.800265,0.028184,
16934466043193,GameRo,-0.436537,-0.492657,-0.534086,0.530544
16934485955693,Lacc,5.536462,-7.678100,0.041664,
16934485955693,GameRo,-0.436935,-0.492357,-0.533745,0.530838
16934507294943,pre,1003.872009,,,
16934522645943,pre,1003.858521,,,
16934505868443,Gyro,-0.480897,-0.360107,2.974376,
16934525781443,Gyro,-0.809210,-0.384451,3.301759,
16934505868443,Lacc,7.253872,-5.997173,0.310676,
16934505868443,GameRo,-0.465901,-0.470655,-0.503819,0.554604
16934525781443,Lacc,9.444553,-5.853331,0.590239,
16934525781443,GameRo,-0.466122,-0.470481,-0.503611,0.554755
16934537873943,pre,1003.859985,,,
16934553315943,pre,1003.872009,,,
16934568665943,pre,1003.874268,,,
16934545694193,Gyro,-1.091363,-0.393896,3.571939,
16934565606693,Gyro,-1.371653,-0.505773,3.793564,
16934545694193,Lacc,7.492618,-3.990896,1.010276,
16934545694193,GameRo,-0.509313,-0.434503,-0.469779,0.575426
16934565606693,Lacc,5.254476,-3.034245,0.993263,
16934565606693,GameRo,-0.509380,-0.434384,-0.469697,0.575524
16934583985943,pre,1003.871277,,,
16934599335943,pre,1003.874268,,,
16934585519443,Gyro,-1.630393,-0.663278,3.943619,
16934605432443,Gyro,-1.571329,-0.806151,3.958785,
16934585519443,Lacc,4.927726,-0.799776,0.927600,
16934585519443,GameRo,-0.561265,-0.387383,-0.431416,0.590589
16934605432443,Lacc,7.122110,-0.436669,0.556316,
16934605432443,GameRo,-0.561195,-0.387477,-0.431510,0.590526
16934622223943,pre,1003.869751,,,
16934637635943,pre,1003.871277,,,
16934653016943,pre,1003.872742,,,
16934625345193,Gyro,-0.987069,-0.792316,3.819238,
16934645257693,Gyro,-0.119326,-0.662746,3.551985,
16934625345193,Lacc,10.381352,0.987561,0.562338,
16934625345193,GameRo,-0.614029,-0.338456,-0.386678,0.599079
16934645257693,Lacc,10.326972,1.267723,0.035980,
16934645257693,GameRo,-0.613886,-0.338727,-0.386939,0.598904
16934668336943,pre,1003.872742,,,
16934683686943,pre,1003.875732,,,
16934691346943,pre,1003.884033,,,
16934665170193,Gyro,0.759591,-0.555526,3.246552,
16934685082693,Gyro,1.280396,-0.503112,3.004175,
16934665170193,Lacc,8.493435,3.315511,-0.080223,
16934665170193,GameRo,-0.641722,-0.302179,-0.336809,0.619226
16934685082693,Lacc,5.625883,4.679578,-0.014242,
16934685082693,GameRo,-0.641505,-0.302640,-0.337276,0.618971
16934706696943,pre,1003.884033,,,
16934722016943,pre,1003.887756,,,
16934704995443,Gyro,1.364071,-0.456819,2.805165,
16934724908443,Gyro,1.130207,-0.432475,2.593783,
16934737580943,pre,1003.882507,,,
16934704995443,Lacc,4.146012,7.408165,0.245213,
16934704995443,GameRo,-0.645275,-0.279123,-0.286411,0.650906
16934724908443,Lacc,2.221912,8.355904,0.480149,
16934724908443,GameRo,-0.644913,-0.279820,-0.287168,0.650632
16934752686943,pre,1003.883240,,,
16934768036943,pre,1003.884033,,,
16934744821193,Gyro,0.847655,-0.458947,2.320011,
16934764733693,Gyro,0.687356,-0.488346,1.976266,
16934744821193,Lacc,1.620586,9.108503,0.260687,
16934744821193,GameRo,-0.645769,-0.259257,-0.242353,0.676043
16934764733693,Lacc,0.985340,9.065206,0.257250,
16934764733693,GameRo,-0.645389,-0.260042,-0.243195,0.675801
16934783356943,pre,1003.901245,,,
16934798707943,pre,1003.896729,,,
16934814026943,pre,1003.890015,,,
16934784623443,Gyro,0.662081,-0.499255,1.631856,
16934804490443,Gyro,0.679375,-0.447507,1.268290,
16934784623443,Lacc,0.938540,9.915257,0.116314,
16934784623443,GameRo,-0.647698,-0.245405,-0.207716,0.690737
16934804490443,Lacc,0.320365,10.957733,0.160203,
16934804490443,GameRo,-0.647284,-0.246291,-0.208668,0.690523
16934830140943,pre,1003.890747,,,
16934844697943,pre,1003.898254,,,
16934824403193,Gyro,0.567631,-0.370350,0.911509,
16934844361693,Gyro,0.465199,-0.298781,0.546081,
16934824403193,Lacc,0.250758,11.251369,-0.085111,
16934824403193,GameRo,-0.645502,-0.239881,-0.183487,0.701511
16934844361693,Lacc,0.245014,10.482036,-0.247673,
16934844361693,GameRo,-0.645132,-0.240787,-0.184426,0.701294
16934859925943,pre,1003.901245,,,
16934875397943,pre,1003.902039,,,
16934890748943,pre,1003.900513,,,
16934864297443,Gyro,0.375405,-0.221093,0.193024,
16934884210443,Gyro,0.235992,-0.159235,-0.113207,
16934864297443,Lacc,0.437280,10.213626,-0.484441,
16934864297443,GameRo,-0.641892,-0.240692,-0.172066,0.707415
16934884210443,Lacc,0.410299,9.821522,-0.582861,
16934884210443,GameRo,-0.641571,-0.241596,-0.172969,0.707177
16934906067943,pre,1003.905762,,,
16934921387943,pre,1003.899780,,,
16934904123193,Gyro,0.117996,-0.137418,-0.399084,
16934924035693,Gyro,0.055606,-0.157771,-0.693210,
16934936616943,pre,1003.900513,,,
16934904123193,Lacc,0.108790,9.109756,-0.551524,
16934904123193,GameRo,-0.637846,-0.247217,-0.172603,0.708692
16934924035693,Lacc,-0.035978,8.321245,-0.200066,
16934924035693,GameRo,-0.637497,-0.247994,-0.173423,0.708534
16934959717943,pre,1003.900513,,,
16934943940693,Gyro,0.033257,-0.179588,-1.005161,
16934963838193,Gyro,-0.020486,-0.180120,-1.335337,
16934943940693,Lacc,0.312334,7.343075,0.117241,
16934975251943,pre,1003.898987,,,
16934943940693,GameRo,-0.633340,-0.260099,-0.181976,0.705772
16934963838193,Lacc,1.681351,6.838288,0.120167,
16934963838193,GameRo,-0.633018,-0.260739,-0.182671,0.705645
16934990388943,pre,1003.902771,,,
16935005738943,pre,1003.905029,,,
16934983727943,Gyro,-0.113473,-0.162560,-1.706618,
16935003609943,Gyro,-0.150588,-0.119193,-2.132175,
16934983727943,Lacc,3.073005,6.017913,0.172959,
16934983727943,GameRo,-0.626445,-0.280796,-0.200235,0.699018
16935003609943,Lacc,5.036913,5.353938,0.278329,
16935003609943,GameRo,-0.626159,-0.281361,-0.200843,0.698873
16935021088943,pre,1003.902039,,,
16935036408943,pre,1003.908752,,,
16935051758943,pre,1003.914001,,,
16935023530193,Gyro,-0.139547,-0.043367,-2.589925,
16935043488693,Gyro,-0.066115,0.058532,-3.056056,
16935023530193,Lacc,6.186318,4.190989,0.474371,
16935023530193,GameRo,-0.615752,-0.309457,-0.230632,0.686946
16935043488693,Lacc,7.709172,3.599961,0.333888,
16935043488693,GameRo,-0.615502,-0.309926,-0.231133,0.686790
16935067109943,pre,1003.913269,,,
16935082459943,pre,1003.916260,,,
16935063424443,Gyro,0.030197,0.125179,-3.514205,
16935083337443,Gyro,0.071436,0.218166,-4.017583,
16935063424443,Lacc,9.221658,2.461229,-0.147258,
16935063424443,GameRo,-0.595518,-0.346619,-0.274474,0.670729
16935083337443,Lacc,12.158905,1.707642,0.024142,
16935083337443,GameRo,-0.595318,-0.347004,-0.274857,0.670551
16935097687943,pre,1003.919983,,,
16935113129943,pre,1003.922241,,,
16935128480943,pre,1003.925232,,,
16935103257943,Gyro,0.145134,0.409727,-4.416934,
16935123185943,Gyro,0.005720,0.505773,-4.679930,
16935103257943,Lacc,10.824224,-0.709690,0.701152,
16935103257943,GameRo,-0.562999,-0.391158,-0.330131,0.648877
16935123185943,Lacc,7.457649,-0.631203,1.072132,
16935123185943,GameRo,-0.562868,-0.391277,-0.330305,0.648830
16935143799943,pre,1003.921509,,,
16935159699943,pre,1003.918518,,,
16935143106193,Gyro,-0.449768,0.514686,-4.718376,
16935163018693,Gyro,-0.864949,0.520007,-4.529875,
16935174866943,pre,1003.919983,,,
16935143106193,Lacc,4.868731,-1.769951,0.622904,
16935143106193,GameRo,-0.520944,-0.435021,-0.395292,0.618966
16935163018693,Lacc,6.047560,-1.696947,0.493788,
16935163018693,GameRo,-0.520936,-0.435031,-0.395302,0.618959
16935189820943,pre,1003.912537,,,
16935205170943,pre,1003.908752,,,
16935182900943,Gyro,-0.920821,0.639599,-4.216859,
16935202752943,Gyro,-0.920156,0.776884,-3.803674,
16935182900943,Lacc,7.419774,-3.944494,0.564860,
16935182900943,GameRo,-0.485989,-0.466477,-0.462030,0.576838
16935202752943,Lacc,7.109368,-4.613497,0.035801,
16935202752943,GameRo,-0.486160,-0.466355,-0.461851,0.576936
16935220490943,pre,1003.914001,,,
16935235810943,pre,1003.902039,,,
16935251160943,pre,1003.913269,,,
16935222665693,Gyro,-1.119299,0.792050,-3.228593,
16935242639193,Gyro,-1.510269,0.593173,-2.481640,
16935222665693,Lacc,4.634791,-6.770855,-1.777684,
16935222665693,GameRo,-0.453889,-0.483504,-0.519274,0.539039
16935242639193,Lacc,1.299526,-6.569742,-2.434821,
16935242639193,GameRo,-0.454410,-0.483305,-0.518779,0.539255
16935266511943,pre,1003.908020,,,
16935281861943,pre,1003.911011,,,
16935262582443,Gyro,-1.745728,0.335098,-1.789761,
16935282495443,Gyro,-1.696907,0.196350,-1.235565,
16935262582443,Lacc,-0.355568,-6.542922,-1.341640,
16935262582443,GameRo,-0.440716,-0.482239,-0.563685,0.505445
16935282495443,Lacc,-1.253562,-5.670572,0.000342,
16935282495443,GameRo,-0.441143,-0.481809,-0.563355,0.505849
16935297089943,pre,1003.905762,,,
16935312531943,pre,1003.903503,,,
16935302408193,Gyro,-1.571329,0.156707,-0.840871,
16935322320693,Gyro,-1.229047,0.187703,-0.631884,
16935335419943,pre,1003.898987,,,
16935302408193,Lacc,-2.330311,-6.008620,-0.019360,
16935302408193,GameRo,-0.444663,-0.470346,-0.592791,0.479216
16935322320693,Lacc,-3.336306,-6.624886,-0.718207,
16935322320693,GameRo,-0.445245,-0.469801,-0.592365,0.479737
16935350861943,pre,1003.908020,,,
16935366212943,pre,1003.902771,,,
16935342233193,Gyro,-0.825706,0.215905,-0.566567,
16935362145693,Gyro,-0.363965,0.227611,-0.591177,
16935342233193,Lacc,-4.048694,-7.354284,-1.654240,
16935342233193,GameRo,-0.449323,-0.458555,-0.610594,0.463694
16935362145693,Lacc,-4.003314,-7.486068,-2.383323,
16935362145693,GameRo,-0.450088,-0.458072,-0.610009,0.464198
16935381531943,pre,1003.895264,,,
16935396882943,pre,1003.902771,,,
16935382058443,Gyro,0.001064,0.240249,-0.665673,
16935401971443,Gyro,0.208056,0.257676,-0.723274,
16935413453943,pre,1003.896729,,,
16935382058443,Lacc,-3.434621,-7.664427,-2.648933,
16935382058443,GameRo,-0.445796,-0.456636,-0.620046,0.456391
16935401971443,Lacc,-2.910772,-8.042427,-2.159045,
16935401971443,GameRo,-0.446528,-0.456142,-0.619507,0.456901
16935427521943,pre,1003.902039,,,
16935442872943,pre,1003.896729,,,
16935421884193,Gyro,0.303437,0.264726,-0.651173,
16935441796693,Gyro,0.232400,0.214840,-0.411057,
16935421884193,Lacc,-2.463219,-8.775247,-1.726133,
16935421884193,GameRo,-0.435555,-0.462237,-0.625717,0.452888
16935441796693,Lacc,-2.421805,-8.995494,-1.808543,
16935441796693,GameRo,-0.436285,-0.461695,-0.625207,0.453442
16935458192943,pre,1003.904236,,,
16935473542943,pre,1003.905762,,,
16935488862943,pre,1003.899780,,,
16935461709443,Gyro,0.124115,0.076225,-0.043234,
16935481622443,Gyro,0.134225,-0.133161,0.389906,
16935461709443,Lacc,-2.609103,-9.094208,-2.255470,
16935461709443,GameRo,-0.428841,-0.465566,-0.627777,0.453034
16935481622443,Lacc,-2.231666,-8.753675,-2.099397,
16935481622443,GameRo,-0.429590,-0.465066,-0.627253,0.453564
16935504212943,pre,1003.897522,,,
16935519562943,pre,1003.902771,,,
16935501535193,Gyro,0.271910,-0.320465,0.850715,
16935521447693,Gyro,0.441653,-0.444846,1.310726,
16935501535193,Lacc,-1.157833,-8.315706,-1.266555,
16935501535193,GameRo,-0.434583,-0.464038,-0.620449,0.459183
16935521447693,Lacc,-0.066828,-8.518258,-0.503599,
16935521447693,GameRo,-0.435162,-0.463519,-0.620055,0.459691
16935534760943,pre,1003.901245,,,
16935550202943,pre,1003.890747,,,
16935565552943,pre,1003.884766,,,
16935541360443,Gyro,0.512557,-0.513622,1.728701,
16935561273443,Gyro,0.386447,-0.538897,2.093331,
16935541360443,Lacc,1.280420,-8.416423,-0.306551,
16935541360443,GameRo,-0.449376,-0.460812,-0.599173,0.476136
16935561273443,Lacc,3.021418,-8.476501,-0.714471,
16935561273443,GameRo,-0.449893,-0.460414,-0.598781,0.476525
16935580872943,pre,1003.883240,,,
16935596223943,pre,1003.872009,,,
16935581186193,Gyro,0.195019,-0.574416,2.405548,
16935601098693,Gyro,0.043234,-0.636141,2.673201,
16935612397943,pre,1003.866028,,,
16935581186193,Lacc,4.302304,-7.407555,-0.955373,
16935581186193,GameRo,-0.472155,-0.450487,-0.569409,0.499905
16935601098693,Lacc,5.568047,-6.799401,-1.110239,
16935601098693,GameRo,-0.472554,-0.450244,-0.569071,0.500130
16935626893943,pre,1003.870483,,,
16935642121943,pre,1003.870483,,,
16935621011193,Gyro,-0.073698,-0.734315,2.939390,
16935640923693,Gyro,-0.131033,-0.734581,3.176180,
16935621011193,Lacc,8.186260,-5.614321,-0.772660,
16935621011193,GameRo,-0.503214,-0.430920,-0.534725,0.524551
16935640923693,Lacc,9.988575,-5.887280,-0.339873,
16935640923693,GameRo,-0.503447,-0.430773,-0.534509,0.524668
16935657532943,pre,1003.860779,,,
16935672883943,pre,1003.869751,,,
16935688202943,pre,1003.875000,,,
16935660836443,Gyro,-0.185707,-0.697467,3.392883,
16935680749443,Gyro,-0.429149,-0.760522,3.653219,
16935660836443,Lacc,8.304784,-4.353627,0.521062,
16935660836443,GameRo,-0.539070,-0.404029,-0.493741,0.549895
16935680749443,Lacc,5.724687,-3.501537,0.676667,
16935680749443,GameRo,-0.539154,-0.403907,-0.493643,0.549990
16935703553943,pre,1003.875000,,,
16935726563943,pre,1003.885498,,,
16935700662193,Gyro,-0.711302,-0.904325,3.960115,
16935720574693,Gyro,-1.013541,-1.105065,4.224708,
16935741761943,pre,1003.885498,,,
16935700662193,Lacc,4.376695,-1.366446,0.479585,
16935700662193,GameRo,-0.579466,-0.367566,-0.447278,0.573635
16935720574693,Lacc,6.279445,-1.252090,-0.328775,
16935720574693,GameRo,-0.579472,-0.367639,-0.447297,0.573567
16935757172943,pre,1003.883240,,,
16935740487443,Gyro,-0.741366,-1.198318,4.258231,
16935760400443,Gyro,0.006119,-1.115973,4.085694,
16935740487443,Lacc,10.399859,0.076678,0.083435,
16935772797943,pre,1003.875000,,,
16935740487443,GameRo,-0.628642,-0.321904,-0.391928,0.589558
16935760400443,Lacc,11.489537,0.630425,0.209931,
16935760400443,GameRo,-0.628498,-0.322165,-0.392184,0.589399
16935787842943,pre,1003.888489,,,
16935803162943,pre,1003.872742,,,
16935780313193,Gyro,0.743893,-0.944633,3.793697,
16935800225693,Gyro,1.292635,-0.790985,3.439177,
16935780313193,Lacc,10.079618,2.961510,0.723680,
16935780313193,GameRo,-0.660294,-0.283442,-0.329674,0.612363
16935800225693,Lacc,6.729131,4.455482,0.802591,
16935800225693,GameRo,-0.660036,-0.283891,-0.330177,0.612161
16935818482943,pre,1003.880981,,,
16935833710943,pre,1003.887756,,,
16935849152943,pre,1003.887756,,,
16935820115443,Gyro,1.489649,-0.664077,3.101817,
16935839982443,Gyro,1.368860,-0.605677,2.821128,
16935820115443,Lacc,4.684782,7.151716,0.537716,
16935820115443,GameRo,-0.666502,-0.256712,-0.270842,0.645383
16935839982443,Lacc,2.637873,7.870421,0.574432,
16935839982443,GameRo,-0.666180,-0.257402,-0.271586,0.645128
16935864472943,pre,1003.895264,,,
16935879822943,pre,1003.897522,,,
16935859895193,Gyro,1.158675,-0.558984,2.471929,
16935879853693,Gyro,0.998775,-0.493934,2.007794,
16935859895193,Lacc,2.433713,9.210330,0.687269,
16935859895193,GameRo,-0.664491,-0.235842,-0.221217,0.673716
16935879853693,Lacc,1.109399,9.933526,0.783627,
16935879853693,GameRo,-0.664079,-0.236672,-0.222134,0.673530
16935895051943,pre,1003.895264,,,
16935910493943,pre,1003.895996,,,
16935925812943,pre,1003.900513,,,
16935899789443,Gyro,0.906853,-0.450965,1.511998,
16935919702443,Gyro,0.872133,-0.406933,1.074468,
16935899789443,Lacc,0.519331,10.594578,0.562974,
16935899789443,GameRo,-0.661117,-0.222153,-0.185111,0.692320
16935919702443,Lacc,0.017802,10.360953,0.400007,
16935919702443,GameRo,-0.660704,-0.223040,-0.186069,0.692172
16935933381943,pre,1003.902771,,,
16935948823943,pre,1003.898987,,,
16935964142943,pre,1003.900513,,,
16935939615193,Gyro,0.863353,-0.351726,0.717288,
16935959527693,Gyro,0.738173,-0.270978,0.404007,
16935939615193,Lacc,0.400586,10.484523,-0.045982,
16935939615193,GameRo,-0.654179,-0.218820,-0.163303,0.705337
16935959527693,Lacc,0.474075,10.756018,-0.292533,
16935959527693,GameRo,-0.653839,-0.219762,-0.164248,0.705139
16935979462943,pre,1003.898987,,,
16935994813943,pre,1003.904236,,,
16935979440193,Gyro,0.517080,-0.191294,0.100968,
16935999352693,Gyro,0.314079,-0.142739,-0.202469,
16936010621943,pre,1003.905029,,,
16935979440193,Lacc,0.535529,10.725517,-0.724977,
16935979440193,GameRo,-0.645777,-0.221838,-0.153177,0.714351
16935999352693,Lacc,0.611570,9.962461,-0.796117,
16935999352693,GameRo,-0.645495,-0.222786,-0.154077,0.714117
16936033143943,pre,1003.905762,,,
16936048463943,pre,1003.910278,,,
16936019242443,Gyro,0.238519,-0.127574,-0.535704,
16936039109443,Gyro,0.240648,-0.140345,-0.872133,
16936019242443,Lacc,0.534505,9.095064,-0.648449,
16936019242443,GameRo,-0.640133,-0.229549,-0.154946,0.716609
16936039109443,Lacc,0.448030,8.368155,-0.323192,
16936039109443,GameRo,-0.639806,-0.230357,-0.155760,0.716466
16936063782943,pre,1003.904236,,,
16936079133943,pre,1003.904236,,,
16936059022193,Gyro,0.261400,-0.160698,-1.220001,
16936078980693,Gyro,0.213111,-0.140345,-1.563746,
16936059022193,Lacc,1.104137,7.514243,-0.279790,
16936059022193,GameRo,-0.632300,-0.245196,-0.166369,0.715819
16936078980693,Lacc,2.855647,6.968514,-0.397601,
16936078980693,GameRo,-0.632031,-0.245913,-0.167065,0.715649
16936094452943,pre,1003.905762,,,
16936109772943,pre,1003.916260,,,
16936125123943,pre,1003.911011,,,
16936098916443,Gyro,0.044830,-0.090193,-1.960170,
16936118829443,Gyro,-0.036184,-0.021418,-2.427099,
16936098916443,Lacc,4.359439,6.100593,-0.405081,
16936098916443,GameRo,-0.621252,-0.269160,-0.187684,0.711600
16936118829443,Lacc,6.080264,5.463768,-0.057036,
16936118829443,GameRo,-0.620983,-0.269783,-0.188298,0.711436
16936140442943,pre,1003.912537,,,
16936155793943,pre,1003.914734,,,
16936138742193,Gyro,-0.086734,0.071436,-2.892830,
16936158654693,Gyro,-0.234529,0.168680,-3.302690,
16936138742193,Lacc,6.120744,4.292555,0.430506,
16936138742193,GameRo,-0.607435,-0.300360,-0.223449,0.700627
16936158654693,Lacc,6.965792,3.870664,0.668041,
16936158654693,GameRo,-0.607157,-0.300839,-0.223961,0.700498
16936171021943,pre,1003.920776,,,
16936186432943,pre,1003.919983,,,
16936201783943,pre,1003.924500,,,
16936178567443,Gyro,-0.442718,0.285079,-3.680490,
16936198480443,Gyro,-0.458947,0.436997,-4.100859,
16936178567443,Lacc,8.816908,2.642723,0.255614,
16936178567443,GameRo,-0.588355,-0.337110,-0.273857,0.682054
16936198480443,Lacc,10.684267,1.918772,-0.158785,
16936198480443,GameRo,-0.588167,-0.337520,-0.274224,0.681866
16936216981943,pre,1003.930481,,,
16936232300943,pre,1003.926025,,,
16936247742943,pre,1003.923767,,,
16936218370443,Gyro,-0.231336,0.557255,-4.462696,
16936238237443,Gyro,-0.091523,0.607140,-4.637761,
16936218370443,Lacc,9.160556,-0.457573,0.229185,
16936218370443,GameRo,-0.561904,-0.376487,-0.337392,0.654742
16936238237443,Lacc,7.459348,-1.135533,0.827542,
16936238237443,GameRo,-0.561806,-0.376609,-0.337529,0.654685
16936263062943,pre,1003.919983,,,
16936278412943,pre,1003.919250,,,
16936258150193,Gyro,-0.232134,0.602485,-4.533599,
16936278108693,Gyro,-0.498190,0.572154,-4.253708,
16936258150193,Lacc,5.846219,-2.839998,0.748531,
16936258150193,GameRo,-0.522203,-0.417856,-0.403747,0.624251
16936278108693,Lacc,7.090471,-2.720367,0.543242,
16936278108693,GameRo,-0.522226,-0.417851,-0.403722,0.624250
16936293732943,pre,1003.911743,,,
16936309083943,pre,1003.914001,,,
16936324433943,pre,1003.922241,,,
16936298044193,Gyro,-0.671127,0.635076,-3.880830,
16936317956693,Gyro,-0.914036,0.652902,-3.420819,
16936298044193,Lacc,6.957624,-4.399959,0.070885,
16936298044193,GameRo,-0.486619,-0.448893,-0.465019,0.587754
16936317956693,Lacc,5.786002,-4.318974,-0.858678,
16936317956693,GameRo,-0.486835,-0.448815,-0.464800,0.587807
16936339753943,pre,1003.919983,,,
16936355103943,pre,1003.914001,,,
16936337869193,Gyro,-1.259910,0.566833,-2.838422,
16936357781693,Gyro,-1.584232,0.401080,-2.228754,
16936371064943,pre,1003.919983,,,
16936337869193,Lacc,3.875549,-5.547554,-2.046925,
16936337869193,GameRo,-0.460740,-0.463931,-0.517448,0.552027
16936357781693,Lacc,2.241792,-5.096840,-1.899443,
16936357781693,GameRo,-0.461145,-0.463785,-0.517067,0.552169
16936385773943,pre,1003.909485,,,
16936401093943,pre,1003.904236,,,
16936377701943,Gyro,-1.767146,0.269116,-1.712471,
16936397629943,Gyro,-1.868247,0.204331,-1.330681,
16936377701943,Lacc,0.947378,-5.378966,-0.967997,
16936377701943,GameRo,-0.453919,-0.462113,-0.558512,0.518143
16936397629943,Lacc,-0.586668,-5.196572,-0.272974,
16936397629943,GameRo,-0.454314,-0.461746,-0.558195,0.518467
16936424103943,pre,1003.916260,,,
16936439423943,pre,1003.915527,,,
16936417527443,Gyro,-1.919862,0.197414,-1.114643,
16936437394443,Gyro,-1.768210,0.227877,-1.011014,
16936417527443,Lacc,-2.106083,-5.936011,-0.502378,
16936417527443,GameRo,-0.459201,-0.449781,-0.589958,0.488653
16936437394443,Lacc,-3.214666,-6.417288,-1.023124,
16936437394443,GameRo,-0.459779,-0.449255,-0.589520,0.489122
16936454743943,pre,1003.898254,,,
16936470063943,pre,1003.898254,,,
16936486695943,pre,1003.903503,,,
16936457276693,Gyro,-1.317777,0.258341,-0.957271,
16936477174193,Gyro,-0.826371,0.278561,-0.930399,
16936457276693,Lacc,-3.789141,-7.192735,-1.662875,
16936457276693,GameRo,-0.465297,-0.434999,-0.615825,0.463718
16936477174193,Lacc,-3.938288,-7.553079,-1.992933,
16936477174193,GameRo,-0.466008,-0.434434,-0.615298,0.464233
16936500733943,pre,1003.908752,,,
16936516053943,pre,1003.900513,,,
16936497109943,Gyro,-0.472117,0.286011,-0.897940,
16936517083943,Gyro,-0.176129,0.269781,-0.812270,
16936497109943,Lacc,-3.885619,-8.247435,-2.428296,
16936497109943,GameRo,-0.462700,-0.429854,-0.632704,0.448129
16936517083943,Lacc,-3.671084,-8.594424,-2.641603,
16936517083943,GameRo,-0.463476,-0.429294,-0.632144,0.448654
16936531312943,pre,1003.898254,,,
16936546723943,pre,1003.902039,,,
16936562073943,pre,1003.899780,,,
16936537027193,Gyro,0.179721,0.197015,-0.628558,
16936556939693,Gyro,0.536902,0.071968,-0.313148,
16936537027193,Lacc,-3.497465,-9.301680,-2.742101,
16936537027193,GameRo,-0.455359,-0.431889,-0.642317,0.439942
16936556939693,Lacc,-3.161352,-9.266943,-2.767416,
16936556939693,GameRo,-0.456152,-0.431328,-0.641764,0.440478
16936577393943,pre,1003.911743,,,
16936592744943,pre,1003.902039,,,
16936576821693,Gyro,0.742829,-0.084340,0.084473,
16936596673193,Gyro,0.720747,-0.248896,0.500585,
16936576821693,Lacc,-2.505343,-8.990201,-2.642191,
16936576821693,GameRo,-0.448864,-0.439836,-0.639572,0.442734
16936608277943,pre,1003.904236,,,
16936596673193,Lacc,-1.722928,-8.643515,-2.064384,
16936596673193,GameRo,-0.449573,-0.439314,-0.639085,0.443236
16936623414943,pre,1003.901245,,,
16936638733943,pre,1003.893738,,,
16936616555443,Gyro,0.658090,-0.378465,0.886234,
16936636468443,Gyro,0.656228,-0.464401,1.270020,
16936616555443,Lacc,-0.875942,-8.734142,-1.129081,
16936616555443,GameRo,-0.451553,-0.445515,-0.625305,0.454543
16936636468443,Lacc,0.132907,-8.997457,-0.875849,
16936636468443,GameRo,-0.452151,-0.444987,-0.624893,0.455033
16936654053943,pre,1003.884766,,,
16936669404943,pre,1003.874268,,,
16936684754943,pre,1003.872742,,,
16936656381193,Gyro,0.588650,-0.515750,1.625471,
16936676293693,Gyro,0.509764,-0.584659,1.944340,
16936656381193,Lacc,1.109088,-8.525790,-1.089616,
16936656381193,GameRo,-0.463973,-0.444920,-0.602559,0.472967
16936676293693,Lacc,2.514481,-8.457891,-1.431993,
16936676293693,GameRo,-0.464522,-0.444533,-0.602138,0.473329
16936700074943,pre,1003.872742,,,
16936715424943,pre,1003.877258,,,
16936696236943,Gyro,0.445644,-0.647980,2.267997,
16936716210943,Gyro,0.287075,-0.696668,2.573696,
16936696236943,Lacc,4.363732,-7.356784,-1.240925,
16936696236943,GameRo,-0.484265,-0.437284,-0.572739,0.496226
16936716210943,Lacc,6.525986,-6.424748,-1.465700,
16936716210943,GameRo,-0.484646,-0.437082,-0.572417,0.496404
16936730652943,pre,1003.875000,,,
16936753754943,pre,1003.881775,,,
16936736154193,Gyro,0.097510,-0.733118,2.816605,
16936756066693,Gyro,-0.003858,-0.676980,3.003643,
16936736154193,Lacc,9.533332,-5.227257,-1.116256,
16936768952943,pre,1003.885498,,,
16936736154193,GameRo,-0.512092,-0.421453,-0.536493,0.521838
16936756066693,Lacc,9.732450,-5.167329,-0.711306,
16936756066693,GameRo,-0.512313,-0.421342,-0.536291,0.521918
16936784394943,pre,1003.887756,,,
16936800324943,pre,1003.887756,,,
16936775979443,Gyro,-0.218964,-0.664476,3.191877,
16936795892443,Gyro,-0.558718,-0.767040,3.434255,
16936775979443,Lacc,7.161886,-3.542117,0.117815,
16936775979443,GameRo,-0.544384,-0.396473,-0.497114,0.547113
16936795892443,Lacc,4.906291,-2.872607,0.313171,
16936795892443,GameRo,-0.544467,-0.396380,-0.497023,0.547180
16936815339943,pre,1003.882507,,,
16936830292943,pre,1003.888489,,,
16936815782443,Gyro,-0.836614,-0.927871,3.687540,
16936835649443,Gyro,-0.858564,-1.004097,3.840124,
16936846558943,pre,1003.888489,,,
16936815782443,Lacc,5.591681,-1.053279,0.770779,
16936815782443,GameRo,-0.584160,-0.360943,-0.454268,0.567555
16936835649443,Lacc,7.715563,-0.776279,0.591081,
16936835649443,GameRo,-0.584094,-0.361031,-0.454353,0.567498
16936861085943,pre,1003.887756,,,
16936876313943,pre,1003.889282,,,
16936855562193,Gyro,-0.529984,-0.999174,3.834537,
16936875520693,Gyro,0.101634,-0.929202,3.661334,
16936855562193,Lacc,9.462225,0.869047,0.534434,
16936855562193,GameRo,-0.627958,-0.319398,-0.404244,0.583302
16936875520693,Lacc,8.364343,1.450433,0.056732,
16936875520693,GameRo,-0.627819,-0.319669,-0.404490,0.583132
16936891633943,pre,1003.890015,,,
16936907044943,pre,1003.895996,,,
16936922364943,pre,1003.894531,,,
16936895456193,Gyro,0.794045,-0.904192,3.435319,
16936915368693,Gyro,1.293167,-0.914968,3.224070,
16936895456193,Lacc,6.491311,3.356979,0.247872,
16936895456193,GameRo,-0.654935,-0.285154,-0.348878,0.606656
16936915368693,Lacc,4.651924,4.358899,0.738584,
16936915368693,GameRo,-0.654684,-0.285581,-0.349340,0.606460
16936937714943,pre,1003.894531,,,
16936953034943,pre,1003.894531,,,
16936935281443,Gyro,1.546452,-0.840472,2.955886,
16936955194443,Gyro,1.524237,-0.698664,2.610811,
16936935281443,Lacc,4.354659,7.153576,1.143493,
16936935281443,GameRo,-0.661256,-0.263659,-0.291367,0.639007
16936955194443,Lacc,2.723729,8.472760,1.199556,
16936955194443,GameRo,-0.660856,-0.264353,-0.292142,0.638780
16936968293943,pre,1003.898254,,,
16936983735943,pre,1003.893738,,,
16936999055943,pre,1003.902039,,,
16936975107193,Gyro,1.306203,-0.593439,2.281034,
16936995019693,Gyro,1.096950,-0.540493,1.871706,
16936975107193,Lacc,1.419908,9.093471,0.850498,
16936975107193,GameRo,-0.657698,-0.248118,-0.242346,0.668685
16936995019693,Lacc,0.333693,8.955072,0.989576,
16936995019693,GameRo,-0.657246,-0.248880,-0.243210,0.668532
16937014405943,pre,1003.909485,,,
16937030121943,pre,1003.903503,,,
16937014909443,Gyro,0.894348,-0.457085,1.425929,
16937034776443,Gyro,0.628026,-0.373809,1.045202,
16937046662943,pre,1003.908020,,,
16937014909443,Lacc,0.356198,10.159152,0.784855,
16937014909443,GameRo,-0.653456,-0.237613,-0.207077,0.688226
16937034776443,Lacc,-0.168131,10.756285,0.427853,
16937034776443,GameRo,-0.653011,-0.238505,-0.208024,0.688054
16937060395943,pre,1003.910278,,,
16937075745943,pre,1003.907288,,,
16937054689193,Gyro,0.463337,-0.313414,0.726600,
16937074647693,Gyro,0.412653,-0.268185,0.421433,
16937054689193,Lacc,0.068083,10.551605,-0.057927,
16937054689193,GameRo,-0.650225,-0.233766,-0.187157,0.698236
16937074647693,Lacc,0.158253,9.953793,-0.310841,
16937074647693,GameRo,-0.649884,-0.234686,-0.188054,0.698004
16937091065943,pre,1003.908020,,,
16937114075943,pre,1003.902771,,,
16937094583193,Gyro,0.395892,-0.228409,0.117996,
16937114495693,Gyro,0.392699,-0.189698,-0.181983,
16937094583193,Lacc,0.450559,9.424591,-0.470234,
16937094583193,GameRo,-0.646688,-0.235598,-0.177992,0.703284
16937114495693,Lacc,0.524361,9.220977,-0.465837,
16937114495693,GameRo,-0.646378,-0.236486,-0.178843,0.703054
16937129426943,pre,1003.908752,,,
16937144776943,pre,1003.908020,,,
16937160126943,pre,1003.917786,,,
16937134408443,Gyro,0.340552,-0.166152,-0.493800,
16937154321443,Gyro,0.283350,-0.157505,-0.834353,
16937134408443,Lacc,0.243781,8.765219,-0.488604,
16937134408443,GameRo,-0.640369,-0.243948,-0.178258,0.706145
16937154321443,Lacc,0.420965,8.096278,-0.337331,
16937154321443,GameRo,-0.640058,-0.244738,-0.179031,0.705958
16937175446943,pre,1003.916260,,,
16937183137943,pre,1003.905762,,,
16937198456943,pre,1003.914001,,,
16937174234193,Gyro,0.194620,-0.142739,-1.225189,
16937194146693,Gyro,0.053211,-0.101367,-1.658595,
16937174234193,Lacc,1.301949,7.251804,-0.319157,
16937174234193,GameRo,-0.632110,-0.259578,-0.188498,0.705354
16937194146693,Lacc,3.161666,6.619473,-0.322201,
16937194146693,GameRo,-0.631841,-0.260262,-0.189153,0.705167
16937213807943,pre,1003.909485,,,
16937230073943,pre,1003.919983,,,
16937214059443,Gyro,-0.137551,-0.037248,-2.132707,
16937233972443,Gyro,-0.274836,0.048688,-2.645930,
16937245240943,pre,1003.924500,,,
16937214059443,Lacc,4.900427,5.545746,-0.229608,
16937214059443,GameRo,-0.622244,-0.283490,-0.211972,0.698222
16937233972443,Lacc,7.130998,4.607737,0.000744,
16937233972443,GameRo,-0.621992,-0.284059,-0.212525,0.698047
16937259827943,pre,1003.924500,,,
16937275178943,pre,1003.936523,,,
16937253885193,Gyro,-0.233863,0.183845,-3.156359,
16937273797693,Gyro,-0.183579,0.279226,-3.590430,
16937253885193,Lacc,7.743980,3.068924,0.099515,
16937253885193,GameRo,-0.609138,-0.315283,-0.252069,0.682648
16937273797693,Lacc,9.125147,2.716784,-0.321940,
16937273797693,GameRo,-0.608940,-0.315747,-0.252490,0.682455
16937290497943,pre,1003.924500,,,
16937305817943,pre,1003.925232,,,
16937321168943,pre,1003.933533,,,
16937293710193,Gyro,-0.112276,0.342148,-4.019578,
16937313622693,Gyro,0.062789,0.404007,-4.336585,
16937293710193,Lacc,9.914331,1.184463,-0.594812,
16937293710193,GameRo,-0.585327,-0.354537,-0.305959,0.661880
16937313622693,Lacc,9.482152,0.440420,0.038651,
16937313622693,GameRo,-0.585182,-0.354826,-0.306216,0.661735
16937336487943,pre,1003.926758,,,
16937351838943,pre,1003.932739,,,
16937333535443,Gyro,0.070505,0.419172,-4.468948,
16937353448443,Gyro,-0.164822,0.395892,-4.404429,
16937333535443,Lacc,6.620750,-1.381659,0.781936,
16937333535443,GameRo,-0.549173,-0.399153,-0.366600,0.636153
16937353448443,Lacc,5.599927,-1.615979,1.113389,
16937353448443,GameRo,-0.549110,-0.399166,-0.366668,0.636160
16937367066943,pre,1003.934998,,,
16937382477943,pre,1003.927490,,,
16937397828943,pre,1003.928284,,,
16937373361193,Gyro,-0.374208,0.398020,-4.172428,
16937393273693,Gyro,-0.476640,0.436864,-3.833871,
16937373361193,Lacc,5.478251,-3.395537,0.968093,
16937373361193,GameRo,-0.511338,-0.439099,-0.426451,0.603212
16937393273693,Lacc,6.396799,-3.474134,0.814810,
16937393273693,GameRo,-0.511404,-0.439006,-0.426376,0.603277
16937413148943,pre,1003.927490,,,
16937428467943,pre,1003.914001,,,
16937413193943,Gyro,-0.581998,0.525594,-3.434920,
16937433121943,Gyro,-0.876256,0.546214,-2.926486,
16937413193943,Lacc,5.703050,-4.973600,0.131200,
16937413193943,GameRo,-0.478846,-0.466803,-0.479429,0.568286
16937433121943,Lacc,3.217293,-4.652687,-0.747020,
16937433121943,GameRo,-0.479125,-0.466638,-0.479152,0.568420
16937451447943,pre,1003.919250,,,
16937466797943,pre,1003.914734,,,
16937482117943,pre,1003.914734,,,
16937453011943,Gyro,-1.340658,0.455621,-2.345685,
16937472863943,Gyro,-1.738944,0.352658,-1.821288,
16937453011943,Lacc,1.112752,-5.104132,-1.401665,
16937453011943,GameRo,-0.456833,-0.478232,-0.524206,0.536475
16937472863943,Lacc,-0.104143,-4.632403,-0.994390,
16937472863943,GameRo,-0.457228,-0.477988,-0.523852,0.536702
16937497407943,pre,1003.908020,,,
16937512757943,pre,1003.923035,,,
16937492769193,Gyro,-1.886073,0.305699,-1.393071,
16937512727693,Gyro,-1.816366,0.306763,-1.103868,
16937492769193,Lacc,-1.092969,-5.330581,-0.523980,
16937492769193,GameRo,-0.454869,-0.471356,-0.561679,0.505405
16937512727693,Lacc,-2.212842,-6.025285,-0.239262,
16937512727693,GameRo,-0.455352,-0.470867,-0.561309,0.505837
16937527955943,pre,1003.922241,,,
16937543397943,pre,1003.919983,,,
16937558716943,pre,1003.907288,,,
16937532663193,Gyro,-1.521044,0.337359,-0.962725,
16937552575693,Gyro,-1.161336,0.359974,-0.908981,
16937532663193,Lacc,-2.898484,-6.902237,-0.697360,
16937532663193,GameRo,-0.459862,-0.456635,-0.591095,0.480227
16937552575693,Lacc,-3.334642,-7.159311,-1.348873,
16937552575693,GameRo,-0.460510,-0.456100,-0.590607,0.480715
16937574036943,pre,1003.917786,,,
16937589387943,pre,1003.910278,,,
16937572488443,Gyro,-0.708774,0.350928,-0.901798,
16937592401443,Gyro,-0.168015,0.329245,-0.898871,
16937572488443,Lacc,-3.327540,-7.662748,-2.061033,
16937572488443,GameRo,-0.459394,-0.447037,-0.612010,0.463206
16937592401443,Lacc,-3.340714,-7.850212,-2.124004,
16937592401443,GameRo,-0.460122,-0.446512,-0.611472,0.463698
16937604584943,pre,1003.904236,,,
16937620026943,pre,1003.909485,,,
16937635346943,pre,1003.914001,,,
16937612314193,Gyro,0.290667,0.300777,-0.841935,
16937632226693,Gyro,0.510961,0.243708,-0.677113,
16937612314193,Lacc,-3.086120,-8.240849,-2.032767,
16937612314193,GameRo,-0.450189,-0.449332,-0.623340,0.454838
16937632226693,Lacc,-2.879900,-8.476581,-1.960686,
16937632226693,GameRo,-0.450920,-0.448780,-0.622830,0.455358
16937650635943,pre,1003.902771,,,
16937666016943,pre,1003.901245,,,
16937681336943,pre,1003.916260,,,
16937652116443,Gyro,0.614191,0.171340,-0.411722,
16937671983443,Gyro,0.736976,0.059198,-0.047491,
16937652116443,Lacc,-2.615743,-8.834929,-2.248216,
16937652116443,GameRo,-0.437977,-0.458401,-0.625686,0.454490
16937671983443,Lacc,-2.416927,-8.723145,-2.322037,
16937671983443,GameRo,-0.438743,-0.457896,-0.625154,0.454993
16937696656943,pre,1003.904236,,,
16937711976943,pre,1003.905762,,,
16937691896193,Gyro,0.686026,-0.100968,0.412387,
16937711854693,Gyro,0.487681,-0.241313,0.876522,
16937691896193,Lacc,-1.977964,-8.540593,-1.639824,
16937691896193,GameRo,-0.432179,-0.466050,-0.618560,0.461955
16937711854693,Lacc,-1.029865,-8.412949,-0.800280,
16937711854693,GameRo,-0.432805,-0.465510,-0.618148,0.462464
16937727204943,pre,1003.915527,,,
16937742615943,pre,1003.903503,,,
16937757966943,pre,1003.900513,,,
16937731797943,Gyro,0.320731,-0.342281,1.339727,
16937751725943,Gyro,0.189033,-0.390039,1.727770,
16937731797943,Lacc,0.205252,-8.573203,-0.051561,
16937731797943,GameRo,-0.440320,-0.465313,-0.602564,0.475941
16937751725943,Lacc,1.514420,-8.847229,-0.080835,
16937751725943,GameRo,-0.440859,-0.464815,-0.602193,0.476397
16937780945943,pre,1003.890015,,,
16937796265943,pre,1003.882507,,,
16937771646193,Gyro,0.077555,-0.423296,2.039588,
16937791558693,Gyro,-0.025275,-0.457085,2.315754,
16937771646193,Lacc,2.854384,-7.986522,-0.347936,
16937771646193,GameRo,-0.460272,-0.454692,-0.579697,0.495334
16937791558693,Lacc,4.659089,-7.777327,-0.760526,
16937791558693,GameRo,-0.460727,-0.454367,-0.579341,0.495626
16937811677943,pre,1003.877258,,,
16937826905943,pre,1003.883240,,,
16937811471443,Gyro,-0.008514,-0.487016,2.573164,
16937831384443,Gyro,0.288937,-0.516947,2.736921,
16937842652943,pre,1003.882507,,,
16937811471443,Lacc,7.322704,-6.663153,-1.113873,
16937811471443,GameRo,-0.487188,-0.436531,-0.551319,0.517819
16937831384443,Lacc,9.400654,-6.852413,-1.768751,
16937831384443,GameRo,-0.487543,-0.436379,-0.551013,0.517938
16937857545943,pre,1003.883240,,,
16937872864943,pre,1003.885498,,,
16937851297193,Gyro,0.908316,-0.575214,2.878729,
16937871209693,Gyro,1.206565,-0.635875,3.140263,
16937851297193,Lacc,8.899764,-6.063856,-0.977529,
16937851297193,GameRo,-0.513093,-0.417909,-0.513598,0.546173
16937871209693,Lacc,6.765810,-4.521636,-0.399591,
16937871209693,GameRo,-0.513293,-0.417789,-0.513412,0.546252
16937888093943,pre,1003.889282,,,
16937903504943,pre,1003.893005,,,
16937918824943,pre,1003.895996,,,
16937891122443,Gyro,0.981349,-0.733384,3.477489,
16937911035443,Gyro,0.656760,-0.782206,3.757247,
16937891122443,Lacc,6.219707,-1.803923,-0.228156,
16937891122443,GameRo,-0.532196,-0.403710,-0.461349,0.583904
16937911035443,Lacc,6.305071,-1.029506,-0.498219,
16937911035443,GameRo,-0.532233,-0.403787,-0.461332,0.583830
16937934144943,pre,1003.898987,,,
16937949463943,pre,1003.902039,,,
16937930948193,Gyro,0.372346,-0.831958,3.910362,
16937950860693,Gyro,0.257409,-0.846192,3.915950,
16937930948193,Lacc,7.312903,0.335687,-0.671382,
16937930948193,GameRo,-0.560695,-0.378081,-0.402737,0.616830
16937964661943,pre,1003.896729,,,
16937950860693,Lacc,7.686848,0.031889,-1.020406,
16937950860693,GameRo,-0.560673,-0.378290,-0.402825,0.616664
16937980103943,pre,1003.900513,,,
16937995423943,pre,1003.898254,,,
16937970773193,Gyro,0.506571,-0.842733,3.908234,
16937990685693,Gyro,0.809875,-0.838476,3.842385,
16937970773193,Lacc,6.830945,1.644614,-0.994230,
16937970773193,GameRo,-0.591576,-0.346274,-0.342035,0.642763
16937990685693,Lacc,5.253332,3.063861,-1.046790,
16937990685693,GameRo,-0.591449,-0.346670,-0.342323,0.642513
16938010804943,pre,1003.895996,,,
16938026063943,pre,1003.893738,,,
16938010598443,Gyro,0.998775,-0.773825,3.677829,
16938030511443,Gyro,1.084978,-0.639865,3.408314,
16938042420943,pre,1003.914734,,,
16938010598443,Lacc,4.478347,5.762202,-0.740350,
16938010598443,GameRo,-0.610919,-0.317179,-0.277418,0.670235
16938030511443,Lacc,3.203128,6.810021,-0.465012,
16938030511443,GameRo,-0.610628,-0.317815,-0.278009,0.669954
16938056611943,pre,1003.905029,,,
16938072022943,pre,1003.909485,,,
16938050424193,Gyro,0.979885,-0.462007,3.020670,
16938070336693,Gyro,0.616186,-0.293726,2.565980,
16938050424193,Lacc,2.992991,8.436388,-0.503893,
16938050424193,GameRo,-0.619267,-0.290985,-0.218566,0.695748
16938070336693,Lacc,2.097447,9.004159,-0.555846,
16938070336693,GameRo,-0.618914,-0.291797,-0.219342,0.695478
16938087342943,pre,1003.902771,,,
16938102692943,pre,1003.911011,,,
16938118012943,pre,1003.911743,,,
16938090249443,Gyro,0.220960,-0.155776,2.054753,
16938110162443,Gyro,-0.067578,-0.078886,1.571861,
16938090249443,Lacc,2.062309,10.490803,-0.673157,
16938090249443,GameRo,-0.625326,-0.267789,-0.177871,0.711069
16938110162443,Lacc,1.364147,10.680485,-0.656146,
16938110162443,GameRo,-0.624943,-0.268709,-0.178759,0.710835
16938133332943,pre,1003.918518,,,
16938148652943,pre,1003.916260,,,
16938130075193,Gyro,-0.151918,-0.052679,1.132868,
16938149987693,Gyro,-0.113340,-0.042037,0.713696,
16938130075193,Lacc,1.375938,10.748167,-0.523872,
16938130075193,GameRo,-0.633770,-0.251189,-0.157136,0.714526
16938149987693,Lacc,1.171066,10.300012,-0.458167,
16938149987693,GameRo,-0.633391,-0.252105,-0.158038,0.714341
16938171662943,pre,1003.914001,,,
16938186982943,pre,1003.911011,,,
16938169900443,Gyro,-0.067578,-0.046294,0.315543,
16938189813443,Gyro,-0.046959,-0.059597,-0.064519,
16938169900443,Lacc,1.363327,9.922174,-0.417272,
16938169900443,GameRo,-0.638205,-0.244566,-0.149197,0.714578
16938189813443,Lacc,1.238553,9.479431,-0.440217,
16938189813443,GameRo,-0.637857,-0.245455,-0.150069,0.714401
16938202210943,pre,1003.905762,,,
16938217652943,pre,1003.914001,,,
16938232850943,pre,1003.914001,,,
16938209726193,Gyro,-0.064519,-0.084207,-0.425557,
16938229638693,Gyro,-0.010642,-0.125046,-0.766375,
16938209726193,Lacc,0.943502,8.911495,-0.297362,
16938209726193,GameRo,-0.637958,-0.248158,-0.151647,0.713042
16938229638693,Lacc,0.485995,8.162188,-0.046141,
16938229638693,GameRo,-0.637591,-0.248926,-0.152447,0.712933
16938248200943,pre,1003.911011,,,
16938263611943,pre,1003.920776,,,
16938278962943,pre,1003.919983,,,
16938249528443,Gyro,0.047624,-0.170409,-1.083780,
16938269395443,Gyro,0.060395,-0.175198,-1.412094,
16938294160943,pre,1003.923035,,,
16938249528443,Lacc,0.599882,7.255343,0.222767,
16938249528443,GameRo,-0.633786,-0.261330,-0.162756,0.709600
16938269395443,Lacc,1.821648,6.518474,0.345302,
16938269395443,GameRo,-0.633447,-0.261942,-0.163423,0.709524
16938309571943,pre,1003.923767,,,
16938289308193,Gyro,0.061991,-0.124381,-1.751715,
16938309266693,Gyro,0.092189,-0.023679,-2.111157,
16938289308193,Lacc,2.759643,5.598488,0.471699,
16938289308193,GameRo,-0.625070,-0.283050,-0.181689,0.704386
16938309266693,Lacc,4.239444,5.011877,0.580062,
16938309266693,GameRo,-0.624762,-0.283579,-0.182269,0.704297
16938324799943,pre,1003.920776,,,
16938340211943,pre,1003.928284,,,
16938355561943,pre,1003.929749,,,
16938329202193,Gyro,0.102831,0.105890,-2.472062,
16938349114693,Gyro,-0.048156,0.270845,-2.787472,
16938329202193,Lacc,4.859198,4.135446,0.489248,
16938329202193,GameRo,-0.610583,-0.310958,-0.211864,0.696855
16938349114693,Lacc,5.943464,3.884728,0.487883,
16938349114693,GameRo,-0.610309,-0.311427,-0.212364,0.696734
16938370881943,pre,1003.932007,,,
16938386201943,pre,1003.930481,,,
16938369027443,Gyro,-0.371814,0.476906,-3.077606,
16938388940443,Gyro,-0.687356,0.740701,-3.421351,
16938369027443,Lacc,7.749363,3.020862,0.143507,
16938369027443,GameRo,-0.591404,-0.341167,-0.255317,0.684587
16938388940443,Lacc,10.806982,2.553866,-0.579959,
16938388940443,GameRo,-0.591205,-0.341626,-0.255713,0.684382
16938401459943,pre,1003.933533,,,
16938416840943,pre,1003.923035,,,
16938424500943,pre,1003.937988,,,
16938408853193,Gyro,-0.734581,0.986803,-3.790238,
16938428765693,Gyro,-0.732453,1.064890,-4.013725,
16938440705943,pre,1003.930481,,,
16938408853193,Lacc,9.166240,0.560593,-0.865440,
16938408853193,GameRo,-0.571460,-0.367883,-0.315657,0.662161
16938428765693,Lacc,6.257796,-0.201410,-0.296409,
16938428765693,GameRo,-0.571383,-0.368091,-0.315803,0.662042
16938456452943,pre,1003.929016,,,
16938478119943,pre,1003.932007,,,
16938448655443,Gyro,-0.867477,1.023519,-3.970890,
16938468522443,Gyro,-1.051854,0.940376,-3.692462,
16938448655443,Lacc,4.023458,-1.953528,0.103164,
16938448655443,GameRo,-0.543258,-0.393577,-0.385026,0.633816
16938468522443,Lacc,5.407264,-1.879545,0.176561,
16938468522443,GameRo,-0.543263,-0.393616,-0.385028,0.633786
16938493439943,pre,1003.933533,,,
16938508759943,pre,1003.929749,,,
16938488435193,Gyro,-1.131271,0.905124,-3.363883,
16938508393693,Gyro,-1.228515,0.869206,-3.039161,
16938488435193,Lacc,6.360923,-3.022004,-0.209087,
16938488435193,GameRo,-0.518912,-0.412095,-0.448458,0.599828
16938508393693,Lacc,5.715543,-2.713797,-0.976144,
16938508393693,GameRo,-0.519041,-0.412117,-0.448330,0.599797
16938523987943,pre,1003.934998,,,
16938539399943,pre,1003.920776,,,
16938554719943,pre,1003.926025,,,
16938528329443,Gyro,-1.314850,0.753604,-2.712311,
16938548242443,Gyro,-1.259777,0.573484,-2.314823,
16938528329443,Lacc,3.765455,-4.015548,-2.135444,
16938528329443,GameRo,-0.500408,-0.421028,-0.502166,0.565824
16938548242443,Lacc,1.759707,-4.174752,-2.052477,
16938548242443,GameRo,-0.500760,-0.420920,-0.501826,0.565895
16938570038943,pre,1003.929016,,,
16938585358943,pre,1003.925232,,,
16938568155193,Gyro,-1.087239,0.391369,-1.975867,
16938588067693,Gyro,-0.845527,0.267520,-1.740806,
16938568155193,Lacc,0.267590,-5.137873,-1.390401,
16938568155193,GameRo,-0.489653,-0.424105,-0.542741,0.534609
16938588067693,Lacc,-0.908037,-5.159629,-0.988710,
16938588067693,GameRo,-0.490073,-0.423757,-0.542373,0.534874
16938600587943,pre,1003.932007,,,
16938615998943,pre,1003.926758,,,
16938631226943,pre,1003.922241,,,
16938607980193,Gyro,-0.606475,0.210983,-1.604586,
16938627892693,Gyro,-0.390970,0.172138,-1.502154,
16938607980193,Lacc,-2.148750,-5.767939,-1.255733,
16938607980193,GameRo,-0.481668,-0.428093,-0.569573,0.510215
16938627892693,Lacc,-3.264681,-6.006712,-1.680272,
16938627892693,GameRo,-0.482264,-0.427625,-0.569081,0.510593
16938646638943,pre,1003.920776,,,
16938661988943,pre,1003.923767,,,
16938677308943,pre,1003.929749,,,
16938647782443,Gyro,-0.161230,0.124647,-1.399589,
16938667649443,Gyro,0.027271,0.088597,-1.295029,
16938647782443,Lacc,-3.578194,-6.831436,-1.943913,
16938647782443,GameRo,-0.471901,-0.435348,-0.588238,0.491688
16938667649443,Lacc,-3.298128,-7.214441,-1.844260,
16938667649443,GameRo,-0.472567,-0.434828,-0.587719,0.492131
16938692628943,pre,1003.929016,,,
16938707947943,pre,1003.918518,,,
16938687562193,Gyro,0.136487,0.063188,-1.152290,
16938707520693,Gyro,0.177060,0.032858,-0.916032,
16938687562193,Lacc,-2.927218,-8.446559,-1.597385,
16938687562193,GameRo,-0.460692,-0.445718,-0.600095,0.478523
16938707520693,Lacc,-2.584245,-8.934566,-1.644509,
16938707520693,GameRo,-0.461386,-0.445146,-0.599585,0.479026
16938723176943,pre,1003.918518,,,
16938738587943,pre,1003.915527,,,
16938753907943,pre,1003.916992,,,
16938727456443,Gyro,0.140212,-0.036051,-0.575480,
16938747369443,Gyro,0.125046,-0.150189,-0.157106,
16938727456443,Lacc,-2.477338,-9.334175,-1.864494,
16938727456443,GameRo,-0.452150,-0.454526,-0.606213,0.470608
16938747369443,Lacc,-2.554650,-9.131820,-1.688378,
16938747369443,GameRo,-0.452867,-0.453957,-0.605700,0.471129
16938769105943,pre,1003.917786,,,
16938784516943,pre,1003.916992,,,
16938767282193,Gyro,0.120657,-0.276033,0.283084,
16938787194693,Gyro,0.101900,-0.390704,0.712499,
16938767282193,Lacc,-2.417919,-8.760154,-1.185887,
16938767282193,GameRo,-0.453115,-0.457501,-0.603900,0.469770
16938787194693,Lacc,-1.940339,-8.730101,-0.817852,
16938787194693,GameRo,-0.453749,-0.456913,-0.603459,0.470297
16938807496943,pre,1003.922241,,,
16938822816943,pre,1003.916992,,,
16938807107443,Gyro,0.081812,-0.488346,1.108790,
16938827020443,Gyro,0.130900,-0.536769,1.439498,
16938838288943,pre,1003.917786,,,
16938807107443,Lacc,-1.126965,-8.783157,-0.335406,
16938807107443,GameRo,-0.464853,-0.454479,-0.591549,0.476897
16938827020443,Lacc,-0.165743,-8.854001,-0.001412,
16938827020443,GameRo,-0.465385,-0.453914,-0.591166,0.477390
16938853455943,pre,1003.916260,,,
16938868775943,pre,1003.905029,,,
16938846956193,Gyro,0.103629,-0.544883,1.726306,
16938866914693,Gyro,0.069707,-0.541558,1.988638,
16938846956193,Lacc,0.661556,-7.956857,0.089632,
16938846956193,GameRo,-0.484008,-0.446193,-0.570592,0.490992
16938866914693,Lacc,1.897898,-7.651865,-0.222654,
16938866914693,GameRo,-0.484444,-0.445769,-0.570242,0.491354
16938884095943,pre,1003.916992,,,
16938899415943,pre,1003.904236,,,
16938914734943,pre,1003.887756,,,
16938886827443,Gyro,0.073831,-0.527590,2.248575,
16938906694443,Gyro,0.058133,-0.501649,2.485764,
16938886827443,Lacc,3.281371,-6.751098,-0.033874,
16938886827443,GameRo,-0.507676,-0.431750,-0.543901,0.509931
16938906694443,Lacc,4.753695,-6.365746,-0.152109,
16938906694443,GameRo,-0.507977,-0.431467,-0.543632,0.510157
16938930054943,pre,1003.875732,,,
16938945374943,pre,1003.874268,,,
16938926584193,Gyro,0.017028,-0.493002,2.679719,
16938946496693,Gyro,0.009445,-0.473314,2.793857,
16938960572943,pre,1003.887756,,,
16938926584193,Lacc,6.836388,-5.044443,-0.188605,
16938926584193,GameRo,-0.533795,-0.411243,-0.511892,0.532830
16938946496693,Lacc,8.389575,-4.995807,-0.254441,
16938946496693,GameRo,-0.533967,-0.411117,-0.511726,0.532915
16938976014943,pre,1003.884766,,,
16938991334943,pre,1003.890015,,,
16938966416943,Gyro,0.129702,-0.468791,2.864628,
16938986344943,Gyro,0.403607,-0.574283,2.964665,
16938966416943,Lacc,6.896818,-3.676204,-0.049956,
16938966416943,GameRo,-0.560704,-0.385831,-0.475923,0.556995
16938986344943,Lacc,4.092441,-3.354106,-0.049392,
16938986344943,GameRo,-0.560815,-0.385718,-0.475800,0.557065
16939006653943,pre,1003.898254,,,
16939021973943,pre,1003.914001,,,
16939006257693,Gyro,0.774623,-0.729925,3.174185,
16939026155193,Gyro,1.036821,-0.881578,3.451681,
16939038087943,pre,1003.911011,,,
16939006257693,Lacc,2.273499,-1.448606,-0.130383,
16939006257693,GameRo,-0.583395,-0.362124,-0.432046,0.584682
16939026155193,Lacc,4.044463,-0.288583,-0.960168,
16939026155193,GameRo,-0.583420,-0.362251,-0.432063,0.584566
16939052613943,pre,1003.909485,,,
16939067872943,pre,1003.916992,,,
16939046044943,Gyro,1.282657,-0.947293,3.591760,
16939065926943,Gyro,1.541397,-0.852977,3.540411,
16939046044943,Lacc,8.610730,1.305354,-1.599943,
16939046044943,GameRo,-0.601882,-0.340880,-0.373119,0.618321
16939065926943,Lacc,10.140724,1.446541,-1.786993,
16939065926943,GameRo,-0.601813,-0.341235,-0.373327,0.618068
16939083283943,pre,1003.902771,,,
16939098603943,pre,1003.905762,,,
16939113953943,pre,1003.916260,,,
16939085847193,Gyro,1.706219,-0.693343,3.260786,
16939105805693,Gyro,1.599265,-0.543553,2.919037,
16939085847193,Lacc,9.416023,3.061641,-1.519648,
16939085847193,GameRo,-0.610933,-0.320438,-0.308781,0.654779
16939105805693,Lacc,6.325937,4.485583,-0.978903,
16939105805693,GameRo,-0.610750,-0.320954,-0.309195,0.654501
16939129273943,pre,1003.902039,,,
16939144593943,pre,1003.914001,,,
16939125741443,Gyro,1.149629,-0.423562,2.591388,
16939145654443,Gyro,0.529984,-0.311685,2.275314,
16939125741443,Lacc,4.307800,6.954805,-0.527673,
16939125741443,GameRo,-0.610513,-0.302315,-0.254723,0.686291
16939145654443,Lacc,1.777133,8.176195,-0.286427,
16939145654443,GameRo,-0.610143,-0.303058,-0.255427,0.686031
16939159821943,pre,1003.918518,,,
16939175233943,pre,1003.911011,,,
16939165567193,Gyro,-0.076624,-0.259006,1.934495,
16939185479693,Gyro,-0.323125,-0.239584,1.574654,
16939165567193,Lacc,0.732880,8.773375,-0.253276,
16939165567193,GameRo,-0.617554,-0.283085,-0.218349,0.700581
16939185479693,Lacc,-0.328146,8.033405,-0.252348,
16939185479693,GameRo,-0.617165,-0.283845,-0.219097,0.700383
16939198151943,pre,1003.919983,,,
16939213471943,pre,1003.916260,,,
16939228913943,pre,1003.911743,,,
16939205392443,Gyro,-0.218033,-0.228808,1.206033,
16939225305443,Gyro,0.037647,-0.218831,0.869605,
16939205392443,Lacc,-0.504521,8.354837,-0.160363,
16939205392443,GameRo,-0.630691,-0.267394,-0.197061,0.701353
16939225305443,Lacc,-0.657533,8.550253,-0.265975,
16939225305443,GameRo,-0.630309,-0.268214,-0.197867,0.701156
16939244202943,pre,1003.911011,,,
16939259553943,pre,1003.921509,,,
16939274872943,pre,1003.919983,,,
16939245187693,Gyro,0.276433,-0.188368,0.587718,
16939265039193,Gyro,0.317804,-0.136088,0.294790,
16939245187693,Lacc,-0.233331,8.960773,-0.328743,
16939245187693,GameRo,-0.634565,-0.261508,-0.183816,0.703671
16939265039193,Lacc,0.054775,9.015256,-0.392878,
16939265039193,GameRo,-0.634205,-0.262371,-0.184647,0.703456
16939290192943,pre,1003.922241,,,
16939305543943,pre,1003.924500,,,
16939284951693,Gyro,0.202469,-0.080881,-0.029931,
16939304925193,Gyro,0.002395,-0.036982,-0.354520,
16939284951693,Lacc,0.421597,8.826735,-0.492046,
16939284951693,GameRo,-0.631348,-0.262813,-0.178348,0.707475
16939304925193,Lacc,0.729021,8.416747,-0.581652,
16939304925193,GameRo,-0.631032,-0.263643,-0.179122,0.707252
16939320862943,pre,1003.931274,,,
16939336213943,pre,1003.909485,,,
16939351533943,pre,1003.926758,,,
16939324868443,Gyro,-0.156707,-0.013170,-0.663810,
16939344781443,Gyro,-0.237455,-0.014766,-0.943968,
16939324868443,Lacc,0.748751,7.869670,-0.705715,
16939324868443,GameRo,-0.628912,-0.269640,-0.184713,0.705440
16939344781443,Lacc,0.568366,7.418888,-0.703902,
16939344781443,GameRo,-0.628649,-0.270393,-0.185392,0.705208
16939366883943,pre,1003.932739,,,
16939382203943,pre,1003.922241,,,
16939364694193,Gyro,-0.282685,-0.037780,-1.208428,
16939384606693,Gyro,-0.338690,-0.070239,-1.474750,
16939364694193,Lacc,0.326240,6.772946,-0.550526,
16939364694193,GameRo,-0.626555,-0.282394,-0.200604,0.698169
16939384606693,Lacc,1.006847,6.238653,-0.386662,
16939384606693,GameRo,-0.626300,-0.283014,-0.201188,0.697979
16939397431943,pre,1003.925232,,,
16939412842943,pre,1003.925232,,,
16939428193943,pre,1003.929016,,,
16939404519443,Gyro,-0.391768,-0.056005,-1.761426,
16939424432443,Gyro,-0.453892,-0.000798,-2.089340,
16939404519443,Lacc,1.790336,5.261114,-0.085828,
16939404519443,GameRo,-0.622342,-0.301581,-0.223480,0.686874
16939424432443,Lacc,3.183792,4.789499,0.059916,
16939424432443,GameRo,-0.622087,-0.302083,-0.223986,0.686720
16939443482943,pre,1003.933533,,,
16939458832943,pre,1003.928284,,,
16939475098943,pre,1003.933533,,,
16939444322443,Gyro,-0.536103,0.090193,-2.436278,
16939464189443,Gyro,-0.497525,0.246368,-2.799045,
16939444322443,Lacc,4.356658,3.746758,0.312096,
16939444322443,GameRo,-0.614855,-0.326234,-0.255917,0.670844
16939464189443,Lacc,5.878987,3.080644,0.388063,
16939464189443,GameRo,-0.614619,-0.326630,-0.256336,0.670708
16939489472943,pre,1003.935730,,,
16939504822943,pre,1003.944031,,,
16939484102193,Gyro,-0.457085,0.435800,-3.144387,
16939504060693,Gyro,-0.569094,0.662879,-3.444232,
16939484102193,Lacc,6.376005,1.999802,0.324126,
16939484102193,GameRo,-0.600390,-0.355012,-0.300233,0.650660
16939504060693,Lacc,8.326760,1.756907,0.247210,
16939504060693,GameRo,-0.600194,-0.355334,-0.300557,0.650516
16939520142943,pre,1003.934265,,,
16939535493943,pre,1003.938782,,,
16939550812943,pre,1003.938782,,,
16939523996193,Gyro,-0.590512,0.914436,-3.758178,
16939543908693,Gyro,-0.464534,1.117702,-3.992042,
16939523996193,Lacc,8.904144,-0.255186,0.129303,
16939523996193,GameRo,-0.577078,-0.383960,-0.357036,0.626164
16939543908693,Lacc,8.723139,-1.494475,0.529061,
16939543908693,GameRo,-0.576989,-0.384073,-0.357159,0.626107
16939573823943,pre,1003.940979,,,
16939589173943,pre,1003.930481,,,
16939563821443,Gyro,-0.473713,1.233304,-4.038868,
16939583734443,Gyro,-0.795774,1.242882,-3.801546,
16939563821443,Lacc,6.614628,-3.981888,0.443854,
16939563821443,GameRo,-0.542475,-0.411163,-0.422073,0.598765
16939583734443,Lacc,5.189238,-3.974926,0.030707,
16939583734443,GameRo,-0.542582,-0.411066,-0.421951,0.598821
16939604493943,pre,1003.929749,,,
16939619813943,pre,1003.919983,,,
16939603624193,Gyro,-1.312722,1.169317,-3.342332,
16939623490693,Gyro,-1.743866,1.009950,-2.766853,
16939635041943,pre,1003.923035,,,
16939603624193,Lacc,3.369453,-4.998433,-0.971814,
16939603624193,GameRo,-0.509521,-0.428436,-0.485459,0.566710
16939623490693,Lacc,3.319587,-5.416626,-1.148839,
16939623490693,GameRo,-0.509827,-0.428252,-0.485154,0.566835
16939650422943,pre,1003.916992,,,
16939665803943,pre,1003.916992,,,
16939643395693,Gyro,-1.768609,0.831027,-2.198822,
16939663339193,Gyro,-1.614297,0.621374,-1.680678,
16939674622943,pre,1003.923767,,,
16939643395693,Lacc,3.461796,-6.958320,-1.322105,
16939643395693,GameRo,-0.495568,-0.426593,-0.539366,0.530581
16939663339193,Lacc,2.219534,-6.335523,-1.286553,
16939663339193,GameRo,-0.495977,-0.426313,-0.538999,0.530796
16939688813943,pre,1003.923035,,,
16939704133943,pre,1003.927490,,,
16939683274943,Gyro,-1.485658,0.393896,-1.260176,
16939703202943,Gyro,-1.277070,0.196350,-0.915101,
16939719361943,pre,1003.926025,,,
16939683274943,Lacc,0.690959,-5.834556,-1.566080,
16939683274943,GameRo,-0.492361,-0.418064,-0.575254,0.501883
16939703202943,Lacc,-0.728107,-5.263091,-1.680028,
16939703202943,GameRo,-0.492837,-0.417749,-0.574854,0.502136
16939734803943,pre,1003.923035,,,
16939750123943,pre,1003.919983,,,
16939723123193,Gyro,-0.980018,0.047890,-0.645985,
16939743035693,Gyro,-0.609136,-0.034986,-0.496328,
16939723123193,Lacc,-1.748005,-5.343738,-1.663411,
16939723123193,GameRo,-0.496092,-0.409675,-0.595428,0.481170
16939743035693,Lacc,-2.429351,-5.344851,-1.545157,
16939743035693,GameRo,-0.496612,-0.409251,-0.595014,0.481506
16939765442943,pre,1003.914001,,,
16939780793943,pre,1003.922241,,,
16939762948443,Gyro,-0.084606,-0.054542,-0.440722,
16939782861443,Gyro,0.539828,-0.033789,-0.455621,
16939762948443,Lacc,-2.789976,-5.634825,-1.587536,
16939762948443,GameRo,-0.499030,-0.407191,-0.603484,0.470076
16939782861443,Lacc,-2.959346,-5.881516,-1.776303,
16939782861443,GameRo,-0.499609,-0.406717,-0.603029,0.470455
16939796021943,pre,1003.918518,,,
16939811432943,pre,1003.916992,,,
16939826661943,pre,1003.902039,,,
16939802751443,Gyro,1.039881,-0.000931,-0.481961,
16939822618443,Gyro,1.199648,0.003858,-0.414915,
16939802751443,Lacc,-2.904139,-6.422083,-2.187534,
16939802751443,GameRo,-0.491623,-0.417859,-0.601806,0.470670
16939822618443,Lacc,-2.609089,-6.943075,-2.988277,
16939822618443,GameRo,-0.492327,-0.417452,-0.601237,0.471022
16939842072943,pre,1003.908020,,,
16939865082943,pre,1003.913269,,,
16939842531193,Gyro,1.331745,-0.030596,-0.252221,
16939862489693,Gyro,1.263102,0.025674,0.155111,
16939874177943,pre,1003.914734,,,
16939842531193,Lacc,-2.325722,-8.269611,-2.689327,
16939842531193,GameRo,-0.478009,-0.435541,-0.594089,0.478403
16939862489693,Lacc,-1.699032,-8.359195,-1.709028,
16939862489693,GameRo,-0.478652,-0.435025,-0.593594,0.478844
16939888703943,pre,1003.919983,,,
16939911072943,pre,1003.923767,,,
16939882402443,Gyro,0.698265,0.118661,0.607007,
16939902269443,Gyro,0.305167,0.110014,0.932527,
16939882402443,Lacc,-1.461956,-7.070973,-1.752252,
16939882402443,GameRo,-0.468822,-0.446845,-0.581034,0.492885
16939902269443,Lacc,-1.627212,-7.569468,-1.595226,
16939902269443,GameRo,-0.469440,-0.446377,-0.580550,0.493291
16939926392943,pre,1003.922241,,,
16939941712943,pre,1003.918518,,,
16939922182193,Gyro,0.639732,0.003326,1.165460,
16939942140693,Gyro,1.450672,-0.153514,1.451470,
16939922182193,Lacc,-1.508254,-8.830080,-1.448179,
16939922182193,GameRo,-0.473685,-0.440105,-0.568411,0.508763
16939942140693,Lacc,-1.385180,-8.970449,-1.830094,
16939942140693,GameRo,-0.474336,-0.439606,-0.567885,0.509175
16939956940943,pre,1003.908020,,,
16939972382943,pre,1003.900513,,,
16939987733943,pre,1003.895264,,,
16939962076193,Gyro,2.418186,-0.303038,1.678017,
16939981988693,Gyro,3.160616,-0.404406,1.820889,
16939962076193,Lacc,-0.916960,-7.732682,-2.380014,
16939962076193,GameRo,-0.473804,-0.443653,-0.537325,0.538483
16939981988693,Lacc,-0.282410,-7.157876,-2.836405,
16939981988693,GameRo,-0.474421,-0.443356,-0.536795,0.538713
16940003022943,pre,1003.888489,,,
16940018372943,pre,1003.888489,,,
16940001931693,Gyro,3.442103,-0.432075,1.943674,
16940021905193,Gyro,3.477888,-0.419438,2.045973,
16940034852943,pre,1003.890015,,,
16940001931693,Lacc,0.924959,-6.244104,-3.408641,
16940001931693,GameRo,-0.460214,-0.462852,-0.483454,0.583304
16940021905193,Lacc,2.249059,-6.286880,-4.487381,
16940021905193,GameRo,-0.460789,-0.462794,-0.482948,0.583316
16940048981943,pre,1003.887756,,,
16940064332943,pre,1003.889282,,,
16940041825443,Gyro,3.472700,-0.422364,2.128450,
16940061692443,Gyro,3.418424,-0.418773,2.209731,
16940041825443,Lacc,4.088332,-5.630000,-5.151769,
16940041825443,GameRo,-0.442257,-0.480990,-0.420958,0.629167
16940061692443,Lacc,6.555540,-5.414731,-5.260161,
16940061692443,GameRo,-0.442693,-0.481095,-0.420586,0.629029
16940079651943,pre,1003.880249,,,
16940094971943,pre,1003.882507,,,
16940110322943,pre,1003.887756,,,
16940081551943,Gyro,3.317057,-0.346006,2.307639,
16940101403943,Gyro,3.248681,-0.274437,2.462218,
16940081551943,Lacc,8.108840,-4.564945,-5.610715,
16940081551943,GameRo,-0.423576,-0.493907,-0.355066,0.671243
16940101403943,Lacc,7.260398,-3.949694,-6.187789,
16940101403943,GameRo,-0.423946,-0.494152,-0.354786,0.670977
16940125641943,pre,1003.896729,,,
16940140961943,pre,1003.908752,,,
16940121309193,Gyro,3.187887,-0.269914,2.635687,
16940141267693,Gyro,3.219414,-0.249960,2.769646,
16940121309193,Lacc,6.747389,-2.577828,-6.552267,
16940121309193,GameRo,-0.406023,-0.498619,-0.286400,0.710282
16940141267693,Lacc,5.814098,-2.069292,-6.076721,
16940141267693,GameRo,-0.406322,-0.498972,-0.286232,0.709930
16940156281943,pre,1003.908752,,,
16940171631943,pre,1003.924500,,,
16940186951943,pre,1003.897522,,,
16940161203193,Gyro,3.206511,-0.268052,2.820197,
16940181115693,Gyro,3.269699,-0.304767,2.776830,
16940161203193,Lacc,5.670398,-0.749521,-6.534840,
16940161203193,GameRo,-0.388773,-0.497135,-0.211963,0.746180
16940181115693,Lacc,6.149242,-0.637697,-7.624089,
16940181115693,GameRo,-0.389030,-0.497658,-0.211919,0.745709
16940202271943,pre,1003.900513,,,
16940217591943,pre,1003.900513,,,
16940201005443,Gyro,3.358828,-0.344676,2.689297,
16940220872443,Gyro,3.354970,-0.433539,2.611609,
16940232819943,pre,1003.898987,,,
16940201005443,Lacc,5.552206,0.273933,-8.317509,
16940201005443,GameRo,-0.368059,-0.493298,-0.135365,0.776445
16940220872443,Lacc,3.492096,0.809485,-7.948655,
16940220872443,GameRo,-0.368314,-0.493956,-0.135416,0.775896
16940248261943,pre,1003.902771,,,
16940240792943,Gyro,3.131217,-0.555925,2.570503,
16940260766943,Gyro,2.851326,-0.665673,2.605223,
16940272034943,pre,1003.898254,,,
16940240792943,Lacc,2.340582,2.003438,-7.618510,
16940240792943,GameRo,-0.342605,-0.489676,-0.059091,0.799592
16940260766943,Lacc,2.069486,2.463253,-7.530821,
16940260766943,GameRo,-0.342770,-0.490448,-0.059294,0.799033
16940286591943,pre,1003.906494,,,
16940301942943,pre,1003.901245,,,
16940280702443,Gyro,2.408741,-0.752540,2.678256,
16940300599443,Gyro,1.854679,-0.834885,2.735192,
16940280702443,Lacc,2.499420,3.563851,-7.835829,
16940280702443,GameRo,-0.323248,-0.486138,0.014218,0.811775
16940300599443,Lacc,2.115891,4.240100,-7.559643,
16940300599443,GameRo,-0.323257,-0.487018,0.013823,0.811250
16940317261943,pre,1003.902771,,,
16940332612943,pre,1003.906494,,,
16940347962943,pre,1003.902771,,,
16940320504443,Gyro,1.330681,-0.935853,2.720027,
16940340417443,Gyro,1.381896,-1.044138,2.614003,
16940320504443,Lacc,1.740551,5.487188,-7.113550,
16940320504443,GameRo,-0.319250,-0.482561,0.080374,0.811637
16940340417443,Lacc,1.079536,5.747195,-6.700233,
16940340417443,GameRo,-0.319108,-0.483486,0.079813,0.811197
16940363282943,pre,1003.916992,,,
16940378632943,pre,1003.909485,,,
16940360337943,Gyro,1.913610,-1.121560,2.295002,
16940380265943,Gyro,1.892458,-1.131804,1.988239,
16940360337943,Lacc,1.709109,6.627043,-6.615773,
16940360337943,GameRo,-0.318399,-0.481593,0.140954,0.804252
16940380265943,Lacc,1.725161,7.550819,-6.489454,
16940380265943,GameRo,-0.318071,-0.482537,0.140222,0.803944
16940393860943,pre,1003.908752,,,
16940409302943,pre,1003.915527,,,
16940425904943,pre,1003.916992,,,
16940400155693,Gyro,1.691054,-1.144441,1.580641,
16940420007193,Gyro,1.539934,-1.176102,1.171579,
16940400155693,Lacc,1.714589,8.141008,-6.306642,
16940400155693,GameRo,-0.302090,-0.483107,0.195928,0.798099
16940420007193,Lacc,1.356414,8.035740,-5.682721,
16940420007193,GameRo,-0.301625,-0.484002,0.195130,0.797928
16940439942943,pre,1003.916992,,,
16940455292943,pre,1003.921509,,,
16940439919943,Gyro,1.219469,-1.210955,0.742696,
16940459893943,Gyro,0.624966,-1.234501,0.293460,
16940439919943,Lacc,1.230323,8.117178,-4.921026,
16940471253943,pre,1003.918518,,,
16940439919943,GameRo,-0.283216,-0.490281,0.233682,0.790446
16940459893943,Lacc,0.868237,7.835808,-4.022990,
16940459893943,GameRo,-0.282598,-0.490993,0.232887,0.790461
16940485932943,pre,1003.916992,,,
16940501252943,pre,1003.916992,,,
16940479837193,Gyro,0.141409,-1.263501,-0.155643,
16940499749693,Gyro,-0.229740,-1.270951,-0.602618,
16940479837193,Lacc,0.910074,6.991148,-3.164369,
16940479837193,GameRo,-0.268896,-0.506581,0.249192,0.780368
16940499749693,Lacc,1.848377,6.908525,-2.716667,
16940499749693,GameRo,-0.268286,-0.507109,0.248486,0.780460
16940516480943,pre,1003.919983,,,
16940531922943,pre,1003.929749,,,
16940547272943,pre,1003.928284,,,
16940519662443,Gyro,-0.592773,-1.275075,-1.045601,
16940539575443,Gyro,-0.827701,-1.235565,-1.472755,
16940519662443,Lacc,2.716136,6.846394,-1.774090,
16940519662443,GameRo,-0.258824,-0.531769,0.242028,0.769191
16940539575443,Lacc,3.996842,6.572452,-1.115660,
16940539575443,GameRo,-0.258210,-0.532134,0.241372,0.769351
16940562592943,pre,1003.937988,,,
16940577942943,pre,1003.936523,,,
16940559488193,Gyro,-0.894082,-1.150427,-1.924119,
16940579400693,Gyro,-0.903394,-1.055578,-2.352869,
16940559488193,Lacc,4.784800,5.844310,-0.265856,
16940559488193,GameRo,-0.248159,-0.562504,0.215026,0.758795
16940579400693,Lacc,5.879148,4.946781,0.046427,
16940579400693,GameRo,-0.247652,-0.562753,0.214474,0.758933
16940600922943,pre,1003.933533,,,
16940609864943,pre,1003.937256,,,
16940599290443,Gyro,-0.796839,-0.925876,-2.757274,
16940619157443,Gyro,-0.584792,-0.751476,-3.091308,
16940631470943,pre,1003.944031,,,
16940599290443,Lacc,6.388170,3.418589,0.897823,
16940599290443,GameRo,-0.229202,-0.593413,0.172919,0.751948
16940619157443,Lacc,7.995885,2.810473,0.952225,
16940619157443,GameRo,-0.228825,-0.593560,0.172498,0.752044
16940646912943,pre,1003.935730,,,
16940662263943,pre,1003.941772,,,
16940639070193,Gyro,-0.499920,-0.494732,-3.379447,
16940659028693,Gyro,-0.624035,-0.261799,-3.502897,
16940639070193,Lacc,8.016919,1.348081,1.623752,
16940639070193,GameRo,-0.197501,-0.619511,0.121754,0.749917
16940659028693,Lacc,7.525013,0.800758,1.585047,
16940659028693,GameRo,-0.197268,-0.619545,0.121501,0.749991
16940677460943,pre,1003.946289,,,
16940692902943,pre,1003.949280,,,
16940708222943,pre,1003.937988,,,
16940678941443,Gyro,-0.936917,-0.081812,-3.518329,
16940698808443,Gyro,-1.293300,0.051615,-3.437048,
16940678941443,Lacc,6.223650,-0.610416,1.573236,
16940678941443,GameRo,-0.162293,-0.636957,0.061644,0.751097
16940698808443,Lacc,4.640946,-0.961862,1.692936,
16940698808443,GameRo,-0.162242,-0.636893,0.061599,0.751166
16940723542943,pre,1003.936523,,,
16940738892943,pre,1003.938782,,,
16940718721193,Gyro,-1.480603,0.133826,-3.246286,
16940738679693,Gyro,-1.413557,0.193423,-2.998188,
16940718721193,Lacc,2.969769,-2.617805,2.200590,
16940718721193,GameRo,-0.138028,-0.646695,-0.006060,0.750132
16940738679693,Lacc,2.632711,-2.987111,2.230301,
16940738679693,GameRo,-0.138174,-0.646519,-0.005887,0.750258
16940754120943,pre,1003.932739,,,
16940769562943,pre,1003.935730,,,
16940784882943,pre,1003.934265,,,
16940758615193,Gyro,-1.136060,0.243708,-2.752619,
16940778527693,Gyro,-0.781806,0.269914,-2.541503,
16940758615193,Lacc,2.588489,-4.306213,1.528032,
16940758615193,GameRo,-0.120515,-0.650101,-0.068775,0.747071
16940778527693,Lacc,2.499918,-4.403077,0.523259,
16940778527693,GameRo,-0.120806,-0.650035,-0.068452,0.747111
16940800202943,pre,1003.938782,,,
16940815522943,pre,1003.926025,,,
16940798440443,Gyro,-0.415979,0.276566,-2.350075,
16940818353443,Gyro,-0.080216,0.268052,-2.138694,
16940830872943,pre,1003.929749,,,
16940846009943,pre,1003.936523,,,
16940798440443,Lacc,1.873038,-5.620623,-0.057358,
16940798440443,GameRo,-0.099259,-0.650183,-0.115955,0.744288
16940818353443,Lacc,0.859209,-5.892789,-0.042562,
16940818353443,GameRo,-0.099724,-0.650127,-0.115453,0.744352
16940861451943,pre,1003.929016,,,
16940838266193,Gyro,0.123982,0.260868,-1.916404,
16940858178693,Gyro,0.098574,0.243308,-1.704091,
16940838266193,Lacc,-0.514622,-6.621243,-0.070706,
16940838266193,GameRo,-0.073122,-0.649598,-0.147635,0.742213
16940858178693,Lacc,-1.744203,-6.408621,-0.173927,
16940858178693,GameRo,-0.073738,-0.649512,-0.146990,0.742355
16940876771943,pre,1003.934265,,,
16940892090943,pre,1003.926758,,,
16940907410943,pre,1003.927490,,,
16940878068443,Gyro,0.064120,0.223221,-1.486989,
16940897935443,Gyro,0.229873,0.208056,-1.233171,
16940878068443,Lacc,-2.395544,-7.413815,-0.406226,
16940878068443,GameRo,-0.050311,-0.648258,-0.170107,0.740469
16940897935443,Lacc,-2.628843,-7.910499,-0.580696,
16940897935443,GameRo,-0.051070,-0.648200,-0.169325,0.740647
16940922730943,pre,1003.926025,,,
16940938050943,pre,1003.926025,,,
16940917848193,Gyro,0.404406,0.192093,-0.942238,
16940937806693,Gyro,0.498456,0.155510,-0.599691,
16940917848193,Lacc,-2.623134,-8.595810,-0.854929,
16940917848193,GameRo,-0.032163,-0.646963,-0.183546,0.739402
16940937806693,Lacc,-2.588439,-8.903656,-0.624980,
16940937806693,GameRo,-0.032977,-0.646916,-0.182718,0.739612
16940953370943,pre,1003.920776,,,
16940968690943,pre,1003.919983,,,
16940984009943,pre,1003.926758,,,
16940957742193,Gyro,0.535305,0.126510,-0.216570,
16940977654693,Gyro,0.529851,0.108950,0.154712,
16940957742193,Lacc,-2.322711,-9.124009,-0.263287,
16940957742193,GameRo,-0.018358,-0.646724,-0.183960,0.739979
16940977654693,Lacc,-1.953600,-8.640517,-0.222442,
16940977654693,GameRo,-0.019139,-0.646661,-0.183176,0.740210
16940999329943,pre,1003.930481,,,
16941014649943,pre,1003.924500,,,
16940997567443,Gyro,0.470654,0.099638,0.508168,
16941017480443,Gyro,0.411855,0.090459,0.841403,
16941032258943,pre,1003.919250,,,
16940997567443,Lacc,-1.467981,-8.314433,-0.262067,
16940997567443,GameRo,-0.014073,-0.646842,-0.173038,0.742601
16941017480443,Lacc,-0.917273,-8.172082,-0.670110,
16941017480443,GameRo,-0.014798,-0.646850,-0.172297,0.742751
16941045197943,pre,1003.923767,,,
16941060639943,pre,1003.919983,,,
16941037393193,Gyro,0.303570,0.076358,1.139253,
16941057305693,Gyro,0.141143,0.020752,1.393337,
16941037393193,Lacc,-0.372720,-7.694152,-1.073708,
16941037393193,GameRo,-0.020297,-0.646610,-0.153656,0.746910
16941057305693,Lacc,0.005522,-7.847384,-1.176770,
16941057305693,GameRo,-0.020968,-0.646678,-0.152958,0.746975
16941075959943,pre,1003.915527,,,
16941091279943,pre,1003.911743,,,
16941106598943,pre,1003.898254,,,
16941077195443,Gyro,0.121588,-0.058798,1.623343,
16941097062443,Gyro,0.133161,-0.143138,1.844169,
16941077195443,Lacc,0.446543,-7.537807,-1.074723,
16941077195443,GameRo,-0.037430,-0.646118,-0.129320,0.751270
16941097062443,Lacc,1.210561,-7.304701,-1.215600,
16941097062443,GameRo,-0.038018,-0.646192,-0.128708,0.751282
16941121918943,pre,1003.893005,,,
16941137208943,pre,1003.887756,,,
16941116975193,Gyro,0.215639,-0.240249,2.039189,
16941136933693,Gyro,0.424626,-0.312217,2.241657,
16941116975193,Lacc,2.634670,-6.729758,-1.404886,
16941116975193,GameRo,-0.060581,-0.647049,-0.098476,0.753631
16941136933693,Lacc,4.247602,-6.989333,-1.502043,
16941136933693,GameRo,-0.061049,-0.647151,-0.097991,0.753569
16941152466943,pre,1003.877991,,,
16941167908943,pre,1003.889282,,,
16941183228943,pre,1003.882507,,,
16941156869443,Gyro,0.569360,-0.384185,2.441067,
16941176782443,Gyro,0.576544,-0.460810,2.634889,
16941156869443,Lacc,5.734561,-6.082583,-1.484487,
16941156869443,GameRo,-0.084675,-0.649414,-0.057747,0.753496
16941176782443,Lacc,7.566351,-5.771649,-1.568964,
16941176782443,GameRo,-0.084981,-0.649530,-0.057441,0.753385
16941198548943,pre,1003.875000,,,
16941213898943,pre,1003.883240,,,
16941196695193,Gyro,0.472782,-0.484356,2.823922,
16941216607693,Gyro,0.305433,-0.511094,3.018808,
16941196695193,Lacc,8.555997,-4.326933,-1.193050,
16941196695193,GameRo,-0.111207,-0.651752,-0.009340,0.750177
16941216607693,Lacc,6.984944,-3.874377,-0.829290,
16941216607693,GameRo,-0.111378,-0.651831,-0.009180,0.750085
16941230042943,pre,1003.886230,,,
16941244538943,pre,1003.897522,,,
16941259858943,pre,1003.893738,,,
16941236520443,Gyro,0.117996,-0.580003,3.233382,
16941256433443,Gyro,-0.057335,-0.691613,3.462191,
16941236520443,Lacc,5.174437,-2.346524,-0.488163,
16941236520443,GameRo,-0.146266,-0.651735,0.041161,0.743070
16941256433443,Lacc,3.736470,-1.899989,-0.623314,
16941256433443,GameRo,-0.146341,-0.651800,0.041214,0.742995
16941275178943,pre,1003.898254,,,
16941298218943,pre,1003.901245,,,
16941276376693,Gyro,-0.200606,-0.786196,3.659472,
16941296350193,Gyro,-0.141409,-0.789256,3.719999,
16941276376693,Lacc,5.542184,-0.080513,-0.628966,
16941313416943,pre,1003.899780,,,
16941276376693,GameRo,-0.191338,-0.650540,0.093497,0.729004
16941296350193,Lacc,7.459229,0.066120,-0.816964,
16941296350193,GameRo,-0.191203,-0.650667,0.093289,0.728952
16941328858943,pre,1003.895996,,,
16941344178943,pre,1003.906494,,,
16941316262693,Gyro,0.206061,-0.710237,3.652022,
16941336114193,Gyro,0.520539,-0.604081,3.487599,
16941316262693,Lacc,8.582644,1.775594,-0.824746,
16941316262693,GameRo,-0.238842,-0.646332,0.148218,0.709395
16941336114193,Lacc,7.136477,2.489719,-0.903041,
16941336114193,GameRo,-0.238547,-0.646520,0.147799,0.709410
16941359498943,pre,1003.903503,,,
16941374848943,pre,1003.900513,,,
16941355996443,Gyro,0.805086,-0.523732,3.259589,
16941375909443,Gyro,1.018996,-0.474378,3.011624,
16941355996443,Lacc,5.751626,4.537032,-0.716023,
16941355996443,GameRo,-0.272683,-0.635487,0.205527,0.692502
16941375909443,Lacc,3.896388,5.475925,-0.679019,
16941375909443,GameRo,-0.272217,-0.635751,0.204897,0.692630
16941390046943,pre,1003.902771,,,
16941405488943,pre,1003.910278,,,
16941420807943,pre,1003.909485,,,
16941395822193,Gyro,1.124354,-0.468658,2.755811,
16941415734693,Gyro,1.118368,-0.468924,2.422177,
16941395822193,Lacc,3.361892,7.008823,-0.781922,
16941395822193,GameRo,-0.292901,-0.620855,0.260571,0.678861
16941415734693,Lacc,2.432986,7.672026,-0.599569,
16941415734693,GameRo,-0.292281,-0.621194,0.259781,0.679120
16941436097943,pre,1003.923767,,,
16941451447943,pre,1003.923767,,,
16941435647443,Gyro,1.088702,-0.481163,2.043711,
16941455560443,Gyro,1.049459,-0.522402,1.667375,
16941467042943,pre,1003.925232,,,
16941435647443,Lacc,2.128097,8.571056,-0.956640,
16941435647443,GameRo,-0.303258,-0.607279,0.307605,0.666803
16941455560443,Lacc,1.349449,8.639935,-1.140218,
16941455560443,GameRo,-0.302585,-0.607718,0.306734,0.667109
16941482087943,pre,1003.918518,,,
16941497407943,pre,1003.920776,,,
16941475450443,Gyro,1.143244,-0.570026,1.305405,
16941495317443,Gyro,1.188208,-0.603815,0.998243,
16941475450443,Lacc,1.197917,9.206045,-1.373461,
16941475450443,GameRo,-0.304107,-0.598222,0.343460,0.657028
16941495317443,Lacc,0.778123,9.560139,-1.224118,
16941495317443,GameRo,-0.303358,-0.598688,0.342551,0.657423
16941512726943,pre,1003.925232,,,
16941528077943,pre,1003.917786,,,
16941543397943,pre,1003.917786,,,
16941515214943,Gyro,1.133267,-0.600888,0.724338,
16941535142943,Gyro,1.025514,-0.562975,0.454690,
16941515214943,Lacc,0.877636,10.012420,-1.307800,
16941515214943,GameRo,-0.294452,-0.592722,0.371939,0.650877
16941535142943,Lacc,0.805877,9.895844,-1.288711,
16941535142943,GameRo,-0.293657,-0.593174,0.371047,0.651333
16941558716943,pre,1003.911743,,,
16941574036943,pre,1003.923767,,,
16941555078443,Gyro,0.821848,-0.495131,0.183579,
16941575021443,Gyro,0.538099,-0.424094,-0.088597,
16941555078443,Lacc,1.041874,9.553065,-1.550198,
16941555078443,GameRo,-0.280710,-0.590651,0.390921,0.647699
16941575021443,Lacc,1.012605,9.133338,-1.644975,
16941575021443,GameRo,-0.279955,-0.591121,0.390065,0.648114
16941589265943,pre,1003.920776,,,
16941604676943,pre,1003.923767,,,
16941594926443,Gyro,0.265657,-0.390970,-0.352126,
16941614793443,Gyro,0.015564,-0.387378,-0.600223,
16941594926443,Lacc,0.667532,8.526022,-1.656957,
16941594926443,GameRo,-0.267857,-0.593490,0.396375,0.647232
16941614793443,Lacc,0.857916,7.904438,-1.458549,
16941614793443,GameRo,-0.267169,-0.593897,0.395613,0.647609
16941627564943,pre,1003.923767,,,
16941643006943,pre,1003.934265,,,
16941658326943,pre,1003.931274,,,
16941634713693,Gyro,-0.218698,-0.373277,-0.880380,
16941654687193,Gyro,-0.427020,-0.340685,-1.236763,
16941634713693,Lacc,1.679291,7.251957,-1.283152,
16941634713693,GameRo,-0.256146,-0.602439,0.388882,0.648250
16941654687193,Lacc,3.418241,6.692559,-1.222315,
16941654687193,GameRo,-0.255529,-0.602791,0.388194,0.648578
16941673646943,pre,1003.928284,,,
16941688965943,pre,1003.932007,,,
16941704316943,pre,1003.927490,,,
16941674599943,Gyro,-0.522934,-0.306497,-1.707815,
16941694451943,Gyro,-0.471452,-0.278960,-2.253763,
16941674599943,Lacc,4.743033,5.709107,-0.891791,
16941674599943,GameRo,-0.242484,-0.617061,0.367516,0.652204
16941694451943,Lacc,6.084185,4.900776,-0.570310,
16941694451943,GameRo,-0.241946,-0.617323,0.366923,0.652490
16941719605943,pre,1003.929749,,,
16941734925943,pre,1003.933533,,,
16941714364693,Gyro,-0.370882,-0.237854,-2.821394,
16941734338193,Gyro,-0.242776,-0.189166,-3.370667,
16941714364693,Lacc,6.510468,3.638560,-0.037369,
16941714364693,GameRo,-0.217186,-0.634848,0.331905,0.663052
16941734338193,Lacc,8.240417,3.119551,0.226070,
16941734338193,GameRo,-0.216729,-0.635012,0.331409,0.663293
16941750245943,pre,1003.932739,,,
16941765565943,pre,1003.937256,,,
16941780884943,pre,1003.941772,,,
16941754281443,Gyro,-0.083276,-0.096179,-3.854358,
16941774194443,Gyro,0.134092,0.054409,-4.278052,
16941754281443,Lacc,9.617229,1.655999,0.513120,
16941754281443,GameRo,-0.174660,-0.652323,0.283141,0.681029
16941774194443,Lacc,9.641169,0.959360,0.857751,
16941774194443,GameRo,-0.174327,-0.652397,0.282783,0.681192
16941796204943,pre,1003.943237,,,
16941811524943,pre,1003.936523,,,
16941794107193,Gyro,0.310488,0.161097,-4.497150,
16941814019693,Gyro,0.176395,0.197547,-4.403631,
16941794107193,Lacc,6.190890,-1.122063,1.454959,
16941794107193,GameRo,-0.116197,-0.663319,0.225304,0.704092
16941814019693,Lacc,4.789786,-0.989371,1.567339,
16941814019693,GameRo,-0.116105,-0.663254,0.225225,0.704193
16941826783943,pre,1003.938782,,,
16941842164943,pre,1003.938782,,,
16941857483943,pre,1003.926758,,,
16941833932443,Gyro,-0.268318,0.198611,-4.100194,
16941853845443,Gyro,-0.722077,0.260203,-3.686875,
16941833932443,Lacc,5.130063,-2.153544,1.120626,
16941833932443,GameRo,-0.056669,-0.667255,0.164396,0.724247
16941853845443,Lacc,6.014968,-2.019645,0.932863,
16941853845443,GameRo,-0.056675,-0.667236,0.164405,0.724262
16941872803943,pre,1003.934265,,,
16941888154943,pre,1003.933533,,,
16941903473943,pre,1003.917786,,,
16941873727693,Gyro,-1.121294,0.343080,-3.242561,
16941893579193,Gyro,-1.443222,0.361038,-2.822857,
16941873727693,Lacc,5.218295,-3.121581,0.543505,
16941873727693,GameRo,-0.019712,-0.667983,0.101176,0.737003
16941893579193,Lacc,3.893134,-3.407711,-0.005898,
16941893579193,GameRo,-0.019889,-0.668013,0.101372,0.736944
16941918793943,pre,1003.922241,,,
16941934144943,pre,1003.926025,,,
16941913491943,Gyro,-1.586760,0.312616,-2.395571,
16941933465943,Gyro,-1.632122,0.236391,-2.056881,
16941913491943,Lacc,2.094643,-4.706420,-0.079849,
16941913491943,GameRo,-0.005074,-0.665376,0.041458,0.745339
16941933465943,Lacc,0.639750,-4.901534,0.409625,
16941933465943,GameRo,-0.005469,-0.665347,0.041886,0.745338
16941957123943,pre,1003.923035,,,
16941972443943,pre,1003.923035,,,
16941953409193,Gyro,-1.472090,0.188368,-1.824880,
16941973321693,Gyro,-1.124088,0.178657,-1.673760,
16941953409193,Lacc,-0.582510,-6.019844,0.539948,
16941953409193,GameRo,-0.003153,-0.662411,-0.009460,0.749075
16941973321693,Lacc,-1.717914,-6.222740,0.335053,
16941973321693,GameRo,-0.003747,-0.662352,-0.008836,0.749131
16941987702943,pre,1003.917786,,,
16942003113943,pre,1003.918518,,,
16942018433943,pre,1003.916992,,,
16941993234193,Gyro,-0.742829,0.188102,-1.572260,
16942013146693,Gyro,-0.392167,0.193157,-1.470227,
16941993234193,Lacc,-2.644199,-6.889640,-0.119411,
16941993234193,GameRo,0.001078,-0.659114,-0.047536,0.750539
16942013146693,Lacc,-2.954663,-6.982912,-0.533124,
16942013146693,GameRo,0.000365,-0.659126,-0.046788,0.750576
16942033753943,pre,1003.920776,,,
16942049103943,pre,1003.919250,,,
16942033059443,Gyro,-0.101234,0.196350,-1.343451,
16942052972443,Gyro,0.146331,0.204464,-1.222529,
16942065583943,pre,1003.914734,,,
16942033059443,Lacc,-2.651987,-7.461818,-0.931591,
16942033059443,GameRo,0.013396,-0.655681,-0.072708,0.751410
16942052972443,Lacc,-2.436317,-7.706489,-0.999217,
16942052972443,GameRo,0.012658,-0.655754,-0.071933,0.751433
16942079743943,pre,1003.915527,,,
16942095093943,pre,1003.916992,,,
16942072862443,Gyro,0.396557,0.199808,-1.046533,
16942092729443,Gyro,0.488612,0.151386,-0.769834,
16942110291943,pre,1003.919983,,,
16942072862443,Lacc,-2.446733,-8.710957,-0.962517,
16942072862443,GameRo,0.030417,-0.652556,-0.086896,0.752127
16942092729443,Lacc,-2.590826,-9.023303,-0.982260,
16942092729443,GameRo,0.029603,-0.652634,-0.086051,0.752188
16942125702943,pre,1003.923767,,,
16942141053943,pre,1003.928284,,,
16942112664943,Gyro,0.412786,0.054941,-0.399883,
16942132668943,Gyro,0.291066,-0.069042,0.019555,
16942112664943,Lacc,-2.612959,-9.157589,-1.044166,
16942112664943,GameRo,0.045912,-0.650859,-0.089958,0.752450
16942132668943,Lacc,-2.366758,-8.600211,-0.919053,
16942132668943,GameRo,0.045118,-0.650951,-0.089134,0.752517
16942156373943,pre,1003.932007,,,
16942164033943,pre,1003.928284,,,
16942179352943,pre,1003.923035,,,
16942152604443,Gyro,0.259937,-0.174400,0.454025,
16942172471443,Gyro,0.292396,-0.245969,0.892885,
16942152604443,Lacc,-1.785427,-8.441266,-0.315225,
16942152604443,GameRo,0.048057,-0.652680,-0.083850,0.751445
16942172471443,Lacc,-0.950721,-8.790205,0.351489,
16942172471443,GameRo,0.047311,-0.652667,-0.083092,0.751587
16942194703943,pre,1003.917786,,,
16942210023943,pre,1003.916992,,,
16942192361443,Gyro,0.341749,-0.275900,1.272547,
16942212274443,Gyro,0.265524,-0.274437,1.594608,
16942192361443,Lacc,-0.035592,-8.853971,0.793885,
16942192361443,GameRo,0.038697,-0.657561,-0.065106,0.749585
16942212274443,Lacc,0.935255,-8.563898,0.605176,
16942212274443,GameRo,0.038041,-0.657546,-0.064428,0.749690
16942225281943,pre,1003.894531,,,
16942240693943,pre,1003.890015,,,
16942256043943,pre,1003.890015,,,
16942232187193,Gyro,0.118661,-0.276566,1.879821,
16942252099693,Gyro,0.070106,-0.268185,2.187914,
16942232187193,Lacc,2.118155,-7.818086,0.398423,
16942232187193,GameRo,0.019817,-0.662897,-0.036566,0.747555
16942252099693,Lacc,3.762629,-7.626758,0.267235,
16942252099693,GameRo,0.019310,-0.662919,-0.036031,0.747574
16942271363943,pre,1003.897522,,,
16942286683943,pre,1003.898254,,,
16942271996943,Gyro,-0.027005,-0.246235,2.474723,
16942291878943,Gyro,-0.198611,-0.225749,2.729871,
16942303132943,pre,1003.897522,,,
16942271996943,Lacc,5.672128,-6.407321,0.323719,
16942271996943,GameRo,-0.009563,-0.667145,-0.002197,0.744863
16942291878943,Lacc,7.842506,-6.107327,0.292254,
16942291878943,GameRo,-0.009877,-0.667172,-0.001866,0.744836
16942324982943,pre,1003.893738,,,
16942340333943,pre,1003.905029,,,
16942311768693,Gyro,-0.420369,-0.201272,2.936996,
16942331666193,Gyro,-0.651838,-0.242510,3.148377,
16942311768693,Lacc,8.354202,-4.731187,0.426277,
16942311768693,GameRo,-0.049572,-0.668968,0.036130,0.740756
16942331666193,Lacc,7.177600,-4.291646,0.488522,
16942331666193,GameRo,-0.049756,-0.668971,0.036325,0.740731
16942355622943,pre,1003.901245,,,
16942370942943,pre,1003.899780,,,
16942351594193,Gyro,-0.875458,-0.362768,3.387296,
16942371552693,Gyro,-0.987335,-0.535837,3.631136,
16942351594193,Lacc,5.778455,-2.471108,0.570896,
16942351594193,GameRo,-0.101460,-0.668660,0.074313,0.732856
16942371552693,Lacc,5.161121,-2.074687,0.383450,
16942371552693,GameRo,-0.101506,-0.668659,0.074362,0.732846
16942386292943,pre,1003.911743,,,
16942401612943,pre,1003.902771,,,
16942416962943,pre,1003.902771,,,
16942391488443,Gyro,-0.893018,-0.695471,3.831078,
16942411401443,Gyro,-0.658223,-0.815995,3.931647,
16942391488443,Lacc,5.851234,-0.586864,0.372093,
16942391488443,GameRo,-0.163117,-0.668734,0.115396,0.716151
16942411401443,Lacc,6.430193,-0.155932,-0.006953,
16942411401443,GameRo,-0.162988,-0.668787,0.115237,0.716156
16942432160943,pre,1003.911743,,,
16942447602943,pre,1003.903503,,,
16942431314193,Gyro,-0.277630,-0.874128,3.875110,
16942451226693,Gyro,0.291465,-0.855504,3.710421,
16942431314193,Lacc,7.946564,1.511599,-0.032625,
16942431314193,GameRo,-0.221511,-0.666990,0.164689,0.692051
16942451226693,Lacc,7.259174,1.771802,-0.166458,
16942462800943,pre,1003.908752,,,
16942451226693,GameRo,-0.221226,-0.667101,0.164334,0.692120
16942478242943,pre,1003.902771,,,
16942493653943,pre,1003.912537,,,
16942471139443,Gyro,0.917894,-0.813999,3.479351,
16942491052443,Gyro,1.302080,-0.768770,3.211699,
16942471139443,Lacc,6.226847,3.753382,-0.002233,
16942471139443,GameRo,-0.261985,-0.659547,0.222392,0.668508
16942491052443,Lacc,4.519663,4.671502,0.112072,
16942491052443,GameRo,-0.261531,-0.659718,0.221843,0.668700
16942508881943,pre,1003.906494,,,
16942524201943,pre,1003.896729,,,
16942539521943,pre,1003.905762,,,
16942510965193,Gyro,1.465172,-0.695604,2.945908,
16942530877693,Gyro,1.511333,-0.601021,2.644866,
16942510965193,Lacc,4.329498,6.279404,0.017316,
16942510965193,GameRo,-0.281440,-0.645922,0.284369,0.650162
16942530877693,Lacc,3.359540,6.969091,-0.028757,
16942530877693,GameRo,-0.280837,-0.646186,0.283657,0.650471
16942554841943,pre,1003.918518,,,
16942570191943,pre,1003.911743,,,
16942550790443,Gyro,1.404777,-0.505640,2.293272,
16942570703443,Gyro,1.236231,-0.443383,1.928509,
16942585389943,pre,1003.916260,,,
16942550790443,Lacc,3.052324,8.289145,-0.326893,
16942550790443,GameRo,-0.290579,-0.629877,0.338887,0.635589
16942570703443,Lacc,1.971619,8.358801,-0.351124,
16942570703443,GameRo,-0.289877,-0.630221,0.338092,0.635992
16942600709943,pre,1003.914001,,,
16942616150943,pre,1003.919250,,,
16942590616193,Gyro,1.083381,-0.415181,1.613498,
16942610528693,Gyro,0.953945,-0.392034,1.339460,
16942590616193,Lacc,1.776141,8.493948,-0.654166,
16942590616193,GameRo,-0.294257,-0.616221,0.379087,0.624482
16942610528693,Lacc,1.159990,8.658263,-0.641693,
16942610528693,GameRo,-0.293521,-0.616606,0.378287,0.624933
16942631348943,pre,1003.917786,,,
16942654450943,pre,1003.916992,,,
16942630441193,Gyro,0.778481,-0.354520,1.094423,
16942650353693,Gyro,0.566168,-0.290134,0.818921,
16942630441193,Lacc,1.199558,9.335886,-0.940107,
16942630441193,GameRo,-0.294212,-0.606732,0.407500,0.615841
16942650353693,Lacc,0.917426,9.806838,-1.005218,
16942650353693,GameRo,-0.293406,-0.607175,0.406648,0.616351
16942669770943,pre,1003.923035,,,
16942685090943,pre,1003.917786,,,
16942670266443,Gyro,0.343745,-0.226414,0.489544,
16942690179443,Gyro,0.183313,-0.169478,0.095514,
16942702119943,pre,1003.919250,,,
16942670266443,Lacc,0.895830,9.817880,-1.170730,
16942670266443,GameRo,-0.293080,-0.601936,0.423830,0.610036
16942690179443,Lacc,0.738311,9.375218,-1.133622,
16942690179443,GameRo,-0.292289,-0.602386,0.423004,0.610545
16942715729943,pre,1003.918518,,,
16942731049943,pre,1003.920776,,,
16942710092193,Gyro,0.121322,-0.145533,-0.316740,
16942730004693,Gyro,0.103762,-0.150322,-0.701990,
16942746277943,pre,1003.924500,,,
16942710092193,Lacc,0.340649,8.846434,-1.014439,
16942710092193,GameRo,-0.288715,-0.602933,0.426217,0.609471
16942730004693,Lacc,0.190413,8.344262,-0.834532,
16942730004693,GameRo,-0.287974,-0.603302,0.425484,0.609968
16942763001943,pre,1003.913269,,,
16942777039943,pre,1003.922241,,,
16942749924943,Gyro,0.089794,-0.162560,-1.063294,
16942769852943,Gyro,-0.010110,-0.162826,-1.433644,
16942749924943,Lacc,0.709257,7.697202,-0.780780,
16942749924943,GameRo,-0.275999,-0.608688,0.418010,0.615298
16942769852943,Lacc,2.424714,7.245053,-0.800662,
16942769852943,GameRo,-0.275333,-0.609029,0.417334,0.615717
16942792359943,pre,1003.919250,,,
16942807709943,pre,1003.919250,,,
16942789765693,Gyro,-0.201937,-0.144336,-1.845899,
16942809663193,Gyro,-0.315942,-0.100303,-2.328658,
16942789765693,Lacc,3.859157,6.370842,-0.561990,
16942789765693,GameRo,-0.255815,-0.619249,0.399157,0.625910
16942809663193,Lacc,5.583930,5.699995,-0.258250,
16942809663193,GameRo,-0.255206,-0.619509,0.398552,0.626286
16942822938943,pre,1003.925232,,,
16942838349943,pre,1003.926025,,,
16942853699943,pre,1003.930481,,,
16942829568443,Gyro,-0.329245,-0.034055,-2.835894,
16942849481443,Gyro,-0.340685,0.034188,-3.301360,
16942829568443,Lacc,6.077919,4.558112,0.036455,
16942829568443,GameRo,-0.228456,-0.634669,0.364780,0.641824
16942849481443,Lacc,7.240483,4.166455,0.102734,
16942849481443,GameRo,-0.227928,-0.634860,0.364248,0.642125
16942869019943,pre,1003.929016,,,
16942884369943,pre,1003.931274,,,
16942869401943,Gyro,-0.364630,0.110147,-3.734366,
16942889329943,Gyro,-0.307295,0.238919,-4.138772,
16942900788943,pre,1003.929749,,,
16942869401943,Lacc,8.446650,3.021890,0.160372,
16942869401943,GameRo,-0.189546,-0.650711,0.315875,0.663981
16942889329943,Lacc,9.693651,2.493148,0.152948,
16942889329943,GameRo,-0.189113,-0.650855,0.315421,0.664179
16942915040943,pre,1003.932007,,,
16942930359943,pre,1003.931274,,,
16942909242693,Gyro,-0.166684,0.348534,-4.479058,
16942929140193,Gyro,-0.057734,0.416910,-4.638958,
16942909242693,Lacc,8.036908,0.568583,0.681179,
16942909242693,GameRo,-0.139670,-0.663022,0.254311,0.690087
16942929140193,Lacc,6.786493,-0.080084,1.407576,
16942929140193,GameRo,-0.139459,-0.663004,0.254107,0.690222
16942945710943,pre,1003.929016,,,
16942961030943,pre,1003.929749,,,
16942976258943,pre,1003.934265,,,
16942949052693,Gyro,-0.151785,0.454557,-4.592797,
16942968980193,Gyro,-0.408929,0.497259,-4.382480,
16942949052693,Lacc,6.176879,-1.761771,1.242593,
16942949052693,GameRo,-0.080860,-0.667580,0.187316,0.716039
16942968980193,Lacc,6.696717,-1.694260,0.888388,
16942968980193,GameRo,-0.080809,-0.667571,0.187265,0.716066
16942991700943,pre,1003.930481,,,
16943014680943,pre,1003.924500,,,
16942988900443,Gyro,-0.738971,0.546347,-4.040730,
16943008813443,Gyro,-1.150028,0.554195,-3.603200,
16942988900443,Lacc,6.092054,-3.131222,0.239987,
16942988900443,GameRo,-0.030629,-0.666341,0.118068,0.735603
16943008813443,Lacc,5.717302,-3.153825,-0.668102,
16943008813443,GameRo,-0.030739,-0.666425,0.118189,0.735503
16943030121943,pre,1003.920776,,,
16943045350943,pre,1003.923767,,,
16943028726193,Gyro,-1.604719,0.496594,-3.040092,
16943048638693,Gyro,-2.014844,0.355850,-2.444259,
16943060578943,pre,1003.916992,,,
16943028726193,Lacc,4.299551,-4.716217,-1.418994,
16943028726193,GameRo,-0.002255,-0.661345,0.050095,0.748404
16943048638693,Lacc,2.725822,-4.588969,-1.037260,
16943048638693,GameRo,-0.002564,-0.661455,0.050431,0.748283
16943076020943,pre,1003.923767,,,
16943091340943,pre,1003.929016,,,
16943068551443,Gyro,-2.127785,0.253951,-1.982252,
16943088464443,Gyro,-1.986110,0.199941,-1.629329,
16943068551443,Lacc,1.258964,-5.452806,0.195508,
16943068551443,GameRo,-0.001447,-0.656818,-0.011720,0.753956
16943088464443,Lacc,-0.177632,-5.764810,0.951067,
16943088464443,GameRo,-0.001970,-0.656726,-0.011227,0.754043
16943106598943,pre,1003.923767,,,
16943121979943,pre,1003.917786,,,
16943137330943,pre,1003.929749,,,
16943108354443,Gyro,-1.676953,0.196483,-1.395598,
16943128221443,Gyro,-1.244478,0.236258,-1.275740,
16943108354443,Lacc,-1.317699,-6.762565,0.617572,
16943108354443,GameRo,-0.011084,-0.652382,-0.060571,0.755385
16943128221443,Lacc,-2.333771,-7.062474,-0.136453,
16943128221443,GameRo,-0.011802,-0.652340,-0.059897,0.755464
16943152619943,pre,1003.918518,,,
16943167939943,pre,1003.921509,,,
16943148134193,Gyro,-0.763582,0.266455,-1.203905,
16943168092693,Gyro,-0.300112,0.277098,-1.144707,
16943148134193,Lacc,-2.930632,-7.548946,-1.187485,
16943148134193,GameRo,-0.014092,-0.647350,-0.093959,0.756248
16943168092693,Lacc,-3.066126,-7.335052,-1.845998,
16943168092693,GameRo,-0.014872,-0.647477,-0.093199,0.756219
16943183167943,pre,1003.926758,,,
16943198578943,pre,1003.918518,,,
16943213898943,pre,1003.914001,,,
16943188028193,Gyro,0.080482,0.281488,-1.094689,
16943207940693,Gyro,0.396557,0.289336,-1.029106,
16943188028193,Lacc,-2.916423,-7.616800,-2.178856,
16943188028193,GameRo,-0.004593,-0.643126,-0.113296,0.757319
16943207940693,Lacc,-2.845191,-7.651105,-1.986687,
16943207940693,GameRo,-0.005391,-0.643272,-0.112525,0.757305
16943230134943,pre,1003.912537,,,
16943244568943,pre,1003.918518,,,
16943227853443,Gyro,0.566434,0.268717,-0.893284,
16943247766443,Gyro,0.539828,0.187171,-0.673788,
16943227853443,Lacc,-2.646789,-8.210884,-1.934536,
16943227853443,GameRo,0.013587,-0.639993,-0.121892,0.758529
16943247766443,Lacc,-2.448880,-8.495893,-1.884438,
16943247766443,GameRo,0.012756,-0.640138,-0.121099,0.758548
16943259797943,pre,1003.912537,,,
16943275239943,pre,1003.917786,,,
16943290558943,pre,1003.913269,,,
16943267679193,Gyro,0.428218,0.056670,-0.380327,
16943287591693,Gyro,0.321130,-0.095647,-0.015032,
16943267679193,Lacc,-2.099907,-9.004627,-1.734204,
16943267679193,GameRo,0.028820,-0.638625,-0.123254,0.759036
16943287591693,Lacc,-1.867048,-8.921374,-1.415534,
16943287591693,GameRo,0.027988,-0.638740,-0.122470,0.759098
16943305878943,pre,1003.913269,,,
16943321229943,pre,1003.905029,,,
16943336548943,pre,1003.907288,,,
16943307481443,Gyro,0.292396,-0.256877,0.403873,
16943327348443,Gyro,0.292263,-0.380061,0.824109,
16943307481443,Lacc,-1.184437,-8.674646,-0.808400,
16943307481443,GameRo,0.031655,-0.641217,-0.117486,0.757652
16943327348443,Lacc,-0.090193,-8.677483,0.044665,
16943327348443,GameRo,0.030904,-0.641220,-0.116798,0.757786
16943351868943,pre,1003.894531,,,
16943367188943,pre,1003.884766,,,
16943347261193,Gyro,0.168680,-0.434204,1.241153,
16943367219693,Gyro,0.003459,-0.467993,1.592480,
16943347261193,Lacc,0.859532,-8.285416,0.420731,
16943347261193,GameRo,0.022583,-0.648015,-0.099987,0.754698
16943367219693,Lacc,1.972172,-8.399200,-0.093959,
16943367219693,GameRo,0.021929,-0.648053,-0.099368,0.754767
16943382416943,pre,1003.890015,,,
16943397858943,pre,1003.882507,,,
16943413178943,pre,1003.883240,,,
16943387155193,Gyro,-0.036716,-0.498057,1.915872,
16943407067693,Gyro,-0.033390,-0.525328,2.231680,
16943387155193,Lacc,3.384232,-7.818026,-0.438681,
16943387155193,GameRo,-0.000356,-0.655567,-0.074513,0.751452
16943407067693,Lacc,4.864393,-7.588582,-0.759332,
16943407067693,GameRo,-0.000865,-0.655655,-0.074013,0.751424
16943428498943,pre,1003.885498,,,
16943443696943,pre,1003.874268,,,
16943426980443,Gyro,0.022482,-0.556457,2.528333,
16943446893443,Gyro,0.111877,-0.546081,2.771375,
16943426980443,Lacc,6.762158,-6.454123,-0.644519,
16943426980443,GameRo,-0.031845,-0.662845,-0.040243,0.746996
16943446893443,Lacc,8.238719,-5.994224,-0.581109,
16943446893443,GameRo,-0.032169,-0.662916,-0.039922,0.746936
16943459015943,pre,1003.879517,,,
16943474427943,pre,1003.880249,,,
16943489747943,pre,1003.876526,,,
16943466806193,Gyro,0.172005,-0.531181,2.970519,
16943486718693,Gyro,0.168680,-0.571223,3.173520,
16943466806193,Lacc,7.744512,-4.438046,-0.072729,
16943466806193,GameRo,-0.067839,-0.668314,0.003580,0.740771
16943486718693,Lacc,6.104121,-3.862465,0.201180,
16943486718693,GameRo,-0.068031,-0.668322,0.003773,0.740745
16943505036943,pre,1003.879517,,,
16943520386943,pre,1003.887756,,,
16943535676943,pre,1003.894531,,,
16943506608443,Gyro,0.090326,-0.687490,3.394213,
16943526475443,Gyro,0.054142,-0.808545,3.608256,
16943506608443,Lacc,5.129330,-2.203478,0.510831,
16943506608443,GameRo,-0.107927,-0.671154,0.053786,0.731445
16943526475443,Lacc,5.211911,-2.012698,0.723218,
16943526475443,GameRo,-0.107971,-0.671126,0.053838,0.731460
16943550995943,pre,1003.886230,,,
16943566315943,pre,1003.890747,,,
16943546388193,Gyro,0.081413,-0.882243,3.795958,
16943566346693,Gyro,0.119991,-0.922018,3.899454,
16943546388193,Lacc,6.058745,-0.334274,0.865145,
16943546388193,GameRo,-0.154044,-0.673250,0.108671,0.714979
16943566346693,Lacc,6.899119,0.078942,0.397591,
16943566346693,GameRo,-0.153893,-0.673278,0.108510,0.715010
16943581544943,pre,1003.889282,,,
16943596955943,pre,1003.893005,,,
16943612275943,pre,1003.894531,,,
16943586282193,Gyro,0.308625,-0.879715,3.885885,
16943606194693,Gyro,0.679907,-0.806816,3.812454,
16943586282193,Lacc,7.782751,1.771048,0.225308,
16943586282193,GameRo,-0.201460,-0.671962,0.168074,0.692555
16943606194693,Lacc,6.446121,2.186297,0.040755,
16943606194693,GameRo,-0.201152,-0.672057,0.167729,0.692636
16943627564943,pre,1003.897522,,,
16943642884943,pre,1003.902771,,,
16943626107443,Gyro,1.095487,-0.713696,3.635127,
16943646020443,Gyro,1.299685,-0.593838,3.396608,
16943658082943,pre,1003.887024,,,
16943626107443,Lacc,5.528700,4.540842,0.220327,
16943626107443,GameRo,-0.238555,-0.663473,0.231579,0.670273
16943646020443,Lacc,3.980778,5.482018,0.449208,
16943646020443,GameRo,-0.238025,-0.663622,0.231015,0.670509
16943681183943,pre,1003.898987,,,
16943665933193,Gyro,1.256451,-0.437929,3.120441,
16943685845693,Gyro,1.101207,-0.244639,2.731068,
16943697785943,pre,1003.896729,,,
16943665933193,Lacc,4.225718,7.190023,0.325594,
16943665933193,GameRo,-0.261453,-0.647870,0.294657,0.651984
16943685845693,Lacc,3.068538,8.398269,0.155753,
16943685845693,GameRo,-0.260728,-0.648135,0.293903,0.652352
16943711854943,pre,1003.912537,,,
16943727173943,pre,1003.902771,,,
16943705758443,Gyro,0.761453,-0.117863,2.274116,
16943725671443,Gyro,0.436997,-0.104161,1.839380,
16943705758443,Lacc,2.321443,9.688834,-0.501491,
16943705758443,GameRo,-0.279067,-0.630276,0.342707,0.638299
16943725671443,Lacc,1.305624,9.094422,-0.680840,
16943725671443,GameRo,-0.278300,-0.630670,0.341882,0.638688
16943742493943,pre,1003.917786,,,
16943757813943,pre,1003.916992,,,
16943773133943,pre,1003.908752,,,
16943745584193,Gyro,0.374607,-0.140744,1.447080,
16943765496693,Gyro,0.417708,-0.187570,1.096152,
16943745584193,Lacc,1.361229,8.873138,-0.761996,
16943745584193,GameRo,-0.293732,-0.618906,0.370068,0.627476
16943765496693,Lacc,1.070682,8.825713,-0.661439,
16943765496693,GameRo,-0.292969,-0.619310,0.369272,0.627903
16943788453943,pre,1003.911011,,,
16943803773943,pre,1003.919250,,,
16943785409443,Gyro,0.475443,-0.217235,0.755866,
16943805322443,Gyro,0.569893,-0.232267,0.425557,
16943785409443,Lacc,1.220915,9.425835,-0.701576,
16943785409443,GameRo,-0.298693,-0.612589,0.387990,0.620468
16943805322443,Lacc,1.046529,9.202106,-0.783420,
16943805322443,GameRo,-0.297906,-0.613020,0.387179,0.620927
16943819001943,pre,1003.908752,,,
16943834290943,pre,1003.919250,,,
16943849732943,pre,1003.900513,,,
16943825235193,Gyro,0.674719,-0.236125,0.074230,
16943845147693,Gyro,0.635342,-0.230538,-0.282020,
16943825235193,Lacc,1.188735,8.850547,-1.011350,
16943825235193,GameRo,-0.293055,-0.609419,0.399713,0.618835
16943845147693,Lacc,1.090691,8.535583,-1.120100,
16943845147693,GameRo,-0.292319,-0.609872,0.398934,0.619240
16943864960943,pre,1003.916992,,,
16943880402943,pre,1003.911743,,,
16943865060443,Gyro,0.495929,-0.241579,-0.620177,
16943884973443,Gyro,0.403075,-0.295855,-0.923881,
16943896241943,pre,1003.917786,,,
16943865060443,Lacc,0.580700,8.192994,-1.261098,
16943865060443,GameRo,-0.278268,-0.609876,0.403360,0.622831
16943884973443,Lacc,0.299761,7.724422,-0.940603,
16943884973443,GameRo,-0.277575,-0.610252,0.402666,0.623221
16943911042943,pre,1003.919983,,,
16943926362943,pre,1003.915527,,,
16943904886193,Gyro,0.372878,-0.354254,-1.232240,
16943924798693,Gyro,0.306364,-0.379662,-1.581705,
16943904886193,Lacc,0.771597,6.958150,-0.713511,
16943904886193,GameRo,-0.257996,-0.616105,0.396720,0.629656
16943924798693,Lacc,2.192550,6.510859,-0.525452,
16943924798693,GameRo,-0.257364,-0.616380,0.396120,0.630023
16943941681943,pre,1003.923035,,,
16943957001943,pre,1003.923767,,,
16943972321943,pre,1003.927490,,,
16943944711193,Gyro,0.134891,-0.374873,-1.977330,
16943964623693,Gyro,0.037647,-0.308758,-2.441599,
16943944711193,Lacc,3.727293,5.642673,-0.125015,
16943944711193,GameRo,-0.230243,-0.626942,0.380678,0.639544
16943964623693,Lacc,5.792038,5.042379,0.125491,
16943964623693,GameRo,-0.229660,-0.627141,0.380138,0.639880
16943987641943,pre,1003.926025,,,
16944002961943,pre,1003.932739,,,
16943984536443,Gyro,-0.023546,-0.199409,-2.942184,
16944004449443,Gyro,-0.180386,-0.094583,-3.410177,
16943984536443,Lacc,6.255497,4.110868,0.280678,
16943984536443,GameRo,-0.195201,-0.641433,0.349449,0.654481
16944004449443,Lacc,7.496145,3.930488,-0.059948,
16944004449443,GameRo,-0.194689,-0.641611,0.348950,0.654726
16944026124943,pre,1003.931274,,,
16944041260943,pre,1003.933533,,,
16944024362193,Gyro,-0.346006,0.015963,-3.804738,
16944044274693,Gyro,-0.463736,0.177193,-4.182405,
16944024362193,Lacc,8.898508,2.683707,-0.302827,
16944024362193,GameRo,-0.151926,-0.655937,0.300999,0.675326
16944044274693,Lacc,9.969347,2.318907,-0.390694,
16944044274693,GameRo,-0.151518,-0.656089,0.300582,0.675455
16944056489943,pre,1003.923767,,,
16944071931943,pre,1003.926025,,,
16944087250943,pre,1003.921509,,,
16944064187443,Gyro,-0.555792,0.315144,-4.464957,
16944084100443,Gyro,-0.726866,0.406135,-4.600113,
16944064187443,Lacc,8.626216,0.492702,0.036140,
16944064187443,GameRo,-0.103292,-0.666831,0.236221,0.699190
16944084100443,Lacc,7.509354,0.193426,0.354854,
16944084100443,GameRo,-0.103083,-0.666878,0.236009,0.699248
16944102570943,pre,1003.927490,,,
16944117890943,pre,1003.931274,,,
16944133240943,pre,1003.930481,,,
16944103990443,Gyro,-0.918692,0.439392,-4.588540,
16944123857443,Gyro,-0.909647,0.452961,-4.446200,
16944103990443,Lacc,6.585531,-1.907432,0.300991,
16944103990443,GameRo,-0.053840,-0.671150,0.160386,0.721759
16944123857443,Lacc,6.381964,-2.529344,0.564687,
16944123857443,GameRo,-0.053871,-0.671152,0.160417,0.721747
16944148530943,pre,1003.924500,,,
16944163849943,pre,1003.926758,,,
16944143770193,Gyro,-0.806949,0.448305,-4.180144,
16944163728693,Gyro,-0.695205,0.433273,-3.827619,
16944143770193,Lacc,6.234478,-4.590263,0.612600,
16944143770193,GameRo,-0.009374,-0.669588,0.083983,0.737910
16944163728693,Lacc,6.005005,-5.118381,0.244140,
16944163728693,GameRo,-0.009624,-0.669612,0.084238,0.737855
16944179108943,pre,1003.912537,,,
16944194520943,pre,1003.913269,,,
16944209839943,pre,1003.916260,,,
16944183671943,Gyro,-0.742164,0.358245,-3.322378,
16944203599943,Gyro,-1.116239,0.188634,-2.699008,
16944183671943,Lacc,4.071462,-6.639191,-0.657521,
16944183671943,GameRo,0.029489,-0.663341,0.019198,0.747489
16944203599943,Lacc,1.750411,-6.021672,-0.878655,
16944203599943,GameRo,0.029033,-0.663450,0.019675,0.747398
16944225159943,pre,1003.920776,,,
16944240479943,pre,1003.910278,,,
16944223520193,Gyro,-1.571195,0.029665,-2.101845,
16944243432693,Gyro,-1.799605,-0.033390,-1.573324,
16944223520193,Lacc,0.361314,-5.942310,-0.319290,
16944223520193,GameRo,0.046647,-0.658404,-0.034401,0.750429
16944243432693,Lacc,-0.526607,-5.098962,0.261874,
16944243432693,GameRo,0.046134,-0.658399,-0.033924,0.750488
16944255707943,pre,1003.920776,,,
16944271149943,pre,1003.912537,,,
16944286469943,pre,1003.910278,,,
16944263345193,Gyro,-1.866252,-0.032725,-1.121161,
16944283257693,Gyro,-1.849357,-0.006119,-0.842866,
16944263345193,Lacc,-1.529638,-5.406709,0.108956,
16944263345193,GameRo,0.038635,-0.655451,-0.080100,0.749984
16944283257693,Lacc,-2.528452,-6.086086,-0.373122,
16944283257693,GameRo,0.037948,-0.655477,-0.079470,0.750063
16944301789943,pre,1003.913269,,,
16944317109943,pre,1003.916992,,,
16944332490943,pre,1003.917786,,,
16944303139943,Gyro,-1.570264,0.037514,-0.760389,
16944322991943,Gyro,-1.103735,0.077555,-0.788591,
16944303139943,Lacc,-3.121447,-7.060220,-0.947801,
16944303139943,GameRo,0.020927,-0.651538,-0.114968,0.749562
16944322991943,Lacc,-3.179804,-7.660411,-1.272558,
16944322991943,GameRo,0.020097,-0.651637,-0.114202,0.749616
16944347779943,pre,1003.908020,,,
16944363099943,pre,1003.918518,,,
16944342904693,Gyro,-0.511892,0.137418,-0.892619,
16944362878193,Gyro,0.020087,0.204065,-1.013275,
16944342904693,Lacc,-2.822885,-8.429495,-1.369128,
16944342904693,GameRo,0.013828,-0.647582,-0.138940,0.749094
16944362878193,Lacc,-2.818688,-8.678605,-1.164801,
16944362878193,GameRo,0.012949,-0.647649,-0.138158,0.749196
16944378327943,pre,1003.915527,,,
16944393738943,pre,1003.906494,,,
16944409058943,pre,1003.913269,,,
16944382821443,Gyro,0.341483,0.258607,-1.058771,
16944402734443,Gyro,0.473048,0.258341,-0.927206,
16944382821443,Lacc,-2.760312,-9.122079,-0.871518,
16944382821443,GameRo,0.026265,-0.644331,-0.151975,0.749034
16944402734443,Lacc,-2.677896,-9.410913,-0.684663,
16944402734443,GameRo,0.025349,-0.644353,-0.151190,0.749205
16944424561943,pre,1003.908020,,,
16944447358943,pre,1003.903503,,,
16944422647193,Gyro,0.421034,0.188368,-0.617783,
16944442559693,Gyro,0.218033,0.056803,-0.196483,
16944422647193,Lacc,-2.140796,-9.819620,-0.891131,
16944422647193,GameRo,0.043860,-0.641468,-0.157711,0.749481
16944442559693,Lacc,-1.615060,-9.735151,-1.088399,
16944442559693,GameRo,0.042964,-0.641566,-0.156928,0.749614
16944462678943,pre,1003.897522,,,
16944478028943,pre,1003.887024,,,
16944462472443,Gyro,0.123051,-0.100569,0.315809,
16944482385443,Gyro,0.220960,-0.238519,0.857100,
16944493867943,pre,1003.891479,,,
16944462472443,Lacc,-1.108372,-9.642460,-0.824593,
16944462472443,GameRo,0.047629,-0.641498,-0.155679,0.749651
16944482385443,Lacc,-0.383064,-9.100080,-0.254738,
16944482385443,GameRo,0.046804,-0.641535,-0.154973,0.749817
16944508668943,pre,1003.882507,,,
16944523987943,pre,1003.886230,,,
16944502275443,Gyro,0.263928,-0.332038,1.408502,
16944522142443,Gyro,0.162826,-0.396557,1.906160,
16944502275443,Lacc,0.568391,-8.302802,0.326943,
16944502275443,GameRo,0.036987,-0.646548,-0.138429,0.749296
16944522142443,Lacc,1.719437,-8.443614,0.164167,
16944522142443,GameRo,0.036279,-0.646571,-0.137814,0.749425
16944539307943,pre,1003.880249,,,
16944554627943,pre,1003.868286,,,
16944569947943,pre,1003.864502,,,
16944542055193,Gyro,-0.037514,-0.435135,2.300988,
16944562013693,Gyro,-0.206726,-0.468658,2.616132,
16944542055193,Lacc,3.073858,-8.158159,-0.214571,
16944542055193,GameRo,0.011979,-0.653892,-0.106771,0.748920
16944562013693,Lacc,4.445017,-8.385473,-0.590995,
16944562013693,GameRo,0.011380,-0.653973,-0.106224,0.748937
16944585267943,pre,1003.860779,,,
16944600587943,pre,1003.855530,,,
16944581949193,Gyro,-0.237455,-0.531314,2.889371,
16944601861693,Gyro,-0.205395,-0.571356,3.133345,
16944581949193,Lacc,6.092435,-6.970103,-0.452194,
16944581949193,GameRo,-0.027549,-0.660354,-0.069045,0.747266
16944601861693,Lacc,8.513956,-6.332278,-0.193376,
16944601861693,GameRo,-0.027917,-0.660406,-0.068704,0.747238
16944615845943,pre,1003.873535,,,
16944631135943,pre,1003.872009,,,
16944646577943,pre,1003.879517,,,
16944621774193,Gyro,-0.261666,-0.550737,3.377585,
16944641686693,Gyro,-0.451764,-0.553796,3.638852,
16944654572943,pre,1003.885498,,,
16944669434943,pre,1003.887024,,,
16944621774193,Lacc,9.348277,-4.512373,0.398311,
16944621774193,GameRo,-0.073492,-0.665444,-0.024052,0.742431
16944641686693,Lacc,8.629788,-4.093899,0.749824,
16944641686693,GameRo,-0.073676,-0.665434,-0.023879,0.742428
16944684846943,pre,1003.887756,,,
16944661599443,Gyro,-0.846857,-0.618448,3.910762,
16944681512443,Gyro,-1.235698,-0.678178,4.064542,
16944661599443,Lacc,8.215672,-1.932343,1.258883,
16944661599443,GameRo,-0.129349,-0.666351,0.024611,0.733920
16944681512443,Lacc,8.273119,-0.622648,1.524405,
16944681512443,GameRo,-0.129272,-0.666315,0.024546,0.733969
16944707856943,pre,1003.884766,,,
16944723176943,pre,1003.888489,,,
16944701425193,Gyro,-1.351433,-0.701990,4.033679,
16944721337693,Gyro,-1.041078,-0.680173,3.853693,
16944701425193,Lacc,8.414112,1.993566,2.100248,
16944701425193,GameRo,-0.199935,-0.664044,0.068869,0.717167
16944721337693,Lacc,7.763447,2.395024,1.977537,
16944721337693,GameRo,-0.199617,-0.664032,0.068578,0.717295
16944738373943,pre,1003.890015,,,
16944753815943,pre,1003.888489,,,
16944769135943,pre,1003.895264,,,
16944741250443,Gyro,-0.420369,-0.629755,3.569544,
16944761163443,Gyro,0.296786,-0.510961,3.317722,
16944741250443,Lacc,7.896597,4.258328,1.913156,
16944741250443,GameRo,-0.262664,-0.657653,0.111992,0.697107
16944761163443,Lacc,6.917168,4.665423,1.077213,
16944761163443,GameRo,-0.262193,-0.657765,0.111509,0.697256
16944784455943,pre,1003.895264,,,
16944799775943,pre,1003.908020,,,
16944781076193,Gyro,0.745889,-0.415181,3.105276,
16944800988693,Gyro,0.925477,-0.384318,2.844674,
16944781076193,Lacc,5.867364,6.042636,0.339278,
16944781076193,GameRo,-0.298903,-0.645494,0.163112,0.683659
16944800988693,Lacc,4.065402,6.671838,0.067547,
16944800988693,GameRo,-0.298320,-0.645758,0.162459,0.683820
16944815003943,pre,1003.898987,,,
16944830292943,pre,1003.910278,,,
16944845704943,pre,1003.916260,,,
16944820901443,Gyro,0.984408,-0.408796,2.499998,
16944840814443,Gyro,0.976959,-0.427153,2.116345,
16944820901443,Lacc,3.412759,8.837000,0.319415,
16944820901443,GameRo,-0.319340,-0.630388,0.214133,0.674374
16944840814443,Lacc,2.271507,9.749715,0.574271,
16944840814443,GameRo,-0.318548,-0.630722,0.213299,0.674701
16944861024943,pre,1003.915527,,,
16944876343943,pre,1003.902771,,,
16944860727193,Gyro,0.932793,-0.475177,1.793885,
16944880639693,Gyro,0.988665,-0.527191,1.519980,
16944891907943,pre,1003.916260,,,
16944860727193,Lacc,1.963958,9.766308,0.328748,
16944860727193,GameRo,-0.328818,-0.618748,0.255378,0.666192
16944880639693,Lacc,1.476529,9.368412,-0.000033,
16944880639693,GameRo,-0.328037,-0.619147,0.254545,0.666525
16944906983943,pre,1003.913269,,,
16944922333943,pre,1003.904236,,,
16944900559943,Gyro,1.137391,-0.535039,1.214148,
16944920487943,Gyro,1.094423,-0.484755,0.914569,
16944900559943,Lacc,1.908339,10.447253,-0.384216,
16944900559943,GameRo,-0.329489,-0.611309,0.289069,0.658921
16944920487943,Lacc,1.754644,10.883554,-0.582110,
16944920487943,GameRo,-0.328665,-0.611796,0.288176,0.659272
16944937623943,pre,1003.916260,,,
16944952973943,pre,1003.905762,,,
16944968293943,pre,1003.908752,,,
16944940377693,Gyro,0.818788,-0.429415,0.589980,
16944960229193,Gyro,0.428484,-0.379795,0.254217,
16944940377693,Lacc,1.796592,10.530958,-0.981420,
16944940377693,GameRo,-0.321583,-0.606375,0.315157,0.655416
16944960229193,Lacc,1.443704,9.788822,-0.908823,
16944960229193,GameRo,-0.320791,-0.606872,0.314303,0.655754
16944983613943,pre,1003.910278,,,
16944998932943,pre,1003.916992,,,
16944980134193,Gyro,0.032592,-0.302772,-0.112276,
16945000092693,Gyro,-0.330176,-0.211914,-0.498456,
16944980134193,Lacc,0.914820,10.165439,-0.522372,
16944980134193,GameRo,-0.315060,-0.608140,0.323689,0.652785
16945000092693,Lacc,0.315084,10.254560,-0.430910,
16945000092693,GameRo,-0.314201,-0.608572,0.322832,0.653221
16945014130943,pre,1003.925232,,,
16945030121943,pre,1003.912537,,,
16945044892943,pre,1003.917786,,,
16945020028443,Gyro,-0.466131,-0.154446,-0.886766,
16945039941443,Gyro,-0.388043,-0.125712,-1.296891,
16945020028443,Lacc,0.077289,8.939100,-0.445303,
16945020028443,GameRo,-0.309910,-0.617071,0.312470,0.652335
16945039941443,Lacc,0.512840,7.754599,-0.463029,
16945039941443,GameRo,-0.309219,-0.617451,0.311745,0.652651
16945067872943,pre,1003.916260,,,
16945083192943,pre,1003.909485,,,
16945059854193,Gyro,-0.229740,-0.090991,-1.739476,
16945079766693,Gyro,0.003060,-0.048954,-2.195896,
16945059854193,Lacc,1.268601,6.370879,-0.347622,
16945059854193,GameRo,-0.296430,-0.629688,0.289774,0.657004
16945079766693,Lacc,2.627980,5.716156,-0.369061,
16945079766693,GameRo,-0.295885,-0.629978,0.289191,0.657228
16945099213943,pre,1003.930481,,,
16945113831943,pre,1003.928284,,,
16945129151943,pre,1003.925232,,,
16945099656443,Gyro,0.207258,-0.023014,-2.683976,
16945119523443,Gyro,0.442984,-0.004124,-3.210368,
16945099656443,Lacc,3.510108,4.608801,-0.273224,
16945099656443,GameRo,-0.266720,-0.643326,0.259671,0.669002
16945119523443,Lacc,5.152131,3.538929,0.131273,
16945119523443,GameRo,-0.266279,-0.643499,0.259217,0.669186
16945144471943,pre,1003.925232,,,
16945159760943,pre,1003.939514,,,
16945139436193,Gyro,0.703586,0.033789,-3.722793,
16945159394693,Gyro,0.874527,0.078487,-4.178946,
16945139436193,Lacc,6.027797,1.487666,0.601322,
16945139436193,GameRo,-0.217773,-0.657031,0.221173,0.686999
16945159394693,Lacc,7.728038,0.472738,1.202287,
16945159394693,GameRo,-0.217485,-0.657064,0.220894,0.687148
16945174988943,pre,1003.934265,,,
16945190430943,pre,1003.934998,,,
16945205750943,pre,1003.944031,,,
16945179330443,Gyro,1.046399,0.162560,-4.468815,
16945199243443,Gyro,1.111051,0.257542,-4.593861,
16945179330443,Lacc,8.286864,-2.064732,1.532453,
16945179330443,GameRo,-0.149920,-0.667680,0.174030,0.708125
16945199243443,Lacc,8.464948,-2.666616,1.762165,
16945199243443,GameRo,-0.149844,-0.667629,0.173961,0.708206
16945221070943,pre,1003.939514,,,
16945236420943,pre,1003.935730,,,
16945219156193,Gyro,0.879050,0.340153,-4.476797,
16945239068693,Gyro,0.516149,0.450965,-4.123208,
16945219156193,Lacc,7.936665,-4.488631,1.508081,
16945219156193,GameRo,-0.074101,-0.670793,0.122423,0.727708
16945239068693,Lacc,5.728484,-4.900676,1.545933,
16945239068693,GameRo,-0.074288,-0.670715,0.122603,0.727730
16945251649943,pre,1003.930481,,,
16945267060943,pre,1003.934998,,,
16945282410943,pre,1003.926025,,,
16945258981193,Gyro,0.019821,0.406800,-3.472301,
16945278893693,Gyro,-0.402011,0.246767,-2.531127,
16945258981193,Lacc,2.376566,-6.754225,1.276434,
16945258981193,GameRo,-0.014244,-0.666781,0.069362,0.741883
16945278893693,Lacc,1.521038,-7.610627,1.200076,
16945278893693,GameRo,-0.014772,-0.666702,0.069859,0.741897
16945297700943,pre,1003.923035,,,
16945313050943,pre,1003.914001,,,
16945328370943,pre,1003.918518,,,
16945298783443,Gyro,-0.486085,0.090459,-1.439365,
16945318650443,Gyro,-0.125046,-0.044165,-0.329777,
16945298783443,Lacc,1.140919,-9.085301,1.228289,
16945298783443,GameRo,0.011042,-0.663383,0.028633,0.747650
16945318650443,Lacc,1.100824,-8.598619,1.232148,
16945318650443,GameRo,0.010413,-0.663314,0.029212,0.747698
16945343690943,pre,1003.920776,,,
16945359040943,pre,1003.908752,,,
16945338563193,Gyro,0.552200,-0.140478,0.672590,
16945358521693,Gyro,1.488452,-0.185707,1.476346,
16945338563193,Lacc,1.076379,-8.656487,1.001633,
16945338563193,GameRo,0.011914,-0.664011,0.024606,0.747223
16945358521693,Lacc,0.720699,-9.280418,0.816819,
16945358521693,GameRo,0.011241,-0.663971,0.025234,0.747248
16945374268943,pre,1003.914734,,,
16945389680943,pre,1003.918518,,,
16945405030943,pre,1003.921509,,,
16945378464943,Gyro,2.363777,-0.202868,2.085083,
16945398392943,Gyro,3.559434,-0.147129,2.528333,
16945378464943,Lacc,0.748862,-9.516663,0.936146,
16945378464943,GameRo,0.013114,-0.665683,0.068527,0.742966
16945398392943,Lacc,1.388304,-9.946198,1.070565,
16945398392943,GameRo,0.012467,-0.665640,0.069142,0.742958
16945420350943,pre,1003.930481,,,
16945435670943,pre,1003.924500,,,
16945418313443,Gyro,4.160190,0.015431,2.866491,
16945438226443,Gyro,4.687513,0.272841,3.179373,
16945418313443,Lacc,1.610170,-6.749356,1.321823,
16945418313443,GameRo,0.030641,-0.660662,0.154102,0.734057
16945438226443,Lacc,1.628784,-6.643987,1.232667,
16945438226443,GameRo,0.030183,-0.660617,0.154540,0.734025
16945458680943,pre,1003.920776,,,
16945474000943,pre,1003.923767,,,
16945458139193,Gyro,6.053978,0.579870,3.420154,
16945478051693,Gyro,6.328149,0.916165,3.674104,
16945489319943,pre,1003.916260,,,
16945458139193,Lacc,1.653621,-5.328878,-0.437561,
16945458139193,GameRo,0.057885,-0.638804,0.264548,0.720134
16945478051693,Lacc,1.544203,-4.536689,-0.105039,
16945478051693,GameRo,0.057582,-0.638879,0.264819,0.719992
16945504670943,pre,1003.915527,,,
16945519990943,pre,1003.926025,,,
16945497933943,Gyro,6.531948,1.271616,3.835867,
16945517785943,Gyro,6.684532,1.641833,3.907303,
16945497933943,Lacc,2.150128,-3.888201,-0.425073,
16945497933943,GameRo,0.096468,-0.589284,0.397071,0.696974
16945517785943,Lacc,1.998044,-3.288772,0.033456,
16945517785943,GameRo,0.096290,-0.589387,0.397198,0.696839
16945535309943,pre,1003.925232,,,
16945550629943,pre,1003.933533,,,
16945565980943,pre,1003.939514,,,
16945537698693,Gyro,6.500820,1.925449,3.947610,
16945557672193,Gyro,6.063556,2.117808,4.008404,
16945537698693,Lacc,2.578111,-2.645462,-2.095525,
16945537698693,GameRo,0.128008,-0.514917,0.527129,0.663784
16945557672193,Lacc,2.709528,-2.127227,-1.360736,
16945557672193,GameRo,0.128003,-0.515182,0.527079,0.663620
16945581544943,pre,1003.937256,,,
16945596619943,pre,1003.938782,,,
16945577615193,Gyro,5.539958,2.303515,4.037937,
16945597527693,Gyro,4.916321,2.494943,4.021175,
16945577615193,Lacc,3.937483,-1.485032,-1.646090,
16945577615193,GameRo,0.143198,-0.428459,0.641364,0.620136
16945597527693,Lacc,3.551250,-0.887283,-1.232077,
16945597527693,GameRo,0.143376,-0.428732,0.641213,0.620063
16945611848943,pre,1003.941772,,,
16945627289943,pre,1003.931274,,,
16945642609943,pre,1003.934265,,,
16945617440443,Gyro,4.432498,2.590590,4.009735,
16945637353443,Gyro,4.012927,2.592054,3.953065,
16945617440443,Lacc,4.090218,-1.980815,-2.685948,
16945617440443,GameRo,0.136420,-0.344151,0.733513,0.570007
16945637353443,Lacc,3.666452,-1.282602,-2.729044,
16945637353443,GameRo,0.136690,-0.344615,0.733314,0.569918
16945657929943,pre,1003.921509,,,
16945673249943,pre,1003.920776,,,
16945657266193,Gyro,3.363883,2.555870,3.806334,
16945677178693,Gyro,3.125363,2.470998,3.603600,
16945690064943,pre,1003.906494,,,
16945657266193,Lacc,3.844648,-0.248785,-3.466314,
16945657266193,GameRo,0.116275,-0.266360,0.806350,0.515105
16945677178693,Lacc,3.156945,-0.875682,-2.567423,
16945677178693,GameRo,0.116603,-0.266792,0.806176,0.515078
16945703889943,pre,1003.916260,,,
16945719208943,pre,1003.910278,,,
16945697068443,Gyro,3.114987,2.360185,3.355768,
16945716935443,Gyro,2.825651,2.229153,3.097826,
16945697068443,Lacc,3.582324,-1.289832,-3.453126,
16945697068443,GameRo,0.089720,-0.198891,0.860432,0.460488
16945716935443,Lacc,2.771874,-0.356228,-3.796649,
16945716935443,GameRo,0.090176,-0.199367,0.860261,0.460512
16945734528943,pre,1003.907288,,,
16945749879943,pre,1003.910278,,,
16945765198943,pre,1003.902771,,,
16945736855943,Gyro,2.384397,2.079230,2.907330,
16945756829943,Gyro,1.843238,1.936491,2.734660,
16945736855943,Lacc,3.435878,-0.555350,-3.918175,
16945736855943,GameRo,0.066086,-0.136172,0.899639,0.409561
16945756829943,Lacc,2.582699,0.318447,-3.726012,
16945756829943,GameRo,0.066618,-0.136491,0.899515,0.409639
16945780518943,pre,1003.905029,,,
16945803498943,pre,1003.908752,,,
16945776765693,Gyro,1.483530,1.751449,2.508778,
16945796663193,Gyro,1.310194,1.519048,2.252300,
16945776765693,Lacc,2.464123,0.235021,-4.001634,
16945776765693,GameRo,0.040022,-0.091702,0.926579,0.362547
16945796663193,Lacc,1.789160,0.619304,-3.931522,
16945796663193,GameRo,0.040490,-0.091871,0.926510,0.362630
16945818818943,pre,1003.903503,,,
16945834015943,pre,1003.905029,,,
16945816568193,Gyro,1.099744,1.303543,2.045175,
16945836480693,Gyro,0.919225,1.144308,1.854146,
16945816568193,Lacc,2.156924,-0.009712,-3.111303,
16945849366943,pre,1003.912537,,,
16945816568193,GameRo,0.018223,-0.059219,0.944564,0.322428
16945836480693,Lacc,1.824476,0.071843,-2.262438,
16945836480693,GameRo,0.018547,-0.059358,0.944530,0.322483
16945864655943,pre,1003.903503,,,
16945879975943,pre,1003.907288,,,
16945856370443,Gyro,0.821582,1.005560,1.648618,
16945876237443,Gyro,0.594104,0.840871,1.514392,
16945856370443,Lacc,1.888748,0.247158,-2.614179,
16945856370443,GameRo,0.001341,-0.035422,0.956750,0.288745
16945876237443,Lacc,1.561509,0.171939,-2.711234,
16945876237443,GameRo,0.001641,-0.035514,0.956731,0.288795
16945895356943,pre,1003.909485,,,
16945902924943,pre,1003.905029,,,
16945918366943,pre,1003.905029,,,
16945896127193,Gyro,0.296520,0.685494,1.433777,
16945916039693,Gyro,0.080881,0.552998,1.340525,
16945896127193,Lacc,1.764142,-0.190513,-2.132382,
16945896127193,GameRo,-0.011600,-0.019898,0.965190,0.260534
16945916039693,Lacc,1.484778,-0.017194,-1.669445,
16945916039693,GameRo,-0.011361,-0.019978,0.965181,0.260573
16945933655943,pre,1003.902039,,,
16945949006943,pre,1003.894531,,,
16945964326943,pre,1003.901245,,,
16945935975193,Gyro,0.102698,0.425158,1.243946,
16945955933693,Gyro,0.231336,0.270845,1.130473,
16945935975193,Lacc,1.263952,0.002591,-1.764539,
16945935975193,GameRo,-0.021685,-0.015286,0.971629,0.235016
16945955933693,Lacc,0.785484,0.384764,-2.017655,
16945955933693,GameRo,-0.021546,-0.015263,0.971627,0.235041
16945979645943,pre,1003.903503,,,
16945994996943,pre,1003.902039,,,
16945975869443,Gyro,0.122918,0.106955,1.058904,
16945995782443,Gyro,-0.182116,-0.023546,0.972037,
16945975869443,Lacc,0.827361,0.338589,-1.977851,
16945975869443,GameRo,-0.025822,-0.009481,0.976604,0.213281
16945995782443,Lacc,0.789379,0.583743,-1.704014,
16945995782443,GameRo,-0.025680,-0.009416,0.976603,0.213304
16946010224943,pre,1003.895996,,,
16946025635943,pre,1003.893738,,,
16946040833943,pre,1003.892273,,,
16946015672443,Gyro,-0.359708,-0.162826,0.844330,
16946035539443,Gyro,-0.260735,-0.264194,0.776751,
16946015672443,Lacc,0.836950,0.172836,-1.457880,
16946015672443,GameRo,-0.025693,-0.012626,0.980510,0.194374
16946035539443,Lacc,0.752355,-0.727496,-1.511987,
16946035539443,GameRo,-0.025605,-0.012778,0.980507,0.194389
16946056244943,pre,1003.897522,,,
16946071595943,pre,1003.900513,,,
16946055452193,Gyro,-0.228808,-0.302905,0.728994,
16946075410693,Gyro,-0.146331,-0.309690,0.614058,
16946086945943,pre,1003.906494,,,
16946055452193,Lacc,0.535270,-1.074496,-1.242251,
16946055452193,GameRo,-0.021704,-0.019060,0.983393,0.179178
16946075410693,Lacc,0.323095,-0.376027,-0.536230,
16946075410693,GameRo,-0.021670,-0.019128,0.983391,0.179184
16946109894943,pre,1003.903503,,,
16946095323443,Gyro,-0.017028,-0.349731,0.486484,
16946115190443,Gyro,0.134491,-0.343213,0.418374,
16946126130943,pre,1003.901245,,,
16946095323443,Lacc,0.157145,0.175603,-0.212057,
16946095323443,GameRo,-0.016043,-0.022707,0.985572,0.166959
16946115190443,Lacc,0.204093,0.405002,-0.190623,
16946115190443,GameRo,-0.016005,-0.022655,0.985572,0.166967
16946140534943,pre,1003.905029,,,
16946155884943,pre,1003.908752,,,
16946135103193,Gyro,0.201139,-0.332437,0.359841,
16946155061693,Gyro,0.176528,-0.295855,0.332038,
16946135103193,Lacc,0.259155,0.029820,-0.199967,
16946135103193,GameRo,-0.008948,-0.021048,0.987031,0.158895
16946155061693,Lacc,0.535157,-0.289961,0.150017,
16946155061693,GameRo,-0.008879,-0.021099,0.987028,0.158906
16946171082943,pre,1003.907288,,,
16946186524943,pre,1003.906494,,,
16946201844943,pre,1003.904236,,,
16946174997193,Gyro,0.121322,-0.245038,0.318735,
16946194909693,Gyro,0.050684,-0.205129,0.323791,
16946174997193,Lacc,0.420639,0.174761,0.209678,
16946174997193,GameRo,-0.002627,-0.018455,0.988147,0.152376
16946194909693,Lacc,0.352795,0.489314,0.234383,
16946194909693,GameRo,-0.002567,-0.018393,0.988146,0.152388
16946217164943,pre,1003.914734,,,
16946232361943,pre,1003.906494,,,
16946214822443,Gyro,0.065051,-0.176794,0.343213,
16946234735443,Gyro,0.175198,-0.163758,0.311286,
16946247712943,pre,1003.905762,,,
16946214822443,Lacc,0.129105,0.292128,0.226174,
16946214822443,GameRo,0.001499,-0.017880,0.989133,0.145923
16946234735443,Lacc,0.138345,0.219577,0.073443,
16946234735443,GameRo,0.001523,-0.017852,0.989133,0.145928
16946263154943,pre,1003.902771,,,
16946278473943,pre,1003.906494,,,
16946254648193,Gyro,0.216703,-0.156175,0.273240,
16946274560693,Gyro,0.154712,-0.150455,0.202735,
16946254648193,Lacc,0.032732,0.512116,0.009196,
16946254648193,GameRo,0.005103,-0.014936,0.990067,0.139711
16946274560693,Lacc,0.282516,0.936339,0.015326,
16946274560693,GameRo,0.005162,-0.014809,0.990066,0.139724
16946293824943,pre,1003.899780,,,
16946309144943,pre,1003.892273,,,
16946294457943,Gyro,0.034853,-0.130102,0.164822,
16946314339943,Gyro,0.123982,-0.128638,0.126111,
16946326081943,pre,1003.898254,,,
16946294457943,Lacc,0.358488,0.535486,-0.001098,
16946294457943,GameRo,0.008489,-0.012315,0.990642,0.135668
16946314339943,Lacc,0.479616,0.165250,0.024317,
16946314339943,GameRo,0.008560,-0.012301,0.990639,0.135680
16946339783943,pre,1003.903503,,,
16946355103943,pre,1003.894531,,,
16946334252693,Gyro,0.225350,-0.122785,0.101500,
16946354196193,Gyro,0.258075,-0.117597,0.114005,
16946334252693,Lacc,0.562781,-0.119451,-0.047781,
16946334252693,GameRo,0.011416,-0.010349,0.991007,0.132920
16946354196193,Lacc,0.526051,-0.007433,-0.149855,
16946354196193,GameRo,0.011492,-0.010361,0.991004,0.132932
16946370423943,pre,1003.910278,,,
16946385773943,pre,1003.900513,,,
16946401093943,pre,1003.899780,,,
16946374124193,Gyro,0.180120,-0.106689,0.130501,
16946394036693,Gyro,0.034055,-0.095780,0.153648,
16946374124193,Lacc,0.368630,0.327039,-0.067748,
16946374124193,GameRo,0.014494,-0.005672,0.991299,0.130709
16946394036693,Lacc,0.178016,0.470678,0.100238,
16946394036693,GameRo,0.014528,-0.005609,0.991298,0.130716
16946416413943,pre,1003.904236,,,
16946431641943,pre,1003.901245,,,
16946413949443,Gyro,-0.033523,-0.092721,0.154978,
16946433862443,Gyro,-0.098042,-0.081413,0.155643,
16946413949443,Lacc,0.165461,0.323620,0.046290,
16946413949443,GameRo,0.016555,-0.005134,0.991662,0.127697
16946433862443,Lacc,0.133510,0.384436,-0.095525,
16946433862443,GameRo,0.016582,-0.005081,0.991661,0.127703
16946446961943,pre,1003.903503,,,
16946462403943,pre,1003.913269,,,
16946477631943,pre,1003.907288,,,
16946453775193,Gyro,-0.232533,0.047491,0.170808,
16946473687693,Gyro,-0.280822,-0.015032,0.131964,
16946453775193,Lacc,0.391784,0.578166,-0.700023,
16946453775193,GameRo,0.017375,-0.007322,0.992021,0.124654
16946473687693,Lacc,0.092371,0.060815,-0.576617,
16946473687693,GameRo,0.017393,-0.007315,0.992020,0.124657
16946500702943,pre,1003.905762,,,
16946516053943,pre,1003.914734,,,
16946493600443,Gyro,-0.064386,-0.191294,0.049886,
16946513513443,Gyro,0.104294,-0.108285,0.033789,
16946493600443,Lacc,-0.152053,-0.188131,0.292171,
16946493600443,GameRo,0.017112,-0.012434,0.992273,0.122259
16946513513443,Lacc,0.567777,0.357194,0.849257,
16946513513443,GameRo,0.017189,-0.012394,0.992270,0.122272
16946531373943,pre,1003.902771,,,
16946546723943,pre,1003.902039,,,
