Timestamp,Sensor,X,Y,Z,W
213371657886295,acc,0.462,1.008,9.816,
213371677750349,acc,0.445,1.014,9.827,
213371677750349,Lacc,-0.005,0.061,0.074,
213371677750349,GameRo,0.020,-0.053,-0.705,0.707
213371682743636,Gyro,0.002,0.003,-0.006,
213371697635970,acc,0.451,1.013,9.810,
213371697635970,Lacc,0.001,0.059,0.056,
213371697635970,GameRo,0.020,-0.053,-0.705,0.707
213371702601138,Gyro,-0.000,0.003,-0.005,
213371717473127,acc,0.450,1.016,9.801,
213371717473127,Lacc,0.001,0.063,0.048,
213371717473127,GameRo,0.020,-0.053,-0.705,0.707
213371722464013,Gyro,-0.002,0.002,-0.003,
213371725335432,pre,1005.127,,,
213371737360660,acc,0.455,1.015,9.798,
213371737360660,Lacc,0.006,0.062,0.044,
213371737360660,GameRo,0.020,-0.053,-0.705,0.707
213371742304630,Gyro,-0.000,0.001,-0.003,
213371750344872,pre,1005.121,,,
213371757224064,acc,0.457,1.006,9.780,
213371757224064,Lacc,0.009,0.052,0.027,
213371757224064,GameRo,0.020,-0.053,-0.705,0.707
213371762163883,Gyro,0.007,0.000,-0.003,
213371775355533,pre,1005.145,,,
213371777080183,acc,0.447,1.010,9.789,
213371777080183,Lacc,-0.001,0.055,0.036,
213371777080183,GameRo,0.020,-0.053,-0.705,0.707
213371782051293,Gyro,0.014,0.001,-0.002,
213371796948266,acc,0.451,1.012,9.804,
213371796948266,Lacc,0.003,0.053,0.051,
213371796948266,GameRo,0.020,-0.053,-0.705,0.707
213371800366642,pre,1005.191,,,
213371801888859,Gyro,0.017,0.001,-0.001,
213371816810733,acc,0.464,1.021,9.794,
213371816810733,Lacc,0.016,0.059,0.042,
213371816810733,GameRo,0.020,-0.053,-0.705,0.707
213371821776351,Gyro,0.020,-0.001,0.000,
213371825377099,pre,1005.176,,,
213371836672998,acc,0.457,1.030,9.804,
213371836672998,Lacc,0.009,0.063,0.052,
213371836672998,GameRo,0.020,-0.053,-0.705,0.707
213371841633569,Gyro,0.023,-0.002,0.002,
213371850386539,pre,1005.121,,,
213371856535709,acc,0.451,1.026,9.798,
213371856535709,Lacc,0.003,0.055,0.046,
213371856535709,GameRo,0.020,-0.053,-0.705,0.707
213371861521794,Gyro,0.028,-0.004,0.002,
213371876388167,acc,0.455,1.044,9.824,
213371876388167,Lacc,0.005,0.067,0.073,
213371876388167,GameRo,0.021,-0.054,-0.705,0.707
213371875393742,pre,1005.130,,,
213371881318465,Gyro,0.030,-0.013,0.005,
213371896235335,acc,0.451,1.047,9.829,
213371896235335,Lacc,-0.002,0.064,0.079,
213371896235335,GameRo,0.021,-0.054,-0.705,0.707
213371901238631,Gyro,0.021,-0.015,0.006,
213371900402775,pre,1005.164,,,
213371916123030,acc,0.449,1.042,9.836,
213371916123030,Lacc,-0.007,0.057,0.086,
213371916123030,GameRo,0.021,-0.054,-0.705,0.707
213371921089094,Gyro,0.005,-0.011,0.003,
213371925410872,pre,1005.161,,,
213371935985986,acc,0.452,1.041,9.847,
213371935985986,Lacc,-0.006,0.056,0.097,
213371935985986,GameRo,0.020,-0.054,-0.705,0.707
213371940924300,Gyro,-0.010,-0.010,0.001,
213371950419214,pre,1005.161,,,
213371955848209,acc,0.453,1.032,9.880,
213371955848209,Lacc,-0.007,0.051,0.130,
213371955848209,GameRo,0.020,-0.054,-0.705,0.707
213371960798160,Gyro,-0.033,-0.015,-0.001,
213371975685572,acc,0.459,1.043,9.968,
213371975685572,Lacc,-0.005,0.071,0.217,
213371975685572,GameRo,0.020,-0.054,-0.705,0.707
213371975415511,pre,1005.167,,,
213371980636702,Gyro,-0.061,-0.051,0.002,
213371995562036,acc,0.470,1.031,10.027,
213371995562036,Lacc,-0.012,0.072,0.276,
213371995562036,GameRo,0.019,-0.054,-0.705,0.707
213372000513614,Gyro,-0.098,-0.112,0.008,
213372000438785,pre,1005.155,,,
213372015435490,acc,0.508,0.997,9.802,
213372015435490,Lacc,-0.001,0.061,0.050,
213372015435490,GameRo,0.017,-0.054,-0.705,0.707
213372020401025,Gyro,-0.143,-0.091,0.006,
213372025427636,pre,1005.176,,,
213372035265201,acc,0.524,0.986,9.972,
213372035265201,Lacc,-0.002,0.080,0.218,
213372035265201,GameRo,0.015,-0.054,-0.705,0.707
213372040253158,Gyro,-0.161,-0.114,0.009,
213372050433618,pre,1005.234,,,
213372055136743,acc,0.560,0.938,9.745,
213372055136743,Lacc,0.012,0.065,-0.011,
213372055136743,GameRo,0.013,-0.053,-0.705,0.707
213372060126815,Gyro,-0.193,-0.065,0.007,
213372074997867,acc,0.547,0.896,9.802,
213372074997867,Lacc,-0.006,0.064,0.043,
213372074997867,GameRo,0.012,-0.052,-0.705,0.707
213372075452783,pre,1005.213,,,
213372079988428,Gyro,-0.238,-0.008,-0.001,
213372094876611,acc,0.541,0.857,9.843,
213372094876611,Lacc,-0.012,0.075,0.080,
213372094876611,GameRo,0.010,-0.050,-0.705,0.707
213372099850773,Gyro,-0.259,0.003,-0.006,
213372100455794,pre,1005.103,,,
213372114724430,acc,0.582,0.820,9.877,
213372114724430,Lacc,0.030,0.090,0.110,
213372114724430,GameRo,0.008,-0.048,-0.706,0.707
213372119690536,Gyro,-0.282,0.003,-0.000,
213372125465072,pre,1005.054,,,
213372134611027,acc,0.567,0.750,9.768,
213372134611027,Lacc,0.015,0.075,-0.003,
213372134611027,GameRo,0.006,-0.046,-0.706,0.707
213372139575830,Gyro,-0.271,-0.000,0.006,
213372150501204,pre,1005.090,,,
213372154472802,acc,0.563,0.696,9.686,
213372154472802,Lacc,0.011,0.070,-0.089,
213372154472802,GameRo,0.004,-0.045,-0.706,0.707
213372159439274,Gyro,-0.219,-0.003,0.008,
213372174299951,acc,0.557,0.652,9.726,
213372174299951,Lacc,0.005,0.064,-0.051,
213372174299951,GameRo,0.003,-0.043,-0.706,0.707
213372175488265,pre,1005.100,,,
213372179300887,Gyro,-0.178,0.006,0.011,
213372194197859,acc,0.834,0.701,9.780,
213372194197859,Lacc,0.287,0.146,0.001,
213372194197859,GameRo,0.002,-0.042,-0.706,0.707
213372199163151,Gyro,-0.163,0.065,0.095,
213372200524602,pre,1005.084,,,
213372214060124,acc,0.691,0.559,9.679,
213372214060124,Lacc,0.169,0.036,-0.104,
213372214060124,GameRo,0.002,-0.040,-0.705,0.708
213372219000716,Gyro,-0.141,0.271,0.163,
213372225536605,pre,1005.078,,,
213372233922714,acc,0.845,0.600,9.725,
213372233922714,Lacc,0.384,0.103,-0.061,
213372233922714,GameRo,0.003,-0.037,-0.703,0.710
213372238888167,Gyro,-0.095,0.332,0.303,
213372250547754,pre,1005.124,,,
213372253785262,acc,0.387,0.545,9.679,
213372253785262,Lacc,-0.010,0.064,-0.111,
213372253785262,GameRo,0.005,-0.034,-0.701,0.712
213372258751531,Gyro,-0.021,0.364,0.362,
213372273647608,acc,-1.091,0.721,10.169,
213372273647608,Lacc,-1.412,0.237,0.377,
213372273647608,GameRo,0.008,-0.031,-0.698,0.716
213372278603499,Gyro,0.086,0.302,0.688,
213372275534448,pre,1005.167,,,
213372293510685,acc,-0.250,-0.457,10.290,
213372293510685,Lacc,-0.535,-0.959,0.497,
213372293510685,GameRo,0.010,-0.030,-0.692,0.721
213372298475774,Gyro,0.154,0.156,0.720,
213372300570011,pre,1005.151,,,
213372313372583,acc,0.397,-1.018,10.341,
213372313372583,Lacc,0.132,-1.554,0.549,
213372313372583,GameRo,0.012,-0.031,-0.688,0.725
213372318338363,Gyro,0.337,0.124,0.418,
213372325553939,pre,1005.103,,,
213372333235132,acc,-0.092,0.236,10.222,
213372333235132,Lacc,-0.341,-0.382,0.434,
213372333235132,GameRo,0.016,-0.033,-0.685,0.728
213372338200586,Gyro,0.544,0.076,0.438,
213372350588403,pre,1005.118,,,
213372353097681,acc,-0.315,1.313,9.369,
213372353097681,Lacc,-0.558,0.582,-0.411,
213372353097681,GameRo,0.020,-0.037,-0.681,0.731
213372358064193,Gyro,0.533,0.106,0.697,
213372372960026,acc,0.129,1.143,8.566,
213372372960026,Lacc,-0.096,0.330,-1.208,
213372372960026,GameRo,0.024,-0.039,-0.675,0.737
213372377900782,Gyro,0.252,0.229,0.828,
213372375573633,pre,1005.151,,,
213372392822982,acc,0.123,0.600,8.710,
213372392822982,Lacc,-0.063,-0.233,-1.063,
213372392822982,GameRo,0.027,-0.038,-0.669,0.742
213372397788273,Gyro,0.003,0.327,0.812,
213372400607854,pre,1005.197,,,
213372412685042,acc,-0.404,0.627,9.609,
213372412685042,Lacc,-0.532,-0.195,-0.166,
213372412685042,GameRo,0.028,-0.035,-0.663,0.748
213372417650334,Gyro,0.001,0.359,0.830,
213372425620386,pre,1005.240,,,
213372432547591,acc,-0.809,0.635,10.514,
213372432547591,Lacc,-0.891,-0.193,0.740,
213372432547591,GameRo,0.030,-0.033,-0.656,0.753
213372437511662,Gyro,0.092,0.151,0.840,
213372450630884,pre,1005.225,,,
213372452410181,acc,-0.472,0.448,10.376,
213372452410181,Lacc,-0.564,-0.399,0.603,
213372452410181,GameRo,0.031,-0.034,-0.650,0.758
213372457376449,Gyro,0.055,-0.138,0.729,
213372472272486,acc,-0.363,0.962,9.830,
213372472272486,Lacc,-0.509,0.116,0.057,
213372472272486,GameRo,0.029,-0.036,-0.645,0.763
213372477218815,Gyro,-0.129,-0.266,0.725,
213372475614608,pre,1005.167,,,
213372492135076,acc,-0.589,1.247,9.875,
213372492135076,Lacc,-0.803,0.446,0.100,
213372492135076,GameRo,0.026,-0.037,-0.639,0.768
213372497100651,Gyro,-0.294,-0.340,0.725,
213372500652410,pre,1005.148,,,
213372511997543,acc,-0.598,0.960,10.342,
213372511997543,Lacc,-0.904,0.228,0.564,
213372511997543,GameRo,0.020,-0.038,-0.634,0.772
213372516963364,Gyro,-0.366,-0.504,0.648,
213372525662866,pre,1005.179,,,
213372531860010,acc,-0.009,0.825,10.132,
213372531860010,Lacc,-0.428,0.173,0.353,
213372531860010,GameRo,0.014,-0.040,-0.630,0.776
213372536825342,Gyro,-0.397,-0.523,0.586,
213372551696843,acc,0.223,1.026,10.038,
213372551696843,Lacc,-0.301,0.458,0.259,
213372551696843,GameRo,0.007,-0.041,-0.626,0.779
213372550672713,pre,1005.176,,,
213372556687810,Gyro,-0.405,-0.479,0.590,
213372571539250,acc,0.195,1.264,10.316,
213372571539250,Lacc,-0.425,0.781,0.538,
213372571539250,GameRo,0.001,-0.042,-0.621,0.783
213372576549992,Gyro,-0.393,-0.487,0.643,
213372575657780,pre,1005.161,,,
213372591447494,acc,0.349,1.158,10.501,
213372591447494,Lacc,-0.383,0.760,0.726,
213372591447494,GameRo,-0.006,-0.044,-0.616,0.787
213372596388290,Gyro,-0.407,-0.697,0.739,
213372600693506,pre,1005.161,,,
213372611310002,acc,1.041,0.511,9.902,
213372611310002,Lacc,0.151,0.207,0.137,
213372611310002,GameRo,-0.014,-0.048,-0.610,0.791
213372616275619,Gyro,-0.446,-0.835,0.777,
213372625704533,pre,1005.158,,,
213372631172510,acc,1.134,-0.048,9.537,
213372631172510,Lacc,0.074,-0.249,-0.213,
213372631172510,GameRo,-0.023,-0.051,-0.604,0.795
213372636112940,Gyro,-0.423,-0.827,0.728,
213372651010075,acc,1.008,-0.038,9.335,
213372651010075,Lacc,-0.206,-0.148,-0.399,
213372651010075,GameRo,-0.032,-0.055,-0.598,0.799
213372650713974,pre,1005.151,,,
213372656000432,Gyro,-0.353,-0.637,0.717,
213372670897405,acc,1.284,0.035,9.106,
213372670897405,Lacc,-0.016,0.009,-0.617,
213372670897405,GameRo,-0.037,-0.056,-0.592,0.803
213372675858830,Gyro,-0.273,-0.017,0.793,
213372675700017,pre,1005.164,,,
213372690735051,acc,1.414,-0.474,10.894,
213372690735051,Lacc,0.165,-0.449,1.164,
213372690735051,GameRo,-0.037,-0.053,-0.586,0.808
213372695702539,Gyro,0.128,0.382,0.814,
213372700708074,pre,1005.146,,,
213372710622503,acc,1.314,-1.541,11.548,
213372710622503,Lacc,0.132,-1.565,1.809,
213372710622503,GameRo,-0.033,-0.052,-0.580,0.813
213372715588119,Gyro,0.560,0.128,0.689,
213372725723902,pre,1005.112,,,
213372730485010,acc,1.383,-1.644,10.334,
213372730485010,Lacc,0.200,-1.770,0.596,
213372730485010,GameRo,-0.028,-0.055,-0.575,0.816
213372735429917,Gyro,0.492,-0.153,0.368,
213372750347519,acc,1.325,-1.317,9.949,
213372750347519,Lacc,0.079,-1.482,0.220,
213372750347519,GameRo,-0.029,-0.059,-0.573,0.817
213372750731918,pre,1005.143,,,
213372755313298,Gyro,0.380,-0.510,0.035,
213372770210027,acc,0.934,0.007,8.917,
213372770210027,Lacc,-0.423,-0.227,-0.796,
213372770210027,GameRo,-0.029,-0.066,-0.573,0.817
213372775150335,Gyro,0.304,-0.530,-0.058,
213372775747218,pre,1005.185,,,
213372790072535,acc,0.869,1.007,8.358,
213372790072535,Lacc,-0.582,0.720,-1.339,
213372790072535,GameRo,-0.030,-0.071,-0.573,0.816
213372795016138,Gyro,0.218,-0.387,0.072,
213372800751001,pre,1005.185,,,
213372809934921,acc,1.530,0.619,7.533,
213372809934921,Lacc,0.024,0.304,-2.156,
213372809934921,GameRo,-0.030,-0.074,-0.571,0.817
213372814891342,Gyro,0.060,-0.094,0.099,
213372825786117,pre,1005.194,,,
213372829768906,acc,1.912,0.164,7.291,
213372829768906,Lacc,0.415,-0.144,-2.399,
213372829768906,GameRo,-0.030,-0.074,-0.571,0.817
213372834763534,Gyro,-0.154,0.233,-0.062,
213372849659978,acc,1.188,0.723,8.060,
213372849659978,Lacc,-0.238,0.458,-1.642,
213372849659978,GameRo,-0.030,-0.070,-0.572,0.817
213372850768539,pre,1005.219,,,
213372854625554,Gyro,-0.337,0.435,-0.097,
213372869497380,acc,0.429,1.430,9.646,
213372869497380,Lacc,-0.809,1.089,-0.079,
213372869497380,GameRo,-0.021,-0.064,-0.574,0.816
213372874462875,Gyro,-0.447,0.243,0.061,
213372875778834,pre,1005.191,,,
213372889384751,acc,0.396,1.807,10.179,
213372889384751,Lacc,-0.810,1.554,0.447,
213372889384751,GameRo,-0.024,-0.060,-0.573,0.817
213372894350937,Gyro,-0.522,0.032,0.365,
213372900814804,pre,1005.152,,,
213372909222559,acc,1.041,1.127,10.452,
213372909222559,Lacc,-0.174,0.989,0.718,
213372909222559,GameRo,-0.029,-0.057,-0.569,0.820
213372914213485,Gyro,-0.508,-0.072,0.570,
213372925825668,pre,1005.176,,,
213372929098984,acc,1.422,0.080,10.371,
213372929098984,Lacc,0.188,0.049,0.639,
213372929098984,GameRo,-0.033,-0.055,-0.564,0.823
213372934075261,Gyro,-0.446,-0.073,0.553,
213372948999618,acc,1.371,-0.388,10.273,
213372948999618,Lacc,0.130,-0.323,0.542,
213372948999618,GameRo,-0.037,-0.052,-0.560,0.826
213372950859970,pre,1005.222,,,
213372953937933,Gyro,-0.415,0.055,0.467,
213372968834946,acc,1.461,-0.289,10.663,
213372968834946,Lacc,0.247,-0.139,0.929,
213372968834946,GameRo,-0.040,-0.049,-0.557,0.828
213372973800522,Gyro,-0.283,0.238,0.436,
213372975799220,pre,1005.243,,,
213372988706975,acc,1.433,-0.241,10.904,
213372988706975,Lacc,0.279,-0.044,1.164,
213372988706975,GameRo,-0.040,-0.045,-0.554,0.831
213372993663519,Gyro,-0.069,0.321,0.410,
213373000850449,pre,1005.259,,,
213373008542303,acc,1.285,-0.243,10.680,
213373008542303,Lacc,0.192,-0.039,0.933,
213373008542303,GameRo,-0.039,-0.043,-0.551,0.833
213373013500025,Gyro,0.066,0.239,0.353,
213373025863673,pre,1005.265,,,
213373028413559,acc,1.135,-0.191,10.127,
213373028413559,Lacc,0.079,0.002,0.376,
213373028413559,GameRo,-0.037,-0.042,-0.548,0.835
213373033388006,Gyro,0.087,0.086,0.287,
213373048252996,acc,1.467,0.146,10.339,
213373048252996,Lacc,0.414,0.323,0.588,
213373048252996,GameRo,-0.036,-0.042,-0.545,0.836
213373050874823,pre,1005.252,,,
213373053250554,Gyro,0.180,-0.027,0.335,
213373068147405,acc,1.659,-0.047,9.921,
213373068147405,Lacc,0.599,0.093,0.169,
213373068147405,GameRo,-0.035,-0.043,-0.542,0.838
213373073088079,Gyro,0.285,-0.027,0.344,
213373075861109,pre,1005.249,,,
213373088010280,acc,1.869,-0.371,9.140,
213373088010280,Lacc,0.808,-0.280,-0.612,
213373088010280,GameRo,-0.032,-0.045,-0.540,0.840
213373092975408,Gyro,0.219,0.043,0.299,
213373100897405,pre,1005.259,,,
213373107871973,acc,1.372,0.163,9.050,
213373107871973,Lacc,0.325,0.230,-0.704,
213373107871973,GameRo,-0.031,-0.045,-0.537,0.842
213373112837835,Gyro,0.042,0.062,0.348,
213373125904770,pre,1005.231,,,
213373127734930,acc,1.136,0.839,9.720,
213373127734930,Lacc,0.097,0.911,-0.034,
213373127734930,GameRo,-0.031,-0.045,-0.534,0.844
213373132700546,Gyro,-0.022,0.002,0.522,
213373147596909,acc,1.897,-0.152,9.842,
213373147596909,Lacc,0.855,-0.064,0.088,
213373147596909,GameRo,-0.031,-0.045,-0.529,0.847
213373150913478,pre,1005.179,,,
213373152563136,Gyro,0.002,-0.004,0.541,
213373167459742,acc,2.340,-0.899,9.922,
213373167459742,Lacc,1.281,-0.794,0.170,
213373167459742,GameRo,-0.032,-0.045,-0.525,0.850
213373172425277,Gyro,0.084,0.034,0.375,
213373175898097,pre,1005.173,,,
213373187322821,acc,2.274,-0.650,9.910,
213373187322821,Lacc,1.216,-0.556,0.157,
213373187322821,GameRo,-0.032,-0.045,-0.522,0.851
213373192288112,Gyro,0.143,0.072,0.230,
213373200932968,pre,1005.210,,,
213373207184840,acc,2.041,-0.312,9.770,
213373207184840,Lacc,0.995,-0.245,0.016,
213373207184840,GameRo,-0.030,-0.046,-0.520,0.852
213373212130886,Gyro,0.173,0.076,0.152,
213373227022121,acc,1.945,-0.037,9.657,
213373227022121,Lacc,0.906,-0.001,-0.098,
213373227022121,GameRo,-0.028,-0.046,-0.519,0.853
213373225942531,pre,1005.234,,,
213373232012843,Gyro,0.133,0.033,0.145,
213373246909775,acc,1.930,0.085,9.457,
213373246909775,Lacc,0.890,0.107,-0.297,
213373246909775,GameRo,-0.028,-0.047,-0.518,0.854
213373251870143,Gyro,0.015,-0.017,0.177,
213373250953395,pre,1005.231,,,
213373266772161,acc,1.980,-0.298,9.520,
213373266772161,Lacc,0.927,-0.266,-0.233,
213373266772161,GameRo,-0.028,-0.047,-0.516,0.855
213373271737900,Gyro,-0.006,-0.019,0.140,
213373275939276,pre,1005.219,,,
213373286634710,acc,1.997,-0.525,9.562,
213373286634710,Lacc,0.926,-0.487,-0.189,
213373286634710,GameRo,-0.029,-0.047,-0.515,0.855
213373291600002,Gyro,0.078,0.028,0.041,
213373300975368,pre,1005.219,,,
213373306497015,acc,1.703,-0.237,9.437,
213373306497015,Lacc,0.642,-0.217,-0.316,
213373306497015,GameRo,-0.028,-0.047,-0.515,0.855
213373311462835,Gyro,0.060,0.070,-0.001,
213373326351710,acc,1.304,0.083,9.629,
213373326351710,Lacc,0.257,0.099,-0.125,
213373326351710,GameRo,-0.028,-0.047,-0.515,0.855
213373325971013,pre,1005.210,,,
213373331300604,Gyro,-0.042,0.038,0.031,
213373346222479,acc,1.189,0.152,9.765,
213373346222479,Lacc,0.144,0.185,0.011,
213373346222479,GameRo,-0.028,-0.046,-0.515,0.856
213373351181056,Gyro,-0.113,-0.009,0.080,
213373350994370,pre,1005.188,,,
213373366084499,acc,1.346,-0.084,9.742,
213373366084499,Lacc,0.299,-0.025,-0.012,
213373366084499,GameRo,-0.029,-0.046,-0.514,0.856
213373371049912,Gyro,-0.099,-0.001,0.081,
213373375995224,pre,1005.158,,,
213373385947129,acc,1.379,-0.458,9.829,
213373385947129,Lacc,0.334,-0.385,0.075,
213373385947129,GameRo,-0.030,-0.046,-0.514,0.856
213373390912867,Gyro,-0.001,0.021,-0.001,
213373401014267,pre,1005.143,,,
213373405810573,acc,1.220,-0.251,9.973,
213373405810573,Lacc,0.178,-0.184,0.218,
213373405810573,GameRo,-0.030,-0.046,-0.514,0.856
213373410750107,Gyro,0.011,-0.010,-0.046,
213373425671901,acc,1.160,0.001,9.943,
213373425671901,Lacc,0.111,0.071,0.189,
213373425671901,GameRo,-0.030,-0.046,-0.514,0.856
213373426013616,pre,1005.152,,,
213373430593085,Gyro,-0.068,-0.047,-0.012,
213373445534572,acc,1.228,-0.006,9.899,
213373445534572,Lacc,0.168,0.082,0.147,
213373445534572,GameRo,-0.031,-0.046,-0.514,0.856
213373450500270,Gyro,-0.097,-0.065,0.027,
213373451014674,pre,1005.167,,,
213373465396998,acc,1.304,-0.120,9.758,
213373465396998,Lacc,0.232,-0.014,0.007,
213373465396998,GameRo,-0.032,-0.046,-0.514,0.856
213373470362657,Gyro,-0.073,-0.050,0.039,
213373476029242,pre,1005.140,,,
213373485259548,acc,1.345,-0.280,9.756,
213373485259548,Lacc,0.265,-0.162,0.007,
213373485259548,GameRo,-0.033,-0.046,-0.514,0.856
213373490224879,Gyro,-0.036,-0.023,0.017,
213373501047186,pre,1005.115,,,
213373505122177,acc,1.329,-0.311,9.808,
213373505122177,Lacc,0.247,-0.189,0.059,
213373505122177,GameRo,-0.033,-0.046,-0.514,0.856
213373510062730,Gyro,0.001,-0.007,-0.019,
213373524984361,acc,1.200,-0.077,9.810,
213373524984361,Lacc,0.115,0.045,0.061,
213373524984361,GameRo,-0.033,-0.046,-0.514,0.856
213373526031317,pre,1005.124,,,
213373529951238,Gyro,-0.054,-0.038,-0.003,
213373544847316,acc,1.211,0.004,9.782,
213373544847316,Lacc,0.116,0.144,0.034,
213373544847316,GameRo,-0.034,-0.046,-0.514,0.856
213373549813747,Gyro,-0.126,-0.056,0.048,
213373551065456,pre,1005.140,,,
213373564709458,acc,1.283,-0.226,9.969,
213373564709458,Lacc,0.177,-0.058,0.223,
213373564709458,GameRo,-0.036,-0.046,-0.513,0.856
213373569638901,Gyro,-0.091,-0.060,0.062,
213373576048244,pre,1005.136,,,
213373584572008,acc,1.309,-0.449,9.933,
213373584572008,Lacc,0.192,-0.270,0.188,
213373584572008,GameRo,-0.036,-0.046,-0.513,0.857
213373589538112,Gyro,-0.017,-0.046,0.023,
213373601083603,pre,1005.143,,,
213373604434597,acc,1.234,-0.376,9.723,
213373604434597,Lacc,0.110,-0.196,-0.021,
213373604434597,GameRo,-0.037,-0.046,-0.513,0.857
213373609375392,Gyro,-0.015,-0.018,-0.006,
213373624296698,acc,1.037,-0.173,9.633,
213373624296698,Lacc,-0.088,0.013,-0.110,
213373624296698,GameRo,-0.037,-0.046,-0.513,0.856
213373626069891,pre,1005.152,,,
213373629262600,Gyro,-0.064,-0.004,0.011,
213373644159369,acc,1.082,-0.156,9.837,
213373644159369,Lacc,-0.044,0.047,0.094,
213373644159369,GameRo,-0.038,-0.046,-0.513,0.857
213373649126654,Gyro,-0.104,-0.018,0.049,
213373651105251,pre,1005.130,,,
213373664019721,acc,1.218,-0.307,9.935,
213373664019721,Lacc,0.088,-0.081,0.193,
213373664019721,GameRo,-0.039,-0.045,-0.512,0.857
213373668988023,Gyro,-0.100,-0.020,0.057,
213373676076117,pre,1005.124,,,
213373683884263,acc,1.213,-0.510,10.017,
213373683884263,Lacc,0.079,-0.266,0.276,
213373683884263,GameRo,-0.040,-0.045,-0.512,0.857
213373688850613,Gyro,-0.058,-0.010,0.028,
213373701124904,pre,1005.143,,,
213373703747016,acc,1.154,-0.385,10.044,
213373703747016,Lacc,0.019,-0.134,0.303,
213373703747016,GameRo,-0.040,-0.045,-0.512,0.857
213373708694362,Gyro,-0.023,-0.014,0.009,
213373723609238,acc,1.127,-0.227,9.888,
213373723609238,Lacc,-0.011,0.029,0.147,
213373723609238,GameRo,-0.040,-0.045,-0.512,0.857
213373726133205,pre,1005.136,,,
213373728574978,Gyro,-0.033,-0.014,0.026,
213373743446275,acc,1.196,-0.266,9.902,
213373743446275,Lacc,0.055,-0.002,0.162,
213373743446275,GameRo,-0.041,-0.045,-0.511,0.857
213373748437201,Gyro,-0.051,-0.025,0.042,
213373751116970,pre,1005.112,,,
213373763307277,acc,1.259,-0.386,9.881,
213373763307277,Lacc,0.113,-0.110,0.142,
213373763307277,GameRo,-0.041,-0.045,-0.511,0.857
213373768299506,Gyro,-0.052,-0.026,0.036,
213373776123887,pre,1005.109,,,
213373783196845,acc,1.246,-0.419,9.869,
213373783196845,Lacc,0.095,-0.133,0.131,
213373783196845,GameRo,-0.042,-0.045,-0.511,0.858
213373788163194,Gyro,-0.041,-0.021,0.019,
213373801155585,pre,1005.121,,,
213373803028957,acc,1.188,-0.291,9.847,
213373803028957,Lacc,0.033,0.002,0.109,
213373803028957,GameRo,-0.042,-0.045,-0.511,0.858
213373808001207,Gyro,-0.033,-0.023,0.019,
213373822921576,acc,1.235,-0.337,9.735,
213373822921576,Lacc,0.077,-0.038,-0.002,
213373822921576,GameRo,-0.043,-0.045,-0.510,0.858
213373826163479,pre,1005.130,,,
213373827887315,Gyro,-0.022,0.001,0.022,
213373842758816,acc,1.275,-0.439,9.809,
213373842758816,Lacc,0.119,-0.136,0.072,
213373842758816,GameRo,-0.043,-0.044,-0.510,0.858
213373847749660,Gyro,-0.004,0.018,0.006,
213373851171251,pre,1005.143,,,
213373862621486,acc,1.296,-0.446,9.930,
213373862621486,Lacc,0.144,-0.143,0.193,
213373862621486,GameRo,-0.043,-0.044,-0.510,0.858
213373867612331,Gyro,0.001,0.001,-0.012,
213373876148504,pre,1005.149,,,
213373882485826,acc,1.246,-0.433,9.814,
213373882485826,Lacc,0.092,-0.130,0.077,
213373882485826,GameRo,-0.043,-0.044,-0.510,0.858
213373887474351,Gyro,-0.005,-0.008,-0.027,
213373902346584,acc,1.228,-0.410,9.809,
213373902346584,Lacc,0.073,-0.108,0.072,
213373902346584,GameRo,-0.043,-0.044,-0.511,0.858
213373901189927,pre,1005.140,,,
213373907337023,Gyro,0.006,0.007,-0.038,
213373922234605,acc,1.194,-0.351,9.782,
213373922234605,Lacc,0.041,-0.051,0.045,
213373922234605,GameRo,-0.043,-0.044,-0.511,0.857
213373927175238,Gyro,-0.003,0.018,-0.033,
213373926199489,pre,1005.130,,,
213373942071804,acc,1.187,-0.351,9.805,
213373942071804,Lacc,0.038,-0.050,0.067,
213373942071804,GameRo,-0.043,-0.044,-0.511,0.857
213373947062202,Gyro,-0.014,0.019,-0.023,
213373951206854,pre,1005.136,,,
213373961958889,acc,1.245,-0.384,9.800,
213373961958889,Lacc,0.100,-0.080,0.062,
213373961958889,GameRo,-0.043,-0.044,-0.511,0.857
213373966924546,Gyro,-0.001,0.027,-0.019,
213373976198228,pre,1005.152,,,
213373981821682,acc,1.222,-0.413,9.852,
213373981821682,Lacc,0.081,-0.112,0.113,
213373981821682,GameRo,-0.042,-0.044,-0.512,0.857
213373986786974,Gyro,0.018,0.011,-0.024,
213374001658393,acc,1.161,-0.351,9.883,
213374001658393,Lacc,0.019,-0.054,0.145,
213374001658393,GameRo,-0.042,-0.044,-0.512,0.857
213374001234524,pre,1005.167,,,
213374006649685,Gyro,0.002,-0.031,-0.022,
213374021547227,acc,1.178,-0.325,9.940,
213374021547227,Lacc,0.027,-0.025,0.202,
213374021547227,GameRo,-0.043,-0.044,-0.512,0.857
213374026470120,Gyro,-0.029,-0.064,-0.010,
213374026246609,pre,1005.179,,,
213374041405626,acc,1.205,-0.339,9.987,
213374041405626,Lacc,0.040,-0.033,0.251,
213374041405626,GameRo,-0.043,-0.045,-0.512,0.857
213374046374579,Gyro,-0.028,-0.074,-0.002,
213374051255927,pre,1005.179,,,
213374061271756,acc,1.253,-0.349,9.969,
213374061271756,Lacc,0.074,-0.039,0.236,
213374061271756,GameRo,-0.044,-0.045,-0.512,0.857
213374066236965,Gyro,-0.007,-0.072,0.004,
213374076248644,pre,1005.182,,,
213374081134060,acc,1.247,-0.348,9.874,
213374081134060,Lacc,0.055,-0.038,0.141,
213374081134060,GameRo,-0.044,-0.046,-0.512,0.857
213374086096747,Gyro,0.011,-0.054,0.008,
213374100996162,acc,1.233,-0.342,9.827,
213374100996162,Lacc,0.032,-0.035,0.096,
213374100996162,GameRo,-0.044,-0.046,-0.512,0.857
213374101289049,pre,1005.167,,,
213374105961819,Gyro,0.016,-0.037,0.019,
213374120859239,acc,1.240,-0.403,9.710,
213374120859239,Lacc,0.033,-0.098,-0.021,
213374120859239,GameRo,-0.044,-0.047,-0.512,0.857
213374125824246,Gyro,0.013,-0.020,0.019,
213374126285997,pre,1005.133,,,
213374140721097,acc,1.226,-0.432,9.676,
213374140721097,Lacc,0.017,-0.130,-0.054,
213374140721097,GameRo,-0.044,-0.047,-0.511,0.857
213374145661811,Gyro,0.016,-0.009,0.010,
213374151272732,pre,1005.121,,,
213374160584092,acc,1.211,-0.384,9.640,
213374160584092,Lacc,0.001,-0.085,-0.090,
213374160584092,GameRo,-0.044,-0.047,-0.511,0.857
213374165549222,Gyro,0.006,0.003,0.007,
213374176283962,pre,1005.146,,,
213374180446235,acc,1.232,-0.376,9.660,
213374180446235,Lacc,0.024,-0.076,-0.071,
213374180446235,GameRo,-0.044,-0.047,-0.511,0.857
213374185411811,Gyro,-0.006,0.003,0.011,
213374200308580,acc,1.237,-0.443,9.715,
213374200308580,Lacc,0.029,-0.141,-0.016,
213374200308580,GameRo,-0.044,-0.047,-0.511,0.857
213374201297919,pre,1005.170,,,
213374205274197,Gyro,-0.013,-0.002,0.010,
213374220171699,acc,1.253,-0.461,9.789,
213374220171699,Lacc,0.044,-0.156,0.058,
213374220171699,GameRo,-0.044,-0.047,-0.511,0.857
213374225137030,Gyro,-0.003,-0.008,0.005,
213374226332343,pre,1005.176,,,
213374240033474,acc,1.209,-0.449,9.740,
213374240033474,Lacc,-0.001,-0.145,0.010,
213374240033474,GameRo,-0.044,-0.047,-0.511,0.857
213374244999254,Gyro,0.010,-0.003,0.010,
213374251344387,pre,1005.188,,,
213374259896471,acc,1.216,-0.476,9.687,
213374259896471,Lacc,0.005,-0.173,-0.044,
213374259896471,GameRo,-0.044,-0.047,-0.511,0.857
213374264861599,Gyro,0.005,0.010,0.017,
213374279733263,acc,1.232,-0.480,9.710,
213374279733263,Lacc,0.026,-0.177,-0.021,
213374279733263,GameRo,-0.044,-0.047,-0.511,0.857
213374276330512,pre,1005.188,,,
213374284724230,Gyro,-0.010,0.030,0.029,
213374299621039,acc,1.239,-0.519,9.882,
213374299621039,Lacc,0.038,-0.211,0.151,
213374299621039,GameRo,-0.044,-0.046,-0.511,0.857
213374301337389,pre,1005.173,,,
213374304586697,Gyro,-0.016,0.002,0.024,
213374319483833,acc,1.226,-0.549,9.925,
213374319483833,Lacc,0.022,-0.237,0.194,
213374319483833,GameRo,-0.044,-0.046,-0.510,0.858
213374324448920,Gyro,-0.033,-0.040,0.010,
213374326371365,pre,1005.158,,,
213374339326199,acc,1.251,-0.482,9.907,
213374339326199,Lacc,0.036,-0.162,0.178,
213374339326199,GameRo,-0.045,-0.047,-0.510,0.858
213374344289619,Gyro,-0.033,-0.058,0.008,
213374351377225,pre,1005.158,,,
213374359208605,acc,1.282,-0.449,9.761,
213374359208605,Lacc,0.057,-0.124,0.034,
213374359208605,GameRo,-0.045,-0.047,-0.510,0.858
213374364149034,Gyro,-0.009,-0.034,0.012,
213374376363675,pre,1005.155,,,
213374379070950,acc,1.254,-0.414,9.574,
213374379070950,Lacc,0.026,-0.087,-0.154,
213374379070950,GameRo,-0.046,-0.047,-0.510,0.858
213374384060086,Gyro,-0.020,-0.007,0.014,
213374398933214,acc,1.249,-0.392,9.670,
213374398933214,Lacc,0.020,-0.060,-0.057,
213374398933214,GameRo,-0.046,-0.047,-0.510,0.858
213374401401720,pre,1005.127,,,
213374403899034,Gyro,-0.033,0.001,0.011,
213374418795600,acc,1.278,-0.415,9.820,
213374418795600,Lacc,0.050,-0.076,0.093,
213374418795600,GameRo,-0.046,-0.047,-0.510,0.858
213374423761584,Gyro,-0.029,-0.010,0.000,
213374426409491,pre,1005.127,,,
213374438658109,acc,1.269,-0.369,9.899,
213374438658109,Lacc,0.036,-0.025,0.173,
213374438658109,GameRo,-0.047,-0.047,-0.510,0.858
213374443614855,Gyro,-0.030,-0.043,0.002,
213374451418728,pre,1005.179,,,
213374458521471,acc,1.317,-0.324,9.751,
213374458521471,Lacc,0.075,0.026,0.026,
213374458521471,GameRo,-0.047,-0.047,-0.510,0.858
213374463449084,Gyro,-0.024,-0.029,0.024,
213374478358426,acc,1.325,-0.412,9.762,
213374478358426,Lacc,0.079,-0.057,0.038,
213374478358426,GameRo,-0.047,-0.047,-0.510,0.858
213374476403714,pre,1005.213,,,
213374483324002,Gyro,-0.015,-0.014,0.028,
213374498254259,acc,1.315,-0.406,9.820,
213374498254259,Lacc,0.068,-0.049,0.097,
213374498254259,GameRo,-0.047,-0.047,-0.509,0.858
213374501437243,pre,1005.179,,,
213374503211331,Gyro,-0.005,-0.009,0.028,
213374518108019,acc,1.323,-0.425,9.903,
213374518108019,Lacc,0.072,-0.066,0.180,
213374518108019,GameRo,-0.048,-0.047,-0.509,0.858
213374523073920,Gyro,-0.016,-0.026,0.026,
213374526443834,pre,1005.143,,,
213374537970528,acc,1.336,-0.457,9.944,
213374537970528,Lacc,0.080,-0.093,0.221,
213374537970528,GameRo,-0.048,-0.047,-0.509,0.858
213374542912015,Gyro,-0.022,-0.038,0.017,
213374551451566,pre,1005.176,,,
213374557833483,acc,1.362,-0.437,10.031,
213374557833483,Lacc,0.098,-0.069,0.310,
213374557833483,GameRo,-0.048,-0.048,-0.509,0.858
213374562773425,Gyro,-0.012,-0.048,0.016,
213374577670764,acc,1.430,-0.444,9.934,
213374577670764,Lacc,0.156,-0.074,0.214,
213374577670764,GameRo,-0.049,-0.048,-0.509,0.858
213374576438667,pre,1005.219,,,
213374582664700,Gyro,-0.004,-0.045,0.012,
213374597532783,acc,1.440,-0.438,9.822,
213374597532783,Lacc,0.159,-0.068,0.103,
213374597532783,GameRo,-0.049,-0.048,-0.509,0.858
213374602503731,Gyro,0.015,-0.024,0.010,
213374601468371,pre,1005.204,,,
213374617420397,acc,1.425,-0.422,9.763,
213374617420397,Lacc,0.142,-0.057,0.044,
213374617420397,GameRo,-0.049,-0.048,-0.508,0.858
213374622386868,Gyro,0.039,0.007,0.007,
213374626478951,pre,1005.182,,,
213374637290026,acc,1.367,-0.406,9.787,
213374637290026,Lacc,0.086,-0.049,0.068,
213374637290026,GameRo,-0.048,-0.049,-0.508,0.858
213374642223457,Gyro,0.027,-0.001,0.007,
213374651486275,pre,1005.185,,,
213374657145332,acc,1.361,-0.431,9.760,
213374657145332,Lacc,0.078,-0.076,0.041,
213374657145332,GameRo,-0.048,-0.049,-0.508,0.858
213374662111315,Gyro,-0.002,-0.024,0.006,
213374676985420,acc,1.392,-0.426,9.747,
213374676985420,Lacc,0.103,-0.070,0.029,
213374676985420,GameRo,-0.048,-0.049,-0.508,0.858
213374676494900,pre,1005.173,,,
213374681973417,Gyro,0.002,-0.021,0.006,
213374696862170,acc,1.426,-0.416,9.761,
213374696862170,Lacc,0.135,-0.061,0.042,
213374696862170,GameRo,-0.048,-0.049,-0.508,0.858
213374701811022,Gyro,0.024,0.007,0.005,
213374701502957,pre,1005.149,,,
213374716732856,acc,1.400,-0.424,9.793,
213374716732856,Lacc,0.112,-0.074,0.074,
213374716732856,GameRo,-0.048,-0.049,-0.508,0.859
213374721699287,Gyro,0.021,0.010,0.007,
213374726509020,pre,1005.143,,,
213374736595487,acc,1.417,-0.496,9.871,
213374736595487,Lacc,0.129,-0.149,0.152,
213374736595487,GameRo,-0.048,-0.049,-0.508,0.859
213374741560859,Gyro,0.014,-0.006,-0.004,
213374751509590,pre,1005.164,,,
213374756457873,acc,1.385,-0.454,9.874,
213374756457873,Lacc,0.095,-0.110,0.155,
213374756457873,GameRo,-0.048,-0.049,-0.508,0.859
213374761423205,Gyro,0.019,-0.015,-0.009,
213374776305732,acc,1.355,-0.414,9.773,
213374776305732,Lacc,0.062,-0.075,0.055,
213374776305732,GameRo,-0.048,-0.050,-0.508,0.858
213374776496935,pre,1005.173,,,
213374781285916,Gyro,0.021,-0.024,-0.002,
213374796182890,acc,1.415,-0.454,9.685,
213374796182890,Lacc,0.117,-0.118,-0.032,
213374796182890,GameRo,-0.048,-0.050,-0.508,0.858
213374801148180,Gyro,0.017,-0.031,-0.003,
213374801505480,pre,1005.176,,,
213374816045234,acc,1.413,-0.439,9.689,
213374816045234,Lacc,0.107,-0.107,-0.028,
213374816045234,GameRo,-0.048,-0.050,-0.508,0.858
213374821011462,Gyro,0.012,-0.044,-0.006,
213374826515734,pre,1005.182,,,
213374835907865,acc,1.382,-0.413,9.721,
213374835907865,Lacc,0.067,-0.082,0.005,
213374835907865,GameRo,-0.048,-0.051,-0.508,0.858
213374840848539,Gyro,0.009,-0.045,-0.009,
213374851523995,pre,1005.170,,,
213374855744575,acc,1.402,-0.430,9.776,
213374855744575,Lacc,0.078,-0.101,0.061,
213374855744575,GameRo,-0.048,-0.051,-0.508,0.858
213374860710518,Gyro,0.007,-0.037,-0.012,
213374875629992,acc,1.394,-0.422,9.784,
213374875629992,Lacc,0.065,-0.095,0.070,
213374875629992,GameRo,-0.048,-0.052,-0.508,0.858
213374880579780,Gyro,0.003,-0.022,-0.006,
213374876532336,pre,1005.140,,,
213374895478950,acc,1.419,-0.419,9.743,
213374895478950,Lacc,0.086,-0.092,0.029,
213374895478950,GameRo,-0.048,-0.052,-0.508,0.858
213374900444690,Gyro,0.016,0.002,-0.002,
213374901552966,pre,1005.149,,,
213374915357328,acc,1.385,-0.459,9.673,
213374915357328,Lacc,0.054,-0.138,-0.041,
213374915357328,GameRo,-0.048,-0.052,-0.508,0.858
213374920323595,Gyro,0.033,0.012,-0.013,
213374926576607,pre,1005.188,,,
213374935219876,acc,1.345,-0.376,9.609,
213374935219876,Lacc,0.016,-0.061,-0.105,
213374935219876,GameRo,-0.048,-0.052,-0.509,0.858
213374940185616,Gyro,0.018,0.000,-0.018,
213374951585965,pre,1005.201,,,
213374955082629,acc,1.363,-0.365,9.661,
213374955082629,Lacc,0.034,-0.052,-0.054,
213374955082629,GameRo,-0.048,-0.052,-0.509,0.858
213374960048815,Gyro,0.002,-0.015,-0.014,
213374974945016,acc,1.382,-0.368,9.807,
213374974945016,Lacc,0.048,-0.054,0.093,
213374974945016,GameRo,-0.048,-0.052,-0.509,0.858
213374979899646,Gyro,-0.012,-0.033,-0.016,
213374976569974,pre,1005.188,,,
213374994807564,acc,1.394,-0.346,9.760,
213374994807564,Lacc,0.053,-0.030,0.047,
213374994807564,GameRo,-0.048,-0.052,-0.509,0.858
213374999773099,Gyro,-0.014,-0.019,-0.009,
213375001605781,pre,1005.170,,,
213375014669625,acc,1.388,-0.319,9.739,
213375014669625,Lacc,0.046,-0.001,0.026,
213375014669625,GameRo,-0.048,-0.052,-0.509,0.858
213375019635852,Gyro,-0.004,0.012,0.008,
213375026616198,pre,1005.182,,,
213375034532214,acc,1.408,-0.424,9.854,
213375034532214,Lacc,0.070,-0.105,0.141,
213375034532214,GameRo,-0.048,-0.052,-0.509,0.858
213375039498035,Gyro,-0.001,0.009,0.011,
213375051624214,pre,1005.198,,,
213375054394967,acc,1.420,-0.437,10.003,
213375054394967,Lacc,0.081,-0.118,0.290,
213375054394967,GameRo,-0.048,-0.052,-0.509,0.858
213375059361234,Gyro,0.005,-0.013,0.009,
213375074257149,acc,1.314,-0.397,9.909,
213375074257149,Lacc,-0.028,-0.080,0.196,
213375074257149,GameRo,-0.048,-0.052,-0.509,0.858
213375079202869,Gyro,0.017,-0.031,0.010,
213375076586332,pre,1005.207,,,
213375094119617,acc,1.302,-0.363,9.842,
213375094119617,Lacc,-0.047,-0.050,0.130,
213375094119617,GameRo,-0.048,-0.053,-0.509,0.858
213375099052315,Gyro,0.018,-0.046,0.016,
213375101641915,pre,1005.191,,,
213375113982084,acc,1.302,-0.336,9.733,
213375113982084,Lacc,-0.057,-0.024,0.023,
213375113982084,GameRo,-0.048,-0.053,-0.508,0.858
213375118909656,Gyro,-0.000,-0.059,0.026,
213375126652901,pre,1005.173,,,
213375133844592,acc,1.369,-0.391,9.728,
213375133844592,Lacc,-0.002,-0.077,0.019,
213375133844592,GameRo,-0.049,-0.054,-0.508,0.858
213375138810331,Gyro,0.003,-0.052,0.030,
213375151664050,pre,1005.179,,,
213375153707344,acc,1.388,-0.406,9.762,
213375153707344,Lacc,0.008,-0.093,0.054,
213375153707344,GameRo,-0.049,-0.054,-0.508,0.858
213375158673490,Gyro,0.016,-0.035,0.030,
213375173569486,acc,1.361,-0.401,9.806,
213375173569486,Lacc,-0.024,-0.090,0.099,
213375173569486,GameRo,-0.049,-0.054,-0.508,0.859
213375178510201,Gyro,0.013,-0.026,0.026,
213375176653471,pre,1005.210,,,
213375193432116,acc,1.313,-0.319,9.860,
213375193432116,Lacc,-0.077,-0.010,0.154,
213375193432116,GameRo,-0.049,-0.055,-0.507,0.859
213375198372872,Gyro,0.013,-0.034,0.033,
213375201685615,pre,1005.198,,,
213375213294299,acc,1.400,-0.416,9.843,
213375213294299,Lacc,0.003,-0.109,0.138,
213375213294299,GameRo,-0.049,-0.055,-0.507,0.859
213375218260119,Gyro,0.020,-0.026,0.037,
213375226686796,pre,1005.158,,,
213375233157093,acc,1.459,-0.503,9.805,
213375233157093,Lacc,0.061,-0.200,0.100,
213375233157093,GameRo,-0.049,-0.055,-0.507,0.859
213375238116850,Gyro,0.035,0.015,0.031,
213375251707507,pre,1005.149,,,
213375252994291,acc,1.395,-0.422,9.839,
213375252994291,Lacc,0.003,-0.126,0.133,
213375252994291,GameRo,-0.048,-0.055,-0.506,0.859
213375257985584,Gyro,0.051,0.056,0.036,
213375272881946,acc,1.379,-0.399,9.929,
213375272881946,Lacc,-0.000,-0.113,0.220,
213375272881946,GameRo,-0.048,-0.055,-0.506,0.859
213375277822131,Gyro,0.068,0.053,0.035,
213375276701770,pre,1005.167,,,
213375292744454,acc,1.391,-0.435,9.912,
213375292744454,Lacc,0.021,-0.162,0.202,
213375292744454,GameRo,-0.047,-0.055,-0.506,0.860
213375297710315,Gyro,0.071,0.031,0.029,
213375301725696,pre,1005.167,,,
213375312606962,acc,1.402,-0.441,9.947,
213375312606962,Lacc,0.035,-0.180,0.236,
213375312606962,GameRo,-0.046,-0.055,-0.505,0.860
213375317572213,Gyro,0.053,-0.015,0.025,
213375326734688,pre,1005.158,,,
213375332469551,acc,1.425,-0.466,9.938,
213375332469551,Lacc,0.052,-0.213,0.228,
213375332469551,GameRo,-0.046,-0.056,-0.505,0.860
213375337409615,Gyro,0.053,-0.036,0.009,
213375352311105,acc,1.468,-0.425,9.854,
213375352311105,Lacc,0.089,-0.184,0.145,
213375352311105,GameRo,-0.046,-0.056,-0.505,0.860
213375351722156,pre,1005.146,,,
213375357297514,Gyro,0.073,-0.004,-0.006,
213375372194364,acc,1.525,-0.377,9.900,
213375372194364,Lacc,0.149,-0.153,0.190,
213375372194364,GameRo,-0.045,-0.056,-0.505,0.860
213375377134632,Gyro,0.118,0.032,-0.021,
213375376730782,pre,1005.127,,,
213375392056832,acc,1.522,-0.275,9.982,
213375392056832,Lacc,0.154,-0.078,0.269,
213375392056832,GameRo,-0.043,-0.057,-0.505,0.860
213375396994332,Gyro,0.142,0.041,-0.014,
213375401766264,pre,1005.127,,,
213375411919991,acc,1.623,-0.280,10.035,
213375411919991,Lacc,0.265,-0.111,0.321,
213375411919991,GameRo,-0.042,-0.057,-0.505,0.860
213375416884794,Gyro,0.140,0.074,0.009,
213375426739897,pre,1005.179,,,
213375431781808,acc,1.770,-0.503,10.173,
213375431781808,Lacc,0.428,-0.363,0.456,
213375431781808,GameRo,-0.040,-0.057,-0.505,0.860
213375436747424,Gyro,0.203,0.101,-0.026,
213375451644194,acc,1.777,-0.607,10.026,
213375451644194,Lacc,0.456,-0.514,0.306,
213375451644194,GameRo,-0.038,-0.057,-0.506,0.860
213375451764108,pre,1005.252,,,
213375456609973,Gyro,0.256,0.122,-0.110,
213375471506702,acc,1.655,-0.326,9.844,
213375471506702,Lacc,0.359,-0.286,0.120,
213375471506702,GameRo,-0.035,-0.058,-0.507,0.859
213375476472156,Gyro,0.236,0.146,-0.149,
213375476765694,pre,1005.240,,,
213375491369088,acc,1.594,-0.226,10.016,
213375491369088,Lacc,0.327,-0.234,0.288,
213375491369088,GameRo,-0.032,-0.057,-0.508,0.859
213375496334868,Gyro,0.213,0.137,-0.157,
213375501786080,pre,1005.188,,,
213375511232166,acc,1.739,-0.509,10.568,
213375511232166,Lacc,0.492,-0.561,0.837,
213375511232166,GameRo,-0.030,-0.058,-0.509,0.858
213375516197295,Gyro,0.224,0.043,-0.213,
213375526797148,pre,1005.173,,,
213375531094186,acc,1.694,-0.383,10.261,
213375531094186,Lacc,0.452,-0.489,0.530,
213375531094186,GameRo,-0.027,-0.059,-0.511,0.857
213375536059762,Gyro,0.288,0.011,-0.278,
213375550956531,acc,1.425,-0.042,9.892,
213375550956531,Lacc,0.185,-0.214,0.162,
213375550956531,GameRo,-0.024,-0.060,-0.514,0.856
213375551806995,pre,1005.179,,,
213375555922148,Gyro,0.321,0.010,-0.277,
213375570819039,acc,1.469,0.074,9.635,
213375570819039,Lacc,0.233,-0.168,-0.094,
213375570819039,GameRo,-0.021,-0.062,-0.516,0.854
213375575784656,Gyro,0.332,0.049,-0.284,
213375576862578,pre,1005.164,,,
213375590681466,acc,1.528,0.158,9.693,
213375590681466,Lacc,0.309,-0.157,-0.035,
213375590681466,GameRo,-0.018,-0.063,-0.518,0.853
213375595647205,Gyro,0.386,0.119,-0.309,
213375601856271,pre,1005.164,,,
213375610544463,acc,1.497,0.203,9.741,
213375610544463,Lacc,0.306,-0.202,0.012,
213375610544463,GameRo,-0.013,-0.064,-0.520,0.851
213375615487415,Gyro,0.452,0.144,-0.331,
213375626864124,pre,1005.176,,,
213375630406523,acc,1.406,0.346,9.601,
213375630406523,Lacc,0.245,-0.154,-0.127,
213375630406523,GameRo,-0.009,-0.065,-0.523,0.850
213375635372018,Gyro,0.424,0.099,-0.332,
213375650268828,acc,1.446,0.424,9.604,
213375650268828,Lacc,0.301,-0.159,-0.122,
213375650268828,GameRo,-0.005,-0.067,-0.526,0.848
213375651854725,pre,1005.155,,,
213375655234526,Gyro,0.343,0.054,-0.322,
213375670131255,acc,1.687,0.277,9.804,
213375670131255,Lacc,0.555,-0.376,0.081,
213375670131255,GameRo,-0.002,-0.068,-0.528,0.846
213375675096668,Gyro,0.358,0.062,-0.347,
213375676894805,pre,1005.124,,,
213375689993844,acc,1.615,0.157,9.860,
213375689993844,Lacc,0.498,-0.577,0.142,
213375689993844,GameRo,0.002,-0.070,-0.531,0.845
213375694959542,Gyro,0.410,0.046,-0.402,
213375701905303,pre,1005.127,,,
213375709856922,acc,1.382,0.346,9.504,
213375709856922,Lacc,0.277,-0.475,-0.209,
213375709856922,GameRo,0.006,-0.072,-0.534,0.842
213375714796456,Gyro,0.360,0.010,-0.433,
213375726910674,pre,1005.130,,,
213375729719145,acc,1.495,0.585,9.268,
213375729719145,Lacc,0.397,-0.307,-0.439,
213375729719145,GameRo,0.009,-0.073,-0.538,0.840
213375734684518,Gyro,0.262,-0.017,-0.441,
213375749581247,acc,1.512,0.447,9.206,
213375749581247,Lacc,0.417,-0.500,-0.496,
213375749581247,GameRo,0.011,-0.075,-0.541,0.838
213375751926746,pre,1005.118,,,
213375754526722,Gyro,0.237,-0.038,-0.478,
213375769443754,acc,1.492,0.341,9.101,
213375769443754,Lacc,0.397,-0.663,-0.596,
213375769443754,GameRo,0.013,-0.076,-0.545,0.835
213375774409453,Gyro,0.245,-0.059,-0.538,
213375776938912,pre,1005.109,,,
213375789306100,acc,1.571,0.374,9.044,
213375789306100,Lacc,0.478,-0.691,-0.646,
213375789306100,GameRo,0.015,-0.078,-0.550,0.832
213375794252063,Gyro,0.295,-0.005,-0.581,
213375801948068,pre,1005.097,,,
213375809168893,acc,1.614,0.433,8.722,
213375809168893,Lacc,0.541,-0.707,-0.962,
213375809168893,GameRo,0.019,-0.080,-0.554,0.828
213375814095977,Gyro,0.347,0.101,-0.621,
213375829031442,acc,1.519,0.425,8.477,
213375829031442,Lacc,0.488,-0.794,-1.202,
213375829031442,GameRo,0.023,-0.080,-0.559,0.825
213375826933948,pre,1005.072,,,
213375833971627,Gyro,0.303,0.204,-0.662,
213375848868559,acc,1.466,0.374,8.507,
213375848868559,Lacc,0.500,-0.907,-1.171,
213375848868559,GameRo,0.027,-0.079,-0.564,0.821
213375851971546,pre,1005.081,,,
213375853848052,Gyro,0.205,0.320,-0.682,
213375868756825,acc,1.372,0.026,8.975,
213375868756825,Lacc,0.488,-1.292,-0.705,
213375868756825,GameRo,0.030,-0.077,-0.570,0.818
213375873721424,Gyro,0.145,0.343,-0.763,
213375876984486,pre,1005.094,,,
213375888593617,acc,1.221,-0.291,9.217,
213375888593617,Lacc,0.402,-1.598,-0.471,
213375888593617,GameRo,0.031,-0.074,-0.576,0.813
213375893549386,Gyro,0.015,0.141,-0.904,
213375901997507,pre,1005.087,,,
213375908481475,acc,1.264,-0.040,8.668,
213375908481475,Lacc,0.475,-1.347,-1.022,
213375908481475,GameRo,0.031,-0.073,-0.584,0.808
213375913439116,Gyro,-0.204,-0.065,-1.039,
213375928339914,acc,1.402,0.485,8.204,
213375928339914,Lacc,0.619,-0.777,-1.493,
213375928339914,GameRo,0.029,-0.072,-0.593,0.801
213375926984364,pre,1005.090,,,
213375933284128,Gyro,-0.477,-0.102,-1.122,
213375948181059,acc,1.462,0.914,8.323,
213375948181059,Lacc,0.687,-0.250,-1.387,
213375948181059,GameRo,0.024,-0.069,-0.603,0.795
213375953146351,Gyro,-0.725,-0.087,-1.176,
213375952020293,pre,1005.103,,,
213375968068674,acc,1.369,0.678,8.584,
213375968068674,Lacc,0.600,-0.346,-1.142,
213375968068674,GameRo,0.018,-0.064,-0.613,0.788
213375973034494,Gyro,-0.913,-0.093,-1.261,
213375977032460,pre,1005.087,,,
213375987913603,acc,1.430,0.016,8.463,
213375987913603,Lacc,0.674,-0.840,-1.280,
213375987913603,GameRo,0.011,-0.059,-0.623,0.780
213375992860015,Gyro,-0.987,0.048,-1.434,
213376002043730,pre,1005.066,,,
213376007793283,acc,1.083,-0.199,8.601,
213376007793283,Lacc,0.373,-0.884,-1.159,
213376007793283,GameRo,0.005,-0.052,-0.636,0.770
213376012759225,Gyro,-0.964,0.187,-1.629,
213376027630888,acc,0.517,-0.023,8.872,
213376027630888,Lacc,-0.123,-0.550,-0.903,
213376027630888,GameRo,0.000,-0.044,-0.649,0.760
213376027020740,pre,1005.069,,,
213376032621612,Gyro,-0.855,0.412,-1.694,
213376047512115,acc,0.579,0.286,9.121,
213376047512115,Lacc,0.060,-0.106,-0.667,
213376047512115,GameRo,-0.002,-0.034,-0.662,0.749
213376052475534,Gyro,-0.724,0.721,-1.596,
213376052066476,pre,1005.087,,,
213376067403716,acc,0.457,0.321,9.542,
213376067403716,Lacc,0.113,0.042,-0.258,
213376067403716,GameRo,-0.000,-0.024,-0.673,0.739
213376072346994,Gyro,-0.524,0.948,-1.493,
213376077079049,pre,1005.115,,,
213376087243601,acc,0.205,0.541,9.896,
213376087243601,Lacc,0.063,0.338,0.089,
213376087243601,GameRo,0.004,-0.014,-0.684,0.729
213376092208851,Gyro,-0.337,1.016,-1.401,
213376102090239,pre,1005.127,,,
213376107105823,acc,0.067,0.677,10.028,
213376107105823,Lacc,0.123,0.531,0.219,
213376107105823,GameRo,0.008,-0.004,-0.694,0.720
213376112048085,Gyro,-0.335,0.830,-1.351,
213376126923695,acc,0.130,-0.017,9.864,
213376126923695,Lacc,0.321,-0.084,0.056,
213376126923695,GameRo,0.010,0.003,-0.704,0.711
213376127071970,pre,1005.121,,,
213376131933745,Gyro,-0.505,0.529,-1.459,
213376146806874,acc,0.016,-0.898,9.894,
213376146806874,Lacc,0.289,-0.834,0.088,
213376146806874,GameRo,0.009,0.011,-0.714,0.700
213376151796172,Gyro,-0.751,0.319,-1.717,
213376152089019,pre,1005.115,,,
213376166696400,acc,0.024,-1.086,10.103,
213376166696400,Lacc,0.336,-0.840,0.301,
213376166696400,GameRo,0.004,0.019,-0.727,0.686
213376171658802,Gyro,-0.987,0.210,-1.984,
213376177124908,pre,1005.121,,,
213376186555572,acc,-0.304,-0.698,9.799,
213376186555572,Lacc,0.043,-0.235,0.006,
213376186555572,GameRo,-0.002,0.028,-0.741,0.671
213376191514963,Gyro,-1.031,0.386,-2.088,
213376202113596,pre,1005.097,,,
213376206418080,acc,-0.892,-0.589,9.848,
213376206418080,Lacc,-0.476,0.082,0.070,
213376206418080,GameRo,-0.006,0.039,-0.754,0.656
213376211384389,Gyro,-0.896,0.561,-1.922,
213376226255930,acc,-1.369,-0.621,9.660,
213376226255930,Lacc,-0.843,0.225,-0.099,
213376226255930,GameRo,-0.006,0.049,-0.765,0.642
213376231248483,Gyro,-0.766,0.774,-1.590,
213376227123891,pre,1005.081,,,
213376246142974,acc,-1.510,-0.677,9.319,
213376246142974,Lacc,-0.836,0.326,-0.416,
213376246142974,GameRo,-0.005,0.060,-0.774,0.631
213376251108632,Gyro,-0.717,1.030,-1.274,
213376252136220,pre,1005.121,,,
213376266005320,acc,-1.369,-1.278,9.234,
213376266005320,Lacc,-0.505,-0.121,-0.470,
213376266005320,GameRo,-0.001,0.073,-0.781,0.621
213376270970733,Gyro,-0.667,1.179,-1.163,
213376277172515,pre,1005.155,,,
213376285867949,acc,-1.104,-1.814,8.525,
213376285867949,Lacc,-0.026,-0.514,-1.138,
213376285867949,GameRo,0.004,0.085,-0.787,0.611
213376290833526,Gyro,-0.546,1.390,-1.213,
213376302181833,pre,1005.127,,,
213376305730417,acc,-1.530,-1.527,7.678,
213376305730417,Lacc,-0.191,-0.103,-1.936,
213376305730417,GameRo,0.012,0.098,-0.794,0.599
213376310696359,Gyro,-0.465,1.802,-1.230,
213376325592721,acc,-2.445,-1.022,8.096,
213376325592721,Lacc,-0.765,0.531,-1.444,
213376325592721,GameRo,0.023,0.114,-0.800,0.588
213376330562367,Gyro,-0.618,2.060,-1.080,
213376327166086,pre,1005.094,,,
213376345455393,acc,-3.108,-0.945,8.523,
213376345455393,Lacc,-1.049,0.771,-0.914,
213376345455393,GameRo,0.036,0.133,-0.804,0.578
213376350420928,Gyro,-0.802,2.101,-0.836,
213376352177113,pre,1005.112,,,
213376365317576,acc,-3.415,-1.504,8.665,
213376365317576,Lacc,-0.973,0.395,-0.645,
213376365317576,GameRo,0.047,0.152,-0.806,0.569
213376370283437,Gyro,-0.783,2.121,-0.619,
213376377215403,pre,1005.145,,,
213376385180165,acc,-3.465,-1.612,8.364,
213376385180165,Lacc,-0.645,0.448,-0.803,
213376385180165,GameRo,0.060,0.170,-0.807,0.562
213376390145944,Gyro,-0.639,2.318,-0.432,
213376402228261,pre,1005.158,,,
213376405042714,acc,-4.124,-1.244,8.717,
213376405042714,Lacc,-0.713,0.783,-0.255,
213376405042714,GameRo,0.085,0.187,-0.805,0.557
213376410007964,Gyro,-0.669,2.488,-0.172,
213376424905100,acc,-4.718,-1.363,9.829,
213376424905100,Lacc,-0.871,0.793,1.066,
213376424905100,GameRo,0.101,0.207,-0.801,0.552
213376427224233,pre,1005.142,,,
213376429845164,Gyro,-0.798,2.314,0.135,
213376444763824,acc,-4.527,-2.273,9.764,
213376444763824,Lacc,-0.295,0.008,1.213,
213376444763824,GameRo,0.114,0.225,-0.796,0.550
213376449733143,Gyro,-0.854,2.012,0.280,
213376452252960,pre,1005.130,,,
213376464609405,acc,-4.040,-3.053,9.106,
213376464609405,Lacc,0.527,-0.655,0.761,
213376464609405,GameRo,0.125,0.242,-0.790,0.549
213376469595978,Gyro,-0.799,1.922,0.252,
213376477230174,pre,1005.130,,,
213376484492706,acc,-3.862,-3.641,8.888,
213376484492706,Lacc,1.012,-1.122,0.755,
213376484492706,GameRo,0.136,0.258,-0.785,0.547
213376489415557,Gyro,-0.563,2.037,0.087,
213376502276682,pre,1005.139,,,
213376504354969,acc,-4.330,-3.366,9.337,
213376504354969,Lacc,0.872,-0.777,1.434,
213376504354969,GameRo,0.149,0.273,-0.781,0.542
213376509320221,Gyro,-0.380,1.999,0.001,
213376524217478,acc,-4.637,-3.334,9.579,
213376524217478,Lacc,0.857,-0.689,1.894,
213376524217478,GameRo,0.162,0.285,-0.777,0.537
213376527288929,pre,1005.124,,,
213376529183054,Gyro,-0.342,1.699,-0.024,
213376544064564,acc,-4.523,-3.463,9.200,
213376544064564,Lacc,1.201,-0.765,1.704,
213376544064564,GameRo,0.172,0.296,-0.774,0.533
213376549045522,Gyro,-0.299,1.371,-0.043,
213376552317372,pre,1005.103,,,
213376563938751,acc,-4.299,-4.007,8.826,
213376563938751,Lacc,1.598,-1.260,1.483,
213376563938751,GameRo,0.180,0.305,-0.771,0.529
213376568907785,Gyro,-0.129,1.177,-0.151,
213376577303252,pre,1005.118,,,
213376583767731,acc,-4.616,-4.322,8.603,
213376583767731,Lacc,1.426,-1.535,1.394,
213376583767731,GameRo,0.187,0.312,-0.770,0.524
213376588770416,Gyro,-0.073,1.044,-0.307,
213376602321034,pre,1005.158,,,
213376603642405,acc,-5.014,-3.982,8.473,
213376603642405,Lacc,1.140,-1.137,1.383,
213376603642405,GameRo,0.192,0.318,-0.770,0.519
213376608632924,Gyro,-0.112,0.878,-0.342,
213376623529856,acc,-5.413,-3.630,8.531,
213376623529856,Lacc,0.833,-0.727,1.545,
213376623529856,GameRo,0.197,0.324,-0.770,0.514
213376628484283,Gyro,-0.182,0.665,-0.219,
213376627307362,pre,1005.158,,,
213376643367218,acc,-5.483,-3.882,8.312,
213376643367218,Lacc,0.827,-0.927,1.407,
213376643367218,GameRo,0.199,0.328,-0.769,0.511
213376648357819,Gyro,-0.324,0.421,-0.080,
213376652369415,pre,1005.133,,,
213376663255402,acc,-5.368,-4.140,7.795,
213376663255402,Lacc,0.961,-1.099,0.944,
213376663255402,GameRo,0.197,0.333,-0.768,0.511
213376668220245,Gyro,-0.625,0.322,0.005,
213376677312612,pre,1005.127,,,
213376683117095,acc,-5.571,-4.566,8.082,
213376683117095,Lacc,0.801,-1.428,1.315,
213376683117095,GameRo,0.196,0.341,-0.764,0.511
213376688082632,Gyro,-0.787,0.322,0.069,
213376702979767,acc,-5.811,-5.220,8.292,
213376702979767,Lacc,0.611,-1.989,1.616,
213376702979767,GameRo,0.195,0.348,-0.761,0.512
213376702367950,pre,1005.130,,,
213376707945058,Gyro,-0.665,0.401,0.090,
213376722842478,acc,-5.988,-5.619,7.784,
213376722842478,Lacc,0.498,-2.318,1.207,
213376722842478,GameRo,0.196,0.355,-0.757,0.512
213376727803131,Gyro,-0.486,0.581,0.032,
213376727379181,pre,1005.106,,,
213376742704254,acc,-6.461,-5.457,7.252,
213376742704254,Lacc,0.110,-2.098,0.788,
213376742704254,GameRo,0.198,0.361,-0.754,0.511
213376747624664,Gyro,-0.443,0.729,-0.013,
213376752391063,pre,1005.084,,,
213376762567372,acc,-7.011,-5.207,6.860,
213376762567372,Lacc,-0.344,-1.784,0.530,
213376762567372,GameRo,0.202,0.369,-0.751,0.509
213376767532379,Gyro,-0.584,0.803,0.018,
213376777390045,pre,1005.115,,,
213376782429433,acc,-7.450,-5.063,6.774,
213376782429433,Lacc,-0.677,-1.561,0.602,
213376782429433,GameRo,0.204,0.378,-0.747,0.507
213376787394683,Gyro,-0.790,0.879,0.067,
213376802291778,acc,-7.757,-5.147,7.095,
213376802291778,Lacc,-0.870,-1.551,1.106,
213376802291778,GameRo,0.207,0.389,-0.741,0.506
213376802387685,pre,1005.164,,,
213376807257436,Gyro,-0.929,0.865,0.095,
213376822154327,acc,-7.764,-5.413,7.331,
213376822154327,Lacc,-0.775,-1.716,1.524,
213376822154327,GameRo,0.208,0.400,-0.735,0.506
213376827124298,Gyro,-0.974,0.729,0.048,
213376827391021,pre,1005.173,,,
213376842016592,acc,-7.428,-5.499,7.248,
213376842016592,Lacc,-0.366,-1.688,1.606,
213376842016592,GameRo,0.208,0.410,-0.730,0.505
213376846983063,Gyro,-0.867,0.637,-0.147,
213376852409861,pre,1005.151,,,
213376861876088,acc,-7.271,-5.005,7.273,
213376861876088,Lacc,-0.157,-1.078,1.776,
213376861876088,GameRo,0.208,0.419,-0.727,0.502
213376866844716,Gyro,-0.465,0.670,-0.365,
213376877419138,pre,1005.142,,,
213376881734406,acc,-7.051,-4.700,7.085,
213376881734406,Lacc,0.098,-0.680,1.704,
213376881734406,GameRo,0.210,0.425,-0.727,0.496
213376886707794,Gyro,0.098,0.734,-0.674,
213376901579010,acc,-7.141,-4.593,6.303,
213376901579010,Lacc,0.022,-0.490,1.003,
213376901579010,GameRo,0.214,0.428,-0.731,0.486
213376902429311,pre,1005.145,,,
213376906569570,Gyro,0.646,0.848,-1.079,
213376921463776,acc,-7.875,-4.090,5.395,
213376921463776,Lacc,-0.719,0.100,0.154,
213376921463776,GameRo,0.219,0.429,-0.739,0.471
213376926428782,Gyro,1.065,0.983,-1.388,
213376927486644,pre,1005.164,,,
213376941318512,acc,-8.824,-3.360,4.796,
213376941318512,Lacc,-1.679,0.907,-0.398,
213376941318512,GameRo,0.226,0.428,-0.748,0.454
213376946294465,Gyro,1.288,1.021,-1.437,
213376952473379,pre,1005.203,,,
213376961179800,acc,-9.420,-2.647,4.375,
213376961179800,Lacc,-2.287,1.677,-0.788,
213376961179800,GameRo,0.234,0.426,-0.758,0.436
213376966156972,Gyro,1.242,0.898,-1.251,
213376977482982,pre,1005.231,,,
213376981053904,acc,-9.303,-2.177,3.997,
213376981053904,Lacc,-2.142,2.148,-1.128,
213376981053904,GameRo,0.243,0.423,-0.764,0.422
213376986019237,Gyro,0.938,0.685,-0.963,
213377000894765,acc,-8.779,-2.108,3.987,
213377000894765,Lacc,-1.124,1.676,-0.842,
213377000894765,GameRo,0.284,0.416,-0.753,0.424
213377005856761,Gyro,0.609,0.482,-0.690,
213377002467967,pre,1005.216,,,
213377020778717,acc,-8.312,-2.499,4.239,
213377020778717,Lacc,-0.540,1.155,-0.502,
213377020778717,GameRo,0.296,0.413,-0.752,0.421
213377025744700,Gyro,0.438,0.314,-0.488,
213377027502147,pre,1005.191,,,
213377040641144,acc,-7.922,-2.927,4.600,
213377040641144,Lacc,-0.157,0.751,-0.134,
213377040641144,GameRo,0.298,0.412,-0.754,0.416
213377045607127,Gyro,0.420,0.144,-0.341,
213377052511506,pre,1005.176,,,
213377060504019,acc,-7.816,-3.434,4.813,
213377060504019,Lacc,-0.067,0.247,0.055,
213377060504019,GameRo,0.299,0.410,-0.757,0.412
213377065445750,Gyro,0.487,-0.074,-0.250,
213377077483876,pre,1005.182,,,
213377080376414,acc,-7.538,-4.062,4.407,
213377080376414,Lacc,0.177,-0.392,-0.413,
213377080376414,GameRo,0.299,0.406,-0.761,0.409
213377085331777,Gyro,0.477,-0.258,-0.281,
213377100228506,acc,-7.140,-4.180,3.977,
213377100228506,Lacc,0.524,-0.502,-0.920,
213377100228506,GameRo,0.297,0.402,-0.764,0.407
213377102531606,pre,1005.176,,,
213377105195994,Gyro,0.345,-0.297,-0.372,
213377120091543,acc,-7.054,-4.095,4.104,
213377120091543,Lacc,0.552,-0.386,-0.858,
213377120091543,GameRo,0.294,0.400,-0.768,0.404
213377125056631,Gyro,0.275,-0.224,-0.410,
213377127542226,pre,1005.176,,,
213377139928091,acc,-7.060,-3.978,4.398,
213377139928091,Lacc,0.500,-0.235,-0.609,
213377139928091,GameRo,0.293,0.399,-0.771,0.401
213377144899363,Gyro,0.342,-0.078,-0.371,
213377152557038,pre,1005.173,,,
213377159816600,acc,-6.781,-4.292,4.529,
213377159816600,Lacc,0.753,-0.536,-0.508,
213377159816600,GameRo,0.293,0.397,-0.774,0.397
213377164759593,Gyro,0.520,0.148,-0.376,
213377179661449,acc,-6.882,-4.350,4.887,
213377179661449,Lacc,0.647,-0.593,-0.158,
213377179661449,GameRo,0.296,0.394,-0.778,0.391
213377177536530,pre,1005.158,,,
213377184619049,Gyro,0.697,0.305,-0.445,
213377199515900,acc,-6.931,-4.334,5.354,
213377199515900,Lacc,0.590,-0.577,0.298,
213377199515900,GameRo,0.299,0.391,-0.782,0.384
213377202583649,pre,1005.158,,,
213377204506501,Gyro,0.793,0.292,-0.514,
213377219403677,acc,-6.816,-4.377,5.403,
213377219403677,Lacc,0.682,-0.610,0.321,
213377219403677,GameRo,0.301,0.387,-0.786,0.376
213377224368887,Gyro,0.776,0.197,-0.628,
213377227585887,pre,1005.185,,,
213377239265615,acc,-6.948,-4.207,5.557,
213377239265615,Lacc,0.512,-0.414,0.438,
213377239265615,GameRo,0.302,0.384,-0.791,0.368
213377244191722,Gyro,0.721,0.054,-0.680,
213377252609040,pre,1005.203,,,
213377259128083,acc,-6.863,-4.139,5.945,
213377259128083,Lacc,0.538,-0.317,0.764,
213377259128083,GameRo,0.302,0.380,-0.797,0.360
213377264049957,Gyro,0.725,-0.143,-0.653,
213377278965933,acc,-6.581,-3.896,5.920,
213377278965933,Lacc,0.745,-0.058,0.644,
213377278965933,GameRo,0.300,0.375,-0.802,0.354
213377277575837,pre,1005.185,,,
213377283934439,Gyro,0.785,-0.258,-0.587,
213377298826528,acc,-6.379,-3.780,5.842,
213377298826528,Lacc,0.873,0.054,0.461,
213377298826528,GameRo,0.298,0.370,-0.808,0.348
213377302629019,pre,1005.164,,,
213377303793528,Gyro,0.753,-0.346,-0.500,
213377318692536,acc,-6.305,-3.977,5.696,
213377318692536,Lacc,0.872,-0.154,0.208,
213377318692536,GameRo,0.296,0.364,-0.813,0.344
213377323681346,Gyro,0.637,-0.387,-0.404,
213377327639028,pre,1005.176,,,
213377338533763,acc,-6.140,-4.193,5.924,
213377338533763,Lacc,0.962,-0.382,0.331,
213377338533763,GameRo,0.293,0.359,-0.818,0.340
213377343503287,Gyro,0.585,-0.398,-0.294,
213377352648631,pre,1005.203,,,
213377358440298,acc,-6.184,-4.251,5.942,
213377358440298,Lacc,0.853,-0.470,0.248,
213377358440298,GameRo,0.291,0.353,-0.822,0.338
213377363406240,Gyro,0.567,-0.382,-0.103,
213377378277497,acc,-6.190,-4.095,5.780,
213377378277497,Lacc,0.805,-0.377,-0.006,
213377378277497,GameRo,0.290,0.348,-0.825,0.338
213377377640574,pre,1005.219,,,
213377383227042,Gyro,0.485,-0.360,0.181,
213377398138093,acc,-5.819,-4.237,5.810,
213377398138093,Lacc,1.153,-0.607,-0.060,
213377398138093,GameRo,0.289,0.342,-0.827,0.340
213377403093578,Gyro,0.313,-0.441,0.422,
213377402669749,pre,1005.228,,,
213377418002676,acc,-5.490,-4.923,6.413,
213377418002676,Lacc,1.143,-1.055,0.308,
213377418002676,GameRo,0.266,0.343,-0.835,0.338
213377422993562,Gyro,0.090,-0.730,0.521,
213377427680207,pre,1005.228,,,
213377437890331,acc,-5.243,-5.722,6.541,
213377437890331,Lacc,1.274,-1.852,0.314,
213377437890331,GameRo,0.257,0.341,-0.836,0.343
213377442855703,Gyro,-0.183,-1.033,0.518,
213377452689200,pre,1005.206,,,
213377457752594,acc,-5.175,-5.799,6.555,
213377457752594,Lacc,1.198,-1.895,0.201,
213377457752594,GameRo,0.245,0.340,-0.837,0.351
213377462718822,Gyro,-0.435,-1.257,0.509,
213377477601635,acc,-4.870,-5.616,6.729,
213377477601635,Lacc,1.279,-1.591,0.231,
213377477601635,GameRo,0.228,0.342,-0.839,0.358
213377477664948,pre,1005.179,,,
213377482580719,Gyro,-0.483,-1.312,0.428,
213377497477611,acc,-4.277,-5.721,6.884,
213377497477611,Lacc,1.539,-1.480,0.218,
213377497477611,GameRo,0.204,0.344,-0.843,0.361
213377502443065,Gyro,-0.271,-1.134,0.199,
213377502735668,pre,1005.164,,,
213377517339875,acc,-4.430,-5.343,6.481,
213377517339875,Lacc,1.225,-1.045,-0.285,
213377517339875,GameRo,0.193,0.343,-0.844,0.364
213377522305898,Gyro,-0.040,-0.789,-0.008,
213377527683422,pre,1005.161,,,
213377537202424,acc,-4.921,-5.017,6.153,
213377537202424,Lacc,0.644,-0.715,-0.685,
213377537202424,GameRo,0.188,0.340,-0.846,0.365
213377542167919,Gyro,0.058,-0.416,-0.060,
213377552703564,pre,1005.173,,,
213377557064851,acc,-5.260,-4.632,5.858,
213377557064851,Lacc,0.267,-0.333,-1.014,
213377557064851,GameRo,0.186,0.339,-0.847,0.366
213377562005199,Gyro,0.043,-0.008,-0.007,
213377576905793,acc,-5.590,-4.413,5.876,
213377576905793,Lacc,-0.036,-0.120,-0.977,
213377576905793,GameRo,0.188,0.340,-0.846,0.365
213377581874828,Gyro,-0.040,0.408,0.114,
213377577713655,pre,1005.206,,,
213377596789541,acc,-6.011,-4.297,6.296,
213377596789541,Lacc,-0.362,-0.014,-0.486,
213377596789541,GameRo,0.193,0.342,-0.844,0.365
213377601755362,Gyro,-0.114,0.734,0.318,
213377602724030,pre,1005.234,,,
213377616652091,acc,-6.570,-4.430,7.076,
213377616652091,Lacc,-0.774,-0.178,0.400,
213377616652091,GameRo,0.201,0.345,-0.840,0.366
213377621617789,Gyro,-0.162,0.844,0.576,
213377627757396,pre,1005.231,,,
213377636489452,acc,-6.549,-4.398,7.507,
213377636489452,Lacc,-0.588,-0.201,0.943,
213377636489452,GameRo,0.209,0.348,-0.836,0.369
213377641480134,Gyro,-0.257,0.705,0.811,
213377652766796,pre,1005.228,,,
213377656377026,acc,-6.360,-4.375,7.265,
213377656377026,Lacc,-0.246,-0.245,0.801,
213377656377026,GameRo,0.216,0.352,-0.830,0.375
213377661343252,Gyro,-0.430,0.484,0.984,
213377676239411,acc,-6.109,-4.451,6.799,
213377676239411,Lacc,0.141,-0.382,0.426,
213377676239411,GameRo,0.221,0.355,-0.823,0.384
213377681206127,Gyro,-0.630,0.315,1.079,
213377677751618,pre,1005.231,,,
213377696101798,acc,-5.773,-4.554,6.426,
213377696101798,Lacc,0.597,-0.532,0.142,
213377696101798,GameRo,0.224,0.359,-0.816,0.393
213377701067658,Gyro,-0.775,0.250,1.104,
213377702783845,pre,1005.231,,,
213377715964265,acc,-5.194,-4.674,6.190,
213377715964265,Lacc,1.280,-0.678,-0.004,
213377715964265,GameRo,0.226,0.365,-0.809,0.403
213377720930737,Gyro,-0.756,0.319,1.045,
213377727793855,pre,1005.206,,,
213377735826814,acc,-4.867,-4.568,5.884,
213377735826814,Lacc,1.732,-0.615,-0.203,
213377735826814,GameRo,0.230,0.370,-0.801,0.411
213377740792349,Gyro,-0.639,0.489,0.938,
213377752805085,pre,1005.167,,,
213377755689200,acc,-4.845,-4.561,5.601,
213377755689200,Lacc,1.889,-0.654,-0.367,
213377755689200,GameRo,0.235,0.375,-0.794,0.417
213377760655631,Gyro,-0.561,0.637,0.821,
213377775551545,acc,-4.876,-4.449,5.127,
213377775551545,Lacc,2.000,-0.579,-0.702,
213377775551545,GameRo,0.241,0.380,-0.787,0.422
213377780486197,Gyro,-0.609,0.790,0.705,
213377777791373,pre,1005.179,,,
213377795389477,acc,-4.975,-4.243,4.827,
213377795389477,Lacc,2.049,-0.388,-0.834,
213377795389477,GameRo,0.248,0.387,-0.780,0.425
213377800379915,Gyro,-0.721,0.965,0.607,
213377802826326,pre,1005.219,,,
213377815276562,acc,-5.442,-4.386,4.465,
213377815276562,Lacc,1.742,-0.525,-0.986,
213377815276562,GameRo,0.255,0.396,-0.772,0.427
213377820242342,Gyro,-0.840,1.229,0.527,
213377827811515,pre,1005.243,,,
213377835139070,acc,-5.720,-4.605,4.896,
213377835139070,Lacc,1.643,-0.720,-0.293,
213377835139070,GameRo,0.263,0.407,-0.763,0.428
213377840104646,Gyro,-0.948,1.400,0.435,
213377852848217,pre,1005.212,,,
213377855001496,acc,-5.924,-4.758,5.533,
213377855001496,Lacc,1.583,-0.806,0.607,
213377855001496,GameRo,0.269,0.420,-0.754,0.427
213377859967765,Gyro,-0.993,1.389,0.314,
213377874863761,acc,-6.338,-4.944,5.681,
213377874863761,Lacc,1.090,-0.758,0.829,
213377874863761,GameRo,0.262,0.429,-0.755,0.421
213377879843456,Gyro,-0.975,1.300,0.181,
213377877816031,pre,1005.173,,,
213377894726553,acc,-6.710,-5.307,5.450,
213377894726553,Lacc,0.817,-1.020,0.845,
213377894726553,GameRo,0.266,0.441,-0.748,0.419
213377899690462,Gyro,-0.926,1.255,-0.012,
213377902870271,pre,1005.164,,,
213377914588696,acc,-7.064,-5.585,5.102,
213377914588696,Lacc,0.558,-1.193,0.760,
213377914588696,GameRo,0.271,0.453,-0.741,0.414
213377919554963,Gyro,-0.848,1.322,-0.217,
213377927880769,pre,1005.173,,,
213377934451203,acc,-7.935,-5.705,4.929,
213377934451203,Lacc,-0.223,-1.201,0.869,
213377934451203,GameRo,0.276,0.466,-0.735,0.408
213377939416699,Gyro,-0.797,1.428,-0.319,
213377952889151,pre,1005.182,,,
213377954313956,acc,-8.608,-5.891,5.152,
213377954313956,Lacc,-0.816,-1.274,1.383,
213377954313956,GameRo,0.282,0.478,-0.729,0.401
213377959279735,Gyro,-0.750,1.411,-0.376,
213377974176017,acc,-8.807,-5.590,5.017,
213377974176017,Lacc,-0.952,-0.858,1.532,
213377974176017,GameRo,0.287,0.490,-0.723,0.394
213377979096183,Gyro,-0.684,1.371,-0.411,
213377977890250,pre,1005.222,,,
213377994038525,acc,-8.964,-5.025,4.639,
213377994038525,Lacc,-1.057,-0.187,1.428,
213377994038525,GameRo,0.292,0.501,-0.718,0.386
213377998993399,Gyro,-0.611,1.367,-0.365,
213378002909008,pre,1005.255,,,
213378013900993,acc,-9.613,-4.800,3.905,
213378013900993,Lacc,-1.652,0.124,0.969,
213378018841666,Gyro,-0.753,1.328,-0.176,
213378013900993,GameRo,0.298,0.511,-0.712,0.379
213378027931266,pre,1005.243,,,
213378033737988,acc,-9.965,-5.171,3.565,
213378033737988,Lacc,-1.941,-0.187,0.918,
213378033737988,GameRo,0.303,0.523,-0.703,0.375
213378038704134,Gyro,-1.252,1.058,0.064,
213378053599560,acc,-9.378,-5.647,3.642,
213378053599560,Lacc,-1.297,-0.609,1.287,
213378053599560,GameRo,0.304,0.536,-0.692,0.375
213378052904614,pre,1005.219,,,
213378058565869,Gyro,-1.831,0.636,0.141,
213378073488191,acc,-8.658,-5.827,4.215,
213378073488191,Lacc,-0.545,-0.719,2.135,
213378073488191,GameRo,0.300,0.551,-0.680,0.380
213378078433830,Gyro,-1.999,0.295,0.004,
213378077942334,pre,1005.182,,,
213378093350659,acc,-8.100,-5.571,4.756,
213378093350659,Lacc,0.010,-0.373,2.900,
213378093350659,GameRo,0.294,0.565,-0.669,0.384
213378098316316,Gyro,-1.594,0.102,-0.270,
213378102950920,pre,1005.157,,,
213378113213696,acc,-7.949,-4.881,4.164,
213378113213696,Lacc,0.118,0.416,2.404,
213378113213696,GameRo,0.287,0.573,-0.665,0.385
213378118178703,Gyro,-0.889,0.111,-0.547,
213378127939932,pre,1005.151,,,
213378133075675,acc,-8.071,-4.281,2.899,
213378133075675,Lacc,-0.046,1.083,1.144,
213378133075675,GameRo,0.283,0.575,-0.665,0.384
213378138041251,Gyro,-0.250,0.284,-0.777,
213378152937654,acc,-8.538,-3.820,1.706,
213378152937654,Lacc,-0.555,1.624,0.012,
213378152937654,GameRo,0.283,0.577,-0.666,0.378
213378152954866,pre,1005.182,,,
213378157903638,Gyro,0.116,0.513,-0.905,
213378172800285,acc,-9.181,-3.509,1.322,
213378172800285,Lacc,-1.128,1.863,-0.269,
213378172800285,GameRo,0.293,0.577,-0.664,0.374
213378177766308,Gyro,0.194,0.591,-0.912,
213378177953727,pre,1005.194,,,
213378192662792,acc,-9.812,-3.311,1.415,
213378192662792,Lacc,-1.829,2.185,-0.104,
213378192662792,GameRo,0.293,0.580,-0.667,0.365
213378197628532,Gyro,0.112,0.472,-0.785,
213378202976066,pre,1005.170,,,
213378212526033,acc,-10.082,-3.206,1.401,
213378212526033,Lacc,-2.163,2.396,-0.064,
213378212526033,GameRo,0.291,0.583,-0.668,0.358
213378217490917,Gyro,-0.029,0.273,-0.555,
213378227977531,pre,1005.167,,,
213378232355339,acc,-9.897,-3.466,1.235,
213378232355339,Lacc,-2.019,2.204,-0.189,
213378232355339,GameRo,0.290,0.586,-0.669,0.354
213378237353182,Gyro,-0.193,0.084,-0.341,
213378252250276,acc,-9.510,-3.692,1.030,
213378252250276,Lacc,-1.639,1.996,-0.356,
213378252250276,GameRo,0.289,0.588,-0.667,0.354
213378252991691,pre,1005.206,,,
213378257215894,Gyro,-0.401,-0.072,-0.189,
213378272099235,acc,-9.132,-3.929,1.158,
213378272099235,Lacc,-1.200,1.686,-0.182,
213378272099235,GameRo,0.291,0.589,-0.663,0.359
213378277078035,Gyro,-0.586,-0.229,-0.099,
213378278003369,pre,1005.200,,,
213378291975048,acc,-8.783,-4.003,1.393,
213378291975048,Lacc,-0.733,1.445,0.069,
213378291975048,GameRo,0.294,0.588,-0.657,0.369
213378296940829,Gyro,-0.671,-0.379,-0.058,
213378303038322,pre,1005.170,,,
213378311855379,acc,-8.467,-4.050,1.490,
213378311855379,Lacc,-0.411,1.389,0.164,
213378311855379,GameRo,0.290,0.590,-0.654,0.374
213378316803906,Gyro,-0.618,-0.460,-0.053,
213378328049919,pre,1005.164,,,
213378331674878,acc,-8.182,-4.112,1.407,
213378331674878,Lacc,-0.143,1.348,0.067,
213378331674878,GameRo,0.285,0.592,-0.652,0.378
213378336665723,Gyro,-0.454,-0.434,-0.079,
213378351537142,acc,-8.081,-4.237,1.429,
213378351537142,Lacc,-0.063,1.247,0.064,
213378351537142,GameRo,0.280,0.593,-0.652,0.381
213378353032748,pre,1005.185,,,
213378356527946,Gyro,-0.228,-0.330,-0.120,
213378371424837,acc,-8.079,-4.300,1.377,
213378371424837,Lacc,-0.083,1.209,-0.017,
213378371424837,GameRo,0.277,0.593,-0.652,0.382
213378376390373,Gyro,-0.025,-0.207,-0.168,
213378378041455,pre,1005.206,,,
213378391265780,acc,-8.384,-4.410,1.229,
213378391265780,Lacc,-0.406,1.119,-0.194,
213378391265780,GameRo,0.276,0.593,-0.653,0.382
213378396252921,Gyro,0.119,-0.086,-0.193,
213378403056713,pre,1005.197,,,
213378411175081,acc,-8.680,-4.409,1.346,
213378411175081,Lacc,-0.632,1.015,-0.085,
213378411175081,GameRo,0.281,0.590,-0.652,0.384
213378416115064,Gyro,0.175,-0.018,-0.162,
213378428094637,pre,1005.182,,,
213378431012158,acc,-8.964,-4.512,1.530,
213378431012158,Lacc,-0.927,0.922,0.078,
213378431012158,GameRo,0.282,0.589,-0.654,0.383
213378435977815,Gyro,0.169,-0.006,-0.103,
213378450874545,acc,-9.135,-4.598,1.896,
213378450874545,Lacc,-1.105,0.841,0.423,
213378450874545,GameRo,0.282,0.588,-0.655,0.382
213378453081779,pre,1005.182,,,
213378455840202,Gyro,0.163,-0.067,-0.036,
213378470737134,acc,-9.100,-4.615,2.113,
213378470737134,Lacc,-1.072,0.817,0.603,
213378470737134,GameRo,0.282,0.586,-0.656,0.383
213378475702750,Gyro,0.198,-0.147,0.041,
213378478119783,pre,1005.185,,,
213378490600009,acc,-8.800,-4.572,2.114,
213378490600009,Lacc,-0.767,0.836,0.549,
213378490600009,GameRo,0.282,0.584,-0.658,0.384
213378495565584,Gyro,0.252,-0.191,0.113,
213378503126986,pre,1005.182,,,
213378510461702,acc,-8.560,-4.588,1.998,
213378510461702,Lacc,-0.515,0.784,0.370,
213378510461702,GameRo,0.283,0.580,-0.659,0.385
213378515427442,Gyro,0.319,-0.184,0.180,
213378528113802,pre,1005.176,,,
213378530324374,acc,-8.705,-4.922,1.863,
213378530324374,Lacc,-0.642,0.404,0.172,
213378530324374,GameRo,0.284,0.577,-0.661,0.387
213378535290031,Gyro,0.398,-0.117,0.255,
213378550186637,acc,-8.881,-5.521,1.916,
213378550186637,Lacc,-0.792,-0.255,0.166,
213378550186637,GameRo,0.287,0.573,-0.663,0.388
213378553125887,pre,1005.157,,,
213378555152295,Gyro,0.485,-0.059,0.295,
213378570049105,acc,-8.872,-5.831,1.844,
213378570049105,Lacc,-0.753,-0.632,0.033,
213378570049105,GameRo,0.290,0.569,-0.664,0.388
213378575014478,Gyro,0.525,-0.034,0.311,
213378578165479,pre,1005.148,,,
213378589911613,acc,-8.745,-5.667,1.762,
213378589911613,Lacc,-0.594,-0.538,-0.108,
213378589911613,GameRo,0.294,0.564,-0.666,0.389
213378594877027,Gyro,0.508,-0.046,0.340,
213378603172396,pre,1005.151,,,
213378609774040,acc,-8.562,-5.399,1.634,
213378609774040,Lacc,-0.377,-0.347,-0.295,
213378609774040,GameRo,0.298,0.560,-0.668,0.390
213378614739494,Gyro,0.421,-0.096,0.385,
213378628186597,pre,1005.188,,,
213378629635937,acc,-8.298,-5.099,1.559,
213378629635937,Lacc,-0.078,-0.128,-0.427,
213378629635937,GameRo,0.300,0.555,-0.669,0.393
213378634602043,Gyro,0.285,-0.174,0.448,
213378649498853,acc,-7.953,-4.995,1.541,
213378649498853,Lacc,0.306,-0.110,-0.501,
213378649498853,GameRo,0.302,0.552,-0.669,0.396
213378654451571,Gyro,0.132,-0.253,0.500,
213378653169019,pre,1005.219,,,
213378669361158,acc,-7.699,-5.127,1.399,
213378669361158,Lacc,0.598,-0.329,-0.695,
213378669361158,GameRo,0.304,0.549,-0.668,0.401
213378674326856,Gyro,-0.023,-0.295,0.512,
213378678226554,pre,1005.212,,,
213378689223625,acc,-7.630,-5.364,1.290,
213378689223625,Lacc,0.701,-0.641,-0.841,
213378689223625,GameRo,0.304,0.547,-0.666,0.406
213378694189526,Gyro,-0.148,-0.269,0.493,
213378703224683,pre,1005.188,,,
213378709086215,acc,-7.675,-5.609,1.318,
213378709086215,Lacc,0.665,-0.894,-0.791,
213378709086215,GameRo,0.303,0.548,-0.664,0.408
213378714051791,Gyro,-0.248,-0.188,0.457,
213378728933016,acc,-7.781,-5.744,1.462,
213378728933016,Lacc,0.523,-0.929,-0.561,
213378728933016,GameRo,0.299,0.555,-0.662,0.407
213378728235384,pre,1005.179,,,
213378733894076,Gyro,-0.365,-0.102,0.437,
213378748810987,acc,-7.803,-5.764,1.752,
213378748810987,Lacc,0.528,-0.983,-0.239,
213378748810987,GameRo,0.298,0.556,-0.658,0.410
213378753751416,Gyro,-0.487,-0.060,0.435,
213378753246859,pre,1005.191,,,
213378768673454,acc,-7.673,-5.802,2.095,
213378768673454,Lacc,0.659,-1.009,0.138,
213378768673454,GameRo,0.296,0.559,-0.655,0.413
213378773638787,Gyro,-0.571,-0.051,0.394,
213378778257316,pre,1005.191,,,
213378788535759,acc,-7.617,-5.648,2.410,
213378788535759,Lacc,0.714,-0.844,0.473,
213378788535759,GameRo,0.292,0.562,-0.652,0.416
213378793502434,Gyro,-0.663,-0.098,0.337,
213378803271233,pre,1005.179,,,
213378808398389,acc,-7.701,-5.420,2.855,
213378808398389,Lacc,0.608,-0.592,0.887,
213378808398389,GameRo,0.287,0.564,-0.651,0.421
213378813338656,Gyro,-0.734,-0.206,0.328,
213378828260694,acc,-7.568,-5.260,3.120,
213378828260694,Lacc,0.708,-0.408,1.070,
213378828260694,GameRo,0.279,0.563,-0.650,0.426
213378828277662,pre,1005.167,,,
213378833201327,Gyro,-0.743,-0.347,0.348,
213378848123242,acc,-7.574,-5.470,2.925,
213378848123242,Lacc,0.680,-0.603,0.823,
213378848123242,GameRo,0.273,0.564,-0.648,0.432
213378853088656,Gyro,-0.716,-0.427,0.353,
213378853270216,pre,1005.167,,,
213378867985588,acc,-7.730,-6.040,2.625,
213378867985588,Lacc,0.530,-1.187,0.513,
213378867985588,GameRo,0.268,0.566,-0.644,0.439
213378872933871,Gyro,-0.697,-0.440,0.301,
213378878286614,pre,1005.170,,,
213378887848014,acc,-7.811,-6.311,2.407,
213378887848014,Lacc,0.451,-1.463,0.291,
213378887848014,GameRo,0.263,0.568,-0.641,0.444
213378892813510,Gyro,-0.698,-0.391,0.181,
213378903296176,pre,1005.167,,,
213378907691195,acc,-7.833,-6.170,2.363,
213378907691195,Lacc,0.423,-1.309,0.255,
213378907691195,GameRo,0.258,0.571,-0.637,0.449
213378912651807,Gyro,-0.711,-0.289,0.066,
213378927572706,acc,-7.711,-5.663,2.572,
213378927572706,Lacc,0.534,-0.771,0.489,
213378927572706,GameRo,0.253,0.574,-0.634,0.452
213378928312695,pre,1005.161,,,
213378932551262,Gyro,-0.662,-0.181,-0.009,
213378947435295,acc,-7.654,-5.272,2.620,
213378947435295,Lacc,0.581,-0.348,0.576,
213378947435295,GameRo,0.249,0.578,-0.631,0.454
213378952380364,Gyro,-0.570,-0.074,-0.055,
213378953322136,pre,1005.161,,,
213378967301954,acc,-7.532,-4.956,2.615,
213378967301954,Lacc,0.694,0.001,0.618,
213378967301954,GameRo,0.247,0.581,-0.628,0.455
213378972263624,Gyro,-0.429,0.045,-0.124,
213378978345004,pre,1005.176,,,
213378987160230,acc,-7.728,-4.801,2.582,
213378987160230,Lacc,0.486,0.197,0.635,
213378987160230,GameRo,0.245,0.584,-0.627,0.455
213378992125929,Gyro,-0.283,0.133,-0.199,
213379003371615,pre,1005.191,,,
213379007022535,acc,-8.166,-4.650,2.575,
213379007022535,Lacc,0.032,0.391,0.673,
213379007022535,GameRo,0.243,0.586,-0.626,0.453
213379011967440,Gyro,-0.146,0.155,-0.203,
213379026885002,acc,-8.451,-4.696,2.290,
213379026885002,Lacc,-0.266,0.379,0.426,
213379026885002,GameRo,0.243,0.588,-0.626,0.451
213379028358310,pre,1005.194,,,
213379031859205,Gyro,-0.008,0.236,-0.184,
213379046747389,acc,-8.697,-4.741,2.133,
213379046747389,Lacc,-0.520,0.362,0.309,
213379046747389,GameRo,0.244,0.590,-0.626,0.448
213379051687981,Gyro,0.083,0.315,-0.180,
213379053371860,pre,1005.191,,,
213379066610751,acc,-9.010,-4.760,2.068,
213379066610751,Lacc,-0.838,0.368,0.287,
213379066610751,GameRo,0.245,0.591,-0.627,0.445
213379071575229,Gyro,0.141,0.350,-0.181,
213379078384107,pre,1005.194,,,
213379086472161,acc,-9.178,-4.719,1.802,
213379086472161,Lacc,-1.012,0.432,0.064,
213379086472161,GameRo,0.247,0.592,-0.628,0.441
213379091437574,Gyro,0.187,0.395,-0.199,
213379103422112,pre,1005.197,,,
213379106327222,acc,-9.249,-4.546,1.583,
213379106327222,Lacc,-1.090,0.632,-0.108,
213379106327222,GameRo,0.249,0.593,-0.629,0.437
213379111278395,Gyro,0.179,0.403,-0.182,
213379126197055,acc,-9.142,-4.108,1.679,
213379126197055,Lacc,-0.970,1.063,0.032,
213379126197055,GameRo,0.253,0.593,-0.629,0.434
213379128436761,pre,1005.188,,,
213379131162793,Gyro,0.109,0.292,-0.054,
213379146034254,acc,-8.819,-4.095,1.636,
213379146034254,Lacc,-0.614,1.032,0.017,
213379146034254,GameRo,0.256,0.593,-0.628,0.434
213379151025180,Gyro,0.045,0.144,0.076,
213379153460768,pre,1005.176,,,
213379165879387,acc,-8.572,-4.672,1.288,
213379165879387,Lacc,-0.353,0.437,-0.319,
213379165879387,GameRo,0.258,0.593,-0.628,0.434
213379170887566,Gyro,0.024,0.069,0.085,
213379178435866,pre,1005.170,,,
213379185759637,acc,-8.617,-5.021,0.858,
213379185759637,Lacc,-0.388,0.075,-0.740,
213379185759637,GameRo,0.259,0.593,-0.627,0.434
213379190750156,Gyro,0.009,0.062,0.063,
213379203475497,pre,1005.179,,,
213379205646884,acc,-8.244,-5.139,0.503,
213379205646884,Lacc,-0.007,-0.050,-1.071,
213379205646884,GameRo,0.259,0.594,-0.626,0.434
213379210612135,Gyro,-0.056,0.094,0.025,
213379225508986,acc,-7.772,-5.248,0.385,
213379225508986,Lacc,0.469,-0.155,-1.157,
213379225508986,GameRo,0.260,0.595,-0.625,0.433
213379228487012,pre,1005.203,,,
213379230497267,Gyro,-0.110,0.162,-0.038,
213379245354648,acc,-7.459,-5.345,0.224,
213379245354648,Lacc,0.780,-0.234,-1.267,
213379245354648,GameRo,0.260,0.597,-0.624,0.431
213379250337029,Gyro,-0.091,0.296,-0.109,
213379253496453,pre,1005.225,,,
213379265234124,acc,-7.269,-5.506,-0.074,
213379265234124,Lacc,0.968,-0.370,-1.492,
213379265234124,GameRo,0.261,0.599,-0.624,0.428
213379270199903,Gyro,0.036,0.574,-0.156,
213379278484327,pre,1005.219,,,
213379285096510,acc,-6.950,-5.872,-0.220,
213379285096510,Lacc,1.286,-0.705,-1.522,
213379285096510,GameRo,0.266,0.602,-0.623,0.422
213379290062208,Gyro,0.401,1.082,-0.257,
213379303498854,pre,1005.197,,,
213379304936232,acc,-6.849,-6.377,-0.085,
213379304936232,Lacc,1.375,-1.150,-1.220,
213379304936232,GameRo,0.274,0.606,-0.625,0.410
213379309924431,Gyro,0.853,1.581,-0.453,
213379324822014,acc,-6.921,-6.374,0.342,
213379324822014,Lacc,1.267,-1.054,-0.603,
213379324822014,GameRo,0.284,0.609,-0.628,0.392
213379328536451,pre,1005.191,,,
213379329761671,Gyro,1.004,1.756,-0.635,
213379344684279,acc,-7.206,-6.649,0.922,
213379344684279,Lacc,0.820,-1.065,0.128,
213379344684279,GameRo,0.287,0.614,-0.636,0.369
213379349649163,Gyro,0.899,1.538,-0.816,
213379353548740,pre,1005.197,,,
213379364546502,acc,-7.245,-7.087,0.944,
213379364546502,Lacc,0.685,-1.350,0.272,
213379364546502,GameRo,0.292,0.617,-0.641,0.352
213379369511631,Gyro,0.629,1.096,-1.000,
213379378558546,pre,1005.185,,,
213379384385410,acc,-7.217,-7.535,0.417,
213379384385410,Lacc,0.596,-1.631,-0.167,
213379384385410,GameRo,0.292,0.620,-0.645,0.338
213379389374749,Gyro,0.271,0.704,-1.158,
213379404265578,acc,-7.184,-7.745,0.188,
213379404265578,Lacc,0.488,-1.653,-0.324,
213379404265578,GameRo,0.289,0.625,-0.648,0.326
213379403568719,pre,1005.170,,,
213379409236647,Gyro,-0.026,0.433,-1.286,
213379424122836,acc,-7.297,-7.554,-0.001,
213379424122836,Lacc,0.214,-1.258,-0.446,
213379424122836,GameRo,0.282,0.631,-0.650,0.316
213379429061761,Gyro,-0.272,0.202,-1.379,
213379428579136,pre,1005.173,,,
213379443995924,acc,-7.101,-7.523,-0.442,
213379443995924,Lacc,0.233,-1.018,-0.815,
213379443995924,GameRo,0.273,0.637,-0.652,0.307
213379448958448,Gyro,-0.478,0.194,-1.374,
213379453567946,pre,1005.206,,,
213379463858391,acc,-6.788,-7.361,0.393,
213379463858391,Lacc,0.367,-0.656,0.114,
213379463858391,GameRo,0.264,0.645,-0.652,0.298
213379468824050,Gyro,-0.477,0.167,-1.372,
213379478605258,pre,1005.219,,,
213379483695550,acc,-6.774,-7.246,0.167,
213379483695550,Lacc,0.200,-0.349,-0.022,
213379483695550,GameRo,0.255,0.652,-0.652,0.290
213379488686232,Gyro,-0.612,0.112,-1.296,
213379503583245,acc,-6.457,-7.460,0.438,
213379503583245,Lacc,0.340,-0.386,0.353,
213379503583245,GameRo,0.245,0.660,-0.651,0.283
213379503600742,pre,1005.200,,,
213379508548822,Gyro,-0.731,0.017,-1.264,
213379523445509,acc,-6.436,-8.018,0.269,
213379523445509,Lacc,0.181,-0.775,0.290,
213379523445509,GameRo,0.235,0.668,-0.650,0.277
213379528411329,Gyro,-0.814,-0.048,-1.309,
213379528601189,pre,1005.209,,,
213379543308017,acc,-6.337,-8.443,-0.040,
213379543308017,Lacc,0.084,-1.028,0.099,
213379543308017,GameRo,0.223,0.676,-0.648,0.270
213379548273553,Gyro,-0.898,-0.047,-1.382,
213379553604038,pre,1005.252,,,
213379563173170,acc,-6.450,-8.644,0.081,
213379563173170,Lacc,-0.239,-1.056,0.351,
213379563173170,GameRo,0.211,0.685,-0.646,0.264
213379568136101,Gyro,-0.963,-0.073,-1.429,
213379578631870,pre,1005.267,,,
213379583009393,acc,-6.507,-9.007,0.313,
213379583009393,Lacc,-0.517,-1.249,0.722,
213379583009393,GameRo,0.197,0.694,-0.643,0.257
213379587998162,Gyro,-1.007,-0.133,-1.532,
213379602904534,acc,-6.361,-9.032,0.501,
213379602904534,Lacc,-0.620,-1.096,1.048,
213379602904534,GameRo,0.183,0.703,-0.640,0.250
213379603643711,pre,1005.234,,,
213379607860914,Gyro,-1.014,-0.211,-1.726,
213379622757603,acc,-6.529,-8.896,0.402,
213379622757603,Lacc,-1.075,-0.770,1.083,
213379622757603,GameRo,0.166,0.712,-0.638,0.242
213379627723260,Gyro,-1.014,-0.308,-1.952,
213379628651524,pre,1005.234,,,
213379642620070,acc,-6.894,-8.476,0.240,
213379642620070,Lacc,-1.768,-0.152,1.050,
213379642620070,GameRo,0.147,0.721,-0.636,0.233
213379647585769,Gyro,-1.068,-0.442,-2.116,
213379653697748,pre,1005.264,,,
213379662482823,acc,-7.135,-7.974,0.313,
213379662482823,Lacc,-2.360,0.544,1.256,
213379662482823,GameRo,0.125,0.730,-0.634,0.225
213379667422967,Gyro,-1.116,-0.569,-2.212,
213379678679356,pre,1005.246,,,
213379682345045,acc,-7.337,-7.419,0.443,
213379682345045,Lacc,-2.921,1.274,1.514,
213379682345045,GameRo,0.103,0.737,-0.631,0.217
213379687310175,Gyro,-1.046,-0.611,-2.244,
213379702207188,acc,-7.601,-7.131,0.469,
213379702207188,Lacc,-3.544,1.722,1.652,
213379702207188,GameRo,0.082,0.744,-0.629,0.209
213379703689528,pre,1005.194,,,
213379707173008,Gyro,-0.885,-0.583,-2.230,
213379722069614,acc,-7.951,-6.640,0.421,
213379722069614,Lacc,-4.239,2.351,1.692,
213379722069614,GameRo,0.061,0.749,-0.628,0.201
213379727035272,Gyro,-0.737,-0.544,-2.142,
213379728727288,pre,1005.188,,,
213379741932163,acc,-8.364,-6.044,0.436,
213379741932163,Lacc,-4.961,3.058,1.777,
213379741932163,GameRo,0.043,0.753,-0.628,0.194
213379746872593,Gyro,-0.654,-0.547,-1.967,
213379753713006,pre,1005.209,,,
213379761794834,acc,-8.651,-5.677,0.393,
213379761794834,Lacc,-5.525,3.514,1.801,
213379761794834,GameRo,0.026,0.756,-0.627,0.189
213379766745640,Gyro,-0.623,-0.577,-1.755,
213379781631708,acc,-8.749,-5.278,0.286,
213379778751377,pre,1005.215,,,
213379781631708,Lacc,-5.793,3.962,1.746,
213379781631708,GameRo,0.014,0.758,-0.625,0.188
213379786622674,Gyro,-0.605,-0.573,-1.517,
213379801493971,acc,-8.828,-4.979,0.306,
213379801493971,Lacc,-5.917,4.270,1.798,
213379801493971,GameRo,0.006,0.759,-0.623,0.191
213379803764194,pre,1005.206,,,
213379806485264,Gyro,-0.543,-0.519,-1.255,
213379821381992,acc,-8.999,-4.749,0.416,
213379821381992,Lacc,-6.125,4.507,1.938,
213379821381992,GameRo,-0.001,0.760,-0.621,0.193
213379826347609,Gyro,-0.430,-0.441,-0.938,
213379828778639,pre,1005.182,,,
213379841244175,acc,-9.024,-4.771,0.375,
213379841244175,Lacc,-6.157,4.483,1.916,
213379841244175,GameRo,-0.005,0.761,-0.619,0.196
213379846210362,Gyro,-0.307,-0.353,-0.603,
213379853747390,pre,1005.173,,,
213379861107375,acc,-9.007,-5.044,0.530,
213379861107375,Lacc,-6.155,4.212,2.084,
213379861107375,GameRo,-0.009,0.761,-0.618,0.198
213379866095900,Gyro,-0.181,-0.313,-0.298,
213379880944859,acc,-8.951,-5.448,0.749,
213379880944859,Lacc,-6.101,3.809,2.301,
213379880944859,GameRo,-0.011,0.761,-0.617,0.200
213379878803745,pre,1005.185,,,
213379885909743,Gyro,-0.042,-0.322,-0.044,
213379900814365,acc,-8.988,-6.054,0.614,
213379900814365,Lacc,-6.116,3.201,2.144,
213379900814365,GameRo,-0.013,0.760,-0.617,0.203
213379903810663,pre,1005.215,,,
213379905771804,Gyro,0.064,-0.326,0.119,
213379920673253,acc,-9.247,-6.490,0.165,
213379920673253,Lacc,-6.330,2.756,1.660,
213379920673253,GameRo,-0.013,0.759,-0.617,0.207
213379925659295,Gyro,0.102,-0.281,0.254,
213379928822056,pre,1005.203,,,
213379940531162,acc,-9.902,-6.860,0.101,
213379940531162,Lacc,-6.914,2.370,1.560,
213379940531162,GameRo,-0.012,0.758,-0.617,0.211
213379945521845,Gyro,0.117,-0.224,0.444,
213379953854405,pre,1005.151,,,
213379960418817,acc,-10.537,-7.099,0.397,
213379960418817,Lacc,-7.440,2.100,1.820,
213379960418817,GameRo,-0.009,0.757,-0.617,0.216
213379965383905,Gyro,0.117,-0.240,0.693,
213379980251825,acc,-11.238,-7.292,0.823,
213379980251825,Lacc,-7.980,1.857,2.207,
213379980251825,GameRo,-0.004,0.755,-0.616,0.223
213379978846552,pre,1005.133,,,
213379985246861,Gyro,0.114,-0.317,1.021,
213380000100132,acc,-11.838,-7.779,1.159,
213380000100132,Lacc,-8.353,1.293,2.497,
213380000100132,GameRo,0.003,0.754,-0.614,0.233
213380003856805,pre,1005.145,,,
213380005084344,Gyro,0.134,-0.427,1.409,
213380020005934,acc,-12.056,-8.456,1.242,
213380020005934,Lacc,-8.273,0.505,2.515,
213380020005934,GameRo,0.013,0.751,-0.612,0.246
213380024972162,Gyro,0.253,-0.514,1.755,
213380028869867,pre,1005.148,,,
213380039867629,acc,-12.025,-9.263,1.061,
213380039867629,Lacc,-7.896,-0.442,2.233,
213380039867629,GameRo,0.024,0.748,-0.610,0.262
213380044833571,Gyro,0.422,-0.574,1.960,
213380053880772,pre,1005.142,,,
213380059730829,acc,-12.065,-9.637,0.671,
213380059730829,Lacc,-7.570,-0.979,1.704,
213380059730829,GameRo,0.037,0.742,-0.608,0.278
213380064696446,Gyro,0.602,-0.590,2.083,
213380079567987,acc,-12.004,-8.899,0.048,
213380079567987,Lacc,-7.130,-0.430,0.913,
213380079567987,GameRo,0.051,0.736,-0.607,0.295
213380078907383,pre,1005.130,,,
213380084558831,Gyro,0.771,-0.429,2.282,
213380099434524,acc,-12.150,-8.357,-0.348,
213380099434524,Lacc,-6.869,-0.120,0.349,
213380099434524,GameRo,0.070,0.728,-0.606,0.312
213380104396031,Gyro,0.860,-0.145,2.641,
213380103903680,pre,1005.115,,,
213380119300572,acc,-11.609,-8.141,-0.104,
213380119300572,Lacc,-5.872,-0.203,0.446,
213380119300572,GameRo,0.093,0.721,-0.604,0.328
213380124283482,Gyro,0.965,0.103,3.035,
213380128916010,pre,1005.093,,,
213380139180536,acc,-10.396,-8.067,0.003,
213380139180536,Lacc,-4.169,-0.498,0.413,
213380139180536,GameRo,0.120,0.712,-0.600,0.345
213380144145665,Gyro,1.245,0.406,3.336,
213380153925816,pre,1005.090,,,
213380159043044,acc,-9.300,-8.732,0.405,
213380159043044,Lacc,-2.575,-1.594,0.682,
213380159043044,GameRo,0.153,0.701,-0.597,0.359
213380163983515,Gyro,1.741,0.788,3.488,
213380178905186,acc,-9.278,-9.854,-0.116,
213380178905186,Lacc,-2.073,-3.197,0.024,
213380178905186,GameRo,0.190,0.686,-0.597,0.370
213380178922236,pre,1005.090,,,
213380183845412,Gyro,2.179,1.084,3.617,
213380198768142,acc,-8.386,-10.107,-3.233,
213380198768142,Lacc,-0.713,-3.994,-3.189,
213380198768142,GameRo,0.231,0.670,-0.595,0.379
213380203707962,Gyro,2.203,1.972,3.688,
213380203927647,pre,1005.060,,,
213380218643549,acc,-7.703,-9.602,1.836,
213380218643549,Lacc,0.376,-4.041,2.016,
213380218643549,GameRo,0.277,0.658,-0.590,0.378
213380223575026,Gyro,2.343,2.455,3.342,
213380228936355,pre,1005.063,,,
213380238492141,acc,-9.708,-10.595,2.626,
213380238492141,Lacc,-1.291,-5.564,2.910,
213380238492141,GameRo,0.321,0.641,-0.588,0.375
213380243458735,Gyro,2.742,2.172,3.462,
213380253927119,pre,1005.118,,,
213380258354975,acc,-7.136,-8.862,0.696,
213380258354975,Lacc,1.587,-4.391,1.100,
213380258354975,GameRo,0.365,0.622,-0.584,0.372
213380263295526,Gyro,2.360,2.200,3.104,
213380278217321,acc,-7.711,-8.159,2.084,
213380278217321,Lacc,1.235,-4.178,2.671,
213380278217321,GameRo,0.403,0.606,-0.579,0.368
213380278958164,pre,1005.160,,,
213380283177037,Gyro,1.810,1.698,2.758,
213380298079747,acc,-7.441,-7.057,2.112,
213380298079747,Lacc,1.678,-3.509,2.818,
213380298079747,GameRo,0.431,0.592,-0.573,0.368
213380303065098,Gyro,1.198,0.963,2.480,
213380303970982,pre,1005.167,,,
213380317942540,acc,-7.474,-6.490,2.024,
213380317942540,Lacc,1.747,-3.202,2.658,
213380317942540,GameRo,0.444,0.579,-0.574,0.372
213380322908197,Gyro,0.711,0.221,2.341,
213380328982741,pre,1005.173,,,
213380337804519,acc,-7.050,-6.276,1.343,
213380337804519,Lacc,2.257,-3.213,1.844,
213380337804519,GameRo,0.450,0.568,-0.575,0.379
213380342770218,Gyro,0.449,-0.219,2.228,
213380354019851,pre,1005.185,,,
213380357666824,acc,-6.597,-6.099,0.330,
213380357666824,Lacc,2.834,-3.431,0.750,
213380357666824,GameRo,0.462,0.555,-0.570,0.391
213380362627069,Gyro,0.279,-0.290,2.124,
213380377529332,acc,-6.203,-6.164,-0.562,
213380377529332,Lacc,3.330,-3.881,-0.197,
213380377529332,GameRo,0.473,0.543,-0.565,0.403
213380382511958,Gyro,0.187,-0.063,2.016,
213380379010614,pre,1005.185,,,
213380397391678,acc,-5.908,-6.088,-0.582,
213380397391678,Lacc,3.707,-4.175,-0.208,
213380397391678,GameRo,0.484,0.534,-0.557,0.413
213380402357416,Gyro,0.169,0.256,1.917,
213380404034947,pre,1005.176,,,
213380417254063,acc,-5.715,-6.286,-0.042,
213380417254063,Lacc,3.961,-4.726,0.395,
213380417254063,GameRo,0.497,0.525,-0.549,0.420
213380422219721,Gyro,0.218,0.433,1.801,
213380429052281,pre,1005.188,,,
213380437116612,acc,-5.406,-6.562,0.442,
213380437116612,Lacc,4.313,-5.330,0.963,
213380437116612,GameRo,0.509,0.517,-0.541,0.426
213380442082270,Gyro,0.317,0.472,1.627,
213380454030919,pre,1005.188,,,
213380456978917,acc,-5.113,-6.854,0.497,
213380456978917,Lacc,4.633,-5.908,1.097,
213380456978917,GameRo,0.521,0.509,-0.534,0.430
213380461944697,Gyro,0.390,0.428,1.359,
213380476841262,acc,-5.011,-7.649,-0.221,
213380476841262,Lacc,4.747,-6.891,0.454,
213380476841262,GameRo,0.530,0.504,-0.529,0.431
213380481779413,Gyro,0.356,0.436,0.964,
213380479053055,pre,1005.173,,,
213380496703974,acc,-5.660,-8.888,-0.755,
213380496703974,Lacc,4.100,-8.249,0.002,
213380496703974,GameRo,0.536,0.501,-0.526,0.430
213380501643468,Gyro,0.214,0.408,0.489,
213380504086746,pre,1005.185,,,
213380516566360,acc,-6.630,-10.191,-1.035,
213380516566360,Lacc,3.127,-9.598,-0.208,
213380516566360,GameRo,0.540,0.501,-0.523,0.429
213380521531814,Gyro,0.003,0.283,0.031,
213380529097162,pre,1005.212,,,
213380536428909,acc,-6.732,-10.579,-1.192,
213380536428909,Lacc,3.019,-9.951,-0.323,
213380536428909,GameRo,0.540,0.503,-0.522,0.428
213380541394363,Gyro,-0.247,0.111,-0.403,
213380556265986,acc,-6.391,-9.939,-1.160,
213380556265986,Lacc,3.351,-9.196,-0.279,
213380556265986,GameRo,0.535,0.508,-0.523,0.426
213380554083328,pre,1005.228,,,
213380561244053,Gyro,-0.585,-0.075,-0.847,
213380576153437,acc,-6.561,-9.548,-0.805,
213380576153437,Lacc,3.166,-8.613,0.056,
213380576153437,GameRo,0.526,0.517,-0.525,0.425
213380581095942,Gyro,-0.874,-0.289,-1.222,
213380579096267,pre,1005.209,,,
213380596015823,acc,-7.313,-10.736,-0.972,
213380596015823,Lacc,2.391,-9.548,-0.166,
213380596015823,GameRo,0.512,0.528,-0.527,0.425
213380600956457,Gyro,-1.139,-0.533,-1.537,
213380604132848,pre,1005.173,,,
213380615878128,acc,-6.836,-11.226,-1.569,
213380615878128,Lacc,2.832,-9.726,-0.846,
213380615878128,GameRo,0.495,0.541,-0.531,0.426
213380620843867,Gyro,-1.501,-0.632,-1.948,
213380629145055,pre,1005.145,,,
213380635740921,acc,-5.862,-10.227,-1.104,
213380635740921,Lacc,3.741,-8.332,-0.443,
213380635740921,GameRo,0.472,0.557,-0.534,0.426
213380640682205,Gyro,-1.742,-0.525,-2.416,
213380654157750,pre,1005.167,,,
213380655603063,acc,-6.567,-9.940,0.197,
213380655603063,Lacc,2.930,-7.566,0.844,
213380655603063,GameRo,0.448,0.577,-0.538,0.422
213380660568761,Gyro,-1.593,-0.410,-2.867,
213380675465367,acc,-8.307,-10.646,0.642,
213380675465367,Lacc,1.032,-7.715,1.290,
213380675465367,GameRo,0.422,0.596,-0.544,0.414
213380680424840,Gyro,-1.062,-0.361,-3.248,
213380679145828,pre,1005.215,,,
213380695327916,acc,-9.969,-11.413,-0.398,
213380695327916,Lacc,-0.847,-7.863,0.240,
213380695327916,GameRo,0.396,0.613,-0.554,0.400
213380700268102,Gyro,-0.406,-0.226,-3.604,
213380704181391,pre,1005.225,,,
213380715165847,acc,-11.510,-11.290,-1.825,
213380715165847,Lacc,-2.675,-7.073,-1.201,
213380715165847,GameRo,0.372,0.627,-0.568,0.381
213380720131343,Gyro,0.034,-0.020,-3.835,
213380729194087,pre,1005.218,,,
213380735028030,acc,-12.246,-9.585,-2.732,
213380735028030,Lacc,-3.761,-4.701,-2.107,
213380735028030,GameRo,0.348,0.641,-0.583,0.358
213380740018956,Gyro,0.084,0.145,-3.776,
213380754906245,acc,-12.077,-7.626,-2.777,
213380754906245,Lacc,-3.974,-2.135,-2.123,
213380754906245,GameRo,0.326,0.654,-0.595,0.335
213380754208125,pre,1005.209,,,
213380759880610,Gyro,-0.149,0.160,-3.481,
213380774777623,acc,-10.951,-6.338,-2.230,
213380774777623,Lacc,-3.229,-0.328,-1.521,
213380774777623,GameRo,0.304,0.666,-0.604,0.315
213380779704869,Gyro,-0.455,0.070,-3.172,
213380779193924,pre,1005.212,,,
213380794639888,acc,-9.722,-5.653,-1.313,
213380794639888,Lacc,-2.381,0.807,-0.531,
213380794639888,GameRo,0.282,0.679,-0.609,0.298
213380799569534,Gyro,-0.671,-0.102,-2.997,
213380804229609,pre,1005.212,,,
213380814478673,acc,-9.105,-5.176,-0.840,
213380814478673,Lacc,-2.140,1.679,0.011,
213380814478673,GameRo,0.259,0.690,-0.613,0.284
213380819447993,Gyro,-0.830,-0.336,-2.872,
213380829240310,pre,1005.234,,,
213380834364863,acc,-8.864,-4.718,-0.980,
213380834364863,Lacc,-2.145,2.370,-0.057,
213380834364863,GameRo,0.241,0.699,-0.613,0.278
213380839330317,Gyro,-1.024,-0.519,-2.718,
213380854227168,acc,-8.574,-4.597,-1.521,
213380854227168,Lacc,-1.716,2.331,-0.420,
213380854227168,GameRo,0.242,0.705,-0.600,0.290
213380854244542,pre,1005.246,,,
213380859192948,Gyro,-1.240,-0.499,-2.525,
213380874089758,acc,-8.469,-4.911,-1.697,
213380874089758,Lacc,-1.718,2.091,-0.421,
213380874089758,GameRo,0.231,0.715,-0.592,0.290
213380879055252,Gyro,-1.303,-0.202,-2.296,
213380879237544,pre,1005.218,,,
213380893952062,acc,-8.424,-5.526,-1.342,
213380893952062,Lacc,-1.933,1.684,0.109,
213380893952062,GameRo,0.213,0.727,-0.588,0.282
213380898917557,Gyro,-1.126,0.300,-2.074,
213380904247676,pre,1005.197,,,
213380913814530,acc,-8.543,-6.708,-0.442,
213380913814530,Lacc,-2.359,0.724,1.219,
213380913814530,GameRo,0.199,0.738,-0.586,0.269
213380918754756,Gyro,-0.852,0.683,-2.002,
213380929259476,pre,1005.194,,,
213380933652583,acc,-8.943,-7.248,0.394,
213380933652583,Lacc,-3.085,0.398,2.257,
213380933652583,GameRo,0.187,0.748,-0.584,0.253
213380938617264,Gyro,-0.626,0.771,-2.032,
213380953539098,acc,-9.174,-7.000,0.819,
213380953539098,Lacc,-3.660,0.855,2.850,
213380953539098,GameRo,0.174,0.757,-0.583,0.237
213380954272700,pre,1005.179,,,
213380958504918,Gyro,-0.513,0.662,-2.099,
213380973401648,acc,-9.650,-6.288,1.050,
213380973401648,Lacc,-4.494,1.771,3.219,
213380973401648,GameRo,0.161,0.765,-0.584,0.221
213380978367508,Gyro,-0.518,0.410,-2.130,
213380979282303,pre,1005.179,,,
213380993264033,acc,-10.489,-5.901,1.077,
213380993264033,Lacc,-5.685,2.342,3.361,
213380993264033,GameRo,0.145,0.772,-0.584,0.208
213380998204544,Gyro,-0.605,0.123,-2.074,
213381004318029,pre,1005.203,,,
213381013126501,acc,-11.354,-5.844,1.122,
213381013126501,Lacc,-6.885,2.556,3.512,
213381013126501,GameRo,0.128,0.778,-0.583,0.197
213381018066808,Gyro,-0.660,-0.096,-1.976,
213381029322017,pre,1005.206,,,
213381032988846,acc,-12.440,-5.669,1.421,
213381032988846,Lacc,-8.280,2.862,3.902,
213381032988846,GameRo,0.111,0.784,-0.582,0.188
213381037954057,Gyro,-0.561,-0.265,-1.787,
213381052851070,acc,-13.288,-5.056,1.644,
213381052851070,Lacc,-9.392,3.583,4.178,
213381052851070,GameRo,0.095,0.787,-0.581,0.182
213381054312781,pre,1005.176,,,
213381057806025,Gyro,-0.338,-0.426,-1.472,
213381072713537,acc,-13.770,-3.651,1.635,
213381072713537,Lacc,-10.066,5.072,4.172,
213381072713537,GameRo,0.082,0.789,-0.582,0.179
213381077678829,Gyro,-0.159,-0.622,-0.964,
213381079348668,pre,1005.145,,,
213381092576127,acc,-14.931,-3.590,1.599,
213381092576127,Lacc,-11.304,5.176,4.098,
213381092576127,GameRo,0.073,0.789,-0.583,0.181
213381097516556,Gyro,0.043,-0.804,-0.257,
213381104335688,pre,1005.164,,,
213381112438512,acc,-15.396,-4.208,1.429,
213381112438512,Lacc,-11.710,4.560,3.832,
213381112438512,GameRo,0.068,0.786,-0.585,0.188
213381117385087,Gyro,0.379,-0.989,0.445,
213381132275386,acc,-14.091,-3.318,0.421,
213381132275386,Lacc,-10.224,5.417,2.654,
213381132275386,GameRo,0.069,0.780,-0.588,0.200
213381129373205,pre,1005.200,,,
213381137240962,Gyro,0.623,-1.053,1.072,
213381152140294,acc,-13.318,-3.101,-0.378,
213381152140294,Lacc,-9.170,5.553,1.655,
213381152140294,GameRo,0.075,0.773,-0.591,0.216
213381154383093,pre,1005.182,,,
213381157128902,Gyro,0.695,-0.970,1.705,
213381172025590,acc,-13.169,-3.859,-0.650,
213381172025590,Lacc,-8.642,4.649,1.183,
213381172025590,GameRo,0.087,0.765,-0.593,0.234
213381176991328,Gyro,0.784,-0.755,2.339,
213381179393835,pre,1005.148,,,
213381191888179,acc,-13.458,-5.474,-0.526,
213381191888179,Lacc,-8.472,2.816,1.103,
213381191888179,GameRo,0.105,0.756,-0.594,0.253
213381196828283,Gyro,1.065,-0.365,2.929,
213381204378780,pre,1005.148,,,
213381211724971,acc,-13.911,-7.489,-0.094,
213381211724971,Lacc,-8.402,0.505,1.318,
213381211724971,GameRo,0.131,0.745,-0.595,0.272
213381216689977,Gyro,1.450,0.059,3.477,
213381231585120,acc,-13.907,-9.408,0.122,
213381231585120,Lacc,-7.829,-1.800,1.311,
213381231585120,GameRo,0.164,0.731,-0.596,0.290
213381229414872,pre,1005.167,,,
213381236552038,Gyro,1.786,0.432,3.965,
213381251454545,acc,-13.301,-11.066,0.236,
213381251454545,Lacc,-6.625,-3.945,1.217,
213381251454545,GameRo,0.203,0.713,-0.596,0.307
213381254412797,pre,1005.164,,,
213381256440994,Gyro,2.005,0.702,4.307,
213381271337724,acc,-11.984,-11.847,0.028,
213381271337724,Lacc,-4.727,-5.297,0.842,
213381271337724,GameRo,0.245,0.694,-0.595,0.323
213381276302893,Gyro,2.029,0.928,4.419,
213381279455725,pre,1005.139,,,
213381291199947,acc,-10.828,-11.357,0.350,
213381291199947,Lacc,-3.037,-5.438,1.064,
213381291199947,GameRo,0.287,0.674,-0.592,0.337
213381296165645,Gyro,1.914,0.969,4.403,
213381304471106,pre,1005.139,,,
213381311062537,acc,-10.107,-10.458,0.796,
213381311062537,Lacc,-1.843,-5.213,1.451,
213381311062537,GameRo,0.328,0.653,-0.586,0.351
213381316003007,Gyro,1.822,0.846,4.378,
213381330924963,acc,-9.413,-9.860,0.761,
213381330924963,Lacc,-0.735,-5.326,1.372,
213381330924963,GameRo,0.367,0.630,-0.579,0.365
213381329483516,pre,1005.145,,,
213381335890580,Gyro,1.804,0.728,4.344,
213381350787390,acc,-8.886,-9.989,0.416,
213381350787390,Lacc,0.140,-6.190,0.999,
213381350787390,GameRo,0.404,0.606,-0.572,0.378
213381355729528,Gyro,1.816,0.698,4.212,
213381354442419,pre,1005.173,,,
213381370649328,acc,-8.204,-9.652,-0.166,
213381370649328,Lacc,1.092,-6.573,0.420,
213381370649328,GameRo,0.438,0.581,-0.564,0.390
213381375569902,Gyro,1.570,0.590,3.900,
213381379454626,pre,1005.203,,,
213381390511877,acc,-7.898,-8.828,-0.550,
213381390511877,Lacc,1.596,-6.434,0.053,
213381390511877,GameRo,0.468,0.559,-0.555,0.402
213381395477372,Gyro,1.112,0.342,3.637,
213381404493689,pre,1005.215,,,
213381410374466,acc,-7.467,-8.291,-0.769,
213381410374466,Lacc,2.168,-6.551,-0.160,
213381410374466,GameRo,0.492,0.538,-0.545,0.415
213381415314897,Gyro,0.649,0.103,3.414,
213381430212479,acc,-7.068,-8.363,-0.736,
213381430212479,Lacc,2.661,-7.252,-0.137,
213381430212479,GameRo,0.511,0.519,-0.533,0.430
213381429505285,pre,1005.203,,,
213381435190100,Gyro,0.287,-0.040,3.190,
213381450073360,acc,-6.850,-8.849,-0.653,
213381450073360,Lacc,2.929,-8.330,-0.072,
213381450073360,GameRo,0.527,0.502,-0.521,0.446
213381455039750,Gyro,0.108,-0.066,2.956,
213381454517167,pre,1005.200,,,
213381469961666,acc,-6.136,-9.031,-0.761,
213381469961666,Lacc,3.657,-9.053,-0.185,
213381469961666,GameRo,0.541,0.487,-0.509,0.460
213381474927201,Gyro,0.082,0.078,2.626,
213381479529130,pre,1005.179,,,
213381489824012,acc,-5.659,-9.228,-0.838,
213381489824012,Lacc,4.120,-9.720,-0.227,
213381489824012,GameRo,0.554,0.474,-0.497,0.471
213381494789628,Gyro,0.135,0.303,2.225,
213381504536454,pre,1005.164,,,
213381509686560,acc,-5.964,-9.819,-0.594,
213381509686560,Lacc,3.782,-10.700,0.093,
213381509686560,GameRo,0.566,0.464,-0.486,0.478
213381514652340,Gyro,0.119,0.398,1.850,
213381529547400,acc,-5.841,-10.209,-0.394,
213381529547400,Lacc,3.865,-11.409,0.369,
213381529547400,GameRo,0.576,0.456,-0.477,0.484
213381529564693,pre,1005.197,,,
213381534491776,Gyro,-0.057,0.315,1.489,
213381549386755,acc,-5.460,-10.518,-0.127,
213381549386755,Lacc,4.209,-11.968,0.677,
213381549386755,GameRo,0.582,0.450,-0.468,0.490
213381554351315,Gyro,-0.330,0.109,1.098,
213381554521562,pre,1005.249,,,
213381569248409,acc,-4.414,-10.625,0.272,
213381569248409,Lacc,5.228,-12.247,1.061,
213381569248409,GameRo,0.583,0.447,-0.462,0.496
213381574239986,Gyro,-0.580,-0.177,0.605,
213381579542762,pre,1005.237,,,
213381589136104,acc,-3.619,-10.855,0.366,
213381589136104,Lacc,6.018,-12.546,1.079,
213381589136104,GameRo,0.580,0.447,-0.459,0.503
213381594101396,Gyro,-0.648,-0.352,-0.026,
213381604553666,pre,1005.185,,,
213381608998450,acc,-4.445,-12.506,-0.119,
213381608998450,Lacc,5.209,-14.136,0.495,
213381608998450,GameRo,0.573,0.450,-0.461,0.506
213381613940466,Gyro,-0.627,-0.439,-0.719,
213381628860917,acc,-4.187,-12.567,-1.228,
213381628860917,Lacc,5.506,-13.991,-0.714,
213381628860917,GameRo,0.563,0.457,-0.466,0.507
213381629566809,pre,1005.173,,,
213381633841305,Gyro,-0.770,-0.296,-1.544,
213381648723344,acc,-4.936,-10.968,-0.430,
213381648723344,Lacc,4.806,-12.026,0.024,
213381648723344,GameRo,0.549,0.471,-0.473,0.503
213381653663651,Gyro,-0.885,-0.124,-2.253,
213381654578365,pre,1005.194,,,
213381668584225,acc,-7.430,-10.376,0.847,
213381668584225,Lacc,2.354,-10.954,1.261,
213381668584225,GameRo,0.532,0.488,-0.482,0.497
213381673551103,Gyro,-0.804,-0.251,-2.633,
213381679643266,pre,1005.194,,,
213381688417354,acc,-9.424,-10.750,0.302,
213381688417354,Lacc,0.380,-10.795,0.645,
213381688417354,GameRo,0.513,0.504,-0.493,0.489
213381693414180,Gyro,-0.630,-0.397,-2.841,
213381704621700,pre,1005.185,,,
213381708318030,acc,-10.782,-12.162,-1.338,
213381708318030,Lacc,-0.991,-11.632,-1.065,
213381708318030,GameRo,0.494,0.520,-0.507,0.479
213381713275875,Gyro,-0.472,-0.219,-3.100,
213381728172929,acc,-11.595,-12.730,-1.858,
213381728172929,Lacc,-1.858,-11.565,-1.596,
213381728172929,GameRo,0.474,0.537,-0.521,0.464
213381729606197,pre,1005.206,,,
213381733138587,Gyro,-0.328,0.059,-3.476,
213381748009762,acc,-12.113,-11.570,-1.455,
213381748009762,Lacc,-2.487,-9.704,-1.157,
213381748009762,GameRo,0.454,0.556,-0.535,0.446
213381753001054,Gyro,-0.240,0.164,-3.750,
213381754640459,pre,1005.231,,,
213381767881791,acc,-11.834,-9.638,-1.044,
213381767881791,Lacc,-2.378,-7.046,-0.706,
213381767881791,GameRo,0.432,0.575,-0.550,0.425
213381772863603,Gyro,-0.236,0.083,-3.833,
213381779633216,pre,1005.225,,,
213381787760169,acc,-10.767,-8.033,-0.697,
213381787760169,Lacc,-1.537,-4.728,-0.342,
213381787760169,GameRo,0.409,0.592,-0.564,0.405
213381792725745,Gyro,-0.259,-0.104,-3.845,
213381804659665,pre,1005.212,,,
213381807622636,acc,-9.874,-6.938,-0.644,
213381807622636,Lacc,-0.924,-2.936,-0.305,
213381807622636,GameRo,0.384,0.608,-0.578,0.385
213381812588172,Gyro,-0.250,-0.300,-3.891,
213381827484860,acc,-9.437,-6.200,-0.849,
213381827484860,Lacc,-0.823,-1.515,-0.555,
213381827484860,GameRo,0.357,0.623,-0.593,0.365
213381829669837,pre,1005.231,,,
213381832450639,Gyro,-0.241,-0.470,-3.967,
213381847322017,acc,-10.102,-4.970,-1.193,
213381847322017,Lacc,-1.883,0.381,-0.977,
213381847322017,GameRo,0.327,0.636,-0.607,0.347
213381852313473,Gyro,-0.599,-0.969,-3.960,
213381854682043,pre,1005.231,,,
213381867188554,acc,-9.166,-5.185,-1.376,
213381867188554,Lacc,-1.379,0.779,-1.227,
213381867188554,GameRo,0.294,0.649,-0.618,0.332
213381872175370,Gyro,-0.709,-0.880,-3.813,
213381879667965,pre,1005.203,,,
213381887071936,acc,-9.441,-4.696,-1.206,
213381887071936,Lacc,-2.107,1.818,-1.094,
213381887071936,GameRo,0.262,0.661,-0.628,0.316
213381892037757,Gyro,-0.763,-0.767,-3.520,
213381904701819,pre,1005.194,,,
213381906934404,acc,-9.016,-5.645,-1.213,
213381906934404,Lacc,-2.134,1.345,-1.091,
213381906934404,GameRo,0.233,0.672,-0.635,0.301
213381911899817,Gyro,-0.746,-0.512,-3.327,
213381926796953,acc,-9.019,-6.943,-0.959,
213381926796953,Lacc,-2.607,0.479,-0.782,
213381926796953,GameRo,0.207,0.683,-0.640,0.285
213381929710486,pre,1005.231,,,
213381931762529,Gyro,-0.848,-0.311,-3.329,
213381946659746,acc,-9.292,-7.122,-0.415,
213381946659746,Lacc,-3.386,0.705,-0.122,
213381946659746,GameRo,0.179,0.695,-0.643,0.267
213381951602780,Gyro,-1.179,-0.228,-3.392,
213381954688839,pre,1005.246,,,
213381966522051,acc,-10.149,-6.087,0.849,
213381966522051,Lacc,-4.775,2.107,1.327,
213381966522051,GameRo,0.151,0.708,-0.643,0.250
213381971487260,Gyro,-1.485,-0.288,-3.248,
213381979730018,pre,1005.240,,,
213381986384152,acc,-11.051,-4.806,1.973,
213381986384152,Lacc,-6.180,3.681,2.677,
213381986384152,GameRo,0.123,0.722,-0.640,0.235
213381991328366,Gyro,-1.695,-0.488,-2.748,
213382006225257,acc,-11.403,-4.422,2.400,
213382006225257,Lacc,-6.937,4.261,3.350,
213382006225257,GameRo,0.098,0.734,-0.633,0.226
213382004757524,pre,1005.219,,,
213382011212317,Gyro,-1.808,-0.652,-2.075,
213382026108680,acc,-11.271,-5.001,2.538,
213382026108680,Lacc,-7.096,3.795,3.743,
213382026108680,GameRo,0.077,0.745,-0.624,0.221
213382031049354,Gyro,-1.786,-0.671,-1.499,
213382029742144,pre,1005.212,,,
213382045971473,acc,-11.368,-5.736,2.798,
213382045971473,Lacc,-7.395,3.115,4.255,
213382045971473,GameRo,0.059,0.755,-0.614,0.220
213382050915849,Gyro,-1.687,-0.588,-1.045,
213382054760861,pre,1005.215,,,
213382065833818,acc,-11.440,-6.263,3.547,
213382065833818,Lacc,-7.597,2.603,5.241,
213382065833818,GameRo,0.046,0.764,-0.604,0.220
213382070774126,Gyro,-1.464,-0.514,-0.681,
213382079771644,pre,1005.206,,,
213382085670895,acc,-12.213,-6.700,4.286,
213382085670895,Lacc,-8.441,2.158,6.168,
213382085670895,GameRo,0.037,0.771,-0.596,0.221
213382090661821,Gyro,-0.987,-0.430,-0.315,
213382105534908,acc,-14.047,-8.007,4.670,
213382105534908,Lacc,-10.276,0.832,6.645,
213382105534908,GameRo,0.032,0.774,-0.591,0.224
213382104760495,pre,1005.188,,,
213382110523882,Gyro,-0.342,-0.456,0.124,
213382125428341,acc,-14.187,-7.677,4.114,
213382125428341,Lacc,-10.336,1.134,6.059,
213382125428341,GameRo,0.031,0.773,-0.590,0.230
213382130361243,Gyro,0.134,-0.663,0.509,
213382129804887,pre,1005.167,,,
213382145283078,acc,-13.292,-5.667,2.873,
213382145283078,Lacc,-9.286,3.097,4.711,
213382145283078,GameRo,0.033,0.770,-0.590,0.240
213382150249264,Gyro,0.327,-0.824,0.971,
213382154801591,pre,1005.179,,,
213382165120928,acc,-13.084,-4.946,1.892,
213382165120928,Lacc,-8.830,3.728,3.593,
213382165120928,GameRo,0.038,0.765,-0.591,0.254
213382170111202,Gyro,0.404,-0.831,1.598,
213382179812985,pre,1005.185,,,
213382184984576,acc,-13.047,-5.562,1.118,
213382184984576,Lacc,-8.437,2.957,2.671,
213382184984576,GameRo,0.049,0.759,-0.589,0.271
213382189973467,Gyro,0.606,-0.585,2.287,
213382204844805,acc,-13.283,-7.181,0.614,
213382204844805,Lacc,-8.228,1.111,2.002,
213382204844805,GameRo,0.069,0.752,-0.588,0.289
213382204792070,pre,1005.170,,,
213382209836179,Gyro,0.978,-0.104,2.867,
213382224733029,acc,-13.525,-8.700,0.731,
213382224733029,Lacc,-7.969,-0.706,1.943,
213382224733029,GameRo,0.096,0.743,-0.587,0.305
213382229669552,Gyro,1.326,0.338,3.329,
213382229796668,pre,1005.139,,,
213382244595252,acc,-13.435,-9.575,1.003,
213382244595252,Lacc,-7.342,-1.958,2.049,
213382244595252,GameRo,0.129,0.733,-0.586,0.321
213382249561358,Gyro,1.492,0.590,3.737,
213382254819129,pre,1005.130,,,
213382264447059,acc,-12.832,-10.033,1.359,
213382264447059,Lacc,-6.179,-2.880,2.260,
213382264447059,GameRo,0.166,0.720,-0.584,0.337
213382269423418,Gyro,1.582,0.680,4.066,
213382279830238,pre,1005.145,,,
213382284325558,acc,-11.911,-10.060,1.528,
213382284325558,Lacc,-4.696,-3.458,2.299,
213382284325558,GameRo,0.205,0.705,-0.580,0.353
213382289285764,Gyro,1.746,0.701,4.317,
213382304178301,acc,-10.857,-10.018,1.504,
213382304178301,Lacc,-3.101,-4.047,2.148,
213382304178301,GameRo,0.246,0.687,-0.575,0.369
213382304841021,pre,1005.167,,,
213382309148068,Gyro,2.024,0.736,4.515,
213382324044918,acc,-9.655,-9.935,1.184,
213382324044918,Lacc,-1.398,-4.663,1.707,
213382324044918,GameRo,0.289,0.666,-0.571,0.384
213382329010536,Gyro,2.350,0.836,4.584,
213382329850827,pre,1005.167,,,
213382343907142,acc,-8.826,-9.987,0.780,
213382343907142,Lacc,-0.133,-5.460,1.208,
213382343907142,GameRo,0.333,0.641,-0.566,0.397
213382348847368,Gyro,2.630,0.895,4.539,
213382354886675,pre,1005.151,,,
213382363745033,acc,-7.859,-9.786,-0.075,
213382363745033,Lacc,1.192,-6.020,0.295,
213382363745033,GameRo,0.377,0.614,-0.562,0.406
213382368735471,Gyro,2.615,0.931,4.269,
213382379872475,pre,1005.142,,,
213382383625851,acc,-7.453,-8.990,-0.390,
213382383625851,Lacc,1.870,-5.958,-0.029,
213382383625851,GameRo,0.417,0.587,-0.557,0.414
213382388597327,Gyro,2.162,0.685,4.034,
213382403505287,acc,-6.917,-8.991,-0.666,
213382403505287,Lacc,2.609,-6.674,-0.306,
213382403505287,GameRo,0.450,0.562,-0.549,0.424
213382404880164,pre,1005.118,,,
213382408434934,Gyro,1.662,0.391,3.754,
213382423356849,acc,-6.116,-8.683,-0.952,
213382423356849,Lacc,3.546,-7.025,-0.589,
213382423356849,GameRo,0.477,0.539,-0.541,0.434
213382428322141,Gyro,1.315,0.281,3.403,
213382429911536,pre,1005.115,,,
213382443219114,acc,-5.780,-8.470,-0.819,
213382443219114,Lacc,3.945,-7.243,-0.427,
213382443219114,GameRo,0.497,0.523,-0.536,0.439
213382448159502,Gyro,1.082,0.219,3.045,
213382454919512,pre,1005.133,,,
213382463082232,acc,-5.868,-8.647,-0.814,
213382463082232,Lacc,3.905,-7.914,-0.401,
213382463082232,GameRo,0.515,0.505,-0.529,0.446
213382468038450,Gyro,0.908,0.144,2.719,
213382482919105,acc,-5.772,-9.072,-1.393,
213382482919105,Lacc,4.025,-8.825,-0.960,
213382482919105,GameRo,0.532,0.488,-0.521,0.454
213382479903277,pre,1005.154,,,
213382487891436,Gyro,0.691,0.183,2.401,
213382502810218,acc,-5.670,-9.647,-1.655,
213382502810218,Lacc,4.127,-9.824,-1.177,
213382502810218,GameRo,0.547,0.475,-0.512,0.462
213382504939857,pre,1005.148,,,
213382507772092,Gyro,0.401,0.279,2.055,
213382522668780,acc,-5.726,-10.380,-1.411,
213382522668780,Lacc,4.054,-10.911,-0.871,
213382522668780,GameRo,0.558,0.465,-0.504,0.468
213382527634478,Gyro,0.127,0.317,1.653,
213382529929685,pre,1005.157,,,
213382542531165,acc,-5.684,-10.906,-1.226,
213382542531165,Lacc,4.074,-11.711,-0.625,
213382542531165,GameRo,0.566,0.458,-0.495,0.473
213382547496702,Gyro,-0.173,0.275,1.209,
213382554954302,pre,1005.188,,,
213382562393471,acc,-5.383,-10.609,-0.792,
213382562393471,Lacc,4.355,-11.604,-0.151,
213382562393471,GameRo,0.570,0.455,-0.488,0.479
213382567333900,Gyro,-0.557,0.110,0.780,
213382579961627,pre,1005.188,,,
213382582256100,acc,-4.707,-9.954,-0.155,
213382582256100,Lacc,5.020,-11.064,0.471,
213382582256100,GameRo,0.569,0.456,-0.482,0.486
213382587192746,Gyro,-0.934,-0.156,0.376,
213382602118283,acc,-4.769,-10.261,0.212,
213382602118283,Lacc,4.958,-11.410,0.762,
213382602118283,GameRo,0.563,0.459,-0.478,0.493
213382604950559,pre,1005.182,,,
213382607084022,Gyro,-1.143,-0.366,-0.056,
213382621980833,acc,-5.705,-12.162,-0.056,
213382621980833,Lacc,4.033,-13.261,0.381,
213382621980833,GameRo,0.554,0.464,-0.477,0.500
213382626946490,Gyro,-1.201,-0.491,-0.570,
213382629981606,pre,1005.194,,,
213382641843218,acc,-5.138,-12.539,-0.684,
213382641843218,Lacc,4.623,-13.472,-0.368,
213382641843218,GameRo,0.541,0.472,-0.478,0.505
213382646808714,Gyro,-1.306,-0.433,-1.283,
213382654988929,pre,1005.194,,,
213382661705564,acc,-4.758,-10.596,-0.051,
213382661705564,Lacc,5.031,-11.211,0.171,
213382661705564,GameRo,0.525,0.486,-0.482,0.506
213382666671221,Gyro,-1.424,-0.319,-2.003,
213382679994422,pre,1005.185,,,
213382681593462,acc,-6.374,-9.382,1.293,
213382681593462,Lacc,3.434,-9.554,1.439,
213382681593462,GameRo,0.505,0.503,-0.488,0.504
213382686508665,Gyro,-1.339,-0.416,-2.440,
213382701430377,acc,-8.041,-9.430,1.264,
213382701430377,Lacc,1.763,-9.098,1.314,
213382701430377,GameRo,0.483,0.519,-0.498,0.500
213382705001665,pre,1005.200,,,
213382706421140,Gyro,-1.007,-0.557,-2.674,
213382721292925,acc,-8.979,-10.909,-0.305,
213382721292925,Lacc,0.791,-10.023,-0.351,
213382721292925,GameRo,0.461,0.534,-0.510,0.492
213382726258339,Gyro,-0.534,-0.414,-3.053,
213382730022662,pre,1005.215,,,
213382741155068,acc,-10.009,-11.795,-1.787,
213382741155068,Lacc,-0.319,-10.269,-1.878,
213382741155068,GameRo,0.441,0.549,-0.525,0.478
213382746121498,Gyro,-0.079,-0.031,-3.567,
213382755020261,pre,1005.237,,,
213382761017535,acc,-11.312,-10.872,-2.602,
213382761017535,Lacc,-1.764,-8.621,-2.666,
213382761017535,GameRo,0.421,0.565,-0.543,0.457
213382765969806,Gyro,0.155,0.334,-3.907,
213382780880654,acc,-11.943,-8.912,-2.826,
213382780880654,Lacc,-2.603,-5.912,-2.813,
213382780880654,GameRo,0.401,0.583,-0.559,0.432
213382780029498,pre,1005.240,,,
213382785819821,Gyro,0.065,0.508,-3.902,
213382800742469,acc,-11.436,-6.823,-2.480,
213382800742469,Lacc,-2.352,-3.121,-2.363,
213382800742469,GameRo,0.382,0.600,-0.573,0.407
213382805687498,Gyro,-0.195,0.523,-3.682,
213382805038572,pre,1005.221,,,
213382820604937,acc,-10.451,-5.865,-1.696,
213382820604937,Lacc,-1.655,-1.528,-1.466,
213382820604937,GameRo,0.362,0.617,-0.583,0.385
213382825541949,Gyro,-0.457,0.385,-3.487,
213382830046384,pre,1005.215,,,
213382840430581,acc,-9.695,-5.449,-0.886,
213382840430581,Lacc,-1.217,-0.525,-0.558,
213382840430581,GameRo,0.340,0.633,-0.592,0.365
213382845432818,Gyro,-0.666,0.058,-3.428,
213382855057371,pre,1005.237,,,
213382860329547,acc,-9.671,-4.707,-1.091,
213382860329547,Lacc,-1.542,0.769,-0.700,
213382860329547,GameRo,0.315,0.649,-0.599,0.348
213382865270424,Gyro,-1.010,-0.337,-3.306,
213382880166868,acc,-9.309,-4.570,-1.494,
213382880166868,Lacc,-1.533,1.392,-1.024,
213382880166868,GameRo,0.288,0.664,-0.603,0.335
213382880065997,pre,1005.252,,,
213382885132729,Gyro,-1.351,-0.426,-3.112,
213382900032590,acc,-9.413,-4.548,-1.579,
213382900032590,Lacc,-1.993,1.842,-0.988,
213382900032590,GameRo,0.261,0.680,-0.604,0.325
213382904994953,Gyro,-1.599,-0.348,-2.814,
213382905056273,pre,1005.218,,,
213382919903562,acc,-9.143,-5.311,-1.282,
213382919903562,Lacc,-2.066,1.438,-0.509,
213382919903562,GameRo,0.236,0.695,-0.601,0.314
213382924883054,Gyro,-1.651,-0.079,-2.590,
213382930056882,pre,1005.206,,,
213382939779091,acc,-9.237,-5.794,-0.553,
213382939779091,Lacc,-2.505,1.271,0.449,
213382939779091,GameRo,0.214,0.711,-0.598,0.303
213382944744790,Gyro,-1.526,0.235,-2.435,
213382955077919,pre,1005.234,,,
213382959641477,acc,-9.746,-6.000,0.220,
213382959641477,Lacc,-3.357,1.338,1.475,
213382959641477,GameRo,0.195,0.725,-0.594,0.289
213382964599892,Gyro,-1.320,0.495,-2.268,
213382979503863,acc,-10.283,-6.120,1.223,
213382979503863,Lacc,-4.232,1.454,2.725,
213382979503863,GameRo,0.179,0.738,-0.590,0.275
213382980075274,pre,1005.234,,,
213382984470335,Gyro,-1.173,0.486,-2.143,
213382999368894,acc,-10.773,-6.066,1.736,
213382999368894,Lacc,-5.050,1.714,3.457,
213382999368894,GameRo,0.163,0.749,-0.586,0.262
213383004327024,Gyro,-1.126,0.277,-2.022,
213383005085488,pre,1005.209,,,
213383019204018,acc,-11.397,-5.975,1.690,
213383019204018,Lacc,-5.981,1.978,3.602,
213383019204018,GameRo,0.147,0.759,-0.583,0.251
213383024194253,Gyro,-1.079,0.121,-1.838,
213383030119057,pre,1005.206,,,
213383039091225,acc,-12.250,-6.098,1.769,
213383039091225,Lacc,-7.107,1.992,3.851,
213383039091225,GameRo,0.132,0.767,-0.579,0.242
213383044056760,Gyro,-0.972,0.030,-1.573,
213383055133258,pre,1005.197,,,
213383058953490,acc,-12.876,-6.461,2.101,
213383058953490,Lacc,-7.961,1.732,4.325,
213383058953490,GameRo,0.119,0.774,-0.576,0.235
213383063919391,Gyro,-0.807,-0.072,-1.311,
213383078815753,acc,-13.002,-6.207,2.517,
213383078815753,Lacc,-8.272,2.066,4.842,
213383078815753,GameRo,0.107,0.779,-0.573,0.231
213383080113076,pre,1005.176,,,
213383083770912,Gyro,-0.617,-0.260,-1.069,
213383098678750,acc,-12.561,-4.888,2.737,
213383098678750,Lacc,-7.962,3.445,5.112,
213383098678750,GameRo,0.097,0.782,-0.571,0.229
213383103643837,Gyro,-0.441,-0.524,-0.766,
213383105147052,pre,1005.173,,,
213383118540647,acc,-12.528,-3.876,2.560,
213383118540647,Lacc,-7.990,4.491,4.935,
213383118540647,GameRo,0.088,0.783,-0.570,0.231
213383123506265,Gyro,-0.296,-0.767,-0.338,
213383130159829,pre,1005.194,,,
213383138403074,acc,-13.261,-4.800,2.299,
213383138403074,Lacc,-8.697,3.566,4.626,
213383138403074,GameRo,0.081,0.782,-0.570,0.238
213383143368813,Gyro,-0.015,-0.974,0.090,
213383155179889,pre,1005.206,,,
213383158265501,acc,-12.690,-4.973,1.303,
213383158265501,Lacc,-8.032,3.374,3.508,
213383158265501,GameRo,0.078,0.779,-0.571,0.248
213383163231525,Gyro,0.383,-0.970,0.398,
213383178127724,acc,-11.966,-4.383,0.102,
213383178127724,Lacc,-7.177,3.934,2.133,
213383178127724,GameRo,0.079,0.773,-0.575,0.257
213383180175291,pre,1005.191,,,
213383183072223,Gyro,0.673,-0.708,0.700,
213383197990313,acc,-12.117,-4.248,-0.380,
213383197990313,Lacc,-7.157,4.012,1.468,
213383197990313,GameRo,0.084,0.766,-0.579,0.266
213383202931069,Gyro,0.898,-0.325,1.118,
213383205183836,pre,1005.173,,,
213383217852537,acc,-12.638,-4.657,-0.571,
213383217852537,Lacc,-7.450,3.500,1.098,
213383217852537,GameRo,0.097,0.759,-0.583,0.274
213383222793211,Gyro,1.176,0.164,1.618,
213383230193642,pre,1005.182,,,
213383237715899,acc,-13.427,-5.513,-0.428,
213383237715899,Lacc,-7.946,2.484,1.072,
213383237715899,GameRo,0.117,0.750,-0.587,0.281
213383242679482,Gyro,1.406,0.590,2.183,
213383255196857,pre,1005.191,,,
213383257577513,acc,-13.824,-6.395,-0.002,
213383257577513,Lacc,-7.976,1.365,1.348,
213383257577513,GameRo,0.143,0.740,-0.590,0.288
213383262542967,Gyro,1.483,0.830,2.767,
213383277439654,acc,-13.799,-7.697,0.305,
213383277439654,Lacc,-7.515,-0.265,1.540,
213383277439654,GameRo,0.175,0.730,-0.590,0.297
213383280208250,pre,1005.166,,,
213383282383665,Gyro,1.386,0.907,3.281,
213383297302326,acc,-13.118,-8.661,0.920,
213383297302326,Lacc,-6.356,-1.649,2.077,
213383297302326,GameRo,0.209,0.718,-0.588,0.309
213383302243162,Gyro,1.333,0.879,3.652,
213383305216714,pre,1005.151,,,
213383317164468,acc,-12.335,-8.941,1.551,
213383317164468,Lacc,-5.082,-2.426,2.642,
213383317164468,GameRo,0.245,0.704,-0.584,0.322
213383322130125,Gyro,1.443,0.773,3.932,
213383330227659,pre,1005.166,,,
213383337001504,acc,-11.578,-8.816,1.698,
213383337001504,Lacc,-3.838,-2.873,2.702,
213383337001504,GameRo,0.282,0.687,-0.579,0.336
213383341992390,Gyro,1.632,0.611,4.189,
213383355234373,pre,1005.191,,,
213383356889240,acc,-10.961,-8.872,1.453,
213383356889240,Lacc,-2.752,-3.575,2.347,
213383356889240,GameRo,0.320,0.666,-0.575,0.352
213383361855060,Gyro,1.768,0.387,4.374,
213383376751707,acc,-10.144,-9.233,0.511,
213383376751707,Lacc,-1.508,-4.642,1.276,
213383376751707,GameRo,0.356,0.642,-0.570,0.370
213383380247191,pre,1005.206,,,
213383381711953,Gyro,1.712,0.185,4.394,
213383396614256,acc,-9.254,-9.282,-0.611,
213383396614256,Lacc,-0.256,-5.429,0.039,
213383396614256,GameRo,0.390,0.617,-0.563,0.387
213383401573362,Gyro,1.419,0.081,4.287,
213383405255736,pre,1005.188,,,
213383416477212,acc,-8.456,-9.552,-0.947,
213383416477212,Lacc,0.831,-6.445,-0.378,
213383416477212,GameRo,0.420,0.593,-0.554,0.405
213383421416909,Gyro,1.038,-0.076,4.108,
213383430263955,pre,1005.145,,,
213383436338703,acc,-7.444,-10.108,-0.988,
213383436338703,Lacc,2.061,-7.729,-0.496,
213383436338703,GameRo,0.446,0.571,-0.544,0.424
213383441304441,Gyro,0.870,-0.210,3.819,
213383456190550,acc,-6.553,-10.208,-1.391,
213383456190550,Lacc,3.100,-8.509,-0.977,
213383456190550,GameRo,0.469,0.549,-0.534,0.440
213383455274820,pre,1005.118,,,
213383461141641,Gyro,0.790,-0.224,3.435,
213383476030720,acc,-6.015,-9.829,-1.520,
213383476030720,Lacc,3.729,-8.743,-1.169,
213383476030720,GameRo,0.488,0.529,-0.525,0.455
213383481004230,Gyro,0.599,-0.267,3.066,
213383480284259,pre,1005.124,,,
213383495925942,acc,-5.692,-9.239,-1.465,
213383495925942,Lacc,4.099,-8.706,-1.181,
213383495925942,GameRo,0.503,0.511,-0.515,0.469
213383500892170,Gyro,0.289,-0.394,2.770,
213383505292763,pre,1005.145,,,
213383515764484,acc,-5.648,-9.312,-1.370,
213383515764484,Lacc,4.160,-9.283,-1.176,
213383515764484,GameRo,0.515,0.495,-0.506,0.484
213383520754840,Gyro,-0.027,-0.555,2.521,
213383530304849,pre,1005.164,,,
213383535617024,acc,-5.465,-10.183,-1.554,
213383535617024,Lacc,4.336,-10.610,-1.480,
213383535617024,GameRo,0.522,0.481,-0.497,0.499
213383540616209,Gyro,-0.301,-0.682,2.258,
213383555517292,acc,-4.487,-10.913,-2.138,
213383555517292,Lacc,5.287,-11.742,-2.201,
213383555517292,GameRo,0.527,0.468,-0.488,0.514
213383555315876,pre,1005.176,,,
213383560479124,Gyro,-0.537,-0.591,1.919,
213383575375609,acc,-3.349,-11.713,-2.339,
213383575375609,Lacc,6.392,-12.859,-2.505,
213383575375609,GameRo,0.529,0.460,-0.479,0.528
213383580323403,Gyro,-0.729,-0.276,1.346,
213383580341185,pre,1005.200,,,
213383595237954,acc,-2.797,-11.980,-1.527,
213383595237954,Lacc,6.921,-13.307,-1.735,
213383595237954,GameRo,0.528,0.458,-0.471,0.537
213383600210977,Gyro,-0.814,0.030,0.550,
213383605289020,pre,1005.218,,,
213383615062906,acc,-3.155,-11.656,-0.200,
213383615062906,Lacc,6.560,-13.000,-0.406,
213383615062906,GameRo,0.525,0.462,-0.467,0.541
213383620066364,Gyro,-0.735,0.145,-0.288,
213383630339273,pre,1005.228,,,
213383634982624,acc,-3.795,-10.540,0.562,
213383634982624,Lacc,5.939,-11.743,0.366,
213383634982624,GameRo,0.519,0.470,-0.467,0.541
213383639928425,Gyro,-0.560,0.134,-1.033,
213383654801797,acc,-5.872,-10.579,0.272,
213383654801797,Lacc,3.891,-11.515,0.090,
213383654801797,GameRo,0.510,0.480,-0.471,0.536
213383655325723,pre,1005.218,,,
213383659790729,Gyro,-0.413,0.081,-1.532,
213383674687580,acc,-6.686,-10.980,-1.093,
213383674687580,Lacc,3.104,-11.571,-1.268,
213383674687580,GameRo,0.500,0.491,-0.478,0.530
213383679653156,Gyro,-0.558,0.112,-1.960,
213383680335814,pre,1005.194,,,
213383694549885,acc,-6.453,-10.203,-1.250,
213383694549885,Lacc,3.355,-10.351,-1.395,
213383694549885,GameRo,0.486,0.506,-0.486,0.521
213383699515827,Gyro,-0.898,0.226,-2.525,
213383705373331,pre,1005.182,,,
213383714412515,acc,-7.997,-9.839,0.616,
213383714412515,Lacc,1.804,-9.439,0.509,
213383714412515,GameRo,0.467,0.526,-0.494,0.512
213383719378417,Gyro,-1.129,-0.041,-2.966,
213383730354124,pre,1005.194,,,
213383734274860,acc,-9.492,-10.368,1.370,
213383734274860,Lacc,0.264,-9.350,1.228,
213383734274860,GameRo,0.443,0.544,-0.505,0.503
213383739240396,Gyro,-1.286,-0.618,-3.282,
213383754137044,acc,-10.318,-11.370,0.353,
213383754137044,Lacc,-0.659,-9.675,0.082,
213383754137044,GameRo,0.413,0.562,-0.518,0.496
213383755368488,pre,1005.212,,,
213383759102782,Gyro,-1.458,-1.034,-3.652,
213383773999470,acc,-11.487,-11.918,-0.775,
213383773999470,Lacc,-1.995,-9.477,-1.194,
213383773999470,GameRo,0.378,0.580,-0.533,0.488
213383778965208,Gyro,-1.494,-1.049,-3.987,
213383780398192,pre,1005.203,,,
213383793861816,acc,-12.316,-11.393,-1.097,
213383793861816,Lacc,-3.065,-8.171,-1.615,
213383793861816,GameRo,0.342,0.597,-0.547,0.476
213383798802530,Gyro,-1.298,-0.779,-4.182,
213383805407144,pre,1005.182,,,
213383813724242,acc,-12.408,-9.880,-1.206,
213383813724242,Lacc,-3.468,-5.877,-1.748,
213383813724242,GameRo,0.307,0.615,-0.562,0.460
213383818664835,Gyro,-0.979,-0.341,-4.228,
213383830418049,pre,1005.176,,,
213383833586791,acc,-12.116,-7.930,-0.968,
213383833586791,Lacc,-3.543,-3.187,-1.461,
213383833586791,GameRo,0.277,0.631,-0.576,0.440
213383838552448,Gyro,-0.652,0.072,-4.101,
213383853449665,acc,-11.688,-6.194,-0.355,
213383853449665,Lacc,-3.517,-0.779,-0.762,
213383853449665,GameRo,0.250,0.645,-0.589,0.417
213383855383178,pre,1005.191,,,
213383858426350,Gyro,-0.451,0.226,-3.871,
213383873311116,acc,-11.107,-5.215,-0.446,
213383873311116,Lacc,-3.359,0.793,-0.766,
213383873311116,GameRo,0.226,0.658,-0.601,0.394
213383878277058,Gyro,-0.417,0.264,-3.598,
213383880441161,pre,1005.197,,,
213383893173867,acc,-10.570,-4.500,-0.982,
213383893173867,Lacc,-3.250,2.027,-1.201,
213383893173867,GameRo,0.203,0.669,-0.610,0.372
213383898139241,Gyro,-0.537,0.368,-3.290,
213383905425699,pre,1005.206,,,
213383913036254,acc,-10.178,-3.878,-1.214,
213383913036254,Lacc,-3.271,3.088,-1.287,
213383913036254,GameRo,0.183,0.680,-0.617,0.352
213383918001911,Gyro,-0.733,0.560,-2.865,
213383930461425,pre,1005.212,,,
213383932898599,acc,-9.640,-3.908,-0.828,
213383932898599,Lacc,-3.067,3.373,-0.686,
213383932898599,GameRo,0.168,0.692,-0.617,0.334
213383937864013,Gyro,-0.928,0.788,-2.445,
213383952760863,acc,-9.348,-4.471,0.267,
213383952760863,Lacc,-3.047,3.038,0.652,
213383952760863,GameRo,0.158,0.703,-0.615,0.319
213383955473347,pre,1005.212,,,
213383957734048,Gyro,-1.012,0.900,-2.110,
213383972623168,acc,-9.369,-5.215,1.347,
213383972623168,Lacc,-3.375,2.524,1.992,
213383972623168,GameRo,0.146,0.715,-0.613,0.302
213383977589070,Gyro,-0.956,0.827,-1.899,
213383980483723,pre,1005.209,,,
213383992486327,acc,-9.667,-5.319,2.216,
213383992486327,Lacc,-3.963,2.615,3.084,
213383992486327,GameRo,0.135,0.725,-0.611,0.287
213383997451455,Gyro,-0.956,0.427,-1.763,
213384005493203,pre,1005.206,,,
213384012348348,acc,-9.663,-4.958,2.306,
213384012348348,Lacc,-4.225,3.140,3.354,
213384012348348,GameRo,0.121,0.734,-0.608,0.277
213384017313679,Gyro,-1.180,-0.143,-1.595,
213384030503824,pre,1005.209,,,
213384032186522,acc,-9.495,-5.247,1.585,
213384032186522,Lacc,-4.293,2.980,2.803,
213384032186522,GameRo,0.104,0.742,-0.603,0.272
213384037151123,Gyro,-1.437,-0.482,-1.500,
213384052049723,acc,-9.828,-5.756,1.198,
213384052049723,Lacc,-4.848,2.578,2.605,
213384052049723,GameRo,0.086,0.751,-0.596,0.269
213384057013264,Gyro,-1.441,-0.474,-1.431,
213384055490355,pre,1005.200,,,
213384071910318,acc,-10.543,-6.035,1.277,
213384071910318,Lacc,-5.775,2.390,2.866,
213384071910318,GameRo,0.070,0.759,-0.590,0.266
213384076900919,Gyro,-1.118,-0.222,-1.296,
213384080527546,pre,1005.182,,,
213384091797770,acc,-11.118,-5.980,1.375,
213384091797770,Lacc,-6.543,2.522,3.113,
213384091797770,GameRo,0.058,0.765,-0.586,0.260
213384096762979,Gyro,-0.768,0.111,-1.047,
213384105539224,pre,1005.182,,,
213384111660074,acc,-11.363,-5.670,2.099,
213384111660074,Lacc,-6.941,2.887,3.962,
213384111660074,GameRo,0.051,0.770,-0.584,0.254
213384116626261,Gyro,-0.526,0.275,-0.704,
213384131493326,acc,-11.466,-5.557,2.857,
213384131493326,Lacc,-7.140,3.028,4.813,
213384131493326,GameRo,0.048,0.773,-0.582,0.249
213384130549234,pre,1005.206,,,
213384136488118,Gyro,-0.330,0.251,-0.356,
213384151385090,acc,-12.314,-6.766,3.044,
213384151385090,Lacc,-8.025,1.824,5.056,
213384151385090,GameRo,0.047,0.775,-0.580,0.247
213384156326822,Gyro,-0.114,0.182,-0.058,
213384155536539,pre,1005.218,,,
213384171247273,acc,-12.656,-7.154,3.195,
213384171247273,Lacc,-8.357,1.431,5.210,
213384171247273,GameRo,0.049,0.775,-0.580,0.246
213384176212727,Gyro,0.216,0.057,0.141,
213384180573771,pre,1005.206,,,
213384191109659,acc,-12.156,-5.504,2.923,
213384191109659,Lacc,-7.806,3.070,4.871,
213384191109659,GameRo,0.052,0.772,-0.582,0.248
213384196075317,Gyro,0.478,-0.112,0.452,
213384205560140,pre,1005.200,,,
213384210972208,acc,-11.828,-4.114,2.368,
213384210972208,Lacc,-7.353,4.421,4.203,
213384210972208,GameRo,0.057,0.768,-0.585,0.253
213384215938231,Gyro,0.619,-0.186,0.960,
213384230820109,acc,-12.148,-4.307,2.249,
213384230820109,Lacc,-7.449,4.136,3.945,
213384230820109,GameRo,0.068,0.763,-0.587,0.262
213384230597290,pre,1005.212,,,
213384235756673,Gyro,0.855,-0.128,1.609,
213384250672403,acc,-12.448,-5.549,2.064,
213384250672403,Lacc,-7.423,2.739,3.583,
213384250672403,GameRo,0.085,0.755,-0.590,0.273
213384255664346,Gyro,1.210,0.060,2.250,
213384255608968,pre,1005.185,,,
213384270559163,acc,-12.548,-6.996,1.905,
213384270559163,Lacc,-7.115,1.067,3.215,
213384270559163,GameRo,0.108,0.745,-0.593,0.286
213384275524861,Gyro,1.551,0.290,2.795,
213384280596964,pre,1005.130,,,
213384290421671,acc,-12.429,-8.345,1.847,
213384290421671,Lacc,-6.527,-0.584,2.932,
213384290421671,GameRo,0.138,0.732,-0.596,0.299
213384295387207,Gyro,1.847,0.530,3.242,
213384305624104,pre,1005.127,,,
213384310283976,acc,-12.529,-9.807,2.040,
213384310283976,Lacc,-6.124,-2.427,2.904,
213384310283976,GameRo,0.172,0.717,-0.599,0.312
213384315250488,Gyro,2.102,0.737,3.575,
213384330146321,acc,-12.467,-10.741,2.489,
213384330146321,Lacc,-5.547,-3.817,3.141,
213384330146321,GameRo,0.210,0.699,-0.602,0.324
213384330617024,pre,1005.173,,,
213384335086914,Gyro,2.322,0.788,3.812,
213384350009521,acc,-11.588,-10.703,2.638,
213384350009521,Lacc,-4.161,-4.309,3.075,
213384350009521,GameRo,0.249,0.679,-0.604,0.337
213384354974324,Gyro,2.433,0.634,3.981,
213384355628702,pre,1005.197,,,
213384369832397,acc,-10.210,-10.273,2.026,
213384369832397,Lacc,-2.300,-4.475,2.251,
213384369832397,GameRo,0.287,0.655,-0.605,0.351
213384374811971,Gyro,2.339,0.433,4.023,
213384380636474,pre,1005.182,,,
213384389708252,acc,-9.507,-10.233,1.902,
213384389708252,Lacc,-1.165,-5.071,1.930,
213384389708252,GameRo,0.322,0.631,-0.604,0.366
213384394673705,Gyro,2.204,0.155,3.921,
213384405645507,pre,1005.166,,,
213384409552449,acc,-9.362,-10.012,1.729,
213384409552449,Lacc,-0.652,-5.502,1.548,
213384409552449,GameRo,0.354,0.605,-0.603,0.381
213384414536255,Gyro,2.031,-0.242,3.785,
213384429458089,acc,-8.745,-9.356,0.911,
213384429458089,Lacc,0.270,-5.510,0.494,
213384429458089,GameRo,0.380,0.578,-0.601,0.399
213384430653768,pre,1005.166,,,
213384434424072,Gyro,1.617,-0.690,3.688,
213384449321249,acc,-7.713,-9.183,-0.171,
213384449321249,Lacc,1.544,-6.005,-0.839,
213384449321249,GameRo,0.401,0.552,-0.598,0.420
213384454282999,Gyro,1.138,-0.947,3.547,
213384455688721,pre,1005.163,,,
213384469183024,acc,-6.769,-9.035,-0.906,
213384469183024,Lacc,2.667,-6.506,-1.805,
213384469183024,GameRo,0.418,0.529,-0.592,0.442
213384474148722,Gyro,0.830,-0.841,3.341,
213384480699015,pre,1005.148,,,
213384489036458,acc,-6.749,-9.297,-0.782,
213384489036458,Lacc,2.813,-7.385,-1.853,
213384489036458,GameRo,0.433,0.508,-0.585,0.461
213384493989339,Gyro,0.781,-0.584,3.145,
213384505708496,pre,1005.148,,,
213384508907837,acc,-6.177,-8.996,-0.850,
213384508907837,Lacc,3.472,-7.677,-2.030,
213384508907837,GameRo,0.449,0.488,-0.577,0.477
213384513874064,Gyro,0.806,-0.276,2.979,
213384528770304,acc,-5.501,-9.008,-0.959,
213384528770304,Lacc,4.201,-8.217,-2.172,
213384528770304,GameRo,0.465,0.471,-0.568,0.489
213384530718953,pre,1005.173,,,
213384533718302,Gyro,0.743,0.022,2.746,
213384548632649,acc,-5.266,-9.353,-0.884,
213384548632649,Lacc,4.467,-9.067,-2.075,
213384548632649,GameRo,0.481,0.456,-0.558,0.499
213384553581625,Gyro,0.618,0.254,2.438,
213384555727620,pre,1005.206,,,
213384568475505,acc,-5.415,-9.995,-0.866,
213384568475505,Lacc,4.329,-10.151,-1.992,
213384568475505,GameRo,0.495,0.444,-0.548,0.507
213384573435221,Gyro,0.426,0.385,2.119,
213384580738728,pre,1005.209,,,
213384588357340,acc,-5.328,-10.506,-0.969,
213384588357340,Lacc,4.412,-11.039,-2.010,
213384588357340,GameRo,0.508,0.435,-0.537,0.514
213384593322957,Gyro,0.105,0.408,1.820,
213384605746256,pre,1005.218,,,
213384608219727,acc,-4.434,-10.930,-1.104,
213384608219727,Lacc,5.293,-11.768,-2.069,
213384608219727,GameRo,0.516,0.429,-0.527,0.521
213384613186198,Gyro,-0.346,0.361,1.414,
213384628082193,acc,-3.289,-11.212,-0.756,
213384628082193,Lacc,6.423,-12.252,-1.666,
213384628082193,GameRo,0.520,0.428,-0.517,0.528
213384630755290,pre,1005.237,,,
213384633052653,Gyro,-0.736,0.303,0.805,
213384647944621,acc,-3.003,-11.589,-0.253,
213384647944621,Lacc,6.706,-12.693,-1.125,
213384647944621,GameRo,0.518,0.432,-0.510,0.533
213384652896932,Gyro,-0.899,0.271,0.068,
213384655762655,pre,1005.234,,,
213384667806722,acc,-3.997,-13.081,-0.410,
213384667806722,Lacc,5.724,-14.103,-1.253,
213384667806722,GameRo,0.513,0.440,-0.506,0.535
213384672772258,Gyro,-1.009,0.224,-0.687,
213384680773031,pre,1005.240,,,
213384687644572,acc,-3.968,-13.161,-0.794,
213384687644572,Lacc,5.776,-13.945,-1.613,
213384687644572,GameRo,0.503,0.452,-0.506,0.534
213384692634765,Gyro,-1.296,0.266,-1.573,
213384705782634,pre,1005.261,,,
213384707531332,acc,-4.536,-11.437,0.225,
213384707531332,Lacc,5.236,-11.799,-0.552,
213384707531332,GameRo,0.488,0.472,-0.509,0.530
213384712497640,Gyro,-1.585,0.321,-2.400,
213384727394124,acc,-6.682,-10.172,1.909,
213384727394124,Lacc,3.099,-9.978,1.183,
213384727394124,GameRo,0.468,0.494,-0.514,0.522
213384730792237,pre,1005.258,,,
213384732334555,Gyro,-1.580,0.140,-2.856,
213384747256918,acc,-8.308,-10.296,2.063,
213384747256918,Lacc,1.443,-9.490,1.355,
213384747256918,GameRo,0.445,0.516,-0.522,0.513
213384752212321,Gyro,-1.197,-0.052,-3.098,
213384755801026,pre,1005.221,,,
213384767120605,acc,-9.577,-12.340,0.264,
213384767120605,Lacc,0.100,-10.886,-0.434,
213384767120605,GameRo,0.422,0.535,-0.534,0.500
213384772084595,Gyro,-0.682,0.062,-3.480,
213384780810507,pre,1005.206,,,
213384786981242,acc,-11.280,-13.655,-1.506,
213384786981242,Lacc,-1.736,-11.479,-2.149,
213384786981242,GameRo,0.401,0.554,-0.549,0.481
213384791946655,Gyro,-0.311,0.388,-3.988,
213384806831665,acc,-12.985,-12.590,-2.153,
213384806831665,Lacc,-3.649,-9.623,-2.684,
213384806831665,GameRo,0.379,0.574,-0.565,0.456
213384805794189,pre,1005.209,,,
213384811809001,Gyro,-0.195,0.640,-4.228,
213384826681763,acc,-13.163,-9.861,-2.059,
213384826681763,Lacc,-4.104,-6.116,-2.443,
213384826681763,GameRo,0.358,0.594,-0.580,0.428
213384831684082,Gyro,-0.343,0.717,-4.074,
213384830831665,pre,1005.212,,,
213384846568400,acc,-12.121,-7.650,-1.406,
213384846568400,Lacc,-3.379,-3.204,-1.627,
213384846568400,GameRo,0.336,0.613,-0.591,0.403
213384851533651,Gyro,-0.600,0.630,-3.753,
213384855838338,pre,1005.234,,,
213384866405355,acc,-10.817,-6.622,-0.454,
213384866405355,Lacc,-2.417,-1.556,-0.512,
213384866405355,GameRo,0.315,0.631,-0.599,0.380
213384871376343,Gyro,-0.798,0.425,-3.541,
213384880845540,pre,1005.270,,,
213384886250895,acc,-10.147,-5.697,0.369,
213384886250895,Lacc,-2.115,-0.066,0.448,
213384886250895,GameRo,0.291,0.647,-0.605,0.360
213384891258464,Gyro,-0.897,0.052,-3.393,
213384906134929,acc,-9.759,-4.979,0.203,
213384906134929,Lacc,-2.114,1.166,0.371,
213384906134929,GameRo,0.266,0.662,-0.611,0.344
213384905855388,pre,1005.261,,,
213384911121134,Gyro,-1.020,-0.324,-3.233,
213384926017375,acc,-9.420,-4.459,-0.628,
213384926017375,Lacc,-2.143,2.115,-0.377,
213384926017375,GameRo,0.240,0.675,-0.614,0.331
213384930958415,Gyro,-1.278,-0.488,-3.040,
213384930865479,pre,1005.227,,,
213384945880046,acc,-9.265,-4.194,-0.919,
213384945880046,Lacc,-2.233,2.635,-0.521,
213384945880046,GameRo,0.220,0.687,-0.611,0.326
213384950845947,Gyro,-1.487,-0.427,-2.719,
213384955872640,pre,1005.209,,,
213384965723308,acc,-8.936,-4.392,-1.176,
213384965723308,Lacc,-1.885,2.397,-0.518,
213384965723308,GameRo,0.214,0.698,-0.597,0.332
213384970708252,Gyro,-1.479,-0.010,-2.320,
213384980864991,pre,1005.197,,,
213384985604981,acc,-8.740,-5.274,-0.508,
213384985604981,Lacc,-1.906,1.711,0.357,
213384985604981,GameRo,0.199,0.710,-0.592,0.325
213384990570232,Gyro,-1.278,0.467,-2.050,
213385005467530,acc,-8.775,-6.196,0.364,
213385005467530,Lacc,-2.229,1.025,1.475,
213385005467530,GameRo,0.185,0.723,-0.589,0.311
213385005870606,pre,1005.200,,,
213385010421590,Gyro,-1.043,0.758,-1.928,
213385025329712,acc,-8.930,-6.681,0.976,
213385025329712,Lacc,-2.678,0.757,2.328,
213385025329712,GameRo,0.173,0.734,-0.586,0.296
213385030295207,Gyro,-0.911,0.840,-1.894,
213385030878785,pre,1005.203,,,
213385045191977,acc,-9.265,-6.992,1.378,
213385045191977,Lacc,-3.318,0.648,2.960,
213385045191977,GameRo,0.161,0.745,-0.584,0.281
213385050158325,Gyro,-0.887,0.753,-1.886,
213385055887859,pre,1005.209,,,
213385065058716,acc,-9.817,-7.166,1.732,
213385065058716,Lacc,-4.178,0.658,3.525,
213385065058716,GameRo,0.149,0.754,-0.581,0.266
213385070019939,Gyro,-0.837,0.622,-1.855,
213385080924032,pre,1005.215,,,
213385084916789,acc,-10.380,-7.167,1.866,
213385084916789,Lacc,-5.046,0.826,3.841,
213385084916789,GameRo,0.137,0.763,-0.579,0.253
213385089882487,Gyro,-0.641,0.602,-1.781,
213385104779256,acc,-11.245,-6.841,1.925,
213385104779256,Lacc,-6.206,1.305,4.043,
213385104779256,GameRo,0.126,0.769,-0.579,0.239
213385105909912,pre,1005.221,,,
213385109744874,Gyro,-0.347,0.686,-1.588,
213385124641765,acc,-11.929,-6.410,2.334,
213385124641765,Lacc,-7.155,1.867,4.553,
213385124641765,GameRo,0.119,0.774,-0.580,0.226
213385129612712,Gyro,-0.104,0.682,-1.281,
213385130944051,pre,1005.215,,,
213385144503867,acc,-12.146,-5.501,3.067,
213385144503867,Lacc,-7.576,2.877,5.340,
213385144503867,GameRo,0.114,0.777,-0.581,0.215
213385149470419,Gyro,0.077,0.438,-0.875,
213385155955201,pre,1005.197,,,
213385164366415,acc,-12.436,-4.911,3.124,
213385164366415,Lacc,-7.982,3.530,5.394,
213385164366415,GameRo,0.111,0.777,-0.584,0.209
213385169352702,Gyro,0.208,0.048,-0.355,
213385180964844,pre,1005.194,,,
213385184228761,acc,-12.822,-5.324,2.496,
213385184228761,Lacc,-8.370,3.134,4.705,
213385184228761,GameRo,0.110,0.775,-0.586,0.210
213385189194499,Gyro,0.324,-0.388,0.212,
213385204091675,acc,-11.823,-5.346,1.102,
213385204091675,Lacc,-7.269,3.087,3.197,
213385204091675,GameRo,0.111,0.771,-0.588,0.217
213385205975627,pre,1005.200,,,
213385209056682,Gyro,0.346,-0.701,0.604,
213385223953533,acc,-10.945,-4.636,0.029,
213385223953533,Lacc,-6.228,3.737,1.997,
213385223953533,GameRo,0.113,0.767,-0.590,0.227
213385228919068,Gyro,0.219,-0.867,0.925,
213385230981650,pre,1005.194,,,
213385243815878,acc,-11.046,-4.812,-0.473,
213385243815878,Lacc,-6.108,3.459,1.382,
213385243815878,GameRo,0.116,0.762,-0.590,0.240
213385248770794,Gyro,0.150,-0.820,1.320,
213385255989340,pre,1005.179,,,
213385263678305,acc,-11.433,-5.848,-0.474,
213385263678305,Lacc,-6.218,2.275,1.274,
213385263678305,GameRo,0.124,0.757,-0.588,0.255
213385268643759,Gyro,0.362,-0.508,1.731,
213385280998048,pre,1005.182,,,
213385283540813,acc,-11.973,-7.001,-0.558,
213385283540813,Lacc,-6.438,0.931,1.075,
213385283540813,GameRo,0.138,0.751,-0.587,0.268
213385288506349,Gyro,0.735,0.030,2.141,
213385303403036,acc,-12.325,-7.714,-0.359,
213385303403036,Lacc,-6.433,-0.020,1.166,
213385303403036,GameRo,0.160,0.743,-0.587,0.278
213385306007773,pre,1005.182,,,
213385308368531,Gyro,1.051,0.580,2.580,
213385323265503,acc,-12.307,-8.267,0.333,
213385323265503,Lacc,-6.018,-0.877,1.777,
213385323265503,GameRo,0.188,0.734,-0.587,0.287
213385328231161,Gyro,1.279,0.980,3.012,
213385331014730,pre,1005.173,,,
213385343127686,acc,-11.884,-8.671,0.968,
213385343127686,Lacc,-5.168,-1.656,2.355,
213385343127686,GameRo,0.221,0.722,-0.585,0.294
213385348093222,Gyro,1.550,1.275,3.402,
213385356025676,pre,1005.169,,,
213385362990114,acc,-11.267,-8.469,0.849,
213385362990114,Lacc,-4.107,-1.900,2.200,
213385362990114,GameRo,0.260,0.708,-0.584,0.301
213385367930340,Gyro,1.979,1.700,3.795,
213385381035360,pre,1005.172,,,
213385382852621,acc,-11.207,-8.113,0.362,
213385382852621,Lacc,-3.597,-2.073,1.720,
213385382852621,GameRo,0.306,0.690,-0.581,0.305
213385387786133,Gyro,2.347,2.134,4.250,
213385402690065,acc,-10.906,-8.406,0.277,
213385402690065,Lacc,-2.854,-2.988,1.707,
213385402690065,GameRo,0.355,0.668,-0.577,0.308
213385406031047,pre,1005.175,,,
213385407655396,Gyro,2.148,2.114,4.569,
213385422577393,acc,-10.102,-9.004,0.368,
213385422577393,Lacc,-1.642,-4.287,1.924,
213385422577393,GameRo,0.402,0.646,-0.568,0.314
213385427523032,Gyro,1.432,1.605,4.604,
213385431058961,pre,1005.188,,,
213385442439495,acc,-9.209,-9.455,0.381,
213385442439495,Lacc,-0.399,-5.482,2.067,
213385442439495,GameRo,0.442,0.625,-0.555,0.326
213385447405315,Gyro,0.765,1.014,4.480,
213385456050009,pre,1005.218,,,
213385462302206,acc,-8.595,-9.767,0.580,
213385462302206,Lacc,0.500,-6.549,2.361,
213385462302206,GameRo,0.474,0.605,-0.540,0.343
213385467242514,Gyro,0.360,0.483,4.245,
213385482139243,acc,-8.267,-9.899,0.610,
213385482139243,Lacc,1.050,-7.421,2.424,
213385482139243,GameRo,0.501,0.584,-0.526,0.362
213385481083985,pre,1005.224,,,
213385487122234,Gyro,0.234,0.105,3.995,
213385502001995,acc,-7.645,-10.090,0.152,
213385502001995,Lacc,1.833,-8.318,1.956,
213385502001995,GameRo,0.524,0.564,-0.513,0.380
213385506967409,Gyro,0.298,-0.026,3.717,
213385506068686,pre,1005.194,,,
213385521863974,acc,-6.713,-10.016,-0.308,
213385521863974,Lacc,2.868,-8.898,1.481,
213385521863974,GameRo,0.544,0.543,-0.502,0.396
213385526855225,Gyro,0.436,0.053,3.391,
213385531104005,pre,1005.179,,,
213385541751506,acc,-6.298,-10.138,-0.374,
213385541751506,Lacc,3.331,-9.612,1.422,
213385541751506,GameRo,0.564,0.523,-0.491,0.409
213385546717490,Gyro,0.520,0.100,3.082,
213385556113405,pre,1005.206,,,
213385561613893,acc,-5.448,-10.348,-0.609,
213385561613893,Lacc,4.193,-10.352,1.205,
213385561613893,GameRo,0.581,0.505,-0.482,0.419
213385566579794,Gyro,0.516,0.123,2.736,
213385581451498,acc,-5.227,-11.281,-0.860,
213385581451498,Lacc,4.397,-11.744,0.982,
213385581451498,GameRo,0.596,0.488,-0.473,0.427
213385581129600,pre,1005.212,,,
213385586441082,Gyro,0.405,0.134,2.306,
213385601338746,acc,-4.794,-12.244,-1.007,
213385601338746,Lacc,4.800,-13.079,0.864,
213385601338746,GameRo,0.608,0.475,-0.465,0.434
213385606279216,Gyro,0.220,0.107,1.778,
213385606124350,pre,1005.191,,,
213385621178835,acc,-3.583,-12.591,-1.095,
213385621178835,Lacc,5.979,-13.694,0.799,
213385621178835,GameRo,0.616,0.466,-0.459,0.439
213385626166993,Gyro,-0.004,0.109,1.098,
213385631123902,pre,1005.172,,,
213385641063844,acc,-2.539,-11.789,-0.321,
213385641063844,Lacc,7.003,-13.026,1.589,
213385641063844,GameRo,0.619,0.463,-0.455,0.442
213385646029136,Gyro,-0.135,0.040,0.355,
213385656130698,pre,1005.200,,,
213385660905031,acc,-2.504,-10.834,0.248,
213385660905031,Lacc,7.040,-12.070,2.150,
213385660905031,GameRo,0.618,0.463,-0.455,0.443
213385665870973,Gyro,-0.107,-0.105,-0.283,
213385680788413,acc,-3.894,-12.035,-0.704,
213385680788413,Lacc,5.670,-13.163,1.165,
213385680788413,GameRo,0.615,0.466,-0.458,0.441
213385681131837,pre,1005.227,,,
213385685753827,Gyro,-0.095,-0.243,-0.759,
213385700625490,acc,-3.898,-13.558,-2.240,
213385700625490,Lacc,5.698,-14.486,-0.425,
213385700625490,GameRo,0.608,0.472,-0.464,0.438
213385705590821,Gyro,-0.381,-0.245,-1.441,
213385706138592,pre,1005.233,,,
213385720475831,acc,-3.995,-13.127,-1.968,
213385720475831,Lacc,5.636,-13.711,-0.199,
213385720475831,GameRo,0.596,0.485,-0.471,0.434
213385725478436,Gyro,-0.773,-0.176,-2.345,
213385731146038,pre,1005.215,,,
213385740375612,acc,-6.230,-11.982,-0.064,
213385740375612,Lacc,3.427,-12.066,1.659,
213385740375612,GameRo,0.577,0.505,-0.480,0.427
213385745340944,Gyro,-0.895,-0.334,-3.008,
213385756182781,pre,1005.194,,,
213385760212403,acc,-8.856,-11.468,0.475,
213385760212403,Lacc,0.803,-10.957,2.114,
213385760212403,GameRo,0.555,0.525,-0.491,0.418
213385765203005,Gyro,-0.765,-0.574,-3.283,
213385780100099,acc,-10.325,-11.756,-0.112,
213385780100099,Lacc,-0.702,-10.615,1.414,
213385780100099,GameRo,0.531,0.544,-0.505,0.408
213385781165977,pre,1005.191,,,
213385785065756,Gyro,-0.419,-0.606,-3.407,
213385799963298,acc,-11.086,-12.161,-0.934,
213385799963298,Lacc,-1.550,-10.354,0.490,
213385799963298,GameRo,0.508,0.561,-0.521,0.394
213385804928102,Gyro,0.112,-0.437,-3.605,
213385806201011,pre,1005.206,,,
213385819825156,acc,-11.635,-11.548,-1.867,
213385819825156,Lacc,-2.250,-9.029,-0.522,
213385819825156,GameRo,0.486,0.576,-0.539,0.375
213385824790447,Gyro,0.561,-0.225,-3.770,
213385831210532,pre,1005.227,,,
213385839687014,acc,-11.614,-9.589,-2.779,
213385839687014,Lacc,-2.443,-6.348,-1.499,
213385839687014,GameRo,0.466,0.590,-0.558,0.352
213385844632366,Gyro,0.601,-0.101,-3.753,
213385856220380,pre,1005.227,,,
213385859549684,acc,-10.972,-7.523,-2.830,
213385859549684,Lacc,-2.064,-3.602,-1.600,
213385859549684,GameRo,0.445,0.604,-0.574,0.329
213385864516074,Gyro,0.243,-0.168,-3.602,
213385879412152,acc,-10.360,-5.859,-2.097,
213385879412152,Lacc,-1.742,-1.325,-0.914,
213385879412152,GameRo,0.422,0.618,-0.586,0.310
213385881229290,pre,1005.224,,,
213385884352337,Gyro,-0.339,-0.512,-3.383,
213385899274944,acc,-9.572,-4.892,-1.429,
213385899274944,Lacc,-1.249,0.177,-0.297,
213385899274944,GameRo,0.396,0.633,-0.595,0.298
213385904216677,Gyro,-0.863,-0.874,-3.132,
213385906238771,pre,1005.218,,,
213385919112673,acc,-8.796,-4.434,-1.490,
213385919112673,Lacc,-0.631,0.880,-0.339,
213385919112673,GameRo,0.377,0.646,-0.594,0.298
213385924095379,Gyro,-1.212,-0.969,-2.775,
213385931246828,pre,1005.227,,,
213385939007488,acc,-8.248,-4.743,-1.382,
213385939007488,Lacc,-0.343,0.951,-0.235,
213385939007488,GameRo,0.351,0.660,-0.596,0.294
213385943964846,Gyro,-1.305,-0.781,-2.454,
213385956257448,pre,1005.227,,,
213385958861411,acc,-7.625,-5.826,-1.121,
213385958861411,Lacc,0.022,0.202,0.080,
213385958861411,GameRo,0.328,0.674,-0.596,0.289
213385963827435,Gyro,-1.341,-0.488,-2.335,
213385978723960,acc,-7.585,-6.465,-0.348,
213385978723960,Lacc,-0.215,-0.123,0.953,
213385978723960,GameRo,0.306,0.688,-0.595,0.282
213385981269045,pre,1005.200,,,
213385983665895,Gyro,-1.322,-0.283,-2.362,
213385998586183,acc,-7.722,-6.959,0.332,
213385998586183,Lacc,-0.650,-0.308,1.741,
213385998586183,GameRo,0.284,0.701,-0.594,0.274
213386003530478,Gyro,-1.295,-0.264,-2.489,
213386006278241,pre,1005.163,,,
213386018448895,acc,-8.106,-7.076,0.651,
213386018448895,Lacc,-1.371,-0.112,2.190,
213386018448895,GameRo,0.260,0.715,-0.593,0.264
213386023414309,Gyro,-1.301,-0.378,-2.654,
213386031289715,pre,1005.154,,,
213386038311118,acc,-8.550,-6.738,0.585,
213386038311118,Lacc,-2.183,0.536,2.251,
213386038311118,GameRo,0.235,0.728,-0.592,0.255
213386043276613,Gyro,-1.369,-0.505,-2.763,
213386056298098,pre,1005.188,,,
213386058173261,acc,-9.246,-6.381,0.487,
213386058173261,Lacc,-3.266,1.183,2.290,
213386058173261,GameRo,0.208,0.741,-0.590,0.246
213386063138918,Gyro,-1.457,-0.578,-2.760,
213386078035728,acc,-10.097,-6.216,0.500,
213386078035728,Lacc,-4.508,1.604,2.462,
213386078035728,GameRo,0.181,0.753,-0.586,0.238
213386081308515,pre,1005.230,,,
213386083001466,Gyro,-1.548,-0.598,-2.644,
213386097898114,acc,-11.143,-6.079,0.927,
213386097898114,Lacc,-5.925,1.947,3.070,
213386097898114,GameRo,0.154,0.765,-0.581,0.230
213386102863609,Gyro,-1.647,-0.664,-2.363,
213386106320396,pre,1005.230,,,
213386117720868,acc,-11.861,-6.193,1.636,
213386117720868,Lacc,-6.960,1.976,3.976,
213386117720868,GameRo,0.130,0.776,-0.574,0.226
213386122701337,Gyro,-1.723,-0.813,-1.992,
213386131329225,pre,1005.215,,,
213386137622886,acc,-12.255,-6.331,2.621,
213386137622886,Lacc,-7.602,1.926,5.153,
213386137622886,GameRo,0.107,0.786,-0.566,0.225
213386142588421,Gyro,-1.690,-1.041,-1.624,
213386157459759,acc,-12.271,-5.588,3.558,
213386157459759,Lacc,-7.790,2.713,6.248,
213386157459759,GameRo,0.085,0.794,-0.558,0.228
213386156339276,pre,1005.215,,,
213386162450849,Gyro,-1.540,-1.386,-1.268,
213386177347536,acc,-12.477,-4.614,4.023,
213386177347536,Lacc,-8.085,3.704,6.808,
213386177347536,GameRo,0.065,0.799,-0.550,0.236
213386182278607,Gyro,-1.224,-1.724,-0.840,
213386181350710,pre,1005.212,,,
213386197209963,acc,-13.595,-5.029,3.904,
213386197209963,Lacc,-9.192,3.284,6.689,
213386197209963,GameRo,0.048,0.800,-0.545,0.248
213386202175702,Gyro,-0.615,-1.975,-0.284,
213386206359580,pre,1005.191,,,
213386217073000,acc,-13.169,-5.243,2.329,
213386217073000,Lacc,-8.654,3.054,4.978,
213386217073000,GameRo,0.036,0.796,-0.543,0.265
213386222047080,Gyro,0.088,-1.995,0.226,
213386231370892,pre,1005.175,,,
213386236934775,acc,-12.089,-4.939,0.197,
213386236934775,Lacc,-7.402,3.334,2.612,
213386236934775,GameRo,0.030,0.789,-0.545,0.282
213386241890912,Gyro,0.567,-1.652,0.634,
213386256792564,acc,-11.968,-5.078,-1.149,
213386256792564,Lacc,-7.075,3.145,1.013,
213386256792564,GameRo,0.031,0.781,-0.549,0.298
213386256383099,pre,1005.191,,,
213386261762819,Gyro,0.854,-1.006,1.079,
213386276659629,acc,-12.703,-5.728,-1.280,
213386276659629,Lacc,-7.566,2.401,0.658,
213386276659629,GameRo,0.041,0.773,-0.553,0.310
213386281615196,Gyro,1.185,-0.184,1.631,
213386281392702,pre,1005.206,,,
213386296521934,acc,-13.579,-6.423,-0.331,
213386296521934,Lacc,-8.136,1.551,1.405,
213386296521934,GameRo,0.061,0.765,-0.557,0.319
213386301494264,Gyro,1.598,0.556,2.321,
213386306377769,pre,1005.200,,,
213386316385134,acc,-14.035,-7.328,1.008,
213386316385134,Lacc,-8.198,0.403,2.557,
213386316385134,GameRo,0.091,0.755,-0.561,0.326
213386321317019,Gyro,1.927,1.002,3.084,
213386331393191,pre,1005.212,,,
213386336246625,acc,-14.016,-8.880,1.958,
213386336246625,Lacc,-7.698,-1.503,3.332,
213386336246625,GameRo,0.129,0.744,-0.564,0.335
213386341228315,Gyro,2.081,1.121,3.719,
213386356109011,acc,-13.662,-10.406,2.573,
213386356109011,Lacc,-6.810,-3.491,3.787,
213386356109011,GameRo,0.172,0.730,-0.564,0.346
213386356401817,pre,1005.221,,,
213386361079958,Gyro,2.194,1.015,4.162,
213386375971315,acc,-12.872,-11.160,2.736,
213386375971315,Lacc,-5.473,-4.804,3.780,
213386375971315,GameRo,0.216,0.712,-0.564,0.359
213386380937177,Gyro,2.350,0.823,4.440,
213386381411013,pre,1005.200,,,
213386395808311,acc,-11.990,-11.309,2.403,
213386395808311,Lacc,-4.061,-5.598,3.268,
213386395808311,GameRo,0.260,0.690,-0.562,0.374
213386400799156,Gyro,2.528,0.699,4.652,
213386406421388,pre,1005.203,,,
213386415696169,acc,-11.054,-11.610,2.373,
213386415696169,Lacc,-2.636,-6.621,3.065,
213386415696169,GameRo,0.305,0.665,-0.561,0.388
213386420615888,Gyro,2.753,0.633,4.712,
213386431429852,pre,1005.215,,,
213386435558474,acc,-10.244,-11.767,2.257,
213386435558474,Lacc,-1.406,-7.543,2.786,
213386435558474,GameRo,0.350,0.636,-0.559,0.401
213386440524253,Gyro,2.949,0.514,4.634,
213386455427004,acc,-9.224,-11.564,1.365,
213386455427004,Lacc,-0.045,-8.125,1.751,
213386455427004,GameRo,0.393,0.605,-0.557,0.412
213386456444826,pre,1005.218,,,
213386460386355,Gyro,2.996,0.486,4.459,
213386475283246,acc,-8.231,-11.062,0.796,
213386475283246,Lacc,1.207,-8.401,1.088,
213386475283246,GameRo,0.432,0.573,-0.555,0.421
213386480249066,Gyro,2.799,0.428,4.174,
213386481475018,pre,1005.215,,,
213386495145672,acc,-7.106,-10.812,0.095,
213386495145672,Lacc,2.510,-8.887,0.343,
213386495145672,GameRo,0.468,0.542,-0.551,0.428
213386500111860,Gyro,2.519,0.446,3.760,
213386506464154,pre,1005.212,,,
213386515007856,acc,-6.228,-9.778,-0.373,
213386515007856,Lacc,3.496,-8.516,-0.105,
213386515007856,GameRo,0.499,0.514,-0.546,0.433
213386519952720,Gyro,2.268,0.585,3.357,
213386531496747,pre,1005.218,,,
213386534890994,acc,-6.011,-8.923,-0.443,
213386534890994,Lacc,3.770,-8.256,-0.090,
213386534890994,GameRo,0.528,0.489,-0.540,0.436
213386539836103,Gyro,2.049,0.723,3.079,
213386554732546,acc,-5.844,-8.784,-0.635,
213386554732546,Lacc,3.953,-8.629,-0.144,
213386554732546,GameRo,0.554,0.467,-0.534,0.436
213386556481366,pre,1005.215,,,
213386559698529,Gyro,1.801,0.816,2.852,
213386574595218,acc,-5.582,-9.530,-1.045,
213386574595218,Lacc,4.200,-9.877,-0.388,
213386574595218,GameRo,0.578,0.447,-0.525,0.437
213386579560793,Gyro,1.451,0.829,2.567,
213386581517947,pre,1005.218,,,
213386594457359,acc,-4.809,-10.101,-1.523,
213386594457359,Lacc,4.934,-10.885,-0.690,
213386594457359,GameRo,0.598,0.430,-0.515,0.438
213386599423750,Gyro,0.951,0.804,2.152,
213386606532148,pre,1005.221,,,
213386614320030,acc,-3.884,-10.083,-1.417,
213386614320030,Lacc,5.809,-11.212,-0.422,
213386614320030,GameRo,0.613,0.419,-0.506,0.440
213386619262942,Gyro,0.353,0.682,1.607,
213386631534996,pre,1005.221,,,
213386634182457,acc,-3.815,-9.694,-0.945,
213386634182457,Lacc,5.846,-10.973,0.175,
213386634182457,GameRo,0.620,0.416,-0.499,0.440
213386639122439,Gyro,-0.272,0.437,1.106,
213386654019453,acc,-4.182,-9.353,-0.102,
213386654019453,Lacc,5.500,-10.439,1.047,
213386654019453,GameRo,0.616,0.423,-0.502,0.435
213386656521854,pre,1005.221,,,
213386658985720,Gyro,-0.877,0.044,0.758,
213386673906985,acc,-3.974,-9.314,0.709,
213386673906985,Lacc,5.765,-9.908,1.729,
213386673906985,GameRo,0.600,0.439,-0.515,0.427
213386678872561,Gyro,-1.359,-0.366,0.443,
213386681556317,pre,1005.231,,,
213386693769249,acc,-3.646,-10.215,1.086,
213386693769249,Lacc,6.099,-10.884,1.989,
213386693769249,GameRo,0.592,0.443,-0.511,0.440
213386698735395,Gyro,-1.525,-0.542,0.110,
213386706538007,pre,1005.231,,,
213386713631757,acc,-3.718,-12.497,1.145,
213386713631757,Lacc,6.038,-13.164,1.923,
213386713631757,GameRo,0.582,0.448,-0.508,0.450
213386718560875,Gyro,-1.280,-0.399,-0.399,
213386731574058,pre,1005.240,,,
213386733494225,acc,-3.383,-13.997,0.714,
213386733494225,Lacc,6.387,-14.529,1.430,
213386733494225,GameRo,0.572,0.457,-0.508,0.453
213386738434410,Gyro,-0.850,0.041,-1.271,
213386753356489,acc,-3.480,-12.887,1.087,
213386753356489,Lacc,6.299,-13.077,1.845,
213386753356489,GameRo,0.562,0.472,-0.512,0.447
213386756582726,pre,1005.240,,,
213386758325931,Gyro,-0.453,0.443,-2.332,
213386773218793,acc,-6.270,-10.904,1.882,
213386773218793,Lacc,3.496,-10.563,2.740,
213386773218793,GameRo,0.550,0.491,-0.520,0.432
213386778146853,Gyro,-0.054,0.469,-2.939,
213386781593631,pre,1005.206,,,
213386793081098,acc,-9.104,-10.046,1.278,
213386793081098,Lacc,0.616,-9.103,2.204,
213386793081098,GameRo,0.537,0.508,-0.531,0.413
213386798047569,Gyro,0.259,0.189,-3.055,
213386806604332,pre,1005.173,,,
213386812943606,acc,-10.510,-11.206,-0.967,
213386812943606,Lacc,-0.868,-9.655,-0.034,
213386812943606,GameRo,0.523,0.523,-0.545,0.394
213386817870242,Gyro,0.267,0.002,-3.193,
213386832781579,acc,-11.396,-12.263,-2.611,
213386832781579,Lacc,-1.879,-10.071,-1.690,
213386832781579,GameRo,0.506,0.539,-0.559,0.375
213386831613528,pre,1005.197,,,
213386837768639,Gyro,-0.033,-0.034,-3.519,
213386852643110,acc,-12.200,-11.611,-2.796,
213386852643110,Lacc,-2.868,-8.731,-1.870,
213386852643110,GameRo,0.485,0.559,-0.571,0.355
213386857602176,Gyro,-0.515,-0.076,-3.763,
213386856624596,pre,1005.249,,,
213386872525963,acc,-12.234,-9.649,-1.821,
213386872525963,Lacc,-3.143,-6.086,-0.870,
213386872525963,GameRo,0.460,0.580,-0.581,0.338
213386877496707,Gyro,-1.072,-0.276,-3.717,
213386881634240,pre,1005.252,,,
213386892393028,acc,-11.249,-7.976,-0.461,
213386892393028,Lacc,-2.433,-3.787,0.517,
213386892393028,GameRo,0.432,0.603,-0.587,0.325
213386897359337,Gyro,-1.544,-0.615,-3.538,
213386906616458,pre,1005.228,,,
213386912255415,acc,-10.006,-7.109,0.446,
213386912255415,Lacc,-1.482,-2.354,1.440,
213386912255415,GameRo,0.401,0.625,-0.591,0.316
213386917175947,Gyro,-1.842,-0.994,-3.426,
213386932082237,acc,-9.197,-6.478,0.839,
213386932082237,Lacc,-0.990,-1.195,1.831,
213386932082237,GameRo,0.366,0.645,-0.594,0.311
213386931657026,pre,1005.212,,,
213386937062829,Gyro,-1.940,-1.321,-3.393,
213386951977257,acc,-8.882,-5.824,0.491,
213386951977257,Lacc,-1.017,-0.041,1.463,
213386951977257,GameRo,0.330,0.664,-0.597,0.307
213386956938316,Gyro,-1.951,-1.502,-3.346,
213386956667931,pre,1005.200,,,
213386971817468,acc,-8.793,-5.591,-0.276,
213386971817468,Lacc,-1.284,0.647,0.690,
213386971817468,GameRo,0.293,0.681,-0.598,0.304
213386976808231,Gyro,-1.983,-1.418,-3.254,
213386981679365,pre,1005.185,,,
213386991700158,acc,-8.833,-5.612,-0.816,
213386991700158,Lacc,-1.695,1.038,0.212,
213386991700158,GameRo,0.258,0.697,-0.598,0.300
213386996670331,Gyro,-1.883,-1.022,-3.048,
213387006663740,pre,1005.173,,,
213387011567346,acc,-8.778,-6.147,-1.124,
213387011567346,Lacc,-2.023,0.870,0.041,
213387011567346,GameRo,0.228,0.712,-0.596,0.293
213387016533125,Gyro,-1.621,-0.340,-2.855,
213387031414920,acc,-9.017,-6.797,-0.771,
213387031414920,Lacc,-2.655,0.543,0.601,
213387031414920,GameRo,0.204,0.727,-0.593,0.280
213387031675418,pre,1005.179,,,
213387036395227,Gyro,-1.289,0.351,-2.699,
213387051266890,acc,-9.459,-7.496,-0.099,
213387051266890,Lacc,-3.506,0.132,1.517,
213387051266890,GameRo,0.185,0.740,-0.591,0.262
213387056257571,Gyro,-1.022,0.816,-2.611,
213387056670901,pre,1005.209,,,
213387071128828,acc,-9.840,-7.752,0.791,
213387071128828,Lacc,-4.316,0.138,2.654,
213387071128828,GameRo,0.169,0.753,-0.589,0.242
213387076119673,Gyro,-0.877,0.954,-2.594,
213387081696333,pre,1005.246,,,
213387091009321,acc,-10.290,-7.500,1.544,
213387091009321,Lacc,-5.209,0.626,3.636,
213387091009321,GameRo,0.153,0.764,-0.587,0.221
213387095982140,Gyro,-0.866,0.786,-2.554,
213387106708215,pre,1005.252,,,
213387110879316,acc,-10.807,-6.968,1.959,
213387110879316,Lacc,-6.160,1.360,4.254,
213387110879316,GameRo,0.136,0.774,-0.585,0.203
213387115844445,Gyro,-0.954,0.447,-2.439,
213387130741336,acc,-11.405,-6.615,2.233,
213387130741336,Lacc,-7.161,1.873,4.716,
213387130741336,GameRo,0.118,0.783,-0.581,0.189
213387131720707,pre,1005.212,,,
213387135707034,Gyro,-1.030,0.096,-2.262,
213387150596682,acc,-12.013,-6.086,2.514,
213387150596682,Lacc,-8.125,2.522,5.166,
213387150596682,GameRo,0.099,0.791,-0.577,0.178
213387155569258,Gyro,-1.043,-0.201,-2.011,
213387156757368,pre,1005.188,,,
213387170466922,acc,-12.589,-5.206,3.012,
213387170466922,Lacc,-8.995,3.482,5.813,
213387170466922,GameRo,0.081,0.798,-0.572,0.172
213387175431725,Gyro,-1.025,-0.483,-1.622,
213387181767948,pre,1005.203,,,
213387190328453,acc,-12.783,-3.975,3.876,
213387190328453,Lacc,-9.386,4.750,6.801,
213387190328453,GameRo,0.065,0.803,-0.567,0.170
213387195272179,Gyro,-0.922,-0.838,-1.063,
213387206779422,pre,1005.212,,,
213387210190881,acc,-12.551,-2.795,4.415,
213387210190881,Lacc,-9.216,5.931,7.412,
213387210190881,GameRo,0.052,0.806,-0.563,0.175
213387215157270,Gyro,-0.670,-1.226,-0.353,
213387230053226,acc,-13.101,-3.874,4.257,
213387230053226,Lacc,-9.676,4.819,7.244,
213387230053226,GameRo,0.043,0.806,-0.559,0.186
213387231789554,pre,1005.197,,,
213387234993534,Gyro,-0.247,-1.547,0.407,
213387249916100,acc,-12.793,-6.114,3.102,
213387249916100,Lacc,-9.143,2.527,5.971,
213387249916100,GameRo,0.040,0.803,-0.559,0.204
213387254865034,Gyro,0.256,-1.790,0.879,
213387256785932,pre,1005.185,,,
213387269777754,acc,-11.236,-6.263,1.042,
213387269777754,Lacc,-7.308,2.327,3.692,
213387269777754,GameRo,0.039,0.796,-0.561,0.224
213387274743208,Gyro,0.618,-1.729,1.040,
213387281813317,pre,1005.191,,,
213387289663293,acc,-11.284,-6.224,-0.648,
213387289663293,Lacc,-7.080,2.309,1.751,
213387289663293,GameRo,0.040,0.788,-0.564,0.243
213387294605839,Gyro,0.726,-1.370,1.233,
213387306825361,pre,1005.206,,,
213387309502730,acc,-12.565,-6.720,-1.084,
213387309502730,Lacc,-8.070,1.726,1.085,
213387309502730,GameRo,0.046,0.780,-0.567,0.260
213387314468143,Gyro,0.824,-0.859,1.624,
213387329364993,acc,-14.141,-7.125,-0.556,
213387329364993,Lacc,-9.301,1.180,1.406,
213387329364993,GameRo,0.060,0.772,-0.569,0.275
213387331837446,pre,1005.191,,,
213387334330733,Gyro,0.889,-0.464,2.279,
213387349227299,acc,-14.686,-7.808,0.520,
213387349227299,Lacc,-9.400,0.262,2.302,
213387349227299,GameRo,0.080,0.765,-0.569,0.293
213387354192956,Gyro,0.696,-0.446,3.032,
213387356851444,pre,1005.154,,,
213387369089725,acc,-14.577,-9.497,1.643,
213387369089725,Lacc,-8.748,-1.776,3.273,
213387369089725,GameRo,0.104,0.756,-0.564,0.315
213387374055505,Gyro,0.453,-0.719,3.563,
213387381864465,pre,1005.148,,,
213387388952152,acc,-14.135,-10.830,2.440,
213387388952152,Lacc,-7.723,-3.551,3.900,
213387388952152,GameRo,0.128,0.747,-0.555,0.342
213387393917565,Gyro,0.508,-1.051,3.837,
213387406837488,pre,1005.206,,,
213387408814619,acc,-13.633,-11.125,2.685,
213387408814619,Lacc,-6.640,-4.352,3.894,
213387408814619,GameRo,0.153,0.734,-0.548,0.371
213387413755863,Gyro,1.019,-1.181,4.048,
213387428676721,acc,-12.997,-11.282,2.219,
213387428676721,Lacc,-5.443,-5.083,3.087,
213387428676721,GameRo,0.182,0.715,-0.544,0.400
213387431888065,pre,1005.255,,,
213387433642581,Gyro,1.827,-1.000,4.351,
213387448539229,acc,-11.711,-11.695,1.472,
213387448539229,Lacc,-3.624,-6.162,1.950,
213387448539229,GameRo,0.218,0.691,-0.543,0.426
213387453504886,Gyro,2.656,-0.548,4.599,
213387456876713,pre,1005.240,,,
213387468401696,acc,-9.641,-12.063,0.450,
213387468401696,Lacc,-1.077,-7.279,0.577,
213387468401696,GameRo,0.260,0.662,-0.543,0.445
213387473367353,Gyro,3.328,0.192,4.650,
213387481912967,pre,1005.185,,,
213387488235925,acc,-7.750,-11.906,0.098,
213387488235925,Lacc,1.211,-7.913,0.016,
213387488235925,GameRo,0.309,0.633,-0.544,0.456
213387493229292,Gyro,3.773,1.018,4.407,
213387506925988,pre,1005.154,,,
213387508101200,acc,-6.735,-10.675,0.568,
213387508101200,Lacc,2.532,-7.458,0.444,
213387508101200,GameRo,0.360,0.604,-0.544,0.458
213387513091923,Gyro,3.941,1.504,4.133,
213387527988651,acc,-5.981,-9.718,0.835,
213387527988651,Lacc,3.513,-7.246,0.786,
213387527988651,GameRo,0.409,0.574,-0.544,0.455
213387532910648,Gyro,3.877,1.586,3.841,
213387531941613,pre,1005.176,,,
213387547850996,acc,-4.933,-8.761,0.246,
213387547850996,Lacc,4.505,-6.084,0.288,
213387547850996,GameRo,0.430,0.563,-0.565,0.423
213387552791793,Gyro,3.503,1.426,3.472,
213387556928674,pre,1005.228,,,
213387567689091,acc,-3.956,-7.956,-0.397,
213387567689091,Lacc,5.630,-5.875,-0.259,
213387567689091,GameRo,0.468,0.536,-0.564,0.419
213387572653731,Gyro,2.834,1.107,3.000,
213387581941491,pre,1005.258,,,
213387587562788,acc,-3.534,-7.334,-0.748,
213387587562788,Lacc,6.147,-5.766,-0.523,
213387587562788,GameRo,0.498,0.513,-0.561,0.417
213387592541467,Gyro,2.010,0.662,2.500,
213387607402144,acc,-3.182,-6.734,-0.992,
213387607402144,Lacc,6.557,-5.589,-0.720,
213387607402144,GameRo,0.519,0.495,-0.557,0.419
213387606978275,pre,1005.225,,,
213387612403568,Gyro,1.194,0.244,2.039,
213387627300500,acc,-2.960,-6.430,-0.971,
213387627300500,Lacc,6.813,-5.626,-0.696,
213387627300500,GameRo,0.532,0.481,-0.554,0.424
213387632262008,Gyro,0.564,-0.022,1.630,
213387631991581,pre,1005.185,,,
213387647162805,acc,-3.100,-6.819,-0.917,
213387647162805,Lacc,6.692,-6.284,-0.662,
213387647162805,GameRo,0.539,0.471,-0.550,0.430
213387652128544,Gyro,0.191,-0.082,1.239,
213387657003788,pre,1005.191,,,
213387667006067,acc,-3.794,-8.295,-1.153,
213387667006067,Lacc,6.002,-7.848,-0.895,
213387667006067,GameRo,0.542,0.469,-0.548,0.432
213387671965336,Gyro,-0.050,0.008,0.805,
213387681991052,pre,1005.200,,,
213387686887455,acc,-4.362,-9.899,-1.540,
213387686887455,Lacc,5.438,-9.553,-1.265,
213387686887455,GameRo,0.544,0.467,-0.544,0.435
213387691853153,Gyro,-0.319,0.153,0.243,
213387706749760,acc,-4.782,-10.273,-1.486,
213387706749760,Lacc,5.017,-9.914,-1.165,
213387706749760,GameRo,0.543,0.471,-0.541,0.436
213387707042892,pre,1005.188,,,
213387711715539,Gyro,-0.648,0.273,-0.336,
213387726612268,acc,-5.282,-9.917,-0.681,
213387726612268,Lacc,4.509,-9.441,-0.296,
213387726612268,GameRo,0.538,0.480,-0.539,0.436
213387731577723,Gyro,-0.927,0.266,-0.808,
213387732031742,pre,1005.194,,,
213387746474532,acc,-6.129,-10.188,-0.215,
213387746474532,Lacc,3.648,-9.521,0.226,
213387746474532,GameRo,0.530,0.492,-0.537,0.435
213387751440840,Gyro,-1.136,0.155,-1.118,
213387757031864,pre,1005.209,,,
213387766336999,acc,-6.543,-11.756,-0.612,
213387766336999,Lacc,3.213,-10.846,-0.131,
213387766336999,GameRo,0.518,0.506,-0.536,0.434
213387771302454,Gyro,-1.372,0.063,-1.476,
213387782045943,pre,1005.197,,,
213387786199304,acc,-6.157,-12.832,-0.963,
213387786199304,Lacc,3.560,-11.595,-0.440,
213387786199304,GameRo,0.503,0.523,-0.536,0.431
213387791165124,Gyro,-1.586,0.119,-2.106,
213387806061771,acc,-6.295,-11.919,-0.212,
213387806061771,Lacc,3.349,-10.224,0.395,
213387806061771,GameRo,0.484,0.544,-0.537,0.425
213387807057580,pre,1005.188,,,
213387811027267,Gyro,-1.562,0.290,-2.804,
213387825924076,acc,-8.026,-11.159,1.173,
213387825924076,Lacc,1.491,-8.890,1.896,
213387825924076,GameRo,0.463,0.568,-0.541,0.413
213387830889612,Gyro,-1.121,0.302,-3.286,
213387832071741,pre,1005.206,,,
213387845786259,acc,-10.027,-10.976,1.165,
213387845786259,Lacc,-0.693,-8.072,1.977,
213387845786259,GameRo,0.441,0.589,-0.549,0.397
213387850753056,Gyro,-0.372,0.195,-3.511,
213387857111088,pre,1005.200,,,
213387865623092,acc,-11.272,-10.926,-0.677,
213387865623092,Lacc,-2.171,-7.363,0.166,
213387865623092,GameRo,0.420,0.605,-0.562,0.376
213387870624149,Gyro,0.250,0.178,-3.615,
213387882125777,pre,1005.188,,,
213387885511153,acc,-11.973,-10.463,-2.759,
213387885511153,Lacc,-3.159,-6.241,-1.909,
213387885511153,GameRo,0.401,0.619,-0.576,0.353
213387890476689,Gyro,0.398,0.271,-3.616,
213387905373417,acc,-12.218,-9.348,-3.646,
213387905373417,Lacc,-3.731,-4.507,-2.768,
213387905373417,GameRo,0.382,0.632,-0.589,0.329
213387907130253,pre,1005.209,,,
213387910339115,Gyro,0.065,0.361,-3.414,
213387925203577,acc,-11.565,-8.292,-3.283,
213387925203577,Lacc,-3.419,-2.912,-2.324,
213387925203577,GameRo,0.363,0.646,-0.597,0.308
213387930201339,Gyro,-0.435,0.395,-3.105,
213387932153854,pre,1005.240,,,
213387945097986,acc,-10.313,-7.850,-1.738,
213387945097986,Lacc,-2.510,-2.005,-0.651,
213387945097986,GameRo,0.344,0.661,-0.601,0.289
213387950038415,Gyro,-0.678,0.310,-2.968,
213387957167241,pre,1005.234,,,
213387964961308,acc,-9.526,-7.270,-0.632,
213387964961308,Lacc,-2.083,-0.995,0.577,
213387964961308,GameRo,0.323,0.676,-0.603,0.272
213387969900924,Gyro,-0.813,-0.002,-3.010,
213387982178349,pre,1005.212,,,
213387984797083,acc,-8.933,-6.062,-0.379,
213387984797083,Lacc,-1.875,0.626,0.921,
213387984797083,GameRo,0.299,0.690,-0.606,0.258
213387989788172,Gyro,-1.046,-0.393,-3.011,
213388004661504,acc,-8.610,-5.040,-0.696,
213388004661504,Lacc,-1.621,1.727,0.570,
213388004661504,GameRo,0.285,0.695,-0.605,0.264
213388009654667,Gyro,-1.271,-0.647,-2.876,
213388007155115,pre,1005.206,,,
213388024546269,acc,-8.210,-4.616,-1.311,
213388024546269,Lacc,-1.427,2.338,0.053,
213388024546269,GameRo,0.265,0.707,-0.601,0.264
213388029512863,Gyro,-1.431,-0.580,-2.698,
213388032201257,pre,1005.203,,,
213388044409876,acc,-7.963,-4.556,-1.248,
213388044409876,Lacc,-1.496,2.666,0.258,
213388044409876,GameRo,0.241,0.720,-0.597,0.257
213388049356124,Gyro,-1.411,-0.272,-2.492,
213388057189986,pre,1005.212,,,
213388064272261,acc,-8.062,-4.886,-0.999,
213388064272261,Lacc,-1.787,2.470,0.657,
213388064272261,GameRo,0.226,0.730,-0.592,0.255
213388069202194,Gyro,-1.320,0.073,-2.271,
213388082224044,pre,1005.225,,,
213388084134607,acc,-8.166,-5.705,-0.428,
213388084134607,Lacc,-1.878,1.641,1.225,
213388084134607,GameRo,0.218,0.733,-0.589,0.262
213388089074955,Gyro,-1.212,0.287,-2.130,
213388103996830,acc,-8.381,-6.522,-0.008,
213388103996830,Lacc,-2.407,1.033,1.857,
213388103996830,GameRo,0.202,0.744,-0.585,0.250
213388107233972,pre,1005.240,,,
213388108947189,Gyro,-1.201,0.326,-2.063,
213388123859420,acc,-8.677,-7.170,0.357,
213388123859420,Lacc,-3.024,0.572,2.441,
213388123859420,GameRo,0.186,0.756,-0.580,0.238
213388128828780,Gyro,-1.295,0.238,-2.067,
213388132243616,pre,1005.246,,,
213388143706100,acc,-9.121,-7.771,0.742,
213388143706100,Lacc,-3.800,0.140,3.053,
213388143706100,GameRo,0.168,0.768,-0.575,0.228
213388148687505,Gyro,-1.394,0.129,-2.175,
213388157255132,pre,1005.246,,,
213388163583948,acc,-10.020,-8.097,0.818,
213388163583948,Lacc,-5.058,-0.027,3.364,
213388163583948,GameRo,0.148,0.780,-0.569,0.216
213388168549727,Gyro,-1.483,0.094,-2.344,
213388183444911,acc,-11.619,-7.441,1.677,
213388183444911,Lacc,-7.042,0.773,4.471,
213388183444911,GameRo,0.127,0.791,-0.562,0.205
213388182267746,pre,1005.209,,,
213388188411951,Gyro,-1.530,-0.002,-2.329,
213388203308883,acc,-13.175,-6.036,2.988,
213388203308883,Lacc,-8.956,2.285,6.023,
213388203308883,GameRo,0.106,0.802,-0.554,0.195
213388208263758,Gyro,-1.477,-0.230,-2.042,
213388207251958,pre,1005.188,,,
213388223170944,acc,-14.227,-4.153,4.436,
213388223170944,Lacc,-10.287,4.227,7.673,
213388223170944,GameRo,0.086,0.811,-0.547,0.189
213388228136357,Gyro,-1.279,-0.596,-1.522,
213388232286585,pre,1005.197,,,
213388243033289,acc,-14.546,-2.266,5.568,
213388243033289,Lacc,-10.749,6.132,8.928,
213388243033289,GameRo,0.070,0.816,-0.541,0.191
213388247999028,Gyro,-0.824,-1.081,-0.765,
213388257298222,pre,1005.212,,,
213388262895757,acc,-15.043,-2.600,5.292,
213388262895757,Lacc,-11.217,5.791,8.638,
213388262895757,GameRo,0.060,0.817,-0.538,0.200
213388267830205,Gyro,-0.010,-1.463,0.141,
213388282732223,acc,-15.096,-5.021,3.076,
213388282732223,Lacc,-11.075,3.352,6.231,
213388282732223,GameRo,0.056,0.811,-0.541,0.215
213388282307581,pre,1005.221,,,
213388287709193,Gyro,0.854,-1.580,0.861,
213388302611536,acc,-14.087,-6.596,0.120,
213388302611536,Lacc,-9.790,1.754,2.954,
213388302611536,GameRo,0.059,0.801,-0.549,0.233
213388307544235,Gyro,1.384,-1.319,1.238,
213388307321253,pre,1005.224,,,
213388322479944,acc,-13.194,-6.277,-1.812,
213388322479944,Lacc,-8.607,2.030,0.674,
213388322479944,GameRo,0.068,0.789,-0.558,0.249
213388327449224,Gyro,1.479,-0.883,1.511,
213388332331222,pre,1005.218,,,
213388342345545,acc,-13.532,-5.675,-2.385,
213388342345545,Lacc,-8.632,2.538,-0.200,
213388342345545,GameRo,0.081,0.778,-0.566,0.262
213388347310429,Gyro,1.426,-0.316,2.033,
213388357317713,pre,1005.200,,,
213388362204351,acc,-14.025,-6.297,-1.754,
213388362204351,Lacc,-8.741,1.736,0.193,
213388362204351,GameRo,0.103,0.767,-0.570,0.275
213388367148158,Gyro,1.597,0.344,2.732,
213388382069870,acc,-14.208,-7.836,-0.830,
213388382069870,Lacc,-8.470,-0.072,0.911,
213388382069870,GameRo,0.134,0.755,-0.575,0.285
213388382362635,pre,1005.200,,,
213388387035486,Gyro,2.017,1.008,3.322,
213388401908819,acc,-14.665,-8.701,-0.455,
213388401908819,Lacc,-8.429,-1.290,1.107,
213388401908819,GameRo,0.174,0.741,-0.579,0.293
213388406898158,Gyro,2.314,1.532,3.878,
213388407360763,pre,1005.209,,,
213388421769780,acc,-15.311,-9.035,0.111,
213388421769780,Lacc,-8.531,-2.093,1.551,
213388421769780,GameRo,0.221,0.724,-0.580,0.300
213388426760219,Gyro,2.361,1.738,4.526,
213388432382899,pre,1005.200,,,
213388441657476,acc,-14.832,-9.609,0.458,
213388441657476,Lacc,-7.465,-3.279,1.834,
213388441657476,GameRo,0.273,0.704,-0.578,0.309
213388446622563,Gyro,2.278,1.738,5.107,
213388457363531,pre,1005.197,,,
213388461519251,acc,-13.425,-10.422,0.522,
213388461519251,Lacc,-5.478,-4.837,1.896,
213388461519251,GameRo,0.326,0.681,-0.572,0.321
213388466485398,Gyro,2.220,1.778,5.413,
213388481381556,acc,-12.174,-10.643,1.214,
213388481381556,Lacc,-3.717,-5.883,2.646,
213388481381556,GameRo,0.379,0.655,-0.563,0.332
213388482374720,pre,1005.212,,,
213388486321945,Gyro,2.191,1.659,5.417,
213388501244715,acc,-11.597,-10.528,1.445,
213388501244715,Lacc,-2.722,-6.629,2.956,
213388501244715,GameRo,0.429,0.627,-0.552,0.343
213388506188726,Gyro,2.068,1.353,5.315,
213388507387335,pre,1005.218,,,
213388521095545,acc,-11.000,-10.163,1.446,
213388521095545,Lacc,-1.802,-7.142,3.030,
213388521095545,GameRo,0.474,0.597,-0.541,0.356
213388526071986,Gyro,1.704,0.824,5.120,
213388532425338,pre,1005.200,,,
213388540968999,acc,-10.511,-10.274,0.916,
213388540968999,Lacc,-1.074,-8.130,2.520,
213388540968999,GameRo,0.511,0.566,-0.529,0.372
213388545934250,Gyro,1.259,0.212,4.858,
213388560807337,acc,-9.590,-10.584,0.086,
213388560807337,Lacc,0.007,-9.288,1.649,
213388560807337,GameRo,0.541,0.536,-0.517,0.391
213388557434005,pre,1005.182,,,
213388565796717,Gyro,0.969,-0.173,4.446,
213388580693893,acc,-8.605,-10.353,-0.687,
213388580693893,Lacc,1.077,-9.833,0.809,
213388580693893,GameRo,0.565,0.507,-0.507,0.408
213388582446864,pre,1005.179,,,
213388585659185,Gyro,0.773,-0.276,3.948,
213388600556279,acc,-8.051,-9.784,-0.856,
213388600556279,Lacc,1.651,-9.955,0.584,
213388600556279,GameRo,0.584,0.482,-0.497,0.424
213388605512985,Gyro,0.605,-0.266,3.491,
213388607456263,pre,1005.209,,,
213388620418463,acc,-7.967,-9.521,-0.616,
213388620418463,Lacc,1.712,-10.304,0.777,
213388620418463,GameRo,0.601,0.459,-0.487,0.438
213388625383835,Gyro,0.473,-0.296,3.099,
213388632472092,pre,1005.227,,,
213388640280889,acc,-8.058,-9.380,-0.271,
213388640280889,Lacc,1.570,-10.707,1.064,
213388640280889,GameRo,0.614,0.438,-0.478,0.451
213388645247076,Gyro,0.345,-0.478,2.775,
213388657485642,pre,1005.209,,,
213388660142828,acc,-7.694,-9.196,-0.267,
213388660142828,Lacc,1.868,-11.008,0.962,
213388660142828,GameRo,0.623,0.418,-0.471,0.464
213388665108078,Gyro,0.168,-0.779,2.451,
213388680005132,acc,-6.975,-8.789,-0.781,
213388680005132,Lacc,2.517,-11.025,0.277,
213388680005132,GameRo,0.628,0.399,-0.467,0.478
213388682499680,pre,1005.194,,,
213388684945725,Gyro,-0.147,-1.054,2.092,
213388699867518,acc,-6.374,-8.350,-1.634,
213388699867518,Lacc,3.054,-10.928,-0.803,
213388699867518,GameRo,0.628,0.384,-0.464,0.493
213388704810715,Gyro,-0.628,-1.209,1.799,
213388707514776,pre,1005.200,,,
213388719730311,acc,-5.821,-8.012,-2.048,
213388719730311,Lacc,3.692,-10.313,-1.382,
213388719730311,GameRo,0.617,0.392,-0.474,0.491
213388724695440,Gyro,-1.167,-1.275,1.612,
213388732529302,pre,1005.227,,,
213388739592128,acc,-4.731,-8.156,-1.987,
213388739592128,Lacc,4.959,-9.562,-1.395,
213388739592128,GameRo,0.593,0.423,-0.495,0.474
213388744557744,Gyro,-1.593,-1.237,1.355,
213388757520229,pre,1005.233,,,
213388759454595,acc,-3.341,-8.098,-1.469,
213388759454595,Lacc,6.326,-9.736,-1.156,
213388759454595,GameRo,0.583,0.419,-0.489,0.495
213388764420212,Gyro,-1.799,-1.085,0.944,
213388779316778,acc,-2.280,-8.108,-0.754,
213388779316778,Lacc,7.368,-9.883,-0.692,
213388779316778,GameRo,0.572,0.419,-0.484,0.512
213388782554164,pre,1005.215,,,
213388784282638,Gyro,-1.702,-0.835,0.391,
213388799179367,acc,-2.046,-8.777,-0.539,
213388799179367,Lacc,7.604,-10.538,-0.669,
213388799179367,GameRo,0.561,0.423,-0.482,0.524
213388804144903,Gyro,-1.455,-0.535,-0.285,
213388807568608,pre,1005.191,,,
213388818997442,acc,-2.293,-9.590,-0.951,
213388818997442,Lacc,7.516,-9.487,-1.066,
213388818997442,GameRo,0.518,0.475,-0.529,0.475
213388824007289,Gyro,-1.325,-0.216,-1.046,
213388832581141,pre,1005.175,,,
213388838904099,acc,-2.175,-9.661,-1.036,
213388838904099,Lacc,7.521,-8.169,-1.066,
213388838904099,GameRo,0.482,0.516,-0.556,0.438
213388843869512,Gyro,-1.341,0.190,-1.967,
213388858742722,acc,-3.651,-9.247,0.197,
213388858742722,Lacc,5.726,-6.367,0.095,
213388858742722,GameRo,0.446,0.544,-0.592,0.393
213388857592697,pre,1005.188,,,
213388863731939,Gyro,-1.233,0.518,-2.871,
213388878628587,acc,-6.502,-9.452,1.156,
213388878628587,Lacc,2.671,-5.976,1.234,
213388878628587,GameRo,0.428,0.567,-0.596,0.375
213388883573370,Gyro,-0.898,0.654,-3.551,
213388882604660,pre,1005.203,,,
213388898491094,acc,-9.073,-10.009,0.859,
213388898491094,Lacc,-0.192,-5.849,1.115,
213388898491094,GameRo,0.408,0.589,-0.603,0.351
213388903433193,Gyro,-0.365,0.843,-4.130,
213388907617803,pre,1005.197,,,
213388918354172,acc,-11.674,-10.779,0.132,
213388918354172,Lacc,-3.196,-5.862,0.560,
213388918354172,GameRo,0.387,0.610,-0.613,0.319
213388923319341,Gyro,0.237,1.093,-4.659,
213388932628098,pre,1005.172,,,
213388938215744,acc,-14.216,-10.888,-0.580,
213388938215744,Lacc,-6.262,-5.174,-0.012,
213388938215744,GameRo,0.366,0.629,-0.626,0.280
213388943181362,Gyro,0.737,1.220,-4.981,
213388958063849,acc,-15.568,-9.714,-1.694,
213388958063849,Lacc,-8.239,-3.225,-1.045,
213388958063849,GameRo,0.344,0.644,-0.641,0.238
213388957639613,pre,1005.160,,,
213388963043544,Gyro,0.869,1.234,-4.984,
213388977940354,acc,-15.496,-8.197,-2.650,
213388977940354,Lacc,-8.851,-1.016,-1.935,
213388977940354,GameRo,0.322,0.658,-0.652,0.196
213388982879400,Gyro,0.497,1.191,-4.782,
213388982656296,pre,1005.172,,,
213388997802862,acc,-14.893,-6.904,-2.092,
213388997802862,Lacc,-8.956,0.862,-1.271,
213388997802862,GameRo,0.299,0.673,-0.658,0.157
213389002750941,Gyro,-0.090,0.970,-4.496,
213389007669033,pre,1005.206,,,
213389017665655,acc,-13.936,-5.915,-0.694,
213389017665655,Lacc,-8.705,2.328,0.270,
213389017665655,GameRo,0.274,0.688,-0.660,0.124
213389022605393,Gyro,-0.603,0.509,-4.235,
213389032660935,pre,1005.221,,,
213389037502162,acc,-13.219,-5.115,0.171,
213389037502162,Lacc,-8.682,3.510,1.296,
213389037502162,GameRo,0.247,0.705,-0.658,0.098
213389042493332,Gyro,-1.047,-0.062,-3.977,
213389057389817,acc,-12.862,-4.549,0.379,
213389057389817,Lacc,-8.981,4.364,1.695,
213389057389817,GameRo,0.217,0.721,-0.653,0.078
213389057682704,pre,1005.203,,,
213389062330654,Gyro,-1.515,-0.621,-3.600,
213389077251308,acc,-12.408,-4.442,0.357,
213389077251308,Lacc,-9.107,4.664,1.918,
213389077251308,GameRo,0.186,0.738,-0.645,0.066
213389082213791,Gyro,-1.834,-0.926,-3.141,
213389082687220,pre,1005.194,,,
213389097114630,acc,-11.786,-4.636,0.682,
213389097114630,Lacc,-8.986,4.583,2.530,
213389097114630,GameRo,0.157,0.755,-0.634,0.057
213389102054897,Gyro,-1.965,-1.019,-2.781,
213389107701666,pre,1005.212,,,
213389116977504,acc,-11.465,-4.849,1.161,
213389116977504,Lacc,-9.101,4.423,3.321,
213389116977504,GameRo,0.129,0.770,-0.622,0.052
213389121917202,Gyro,-2.027,-1.122,-2.466,
213389132712449,pre,1005.218,,,
213389136840216,acc,-11.081,-4.461,1.197,
213389136840216,Lacc,-9.085,4.818,3.679,
213389136840216,GameRo,0.103,0.785,-0.609,0.049
213389141804775,Gyro,-1.998,-1.131,-2.105,
213389156701381,acc,-10.276,-4.069,1.252,
213389156701381,Lacc,-8.574,5.177,4.053,
213389156701381,GameRo,0.081,0.798,-0.596,0.048
213389157723598,pre,1005.203,,,
213389161667161,Gyro,-1.931,-1.068,-1.768,
213389176563930,acc,-9.681,-3.737,1.443,
213389176563930,Lacc,-8.171,5.447,4.542,
213389176563930,GameRo,0.063,0.809,-0.583,0.050
213389181529587,Gyro,-1.867,-1.023,-1.460,
213389182760829,pre,1005.191,,,
213389196418340,acc,-9.769,-4.066,1.784,
213389196418340,Lacc,-8.426,5.039,5.180,
213389196418340,GameRo,0.045,0.819,-0.569,0.052
213389201392259,Gyro,-1.725,-0.996,-1.201,
213389207798590,pre,1005.203,,,
213389216288499,acc,-10.394,-4.437,2.089,
213389216288499,Lacc,-9.172,4.581,5.753,
213389216288499,GameRo,0.030,0.828,-0.557,0.055
213389221254197,Gyro,-1.552,-1.049,-0.931,
213389232783616,pre,1005.200,,,
213389236151047,acc,-10.897,-4.580,2.212,
213389236151047,Lacc,-9.725,4.342,6.117,
213389236151047,GameRo,0.017,0.836,-0.545,0.060
213389241116746,Gyro,-1.561,-1.234,-0.578,
213389256013230,acc,-10.850,-4.652,2.559,
213389256013230,Lacc,-9.637,4.152,6.712,
213389256013230,GameRo,0.006,0.844,-0.532,0.070
213389257767544,pre,1005.182,,,
213389260978765,Gyro,-1.676,-1.532,-0.206,
213389275875534,acc,-10.386,-4.562,2.890,
213389275875534,Lacc,-9.032,4.099,7.293,
213389275875534,GameRo,-0.005,0.851,-0.518,0.084
213389280841315,Gyro,-1.729,-1.877,0.115,
213389282803839,pre,1005.190,,,
213389295737880,acc,-11.591,-6.341,2.849,
213389295737880,Lacc,-10.010,2.159,7.485,
213389295737880,GameRo,-0.014,0.858,-0.503,0.102
213389300704148,Gyro,-1.664,-2.167,0.381,
213389307837490,pre,1005.209,,,
213389315600267,acc,-12.386,-8.164,2.815,
213389315600267,Lacc,-10.502,0.175,7.627,
213389315600267,GameRo,-0.023,0.863,-0.489,0.124
213389320564337,Gyro,-1.305,-2.554,0.460,
213389332825160,pre,1005.206,,,
213389335462774,acc,-10.675,-5.927,1.193,
213389335462774,Lacc,-8.458,2.286,6.078,
213389335462774,GameRo,-0.034,0.865,-0.478,0.149
213389340423875,Gyro,-0.962,-2.730,0.368,
213389355324876,acc,-11.323,-3.153,0.106,
213389355324876,Lacc,-8.765,4.955,5.000,
213389355324876,GameRo,-0.044,0.865,-0.469,0.175
213389357835211,pre,1005.187,,,
213389360290533,Gyro,-0.777,-2.704,0.670,
213389375187384,acc,-13.503,-2.879,-0.480,
213389375187384,Lacc,-10.527,5.106,4.381,
213389375187384,GameRo,-0.050,0.863,-0.460,0.202
213389380153042,Gyro,-0.536,-2.472,1.529,
213389382842983,pre,1005.187,,,
213389395049567,acc,-14.603,-5.657,-1.004,
213389395049567,Lacc,-11.094,2.163,3.768,
213389395049567,GameRo,-0.044,0.861,-0.451,0.231
213389400016282,Gyro,-0.122,-2.045,2.370,
213389407852748,pre,1005.181,,,
213389414912400,acc,-15.336,-8.715,-1.302,
213389414912400,Lacc,-11.243,-1.089,3.316,
213389414912400,GameRo,-0.029,0.857,-0.445,0.259
213389419877773,Gyro,0.351,-1.607,2.941,
213389432864589,pre,1005.154,,,
213389434794562,acc,-15.176,-10.187,-1.431,
213389434794562,Lacc,-10.477,-2.793,2.983,
213389434794562,GameRo,-0.008,0.851,-0.440,0.285
213389439740037,Gyro,0.547,-1.401,3.357,
213389454636521,acc,-13.758,-10.494,-1.062,
213389454636521,Lacc,-8.438,-3.398,3.131,
213389454636521,GameRo,0.017,0.845,-0.435,0.312
213389457877692,pre,1005.133,,,
213389459566209,Gyro,0.504,-1.480,3.495,
213389474499152,acc,-12.170,-10.119,-0.624,
213389474499152,Lacc,-6.241,-3.373,3.322,
213389474499152,GameRo,0.041,0.836,-0.428,0.340
213389479439662,Gyro,0.510,-1.738,3.410,
213389482888393,pre,1005.163,,,
213389494361415,acc,-10.733,-9.578,-1.118,
213389494361415,Lacc,-4.229,-3.202,2.526,
213389494361415,GameRo,0.063,0.826,-0.422,0.369
213389499327196,Gyro,0.658,-1.910,3.228,
213389507898525,pre,1005.190,,,
213389514223761,acc,-9.894,-9.473,-2.164,
213389514223761,Lacc,-2.874,-3.462,1.126,
213389514223761,GameRo,0.083,0.813,-0.418,0.397
213389519164557,Gyro,0.911,-1.872,2.933,
213389534061489,acc,-9.049,-9.004,-3.320,
213389534061489,Lacc,-1.593,-3.331,-0.411,
213389534061489,GameRo,0.102,0.799,-0.416,0.422
213389532909959,pre,1005.190,,,
213389539051683,Gyro,1.088,-1.704,2.636,
213389553949062,acc,-7.816,-7.700,-4.433,
213389553949062,Lacc,0.001,-2.349,-1.886,
213389553949062,GameRo,0.120,0.784,-0.416,0.444
213389558891933,Gyro,0.921,-1.474,2.383,
213389557895596,pre,1005.181,,,
213389573795335,acc,-7.042,-6.552,-4.702,
213389573795335,Lacc,1.076,-1.528,-2.448,
213389573795335,GameRo,0.136,0.772,-0.413,0.463
213389578776780,Gyro,0.447,-1.314,2.248,
213389582930467,pre,1005.175,,,
213389593673061,acc,-6.562,-6.265,-4.266,
213389593673061,Lacc,1.675,-1.423,-2.043,
213389593673061,GameRo,0.144,0.770,-0.408,0.469
213389598638597,Gyro,-0.059,-1.260,2.158,
213389607941900,pre,1005.172,,,
213389613535448,acc,-5.803,-6.406,-3.693,
213389613535448,Lacc,2.628,-1.840,-1.618,
213389613535448,GameRo,0.153,0.763,-0.402,0.483
213389618501512,Gyro,-0.465,-1.312,2.039,
213389633378343,acc,-4.454,-6.437,-3.575,
213389633378343,Lacc,4.197,-2.222,-1.670,
213389633378343,GameRo,0.159,0.756,-0.390,0.501
213389632954230,pre,1005.184,,,
213389638343513,Gyro,-0.811,-1.330,1.773,
213389653260342,acc,-3.281,-6.271,-3.632,
213389653260342,Lacc,5.546,-2.368,-1.875,
213389653260342,GameRo,0.161,0.751,-0.377,0.518
213389658188401,Gyro,-1.129,-1.234,1.412,
213389657965827,pre,1005.209,,,
213389673124965,acc,-2.744,-6.109,-3.449,
213389673124965,Lacc,6.213,-2.461,-1.801,
213389673124965,GameRo,0.160,0.747,-0.363,0.533
213389678088142,Gyro,-1.335,-1.016,1.046,
213389682977667,pre,1005.209,,,
213389692984870,acc,-2.580,-6.169,-3.022,
213389692984870,Lacc,6.467,-2.720,-1.439,
213389692984870,GameRo,0.156,0.746,-0.350,0.545
213389697950527,Gyro,-1.394,-0.783,0.734,
213389707965786,pre,1005.187,,,
213389712847133,acc,-2.292,-6.395,-3.199,
213389712847133,Lacc,6.812,-3.091,-1.641,
213389712847133,GameRo,0.150,0.746,-0.337,0.554
213389717813727,Gyro,-1.521,-0.520,0.408,
213389732709642,acc,-2.159,-6.943,-3.229,
213389732709642,Lacc,6.970,-3.724,-1.636,
213389732709642,GameRo,0.142,0.749,-0.325,0.560
213389733002285,pre,1005.187,,,
213389737649542,Gyro,-1.772,-0.217,-0.020,
213389752572313,acc,-2.448,-7.373,-2.413,
213389752572313,Lacc,6.666,-4.164,-0.717,
213389752572313,GameRo,0.129,0.755,-0.313,0.562
213389757503709,Gyro,-2.030,0.016,-0.548,
213389757986376,pre,1005.197,,,
213389772434170,acc,-3.011,-7.261,-1.346,
213389772434170,Lacc,6.045,-3.974,0.502,
213389772434170,GameRo,0.112,0.763,-0.302,0.561
213389777399786,Gyro,-2.171,0.168,-1.099,
213389782996792,pre,1005.190,,,
213389792296638,acc,-4.047,-6.823,-0.407,
213389792296638,Lacc,4.911,-3.376,1.624,
213389792296638,GameRo,0.090,0.772,-0.293,0.558
213389797262173,Gyro,-2.167,0.244,-1.524,
213389808008430,pre,1005.184,,,
213389812158983,acc,-5.933,-7.584,-0.371,
213389812158983,Lacc,2.623,-3.190,1.560,
213389812158983,GameRo,0.072,0.770,-0.340,0.535
213389817124926,Gyro,-2.199,0.273,-1.720,
213389832021207,acc,-7.573,-10.174,-1.342,
213389832021207,Lacc,0.809,-5.569,0.841,
213389832021207,GameRo,0.047,0.780,-0.332,0.528
213389833020271,pre,1005.181,,,
213389836970181,Gyro,-2.608,0.321,-1.938,
213389851883796,acc,-8.724,-12.347,-1.171,
213389851883796,Lacc,-0.558,-7.525,1.341,
213389851883796,GameRo,0.017,0.792,-0.321,0.519
213389856824470,Gyro,-3.218,0.491,-2.390,
213389858030198,pre,1005.178,,,
213389871745897,acc,-10.402,-12.652,0.986,
213389871745897,Lacc,-2.523,-7.598,3.921,
213389871745897,GameRo,-0.020,0.806,-0.307,0.506
213389876711473,Gyro,-3.561,0.611,-2.783,
213389883062506,pre,1005.187,,,
213389891608283,acc,-11.918,-12.208,3.109,
213389891608283,Lacc,-4.372,-6.938,6.503,
213389891608283,GameRo,-0.059,0.818,-0.293,0.491
213389896554247,Gyro,-3.659,0.441,-2.913,
213389908074754,pre,1005.187,,,
213389911470547,acc,-12.180,-11.435,4.703,
213389911470547,Lacc,-4.966,-5.993,8.523,
213389911470547,GameRo,-0.100,0.827,-0.278,0.478
213389916437222,Gyro,-3.609,-0.065,-2.958,
213389931333136,acc,-11.728,-10.680,5.113,
213389931333136,Lacc,-4.811,-5.101,9.267,
213389931333136,GameRo,-0.142,0.832,-0.262,0.469
213389933088955,pre,1005.160,,,
213389936274096,Gyro,-3.364,-0.651,-3.000,
213389951195401,acc,-10.756,-10.345,4.022,
213389951195401,Lacc,-4.109,-4.624,8.419,
213389951195401,GameRo,-0.184,0.831,-0.249,0.463
213389956141323,Gyro,-2.978,-0.921,-3.182,
213389958073290,pre,1005.151,,,
213389971057746,acc,-10.361,-9.867,2.684,
213389971057746,Lacc,-4.008,-3.968,7.275,
213389971057746,GameRo,-0.226,0.826,-0.239,0.457
213389976023200,Gyro,-2.525,-0.860,-3.438,
213389983089240,pre,1005.190,,,
213389990919685,acc,-10.248,-8.394,1.354,
213389990919685,Lacc,-4.243,-2.276,6.124,
213389990919685,GameRo,-0.267,0.820,-0.234,0.449
213389995885586,Gyro,-2.009,-0.440,-3.509,
213390008124193,pre,1005.227,,,
213390010782275,acc,-10.353,-6.616,0.432,
213390010782275,Lacc,-4.756,-0.272,5.398,
213390010782275,GameRo,-0.303,0.813,-0.234,0.438
213390015748583,Gyro,-1.511,0.204,-3.291,
213390030644742,acc,-10.418,-5.328,0.217,
213390030644742,Lacc,-5.264,1.215,5.400,
213390030644742,GameRo,-0.333,0.808,-0.238,0.423
213390033135302,pre,1005.215,,,
213390035592984,Gyro,-1.208,0.739,-2.854,
213390050507209,acc,-10.160,-5.012,0.540,
213390050507209,Lacc,-5.441,1.666,5.960,
213390050507209,GameRo,-0.357,0.806,-0.243,0.406
213390055436368,Gyro,-1.298,0.887,-2.405,
213390058120246,pre,1005.215,,,
213390070346524,acc,-9.707,-5.374,1.401,
213390070346524,Lacc,-5.372,1.345,7.084,
213390070346524,GameRo,-0.378,0.804,-0.243,0.389
213390075335050,Gyro,-1.671,0.667,-2.080,
213390083132820,pre,1005.206,,,
213390090213630,acc,-9.433,-6.161,2.430,
213390090213630,Lacc,-5.413,0.510,8.395,
213390090213630,GameRo,-0.400,0.803,-0.238,0.374
213390095197273,Gyro,-2.001,0.270,-1.893,
213390108167081,pre,1005.172,,,
213390110069099,acc,-9.276,-7.156,2.960,
213390110069099,Lacc,-5.504,-0.597,9.204,
213390110069099,GameRo,-0.422,0.800,-0.228,0.360
213390115059659,Gyro,-2.160,-0.111,-1.847,
213390129960945,acc,-9.229,-7.999,3.324,
213390129960945,Lacc,-5.659,-1.577,9.824,
213390129960945,GameRo,-0.445,0.796,-0.216,0.349
213390133176358,pre,1005.178,,,
213390134909309,Gyro,-2.076,-0.377,-1.937,
213390149819343,acc,-9.404,-8.193,3.380,
213390149819343,Lacc,-6.018,-1.891,10.093,
213390149819343,GameRo,-0.468,0.789,-0.205,0.340
213390154784350,Gyro,-1.808,-0.543,-2.078,
213390158162035,pre,1005.215,,,
213390169655891,acc,-9.728,-7.703,3.174,
213390169655891,Lacc,-6.520,-1.485,10.050,
213390169655891,GameRo,-0.492,0.780,-0.196,0.333
213390174646410,Gyro,-1.477,-0.630,-2.181,
213390183198778,pre,1005.221,,,
213390189529955,acc,-10.294,-6.979,2.667,
213390189529955,Lacc,-7.259,-0.806,9.661,
213390189529955,GameRo,-0.514,0.769,-0.190,0.328
213390194484789,Gyro,-1.140,-0.629,-2.200,
213390208209317,pre,1005.203,,,
213390209380907,acc,-11.262,-6.677,2.116,
213390209380907,Lacc,-8.402,-0.514,9.192,
213390209380907,GameRo,-0.535,0.758,-0.186,0.324
213390214371019,Gyro,-0.808,-0.519,-2.104,
213390229268237,acc,-12.545,-6.775,1.741,
213390229268237,Lacc,-9.863,-0.591,8.868,
213390229268237,GameRo,-0.553,0.746,-0.185,0.320
213390234188647,Gyro,-0.406,-0.273,-1.884,
213390233220385,pre,1005.221,,,
213390249130378,acc,-13.677,-6.771,1.687,
213390249130378,Lacc,-11.179,-0.525,8.828,
213390249130378,GameRo,-0.567,0.736,-0.188,0.317
213390254096442,Gyro,0.028,-0.032,-1.553,
213390258231168,pre,1005.239,,,
213390268951953,acc,-14.374,-6.088,2.021,
213390268951953,Lacc,-12.041,0.251,9.135,
213390268951953,GameRo,-0.577,0.728,-0.193,0.316
213390273958259,Gyro,0.322,0.005,-1.117,
213390283244067,pre,1005.227,,,
213390288855191,acc,-15.010,-5.221,2.609,
213390288855191,Lacc,-12.773,1.216,9.665,
213390288855191,GameRo,-0.582,0.722,-0.198,0.318
213390293820768,Gyro,0.484,-0.215,-0.563,
213390308680916,acc,-15.220,-4.393,3.261,
213390308680916,Lacc,-12.954,2.134,10.224,
213390308680916,GameRo,-0.583,0.717,-0.200,0.324
213390308256599,pre,1005.212,,,
213390313682950,Gyro,0.647,-0.693,0.084,
213390328579719,acc,-14.570,-3.491,2.955,
213390328579719,Lacc,-12.114,3.116,9.777,
213390328579719,GameRo,-0.580,0.715,-0.198,0.336
213390333538541,Gyro,0.784,-1.290,0.730,
213390333268440,pre,1005.224,,,
213390348442187,acc,-13.883,-3.086,1.751,
213390348442187,Lacc,-11.075,3.579,8.379,
213390348442187,GameRo,-0.573,0.714,-0.191,0.354
213390353407600,Gyro,0.881,-1.791,1.365,
213390358279427,pre,1005.221,,,
213390368325975,acc,-13.613,-3.652,0.294,
213390368325975,Lacc,-10.327,3.033,6.678,
213390368325975,GameRo,-0.562,0.714,-0.181,0.377
213390373269946,Gyro,1.041,-1.977,1.971,
213390383263720,pre,1005.212,,,
213390388166918,acc,-13.616,-4.736,-0.694,
213390388166918,Lacc,-9.781,1.933,5.393,
213390388166918,GameRo,-0.545,0.716,-0.169,0.401
213390393132453,Gyro,1.398,-1.796,2.514,
213390408029060,acc,-13.888,-6.078,-1.418,
213390408029060,Lacc,-9.493,0.553,4.323,
213390408029060,GameRo,-0.522,0.721,-0.160,0.426
213390408322069,pre,1005.206,,,
213390412994677,Gyro,1.903,-1.251,3.052,
213390427891365,acc,-14.453,-7.546,-2.000,
213390427891365,Lacc,-9.515,-0.989,3.372,
213390427891365,GameRo,-0.490,0.731,-0.156,0.449
213390432857063,Gyro,2.405,-0.374,3.665,
213390433269905,pre,1005.194,,,
213390447753874,acc,-15.705,-9.194,-1.730,
213390447753874,Lacc,-10.252,-2.781,3.308,
213390447753874,GameRo,-0.449,0.745,-0.157,0.468
213390452685880,Gyro,2.783,0.508,4.449,
213390458296475,pre,1005.197,,,
213390467616015,acc,-16.081,-11.671,-1.168,
213390467616015,Lacc,-10.106,-5.522,3.600,
213390467616015,GameRo,-0.398,0.765,-0.160,0.481
213390472585416,Gyro,3.063,1.272,5.278,
213390483304288,pre,1005.221,,,
213390487478564,acc,-15.199,-14.534,-0.748,
213390487478564,Lacc,-8.712,-8.781,3.840,
213390487478564,GameRo,-0.337,0.788,-0.163,0.489
213390492443977,Gyro,3.327,1.960,5.836,
213390507340461,acc,-12.700,-15.527,-2.662,
213390507340461,Lacc,-5.746,-10.266,1.833,
213390507340461,GameRo,-0.268,0.811,-0.168,0.493
213390508314623,pre,1005.233,,,
213390512280973,Gyro,3.472,2.847,6.042,
213390527203051,acc,-10.306,-13.953,2.542,
213390527203051,Lacc,-3.071,-9.200,7.158,
213390527203051,GameRo,-0.198,0.834,-0.175,0.484
213390532168831,Gyro,3.285,2.967,5.265,
213390533351692,pre,1005.221,,,
213390547065478,acc,-12.571,-13.829,5.267,
213390547065478,Lacc,-5.105,-9.507,9.938,
213390547065478,GameRo,-0.137,0.848,-0.182,0.478
213390552031421,Gyro,2.754,1.181,4.977,
213390558337858,pre,1005.233,,,
213390566927783,acc,-10.241,-11.590,1.754,
213390566927783,Lacc,-2.409,-7.804,6.289,
213390566927783,GameRo,-0.084,0.851,-0.179,0.487
213390571893603,Gyro,1.514,-0.433,4.780,
213390583373584,pre,1005.227,,,
213390586764900,acc,-8.063,-11.699,0.584,
213390586764900,Lacc,0.162,-8.535,4.895,
213390586764900,GameRo,-0.042,0.847,-0.166,0.503
213390591731535,Gyro,0.837,-1.155,4.162,
213390606652433,acc,-6.906,-10.903,-0.267,
213390606652433,Lacc,1.646,-8.318,3.785,
213390606652433,GameRo,-0.008,0.840,-0.152,0.520
213390608358651,pre,1005.206,,,
213390611592862,Gyro,0.401,-1.376,3.456,
213390626514941,acc,-6.618,-9.548,-0.077,
213390626514941,Lacc,2.191,-7.485,3.714,
213390626514941,GameRo,0.018,0.832,-0.138,0.536
213390631480517,Gyro,0.191,-1.444,2.982,
213390633394946,pre,1005.200,,,
213390646377124,acc,-6.253,-8.864,-0.091,
213390646377124,Lacc,2.761,-7.276,3.441,
213390646377124,GameRo,0.040,0.824,-0.125,0.552
213390651343269,Gyro,0.405,-1.191,2.679,
213390658382535,pre,1005.218,,,
213390666239510,acc,-5.850,-8.561,-0.430,
213390666239510,Lacc,3.294,-7.257,2.873,
213390666239510,GameRo,0.063,0.815,-0.125,0.562
213390671205045,Gyro,0.689,-0.721,2.400,
213390683421598,pre,1005.203,,,
213390686101936,acc,-5.421,-8.430,-0.831,
213390686101936,Lacc,3.741,-6.610,2.167,
213390686101936,GameRo,0.085,0.803,-0.175,0.563
213390691042244,Gyro,0.887,-0.176,2.132,
213390705964201,acc,-4.929,-8.153,-0.991,
213390705964201,Lacc,4.194,-5.836,1.771,
213390705964201,GameRo,0.105,0.794,-0.222,0.557
213390708406583,pre,1005.163,,,
213390710929736,Gyro,0.937,0.305,1.881,
213390725826627,acc,-4.484,-8.203,-0.915,
213390725826627,Lacc,4.651,-5.907,1.827,
213390725826627,GameRo,0.123,0.790,-0.234,0.553
213390730787769,Gyro,0.878,0.669,1.580,
213390733413948,pre,1005.175,,,
213390745663257,acc,-4.377,-8.629,-0.665,
213390745663257,Lacc,4.526,-5.258,1.704,
213390745663257,GameRo,0.131,0.777,-0.311,0.532
213390750629687,Gyro,0.725,0.867,1.207,
213390758425586,pre,1005.218,,,
213390765526334,acc,-4.677,-9.439,-0.572,
213390765526334,Lacc,4.242,-6.193,1.907,
213390765526334,GameRo,0.145,0.778,-0.311,0.526
213390770491911,Gyro,0.462,0.880,0.772,
213390783459562,pre,1005.233,,,
213390785413664,acc,-4.294,-9.674,-0.543,
213390785413664,Lacc,4.613,-6.491,2.059,
213390785413664,GameRo,0.153,0.780,-0.310,0.521
213390790361539,Gyro,0.114,0.767,0.250,
213390805275846,acc,-3.628,-9.310,-0.248,
213390805275846,Lacc,5.046,-5.420,2.177,
213390805275846,GameRo,0.145,0.776,-0.350,0.504
213390808469328,pre,1005.221,,,
213390810238818,Gyro,-0.192,0.576,-0.361,
213390825138273,acc,-3.452,-8.837,-0.097,
213390825138273,Lacc,5.055,-4.589,2.313,
213390825138273,GameRo,0.136,0.777,-0.365,0.494
213390830079231,Gyro,-0.433,0.357,-0.969,
213390833479744,pre,1005.203,,,
213390844977628,acc,-4.933,-10.109,-0.445,
213390844977628,Lacc,3.456,-5.678,2.053,
213390844977628,GameRo,0.124,0.782,-0.366,0.488
213390849966724,Gyro,-0.676,0.147,-1.492,
213390858487842,pre,1005.206,,,
213390864863045,acc,-5.899,-11.304,-1.268,
213390864863045,Lacc,2.330,-6.629,1.314,
213390864863045,GameRo,0.107,0.787,-0.368,0.482
213390869833219,Gyro,-1.049,0.048,-1.986,
213390883496997,pre,1005.215,,,
213390884707853,acc,-6.198,-11.164,-1.301,
213390884707853,Lacc,1.814,-6.193,1.409,
213390884707853,GameRo,0.084,0.794,-0.369,0.475
213390889667041,Gyro,-1.504,0.117,-2.535,
213390904587777,acc,-7.463,-10.561,-0.112,
213390904587777,Lacc,0.258,-5.249,2.788,
213390904587777,GameRo,0.055,0.803,-0.369,0.465
213390909536263,Gyro,-1.751,0.161,-2.958,
213390908510059,pre,1005.221,,,
213390924424162,acc,-8.778,-10.871,0.740,
213390924424162,Lacc,-1.405,-5.197,3.853,
213390924424162,GameRo,0.023,0.811,-0.369,0.453
213390929415454,Gyro,-1.672,0.138,-3.284,
213390933516772,pre,1005.206,,,
213390944312223,acc,-9.851,-11.747,0.438,
213390944312223,Lacc,-2.888,-5.681,3.747,
213390944312223,GameRo,-0.011,0.818,-0.372,0.439
213390949277880,Gyro,-1.291,0.208,-3.650,
213390958527596,pre,1005.178,,,
213390964174528,acc,-11.104,-12.546,-0.385,
213390964174528,Lacc,-4.635,-6.041,3.090,
213390964174528,GameRo,-0.046,0.822,-0.380,0.422
213390969135547,Gyro,-0.757,0.421,-4.020,
213390984011523,acc,-12.122,-12.096,-1.190,
213390984011523,Lacc,-6.248,-5.116,2.418,
213390984011523,GameRo,-0.080,0.823,-0.393,0.402
213390983536710,pre,1005.169,,,
213390989002491,Gyro,-0.289,0.671,-4.275,
213391003873951,acc,-12.521,-10.667,-1.683,
213391003873951,Lacc,-7.321,-3.221,2.026,
213391003873951,GameRo,-0.112,0.822,-0.410,0.378
213391008839893,Gyro,-0.060,0.837,-4.306,
213391008547290,pre,1005.197,,,
213391023737231,acc,-12.086,-8.845,-1.822,
213391023737231,Lacc,-7.597,-0.992,1.974,
213391023737231,GameRo,-0.144,0.820,-0.426,0.354
213391028727263,Gyro,-0.116,0.846,-4.157,
213391033557137,pre,1005.215,,,
213391043603687,acc,-11.243,-7.632,-1.738,
213391043603687,Lacc,-7.461,0.539,2.154,
213391043603687,GameRo,-0.174,0.817,-0.440,0.329
213391048589241,Gyro,-0.383,0.711,-3.975,
213391058555998,pre,1005.191,,,
213391063486377,acc,-10.562,-7.160,-1.197,
213391063486377,Lacc,-7.467,1.236,2.823,
213391063486377,GameRo,-0.204,0.814,-0.449,0.306
213391068451791,Gyro,-0.776,0.393,-3.904,
213391083348601,acc,-10.374,-6.545,-0.551,
213391083348601,Lacc,-7.944,1.985,3.642,
213391083348601,GameRo,-0.237,0.811,-0.453,0.285
213391083548633,pre,1005.178,,,
213391088314217,Gyro,-1.248,-0.072,-3.810,
213391103182503,acc,-10.261,-6.148,-0.442,
213391103182503,Lacc,-8.434,2.413,3.984,
213391103182503,GameRo,-0.272,0.807,-0.451,0.267
213391108177621,Gyro,-1.687,-0.456,-3.570,
213391108560352,pre,1005.206,,,
213391123062549,acc,-10.044,-6.540,-0.766,
213391123062549,Lacc,-8.747,1.961,3.954,
213391123062549,GameRo,-0.307,0.804,-0.443,0.251
213391128038664,Gyro,-1.974,-0.500,-3.319,
213391133571664,pre,1005.242,,,
213391142935759,acc,-9.804,-7.304,-0.566,
213391142935759,Lacc,-9.002,1.067,4.486,
213391142935759,GameRo,-0.339,0.802,-0.433,0.234
213391147901335,Gyro,-2.066,-0.308,-3.189,
213391158581389,pre,1005.236,,,
213391162798145,acc,-9.746,-7.422,-0.128,
213391162798145,Lacc,-9.437,0.773,5.255,
213391162798145,GameRo,-0.369,0.799,-0.423,0.215
213391167763395,Gyro,-1.919,0.028,-3.102,
213391182660287,acc,-9.879,-7.060,0.231,
213391182660287,Lacc,-10.076,0.943,5.901,
213391182660287,GameRo,-0.396,0.795,-0.416,0.195
213391183591969,pre,1005.209,,,
213391187607105,Gyro,-1.650,0.390,-2.961,
213391202523202,acc,-10.109,-6.725,0.737,
213391202523202,Lacc,-10.812,1.078,6.640,
213391202523202,GameRo,-0.419,0.791,-0.411,0.173
213391207462940,Gyro,-1.414,0.585,-2.792,
213391208603076,pre,1005.188,,,
213391222384937,acc,-10.488,-6.453,1.388,
213391222384937,Lacc,-11.672,1.145,7.479,
213391222384937,GameRo,-0.440,0.786,-0.408,0.152
213391227335376,Gyro,-1.225,0.554,-2.632,
213391233635669,pre,1005.197,,,
213391242247404,acc,-11.193,-6.111,1.858,
213391242247404,Lacc,-12.811,1.278,8.105,
213391242247404,GameRo,-0.459,0.780,-0.405,0.133
213391247192595,Gyro,-1.072,0.377,-2.426,
213391258646045,pre,1005.224,,,
213391262109628,acc,-12.242,-5.404,2.224,
213391262109628,Lacc,-14.219,1.778,8.607,
213391262109628,GameRo,-0.477,0.773,-0.401,0.117
213391267075733,Gyro,-1.021,0.094,-2.066,
213391281972176,acc,-13.125,-4.859,2.847,
213391281972176,Lacc,-15.349,2.117,9.376,
213391281972176,GameRo,-0.492,0.769,-0.395,0.105
213391283676156,pre,1005.246,,,
213391286912484,Gyro,-1.070,-0.271,-1.537,
213391301834970,acc,-13.364,-4.285,3.894,
213391301834970,Lacc,-15.695,2.495,10.591,
213391301834970,GameRo,-0.504,0.766,-0.386,0.099
213391306775155,Gyro,-1.024,-0.703,-0.900,
213391308671721,pre,1005.255,,,
213391321722542,acc,-13.090,-4.069,4.682,
213391321722542,Lacc,-15.373,2.564,11.540,
213391321722542,GameRo,-0.513,0.766,-0.375,0.099
213391326658619,Gyro,-0.643,-1.101,-0.231,
213391333667082,pre,1005.243,,,
213391341533741,acc,-13.520,-5.825,4.373,
213391341533741,Lacc,-15.616,0.761,11.335,
213391341533741,GameRo,-0.517,0.766,-0.366,0.107
213391346524707,Gyro,-0.003,-1.436,0.350,
213391358675790,pre,1005.227,,,
213391361421437,acc,-12.896,-6.911,2.664,
213391361421437,Lacc,-14.698,-0.262,9.649,
213391361421437,GameRo,-0.518,0.767,-0.359,0.123
213391366386605,Gyro,0.528,-1.680,0.679,
213391381283741,acc,-12.006,-6.251,0.535,
213391381283741,Lacc,-13.454,0.520,7.484,
213391381283741,GameRo,-0.517,0.766,-0.354,0.143
213391383684823,pre,1005.203,,,
213391386226815,Gyro,0.710,-1.705,0.921,
213391401146656,acc,-12.097,-5.549,-0.814,
213391401146656,Lacc,-13.164,1.347,6.080,
213391401146656,GameRo,-0.514,0.767,-0.349,0.163
213391406111418,Gyro,0.658,-1.495,1.357,
213391408668588,pre,1005.191,,,
213391421007699,acc,-12.560,-6.093,-1.107,
213391421007699,Lacc,-13.215,0.923,5.718,
213391421007699,GameRo,-0.505,0.770,-0.345,0.183
213391425974497,Gyro,0.758,-1.007,1.972,
213391433703419,pre,1005.179,,,
213391440842498,acc,-12.699,-7.622,-0.775,
213391440842498,Lacc,-12.934,-0.466,5.930,
213391440842498,GameRo,-0.488,0.777,-0.344,0.200
213391445836312,Gyro,1.168,-0.290,2.524,
213391458714404,pre,1005.154,,,
213391460708261,acc,-13.054,-8.672,-0.084,
213391460708261,Lacc,-12.891,-1.327,6.417,
213391460708261,GameRo,-0.464,0.785,-0.349,0.217
213391465699513,Gyro,1.715,0.391,3.017,
213391480577035,acc,-13.349,-9.139,0.558,
213391480577035,Lacc,-12.780,-1.571,6.774,
213391480577035,GameRo,-0.431,0.794,-0.360,0.232
213391485542245,Gyro,2.141,0.847,3.533,
213391483698861,pre,1005.139,,,
213391500457650,acc,-13.700,-9.810,1.185,
213391500457650,Lacc,-12.664,-2.024,7.063,
213391500457650,GameRo,-0.392,0.804,-0.373,0.248
213391505423675,Gyro,2.420,0.975,4.063,
213391508705819,pre,1005.182,,,
213391520294768,acc,-13.357,-10.533,1.240,
213391520294768,Lacc,-11.754,-2.572,6.745,
213391520294768,GameRo,-0.347,0.812,-0.386,0.266
213391525286141,Gyro,2.581,0.883,4.521,
213391533743498,pre,1005.237,,,
213391540188811,acc,-12.407,-11.402,0.551,
213391540188811,Lacc,-10.141,-3.344,5.667,
213391540188811,GameRo,-0.299,0.819,-0.397,0.286
213391545147592,Gyro,2.581,0.730,4.799,
213391558756763,pre,1005.246,,,
213391560025644,acc,-11.043,-11.916,-0.298,
213391560025644,Lacc,-8.060,-3.861,4.441,
213391560025644,GameRo,-0.249,0.824,-0.405,0.307
213391565009978,Gyro,2.437,0.649,4.849,
213391579906950,acc,-10.103,-11.728,-0.599,
213391579906950,Lacc,-6.408,-3.779,3.804,
213391579906950,GameRo,-0.199,0.828,-0.411,0.326
213391584847503,Gyro,2.206,0.604,4.728,
213391583765268,pre,1005.218,,,
213391599769337,acc,-9.555,-11.306,-0.632,
213391599769337,Lacc,-5.177,-3.551,3.484,
213391599769337,GameRo,-0.151,0.829,-0.414,0.345
213391604754362,Gyro,1.959,0.497,4.561,
213391608757903,pre,1005.218,,,
213391619631845,acc,-8.893,-10.699,-0.704,
213391619631845,Lacc,-3.870,-3.216,3.171,
213391619631845,GameRo,-0.106,0.828,-0.414,0.362
213391624588022,Gyro,1.569,0.293,4.346,
213391633788339,pre,1005.215,,,
213391639494190,acc,-8.406,-10.302,-0.525,
213391639494190,Lacc,-2.779,-3.165,3.167,
213391639494190,GameRo,-0.065,0.827,-0.410,0.379
213391644459807,Gyro,1.141,0.047,4.127,
213391659331430,acc,-7.936,-10.447,-0.220,
213391659331430,Lacc,-1.751,-3.707,3.323,
213391659331430,GameRo,-0.028,0.824,-0.403,0.396
213391658777312,pre,1005.197,,,
213391664296762,Gyro,0.948,-0.111,3.855,
213391679218596,acc,-7.180,-10.304,-0.277,
213391679218596,Lacc,-0.502,-3.974,3.124,
213391679218596,GameRo,0.005,0.821,-0.396,0.412
213391684158986,Gyro,0.927,-0.141,3.543,
213391683809946,pre,1005.200,,,
213391699081023,acc,-6.442,-9.761,-0.457,
213391699081023,Lacc,0.658,-3.833,2.810,
213391699081023,GameRo,0.036,0.816,-0.389,0.426
213391704021737,Gyro,0.921,-0.067,3.242,
213391708816619,pre,1005.221,,,
213391718908782,acc,-5.815,-9.418,-0.531,
213391718908782,Lacc,1.640,-3.878,2.626,
213391718908782,GameRo,0.065,0.810,-0.384,0.438
213391723907724,Gyro,0.859,0.001,2.958,
213391733843759,pre,1005.237,,,
213391738780771,acc,-4.960,-9.121,-0.520,
213391738780771,Lacc,2.773,-3.906,2.519,
213391738780771,GameRo,0.091,0.804,-0.381,0.447
213391743771086,Gyro,0.746,0.044,2.660,
213391758671721,acc,-4.167,-9.397,-0.490,
213391758671721,Lacc,3.767,-4.420,2.428,
213391758671721,GameRo,0.112,0.798,-0.381,0.454
213391758794768,pre,1005.227,,,
213391763633676,Gyro,0.555,-0.040,2.350,
213391778530242,acc,-3.194,-9.958,-0.989,
213391778530242,Lacc,4.938,-5.271,1.863,
213391778530242,GameRo,0.129,0.793,-0.376,0.461
213391783495777,Gyro,0.174,-0.179,1.994,
213391783838429,pre,1005.197,,,
213391798392709,acc,-2.012,-10.660,-1.313,
213391798392709,Lacc,6.292,-6.263,1.504,
213391798392709,GameRo,0.142,0.790,-0.368,0.470
213391803332977,Gyro,-0.296,-0.281,1.475,
213391808834034,pre,1005.175,,,
213391818255543,acc,-0.961,-11.202,-1.050,
213391818255543,Lacc,7.457,-7.017,1.755,
213391818255543,GameRo,0.148,0.788,-0.360,0.477
213391823221689,Gyro,-0.623,-0.312,0.655,
213391833841318,pre,1005.200,,,
213391838105519,acc,-1.035,-11.693,-0.583,
213391838105519,Lacc,7.415,-7.577,2.228,
213391838105519,GameRo,0.145,0.789,-0.354,0.481
213391843083465,Gyro,-0.695,-0.250,-0.365,
213391857944956,acc,-3.086,-12.661,-0.503,
213391857944956,Lacc,5.306,-8.440,2.326,
213391857944956,GameRo,0.134,0.791,-0.353,0.481
213391858850473,pre,1005.233,,,
213391862921273,Gyro,-0.642,-0.169,-1.305,
213391877841888,acc,-5.124,-12.602,-1.366,
213391877841888,Lacc,3.128,-8.139,1.500,
213391877841888,GameRo,0.118,0.795,-0.357,0.476
213391882807627,Gyro,-0.788,0.010,-2.005,
213391883886240,pre,1005.224,,,
213391897704192,acc,-6.214,-11.448,-0.954,
213391897704192,Lacc,1.823,-6.665,2.009,
213391897704192,GameRo,0.096,0.801,-0.360,0.468
213391902670664,Gyro,-1.030,0.201,-2.554,
213391908870574,pre,1005.191,,,
213391917566741,acc,-7.492,-10.786,0.470,
213391917566741,Lacc,0.254,-5.628,3.575,
213391917566741,GameRo,0.069,0.808,-0.364,0.457
213391922532154,Gyro,-1.043,0.212,-3.039,
213391933905324,pre,1005.191,,,
213391937429005,acc,-9.177,-10.983,0.969,
213391937429005,Lacc,-1.785,-5.399,4.196,
213391937429005,GameRo,0.040,0.814,-0.371,0.445
213391942369557,Gyro,-0.783,0.058,-3.408,
213391957291391,acc,-10.754,-11.762,-0.312,
213391957291391,Lacc,-3.772,-5.711,2.984,
213391957291391,GameRo,0.008,0.817,-0.382,0.432
213391958889821,pre,1005.209,,,
213391962256886,Gyro,-0.483,0.013,-3.700,
213391977153777,acc,-12.200,-12.587,-2.059,
213391977153777,Lacc,-5.700,-6.047,1.290,
213391977153777,GameRo,-0.024,0.819,-0.395,0.416
213391982119232,Gyro,-0.311,0.186,-3.985,
213391983924611,pre,1005.212,,,
213391997015838,acc,-13.553,-11.694,-2.775,
213391997015838,Lacc,-7.618,-4.669,0.640,
213391997015838,GameRo,-0.057,0.819,-0.409,0.398
213392001982024,Gyro,-0.241,0.384,-4.076,
213392008933766,pre,1005.218,,,
213392016878346,acc,-13.562,-9.481,-2.873,
213392016878346,Lacc,-8.237,-2.023,0.627,
213392016878346,GameRo,-0.089,0.819,-0.423,0.377
213392021820729,Gyro,-0.364,0.466,-3.905,
213392033941822,pre,1005.230,,,
213392036740732,acc,-12.349,-7.198,-2.435,
213392036740732,Lacc,-7.625,0.602,1.181,
213392036740732,GameRo,-0.119,0.819,-0.434,0.357
213392041681813,Gyro,-0.630,0.437,-3.579,
213392056602875,acc,-10.727,-5.911,-1.506,
213392056602875,Lacc,-6.567,2.136,2.260,
213392056602875,GameRo,-0.148,0.819,-0.440,0.338
213392058951385,pre,1005.215,,,
213392061568572,Gyro,-0.840,0.314,-3.293,
213392076465952,acc,-9.344,-5.448,-0.567,
213392076465952,Lacc,-5.715,2.778,3.357,
213392076465952,GameRo,-0.175,0.818,-0.444,0.321
213392081412607,Gyro,-0.938,0.042,-3.206,
213392083958628,pre,1005.188,,,
213392096327565,acc,-8.774,-5.068,-0.510,
213392096327565,Lacc,-5.308,3.243,3.383,
213392096327565,GameRo,-0.189,0.814,-0.446,0.320
213392101294077,Gyro,-1.085,-0.289,-3.239,
213392108955902,pre,1005.200,,,
213392116164926,acc,-8.659,-4.670,-0.793,
213392116164926,Lacc,-4.215,3.380,2.626,
213392116164926,GameRo,-0.156,0.806,-0.438,0.366
213392121121633,Gyro,-1.321,-0.546,-3.159,
213392133978241,pre,1005.203,,,
213392136052460,acc,-8.868,-4.915,-1.076,
213392136052460,Lacc,-4.708,3.239,2.453,
213392136052460,GameRo,-0.181,0.804,-0.435,0.362
213392141006032,Gyro,-1.379,-0.535,-2.978,
213392155914275,acc,-8.958,-5.483,-1.595,
213392155914275,Lacc,-5.227,2.794,2.120,
213392155914275,GameRo,-0.210,0.803,-0.433,0.350
213392158987925,pre,1005.179,,,
213392160854991,Gyro,-1.365,-0.228,-2.800,
213392175776906,acc,-9.569,-6.191,-1.400,
213392175776906,Lacc,-6.276,2.173,2.531,
213392175776906,GameRo,-0.237,0.803,-0.432,0.336
213392180742523,Gyro,-1.281,0.141,-2.573,
213392183999481,pre,1005.191,,,
213392195639170,acc,-9.965,-7.145,-1.314,
213392195639170,Lacc,-7.104,1.269,2.839,
213392195639170,GameRo,-0.259,0.803,-0.431,0.320
213392200605601,Gyro,-1.174,0.515,-2.363,
213392208981496,pre,1005.246,,,
213392215501638,acc,-9.988,-7.979,-0.619,
213392215501638,Lacc,-7.562,0.459,3.757,
213392215501638,GameRo,-0.278,0.804,-0.431,0.303
213392220422820,Gyro,-1.153,0.710,-2.282,
213392233988739,pre,1005.255,,,
213392235372771,acc,-10.098,-8.473,0.434,
213392235372771,Lacc,-8.115,-0.038,5.033,
213392235372771,GameRo,-0.296,0.804,-0.430,0.284
213392240304779,Gyro,-1.165,0.674,-2.314,
213392255235280,acc,-10.608,-8.616,1.147,
213392255235280,Lacc,-9.066,-0.207,5.959,
213392255235280,GameRo,-0.315,0.804,-0.429,0.266
213392260153696,Gyro,-1.115,0.514,-2.351,
213392259022877,pre,1005.224,,,
213392275064218,acc,-11.356,-8.574,1.361,
213392275064218,Lacc,-10.246,-0.205,6.357,
213392275064218,GameRo,-0.334,0.802,-0.428,0.249
213392280053924,Gyro,-0.921,0.394,-2.364,
213392284032114,pre,1005.206,,,
213392294950897,acc,-12.564,-7.913,1.361,
213392294950897,Lacc,-11.870,0.416,6.496,
213392294950897,GameRo,-0.353,0.798,-0.428,0.234
213392299917368,Gyro,-0.721,0.287,-2.221,
213392308999114,pre,1005.221,,,
213392314811656,acc,-13.727,-6.896,1.653,
213392314811656,Lacc,-13.392,1.387,6.899,
213392314811656,GameRo,-0.370,0.794,-0.429,0.221
213392319753876,Gyro,-0.660,0.064,-1.827,
213392334675669,acc,-14.062,-5.656,2.584,
213392334675669,Lacc,-13.974,2.566,7.934,
213392334675669,GameRo,-0.384,0.791,-0.427,0.213
213392334044647,pre,1005.230,,,
213392339641246,Gyro,-0.626,-0.325,-1.273,
213392354527639,acc,-14.098,-4.705,3.210,
213392354527639,Lacc,-14.107,3.457,8.653,
213392354527639,GameRo,-0.395,0.788,-0.422,0.211
213392359474823,Gyro,-0.488,-0.758,-0.593,
213392359050384,pre,1005.218,,,
213392374379730,acc,-14.057,-5.080,3.257,
213392374379730,Lacc,-14.001,3.043,8.757,
213392374379730,GameRo,-0.401,0.787,-0.416,0.216
213392379365937,Gyro,-0.118,-1.147,0.095,
213392384060394,pre,1005.191,,,
213392394267588,acc,-12.304,-4.717,2.041,
213392394267588,Lacc,-12.042,3.416,7.521,
213392394267588,GameRo,-0.404,0.785,-0.411,0.228
213392399227793,Gyro,0.301,-1.394,0.576,
213392409049449,pre,1005.157,,,
213392414124969,acc,-10.822,-4.121,0.227,
213392414124969,Lacc,-10.276,4.052,5.625,
213392414124969,GameRo,-0.402,0.783,-0.406,0.244
213392419065562,Gyro,0.500,-1.390,0.938,
213392433987152,acc,-10.634,-4.346,-0.696,
213392433987152,Lacc,-9.762,3.873,4.588,
213392433987152,GameRo,-0.397,0.782,-0.403,0.262
213392434057017,pre,1005.163,,,
213392438952809,Gyro,0.718,-1.110,1.317,
213392453805389,acc,-10.896,-5.209,-1.229,
213392453805389,Lacc,-9.676,3.068,3.893,
213392453805389,GameRo,-0.387,0.782,-0.402,0.278
213392458815033,Gyro,1.114,-0.574,1.718,
213392459107798,pre,1005.194,,,
213392473711924,acc,-11.349,-6.266,-1.733,
213392473711924,Lacc,-9.782,2.089,3.164,
213392473711924,GameRo,-0.369,0.783,-0.406,0.293
213392478677541,Gyro,1.546,0.155,2.124,
213392484057017,pre,1005.215,,,
213392493559621,acc,-11.947,-6.834,-1.409,
213392493559621,Lacc,-10.029,1.600,3.218,
213392493559621,GameRo,-0.344,0.786,-0.413,0.305
213392498530935,Gyro,1.836,0.782,2.629,
213392509087454,pre,1005.215,,,
213392513436615,acc,-12.104,-7.528,-0.602,
213392513436615,Lacc,-9.786,0.956,3.744,
213392513436615,GameRo,-0.311,0.790,-0.423,0.316
213392518401865,Gyro,1.947,1.171,3.160,
213392533298717,acc,-11.743,-8.605,0.248,
213392533298717,Lacc,-8.958,-0.126,4.323,
213392533298717,GameRo,-0.273,0.796,-0.431,0.326
213392534096527,pre,1005.209,,,
213392538264455,Gyro,1.985,1.334,3.555,
213392553161184,acc,-11.045,-9.333,0.814,
213392553161184,Lacc,-7.746,-0.921,4.633,
213392553161184,GameRo,-0.231,0.801,-0.438,0.336
213392558126719,Gyro,1.999,1.343,3.762,
213392559107106,pre,1005.218,,,
213392573023652,acc,-10.308,-9.439,1.115,
213392573023652,Lacc,-6.468,-1.150,4.690,
213392573023652,GameRo,-0.188,0.804,-0.444,0.347
213392577988902,Gyro,2.040,1.274,3.845,
213392584104177,pre,1005.240,,,
213392592885590,acc,-9.716,-9.218,1.086,
213392592885590,Lacc,-5.329,-1.103,4.424,
213392592885590,GameRo,-0.144,0.806,-0.449,0.358
213392597851614,Gyro,2.022,1.122,3.833,
213392609127492,pre,1005.237,,,
213392612748180,acc,-9.317,-8.872,0.822,
213392612748180,Lacc,-4.386,-0.984,3.937,
213392612748180,GameRo,-0.102,0.805,-0.453,0.369
213392617713796,Gyro,1.845,0.871,3.792,
213392632610158,acc,-8.860,-8.689,0.465,
213392632610158,Lacc,-3.393,-1.086,3.387,
213392632610158,GameRo,-0.062,0.803,-0.453,0.382
213392634134125,pre,1005.227,,,
213392637571340,Gyro,1.550,0.598,3.717,
213392652473359,acc,-8.394,-8.628,0.200,
213392652473359,Lacc,-2.411,-1.363,2.967,
213392652473359,GameRo,-0.025,0.800,-0.450,0.395
213392657437225,Gyro,1.221,0.370,3.605,
213392659148611,pre,1005.212,,,
213392672309784,acc,-8.002,-8.526,0.150,
213392672309784,Lacc,-1.533,-1.641,2.796,
213392672309784,GameRo,0.009,0.797,-0.445,0.409
213392677280610,Gyro,1.047,0.266,3.498,
213392684177135,pre,1005.185,,,
213392692197520,acc,-7.706,-8.678,0.091,
213392692197520,Lacc,-0.794,-2.197,2.633,
213392692197520,GameRo,0.042,0.792,-0.439,0.422
213392697162974,Gyro,1.009,0.267,3.365,
213392709187836,pre,1005.166,,,
213392712059947,acc,-7.646,-8.972,-0.091,
213392712059947,Lacc,-0.337,-2.907,2.364,
213392712059947,GameRo,0.073,0.787,-0.433,0.433
213392717025971,Gyro,0.941,0.289,3.202,
213392731897593,acc,-7.761,-9.327,-0.194,
213392731897593,Lacc,-0.103,-3.682,2.199,
213392731897593,GameRo,0.102,0.782,-0.426,0.444
213392734185517,pre,1005.166,,,
213392736872528,Gyro,0.768,0.262,3.038,
213392751785167,acc,-7.658,-9.550,-0.238,
213392751785167,Lacc,0.307,-4.330,2.117,
213392751785167,GameRo,0.129,0.777,-0.418,0.453
213392756750906,Gyro,0.515,0.185,2.858,
213392759180716,pre,1005.185,,,
213392771621470,acc,-7.554,-9.974,-0.204,
213392771621470,Lacc,0.678,-5.179,2.132,
213392771621470,GameRo,0.152,0.772,-0.408,0.463
213392776612193,Gyro,0.223,0.071,2.645,
213392784212780,pre,1005.203,,,
213392791508963,acc,-7.575,-10.937,-0.098,
213392791508963,Lacc,0.888,-6.554,2.231,
213392791508963,GameRo,0.172,0.768,-0.397,0.473
213392796474579,Gyro,-0.099,-0.072,2.393,
213392809220550,pre,1005.203,,,
213392811349294,acc,-7.183,-11.825,0.083,
213392811349294,Lacc,1.471,-7.832,2.406,
213392811349294,GameRo,0.187,0.764,-0.385,0.483
213392816337617,Gyro,-0.370,-0.198,2.059,
213392831233938,acc,-5.932,-11.885,0.223,
213392831233938,Lacc,2.874,-8.232,2.537,
213392831233938,GameRo,0.198,0.761,-0.373,0.493
213392834228648,pre,1005.185,,,
213392836199433,Gyro,-0.515,-0.264,1.598,
213392851096202,acc,-4.527,-11.157,0.530,
213392851096202,Lacc,4.386,-7.762,2.827,
213392851096202,GameRo,0.204,0.759,-0.363,0.501
213392856061534,Gyro,-0.548,-0.372,1.040,
213392859238170,pre,1005.175,,,
213392870958303,acc,-3.493,-10.439,0.516,
213392870958303,Lacc,5.488,-7.199,2.771,
213392870958303,GameRo,0.206,0.757,-0.356,0.508
213392875902436,Gyro,-0.489,-0.478,0.428,
213392884246999,pre,1005.209,,,
213392890820852,acc,-4.018,-11.147,-0.232,
213392890820852,Lacc,4.993,-7.946,1.959,
213392890820852,GameRo,0.202,0.755,-0.353,0.513
213392895786266,Gyro,-0.451,-0.565,-0.176,
213392910659190,acc,-4.149,-10.908,-1.383,
213392909230642,pre,1005.246,,,
213392910659190,Lacc,4.856,-7.642,0.734,
213392910659190,GameRo,0.194,0.755,-0.353,0.517
213392915641286,Gyro,-0.628,-0.535,-0.775,
213392930545461,acc,-4.568,-9.628,-1.468,
213392930545461,Lacc,4.385,-6.201,0.615,
213392930545461,GameRo,0.180,0.757,-0.354,0.518
213392934267263,pre,1005.215,,,
213392935487071,Gyro,-0.970,-0.403,-1.294,
213392950407726,acc,-5.912,-9.185,-0.077,
213392950407726,Lacc,2.952,-5.536,2.012,
213392950407726,GameRo,0.162,0.762,-0.354,0.518
213392955373993,Gyro,-1.070,-0.396,-1.624,
213392959251516,pre,1005.172,,,
213392970244802,acc,-6.907,-9.348,0.253,
213392970244802,Lacc,1.841,-5.432,2.346,
213392970244802,GameRo,0.142,0.766,-0.356,0.516
213392975235485,Gyro,-0.914,-0.395,-1.881,
213392984285859,pre,1005.166,,,
213392990132294,acc,-7.526,-9.913,-0.501,
213392990132294,Lacc,1.073,-5.682,1.594,
213392990132294,GameRo,0.121,0.769,-0.361,0.513
213392995097992,Gyro,-0.669,-0.264,-2.177,
213393009991548,acc,-8.076,-10.084,-1.413,
213393009991548,Lacc,0.324,-5.479,0.701,
213393009991548,GameRo,0.100,0.773,-0.369,0.506
213393009271984,pre,1005.197,,,
213393014935476,Gyro,-0.428,-0.010,-2.532,
213393029857026,acc,-8.709,-9.385,-1.838,
213393029857026,Lacc,-0.571,-4.353,0.326,
213393029857026,GameRo,0.078,0.777,-0.380,0.496
213393034799857,Gyro,-0.251,0.260,-2.813,
213393034307384,pre,1005.212,,,
213393049719290,acc,-8.949,-8.167,-1.826,
213393049719290,Lacc,-1.131,-2.682,0.415,
213393049719290,GameRo,0.056,0.782,-0.392,0.482
213393054685883,Gyro,-0.182,0.438,-2.942,
213393059291514,pre,1005.197,,,
213393069581838,acc,-8.721,-6.715,-1.574,
213393069581838,Lacc,-1.259,-0.789,0.759,
213393069581838,GameRo,0.034,0.786,-0.404,0.467
213393074522879,Gyro,-0.230,0.490,-2.907,
213393084325247,pre,1005.206,,,
213393089443859,acc,-8.182,-5.704,-1.304,
213393089443859,Lacc,-0.997,0.556,1.024,
213393089443859,GameRo,0.017,0.786,-0.415,0.457
213393094409597,Gyro,-0.357,0.448,-2.802,
213393109306244,acc,-7.588,-5.290,-0.989,
213393109306244,Lacc,-0.750,1.317,1.422,
213393109306244,GameRo,-0.004,0.789,-0.425,0.444
213393109323294,pre,1005.240,,,
213393114272065,Gyro,-0.494,0.332,-2.748,
213393129168672,acc,-7.330,-5.227,-0.871,
213393129168672,Lacc,-0.866,1.711,1.644,
213393129168672,GameRo,-0.026,0.792,-0.432,0.430
213393134108938,Gyro,-0.642,0.158,-2.766,
213393134313731,pre,1005.249,,,
213393149031016,acc,-7.343,-5.523,-1.020,
213393149031016,Lacc,-1.252,1.712,1.585,
213393149031016,GameRo,-0.050,0.794,-0.438,0.419
213393153997529,Gyro,-0.826,-0.015,-2.880,
213393159306570,pre,1005.215,,,
213393168893159,acc,-8.507,-5.171,-1.254,
213393168893159,Lacc,-2.532,2.164,1.342,
213393168893159,GameRo,-0.063,0.793,-0.438,0.419
213393173858775,Gyro,-1.322,-0.419,-2.911,
213393184331961,pre,1005.194,,,
213393188755504,acc,-8.155,-6.167,-1.667,
213393188755504,Lacc,-2.554,1.399,1.094,
213393188755504,GameRo,-0.092,0.795,-0.438,0.409
213393193742117,Gyro,-1.455,-0.186,-2.877,
213393208617890,acc,-9.011,-6.905,-1.196,
213393208617890,Lacc,-3.835,0.882,1.771,
213393208617890,GameRo,-0.120,0.798,-0.438,0.396
213393209339407,pre,1005.206,,,
213393213583588,Gyro,-1.321,0.144,-2.792,
213393228480114,acc,-9.446,-7.790,-0.590,
213393228480114,Lacc,-4.726,0.198,2.595,
213393228480114,GameRo,-0.146,0.801,-0.439,0.380
213393233445771,Gyro,-1.063,0.471,-2.852,
213393234347912,pre,1005.227,,,
213393248342622,acc,-10.082,-8.364,-0.466,
213393248342622,Lacc,-5.862,-0.182,2.923,
213393248342622,GameRo,-0.169,0.803,-0.443,0.362
213393253309052,Gyro,-0.863,0.733,-2.971,
213393259366385,pre,1005.234,,,
213393268204927,acc,-10.915,-8.285,-0.093,
213393268204927,Lacc,-7.246,0.077,3.491,
213393268204927,GameRo,-0.193,0.803,-0.449,0.340
213393273170584,Gyro,-0.809,0.832,-3.092,
213393284367199,pre,1005.234,,,
213393288067434,acc,-12.129,-7.985,0.961,
213393288067434,Lacc,-9.036,0.528,4.731,
213393288067434,GameRo,-0.216,0.803,-0.454,0.319
213393293004040,Gyro,-0.809,0.636,-3.144,
213393307929414,acc,-13.542,-7.266,1.644,
213393307929414,Lacc,-11.012,1.359,5.575,
213393307929414,GameRo,-0.241,0.801,-0.459,0.299
213393309368257,pre,1005.212,,,
213393312895275,Gyro,-0.794,0.262,-3.011,
213393327791881,acc,-14.978,-6.298,1.865,
213393327791881,Lacc,-12.940,2.393,5.933,
213393327791881,GameRo,-0.266,0.798,-0.461,0.284
213393332757661,Gyro,-0.788,-0.159,-2.554,
213393334403860,pre,1005.200,,,
213393347654146,acc,-15.755,-5.316,2.062,
213393347654146,Lacc,-14.074,3.393,6.252,
213393347654146,GameRo,-0.287,0.794,-0.460,0.274
213393352620128,Gyro,-0.804,-0.540,-1.811,
213393359393077,pre,1005.215,,,
213393367516490,acc,-15.460,-4.518,2.345,
213393367516490,Lacc,-13.960,4.169,6.648,
213393367516490,GameRo,-0.303,0.792,-0.455,0.271
213393372468192,Gyro,-0.726,-0.826,-0.951,
213393384423432,pre,1005.218,,,
213393387378918,acc,-14.961,-4.780,2.693,
213393387378918,Lacc,-13.471,3.869,7.077,
213393387378918,GameRo,-0.313,0.791,-0.449,0.274
213393392326671,Gyro,-0.464,-1.045,-0.157,
213393407216035,acc,-14.061,-5.750,2.343,
213393407216035,Lacc,-12.439,2.867,6.742,
213393407216035,GameRo,-0.318,0.789,-0.442,0.283
213393409406709,pre,1005.212,,,
213393412206880,Gyro,-0.116,-1.273,0.399,
213393427103527,acc,-12.387,-5.678,1.127,
213393427103527,Lacc,-10.541,2.920,5.474,
213393427103527,GameRo,-0.319,0.787,-0.437,0.296
213393432063040,Gyro,0.149,-1.397,0.726,
213393434444469,pre,1005.203,,,
213393446965669,acc,-10.901,-4.787,-0.110,
213393446965669,Lacc,-8.783,3.798,4.138,
213393446965669,GameRo,-0.317,0.785,-0.431,0.312
213393451932181,Gyro,0.320,-1.302,0.995,
213393459426973,pre,1005.212,,,
213393466828136,acc,-10.060,-4.425,-1.112,
213393466828136,Lacc,-7.645,4.140,3.017,
213393466828136,GameRo,-0.312,0.783,-0.427,0.327
213393471768769,Gyro,0.480,-0.912,1.307,
213393484462007,pre,1005.206,,,
213393486690523,acc,-9.687,-4.907,-1.424,
213393486690523,Lacc,-6.965,3.629,2.570,
213393486690523,GameRo,-0.302,0.783,-0.425,0.341
213393491654390,Gyro,0.783,-0.300,1.588,
213393506552705,acc,-9.560,-5.458,-1.263,
213393506552705,Lacc,-6.544,3.054,2.567,
213393506552705,GameRo,-0.285,0.784,-0.426,0.351
213393509470918,pre,1005.197,,,
213393511492850,Gyro,1.223,0.412,1.837,
213393526393566,acc,-9.858,-5.824,-0.734,
213393526393566,Lacc,-6.558,2.670,2.900,
213393526393566,GameRo,-0.261,0.785,-0.432,0.358
213393531380749,Gyro,1.612,1.012,2.117,
213393534480155,pre,1005.185,,,
213393546277314,acc,-10.430,-6.457,-0.149,
213393546277314,Lacc,-6.828,2.002,3.274,
213393546277314,GameRo,-0.232,0.788,-0.441,0.363
213393551242688,Gyro,1.801,1.376,2.463,
213393559466687,pre,1005.182,,,
213393566139742,acc,-10.610,-7.217,0.429,
213393566139742,Lacc,-6.664,1.166,3.652,
213393566139742,GameRo,-0.198,0.791,-0.449,0.367
213393571115164,Gyro,1.827,1.513,2.780,
213393584502209,pre,1005.200,,,
213393585976736,acc,-10.394,-7.791,1.097,
213393585976736,Lacc,-6.058,0.466,4.141,
213393585976736,GameRo,-0.162,0.793,-0.455,0.371
213393590967663,Gyro,1.779,1.419,2.996,
213393605839326,acc,-9.927,-7.907,1.526,
213393605839326,Lacc,-5.168,0.175,4.401,
213393605839326,GameRo,-0.125,0.794,-0.459,0.377
213393609514822,pre,1005.215,,,
213393610805879,Gyro,1.698,1.158,3.110,
213393625689546,acc,-9.472,-7.663,1.700,
213393625689546,Lacc,-4.268,0.199,4.408,
213393625689546,GameRo,-0.089,0.794,-0.462,0.386
213393630692150,Gyro,1.612,0.810,3.184,
213393634535697,pre,1005.212,,,
213393645574230,acc,-9.136,-7.488,1.443,
213393645574230,Lacc,-3.469,0.108,3.977,
213393645574230,GameRo,-0.054,0.791,-0.462,0.397
213393650554658,Gyro,1.473,0.432,3.243,
213393659514131,pre,1005.182,,,
213393665451387,acc,-8.739,-7.641,0.723,
213393665451387,Lacc,-2.602,-0.360,3.080,
213393665451387,GameRo,-0.022,0.787,-0.460,0.410
213393670416516,Gyro,1.262,0.125,3.264,
213393685288708,acc,-8.227,-7.896,-0.065,
213393685288708,Lacc,-1.631,-0.974,2.130,
213393685288708,GameRo,0.008,0.782,-0.456,0.425
213393684551281,pre,1005.179,,,
213393690279512,Gyro,1.054,0.022,3.219,
213393705176485,acc,-7.774,-8.161,-0.370,
213393705176485,Lacc,-0.754,-1.627,1.696,
213393705176485,GameRo,0.037,0.777,-0.450,0.439
213393710117606,Gyro,0.907,0.070,3.115,
213393709548311,pre,1005.203,,,
213393725017224,acc,-7.403,-8.215,-0.189,
213393725017224,Lacc,-0.004,-2.083,1.782,
213393725017224,GameRo,0.065,0.772,-0.443,0.451
213393730003878,Gyro,0.888,0.202,2.986,
213393734546846,pre,1005.227,,,
213393744900728,acc,-7.257,-8.320,-0.010,
213393744900728,Lacc,0.476,-2.592,1.893,
213393744900728,GameRo,0.093,0.767,-0.436,0.461
213393749866263,Gyro,0.916,0.334,2.862,
213393759580253,pre,1005.203,,,
213393764762992,acc,-6.995,-8.455,0.030,
213393764762992,Lacc,1.030,-3.128,1.890,
213393764762992,GameRo,0.120,0.762,-0.430,0.469
213393769696261,Gyro,0.890,0.415,2.691,
213393784590181,acc,-6.787,-8.597,0.072,
213393784590181,Lacc,1.486,-3.656,1.911,
213393784590181,GameRo,0.145,0.757,-0.424,0.476
213393784607556,pre,1005.176,,,
213393789554292,Gyro,0.771,0.394,2.467,
213393804488333,acc,-6.597,-8.823,-0.117,
213393804488333,Lacc,1.882,-4.243,1.715,
213393804488333,GameRo,0.167,0.752,-0.417,0.482
213393809433728,Gyro,0.557,0.312,2.183,
213393809553560,pre,1005.176,,,
213393824349743,acc,-6.657,-9.158,-0.317,
213393824349743,Lacc,1.991,-4.907,1.520,
213393824349743,GameRo,0.185,0.748,-0.411,0.488
213393829315075,Gyro,0.267,0.196,1.906,
213393834573661,pre,1005.173,,,
213393844212251,acc,-6.583,-9.523,-0.270,
213393844212251,Lacc,2.203,-5.571,1.579,
213393844212251,GameRo,0.199,0.745,-0.403,0.494
213393849172904,Gyro,-0.046,0.053,1.629,
213393859598970,pre,1005.179,,,
213393864074597,acc,-6.420,-10.121,-0.123,
213393864074597,Lacc,2.478,-6.432,1.735,
213393864074597,GameRo,0.209,0.742,-0.394,0.500
213393869040417,Gyro,-0.321,-0.108,1.299,
213393883936860,acc,-5.764,-10.415,-0.028,
213393883936860,Lacc,3.219,-6.933,1.827,
213393883936860,GameRo,0.214,0.741,-0.386,0.506
213393884605399,pre,1005.194,,,
213393888902559,Gyro,-0.530,-0.243,0.851,
213393903799044,acc,-4.994,-10.312,-0.002,
213393903799044,Lacc,4.038,-6.957,1.841,
213393903799044,GameRo,0.214,0.740,-0.379,0.512
213393908740653,Gyro,-0.738,-0.359,0.292,
213393909613496,pre,1005.221,,,
213393923636284,acc,-5.273,-10.300,0.244,
213393923636284,Lacc,3.775,-6.976,2.064,
213393923636284,GameRo,0.209,0.741,-0.374,0.517
213393928601900,Gyro,-0.969,-0.548,-0.234,
213393934622692,pre,1005.203,,,
213393943498506,acc,-5.469,-10.361,0.057,
213393943498506,Lacc,3.570,-6.987,1.831,
213393943498506,GameRo,0.197,0.743,-0.370,0.522
213393948464489,Gyro,-1.192,-0.712,-0.707,
213393959609631,pre,1005.182,,,
213393963386202,acc,-4.993,-9.988,0.012,
213393963386202,Lacc,4.006,-6.482,1.739,
213393963386202,GameRo,0.180,0.745,-0.367,0.526
213393968351656,Gyro,-1.273,-0.687,-1.259,
213393983248262,acc,-4.814,-8.532,0.616,
213393983248262,Lacc,3.284,-3.125,1.807,
213393983248262,GameRo,0.080,0.745,-0.425,0.509
213393984637504,pre,1005.179,,,
213393988214165,Gyro,-1.117,-0.549,-1.776,
213394003110730,acc,-5.630,-7.454,0.931,
213394003110730,Lacc,2.226,-1.695,2.097,
213394003110730,GameRo,0.056,0.746,-0.431,0.504
213394008053886,Gyro,-0.767,-0.392,-2.108,
213394009629936,pre,1005.194,,,
213394022950899,acc,-6.878,-7.755,0.203,
213394022950899,Lacc,0.714,-1.653,1.372,
213394022950899,GameRo,0.035,0.747,-0.439,0.497
213394027913343,Gyro,-0.364,-0.202,-2.328,
213394034679130,pre,1005.200,,,
213394042830538,acc,-8.203,-8.448,-1.065,
213394042830538,Lacc,-0.911,-1.993,0.117,
213394042830538,GameRo,0.015,0.748,-0.450,0.487
213394047801526,Gyro,-0.096,0.060,-2.498,
213394059690157,pre,1005.215,,,
213394062687878,acc,-9.577,-8.857,-1.814,
213394062687878,Lacc,-2.625,-2.042,-0.604,
213394062687878,GameRo,-0.003,0.749,-0.462,0.475
213394067663343,Gyro,-0.046,0.263,-2.553,
213394082535250,acc,-10.288,-8.455,-1.959,
213394082535250,Lacc,-3.694,-1.303,-0.694,
213394082535250,GameRo,-0.021,0.751,-0.473,0.461
213394084691378,pre,1005.224,,,
213394087523612,Gyro,-0.249,0.310,-2.460,
213394102422253,acc,-10.014,-7.566,-1.544,
213394102422253,Lacc,-3.772,-0.121,-0.185,
213394102422253,GameRo,-0.039,0.753,-0.480,0.447
213394107387748,Gyro,-0.637,0.200,-2.281,
213394109703626,pre,1005.212,,,
213394122264172,acc,-9.020,-6.868,-0.636,
213394122264172,Lacc,-3.111,0.819,0.859,
213394122264172,GameRo,-0.058,0.757,-0.484,0.435
213394127250622,Gyro,-0.968,0.015,-2.144,
213394134688855,pre,1005.194,,,
213394142126071,acc,-7.822,-6.441,0.078,
213394142126071,Lacc,-2.124,1.391,1.639,
213394142126071,GameRo,-0.071,0.758,-0.487,0.428
213394147112439,Gyro,-1.095,-0.158,-2.135,
213394159722058,pre,1005.188,,,
213394162006482,acc,-6.801,-6.236,0.232,
213394162006482,Lacc,-1.416,1.789,1.921,
213394162006482,GameRo,-0.091,0.760,-0.488,0.419
213394166974825,Gyro,-1.053,-0.256,-2.295,
213394181871676,acc,-6.351,-6.134,-0.076,
213394181871676,Lacc,-1.344,2.102,1.748,
213394181871676,GameRo,-0.115,0.761,-0.490,0.409
213394184727266,pre,1005.188,,,
213394186837089,Gyro,-1.041,-0.343,-2.605,
213394201734631,acc,-6.719,-5.944,-0.230,
213394201734631,Lacc,-2.146,2.510,1.732,
213394201734631,GameRo,-0.141,0.762,-0.492,0.397
213394206699557,Gyro,-1.260,-0.527,-2.938,
213394209710502,pre,1005.185,,,
213394221560641,acc,-7.494,-5.274,0.150,
213394221560641,Lacc,-3.378,3.371,2.283,
213394221560641,GameRo,-0.171,0.761,-0.492,0.386
213394226561454,Gyro,-1.611,-0.807,-3.035,
213394234743624,pre,1005.194,,,
213394241459200,acc,-8.118,-5.156,0.428,
213394241459200,Lacc,-3.908,3.455,2.517,
213394241459200,GameRo,-0.170,0.760,-0.490,0.392
213394246424085,Gyro,-1.632,-0.854,-2.861,
213394259750989,pre,1005.197,,,
213394261295545,acc,-8.294,-5.865,-0.335,
213394261295545,Lacc,-4.347,2.834,1.899,
213394261295545,GameRo,-0.190,0.760,-0.487,0.386
213394266286430,Gyro,-1.352,-0.457,-2.683,
213394281183158,acc,-8.485,-6.773,-0.985,
213394281183158,Lacc,-4.986,2.065,1.442,
213394281183158,GameRo,-0.215,0.760,-0.487,0.373
213394284760429,pre,1005.206,,,
213394286148613,Gyro,-0.967,0.184,-2.595,
213394301045708,acc,-8.999,-7.054,-0.910,
213394301045708,Lacc,-5.972,1.909,1.686,
213394301045708,GameRo,-0.235,0.760,-0.492,0.355
213394306010836,Gyro,-0.591,0.777,-2.534,
213394309723076,pre,1005.221,,,
213394320883231,acc,-9.617,-6.593,-0.538,
213394320883231,Lacc,-7.085,2.483,2.191,
213394320883231,GameRo,-0.250,0.759,-0.499,0.334
213394325873344,Gyro,-0.352,1.146,-2.408,
213394334790418,pre,1005.221,,,
213394340770236,acc,-10.257,-6.259,-0.132,
213394340770236,Lacc,-8.209,2.905,2.706,
213394340770236,GameRo,-0.262,0.759,-0.507,0.313
213394345735771,Gyro,-0.326,1.209,-2.216,
213394360633558,acc,-10.888,-6.594,0.130,
213394360633558,Lacc,-9.291,2.627,3.074,
213394360633558,GameRo,-0.273,0.759,-0.514,0.292
213394359783745,pre,1005.209,,,
213394365597913,Gyro,-0.366,1.116,-2.029,
213394380494845,acc,-11.594,-6.825,0.432,
213394380494845,Lacc,-10.411,2.427,3.469,
213394380494845,GameRo,-0.283,0.758,-0.520,0.274
213394385441744,Gyro,-0.331,0.981,-1.837,
213394384792290,pre,1005.206,,,
213394400357069,acc,-12.516,-6.722,0.909,
213394400357069,Lacc,-11.698,2.546,4.020,
213394400357069,GameRo,-0.292,0.757,-0.525,0.257
213394405297986,Gyro,-0.309,0.754,-1.519,
213394409776054,pre,1005.206,,,
213394420220146,acc,-13.197,-5.982,1.604,
213394420220146,Lacc,-12.655,3.284,4.779,
213394420220146,GameRo,-0.299,0.757,-0.527,0.245
213394425184868,Gyro,-0.305,0.387,-1.001,
213394434811373,pre,1005.191,,,
213394440081800,acc,-13.165,-5.236,2.293,
213394440081800,Lacc,-12.763,4.019,5.523,
213394440081800,GameRo,-0.304,0.757,-0.528,0.239
213394445047295,Gyro,-0.309,-0.092,-0.380,
213394459919324,acc,-13.079,-5.605,2.611,
213394459919324,Lacc,-12.668,3.631,5.892,
213394459919324,GameRo,-0.307,0.757,-0.525,0.240
213394459822115,pre,1005.181,,,
213394464909640,Gyro,-0.249,-0.598,0.219,
213394479806369,acc,-12.362,-6.307,2.376,
213394479806369,Lacc,-11.807,2.913,5.681,
213394479806369,GameRo,-0.308,0.758,-0.520,0.248
213394484771904,Gyro,-0.058,-1.066,0.656,
213394484833183,pre,1005.197,,,
213394499668551,acc,-10.938,-6.186,1.277,
213394499668551,Lacc,-10.151,3.027,4.555,
213394499668551,GameRo,-0.307,0.757,-0.514,0.262
213394504634982,Gyro,0.174,-1.286,0.926,
213394509817436,pre,1005.185,,,
213394519531344,acc,-9.814,-5.600,0.126,
213394519531344,Lacc,-8.748,3.611,3.330,
213394519531344,GameRo,-0.305,0.755,-0.509,0.278
213394524496717,Gyro,0.390,-1.216,1.151,
213394534826225,pre,1005.163,,,
213394539393445,acc,-9.254,-5.692,-0.962,
213394539393445,Lacc,-7.883,3.519,2.123,
213394539393445,GameRo,-0.300,0.753,-0.506,0.294
213394544359022,Gyro,0.662,-0.794,1.389,
213394559255425,acc,-8.919,-6.587,-1.810,
213394559255425,Lacc,-7.240,2.626,1.112,
213394559255425,GameRo,-0.288,0.752,-0.506,0.308
213394559832126,pre,1005.160,,,
213394564221163,Gyro,1.043,-0.052,1.579,
213394579117973,acc,-8.894,-7.420,-2.121,
213394579117973,Lacc,-6.926,1.802,0.584,
213394579117973,GameRo,-0.270,0.752,-0.511,0.317
213394584083550,Gyro,1.537,0.869,1.735,
213394584840671,pre,1005.163,,,
213394598980156,acc,-9.129,-7.844,-1.935,
213394598980156,Lacc,-6.890,1.391,0.502,
213394598980156,GameRo,-0.244,0.751,-0.522,0.322
213394603946546,Gyro,1.983,1.761,1.915,
213394609849338,pre,1005.185,,,
213394618812432,acc,-9.710,-8.133,-1.524,
213394618812432,Lacc,-7.192,1.102,0.623,
213394618812432,GameRo,-0.211,0.752,-0.536,0.321
213394623808078,Gyro,2.165,2.412,2.174,
213394634881402,pre,1005.209,,,
213394638662814,acc,-9.980,-8.391,-0.810,
213394638662814,Lacc,-7.139,0.807,1.079,
213394638662814,GameRo,-0.173,0.753,-0.550,0.319
213394643645033,Gyro,2.069,2.724,2.448,
213394658542128,acc,-9.788,-8.594,0.045,
213394658542128,Lacc,-6.579,0.520,1.739,
213394658542128,GameRo,-0.132,0.754,-0.561,0.315
213394663507744,Gyro,1.799,2.704,2.633,
213394659864392,pre,1005.215,,,
213394678429171,acc,-9.479,-8.453,0.965,
213394678429171,Lacc,-5.866,0.531,2.537,
213394678429171,GameRo,-0.092,0.756,-0.568,0.313
213394683378513,Gyro,1.445,2.363,2.742,
213394684856743,pre,1005.230,,,
213394698291843,acc,-9.097,-8.192,1.642,
213394698291843,Lacc,-5.055,0.620,3.146,
213394698291843,GameRo,-0.055,0.757,-0.570,0.313
213394703257174,Gyro,1.105,1.787,2.798,
213394709899305,pre,1005.236,,,
213394718154798,acc,-8.829,-8.127,1.806,
213394718154798,Lacc,-4.342,0.473,3.269,
213394718154798,GameRo,-0.022,0.758,-0.569,0.318
213394723106621,Gyro,0.739,1.071,2.827,
213394734906955,pre,1005.203,,,
213394737991712,acc,-8.567,-8.139,1.523,
213394737991712,Lacc,-3.620,0.211,2.957,
213394737991712,GameRo,0.005,0.757,-0.565,0.329
213394742982109,Gyro,0.337,0.342,2.842,
213394757878919,acc,-8.296,-8.137,1.053,
213394757878919,Lacc,-2.885,-0.076,2.461,
213394757878919,GameRo,0.028,0.756,-0.556,0.345
213394762806939,Gyro,-0.003,-0.253,2.858,
213394759892917,pre,1005.181,,,
213394777741183,acc,-7.949,-8.237,0.590,
213394777741183,Lacc,-2.076,-0.500,1.963,
213394777741183,GameRo,0.046,0.754,-0.546,0.364
213394782706434,Gyro,-0.168,-0.612,2.855,
213394784940158,pre,1005.200,,,
213394797623304,acc,-7.558,-8.361,0.240,
213394797623304,Lacc,-1.238,-0.975,1.554,
213394797623304,GameRo,0.063,0.750,-0.534,0.384
213394802568942,Gyro,-0.148,-0.721,2.828,
213394809939751,pre,1005.215,,,
213394817465711,acc,-7.284,-8.447,-0.036,
213394817465711,Lacc,-0.544,-1.427,1.200,
213394817465711,GameRo,0.080,0.746,-0.523,0.404
213394822406059,Gyro,-0.026,-0.640,2.797,
213394834938083,pre,1005.206,,,
213394837328220,acc,-7.127,-8.483,-0.071,
213394837328220,Lacc,0.004,-1.846,1.079,
213394837328220,GameRo,0.098,0.741,-0.512,0.423
213394842268283,Gyro,0.131,-0.477,2.785,
213394857190239,acc,-6.829,-8.684,-0.063,
213394857190239,Lacc,0.666,-2.444,1.002,
213394857190239,GameRo,0.117,0.735,-0.502,0.440
213394862155734,Gyro,0.316,-0.270,2.730,
213394859919813,pre,1005.197,,,
213394877052626,acc,-6.144,-8.924,-0.286,
213394877052626,Lacc,1.672,-3.079,0.708,
213394877052626,GameRo,0.137,0.729,-0.494,0.454
213394882018324,Gyro,0.448,-0.009,2.540,
213394884955377,pre,1005.181,,,
213394896914849,acc,-5.551,-8.862,-0.374,
213394896914849,Lacc,2.518,-3.366,0.579,
213394896914849,GameRo,0.156,0.724,-0.486,0.463
213394901880263,Gyro,0.471,0.250,2.251,
213394909965509,pre,1005.151,,,
213394916777317,acc,-5.333,-8.812,-0.058,
213394916777317,Lacc,2.906,-3.572,0.887,
213394916777317,GameRo,0.170,0.721,-0.481,0.469
213394921742770,Gyro,0.446,0.443,1.971,
213394934974297,pre,1005.172,,,
213394936639661,acc,-5.132,-8.990,0.384,
213394936639661,Lacc,3.250,-3.984,1.349,
213394936639661,GameRo,0.184,0.718,-0.477,0.473
213394941605198,Gyro,0.438,0.537,1.677,
213394956501926,acc,-4.725,-9.141,0.700,
213394956501926,Lacc,3.745,-4.290,1.687,
213394956501926,GameRo,0.195,0.716,-0.474,0.474
213394961460625,Gyro,0.443,0.514,1.268,
213394959957085,pre,1005.218,,,
213394976364312,acc,-4.729,-9.108,0.876,
213394976364312,Lacc,3.782,-4.330,1.867,
213394976364312,GameRo,0.201,0.714,-0.474,0.474
213394981329481,Gyro,0.369,0.323,0.790,
213394984967013,pre,1005.230,,,
213394996226332,acc,-4.872,-8.920,0.725,
213394996226332,Lacc,3.595,-4.055,1.667,
213394996226332,GameRo,0.197,0.714,-0.478,0.473
213395001192111,Gyro,0.115,-0.005,0.328,
213395010000379,pre,1005.212,,,
213395016088839,acc,-5.387,-9.232,0.376,
213395016088839,Lacc,3.091,-4.383,1.292,
213395016088839,GameRo,0.197,0.713,-0.478,0.474
213395021054782,Gyro,-0.263,-0.374,-0.078,
213395035925713,acc,-5.528,-9.937,-0.164,
213395035925713,Lacc,2.933,-5.048,0.705,
213395035925713,GameRo,0.190,0.713,-0.477,0.478
213395035010430,pre,1005.194,,,
213395040891533,Gyro,-0.633,-0.652,-0.520,
213395055813531,acc,-5.243,-10.275,-0.740,
213395055813531,Lacc,3.152,-5.268,0.086,
213395055813531,GameRo,0.178,0.715,-0.477,0.480
213395060798069,Gyro,-0.891,-0.674,-1.106,
213395059995944,pre,1005.160,,,
213395075675713,acc,-5.151,-9.613,-0.694,
213395075675713,Lacc,3.111,-4.388,0.126,
213395075675713,GameRo,0.160,0.719,-0.477,0.480
213395080641289,Gyro,-1.011,-0.540,-1.757,
213395085026055,pre,1005.163,,,
213395095538018,acc,-5.961,-7.883,0.008,
213395095538018,Lacc,1.737,-1.844,0.722,
213395095538018,GameRo,0.109,0.724,-0.495,0.468
213395100503798,Gyro,-0.920,-0.422,-2.243,
213395110036960,pre,1005.191,,,
213395115400363,acc,-7.392,-7.148,0.102,
213395115400363,Lacc,0.016,-0.762,0.859,
213395115400363,GameRo,0.086,0.729,-0.501,0.459
213395120361383,Gyro,-0.642,-0.324,-2.488,
213395135262628,acc,-8.613,-7.451,-1.125,
213395135262628,Lacc,-1.536,-0.703,-0.341,
213395135262628,GameRo,0.063,0.732,-0.509,0.449
213395135047703,pre,1005.181,,,
213395140191420,Gyro,-0.304,-0.084,-2.670,
213395155125461,acc,-9.822,-7.880,-2.446,
213395155125461,Lacc,-3.126,-0.757,-1.630,
213395155125461,GameRo,0.043,0.735,-0.520,0.434
213395160085626,Gyro,0.078,0.332,-2.867,
213395160036798,pre,1005.154,,,
213395174961765,acc,-11.422,-6.916,-2.702,
213395174961765,Lacc,-5.151,0.581,-1.855,
213395174961765,GameRo,0.026,0.737,-0.533,0.415
213395179952569,Gyro,0.344,0.634,-2.756,
213395185038670,pre,1005.172,,,
213395194849704,acc,-12.066,-5.162,-2.607,
213395194849704,Lacc,-6.198,2.650,-1.731,
213395194849704,GameRo,0.012,0.738,-0.546,0.396
213395199815362,Gyro,0.184,0.633,-2.230,
213395210038913,pre,1005.203,,,
213395214711846,acc,-11.156,-4.161,-2.107,
213395214711846,Lacc,-5.601,3.869,-1.165,
213395214711846,GameRo,0.001,0.740,-0.554,0.382
213395219678073,Gyro,-0.353,0.374,-1.600,
213395234574273,acc,-9.460,-4.368,-0.686,
213395234574273,Lacc,-4.098,3.779,0.370,
213395234574273,GameRo,-0.008,0.744,-0.554,0.373
213395235066135,pre,1005.184,,,
213395239514703,Gyro,-0.801,-0.035,-1.221,
213395254437188,acc,-8.018,-4.686,0.241,
213395254437188,Lacc,-2.776,3.524,1.403,
213395254437188,GameRo,-0.017,0.748,-0.551,0.370
213395259376967,Gyro,-0.994,-0.489,-1.113,
213395260075209,pre,1005.184,,,
213395274273898,acc,-6.952,-4.662,0.378,
213395274273898,Lacc,-1.874,3.637,1.638,
213395274273898,GameRo,-0.033,0.750,-0.547,0.369
213395279256199,Gyro,-1.020,-0.872,-1.169,
213395285107598,pre,1005.227,,,
213395294135552,acc,-6.581,-4.537,-0.020,
213395294135552,Lacc,-1.674,3.853,1.305,
213395294135552,GameRo,-0.051,0.752,-0.544,0.370
213395299102227,Gyro,-0.993,-1.123,-1.251,
213395310098118,pre,1005.239,,,
213395314023452,acc,-6.500,-4.693,-0.880,
213395314023452,Lacc,-1.773,3.792,0.500,
213395314023452,GameRo,-0.070,0.752,-0.540,0.371
213395318966241,Gyro,-1.055,-1.197,-1.340,
213395333898370,acc,-6.643,-4.719,-1.121,
213395333898370,Lacc,-2.113,3.860,0.335,
213395333898370,GameRo,-0.091,0.752,-0.536,0.372
213395335103448,pre,1005.197,,,
213395338830662,Gyro,-1.132,-1.130,-1.385,
213395353748102,acc,-6.938,-5.028,-1.030,
213395353748102,Lacc,-2.608,3.636,0.527,
213395353748102,GameRo,-0.111,0.753,-0.532,0.371
213395358713596,Gyro,-1.109,-0.961,-1.324,
213395360112034,pre,1005.166,,,
213395373614516,acc,-7.010,-5.815,-1.060,
213395373614516,Lacc,-2.849,2.911,0.607,
213395373614516,GameRo,-0.128,0.754,-0.527,0.370
213395378575901,Gyro,-0.960,-0.643,-1.286,
213395385143243,pre,1005.166,,,
213395393472508,acc,-7.043,-6.552,-0.704,
213395393472508,Lacc,-2.683,2.078,0.950,
213395393472508,GameRo,-0.121,0.755,-0.522,0.378
213395398438206,Gyro,-0.771,-0.331,-1.385,
213395410152277,pre,1005.181,,,
213395413335015,acc,-7.127,-6.904,-0.548,
213395413335015,Lacc,-2.604,1.651,1.059,
213395413335015,GameRo,-0.112,0.755,-0.521,0.383
213395418301324,Gyro,-0.664,-0.106,-1.617,
213395433197361,acc,-7.652,-6.453,-0.289,
213395433197361,Lacc,-3.142,2.107,1.330,
213395433197361,GameRo,-0.112,0.755,-0.521,0.382
213395435160781,pre,1005.175,,,
213395438163018,Gyro,-0.668,-0.051,-1.780,
213395453059706,acc,-8.223,-5.567,0.212,
213395453059706,Lacc,-3.512,2.898,1.755,
213395453059706,GameRo,-0.101,0.754,-0.521,0.388
213395458025120,Gyro,-0.703,-0.150,-1.789,
213395460167291,pre,1005.157,,,
213395472921808,acc,-8.740,-4.960,0.577,
213395472921808,Lacc,-4.079,3.530,2.139,
213395472921808,GameRo,-0.104,0.754,-0.520,0.387
213395477883030,Gyro,-0.735,-0.362,-1.680,
213395485132134,pre,1005.157,,,
213395492784234,acc,-9.001,-4.711,0.548,
213395492784234,Lacc,-4.469,3.839,2.160,
213395492784234,GameRo,-0.114,0.754,-0.519,0.385
213395497749851,Gyro,-0.779,-0.579,-1.542,
213395510167250,pre,1005.166,,,
213395512621637,acc,-9.571,-4.816,0.423,
213395512621637,Lacc,-5.266,3.836,2.112,
213395512621637,GameRo,-0.132,0.754,-0.518,0.381
213395517612034,Gyro,-0.823,-0.754,-1.389,
213395532509821,acc,-10.438,-4.839,0.558,
213395532509821,Lacc,-6.324,3.890,2.323,
213395532509821,GameRo,-0.149,0.754,-0.516,0.380
213395535190647,pre,1005.175,,,
213395537474379,Gyro,-0.868,-0.938,-1.126,
213395552371352,acc,-11.402,-5.003,0.866,
213395552371352,Lacc,-7.417,3.772,2.701,
213395552371352,GameRo,-0.164,0.753,-0.511,0.381
213395557311944,Gyro,-0.924,-1.163,-0.722,
213395560200494,pre,1005.178,,,
213395572233494,acc,-12.624,-5.779,1.188,
213395572233494,Lacc,-8.678,2.999,3.089,
213395572233494,GameRo,-0.178,0.752,-0.504,0.387
213395577179457,Gyro,-0.966,-1.423,-0.212,
213395585209080,pre,1005.178,,,
213395592095839,acc,-13.633,-7.154,1.551,
213395592095839,Lacc,-9.620,1.584,3.495,
213395592095839,GameRo,-0.189,0.751,-0.493,0.397
213395597061335,Gyro,-0.905,-1.690,0.301,
213395611935643,acc,-13.752,-8.242,1.678,
213395611935643,Lacc,-9.581,0.422,3.622,
213395611935643,GameRo,-0.197,0.748,-0.482,0.411
213395610182306,pre,1005.181,,,
213395616899754,Gyro,-0.787,-1.981,0.671,
213395631820367,acc,-12.831,-7.651,1.584,
213395631820367,Lacc,-8.438,0.915,3.472,
213395631820367,GameRo,-0.204,0.745,-0.469,0.429
213395635228530,pre,1005.194,,,
213395636805516,Gyro,-0.681,-2.329,0.923,
213395651682713,acc,-12.254,-6.280,1.409,
213395651682713,Lacc,-7.593,2.169,3.179,
213395651682713,GameRo,-0.211,0.739,-0.454,0.451
213395656623264,Gyro,-0.577,-2.698,1.191,
213395660240208,pre,1005.221,,,
213395671545790,acc,-12.363,-5.520,1.113,
213395671545790,Lacc,-7.380,2.781,2.698,
213395671545790,GameRo,-0.216,0.731,-0.438,0.477
213395676486505,Gyro,-0.450,-2.976,1.581,
213395685248916,pre,1005.227,,,
213395691407241,acc,-12.706,-5.666,0.916,
213395691407241,Lacc,-7.344,2.440,2.250,
213395691407241,GameRo,-0.218,0.722,-0.420,0.505
213395696373590,Gyro,-0.324,-3.082,2.009,
213395711225071,acc,-13.087,-6.032,0.947,
213395711225071,Lacc,-7.299,1.820,1.982,
213395711225071,GameRo,-0.216,0.711,-0.400,0.536
213395710258397,pre,1005.190,,,
213395716235203,Gyro,-0.210,-3.060,2.485,
213395731132094,acc,-12.893,-6.686,1.518,
213395731132094,Lacc,-6.639,0.840,2.212,
213395731132094,GameRo,-0.209,0.701,-0.378,0.567
213395736102472,Gyro,-0.060,-3.042,2.918,
213395735267429,pre,1005.175,,,
213395750994115,acc,-12.382,-7.727,2.206,
213395750994115,Lacc,-5.649,-0.599,2.500,
213395750994115,GameRo,-0.199,0.690,-0.354,0.600
213395755950576,Gyro,0.179,-3.088,3.163,
213395760275730,pre,1005.212,,,
213395770857111,acc,-11.825,-8.835,2.607,
213395770857111,Lacc,-4.648,-2.149,2.428,
213395770857111,GameRo,-0.186,0.676,-0.330,0.632
213395775822402,Gyro,0.436,-3.177,3.164,
213395785285292,pre,1005.224,,,
213395790719009,acc,-11.466,-9.263,2.813,
213395790719009,Lacc,-3.919,-3.037,2.094,
213395790719009,GameRo,-0.172,0.659,-0.308,0.665
213395795684503,Gyro,0.662,-3.254,3.011,
213395810565322,acc,-11.166,-9.228,2.835,
213395810565322,Lacc,-3.337,-3.465,1.526,
213395810565322,GameRo,-0.158,0.639,-0.288,0.696
213395810295546,pre,1005.206,,,
213395815546686,Gyro,0.816,-3.294,2.797,
213395830443333,acc,-10.978,-8.784,3.197,
213395830443333,Lacc,-2.957,-3.474,1.269,
213395830443333,GameRo,-0.144,0.617,-0.269,0.725
213395835384007,Gyro,0.989,-3.284,2.597,
213395835304865,pre,1005.200,,,
213395850305719,acc,-10.899,-8.132,3.330,
213395850305719,Lacc,-2.768,-3.276,0.773,
213395850305719,GameRo,-0.129,0.594,-0.253,0.753
213395855271336,Gyro,1.148,-3.181,2.481,
213395860294896,pre,1005.197,,,
213395870168187,acc,-10.595,-7.637,3.305,
213395870168187,Lacc,-2.417,-3.243,0.133,
213395870168187,GameRo,-0.114,0.570,-0.237,0.778
213395875133641,Gyro,1.238,-3.014,2.391,
213395885296523,pre,1005.169,,,
213395890030613,acc,-10.242,-7.242,3.196,
213395890030613,Lacc,-2.070,-3.317,-0.554,
213395890030613,GameRo,-0.098,0.547,-0.223,0.801
213395894976293,Gyro,1.272,-2.813,2.353,
213395909898127,acc,-10.065,-6.563,3.852,
213395909898127,Lacc,-1.940,-3.125,-0.437,
213395909898127,GameRo,-0.080,0.524,-0.208,0.822
213395910303115,pre,1005.133,,,
213395914861220,Gyro,1.419,-2.655,2.464,
213395929734755,acc,-9.438,-5.975,4.018,
213395929734755,Lacc,-1.383,-3.087,-0.778,
213395929734755,GameRo,-0.060,0.502,-0.193,0.841
213395934721369,Gyro,1.783,-2.397,2.687,
213395935317845,pre,1005.136,,,
213395949617243,acc,-7.630,-5.996,2.836,
213395949617243,Lacc,0.345,-3.554,-2.328,
213395949617243,GameRo,-0.045,0.485,-0.177,0.855
213395954583632,Gyro,1.986,-1.923,2.666,
213395960326472,pre,1005.148,,,
213395969479710,acc,-6.242,-5.714,2.450,
213395969479710,Lacc,1.660,-3.883,-3.067,
213395969479710,GameRo,-0.019,0.467,-0.164,0.868
213395974445409,Gyro,1.784,-1.534,2.364,
213395985360163,pre,1005.151,,,
213395989341974,acc,-6.389,-4.914,3.301,
213395989341974,Lacc,1.422,-3.606,-2.489,
213395989341974,GameRo,0.003,0.453,-0.152,0.879
213395994307550,Gyro,1.395,-1.371,2.057,
213396009204279,acc,-6.877,-3.901,4.276,
213396009204279,Lacc,0.819,-3.035,-1.746,
213396009204279,GameRo,0.020,0.439,-0.140,0.887
213396014131200,Gyro,1.132,-1.329,1.917,
213396010344212,pre,1005.145,,,
213396029066584,acc,-7.069,-3.160,4.587,
213396029066584,Lacc,0.494,-2.701,-1.644,
213396029066584,GameRo,0.035,0.426,-0.129,0.895
213396034032079,Gyro,0.958,-1.261,1.902,
213396035353611,pre,1005.133,,,
213396048928807,acc,-7.058,-2.463,4.546,
213396048928807,Lacc,0.360,-2.395,-1.873,
213396048928807,GameRo,0.049,0.413,-0.116,0.902
213396053894383,Gyro,0.694,-1.243,1.965,
213396060380508,pre,1005.126,,,
213396068791641,acc,-6.957,-2.069,4.615,
213396068791641,Lacc,0.295,-2.363,-1.985,
213396068791641,GameRo,0.061,0.400,-0.100,0.909
213396073756770,Gyro,0.373,-1.283,2.038,
213396085395685,pre,1005.139,,,
213396088628352,acc,-7.208,-2.219,4.998,
213396088628352,Lacc,-0.145,-2.828,-1.782,
213396088628352,GameRo,0.069,0.387,-0.084,0.916
213396093619155,Gyro,0.125,-1.354,2.060,
213396108516250,acc,-6.699,-2.127,5.523,
213396108516250,Lacc,0.144,-3.021,-1.449,
213396108516250,GameRo,0.076,0.373,-0.066,0.922
213396113460871,Gyro,0.046,-1.400,2.019,
213396110378840,pre,1005.163,,,
213396128378433,acc,-6.297,-1.532,5.502,
213396128378433,Lacc,0.311,-2.695,-1.654,
213396128378433,GameRo,0.083,0.358,-0.049,0.929
213396133343602,Gyro,0.040,-1.337,1.956,
213396135411066,pre,1005.157,,,
213396148240290,acc,-6.130,-1.103,5.165,
213396148240290,Lacc,0.245,-2.517,-2.156,
213396148240290,GameRo,0.089,0.345,-0.032,0.934
213396153205866,Gyro,-0.090,-1.212,1.958,
213396160420059,pre,1005.136,,,
213396168102920,acc,-5.715,-0.726,4.864,
213396168102920,Lacc,0.433,-2.355,-2.605,
213396168102920,GameRo,0.094,0.333,-0.014,0.938
213396173044367,Gyro,-0.318,-1.045,1.987,
213396187943252,acc,-6.026,-0.171,4.977,
213396187943252,Lacc,-0.087,-1.977,-2.619,
213396187943252,GameRo,0.096,0.322,0.005,0.942
213396185403417,pre,1005.114,,,
213396192905655,Gyro,-0.588,-0.821,2.113,
213396207827326,acc,-6.638,0.105,5.679,
213396207827326,Lacc,-0.897,-1.848,-2.033,
213396207827326,GameRo,0.096,0.313,0.027,0.945
213396212772109,Gyro,-0.925,-0.782,2.402,
213396210397232,pre,1005.139,,,
213396227689550,acc,-6.297,0.074,6.026,
213396227689550,Lacc,-0.779,-1.987,-1.819,
213396227689550,GameRo,0.094,0.302,0.054,0.947
213396232655126,Gyro,-1.374,-0.781,2.639,
213396235442602,pre,1005.163,,,
213396247551773,acc,-5.106,-0.112,6.221,
213396247551773,Lacc,0.188,-2.215,-1.766,
213396247551773,GameRo,0.087,0.292,0.083,0.949
213396252517430,Gyro,-1.687,-0.627,2.653,
213396260451798,pre,1005.151,,,
213396267414159,acc,-4.014,0.133,6.990,
213396267414159,Lacc,1.074,-1.961,-1.132,
213396267414159,GameRo,0.079,0.282,0.112,0.949
213396272354914,Gyro,-1.674,-0.707,2.530,
213396285462091,pre,1005.108,,,
213396287276545,acc,-3.894,0.421,6.754,
213396287276545,Lacc,0.967,-1.652,-1.511,
213396287276545,GameRo,0.071,0.271,0.139,0.950
213396292242610,Gyro,-1.541,-0.801,2.393,
213396307113663,acc,-4.035,0.280,6.409,
213396307113663,Lacc,0.600,-1.761,-1.993,
213396307113663,GameRo,0.064,0.260,0.165,0.949
213396310447077,pre,1005.117,,,
213396312107803,Gyro,-1.479,-0.695,2.207,
213396326980850,acc,-4.056,0.792,6.981,
213396326980850,Lacc,0.394,-1.195,-1.533,
213396326980850,GameRo,0.057,0.251,0.188,0.948
213396331966446,Gyro,-1.440,-0.456,2.081,
213396335501846,pre,1005.145,,,
213396346863500,acc,-3.574,0.971,8.250,
213396346863500,Lacc,0.732,-0.954,-0.352,
213396346863500,GameRo,0.050,0.243,0.211,0.946
213396351829117,Gyro,-1.381,-0.423,1.994,
213396360469742,pre,1005.145,,,
213396366725926,acc,-2.770,0.638,8.410,
213396366725926,Lacc,1.375,-1.210,-0.287,
213396366725926,GameRo,0.042,0.234,0.232,0.943
213396371690974,Gyro,-1.424,-0.671,1.790,
213396386563288,acc,-2.032,0.402,7.848,
213396386563288,Lacc,1.922,-1.326,-0.962,
213396386563288,GameRo,0.034,0.223,0.250,0.941
213396385496557,pre,1005.136,,,
213396391553685,Gyro,-1.462,-0.686,1.466,
213396406450861,acc,-2.507,0.897,7.759,
213396406450861,Lacc,1.298,-0.681,-1.144,
213396406450861,GameRo,0.025,0.213,0.266,0.940
213396411390722,Gyro,-1.367,-0.405,1.310,
213396410494970,pre,1005.133,,,
213396426312556,acc,-2.837,1.095,8.608,
213396426312556,Lacc,0.886,-0.349,-0.353,
213396426312556,GameRo,0.016,0.207,0.281,0.937
213396431278172,Gyro,-1.096,-0.159,1.354,
213396435516047,pre,1005.123,,,
213396446172460,acc,-2.697,0.668,8.838,
213396446172460,Lacc,0.954,-0.707,-0.163,
213396446172460,GameRo,0.011,0.203,0.295,0.934
213396451140640,Gyro,-0.854,-0.269,1.377,
213396460527522,pre,1005.114,,,
213396466037206,acc,-2.631,0.367,8.672,
213396466037206,Lacc,0.933,-0.955,-0.372,
213396466037206,GameRo,0.007,0.198,0.310,0.930
213396471003596,Gyro,-0.961,-0.264,1.344,
213396485878393,acc,-2.266,0.175,8.925,
213396485878393,Lacc,1.198,-1.041,-0.172,
213396485878393,GameRo,0.000,0.191,0.324,0.927
213396485538631,pre,1005.133,,,
213396490861669,Gyro,-1.140,-0.420,1.327,
213396505762385,acc,-1.793,0.663,8.322,
213396505762385,Lacc,1.561,-0.429,-0.832,
213396505762385,GameRo,-0.007,0.183,0.339,0.923
213396510694148,Gyro,-1.179,-0.309,1.385,
213396510507666,pre,1005.163,,,
213396525624080,acc,-2.446,0.310,9.771,
213396525624080,Lacc,0.824,-0.661,0.573,
213396525624080,GameRo,-0.014,0.176,0.353,0.919
213396530589656,Gyro,-0.947,-0.270,1.360,
213396535571996,pre,1005.163,,,
213396545486587,acc,-3.311,-0.379,11.039,
213396545486587,Lacc,-0.126,-1.284,1.804,
213396545486587,GameRo,-0.018,0.170,0.367,0.914
213396550436621,Gyro,-0.741,-0.485,1.303,
213396560524388,pre,1005.148,,,
213396565348730,acc,-2.901,-0.205,10.652,
213396565348730,Lacc,0.143,-1.052,1.364,
213396565348730,GameRo,-0.020,0.162,0.380,0.910
213396570289118,Gyro,-0.876,-0.901,1.286,
213396585210993,acc,-2.440,0.449,9.169,
213396585210993,Lacc,0.395,-0.293,-0.192,
213396585210993,GameRo,-0.023,0.149,0.393,0.907
213396585552424,pre,1005.166,,,
213396590151464,Gyro,-1.081,-0.939,1.343,
213396605073380,acc,-2.789,0.629,9.128,
213396605073380,Lacc,-0.127,0.020,-0.295,
213396605073380,GameRo,-0.028,0.138,0.408,0.902
213396610038874,Gyro,-1.005,-0.612,1.411,
213396610559464,pre,1005.209,,,
213396624935725,acc,-2.993,0.511,9.918,
213396624935725,Lacc,-0.436,-0.006,0.461,
213396624935725,GameRo,-0.032,0.130,0.422,0.897
213396629901342,Gyro,-0.676,-0.359,1.482,
213396635567846,pre,1005.230,,,
213396644798071,acc,-3.074,0.565,10.331,
213396644798071,Lacc,-0.586,0.068,0.855,
213396644798071,GameRo,-0.033,0.126,0.436,0.890
213396649763606,Gyro,-0.326,-0.249,1.698,
213396660576065,pre,1005.209,,,
213396664660376,acc,-2.659,0.084,10.343,
213396664660376,Lacc,-0.237,-0.464,0.852,
213396664660376,GameRo,-0.032,0.124,0.452,0.883
213396669625911,Gyro,-0.085,-0.312,1.875,
213396684522517,acc,-2.534,0.099,9.662,
213396684522517,Lacc,-0.202,-0.534,0.155,
213396684522517,GameRo,-0.028,0.121,0.469,0.874
213396685588435,pre,1005.187,,,
213396689488337,Gyro,-0.089,-0.425,2.018,
213396704384090,acc,-2.061,-0.018,8.572,
213396704384090,Lacc,0.156,-0.712,-0.959,
213396704384090,GameRo,-0.025,0.117,0.488,0.865
213396709350357,Gyro,-0.356,-0.453,2.127,
213396710625585,pre,1005.190,,,
213396724247249,acc,-1.464,-0.649,7.856,
213396724247249,Lacc,0.642,-1.345,-1.700,
213396724247249,GameRo,-0.024,0.111,0.507,0.855
213396729212785,Gyro,-0.527,-0.322,2.114,
213396735632625,pre,1005.233,,,
213396744109472,acc,-1.820,-0.213,8.839,
213396744109472,Lacc,0.221,-0.900,-0.732,
213396744109472,GameRo,-0.025,0.107,0.525,0.844
213396749075211,Gyro,-0.303,0.019,2.137,
213396760650407,pre,1005.264,,,
213396763971858,acc,-2.940,0.709,9.825,
213396763971858,Lacc,-0.908,-0.042,0.257,
213396763971858,GameRo,-0.025,0.108,0.544,0.832
213396768937353,Gyro,0.056,0.087,2.419,
213396783834082,acc,-2.158,-0.160,9.044,
213396783834082,Lacc,-0.157,-1.035,-0.519,
213396783834082,GameRo,-0.021,0.110,0.564,0.818
213396785626562,pre,1005.282,,,
213396788799698,Gyro,0.037,-0.022,2.659,
213396803696386,acc,-0.755,-1.569,9.515,
213396803696386,Lacc,0.992,-2.166,-0.119,
213396803696386,GameRo,-0.028,0.090,0.584,0.806
213396808661881,Gyro,-0.109,-0.325,2.608,
213396810662450,pre,1005.291,,,
213396823533789,acc,-0.552,-1.854,10.932,
213396823533789,Lacc,1.075,-2.520,1.281,
213396823533789,GameRo,-0.023,0.087,0.604,0.792
213396828499609,Gyro,0.165,-0.544,2.357,
213396835643570,pre,1005.276,,,
213396843421077,acc,-0.883,-1.352,12.156,
213396843421077,Lacc,0.588,-2.159,2.490,
213396843421077,GameRo,-0.015,0.085,0.622,0.779
213396848386613,Gyro,0.703,-0.858,2.098,
213396863258317,acc,-1.258,-0.548,11.281,
213396863258317,Lacc,-0.021,-1.585,1.605,
213396863258317,GameRo,0.000,0.083,0.636,0.767
213396860678523,pre,1005.233,,,
213396868248958,Gyro,1.076,-1.182,2.001,
213396883145605,acc,-0.839,0.160,9.643,
213396883145605,Lacc,0.108,-1.115,-0.037,
213396883145605,GameRo,0.018,0.079,0.650,0.755
213396885685563,pre,1005.230,,,
213396888111222,Gyro,1.135,-1.236,2.001,
213396903007828,acc,-0.179,1.233,8.896,
213396903007828,Lacc,0.485,-0.287,-0.773,
213396903007828,GameRo,0.035,0.077,0.664,0.743
213396907948624,Gyro,1.045,-1.091,2.071,
213396910695695,pre,1005.273,,,
213396922870134,acc,0.191,1.245,9.921,
213396922870134,Lacc,0.573,-0.492,0.274,
213396922870134,GameRo,0.052,0.075,0.678,0.729
213396927810481,Gyro,1.058,-1.263,2.110,
213396935678727,pre,1005.270,,,
213396942732560,acc,0.968,1.281,10.206,
213396942732560,Lacc,1.007,-0.673,0.593,
213396942732560,GameRo,0.071,0.071,0.692,0.715
213396947698176,Gyro,1.124,-1.476,2.046,
213396962601294,acc,2.495,1.476,9.495,
213396962601294,Lacc,1.822,-0.589,-0.072,
213396962601294,GameRo,0.100,0.050,0.698,0.708
213396960693294,pre,1005.242,,,
213396967536718,Gyro,0.835,-1.419,1.850,
213396982457291,acc,3.301,1.085,8.570,
213396982457291,Lacc,2.273,-1.059,-0.947,
213396982457291,GameRo,0.115,0.041,0.708,0.696
213396985724259,pre,1005.245,,,
213396987422665,Gyro,0.253,-1.169,1.447,
213397002319352,acc,3.306,1.385,8.428,
213397002319352,Lacc,2.020,-0.725,-1.066,
213397002319352,GameRo,0.123,0.032,0.715,0.688
213397007260148,Gyro,-0.319,-0.794,0.987,
213397010734554,pre,1005.300,,,
213397022181697,acc,2.418,1.442,9.059,
213397022181697,Lacc,0.965,-0.543,-0.438,
213397022181697,GameRo,0.124,0.023,0.720,0.683
213397027123185,Gyro,-0.643,-0.427,0.982,
213397035744116,pre,1005.310,,,
213397042044287,acc,1.868,1.191,9.617,
213397042044287,Lacc,0.330,-0.625,0.100,
213397042044287,GameRo,0.121,0.015,0.727,0.676
213397047009741,Gyro,-0.687,0.026,1.229,
213397061882543,acc,1.739,0.013,11.070,
213397061882543,Lacc,0.189,-1.647,1.527,
213397061882543,GameRo,0.116,0.010,0.736,0.667
213397060752214,pre,1005.267,,,
213397066871883,Gyro,-0.415,0.147,1.214,
213397081768612,acc,2.418,-0.582,11.903,
213397081768612,Lacc,0.853,-2.155,2.347,
213397081768612,GameRo,0.114,0.007,0.744,0.659
213397086721044,Gyro,-0.052,0.092,1.108,
213397085733455,pre,1005.236,,,
213397101605973,acc,2.851,-0.810,11.069,
213397101605973,Lacc,1.272,-2.364,1.512,
213397101605973,GameRo,0.113,0.007,0.751,0.651
213397106571183,Gyro,0.178,0.161,0.988,
213397110742163,pre,1005.267,,,
213397121494157,acc,2.511,-0.321,10.206,
213397121494157,Lacc,0.939,-1.879,0.649,
213397121494157,GameRo,0.113,0.009,0.757,0.644
213397126458593,Gyro,0.179,0.283,0.846,
213397135776871,pre,1005.343,,,
213397141330624,acc,2.241,0.201,10.180,
213397141330624,Lacc,0.699,-1.350,0.617,
213397141330624,GameRo,0.112,0.010,0.762,0.638
213397146321834,Gyro,0.098,0.303,0.816,
213397161200089,acc,2.471,0.436,10.419,
213397161200089,Lacc,0.955,-1.100,0.850,
213397161200089,GameRo,0.110,0.011,0.768,0.631
213397160761287,pre,1005.392,,,
213397166183528,Gyro,0.047,0.176,0.894,
213397181080217,acc,2.720,0.118,10.279,
213397181080217,Lacc,1.190,-1.395,0.708,
213397181080217,GameRo,0.110,0.011,0.774,0.624
213397186017676,Gyro,0.047,-0.041,0.926,
213397185794897,pre,1005.416,,,
213397200917252,acc,3.141,-0.181,9.875,
213397200917252,Lacc,1.538,-1.659,0.311,
213397200917252,GameRo,0.112,0.008,0.779,0.617
213397205877946,Gyro,0.094,-0.266,0.863,
213397210804500,pre,1005.431,,,
213397220825212,acc,3.355,-0.142,9.315,
213397220825212,Lacc,1.391,-1.386,-0.215,
213397220825212,GameRo,0.119,-0.012,0.779,0.615
213397225770727,Gyro,0.195,-0.399,0.784,
213397235786556,pre,1005.441,,,
213397240659440,acc,3.582,0.080,8.593,
213397240659440,Lacc,1.489,-1.162,-0.911,
213397240659440,GameRo,0.124,-0.016,0.783,0.609
213397245632422,Gyro,0.226,-0.463,0.732,
213397260509823,acc,3.974,0.350,8.078,
213397260509823,Lacc,1.770,-0.899,-1.399,
213397260509823,GameRo,0.129,-0.018,0.787,0.604
213397260797909,pre,1005.425,,,
213397265469499,Gyro,0.161,-0.449,0.715,
213397280366105,acc,4.213,0.304,7.976,
213397280366105,Lacc,1.905,-0.934,-1.477,
213397280366105,GameRo,0.133,-0.021,0.790,0.598
213397285357357,Gyro,0.072,-0.393,0.684,
213397285786068,pre,1005.416,,,
213397300253841,acc,4.068,0.076,8.414,
213397300253841,Lacc,1.637,-1.122,-1.014,
213397300253841,GameRo,0.137,-0.026,0.793,0.593
213397305219661,Gyro,0.041,-0.377,0.617,
213397310814185,pre,1005.422,,,
213397320116675,acc,3.617,-0.050,8.729,
213397320116675,Lacc,1.057,-1.190,-0.673,
213397320116675,GameRo,0.141,-0.031,0.795,0.589
213397325081926,Gyro,0.030,-0.389,0.569,
213397335822444,pre,1005.407,,,
213397339953508,acc,3.478,0.208,8.458,
213397339953508,Lacc,0.830,-0.902,-0.922,
213397339953508,GameRo,0.144,-0.035,0.798,0.585
213397344944311,Gyro,-0.000,-0.300,0.555,
213397359840837,acc,3.459,0.792,8.300,
213397359840837,Lacc,0.755,-0.286,-1.068,
213397359840837,GameRo,0.146,-0.037,0.801,0.580
213397364781714,Gyro,0.014,-0.144,0.628,
213397360832780,pre,1005.337,,,
213397379703060,acc,3.411,0.732,8.427,
213397379703060,Lacc,0.677,-0.316,-0.935,
213397379703060,GameRo,0.146,-0.038,0.804,0.575
213397384669083,Gyro,0.061,-0.050,0.699,
213397385842017,pre,1005.242,,,
213397399565447,acc,3.608,0.407,8.714,
213397399565447,Lacc,0.841,-0.614,-0.642,
213397399565447,GameRo,0.147,-0.039,0.808,0.569
213397404530697,Gyro,0.072,-0.129,0.662,
213397410875545,pre,1005.221,,,
213397419428239,acc,3.675,0.410,8.651,
213397419428239,Lacc,0.854,-0.582,-0.692,
213397419428239,GameRo,0.149,-0.041,0.811,0.564
213397424393490,Gyro,0.008,-0.248,0.585,
213397435887630,pre,1005.264,,,
213397439290097,acc,3.635,0.558,8.312,
213397439290097,Lacc,0.753,-0.397,-1.016,
213397439290097,GameRo,0.150,-0.044,0.814,0.559
213397444255672,Gyro,-0.065,-0.243,0.499,
213397459127336,acc,3.448,0.965,8.354,
213397459127336,Lacc,0.516,0.050,-0.963,
213397459127336,GameRo,0.152,-0.046,0.816,0.556
213397464092790,Gyro,-0.037,-0.169,0.462,
213397460873633,pre,1005.282,,,
213397479014584,acc,3.299,1.264,8.405,
213397479014584,Lacc,0.338,0.376,-0.905,
213397479014584,GameRo,0.152,-0.047,0.819,0.552
213397483980282,Gyro,0.056,-0.034,0.501,
213397485886695,pre,1005.245,,,
213397498877661,acc,3.107,1.445,7.446,
213397498877661,Lacc,0.137,0.580,-1.864,
213397498877661,GameRo,0.152,-0.048,0.822,0.547
213397503842587,Gyro,-0.195,0.136,0.576,
213397510924659,pre,1005.215,,,
213397518715186,acc,3.197,1.355,7.594,
213397518715186,Lacc,0.269,0.597,-1.739,
213397518715186,GameRo,0.148,-0.050,0.825,0.543
213397523704850,Gyro,-0.581,0.428,0.663,
213397535936256,pre,1005.209,,,
213397538601782,acc,2.926,0.917,9.610,
213397538601782,Lacc,0.083,0.318,0.240,
213397538601782,GameRo,0.140,-0.054,0.829,0.538
213397543567318,Gyro,-0.480,0.524,0.743,
213397558463843,acc,3.339,0.132,11.023,
213397558463843,Lacc,0.579,-0.369,1.623,
213397558463843,GameRo,0.134,-0.055,0.834,0.533
213397563429500,Gyro,-0.005,0.246,0.605,
213397560921770,pre,1005.196,,,
213397578326432,acc,3.243,-0.376,11.599,
213397578326432,Lacc,0.488,-0.886,2.197,
213397578326432,GameRo,0.134,-0.054,0.836,0.529
213397583291928,Gyro,0.344,-0.117,0.333,
213397585912330,pre,1005.166,,,
213397598151872,acc,3.108,0.754,9.429,
213397598151872,Lacc,0.322,0.183,0.040,
213397598151872,GameRo,0.137,-0.051,0.838,0.526
213397603154273,Gyro,0.359,-0.018,0.278,
