Timestamp,Sensor,X,Y,Z,W
152212222812921,acc,-0.492,0.229,9.709,
152212242725921,acc,-0.097,0.080,9.650,
152212232769421,Gyro,-0.019,0.020,-0.098,
152212252682421,Gyro,0.021,0.007,-0.123,
152212268215421,pre,1006.082,,,
152212262653921,acc,-0.207,0.205,9.772,
152212282596921,acc,-0.175,0.280,9.847,
152212262653921,Gyro,0.059,-0.015,-0.006,
152212282596921,Gyro,0.019,-0.023,0.011,
152212307033421,pre,1006.088,,,
152212314571421,pre,1006.086,,,
152212329983421,pre,1006.085,,,
152212302524921,acc,-0.217,0.293,9.830,
152212322437921,acc,-0.291,0.258,9.780,
152212302524921,Gyro,-0.022,-0.030,0.050,
152212322437921,Gyro,-0.036,-0.021,0.035,
152212345394421,pre,1006.091,,,
152212360836421,pre,1006.080,,,
152212342350671,acc,-0.272,0.225,9.751,
152212362263171,acc,-0.189,0.190,9.735,
152212342350671,Gyro,-0.023,-0.011,-0.014,
152212362263171,Gyro,-0.014,-0.015,-0.014,
152212372219421,Lacc,-0.026,-0.085,-0.077,
152212372219421,GameRo,0.015,-0.004,-0.707,0.707
152212376247421,pre,1006.090,,,
152212391689421,pre,1006.085,,,
152212407101421,pre,1006.086,,,
152212382168171,acc,-0.201,0.159,9.715,
152212402065671,acc,-0.205,0.248,9.796,
152212382168171,Gyro,0.008,-0.020,0.014,
152212402065671,Gyro,0.023,-0.013,0.015,
152212392116921,Lacc,-0.072,-0.058,-0.067,
152212392116921,GameRo,0.014,-0.004,-0.707,0.707
152212412014421,Lacc,-0.032,0.022,0.024,
152212412014421,GameRo,0.014,-0.004,-0.707,0.707
152212422665421,pre,1006.081,,,
152212437954421,pre,1006.089,,,
152212421970671,acc,-0.172,0.252,9.813,
152212441883171,acc,-0.183,0.226,9.787,
152212421970671,Gyro,-0.004,-0.018,0.036,
152212441883171,Gyro,-0.026,-0.026,0.069,
152212453792421,pre,1006.074,,,
152212431926921,Lacc,-0.020,-0.019,0.001,
152212431926921,GameRo,0.014,-0.004,-0.707,0.707
152212451839421,Lacc,-0.076,-0.039,-0.045,
152212451839421,GameRo,0.014,-0.004,-0.707,0.707
152212468807421,pre,1006.078,,,
152212484218421,pre,1006.085,,,
152212461788171,acc,-0.252,0.207,9.745,
152212481685671,acc,-0.241,0.186,9.728,
152212461788171,Gyro,-0.021,-0.018,0.060,
152212481685671,Gyro,0.004,-0.008,0.022,
152212471736921,Lacc,-0.119,-0.055,-0.073,
152212471736921,GameRo,0.014,-0.004,-0.706,0.708
152212491634421,Lacc,-0.074,-0.046,-0.056,
152212491634421,GameRo,0.014,-0.004,-0.706,0.708
152212499630421,pre,1006.084,,,
152212515072421,pre,1006.076,,,
152212530483421,pre,1006.078,,,
152212501567921,acc,-0.194,0.195,9.758,
152212521434921,acc,-0.210,0.195,9.752,
152212501567921,Gyro,0.021,-0.009,0.019,
152212521434921,Gyro,0.035,-0.014,0.026,
152212511501421,Lacc,-0.071,-0.061,-0.057,
152212511501421,GameRo,0.014,-0.004,-0.706,0.708
152212531368421,Lacc,-0.083,-0.055,-0.058,
152212531368421,GameRo,0.014,-0.004,-0.706,0.708
152212545925421,pre,1006.080,,,
152212561336421,pre,1006.084,,,
152212541340171,acc,-0.184,0.187,9.739,
152212561283671,acc,-0.175,0.236,9.798,
152212541340171,Gyro,0.047,-0.019,0.030,
152212561283671,Gyro,0.058,-0.018,0.043,
152212551311921,Lacc,-0.050,-0.073,-0.064,
152212551311921,GameRo,0.014,-0.005,-0.705,0.709
152212571255421,Lacc,-0.064,0.015,0.042,
152212576656421,pre,1006.083,,,
152212571255421,GameRo,0.014,-0.005,-0.705,0.709
152212592159421,pre,1006.080,,,
152212607571421,pre,1006.081,,,
152212581211671,acc,-0.175,0.271,9.844,
152212601124171,acc,-0.176,0.213,9.825,
152212581211671,Gyro,0.026,-0.011,0.049,
152212601124171,Gyro,-0.015,-0.009,0.065,
152212591167921,Lacc,-0.059,-0.062,0.024,
152212591167921,GameRo,0.014,-0.006,-0.705,0.709
152212611080421,Lacc,-0.042,-0.113,-0.007,
152212611080421,GameRo,0.014,-0.006,-0.705,0.709
152212622890421,pre,1006.083,,,
152212638424421,pre,1006.087,,,
152212621036671,acc,-0.110,0.090,9.751,
152212640949171,acc,-0.007,-0.175,9.364,
152212621036671,Gyro,-0.047,-0.016,0.100,
152212640949171,Gyro,0.073,-0.065,0.219,
152212630992921,Lacc,0.084,-0.353,-0.299,
152212630992921,GameRo,0.014,-0.006,-0.704,0.710
152212650905421,Lacc,0.124,-0.383,-0.302,
152212650905421,GameRo,0.014,-0.006,-0.704,0.710
152212653744421,pre,1006.076,,,
152212669247421,pre,1006.094,,,
152212684688421,pre,1006.075,,,
152212660854171,acc,-0.625,0.101,8.953,
152212680751671,acc,3.305,1.060,7.707,
152212660854171,Gyro,0.107,-0.256,0.453,
152212680751671,Gyro,-1.465,-0.767,-0.120,
152212670802921,Lacc,1.001,3.730,-2.230,
152212670802921,GameRo,0.014,-0.008,-0.701,0.713
152212690700421,Lacc,5.515,0.150,-2.354,
152212690700421,GameRo,0.014,-0.008,-0.701,0.713
152212700100421,pre,1006.078,,,
152212715542421,pre,1006.085,,,
152212700656921,acc,6.258,0.854,7.892,
152212720569921,acc,3.719,-8.000,8.236,
152212700656921,Gyro,-3.155,0.329,-0.137,
152212720569921,Gyro,-3.089,-0.110,0.683,
152212732509421,pre,1006.078,,,
152212710613421,Lacc,4.876,-3.077,-1.841,
152212710613421,GameRo,-0.018,0.005,-0.702,0.712
152212730526421,Lacc,3.355,-7.367,-1.592,
152212730526421,GameRo,-0.018,0.005,-0.702,0.712
152212746364421,pre,1006.084,,,
152212761806421,pre,1006.085,,,
152212740482671,acc,4.373,-4.969,8.086,
152212760395171,acc,4.064,-3.028,7.368,
152212740482671,Gyro,-2.444,0.472,-0.181,
152212760395171,Gyro,-2.540,0.800,0.073,
152212750438921,Lacc,4.686,-1.430,-1.966,
152212750438921,GameRo,-0.060,0.050,-0.694,0.716
152212770351421,Lacc,2.914,-2.406,-2.754,
152212770351421,GameRo,-0.060,0.050,-0.694,0.716
152212777126421,pre,1006.082,,,
152212792660421,pre,1006.085,,,
152212808102421,pre,1006.085,,,
152212780300171,acc,2.399,-4.345,6.967,
152212800197671,acc,2.033,-4.730,7.162,
152212780300171,Gyro,-2.682,0.803,0.764,
152212800197671,Gyro,-3.011,0.816,0.530,
152212790248921,Lacc,2.353,-2.095,-2.407,
152212790248921,GameRo,-0.083,0.097,-0.690,0.712
152212810146421,Lacc,2.075,-2.238,-2.382,
152212810146421,GameRo,-0.083,0.097,-0.690,0.712
152212823391421,pre,1006.085,,,
152212838924421,pre,1006.089,,,
152212820095171,acc,1.479,-4.730,6.913,
152212839992671,acc,0.261,-5.062,6.812,
152212820095171,Gyro,-3.241,1.010,0.392,
152212839992671,Gyro,-3.310,1.202,0.095,
152212830043921,Lacc,1.531,-1.252,-2.332,
152212830043921,GameRo,-0.113,0.151,-0.676,0.712
152212849941421,Lacc,0.113,-1.660,-2.036,
152212849941421,GameRo,-0.113,0.151,-0.676,0.712
152212862240421,pre,1006.092,,,
152212869778421,pre,1006.089,,,
152212885219421,pre,1006.085,,,
152212859874921,acc,-1.304,-5.381,7.622,
152212879741921,acc,-2.721,-5.744,8.093,
152212859874921,Gyro,-3.437,1.240,-0.185,
152212879741921,Gyro,-3.618,1.035,-0.497,
152212869808421,Lacc,-1.030,-0.778,-0.568,
152212869808421,GameRo,-0.144,0.212,-0.666,0.700
152212889675421,Lacc,-2.139,-1.353,-0.442,
152212889675421,GameRo,-0.144,0.212,-0.666,0.700
152212900844421,pre,1006.093,,,
152212916073421,pre,1006.085,,,
152212899654671,acc,-3.427,-6.122,7.901,
152212919613171,acc,-3.956,-5.331,7.571,
152212899654671,Gyro,-3.474,0.835,-0.784,
152212919613171,Gyro,-3.493,0.721,-0.959,
152212909633921,Lacc,-2.362,0.258,-0.064,
152212909633921,GameRo,-0.182,0.272,-0.659,0.677
152212931393421,pre,1006.085,,,
152212929592421,Lacc,-3.233,0.430,-0.266,
152212929592421,GameRo,-0.182,0.272,-0.659,0.677
152212954647421,pre,1006.089,,,
152212939541171,acc,-5.014,-6.344,7.328,
152212959438671,acc,-5.065,-7.757,7.281,
152212939541171,Gyro,-3.574,0.541,-0.748,
152212959438671,Gyro,-3.336,0.370,-0.549,
152212971371421,pre,1006.090,,,
152212949489921,Lacc,-3.952,-0.202,0.434,
152212949489921,GameRo,-0.224,0.323,-0.653,0.647
152212969387421,Lacc,-3.647,-1.121,0.563,
152212969387421,GameRo,-0.224,0.323,-0.653,0.647
152212985500421,pre,1006.085,,,
152213000912421,pre,1006.090,,,
152212979343671,acc,-4.659,-8.543,7.226,
152212999256171,acc,-4.257,-9.641,6.382,
152212979343671,Gyro,-3.071,0.315,-0.467,
152212999256171,Gyro,-2.869,0.333,-0.378,
152212989299921,Lacc,-3.251,-1.363,1.122,
152212989299921,GameRo,-0.265,0.368,-0.639,0.621
152213009212421,Lacc,-3.043,-1.791,0.331,
152213009212421,GameRo,-0.265,0.368,-0.639,0.621
152213016262421,pre,1006.094,,,
152213031765421,pre,1006.087,,,
152213047176421,pre,1006.099,,,
152213019138421,acc,-4.193,-9.836,6.020,
152213038990421,acc,-3.842,-9.807,6.045,
152213019138421,Gyro,-2.645,0.479,-0.065,
152213038990421,Gyro,-2.426,0.551,0.260,
152213029064421,Lacc,-2.974,-1.563,1.218,
152213029064421,GameRo,-0.298,0.407,-0.623,0.598
152213048916421,Lacc,-2.507,-1.087,1.141,
152213048916421,GameRo,-0.298,0.407,-0.623,0.598
152213062588421,pre,1006.085,,,
152213077999421,pre,1006.089,,,
152213058895671,acc,-3.580,-9.551,5.489,
152213078854171,acc,-3.200,-9.049,5.070,
152213058895671,Gyro,-2.331,0.666,0.474,
152213078854171,Gyro,-2.249,0.812,0.438,
152213068874921,Lacc,-2.150,-0.944,1.124,
152213068874921,GameRo,-0.317,0.444,-0.603,0.582
152213088833421,Lacc,-1.774,0.184,1.131,
152213088833421,GameRo,-0.317,0.444,-0.603,0.582
152213093319421,pre,1006.080,,,
152213108852421,pre,1006.085,,,
152213124264421,pre,1006.085,,,
152213098782171,acc,-3.042,-7.723,5.116,
152213118679671,acc,-3.049,-7.297,4.395,
152213098782171,Gyro,-2.163,0.961,0.387,
152213118679671,Gyro,-2.164,0.934,0.398,
152213108730921,Lacc,-1.491,1.740,1.751,
152213108730921,GameRo,-0.328,0.483,-0.582,0.565
152213128628421,Lacc,-1.238,1.844,0.858,
152213128628421,GameRo,-0.328,0.483,-0.582,0.565
152213139675421,pre,1006.084,,,
152213155086421,pre,1006.085,,,
152213138584671,acc,-2.606,-7.531,3.570,
152213158497171,acc,-2.544,-8.631,2.560,
152213138584671,Gyro,-2.421,0.891,0.411,
152213158497171,Gyro,-2.702,0.906,0.312,
152213148540921,Lacc,-0.670,1.336,0.789,
152213148540921,GameRo,-0.338,0.521,-0.562,0.546
152213168453421,Lacc,-0.665,-0.030,0.001,
152213168453421,GameRo,-0.338,0.521,-0.562,0.546
152213170406421,pre,1006.081,,,
152213185940421,pre,1006.080,,,
152213201382421,pre,1006.081,,,
152213178409921,acc,-2.320,-10.097,2.260,
152213198322921,acc,-2.106,-10.778,1.244,
152213178409921,Gyro,-2.458,0.910,0.146,
152213198322921,Gyro,-1.715,0.936,0.026,
152213188366421,Lacc,-0.082,-1.100,0.597,
152213188366421,GameRo,-0.353,0.562,-0.536,0.521
152213208279421,Lacc,-0.028,-1.513,-0.262,
152213208279421,GameRo,-0.353,0.562,-0.536,0.521
152213216793421,pre,1006.078,,,
152213232235421,pre,1006.071,,,
152213247677421,pre,1006.077,,,
152213218205171,acc,-1.948,-11.550,0.807,
152213238056671,acc,-2.086,-10.611,0.568,
152213218205171,Gyro,-1.347,0.840,0.045,
152213238056671,Gyro,-1.266,0.922,0.075,
152213228130921,Lacc,0.159,-1.665,0.305,
152213228130921,GameRo,-0.361,0.590,-0.523,0.499
152213247982421,Lacc,-0.242,-0.076,-0.179,
152213247982421,GameRo,-0.361,0.590,-0.523,0.499
152213263088421,pre,1006.064,,,
152213278499421,pre,1006.062,,,
152213257961671,acc,-2.303,-8.405,0.496,
152213277920171,acc,-2.557,-8.508,-0.113,
152213257961671,Gyro,-1.656,0.984,-0.014,
152213277920171,Gyro,-2.170,0.975,0.103,
152213267940921,Lacc,-0.329,1.235,0.629,
152213267940921,GameRo,-0.364,0.612,-0.513,0.479
152213287899421,Lacc,-0.489,1.086,-0.797,
152213287899421,GameRo,-0.364,0.612,-0.513,0.479
152213293819421,pre,1006.059,,,
152213309353421,pre,1006.057,,,
152213324795421,pre,1006.053,,,
152213297848171,acc,-2.569,-8.733,-1.513,
152213317745671,acc,-2.672,-9.108,-2.191,
152213297848171,Gyro,-2.585,0.956,0.277,
152213317745671,Gyro,-2.913,1.016,0.355,
152213307796921,Lacc,-0.452,0.617,-0.750,
152213307796921,GameRo,-0.373,0.644,-0.492,0.452
152213327694421,Lacc,-0.824,-0.082,-1.490,
152213327694421,GameRo,-0.373,0.644,-0.492,0.452
152213340206421,pre,1006.033,,,
152213355617421,pre,1006.042,,,
152213337650671,acc,-3.173,-9.728,-2.851,
152213357563171,acc,-3.184,-8.929,-3.295,
152213337650671,Gyro,-3.060,1.109,0.332,
152213357563171,Gyro,-3.057,1.061,0.313,
152213347606921,Lacc,-1.119,-0.188,-0.889,
152213347606921,GameRo,-0.384,0.683,-0.458,0.420
152213367519421,Lacc,-0.967,0.456,-1.038,
152213367519421,GameRo,-0.384,0.683,-0.458,0.420
152213370968421,pre,1006.039,,,
152213386471421,pre,1006.042,,,
152213401913421,pre,1006.051,,,
152213377468171,acc,-3.012,-8.960,-3.296,
152213397365671,acc,-2.588,-9.086,-3.518,
152213377468171,Gyro,-2.782,0.960,0.276,
152213397365671,Gyro,-2.413,0.959,0.255,
152213387416921,Lacc,-0.668,-0.143,-0.000,
152213387416921,GameRo,-0.394,0.721,-0.421,0.384
152213407314421,Lacc,0.102,0.034,-0.156,
152213407314421,GameRo,-0.394,0.721,-0.421,0.384
152213417324421,pre,1006.049,,,
152213432644421,pre,1006.051,,,
152213417270921,acc,-2.303,-8.815,-3.994,
152213437183921,acc,-2.742,-8.696,-5.179,
152213417270921,Gyro,-2.284,1.073,0.199,
152213437183921,Gyro,-2.120,0.880,0.183,
152213448818421,pre,1006.048,,,
152213427227421,Lacc,-0.602,-0.113,-0.325,
152213427227421,GameRo,-0.401,0.749,-0.392,0.353
152213447140421,Lacc,-0.361,-0.540,-0.968,
152213447140421,GameRo,-0.401,0.749,-0.392,0.353
152213463589421,pre,1006.056,,,
152213479000421,pre,1006.057,,,
152213457096671,acc,-2.180,-8.948,-5.411,
152213477009171,acc,-2.078,-7.868,-5.192,
152213457096671,Gyro,-1.504,0.738,0.204,
152213477009171,Gyro,-1.034,0.727,0.208,
152213467052921,Lacc,-0.063,-0.316,-0.181,
152213467052921,GameRo,-0.405,0.772,-0.367,0.324
152213486965421,Lacc,-0.149,0.616,-0.276,
152213486965421,GameRo,-0.405,0.772,-0.367,0.324
152213502132421,pre,1006.051,,,
152213517574421,pre,1006.060,,,
152213496914171,acc,-2.096,-7.485,-5.650,
152213516811671,acc,-1.798,-7.715,-6.367,
152213496914171,Gyro,-0.910,0.607,0.206,
152213516811671,Gyro,-0.813,0.523,0.214,
152213506862921,Lacc,-0.037,0.197,-0.506,
152213506862921,GameRo,-0.403,0.786,-0.355,0.306
152213526760421,Lacc,0.165,0.173,-1.105,
152213526760421,GameRo,-0.403,0.786,-0.355,0.306
152213532986421,pre,1006.053,,,
152213548397421,pre,1006.049,,,
152213563839421,pre,1006.049,,,
152213536716671,acc,-1.718,-7.798,-6.638,
152213556629171,acc,-1.545,-7.316,-6.458,
152213536716671,Gyro,-0.629,0.431,0.187,
152213556629171,Gyro,-0.402,0.400,0.174,
152213546672921,Lacc,0.223,0.040,-0.753,
152213546672921,GameRo,-0.401,0.796,-0.345,0.293
152213566585421,Lacc,0.386,0.734,-0.783,
152213566585421,GameRo,-0.401,0.796,-0.345,0.293
152213579250421,pre,1006.055,,,
152213594662421,pre,1006.049,,,
152213602383421,pre,1006.064,,,
152213576534171,acc,-1.418,-7.061,-7.097,
152213596431671,acc,-1.407,-6.901,-6.901,
152213576534171,Gyro,-0.124,0.248,0.067,
152213596431671,Gyro,-0.034,0.278,0.109,
152213586482921,Lacc,0.553,0.767,-1.271,
152213586482921,GameRo,-0.398,0.802,-0.341,0.285
152213606380421,Lacc,0.147,0.297,-0.408,
152213606380421,GameRo,-0.398,0.802,-0.341,0.285
152213617794421,pre,1006.054,,,
152213633236421,pre,1006.049,,,
152213616336921,acc,-1.765,-7.462,-5.865,
152213636249921,acc,-1.720,-7.516,-5.843,
152213616336921,Gyro,-0.097,0.269,0.064,
152213636249921,Gyro,-0.077,0.258,0.065,
152213626293421,Lacc,0.065,0.075,0.231,
152213626293421,GameRo,-0.395,0.805,-0.342,0.281
152213646206421,Lacc,0.099,0.142,-0.080,
152213646206421,GameRo,-0.395,0.805,-0.342,0.281
152213648556421,pre,1006.064,,,
152213664059421,pre,1006.066,,,
152213679500421,pre,1006.077,,,
152213656162671,acc,-1.574,-7.232,-6.182,
152213676075171,acc,-1.573,-7.436,-5.991,
152213656162671,Gyro,0.166,0.247,0.082,
152213676075171,Gyro,0.277,0.283,0.106,
152213666118921,Lacc,0.207,0.327,-0.221,
152213666118921,GameRo,-0.393,0.807,-0.343,0.277
152213686031421,Lacc,0.081,0.071,0.132,
152213686031421,GameRo,-0.393,0.807,-0.343,0.277
152213694820421,pre,1006.070,,,
152213710323421,pre,1006.060,,,
152213726742421,pre,1006.075,,,
152213695957421,acc,-1.726,-7.595,-5.819,
152213715809421,acc,-1.683,-8.118,-5.667,
152213695957421,Gyro,0.139,0.267,0.073,
152213715809421,Gyro,0.077,0.237,0.070,
152213705883421,Lacc,-0.030,-0.311,0.183,
152213705883421,GameRo,-0.388,0.807,-0.349,0.276
152213725735421,Lacc,0.068,-0.462,0.290,
152213725735421,GameRo,-0.388,0.807,-0.349,0.276
152213741176421,pre,1006.072,,,
152213756618421,pre,1006.060,,,
152213735714671,acc,-1.715,-8.007,-5.656,
152213755673171,acc,-1.918,-8.068,-6.057,
152213735714671,Gyro,0.104,0.247,0.091,
152213755673171,Gyro,0.247,0.182,0.086,
152213745693921,Lacc,-0.184,-0.414,0.095,
152213745693921,GameRo,-0.385,0.809,-0.352,0.273
152213765652421,Lacc,-0.199,-0.359,-0.194,
152213765652421,GameRo,-0.385,0.809,-0.352,0.273
152213771938421,pre,1006.067,,,
152213787472421,pre,1006.055,,,
152213802914421,pre,1006.065,,,
152213775601171,acc,-1.785,-7.830,-6.190,
152213795498671,acc,-1.787,-7.854,-5.947,
152213775601171,Gyro,0.327,0.167,0.100,
152213795498671,Gyro,0.226,0.132,0.076,
152213785549921,Lacc,-0.119,-0.068,-0.317,
152213785549921,GameRo,-0.381,0.809,-0.357,0.272
152213805447421,Lacc,-0.100,-0.249,0.160,
152213805447421,GameRo,-0.381,0.809,-0.357,0.272
152213818325421,pre,1006.067,,,
152213833767421,pre,1006.071,,,
152213815403671,acc,-1.637,-7.906,-5.481,
152213835316171,acc,-1.640,-8.081,-5.171,
152213815403671,Gyro,0.075,0.103,0.091,
152213835316171,Gyro,-0.077,0.102,0.101,
152213825359921,Lacc,0.052,-0.192,0.485,
152213825359921,GameRo,-0.377,0.808,-0.361,0.272
152213845272421,Lacc,0.006,-0.407,0.661,
152213845272421,GameRo,-0.377,0.808,-0.361,0.272
152213849087421,pre,1006.077,,,
152213864590421,pre,1006.062,,,
152213880031421,pre,1006.070,,,
152213855221171,acc,-1.641,-8.050,-5.311,
152213875118671,acc,-1.537,-8.032,-5.672,
152213855221171,Gyro,-0.188,0.103,0.119,
152213875118671,Gyro,-0.141,0.078,0.128,
152213865169921,Lacc,0.059,-0.297,0.280,
152213865169921,GameRo,-0.375,0.810,-0.360,0.271
152213885067421,Lacc,0.228,-0.249,0.128,
152213885067421,GameRo,-0.375,0.810,-0.360,0.271
152213895443421,pre,1006.064,,,
152213910885421,pre,1006.067,,,
152213895023671,acc,-1.385,-7.715,-5.725,
152213914936171,acc,-1.727,-7.415,-5.569,
152213895023671,Gyro,-0.145,0.109,0.136,
152213914936171,Gyro,-0.160,0.136,0.102,
152213927029421,pre,1006.078,,,
152213904979921,Lacc,0.147,0.203,0.193,
152213904979921,GameRo,-0.373,0.813,-0.357,0.269
152213924892421,Lacc,-0.021,0.276,0.347,
152213924892421,GameRo,-0.373,0.813,-0.357,0.269
152213941707421,pre,1006.094,,,
152213957119421,pre,1006.078,,,
152213934833671,acc,-1.241,-7.739,-5.107,
152213954716171,acc,-0.949,-8.396,-5.468,
152213934833671,Gyro,-0.266,0.072,0.090,
152213954716171,Gyro,-0.184,0.112,0.104,
152213944774921,Lacc,0.746,-0.585,0.700,
152213944774921,GameRo,-0.372,0.815,-0.355,0.267
152213964657421,Lacc,0.518,-0.515,0.289,
152213964657421,GameRo,-0.372,0.815,-0.355,0.267
152213980251421,pre,1006.078,,,
152213995663421,pre,1006.091,,,
152213974621421,acc,-1.343,-7.931,-5.657,
152213994549421,acc,-1.485,-7.801,-5.889,
152213974621421,Gyro,-0.027,0.185,0.110,
152213994549421,Gyro,0.030,0.180,0.076,
152213984585421,Lacc,0.235,-0.381,0.321,
152213984585421,GameRo,-0.370,0.818,-0.352,0.264
152214004513421,Lacc,0.164,0.138,-0.109,
152214004513421,GameRo,-0.370,0.818,-0.352,0.264
152214010982421,pre,1006.078,,,
152214026485421,pre,1006.072,,,
152214041805421,pre,1006.067,,,
152214014469671,acc,-1.627,-7.310,-6.231,
152214034382171,acc,-1.683,-7.450,-5.930,
152214014469671,Gyro,0.084,0.183,0.054,
152214034382171,Gyro,0.081,0.144,0.026,
152214024425921,Lacc,-0.021,0.250,-0.166,
152214024425921,GameRo,-0.367,0.819,-0.354,0.262
152214044338421,Lacc,0.029,-0.057,0.254,
152214044338421,GameRo,-0.367,0.819,-0.354,0.262
152214057766421,pre,1006.077,,,
152214072719421,pre,1006.077,,,
152214054287171,acc,-1.610,-7.739,-5.817,
152214074184671,acc,-1.650,-7.600,-5.958,
152214054287171,Gyro,0.081,0.150,0.020,
152214074184671,Gyro,0.137,0.181,0.048,
152214064235921,Lacc,0.018,-0.095,0.155,
152214064235921,GameRo,-0.365,0.820,-0.356,0.260
152214084133421,Lacc,-0.017,0.064,-0.218,
152214084133421,GameRo,-0.365,0.820,-0.356,0.260
152214088039421,pre,1006.069,,,
152214103573421,pre,1006.062,,,
152214118984421,pre,1006.070,,,
152214094089671,acc,-1.607,-7.515,-6.372,
152214114002171,acc,-1.558,-7.625,-6.214,
152214094089671,Gyro,0.131,0.152,0.067,
152214114002171,Gyro,0.126,0.130,0.071,
152214104045921,Lacc,0.049,0.042,-0.361,
152214104045921,GameRo,-0.363,0.820,-0.359,0.259
152214123958421,Lacc,-0.001,-0.094,-0.044,
152214123958421,GameRo,-0.363,0.820,-0.359,0.259
152214134395421,pre,1006.053,,,
152214149807421,pre,1006.050,,,
152214133907171,acc,-1.652,-7.783,-5.887,
152214153804671,acc,-1.722,-7.907,-6.025,
152214133907171,Gyro,0.073,0.125,0.068,
152214153804671,Gyro,0.031,0.129,0.070,
152214143855921,Lacc,-0.098,-0.295,0.029,
152214165310421,pre,1006.051,,,
152214143855921,GameRo,-0.360,0.820,-0.361,0.258
152214163753421,Lacc,-0.133,-0.084,-0.147,
152214163753421,GameRo,-0.360,0.820,-0.361,0.258
152214180599421,pre,1006.053,,,
152214196041421,pre,1006.065,,,
152214173702171,acc,-1.714,-7.513,-6.140,
152214193599671,acc,-1.644,-7.439,-6.053,
152214173702171,Gyro,0.052,0.116,0.084,
152214193599671,Gyro,0.001,0.084,0.082,
152214183650921,Lacc,-0.070,0.238,-0.198,
152214183650921,GameRo,-0.358,0.821,-0.363,0.257
152214203548421,Lacc,-0.053,0.089,-0.052,
152214203548421,GameRo,-0.358,0.821,-0.363,0.257
152214211361421,pre,1006.058,,,
152214226864421,pre,1006.064,,,
152214242275421,pre,1006.055,,,
152214213481921,acc,-1.660,-7.698,-5.919,
152214233348921,acc,-1.625,-7.734,-5.859,
152214213481921,Gyro,-0.018,0.069,0.068,
152214233348921,Gyro,0.018,0.071,0.054,
152214223415421,Lacc,-0.065,-0.128,0.059,
152214223415421,GameRo,-0.356,0.822,-0.363,0.256
152214243282421,Lacc,0.006,-0.012,0.068,
152214243282421,GameRo,-0.356,0.822,-0.363,0.256
152214257564421,pre,1006.072,,,
152214273098421,pre,1006.077,,,
152214253261671,acc,-1.599,-7.601,-5.859,
152214273220171,acc,-1.644,-7.432,-5.925,
152214253261671,Gyro,0.049,0.073,0.042,
152214273220171,Gyro,0.041,0.057,0.035,
152214263240921,Lacc,-0.019,0.133,0.087,
152214263240921,GameRo,-0.354,0.823,-0.363,0.255
152214283199421,Lacc,-0.055,0.223,-0.026,
152214283199421,GameRo,-0.354,0.823,-0.363,0.255
152214288418421,pre,1006.078,,,
152214303951421,pre,1006.072,,,
152214319363421,pre,1006.075,,,
152214293155921,acc,-1.652,-7.455,-5.993,
152214313068921,acc,-1.652,-7.438,-5.965,
152214293155921,Gyro,0.061,0.031,0.026,
152214313068921,Gyro,0.071,0.028,0.014,
152214303112421,Lacc,-0.055,0.206,-0.070,
152214303112421,GameRo,-0.353,0.823,-0.364,0.255
152214323025421,Lacc,-0.036,0.171,0.010,
152214323025421,GameRo,-0.353,0.823,-0.364,0.255
152214334774421,pre,1006.077,,,
152214350185421,pre,1006.075,,,
152214332974171,acc,-1.585,-7.588,-5.844,
152214352871671,acc,-1.522,-7.601,-5.835,
152214332974171,Gyro,0.060,0.027,0.013,
152214352871671,Gyro,0.047,0.049,0.018,
152214342922921,Lacc,0.047,-0.002,0.099,
152214342922921,GameRo,-0.352,0.823,-0.366,0.255
152214362820421,Lacc,0.052,0.189,-0.022,
152214362820421,GameRo,-0.352,0.823,-0.366,0.255
152214365566421,pre,1006.077,,,
152214381039421,pre,1006.062,,,
152214396450421,pre,1006.060,,,
152214372776671,acc,-1.580,-7.424,-6.050,
152214392689171,acc,-1.574,-7.511,-6.104,
152214372776671,Gyro,0.032,0.049,0.017,
152214392689171,Gyro,0.032,0.033,0.011,
152214382732921,Lacc,0.001,0.216,-0.210,
152214382732921,GameRo,-0.351,0.823,-0.367,0.255
152214402645421,Lacc,0.016,0.116,-0.105,
152214402645421,GameRo,-0.351,0.823,-0.367,0.255
152214411770421,pre,1006.060,,,
152214427273421,pre,1006.056,,,
152214412601671,acc,-1.585,-7.618,-5.900,
152214432514171,acc,-1.607,-7.759,-5.793,
152214412601671,Gyro,0.027,0.030,0.006,
152214432514171,Gyro,0.034,0.024,-0.000,
152214443905421,pre,1006.044,,,
152214422557921,Lacc,-0.033,-0.027,0.059,
152214422557921,GameRo,-0.351,0.823,-0.367,0.255
152214442470421,Lacc,-0.007,-0.071,0.123,
152214442470421,GameRo,-0.351,0.823,-0.367,0.255
152214458126421,pre,1006.048,,,
152214473537421,pre,1006.059,,,
152214452419171,acc,-1.592,-7.729,-5.785,
152214472316671,acc,-1.604,-7.674,-5.793,
152214452419171,Gyro,0.062,0.033,-0.006,
152214472316671,Gyro,0.083,0.026,-0.017,
152214462367921,Lacc,-0.030,0.003,0.078,
152214462367921,GameRo,-0.351,0.823,-0.368,0.254
152214482265421,Lacc,-0.029,0.018,0.075,
152214482265421,GameRo,-0.351,0.823,-0.368,0.254
152214488857421,pre,1006.046,,,
152214504360421,pre,1006.050,,,
152214519802421,pre,1006.057,,,
152214492221921,acc,-1.581,-7.693,-5.736,
152214512134921,acc,-1.710,-7.713,-5.720,
152214492221921,Gyro,0.071,0.012,-0.024,
152214512134921,Gyro,0.053,0.010,-0.046,
152214502178421,Lacc,-0.060,-0.047,0.195,
152214502178421,GameRo,-0.350,0.822,-0.370,0.254
152214522091421,Lacc,-0.105,0.042,0.022,
152214522091421,GameRo,-0.350,0.822,-0.370,0.254
152214535183421,pre,1006.070,,,
152214550625421,pre,1006.060,,,
152214532040171,acc,-1.543,-7.592,-5.974,
152214551937671,acc,-1.338,-7.700,-5.711,
152214532040171,Gyro,0.097,-0.033,-0.034,
152214551937671,Gyro,0.198,-0.018,-0.063,
152214565914421,pre,1006.060,,,
152214541988921,Lacc,0.136,-0.129,-0.038,
152214541988921,GameRo,-0.350,0.822,-0.371,0.254
152214561886421,Lacc,0.177,0.458,0.149,
152214561886421,GameRo,-0.350,0.822,-0.371,0.254
152214581447421,pre,1006.059,,,
152214596889421,pre,1006.057,,,
152214571842671,acc,-1.527,-7.240,-5.820,
152214591755171,acc,-1.593,-7.955,-5.982,
152214571842671,Gyro,0.112,0.000,-0.074,
152214591755171,Gyro,0.021,-0.038,-0.077,
152214581798921,Lacc,-0.089,0.118,-0.169,
152214581798921,GameRo,-0.351,0.820,-0.374,0.256
152214601711421,Lacc,-0.004,-0.143,-0.209,
152214601711421,GameRo,-0.351,0.820,-0.374,0.256
152214612301421,pre,1006.043,,,
152214635311421,pre,1006.046,,,
152214611660171,acc,-1.533,-7.807,-5.968,
152214631557671,acc,-1.601,-7.717,-5.908,
152214611660171,Gyro,0.009,-0.020,-0.072,
152214631557671,Gyro,-0.022,-0.033,-0.062,
152214621608921,Lacc,-0.061,0.023,-0.157,
152214621608921,GameRo,-0.352,0.819,-0.374,0.256
152214641506421,Lacc,-0.018,0.079,-0.058,
152214641506421,GameRo,-0.352,0.819,-0.374,0.256
152214650814421,pre,1006.028,,,
152214666225421,pre,1006.036,,,
152214651462921,acc,-1.508,-7.675,-5.724,
152214671375921,acc,-1.526,-7.584,-5.658,
152214651462921,Gyro,-0.040,-0.031,-0.054,
152214671375921,Gyro,-0.042,-0.018,-0.047,
152214682766421,pre,1006.039,,,
152214661419421,Lacc,-0.017,0.162,0.143,
152214661419421,GameRo,-0.353,0.818,-0.374,0.255
152214681332421,Lacc,-0.002,0.241,0.065,
152214681332421,GameRo,-0.353,0.818,-0.374,0.255
152214697079421,pre,1006.037,,,
152214712490421,pre,1006.038,,,
152214691288671,acc,-1.480,-7.527,-5.775,
152214711201171,acc,-1.549,-7.546,-5.816,
152214691288671,Gyro,-0.032,0.001,-0.049,
152214711201171,Gyro,-0.006,0.013,-0.049,
152214701244921,Lacc,-0.024,0.263,-0.027,
152214701244921,GameRo,-0.354,0.818,-0.374,0.255
152214721157421,Lacc,-0.004,0.191,-0.027,
152214721157421,GameRo,-0.354,0.818,-0.374,0.255
152214727779421,pre,1006.039,,,
152214743313421,pre,1006.051,,,
152214758724421,pre,1006.048,,,
152214731106171,acc,-1.470,-7.661,-5.837,
152214751003671,acc,-1.444,-7.771,-5.758,
152214731106171,Gyro,0.000,0.026,-0.035,
152214751003671,Gyro,0.009,0.037,-0.022,
152214741054921,Lacc,0.015,0.018,0.000,
152214741054921,GameRo,-0.355,0.818,-0.374,0.254
152214760952421,Lacc,0.025,0.017,0.020,
152214760952421,GameRo,-0.355,0.818,-0.374,0.254
152214774135421,pre,1006.041,,,
152214789547421,pre,1006.050,,,
152214770908671,acc,-1.498,-7.753,-5.820,
152214790821171,acc,-1.437,-7.667,-5.902,
152214770908671,Gyro,0.022,0.057,-0.007,
152214790821171,Gyro,0.010,0.064,0.011,
152214780864921,Lacc,-0.041,0.057,-0.062,
152214780864921,GameRo,-0.355,0.818,-0.374,0.254
152214800777421,Lacc,0.104,0.181,-0.164,
152214800777421,GameRo,-0.355,0.818,-0.374,0.254
152214804867421,pre,1006.062,,,
152214820370421,pre,1006.048,,,
152214835781421,pre,1006.049,,,
152214810703421,acc,-1.346,-7.552,-6.034,
152214830555421,acc,-1.518,-7.619,-6.038,
152214810703421,Gyro,-0.033,0.095,0.006,
152214830555421,Gyro,-0.060,0.095,-0.001,
152214820629421,Lacc,0.010,0.209,-0.259,
152214820629421,GameRo,-0.354,0.818,-0.375,0.253
152214840481421,Lacc,-0.092,0.134,-0.191,
152214840481421,GameRo,-0.354,0.818,-0.375,0.253
152214843380421,pre,1006.052,,,
152214858913421,pre,1006.057,,,
152214874325421,pre,1006.053,,,
152214850460671,acc,-1.510,-7.555,-5.940,
152214870419171,acc,-1.235,-7.303,-6.201,
152214850460671,Gyro,-0.049,0.085,0.027,
152214870419171,Gyro,-0.057,0.066,0.025,
152214860439921,Lacc,0.030,0.364,-0.196,
152214860439921,GameRo,-0.354,0.819,-0.375,0.251
152214880398421,Lacc,0.305,0.503,-0.536,
152214880398421,GameRo,-0.354,0.819,-0.375,0.251
152214889736421,pre,1006.062,,,
152214905178421,pre,1006.052,,,
152214890354671,acc,-1.109,-7.401,-6.303,
152214910267171,acc,-1.055,-7.534,-6.137,
152214890354671,Gyro,-0.185,0.080,0.048,
152214910267171,Gyro,-0.306,0.099,0.067,
152214921657421,pre,1006.052,,,
152214900310921,Lacc,0.343,0.263,-0.306,
152214900310921,GameRo,-0.353,0.821,-0.374,0.249
152214920223421,Lacc,0.335,0.046,-0.175,
152214920223421,GameRo,-0.353,0.821,-0.374,0.249
152214936031421,pre,1006.047,,,
152214951443421,pre,1006.041,,,
152214930172171,acc,-1.088,-7.715,-5.989,
152214950069671,acc,-0.889,-7.614,-5.995,
152214930172171,Gyro,-0.268,0.149,0.073,
152214950069671,Gyro,-0.164,0.185,0.096,
152214940120921,Lacc,0.375,0.034,-0.078,
152214940120921,GameRo,-0.353,0.824,-0.369,0.246
152214960018421,Lacc,0.633,0.044,-0.076,
152214960018421,GameRo,-0.353,0.824,-0.369,0.246
152214966762421,pre,1006.039,,,
152214982296421,pre,1006.048,,,
152214997738421,pre,1006.060,,,
152214969974671,acc,-0.747,-7.608,-6.111,
152214989887171,acc,-0.443,-7.664,-6.031,
152214969974671,Gyro,-0.105,0.266,0.117,
152214989887171,Gyro,-0.057,0.301,0.132,
152214979930921,Lacc,0.751,0.009,-0.054,
152214979930921,GameRo,-0.351,0.827,-0.368,0.242
152214999843421,Lacc,1.168,-0.298,-0.044,
152214999843421,GameRo,-0.351,0.827,-0.368,0.242
152215013149421,pre,1006.070,,,
152215028469421,pre,1006.062,,,
152215009769421,acc,-0.086,-8.036,-5.958,
152215029621421,acc,-0.331,-7.719,-5.871,
152215009769421,Gyro,0.039,0.407,0.191,
152215029621421,Gyro,0.034,0.516,0.189,
152215019695421,Lacc,1.213,-0.174,0.153,
152215019695421,GameRo,-0.346,0.829,-0.369,0.238
152215039547421,Lacc,0.947,-0.126,0.092,
152215039547421,GameRo,-0.346,0.829,-0.369,0.238
152215043880421,pre,1006.041,,,
152215059414421,pre,1006.057,,,
152215074825421,pre,1006.052,,,
152215049526671,acc,-0.277,-7.632,-6.052,
152215069485171,acc,0.081,-7.457,-6.152,
152215049526671,Gyro,0.181,0.551,0.214,
152215069485171,Gyro,0.340,0.626,0.235,
152215059505921,Lacc,1.264,0.160,-0.059,
152215059505921,GameRo,-0.339,0.833,-0.372,0.231
152215079464421,Lacc,1.247,-0.179,-0.193,
152215079464421,GameRo,-0.339,0.833,-0.372,0.231
152215090267421,pre,1006.055,,,
152215113399421,pre,1006.049,,,
152215089413171,acc,-0.226,-8.185,-6.249,
152215109310671,acc,-0.384,-8.310,-6.257,
152215089413171,Gyro,0.440,0.667,0.258,
152215109310671,Gyro,0.559,0.760,0.336,
152215099361921,Lacc,0.911,-0.686,-0.251,
152215099361921,GameRo,-0.329,0.834,-0.381,0.225
152215119259421,Lacc,0.712,-0.315,-0.203,
152215119259421,GameRo,-0.329,0.834,-0.381,0.225
152215128811421,pre,1006.052,,,
152215144222421,pre,1006.052,,,
152215129215671,acc,-0.624,-7.497,-6.123,
152215149128171,acc,-1.026,-7.304,-6.402,
152215129215671,Gyro,0.561,0.891,0.411,
152215149128171,Gyro,0.325,0.919,0.451,
152215161068421,pre,1006.042,,,
152215139171921,Lacc,0.334,0.586,-0.380,
152215139171921,GameRo,-0.315,0.836,-0.394,0.218
152215159084421,Lacc,-0.055,0.278,-0.681,
152215159084421,GameRo,-0.315,0.836,-0.394,0.218
152215175045421,pre,1006.043,,,
152215190487421,pre,1006.042,,,
152215169040921,acc,-1.188,-7.662,-6.542,
152215188953921,acc,-1.150,-8.002,-6.474,
152215169040921,Gyro,0.335,0.909,0.486,
152215188953921,Gyro,0.500,0.939,0.481,
152215178997421,Lacc,-0.075,0.071,-0.787,
152215178997421,GameRo,-0.299,0.840,-0.403,0.208
152215198910421,Lacc,-0.054,-0.105,-0.608,
152215198910421,GameRo,-0.299,0.840,-0.403,0.208
152215205868421,pre,1006.051,,,
152215222072421,pre,1006.052,,,
152215236721421,pre,1006.049,,,
152215208859171,acc,-1.085,-7.770,-6.305,
152215228756671,acc,-0.993,-7.804,-6.319,
152215208859171,Gyro,0.603,0.977,0.515,
152215228756671,Gyro,0.544,0.914,0.543,
152215218807921,Lacc,-0.090,0.255,-0.767,
152215218807921,GameRo,-0.281,0.842,-0.415,0.199
152215238705421,Lacc,0.321,0.187,-0.362,
152215238705421,GameRo,-0.281,0.842,-0.415,0.199
152215252132421,pre,1006.060,,,
152215267544421,pre,1006.052,,,
152215248661671,acc,-0.422,-7.888,-5.640,
152215268574171,acc,-0.018,-8.027,-5.071,
152215248661671,Gyro,0.533,0.864,0.540,
152215268574171,Gyro,0.534,0.919,0.563,
152215258617921,Lacc,0.753,-0.009,0.216,
152215258617921,GameRo,-0.262,0.844,-0.427,0.191
152215278530421,Lacc,1.066,0.058,0.537,
152215278530421,GameRo,-0.262,0.844,-0.427,0.191
152215282864421,pre,1006.056,,,
152215298397421,pre,1006.043,,,
152215313808421,pre,1006.040,,,
152215288479171,acc,0.123,-8.197,-4.821,
152215308376671,acc,0.422,-8.839,-4.373,
152215288479171,Gyro,0.466,1.001,0.512,
152215308376671,Gyro,0.413,1.071,0.538,
152215298427921,Lacc,1.199,-0.358,0.774,
152215298427921,GameRo,-0.243,0.846,-0.439,0.183
152215318325421,Lacc,1.480,-0.971,1.072,
152215318325421,GameRo,-0.243,0.846,-0.439,0.183
152215329220421,pre,1006.051,,,
152215344662421,pre,1006.048,,,
152215328281671,acc,0.562,-9.381,-4.315,
152215348194171,acc,0.478,-9.917,-4.101,
152215328281671,Gyro,0.641,1.191,0.475,
152215348194171,Gyro,1.203,1.261,0.370,
152215359951421,pre,1006.041,,,
152215338237921,Lacc,1.405,-1.392,0.978,
152215338237921,GameRo,-0.223,0.848,-0.450,0.172
152215358150421,Lacc,1.421,-1.875,1.608,
152215358150421,GameRo,-0.223,0.848,-0.450,0.172
152215375484421,pre,1006.055,,,
152215390896421,pre,1006.054,,,
152215368106921,acc,0.638,-10.083,-3.078,
152215388019921,acc,0.776,-9.702,-1.764,
152215368106921,Gyro,2.042,1.323,0.257,
152215388019921,Gyro,2.899,1.477,0.112,
152215378063421,Lacc,1.486,-1.420,2.426,
152215378063421,GameRo,-0.201,0.842,-0.475,0.159
152215397976421,Lacc,1.499,-1.098,3.944,
152215397976421,GameRo,-0.201,0.842,-0.475,0.159
152215406307421,pre,1006.060,,,
152215422085421,pre,1006.060,,,
152215437130421,pre,1006.060,,,
152215407902171,acc,0.744,-9.389,-0.192,
152215427753671,acc,0.744,-9.027,0.574,
152215407902171,Gyro,3.583,1.649,-0.051,
152215427753671,Gyro,4.111,1.923,-0.291,
152215417827921,Lacc,1.302,-0.258,4.280,
152215417827921,GameRo,-0.176,0.817,-0.529,0.146
152215437679421,Lacc,1.057,0.451,4.330,
152215437679421,GameRo,-0.176,0.817,-0.530,0.146
152215452541421,pre,1006.050,,,
152215467953421,pre,1006.049,,,
152215447658671,acc,0.128,-8.226,-0.073,
152215467617171,acc,-0.888,-8.294,-1.247,
152215447658671,Gyro,4.137,2.230,-0.641,
152215467617171,Gyro,4.176,2.282,-1.026,
152215457637921,Lacc,-0.246,1.315,1.647,
152215457637921,GameRo,-0.148,0.775,-0.601,0.125
152215477596421,Lacc,-1.129,1.015,1.012,
152215477596421,GameRo,-0.148,0.775,-0.601,0.125
152215483730421,pre,1006.052,,,
152215498775421,pre,1006.056,,,
152215514187421,pre,1006.061,,,
152215487545171,acc,-1.690,-8.880,-1.225,
152215507442671,acc,-2.435,-9.683,-1.241,
152215487545171,Gyro,4.814,2.183,-1.292,
152215507442671,Gyro,5.851,1.967,-1.387,
152215497493921,Lacc,-2.456,0.400,-0.300,
152215497493921,GameRo,-0.125,0.723,-0.673,0.089
152215517391421,Lacc,-3.071,0.363,-0.424,
152215517391421,GameRo,-0.125,0.723,-0.673,0.089
152215529598421,pre,1006.060,,,
152215545009421,pre,1006.067,,,
152215527347921,acc,-2.877,-8.996,-0.740,
152215547260921,acc,-3.192,-8.847,0.945,
152215527347921,Gyro,6.216,1.751,-1.666,
152215547260921,Gyro,5.538,1.356,-1.877,
152215560329421,pre,1006.064,,,
152215537304421,Lacc,-3.967,0.677,-1.516,
152215537304421,GameRo,-0.108,0.640,-0.759,0.056
152215557217421,Lacc,-4.090,1.169,0.172,
152215557217421,GameRo,-0.108,0.640,-0.759,0.056
152215575863421,pre,1006.070,,,
152215591274421,pre,1006.078,,,
152215567165921,acc,-3.149,-8.286,2.136,
152215587062921,acc,-2.893,-7.824,2.775,
152215567165921,Gyro,5.247,0.831,-2.035,
152215587062921,Gyro,5.628,0.354,-1.740,
152215577114421,Lacc,-4.525,0.830,-1.319,
152215577114421,GameRo,-0.105,0.548,-0.829,0.021
152215597011421,Lacc,-4.064,1.369,-0.294,
152215597011421,GameRo,-0.105,0.549,-0.829,0.022
152215606686421,pre,1006.067,,,
152215622066421,pre,1006.081,,,
152215606967921,acc,-2.091,-7.960,4.137,
152215626880921,acc,-0.678,-9.175,5.472,
152215606967921,Gyro,4.933,-0.248,-1.137,
152215626880921,Gyro,3.889,-0.708,-0.879,
152215638271421,pre,1006.085,,,
152215616924421,Lacc,-3.392,-0.762,-0.652,
152215616924421,GameRo,-0.115,0.451,-0.885,0.001
152215636837421,Lacc,-2.068,-1.169,0.277,
152215636837421,GameRo,-0.115,0.451,-0.885,0.001
152215660641421,pre,1006.084,,,
152215676082421,pre,1006.094,,,
152215646763171,acc,0.205,-8.274,6.117,
152215666614671,acc,0.297,-7.307,6.328,
152215646763171,Gyro,3.591,-0.693,-0.825,
152215666614671,Gyro,3.702,-0.631,-0.536,
152215656688921,Lacc,-2.103,-0.973,-0.309,
152215656688921,GameRo,-0.134,0.379,-0.916,0.001
152215676540421,Lacc,-2.237,-0.007,-0.512,
152215676540421,GameRo,-0.134,0.379,-0.916,0.001
152215691463421,pre,1006.086,,,
152215706905421,pre,1006.089,,,
152215686519671,acc,0.036,-6.348,5.954,
152215706478171,acc,0.332,-5.871,6.526,
152215686519671,Gyro,3.793,-0.636,-0.286,
152215706478171,Gyro,3.667,-0.941,-0.109,
152215696498921,Lacc,-2.737,-0.244,-1.487,
152215696498921,GameRo,-0.149,0.310,-0.939,0.006
152215716457421,Lacc,-1.553,-0.275,-0.495,
152215716457421,GameRo,-0.149,0.310,-0.939,0.006
152215722225421,pre,1006.096,,,
152215737728421,pre,1006.089,,,
152215753139421,pre,1006.096,,,
152215726413921,acc,2.173,-6.140,7.174,
152215746326921,acc,4.136,-5.427,7.638,
152215726413921,Gyro,3.337,-1.376,0.109,
152215746326921,Gyro,3.242,-1.368,-0.053,
152215736370421,Lacc,0.240,-1.454,-0.738,
152215736370421,GameRo,-0.167,0.241,-0.956,0.022
152215756283421,Lacc,1.645,-0.023,-0.239,
152215756283421,GameRo,-0.167,0.241,-0.956,0.022
152215768551421,pre,1006.094,,,
152215783993421,pre,1006.086,,,
152215766232171,acc,4.989,-4.036,8.028,
152215786129671,acc,5.541,-4.068,8.464,
152215766232171,Gyro,3.175,-1.147,-0.143,
152215786129671,Gyro,3.284,-1.076,0.041,
152215776180921,Lacc,1.680,-0.389,-0.320,
152215776180921,GameRo,-0.192,0.178,-0.964,0.038
152215796078421,Lacc,2.633,-0.851,0.279,
152215796078421,GameRo,-0.192,0.178,-0.964,0.038
152215799312421,pre,1006.089,,,
152215814815421,pre,1006.081,,,
152215830227421,pre,1006.101,,,
152215806034671,acc,6.889,-4.343,8.955,
152215825947171,acc,8.366,-3.312,9.530,
152215806034671,Gyro,3.249,-1.238,0.123,
152215825947171,Gyro,3.126,-1.130,-0.103,
152215845516421,pre,1006.086,,,
152215815990921,Lacc,3.824,-1.536,0.544,
152215815990921,GameRo,-0.210,0.115,-0.969,0.055
152215835903421,Lacc,5.057,-0.260,1.261,
152215835903421,GameRo,-0.210,0.115,-0.969,0.055
152215861019421,pre,1006.101,,,
152215845859671,acc,9.328,-2.039,10.213,
152215865772171,acc,9.859,-1.201,10.398,
152215845859671,Gyro,2.913,-0.727,-0.116,
152215865772171,Gyro,2.569,-0.355,0.001,
152215877163421,pre,1006.100,,,
152215855815921,Lacc,5.285,-0.224,1.622,
152215855815921,GameRo,-0.228,0.053,-0.970,0.069
152215875728421,Lacc,5.790,0.389,1.681,
152215875728421,GameRo,-0.228,0.053,-0.970,0.069
152215891872421,pre,1006.093,,,
152215907284421,pre,1006.089,,,
152215885677171,acc,10.201,-0.634,10.625,
152215905574671,acc,9.996,-0.664,10.484,
152215885677171,Gyro,1.967,0.005,0.267,
152215905574671,Gyro,1.434,0.299,0.399,
152215895625921,Lacc,5.822,-0.088,1.926,
152215895625921,GameRo,-0.231,0.004,-0.970,0.081
152215915523421,Lacc,5.231,-0.343,1.404,
152215915523421,GameRo,-0.231,0.004,-0.969,0.081
152215922603421,pre,1006.101,,,
152215938106421,pre,1006.093,,,
152215953548421,pre,1006.098,,,
152215925479921,acc,9.096,-0.740,9.918,
152215945392921,acc,7.752,-0.297,9.606,
152215925479921,Gyro,1.246,0.630,0.515,
152215945392921,Gyro,1.093,0.869,0.658,
152215935436421,Lacc,4.154,-0.581,0.929,
152215935436421,GameRo,-0.222,-0.021,-0.970,0.096
152215955349421,Lacc,2.883,0.050,0.568,
152215955349421,GameRo,-0.223,-0.021,-0.970,0.096
152215968929421,pre,1006.091,,,
152215984341421,pre,1006.096,,,
152215965298171,acc,6.706,0.303,9.220,
152215985195671,acc,5.935,0.739,9.061,
152215965298171,Gyro,0.987,0.944,0.676,
152215985195671,Gyro,0.791,0.995,0.661,
152215975246921,Lacc,2.363,0.260,0.133,
152215975246921,GameRo,-0.204,-0.038,-0.972,0.114
152215995144421,Lacc,1.505,0.618,0.145,
152215995144421,GameRo,-0.204,-0.038,-0.972,0.114
152215999660421,pre,1006.090,,,
152216015072421,pre,1006.101,,,
152216030575421,pre,1006.099,,,
152216005100671,acc,5.040,1.036,9.232,
152216025013171,acc,4.283,0.989,9.447,
152216005100671,Gyro,0.549,1.017,0.611,
152216025013171,Gyro,0.338,1.031,0.533,
152216015056921,Lacc,1.031,0.675,0.284,
152216015056921,GameRo,-0.184,-0.048,-0.973,0.130
152216034969421,Lacc,0.277,0.345,0.359,
152216034969421,GameRo,-0.184,-0.048,-0.973,0.130
152216045986421,pre,1006.092,,,
152216061397421,pre,1006.100,,,
152216044925921,acc,3.460,0.707,9.505,
152216064838921,acc,2.475,1.032,9.528,
152216044925921,Gyro,0.215,1.085,0.489,
152216064838921,Gyro,0.051,1.086,0.460,
152216076900421,pre,1006.108,,,
152216054882421,Lacc,-0.306,0.282,0.306,
152216054882421,GameRo,-0.163,-0.050,-0.975,0.143
152216074795421,Lacc,-1.175,0.762,0.291,
152216074795421,GameRo,-0.163,-0.050,-0.975,0.143
152216084499421,pre,1006.092,,,
152216099911421,pre,1006.102,,,
152216084744171,acc,1.795,1.273,9.374,
152216104641671,acc,1.807,1.144,9.230,
152216084744171,Gyro,-0.085,0.962,0.404,
152216104641671,Gyro,-0.146,0.823,0.325,
152216116024421,pre,1006.104,,,
152216094692921,Lacc,-1.147,0.794,-0.140,
152216094692921,GameRo,-0.142,-0.046,-0.977,0.153
152216114590421,Lacc,-0.847,0.404,-0.137,
152216114590421,GameRo,-0.142,-0.046,-0.977,0.153
152216138454421,pre,1006.106,,,
152216153866421,pre,1006.089,,,
152216124523671,acc,2.177,0.443,9.286,
152216144390171,acc,2.104,0.232,9.320,
152216124523671,Gyro,-0.314,0.716,0.206,
152216144390171,Gyro,-0.402,0.746,0.176,
152216134456921,Lacc,-0.360,-0.185,-0.133,
152216134456921,GameRo,-0.127,-0.040,-0.978,0.159
152216154323421,Lacc,-0.593,-0.010,-0.148,
152216154323421,GameRo,-0.127,-0.040,-0.978,0.159
152216169277421,pre,1006.091,,,
152216184719421,pre,1006.096,,,
152216164295171,acc,1.845,0.232,9.191,
152216184238671,acc,1.688,-0.139,8.890,
152216164295171,Gyro,-0.490,0.748,0.103,
152216184238671,Gyro,-0.439,0.729,0.117,
152216174266921,Lacc,-0.539,-0.170,-0.508,
152216174266921,GameRo,-0.114,-0.029,-0.980,0.162
152216194210421,Lacc,-0.727,-0.447,-0.710,
152216194210421,GameRo,-0.114,-0.029,-0.980,0.162
152216200008421,pre,1006.094,,,
152216215542421,pre,1006.095,,,
152216230953421,pre,1006.105,,,
152216204166671,acc,1.405,-0.323,8.776,
152216224079171,acc,1.200,-0.229,8.700,
152216204166671,Gyro,-0.379,0.722,0.126,
152216224079171,Gyro,-0.353,0.677,0.084,
152216214122921,Lacc,-0.745,-0.356,-0.887,
152216214122921,GameRo,-0.101,-0.017,-0.981,0.163
152216234035421,Lacc,-0.825,-0.028,-0.869,
152216234035421,GameRo,-0.101,-0.017,-0.981,0.163
152216246395421,pre,1006.104,,,
152216261806421,pre,1006.104,,,
152216243984171,acc,1.109,0.120,8.771,
152216263881671,acc,0.829,-0.020,8.825,
152216243984171,Gyro,-0.490,0.645,0.034,
152216263881671,Gyro,-0.651,0.596,-0.013,
152216253932921,Lacc,-0.762,0.202,-0.868,
152216253932921,GameRo,-0.089,-0.008,-0.982,0.164
152216273830421,Lacc,-1.020,-0.081,-0.816,
152216273830421,GameRo,-0.089,-0.008,-0.982,0.164
152216277126421,pre,1006.104,,,
152216292629421,pre,1006.115,,,
152216308071421,pre,1006.119,,,
152216283786921,acc,0.731,-0.702,8.791,
152216303699921,acc,0.812,-1.134,8.784,
152216283786921,Gyro,-0.535,0.499,-0.049,
152216303699921,Gyro,-0.325,0.456,-0.061,
152216293743421,Lacc,-0.723,-0.667,-0.903,
152216293743421,GameRo,-0.080,0.006,-0.983,0.163
152216313656421,Lacc,-0.693,-0.670,-0.873,
152216313656421,GameRo,-0.080,0.007,-0.983,0.163
152216323452421,pre,1006.101,,,
152216338894421,pre,1006.108,,,
152216323612671,acc,0.880,-0.846,8.884,
152216343525171,acc,0.940,-0.296,9.116,
152216323612671,Gyro,-0.210,0.419,-0.135,
152216343525171,Gyro,-0.281,0.411,-0.178,
152216354916421,pre,1006.103,,,
152216333568921,Lacc,-0.407,-0.062,-0.677,
152216333568921,GameRo,-0.072,0.014,-0.984,0.161
152216353481421,Lacc,-0.432,0.466,-0.574,
152216353481421,GameRo,-0.072,0.014,-0.984,0.161
152216369717421,pre,1006.101,,,
152216385128421,pre,1006.088,,,
152216363437921,acc,0.859,0.156,9.156,
152216383350921,acc,0.900,-0.299,9.036,
152216363437921,Gyro,-0.517,0.399,-0.185,
152216383350921,Gyro,-0.625,0.319,-0.179,
152216373394421,Lacc,-0.343,0.614,-0.599,
152216373394421,GameRo,-0.065,0.021,-0.985,0.157
152216393307421,Lacc,-0.198,0.171,-0.834,
152216393307421,GameRo,-0.065,0.021,-0.985,0.157
152216400539421,pre,1006.089,,,
152216415951421,pre,1006.081,,,
152216431362421,pre,1006.073,,,
152216403263671,acc,1.084,-0.519,8.721,
152216423176171,acc,1.094,-0.880,8.832,
152216403263671,Gyro,-0.461,0.251,-0.202,
152216423176171,Gyro,-0.254,0.261,-0.222,
152216413219921,Lacc,0.074,0.142,-1.010,
152216413219921,GameRo,-0.061,0.034,-0.986,0.152
152216433132421,Lacc,-0.165,-0.202,-0.764,
152216433132421,GameRo,-0.061,0.034,-0.986,0.152
152216446773421,pre,1006.080,,,
152216462185421,pre,1006.085,,,
152216443073421,acc,0.662,-1.054,9.030,
152216462955421,acc,0.411,-0.816,9.087,
152216443073421,Gyro,-0.180,0.268,-0.259,
152216462955421,Gyro,-0.158,0.190,-0.298,
152216453014421,Lacc,-0.493,-0.012,-0.660,
152216453014421,GameRo,-0.056,0.039,-0.987,0.148
152216472896421,Lacc,-0.590,0.028,-0.639,
152216472896421,GameRo,-0.056,0.039,-0.987,0.148
152216477474421,pre,1006.088,,,
152216493008421,pre,1006.085,,,
152216508419421,pre,1006.086,,,
152216482852921,acc,0.380,-1.077,9.142,
152216502765921,acc,0.598,-1.365,9.385,
152216482852921,Gyro,-0.167,0.074,-0.297,
152216502765921,Gyro,-0.142,-0.010,-0.303,
152216492809421,Lacc,-0.451,-0.296,-0.438,
152216492809421,GameRo,-0.053,0.043,-0.988,0.141
152216512722421,Lacc,-0.232,-0.256,-0.283,
152216512722421,GameRo,-0.053,0.043,-0.988,0.141
152216523830421,pre,1006.088,,,
152216539242421,pre,1006.085,,,
152216522678671,acc,0.722,-1.035,9.459,
152216542591171,acc,0.765,-0.989,9.407,
152216522678671,Gyro,-0.114,-0.034,-0.288,
152216542591171,Gyro,-0.143,-0.041,-0.274,
152216555233421,pre,1006.078,,,
152216532634921,Lacc,-0.183,0.080,-0.268,
152216532634921,GameRo,-0.054,0.045,-0.988,0.135
152216552547421,Lacc,-0.171,-0.100,-0.322,
152216552547421,GameRo,-0.054,0.045,-0.988,0.135
152216570064421,pre,1006.086,,,
152216585476421,pre,1006.096,,,
152216562496171,acc,0.731,-1.266,9.459,
152216582393671,acc,0.710,-1.406,9.740,
152216562496171,Gyro,-0.115,-0.044,-0.272,
152216582393671,Gyro,-0.024,-0.057,-0.288,
152216572444921,Lacc,-0.251,-0.345,-0.100,
152216572444921,GameRo,-0.056,0.047,-0.989,0.130
152216592342421,Lacc,-0.236,-0.121,0.121,
152216592342421,GameRo,-0.056,0.047,-0.989,0.130
152216600887421,pre,1006.085,,,
152216616299421,pre,1006.084,,,
152216631924421,pre,1006.078,,,
152216602275921,acc,0.702,-0.921,9.857,
152216622142921,acc,0.654,-1.029,9.778,
152216602275921,Gyro,-0.020,-0.061,-0.287,
152216622142921,Gyro,-0.109,-0.070,-0.254,
152216612209421,Lacc,-0.290,0.109,0.201,
152216612209421,GameRo,-0.057,0.048,-0.989,0.124
152216632076421,Lacc,-0.362,0.146,0.020,
152216632076421,GameRo,-0.057,0.048,-0.989,0.124
152216647121421,pre,1006.079,,,
152216662533421,pre,1006.078,,,
152216642048171,acc,0.637,-0.968,9.662,
152216661991671,acc,0.676,-1.399,9.665,
152216642048171,Gyro,-0.165,-0.086,-0.266,
152216661991671,Gyro,-0.120,-0.102,-0.247,
152216652019921,Lacc,-0.399,-0.046,-0.053,
152216652019921,GameRo,-0.059,0.049,-0.990,0.119
152216671963421,Lacc,-0.318,-0.466,0.036,
152216671963421,GameRo,-0.059,0.049,-0.990,0.119
152216677853421,pre,1006.084,,,
152216693386421,pre,1006.066,,,
152216708797421,pre,1006.076,,,
152216681919671,acc,0.719,-1.581,9.792,
152216701832171,acc,0.779,-1.278,9.983,
152216681919671,Gyro,-0.001,-0.094,-0.226,
152216701832171,Gyro,0.073,-0.073,-0.233,
152216691875921,Lacc,-0.345,-0.335,0.191,
152216691875921,GameRo,-0.061,0.051,-0.990,0.114
152216711788421,Lacc,-0.252,0.038,0.364,
152216711788421,GameRo,-0.061,0.051,-0.990,0.114
152216724209421,pre,1006.076,,,
152216739620421,pre,1006.067,,,
152216721744921,acc,0.831,-0.969,10.030,
152216741657921,acc,0.714,-1.108,9.814,
152216721744921,Gyro,0.026,-0.043,-0.230,
152216741657921,Gyro,-0.016,-0.010,-0.200,
152216731701421,Lacc,-0.322,0.102,0.254,
152216731701421,GameRo,-0.063,0.049,-0.991,0.110
152216751614421,Lacc,-0.453,-0.177,0.026,
152216751614421,GameRo,-0.063,0.049,-0.991,0.110
152216754970421,pre,1006.073,,,
152216770473421,pre,1006.070,,,
152216761562921,acc,0.664,-1.397,9.699,
152216781459921,acc,0.749,-1.561,9.736,
152216761562921,Gyro,0.016,-0.014,-0.185,
152216781459921,Gyro,0.064,-0.011,-0.164,
152216794155421,pre,1006.071,,,
152216771511421,Lacc,-0.415,-0.435,0.055,
152216771511421,GameRo,-0.063,0.049,-0.991,0.106
152216791408421,Lacc,-0.371,-0.404,0.024,
152216791408421,GameRo,-0.063,0.049,-0.991,0.106
152216809017421,pre,1006.067,,,
152216824734421,pre,1006.060,,,
152216801364921,acc,0.734,-1.383,9.647,
152216821277921,acc,0.673,-1.255,9.556,
152216801364921,Gyro,0.089,0.010,-0.138,
152216821277921,Gyro,0.068,-0.007,-0.109,
152216811321421,Lacc,-0.462,-0.242,-0.110,
152216811321421,GameRo,-0.063,0.048,-0.992,0.103
152216831234421,Lacc,-0.410,-0.203,-0.140,
152216831234421,GameRo,-0.063,0.048,-0.992,0.103
152216839962421,pre,1006.060,,,
152216855282421,pre,1006.060,,,
152216870693421,pre,1006.066,,,
152216841160171,acc,0.799,-1.315,9.553,
152216861011671,acc,0.829,-1.337,9.609,
152216841160171,Gyro,0.028,-0.020,-0.089,
152216861011671,Gyro,0.028,-0.009,-0.063,
152216851085921,Lacc,-0.308,-0.315,-0.104,
152216851085921,GameRo,-0.063,0.046,-0.992,0.101
152216870937421,Lacc,-0.284,-0.329,-0.071,
152216870937421,GameRo,-0.063,0.046,-0.992,0.101
152216886104421,pre,1006.073,,,
152216901546421,pre,1006.073,,,
152216880916671,acc,0.897,-1.352,9.593,
152216900875171,acc,0.882,-1.355,9.504,
152216880916671,Gyro,0.037,-0.001,-0.045,
152216900875171,Gyro,0.048,0.012,-0.033,
152216890895921,Lacc,-0.240,-0.335,-0.148,
152216890895921,GameRo,-0.064,0.046,-0.992,0.099
152216910854421,Lacc,-0.294,-0.295,-0.216,
152216910854421,GameRo,-0.064,0.046,-0.992,0.099
152216916958421,pre,1006.075,,,
152216932400421,pre,1006.076,,,
152216947842421,pre,1006.067,,,
152216920803171,acc,0.847,-1.198,9.429,
152216940700671,acc,0.882,-1.119,9.441,
152216920803171,Gyro,0.045,0.013,-0.036,
152216940700671,Gyro,0.008,0.002,-0.028,
152216930751921,Lacc,-0.293,-0.124,-0.263,
152216930751921,GameRo,-0.063,0.045,-0.992,0.099
152216950649421,Lacc,-0.220,-0.140,-0.230,
152216950649421,GameRo,-0.063,0.045,-0.992,0.099
152216963253421,pre,1006.081,,,
152216978664421,pre,1006.083,,,
152216960605921,acc,0.957,-1.195,9.492,
152216980518921,acc,1.000,-1.320,9.545,
152216960605921,Gyro,-0.026,-0.003,-0.009,
152216980518921,Gyro,-0.022,-0.008,0.009,
152216970562421,Lacc,-0.172,-0.280,-0.167,
152216970562421,GameRo,-0.063,0.045,-0.992,0.098
152216990475421,Lacc,-0.132,-0.309,-0.169,
152216990475421,GameRo,-0.063,0.045,-0.992,0.098
152216993984421,pre,1006.084,,,
152217009487421,pre,1006.081,,,
152217024929421,pre,1006.085,,,
152217000431671,acc,1.043,-1.266,9.498,
152217020344171,acc,1.100,-1.206,9.516,
152217000431671,Gyro,-0.005,-0.025,0.023,
152217020344171,Gyro,0.011,-0.024,0.030,
152217010387921,Lacc,-0.037,-0.237,-0.198,
152217010387921,GameRo,-0.063,0.045,-0.992,0.098
152217030300421,Lacc,-0.062,-0.145,-0.119,
152217030300421,GameRo,-0.063,0.045,-0.992,0.098
152217040340421,pre,1006.081,,,
152217055752421,pre,1006.083,,,
152217040249171,acc,1.090,-1.115,9.642,
152217060146671,acc,1.091,-1.115,9.702,
152217040249171,Gyro,-0.010,-0.029,0.029,
152217060146671,Gyro,-0.045,-0.032,0.033,
152217071529421,pre,1006.091,,,
152217050197921,Lacc,-0.069,-0.100,0.008,
152217050197921,GameRo,-0.064,0.045,-0.992,0.099
152217070095421,Lacc,-0.086,-0.093,0.002,
152217070095421,GameRo,-0.064,0.045,-0.992,0.099
152217086605421,pre,1006.088,,,
152217102047421,pre,1006.088,,,
152217080028921,acc,1.089,-1.060,9.706,
152217099895921,acc,1.115,-1.140,9.720,
152217080028921,Gyro,-0.064,-0.036,0.041,
152217099895921,Gyro,-0.051,-0.038,0.040,
152217089962421,Lacc,-0.063,-0.054,0.030,
152217089962421,GameRo,-0.065,0.046,-0.992,0.100
152217109829421,Lacc,-0.029,-0.155,0.045,
152217109829421,GameRo,-0.065,0.046,-0.992,0.100
152217117458421,pre,1006.095,,,
152217132900421,pre,1006.088,,,
152217148312421,pre,1006.094,,,
152217119800921,acc,1.140,-1.133,9.733,
152217139743921,acc,1.133,-0.931,9.716,
152217119800921,Gyro,-0.012,-0.035,0.038,
152217139743921,Gyro,0.007,-0.027,0.022,
152217129772421,Lacc,-0.039,0.009,0.045,
152217129772421,GameRo,-0.065,0.047,-0.992,0.100
152217149715421,Lacc,-0.048,0.159,-0.011,
152217149715421,GameRo,-0.065,0.047,-0.992,0.100
152217163753421,pre,1006.088,,,
152217179195421,pre,1006.088,,,
152217159671921,acc,1.141,-0.859,9.637,
152217179584921,acc,1.182,-0.962,9.663,
152217159671921,Gyro,0.006,-0.023,0.002,
152217179584921,Gyro,0.010,-0.026,-0.005,
152217169628421,Lacc,-0.031,0.150,-0.055,
152217169628421,GameRo,-0.066,0.047,-0.992,0.101
152217189541421,Lacc,0.027,0.003,0.030,
152217189541421,GameRo,-0.066,0.047,-0.992,0.101
152217194485421,pre,1006.104,,,
152217210018421,pre,1006.104,,,
152217225338421,pre,1006.100,,,
152217199467171,acc,1.246,-1.061,9.736,
152217219318671,acc,1.276,-1.119,9.708,
152217199467171,Gyro,0.008,-0.024,-0.016,
152217219318671,Gyro,0.026,-0.025,-0.020,
152217240749421,pre,1006.092,,,
152217209392921,Lacc,0.066,-0.062,0.052,
152217209392921,GameRo,-0.066,0.047,-0.992,0.101
152217229244421,Lacc,0.077,-0.013,-0.022,
152217229244421,GameRo,-0.066,0.047,-0.992,0.101
152217256283421,pre,1006.101,,,
152217239223671,acc,1.297,-0.970,9.624,
152217259182171,acc,1.204,-1.065,9.686,
152217239223671,Gyro,0.039,-0.009,-0.034,
152217259182171,Gyro,0.049,-0.023,-0.029,
152217271572421,pre,1006.100,,,
152217249202921,Lacc,0.034,0.022,-0.054,
152217249202921,GameRo,-0.067,0.046,-0.992,0.100
152217269161421,Lacc,-0.001,-0.040,0.069,
152217269161421,GameRo,-0.067,0.046,-0.992,0.100
152217287105421,pre,1006.088,,,
152217302517421,pre,1006.100,,,
152217279117921,acc,1.219,-0.985,9.794,
152217299030921,acc,1.241,-0.956,9.794,
152217279117921,Gyro,0.022,-0.030,-0.027,
152217299030921,Gyro,-0.026,-0.038,-0.022,
152217289074421,Lacc,0.001,0.077,0.129,
152217289074421,GameRo,-0.067,0.045,-0.992,0.100
152217308987421,Lacc,0.039,-0.021,0.068,
152217308987421,GameRo,-0.067,0.045,-0.992,0.100
152217317959421,pre,1006.092,,,
152217333401421,pre,1006.089,,,
152217318913171,acc,1.273,-1.144,9.738,
152217338764671,acc,1.294,-1.157,9.803,
152217318913171,Gyro,-0.017,-0.041,-0.015,
152217338764671,Gyro,0.018,-0.026,-0.015,
152217349636421,pre,1006.088,,,
152217328838921,Lacc,0.060,-0.193,0.088,
152217328838921,GameRo,-0.068,0.045,-0.992,0.099
152217348690421,Lacc,0.027,-0.035,0.117,
152217348690421,GameRo,-0.068,0.045,-0.992,0.099
152217364254421,pre,1006.090,,,
152217379665421,pre,1006.098,,,
152217358669671,acc,1.238,-0.965,9.753,
152217378628171,acc,1.218,-0.997,9.687,
152217358669671,Gyro,0.007,-0.014,-0.020,
152217378628171,Gyro,-0.014,-0.025,-0.017,
152217368648921,Lacc,-0.053,0.058,0.041,
152217368648921,GameRo,-0.068,0.045,-0.992,0.099
152217388607421,Lacc,-0.008,-0.041,-0.010,
152217388607421,GameRo,-0.068,0.045,-0.992,0.099
152217395107421,pre,1006.091,,,
152217410519421,pre,1006.092,,,
152217425960421,pre,1006.079,,,
152217398563671,acc,1.253,-1.077,9.690,
152217418476171,acc,1.247,-1.113,9.695,
152217398563671,Gyro,-0.018,-0.025,-0.014,
152217418476171,Gyro,-0.008,-0.020,-0.020,
152217408519921,Lacc,-0.004,-0.086,0.021,
152217408519921,GameRo,-0.069,0.045,-0.992,0.099
152217428432421,Lacc,-0.006,-0.083,0.018,
152217428432421,GameRo,-0.069,0.045,-0.992,0.099
152217441372421,pre,1006.081,,,
152217456814421,pre,1006.076,,,
152217438381171,acc,1.252,-1.053,9.684,
152217458278671,acc,1.277,-1.074,9.637,
152217438381171,Gyro,0.003,-0.018,-0.019,
152217458278671,Gyro,-0.005,-0.020,-0.022,
152217448329921,Lacc,0.005,-0.033,-0.020,
152217448329921,GameRo,-0.069,0.045,-0.992,0.099
152217468227421,Lacc,0.008,-0.070,-0.051,
152217468227421,GameRo,-0.069,0.045,-0.992,0.099
152217472164421,pre,1006.079,,,
152217487667421,pre,1006.078,,,
152217503109421,pre,1006.080,,,
152217478183921,acc,1.278,-1.053,9.591,
152217498096921,acc,1.303,-1.007,9.649,
152217478183921,Gyro,-0.009,-0.016,-0.027,
152217498096921,Gyro,-0.011,-0.009,-0.033,
152217488140421,Lacc,0.018,0.020,-0.083,
152217488140421,GameRo,-0.070,0.045,-0.992,0.098
152217508053421,Lacc,0.045,-0.028,0.013,
152217508053421,GameRo,-0.070,0.045,-0.992,0.098
152217518551421,pre,1006.084,,,
152217533993421,pre,1006.083,,,
152217518002171,acc,1.320,-1.056,9.703,
152217537899671,acc,1.310,-1.032,9.718,
152217518002171,Gyro,-0.023,-0.007,-0.028,
152217537899671,Gyro,-0.034,-0.003,-0.028,
152217550533421,pre,1006.077,,,
152217527950921,Lacc,0.047,-0.008,0.036,
152217527950921,GameRo,-0.070,0.045,-0.992,0.097
152217547848421,Lacc,0.014,-0.028,0.024,
152217547848421,GameRo,-0.070,0.045,-0.992,0.097
152217564846421,pre,1006.077,,,
152217580288421,pre,1006.063,,,
152217557804671,acc,1.268,-1.022,9.667,
152217577717171,acc,1.274,-1.101,9.660,
152217557804671,Gyro,-0.036,-0.008,-0.025,
152217577717171,Gyro,-0.001,-0.018,-0.019,
152217567760921,Lacc,-0.017,-0.040,-0.036,
152217567760921,GameRo,-0.070,0.046,-0.992,0.097
152217587673421,Lacc,0.027,-0.043,0.032,
152217587673421,GameRo,-0.070,0.046,-0.992,0.097
152217595699421,pre,1006.062,,,
152217611141421,pre,1006.056,,,
152217626430421,pre,1006.064,,,
152217597606921,acc,1.309,-1.016,9.728,
152217617473921,acc,1.304,-1.011,9.667,
152217597606921,Gyro,0.013,-0.012,-0.016,
152217617473921,Gyro,0.013,-0.009,-0.015,
152217607540421,Lacc,0.022,0.043,0.043,
152217607540421,GameRo,-0.070,0.046,-0.992,0.097
152217627407421,Lacc,0.014,0.017,-0.045,
152217627407421,GameRo,-0.070,0.046,-0.992,0.097
152217641964421,pre,1006.071,,,
152217657406421,pre,1006.076,,,
152217637378921,acc,1.295,-1.013,9.599,
152217657321921,acc,1.298,-1.077,9.624,
152217637378921,Gyro,0.014,-0.009,-0.009,
152217657321921,Gyro,0.003,-0.014,-0.012,
152217647350421,Lacc,0.018,-0.013,-0.067,
152217647350421,GameRo,-0.071,0.046,-0.992,0.096
152217667293421,Lacc,0.002,-0.085,-0.023,
152217667293421,GameRo,-0.071,0.046,-0.992,0.096
152217672695421,pre,1006.078,,,
152217688228421,pre,1006.090,,,
152217703670421,pre,1006.101,,,
152217677249921,acc,1.286,-1.116,9.659,
152217697162921,acc,1.313,-1.058,9.659,
152217677249921,Gyro,0.003,-0.020,-0.011,
152217697162921,Gyro,0.020,-0.024,-0.004,
152217687206421,Lacc,0.003,-0.056,-0.008,
152217687206421,GameRo,-0.071,0.046,-0.992,0.096
152217707119421,Lacc,0.025,-0.050,-0.020,
152217707119421,GameRo,-0.071,0.046,-0.992,0.096
152217719112421,pre,1006.093,,,
152217734524421,pre,1006.091,,,
152217717068171,acc,1.321,-1.102,9.641,
152217736965671,acc,1.286,-1.061,9.705,
152217717068171,Gyro,0.034,-0.019,0.004,
152217736965671,Gyro,0.044,-0.008,0.002,
152217749935421,pre,1006.106,,,
152217727016921,Lacc,0.001,-0.086,-0.009,
152217727016921,GameRo,-0.071,0.045,-0.992,0.096
152217746914421,Lacc,-0.024,0.004,0.029,
152217746914421,GameRo,-0.071,0.045,-0.992,0.096
152217765407421,pre,1006.103,,,
152217780819421,pre,1006.092,,,
152217756870671,acc,1.282,-0.944,9.675,
152217776783171,acc,1.306,-0.970,9.653,
152217756870671,Gyro,0.028,-0.005,-0.003,
152217776783171,Gyro,0.007,-0.005,-0.002,
152217766826921,Lacc,-0.013,0.070,-0.012,
152217766826921,GameRo,-0.071,0.044,-0.992,0.096
152217786739421,Lacc,-0.008,-0.028,-0.028,
152217786739421,GameRo,-0.071,0.044,-0.992,0.096
152217796261421,pre,1006.102,,,
152217811672421,pre,1006.091,,,
152217796688171,acc,1.290,-1.049,9.645,
152217816585671,acc,1.280,-1.067,9.648,
152217796688171,Gyro,-0.002,-0.003,0.001,
152217816585671,Gyro,0.009,-0.003,-0.002,
152217827968421,pre,1006.093,,,
152217806636921,Lacc,-0.034,-0.090,-0.020,
152217806636921,GameRo,-0.072,0.044,-0.992,0.096
152217826534421,Lacc,-0.008,-0.027,-0.017,
152217826534421,GameRo,-0.072,0.044,-0.992,0.096
152217842525421,pre,1006.098,,,
152217857967421,pre,1006.090,,,
152217836490921,acc,1.319,-0.961,9.651,
152217856403921,acc,1.318,-0.983,9.655,
152217836490921,Gyro,0.006,-0.000,-0.005,
152217856403921,Gyro,0.003,0.008,-0.003,
152217846447421,Lacc,0.017,0.030,-0.034,
152217846447421,GameRo,-0.072,0.044,-0.992,0.096
152217866360421,Lacc,-0.006,0.002,0.009,
152217866360421,GameRo,-0.072,0.044,-0.992,0.096
152217873409421,pre,1006.093,,,
152217888851421,pre,1006.085,,,
152217904262421,pre,1006.092,,,
152217876316671,acc,1.303,-1.013,9.695,
152217896229171,acc,1.331,-1.031,9.724,
152217876316671,Gyro,-0.006,0.009,-0.004,
152217896229171,Gyro,-0.010,0.008,-0.000,
152217886272921,Lacc,0.008,-0.045,0.040,
152217886272921,GameRo,-0.071,0.044,-0.992,0.096
152217906185421,Lacc,0.025,-0.005,0.041,
152217906185421,GameRo,-0.071,0.044,-0.992,0.096
152217927425421,pre,1006.091,,,
152217942867421,pre,1006.085,,,
152217916134171,acc,1.314,-1.046,9.700,
152217936031671,acc,1.277,-1.048,9.710,
152217916134171,Gyro,-0.005,0.007,0.007,
152217936031671,Gyro,0.011,0.007,0.014,
152217926082921,Lacc,-0.008,-0.100,0.030,
152217926082921,GameRo,-0.071,0.044,-0.992,0.096
152217945980421,Lacc,-0.034,0.032,0.054,
152217945980421,GameRo,-0.071,0.044,-0.992,0.096
152217958279421,pre,1006.084,,,
152217973690421,pre,1006.088,,,
152217955936671,acc,1.254,-0.921,9.733,
152217975849171,acc,1.250,-0.946,9.690,
152217955936671,Gyro,0.010,0.007,0.015,
152217975849171,Gyro,0.010,0.007,0.015,
152217965892921,Lacc,-0.057,0.068,0.050,
152217965892921,GameRo,-0.071,0.044,-0.992,0.096
152217985805421,Lacc,-0.058,0.018,0.003,
152217985805421,GameRo,-0.071,0.044,-0.992,0.096
152217989040421,pre,1006.076,,,
152218004543421,pre,1006.070,,,
152218019955421,pre,1006.068,,,
152217995731421,acc,1.232,-1.024,9.663,
152218015583421,acc,1.249,-0.988,9.635,
152217995731421,Gyro,0.020,0.008,0.012,
152218015583421,Gyro,0.025,0.008,0.007,
152218005657421,Lacc,-0.056,-0.045,-0.032,
152218005657421,GameRo,-0.071,0.044,-0.992,0.097
152218025509421,Lacc,-0.027,0.057,-0.035,
152218025509421,GameRo,-0.071,0.044,-0.992,0.097
152218035366421,pre,1006.064,,,
152218050808421,pre,1006.076,,,
152218035488671,acc,1.295,-0.931,9.627,
152218055447171,acc,1.297,-0.963,9.590,
152218035488671,Gyro,0.010,0.006,0.006,
152218055447171,Gyro,-0.011,0.010,0.006,
152218067074421,pre,1006.063,,,
152218045467921,Lacc,0.012,0.042,-0.069,
152218045467921,GameRo,-0.071,0.044,-0.992,0.097
152218065426421,Lacc,-0.022,0.013,-0.101,
152218065426421,GameRo,-0.071,0.044,-0.992,0.097
152218081661421,pre,1006.076,,,
152218097072421,pre,1006.073,,,
152218075382671,acc,1.249,-1.014,9.577,
152218095295171,acc,1.276,-1.080,9.606,
152218075382671,Gyro,-0.020,0.013,0.001,
152218095295171,Gyro,-0.003,0.012,0.001,
152218085338921,Lacc,-0.042,-0.091,-0.085,
152218085338921,GameRo,-0.071,0.044,-0.992,0.097
152218105251421,Lacc,-0.008,-0.064,-0.061,
152218105251421,GameRo,-0.071,0.044,-0.992,0.097
152218112484421,pre,1006.071,,,
152218127926421,pre,1006.082,,,
152218143337421,pre,1006.075,,,
152218115200171,acc,1.259,-0.977,9.624,
152218135097671,acc,1.273,-0.958,9.650,
152218115200171,Gyro,0.015,0.018,-0.002,
152218135097671,Gyro,-0.002,0.019,-0.005,
152218125148921,Lacc,-0.028,0.047,-0.035,
152218125148921,GameRo,-0.070,0.044,-0.992,0.097
152218145046421,Lacc,-0.010,-0.010,-0.021,
152218145046421,GameRo,-0.070,0.044,-0.992,0.097
152218158749421,pre,1006.080,,,
152218174190421,pre,1006.070,,,
152218155002921,acc,1.262,-1.026,9.661,
152218174915921,acc,1.255,-1.110,9.669,
152218155002921,Gyro,-0.022,0.019,-0.004,
152218174915921,Gyro,-0.016,0.019,-0.004,
152218164959421,Lacc,-0.007,-0.089,-0.013,
152218164959421,GameRo,-0.070,0.044,-0.992,0.097
152218184872421,Lacc,-0.027,-0.104,-0.020,
152218184872421,GameRo,-0.070,0.044,-0.992,0.097
152218189510421,pre,1006.082,,,
152218205044421,pre,1006.076,,,
152218220455421,pre,1006.076,,,
152218194820921,acc,1.241,-1.058,9.639,
152218214717921,acc,1.258,-0.965,9.623,
152218194820921,Gyro,-0.006,0.017,-0.005,
152218214717921,Gyro,-0.019,0.013,-0.008,
152218204769421,Lacc,-0.020,0.005,-0.049,
152218204769421,GameRo,-0.070,0.044,-0.992,0.097
152218224666421,Lacc,-0.019,-0.017,-0.051,
152218224666421,GameRo,-0.070,0.044,-0.992,0.097
152218235775421,pre,1006.071,,,
152218251308421,pre,1006.077,,,
152218234622921,acc,1.218,-1.050,9.644,
152218254535921,acc,1.220,-1.025,9.729,
152218234622921,Gyro,-0.029,0.015,-0.003,
152218254535921,Gyro,-0.012,0.016,-0.004,
152218267177421,pre,1006.070,,,
152218244579421,Lacc,-0.053,-0.032,-0.001,
152218244579421,GameRo,-0.069,0.045,-0.992,0.096
152218264492421,Lacc,-0.034,-0.012,0.073,
152218264492421,GameRo,-0.069,0.045,-0.992,0.096
152218282131421,pre,1006.077,,,
152218297573421,pre,1006.078,,,
152218274448671,acc,1.252,-0.970,9.747,
152218294361171,acc,1.248,-0.903,9.683,
152218274448671,Gyro,-0.003,0.014,-0.000,
152218294361171,Gyro,-0.012,0.013,-0.006,
152218284404921,Lacc,-0.005,0.115,0.041,
152218284404921,GameRo,-0.069,0.045,-0.992,0.096
152218304317421,Lacc,-0.029,0.030,-0.015,
152218304317421,GameRo,-0.069,0.045,-0.992,0.096
152218312984421,pre,1006.077,,,
152218328396421,pre,1006.076,,,
152218343838421,pre,1006.075,,,
152218314243421,acc,1.204,-1.001,9.671,
152218334095421,acc,1.211,-0.959,9.667,
152218314243421,Gyro,-0.012,0.008,-0.008,
152218334095421,Gyro,-0.012,-0.001,-0.009,
152218324169421,Lacc,-0.053,0.036,0.004,
152218324169421,GameRo,-0.069,0.045,-0.992,0.096
152218344021421,Lacc,-0.016,0.053,-0.038,
152218344021421,GameRo,-0.069,0.045,-0.992,0.096
152218359249421,pre,1006.083,,,
152218374691421,pre,1006.080,,,
152218353977671,acc,1.248,-0.993,9.609,
152218373890171,acc,1.218,-1.011,9.655,
152218353977671,Gyro,-0.005,-0.007,-0.009,
152218373890171,Gyro,-0.000,-0.013,0.002,
152218363933921,Lacc,-0.019,0.014,-0.055,
152218363933921,GameRo,-0.069,0.045,-0.992,0.096
152218383846421,Lacc,-0.048,-0.005,0.015,
152218383846421,GameRo,-0.069,0.045,-0.992,0.096
152218390102421,pre,1006.084,,,
152218405514421,pre,1006.085,,,
152218421780421,pre,1006.081,,,
152218393795171,acc,1.230,-1.031,9.717,
152218413692671,acc,1.252,-0.923,9.683,
152218393795171,Gyro,0.008,-0.019,0.003,
152218413692671,Gyro,0.007,-0.021,0.003,
152218436245421,pre,1006.085,,,
152218403743921,Lacc,-0.025,0.039,0.029,
152218403743921,GameRo,-0.069,0.045,-0.992,0.096
152218423641421,Lacc,0.030,0.070,-0.003,
152218423641421,GameRo,-0.069,0.045,-0.992,0.096
152218451778421,pre,1006.082,,,
152218433620671,acc,1.297,-1.006,9.668,
152218453579171,acc,1.285,-1.078,9.711,
152218433620671,Gyro,0.004,-0.021,0.007,
152218453579171,Gyro,0.018,-0.015,0.005,
152218443599921,Lacc,0.034,-0.041,0.020,
152218443599921,GameRo,-0.070,0.045,-0.992,0.096
152218463558421,Lacc,-0.001,-0.040,0.032,
152218463558421,GameRo,-0.070,0.045,-0.992,0.096
152218474911421,pre,1006.085,,,
152218490353421,pre,1006.086,,,
152218473514921,acc,1.260,-1.001,9.690,
152218493427921,acc,1.259,-1.004,9.636,
152218473514921,Gyro,0.022,-0.016,0.008,
152218493427921,Gyro,0.012,-0.021,0.015,
152218483471421,Lacc,-0.023,0.037,-0.028,
152218483471421,GameRo,-0.070,0.045,-0.992,0.096
152218503384421,Lacc,0.001,-0.058,-0.004,
152218503384421,GameRo,-0.070,0.045,-0.992,0.096
152218505672421,pre,1006.093,,,
152218521206421,pre,1006.090,,,
152218536617421,pre,1006.094,,,
152218513332921,acc,1.286,-1.089,9.720,
152218533229921,acc,1.241,-1.032,9.715,
152218513332921,Gyro,0.014,-0.019,0.016,
152218533229921,Gyro,0.013,-0.022,0.017,
152218523281421,Lacc,-0.031,-0.056,0.054,
152218523281421,GameRo,-0.070,0.045,-0.992,0.097
152218543178421,Lacc,-0.019,-0.032,0.016,
152218543178421,GameRo,-0.070,0.045,-0.992,0.097
152218552029421,pre,1006.097,,,
152218567470421,pre,1006.089,,,
152218575191421,pre,1006.090,,,
152218553111921,acc,1.270,-1.041,9.675,
152218572978921,acc,1.302,-1.036,9.723,
152218553111921,Gyro,0.017,-0.021,0.021,
152218572978921,Gyro,0.021,-0.015,0.019,
152218563045421,Lacc,-0.003,-0.052,0.019,
152218563045421,GameRo,-0.070,0.044,-0.992,0.097
152218582912421,Lacc,0.009,0.007,0.056,
152218582912421,GameRo,-0.070,0.044,-0.992,0.097
152218590633421,pre,1006.086,,,
152218606045421,pre,1006.088,,,
152218622066421,pre,1006.088,,,
152218592861171,acc,1.265,-0.913,9.723,
152218612758671,acc,1.246,-0.898,9.716,
152218592861171,Gyro,0.025,-0.005,0.015,
152218612758671,Gyro,0.016,-0.004,0.008,
152218602809921,Lacc,-0.046,0.112,0.040,
152218602809921,GameRo,-0.071,0.044,-0.992,0.097
152218622707421,Lacc,-0.023,0.047,0.071,
152218622707421,GameRo,-0.071,0.044,-0.992,0.097
152218636898421,pre,1006.100,,,
152218652340421,pre,1006.093,,,
152218632686671,acc,1.308,-0.982,9.754,
152218652645171,acc,1.314,-0.935,9.778,
152218632686671,Gyro,0.033,0.001,0.003,
152218652645171,Gyro,0.052,0.008,0.000,
152218642665921,Lacc,0.024,0.024,0.097,
152218642665921,GameRo,-0.071,0.043,-0.992,0.098
152218662624421,Lacc,0.032,0.037,0.094,
152218662624421,GameRo,-0.071,0.043,-0.992,0.098
152218667660421,pre,1006.108,,,
152218683163421,pre,1006.104,,,
152218698604421,pre,1006.109,,,
152218672580921,acc,1.329,-0.943,9.759,
152218692493921,acc,1.352,-0.917,9.699,
152218672580921,Gyro,0.037,0.010,0.001,
152218692493921,Gyro,0.018,0.008,0.007,
152218682537421,Lacc,0.052,0.033,0.056,
152218682537421,GameRo,-0.070,0.043,-0.992,0.098
152218702450421,Lacc,0.055,0.020,-0.015,
152218702450421,GameRo,-0.070,0.043,-0.992,0.098
152218714016421,pre,1006.109,,,
152218729427421,pre,1006.101,,,
152218712399171,acc,1.343,-0.987,9.629,
152218732296671,acc,1.320,-1.023,9.577,
152218712399171,Gyro,0.018,0.007,0.012,
152218732296671,Gyro,0.043,-0.001,0.020,
152218722347921,Lacc,0.044,-0.053,-0.091,
152218722347921,GameRo,-0.070,0.042,-0.992,0.098
152218742245421,Lacc,0.040,-0.020,-0.104,
152218742245421,GameRo,-0.070,0.042,-0.992,0.098
152218744808421,pre,1006.093,,,
152218760280421,pre,1006.085,,,
152218775722421,pre,1006.091,,,
152218752201671,acc,1.324,-0.883,9.587,
152218772114171,acc,1.288,-0.835,9.587,
152218752201671,Gyro,0.058,-0.006,0.020,
152218772114171,Gyro,0.052,-0.017,0.022,
152218762157921,Lacc,0.023,0.118,-0.088,
152218762157921,GameRo,-0.070,0.041,-0.992,0.098
152218782070421,Lacc,0.004,0.084,-0.089,
152218782070421,GameRo,-0.070,0.041,-0.992,0.098
152218792232421,pre,1006.077,,,
152218806576421,pre,1006.081,,,
152218791996171,acc,1.309,-0.883,9.591,
152218811847671,acc,1.356,-0.876,9.612,
152218791996171,Gyro,0.055,-0.024,0.024,
152218811847671,Gyro,0.073,-0.028,0.025,
152218823055421,pre,1006.093,,,
152218801921921,Lacc,0.042,0.022,-0.084,
152218801921921,GameRo,-0.070,0.040,-0.992,0.099
152218821773421,Lacc,0.066,0.065,-0.057,
152218821773421,GameRo,-0.070,0.040,-0.992,0.099
152218837398421,pre,1006.104,,,
152218852840421,pre,1006.095,,,
152218831752671,acc,1.353,-0.871,9.617,
152218851711171,acc,1.359,-0.828,9.566,
152218831752671,Gyro,0.075,-0.028,0.022,
152218851711171,Gyro,0.068,-0.029,0.012,
152218841731921,Lacc,0.043,0.043,-0.098,
152218841731921,GameRo,-0.071,0.039,-0.992,0.099
152218861690421,Lacc,0.075,0.053,-0.105,
152218861690421,GameRo,-0.071,0.039,-0.992,0.099
152218868252421,pre,1006.101,,,
152218883694421,pre,1006.095,,,
152218899135421,pre,1006.089,,,
152218871662171,acc,1.412,-0.824,9.609,
152218891605671,acc,1.399,-0.958,9.696,
152218871662171,Gyro,0.042,-0.024,0.009,
152218891605671,Gyro,0.025,-0.003,0.005,
152218881633921,Lacc,0.102,0.005,-0.031,
152218881633921,GameRo,-0.071,0.038,-0.992,0.100
152218901577421,Lacc,0.068,-0.105,0.006,
152218901577421,GameRo,-0.071,0.038,-0.992,0.100
152218914547421,pre,1006.103,,,
152218929989421,pre,1006.089,,,
152218911510921,acc,1.362,-0.935,9.665,
152218931377921,acc,1.310,-0.860,9.619,
152218911510921,Gyro,0.020,0.005,0.016,
152218931377921,Gyro,0.017,0.013,0.020,
152218921444421,Lacc,0.022,-0.011,-0.056,
152218921444421,GameRo,-0.071,0.037,-0.992,0.100
152218941311421,Lacc,-0.028,0.012,-0.062,
152218941311421,GameRo,-0.071,0.037,-0.992,0.100
152218953152421,pre,1006.086,,,
152218968593421,pre,1006.086,,,
152218976559421,pre,1006.088,,,
152218951267671,acc,1.267,-0.834,9.621,
152218971180171,acc,1.226,-0.914,9.663,
152218951267671,Gyro,-0.007,0.015,0.022,
152218971180171,Gyro,-0.009,0.011,0.021,
152218961223921,Lacc,-0.068,0.000,-0.044,
152218961223921,GameRo,-0.071,0.037,-0.992,0.100
152218981136421,Lacc,-0.082,-0.072,0.005,
152218981136421,GameRo,-0.071,0.037,-0.992,0.100
152218992428421,pre,1006.094,,,
152219007168421,pre,1006.085,,,
152218991085171,acc,1.261,-0.907,9.706,
152219010982671,acc,1.315,-0.888,9.720,
152218991085171,Gyro,0.011,0.009,0.019,
152219010982671,Gyro,0.014,0.015,0.018,
152219023495421,pre,1006.088,,,
152219001033921,Lacc,-0.012,-0.020,0.040,
152219001033921,GameRo,-0.071,0.037,-0.992,0.101
152219020931421,Lacc,0.009,-0.034,0.009,
152219020931421,GameRo,-0.071,0.037,-0.992,0.101
152219038021421,pre,1006.088,,,
152219030887921,acc,1.301,-0.917,9.684,
152219050800921,acc,1.270,-0.945,9.685,
152219030887921,Gyro,0.011,0.024,0.022,
152219050800921,Gyro,0.007,0.027,0.026,
152219061886421,pre,1006.089,,,
152219040844421,Lacc,-0.018,-0.080,-0.006,
152219040844421,GameRo,-0.070,0.037,-0.992,0.101
152219060757421,Lacc,-0.013,-0.085,0.041,
152219060757421,GameRo,-0.070,0.037,-0.992,0.101
152219076595421,pre,1006.093,,,
152219092007421,pre,1006.101,,,
152219070705921,acc,1.337,-0.937,9.760,
152219090602921,acc,1.395,-1.011,9.740,
152219070705921,Gyro,-0.003,0.030,0.031,
152219090602921,Gyro,-0.001,0.040,0.034,
152219080654421,Lacc,0.089,-0.100,0.079,
152219080654421,GameRo,-0.070,0.037,-0.992,0.102
152219100551421,Lacc,0.112,-0.170,0.041,
152219100551421,GameRo,-0.070,0.037,-0.992,0.102
152219107326421,pre,1006.091,,,
152219122860421,pre,1006.090,,,
152219138271421,pre,1006.093,,,
152219110507921,acc,1.381,-1.031,9.708,
152219130420921,acc,1.327,-1.038,9.736,
152219110507921,Gyro,-0.002,0.059,0.031,
152219130420921,Gyro,-0.020,0.074,0.034,
152219120464421,Lacc,0.082,-0.180,0.022,
152219120464421,GameRo,-0.069,0.037,-0.992,0.102
152219140377421,Lacc,0.056,-0.171,0.074,
152219140377421,GameRo,-0.069,0.037,-0.992,0.102
152219153713421,pre,1006.104,,,
152219169124421,pre,1006.092,,,
152219150333671,acc,1.334,-1.041,9.774,
152219170246171,acc,1.320,-1.187,9.738,
152219150333671,Gyro,-0.057,0.082,0.039,
152219170246171,Gyro,-0.065,0.093,0.053,
152219160289921,Lacc,0.089,-0.237,0.061,
152219160289921,GameRo,-0.068,0.038,-0.992,0.103
152219180202421,Lacc,0.089,-0.364,0.045,
152219180202421,GameRo,-0.068,0.038,-0.992,0.103
152219184505421,pre,1006.104,,,
152219199947421,pre,1006.106,,,
152219215420421,pre,1006.093,,,
152219190151171,acc,1.319,-1.283,9.742,
152219210048671,acc,1.264,-1.210,9.734,
152219190151171,Gyro,-0.050,0.109,0.064,
152219210048671,Gyro,-0.048,0.127,0.070,
152219200099921,Lacc,0.103,-0.372,0.045,
152219200099921,GameRo,-0.066,0.039,-0.992,0.104
152219219997421,Lacc,0.022,-0.227,0.051,
152219219997421,GameRo,-0.066,0.039,-0.992,0.104
152219230709421,pre,1006.099,,,
152219246242421,pre,1006.103,,,
152219229953921,acc,1.197,-1.084,9.727,
152219249866921,acc,1.119,-1.195,9.620,
152219229953921,Gyro,-0.080,0.140,0.077,
152219249866921,Gyro,-0.104,0.145,0.100,
152219239910421,Lacc,0.008,-0.195,-0.010,
152219239910421,GameRo,-0.063,0.041,-0.992,0.105
152219259823421,Lacc,-0.069,-0.328,-0.158,
152219261562421,pre,1006.100,,,
152219259823421,GameRo,-0.063,0.041,-0.992,0.105
152219277096421,pre,1006.096,,,
152219292507421,pre,1006.102,,,
152219269779671,acc,1.012,-1.327,9.462,
152219289692171,acc,0.886,-1.411,9.351,
152219269779671,Gyro,-0.090,0.145,0.133,
152219289692171,Gyro,-0.054,0.115,0.164,
152219279735921,Lacc,-0.155,-0.439,-0.299,
152219279735921,GameRo,-0.061,0.043,-0.991,0.107
152219299648421,Lacc,-0.245,-0.352,-0.398,
152219299648421,GameRo,-0.061,0.043,-0.991,0.107
152219307827421,pre,1006.103,,,
152219323238421,pre,1006.100,,,
152219338772421,pre,1006.099,,,
152219309574421,acc,0.802,-1.191,9.293,
152219329426421,acc,0.722,-1.028,9.238,
152219309574421,Gyro,-0.065,0.089,0.179,
152219329426421,Gyro,-0.148,0.055,0.201,
152219319500421,Lacc,-0.279,-0.074,-0.425,
152219319500421,GameRo,-0.058,0.045,-0.991,0.110
152219339352421,Lacc,-0.333,-0.090,-0.536,
152219339352421,GameRo,-0.058,0.045,-0.991,0.110
152219354183421,pre,1006.101,,,
152219369594421,pre,1006.098,,,
152219349331671,acc,0.690,-1.213,9.080,
152219369290171,acc,0.717,-1.294,8.915,
152219349331671,Gyro,-0.212,0.012,0.235,
152219369290171,Gyro,-0.219,-0.026,0.258,
152219359310921,Lacc,-0.322,-0.223,-0.701,
152219359310921,GameRo,-0.057,0.048,-0.991,0.114
152219379269421,Lacc,-0.317,-0.215,-0.893,
152219379269421,GameRo,-0.057,0.048,-0.991,0.114
152219384945421,pre,1006.093,,,
152219400448421,pre,1006.092,,,
152219415859421,pre,1006.101,,,
152219389217921,acc,0.607,-1.224,8.655,
152219409114921,acc,0.556,-1.137,8.201,
152219389217921,Gyro,-0.250,-0.047,0.281,
152219409114921,Gyro,-0.352,-0.114,0.306,
152219399166421,Lacc,-0.441,0.015,-1.225,
152219399166421,GameRo,-0.058,0.053,-0.990,0.119
152219419063421,Lacc,-0.424,-0.106,-1.810,
152219419063421,GameRo,-0.058,0.053,-0.990,0.119
152219431270421,pre,1006.078,,,
152219446712421,pre,1006.072,,,
152219429019921,acc,0.593,-1.646,7.489,
152219448932921,acc,0.670,-2.379,6.716,
152219429019921,Gyro,-0.438,-0.220,0.340,
152219448932921,Gyro,-0.377,-0.320,0.399,
152219438976421,Lacc,-0.381,-0.765,-2.580,
152219438976421,GameRo,-0.061,0.060,-0.989,0.124
152219458889421,Lacc,-0.398,-1.200,-3.293,
152219458889421,GameRo,-0.061,0.061,-0.989,0.124
152219462002421,pre,1006.079,,,
152219477535421,pre,1006.077,,,
152219492947421,pre,1006.076,,,
152219468845671,acc,0.644,-2.575,6.046,
152219488758171,acc,0.921,-2.477,5.535,
152219468845671,Gyro,-0.250,-0.474,0.468,
152219488758171,Gyro,-0.225,-0.662,0.560,
152219478801921,Lacc,-0.404,-1.039,-3.862,
152219478801921,GameRo,-0.068,0.068,-0.987,0.132
152219498714421,Lacc,-0.089,-0.948,-4.312,
152219498714421,GameRo,-0.068,0.068,-0.987,0.132
152219508266421,pre,1006.063,,,
152219523769421,pre,1006.067,,,
152219508663171,acc,1.125,-2.392,5.138,
152219528560671,acc,1.526,-2.578,5.075,
152219508663171,Gyro,-0.303,-0.907,0.660,
152219528560671,Gyro,-0.401,-1.220,0.704,
152219540493421,pre,1006.070,,,
152219518611921,Lacc,-0.085,-0.808,-4.530,
152219518611921,GameRo,-0.081,0.072,-0.984,0.144
152219538509421,Lacc,0.472,-1.185,-4.405,
152219538509421,GameRo,-0.082,0.072,-0.984,0.144
152219554623421,pre,1006.059,,,
152219570034421,pre,1006.070,,,
152219548465921,acc,2.201,-3.021,5.311,
152219568378921,acc,2.985,-3.344,5.644,
152219548465921,Gyro,-0.452,-1.529,0.715,
152219568378921,Gyro,-0.417,-1.809,0.678,
152219558422421,Lacc,0.733,-1.386,-3.993,
152219558422421,GameRo,-0.106,0.078,-0.978,0.159
152219578335421,Lacc,1.797,-1.553,-3.681,
152219578335421,GameRo,-0.107,0.078,-0.978,0.159
152219585445421,pre,1006.076,,,
152219608578421,pre,1006.076,,,
152219588284171,acc,4.050,-3.335,5.853,
152219608181671,acc,4.327,-3.187,5.850,
152219588284171,Gyro,-0.342,-1.887,0.570,
152219608181671,Gyro,-0.331,-1.975,0.553,
152219598232921,Lacc,1.916,-1.216,-3.402,
152219598232921,GameRo,-0.142,0.082,-0.971,0.174
152219618130421,Lacc,1.748,-0.967,-3.453,
152219618130421,GameRo,-0.143,0.082,-0.971,0.174
152219623867421,pre,1006.084,,,
152219639400421,pre,1006.094,,,
152219654842421,pre,1006.091,,,
152219628086671,acc,4.543,-2.609,5.937,
152219647999171,acc,5.574,-3.029,6.394,
152219628086671,Gyro,-0.445,-2.303,0.798,
152219647999171,Gyro,-0.579,-2.582,0.590,
152219638042921,Lacc,1.917,-0.418,-2.865,
152219638042921,GameRo,-0.182,0.083,-0.962,0.188
152219657955421,Lacc,2.829,-1.010,-2.366,
152219657955421,GameRo,-0.182,0.084,-0.962,0.188
152219670254421,pre,1006.092,,,
152219685665421,pre,1006.112,,,
152219667911671,acc,6.274,-3.442,6.966,
152219687824171,acc,6.851,-3.679,7.542,
152219667911671,Gyro,-0.538,-2.694,0.473,
152219687824171,Gyro,-0.472,-2.809,0.319,
152219701076421,pre,1006.114,,,
152219677867921,Lacc,2.540,-1.030,-1.333,
152219677867921,GameRo,-0.233,0.087,-0.947,0.202
152219697780421,Lacc,3.304,-1.127,-0.742,
152219697780421,GameRo,-0.233,0.087,-0.947,0.202
152219716518421,pre,1006.115,,,
152219731960421,pre,1006.117,,,
152219707729171,acc,7.777,-3.561,8.172,
152219727626671,acc,8.599,-3.463,8.663,
152219707729171,Gyro,-0.405,-2.844,0.230,
152219727626671,Gyro,-0.450,-2.800,0.152,
152219717677921,Lacc,3.301,-0.747,0.416,
152219717677921,GameRo,-0.287,0.086,-0.931,0.210
152219737575421,Lacc,4.096,-0.624,0.783,
152219737575421,GameRo,-0.287,0.086,-0.931,0.210
152219747372421,pre,1006.112,,,
152219762813421,pre,1006.117,,,
152219747531921,acc,9.302,-3.319,8.991,
152219767444921,acc,9.656,-3.449,9.255,
152219747531921,Gyro,-0.640,-2.677,0.038,
152219767444921,Gyro,-0.847,-2.496,-0.061,
152219778805421,pre,1006.109,,,
152219757488421,Lacc,3.769,-0.424,1.740,
152219757488421,GameRo,-0.340,0.083,-0.912,0.214
152219777401421,Lacc,3.999,-0.593,1.887,
152219777401421,GameRo,-0.341,0.083,-0.912,0.214
152219793636421,pre,1006.109,,,
152219809078421,pre,1006.114,,,
152219816799421,pre,1006.114,,,
152219787327171,acc,9.747,-3.491,9.282,
152219807178671,acc,9.756,-3.315,9.249,
152219787327171,Gyro,-1.028,-2.268,-0.153,
152219807178671,Gyro,-1.187,-2.042,-0.243,
152219832088421,pre,1006.103,,,
152219797252921,Lacc,3.286,-0.253,2.608,
152219797252921,GameRo,-0.389,0.087,-0.893,0.211
152219817104421,Lacc,3.283,-0.247,2.419,
152219817104421,GameRo,-0.389,0.087,-0.893,0.211
152219847622421,pre,1006.112,,,
152219827083671,acc,9.661,-3.592,8.855,
152219847042171,acc,9.397,-4.028,8.372,
152219827083671,Gyro,-1.329,-1.849,-0.381,
152219847042171,Gyro,-1.352,-1.660,-0.524,
152219837062921,Lacc,2.555,-0.444,2.594,
152219837062921,GameRo,-0.430,0.098,-0.875,0.200
152219857021421,Lacc,2.214,-0.855,2.198,
152219857021421,GameRo,-0.430,0.098,-0.875,0.200
152219862942421,pre,1006.113,,,
152219878475421,pre,1006.103,,,
152219893886421,pre,1006.109,,,
152219866970171,acc,9.032,-4.368,8.082,
152219886867671,acc,8.706,-4.579,8.060,
152219866970171,Gyro,-1.267,-1.491,-0.620,
152219886867671,Gyro,-1.113,-1.354,-0.666,
152219876918921,Lacc,1.424,-0.959,2.726,
152219876918921,GameRo,-0.465,0.110,-0.860,0.182
152219896816421,Lacc,1.134,-1.070,2.675,
152219896816421,GameRo,-0.464,0.110,-0.860,0.182
152219909298421,pre,1006.109,,,
152219924740421,pre,1006.106,,,
152219906772921,acc,8.423,-4.498,7.917,
152219926685921,acc,8.014,-4.574,7.643,
152219906772921,Gyro,-0.938,-1.216,-0.683,
152219926685921,Gyro,-0.732,-1.102,-0.691,
152219916729421,Lacc,0.397,-0.923,2.996,
152219916729421,GameRo,-0.492,0.118,-0.847,0.164
152219936642421,Lacc,0.119,-1.210,2.700,
152219936642421,GameRo,-0.492,0.118,-0.847,0.164
152219940060421,pre,1006.108,,,
152219955562421,pre,1006.109,,,
152219971004421,pre,1006.109,,,
152219946598671,acc,7.899,-4.828,7.333,
152219966511171,acc,7.735,-4.911,7.047,
152219946598671,Gyro,-0.452,-1.015,-0.678,
152219966511171,Gyro,-0.114,-0.879,-0.647,
152219956554921,Lacc,-0.235,-1.427,2.846,
152219956554921,GameRo,-0.514,0.120,-0.836,0.148
152219976467421,Lacc,-0.484,-1.443,2.575,
152219976467421,GameRo,-0.514,0.120,-0.836,0.148
152219986416421,pre,1006.115,,,
152220001827421,pre,1006.117,,,
152219986416171,acc,7.500,-4.780,6.808,
152220006313671,acc,7.430,-4.442,6.475,
152219986416171,Gyro,0.214,-0.743,-0.590,
152220006313671,Gyro,0.467,-0.640,-0.537,
152220017696421,pre,1006.109,,,
152219996364921,Lacc,-0.876,-1.335,2.600,
152219996364921,GameRo,-0.530,0.112,-0.829,0.138
152220016262421,Lacc,-0.891,-1.055,2.207,
152220016262421,GameRo,-0.530,0.112,-0.829,0.138
152220032680421,pre,1006.112,,,
152220048122421,pre,1006.115,,,
152220026195921,acc,7.480,-4.265,6.067,
152220046062921,acc,7.845,-4.179,5.726,
152220026195921,Gyro,0.654,-0.563,-0.517,
152220046062921,Gyro,0.776,-0.512,-0.533,
152220036129421,Lacc,-0.850,-1.222,1.996,
152220036129421,GameRo,-0.540,0.097,-0.825,0.136
152220055996421,Lacc,-0.402,-1.104,1.644,
152220055996421,GameRo,-0.540,0.097,-0.825,0.136
152220063442421,pre,1006.116,,,
152220086666421,pre,1006.110,,,
152220065967921,acc,8.215,-4.040,5.357,
152220085910921,acc,8.270,-3.702,4.880,
152220065967921,Gyro,0.821,-0.399,-0.562,
152220085910921,Gyro,0.796,-0.212,-0.603,
152220075939421,Lacc,-0.332,-1.168,1.308,
152220075939421,GameRo,-0.547,0.077,-0.822,0.137
152220095882421,Lacc,-0.400,-0.834,0.762,
152220095882421,GameRo,-0.547,0.077,-0.823,0.137
152220102108421,pre,1006.120,,,
152220117519421,pre,1006.111,,,
152220132961421,pre,1006.108,,,
152220105854171,acc,8.189,-3.454,4.326,
152220125797671,acc,8.371,-3.243,3.912,
152220105854171,Gyro,0.703,-0.081,-0.666,
152220125797671,Gyro,0.578,-0.002,-0.767,
152220115825921,Lacc,-0.455,-0.978,0.242,
152220115825921,GameRo,-0.549,0.057,-0.823,0.136
152220135769421,Lacc,-0.170,-0.656,-0.074,
152220135769421,GameRo,-0.549,0.057,-0.823,0.136
152220148373421,pre,1006.112,,,
152220163784421,pre,1006.118,,,
152220145687671,acc,8.662,-2.897,3.588,
152220165524171,acc,8.758,-2.824,3.121,
152220145687671,Gyro,0.420,0.105,-0.896,
152220165524171,Gyro,0.326,0.199,-1.040,
152220155605921,Lacc,-0.049,-0.812,-0.515,
152220155605921,GameRo,-0.548,0.040,-0.826,0.130
152220175442421,Lacc,0.016,-0.839,-1.018,
152220175442421,GameRo,-0.548,0.040,-0.826,0.130
152220179104421,pre,1006.106,,,
152220194607421,pre,1006.103,,,
152220210049421,pre,1006.099,,,
152220185413921,acc,8.848,-2.948,2.740,
152220205356921,acc,9.287,-2.986,2.938,
152220185413921,Gyro,0.353,0.185,-1.208,
152220205356921,Gyro,0.510,0.074,-1.356,
152220195385421,Lacc,0.198,-1.343,-1.222,
152220195385421,GameRo,-0.545,0.024,-0.830,0.116
152220215328421,Lacc,0.795,-1.251,-0.788,
152220215328421,GameRo,-0.545,0.024,-0.830,0.116
152220225460421,pre,1006.099,,,
152220240871421,pre,1006.100,,,
152220225284921,acc,9.934,-2.600,3.478,
152220245197921,acc,10.189,-2.079,3.603,
152220225284921,Gyro,0.658,0.018,-1.453,
152220245197921,Gyro,0.616,0.065,-1.444,
152220256588421,pre,1006.097,,,
152220235241421,Lacc,1.258,-1.181,-0.400,
152220235241421,GameRo,-0.543,0.001,-0.834,0.099
152220255154421,Lacc,1.222,-1.020,-0.501,
152220255154421,GameRo,-0.543,0.001,-0.834,0.099
152220271725421,pre,1006.101,,,
152220287136421,pre,1006.093,,,
152220265080171,acc,9.982,-2.085,3.405,
152220284931671,acc,9.629,-2.283,3.215,
152220265080171,Gyro,0.395,0.095,-1.309,
152220284931671,Gyro,0.150,0.048,-1.098,
152220275005921,Lacc,0.908,-1.696,-0.815,
152220275005921,GameRo,-0.541,-0.025,-0.837,0.082
152220294857421,Lacc,0.496,-1.856,-0.740,
152220294857421,GameRo,-0.541,-0.024,-0.837,0.082
152220302456421,pre,1006.091,,,
152220317959421,pre,1006.089,,,
152220333370421,pre,1006.088,,,
152220304813671,acc,9.154,-2.375,3.426,
152220324726171,acc,8.499,-2.514,3.659,
152220304813671,Gyro,-0.020,-0.019,-0.782,
152220324726171,Gyro,-0.032,-0.108,-0.370,
152220314769921,Lacc,-0.082,-2.416,-0.542,
152220314769921,GameRo,-0.539,-0.038,-0.839,0.066
152220334682421,Lacc,-0.745,-2.411,-0.288,
152220334682421,GameRo,-0.539,-0.038,-0.839,0.066
152220348781421,pre,1006.074,,,
152220364223421,pre,1006.085,,,
152220344661671,acc,7.825,-2.386,3.939,
152220364620171,acc,7.483,-1.980,4.159,
152220344661671,Gyro,0.143,-0.229,0.088,
152220364620171,Gyro,0.415,-0.405,0.503,
152220354640921,Lacc,-1.371,-2.256,0.009,
152220354640921,GameRo,-0.541,-0.041,-0.838,0.060
152220374599421,Lacc,-1.389,-1.681,0.229,
152220374599421,GameRo,-0.541,-0.041,-0.838,0.060
152220379604421,pre,1006.082,,,
152220395046421,pre,1006.084,,,
152220410488421,pre,1006.095,,,
152220384548171,acc,7.754,-1.244,4.359,
152220404445671,acc,8.531,-0.096,4.790,
152220384548171,Gyro,0.664,-0.534,0.857,
152220404445671,Gyro,0.746,-0.539,1.124,
152220394496921,Lacc,-0.929,-0.649,0.653,
152220394496921,GameRo,-0.547,-0.043,-0.833,0.073
152220414394421,Lacc,0.125,0.561,1.022,
152220414394421,GameRo,-0.547,-0.043,-0.833,0.073
152220425777421,pre,1006.095,,,
152220441311421,pre,1006.092,,,
152220424350921,acc,9.635,0.770,4.925,
152220444263921,acc,9.921,1.052,4.389,
152220424350921,Gyro,0.637,-0.406,1.253,
152220444263921,Gyro,0.347,-0.110,1.250,
152220456631421,pre,1006.096,,,
152220434307421,Lacc,0.857,1.277,1.052,
152220434307421,GameRo,-0.555,-0.043,-0.824,0.099
152220454220421,Lacc,0.608,1.548,0.201,
152220454220421,GameRo,-0.555,-0.043,-0.824,0.099
152220472164421,pre,1006.096,,,
152220487575421,pre,1006.087,,,
152220464176671,acc,9.296,1.238,3.479,
152220484089171,acc,8.688,1.163,3.029,
152220464176671,Gyro,-0.136,0.158,1.214,
152220484089171,Gyro,-0.759,0.246,1.136,
152220474132921,Lacc,-0.114,1.988,-0.521,
152220474132921,GameRo,-0.557,-0.035,-0.820,0.123
152220494045421,Lacc,-0.514,1.875,-0.585,
152220494045421,GameRo,-0.557,-0.035,-0.820,0.123
152220502987421,pre,1006.082,,,
152220518429421,pre,1006.069,,,
152220503971421,acc,8.523,1.014,3.277,
152220523823421,acc,9.323,0.811,3.617,
152220503971421,Gyro,-1.290,0.238,1.089,
152220523823421,Gyro,-1.525,0.451,1.090,
152220534756421,pre,1006.079,,,
152220513897421,Lacc,-0.033,2.356,-0.296,
152220513897421,GameRo,-0.556,-0.010,-0.820,0.133
152220533749421,Lacc,-0.256,1.431,-0.253,
152220533749421,GameRo,-0.556,-0.010,-0.820,0.133
152220549282421,pre,1006.085,,,
152220564724421,pre,1006.083,,,
152220543728671,acc,7.772,-0.089,3.232,
152220563687171,acc,7.323,0.035,2.806,
152220543728671,Gyro,-1.320,0.610,1.455,
152220563687171,Gyro,-0.846,0.303,1.136,
152220553707921,Lacc,-1.611,2.125,-0.839,
152220553707921,GameRo,-0.553,0.028,-0.822,0.135
152220573666421,Lacc,-1.080,1.217,-1.048,
152220573666421,GameRo,-0.553,0.028,-0.822,0.135
152220580044421,pre,1006.063,,,
152220595577421,pre,1006.068,,,
152220610989421,pre,1006.071,,,
152220583614921,acc,8.236,-0.980,2.943,
152220603511921,acc,8.406,-0.769,3.041,
152220583614921,Gyro,-0.332,0.043,1.104,
152220603511921,Gyro,0.261,0.113,0.968,
152220593563421,Lacc,-0.215,1.527,-0.762,
152220593563421,GameRo,-0.549,0.056,-0.821,0.145
152220613460421,Lacc,-0.526,1.812,-0.890,
152220613460421,GameRo,-0.549,0.056,-0.821,0.145
152220634121421,pre,1006.066,,,
152220649563421,pre,1006.072,,,
152220623416921,acc,8.050,-0.509,2.873,
152220643329921,acc,8.337,-0.034,2.828,
152220623416921,Gyro,0.668,0.109,0.784,
152220643329921,Gyro,0.815,0.054,0.758,
152220633373421,Lacc,-0.436,2.419,-1.061,
152220633373421,GameRo,-0.546,0.062,-0.820,0.164
152220653286421,Lacc,0.027,2.969,-1.142,
152220653286421,GameRo,-0.546,0.062,-0.820,0.164
152220664974421,pre,1006.081,,,
152220680416421,pre,1006.084,,,
152220663212171,acc,8.839,0.262,2.713,
152220683063671,acc,8.776,0.400,2.508,
152220663212171,Gyro,0.686,0.028,0.693,
152220683063671,Gyro,0.386,0.152,0.647,
152220696377421,pre,1006.085,,,
152220673137921,Lacc,0.419,3.236,-1.363,
152220673137921,GameRo,-0.541,0.057,-0.819,0.184
152220692989421,Lacc,-0.012,3.227,-1.666,
152220692989421,GameRo,-0.541,0.056,-0.818,0.184
152220711239421,pre,1006.085,,,
152220726681421,pre,1006.093,,,
152220702945921,acc,8.129,0.509,2.120,
152220722858921,acc,7.460,0.937,1.570,
152220702945921,Gyro,-0.002,0.345,0.670,
152220722858921,Gyro,-0.529,0.453,0.659,
152220712902421,Lacc,-0.608,3.773,-2.237,
152220712902421,GameRo,-0.537,0.058,-0.818,0.198
152220732815421,Lacc,-1.179,3.954,-2.771,
152220732815421,GameRo,-0.537,0.057,-0.818,0.198
152220742092421,pre,1006.085,,,
152220757534421,pre,1006.085,,,
152220742794671,acc,7.146,0.950,1.173,
152220762753171,acc,7.663,1.065,1.012,
152220742794671,Gyro,-1.126,0.383,0.695,
152220762753171,Gyro,-1.714,0.194,0.631,
152220774349421,pre,1006.082,,,
152220752773921,Lacc,-0.958,4.337,-3.084,
152220752773921,GameRo,-0.532,0.075,-0.819,0.202
152220772732421,Lacc,-0.062,4.383,-3.193,
152220772732421,GameRo,-0.532,0.074,-0.819,0.201
152220788357421,pre,1006.083,,,
152220803799421,pre,1006.088,,,
152220782681171,acc,8.767,1.121,0.903,
152220802578671,acc,9.850,0.755,0.661,
152220782681171,Gyro,-2.263,0.049,0.390,
152220802578671,Gyro,-2.683,-0.064,-0.081,
152220792629921,Lacc,1.161,4.862,-3.168,
152220792629921,GameRo,-0.535,0.110,-0.815,0.192
152220812527421,Lacc,2.240,3.916,-3.355,
152220812527421,GameRo,-0.535,0.109,-0.815,0.192
152220819240421,pre,1006.083,,,
152220834652421,pre,1006.088,,,
152220850094421,pre,1006.089,,,
152220822483671,acc,10.963,-0.655,0.598,
152220842396171,acc,12.071,-2.127,0.660,
152220822483671,Gyro,-2.844,-0.138,-0.756,
152220842396171,Gyro,-2.623,-0.123,-1.499,
152220832439921,Lacc,3.344,2.613,-2.872,
152220832439921,GameRo,-0.547,0.151,-0.808,0.161
152220852352421,Lacc,4.375,1.470,-2.766,
152220852352421,GameRo,-0.547,0.151,-0.808,0.160
152220865475421,pre,1006.088,,,
152220880916421,pre,1006.103,,,
152220862308671,acc,12.985,-3.037,0.696,
152220882221171,acc,13.490,-3.531,0.583,
152220862308671,Gyro,-2.266,-0.075,-2.117,
152220882221171,Gyro,-1.896,-0.051,-2.559,
152220872264921,Lacc,4.816,0.696,-2.354,
152220872264921,GameRo,-0.562,0.176,-0.801,0.107
152220892177421,Lacc,5.179,0.269,-2.457,
152220892177421,GameRo,-0.562,0.175,-0.801,0.107
152220896297421,pre,1006.103,,,
152220911770421,pre,1006.100,,,
152220927212421,pre,1006.101,,,
152220902126171,acc,13.743,-3.620,0.553,
152220922023671,acc,13.361,-3.302,0.701,
152220902126171,Gyro,-1.556,-0.047,-2.681,
152220922023671,Gyro,-1.351,0.067,-2.604,
152220912074921,Lacc,4.831,-0.245,-2.121,
152220912074921,GameRo,-0.575,0.176,-0.798,0.046
152220931972421,Lacc,4.018,0.273,-1.892,
152220931972421,GameRo,-0.575,0.176,-0.798,0.046
152220942623421,pre,1006.109,,,
152220958065421,pre,1006.112,,,
152220941928921,acc,12.272,-2.673,0.898,
152220961841921,acc,11.103,-2.421,0.959,
152220941928921,Gyro,-1.343,0.120,-2.237,
152220961841921,Gyro,-1.500,0.004,-1.872,
152220951885421,Lacc,2.525,0.073,-1.630,
152220951885421,GameRo,0.584,-0.168,0.794,0.011
152220973354421,pre,1006.103,,,
152220971798421,Lacc,1.534,-0.170,-1.605,
152220971798421,GameRo,0.584,-0.168,0.794,0.011
152220988888421,pre,1006.114,,,
152221004330421,pre,1006.106,,,
152220981747171,acc,10.418,-3.066,0.969,
152221001644671,acc,10.170,-4.014,1.061,
152220981747171,Gyro,-1.593,-0.262,-1.517,
152221001644671,Gyro,-1.502,-0.482,-1.378,
152220991695921,Lacc,0.995,-1.589,-1.439,
152220991695921,GameRo,0.589,-0.170,0.788,0.057
152221011593421,Lacc,0.791,-2.464,-1.305,
152221011593421,GameRo,0.589,-0.170,0.788,0.057
152221019741421,pre,1006.100,,,
152221035152421,pre,1006.099,,,
152221050594421,pre,1006.100,,,
152221021526921,acc,10.065,-4.749,1.197,
152221041393921,acc,10.057,-4.938,1.398,
152221021526921,Gyro,-1.142,-0.641,-1.403,
152221041393921,Gyro,-0.629,-0.683,-1.466,
152221031460421,Lacc,0.615,-3.300,-0.841,
152221031460421,GameRo,0.600,-0.178,0.775,0.094
152221051327421,Lacc,0.589,-3.283,-0.612,
152221051327421,GameRo,0.600,-0.178,0.775,0.094
152221058315421,pre,1006.104,,,
152221073727421,pre,1006.103,,,
152221089168421,pre,1006.092,,,
152221061298921,acc,9.971,-4.798,1.677,
152221081241921,acc,9.803,-4.595,2.047,
152221061298921,Gyro,-0.173,-0.656,-1.500,
152221081241921,Gyro,0.126,-0.632,-1.494,
152221104458421,pre,1006.088,,,
152221071270421,Lacc,0.313,-3.603,0.022,
152221071270421,GameRo,0.614,-0.172,0.761,0.121
152221091213421,Lacc,0.160,-3.317,0.368,
152221091213421,GameRo,0.614,-0.172,0.761,0.121
152221119991421,pre,1006.104,,,
152221101169921,acc,9.667,-4.232,2.300,
152221121082921,acc,9.600,-3.788,2.358,
152221101169921,Gyro,0.165,-0.597,-1.441,
152221121082921,Gyro,-0.027,-0.535,-1.331,
152221111126421,Lacc,-0.039,-3.486,0.739,
152221111126421,GameRo,0.628,-0.154,0.750,0.139
152221131039421,Lacc,-0.095,-3.044,0.778,
152221131039421,GameRo,0.628,-0.154,0.750,0.139
152221135342421,pre,1006.091,,,
152221150875421,pre,1006.099,,,
152221166286421,pre,1006.094,,,
152221140995671,acc,9.560,-3.376,2.502,
152221160908171,acc,9.541,-3.079,2.494,
152221140995671,Gyro,-0.349,-0.440,-1.175,
152221160908171,Gyro,-0.747,-0.286,-1.001,
152221150951921,Lacc,-0.130,-3.101,1.129,
152221150951921,GameRo,0.639,-0.140,0.739,0.157
152221170864421,Lacc,-0.271,-3.034,0.983,
152221170864421,GameRo,0.639,-0.140,0.740,0.157
152221181728421,pre,1006.091,,,
152221197170421,pre,1006.084,,,
152221180813171,acc,9.298,-3.060,2.270,
152221200710671,acc,9.074,-3.148,2.132,
152221180813171,Gyro,-1.125,-0.098,-0.858,
152221200710671,Gyro,-1.445,0.040,-0.771,
152221190761921,Lacc,-0.557,-3.343,0.868,
152221190761921,GameRo,0.643,-0.140,0.731,0.181
152221210659421,Lacc,-0.684,-3.451,0.858,
152221210659421,GameRo,0.643,-0.140,0.731,0.180
152221220302421,pre,1006.079,,,
152221235744421,pre,1006.070,,,
152221220615671,acc,9.036,-3.124,2.154,
152221240528171,acc,9.007,-3.002,2.065,
152221251614421,pre,1006.067,,,
152221220615671,Gyro,-1.618,0.188,-0.640,
152221240528171,Gyro,-1.659,0.290,-0.519,
152221230571921,Lacc,-0.697,-3.587,0.727,
152221230571921,GameRo,0.639,-0.151,0.725,0.210
152221250484421,Lacc,-0.622,-3.189,0.773,
152221250484421,GameRo,0.639,-0.152,0.725,0.209
152221266598421,pre,1006.065,,,
152221282040421,pre,1006.060,,,
152221260433171,acc,9.250,-2.407,2.203,
152221280330671,acc,9.784,-2.023,1.906,
152221260433171,Gyro,-1.637,0.335,-0.444,
152221280330671,Gyro,-1.573,0.363,-0.440,
152221270381921,Lacc,-0.175,-2.755,0.640,
152221270381921,GameRo,0.628,-0.168,0.721,0.239
152221290279421,Lacc,0.469,-2.512,0.084,
152221290279421,GameRo,0.628,-0.168,0.721,0.238
152221297359421,pre,1006.069,,,
152221312862421,pre,1006.069,,,
152221328304421,pre,1006.067,,,
152221300235921,acc,10.661,-2.055,1.371,
152221320148921,acc,11.641,-2.504,1.382,
152221300235921,Gyro,-1.476,0.282,-0.516,
152221320148921,Gyro,-1.384,0.238,-0.539,
152221310192421,Lacc,1.603,-2.890,-0.360,
152221310192421,GameRo,0.617,-0.183,0.718,0.265
152221330105421,Lacc,1.886,-3.300,-0.261,
152221330105421,GameRo,0.617,-0.184,0.718,0.265
152221343716421,pre,1006.063,,,
152221359829421,pre,1006.066,,,
152221340061671,acc,10.898,-2.618,1.476,
152221359974171,acc,9.290,-1.822,1.855,
152221340061671,Gyro,-1.190,0.410,-0.465,
152221359974171,Gyro,-0.972,0.317,-0.346,
152221374477421,pre,1006.064,,,
152221350017921,Lacc,0.435,-2.994,-0.247,
152221350017921,GameRo,0.608,-0.195,0.713,0.290
152221369930421,Lacc,-0.735,-2.129,0.582,
152221369930421,GameRo,0.608,-0.196,0.713,0.290
152221390041421,pre,1006.074,,,
152221405453421,pre,1006.076,,,
152221379879171,acc,8.806,-0.911,3.103,
152221399776671,acc,9.068,-0.467,4.118,
152221379879171,Gyro,-0.716,-0.063,-0.207,
152221399776671,Gyro,-0.331,-0.388,0.144,
152221389827921,Lacc,-0.675,-1.332,1.752,
152221389827921,GameRo,0.599,-0.203,0.711,0.307
152221409725421,Lacc,-0.396,-1.126,2.351,
152221409725421,GameRo,0.599,-0.203,0.711,0.307
152221421810421,pre,1006.078,,,
152221436306421,pre,1006.088,,,
152221419681921,acc,9.251,-0.258,4.268,
152221439594921,acc,9.170,-0.049,3.600,
152221419681921,Gyro,0.041,-0.464,0.523,
152221439594921,Gyro,0.304,-0.303,0.749,
152221429638421,Lacc,-0.348,-0.849,2.186,
152221429638421,GameRo,0.601,-0.212,0.707,0.307
152221449551421,Lacc,-0.628,-0.509,1.305,
152221449551421,GameRo,0.601,-0.212,0.707,0.307
152221451626421,pre,1006.101,,,
152221467159421,pre,1006.093,,,
152221482601421,pre,1006.104,,,
152221459507671,acc,8.787,0.643,2.730,
152221479420171,acc,8.545,1.979,2.374,
152221459507671,Gyro,0.296,-0.118,0.922,
152221479420171,Gyro,-0.010,-0.024,1.024,
152221469463921,Lacc,-0.989,0.909,0.755,
152221469463921,GameRo,0.604,-0.219,0.709,0.292
152221489376421,Lacc,-1.150,1.960,0.645,
152221489376421,GameRo,0.604,-0.219,0.709,0.292
152221498012421,pre,1006.103,,,
152221513424421,pre,1006.104,,,
152221528866421,pre,1006.106,,,
152221499302171,acc,8.522,2.423,2.413,
152221519153671,acc,8.755,2.017,2.568,
152221499302171,Gyro,-0.436,-0.053,1.041,
152221519153671,Gyro,-0.830,-0.062,0.989,
152221509227921,Lacc,-1.033,2.194,0.790,
152221509227921,GameRo,0.599,-0.231,0.714,0.278
152221529079421,Lacc,-0.858,1.743,0.939,
152221529079421,GameRo,0.599,-0.231,0.714,0.278
152221544277421,pre,1006.103,,,
152221559933421,pre,1006.094,,,
152221539058671,acc,8.767,1.442,2.719,
152221559017171,acc,8.770,0.497,2.827,
152221539058671,Gyro,-1.029,-0.025,0.858,
152221559017171,Gyro,-0.986,-0.076,0.722,
152221549037921,Lacc,-0.916,1.398,1.070,
152221549037921,GameRo,0.591,-0.255,0.715,0.274
152221568996421,Lacc,-0.801,0.524,1.197,
152221568996421,GameRo,0.591,-0.255,0.715,0.274
152221575130421,pre,1006.096,,,
152221590572421,pre,1006.088,,,
152221606014421,pre,1006.085,,,
152221578922421,acc,8.946,-0.095,2.970,
152221598774421,acc,9.043,-0.078,3.099,
152221578922421,Gyro,-0.776,-0.098,0.554,
152221598774421,Gyro,-0.564,-0.096,0.425,
152221588848421,Lacc,-0.644,0.576,1.401,
152221588848421,GameRo,0.582,-0.277,0.713,0.275
152221608700421,Lacc,-0.566,0.789,1.493,
152221608700421,GameRo,0.582,-0.277,0.713,0.275
152221622066421,pre,1006.078,,,
152221636867421,pre,1006.073,,,
152221618679671,acc,9.130,0.075,3.166,
152221638638171,acc,9.271,0.006,3.162,
152221618679671,Gyro,-0.442,-0.149,0.328,
152221638638171,Gyro,-0.441,-0.185,0.289,
152221628658921,Lacc,-0.425,0.966,1.588,
152221628658921,GameRo,0.578,-0.290,0.711,0.275
152221648617421,Lacc,-0.346,0.939,1.506,
152221648617421,GameRo,0.578,-0.290,0.711,0.275
152221652187421,pre,1006.077,,,
152221667721421,pre,1006.080,,,
152221683132421,pre,1006.076,,,
152221658573671,acc,9.272,0.016,3.016,
152221678486171,acc,9.156,-0.105,2.775,
152221658573671,Gyro,-0.536,-0.170,0.284,
152221678486171,Gyro,-0.633,-0.150,0.290,
152221668529921,Lacc,-0.404,1.040,1.382,
152221668529921,GameRo,0.577,-0.300,0.708,0.275
152221688442421,Lacc,-0.520,0.929,1.144,
152221688442421,GameRo,0.577,-0.300,0.708,0.275
152221698543421,pre,1006.076,,,
152221713985421,pre,1006.085,,,
152221698391171,acc,9.098,-0.127,2.550,
152221718288671,acc,9.082,-0.134,2.478,
152221698391171,Gyro,-0.705,-0.130,0.277,
152221718288671,Gyro,-0.740,-0.126,0.258,
152221729916421,pre,1006.085,,,
152221708339921,Lacc,-0.538,1.085,1.058,
152221708339921,GameRo,0.573,-0.313,0.704,0.278
152221728237421,Lacc,-0.532,0.980,1.036,
152221728237421,GameRo,0.573,-0.313,0.704,0.278
152221744839421,pre,1006.084,,,
152221767971421,pre,1006.078,,,
152221738163171,acc,9.181,-0.372,2.489,
152221758014671,acc,9.421,-0.504,2.425,
152221738163171,Gyro,-0.731,-0.170,0.201,
152221758014671,Gyro,-0.698,-0.171,0.106,
152221748088921,Lacc,-0.312,0.877,1.144,
152221748088921,GameRo,0.569,-0.327,0.700,0.282
152221767940421,Lacc,-0.154,0.793,0.952,
152221767940421,GameRo,0.569,-0.327,0.700,0.282
152221783352421,pre,1006.080,,,
152221799343421,pre,1006.070,,,
152221777919671,acc,9.441,-0.510,2.183,
152221797878171,acc,9.320,-0.510,1.997,
152221777919671,Gyro,-0.646,-0.116,0.003,
152221797878171,Gyro,-0.599,-0.117,-0.105,
152221787898921,Lacc,-0.262,0.936,0.814,
152221787898921,GameRo,0.567,-0.338,0.694,0.288
152221807857421,Lacc,-0.268,0.796,0.672,
152221807857421,GameRo,0.567,-0.338,0.694,0.288
152221814083421,pre,1006.093,,,
152221829616421,pre,1006.088,,,
152221845028421,pre,1006.086,,,
152221817813921,acc,9.486,-0.696,1.862,
152221837726921,acc,9.863,-0.849,1.714,
152221817813921,Gyro,-0.560,-0.168,-0.180,
152221837726921,Gyro,-0.509,-0.185,-0.246,
152221827770421,Lacc,0.043,0.619,0.605,
152221827770421,GameRo,0.566,-0.346,0.688,0.295
152221847683421,Lacc,0.330,0.450,0.455,
152221847683421,GameRo,0.566,-0.346,0.688,0.295
152221860439421,pre,1006.094,,,
152221875851421,pre,1006.085,,,
152221857639671,acc,10.015,-0.994,1.549,
152221877552171,acc,9.962,-1.126,1.379,
152221857639671,Gyro,-0.474,-0.137,-0.284,
152221877552171,Gyro,-0.480,-0.105,-0.296,
152221891170421,pre,1006.085,,,
152221867595921,Lacc,0.333,0.258,0.374,
152221867595921,GameRo,0.567,-0.351,0.681,0.303
152221887508421,Lacc,0.289,0.115,0.219,
152221887508421,GameRo,0.567,-0.351,0.681,0.303
152221906704421,pre,1006.100,,,
152221922115421,pre,1006.102,,,
152221897457171,acc,9.945,-1.285,1.264,
152221917354671,acc,9.877,-1.582,1.268,
152221897457171,Gyro,-0.514,-0.109,-0.283,
152221917354671,Gyro,-0.538,-0.134,-0.254,
152221907405921,Lacc,0.228,-0.198,0.230,
152221907405921,GameRo,0.568,-0.355,0.674,0.312
152221927303421,Lacc,0.157,-0.512,0.267,
152221927303421,GameRo,0.567,-0.355,0.674,0.312
152221937557421,pre,1006.101,,,
152221952968421,pre,1006.099,,,
152221937259921,acc,9.793,-1.871,1.344,
152221957172921,acc,9.726,-2.144,1.388,
152221937259921,Gyro,-0.498,-0.172,-0.214,
152221957172921,Gyro,-0.366,-0.215,-0.173,
152221968532421,pre,1006.097,,,
152221947216421,Lacc,0.056,-0.869,0.435,
152221947216421,GameRo,0.568,-0.360,0.668,0.320
152221967129421,Lacc,-0.010,-1.112,0.407,
152221967129421,GameRo,0.568,-0.360,0.668,0.320
152221983791421,pre,1006.094,,,
152221999203421,pre,1006.104,,,
152221977055171,acc,9.618,-2.368,1.306,
152221996906671,acc,9.480,-2.730,1.276,
152221977055171,Gyro,-0.169,-0.254,-0.143,
152221996906671,Gyro,0.069,-0.299,-0.140,
152221986980921,Lacc,-0.160,-1.417,0.413,
152221986980921,GameRo,0.569,-0.364,0.662,0.325
152222006832421,Lacc,-0.333,-1.871,0.458,
152222006832421,GameRo,0.569,-0.364,0.662,0.325
152222014522421,pre,1006.102,,,
152222030025421,pre,1006.103,,,
152222045467421,pre,1006.104,,,
152222016788671,acc,9.262,-3.174,1.371,
152222036701171,acc,9.011,-3.469,1.432,
152222016788671,Gyro,0.324,-0.339,-0.144,
152222036701171,Gyro,0.535,-0.347,-0.145,
152222026744921,Lacc,-0.589,-2.284,0.686,
152222026744921,GameRo,0.575,-0.364,0.658,0.323
152222046657421,Lacc,-0.837,-2.485,0.655,
152222046657421,GameRo,0.574,-0.364,0.658,0.323
152222060848421,pre,1006.099,,,
152222076290421,pre,1006.100,,,
152222056629171,acc,8.740,-3.616,1.256,
152222076572671,acc,8.347,-4.038,0.702,
152222056629171,Gyro,0.639,-0.334,-0.115,
152222076572671,Gyro,0.744,-0.351,-0.057,
152222066600921,Lacc,-1.186,-2.780,0.403,
152222066600921,GameRo,0.583,-0.358,0.658,0.316
152222086544421,Lacc,-1.639,-3.437,-0.149,
152222086544421,GameRo,0.583,-0.358,0.658,0.315
152222091579421,pre,1006.104,,,
152222107113421,pre,1006.096,,,
152222122555421,pre,1006.110,,,
152222096500671,acc,7.882,-4.949,0.557,
152222116413171,acc,8.367,-5.395,1.359,
152222096500671,Gyro,1.067,-0.526,-0.002,
152222116413171,Gyro,1.762,-0.845,0.036,
152222106456921,Lacc,-1.848,-4.356,0.375,
152222106456921,GameRo,0.593,-0.350,0.659,0.304
152222126369421,Lacc,-0.600,-4.218,1.248,
152222126369421,GameRo,0.592,-0.350,0.659,0.304
152222137966421,pre,1006.110,,,
152222153377421,pre,1006.103,,,
152222136325921,acc,9.915,-4.996,1.962,
152222156238921,acc,10.584,-4.869,1.751,
152222136325921,Gyro,2.331,-0.847,0.109,
152222156238921,Gyro,2.494,-0.588,0.250,
152222146282421,Lacc,0.661,-3.897,1.632,
152222146282421,GameRo,0.613,-0.332,0.662,0.276
152222166195421,Lacc,0.688,-3.837,1.351,
152222166195421,GameRo,0.613,-0.332,0.662,0.276
152222168697421,pre,1006.104,,,
152222184200421,pre,1006.114,,,
152222199642421,pre,1006.114,,,
152222176144171,acc,10.093,-4.845,1.951,
152222196041671,acc,9.813,-4.194,2.972,
152222176144171,Gyro,2.401,-0.370,0.407,
152222196041671,Gyro,2.013,-0.231,0.593,
152222186092921,Lacc,0.114,-3.478,2.365,
152222186092921,GameRo,0.631,-0.306,0.672,0.238
152222205990421,Lacc,0.092,-2.869,3.101,
152222205990421,GameRo,0.631,-0.306,0.672,0.238
152222215053421,pre,1006.120,,,
152222230465421,pre,1006.118,,,
152222246700421,pre,1006.113,,,
152222215923921,acc,9.856,-3.745,3.376,
152222235790921,acc,9.887,-3.711,3.254,
152222215923921,Gyro,1.437,-0.073,0.817,
152222235790921,Gyro,0.916,0.077,1.037,
152222225857421,Lacc,0.143,-2.319,3.152,
152222225857421,GameRo,0.639,-0.288,0.684,0.203
152222245724421,Lacc,0.251,-2.610,3.137,
152222245724421,GameRo,0.638,-0.288,0.684,0.203
152222261288421,pre,1006.115,,,
152222276729421,pre,1006.112,,,
152222255695921,acc,10.195,-4.221,3.457,
152222275638921,acc,10.884,-4.848,3.982,
152222255695921,Gyro,0.564,0.160,1.190,
152222275638921,Gyro,0.431,0.308,1.264,
152222265667421,Lacc,0.889,-2.815,3.364,
152222265667421,GameRo,0.634,-0.289,0.695,0.177
152222285610421,Lacc,1.453,-3.270,4.132,
152222285610421,GameRo,0.634,-0.289,0.695,0.177
152222292019421,pre,1006.117,,,
152222299831421,pre,1006.110,,,
152222322964421,pre,1006.112,,,
152222295543921,acc,11.168,-4.949,4.665,
152222315410921,acc,10.806,-4.735,4.429,
152222295543921,Gyro,0.374,0.642,1.323,
152222315410921,Gyro,0.276,0.950,1.381,
152222305477421,Lacc,1.493,-2.595,4.182,
152222305477421,GameRo,0.623,-0.298,0.706,0.156
152222325344421,Lacc,1.008,-2.506,3.659,
152222325344421,GameRo,0.623,-0.298,0.707,0.156
152222338375421,pre,1006.099,,,
152222353786421,pre,1006.099,,,
152222335323671,acc,10.371,-4.801,3.872,
152222355282171,acc,10.223,-4.851,3.741,
152222335323671,Gyro,0.118,1.089,1.498,
152222355282171,Gyro,-0.026,1.154,1.682,
152222369106421,pre,1006.109,,,
152222384487421,pre,1006.098,,,
152222345302921,Lacc,0.879,-2.100,2.888,
152222345302921,GameRo,0.601,-0.308,0.724,0.139
152222365261421,Lacc,0.834,-1.985,2.981,
152222365261421,GameRo,0.601,-0.308,0.724,0.139
152222400020421,pre,1006.107,,,
152222375210171,acc,10.175,-4.595,3.907,
152222395107671,acc,9.904,-4.562,3.701,
152222375210171,Gyro,-0.103,1.292,1.884,
152222395107671,Gyro,-0.185,1.413,2.051,
152222385158921,Lacc,0.939,-1.117,2.586,
152222385158921,GameRo,0.573,-0.325,0.742,0.122
152222405056421,Lacc,0.642,-1.329,2.142,
152222405056421,GameRo,0.573,-0.325,0.742,0.121
152222415432421,pre,1006.102,,,
152222430843421,pre,1006.086,,,
152222415012671,acc,9.643,-4.835,3.152,
152222434925171,acc,9.435,-5.105,2.823,
152222415012671,Gyro,-0.284,1.443,2.174,
152222434925171,Gyro,-0.356,1.454,2.187,
152222424968921,Lacc,0.800,-0.860,1.170,
152222446438421,pre,1006.089,,,
152222424968921,GameRo,0.537,-0.348,0.761,0.102
152222444881421,Lacc,0.639,-1.057,1.015,
152222444881421,GameRo,0.537,-0.348,0.762,0.102
152222461666421,pre,1006.080,,,
152222477077421,pre,1006.078,,,
152222454814921,acc,9.254,-5.101,2.800,
152222474681921,acc,8.823,-4.815,2.854,
152222454814921,Gyro,-0.420,1.515,2.207,
152222474681921,Gyro,-0.571,1.582,2.222,
152222464748421,Lacc,0.839,-0.013,0.661,
152222464748421,GameRo,0.498,-0.373,0.778,0.083
152222484615421,Lacc,0.372,0.106,0.461,
152222484615421,GameRo,0.498,-0.373,0.778,0.083
152222492519421,pre,1006.084,,,
152222507931421,pre,1006.077,,,
152222523342421,pre,1006.084,,,
152222494564171,acc,8.254,-4.760,2.307,
152222514461671,acc,7.477,-4.629,1.579,
152222494564171,Gyro,-0.782,1.650,2.254,
152222514461671,Gyro,-0.923,1.636,2.212,
152222504512921,Lacc,0.274,0.952,-0.676,
152222504512921,GameRo,0.456,-0.401,0.792,0.066
152222524410421,Lacc,-0.498,1.070,-1.238,
152222524410421,GameRo,0.456,-0.401,0.792,0.066
152222538784421,pre,1006.083,,,
152222554195421,pre,1006.088,,,
152222534366921,acc,6.791,-4.469,1.171,
152222554279921,acc,6.325,-4.075,1.050,
152222534366921,Gyro,-0.917,1.552,2.124,
152222554279921,Gyro,-0.782,1.451,1.970,
152222544323421,Lacc,-0.357,2.084,-1.728,
152222544323421,GameRo,0.411,-0.433,0.801,0.052
152222564236421,Lacc,-0.795,2.526,-1.782,
152222564236421,GameRo,0.411,-0.433,0.801,0.053
152222569515421,pre,1006.090,,,
152222585018421,pre,1006.083,,,
152222600460421,pre,1006.091,,,
152222574207921,acc,5.916,-3.610,1.007,
152222594150921,acc,5.663,-3.393,0.880,
152222574207921,Gyro,-0.623,1.369,1.753,
152222594150921,Gyro,-0.515,1.180,1.389,
152222584179421,Lacc,-0.461,3.497,-2.043,
152222584179421,GameRo,0.370,-0.459,0.807,0.040
152222604122421,Lacc,-0.573,3.680,-2.233,
152222604122421,GameRo,0.370,-0.459,0.807,0.041
152222615871421,pre,1006.086,,,
152222631283421,pre,1006.090,,,
152222614078671,acc,5.696,-3.180,0.574,
152222633991171,acc,6.003,-2.899,0.164,
152222614078671,Gyro,-0.480,0.931,0.923,
152222633991171,Gyro,-0.517,0.635,0.390,
152222624034921,Lacc,0.112,4.256,-2.739,
152222624034921,GameRo,0.339,-0.476,0.811,0.033
152222643947421,Lacc,0.552,4.642,-3.163,
152222646572421,pre,1006.091,,,
152222643947421,GameRo,0.340,-0.476,0.811,0.034
152222662105421,pre,1006.095,,,
152222677517421,pre,1006.092,,,
152222653903921,acc,6.597,-2.551,-0.295,
152222673816921,acc,7.359,-2.367,-0.541,
152222653903921,Gyro,-0.554,0.309,-0.179,
152222673816921,Gyro,-0.547,-0.026,-0.763,
152222663860421,Lacc,1.403,5.049,-3.541,
152222663860421,GameRo,0.327,-0.486,0.810,0.038
152222683773421,Lacc,2.293,5.263,-3.661,
152222683773421,GameRo,0.327,-0.486,0.809,0.038
152222692928421,pre,1006.101,,,
152222708340421,pre,1006.097,,,
152222693722171,acc,8.492,-2.030,-0.650,
152222713619671,acc,10.181,-1.830,-0.672,
152222693722171,Gyro,-0.533,-0.413,-1.436,
152222713619671,Gyro,-0.530,-0.866,-2.207,
152222725551421,pre,1006.091,,,
152222703670921,Lacc,3.448,5.460,-3.573,
152222703670921,GameRo,0.336,-0.489,0.803,0.055
152222723568421,Lacc,5.236,5.516,-3.556,
152222723568421,GameRo,0.337,-0.489,0.802,0.055
152222739071421,pre,1006.090,,,
152222754574421,pre,1006.092,,,
152222733524671,acc,11.782,-1.829,-0.711,
152222753437171,acc,12.645,-1.906,-0.937,
152222733524671,Gyro,-0.529,-1.116,-2.950,
152222753437171,Gyro,-0.548,-1.292,-3.583,
152222743480921,Lacc,5.708,4.978,-3.330,
152222743480921,GameRo,0.372,-0.483,0.788,0.087
152222763393421,Lacc,6.324,4.820,-3.503,
152222763393421,GameRo,0.373,-0.483,0.787,0.087
152222769924421,pre,1006.089,,,
152222785427421,pre,1006.093,,,
152222800838421,pre,1006.088,,,
152222773342171,acc,13.113,-2.133,-0.965,
152222793239671,acc,13.519,-2.326,-0.676,
152222773342171,Gyro,-0.497,-1.496,-4.056,
152222793239671,Gyro,-0.298,-1.743,-4.354,
152222783290921,Lacc,5.667,3.563,-2.866,
152222783290921,GameRo,0.427,-0.465,0.764,0.135
152222803188421,Lacc,6.157,3.419,-2.349,
152222803188421,GameRo,0.427,-0.465,0.763,0.136
152222816250421,pre,1006.099,,,
152222831661421,pre,1006.093,,,
152222813144921,acc,14.077,-2.494,0.091,
152222833057921,acc,14.478,-2.378,0.867,
152222813144921,Gyro,0.005,-1.969,-4.443,
152222833057921,Gyro,0.398,-2.014,-4.345,
152222823101421,Lacc,5.679,1.917,-0.807,
152222823101421,GameRo,0.492,-0.435,0.731,0.187
152222843014421,Lacc,5.853,2.216,-0.422,
152222843014421,GameRo,0.492,-0.435,0.731,0.188
152222847011421,pre,1006.096,,,
152222862484421,pre,1006.078,,,
152222877926421,pre,1006.076,,,
152222852970671,acc,14.382,-2.011,0.883,
152222872883171,acc,13.871,-1.540,0.646,
152222852970671,Gyro,0.739,-1.866,-4.110,
152222872883171,Gyro,0.823,-1.659,-3.724,
152222862926921,Lacc,4.794,1.028,0.089,
152222862926921,GameRo,0.558,-0.392,0.695,0.228
152222882839421,Lacc,4.212,1.384,-0.159,
152222882839421,GameRo,0.558,-0.392,0.695,0.228
152222901058421,pre,1006.060,,,
152222916469421,pre,1006.078,,,
152222892788171,acc,13.230,-1.419,0.516,
152222912685671,acc,12.393,-1.231,1.020,
152222892788171,Gyro,0.738,-1.425,-3.283,
152222912685671,Gyro,0.306,-1.292,-3.010,
152222902736921,Lacc,3.068,0.086,0.573,
152222902736921,GameRo,0.612,-0.345,0.664,0.257
152222922634421,Lacc,2.405,0.094,1.207,
152222922634421,GameRo,0.612,-0.345,0.664,0.257
152222931789421,pre,1006.077,,,
152222947658421,pre,1006.067,,,
152222932590671,acc,11.922,-1.610,1.583,
152222952503171,acc,11.231,-1.823,1.819,
152222932590671,Gyro,-0.238,-1.160,-2.745,
152222952503171,Gyro,-0.690,-0.882,-2.462,
152222963863421,pre,1006.068,,,
152222942546921,Lacc,1.826,-1.466,2.089,
152222942546921,GameRo,0.649,-0.311,0.634,0.283
152222962459421,Lacc,0.909,-1.584,2.215,
152222962459421,GameRo,0.649,-0.311,0.634,0.283
152222978145421,pre,1006.055,,,
152222993557421,pre,1006.049,,,
152222972408171,acc,10.291,-2.037,1.890,
152222992305671,acc,9.795,-2.400,1.822,
152222972408171,Gyro,-1.070,-0.733,-2.333,
152222992305671,Gyro,-1.277,-0.618,-2.248,
152222982356921,Lacc,0.286,-2.890,2.532,
152222982356921,GameRo,0.670,-0.293,0.604,0.318
152223002254421,Lacc,-0.198,-3.479,2.463,
152223002254421,GameRo,0.669,-0.293,0.604,0.318
152223008968421,pre,1006.039,,,
152223024380421,pre,1006.032,,,
152223039791421,pre,1006.030,,,
152223012210921,acc,9.441,-3.060,1.759,
152223032123921,acc,9.182,-3.264,1.728,
152223012210921,Gyro,-1.396,-0.521,-2.125,
152223032123921,Gyro,-1.362,-0.369,-2.049,
152223022167421,Lacc,-0.310,-4.741,2.566,
152223022167421,GameRo,0.680,-0.283,0.574,0.358
152223042080421,Lacc,-0.647,-4.856,2.520,
152223042080421,GameRo,0.680,-0.283,0.574,0.357
152223055202421,pre,1006.042,,,
152223070644421,pre,1006.046,,,
152223052036671,acc,8.841,-3.330,1.644,
152223071949171,acc,8.720,-3.582,1.494,
152223052036671,Gyro,-1.332,-0.274,-1.944,
152223071949171,Gyro,-1.201,-0.221,-1.810,
152223061992921,Lacc,-0.715,-5.882,2.439,
152223061992921,GameRo,0.685,-0.274,0.547,0.396
152223081905421,Lacc,-0.795,-6.009,2.252,
152223081905421,GameRo,0.684,-0.274,0.548,0.396
152223085964421,pre,1006.060,,,
152223101467421,pre,1006.066,,,
152223116909421,pre,1006.077,,,
152223091831421,acc,8.644,-3.665,1.358,
152223111683421,acc,8.512,-3.709,1.313,
152223091831421,Gyro,-1.007,-0.148,-1.678,
152223111683421,Gyro,-0.879,-0.129,-1.525,
152223101757421,Lacc,-0.697,-6.746,2.111,
152223101757421,GameRo,0.686,-0.264,0.524,0.430
152223121609421,Lacc,-0.818,-6.813,2.121,
152223121609421,GameRo,0.686,-0.265,0.525,0.430
152223132320421,pre,1006.073,,,
152223147732421,pre,1006.078,,,
152223131588671,acc,8.479,-3.824,1.353,
152223151547171,acc,8.573,-3.885,1.333,
152223131588671,Gyro,-0.761,-0.141,-1.335,
152223151547171,Gyro,-0.649,-0.139,-1.118,
152223163235421,pre,1006.075,,,
152223141567921,Lacc,-0.574,-7.488,2.091,
152223141567921,GameRo,0.687,-0.255,0.506,0.456
152223161526421,Lacc,-0.456,-7.558,1.995,
152223161526421,GameRo,0.686,-0.255,0.506,0.455
152223178554421,pre,1006.074,,,
152223193966421,pre,1006.078,,,
152223171475171,acc,8.785,-4.064,1.282,
152223191372671,acc,9.553,-4.161,1.496,
152223171475171,Gyro,-0.532,-0.197,-0.877,
152223191372671,Gyro,-0.374,-0.331,-0.629,
152223181423921,Lacc,0.148,-8.125,2.031,
152223181423921,GameRo,0.687,-0.248,0.491,0.474
152223201321421,Lacc,1.204,-8.175,2.225,
152223201321421,GameRo,0.687,-0.249,0.492,0.474
152223209377421,pre,1006.085,,,
152223224666421,pre,1006.086,,,
152223240200421,pre,1006.096,,,
152223211254671,acc,10.814,-4.293,1.494,
152223231121171,acc,12.262,-4.439,1.310,
152223211254671,Gyro,-0.166,-0.425,-0.354,
152223231121171,Gyro,0.101,-0.453,-0.018,
152223221187921,Lacc,2.695,-8.579,2.103,
152223221187921,GameRo,0.689,-0.248,0.480,0.483
152223241054421,Lacc,4.073,-8.621,1.939,
152223241054421,GameRo,0.689,-0.248,0.481,0.482
152223255611421,pre,1006.099,,,
152223271023421,pre,1006.097,,,
152223251033671,acc,13.413,-4.384,1.080,
152223270992171,acc,14.313,-3.926,0.917,
152223251033671,Gyro,0.343,-0.314,0.459,
152223270992171,Gyro,0.519,-0.329,0.956,
152223261012921,Lacc,4.937,-8.327,1.758,
152223261012921,GameRo,0.694,-0.252,0.476,0.478
152223280971421,Lacc,6.279,-7.824,2.104,
152223280971421,GameRo,0.693,-0.253,0.477,0.478
152223286343421,pre,1006.103,,,
152223301845421,pre,1006.107,,,
152223317257421,pre,1006.104,,,
152223290920171,acc,15.860,-3.580,1.598,
152223310817671,acc,15.574,-3.581,2.162,
152223290920171,Gyro,0.632,-0.337,1.454,
152223310817671,Gyro,0.815,0.137,2.009,
152223332546421,pre,1006.104,,,
152223300868921,Lacc,7.072,-7.330,3.015,
152223300868921,GameRo,0.696,-0.265,0.485,0.459
152223320766421,Lacc,5.604,-7.222,3.202,
152223320766421,GameRo,0.696,-0.265,0.485,0.459
152223348080421,pre,1006.103,,,
152223330722921,acc,13.772,-3.340,1.977,
152223350635921,acc,13.391,-2.972,1.500,
152223330722921,Gyro,1.040,0.517,2.517,
152223350635921,Gyro,1.220,0.662,2.951,
152223340679421,Lacc,4.051,-6.133,2.874,
152223340679421,GameRo,0.690,-0.284,0.510,0.428
152223360592421,Lacc,4.499,-5.652,2.305,
152223360592421,GameRo,0.690,-0.285,0.510,0.427
152223363399421,pre,1006.104,,,
152223378902421,pre,1006.099,,,
152223394314421,pre,1006.091,,,
152223370541171,acc,14.341,-2.534,0.805,
152223390438671,acc,15.436,-1.896,0.085,
152223370541171,Gyro,1.394,0.850,3.363,
152223390438671,Gyro,1.570,1.151,3.740,
152223380489921,Lacc,5.292,-4.045,1.379,
152223380489921,GameRo,0.675,-0.307,0.551,0.383
152223400387421,Lacc,6.378,-3.168,0.566,
152223400387421,GameRo,0.675,-0.307,0.552,0.383
152223409695421,pre,1006.085,,,
152223425106421,pre,1006.096,,,
152223410343671,acc,16.603,-1.108,-0.870,
152223430256171,acc,17.543,-0.756,-1.186,
152223410343671,Gyro,1.603,1.378,3.955,
152223430256171,Gyro,1.501,1.688,4.064,
152223420299921,Lacc,7.410,-1.095,-0.580,
152223420299921,GameRo,0.648,-0.331,0.603,0.326
152223440212421,Lacc,7.666,-1.057,-0.407,
152223440212421,GameRo,0.648,-0.331,0.603,0.326
152223448147421,pre,1006.090,,,
152223463680421,pre,1006.090,,,
152223479092421,pre,1006.094,,,
152223450138421,acc,16.955,-0.781,-0.774,
152223469990421,acc,15.271,-0.652,-0.716,
152223450138421,Gyro,1.300,2.092,4.193,
152223469990421,Gyro,0.932,2.315,4.295,
152223460064421,Lacc,6.449,0.689,-0.793,
152223460064421,GameRo,0.608,-0.353,0.659,0.268
152223479916421,Lacc,4.807,0.706,-0.866,
152223479916421,GameRo,0.608,-0.353,0.659,0.268
152223494503421,pre,1006.089,,,
152223509914421,pre,1006.096,,,
152223489895421,acc,14.065,-0.570,-0.727,
152223509853421,acc,13.491,-0.569,-0.662,
152223489895421,Gyro,0.439,2.226,4.294,
152223509853421,Gyro,0.004,2.108,4.337,
152223499874421,Lacc,4.520,2.358,-1.750,
152223499874421,GameRo,0.550,-0.379,0.712,0.216
152223519832421,Lacc,3.604,2.431,-1.725,
152223519832421,GameRo,0.550,-0.379,0.712,0.216
152223525265421,pre,1006.088,,,
152223540737421,pre,1006.085,,,
152223548458421,pre,1006.089,,,
152223529788921,acc,12.137,-0.505,-0.761,
152223549701921,acc,10.547,-0.388,-1.107,
152223529788921,Gyro,-0.253,2.072,4.388,
152223549701921,Gyro,-0.355,1.956,4.310,
152223539745421,Lacc,2.775,4.061,-2.676,
152223539745421,GameRo,0.486,-0.416,0.750,0.170
152223559658421,Lacc,1.402,4.060,-3.101,
152223559658421,GameRo,0.486,-0.415,0.750,0.170
152223563747421,pre,1006.078,,,
152223579159421,pre,1006.078,,,
152223594540421,pre,1006.076,,,
152223569607171,acc,9.514,-0.516,-1.502,
152223589504671,acc,9.215,-0.696,-1.539,
152223569607171,Gyro,-0.401,1.703,4.125,
152223589504671,Gyro,-0.199,1.387,3.975,
152223579555921,Lacc,1.793,5.208,-3.938,
152223579555921,GameRo,0.419,-0.454,0.776,0.125
152223599453421,Lacc,1.701,5.252,-3.755,
152223599453421,GameRo,0.420,-0.454,0.776,0.126
152223610042421,pre,1006.072,,,
152223625332421,pre,1006.060,,,
152223609409671,acc,9.126,-0.635,-1.188,
152223629322171,acc,8.748,-0.205,-0.871,
152223609409671,Gyro,0.200,1.183,3.547,
152223629322171,Gyro,0.469,1.126,3.123,
152223640987421,pre,1006.072,,,
152223656155421,pre,1006.073,,,
152223619365921,Lacc,2.554,6.406,-3.662,
152223619365921,GameRo,0.362,-0.484,0.793,0.079
152223639278421,Lacc,2.208,7.162,-3.471,
152223639278421,GameRo,0.363,-0.483,0.793,0.080
152223671657421,pre,1006.067,,,
152223649234921,acc,8.454,0.581,-0.927,
152223669147921,acc,7.928,0.677,-1.279,
152223649234921,Gyro,0.500,1.131,2.574,
152223669147921,Gyro,0.297,1.082,2.000,
152223659191421,Lacc,2.834,8.340,-4.155,
152223659191421,GameRo,0.316,-0.495,0.808,0.039
152223679104421,Lacc,2.186,8.074,-4.340,
152223679104421,GameRo,0.317,-0.495,0.808,0.040
152223687069421,pre,1006.078,,,
152223702480421,pre,1006.076,,,
152223717922421,pre,1006.077,,,
152223689030171,acc,7.364,0.380,-1.210,
152223708881671,acc,7.339,0.277,-0.879,
152223689030171,Gyro,0.127,0.878,1.385,
152223708881671,Gyro,-0.013,0.602,0.741,
152223698955921,Lacc,2.571,8.288,-4.371,
152223698955921,GameRo,0.282,-0.501,0.818,0.018
152223718807421,Lacc,2.811,8.079,-4.113,
152223718807421,GameRo,0.283,-0.501,0.818,0.018
152223733303421,pre,1006.073,,,
152223748745421,pre,1006.073,,,
152223728786671,acc,7.752,-0.005,-0.753,
152223748745171,acc,7.918,-0.101,-0.871,
152223728786671,Gyro,-0.151,0.354,0.082,
152223748745171,Gyro,-0.241,0.180,-0.592,
152223738765921,Lacc,3.462,7.976,-4.207,
152223738765921,GameRo,0.267,-0.505,0.821,0.014
152223758724421,Lacc,3.355,7.803,-4.312,
152223758724421,GameRo,0.268,-0.505,0.821,0.014
152223764065421,pre,1006.070,,,
152223779568421,pre,1006.077,,,
152223794979421,pre,1006.074,,,
152223768673171,acc,7.711,-0.394,-0.913,
152223788570671,acc,8.318,-0.504,-0.959,
152223768673171,Gyro,-0.308,-0.063,-1.212,
152223788570671,Gyro,-0.412,-0.451,-1.817,
152223778621921,Lacc,3.168,7.512,-4.285,
152223778621921,GameRo,0.273,-0.505,0.818,0.028
152223798519421,Lacc,4.456,7.271,-4.239,
152223798519421,GameRo,0.274,-0.505,0.818,0.029
152223810390421,pre,1006.078,,,
152223825802421,pre,1006.083,,,
152223808475671,acc,10.079,-0.927,-0.770,
152223828388171,acc,11.448,-1.809,-0.679,
152223808475671,Gyro,-0.573,-0.869,-2.442,
152223828388171,Gyro,-0.584,-1.023,-3.127,
152223818431921,Lacc,5.569,6.311,-3.810,
152223818431921,GameRo,0.301,-0.501,0.809,0.057
152223841122421,pre,1006.088,,,
152223838344421,Lacc,6.411,5.341,-3.754,
152223838344421,GameRo,0.301,-0.501,0.809,0.057
152223856655421,pre,1006.088,,,
152223872066421,pre,1006.102,,,
152223848300921,acc,12.043,-2.763,-0.576,
152223868213921,acc,13.380,-3.452,-0.183,
152223848300921,Gyro,-0.512,-1.309,-3.803,
152223868213921,Gyro,-0.421,-1.807,-4.422,
152223858257421,Lacc,6.128,3.765,-3.087,
152223858257421,GameRo,0.350,-0.492,0.791,0.102
152223878170421,Lacc,8.072,3.257,-2.509,
152223878170421,GameRo,0.350,-0.492,0.791,0.102
152223887478421,pre,1006.105,,,
152223902920421,pre,1006.101,,,
152223888119171,acc,15.710,-3.920,0.587,
152223908016671,acc,17.854,-4.058,1.685,
152223888119171,Gyro,-0.230,-2.270,-4.922,
152223908016671,Gyro,0.197,-2.524,-5.162,
152223898067921,Lacc,9.151,1.631,-0.930,
152223919552421,pre,1006.107,,,
152223898067921,GameRo,0.420,-0.468,0.761,0.157
152223917965421,Lacc,10.780,1.810,0.129,
152223917965421,GameRo,0.421,-0.468,0.761,0.157
152223941463421,pre,1006.106,,,
152223956905421,pre,1006.104,,,
152223927898921,acc,18.669,-3.635,2.412,
152223947765921,acc,17.505,-3.072,2.351,
152223927898921,Gyro,0.735,-2.435,-5.130,
152223947765921,Gyro,1.111,-2.121,-4.833,
152223937832421,Lacc,9.394,0.610,1.220,
152223937832421,GameRo,0.505,-0.426,0.721,0.209
152223957699421,Lacc,7.622,1.155,0.969,
152223957699421,GameRo,0.505,-0.426,0.721,0.209
152223972286421,pre,1006.096,,,
152223987728421,pre,1006.095,,,
152223967678671,acc,15.436,-2.598,2.143,
152223987637171,acc,13.276,-2.301,2.094,
152223967678671,Gyro,1.012,-1.736,-4.368,
152223987637171,Gyro,0.613,-1.252,-3.881,
152223977657921,Lacc,4.804,-0.327,1.504,
152223977657921,GameRo,0.577,-0.369,0.685,0.248
152223997616421,Lacc,2.588,0.272,1.516,
152223997616421,GameRo,0.577,-0.369,0.685,0.248
152224003017421,pre,1006.095,,,
152224018551421,pre,1006.100,,,
152224033962421,pre,1006.094,,,
152224007565171,acc,11.026,-1.443,2.183,
152224027462671,acc,9.591,-0.938,2.145,
152224007565171,Gyro,-0.112,-0.851,-3.402,
152224027462671,Gyro,-1.184,-0.758,-2.950,
152224017513921,Lacc,0.366,-0.448,2.052,
152224017513921,GameRo,0.623,-0.321,0.654,0.284
152224037411421,Lacc,-0.478,-0.415,1.757,
152224037411421,GameRo,0.623,-0.321,0.654,0.284
152224049374421,pre,1006.093,,,
152224064815421,pre,1006.084,,,
152224047367671,acc,9.176,-1.349,1.580,
152224067280171,acc,8.944,-2.034,0.885,
152224047367671,Gyro,-1.969,-0.649,-2.513,
152224067280171,Gyro,-2.382,-0.480,-2.199,
152224057323921,Lacc,-0.731,-2.052,1.310,
152224057323921,GameRo,0.642,-0.304,0.620,0.332
152224077236421,Lacc,-0.936,-3.019,0.783,
152224077236421,GameRo,0.642,-0.304,0.620,0.332
152224080135421,pre,1006.070,,,
152224096187421,pre,1006.067,,,
152224111080421,pre,1006.069,,,
152224087185171,acc,8.833,-3.073,0.643,
152224107082671,acc,8.924,-3.786,0.805,
152224087185171,Gyro,-2.460,-0.354,-1.952,
152224107082671,Gyro,-2.245,-0.202,-1.784,
152224097133921,Lacc,-0.866,-4.837,0.922,
152224097133921,GameRo,0.644,-0.309,0.585,0.385
152224117031421,Lacc,-0.703,-5.295,1.070,
152224117031421,GameRo,0.644,-0.309,0.585,0.385
152224127376421,pre,1006.067,,,
152224141903421,pre,1006.064,,,
152224126987671,acc,9.165,-4.163,0.987,
152224146900171,acc,9.509,-4.371,1.127,
152224126987671,Gyro,-1.811,-0.083,-1.742,
152224146900171,Gyro,-1.377,0.039,-1.725,
152224157986421,pre,1006.061,,,
152224136943921,Lacc,-0.263,-6.261,1.205,
152224136943921,GameRo,0.639,-0.313,0.555,0.432
152224156856421,Lacc,0.020,-6.479,1.264,
152224156856421,GameRo,0.638,-0.314,0.555,0.431
152224172756421,pre,1006.073,,,
152224188198421,pre,1006.073,,,
152224166805171,acc,9.708,-4.502,1.126,
152224186702671,acc,9.661,-4.390,1.110,
152224166805171,Gyro,-0.995,0.145,-1.711,
152224186702671,Gyro,-0.745,0.152,-1.737,
152224176753921,Lacc,0.251,-7.070,1.077,
152224176753921,GameRo,0.636,-0.307,0.532,0.467
152224196651421,Lacc,0.258,-7.024,1.167,
152224196651421,GameRo,0.636,-0.307,0.533,0.467
152224203579421,pre,1006.064,,,
152224219021421,pre,1006.092,,,
152224234432421,pre,1006.087,,,
152224206607921,acc,9.929,-4.416,1.337,
152224226520921,acc,10.713,-4.416,1.507,
152224206607921,Gyro,-0.600,0.016,-1.712,
152224226520921,Gyro,-0.541,-0.116,-1.636,
152224216564421,Lacc,1.027,-7.620,1.282,
152224216564421,GameRo,0.637,-0.292,0.514,0.494
152224236477421,Lacc,1.858,-7.745,1.256,
152224236477421,GameRo,0.637,-0.293,0.514,0.494
152224249843421,pre,1006.085,,,
152224265285421,pre,1006.100,,,
152224246433671,acc,11.477,-4.711,1.307,
152224266346171,acc,11.986,-5.010,1.146,
152224246433671,Gyro,-0.522,-0.180,-1.450,
152224266346171,Gyro,-0.515,-0.220,-1.133,
152224280575421,pre,1006.102,,,
152224256389921,Lacc,2.737,-8.659,1.000,
152224256389921,GameRo,0.642,-0.279,0.494,0.516
152224276302421,Lacc,2.893,-8.862,0.828,
152224276302421,GameRo,0.641,-0.280,0.495,0.516
152224296108421,pre,1006.108,,,
152224311520421,pre,1006.113,,,
152224286251171,acc,11.751,-5.132,0.823,
152224306148671,acc,12.695,-5.320,1.034,
152224286251171,Gyro,-0.544,-0.160,-0.665,
152224306148671,Gyro,-0.421,-0.594,-0.149,
152224296199921,Lacc,2.942,-9.347,0.486,
152224296199921,GameRo,0.643,-0.274,0.478,0.531
152224316097421,Lacc,5.209,-9.358,1.305,
152224316097421,GameRo,0.643,-0.274,0.479,0.531
152224327450421,pre,1006.107,,,
152224342373421,pre,1006.109,,,
152224326053921,acc,15.135,-5.116,1.930,
152224345966921,acc,13.738,-5.058,1.876,
152224326053921,Gyro,-0.194,-0.677,0.391,
152224345966921,Gyro,0.061,-0.019,1.046,
152224358150421,pre,1006.088,,,
152224336010421,Lacc,6.089,-9.183,1.960,
152224336010421,GameRo,0.644,-0.283,0.469,0.534
152224355923421,Lacc,3.428,-9.223,1.462,
152224355923421,GameRo,0.644,-0.284,0.469,0.534
152224373226421,pre,1006.092,,,
152224388637421,pre,1006.083,,,
152224365872171,acc,11.361,-5.014,1.316,
152224385769671,acc,11.491,-4.657,0.986,
152224365872171,Gyro,0.385,0.178,1.738,
152224385769671,Gyro,0.806,-0.016,2.353,
152224375820921,Lacc,1.996,-8.561,1.066,
152224375820921,GameRo,0.639,-0.298,0.481,0.521
152224395718421,Lacc,3.387,-8.162,0.754,
152224395718421,GameRo,0.638,-0.299,0.481,0.521
152224404049421,pre,1006.077,,,
152224419491421,pre,1006.060,,,
152224434902421,pre,1006.067,,,
152224405651671,acc,13.714,-4.248,0.534,
152224425518171,acc,15.983,-3.717,-0.303,
152224405651671,Gyro,1.325,-0.101,2.944,
152224425518171,Gyro,1.912,0.132,3.527,
152224415584921,Lacc,5.546,-6.804,0.194,
152224415584921,GameRo,0.632,-0.321,0.511,0.486
152224435451421,Lacc,7.338,-6.231,-0.704,
152224435451421,GameRo,0.632,-0.321,0.511,0.486
152224450313421,pre,1006.078,,,
152224465755421,pre,1006.085,,,
152224445430671,acc,17.190,-3.101,-1.098,
152224465389171,acc,17.610,-2.114,-1.324,
152224445430671,Gyro,2.457,0.568,4.049,
152224465389171,Gyro,2.928,1.006,4.465,
152224455409921,Lacc,7.765,-4.083,-1.124,
152224455409921,GameRo,0.624,-0.344,0.559,0.425
152224475368421,Lacc,7.917,-2.930,-1.070,
152224475368421,GameRo,0.624,-0.344,0.559,0.425
152224489071421,pre,1006.091,,,
152224496578421,pre,1006.087,,,
152224512020421,pre,1006.090,,,
152224485317171,acc,17.579,-0.864,-0.886,
152224505214671,acc,17.316,0.069,-0.047,
152224485317171,Gyro,3.129,1.390,4.739,
152224505214671,Gyro,2.860,1.652,4.963,
152224495265921,Lacc,7.700,0.050,-0.651,
152224495265921,GameRo,0.603,-0.357,0.626,0.343
152224515163421,Lacc,7.113,0.503,-0.037,
152224515163421,GameRo,0.603,-0.357,0.626,0.343
152224527614421,pre,1006.087,,,
152224542873421,pre,1006.082,,,
152224525119921,acc,16.317,0.137,0.272,
152224545032921,acc,14.694,-0.013,0.265,
152224525119921,Gyro,2.375,1.916,5.089,
152224545032921,Gyro,1.743,2.069,5.238,
152224535076421,Lacc,6.019,2.215,-0.659,
152224535076421,GameRo,0.562,-0.367,0.695,0.257
152224554989421,Lacc,4.356,2.149,-0.756,
152224554989421,GameRo,0.562,-0.367,0.695,0.257
152224565884421,pre,1006.085,,,
152224581386421,pre,1006.101,,,
152224564938171,acc,13.113,-0.022,0.171,
152224584835671,acc,11.920,-0.350,-0.103,
152224564938171,Gyro,0.850,2.043,5.178,
152224584835671,Gyro,0.117,1.854,5.101,
152224596706421,pre,1006.091,,,
152224574886921,Lacc,3.681,3.811,-1.836,
152224574886921,GameRo,0.501,-0.389,0.752,0.180
152224594784421,Lacc,2.780,3.563,-2.280,
152224594784421,GameRo,0.501,-0.389,0.752,0.180
152224612240421,pre,1006.088,,,
152224627651421,pre,1006.100,,,
152224604740671,acc,11.155,-0.307,-0.424,
152224624653171,acc,10.183,-0.319,-0.635,
152224604740671,Gyro,-0.175,1.626,4.977,
152224624653171,Gyro,-0.041,1.519,4.603,
152224614696921,Lacc,3.048,5.330,-3.043,
152224614696921,GameRo,0.433,-0.429,0.784,0.116
152224634609421,Lacc,2.011,5.396,-3.198,
152224634609421,GameRo,0.434,-0.428,0.784,0.116
152224643062421,pre,1006.090,,,
152224658504421,pre,1006.085,,,
152224673916421,pre,1006.102,,,
152224644535171,acc,9.170,-0.202,-0.720,
152224664386671,acc,8.576,-0.355,-0.864,
152224644535171,Gyro,0.073,1.390,4.113,
152224664386671,Gyro,0.156,1.257,3.707,
152224654460921,Lacc,2.462,6.592,-3.678,
152224654460921,GameRo,0.370,-0.463,0.803,0.059
152224674312421,Lacc,1.976,6.524,-3.865,
152224674312421,GameRo,0.371,-0.463,0.803,0.059
152224689327421,pre,1006.090,,,
152224704769421,pre,1006.085,,,
152224684291671,acc,8.111,-0.223,-1.085,
152224704250171,acc,7.772,0.078,-1.252,
152224684291671,Gyro,0.276,1.225,3.204,
152224704250171,Gyro,0.319,1.151,2.624,
152224694270921,Lacc,2.726,7.609,-4.427,
152224694270921,GameRo,0.317,-0.484,0.816,0.012
152224714229421,Lacc,2.591,7.847,-4.539,
152224714229421,GameRo,0.318,-0.484,0.815,0.012
152224720119421,pre,1006.090,,,
152224735592421,pre,1006.090,,,
152224751034421,pre,1006.094,,,
152224724185921,acc,7.925,0.246,-1.333,
152224744098921,acc,8.148,0.311,-1.314,
152224724185921,Gyro,0.289,0.953,1.973,
152224744098921,Gyro,0.208,0.775,1.250,
152224734142421,Lacc,3.823,8.377,-4.884,
152224734142421,GameRo,-0.275,0.494,-0.825,0.020
152224754055421,Lacc,3.807,8.387,-4.770,
152224754055421,GameRo,-0.276,0.494,-0.824,0.019
152224766353421,pre,1006.088,,,
152224781887421,pre,1006.094,,,
152224789577421,pre,1006.099,,,
152224764004171,acc,7.848,0.202,-1.097,
152224783901671,acc,7.100,-0.169,-0.716,
152224764004171,Gyro,0.066,0.606,0.449,
152224783901671,Gyro,-0.146,0.361,-0.364,
152224773952921,Lacc,3.677,8.299,-4.613,
152224773952921,GameRo,-0.253,0.497,-0.830,0.032
152224793850421,Lacc,3.103,7.903,-4.310,
152224793850421,GameRo,-0.254,0.497,-0.829,0.031
152224804989421,pre,1006.095,,,
152224820400421,pre,1006.091,,,
152224803806671,acc,7.155,-0.372,-0.546,
152224823719171,acc,8.644,-0.249,-0.447,
152224803806671,Gyro,-0.393,-0.126,-1.167,
152224823719171,Gyro,-0.721,-0.670,-1.969,
152224813762921,Lacc,3.878,7.877,-4.175,
152224813762921,GameRo,-0.253,0.497,-0.829,0.020
152224833675421,Lacc,5.447,7.761,-4.272,
152224833675421,GameRo,-0.254,0.497,-0.829,0.019
152224835720421,pre,1006.090,,,
152224851223421,pre,1006.103,,,
152224866665421,pre,1006.093,,,
152224843631921,acc,9.971,-0.773,-0.789,
152224863544921,acc,10.752,-1.472,-0.911,
152224843631921,Gyro,-0.999,-0.941,-2.744,
152224863544921,Gyro,-1.116,-1.252,-3.502,
152224853588421,Lacc,5.665,6.819,-4.255,
152224853588421,GameRo,0.286,-0.498,0.818,0.012
152224873501421,Lacc,6.562,6.120,-4.025,
152224873501421,GameRo,0.287,-0.498,0.818,0.013
152224882076421,pre,1006.096,,,
152224897488421,pre,1006.112,,,
152224912899421,pre,1006.109,,,
152224883427171,acc,12.152,-2.074,-0.297,
152224903278671,acc,14.505,-2.609,0.685,
152224883427171,Gyro,-1.088,-1.788,-4.206,
152224903278671,Gyro,-0.935,-2.162,-4.781,
152224928188421,pre,1006.105,,,
152224893352921,Lacc,7.281,4.917,-2.490,
152224893352921,GameRo,0.343,-0.494,0.796,0.064
152224913204421,Lacc,9.675,4.509,-1.642,
152224913204421,GameRo,0.344,-0.494,0.796,0.065
152224943691421,pre,1006.093,,,
152224923183671,acc,16.617,-2.899,1.258,
152224943142171,acc,17.645,-2.794,1.113,
152224923183671,Gyro,-0.605,-2.264,-5.126,
152224943142171,Gyro,-0.174,-2.156,-5.309,
152224933162921,Lacc,9.803,3.110,-0.628,
152224933162921,GameRo,0.422,-0.476,0.761,0.125
152224953121421,Lacc,10.075,3.399,-0.990,
152224953121421,GameRo,0.423,-0.475,0.761,0.126
152224959133421,pre,1006.094,,,
152224974544421,pre,1006.095,,,
152224989956421,pre,1006.102,,,
152224963070171,acc,17.186,-2.627,0.632,
152224982967671,acc,16.287,-2.817,0.447,
152224963070171,Gyro,0.194,-1.946,-5.323,
152224982967671,Gyro,0.487,-1.722,-5.138,
152224973018921,Lacc,8.038,1.610,-0.663,
152224973018921,GameRo,0.503,-0.435,0.723,0.186
152224992916421,Lacc,6.914,1.517,-0.581,
152224992916421,GameRo,0.503,-0.435,0.723,0.187
152225005245421,pre,1006.096,,,
152225020779421,pre,1006.110,,,
152225002872671,acc,14.793,-2.721,0.741,
152225022785171,acc,13.058,-2.199,1.242,
152225002872671,Gyro,0.648,-1.317,-4.958,
152225022785171,Gyro,0.354,-1.016,-4.655,
152225012828921,Lacc,4.394,-0.113,0.422,
152225012828921,GameRo,0.571,-0.380,0.687,0.240
152225032741421,Lacc,2.862,0.682,0.776,
152225032741421,GameRo,0.571,-0.380,0.687,0.240
152225036129421,pre,1006.100,,,
152225059322421,pre,1006.106,,,
152225042697921,acc,11.764,-1.272,1.376,
152225062610921,acc,10.995,-1.745,1.120,
152225042697921,Gyro,-0.373,-0.861,-4.324,
152225062610921,Gyro,-1.260,-0.853,-3.970,
152225074703421,pre,1006.093,,,
152225052654421,Lacc,1.507,-0.769,0.983,
152225052654421,GameRo,0.618,-0.326,0.653,0.291
152225072567421,Lacc,1.170,-1.307,0.849,
152225072567421,GameRo,0.618,-0.326,0.653,0.291
152225090176421,pre,1006.098,,,
152225105587421,pre,1006.092,,,
152225082516171,acc,11.050,-1.859,0.987,
152225102413671,acc,10.746,-2.575,0.973,
152225082516171,Gyro,-1.836,-0.701,-3.554,
152225102413671,Gyro,-2.204,-0.577,-3.249,
152225092464921,Lacc,1.218,-2.833,0.969,
152225092464921,GameRo,0.644,-0.298,0.610,0.351
152225112362421,Lacc,0.894,-4.009,1.229,
152225112362421,GameRo,0.644,-0.298,0.611,0.351
152225120998421,pre,1006.094,,,
152225136410421,pre,1006.094,,,
152225151852421,pre,1006.098,,,
152225122295921,acc,10.740,-3.555,1.285,
152225142162921,acc,10.722,-4.081,1.254,
152225122295921,Gyro,-2.348,-0.440,-2.894,
152225142162921,Gyro,-2.258,-0.228,-2.648,
152225132229421,Lacc,1.201,-5.924,1.467,
152225132229421,GameRo,0.652,-0.287,0.567,0.414
152225152096421,Lacc,1.052,-6.450,1.305,
152225152096421,GameRo,0.652,-0.288,0.567,0.413
152225167263421,pre,1006.094,,,
152225182674421,pre,1006.094,,,
152225162067921,acc,10.614,-4.575,1.053,
152225182010921,acc,10.741,-4.840,0.877,
152225162067921,Gyro,-2.035,-0.097,-2.382,
152225182010921,Gyro,-1.688,-0.049,-2.129,
152225172039421,Lacc,1.340,-7.785,0.957,
152225172039421,GameRo,0.649,-0.281,0.529,0.469
152225191982421,Lacc,1.489,-7.974,0.808,
152225191982421,GameRo,0.649,-0.281,0.529,0.469
152225197994421,pre,1006.098,,,
152225213497421,pre,1006.091,,,
152225228908421,pre,1006.103,,,
152225201938921,acc,10.871,-4.965,0.725,
152225221851921,acc,11.117,-5.033,0.625,
152225201938921,Gyro,-1.257,-0.014,-1.862,
152225221851921,Gyro,-0.823,-0.058,-1.583,
152225211895421,Lacc,1.908,-8.797,0.437,
152225211895421,GameRo,0.644,-0.272,0.500,0.511
152225231808421,Lacc,2.353,-8.822,0.416,
152225231808421,GameRo,0.644,-0.273,0.500,0.511
152225244808421,pre,1006.105,,,
152225259731421,pre,1006.096,,,
152225241764671,acc,11.738,-5.032,0.661,
152225261677171,acc,12.174,-4.949,0.692,
152225241764671,Gyro,-0.471,-0.128,-1.294,
152225261677171,Gyro,-0.273,-0.112,-0.948,
152225251720921,Lacc,3.222,-9.292,0.361,
152225251720921,GameRo,0.644,-0.262,0.479,0.535
152225271633421,Lacc,3.302,-9.160,0.352,
152225271633421,GameRo,0.644,-0.262,0.480,0.535
152225275051421,pre,1006.106,,,
152225290554421,pre,1006.106,,,
152225305996421,pre,1006.113,,,
152225281582171,acc,11.903,-4.795,0.648,
152225301479671,acc,11.128,-4.690,0.533,
152225281582171,Gyro,-0.254,-0.073,-0.519,
152225301479671,Gyro,-0.364,-0.062,-0.030,
152225291530921,Lacc,2.874,-9.341,0.272,
152225291530921,GameRo,0.647,-0.255,0.468,0.546
152225311428421,Lacc,2.241,-9.165,0.162,
152225311428421,GameRo,0.646,-0.256,0.468,0.546
152225321407421,pre,1006.107,,,
152225336819421,pre,1006.111,,,
152225321384671,acc,11.254,-4.561,0.670,
152225341297171,acc,12.801,-4.567,1.770,
152225321384671,Gyro,-0.402,-0.384,0.474,
152225341297171,Gyro,-0.189,-0.616,0.914,
152225352230421,pre,1006.109,,,
152225331340921,Lacc,3.420,-9.076,0.774,
152225331340921,GameRo,0.643,-0.261,0.466,0.549
152225351253421,Lacc,3.988,-9.305,1.907,
152225351253421,GameRo,0.642,-0.261,0.466,0.549
152225367641421,pre,1006.110,,,
152225383083421,pre,1006.103,,,
152225361179421,acc,11.894,-4.908,2.503,
152225381031421,acc,10.604,-4.852,2.427,
152225361179421,Gyro,0.237,-0.256,1.403,
152225381031421,Gyro,0.740,-0.159,1.902,
152225371105421,Lacc,2.145,-9.036,2.301,
152225371105421,GameRo,0.640,-0.282,0.469,0.539
152225390957421,Lacc,1.979,-9.072,2.040,
152225390957421,GameRo,0.640,-0.282,0.470,0.539
152225398495421,pre,1006.106,,,
152225413937421,pre,1006.101,,,
152225429348421,pre,1006.097,,,
152225400913671,acc,11.697,-4.893,1.848,
152225420826171,acc,14.081,-4.535,0.465,
152225400913671,Gyro,1.357,-0.236,2.308,
152225420826171,Gyro,2.006,-0.087,2.728,
152225410869921,Lacc,3.674,-8.226,1.169,
152225410869921,GameRo,0.638,-0.301,0.493,0.509
152225430782421,Lacc,6.051,-7.601,-0.329,
152225430782421,GameRo,0.638,-0.302,0.493,0.509
152225444759421,pre,1006.091,,,
152225460201421,pre,1006.103,,,
152225440761671,acc,16.281,-3.731,-0.919,
152225460720171,acc,18.257,-2.516,-1.616,
152225440761671,Gyro,2.583,0.226,3.175,
152225460720171,Gyro,2.961,0.639,3.638,
152225450740921,Lacc,7.758,-5.610,-1.127,
152225450740921,GameRo,0.641,-0.317,0.532,0.454
152225470699421,Lacc,9.535,-4.223,-1.461,
152225470699421,GameRo,0.641,-0.318,0.532,0.453
152225475490421,pre,1006.100,,,
152225491024421,pre,1006.109,,,
152225506466421,pre,1006.122,,,
152225480625421,acc,19.460,-1.187,-1.552,
152225500477421,acc,18.813,-0.047,-0.927,
152225480625421,Gyro,3.048,1.233,4.080,
152225500477421,Gyro,2.784,1.892,4.469,
152225490551421,Lacc,9.609,-1.511,-1.144,
152225490551421,GameRo,0.634,-0.326,0.590,0.379
152225510403421,Lacc,8.281,-0.625,-0.349,
152225510403421,GameRo,0.634,-0.326,0.590,0.379
152225521786421,pre,1006.115,,,
152225537166421,pre,1006.114,,,
152225520382671,acc,17.256,0.577,-0.036,
152225540341171,acc,15.990,0.531,0.759,
152225520382671,Gyro,2.143,2.231,4.810,
152225540341171,Gyro,1.284,2.250,5.094,
152225530361921,Lacc,6.808,1.481,-0.175,
152225530361921,GameRo,0.600,-0.334,0.662,0.302
152225552608421,pre,1006.119,,,
152225550320421,Lacc,5.741,0.973,0.439,
152225550320421,GameRo,0.600,-0.334,0.662,0.302
152225568142421,pre,1006.115,,,
152225583553421,pre,1006.119,,,
152225560268921,acc,15.041,-0.259,1.001,
152225580165921,acc,13.943,-0.496,0.515,
152225560268921,Gyro,0.516,2.157,5.289,
152225580165921,Gyro,-0.011,2.120,5.454,
152225570217421,Lacc,5.247,2.171,-0.698,
152225570217421,GameRo,0.540,-0.363,0.723,0.232
152225590114421,Lacc,3.852,2.306,-1.268,
152225590114421,GameRo,0.540,-0.363,0.722,0.233
152225606686421,pre,1006.123,,,
152225622066421,pre,1006.108,,,
152225600047921,acc,12.406,-0.344,-0.036,
152225619914921,acc,11.399,-0.410,-0.472,
152225600047921,Gyro,-0.427,1.964,5.387,
152225619914921,Gyro,-0.530,1.679,5.305,
152225609981421,Lacc,3.404,4.196,-2.488,
152225609981421,GameRo,0.468,-0.410,0.765,0.169
152225629848421,Lacc,2.670,4.432,-2.823,
152225629848421,GameRo,0.469,-0.410,0.764,0.169
152225637508421,pre,1006.111,,,
152225652950421,pre,1006.104,,,
152225668392421,pre,1006.117,,,
152225639797171,acc,10.606,-0.098,-0.690,
152225659694671,acc,9.375,0.127,-0.909,
152225639797171,Gyro,-0.355,1.553,5.071,
152225659694671,Gyro,-0.070,1.533,4.736,
152225649745921,Lacc,2.945,6.139,-3.437,
152225649745921,GameRo,0.396,-0.458,0.788,0.107
152225669643421,Lacc,1.602,6.730,-3.497,
152225669643421,GameRo,0.397,-0.458,0.788,0.108
152225683803421,pre,1006.102,,,
152225699245421,pre,1006.106,,,
152225679622671,acc,8.145,0.438,-0.817,
152225699581171,acc,7.535,0.407,-0.586,
152225679622671,Gyro,0.160,1.396,4.269,
152225699581171,Gyro,0.341,1.222,3.761,
152225689601921,Lacc,2.069,7.791,-3.655,
152225689601921,GameRo,0.329,-0.490,0.805,0.049
152225709560421,Lacc,1.714,7.876,-3.532,
152225709560421,GameRo,0.330,-0.490,0.805,0.049
152225714565421,pre,1006.103,,,
152225730099421,pre,1006.105,,,
152225745541421,pre,1006.109,,,
152225719516921,acc,7.215,0.664,-0.652,
152225739429921,acc,6.447,1.117,-0.993,
152225719516921,Gyro,0.396,1.178,3.165,
152225739429921,Gyro,0.243,1.114,2.503,
152225729473421,Lacc,2.476,9.026,-4.112,
152225729473421,GameRo,0.275,-0.506,0.818,0.000
152225749386421,Lacc,1.667,9.424,-4.498,
152225749386421,GameRo,0.276,-0.506,0.817,0.001
152225760952421,pre,1006.107,,,
152225776394421,pre,1006.096,,,
152225759335171,acc,5.913,1.411,-1.444,
152225779232671,acc,5.829,1.055,-1.482,
152225759335171,Gyro,-0.040,0.837,1.675,
152225779232671,Gyro,-0.315,0.428,0.695,
152225769283921,Lacc,2.332,9.766,-5.066,
152225769283921,GameRo,-0.234,0.515,-0.824,0.028
152225789181421,Lacc,2.319,9.145,-4.949,
152225789181421,GameRo,-0.235,0.514,-0.824,0.028
152225791714421,pre,1006.106,,,
152225807247421,pre,1006.117,,,
152225822567421,pre,1006.115,,,
152225799137671,acc,5.849,0.236,-1.352,
152225819050171,acc,6.001,-0.695,-1.151,
152225799137671,Gyro,-0.481,0.041,-0.372,
152225819050171,Gyro,-0.608,-0.391,-1.392,
152225809093921,Lacc,2.601,8.293,-4.711,
152225809093921,GameRo,-0.223,0.523,-0.822,0.032
152225829006421,Lacc,3.071,7.632,-4.506,
152225829006421,GameRo,-0.224,0.523,-0.822,0.031
152225838070421,pre,1006.114,,,
152225853512421,pre,1006.109,,,
152225838947421,acc,7.046,-1.037,-0.991,
152225858829421,acc,9.029,-1.852,-0.813,
152225838947421,Gyro,-0.702,-0.928,-2.328,
152225858829421,Gyro,-0.730,-1.462,-3.182,
152225870724421,pre,1006.112,,,
152225848888421,Lacc,4.101,7.124,-4.094,
152225848888421,GameRo,-0.248,0.526,-0.814,0.008
152225868770421,Lacc,6.249,5.921,-3.897,
152225868770421,GameRo,-0.249,0.526,-0.814,0.008
152225884334421,pre,1006.112,,,
152225899776421,pre,1006.121,,,
152225878734421,acc,11.180,-3.163,-0.582,
152225898662421,acc,12.872,-3.720,-0.092,
152225878734421,Gyro,-0.584,-1.783,-4.000,
152225898662421,Gyro,-0.246,-1.857,-4.706,
152225888698421,Lacc,6.950,4.308,-3.021,
152225888698421,GameRo,0.307,-0.519,0.797,0.033
152225908626421,Lacc,8.422,4.354,-2.517,
152225908626421,GameRo,0.307,-0.519,0.797,0.034
152225915188421,pre,1006.125,,,
152225930599421,pre,1006.132,,,
152225946041421,pre,1006.120,,,
152225918582921,acc,14.291,-3.309,0.338,
152225938495921,acc,16.160,-2.829,0.519,
152225918582921,Gyro,0.031,-1.914,-5.181,
152225938495921,Gyro,0.117,-2.098,-5.363,
152225928539421,Lacc,8.416,3.732,-1.686,
152225928539421,GameRo,0.385,-0.492,0.775,0.091
152225948452421,Lacc,10.403,4.100,-1.573,
152225948452421,GameRo,0.385,-0.492,0.775,0.092
152225961483421,pre,1006.121,,,
152225976894421,pre,1006.124,,,
152225958401171,acc,17.919,-2.679,0.629,
152225978298671,acc,18.501,-2.538,0.817,
152225958401171,Gyro,0.115,-2.206,-5.236,
152225978298671,Gyro,0.174,-2.016,-5.068,
152225968349921,Lacc,10.217,2.584,-0.821,
152225968349921,GameRo,0.468,-0.450,0.745,0.152
152225988247421,Lacc,10.029,2.671,-0.577,
152225988247421,GameRo,0.468,-0.450,0.745,0.153
152225992214421,pre,1006.113,,,
152226007748421,pre,1006.115,,,
152226023067421,pre,1006.128,,,
152225998203671,acc,17.742,-2.487,1.180,
152226018116171,acc,16.700,-2.805,1.898,
152225998203671,Gyro,0.197,-1.848,-4.832,
152226018116171,Gyro,0.063,-1.744,-4.549,
152226031155421,pre,1006.117,,,
152226008159921,Lacc,8.076,0.799,0.649,
152226008159921,GameRo,0.541,-0.403,0.708,0.207
152226028072421,Lacc,6.895,0.543,1.528,
152226028072421,GameRo,0.541,-0.403,0.708,0.207
152226046291421,pre,1006.131,,,
152226061733421,pre,1006.132,,,
152226038028921,acc,15.320,-2.963,2.926,
152226057941921,acc,13.649,-2.943,3.652,
152226038028921,Gyro,-0.140,-1.573,-4.158,
152226057941921,Gyro,-0.281,-1.212,-3.754,
152226047985421,Lacc,4.893,-1.296,3.146,
152226047985421,GameRo,0.599,-0.359,0.668,0.255
152226067898421,Lacc,2.998,-1.170,3.470,
152226067898421,GameRo,0.599,-0.359,0.668,0.255
152226077145421,pre,1006.115,,,
152226092556421,pre,1006.115,,,
152226077847171,acc,11.655,-2.889,3.551,
152226097744671,acc,9.803,-2.658,2.726,
152226077847171,Gyro,-0.466,-0.807,-3.373,
152226097744671,Gyro,-0.740,-0.494,-3.022,
152226108822421,pre,1006.104,,,
152226087795921,Lacc,0.877,-2.646,3.415,
152226087795921,GameRo,0.638,-0.323,0.632,0.299
152226107693421,Lacc,-0.763,-2.399,2.484,
152226107693421,GameRo,0.638,-0.323,0.632,0.299
152226123592421,pre,1006.106,,,
152226138821421,pre,1006.097,,,
152226117649671,acc,8.529,-2.867,1.927,
152226137562171,acc,8.443,-2.154,1.532,
152226117649671,Gyro,-1.035,-0.316,-2.624,
152226137562171,Gyro,-1.237,-0.215,-2.292,
152226127605921,Lacc,-1.380,-3.484,2.143,
152226127605921,GameRo,0.657,-0.297,0.602,0.342
152226147518421,Lacc,-1.196,-2.899,1.703,
152226147518421,GameRo,0.657,-0.298,0.603,0.342
152226154232421,pre,1006.103,,,
152226169674421,pre,1006.113,,,
152226157467171,acc,8.772,-2.114,1.098,
152226177364671,acc,9.193,-2.742,0.773,
152226157467171,Gyro,-1.575,-0.205,-2.016,
152226177364671,Gyro,-1.828,0.021,-1.735,
152226167415921,Lacc,-0.645,-4.239,1.300,
152226167415921,GameRo,0.663,-0.285,0.576,0.384
152226187313421,Lacc,-0.350,-4.538,1.046,
152226187313421,GameRo,0.663,-0.285,0.577,0.384
152226192684421,pre,1006.102,,,
152226208187421,pre,1006.106,,,
152226223507421,pre,1006.106,,,
152226197246921,acc,9.348,-2.796,0.553,
152226217113921,acc,9.677,-2.927,0.440,
152226197246921,Gyro,-1.971,0.217,-1.505,
152226217113921,Gyro,-2.143,0.261,-1.279,
152226238918421,pre,1006.114,,,
152226207180421,Lacc,-0.025,-5.295,0.734,
152226207180421,GameRo,0.657,-0.283,0.553,0.427
152226227047421,Lacc,0.356,-5.464,0.572,
152226227047421,GameRo,0.657,-0.284,0.553,0.427
152226254421421,pre,1006.113,,,
152226237026671,acc,9.956,-3.234,0.224,
152226256985171,acc,9.916,-3.930,0.220,
152226237026671,Gyro,-2.250,0.308,-1.124,
152226256985171,Gyro,-2.130,0.280,-1.075,
152226247005921,Lacc,0.555,-6.423,0.079,
152226247005921,GameRo,0.642,-0.288,0.534,0.469
152226266964421,Lacc,0.638,-7.218,0.245,
152226266964421,GameRo,0.641,-0.289,0.534,0.469
152226269741421,pre,1006.114,,,
152226285274421,pre,1006.116,,,
152226300686421,pre,1006.114,,,
152226276913171,acc,10.241,-4.759,0.547,
152226296810671,acc,10.728,-5.411,0.975,
152226276913171,Gyro,-1.723,0.135,-1.116,
152226296810671,Gyro,-1.098,0.061,-1.221,
152226286861921,Lacc,1.246,-8.372,0.325,
152226286861921,GameRo,0.624,-0.296,0.515,0.508
152226306759421,Lacc,1.553,-8.785,0.608,
152226306759421,GameRo,0.624,-0.296,0.516,0.507
152226316128421,pre,1006.109,,,
152226331539421,pre,1006.112,,,
152226316715671,acc,10.751,-5.680,1.073,
152226336628171,acc,10.448,-5.678,1.028,
152226316715671,Gyro,-0.406,0.036,-1.285,
152226336628171,Gyro,0.176,-0.040,-1.210,
152226348232421,pre,1006.127,,,
152226326671921,Lacc,1.506,-9.322,0.424,
152226326671921,GameRo,0.619,-0.292,0.498,0.533
152226346584421,Lacc,1.387,-9.281,0.441,
152226346584421,GameRo,0.619,-0.293,0.499,0.532
152226362362421,pre,1006.127,,,
152226377804421,pre,1006.118,,,
152226356533171,acc,11.031,-5.784,1.284,
152226376430671,acc,13.148,-5.867,2.042,
152226356533171,Gyro,0.671,-0.389,-0.968,
152226376430671,Gyro,1.190,-0.628,-0.615,
152226366481921,Lacc,3.165,-9.881,1.096,
152226366481921,GameRo,0.628,-0.277,0.487,0.540
152226386379421,Lacc,4.612,-9.824,1.741,
152226386379421,GameRo,0.627,-0.278,0.487,0.540
152226393398421,pre,1006.126,,,
152226408626421,pre,1006.117,,,
152226423916421,pre,1006.117,,,
152226396312921,acc,13.128,-5.701,2.227,
152226416179921,acc,11.340,-5.120,1.198,
152226396312921,Gyro,1.558,-0.139,0.000,
152226416179921,Gyro,1.695,0.286,0.752,
152226406246421,Lacc,3.332,-9.645,1.588,
152226406246421,GameRo,0.648,-0.266,0.481,0.527
152226426113421,Lacc,2.138,-8.863,0.519,
152226426113421,GameRo,0.648,-0.266,0.482,0.526
152226439449421,pre,1006.114,,,
152226454861421,pre,1006.115,,,
152226436092671,acc,11.394,-4.245,0.345,
152226456051171,acc,13.584,-3.432,0.114,
152226436092671,Gyro,1.695,0.246,1.546,
152226456051171,Gyro,1.692,0.218,2.369,
152226446071921,Lacc,3.341,-7.714,0.174,
152226446071921,GameRo,0.658,-0.258,0.503,0.497
152226466030421,Lacc,5.761,-6.832,-0.017,
152226466030421,GameRo,0.658,-0.259,0.503,0.497
152226470180421,pre,1006.112,,,
152226485714421,pre,1006.115,,,
152226501125421,pre,1006.110,,,
152226475979171,acc,15.784,-2.513,-0.339,
152226495876671,acc,17.337,-1.674,-1.168,
152226475979171,Gyro,1.617,0.539,3.208,
152226495876671,Gyro,1.348,0.892,3.995,
152226485927921,Lacc,7.252,-5.024,-0.635,
152226485927921,GameRo,0.659,-0.271,0.539,0.450
152226505825421,Lacc,8.598,-4.330,-1.212,
152226505825421,GameRo,0.659,-0.271,0.539,0.450
152226516537421,pre,1006.115,,,
152226531948421,pre,1006.115,,,
152226515781671,acc,18.364,-1.207,-1.352,
152226535694171,acc,18.428,-1.042,-0.904,
152226515781671,Gyro,1.041,1.223,4.642,
152226535694171,Gyro,0.800,1.571,5.215,
152226548336421,pre,1006.126,,,
152226525737921,Lacc,8.814,-2.504,-1.268,
152226525737921,GameRo,0.637,-0.301,0.592,0.392
152226545650421,Lacc,8.384,-2.442,-0.603,
152226545650421,GameRo,0.636,-0.301,0.592,0.392
152226562801421,pre,1006.120,,,
152226578213421,pre,1006.115,,,
152226555599171,acc,17.703,-1.146,-0.077,
152226575496671,acc,17.269,-0.986,0.674,
152226555599171,Gyro,0.713,1.757,5.645,
152226575496671,Gyro,0.623,1.711,5.907,
152226565547921,Lacc,7.662,-0.473,-0.320,
152226565547921,GameRo,0.589,-0.344,0.654,0.327
152226585445421,Lacc,7.277,-0.416,0.167,
152226585445421,GameRo,0.589,-0.344,0.654,0.327
152226593624421,pre,1006.124,,,
152226609066421,pre,1006.117,,,
152226624355421,pre,1006.116,,,
152226595378921,acc,16.584,-1.276,0.846,
152226615245921,acc,14.864,-1.235,0.273,
152226595378921,Gyro,0.571,1.683,5.876,
152226615245921,Gyro,0.560,1.741,5.793,
152226605312421,Lacc,6.555,1.465,-0.728,
152226605312421,GameRo,0.526,-0.391,0.711,0.253
152226625179421,Lacc,4.519,1.807,-1.453,
152226625179421,GameRo,0.527,-0.391,0.711,0.253
152226639889421,pre,1006.112,,,
152226655331421,pre,1006.099,,,
152226635151171,acc,12.860,-0.868,-0.410,
152226655094671,acc,11.830,-0.505,-0.729,
152226635151171,Gyro,0.424,1.660,5.609,
152226655094671,Gyro,0.258,1.352,5.388,
152226645122921,Lacc,3.874,4.101,-2.664,
152226645122921,GameRo,0.457,-0.432,0.757,0.178
152226665066421,Lacc,3.417,4.508,-2.817,
152226665066421,GameRo,0.458,-0.432,0.757,0.178
152226670650421,pre,1006.103,,,
152226686184421,pre,1006.106,,,
152226701595421,pre,1006.108,,,
152226675022671,acc,11.543,-0.192,-0.758,
152226694935171,acc,10.474,0.237,-0.880,
152226675022671,Gyro,0.279,1.183,5.061,
152226694935171,Gyro,0.383,1.242,4.753,
152226684978921,Lacc,4.122,6.375,-3.337,
152226684978921,GameRo,0.390,-0.469,0.785,0.106
152226704891421,Lacc,2.767,6.876,-3.350,
152226704891421,GameRo,0.391,-0.468,0.785,0.107
152226717037421,pre,1006.106,,,
152226740169421,pre,1006.114,,,
152226714847921,acc,9.187,0.577,-0.720,
152226734760921,acc,8.987,0.480,-0.456,
152226714847921,Gyro,0.413,1.162,4.318,
152226734760921,Gyro,0.429,0.910,3.833,
152226724804421,Lacc,3.359,8.080,-3.517,
152226724804421,GameRo,0.328,-0.494,0.804,0.042
152226744717421,Lacc,3.502,7.963,-3.242,
152226744717421,GameRo,0.329,-0.494,0.804,0.043
152226755611421,pre,1006.117,,,
152226771053421,pre,1006.114,,,
152226754665921,acc,9.044,0.532,-0.326,
152226774562921,acc,8.375,0.763,-0.450,
152226754665921,Gyro,0.479,0.900,3.268,
152226774562921,Gyro,0.463,0.924,2.601,
152226764614421,Lacc,4.450,8.839,-3.614,
152226764614421,GameRo,-0.277,0.509,-0.815,0.011
152226784511421,Lacc,3.687,9.070,-3.726,
152226786373421,pre,1006.115,,,
152226784511421,GameRo,-0.278,0.509,-0.815,0.010
152226801906421,pre,1006.107,,,
152226817348421,pre,1006.108,,,
152226794444921,acc,7.771,0.973,-0.495,
152226814311921,acc,7.192,1.116,-0.504,
152226794444921,Gyro,0.370,0.790,1.802,
152226814311921,Gyro,0.166,0.681,0.950,
152226804378421,Lacc,4.138,9.564,-3.991,
152226804378421,GameRo,-0.238,0.514,-0.823,0.044
152226824245421,Lacc,3.274,9.650,-4.015,
152226824245421,GameRo,-0.239,0.514,-0.823,0.043
152226832760421,pre,1006.106,,,
152226848171421,pre,1006.106,,,
152226863613421,pre,1006.108,,,
152226834201921,acc,6.130,1.167,-0.526,
152226854114921,acc,5.490,1.280,-0.741,
152226834201921,Gyro,-0.160,0.556,0.040,
152226854114921,Gyro,-0.597,0.199,-0.909,
152226844158421,Lacc,2.606,9.808,-4.211,
152226844158421,GameRo,-0.220,0.516,-0.826,0.051
152226864071421,Lacc,2.729,9.840,-4.557,
152226864071421,GameRo,-0.221,0.516,-0.826,0.050
152226879024421,pre,1006.112,,,
152226894802421,pre,1006.110,,,
152226874042921,acc,6.542,1.092,-1.036,
152226893985921,acc,8.287,-0.107,-1.302,
152226874042921,Gyro,-1.079,-0.397,-1.924,
152226893985921,Gyro,-1.476,-0.827,-3.001,
152226884014421,Lacc,4.054,9.188,-4.597,
152226884014421,GameRo,-0.230,0.522,-0.821,0.029
152226903957421,Lacc,5.453,7.528,-4.778,
152226903957421,GameRo,-0.231,0.522,-0.821,0.028
152226909756421,pre,1006.110,,,
152226925259421,pre,1006.119,,,
152226940700421,pre,1006.126,,,
152226913913921,acc,9.326,-2.047,-1.309,
152226933826921,acc,10.659,-4.111,-0.350,
152226913913921,Gyro,-1.694,-1.286,-4.055,
152226933826921,Gyro,-1.499,-2.069,-4.965,
152226923870421,Lacc,5.224,4.998,-3.756,
152226923870421,GameRo,0.278,-0.530,0.801,0.020
152226943783421,Lacc,7.489,3.858,-2.354,
152226943783421,GameRo,0.279,-0.530,0.800,0.021
152226956112421,pre,1006.124,,,
152226971523421,pre,1006.138,,,
152226953739671,acc,13.818,-4.030,1.133,
152226973652171,acc,16.911,-3.416,1.882,
152226953739671,Gyro,-1.120,-2.471,-5.717,
152226973652171,Gyro,-0.658,-2.494,-6.103,
152226963695921,Lacc,9.138,3.582,-0.196,
152226963695921,GameRo,0.363,-0.523,0.766,0.087
152226983608421,Lacc,11.646,4.148,-0.078,
152226983608421,GameRo,0.363,-0.523,0.766,0.088
152226986843421,pre,1006.131,,,
152227002376421,pre,1006.112,,,
152227017696421,pre,1006.098,,,
152226993534421,acc,18.728,-2.666,1.346,
152227013386421,acc,19.457,-2.526,0.299,
152226993534421,Gyro,-0.064,-2.395,-6.006,
152227013386421,Gyro,0.530,-2.298,-5.865,
152227003460421,Lacc,11.134,2.978,-0.161,
152227003460421,GameRo,0.461,-0.488,0.724,0.158
152227023312421,Lacc,11.287,2.839,-1.001,
152227023312421,GameRo,0.461,-0.488,0.724,0.159
152227033230421,pre,1006.106,,,
152227048641421,pre,1006.115,,,
152227033268671,acc,18.942,-2.978,-0.236,
152227053181171,acc,17.595,-3.949,0.355,
152227064114421,pre,1006.110,,,
152227033268671,Gyro,0.970,-2.105,-5.587,
152227053181171,Gyro,1.088,-1.796,-5.324,
152227043224921,Lacc,9.184,0.137,-0.307,
152227043224921,GameRo,0.549,-0.430,0.684,0.214
152227063137421,Lacc,7.466,-0.680,0.659,
152227063137421,GameRo,0.549,-0.430,0.684,0.214
152227079464421,pre,1006.121,,,
152227094906421,pre,1006.122,,,
152227073124171,acc,15.559,-3.701,1.428,
152227093097671,acc,13.582,-2.566,2.297,
152227073124171,Gyro,1.062,-1.395,-4.988,
152227093097671,Gyro,0.571,-1.072,-4.576,
152227083110921,Lacc,4.817,-1.688,2.409,
152227083110921,GameRo,0.619,-0.362,0.648,0.257
152227103084421,Lacc,3.012,-0.657,2.892,
152227103084421,GameRo,0.619,-0.362,0.648,0.257
152227110317421,pre,1006.110,,,
152227125728421,pre,1006.099,,,
152227141170421,pre,1006.103,,,
152227113002671,acc,11.951,-2.030,2.563,
152227132839171,acc,10.726,-2.302,1.688,
152227113002671,Gyro,-0.388,-0.810,-4.034,
152227132839171,Gyro,-1.114,-0.583,-3.400,
152227122920921,Lacc,1.488,-2.422,2.815,
152227122920921,GameRo,0.665,-0.303,0.613,0.301
152227142757421,Lacc,0.541,-2.543,1.994,
152227142757421,GameRo,0.665,-0.303,0.613,0.301
152227156582421,pre,1006.103,,,
152227171993421,pre,1006.117,,,
152227152736671,acc,9.945,-1.781,1.140,
152227172695171,acc,8.999,-1.795,1.070,
152227152736671,Gyro,-1.520,-0.277,-2.843,
152227172695171,Gyro,-2.091,-0.302,-2.464,
152227162715921,Lacc,-0.192,-3.147,1.868,
152227162715921,GameRo,0.683,-0.275,0.578,0.353
152227182674421,Lacc,-0.691,-4.059,2.045,
152227182674421,GameRo,0.682,-0.276,0.578,0.352
152227187343421,pre,1006.109,,,
152227202846421,pre,1006.106,,,
152227218258421,pre,1006.112,,,
152227192600421,acc,9.286,-3.105,1.362,
152227212452421,acc,9.808,-3.803,1.337,
152227192600421,Gyro,-2.570,-0.403,-2.053,
152227212452421,Gyro,-2.678,-0.197,-1.731,
152227202526421,Lacc,0.208,-6.112,2.125,
152227202526421,GameRo,0.682,-0.269,0.545,0.406
152227222378421,Lacc,0.308,-6.518,1.974,
152227222378421,GameRo,0.682,-0.269,0.546,0.406
152227233669421,pre,1006.096,,,
152227249081421,pre,1006.104,,,
152227232357671,acc,9.633,-4.127,1.120,
152227252316171,acc,9.444,-4.469,0.868,
152227232357671,Gyro,-2.550,-0.001,-1.484,
152227252316171,Gyro,-2.269,0.098,-1.287,
152227242336921,Lacc,0.273,-7.531,1.490,
152227242336921,GameRo,0.670,-0.277,0.514,0.458
152227262295421,Lacc,0.107,-7.859,1.234,
152227262295421,GameRo,0.669,-0.277,0.515,0.458
152227264400421,pre,1006.101,,,
152227279812421,pre,1006.110,,,
152227295345421,pre,1006.108,,,
152227272244171,acc,9.336,-4.840,0.631,
152227292141671,acc,9.727,-5.098,0.497,
152227272244171,Gyro,-1.815,0.123,-1.165,
152227292141671,Gyro,-1.273,0.047,-1.096,
152227282192921,Lacc,0.362,-8.690,0.705,
152227282192921,GameRo,0.654,-0.283,0.492,0.501
152227302090421,Lacc,1.015,-8.827,0.605,
152227302090421,GameRo,0.653,-0.283,0.493,0.500
152227310757421,pre,1006.104,,,
152227326168421,pre,1006.102,,,
152227341610421,pre,1006.120,,,
152227312023671,acc,10.533,-5.166,0.419,
152227331890171,acc,11.226,-5.051,0.283,
152227312023671,Gyro,-0.771,-0.016,-1.003,
152227331890171,Gyro,-0.429,-0.025,-0.811,
152227321956921,Lacc,1.983,-9.152,0.276,
152227321956921,GameRo,0.646,-0.281,0.476,0.526
152227341823421,Lacc,2.525,-9.051,0.151,
152227341823421,GameRo,0.646,-0.282,0.476,0.526
152227357021421,pre,1006.115,,,
152227372463421,pre,1006.107,,,
152227351802671,acc,11.673,-4.984,0.040,
152227371761171,acc,13.037,-5.015,-0.235,
152227351802671,Gyro,-0.288,-0.070,-0.504,
152227371761171,Gyro,-0.239,-0.418,-0.111,
152227361781921,Lacc,3.269,-9.228,-0.342,
152227361781921,GameRo,0.646,-0.277,0.466,0.538
152227381740421,Lacc,5.698,-9.329,-0.065,
152227381740421,GameRo,0.646,-0.277,0.466,0.538
152227387783421,pre,1006.123,,,
152227403286421,pre,1006.122,,,
152227418728421,pre,1006.122,,,
152227391666421,acc,15.793,-5.052,0.618,
152227411518421,acc,14.948,-4.937,1.623,
152227391666421,Gyro,-0.072,-0.665,0.315,
152227411518421,Gyro,0.235,-0.143,0.868,
152227401592421,Lacc,7.164,-9.334,1.270,
152227401592421,GameRo,0.647,-0.283,0.459,0.538
152227421444421,Lacc,4.657,-8.987,1.566,
152227421444421,GameRo,0.647,-0.284,0.460,0.538
152227434139421,pre,1006.120,,,
152227449551421,pre,1006.118,,,
152227431423671,acc,12.367,-4.470,1.434,
152227451382171,acc,11.716,-4.214,1.084,
152227431423671,Gyro,0.437,0.097,1.626,
152227451382171,Gyro,0.688,0.021,2.258,
152227464840421,pre,1006.120,,,
152227480251421,pre,1006.117,,,
152227441402921,Lacc,2.785,-8.233,1.363,
152227441402921,GameRo,0.645,-0.296,0.469,0.525
152227461361421,Lacc,3.131,-8.020,0.924,
152227461361421,GameRo,0.645,-0.297,0.470,0.525
152227495785421,pre,1006.116,,,
152227471317671,acc,12.921,-4.000,0.468,
152227491230171,acc,14.918,-3.555,-0.607,
152227471317671,Gyro,1.074,-0.022,2.821,
152227491230171,Gyro,1.507,0.131,3.369,
152227481273921,Lacc,4.586,-6.853,0.134,
152227481273921,GameRo,0.638,-0.320,0.498,0.493
152227501186421,Lacc,6.505,-6.215,-0.944,
152227501186421,GameRo,0.637,-0.320,0.498,0.493
152227511074421,pre,1006.110,,,
152227526607421,pre,1006.117,,,
152227511135171,acc,16.526,-2.755,-1.485,
152227531032671,acc,17.183,-1.870,-1.787,
152227511135171,Gyro,1.889,0.475,3.864,
152227531032671,Gyro,2.120,0.922,4.237,
152227521083921,Lacc,7.303,-4.048,-1.464,
152227521083921,GameRo,0.627,-0.346,0.542,0.439
152227540981421,Lacc,7.566,-3.151,-1.381,
152227540981421,GameRo,0.627,-0.346,0.542,0.439
152227542995421,pre,1006.117,,,
152227557430421,pre,1006.122,,,
152227572842421,pre,1006.117,,,
152227550907421,acc,17.196,-1.030,-1.370,
152227570759421,acc,17.000,-0.389,-0.838,
152227550907421,Gyro,2.102,1.294,4.553,
152227570759421,Gyro,1.732,1.547,4.820,
152227560833421,Lacc,7.346,-0.673,-1.123,
152227560833421,GameRo,0.603,-0.367,0.603,0.371
152227580685421,Lacc,6.779,-0.379,-0.641,
152227580685421,GameRo,0.603,-0.367,0.603,0.371
152227588161421,pre,1006.133,,,
152227603664421,pre,1006.123,,,
152227619106421,pre,1006.130,,,
152227590664671,acc,15.892,-0.377,-0.400,
152227610623171,acc,14.058,-0.689,-0.163,
152227590664671,Gyro,1.149,1.764,5.053,
152227610623171,Gyro,0.600,1.760,5.202,
152227600643921,Lacc,5.361,1.307,-0.958,
152227600643921,GameRo,0.559,-0.391,0.666,0.302
152227620602421,Lacc,3.679,0.966,-0.749,
152227620602421,GameRo,0.559,-0.391,0.666,0.302
152227634487421,pre,1006.134,,,
152227649929421,pre,1006.118,,,
152227630558671,acc,12.768,-0.841,-0.007,
152227650471171,acc,12.189,-0.756,-0.219,
152227630558671,Gyro,0.231,1.555,5.280,
152227650471171,Gyro,-0.002,1.318,5.210,
152227640514921,Lacc,3.453,2.933,-1.454,
152227640514921,GameRo,0.496,-0.428,0.717,0.238
152227660427421,Lacc,2.954,2.993,-1.850,
152227660427421,GameRo,0.496,-0.428,0.717,0.238
152227665218421,pre,1006.107,,,
152227680752421,pre,1006.110,,,
152227696163421,pre,1006.109,,,
152227670376171,acc,11.527,-0.696,-0.715,
152227690273671,acc,10.244,-0.649,-1.137,
152227670376171,Gyro,-0.073,1.175,5.039,
152227690273671,Gyro,0.163,1.115,4.775,
152227680324921,Lacc,2.999,4.724,-2.805,
152227680324921,GameRo,0.431,-0.471,0.750,0.175
152227700222421,Lacc,1.550,4.945,-3.008,
152227700222421,GameRo,0.431,-0.471,0.750,0.175
152227711574421,pre,1006.105,,,
152227726986421,pre,1006.109,,,
152227710178671,acc,8.900,-0.407,-1.103,
152227730091171,acc,8.385,-0.519,-0.890,
152227710178671,Gyro,0.385,0.933,4.348,
152227730091171,Gyro,0.690,0.751,3.872,
152227720134921,Lacc,1.818,6.315,-3.171,
152227720134921,GameRo,0.370,-0.503,0.773,0.113
152227740047421,Lacc,1.528,6.396,-2.890,
152227740047421,GameRo,0.371,-0.503,0.773,0.114
152227742306421,pre,1006.101,,,
152227765530421,pre,1006.107,,,
152227750003921,acc,8.115,-0.293,-0.625,
152227769916921,acc,7.606,-0.101,-0.635,
152227750003921,Gyro,0.915,0.720,3.340,
152227769916921,Gyro,0.977,0.726,2.768,
152227781460421,pre,1006.115,,,
152227759960421,Lacc,2.313,7.457,-3.149,
152227759960421,GameRo,0.322,-0.517,0.791,0.057
152227779873421,Lacc,1.721,7.655,-3.228,
152227779873421,GameRo,0.323,-0.516,0.791,0.058
152227796352421,pre,1006.112,,,
152227811764421,pre,1006.106,,,
152227789799171,acc,7.100,0.122,-0.757,
152227809650671,acc,7.004,0.253,-0.810,
152227789799171,Gyro,0.905,0.637,2.159,
152227809650671,Gyro,0.767,0.456,1.476,
152227799724921,Lacc,2.327,8.283,-3.781,
152227799724921,GameRo,0.285,-0.517,0.807,0.017
152227819576421,Lacc,2.349,8.352,-3.755,
152227819576421,GameRo,0.286,-0.516,0.807,0.018
152227827083421,pre,1006.109,,,
152227842586421,pre,1006.115,,,
152227858028421,pre,1006.118,,,
152227829532921,acc,7.098,0.253,-0.715,
152227849445921,acc,6.996,0.135,-0.618,
152227829532921,Gyro,0.560,0.240,0.750,
152227849445921,Gyro,0.282,0.053,-0.012,
152227839489421,Lacc,2.881,8.441,-3.954,
152227839489421,GameRo,-0.265,0.512,-0.817,0.004
152227859402421,Lacc,2.569,8.238,-3.858,
152227859402421,GameRo,-0.266,0.511,-0.817,0.004
152227873409421,pre,1006.115,,,
152227888821421,pre,1006.115,,,
152227869373921,acc,6.621,-0.077,-0.543,
152227889316921,acc,6.985,0.022,-0.638,
152227869373921,Gyro,-0.052,-0.170,-0.779,
152227889316921,Gyro,-0.400,-0.571,-1.572,
152227879345421,Lacc,2.344,8.114,-3.959,
152227879345421,GameRo,-0.267,0.507,-0.820,0.003
152227899288421,Lacc,3.387,8.135,-3.958,
152227899288421,GameRo,-0.268,0.506,-0.819,0.002
152227904140421,pre,1006.108,,,
152227919674421,pre,1006.108,,,
152227935085421,pre,1006.115,,,
152227909244921,acc,8.512,-0.299,-0.418,
152227929157921,acc,10.011,-1.643,0.090,
152227909244921,Gyro,-0.702,-1.030,-2.436,
152227929157921,Gyro,-0.843,-1.315,-3.325,
152227919201421,Lacc,4.407,7.021,-3.291,
152227919201421,GameRo,0.295,-0.504,0.811,0.021
152227939114421,Lacc,5.564,5.432,-2.714,
152227939114421,GameRo,0.296,-0.504,0.811,0.022
152227950497421,pre,1006.108,,,
152227965908421,pre,1006.115,,,
152227949070671,acc,10.770,-3.131,0.695,
152227968983171,acc,11.491,-3.455,1.168,
152227949070671,Gyro,-0.744,-1.480,-4.114,
152227968983171,Gyro,-0.579,-1.719,-4.708,
152227981228421,pre,1006.115,,,
152227959026921,Lacc,4.910,3.770,-1.616,
152227959026921,GameRo,0.351,-0.496,0.791,0.068
152227978939421,Lacc,6.153,3.973,-1.225,
152227978939421,GameRo,0.351,-0.496,0.791,0.069
152227996761421,pre,1006.118,,,
152228012173421,pre,1006.124,,,
152227988888171,acc,13.367,-2.993,1.369,
152228008785671,acc,16.047,-2.604,0.901,
152227988888171,Gyro,-0.569,-1.969,-5.032,
152228008785671,Gyro,-0.520,-2.059,-5.089,
152227998836921,Lacc,7.133,3.222,-0.698,
152227998836921,GameRo,0.423,-0.472,0.762,0.130
152228018734421,Lacc,9.783,3.463,-1.402,
152228018734421,GameRo,0.424,-0.472,0.762,0.131
152228027492421,pre,1006.105,,,
152228042995421,pre,1006.108,,,
152228058437421,pre,1006.115,,,
152228028667921,acc,18.266,-2.431,0.155,
152228048534921,acc,18.673,-2.509,-0.002,
152228028667921,Gyro,-0.262,-1.930,-4.991,
152228048534921,Gyro,0.024,-1.623,-4.796,
152228038601421,Lacc,10.021,1.851,-1.183,
152228038601421,GameRo,0.499,-0.439,0.722,0.192
152228058468421,Lacc,9.429,1.784,-0.861,
152228058468421,GameRo,0.499,-0.439,0.722,0.192
152228073849421,pre,1006.117,,,
152228089260421,pre,1006.123,,,
152228068447671,acc,17.355,-2.902,0.532,
152228088406171,acc,15.215,-2.653,1.368,
152228068447671,Gyro,0.128,-1.251,-4.473,
152228088406171,Gyro,-0.090,-0.884,-4.064,
152228078426921,Lacc,6.924,-0.295,0.356,
152228078426921,GameRo,0.561,-0.395,0.685,0.245
152228098385421,Lacc,4.530,0.150,1.187,
152228098385421,GameRo,0.561,-0.395,0.685,0.245
152228104549421,pre,1006.123,,,
152228120083421,pre,1006.124,,,
152228135494421,pre,1006.120,,,
152228108334171,acc,12.823,-2.235,1.985,
152228128231671,acc,10.943,-1.876,2.175,
152228108334171,Gyro,-0.551,-0.623,-3.615,
152228128231671,Gyro,-1.127,-0.565,-3.197,
152228118282921,Lacc,2.033,-0.718,1.903,
152228118282921,GameRo,0.602,-0.354,0.652,0.294
152228138180421,Lacc,0.622,-1.225,1.894,
152228138180421,GameRo,0.602,-0.354,0.653,0.294
152228150905421,pre,1006.116,,,
152228166317421,pre,1006.116,,,
152228148136671,acc,10.103,-2.373,2.098,
152228168049171,acc,9.426,-2.379,1.504,
152228148136671,Gyro,-1.683,-0.532,-2.775,
152228168049171,Gyro,-1.930,-0.355,-2.393,
152228158092921,Lacc,0.030,-2.395,1.849,
152228158092921,GameRo,0.623,-0.334,0.618,0.345
152228178005421,Lacc,-0.769,-2.835,1.306,
152228178005421,GameRo,0.623,-0.334,0.618,0.344
152228181637421,pre,1006.109,,,
152228197170421,pre,1006.112,,,
152228212612421,pre,1006.113,,,
152228187954171,acc,8.844,-3.049,1.216,
152228207851671,acc,8.718,-3.584,1.098,
152228187954171,Gyro,-2.008,-0.272,-2.072,
152228207851671,Gyro,-1.767,-0.158,-1.997,
152228197902921,Lacc,-1.023,-4.463,1.214,
152228197902921,GameRo,0.628,-0.331,0.584,0.394
152228217800421,Lacc,-1.014,-4.815,1.144,
152228217800421,GameRo,0.628,-0.331,0.584,0.394
152228228023421,pre,1006.111,,,
152228243465421,pre,1006.108,,,
152228227756671,acc,8.747,-3.971,1.061,
152228247669171,acc,8.844,-4.150,1.100,
152228227756671,Gyro,-1.381,-0.064,-1.954,
152228247669171,Gyro,-0.946,0.009,-1.894,
152228259609421,pre,1006.108,,,
152228237712921,Lacc,-0.879,-5.952,1.099,
152228237712921,GameRo,0.628,-0.328,0.555,0.437
152228257625421,Lacc,-0.646,-5.820,1.136,
152228257625421,GameRo,0.627,-0.328,0.555,0.437
152228274319421,pre,1006.106,,,
152228289760421,pre,1006.109,,,
152228267551421,acc,9.157,-3.881,1.043,
152228287403421,acc,9.268,-3.803,0.825,
152228267551421,Gyro,-0.641,0.063,-1.853,
152228287403421,Gyro,-0.499,0.105,-1.809,
152228277477421,Lacc,-0.227,-6.305,0.866,
152228277477421,GameRo,0.630,-0.315,0.533,0.468
152228297329421,Lacc,-0.205,-6.322,0.713,
152228297329421,GameRo,0.630,-0.316,0.533,0.468
152228305172421,pre,1006.116,,,
152228320614421,pre,1006.113,,,
152228336025421,pre,1006.113,,,
152228307285671,acc,9.431,-3.875,0.822,
152228327198171,acc,10.174,-4.015,1.046,
152228307285671,Gyro,-0.463,0.041,-1.729,
152228327198171,Gyro,-0.497,-0.071,-1.628,
152228317241921,Lacc,0.441,-7.063,0.779,
152228317241921,GameRo,0.635,-0.298,0.515,0.493
152228337154421,Lacc,1.339,-7.253,0.937,
152228337154421,GameRo,0.635,-0.298,0.515,0.493
152228351437421,pre,1006.114,,,
152228366878421,pre,1006.117,,,
152228347133671,acc,11.023,-4.274,1.083,
152228367092171,acc,11.488,-4.531,0.813,
152228347133671,Gyro,-0.589,-0.091,-1.454,
152228367092171,Gyro,-0.717,-0.063,-1.193,
152228357112921,Lacc,2.203,-8.093,0.752,
152228357112921,GameRo,0.639,-0.284,0.496,0.515
152228377071421,Lacc,2.488,-8.334,0.425,
152228377071421,GameRo,0.639,-0.285,0.496,0.514
152228382198421,pre,1006.114,,,
152228397732421,pre,1006.119,,,
152228387020171,acc,11.508,-4.797,0.431,
152228406917671,acc,11.424,-5.070,-0.026,
152228387020171,Gyro,-0.895,-0.029,-0.826,
152228406917671,Gyro,-1.031,-0.170,-0.327,
152228420742421,pre,1006.119,,,
152228396968921,Lacc,2.399,-8.996,-0.143,
152228396968921,GameRo,0.638,-0.278,0.480,0.534
152228416866421,Lacc,3.388,-9.225,-0.111,
152228416866421,GameRo,0.638,-0.279,0.480,0.533
152228436275421,pre,1006.125,,,
152228451687421,pre,1006.131,,,
152228426822921,acc,13.742,-5.143,0.671,
152228446735921,acc,14.793,-5.156,1.806,
152228426822921,Gyro,-0.899,-0.672,0.163,
152228446735921,Gyro,-0.480,-0.397,0.717,
152228436779421,Lacc,5.913,-9.248,0.896,
152228436779421,GameRo,0.631,-0.288,0.469,0.547
152228456692421,Lacc,4.838,-9.275,1.563,
152228456692421,GameRo,0.630,-0.288,0.469,0.547
152228467007421,pre,1006.133,,,
152228482540421,pre,1006.120,,,
152228466641171,acc,12.490,-5.177,1.849,
152228486538671,acc,11.804,-5.161,1.416,
152228466641171,Gyro,0.025,0.009,1.381,
152228486538671,Gyro,0.502,-0.083,1.934,
152228499264421,pre,1006.123,,,
152228476589921,Lacc,2.731,-8.972,1.357,
152228476589921,GameRo,0.624,-0.307,0.471,0.543
152228496487421,Lacc,3.478,-8.888,0.758,
152228496487421,GameRo,0.624,-0.308,0.471,0.542
152228513424421,pre,1006.124,,,
152228521145421,pre,1006.115,,,
152228506443671,acc,13.531,-4.913,0.644,
152228526356171,acc,15.403,-4.199,-0.377,
152228506443671,Gyro,1.038,-0.146,2.443,
152228526356171,Gyro,1.574,0.063,3.015,
152228537716421,pre,1006.115,,,
152228516399921,Lacc,5.219,-7.678,-0.092,
152228516399921,GameRo,0.617,-0.328,0.495,0.516
152228536312421,Lacc,6.808,-6.757,-1.049,
152228536312421,GameRo,0.617,-0.329,0.495,0.516
152228551968421,pre,1006.123,,,
152228567409421,pre,1006.118,,,
152228546268671,acc,16.742,-3.196,-1.181,
152228566181171,acc,17.475,-2.139,-1.512,
152228546268671,Gyro,2.005,0.348,3.608,
152228566181171,Gyro,2.291,0.681,4.135,
152228556224921,Lacc,7.588,-4.562,-1.512,
152228556224921,GameRo,0.611,-0.349,0.537,0.465
152228576137421,Lacc,7.957,-3.636,-1.541,
152228576137421,GameRo,0.611,-0.349,0.537,0.465
152228582760421,pre,1006.114,,,
152228598293421,pre,1006.114,,,
152228613735421,pre,1006.123,,,
152228586086171,acc,17.630,-1.409,-1.194,
152228605983671,acc,17.438,-0.454,-0.280,
152228586086171,Gyro,2.501,0.990,4.572,
152228605983671,Gyro,2.422,1.231,4.952,
152228596034921,Lacc,7.786,-1.195,-1.070,
152228596034921,GameRo,0.593,-0.367,0.598,0.395
152228615932421,Lacc,7.402,-0.575,-0.063,
152228615932421,GameRo,0.593,-0.367,0.598,0.395
152228629146421,pre,1006.132,,,
152228644558421,pre,1006.125,,,
152228625888921,acc,16.910,-0.286,0.417,
152228645801921,acc,15.799,-0.401,0.358,
152228625888921,Gyro,2.023,1.419,5.192,
152228645801921,Gyro,1.409,1.594,5.457,
152228635845421,Lacc,6.804,1.230,-0.348,
152228635845421,GameRo,0.558,-0.385,0.665,0.314
152228655758421,Lacc,5.301,1.152,-0.582,
152228655758421,GameRo,0.558,-0.385,0.665,0.314
152228659878421,pre,1006.114,,,
152228675411421,pre,1006.120,,,
152228690761421,pre,1006.105,,,
152228665707171,acc,14.087,-0.495,0.087,
152228685604671,acc,12.682,-0.551,-0.089,
152228665707171,Gyro,0.886,1.608,5.579,
152228685604671,Gyro,0.432,1.438,5.479,
152228675655921,Lacc,4.302,3.054,-1.531,
152228675655921,GameRo,0.500,-0.415,0.722,0.237
152228695553421,Lacc,3.128,2.864,-1.647,
152228695553421,GameRo,0.501,-0.415,0.722,0.237
152228706264421,pre,1006.096,,,
152228721706421,pre,1006.108,,,
152228705509671,acc,11.800,-0.716,-0.168,
152228725422171,acc,11.102,-0.656,-0.401,
152228705509671,Gyro,0.247,1.199,5.349,
152228725422171,Gyro,0.395,1.149,5.078,
152228737118421,pre,1006.106,,,
152228715465921,Lacc,3.562,4.636,-2.330,
152228752407421,pre,1006.108,,,
152228715465921,GameRo,0.435,-0.454,0.760,0.165
152228735378421,Lacc,2.579,4.924,-2.584,
152228735378421,GameRo,0.435,-0.453,0.760,0.165
152228767940421,pre,1006.108,,,
152228745334921,acc,9.873,-0.208,-0.581,
152228765247921,acc,8.584,-0.037,-0.800,
152228745334921,Gyro,0.448,1.115,4.795,
152228765247921,Gyro,0.531,1.142,4.390,
152228755291421,Lacc,2.566,6.674,-3.145,
152228755291421,GameRo,0.372,-0.485,0.785,0.095
152228775204421,Lacc,1.346,6.858,-3.383,
152228775204421,GameRo,0.373,-0.485,0.785,0.096
152228783382421,pre,1006.106,,,
152228798794421,pre,1006.109,,,
152228814236421,pre,1006.096,,,
152228785130171,acc,7.413,0.172,-1.026,
152228804981671,acc,6.304,0.114,-0.983,
152228785130171,Gyro,0.473,1.138,3.930,
152228804981671,Gyro,0.376,1.028,3.318,
152228795055921,Lacc,1.529,7.918,-3.917,
152228795055921,GameRo,0.313,-0.505,0.803,0.035
152228814907421,Lacc,0.577,7.779,-3.698,
152228814907421,GameRo,0.314,-0.505,0.803,0.036
152228829647421,pre,1006.106,,,
152228845058421,pre,1006.099,,,
152228824886671,acc,5.620,0.150,-0.610,
152228844845171,acc,5.494,0.647,-0.275,
152228824886671,Gyro,0.481,0.793,2.618,
152228844845171,Gyro,0.628,0.559,1.781,
152228834865921,Lacc,1.372,8.753,-3.572,
152228834865921,GameRo,-0.266,0.517,-0.814,0.008
152228854824421,Lacc,1.270,8.912,-3.380,
152228854824421,GameRo,-0.267,0.517,-0.813,0.008
152228860378421,pre,1006.097,,,
152228875912421,pre,1006.109,,,
152228864780671,acc,5.459,0.602,-0.246,
152228884693171,acc,5.372,0.347,-0.465,
152228864780671,Gyro,0.627,0.299,0.809,
152228884693171,Gyro,0.437,0.047,-0.165,
152228874736921,Lacc,1.877,8.978,-3.816,
152228874736921,GameRo,-0.241,0.515,-0.822,0.032
152228894649421,Lacc,1.705,8.603,-3.953,
152228894649421,GameRo,-0.242,0.515,-0.822,0.032
152228898952421,pre,1006.096,,,
152228914486421,pre,1006.106,,,
152228929897421,pre,1006.097,,,
152228904598171,acc,5.304,0.059,-0.499,
152228924495671,acc,5.991,0.386,-0.544,
152228904598171,Gyro,0.156,-0.236,-0.999,
152228924495671,Gyro,-0.160,-0.608,-1.715,
152228914546921,Lacc,1.807,8.509,-4.089,
152228914546921,GameRo,-0.245,0.507,-0.826,0.029
152228934444421,Lacc,3.106,8.897,-4.168,
152228934444421,GameRo,-0.246,0.506,-0.826,0.028
152228945339421,pre,1006.100,,,
152228960750421,pre,1006.109,,,
152228944400921,acc,7.826,0.376,-0.614,
152228964313921,acc,9.813,-1.006,-0.755,
152228944400921,Gyro,-0.560,-1.030,-2.426,
152228964313921,Gyro,-0.824,-1.308,-3.189,
152228954357421,Lacc,4.490,7.839,-4.117,
152228954357421,GameRo,-0.275,0.500,-0.821,0.004
152228974270421,Lacc,6.142,6.398,-4.198,
152228976101421,pre,1006.108,,,
152228974270421,GameRo,-0.276,0.500,-0.821,0.003
152228991512421,pre,1006.112,,,
152229007046421,pre,1006.111,,,
152228984219171,acc,11.244,-2.118,-0.732,
152229004116671,acc,12.836,-2.532,-0.247,
152228984219171,Gyro,-0.868,-1.567,-3.995,
152229004116671,Gyro,-0.930,-1.861,-4.703,
152228994167921,Lacc,6.407,5.223,-3.428,
152228994167921,GameRo,0.330,-0.494,0.803,0.041
152229014065421,Lacc,8.188,4.806,-2.758,
152229014065421,GameRo,0.331,-0.494,0.803,0.042
152229022335421,pre,1006.116,,,
152229037899421,pre,1006.116,,,
152229053310421,pre,1006.117,,,
152229023998921,acc,15.054,-2.594,0.434,
152229043865921,acc,18.004,-2.349,0.522,
152229023998921,Gyro,-0.891,-2.142,-5.130,
152229043865921,Gyro,-0.722,-2.264,-5.267,
152229033932421,Lacc,9.368,3.993,-1.559,
152229033932421,GameRo,0.405,-0.476,0.773,0.105
152229053799421,Lacc,12.076,3.978,-1.764,
152229053799421,GameRo,0.406,-0.476,0.773,0.106
152229068752421,pre,1006.112,,,
152229084164421,pre,1006.115,,,
152229063778671,acc,19.975,-2.476,0.219,
152229083737171,acc,20.121,-2.927,0.210,
152229063778671,Gyro,-0.371,-2.194,-5.179,
152229083737171,Gyro,0.127,-2.011,-5.052,
152229073757921,Lacc,11.793,2.186,-1.106,
152229073757921,GameRo,0.487,-0.445,0.732,0.170
152229093716421,Lacc,11.048,1.537,-0.858,
152229093716421,GameRo,0.487,-0.445,0.732,0.170
152229099483421,pre,1006.121,,,
152229115017421,pre,1006.115,,,
152229130428421,pre,1006.117,,,
152229103664921,acc,18.557,-3.482,0.649,
152229123561921,acc,16.505,-3.609,1.453,
152229103664921,Gyro,0.424,-1.843,-4.827,
152229123561921,Gyro,0.493,-1.654,-4.498,
152229113613421,Lacc,8.162,-0.636,0.435,
152229113613421,GameRo,0.559,-0.399,0.692,0.223
152229133510421,Lacc,6.171,-0.418,1.324,
152229133510421,GameRo,0.559,-0.399,0.692,0.224
152229145840421,pre,1006.115,,,
152229161281421,pre,1006.120,,,
152229143466921,acc,14.422,-3.041,2.231,
152229163379921,acc,12.364,-2.188,2.549,
152229143466921,Gyro,0.370,-1.332,-4.122,
152229163379921,Gyro,-0.121,-1.109,-3.738,
152229153423421,Lacc,3.621,-1.445,2.442,
152229153423421,GameRo,0.616,-0.348,0.655,0.266
152229173336421,Lacc,1.769,-1.118,2.406,
152229173336421,GameRo,0.616,-0.348,0.655,0.266
152229176632421,pre,1006.116,,,
152229192135421,pre,1006.116,,,
152229207546421,pre,1006.117,,,
152229183285171,acc,10.840,-2.503,2.242,
152229203182671,acc,9.984,-2.298,1.685,
152229183285171,Gyro,-0.822,-0.957,-3.326,
152229203182671,Gyro,-1.358,-0.733,-2.925,
152229193233921,Lacc,0.618,-2.514,2.409,
152229193233921,GameRo,0.652,-0.309,0.620,0.308
152229213131421,Lacc,-0.253,-2.475,1.858,
152229213131421,GameRo,0.652,-0.309,0.620,0.308
152229222866421,pre,1006.109,,,
152229238369421,pre,1006.106,,,
152229223087671,acc,9.272,-2.388,1.327,
152229243000171,acc,9.157,-2.605,1.258,
152229223087671,Gyro,-1.778,-0.603,-2.478,
152229243000171,Gyro,-1.888,-0.465,-2.254,
152229254391421,pre,1006.111,,,
152229233043921,Lacc,-0.540,-3.856,1.921,
152229233043921,GameRo,0.669,-0.293,0.583,0.356
152229252956421,Lacc,-0.498,-4.080,1.884,
152229252956421,GameRo,0.668,-0.293,0.584,0.356
152229269192421,pre,1006.097,,,
152229284634421,pre,1006.100,,,
152229262912921,acc,9.334,-3.181,1.244,
152229282825921,acc,9.656,-3.920,1.229,
152229262912921,Gyro,-1.815,-0.381,-2.126,
152229282825921,Gyro,-1.617,-0.259,-1.969,
152229272869421,Lacc,-0.038,-5.811,1.928,
152229272869421,GameRo,0.672,-0.289,0.550,0.403
152229292782421,Lacc,0.207,-6.240,1.896,
152229292782421,GameRo,0.671,-0.289,0.551,0.403
152229299923421,pre,1006.097,,,
152229315456421,pre,1006.101,,,
152229330868421,pre,1006.113,,,
152229302708171,acc,9.747,-4.105,1.212,
152229322559671,acc,9.675,-4.208,1.256,
152229302708171,Gyro,-1.321,-0.098,-1.847,
152229322559671,Gyro,-1.039,-0.017,-1.764,
152229312633921,Lacc,0.357,-7.099,1.832,
152229312633921,GameRo,0.671,-0.282,0.522,0.443
152229332485421,Lacc,0.353,-7.186,1.855,
152229332485421,GameRo,0.671,-0.283,0.523,0.443
152229346279421,pre,1006.112,,,
152229361690421,pre,1006.115,,,
152229342464671,acc,9.775,-4.312,1.277,
152229362423171,acc,10.227,-4.414,1.242,
152229342464671,Gyro,-0.815,0.002,-1.689,
152229362423171,Gyro,-0.674,-0.025,-1.580,
152229352443921,Lacc,0.835,-7.951,1.722,
152229352443921,GameRo,0.671,-0.271,0.502,0.474
152229372402421,Lacc,1.419,-8.047,1.688,
152229372402421,GameRo,0.671,-0.271,0.502,0.474
152229377010421,pre,1006.106,,,
152229392513421,pre,1006.117,,,
152229407925421,pre,1006.113,,,
152229382351171,acc,10.885,-4.566,1.177,
152229402248671,acc,11.337,-4.747,0.941,
152229382351171,Gyro,-0.637,-0.046,-1.404,
152229402248671,Gyro,-0.668,-0.020,-1.122,
152229392299921,Lacc,2.258,-8.752,1.432,
152229392299921,GameRo,0.672,-0.258,0.484,0.497
152229412197421,Lacc,2.543,-8.911,1.147,
152229412197421,GameRo,0.672,-0.258,0.484,0.497
152229423214421,pre,1006.114,,,
152229446438421,pre,1006.119,,,
152229422153671,acc,11.497,-4.874,0.509,
152229442066171,acc,12.673,-5.104,0.206,
152229422153671,Gyro,-0.746,0.001,-0.709,
152229442066171,Gyro,-0.769,-0.339,-0.221,
152229432109921,Lacc,3.039,-9.439,0.444,
152229432109921,GameRo,0.671,-0.251,0.470,0.516
152229452022421,Lacc,5.435,-9.574,0.885,
152229452022421,GameRo,0.670,-0.252,0.471,0.515
152229462185421,pre,1006.122,,,
152229477260421,pre,1006.123,,,
152229461978921,acc,15.416,-5.052,1.283,
152229481891921,acc,14.030,-5.003,2.234,
152229461978921,Gyro,-0.618,-0.541,0.290,
152229481891921,Gyro,-0.249,0.105,0.905,
152229493801421,pre,1006.118,,,
152229471935421,Lacc,6.691,-9.565,2.182,
152229471935421,GameRo,0.666,-0.260,0.461,0.525
152229491848421,Lacc,3.647,-9.436,2.408,
152229491848421,GameRo,0.666,-0.261,0.462,0.525
152229508083421,pre,1006.119,,,
152229523495421,pre,1006.130,,,
152229501804671,acc,11.337,-4.862,2.070,
152229521717171,acc,12.003,-4.884,1.544,
152229501804671,Gyro,0.131,0.263,1.609,
152229521717171,Gyro,0.567,0.050,2.157,
152229511760921,Lacc,2.364,-9.011,2.016,
152229511760921,GameRo,0.657,-0.276,0.472,0.519
152229531673421,Lacc,4.255,-8.935,1.194,
152229531673421,GameRo,0.657,-0.277,0.472,0.518
152229538906421,pre,1006.103,,,
152229554317421,pre,1006.109,,,
152229569759421,pre,1006.114,,,
152229541622171,acc,14.239,-4.659,0.292,
152229561519671,acc,15.771,-3.858,-1.304,
152229541622171,Gyro,1.098,0.187,2.694,
152229561519671,Gyro,1.580,0.522,3.290,
152229551570921,Lacc,5.850,-7.641,-0.333,
152229551570921,GameRo,0.649,-0.299,0.500,0.489
152229571468421,Lacc,7.182,-6.620,-1.627,
152229571468421,GameRo,0.649,-0.299,0.500,0.489
152229585171421,pre,1006.109,,,
152229600613421,pre,1006.116,,,
152229581417171,acc,16.976,-2.778,-2.138,
152229601314671,acc,17.667,-1.803,-1.980,
152229581417171,Gyro,1.928,0.823,3.845,
152229601314671,Gyro,2.168,1.151,4.329,
152229591365921,Lacc,7.797,-4.291,-1.993,
152229591365921,GameRo,0.638,-0.321,0.547,0.437
152229611263421,Lacc,8.267,-3.330,-1.410,
152229611263421,GameRo,0.638,-0.321,0.547,0.437
152229615932421,pre,1006.120,,,
152229631435421,pre,1006.124,,,
152229646877421,pre,1006.112,,,
152229621219921,acc,17.983,-0.831,-1.133,
152229641132921,acc,17.783,-0.213,-0.429,
152229621219921,Gyro,2.183,1.468,4.811,
152229641132921,Gyro,1.872,1.741,5.164,
152229631176421,Lacc,8.178,-0.771,-0.888,
152229631176421,GameRo,0.613,-0.341,0.611,0.367
152229651089421,Lacc,7.575,-0.490,-0.356,
152229651089421,GameRo,0.613,-0.341,0.611,0.367
152229662289421,pre,1006.120,,,
152229677700421,pre,1006.137,,,
152229661045671,acc,16.808,-0.244,-0.073,
152229680958171,acc,15.411,-0.726,-0.077,
152229661045671,Gyro,1.329,1.902,5.414,
152229680958171,Gyro,0.744,1.856,5.566,
152229693600421,pre,1006.116,,,
152229671001921,Lacc,6.513,1.219,-0.936,
152229671001921,GameRo,0.566,-0.367,0.678,0.291
152229690914421,Lacc,5.071,0.688,-1.004,
152229690914421,GameRo,0.566,-0.367,0.678,0.291
152229708553421,pre,1006.114,,,
152229723965421,pre,1006.115,,,
152229700863171,acc,14.039,-1.067,-0.200,
152229720760671,acc,13.172,-0.914,-0.363,
152229700863171,Gyro,0.382,1.711,5.635,
152229720760671,Gyro,0.199,1.444,5.521,
152229710811921,Lacc,4.567,2.688,-1.884,
152229710811921,GameRo,0.501,-0.407,0.732,0.219
152229730709421,Lacc,4.003,2.772,-2.121,
152229730709421,GameRo,0.502,-0.407,0.731,0.219
152229739376421,pre,1006.101,,,
152229754818421,pre,1006.096,,,
152229762508421,pre,1006.098,,,
152229740642921,acc,12.684,-0.852,-0.630,
152229760509921,acc,11.626,-0.693,-0.908,
152229740642921,Gyro,0.198,1.236,5.289,
152229760509921,Gyro,0.459,1.238,4.966,
152229750576421,Lacc,4.409,4.713,-2.907,
152229750576421,GameRo,0.435,-0.449,0.766,0.148
152229770443421,Lacc,3.016,4.991,-3.170,
152229770443421,GameRo,0.435,-0.449,0.766,0.148
152229777920421,pre,1006.105,,,
152229793331421,pre,1006.101,,,
152229808742421,pre,1006.108,,,
152229780414921,acc,10.057,-0.246,-1.073,
152229800357921,acc,8.631,0.044,-1.012,
152229780414921,Gyro,0.671,1.264,4.605,
152229800357921,Gyro,0.822,1.223,4.139,
152229790386421,Lacc,2.753,6.762,-3.648,
152229790386421,GameRo,0.372,-0.479,0.791,0.080
152229810329421,Lacc,1.631,7.097,-3.537,
152229810329421,GameRo,0.373,-0.479,0.791,0.081
152229824154421,pre,1006.106,,,
152229839565421,pre,1006.107,,,
152229820285921,acc,7.872,0.510,-0.921,
152229840198921,acc,7.501,0.744,-0.868,
152229820285921,Gyro,0.890,1.079,3.618,
152229840198921,Gyro,0.831,0.928,3.055,
152229830242421,Lacc,2.429,8.365,-3.989,
152229830242421,GameRo,0.316,-0.492,0.811,0.022
152229850155421,Lacc,2.101,8.530,-3.913,
152229850155421,GameRo,0.317,-0.492,0.811,0.023
152229854854421,pre,1006.108,,,
152229870388421,pre,1006.106,,,
152229885830421,pre,1006.106,,,
152229860111671,acc,7.282,0.981,-0.819,
152229880024171,acc,7.158,1.090,-0.858,
152229860111671,Gyro,0.713,0.762,2.392,
152229880024171,Gyro,0.462,0.598,1.614,
152229870067921,Lacc,3.037,9.228,-4.383,
152229870067921,GameRo,-0.273,0.496,-0.824,0.022
152229889980421,Lacc,2.779,9.136,-4.322,
152229889980421,GameRo,-0.274,0.495,-0.824,0.021
152229901241421,pre,1006.112,,,
152229916653421,pre,1006.112,,,
152229899929171,acc,6.816,0.909,-0.756,
152229919826671,acc,6.253,0.577,-0.652,
152229899929171,Gyro,0.130,0.448,0.752,
152229919826671,Gyro,-0.196,0.250,-0.099,
152229909877921,Lacc,2.890,9.048,-4.463,
152229909877921,GameRo,-0.250,0.496,-0.830,0.042
152229929775421,Lacc,2.268,8.743,-4.324,
152229929775421,GameRo,-0.251,0.496,-0.830,0.041
152229931972421,pre,1006.111,,,
152229947506421,pre,1006.109,,,
152229962917421,pre,1006.112,,,
152229939731921,acc,5.741,0.413,-0.575,
152229959644921,acc,5.990,0.476,-0.689,
152229939731921,Gyro,-0.476,0.001,-0.906,
152229959644921,Gyro,-0.749,-0.386,-1.643,
152229949688421,Lacc,1.998,8.729,-4.344,
152229949688421,GameRo,-0.250,0.499,-0.829,0.035
152229969601421,Lacc,2.744,8.631,-4.396,
152229969601421,GameRo,-0.251,0.499,-0.829,0.034
152229978237421,pre,1006.110,,,
152229993770421,pre,1006.102,,,
152230009212421,pre,1006.111,,,
152229979527171,acc,7.105,-0.066,-0.677,
152229999378671,acc,8.305,-1.725,-0.537,
152229979527171,Gyro,-1.036,-0.797,-2.367,
152229999378671,Gyro,-1.141,-1.210,-3.117,
152229989452921,Lacc,3.345,7.320,-4.029,
152229989452921,GameRo,-0.276,0.502,-0.820,0.006
152230009304421,Lacc,4.434,5.313,-3.658,
152230009304421,GameRo,-0.277,0.502,-0.819,0.005
152230032223421,pre,1006.116,,,
152230047756421,pre,1006.114,,,
152230019260671,acc,9.444,-3.736,0.017,
152230039173171,acc,11.496,-4.168,0.717,
152230019260671,Gyro,-0.864,-1.697,-3.905,
152230039173171,Gyro,-0.449,-2.130,-4.630,
152230029216921,Lacc,4.768,3.367,-2.403,
152230029216921,GameRo,0.329,-0.501,0.799,0.041
152230049129421,Lacc,7.206,3.556,-1.729,
152230049129421,GameRo,0.329,-0.501,0.799,0.041
152230063167421,pre,1006.120,,,
152230078609421,pre,1006.114,,,
152230059108671,acc,14.052,-4.091,1.256,
152230079067171,acc,16.474,-4.120,1.252,
152230059108671,Gyro,-0.106,-2.383,-5.178,
152230079067171,Gyro,0.376,-2.507,-5.354,
152230069087921,Lacc,8.229,2.224,-0.768,
152230069087921,GameRo,0.408,-0.476,0.773,0.097
152230089046421,Lacc,10.206,2.545,-0.973,
152230089046421,GameRo,0.409,-0.476,0.772,0.097
152230093929421,pre,1006.113,,,
152230109463421,pre,1006.109,,,
152230124874421,pre,1006.114,,,
152230098995171,acc,17.741,-3.670,0.969,
152230118892671,acc,17.598,-3.449,1.055,
152230098995171,Gyro,0.987,-2.462,-5.331,
152230118892671,Gyro,1.460,-2.387,-5.157,
152230108943921,Lacc,9.317,1.216,-0.458,
152230108943921,GameRo,0.497,-0.427,0.740,0.152
152230128841421,Lacc,8.716,1.301,-0.061,
152230128841421,GameRo,0.497,-0.427,0.740,0.152
152230140316421,pre,1006.115,,,
152230155727421,pre,1006.118,,,
152230138797921,acc,16.632,-3.465,1.793,
152230158710921,acc,15.278,-3.233,2.515,
152230138797921,Gyro,1.584,-2.275,-4.830,
152230158710921,Gyro,1.361,-1.928,-4.346,
152230171657421,pre,1006.125,,,
152230148754421,Lacc,6.659,-0.675,1.402,
152230148754421,GameRo,0.577,-0.359,0.708,0.192
152230168667421,Lacc,4.977,0.131,2.021,
152230168667421,GameRo,0.577,-0.359,0.708,0.192
152230186581421,pre,1006.120,,,
152230201992421,pre,1006.117,,,
152230178623671,acc,13.253,-1.976,2.726,
152230198536171,acc,10.881,-1.387,2.498,
152230178623671,Gyro,0.711,-1.456,-3.858,
152230198536171,Gyro,-0.447,-1.195,-3.343,
152230188579921,Lacc,2.249,-0.337,2.591,
152230188579921,GameRo,0.636,-0.296,0.676,0.223
152230208492421,Lacc,0.491,-0.158,2.246,
152230208492421,GameRo,0.636,-0.296,0.677,0.224
152230217434421,pre,1006.110,,,
152230232845421,pre,1006.101,,,
152230218418421,acc,9.950,-1.079,2.151,
152230238270421,acc,9.535,-1.702,1.405,
152230218418421,Gyro,-1.583,-1.039,-2.846,
152230238270421,Gyro,-2.317,-0.836,-2.400,
152230249203421,pre,1006.115,,,
152230228344421,Lacc,-0.057,-1.410,2.087,
152230228344421,GameRo,0.667,-0.265,0.643,0.267
152230248196421,Lacc,-0.404,-2.136,1.427,
152230248196421,GameRo,0.667,-0.266,0.643,0.267
152230263668421,pre,1006.116,,,
152230279110421,pre,1006.110,,,
152230258175671,acc,9.255,-2.140,0.961,
152230278134171,acc,9.127,-2.889,0.813,
152230258175671,Gyro,-2.660,-0.566,-1.978,
152230278134171,Gyro,-2.812,-0.406,-1.727,
152230268154921,Lacc,-0.593,-3.555,1.407,
152230268154921,GameRo,0.675,-0.268,0.606,0.323
152230288113421,Lacc,-0.553,-4.523,1.347,
152230288113421,GameRo,0.675,-0.268,0.607,0.323
152230294430421,pre,1006.101,,,
152230309933421,pre,1006.105,,,
152230325344421,pre,1006.106,,,
152230298039171,acc,9.300,-4.014,0.855,
152230317890671,acc,9.548,-4.813,0.980,
152230298039171,Gyro,-2.674,-0.304,-1.628,
152230317890671,Gyro,-2.283,-0.168,-1.555,
152230307964921,Lacc,-0.189,-6.293,1.452,
152230307964921,GameRo,0.669,-0.281,0.574,0.378
152230327816421,Lacc,-0.059,-6.787,1.556,
152230327816421,GameRo,0.669,-0.282,0.575,0.378
152230340755421,pre,1006.109,,,
152230356197421,pre,1006.099,,,
152230337795671,acc,9.550,-5.153,1.078,
152230357754171,acc,9.494,-5.282,1.140,
152230337795671,Gyro,-1.817,-0.045,-1.485,
152230357754171,Gyro,-1.314,0.027,-1.422,
152230347774921,Lacc,0.016,-7.640,1.517,
152230347774921,GameRo,0.661,-0.288,0.548,0.423
152230367733421,Lacc,-0.010,-7.607,1.534,
152230367733421,GameRo,0.661,-0.289,0.549,0.423
152230371487421,pre,1006.112,,,
152230387020421,pre,1006.104,,,
152230402431421,pre,1006.117,,,
152230377682171,acc,9.580,-5.147,1.139,
152230397579671,acc,10.105,-5.053,1.291,
152230377682171,Gyro,-0.830,0.009,-1.351,
152230397579671,Gyro,-0.432,-0.134,-1.263,
152230387630921,Lacc,0.405,-7.999,1.438,
152230387630921,GameRo,0.657,-0.285,0.530,0.455
152230407528421,Lacc,1.172,-7.910,1.612,
152230407528421,GameRo,0.657,-0.285,0.530,0.454
152230417843421,pre,1006.117,,,
152230433285421,pre,1006.122,,,
152230417484671,acc,11.007,-5.028,1.373,
152230437397171,acc,11.799,-4.942,1.216,
152230417484671,Gyro,-0.146,-0.244,-1.079,
152230437397171,Gyro,0.044,-0.276,-0.782,
152230448788421,pre,1006.109,,,
152230427440921,Lacc,2.215,-8.326,1.542,
152230427440921,GameRo,0.661,-0.275,0.515,0.471
152230447353421,Lacc,2.843,-8.172,1.372,
152230447353421,GameRo,0.660,-0.275,0.516,0.471
152230464107421,pre,1006.117,,,
152230479549421,pre,1006.120,,,
152230457286921,acc,12.195,-4.763,1.035,
152230477153921,acc,12.233,-4.573,0.764,
152230457286921,Gyro,0.094,-0.256,-0.386,
152230477153921,Gyro,0.014,-0.261,0.128,
152230467220421,Lacc,3.056,-8.241,1.240,
152230467220421,GameRo,0.667,-0.268,0.506,0.476
152230487087421,Lacc,3.501,-8.037,1.120,
152230487087421,GameRo,0.667,-0.269,0.506,0.476
152230494839421,pre,1006.124,,,
152230510372421,pre,1006.124,,,
152230525783421,pre,1006.124,,,
152230497036171,acc,13.385,-4.368,1.022,
152230516933671,acc,14.411,-4.088,1.619,
152230497036171,Gyro,-0.015,-0.475,0.636,
152230516933671,Gyro,0.027,-0.347,1.183,
152230506984921,Lacc,4.977,-7.705,1.783,
152230506984921,GameRo,0.669,-0.274,0.504,0.472
152230526882421,Lacc,4.811,-7.440,2.177,
152230526882421,GameRo,0.669,-0.274,0.505,0.472
152230541195421,pre,1006.122,,,
152230556637421,pre,1006.123,,,
152230536861671,acc,13.103,-3.811,1.625,
152230556820171,acc,12.181,-3.560,1.230,
152230536861671,Gyro,0.080,0.063,1.759,
152230556820171,Gyro,0.128,0.109,2.268,
152230546840921,Lacc,3.039,-6.673,1.970,
152230546840921,GameRo,0.665,-0.294,0.513,0.457
152230566799421,Lacc,3.305,-6.537,1.667,
152230566799421,GameRo,0.665,-0.294,0.513,0.457
152230579739421,pre,1006.114,,,
152230595150421,pre,1006.112,,,
152230576755671,acc,13.501,-3.586,1.014,
152230596668171,acc,15.366,-3.382,0.405,
152230576755671,Gyro,0.327,0.017,2.675,
152230596668171,Gyro,0.653,0.228,3.082,
152230586711921,Lacc,4.934,-5.651,1.301,
152230586711921,GameRo,0.650,-0.322,0.536,0.431
152230606624421,Lacc,6.465,-5.222,0.437,
152230606624421,GameRo,0.650,-0.322,0.537,0.431
152230610470421,pre,1006.115,,,
152230626003421,pre,1006.117,,,
152230641415421,pre,1006.109,,,
152230616573171,acc,16.459,-2.812,-0.576,
152230636470671,acc,16.680,-2.243,-1.171,
152230616573171,Gyro,0.987,0.596,3.462,
152230636470671,Gyro,1.309,0.954,3.752,
152230626521921,Lacc,6.906,-3.415,-0.461,
152230626521921,GameRo,0.632,-0.353,0.570,0.389
152230646419421,Lacc,6.785,-2.893,-0.865,
152230646419421,GameRo,0.632,-0.353,0.570,0.389
152230656826421,pre,1006.120,,,
152230672237421,pre,1006.117,,,
152230656375921,acc,16.280,-1.768,-1.371,
152230676288921,acc,15.262,-1.259,-1.053,
152230656375921,Gyro,1.612,1.285,3.965,
152230676288921,Gyro,1.795,1.544,4.163,
152230689205421,pre,1006.127,,,
152230666332421,Lacc,6.059,-0.902,-1.188,
152230666332421,GameRo,0.602,-0.377,0.619,0.335
152230686245421,Lacc,4.810,-0.483,-0.618,
152230686245421,GameRo,0.602,-0.377,0.619,0.335
152230703060421,pre,1006.133,,,
152230718502421,pre,1006.134,,,
152230696194171,acc,13.923,-0.975,-0.394,
152230716091671,acc,12.689,-1.012,0.044,
152230696194171,Gyro,1.792,1.671,4.313,
152230716091671,Gyro,1.588,1.679,4.403,
152230706142921,Lacc,3.744,1.211,-0.712,
152230706142921,GameRo,0.562,-0.392,0.675,0.273
152230726040421,Lacc,2.585,1.183,-0.494,
152230726040421,GameRo,0.562,-0.392,0.675,0.273
152230733913421,pre,1006.125,,,
152230749355421,pre,1006.115,,,
152230764767421,pre,1006.111,,,
152230735973921,acc,11.567,-0.983,0.147,
152230755840921,acc,10.514,-1.204,0.098,
152230735973921,Gyro,1.215,1.631,4.446,
152230755840921,Gyro,0.876,1.456,4.381,
152230745907421,Lacc,2.040,2.703,-1.254,
152230745907421,GameRo,0.511,-0.409,0.727,0.208
152230765774421,Lacc,1.226,2.361,-1.394,
152230765774421,GameRo,0.511,-0.409,0.726,0.209
152230780178421,pre,1006.097,,,
152230795833421,pre,1006.111,,,
152230775753671,acc,9.965,-1.490,-0.104,
152230795712171,acc,9.393,-2.004,-0.458,
152230775753671,Gyro,0.686,1.228,4.263,
152230795712171,Gyro,0.702,1.062,4.079,
152230785732921,Lacc,1.613,3.456,-2.293,
152230785732921,GameRo,0.457,-0.433,0.763,0.148
152230805691421,Lacc,0.970,3.047,-2.606,
152230805691421,GameRo,0.457,-0.433,0.763,0.148
152230810940421,pre,1006.106,,,
152230826443421,pre,1006.106,,,
152230841854421,pre,1006.109,,,
152230815640171,acc,8.706,-2.055,-0.652,
152230835537671,acc,7.747,-1.816,-0.695,
152230815640171,Gyro,0.917,0.980,3.753,
152230835537671,Gyro,1.109,0.956,3.411,
152230825588921,Lacc,1.175,4.344,-3.205,
152230825588921,GameRo,0.407,-0.454,0.787,0.089
152230845486421,Lacc,0.136,4.699,-3.137,
152230845486421,GameRo,0.408,-0.454,0.787,0.089
152230857265421,pre,1006.098,,,
152230872707421,pre,1006.102,,,
152230855442671,acc,6.697,-1.352,-0.565,
152230875355171,acc,5.772,-1.042,-0.420,
152230855442671,Gyro,1.188,0.919,2.989,
152230875355171,Gyro,1.095,0.827,2.521,
152230865398921,Lacc,0.103,5.916,-3.521,
152230865398921,GameRo,0.364,-0.461,0.808,0.036
152230885311421,Lacc,-0.727,6.030,-3.407,
152230885311421,GameRo,0.365,-0.461,0.808,0.037
152230888027421,pre,1006.107,,,
152230903561421,pre,1006.099,,,
152230919002421,pre,1006.108,,,
152230895260171,acc,5.070,-1.006,-0.388,
152230915157671,acc,4.538,-1.034,-0.528,
152230895260171,Gyro,0.904,0.688,2.053,
152230915157671,Gyro,0.728,0.519,1.551,
152230905208921,Lacc,-0.517,6.449,-3.976,
152230905208921,GameRo,-0.330,0.460,-0.824,0.003
152230925106421,Lacc,-0.991,6.333,-4.108,
152230925106421,GameRo,-0.331,0.460,-0.824,0.003
152230934414421,pre,1006.107,,,
152230949856421,pre,1006.102,,,
152230935055171,acc,4.221,-1.234,-0.626,
152230954952671,acc,4.499,-1.556,-0.523,
152230935055171,Gyro,0.666,0.259,0.971,
152230954952671,Gyro,0.640,-0.091,0.359,
152230965908421,pre,1006.098,,,
152230945003921,Lacc,-0.552,6.271,-4.419,
152230945003921,GameRo,-0.309,0.458,-0.833,0.027
152230964901421,Lacc,0.097,5.910,-4.204,
152230964901421,GameRo,-0.310,0.458,-0.833,0.027
152230980678421,pre,1006.108,,,
152230996120421,pre,1006.110,,,
152231003841421,pre,1006.099,,,
152230974834921,acc,5.450,-1.958,-0.232,
152230994701921,acc,6.288,-2.381,0.229,
152230974834921,Gyro,0.623,-0.463,-0.298,
152230994701921,Gyro,0.561,-0.750,-0.986,
152230984768421,Lacc,1.167,5.407,-3.999,
152230984768421,GameRo,-0.310,0.449,-0.837,0.036
152231004635421,Lacc,1.707,5.108,-3.502,
152231004635421,GameRo,-0.310,0.449,-0.837,0.036
152231019253421,pre,1006.113,,,
152231034664421,pre,1006.107,,,
152231014614671,acc,6.616,-2.534,0.617,
152231034573171,acc,7.062,-2.637,0.871,
152231014614671,Gyro,0.473,-0.978,-1.590,
152231034573171,Gyro,0.350,-1.313,-2.097,
152231024593921,Lacc,1.527,4.730,-3.238,
152231024593921,GameRo,-0.332,0.432,-0.838,0.029
152231044552421,Lacc,2.476,4.508,-2.992,
152231044552421,GameRo,-0.333,0.432,-0.838,0.028
152231057796421,pre,1006.117,,,
152231073208421,pre,1006.113,,,
152231054508671,acc,8.676,-3.064,1.074,
152231074421171,acc,10.777,-3.953,1.623,
152231054508671,Gyro,0.227,-1.854,-2.600,
152231074421171,Gyro,0.209,-2.222,-3.013,
152231064464921,Lacc,3.708,3.194,-2.489,
152231064464921,GameRo,-0.374,0.411,-0.831,0.006
152231084377421,Lacc,5.405,2.722,-1.714,
152231084377421,GameRo,-0.375,0.410,-0.831,0.006
152231088528421,pre,1006.117,,,
152231104061421,pre,1006.120,,,
152231119503421,pre,1006.125,,,
152231094326171,acc,11.750,-3.806,2.290,
152231114223671,acc,12.011,-3.140,2.479,
152231094326171,Gyro,0.200,-2.227,-3.273,
152231114223671,Gyro,0.057,-2.378,-3.453,
152231104274921,Lacc,4.656,2.417,-0.823,
152231104274921,GameRo,0.435,-0.383,0.814,0.025
152231124172421,Lacc,5.495,3.055,-0.704,
152231124172421,GameRo,0.436,-0.383,0.814,0.026
152231134823421,pre,1006.133,,,
152231150326421,pre,1006.119,,,
152231134128921,acc,13.665,-2.761,2.539,
152231154041921,acc,16.089,-2.976,2.622,
152231134128921,Gyro,-0.221,-2.645,-3.453,
152231154041921,Gyro,-0.340,-2.667,-3.310,
152231144085421,Lacc,6.714,1.961,0.113,
152231165645421,pre,1006.120,,,
152231144085421,GameRo,0.499,-0.352,0.789,0.063
152231163998421,Lacc,8.744,1.770,0.106,
152231163998421,GameRo,0.500,-0.352,0.789,0.063
152231181179421,pre,1006.125,,,
152231196590421,pre,1006.124,,,
152231173954671,acc,17.186,-3.215,2.558,
152231193867171,acc,16.318,-3.606,2.453,
152231173954671,Gyro,-0.300,-2.201,-3.076,
152231193867171,Gyro,-0.184,-1.598,-2.881,
152231183910921,Lacc,7.989,0.252,0.962,
152231183910921,GameRo,0.562,-0.326,0.754,0.100
152231203823421,Lacc,6.604,0.119,0.966,
152231203823421,GameRo,0.562,-0.326,0.754,0.100
152231211910421,pre,1006.125,,,
152231227444421,pre,1006.120,,,
152231242855421,pre,1006.133,,,
152231213749171,acc,14.769,-3.426,2.661,
152231233600671,acc,13.101,-2.790,3.247,
152231213749171,Gyro,-0.305,-1.165,-2.634,
152231233600671,Gyro,-0.676,-0.737,-2.352,
152231223674921,Lacc,4.593,-0.449,2.017,
152231223674921,GameRo,0.602,-0.299,0.728,0.135
152231243526421,Lacc,2.699,0.177,2.516,
152231243526421,GameRo,0.602,-0.299,0.728,0.135
152231258297421,pre,1006.119,,,
152231273769421,pre,1006.126,,,
152231253505671,acc,10.977,-2.319,3.525,
152231273464171,acc,8.879,-2.097,3.224,
152231253505671,Gyro,-1.146,-0.265,-2.049,
152231273464171,Gyro,-1.679,0.101,-1.754,
152231289028421,pre,1006.119,,,
152231263484921,Lacc,0.264,-0.404,2.868,
152231263484921,GameRo,0.623,-0.283,0.708,0.173
152231283443421,Lacc,-1.599,-0.213,2.369,
152231283443421,GameRo,0.623,-0.283,0.709,0.173
152231304500421,pre,1006.111,,,
152231320003421,pre,1006.115,,,
152231293392171,acc,7.312,-2.042,2.660,
152231313289671,acc,6.567,-2.645,1.989,
152231293392171,Gyro,-2.323,0.210,-1.404,
152231313289671,Gyro,-2.659,0.184,-1.056,
152231303340921,Lacc,-2.910,-1.063,1.728,
152231303340921,GameRo,0.624,-0.285,0.694,0.219
152231323238421,Lacc,-3.221,-1.686,1.179,
152231323238421,GameRo,0.624,-0.285,0.694,0.219
152231335415421,pre,1006.110,,,
152231350857421,pre,1006.107,,,
152231333194921,acc,6.470,-3.002,1.570,
152231353107921,acc,6.347,-3.358,1.324,
152231333194921,Gyro,-2.653,0.256,-0.896,
152231353107921,Gyro,-2.438,0.318,-0.844,
152231343151421,Lacc,-3.337,-2.273,0.882,
152231343151421,GameRo,0.614,-0.308,0.676,0.267
152231363064421,Lacc,-3.400,-2.650,0.666,
152231363064421,GameRo,0.614,-0.308,0.676,0.267
152231366238421,pre,1006.099,,,
152231381710421,pre,1006.099,,,
152231397152421,pre,1006.111,,,
152231373020671,acc,6.469,-3.572,1.139,
152231392933171,acc,6.831,-3.593,0.974,
152231373020671,Gyro,-2.025,0.322,-0.873,
152231392933171,Gyro,-1.547,0.308,-0.966,
152231382976921,Lacc,-3.131,-2.962,0.434,
152231382976921,GameRo,0.601,-0.328,0.660,0.309
152231402889421,Lacc,-2.738,-2.952,0.325,
152231402889421,GameRo,0.601,-0.329,0.660,0.309
152231412594421,pre,1006.108,,,
152231428036421,pre,1006.109,,,
152231412838171,acc,7.275,-3.523,0.971,
152231432735671,acc,8.111,-3.186,0.994,
152231412838171,Gyro,-1.112,0.274,-1.070,
152231432735671,Gyro,-0.856,0.193,-1.169,
152231444668421,pre,1006.109,,,
152231422786921,Lacc,-2.125,-3.082,0.291,
152231422786921,GameRo,0.593,-0.335,0.648,0.341
152231442684421,Lacc,-1.211,-2.712,0.246,
152231442684421,GameRo,0.593,-0.336,0.648,0.341
152231458858421,pre,1006.109,,,
152231474331421,pre,1006.111,,,
152231452640671,acc,8.945,-2.925,0.905,
152231472553171,acc,9.583,-2.755,0.800,
152231452640671,Gyro,-0.858,0.164,-1.230,
152231472553171,Gyro,-1.101,0.119,-1.219,
152231462596921,Lacc,-0.512,-2.959,0.084,
152231462596921,GameRo,0.592,-0.332,0.637,0.367
152231482509421,Lacc,0.103,-2.856,-0.153,
152231482509421,GameRo,0.592,-0.332,0.637,0.367
152231489681421,pre,1006.110,,,
152231505184421,pre,1006.115,,,
152231520626421,pre,1006.110,,,
152231492465921,acc,10.080,-2.867,0.410,
152231512378921,acc,10.317,-3.108,0.069,
152231492465921,Gyro,-1.436,0.088,-1.178,
152231512378921,Gyro,-1.705,0.015,-1.102,
152231502422421,Lacc,0.433,-3.540,-0.629,
152231502422421,GameRo,0.590,-0.331,0.622,0.396
152231522335421,Lacc,0.789,-3.787,-0.747,
152231522335421,GameRo,0.589,-0.331,0.622,0.395
152231536037421,pre,1006.120,,,
152231551449421,pre,1006.115,,,
152231532284171,acc,10.984,-3.379,0.165,
152231552181671,acc,11.865,-3.778,0.466,
152231532284171,Gyro,-1.878,-0.206,-0.983,
152231552181671,Gyro,-1.887,-0.352,-0.836,
152231542232921,Lacc,1.757,-4.440,-0.595,
152231542232921,GameRo,0.583,-0.340,0.601,0.428
152231562130421,Lacc,2.230,-4.852,-0.239,
152231562130421,GameRo,0.582,-0.340,0.602,0.428
152231566769421,pre,1006.113,,,
152231582302421,pre,1006.117,,,
152231597744421,pre,1006.125,,,
152231572086671,acc,11.654,-4.123,0.756,
152231591999171,acc,11.054,-4.010,0.486,
152231572086671,Gyro,-1.709,-0.296,-0.606,
152231591999171,Gyro,-1.468,-0.424,-0.305,
152231582042921,Lacc,1.448,-5.251,-0.139,
152231582042921,GameRo,0.575,-0.356,0.578,0.456
152231601955421,Lacc,2.141,-4.980,-0.323,
152231601955421,GameRo,0.575,-0.357,0.578,0.456
152231613155421,pre,1006.130,,,
152231629665421,pre,1006.126,,,
152231611904171,acc,13.330,-3.960,0.986,
152231631801671,acc,15.799,-4.530,2.600,
152231611904171,Gyro,-1.115,-1.053,-0.042,
152231631801671,Gyro,-0.499,-1.024,0.238,
152231621852921,Lacc,5.138,-5.401,1.104,
152231644100421,pre,1006.129,,,
152231621852921,GameRo,0.569,-0.375,0.559,0.472
152231641750421,Lacc,5.971,-5.738,2.090,
152231641750421,GameRo,0.569,-0.375,0.560,0.472
152231659389421,pre,1006.133,,,
152231674831421,pre,1006.120,,,
152231651706921,acc,14.781,-4.171,2.324,
152231671619921,acc,13.293,-2.560,0.607,
152231651706921,Gyro,0.091,-0.313,0.726,
152231671619921,Gyro,0.295,-0.045,1.197,
152231661663421,Lacc,4.060,-4.441,1.106,
152231661663421,GameRo,0.573,-0.393,0.548,0.466
152231681576421,Lacc,3.535,-2.657,-0.354,
152231681576421,GameRo,0.573,-0.393,0.548,0.466
152231690243421,pre,1006.117,,,
152231713405421,pre,1006.122,,,
152231691502171,acc,13.543,-0.699,-0.389,
152231711353671,acc,14.010,0.922,-0.643,
152231691502171,Gyro,0.213,0.044,1.733,
152231711353671,Gyro,-0.016,0.241,2.283,
152231701427921,Lacc,4.036,-0.341,-0.912,
152231701427921,GameRo,0.566,-0.404,0.562,0.449
152231721279421,Lacc,4.232,0.935,-0.937,
152231721279421,GameRo,0.566,-0.404,0.562,0.449
152231728725421,pre,1006.123,,,
152231744228421,pre,1006.125,,,
152231759670421,pre,1006.123,,,
152231731258671,acc,13.746,1.806,-0.508,
152231751217171,acc,12.606,1.412,-0.038,
152231731258671,Gyro,-0.325,0.472,2.888,
152231751217171,Gyro,-0.607,0.631,3.222,
152231741237921,Lacc,3.419,2.176,-0.744,
152231741237921,GameRo,0.544,-0.428,0.584,0.425
152231761196421,Lacc,2.304,1.187,-0.059,
152231761196421,GameRo,0.544,-0.428,0.584,0.425
152231775082421,pre,1006.136,,,
152231790523421,pre,1006.134,,,
152231771152671,acc,11.820,0.499,0.799,
152231791065171,acc,11.419,0.988,1.504,
152231771152671,Gyro,-0.714,0.587,3.327,
152231791065171,Gyro,-0.738,0.652,3.317,
152231781108921,Lacc,2.007,2.273,0.553,
152231781108921,GameRo,0.503,-0.463,0.612,0.398
152231801021421,Lacc,1.375,2.900,0.997,
152231801021421,GameRo,0.503,-0.463,0.611,0.398
152231805843421,pre,1006.133,,,
152231821987421,pre,1006.124,,,
152231836788421,pre,1006.124,,,
152231810970171,acc,10.548,1.361,1.627,
152231830867671,acc,9.738,1.236,1.352,
152231810970171,Gyro,-0.745,0.741,3.274,
152231830867671,Gyro,-0.780,0.725,3.172,
152231820918921,Lacc,0.749,4.243,0.709,
152231820918921,GameRo,0.457,-0.499,0.636,0.371
152231840816421,Lacc,0.157,3.995,0.365,
152231840816421,GameRo,0.458,-0.499,0.636,0.371
152231852199421,pre,1006.126,,,
152231867641421,pre,1006.125,,,
152231850772921,acc,9.269,0.989,1.031,
152231870685921,acc,8.754,0.807,0.958,
152231850772921,Gyro,-0.939,0.673,3.003,
152231870685921,Gyro,-1.109,0.671,2.751,
152231860729421,Lacc,0.158,4.936,-0.053,
152231860729421,GameRo,0.411,-0.531,0.656,0.345
152231880642421,Lacc,-0.491,4.791,-0.015,
152231880642421,GameRo,0.411,-0.530,0.656,0.346
152231882931421,pre,1006.112,,,
152231898464421,pre,1006.116,,,
152231913875421,pre,1006.109,,,
152231890598671,acc,7.983,0.765,0.949,
152231910511171,acc,7.053,0.571,0.945,
152231890598671,Gyro,-1.210,0.769,2.443,
152231910511171,Gyro,-1.284,0.876,2.098,
152231900554921,Lacc,-0.870,5.719,-0.060,
152231900554921,GameRo,0.366,-0.561,0.667,0.326
152231920467421,Lacc,-1.705,5.398,0.024,
152231920467421,GameRo,0.366,-0.561,0.667,0.327
152231929317421,pre,1006.114,,,
152231944637421,pre,1006.112,,,
152231960140421,pre,1006.106,,,
152231930393421,acc,6.488,0.218,1.192,
152231950245421,acc,6.583,-0.388,1.600,
152231930393421,Gyro,-1.363,0.854,1.703,
152231950245421,Gyro,-1.298,0.796,1.218,
152231940319421,Lacc,-1.453,5.635,0.386,
152231940319421,GameRo,0.323,-0.586,0.671,0.318
152231960171421,Lacc,-1.218,5.141,0.662,
152231960171421,GameRo,0.323,-0.586,0.671,0.319
152231975551421,pre,1006.112,,,
152231990993421,pre,1006.109,,,
152231970150671,acc,6.736,-0.592,1.655,
152231990109171,acc,6.604,-0.491,1.345,
152231970150671,Gyro,-1.173,0.976,0.716,
152231990109171,Gyro,-1.123,1.197,0.228,
152231980129921,Lacc,-0.951,5.534,0.563,
152231980129921,GameRo,0.290,-0.605,0.668,0.321
152232000088421,Lacc,-1.007,5.631,0.166,
152232000088421,GameRo,0.291,-0.605,0.668,0.322
152232006374421,pre,1006.114,,,
152232022060421,pre,1006.117,,,
152232037228421,pre,1006.104,,,
152232010014171,acc,6.777,-0.460,0.937,
152232029865671,acc,7.427,-0.606,0.487,
152232010014171,Gyro,-1.236,1.377,-0.233,
152232029865671,Gyro,-1.487,1.557,-0.662,
152232019939921,Lacc,-0.497,5.674,-0.351,
152232019939921,GameRo,0.266,-0.613,0.662,0.341
152232039791421,Lacc,0.284,5.433,-0.785,
152232039791421,GameRo,0.266,-0.612,0.662,0.341
152232052639421,pre,1006.106,,,
152232068081421,pre,1006.097,,,
152232049770671,acc,8.202,-0.880,0.035,
152232069729171,acc,8.795,-1.362,-0.489,
152232049770671,Gyro,-1.818,1.787,-1.050,
152232069729171,Gyro,-2.139,2.019,-1.413,
152232059749921,Lacc,0.860,4.938,-1.385,
152232059749921,GameRo,0.244,-0.617,0.646,0.377
152232079708421,Lacc,1.341,4.282,-1.900,
152232079708421,GameRo,0.244,-0.617,0.646,0.377
152232083401421,pre,1006.100,,,
152232098904421,pre,1006.109,,,
152232114315421,pre,1006.111,,,
152232089664671,acc,9.175,-2.115,-0.973,
152232109577171,acc,9.445,-2.841,-1.472,
152232089664671,Gyro,-2.402,2.186,-1.742,
152232109577171,Gyro,-2.601,2.276,-1.989,
152232099620921,Lacc,1.401,3.145,-2.496,
152232099620921,GameRo,0.220,-0.621,0.616,0.431
152232119533421,Lacc,1.780,2.873,-3.175,
152232119533421,GameRo,0.220,-0.622,0.616,0.431
152232129726421,pre,1006.112,,,
152232145138421,pre,1006.111,,,
152232129489921,acc,10.251,-2.507,-2.391,
152232149402921,acc,12.618,-3.297,-2.757,
152232129489921,Gyro,-2.813,2.236,-2.240,
152232149402921,Gyro,-2.887,1.750,-2.722,
152232139446421,Lacc,3.032,2.579,-4.186,
152232160915421,pre,1006.112,,,
152232139446421,GameRo,0.194,-0.624,0.574,0.494
152232159359421,Lacc,5.723,0.786,-3.905,
152232159359421,GameRo,0.195,-0.624,0.574,0.494
152232175960421,pre,1006.115,,,
152232191402421,pre,1006.122,,,
152232169285171,acc,14.820,-5.116,-2.177,
152232189136671,acc,14.747,-5.185,-1.937,
152232169285171,Gyro,-2.741,1.711,-3.142,
152232189136671,Gyro,-2.601,1.725,-3.447,
152232179210921,Lacc,6.368,-0.920,-3.512,
152232179210921,GameRo,0.179,-0.627,0.516,0.556
152232199062421,Lacc,5.769,-0.787,-3.233,
152232199062421,GameRo,0.180,-0.627,0.515,0.556
152232206814421,pre,1006.120,,,
152232222103421,pre,1006.120,,,
152232237636421,pre,1006.123,,,
152232209011171,acc,14.411,-5.262,-1.500,
152232228908671,acc,15.378,-5.149,-0.557,
152232209011171,Gyro,-2.764,1.139,-3.796,
152232228908671,Gyro,-2.927,0.419,-3.659,
152232218959921,Lacc,5.729,-1.968,-2.762,
152232218959921,GameRo,0.176,-0.621,0.448,0.619
152232238857421,Lacc,6.536,-1.445,-1.507,
152232238857421,GameRo,0.176,-0.621,0.448,0.619
152232253048421,pre,1006.138,,,
152232268490421,pre,1006.131,,,
152232248836671,acc,15.304,-4.143,0.874,
152232268795171,acc,13.612,-3.217,1.867,
152232248836671,Gyro,-2.558,-0.053,-3.285,
152232268795171,Gyro,-1.970,-0.408,-2.929,
152232258815921,Lacc,5.094,-1.425,0.039,
152232258815921,GameRo,0.181,-0.626,0.367,0.664
152232278774421,Lacc,3.187,-1.032,0.543,
152232278774421,GameRo,0.181,-0.626,0.367,0.664
152232283779421,pre,1006.143,,,
152232299312421,pre,1006.128,,,
152232314724421,pre,1006.123,,,
152232288723171,acc,11.751,-3.321,2.125,
152232308620671,acc,10.351,-3.602,2.379,
152232288723171,Gyro,-1.199,-0.721,-2.597,
152232308620671,Gyro,-0.373,-0.909,-2.282,
152232298671921,Lacc,1.311,-2.346,1.090,
152232298671921,GameRo,0.195,-0.634,0.302,0.685
152232318569421,Lacc,0.142,-2.307,1.305,
152232318569421,GameRo,0.194,-0.634,0.302,0.685
152232330135421,pre,1006.121,,,
152232345547421,pre,1006.118,,,
152232328525921,acc,9.239,-3.264,2.501,
152232348438921,acc,8.060,-3.233,2.133,
152232328525921,Gyro,-0.031,-0.903,-2.024,
152232348438921,Gyro,-0.073,-0.721,-1.762,
152232338482421,Lacc,-1.128,-2.923,1.583,
152232338482421,GameRo,0.223,-0.639,0.263,0.688
152232358395421,Lacc,-2.271,-3.057,0.925,
152232358395421,GameRo,0.222,-0.639,0.263,0.688
152232360897421,pre,1006.114,,,
152232376400421,pre,1006.103,,,
152232391811421,pre,1006.112,,,
152232368351671,acc,7.042,-3.390,1.338,
152232388264171,acc,6.276,-3.297,0.692,
152232368351671,Gyro,-0.215,-0.545,-1.614,
152232388264171,Gyro,-0.392,-0.386,-1.522,
152232378307921,Lacc,-3.124,-3.802,0.399,
152232378307921,GameRo,0.247,-0.641,0.235,0.687
152232398220421,Lacc,-3.851,-3.331,0.002,
152232398220421,GameRo,0.246,-0.641,0.236,0.687
152232407101421,pre,1006.112,,,
152232422817421,pre,1006.108,,,
152232408146171,acc,5.705,-2.721,0.504,
152232427997671,acc,5.712,-2.466,0.820,
152232408146171,Gyro,-0.732,-0.312,-1.544,
152232427997671,Gyro,-1.029,-0.389,-1.675,
152232438930421,pre,1006.101,,,
152232418071921,Lacc,-4.148,-3.444,0.198,
152232418071921,GameRo,0.261,-0.641,0.208,0.691
152232437923421,Lacc,-3.730,-3.472,0.650,
152232437923421,GameRo,0.261,-0.641,0.208,0.691
152232453457421,pre,1006.104,,,
152232468868421,pre,1006.101,,,
152232447902671,acc,6.509,-2.714,1.285,
152232467861171,acc,7.487,-3.063,1.545,
152232447902671,Gyro,-1.204,-0.476,-1.724,
152232467861171,Gyro,-1.265,-0.511,-1.746,
152232457881921,Lacc,-2.679,-4.413,1.125,
152232457881921,GameRo,0.268,-0.642,0.171,0.698
152232477840421,Lacc,-1.691,-4.733,1.277,
152232477840421,GameRo,0.268,-0.642,0.171,0.698
152232484188421,pre,1006.101,,,
152232499721421,pre,1006.099,,,
152232515133421,pre,1006.104,,,
152232487796921,acc,8.597,-3.402,1.713,
152232507709921,acc,10.109,-3.854,2.193,
152232487796921,Gyro,-1.275,-0.604,-1.814,
152232507709921,Gyro,-1.295,-0.766,-1.884,
152232497753421,Lacc,-0.261,-5.763,1.695,
152232497753421,GameRo,0.273,-0.643,0.128,0.704
152232517666421,Lacc,1.356,-6.339,2.297,
152232517666421,GameRo,0.273,-0.643,0.129,0.704
152232530544421,pre,1006.094,,,
152232545986421,pre,1006.107,,,
152232527615171,acc,11.672,-4.474,2.811,
152232547512671,acc,12.447,-4.949,3.130,
152232527615171,Gyro,-1.254,-0.879,-1.934,
152232547512671,Gyro,-1.148,-0.888,-1.895,
152232537563921,Lacc,2.788,-7.553,2.933,
152232537563921,GameRo,0.280,-0.646,0.082,0.705
152232557461421,Lacc,3.156,-7.963,3.185,
152232557461421,GameRo,0.279,-0.647,0.082,0.705
152232561275421,pre,1006.109,,,
152232576809421,pre,1006.112,,,
152232592220421,pre,1006.100,,,
152232567417671,acc,12.548,-5.289,3.466,
152232587330171,acc,12.653,-5.378,4.227,
152232567417671,Gyro,-0.909,-0.920,-1.664,
152232587330171,Gyro,-0.402,-1.057,-1.245,
152232577373921,Lacc,3.381,-8.852,3.911,
152232577373921,GameRo,0.288,-0.650,0.037,0.702
152232597286421,Lacc,3.668,-8.838,4.699,
152232597286421,GameRo,0.287,-0.650,0.038,0.703
152232607632421,pre,1006.103,,,
152232622951421,pre,1006.092,,,
152232607212171,acc,13.000,-5.274,4.817,
152232627063671,acc,12.891,-4.967,4.809,
152232607212171,Gyro,0.309,-1.113,-0.686,
152232627063671,Gyro,1.027,-0.943,-0.080,
152232639675421,pre,1006.100,,,
152232617137921,Lacc,4.052,-9.034,5.310,
152232617137921,GameRo,0.298,-0.658,0.011,0.692
152232636989421,Lacc,3.603,-8.635,4.938,
152232636989421,GameRo,0.297,-0.658,0.012,0.692
152232653866421,pre,1006.104,,,
152232669277421,pre,1006.092,,,
152232646945921,acc,12.430,-4.511,4.186,
152232666858921,acc,13.682,-3.984,3.797,
152232646945921,Gyro,1.609,-0.737,0.508,
152232666858921,Gyro,2.024,-0.798,0.993,
152232656902421,Lacc,3.816,-8.114,4.853,
152232656902421,GameRo,0.311,-0.670,0.020,0.674
152232676815421,Lacc,5.620,-7.583,4.584,
152232676815421,GameRo,0.311,-0.670,0.021,0.674
152232684688421,pre,1006.091,,,
152232700100421,pre,1006.096,,,
152232715420421,pre,1006.096,,,
152232686771671,acc,15.092,-3.537,3.566,
152232706684171,acc,15.192,-2.760,3.067,
152232686771671,Gyro,2.239,-0.342,1.460,
152232706684171,Gyro,2.157,0.424,1.942,
152232696727921,Lacc,6.115,-6.596,4.815,
152232696727921,GameRo,0.323,-0.684,0.058,0.651
152232716640421,Lacc,5.960,-5.561,3.923,
152232716640421,GameRo,0.323,-0.684,0.058,0.651
152232738644421,pre,1006.085,,,
152232754055421,pre,1006.087,,,
152232726619671,acc,14.847,-1.686,1.769,
152232746578171,acc,14.629,-0.738,0.248,
152232726619671,Gyro,1.770,1.190,2.499,
152232746578171,Gyro,1.324,1.775,3.131,
152232736598921,Lacc,5.289,-3.630,2.490,
152232736598921,GameRo,0.322,-0.687,0.116,0.641
152232756557421,Lacc,5.361,-2.994,1.010,
152232756557421,GameRo,0.322,-0.687,0.116,0.641
152232769466421,pre,1006.085,,,
152232784878421,pre,1006.091,,,
152232766506171,acc,14.948,-0.364,-1.132,
152232786403671,acc,15.754,0.394,-1.691,
152232766506171,Gyro,1.093,2.116,3.830,
152232786403671,Gyro,0.991,2.259,4.466,
152232776454921,Lacc,5.624,-1.265,-0.640,
152232776454921,GameRo,0.289,-0.680,0.186,0.647
152232796352421,Lacc,6.501,-0.422,-0.628,
152232796352421,GameRo,0.289,-0.680,0.187,0.647
152232800197421,pre,1006.094,,,
152232815731421,pre,1006.096,,,
152232831142421,pre,1006.099,,,
152232806308921,acc,16.593,0.817,-1.133,
152232826221921,acc,16.735,0.387,0.032,
152232806308921,Gyro,0.839,2.404,4.756,
152232826221921,Gyro,0.713,2.721,4.943,
152232816265421,Lacc,7.055,1.237,-0.542,
152232816265421,GameRo,0.232,-0.669,0.269,0.653
152232836178421,Lacc,6.356,0.507,0.577,
152232836178421,GameRo,0.232,-0.669,0.269,0.653
152232846554421,pre,1006.114,,,
152232861996421,pre,1006.108,,,
152232846127171,acc,15.177,-0.658,0.848,
152232866024671,acc,12.912,-1.654,1.052,
152232846127171,Gyro,0.588,2.992,4.808,
152232866024671,Gyro,0.302,2.928,4.573,
152232877682421,pre,1006.102,,,
152232856075921,Lacc,4.568,1.203,-0.081,
152232856075921,GameRo,0.160,-0.649,0.353,0.655
152232875973421,Lacc,2.666,0.525,0.107,
152232875973421,GameRo,0.160,-0.649,0.353,0.655
152232892849421,pre,1006.096,,,
152232908260421,pre,1006.094,,,
152232885929671,acc,11.624,-2.042,1.150,
152232905842171,acc,10.787,-1.674,0.678,
152232885929671,Gyro,-0.103,2.545,4.272,
152232905842171,Gyro,-0.393,2.176,3.887,
152232895885921,Lacc,2.603,2.132,-1.166,
152232895885921,GameRo,0.084,-0.620,0.423,0.656
152232915798421,Lacc,1.446,2.592,-1.857,
152232915798421,GameRo,0.084,-0.620,0.422,0.656
152232923702421,pre,1006.099,,,
152232939144421,pre,1006.099,,,
152232954555421,pre,1006.103,,,
152232925724171,acc,9.376,-1.146,-0.162,
152232945575671,acc,7.867,-0.673,-0.731,
152232925724171,Gyro,-0.503,1.889,3.634,
152232945575671,Gyro,-0.393,1.623,3.436,
152232935649921,Lacc,0.862,4.516,-3.242,
152232935649921,GameRo,0.013,-0.599,0.470,0.648
152232955501421,Lacc,-0.566,4.744,-3.702,
152232955501421,GameRo,0.014,-0.600,0.469,0.648
152232969967421,pre,1006.098,,,
152232985409421,pre,1006.104,,,
152232965480671,acc,6.596,-0.538,-1.146,
152232985439171,acc,5.743,-0.643,-1.262,
152232965480671,Gyro,-0.098,1.378,3.199,
152232985439171,Gyro,0.259,1.078,2.907,
152232975459921,Lacc,-0.663,5.830,-4.372,
152232975459921,GameRo,-0.046,-0.582,0.507,0.634
152232995418421,Lacc,-1.293,5.554,-4.268,
152232995418421,GameRo,-0.045,-0.583,0.507,0.634
152233000728421,pre,1006.108,,,
152233016231421,pre,1006.109,,,
152233031673421,pre,1006.100,,,
152233005374921,acc,5.389,-0.945,-1.043,
152233025287921,acc,5.494,-0.997,-0.791,
152233005374921,Gyro,0.641,0.765,2.529,
152233025287921,Gyro,0.950,0.496,2.045,
152233015331421,Lacc,-0.488,6.035,-4.345,
152233015331421,GameRo,-0.085,-0.564,0.544,0.616
152233035244421,Lacc,-0.323,6.069,-4.120,
152233035244421,GameRo,-0.085,-0.564,0.543,0.616
152233047085421,pre,1006.104,,,
152233062496421,pre,1006.112,,,
152233045193171,acc,5.664,-0.976,-0.590,
152233065090671,acc,5.952,-0.901,-0.448,
152233045193171,Gyro,1.119,0.284,1.476,
152233065090671,Gyro,1.137,0.024,0.860,
152233055141921,Lacc,0.487,6.386,-4.307,
152233055141921,GameRo,-0.100,-0.544,0.577,0.601
152233075039421,Lacc,0.896,6.454,-4.199,
152233075039421,GameRo,-0.099,-0.545,0.576,0.601
152233077816421,pre,1006.112,,,
152233093349421,pre,1006.111,,,
152233108791421,pre,1006.099,,,
152233084995671,acc,6.526,-0.853,-0.377,
152233104908171,acc,7.342,-0.879,-0.411,
152233084995671,Gyro,0.966,-0.274,0.217,
152233104908171,Gyro,0.654,-0.576,-0.437,
152233094951921,Lacc,1.831,6.451,-4.503,
152233094951921,GameRo,-0.094,-0.531,0.597,0.594
152233114864421,Lacc,2.620,6.353,-4.525,
152233114864421,GameRo,-0.093,-0.531,0.597,0.594
152233124203421,pre,1006.117,,,
152233139614421,pre,1006.115,,,
152233124820921,acc,8.014,-1.100,-0.355,
152233144733921,acc,8.487,-1.468,-0.149,
152233124820921,Gyro,0.318,-0.818,-1.086,
152233144733921,Gyro,0.025,-1.050,-1.694,
152233156673421,pre,1006.123,,,
152233134777421,Lacc,2.888,5.799,-4.406,
152233134777421,GameRo,-0.072,-0.532,0.598,0.595
152233154690421,Lacc,3.412,5.467,-4.267,
152233154690421,GameRo,-0.072,-0.532,0.598,0.595
152233170467421,pre,1006.122,,,
152233185909421,pre,1006.117,,,
152233164639171,acc,9.194,-1.639,-0.132,
152233184536671,acc,10.647,-1.528,-0.377,
152233164639171,Gyro,-0.256,-1.281,-2.251,
152233184536671,Gyro,-0.573,-1.616,-2.812,
152233174587921,Lacc,3.785,5.114,-4.151,
152233174587921,GameRo,-0.040,-0.547,0.578,0.604
152233194485421,Lacc,5.479,5.097,-4.384,
152233194485421,GameRo,-0.039,-0.548,0.577,0.604
152233201229421,pre,1006.117,,,
152233216762421,pre,1006.116,,,
152233232174421,pre,1006.115,,,
152233204441671,acc,12.265,-1.781,-0.614,
152233224354171,acc,12.782,-2.357,-0.626,
152233204441671,Gyro,-0.876,-1.777,-3.329,
152233224354171,Gyro,-1.003,-1.812,-3.776,
152233214397921,Lacc,5.646,3.872,-3.995,
152233214397921,GameRo,0.004,-0.575,0.536,0.618
152233234310421,Lacc,5.779,3.536,-3.789,
152233234310421,GameRo,0.005,-0.576,0.536,0.618
152233247585421,pre,1006.121,,,
152233263027421,pre,1006.121,,,
152233244259171,acc,13.073,-2.458,-0.140,
152233264156671,acc,14.840,-2.554,0.938,
152233244259171,Gyro,-1.050,-2.062,-4.108,
152233264156671,Gyro,-1.083,-2.464,-4.371,
152233254207921,Lacc,5.701,2.522,-2.198,
152233254207921,GameRo,0.056,-0.607,0.475,0.635
152233274105421,Lacc,7.988,2.090,-0.938,
152233274105421,GameRo,0.056,-0.607,0.475,0.635
152233286159421,pre,1006.127,,,
152233301571421,pre,1006.136,,,
152233284061671,acc,17.261,-3.125,2.088,
152233303974171,acc,18.418,-3.297,2.461,
152233284061671,Gyro,-0.834,-2.628,-4.464,
152233303974171,Gyro,-0.325,-2.349,-4.322,
152233294017921,Lacc,9.090,0.249,0.873,
152233294017921,GameRo,0.119,-0.640,0.401,0.645
152233313930421,Lacc,9.109,0.332,0.793,
152233313930421,GameRo,0.119,-0.640,0.401,0.645
152233316891421,pre,1006.136,,,
152233332424421,pre,1006.126,,,
152233348019421,pre,1006.126,,,
152233323886921,acc,17.408,-3.095,1.998,
152233343799921,acc,15.555,-2.659,1.552,
152233323886921,Gyro,0.164,-1.865,-4.016,
152233343799921,Gyro,0.464,-1.422,-3.603,
152233355587421,pre,1006.120,,,
152233333843421,Lacc,6.895,-0.990,1.103,
152233333843421,GameRo,0.188,-0.659,0.335,0.647
152233353756421,Lacc,4.985,-0.284,0.968,
152233353756421,GameRo,0.188,-0.659,0.335,0.647
152233371151421,pre,1006.127,,,
152233363705171,acc,13.548,-1.674,1.725,
152233383602671,acc,11.579,-0.719,2.027,
152233363705171,Gyro,0.312,-1.024,-3.092,
152233383602671,Gyro,-0.327,-0.628,-2.586,
152233395077421,pre,1006.120,,,
152233373653921,Lacc,2.736,-0.573,1.811,
152233373653921,GameRo,0.249,-0.658,0.289,0.649
152233393551421,Lacc,0.835,0.149,2.011,
152233393551421,GameRo,0.249,-0.658,0.289,0.649
152233409542421,pre,1006.121,,,
152233424953421,pre,1006.117,,,
152233403507671,acc,9.734,-0.359,2.077,
152233423420171,acc,8.466,-0.878,1.809,
152233403507671,Gyro,-1.336,-0.335,-2.116,
152233423420171,Gyro,-2.276,-0.173,-1.761,
152233413463921,Lacc,-0.798,-1.010,2.114,
152233413463921,GameRo,0.280,-0.655,0.247,0.657
152233433376421,Lacc,-1.734,-1.652,1.700,
152233433376421,GameRo,0.280,-0.654,0.248,0.657
152233440365421,pre,1006.094,,,
152233455807421,pre,1006.086,,,
152233471249421,pre,1006.093,,,
152233443325171,acc,7.741,-1.568,1.333,
152233463222671,acc,7.230,-2.219,0.967,
152233443325171,Gyro,-2.887,0.026,-1.356,
152233463222671,Gyro,-3.119,0.222,-1.054,
152233453273921,Lacc,-2.295,-2.999,1.246,
152233453273921,GameRo,0.272,-0.657,0.194,0.676
152233473171421,Lacc,-2.703,-3.670,0.946,
152233473171421,GameRo,0.272,-0.657,0.195,0.676
152233486660421,pre,1006.075,,,
152233494381421,pre,1006.074,,,
152233509792421,pre,1006.084,,,
152233483127921,acc,6.968,-2.945,0.747,
152233503040921,acc,7.092,-3.579,0.622,
152233483127921,Gyro,-3.012,0.338,-0.930,
152233503040921,Gyro,-2.667,0.412,-0.870,
152233493084421,Lacc,-2.699,-4.779,0.529,
152233493084421,GameRo,0.241,-0.659,0.141,0.698
152233512997421,Lacc,-2.477,-5.241,0.384,
152233512997421,GameRo,0.241,-0.659,0.142,0.698
152233525204421,pre,1006.073,,,
152233540645421,pre,1006.070,,,
152233522953671,acc,7.396,-3.908,0.479,
152233542866171,acc,7.797,-3.938,0.454,
152233522953671,Gyro,-2.211,0.469,-0.833,
152233542866171,Gyro,-1.721,0.502,-0.830,
152233532909921,Lacc,-2.060,-5.711,-0.023,
152233532909921,GameRo,0.213,-0.656,0.097,0.718
152233552822421,Lacc,-1.645,-5.594,-0.056,
152233552822421,GameRo,0.213,-0.656,0.098,0.718
152233555965421,pre,1006.069,,,
152233571468421,pre,1006.066,,,
152233586880421,pre,1006.074,,,
152233562771171,acc,8.211,-3.732,0.338,
152233582668671,acc,8.658,-3.458,0.190,
152233562771171,Gyro,-1.344,0.516,-0.859,
152233582668671,Gyro,-1.109,0.477,-0.870,
152233572719921,Lacc,-1.168,-5.606,-0.529,
152233572719921,GameRo,0.198,-0.648,0.066,0.732
152233592617421,Lacc,-0.595,-5.336,-0.672,
152233592617421,GameRo,0.197,-0.649,0.067,0.732
152233602291421,pre,1006.063,,,
152233617733421,pre,1006.070,,,
152233633572421,pre,1006.073,,,
152233602573671,acc,9.414,-3.326,0.113,
152233622486171,acc,10.527,-3.477,0.194,
152233602573671,Gyro,-1.028,0.311,-0.889,
152233622486171,Gyro,-1.022,0.117,-0.893,
152233612529921,Lacc,0.441,-5.629,-0.929,
152233612529921,GameRo,0.191,-0.640,0.042,0.743
152233632442421,Lacc,1.654,-5.801,-0.840,
152233632442421,GameRo,0.191,-0.640,0.043,0.743
152233648556421,pre,1006.069,,,
152233663967421,pre,1006.073,,,
152233642391171,acc,11.672,-3.634,0.190,
152233662288671,acc,11.870,-3.856,0.001,
152233642391171,Gyro,-1.078,0.006,-0.815,
152233662288671,Gyro,-1.124,0.003,-0.668,
152233679256421,pre,1006.068,,,
152233652339921,Lacc,2.530,-6.258,-1.085,
152233652339921,GameRo,0.186,-0.636,0.017,0.749
152233672237421,Lacc,2.198,-6.395,-1.451,
152233672237421,GameRo,0.185,-0.636,0.018,0.749
152233694790421,pre,1006.065,,,
152233710201421,pre,1006.075,,,
152233682193921,acc,11.665,-3.888,-0.533,
152233702106921,acc,14.002,-4.149,0.031,
152233682193921,Gyro,-1.138,-0.188,-0.449,
152233702106921,Gyro,-0.890,-0.922,-0.240,
152233692150421,Lacc,3.169,-6.683,-1.749,
152233692150421,GameRo,0.176,-0.634,-0.006,0.753
152233712063421,Lacc,5.960,-7.006,-0.532,
152233712063421,GameRo,0.176,-0.635,-0.005,0.753
152233725613421,pre,1006.082,,,
152233741054421,pre,1006.091,,,
152233722019671,acc,15.556,-4.621,1.440,
152233741932171,acc,13.393,-4.932,1.715,
152233722019671,Gyro,-0.275,-0.848,0.002,
152233741932171,Gyro,0.490,-0.463,0.431,
152233731975921,Lacc,5.261,-7.592,0.688,
152233731975921,GameRo,0.165,-0.646,-0.022,0.745
152233751888421,Lacc,3.187,-7.501,0.400,
152233751888421,GameRo,0.164,-0.646,-0.021,0.745
152233756374421,pre,1006.086,,,
152233771877421,pre,1006.086,,,
152233787289421,pre,1006.079,,,
152233761837171,acc,12.352,-4.801,1.176,
152233781734671,acc,12.830,-4.525,0.472,
152233761837171,Gyro,1.088,-0.470,0.903,
152233781734671,Gyro,1.673,-0.395,1.418,
152233771785921,Lacc,3.089,-7.244,0.001,
152233771785921,GameRo,0.165,-0.656,-0.009,0.737
152233791683421,Lacc,3.658,-6.659,-0.802,
152233791683421,GameRo,0.165,-0.656,-0.008,0.737
152233802608421,pre,1006.078,,,
152233818142421,pre,1006.079,,,
152233801639921,acc,13.393,-3.797,-0.424,
152233821552921,acc,14.248,-3.155,-1.212,
152233801639921,Gyro,2.273,-0.177,1.993,
152233821552921,Gyro,2.805,0.035,2.549,
152233833675421,pre,1006.080,,,
152233848843421,pre,1006.086,,,
152233811596421,Lacc,4.162,-5.405,-1.406,
152233811596421,GameRo,0.170,-0.666,0.034,0.726
152233831509421,Lacc,5.139,-4.891,-1.960,
152233831509421,GameRo,0.170,-0.666,0.035,0.725
152233841465671,acc,15.066,-2.676,-1.444,
152233861378171,acc,15.018,-1.721,-1.123,
152233841465671,Gyro,3.259,0.436,3.035,
152233861378171,Gyro,3.528,0.887,3.424,
152233872738421,pre,1006.097,,,
152233851421921,Lacc,5.384,-3.300,-1.729,
152233851421921,GameRo,0.175,-0.670,0.110,0.713
152233871334421,Lacc,4.970,-2.034,-1.176,
152233871334421,GameRo,0.175,-0.670,0.110,0.713
152233887508421,pre,1006.099,,,
152233902920421,pre,1006.092,,,
152233881283171,acc,14.283,-0.444,-0.389,
152233901180671,acc,13.179,0.183,0.368,
152233881283171,Gyro,3.386,1.274,3.739,
152233901180671,Gyro,2.788,1.498,4.021,
152233891231921,Lacc,3.962,0.252,-0.688,
152233891231921,GameRo,0.176,-0.659,0.208,0.701
152233911129421,Lacc,2.856,0.445,-0.090,
152233911129421,GameRo,0.176,-0.659,0.208,0.701
152233918239421,pre,1006.094,,,
152233933773421,pre,1006.098,,,
152233949184421,pre,1006.088,,,
152233921085671,acc,12.107,0.091,0.701,
152233940998171,acc,11.323,-0.061,0.680,
152233921085671,Gyro,1.934,1.632,4.259,
152233940998171,Gyro,1.084,1.599,4.470,
152233931041921,Lacc,2.070,1.740,-0.680,
152233931041921,GameRo,0.155,-0.637,0.304,0.691
152233950954421,Lacc,1.706,1.514,-0.730,
152233950954421,GameRo,0.155,-0.637,0.304,0.691
152233964596421,pre,1006.088,,,
152233980007421,pre,1006.095,,,
152233960903171,acc,11.358,-0.337,0.525,
152233980800671,acc,11.276,-0.685,0.174,
152233960903171,Gyro,0.433,1.436,4.576,
152233980800671,Gyro,0.083,1.372,4.581,
152233970851921,Lacc,2.389,2.761,-1.688,
152233970851921,GameRo,0.103,-0.620,0.382,0.677
152233990749421,Lacc,1.962,2.523,-2.076,
152233990749421,GameRo,0.103,-0.621,0.382,0.677
152233995327421,pre,1006.095,,,
152234010860421,pre,1006.096,,,
152234026180421,pre,1006.095,,,
152234000705921,acc,10.578,-0.813,-0.198,
152234020618921,acc,9.678,-0.922,-0.392,
152234000705921,Gyro,0.044,1.328,4.467,
152234020618921,Gyro,0.199,1.276,4.192,
152234010662421,Lacc,1.958,3.942,-2.845,
152234010662421,GameRo,0.037,-0.608,0.445,0.656
152234030575421,Lacc,1.191,3.926,-2.991,
152234030575421,GameRo,0.038,-0.609,0.445,0.656
152234041683421,pre,1006.093,,,
152234057125421,pre,1006.095,,,
152234040531671,acc,9.135,-0.837,-0.546,
152234060444171,acc,8.823,-0.631,-0.612,
152234040531671,Gyro,0.364,1.203,3.806,
152234060444171,Gyro,0.459,1.164,3.327,
152234050487921,Lacc,1.844,5.304,-3.507,
152234050487921,GameRo,-0.021,-0.592,0.500,0.632
152234070400421,Lacc,1.521,5.631,-3.634,
152234070400421,GameRo,-0.020,-0.592,0.500,0.632
152234072475421,pre,1006.098,,,
152234087978421,pre,1006.096,,,
152234103390421,pre,1006.099,,,
152234080349171,acc,8.502,-0.229,-0.810,
152234100246671,acc,8.234,0.053,-1.066,
152234080349171,Gyro,0.410,1.166,2.770,
152234100246671,Gyro,0.242,1.103,2.155,
152234090297921,Lacc,2.189,6.788,-4.285,
152234090297921,GameRo,-0.064,-0.571,0.544,0.612
152234110195421,Lacc,1.973,6.934,-4.478,
152234110195421,GameRo,-0.063,-0.571,0.543,0.612
152234118801421,pre,1006.098,,,
152234134243421,pre,1006.100,,,
152234149654421,pre,1006.095,,,
152234120128921,acc,8.111,0.061,-1.180,
152234139995921,acc,7.905,-0.172,-1.061,
152234120128921,Gyro,0.042,0.954,1.479,
152234139995921,Gyro,-0.126,0.775,0.746,
152234130062421,Lacc,2.589,7.255,-4.804,
152234130062421,GameRo,-0.095,-0.553,0.569,0.601
152234149929421,Lacc,2.200,6.944,-4.558,
152234149929421,GameRo,-0.094,-0.553,0.569,0.602
152234165096421,pre,1006.094,,,
152234180508421,pre,1006.095,,,
152234159900921,acc,7.354,-0.499,-0.759,
152234179843921,acc,6.898,-0.308,-0.526,
152234159900921,Gyro,-0.269,0.571,0.057,
152234179843921,Gyro,-0.445,0.285,-0.596,
152234169872421,Lacc,1.853,6.901,-4.345,
152234169872421,GameRo,-0.111,-0.545,0.573,0.602
152234189815421,Lacc,1.945,7.371,-4.311,
152234189815421,GameRo,-0.111,-0.545,0.573,0.602
152234197079421,pre,1006.096,,,
152234211330421,pre,1006.089,,,
152234226742421,pre,1006.093,,,
152234199771921,acc,7.664,-0.057,-0.602,
152234219684921,acc,8.712,-0.683,-0.782,
152234199771921,Gyro,-0.710,-0.203,-1.265,
152234219684921,Gyro,-0.900,-0.511,-1.916,
152234209728421,Lacc,2.865,7.069,-4.288,
152234209728421,GameRo,-0.111,-0.550,0.559,0.611
152234229641421,Lacc,3.637,6.317,-4.452,
152234229641421,GameRo,-0.110,-0.550,0.558,0.611
152234242153421,pre,1006.099,,,
152234257564421,pre,1006.100,,,
152234239597671,acc,9.267,-1.236,-0.776,
152234259510171,acc,10.158,-1.667,-0.320,
152234239597671,Gyro,-0.940,-0.813,-2.576,
152234259510171,Gyro,-0.941,-1.292,-3.207,
152234249553921,Lacc,3.540,5.579,-3.849,
152234249553921,GameRo,-0.093,-0.571,0.525,0.625
152234269466421,Lacc,4.974,5.075,-3.214,
152234269466421,GameRo,-0.092,-0.571,0.524,0.625
152234272884421,pre,1006.105,,,
152234288387421,pre,1006.116,,,
152234303829421,pre,1006.112,,,
152234279415171,acc,12.156,-2.192,0.390,
152234299312671,acc,14.645,-2.452,0.941,
152234279415171,Gyro,-0.849,-1.754,-3.769,
152234299312671,Gyro,-0.608,-2.011,-4.201,
152234289363921,Lacc,6.337,3.898,-1.955,
152234289363921,GameRo,-0.052,-0.602,0.474,0.640
152234309261421,Lacc,8.634,3.676,-1.511,
152234309261421,GameRo,-0.052,-0.603,0.473,0.641
152234319088421,pre,1006.104,,,
152234334621421,pre,1006.102,,,
152234319217921,acc,16.520,-2.615,1.248,
152234339130921,acc,16.774,-2.693,1.254,
152234319217921,Gyro,-0.198,-2.084,-4.461,
152234339130921,Gyro,0.243,-1.940,-4.561,
152234350521421,pre,1006.110,,,
152234329174421,Lacc,8.648,2.410,-0.595,
152234329174421,GameRo,0.011,-0.636,0.412,0.653
152234349087421,Lacc,8.100,2.206,-0.628,
152234349087421,GameRo,0.011,-0.636,0.412,0.653
152234365444421,pre,1006.101,,,
152234380764421,pre,1006.098,,,
152234359020921,acc,15.676,-2.816,1.322,
152234378887921,acc,13.979,-2.649,1.692,
152234359020921,Gyro,0.631,-1.715,-4.527,
152234378887921,Gyro,0.763,-1.460,-4.408,
152234368954421,Lacc,5.735,0.597,0.225,
152234368954421,GameRo,0.089,-0.655,0.354,0.662
152234388821421,Lacc,4.044,0.927,0.693,
152234388821421,GameRo,0.089,-0.655,0.354,0.662
152234396267421,pre,1006.097,,,
152234419491421,pre,1006.094,,,
152234398792921,acc,12.422,-2.294,2.133,
152234418735921,acc,11.115,-1.647,2.325,
152234398792921,Gyro,0.615,-1.208,-4.161,
152234418735921,Gyro,0.168,-0.931,-3.895,
152234408764421,Lacc,2.127,-0.330,1.495,
152234408764421,GameRo,0.165,-0.658,0.302,0.670
152234428707421,Lacc,0.822,0.276,1.487,
152234428707421,GameRo,0.165,-0.657,0.302,0.670
152234434719421,pre,1006.090,,,
152234450222421,pre,1006.086,,,
152234465633421,pre,1006.080,,,
152234438663671,acc,9.901,-1.345,2.125,
152234458576171,acc,9.156,-1.525,1.502,
152234438663671,Gyro,-0.617,-0.747,-3.519,
152234458576171,Gyro,-1.423,-0.611,-3.159,
152234448619921,Lacc,-0.332,-1.165,1.407,
152234448619921,GameRo,0.222,-0.654,0.248,0.679
152234468532421,Lacc,-0.802,-1.479,0.726,
152234468532421,GameRo,0.222,-0.654,0.248,0.679
152234481045421,pre,1006.090,,,
152234496487421,pre,1006.078,,,
152234478481171,acc,8.944,-1.841,0.902,
152234498378671,acc,9.027,-2.312,0.756,
152234478481171,Gyro,-1.944,-0.447,-2.731,
152234498378671,Gyro,-2.168,-0.318,-2.357,
152234488429921,Lacc,-0.794,-3.009,0.514,
152234488429921,GameRo,0.245,-0.654,0.184,0.692
152234508327421,Lacc,-0.602,-3.611,0.549,
152234508327421,GameRo,0.245,-0.654,0.185,0.692
152234511776421,pre,1006.087,,,
152234527309421,pre,1006.082,,,
152234542721421,pre,1006.076,,,
152234518283921,acc,9.340,-3.100,0.849,
152234538196921,acc,9.723,-3.860,0.955,
152234518283921,Gyro,-2.151,-0.220,-2.107,
152234538196921,Gyro,-1.911,-0.098,-1.916,
152234528240421,Lacc,-0.083,-5.338,0.649,
152234528240421,GameRo,0.246,-0.653,0.123,0.706
152234548153421,Lacc,0.170,-5.958,0.732,
152234548153421,GameRo,0.245,-0.653,0.123,0.706
152234558132421,pre,1006.077,,,
152234573543421,pre,1006.077,,,
152234558102171,acc,9.824,-4.366,0.993,
152234577999671,acc,9.677,-4.477,1.037,
152234558102171,Gyro,-1.534,0.047,-1.745,
152234577999671,Gyro,-1.135,0.151,-1.555,
152234589077421,pre,1006.073,,,
152234568050921,Lacc,0.293,-6.957,0.621,
152234568050921,GameRo,0.243,-0.649,0.072,0.717
152234587948421,Lacc,0.166,-6.909,0.680,
152234587948421,GameRo,0.242,-0.649,0.073,0.717
152234604366421,pre,1006.078,,,
152234619808421,pre,1006.086,,,
152234597881921,acc,9.832,-4.330,1.091,
152234617748921,acc,10.693,-4.160,1.056,
152234597881921,Gyro,-0.809,0.096,-1.374,
152234617748921,Gyro,-0.598,-0.026,-1.179,
152234607815421,Lacc,0.896,-7.231,0.512,
152234607815421,GameRo,0.245,-0.641,0.038,0.726
152234627682421,Lacc,1.809,-7.127,0.399,
152234627682421,GameRo,0.244,-0.641,0.038,0.726
152234635189421,pre,1006.081,,,
152234650631421,pre,1006.086,,,
152234666042421,pre,1006.083,,,
152234637661671,acc,11.453,-4.095,0.793,
152234657620171,acc,11.786,-4.053,0.414,
152234637661671,Gyro,-0.504,-0.039,-0.908,
152234657620171,Gyro,-0.514,-0.056,-0.555,
152234647640921,Lacc,2.478,-7.473,-0.043,
152234647640921,GameRo,0.250,-0.637,0.014,0.729
152234667599421,Lacc,2.654,-7.388,-0.405,
152234667599421,GameRo,0.249,-0.637,0.015,0.729
152234681454421,pre,1006.093,,,
152234696865421,pre,1006.094,,,
152234677548171,acc,11.861,-3.944,-0.007,
152234697445671,acc,13.065,-3.918,-0.101,
152234677548171,Gyro,-0.641,-0.106,-0.141,
152234697445671,Gyro,-0.734,-0.511,0.266,
152234687496921,Lacc,3.050,-7.460,-0.896,
152234687496921,GameRo,0.248,-0.635,0.001,0.731
152234707394421,Lacc,5.256,-7.424,-0.320,
152234707394421,GameRo,0.247,-0.636,0.001,0.731
152234712185421,pre,1006.106,,,
152234727596421,pre,1006.100,,,
152234735409421,pre,1006.103,,,
152234717350671,acc,15.413,-3.960,1.092,
152234737263171,acc,14.003,-4.277,2.019,
152234717350671,Gyro,-0.637,-0.712,0.643,
152234737263171,Gyro,-0.350,-0.184,1.064,
152234727306921,Lacc,6.115,-7.531,1.153,
152234727306921,GameRo,0.232,-0.644,-0.005,0.729
152234747219421,Lacc,3.263,-7.578,1.293,
152234747219421,GameRo,0.232,-0.645,-0.005,0.729
152234750728421,pre,1006.103,,,
152234766231421,pre,1006.099,,,
152234781643421,pre,1006.099,,,
152234757175671,acc,11.467,-4.123,1.652,
152234777088171,acc,11.704,-4.392,1.175,
152234757175671,Gyro,-0.057,-0.039,1.484,
152234777088171,Gyro,0.348,-0.217,1.820,
152234767131921,Lacc,1.906,-7.189,0.859,
152234767131921,GameRo,0.212,-0.653,0.006,0.727
152234787044421,Lacc,3.213,-7.293,0.282,
152234787044421,GameRo,0.211,-0.653,0.007,0.727
152234797054421,pre,1006.091,,,
152234812466421,pre,1006.090,,,
152234796993171,acc,13.469,-4.187,0.407,
152234816890671,acc,14.787,-3.448,-0.664,
152234796993171,Gyro,0.917,-0.150,2.228,
152234816890671,Gyro,1.493,0.138,2.715,
152234828823421,pre,1006.094,,,
152234806941921,Lacc,4.679,-6.089,-0.585,
152234806941921,GameRo,0.192,-0.663,0.038,0.722
152234826839421,Lacc,5.663,-5.199,-1.487,
152234826839421,GameRo,0.192,-0.663,0.039,0.722
152234843258421,pre,1006.096,,,
152234858669421,pre,1006.094,,,
152234836772921,acc,15.447,-2.504,-1.215,
152234856639921,acc,15.397,-1.712,-1.065,
152234836772921,Gyro,1.951,0.461,3.228,
152234856639921,Gyro,2.220,0.782,3.672,
152234846706421,Lacc,5.774,-3.251,-1.608,
152234846706421,GameRo,0.177,-0.669,0.099,0.715
152234866573421,Lacc,5.454,-2.570,-1.267,
152234866573421,GameRo,0.176,-0.670,0.099,0.715
152234874050421,pre,1006.094,,,
152234897182421,pre,1006.099,,,
152234876545171,acc,14.880,-1.049,-0.564,
152234896488671,acc,13.991,-0.332,0.105,
152234876545171,Gyro,2.292,1.073,4.072,
152234896488671,Gyro,2.107,1.257,4.375,
152234886516921,Lacc,4.678,-0.429,-0.873,
152234886516921,GameRo,0.156,-0.664,0.184,0.707
152234906460421,Lacc,3.707,-0.001,-0.299,
152234906460421,GameRo,0.156,-0.664,0.184,0.707
152234912533421,pre,1006.106,,,
152234927975421,pre,1006.108,,,
152234943386421,pre,1006.098,,,
152234916416671,acc,12.988,-0.272,0.519,
152234936329171,acc,11.807,-0.483,0.508,
152234916416671,Gyro,1.689,1.329,4.553,
152234936329171,Gyro,1.185,1.345,4.643,
152234926372921,Lacc,2.863,1.493,-0.661,
152234926372921,GameRo,0.122,-0.650,0.276,0.698
152234946285421,Lacc,1.667,1.162,-0.826,
152234946285421,GameRo,0.123,-0.650,0.276,0.698
152234958767421,pre,1006.099,,,
152234974178421,pre,1006.095,,,
152234956241921,acc,10.770,-0.804,0.351,
152234976154921,acc,10.407,-0.908,0.308,
152234956241921,Gyro,0.782,1.223,4.604,
152234976154921,Gyro,0.542,1.037,4.458,
152234966198421,Lacc,1.513,2.625,-1.511,
152234966198421,GameRo,0.071,-0.633,0.357,0.683
152234986111421,Lacc,1.379,2.515,-1.595,
152234986111421,GameRo,0.072,-0.633,0.356,0.683
152234989498421,pre,1006.102,,,
152235004970421,pre,1006.099,,,
152235020412421,pre,1006.103,,,
152234996059921,acc,10.262,-0.974,0.110,
152235015956921,acc,9.613,-0.935,-0.278,
152234996059921,Gyro,0.499,0.940,4.252,
152235015956921,Gyro,0.578,0.970,3.968,
152235006008421,Lacc,1.844,3.986,-2.342,
152235006008421,GameRo,0.016,-0.619,0.423,0.661
152235025905421,Lacc,0.970,4.023,-2.708,
152235025905421,GameRo,0.016,-0.620,0.423,0.661
152235035824421,pre,1006.103,,,
152235051235421,pre,1006.106,,,
152235035861921,acc,8.726,-0.794,-0.504,
152235055774921,acc,8.302,-0.413,-0.561,
152235035861921,Gyro,0.664,0.980,3.638,
152235055774921,Gyro,0.667,0.922,3.225,
152235066860421,pre,1006.112,,,
152235045818421,Lacc,1.240,5.471,-3.244,
152235045818421,GameRo,-0.032,-0.602,0.480,0.637
152235065731421,Lacc,0.904,5.770,-3.230,
152235065731421,GameRo,-0.031,-0.602,0.480,0.638
152235082058421,pre,1006.112,,,
152235097469421,pre,1006.112,,,
152235075702921,acc,7.924,-0.099,-0.599,
152235095645921,acc,7.462,0.193,-0.787,
152235075702921,Gyro,0.552,0.931,2.778,
152235095645921,Gyro,0.318,0.898,2.302,
152235112728421,pre,1006.112,,,
152235085674421,Lacc,1.354,6.903,-3.768,
152235085674421,GameRo,-0.069,-0.581,0.526,0.617
152235105617421,Lacc,1.004,7.066,-3.953,
152235105617421,GameRo,-0.069,-0.582,0.525,0.618
152235128261421,pre,1006.102,,,
152235143673421,pre,1006.115,,,
152235115558671,acc,7.408,0.264,-0.945,
152235135441171,acc,7.884,0.157,-0.999,
152235115558671,Gyro,0.093,0.746,1.755,
152235135441171,Gyro,-0.067,0.539,1.102,
152235125499921,Lacc,2.027,7.561,-4.383,
152235125499921,GameRo,-0.099,-0.564,0.554,0.604
152235145382421,Lacc,2.404,7.310,-4.325,
152235145382421,GameRo,-0.099,-0.565,0.553,0.604
152235159084421,pre,1006.120,,,
152235174496421,pre,1006.121,,,
152235155331171,acc,8.033,-0.166,-0.897,
152235175228671,acc,7.698,-0.544,-0.709,
152235155331171,Gyro,-0.154,0.393,0.368,
152235175228671,Gyro,-0.243,0.226,-0.389,
152235165279921,Lacc,2.653,7.151,-4.265,
152235165279921,GameRo,-0.116,-0.557,0.563,0.599
152235185177421,Lacc,2.264,6.957,-4.100,
152235185177421,GameRo,-0.116,-0.558,0.563,0.599
152235189846421,pre,1006.106,,,
152235205318421,pre,1006.113,,,
152235220730421,pre,1006.103,,,
152235195103171,acc,7.646,-0.402,-0.720,
152235214954671,acc,8.726,-0.159,-0.941,
152235195103171,Gyro,-0.409,-0.037,-1.124,
152235214954671,Gyro,-0.706,-0.442,-1.867,
152235205028921,Lacc,2.699,7.272,-4.255,
152235205028921,GameRo,-0.115,-0.560,0.554,0.606
152235224880421,Lacc,3.937,7.022,-4.395,
152235224880421,GameRo,-0.114,-0.560,0.553,0.606
152235236111421,pre,1006.115,,,
152235251552421,pre,1006.115,,,
152235234859671,acc,9.850,-0.911,-0.967,
152235254818171,acc,10.551,-1.690,-0.638,
152235234859671,Gyro,-0.892,-0.751,-2.620,
152235254818171,Gyro,-0.907,-1.073,-3.331,
152235266903421,pre,1006.125,,,
152235244838921,Lacc,4.144,5.682,-3.881,
152235244838921,GameRo,-0.096,-0.578,0.522,0.620
152235264797421,Lacc,5.028,5.256,-3.526,
152235264797421,GameRo,-0.095,-0.578,0.522,0.620
152235282375421,pre,1006.128,,,
152235297817421,pre,1006.120,,,
152235274753921,acc,11.848,-1.943,-0.202,
152235294666921,acc,13.951,-2.296,0.447,
152235274753921,Gyro,-0.893,-1.525,-3.962,
152235294666921,Gyro,-0.826,-1.918,-4.472,
152235284710421,Lacc,5.725,4.162,-2.424,
152235284710421,GameRo,-0.055,-0.607,0.470,0.639
152235304623421,Lacc,8.049,3.788,-1.711,
152235304623421,GameRo,-0.055,-0.607,0.469,0.639
152235313228421,pre,1006.120,,,
152235328640421,pre,1006.122,,,
152235344051421,pre,1006.120,,,
152235314549171,acc,16.358,-2.651,1.119,
152235334400671,acc,17.947,-2.800,1.368,
152235314549171,Gyro,-0.539,-2.183,-4.735,
152235334400671,Gyro,0.016,-2.150,-4.797,
152235324474921,Lacc,9.095,2.205,-0.437,
152235324474921,GameRo,0.008,-0.641,0.402,0.654
152235344326421,Lacc,9.649,2.104,-0.403,
152235344326421,GameRo,0.008,-0.641,0.402,0.654
152235359371421,pre,1006.115,,,
152235374752421,pre,1006.117,,,
152235354305671,acc,17.359,-2.883,1.270,
152235374264171,acc,15.398,-3.057,1.394,
152235354305671,Gyro,0.613,-1.846,-4.688,
152235374264171,Gyro,1.098,-1.511,-4.529,
152235364284921,Lacc,7.233,0.250,0.273,
152235364284921,GameRo,0.087,-0.665,0.338,0.661
152235384243421,Lacc,5.201,0.331,0.576,
152235384243421,GameRo,0.087,-0.665,0.338,0.661
152235390194421,pre,1006.117,,,
152235405819421,pre,1006.104,,,
152235422054421,pre,1006.113,,,
152235394214921,acc,13.421,-2.701,1.734,
152235414157921,acc,11.467,-1.800,1.954,
152235394214921,Gyro,1.214,-1.198,-4.235,
152235414157921,Gyro,0.840,-0.874,-3.895,
152235404186421,Lacc,2.758,-0.617,1.326,
152235404186421,GameRo,0.171,-0.666,0.289,0.666
152235424129421,Lacc,0.916,0.085,1.431,
152235424129421,GameRo,0.171,-0.666,0.289,0.667
152235444271421,pre,1006.103,,,
152235459682421,pre,1006.099,,,
152235434062921,acc,9.831,-1.165,1.865,
152235453929921,acc,8.961,-0.965,1.399,
152235434062921,Gyro,-0.008,-0.663,-3.458,
152235453929921,Gyro,-1.018,-0.601,-3.057,
152235443996421,Lacc,-0.534,-0.972,1.429,
152235443996421,GameRo,0.237,-0.657,0.244,0.673
152235463863421,Lacc,-0.938,-1.000,0.874,
152235463863421,GameRo,0.237,-0.657,0.244,0.673
152235475063421,pre,1006.085,,,
152235490475421,pre,1006.096,,,
152235473819921,acc,8.945,-1.134,0.911,
152235493732921,acc,9.177,-1.855,0.686,
152235473819921,Gyro,-1.744,-0.492,-2.669,
152235493732921,Gyro,-2.190,-0.339,-2.329,
152235483776421,Lacc,-0.693,-2.553,0.705,
152235483776421,GameRo,0.264,-0.654,0.188,0.684
152235503689421,Lacc,-0.453,-3.497,0.664,
152235503689421,GameRo,0.264,-0.654,0.188,0.684
152235505794421,pre,1006.092,,,
152235521328421,pre,1006.092,,,
152235536739421,pre,1006.085,,,
152235513638171,acc,9.385,-2.877,0.755,
152235533535671,acc,9.569,-3.792,0.802,
152235513638171,Gyro,-2.325,-0.168,-2.118,
152235533535671,Gyro,-2.189,-0.036,-1.977,
152235523586921,Lacc,-0.134,-5.356,0.713,
152235523586921,GameRo,0.264,-0.653,0.126,0.698
152235543484421,Lacc,0.088,-6.117,0.778,
152235543484421,GameRo,0.264,-0.653,0.127,0.698
152235552120421,pre,1006.091,,,
152235567562421,pre,1006.089,,,
152235582973421,pre,1006.094,,,
152235553417921,acc,9.792,-4.359,0.915,
152235573284921,acc,9.932,-4.604,1.054,
152235553417921,Gyro,-1.894,0.062,-1.823,
152235573284921,Gyro,-1.499,0.119,-1.696,
152235563351421,Lacc,0.444,-7.204,0.723,
152235563351421,GameRo,0.258,-0.648,0.072,0.713
152235583218421,Lacc,0.552,-7.301,0.838,
152235583218421,GameRo,0.257,-0.648,0.072,0.713
152235598385421,pre,1006.094,,,
152235613796421,pre,1006.096,,,
152235593166921,acc,9.975,-4.573,1.096,
152235613063921,acc,10.045,-4.537,1.061,
152235593166921,Gyro,-1.093,0.147,-1.545,
152235613063921,Gyro,-0.731,0.085,-1.344,
152235629116421,pre,1006.087,,,
152235603115421,Lacc,0.734,-7.825,0.588,
152235603115421,GameRo,0.257,-0.640,0.031,0.724
152235623012421,Lacc,1.000,-7.770,0.565,
152235623012421,GameRo,0.256,-0.640,0.031,0.724
152235644619421,pre,1006.091,,,
152235660030421,pre,1006.091,,,
152235632991671,acc,10.508,-4.486,1.062,
152235652950171,acc,11.159,-4.329,0.969,
152235632991671,Gyro,-0.429,-0.032,-1.118,
152235652950171,Gyro,-0.260,-0.110,-0.818,
152235642970921,Lacc,1.774,-8.111,0.441,
152235642970921,GameRo,0.262,-0.632,0.004,0.729
152235662929421,Lacc,2.375,-7.986,0.209,
152235662929421,GameRo,0.261,-0.633,0.005,0.729
152235675442421,pre,1006.095,,,
152235690884421,pre,1006.099,,,
152235672885921,acc,11.711,-4.309,0.653,
152235692798921,acc,12.088,-4.289,0.083,
152235672885921,Gyro,-0.234,-0.157,-0.419,
152235692798921,Gyro,-0.319,-0.197,0.069,
152235682842421,Lacc,2.915,-8.249,-0.228,
152235682842421,GameRo,0.267,-0.630,-0.010,0.729
152235702755421,Lacc,3.743,-8.194,-0.617,
152235702755421,GameRo,0.266,-0.631,-0.009,0.729
152235706173421,pre,1006.095,,,
152235721706421,pre,1006.112,,,
152235737118421,pre,1006.110,,,
152235712704171,acc,13.803,-4.138,0.127,
152235732601671,acc,15.145,-3.841,0.962,
152235712704171,Gyro,-0.343,-0.533,0.561,
152235732601671,Gyro,-0.246,-0.443,1.113,
152235722652921,Lacc,5.813,-7.836,-0.110,
152235722652921,GameRo,0.260,-0.635,-0.013,0.727
152235742550421,Lacc,5.559,-7.633,0.773,
152235742550421,GameRo,0.259,-0.635,-0.012,0.727
152235752529421,pre,1006.106,,,
152235767940421,pre,1006.099,,,
152235752506671,acc,13.412,-3.645,1.539,
152235772419171,acc,11.904,-3.531,1.406,
152235752506671,Gyro,-0.074,-0.025,1.733,
152235772419171,Gyro,0.027,0.017,2.280,
152235783779421,pre,1006.104,,,
152235762462921,Lacc,3.213,-6.936,1.069,
152235762462921,GameRo,0.241,-0.647,0.000,0.723
152235782375421,Lacc,2.831,-7.038,0.712,
152235782375421,GameRo,0.240,-0.647,0.001,0.723
152235798794421,pre,1006.094,,,
152235814205421,pre,1006.090,,,
152235792301421,acc,12.628,-3.693,0.836,
152235812153421,acc,14.265,-3.499,-0.098,
152235792301421,Gyro,0.293,-0.105,2.756,
152235812153421,Gyro,0.737,0.009,3.210,
152235802227421,Lacc,4.007,-6.165,-0.069,
152235802227421,GameRo,0.210,-0.657,0.035,0.723
152235822079421,Lacc,5.461,-5.675,-1.025,
152235822079421,GameRo,0.210,-0.658,0.036,0.723
152235829616421,pre,1006.091,,,
152235845028421,pre,1006.087,,,
152235860470421,pre,1006.095,,,
152235832035671,acc,15.475,-2.773,-0.997,
152235851948171,acc,16.299,-2.106,-1.361,
152235832035671,Gyro,1.225,0.231,3.692,
152235851948171,Gyro,1.685,0.449,4.120,
152235841991921,Lacc,6.225,-3.715,-1.681,
152235841991921,GameRo,0.178,-0.669,0.093,0.716
152235861904421,Lacc,6.753,-3.077,-1.737,
152235861904421,GameRo,0.178,-0.669,0.093,0.716
152235875881421,pre,1006.103,,,
152235891292421,pre,1006.095,,,
152235871883671,acc,16.356,-1.543,-1.218,
152235891842171,acc,15.371,-0.782,-0.749,
152235871883671,Gyro,2.110,0.772,4.453,
152235891842171,Gyro,2.353,1.088,4.646,
152235881862921,Lacc,6.195,-0.909,-1.587,
152235881862921,GameRo,0.145,-0.671,0.176,0.705
152235901821421,Lacc,4.952,-0.252,-0.966,
152235901821421,GameRo,0.145,-0.671,0.176,0.705
152235906673421,pre,1006.096,,,
152235922146421,pre,1006.112,,,
152235937557421,pre,1006.103,,,
152235911770171,acc,14.269,-0.516,-0.069,
152235931667671,acc,13.531,-0.583,0.271,
152235911770171,Gyro,2.198,1.130,4.739,
152235931667671,Gyro,1.799,1.152,4.739,
152235921718921,Lacc,4.386,1.489,-0.906,
152235921718921,GameRo,0.111,-0.658,0.274,0.693
152235941616421,Lacc,3.432,1.452,-0.807,
152235941616421,GameRo,0.111,-0.658,0.274,0.693
152235952968421,pre,1006.099,,,
152235968380421,pre,1006.103,,,
152235951572671,acc,12.301,-0.515,0.189,
152235971485171,acc,11.079,-0.526,-0.083,
152235951572671,Gyro,1.318,1.214,4.664,
152235971485171,Gyro,0.888,1.132,4.564,
152235961528921,Lacc,2.710,3.184,-1.626,
152235961528921,GameRo,0.067,-0.640,0.363,0.674
152235981441421,Lacc,1.704,3.133,-1.910,
152235981441421,GameRo,0.068,-0.640,0.363,0.674
152235983700421,pre,1006.099,,,
152235999233421,pre,1006.100,,,
152236014645421,pre,1006.101,,,
152235991367421,acc,10.344,-0.476,-0.353,
152236011219421,acc,9.718,-0.317,-0.539,
152235991367421,Gyro,0.585,0.987,4.455,
152236011219421,Gyro,0.451,0.896,4.236,
152236001293421,Lacc,1.999,4.751,-2.671,
152236001293421,GameRo,0.013,-0.622,0.434,0.651
152236021145421,Lacc,1.232,4.824,-2.766,
152236021145421,GameRo,0.014,-0.622,0.434,0.651
152236029964421,pre,1006.112,,,
152236045467421,pre,1006.103,,,
152236060879421,pre,1006.099,,,
152236031101671,acc,8.874,-0.212,-0.583,
152236051014171,acc,7.997,-0.026,-0.607,
152236031101671,Gyro,0.464,0.869,3.909,
152236051014171,Gyro,0.510,0.872,3.468,
152236041057921,Lacc,1.410,6.216,-3.180,
152236041057921,GameRo,-0.039,-0.606,0.492,0.624
152236060970421,Lacc,0.471,6.355,-3.205,
152236060970421,GameRo,-0.038,-0.606,0.491,0.624
152236076290421,pre,1006.111,,,
152236091732421,pre,1006.110,,,
152236070949671,acc,7.046,0.066,-0.678,
152236090908171,acc,6.389,0.249,-0.648,
152236070949671,Gyro,0.487,0.864,2.963,
152236090908171,Gyro,0.370,0.747,2.379,
152236080928921,Lacc,0.595,7.284,-3.587,
152236080928921,GameRo,-0.081,-0.587,0.538,0.600
152236100887421,Lacc,0.233,7.465,-3.559,
152236100887421,GameRo,-0.081,-0.587,0.537,0.600
152236107143421,pre,1006.104,,,
152236122585421,pre,1006.100,,,
152236137997421,pre,1006.107,,,
152236110836171,acc,6.354,0.325,-0.658,
152236130733671,acc,6.651,0.200,-0.702,
152236110836171,Gyro,0.197,0.560,1.718,
152236130733671,Gyro,0.078,0.413,0.988,
152236120784921,Lacc,1.182,7.871,-3.850,
152236120784921,GameRo,-0.110,-0.571,0.567,0.584
152236140682421,Lacc,1.482,7.761,-3.897,
152236140682421,GameRo,-0.110,-0.571,0.566,0.584
152236153530421,pre,1006.115,,,
152236168850421,pre,1006.117,,,
152236150638921,acc,6.946,0.011,-0.716,
152236170551921,acc,7.050,-0.462,-0.535,
152236150638921,Gyro,-0.054,0.239,0.191,
152236170551921,Gyro,-0.207,0.044,-0.632,
152236160595421,Lacc,2.014,7.555,-3.899,
152236160595421,GameRo,-0.123,-0.564,0.576,0.578
152236180508421,Lacc,1.997,7.107,-3.681,
152236180508421,GameRo,-0.122,-0.565,0.575,0.579
152236184170421,pre,1006.107,,,
152236199673421,pre,1006.112,,,
152236215114421,pre,1006.108,,,
152236190464671,acc,7.075,-0.670,-0.343,
152236210377171,acc,7.875,-0.072,-0.408,
152236190464671,Gyro,-0.332,-0.179,-1.401,
152236210377171,Gyro,-0.579,-0.504,-2.098,
152236230404421,pre,1006.101,,,
152236200420921,Lacc,2.065,7.231,-3.524,
152236200420921,GameRo,-0.116,-0.569,0.564,0.587
152236220333421,Lacc,3.355,7.589,-3.690,
152236220333421,GameRo,-0.116,-0.569,0.564,0.587
152236245937421,pre,1006.101,,,
152236230282171,acc,9.444,-0.337,-0.604,
152236250179671,acc,10.831,-1.381,-0.747,
152236230282171,Gyro,-0.850,-0.819,-2.779,
152236250179671,Gyro,-0.936,-1.046,-3.451,
152236262112421,pre,1006.114,,,
152236240230921,Lacc,4.183,6.336,-3.596,
152236240230921,GameRo,-0.092,-0.587,0.532,0.603
152236260128421,Lacc,5.445,5.553,-3.583,
152236260128421,GameRo,-0.091,-0.587,0.531,0.604
152236276760421,pre,1006.105,,,
152236292171421,pre,1006.118,,,
152236270061921,acc,12.112,-1.770,-0.556,
152236289928921,acc,13.785,-2.155,-0.108,
152236270061921,Gyro,-0.937,-1.326,-4.057,
152236289928921,Gyro,-0.928,-1.650,-4.582,
152236279995421,Lacc,5.788,4.455,-2.690,
152236279995421,GameRo,-0.049,-0.615,0.479,0.625
152236299862421,Lacc,7.833,3.983,-2.121,
152236299862421,GameRo,-0.049,-0.615,0.478,0.625
152236307613421,pre,1006.115,,,
152236323025421,pre,1006.117,,,
152236338467421,pre,1006.115,,,
152236309811171,acc,16.213,-2.606,0.565,
152236329708671,acc,18.595,-2.794,1.066,
152236309811171,Gyro,-0.786,-1.945,-4.898,
152236329708671,Gyro,-0.383,-2.010,-4.972,
152236319759921,Lacc,9.275,2.276,-0.739,
152236319759921,GameRo,0.013,-0.646,0.409,0.644
152236339657421,Lacc,10.734,2.264,-0.458,
152236339657421,GameRo,0.013,-0.647,0.408,0.644
152236353878421,pre,1006.120,,,
152236369320421,pre,1006.109,,,
152236349636671,acc,18.709,-2.726,1.121,
152236369595171,acc,16.965,-2.696,1.183,
152236349636671,Gyro,0.102,-1.742,-4.811,
152236369595171,Gyro,0.537,-1.444,-4.567,
152236384609421,pre,1006.104,,,
152236359615921,Lacc,8.737,0.611,0.280,
152236359615921,GameRo,0.088,-0.670,0.337,0.655
152236379574421,Lacc,6.708,0.637,0.235,
152236379574421,GameRo,0.089,-0.670,0.337,0.655
152236400143421,pre,1006.112,,,
152236415554421,pre,1006.115,,,
152236389530671,acc,14.883,-2.120,1.540,
152236409443171,acc,12.870,-3.046,1.900,
152236389530671,Gyro,0.554,-1.097,-4.232,
152236409443171,Gyro,0.524,-0.792,-3.743,
152236430843421,pre,1006.097,,,
152236399486921,Lacc,4.134,-1.049,1.508,
152236399486921,GameRo,0.165,-0.674,0.281,0.663
152236419399421,Lacc,2.295,-0.823,1.683,
152236419399421,GameRo,0.165,-0.674,0.281,0.663
152236446255421,pre,1006.097,,,
152236429348171,acc,11.031,-1.829,2.016,
152236449245671,acc,9.344,-1.704,1.674,
152236429348171,Gyro,-0.049,-0.522,-3.386,
152236449245671,Gyro,-0.915,-0.403,-3.033,
152236462093421,pre,1006.095,,,
152236439296921,Lacc,0.272,-1.515,1.823,
152236439296921,GameRo,0.225,-0.667,0.234,0.670
152236459194421,Lacc,-0.869,-1.653,1.277,
152236459194421,GameRo,0.224,-0.667,0.235,0.670
152236477199421,pre,1006.097,,,
152236492641421,pre,1006.084,,,
152236469150921,acc,8.770,-1.672,1.133,
152236489063921,acc,8.637,-1.922,0.923,
152236469150921,Gyro,-1.440,-0.272,-2.649,
152236489063921,Gyro,-1.810,-0.160,-2.277,
152236479107421,Lacc,-1.068,-2.739,1.025,
152236479107421,GameRo,0.253,-0.661,0.181,0.682
152236499020421,Lacc,-1.129,-3.359,0.913,
152236499020421,GameRo,0.253,-0.661,0.181,0.682
152236508053421,pre,1006.085,,,
152236523495421,pre,1006.088,,,
152236508946171,acc,8.740,-2.781,0.908,
152236528797671,acc,9.039,-3.472,0.877,
152236508946171,Gyro,-2.007,-0.077,-1.979,
152236528797671,Gyro,-1.959,0.032,-1.812,
152236540340421,pre,1006.089,,,
152236518871921,Lacc,-0.717,-5.037,0.881,
152236518871921,GameRo,0.257,-0.658,0.126,0.697
152236538723421,Lacc,-0.485,-5.659,0.834,
152236538723421,GameRo,0.257,-0.658,0.127,0.697
152236554348421,pre,1006.088,,,
152236577450421,pre,1006.082,,,
152236548679671,acc,9.267,-3.987,0.835,
152236568592171,acc,9.391,-4.018,0.858,
152236548679671,Gyro,-1.710,0.151,-1.639,
152236568592171,Gyro,-1.449,0.252,-1.419,
152236558635921,Lacc,-0.114,-6.588,0.610,
152236558635921,GameRo,0.252,-0.652,0.077,0.711
152236578548421,Lacc,-0.076,-6.451,0.678,
152236578548421,GameRo,0.252,-0.652,0.078,0.711
152236592892421,pre,1006.089,,,
152236608303421,pre,1006.096,,,
152236588527671,acc,9.402,-3.879,0.951,
152236608486171,acc,9.517,-3.670,1.001,
152236588527671,Gyro,-1.283,0.280,-1.198,
152236608486171,Gyro,-1.282,0.248,-0.924,
152236623592421,pre,1006.096,,,
152236598506921,Lacc,0.093,-6.808,0.532,
152236598506921,GameRo,0.248,-0.644,0.041,0.723
152236618465421,Lacc,0.353,-6.578,0.429,
152236618465421,GameRo,0.248,-0.644,0.041,0.723
152236639156421,pre,1006.104,,,
152236654568421,pre,1006.098,,,
152236628414171,acc,9.930,-3.605,0.830,
152236648311671,acc,10.642,-3.650,0.824,
152236628414171,Gyro,-1.351,0.122,-0.645,
152236648311671,Gyro,-1.394,-0.017,-0.370,
152236638362921,Lacc,1.049,-6.910,0.101,
152236638362921,GameRo,0.240,-0.637,0.014,0.733
152236658260421,Lacc,1.747,-6.956,0.070,
152236658260421,GameRo,0.240,-0.637,0.014,0.733
152236669979421,pre,1006.101,,,
152236685421421,pre,1006.097,,,
152236668216921,acc,11.202,-3.794,0.765,
152236688129921,acc,11.235,-3.994,0.584,
152236668216921,Gyro,-1.399,-0.095,-0.094,
152236688129921,Gyro,-1.377,-0.105,0.219,
152236678173421,Lacc,2.140,-7.230,-0.193,
152236678173421,GameRo,0.223,-0.636,-0.008,0.739
152236698086421,Lacc,1.743,-7.374,-0.553,
152236700710421,pre,1006.097,,,
152236698086421,GameRo,0.222,-0.636,-0.007,0.739
152236716244421,pre,1006.099,,,
152236731655421,pre,1006.101,,,
152236708057921,acc,10.766,-4.022,0.080,
152236728000921,acc,12.222,-4.088,0.340,
152236708057921,Gyro,-1.290,-0.188,0.545,
152236728000921,Gyro,-0.999,-0.680,0.782,
152236718029421,Lacc,2.015,-7.140,-1.035,
152236718029421,GameRo,0.198,-0.639,-0.021,0.743
152236737972421,Lacc,4.059,-7.461,-0.064,
152236737972421,GameRo,0.198,-0.639,-0.021,0.743
152236748012421,pre,1006.101,,,
152236762508421,pre,1006.100,,,
152236747905921,acc,14.000,-4.595,1.731,
152236767772921,acc,13.352,-4.632,2.539,
152236747905921,Gyro,-0.404,-0.796,0.985,
152236767772921,Gyro,0.320,-0.368,1.256,
152236779262421,pre,1006.105,,,
152236757839421,Lacc,4.670,-7.512,1.418,
152236757839421,GameRo,0.173,-0.651,-0.023,0.739
152236777706421,Lacc,3.108,-7.202,1.504,
152236777706421,GameRo,0.172,-0.651,-0.022,0.739
152236793331421,pre,1006.103,,,
152236808742421,pre,1006.099,,,
152236787662671,acc,11.913,-4.242,2.137,
152236807575171,acc,12.347,-3.932,1.576,
152236787662671,Gyro,0.847,-0.175,1.543,
152236807575171,Gyro,1.225,-0.235,1.910,
152236797618921,Lacc,2.373,-6.404,1.104,
152236797618921,GameRo,0.160,-0.661,-0.000,0.733
152236817531421,Lacc,3.581,-5.937,0.532,
152236817531421,GameRo,0.159,-0.661,0.000,0.733
152236824032421,pre,1006.100,,,
152236839565421,pre,1006.103,,,
152236855007421,pre,1006.115,,,
152236827480171,acc,13.877,-3.232,0.842,
152236847377671,acc,15.195,-2.150,-0.189,
152236827480171,Gyro,1.564,-0.101,2.383,
152236847377671,Gyro,1.760,0.175,2.982,
152236837428921,Lacc,4.937,-4.272,-0.240,
152236837428921,GameRo,0.151,-0.670,0.045,0.726
152236857326421,Lacc,5.935,-3.276,-1.151,
152236857326421,GameRo,0.151,-0.670,0.045,0.726
152236870418421,pre,1006.102,,,
152236885891421,pre,1006.117,,,
152236867282921,acc,15.750,-1.409,-0.802,
152236887195921,acc,15.195,-1.036,-0.901,
152236867282921,Gyro,1.798,0.533,3.524,
152236887195921,Gyro,1.830,0.918,3.976,
152236901119421,pre,1006.103,,,
152236877239421,Lacc,5.806,-1.615,-1.460,
152236877239421,GameRo,0.136,-0.673,0.113,0.718
152236897152421,Lacc,4.788,-1.304,-1.362,
152236897152421,GameRo,0.136,-0.673,0.113,0.718
152236916653421,pre,1006.115,,,
152236932064421,pre,1006.118,,,
152236907108671,acc,13.841,-0.735,-0.454,
152236927021171,acc,12.999,-0.400,0.344,
152236907108671,Gyro,1.857,1.181,4.287,
152236927021171,Gyro,1.699,1.180,4.459,
152236917064921,Lacc,3.618,0.565,-0.992,
152236917064921,GameRo,0.106,-0.664,0.196,0.714
152236936977421,Lacc,2.976,0.590,-0.264,
152236936977421,GameRo,0.106,-0.664,0.196,0.714
152236948055421,pre,1006.121,,,
152236962917421,pre,1006.116,,,
152236946926171,acc,12.231,-0.619,0.830,
152236966823671,acc,10.862,-0.783,0.722,
152236946926171,Gyro,1.447,1.227,4.448,
152236966823671,Gyro,1.127,1.274,4.339,
152236978298421,pre,1006.102,,,
152236956874921,Lacc,2.280,1.965,-0.686,
152236956874921,GameRo,0.066,-0.647,0.283,0.705
152236976772421,Lacc,0.817,1.820,-0.900,
152236976772421,GameRo,0.066,-0.647,0.283,0.705
152236993740421,pre,1006.114,,,
152237009151421,pre,1006.097,,,
152236986728921,acc,9.593,-0.862,0.539,
152237006641921,acc,9.279,-0.773,0.378,
152236986728921,Gyro,0.785,1.157,4.166,
152237006641921,Gyro,0.469,0.886,3.945,
152236996685421,Lacc,0.688,3.341,-1.684,
152236996685421,GameRo,0.019,-0.626,0.358,0.693
152237016598421,Lacc,0.666,3.333,-1.773,
152237016598421,GameRo,0.020,-0.626,0.358,0.693
152237024563421,pre,1006.107,,,
152237039974421,pre,1006.102,,,
152237055385421,pre,1006.098,,,
152237026524171,acc,9.290,-0.770,0.231,
152237046375671,acc,8.787,-0.690,-0.061,
152237026524171,Gyro,0.311,0.747,3.646,
152237046375671,Gyro,0.283,0.746,3.315,
152237036449921,Lacc,1.287,4.632,-2.402,
152237036449921,GameRo,-0.029,-0.610,0.416,0.673
152237056301421,Lacc,0.543,4.707,-2.690,
152237056301421,GameRo,-0.028,-0.611,0.416,0.673
152237070797421,pre,1006.113,,,
152237086208421,pre,1006.108,,,
152237066280671,acc,7.997,-0.534,-0.250,
152237086239171,acc,7.658,-0.267,-0.210,
152237066280671,Gyro,0.263,0.733,2.970,
152237086239171,Gyro,0.186,0.624,2.551,
152237076259921,Lacc,0.741,5.897,-3.008,
152237076259921,GameRo,-0.070,-0.596,0.461,0.654
152237096218421,Lacc,0.690,5.976,-2.910,
152237096218421,GameRo,-0.069,-0.596,0.461,0.654
152237101620421,pre,1006.102,,,
152237124752421,pre,1006.111,,,
152237106174671,acc,7.802,-0.389,-0.151,
152237126087171,acc,7.728,-0.329,-0.240,
152237106174671,Gyro,0.126,0.532,2.067,
152237126087171,Gyro,0.016,0.529,1.576,
152237116130921,Lacc,1.535,6.508,-3.145,
152237116130921,GameRo,-0.101,-0.582,0.494,0.638
152237136043421,Lacc,1.237,6.643,-3.255,
152237136043421,GameRo,-0.101,-0.583,0.493,0.638
152237140072421,pre,1006.112,,,
152237155575421,pre,1006.114,,,
152237170986421,pre,1006.103,,,
152237145992171,acc,7.390,-0.230,-0.387,
152237165889671,acc,7.366,-0.337,-0.416,
152237145992171,Gyro,-0.138,0.469,1.059,
152237165889671,Gyro,-0.262,0.312,0.489,
152237155940921,Lacc,1.475,6.985,-3.503,
152237155940921,GameRo,-0.123,-0.573,0.511,0.629
152237175838421,Lacc,1.630,6.815,-3.418,
152237175838421,GameRo,-0.122,-0.574,0.510,0.629
152237186428421,pre,1006.115,,,
152237201839421,pre,1006.116,,,
152237185794921,acc,7.621,-0.540,-0.291,
152237205707921,acc,7.602,-0.905,-0.151,
152237185794921,Gyro,-0.349,0.131,-0.075,
152237205707921,Gyro,-0.357,-0.018,-0.639,
152237217190421,pre,1006.106,,,
152237195751421,Lacc,1.952,6.638,-3.272,
152237195751421,GameRo,-0.133,-0.572,0.511,0.627
152237215664421,Lacc,1.824,6.455,-3.188,
152237215664421,GameRo,-0.132,-0.572,0.511,0.628
152237224850421,pre,1006.112,,,
152237240383421,pre,1006.117,,,
152237225620671,acc,7.692,-0.723,-0.286,
152237245533171,acc,8.839,-0.432,-0.499,
152237225620671,Gyro,-0.410,-0.229,-1.198,
152237245533171,Gyro,-0.592,-0.615,-1.793,
152237256588421,pre,1006.109,,,
152237235576921,Lacc,2.187,6.749,-3.361,
152237235576921,GameRo,-0.128,-0.579,0.498,0.633
152237255489421,Lacc,3.757,6.575,-3.448,
152237255489421,GameRo,-0.127,-0.579,0.497,0.634
152237271206421,pre,1006.117,,,
152237286648421,pre,1006.102,,,
152237265438171,acc,10.594,-1.139,-0.567,
152237285335671,acc,11.649,-2.114,-0.401,
152237265438171,Gyro,-0.731,-0.956,-2.446,
152237285335671,Gyro,-0.739,-1.087,-3.096,
152237275386921,Lacc,4.707,5.099,-3.087,
152237275386921,GameRo,-0.107,-0.598,0.468,0.643
152237295284421,Lacc,5.217,4.480,-2.922,
152237295284421,GameRo,-0.106,-0.598,0.467,0.643
152237302181421,pre,1006.115,,,
152237317470421,pre,1006.116,,,
152237332790421,pre,1006.105,,,
152237305240921,acc,11.894,-2.447,-0.225,
152237325153921,acc,12.839,-2.497,0.119,
152237305240921,Gyro,-0.656,-1.299,-3.661,
152237325153921,Gyro,-0.640,-1.668,-4.083,
152237315197421,Lacc,4.733,3.565,-2.147,
152237315197421,GameRo,-0.067,-0.625,0.419,0.655
152237335110421,Lacc,6.239,3.370,-1.689,
152237335110421,GameRo,-0.066,-0.625,0.419,0.656
152237348293421,pre,1006.117,,,
152237363705421,pre,1006.114,,,
152237345059171,acc,14.802,-2.683,0.649,
152237364956671,acc,16.941,-2.561,0.985,
152237345059171,Gyro,-0.537,-1.962,-4.277,
152237364956671,Gyro,-0.230,-2.032,-4.290,
152237355007921,Lacc,7.438,2.062,-0.522,
152237355007921,GameRo,-0.009,-0.655,0.358,0.665
152237374905421,Lacc,9.194,2.187,-0.385,
152237374905421,GameRo,-0.009,-0.655,0.357,0.666
152237379024421,pre,1006.116,,,
152237394527421,pre,1006.104,,,
152237409939421,pre,1006.114,,,
152237384861671,acc,17.959,-2.552,0.916,
152237404774171,acc,17.098,-2.821,0.773,
152237384861671,Gyro,0.136,-1.829,-4.207,
152237404774171,Gyro,0.468,-1.468,-4.048,
152237394817921,Lacc,8.486,0.486,0.199,
152237394817921,GameRo,0.059,-0.681,0.297,0.667
152237414730421,Lacc,6.981,0.408,0.166,
152237414730421,GameRo,0.059,-0.681,0.296,0.667
152237425350421,pre,1006.102,,,
152237440761421,pre,1006.108,,,
152237424686671,acc,15.274,-2.647,0.904,
152237444599171,acc,13.258,-1.951,1.204,
152237424686671,Gyro,0.551,-1.116,-3.791,
152237444599171,Gyro,0.262,-0.799,-3.448,
152237457424421,pre,1006.105,,,
152237434642921,Lacc,4.607,-0.764,0.914,
152237434642921,GameRo,0.128,-0.691,0.247,0.668
152237454555421,Lacc,2.541,0.151,1.210,
152237454555421,GameRo,0.128,-0.690,0.247,0.668
152237471554421,pre,1006.105,,,
152237486965421,pre,1006.104,,,
152237464504171,acc,11.232,-1.260,1.537,
152237484401671,acc,9.972,-1.351,1.576,
152237464504171,Gyro,-0.517,-0.603,-3.083,
152237484401671,Gyro,-1.341,-0.528,-2.632,
152237474452921,Lacc,0.682,-0.870,1.796,
152237474452921,GameRo,0.181,-0.689,0.201,0.672
152237494350421,Lacc,-0.129,-1.057,1.596,
152237494350421,GameRo,0.181,-0.689,0.202,0.672
152237502315421,pre,1006.093,,,
152237517788421,pre,1006.097,,,
152237533199421,pre,1006.091,,,
152237504283921,acc,9.465,-1.520,1.272,
152237524150921,acc,9.088,-2.168,1.019,
152237504283921,Gyro,-1.879,-0.388,-2.225,
152237524150921,Gyro,-2.148,-0.201,-1.901,
152237514217421,Lacc,-0.507,-2.491,1.463,
152237514217421,GameRo,0.200,-0.690,0.146,0.680
152237534084421,Lacc,-0.827,-3.270,1.269,
152237534084421,GameRo,0.200,-0.690,0.146,0.680
152237548489421,pre,1006.091,,,
152237564022421,pre,1006.076,,,
152237544056171,acc,8.868,-2.948,0.907,
152237563999671,acc,8.793,-3.483,0.877,
152237544056171,Gyro,-2.144,-0.059,-1.749,
152237563999671,Gyro,-1.892,0.060,-1.679,
152237554027921,Lacc,-0.871,-4.645,1.187,
152237554027921,GameRo,0.197,-0.691,0.091,0.690
152237573971421,Lacc,-0.930,-5.121,1.201,
152237573971421,GameRo,0.196,-0.691,0.091,0.690
152237579311421,pre,1006.079,,,
152237602535421,pre,1006.083,,,
152237583927671,acc,8.748,-3.862,0.955,
152237603840171,acc,8.638,-3.895,1.138,
152237583927671,Gyro,-1.512,0.150,-1.631,
152237603840171,Gyro,-1.146,0.181,-1.594,
152237593883921,Lacc,-0.904,-5.964,1.179,
152237593883921,GameRo,0.192,-0.686,0.043,0.701
152237613796421,Lacc,-0.967,-5.912,1.388,
152237613796421,GameRo,0.192,-0.686,0.044,0.701
152237617855421,pre,1006.077,,,
152237633358421,pre,1006.084,,,
152237648769421,pre,1006.097,,,
152237623752921,acc,8.575,-3.808,1.345,
152237643665921,acc,8.082,-3.648,1.371,
152237623752921,Gyro,-0.857,0.225,-1.547,
152237643665921,Gyro,-0.711,0.313,-1.444,
152237664059421,pre,1006.093,,,
152237633709421,Lacc,-1.065,-6.375,1.351,
152237633709421,GameRo,0.197,-0.678,0.008,0.709
152237653622421,Lacc,-1.730,-6.214,1.263,
152237653622421,GameRo,0.196,-0.678,0.008,0.709
152237679562421,pre,1006.096,,,
152237663570921,acc,7.445,-3.604,1.254,
152237683467921,acc,7.433,-3.644,1.203,
152237663570921,Gyro,-0.708,0.321,-1.274,
152237683467921,Gyro,-0.766,0.193,-1.087,
152237673519421,Lacc,-1.963,-6.755,0.977,
152237694912421,pre,1006.099,,,
152237673519421,GameRo,0.205,-0.668,-0.020,0.716
152237693416421,Lacc,-1.518,-6.827,0.960,
152237693416421,GameRo,0.204,-0.668,-0.019,0.716
152237710384421,pre,1006.093,,,
152237725796421,pre,1006.096,,,
152237703372921,acc,8.287,-3.804,1.182,
152237723285921,acc,9.226,-4.063,0.787,
152237703372921,Gyro,-0.841,0.039,-0.858,
152237723285921,Gyro,-0.892,0.045,-0.563,
152237713329421,Lacc,-0.348,-7.398,0.607,
152237713329421,GameRo,0.206,-0.660,-0.043,0.721
152237733242421,Lacc,0.362,-7.659,0.083,
152237733242421,GameRo,0.206,-0.660,-0.042,0.721
152237741115421,pre,1006.092,,,
152237756649421,pre,1006.090,,,
152237772060421,pre,1006.096,,,
152237743175921,acc,9.802,-4.301,0.157,
152237763042921,acc,10.922,-4.567,-0.632,
152237743175921,Gyro,-0.902,0.065,-0.204,
152237763042921,Gyro,-0.851,-0.150,0.210,
152237753109421,Lacc,1.057,-8.015,-0.849,
152237753109421,GameRo,0.199,-0.657,-0.061,0.724
152237772976421,Lacc,3.263,-8.356,-1.199,
152237772976421,GameRo,0.199,-0.657,-0.060,0.724
152237787472421,pre,1006.095,,,
152237802883421,pre,1006.099,,,
152237782947921,acc,14.331,-4.757,-0.347,
152237802890921,acc,16.711,-4.712,0.650,
152237782947921,Gyro,-0.618,-0.630,0.599,
152237802890921,Gyro,-0.217,-0.353,1.029,
152237792919421,Lacc,6.884,-8.240,-0.459,
152237792919421,GameRo,0.183,-0.660,-0.068,0.725
152237812862421,Lacc,7.003,-7.996,0.274,
152237812862421,GameRo,0.182,-0.660,-0.067,0.725
152237818264421,pre,1006.106,,,
152237833706421,pre,1006.105,,,
152237849148421,pre,1006.109,,,
152237822818921,acc,15.168,-4.216,0.713,
152237842731921,acc,15.088,-3.747,0.266,
152237822818921,Gyro,0.165,0.136,1.607,
152237842731921,Gyro,0.347,0.028,2.167,
152237832775421,Lacc,5.453,-6.938,-0.061,
152237832775421,GameRo,0.164,-0.669,-0.055,0.723
152237852688421,Lacc,6.335,-6.817,-0.366,
152237852688421,GameRo,0.164,-0.669,-0.055,0.723
152237864529421,pre,1006.114,,,
152237879940421,pre,1006.114,,,
152237862637171,acc,16.064,-3.731,-0.117,
152237882534671,acc,16.399,-3.331,-1.090,
152237862637171,Gyro,0.587,0.085,2.672,
152237882534671,Gyro,0.950,0.288,3.185,
152237872585921,Lacc,6.736,-5.761,-1.051,
152237872585921,GameRo,0.139,-0.675,-0.017,0.724
152237892483421,Lacc,7.030,-5.259,-2.016,
152237892483421,GameRo,0.139,-0.675,-0.017,0.724
152237895260421,pre,1006.106,,,
152237910763421,pre,1006.109,,,
152237926174421,pre,1006.105,,,
152237902439671,acc,16.792,-2.774,-1.818,
152237922352171,acc,16.991,-2.312,-1.963,
152237902439671,Gyro,1.341,0.430,3.706,
152237922352171,Gyro,1.779,0.607,4.178,
152237912395921,Lacc,7.210,-3.492,-2.464,
152237912395921,GameRo,0.109,-0.679,0.044,0.725
152237932308421,Lacc,7.103,-3.068,-2.485,
152237932308421,GameRo,0.109,-0.679,0.044,0.725
152237941494421,pre,1006.105,,,
152237956997421,pre,1006.103,,,
152237942234171,acc,16.574,-1.865,-1.963,
152237962085671,acc,15.704,-1.084,-1.725,
152237942234171,Gyro,2.237,0.821,4.520,
152237962085671,Gyro,2.577,1.011,4.708,
152237973659421,pre,1006.104,,,
152237952159921,Lacc,6.436,-0.882,-2.594,
152237952159921,GameRo,0.077,-0.675,0.130,0.722
152237972011421,Lacc,5.383,-0.357,-2.351,
152237972011421,GameRo,0.077,-0.675,0.130,0.722
152237987850421,pre,1006.117,,,
152238003261421,pre,1006.104,,,
152237981990671,acc,14.736,-1.144,-1.416,
152238001949171,acc,14.275,-1.170,-1.038,
152237981990671,Gyro,2.617,1.019,4.716,
152238001949171,Gyro,2.459,1.018,4.710,
152237991969921,Lacc,5.066,1.090,-2.516,
152237991969921,GameRo,0.048,-0.658,0.232,0.715
152238011928421,Lacc,4.412,1.215,-2.111,
152238011928421,GameRo,0.049,-0.658,0.232,0.715
152238018612421,pre,1006.116,,,
152238034084421,pre,1006.114,,,
152238049526421,pre,1006.102,,,
152238021884921,acc,13.296,-1.026,-0.715,
152238041797921,acc,12.107,-0.807,-0.715,
152238021884921,Gyro,2.201,1.060,4.624,
152238041797921,Gyro,1.857,1.042,4.490,
152238031841421,Lacc,3.880,2.961,-2.621,
152238031841421,GameRo,0.017,-0.633,0.330,0.700
152238051754421,Lacc,2.804,3.079,-2.730,
152238051754421,GameRo,0.017,-0.633,0.330,0.700
152238064937421,pre,1006.109,,,
152238080349421,pre,1006.109,,,
152238061703171,acc,11.218,-0.834,-0.885,
152238081600671,acc,10.715,-1.091,-1.032,
152238061703171,Gyro,1.540,0.925,4.285,
152238081600671,Gyro,1.422,0.797,3.975,
152238071651921,Lacc,3.019,4.230,-3.586,
152238071651921,GameRo,-0.020,-0.606,0.414,0.679
152238091549421,Lacc,2.576,3.874,-3.584,
152238091549421,GameRo,-0.019,-0.606,0.413,0.679
152238095669421,pre,1006.117,,,
152238111202421,pre,1006.109,,,
152238126644421,pre,1006.118,,,
152238101482921,acc,10.303,-1.546,-0.882,
152238121349921,acc,9.902,-2.241,-0.696,
152238101482921,Gyro,1.493,0.711,3.609,
152238121349921,Gyro,1.676,0.678,3.238,
152238111416421,Lacc,3.141,4.281,-3.890,
152238111416421,GameRo,-0.053,-0.581,0.481,0.655
152238131283421,Lacc,2.765,3.804,-3.816,
152238131283421,GameRo,-0.053,-0.581,0.481,0.655
152238149746421,pre,1006.112,,,
152238165157421,pre,1006.113,,,
152238141262671,acc,9.536,-2.273,-0.665,
152238161221171,acc,8.994,-2.205,-0.670,
152238141262671,Gyro,1.814,0.706,2.835,
152238161221171,Gyro,1.749,0.778,2.518,
152238151241921,Lacc,3.235,4.576,-4.374,
152238151241921,GameRo,-0.074,-0.552,0.539,0.632
152238171200421,Lacc,2.607,4.421,-4.448,
152238171200421,GameRo,-0.073,-0.552,0.539,0.632
152238180569421,pre,1006.106,,,
152238196010421,pre,1006.116,,,
152238181149171,acc,8.370,-2.409,-0.777,
152238201046671,acc,7.546,-2.290,-0.755,
152238181149171,Gyro,1.569,0.811,2.256,
152238201046671,Gyro,1.321,0.851,1.994,
152238213100421,pre,1006.117,,,
152238191097921,Lacc,2.728,4.653,-5.159,
152238191097921,GameRo,-0.086,-0.520,0.587,0.615
152238210995421,Lacc,1.714,4.689,-5.046,
152238210995421,GameRo,-0.086,-0.520,0.586,0.615
152238226833421,pre,1006.116,,,
152238242245421,pre,1006.117,,,
152238220951671,acc,6.429,-2.629,-0.611,
152238240864171,acc,5.544,-3.636,-0.243,
152238220951671,Gyro,0.918,0.818,1.725,
152238240864171,Gyro,0.382,0.602,1.500,
152238230907921,Lacc,1.340,4.076,-5.340,
152238230907921,GameRo,-0.100,-0.492,0.621,0.602
152238250820421,Lacc,0.627,3.050,-4.852,
152238250820421,GameRo,-0.100,-0.492,0.621,0.602
152238257564421,pre,1006.105,,,
152238273098421,pre,1006.117,,,
152238288509421,pre,1006.117,,,
152238260776671,acc,4.947,-4.463,0.205,
152238280689171,acc,4.115,-5.082,0.462,
152238260776671,Gyro,-0.075,0.351,1.293,
152238280689171,Gyro,-0.403,0.219,1.120,
152238270732921,Lacc,0.536,2.635,-4.706,
152238270732921,GameRo,-0.117,-0.478,0.640,0.590
152238290645421,Lacc,-0.502,1.815,-4.484,
152238290645421,GameRo,-0.117,-0.479,0.640,0.590
152238303921421,pre,1006.114,,,
152238319271421,pre,1006.115,,,
152238300594171,acc,3.040,-5.930,0.703,
152238320491671,acc,2.452,-6.729,1.250,
152238300594171,Gyro,-0.620,0.029,0.992,
152238320491671,Gyro,-0.724,-0.380,0.801,
152238310542921,Lacc,-1.067,1.340,-3.988,
152238310542921,GameRo,-0.135,-0.479,0.648,0.576
152238330440421,Lacc,-1.072,0.201,-3.314,
152238330440421,GameRo,-0.135,-0.480,0.648,0.576
152238334682421,pre,1006.120,,,
152238350185421,pre,1006.112,,,
152238365627421,pre,1006.120,,,
152238340396921,acc,3.113,-8.345,1.981,
152238360309921,acc,4.056,-9.836,2.578,
152238340396921,Gyro,-0.783,-1.031,0.525,
152238360309921,Gyro,-0.847,-1.363,0.252,
152238350353421,Lacc,0.145,-1.276,-2.346,
152238350353421,GameRo,-0.146,-0.492,0.651,0.559
152238370266421,Lacc,0.553,-2.626,-1.792,
152238370266421,GameRo,-0.146,-0.493,0.651,0.559
152238381039421,pre,1006.117,,,
152238396450421,pre,1006.109,,,
152238380215171,acc,3.856,-11.014,2.866,
152238400112671,acc,3.140,-11.574,2.411,
152238380215171,Gyro,-0.995,-1.353,0.169,
152238400112671,Gyro,-1.094,-1.370,0.252,
152238390163921,Lacc,-0.211,-3.257,-1.523,
152238390163921,GameRo,-0.140,-0.518,0.649,0.539
152238411770421,pre,1006.115,,,
152238410061421,Lacc,-0.778,-3.705,-1.925,
152238410061421,GameRo,-0.140,-0.518,0.649,0.539
152238427303421,pre,1006.109,,,
152238442745421,pre,1006.120,,,
152238420017671,acc,2.951,-12.216,2.172,
152238439930171,acc,3.822,-13.370,2.431,
152238420017671,Gyro,-1.128,-1.575,0.434,
152238439930171,Gyro,-1.020,-1.891,0.704,
152238458034421,pre,1006.101,,,
152238429973921,Lacc,-0.539,-4.516,-1.304,
152238429973921,GameRo,-0.137,-0.546,0.644,0.518
152238449886421,Lacc,0.564,-5.342,-1.043,
152238449886421,GameRo,-0.137,-0.547,0.644,0.518
152238465755421,pre,1006.106,,,
152238481167421,pre,1006.106,,,
152238459819921,acc,4.833,-13.528,2.564,
152238479686921,acc,4.893,-12.667,2.641,
152238459819921,Gyro,-0.688,-1.995,0.983,
152238479686921,Gyro,-0.431,-1.988,1.238,
152238469753421,Lacc,1.175,-4.611,-0.399,
152238469753421,GameRo,-0.131,-0.576,0.645,0.485
152238489620421,Lacc,0.881,-3.645,-0.082,
152238489620421,GameRo,-0.131,-0.576,0.645,0.485
152238496548421,pre,1006.106,,,
152238512081421,pre,1006.109,,,
152238527492421,pre,1006.115,,,
152238499592171,acc,4.530,-11.704,3.118,
152238519535671,acc,4.247,-10.784,3.412,
152238499592171,Gyro,-0.255,-2.096,1.482,
152238519535671,Gyro,-0.117,-2.197,1.700,
152238509563921,Lacc,0.785,-2.483,0.780,
152238509563921,GameRo,-0.124,-0.597,0.656,0.444
152238529507421,Lacc,0.421,-1.531,0.939,
152238529507421,GameRo,-0.124,-0.597,0.657,0.444
152238542904421,pre,1006.118,,,
152238558346421,pre,1006.115,,,
152238539463671,acc,3.711,-9.884,3.461,
152238559376171,acc,3.052,-9.019,3.428,
152238539463671,Gyro,0.005,-2.200,1.847,
152238559376171,Gyro,0.222,-2.104,1.911,
152238549419921,Lacc,0.174,-0.461,1.283,
152238549419921,GameRo,-0.117,-0.613,0.675,0.394
152238569332421,Lacc,-0.458,0.368,1.117,
152238569332421,GameRo,-0.117,-0.613,0.675,0.395
152238573696421,pre,1006.106,,,
152238589168421,pre,1006.103,,,
152238604610421,pre,1006.103,,,
152238579288671,acc,2.378,-8.474,2.986,
152238599201171,acc,1.670,-8.389,2.116,
152238579288671,Gyro,0.370,-1.894,1.940,
152238599201171,Gyro,0.290,-1.670,1.960,
152238589244921,Lacc,-0.666,0.790,0.549,
152238589244921,GameRo,-0.110,-0.620,0.697,0.343
152238609157421,Lacc,-1.355,0.846,-0.347,
152238609157421,GameRo,-0.110,-0.620,0.697,0.343
152238620022421,pre,1006.104,,,
152238635464421,pre,1006.096,,,
152238619106171,acc,0.944,-8.424,1.250,
152238639003671,acc,0.378,-8.630,0.680,
152238619106171,Gyro,0.125,-1.495,1.902,
152238639003671,Gyro,0.080,-1.468,1.778,
152238651485421,pre,1006.094,,,
152238629054921,Lacc,-1.463,0.858,-1.049,
152238629054921,GameRo,-0.109,-0.623,0.716,0.296
152238648952421,Lacc,-1.800,0.583,-1.387,
152238648952421,GameRo,-0.110,-0.623,0.716,0.295
152238666286421,pre,1006.097,,,
152238681728421,pre,1006.097,,,
152238658908921,acc,0.264,-8.885,0.620,
152238678821921,acc,0.247,-9.103,0.716,
152238658908921,Gyro,-0.014,-1.517,1.735,
152238678821921,Gyro,-0.208,-1.566,1.712,
152238668865421,Lacc,-1.224,0.539,-1.184,
152238668865421,GameRo,-0.110,-0.626,0.730,0.251
152238688778421,Lacc,-1.302,0.328,-1.204,
152238688778421,GameRo,-0.111,-0.626,0.730,0.251
152238697140421,pre,1006.097,,,
152238712582421,pre,1006.096,,,
152238698727171,acc,0.145,-9.242,0.579,
152238718624671,acc,-0.011,-9.288,0.523,
152238698727171,Gyro,-0.472,-1.611,1.734,
152238718624671,Gyro,-0.790,-1.702,1.745,
152238708675921,Lacc,-0.885,0.324,-1.179,
152238708675921,GameRo,-0.110,-0.633,0.738,0.206
152238728573421,Lacc,-1.026,0.525,-1.280,
152238728573421,GameRo,-0.110,-0.633,0.738,0.206
152238735714421,pre,1006.090,,,
152238751125421,pre,1006.094,,,
152238766567421,pre,1006.091,,,
152238738529671,acc,-0.092,-8.837,0.205,
152238758442171,acc,-0.184,-8.648,-0.344,
152238738529671,Gyro,-1.063,-1.808,1.674,
152238758442171,Gyro,-1.382,-1.969,1.588,
152238748485921,Lacc,-0.531,1.027,-1.420,
152238748485921,GameRo,-0.110,-0.647,0.738,0.157
152238768398421,Lacc,-0.576,0.863,-1.955,
152238768398421,GameRo,-0.110,-0.648,0.737,0.157
152238781948421,pre,1006.093,,,
152238797390421,pre,1006.083,,,
152238778354921,acc,-0.091,-8.950,-0.911,
152238798267921,acc,0.054,-9.139,-1.352,
152238778354921,Gyro,-1.655,-2.169,1.569,
152238798267921,Gyro,-1.689,-2.301,1.464,
152238788311421,Lacc,0.148,0.774,-1.936,
152238788311421,GameRo,-0.106,-0.670,0.727,0.104
152238808224421,Lacc,0.187,0.617,-2.296,
152238808224421,GameRo,-0.106,-0.670,0.727,0.104
152238812710421,pre,1006.086,,,
152238828213421,pre,1006.092,,,
152238843624421,pre,1006.076,,,
152238818173171,acc,0.073,-8.985,-1.689,
152238838070671,acc,0.262,-8.751,-1.954,
152238818173171,Gyro,-1.515,-2.420,1.303,
152238838070671,Gyro,-1.615,-2.563,1.218,
152238828121921,Lacc,0.810,0.965,-2.040,
152238828121921,GameRo,-0.095,-0.695,0.711,0.049
152238848019421,Lacc,1.074,1.019,-1.976,
152238848019421,GameRo,-0.095,-0.695,0.711,0.049
152238859035421,pre,1006.084,,,
152238874447421,pre,1006.096,,,
152238857975671,acc,0.501,-8.705,-1.679,
152238877888171,acc,0.256,-8.878,-1.898,
152238857975671,Gyro,-1.788,-2.632,1.212,
152238877888171,Gyro,-2.064,-2.572,1.172,
152238867931921,Lacc,1.572,1.008,-1.289,
152238867931921,GameRo,0.077,0.717,-0.693,0.007
152238887844421,Lacc,1.242,0.403,-1.923,
152238887844421,GameRo,0.077,0.717,-0.693,0.007
152238889797421,pre,1006.076,,,
152238905270421,pre,1006.077,,,
152238920681421,pre,1006.085,,,
152238897800671,acc,0.121,-9.885,-2.714,
152238917713171,acc,0.440,-10.400,-3.006,
152238897800671,Gyro,-2.345,-2.596,1.098,
152238917713171,Gyro,-2.440,-2.422,0.997,
152238907756921,Lacc,1.947,-0.679,-1.850,
152238907756921,GameRo,0.057,0.742,-0.665,0.063
152238927669421,Lacc,2.041,-0.663,-2.229,
152238927669421,GameRo,0.057,0.742,-0.665,0.062
152238936001421,pre,1006.076,,,
152238951504421,pre,1006.071,,,
152238966946421,pre,1006.067,,,
152238937595421,acc,0.147,-10.200,-3.821,
152238957447421,acc,0.050,-11.176,-4.053,
152238937595421,Gyro,-2.647,-2.076,0.805,
152238957447421,Gyro,-2.753,-1.966,0.672,
152238947521421,Lacc,2.094,-1.157,-2.403,
152238947521421,GameRo,0.036,0.769,-0.628,0.113
152238967373421,Lacc,2.382,-2.173,-1.881,
152238967373421,GameRo,0.036,0.769,-0.628,0.113
152238982326421,pre,1006.079,,,
152238997768421,pre,1006.074,,,
152238977352671,acc,0.194,-11.513,-3.593,
152238997311171,acc,-0.837,-10.393,-4.271,
152238977352671,Gyro,-2.334,-1.774,0.465,
152238997311171,Gyro,-1.864,-1.530,0.208,
152238987331921,Lacc,2.347,-1.932,-1.184,
152238987331921,GameRo,0.016,0.796,-0.585,0.152
152239007290421,Lacc,1.056,-1.022,-2.203,
152239007290421,GameRo,0.015,0.797,-0.585,0.151
152239013149421,pre,1006.068,,,
152239028469421,pre,1006.069,,,
152239044002421,pre,1006.074,,,
152239017239171,acc,-1.792,-8.648,-4.969,
152239037136671,acc,-2.467,-6.316,-4.696,
152239017239171,Gyro,-1.452,-1.330,0.003,
152239037136671,Gyro,-1.546,-1.180,-0.117,
152239027187921,Lacc,0.689,1.761,-1.854,
152239027187921,GameRo,-0.005,0.812,-0.555,0.178
152239047085421,Lacc,0.150,2.475,-1.077,
152239047085421,GameRo,-0.005,0.812,-0.555,0.178
152239059414421,pre,1006.063,,,
152239074856421,pre,1006.063,,,
152239057041671,acc,-2.189,-6.346,-4.051,
152239076954171,acc,-1.822,-5.711,-5.365,
152239057041671,Gyro,-1.580,-1.424,-0.372,
152239076954171,Gyro,-1.441,-1.358,-0.373,
152239066997921,Lacc,1.059,2.355,-1.134,
152239066997921,GameRo,-0.026,0.824,-0.531,0.196
152239086910421,Lacc,0.753,3.248,-2.324,
152239086910421,GameRo,-0.026,0.825,-0.530,0.196
152239090176421,pre,1006.067,,,
152239105709421,pre,1006.063,,,
152239121029421,pre,1006.054,,,
152239096866921,acc,-2.615,-6.087,-5.965,
152239116779921,acc,-2.785,-7.711,-5.578,
152239096866921,Gyro,-1.732,-1.301,-0.266,
152239116779921,Gyro,-1.619,-1.362,-0.183,
152239106823421,Lacc,0.128,1.345,-1.876,
152239106823421,GameRo,-0.053,0.834,-0.505,0.213
152239126736421,Lacc,0.203,0.605,-1.357,
152239126736421,GameRo,-0.053,0.835,-0.505,0.213
152239136532421,pre,1006.055,,,
152239151974421,pre,1006.070,,,
152239136684921,acc,-3.029,-8.025,-4.756,
152239156581921,acc,-3.621,-7.240,-4.374,
152239136684921,Gyro,-1.026,-1.249,-0.225,
152239156581921,Gyro,-0.504,-1.163,-0.183,
152239167660421,pre,1006.058,,,
152239146633421,Lacc,-0.267,0.468,-0.164,
152239146633421,GameRo,-0.076,0.844,-0.478,0.232
152239166530421,Lacc,-0.569,1.569,-0.153,
152239166530421,GameRo,-0.076,0.844,-0.478,0.232
152239182857421,pre,1006.060,,,
152239198269421,pre,1006.060,,,
152239176509671,acc,-3.824,-6.435,-4.526,
152239196468171,acc,-4.174,-6.972,-5.181,
152239176509671,Gyro,-0.476,-1.169,-0.051,
152239196468171,Gyro,-0.202,-1.223,-0.076,
152239186488921,Lacc,-0.757,1.471,-0.448,
152239186488921,GameRo,-0.092,0.843,-0.468,0.249
152239206447421,Lacc,-1.020,1.005,-1.148,
152239206447421,GameRo,-0.092,0.843,-0.467,0.249
152239213619421,pre,1006.064,,,
152239229092421,pre,1006.059,,,
152239244533421,pre,1006.063,,,
152239216350421,acc,-4.444,-7.042,-5.755,
152239236156421,acc,-4.525,-7.159,-5.490,
152239216350421,Gyro,0.510,-1.182,-0.030,
152239236156421,Gyro,0.799,-1.265,0.036,
152239226253421,Lacc,-1.046,1.219,-1.554,
152239226253421,GameRo,-0.104,0.838,-0.463,0.269
152239246059421,Lacc,-0.961,1.092,-1.012,
152239246059421,GameRo,-0.104,0.838,-0.463,0.269
152239259945421,pre,1006.059,,,
152239283077421,pre,1006.061,,,
152239256038671,acc,-4.384,-6.740,-4.944,
152239275997171,acc,-4.689,-6.894,-4.772,
152239256038671,Gyro,0.848,-1.239,0.017,
152239275997171,Gyro,0.701,-1.215,-0.058,
152239266017921,Lacc,-0.821,1.634,-1.057,
152239266017921,GameRo,-0.111,0.824,-0.473,0.291
152239285976421,Lacc,-1.046,1.336,-0.915,
152239285976421,GameRo,-0.110,0.824,-0.473,0.291
152239298489421,pre,1006.060,,,
152239313900421,pre,1006.070,,,
152239295932921,acc,-4.842,-6.965,-4.553,
152239315845921,acc,-5.144,-7.351,-4.611,
152239295932921,Gyro,0.672,-1.178,-0.088,
152239315845921,Gyro,0.593,-1.195,-0.031,
152239305889421,Lacc,-1.188,1.278,-1.213,
152239305889421,GameRo,-0.118,0.810,-0.482,0.312
152239325802421,Lacc,-1.282,0.654,-1.272,
152239325802421,GameRo,-0.118,0.810,-0.482,0.312
152239329250421,pre,1006.056,,,
152239344723421,pre,1006.064,,,
152239360165421,pre,1006.055,,,
152239335751171,acc,-5.056,-8.078,-4.560,
152239355648671,acc,-4.965,-8.043,-4.446,
152239335751171,Gyro,0.363,-1.257,-0.015,
152239355648671,Gyro,0.169,-1.243,-0.039,
152239345699921,Lacc,-0.998,0.357,-1.530,
152239345699921,GameRo,-0.127,0.797,-0.488,0.333
152239365597421,Lacc,-0.989,0.454,-1.410,
152239365597421,GameRo,-0.127,0.797,-0.488,0.333
152239375576421,pre,1006.063,,,
152239390987421,pre,1006.055,,,
152239375553671,acc,-4.945,-7.855,-4.281,
152239395466171,acc,-4.991,-7.733,-4.054,
152239375553671,Gyro,0.027,-1.246,-0.017,
152239395466171,Gyro,-0.063,-1.259,0.017,
152239407406421,pre,1006.067,,,
152239385509921,Lacc,-0.828,0.710,-1.460,
152239385509921,GameRo,-0.138,0.787,-0.487,0.352
152239405422421,Lacc,-0.948,0.804,-1.232,
152239405422421,GameRo,-0.138,0.787,-0.487,0.352
152239422085421,pre,1006.060,,,
152239437252421,pre,1006.070,,,
152239415348171,acc,-5.145,-7.579,-3.900,
152239435199671,acc,-5.258,-7.466,-3.936,
152239415348171,Gyro,-0.058,-1.276,0.024,
152239435199671,Gyro,-0.075,-1.310,0.034,
152239425273921,Lacc,-0.961,0.963,-1.378,
152239425273921,GameRo,-0.150,0.779,-0.482,0.372
152239445125421,Lacc,-0.967,1.016,-1.370,
152239445125421,GameRo,-0.150,0.779,-0.482,0.372
152239452663421,pre,1006.058,,,
152239468105421,pre,1006.057,,,
152239483547421,pre,1006.068,,,
152239455081921,acc,-5.221,-7.376,-3.857,
152239474994921,acc,-5.420,-7.287,-3.742,
152239455081921,Gyro,-0.237,-1.368,0.028,
152239474994921,Gyro,-0.417,-1.410,-0.001,
152239465038421,Lacc,-0.888,1.126,-1.452,
152239465038421,GameRo,-0.163,0.770,-0.476,0.392
152239484951421,Lacc,-1.120,1.144,-1.361,
152239484951421,GameRo,-0.163,0.770,-0.476,0.392
152239498958421,pre,1006.055,,,
152239515652421,pre,1006.059,,,
152239494930671,acc,-5.581,-7.309,-3.684,
152239514889171,acc,-5.548,-7.440,-3.670,
152239494930671,Gyro,-0.659,-1.475,-0.049,
152239514889171,Gyro,-0.848,-1.544,-0.104,
152239504909921,Lacc,-1.040,1.035,-1.418,
152239504909921,GameRo,-0.180,0.763,-0.464,0.412
152239524868421,Lacc,-0.948,0.929,-1.433,
152239524868421,GameRo,-0.179,0.763,-0.464,0.412
152239529690421,pre,1006.063,,,
152239545223421,pre,1006.066,,,
152239560665421,pre,1006.074,,,
152239534817171,acc,-5.490,-7.519,-3.749,
152239554714671,acc,-5.468,-7.661,-3.866,
152239534817171,Gyro,-0.944,-1.588,-0.145,
152239554714671,Gyro,-0.958,-1.633,-0.191,
152239544765921,Lacc,-0.848,0.712,-1.542,
152239544765921,GameRo,-0.202,0.758,-0.446,0.431
152239564663421,Lacc,-0.745,0.656,-1.625,
152239564663421,GameRo,-0.202,0.758,-0.445,0.431
152239576076421,pre,1006.066,,,
152239591518421,pre,1006.064,,,
152239574619671,acc,-5.306,-7.669,-3.889,
152239594532171,acc,-5.150,-7.559,-3.941,
152239574619671,Gyro,-0.984,-1.674,-0.247,
152239594532171,Gyro,-1.022,-1.690,-0.313,
152239584575921,Lacc,-0.498,0.659,-1.638,
152239606869421,pre,1006.066,,,
152239584575921,GameRo,-0.228,0.751,-0.425,0.450
152239604488421,Lacc,-0.325,0.816,-1.623,
152239604488421,GameRo,-0.228,0.752,-0.425,0.450
152239622249421,pre,1006.055,,,
152239637783421,pre,1006.067,,,
152239614444921,acc,-4.990,-7.464,-3.856,
152239634357921,acc,-4.817,-7.628,-3.614,
152239614444921,Gyro,-1.078,-1.702,-0.382,
152239634357921,Gyro,-1.088,-1.703,-0.440,
152239624401421,Lacc,-0.118,0.711,-1.437,
152239624401421,GameRo,-0.256,0.743,-0.405,0.467
152239644314421,Lacc,0.015,0.526,-1.173,
152239644314421,GameRo,-0.256,0.743,-0.404,0.467
152239653194421,pre,1006.055,,,
152239668636421,pre,1006.062,,,
152239654240171,acc,-4.747,-7.808,-3.404,
152239674091671,acc,-4.705,-7.960,-3.299,
152239654240171,Gyro,-1.010,-1.678,-0.475,
152239674091671,Gyro,-0.858,-1.627,-0.495,
152239685024421,pre,1006.069,,,
152239664165921,Lacc,0.091,0.315,-1.014,
152239664165921,GameRo,-0.286,0.733,-0.384,0.483
152239684017421,Lacc,0.072,0.277,-0.906,
152239684017421,GameRo,-0.286,0.734,-0.383,0.483
152239699489421,pre,1006.063,,,
152239707180421,pre,1006.061,,,
152239722622421,pre,1006.061,,,
152239694019671,acc,-4.799,-7.924,-3.209,
152239714024171,acc,-4.955,-7.886,-3.103,
152239694019671,Gyro,-0.695,-1.556,-0.509,
152239714024171,Gyro,-0.599,-1.500,-0.495,
152239704021921,Lacc,-0.087,0.351,-0.845,
152239704021921,GameRo,-0.313,0.721,-0.366,0.498
152239724026421,Lacc,-0.222,0.344,-0.650,
152239724026421,GameRo,-0.313,0.721,-0.366,0.497
152239738033421,pre,1006.067,,,
152239761166421,pre,1006.060,,,
152239733959671,acc,-5.077,-7.964,-2.800,
152239753826171,acc,-5.187,-8.067,-2.661,
152239733959671,Gyro,-0.538,-1.468,-0.463,
152239753826171,Gyro,-0.483,-1.428,-0.403,
152239743892921,Lacc,-0.365,0.256,-0.470,
152239743892921,GameRo,-0.337,0.707,-0.353,0.511
152239763759421,Lacc,-0.459,0.155,-0.380,
152239763759421,GameRo,-0.337,0.707,-0.353,0.511
152239776607421,pre,1006.067,,,
152239784511421,pre,1006.065,,,
152239799770421,pre,1006.063,,,
152239773708171,acc,-5.235,-8.129,-2.581,
152239793605671,acc,-5.307,-8.146,-2.482,
152239773708171,Gyro,-0.421,-1.393,-0.345,
152239793605671,Gyro,-0.378,-1.343,-0.312,
152239783656921,Lacc,-0.502,0.199,-0.420,
152239783656921,GameRo,-0.357,0.693,-0.340,0.525
152239803554421,Lacc,-0.580,0.149,-0.329,
152239803554421,GameRo,-0.357,0.693,-0.340,0.525
152239815365421,pre,1006.064,,,
152239830776421,pre,1006.067,,,
152239813510921,acc,-5.314,-8.221,-2.478,
152239833423921,acc,-5.099,-8.389,-2.504,
152239813510921,Gyro,-0.326,-1.316,-0.275,
152239833423921,Gyro,-0.242,-1.301,-0.229,
152239823467421,Lacc,-0.452,0.031,-0.501,
152239823467421,GameRo,-0.374,0.679,-0.329,0.539
152239843380421,Lacc,-0.256,-0.041,-0.482,
152239843380421,GameRo,-0.374,0.679,-0.329,0.539
152239853725421,pre,1006.067,,,
152239869167421,pre,1006.076,,,
152239853329171,acc,-4.993,-8.342,-2.403,
152239873226671,acc,-4.975,-8.097,-2.169,
152239853329171,Gyro,-0.101,-1.244,-0.187,
152239873226671,Gyro,-0.027,-1.183,-0.129,
152239885494421,pre,1006.073,,,
152239863277921,Lacc,-0.186,0.158,-0.467,
152239863277921,GameRo,-0.388,0.665,-0.318,0.553
152239883175421,Lacc,-0.208,0.248,-0.194,
152239883175421,GameRo,-0.388,0.665,-0.318,0.553
152239900020421,pre,1006.077,,,
152239915951421,pre,1006.071,,,
152239893124171,acc,-5.013,-8.135,-1.884,
152239913021671,acc,-5.317,-8.280,-1.793,
152239893124171,Gyro,0.005,-1.144,-0.076,
152239913021671,Gyro,0.029,-1.053,-0.036,
152239903072921,Lacc,-0.275,0.218,-0.197,
152239903072921,GameRo,-0.398,0.651,-0.310,0.567
152239922970421,Lacc,-0.736,-0.143,-0.259,
152239922970421,GameRo,-0.398,0.651,-0.310,0.567
152239930874421,pre,1006.064,,,
152239946316421,pre,1006.071,,,
152239961758421,pre,1006.063,,,
152239932903921,acc,-5.587,-8.790,-1.995,
152239952770921,acc,-4.749,-9.236,-2.025,
152239932903921,Gyro,0.040,-0.964,-0.002,
152239952770921,Gyro,-0.045,-0.919,-0.002,
152239942837421,Lacc,-0.379,-0.621,-0.670,
152239942837421,GameRo,-0.404,0.639,-0.302,0.581
152239962704421,Lacc,0.653,-1.012,-0.429,
152239962704421,GameRo,-0.404,0.639,-0.302,0.581
152239977169421,pre,1006.071,,,
152239992611421,pre,1006.066,,,
152239972683671,acc,-3.796,-9.449,-1.459,
152239992642171,acc,-3.479,-9.057,-0.401,
152239972683671,Gyro,-0.156,-0.843,-0.108,
152239992642171,Gyro,-0.272,-0.729,-0.219,
152239982662921,Lacc,1.368,-0.941,0.291,
152239982662921,GameRo,-0.410,0.628,-0.295,0.592
152240002621421,Lacc,1.382,-0.372,1.207,
152240007900421,pre,1006.067,,,
152240002621421,GameRo,-0.410,0.628,-0.295,0.592
152240023312421,pre,1006.073,,,
152240038875421,pre,1006.076,,,
152240012577671,acc,-3.585,-8.585,0.174,
152240032490171,acc,-3.467,-8.503,0.150,
152240012577671,Gyro,-0.451,-0.660,-0.208,
152240032490171,Gyro,-0.597,-0.662,-0.109,
152240022533921,Lacc,1.331,-0.065,1.399,
152240022533921,GameRo,-0.421,0.619,-0.288,0.597
152240042446421,Lacc,1.432,-0.160,1.202,
152240042446421,GameRo,-0.421,0.619,-0.288,0.597
152240054165421,pre,1006.073,,,
152240069698421,pre,1006.067,,,
152240052402671,acc,-3.555,-8.753,-0.163,
152240072315171,acc,-3.884,-8.959,-0.412,
152240052402671,Gyro,-0.562,-0.641,-0.013,
152240072315171,Gyro,-0.380,-0.648,0.058,
152240062358921,Lacc,1.133,-0.505,0.917,
152240062358921,GameRo,-0.433,0.613,-0.277,0.600
152240082271421,Lacc,0.874,-0.467,0.810,
152240082271421,GameRo,-0.433,0.613,-0.277,0.600
152240085018421,pre,1006.064,,,
152240100551421,pre,1006.056,,,
152240116085421,pre,1006.064,,,
152240092220171,acc,-4.036,-8.858,-0.416,
152240112117671,acc,-3.921,-8.965,-0.344,
152240092220171,Gyro,-0.187,-0.655,0.077,
152240112117671,Gyro,-0.107,-0.627,0.052,
152240102168921,Lacc,0.917,-0.468,0.863,
152240102168921,GameRo,-0.440,0.608,-0.266,0.605
152240122066421,Lacc,1.100,-0.655,0.936,
152240122066421,GameRo,-0.440,0.608,-0.266,0.605
152240131405421,pre,1006.058,,,
152240146847421,pre,1006.064,,,
152240132022921,acc,-3.667,-9.080,-0.259,
152240151935921,acc,-3.411,-8.905,-0.281,
152240132022921,Gyro,-0.111,-0.545,-0.026,
152240151935921,Gyro,-0.146,-0.430,-0.119,
152240163021421,pre,1006.065,,,
152240141979421,Lacc,1.427,-0.611,0.904,
152240141979421,GameRo,-0.444,0.601,-0.259,0.612
152240161892421,Lacc,1.609,-0.415,0.790,
152240161892421,GameRo,-0.444,0.601,-0.259,0.612
152240177669421,pre,1006.060,,,
152240193081421,pre,1006.064,,,
152240171841171,acc,-3.311,-8.741,-0.405,
152240191738671,acc,-3.427,-8.608,-0.465,
152240171841171,Gyro,-0.196,-0.335,-0.169,
152240191738671,Gyro,-0.187,-0.272,-0.184,
152240181789921,Lacc,1.587,-0.249,0.667,
152240181789921,GameRo,-0.450,0.595,-0.256,0.615
152240201687421,Lacc,1.376,-0.162,0.668,
152240201687421,GameRo,-0.450,0.595,-0.256,0.615
152240208492421,pre,1006.067,,,
152240223812421,pre,1006.065,,,
152240239223421,pre,1006.066,,,
152240211643671,acc,-3.642,-8.524,-0.392,
152240231556171,acc,-3.899,-8.302,-0.248,
152240211643671,Gyro,-0.173,-0.272,-0.171,
152240231556171,Gyro,-0.195,-0.306,-0.171,
152240221599921,Lacc,1.117,0.026,0.807,
152240221599921,GameRo,-0.456,0.591,-0.253,0.615
152240241512421,Lacc,0.800,0.204,0.930,
152240241512421,GameRo,-0.456,0.591,-0.253,0.616
152240254726421,pre,1006.071,,,
152240270138421,pre,1006.064,,,
152240251468921,acc,-4.191,-8.216,-0.145,
152240271381921,acc,-4.248,-8.363,-0.050,
152240251468921,Gyro,-0.216,-0.371,-0.183,
152240271381921,Gyro,-0.218,-0.424,-0.180,
152240261425421,Lacc,0.577,0.203,1.019,
152240261425421,GameRo,-0.462,0.586,-0.250,0.617
152240281338421,Lacc,0.543,0.011,1.136,
152240281338421,GameRo,-0.462,0.586,-0.251,0.617
152240285488421,pre,1006.070,,,
152240300991421,pre,1006.057,,,
152240316311421,pre,1006.074,,,
152240291287171,acc,-4.307,-8.468,0.032,
152240311184671,acc,-4.363,-8.378,-0.099,
152240291287171,Gyro,-0.194,-0.418,-0.182,
152240311184671,Gyro,-0.150,-0.393,-0.180,
152240301235921,Lacc,0.429,0.050,1.084,
152240301235921,GameRo,-0.469,0.580,-0.246,0.619
152240321133421,Lacc,0.394,0.246,0.905,
152240321133421,GameRo,-0.469,0.580,-0.247,0.619
152240331814421,pre,1006.065,,,
152240347225421,pre,1006.068,,,
152240331089671,acc,-4.409,-8.084,-0.285,
152240351002171,acc,-4.463,-7.746,-0.381,
152240331089671,Gyro,-0.127,-0.361,-0.179,
152240351002171,Gyro,-0.155,-0.354,-0.180,
152240362697421,pre,1006.074,,,
152240341045921,Lacc,0.290,0.630,0.743,
152240341045921,GameRo,-0.474,0.574,-0.243,0.621
152240360958421,Lacc,0.281,0.827,0.636,
152240360958421,GameRo,-0.474,0.574,-0.243,0.621
152240378078421,pre,1006.058,,,
152240393520421,pre,1006.070,,,
152240370914671,acc,-4.444,-7.657,-0.452,
152240390827171,acc,-4.454,-7.595,-0.323,
152240370914671,Gyro,-0.229,-0.380,-0.186,
152240390827171,Gyro,-0.302,-0.412,-0.200,
152240380870921,Lacc,0.265,0.945,0.647,
152240380870921,GameRo,-0.480,0.569,-0.240,0.623
152240400783421,Lacc,0.205,0.862,0.798,
152240400783421,GameRo,-0.480,0.569,-0.240,0.623
152240416653421,pre,1006.065,,,
152240432064421,pre,1006.073,,,
152240410732171,acc,-4.500,-7.891,-0.235,
152240430629671,acc,-4.517,-8.094,-0.123,
152240410732171,Gyro,-0.341,-0.458,-0.190,
152240430629671,Gyro,-0.384,-0.474,-0.176,
152240420680921,Lacc,0.128,0.501,0.885,
152240420680921,GameRo,-0.488,0.563,-0.235,0.624
152240440578421,Lacc,0.140,0.570,1.116,
152240440578421,GameRo,-0.488,0.563,-0.235,0.624
152240447384421,pre,1006.060,,,
152240462917421,pre,1006.073,,,
152240478329421,pre,1006.077,,,
152240450534921,acc,-4.465,-8.043,0.162,
152240470447921,acc,-4.496,-8.635,0.134,
152240450534921,Gyro,-0.408,-0.497,-0.127,
152240470447921,Gyro,-0.367,-0.510,-0.035,
152240460491421,Lacc,0.165,0.294,1.323,
152240460491421,GameRo,-0.497,0.557,-0.229,0.625
152240480404421,Lacc,-0.028,-0.248,1.111,
152240480404421,GameRo,-0.497,0.557,-0.229,0.625
152240493740421,pre,1006.066,,,
152240509151421,pre,1006.074,,,
152240490353171,acc,-4.787,-8.812,-0.132,
152240510250671,acc,-5.065,-8.463,-0.200,
152240490353171,Gyro,-0.330,-0.497,0.036,
152240510250671,Gyro,-0.347,-0.497,0.072,
152240500301921,Lacc,-0.335,-0.035,0.946,
152240500301921,GameRo,-0.504,0.552,-0.220,0.627
152240524471421,pre,1006.083,,,
152240520199421,Lacc,-0.547,0.129,0.948,
152240520199421,GameRo,-0.504,0.552,-0.220,0.627
152240540005421,pre,1006.067,,,
152240555447421,pre,1006.068,,,
152240530155671,acc,-5.237,-8.573,-0.260,
152240550068171,acc,-5.284,-8.842,-0.363,
152240530155671,Gyro,-0.364,-0.529,0.113,
152240550068171,Gyro,-0.321,-0.533,0.151,
152240540111921,Lacc,-0.608,-0.187,0.820,
152240540111921,GameRo,-0.509,0.548,-0.210,0.630
152240560024421,Lacc,-0.638,-0.333,0.806,
152240560024421,GameRo,-0.509,0.548,-0.210,0.630
152240570888421,pre,1006.075,,,
152240586300421,pre,1006.072,,,
152240569980921,acc,-5.343,-8.863,-0.349,
152240589893921,acc,-5.447,-9.132,-0.435,
152240569980921,Gyro,-0.295,-0.507,0.171,
152240589893921,Gyro,-0.328,-0.473,0.166,
152240602566421,pre,1006.077,,,
152240579937421,Lacc,-0.653,-0.438,0.801,
152240579937421,GameRo,-0.514,0.544,-0.199,0.633
152240599850421,Lacc,-0.738,-0.821,0.654,
152240599850421,GameRo,-0.514,0.544,-0.199,0.633
152240617153421,pre,1006.068,,,
152240632564421,pre,1006.064,,,
152240609799171,acc,-5.510,-9.454,-0.623,
152240629696671,acc,-5.623,-9.509,-0.868,
152240609799171,Gyro,-0.375,-0.440,0.143,
152240629696671,Gyro,-0.400,-0.409,0.112,
152240619747921,Lacc,-0.708,-1.048,0.460,
152240619747921,GameRo,-0.518,0.541,-0.189,0.635
152240639645421,Lacc,-0.974,-1.094,0.090,
152240639645421,GameRo,-0.518,0.541,-0.189,0.635
152240647976421,pre,1006.070,,,
152240663418421,pre,1006.070,,,
152240678860421,pre,1006.074,,,
152240649578671,acc,-5.931,-9.684,-1.335,
152240669445171,acc,-5.844,-10.045,-1.642,
152240649578671,Gyro,-0.397,-0.386,0.087,
152240669445171,Gyro,-0.407,-0.389,0.057,
152240659511921,Lacc,-1.041,-1.473,-0.265,
152240659511921,GameRo,-0.523,0.538,-0.179,0.636
152240679378421,Lacc,-0.920,-1.734,-0.486,
152240679378421,GameRo,-0.523,0.538,-0.179,0.636
152240694271421,pre,1006.071,,,
152240709682421,pre,1006.072,,,
152240689350171,acc,-5.761,-10.279,-1.819,
152240709293671,acc,-5.368,-10.238,-2.012,
152240689350171,Gyro,-0.385,-0.387,-0.028,
152240709293671,Gyro,-0.323,-0.440,-0.092,
152240699321921,Lacc,-0.685,-1.909,-0.621,
152240699321921,GameRo,-0.529,0.535,-0.170,0.636
152240719265421,Lacc,-0.230,-1.691,-0.739,
152240719265421,GameRo,-0.529,0.535,-0.170,0.636
152240725094421,pre,1006.072,,,
152240740536421,pre,1006.068,,,
152240755947421,pre,1006.072,,,
152240729221671,acc,-5.011,-9.867,-2.024,
152240749134171,acc,-4.841,-9.510,-2.013,
152240729221671,Gyro,-0.221,-0.459,-0.156,
152240749134171,Gyro,-0.124,-0.485,-0.189,
152240739177921,Lacc,-0.028,-1.281,-0.682,
152240739177921,GameRo,-0.536,0.530,-0.163,0.637
152240759090421,Lacc,0.211,-0.970,-0.698,
152240759090421,GameRo,-0.536,0.530,-0.163,0.637
152240771358421,pre,1006.072,,,
152240786800421,pre,1006.072,,,
152240769046921,acc,-4.550,-9.342,-2.003,
152240788959921,acc,-4.295,-9.485,-1.939,
152240769046921,Gyro,-0.080,-0.527,-0.197,
152240788959921,Gyro,-0.005,-0.550,-0.182,
152240779003421,Lacc,0.448,-0.974,-0.678,
152240779003421,GameRo,-0.541,0.522,-0.159,0.640
152240798916421,Lacc,0.644,-1.139,-0.620,
152240798916421,GameRo,-0.541,0.522,-0.160,0.640
152240802120421,pre,1006.072,,,
152240817623421,pre,1006.076,,,
152240833034421,pre,1006.064,,,
152240808865171,acc,-4.188,-9.538,-1.888,
152240828762671,acc,-4.118,-9.280,-1.927,
152240808865171,Gyro,0.125,-0.531,-0.145,
152240828762671,Gyro,0.223,-0.496,-0.116,
152240818813921,Lacc,0.661,-0.984,-0.732,
152240818813921,GameRo,-0.545,0.513,-0.156,0.645
152240838711421,Lacc,0.760,-0.583,-0.763,
152240838711421,GameRo,-0.545,0.513,-0.156,0.645
152240848446421,pre,1006.059,,,
152240863857421,pre,1006.065,,,
152240848667671,acc,-4.038,-8.815,-1.921,
152240868580171,acc,-4.022,-8.361,-1.791,
152240848667671,Gyro,0.224,-0.457,-0.120,
152240868580171,Gyro,0.160,-0.430,-0.139,
152240879940421,pre,1006.072,,,
152240858623921,Lacc,0.769,-0.084,-0.850,
152240858623921,GameRo,-0.545,0.505,-0.155,0.652
152240878536421,Lacc,0.796,0.295,-0.728,
152240878536421,GameRo,-0.545,0.505,-0.155,0.652
152240894680421,pre,1006.075,,,
152240910091421,pre,1006.073,,,
152240888492921,acc,-3.954,-8.062,-1.748,
152240908405921,acc,-3.821,-7.842,-1.682,
152240888492921,Gyro,0.083,-0.416,-0.150,
152240908405921,Gyro,0.046,-0.419,-0.147,
152240898449421,Lacc,0.866,0.552,-0.877,
152240898449421,GameRo,-0.546,0.497,-0.153,0.657
152240918362421,Lacc,1.014,0.850,-0.641,
152240918362421,GameRo,-0.546,0.497,-0.153,0.657
152240925411421,pre,1006.073,,,
152240940914421,pre,1006.073,,,
152240956356421,pre,1006.075,,,
152240928288171,acc,-3.711,-7.492,-1.300,
152240948139671,acc,-3.713,-7.097,-0.723,
152240928288171,Gyro,0.075,-0.423,-0.140,
152240948139671,Gyro,0.082,-0.422,-0.137,
152240938213921,Lacc,1.032,1.271,-0.231,
152240938213921,GameRo,-0.548,0.490,-0.151,0.661
152240958065421,Lacc,0.978,1.656,0.379,
152240958065421,GameRo,-0.548,0.490,-0.151,0.661
152240971767421,pre,1006.077,,,
152240987179421,pre,1006.069,,,
152240968044671,acc,-3.745,-6.628,-0.099,
152240988003171,acc,-3.810,-7.036,0.258,
152240968044671,Gyro,0.000,-0.403,-0.134,
152240988003171,Gyro,-0.043,-0.421,-0.085,
152240978023921,Lacc,0.920,1.923,0.838,
152240978023921,GameRo,-0.549,0.483,-0.149,0.666
152240997982421,Lacc,0.827,1.415,0.931,
152240997982421,GameRo,-0.549,0.482,-0.149,0.666
152241002499421,pre,1006.072,,,
152241018001421,pre,1006.073,,,
152241033413421,pre,1006.070,,,
152241007931171,acc,-4.016,-7.261,0.160,
152241027828671,acc,-4.356,-7.470,-0.199,
152241007931171,Gyro,-0.093,-0.358,-0.065,
152241027828671,Gyro,-0.138,-0.302,-0.076,
152241017879921,Lacc,0.476,1.223,0.613,
152241017879921,GameRo,-0.552,0.476,-0.145,0.669
152241037777421,Lacc,0.257,1.104,0.257,
152241037777421,GameRo,-0.552,0.476,-0.145,0.669
152241048824421,pre,1006.073,,,
152241064236421,pre,1006.069,,,
152241047733671,acc,-4.418,-7.473,-0.466,
152241067646171,acc,-4.412,-7.527,-0.559,
152241047733671,Gyro,-0.140,-0.262,-0.107,
152241067646171,Gyro,-0.099,-0.219,-0.129,
152241057689921,Lacc,0.236,1.139,0.085,
152241057689921,GameRo,-0.555,0.472,-0.142,0.670
152241077602421,Lacc,0.222,1.013,0.035,
152241077602421,GameRo,-0.555,0.472,-0.142,0.670
152241079525421,pre,1006.064,,,
152241095058421,pre,1006.077,,,
152241110470421,pre,1006.079,,,
152241087558921,acc,-4.488,-7.664,-0.556,
152241107471921,acc,-4.660,-7.753,-0.479,
152241087558921,Gyro,-0.027,-0.171,-0.133,
152241107471921,Gyro,0.081,-0.138,-0.123,
152241097515421,Lacc,0.057,0.932,0.076,
152241097515421,GameRo,-0.558,0.468,-0.140,0.671
152241117428421,Lacc,-0.154,0.837,0.158,
152241117428421,GameRo,-0.558,0.468,-0.140,0.671
152241125881421,pre,1006.069,,,
152241141292421,pre,1006.067,,,
152241156734421,pre,1006.077,,,
152241127354171,acc,-4.883,-7.825,-0.429,
152241147205671,acc,-5.169,-7.945,-0.406,
152241127354171,Gyro,0.175,-0.116,-0.109,
152241147205671,Gyro,0.254,-0.103,-0.108,
152241137279921,Lacc,-0.436,0.796,0.135,
152241137279921,GameRo,-0.559,0.464,-0.141,0.672
152241157131421,Lacc,-0.778,0.520,0.095,
152241157131421,GameRo,-0.559,0.465,-0.141,0.673
152241172146421,pre,1006.075,,,
152241187557421,pre,1006.075,,,
152241167110671,acc,-5.482,-8.484,-0.470,
152241187069171,acc,-5.443,-9.199,-0.371,
152241167110671,Gyro,0.323,-0.114,-0.092,
152241187069171,Gyro,0.393,-0.124,-0.089,
152241177089921,Lacc,-0.940,-0.193,-0.003,
152241177089921,GameRo,-0.556,0.461,-0.143,0.676
152241197048421,Lacc,-0.834,-0.760,0.121,
152241197048421,GameRo,-0.556,0.461,-0.143,0.676
152241202846421,pre,1006.078,,,
152241218380421,pre,1006.074,,,
152241233761421,pre,1006.076,,,
152241207004921,acc,-5.325,-9.606,-0.316,
152241226917921,acc,-5.304,-9.702,-0.398,
152241207004921,Gyro,0.433,-0.111,-0.107,
152241226917921,Gyro,0.423,-0.087,-0.127,
152241216961421,Lacc,-0.776,-1.018,-0.084,
152241216961421,GameRo,-0.552,0.458,-0.147,0.681
152241236874421,Lacc,-0.803,-0.880,-0.140,
152241236874421,GameRo,-0.552,0.458,-0.147,0.681
152241249172421,pre,1006.075,,,
152241264583421,pre,1006.075,,,
152241246822921,acc,-5.379,-9.485,-0.404,
152241266719921,acc,-5.560,-9.744,-0.447,
152241246822921,Gyro,0.334,-0.073,-0.145,
152241266719921,Gyro,0.198,-0.074,-0.163,
152241256771421,Lacc,-0.968,-0.799,-0.307,
152241256771421,GameRo,-0.548,0.454,-0.151,0.686
152241276668421,Lacc,-1.204,-1.362,-0.338,
152241276668421,GameRo,-0.548,0.454,-0.151,0.686
152241279903421,pre,1006.076,,,
152241295406421,pre,1006.076,,,
152241310818421,pre,1006.067,,,
152241286624921,acc,-5.678,-10.437,-0.423,
152241306537921,acc,-4.978,-10.824,-0.277,
152241286624921,Gyro,0.154,-0.095,-0.190,
152241306537921,Gyro,0.192,-0.153,-0.205,
152241326107421,pre,1006.078,,,
152241296581421,Lacc,-0.996,-1.965,-0.311,
152241296581421,GameRo,-0.547,0.450,-0.155,0.689
152241316494421,Lacc,-0.136,-2.062,-0.170,
152241316494421,GameRo,-0.547,0.450,-0.155,0.689
152241341610421,pre,1006.082,,,
152241326443171,acc,-4.239,-10.792,-0.114,
152241346340671,acc,-3.847,-10.392,0.079,
152241326443171,Gyro,0.276,-0.132,-0.263,
152241346340671,Gyro,0.330,-0.086,-0.303,
152241357754421,pre,1006.076,,,
152241336391921,Lacc,0.320,-1.832,-0.070,
152241336391921,GameRo,-0.547,0.445,-0.158,0.691
152241356289421,Lacc,0.673,-1.465,0.112,
152241356289421,GameRo,-0.547,0.445,-0.158,0.691
152241372433421,pre,1006.075,,,
152241387844421,pre,1006.060,,,
152241366245671,acc,-3.457,-10.147,0.314,
152241386158171,acc,-3.010,-9.992,0.528,
152241366245671,Gyro,0.309,-0.058,-0.291,
152241386158171,Gyro,0.237,-0.031,-0.243,
152241376201921,Lacc,1.008,-1.222,0.266,
152241376201921,GameRo,-0.545,0.440,-0.164,0.695
152241396114421,Lacc,1.393,-1.083,0.354,
152241396114421,GameRo,-0.545,0.440,-0.164,0.695
152241403255421,pre,1006.071,,,
152241418636421,pre,1006.069,,,
152241406070921,acc,-2.719,-9.890,0.464,
152241425983921,acc,-2.707,-9.842,0.055,
152241406070921,Gyro,0.232,-0.001,-0.181,
152241425983921,Gyro,0.346,0.027,-0.120,
152241416027421,Lacc,1.458,-0.999,0.022,
152241416027421,GameRo,-0.544,0.436,-0.170,0.697
152241435940421,Lacc,1.410,-0.884,-0.490,
152241435940421,GameRo,-0.544,0.435,-0.170,0.697
152241441738421,pre,1006.074,,,
152241457180421,pre,1006.067,,,
152241472591421,pre,1006.078,,,
152241445889171,acc,-2.725,-9.780,-0.443,
152241465786671,acc,-2.576,-9.947,-0.498,
152241445889171,Gyro,0.427,0.042,-0.084,
152241465786671,Gyro,0.451,0.058,-0.098,
152241487881421,pre,1006.071,,,
152241455837921,Lacc,1.428,-0.950,-0.947,
152241455837921,GameRo,-0.541,0.433,-0.175,0.700
152241475735421,Lacc,1.622,-1.064,-0.729,
152241475735421,GameRo,-0.541,0.433,-0.175,0.699
152241503384421,pre,1006.075,,,
152241485691671,acc,-2.393,-9.848,-0.084,
152241505604171,acc,-2.441,-9.177,0.616,
152241485691671,Gyro,0.479,0.117,-0.129,
152241505604171,Gyro,0.471,0.220,-0.154,
152241495647921,Lacc,1.678,-0.657,-0.284,
152241495647921,GameRo,-0.535,0.431,-0.181,0.703
152241515560421,Lacc,1.448,0.378,0.467,
152241515560421,GameRo,-0.535,0.431,-0.181,0.703
152241518673421,pre,1006.088,,,
152241534176421,pre,1006.073,,,
152241549618421,pre,1006.081,,,
152241525516671,acc,-2.745,-7.425,1.403,
152241545429171,acc,-2.981,-6.555,1.789,
152241525516671,Gyro,0.158,0.390,-0.221,
152241545429171,Gyro,-0.298,0.398,-0.196,
152241535472921,Lacc,1.093,2.139,1.102,
152241535472921,GameRo,-0.529,0.431,-0.190,0.706
152241555385421,Lacc,0.932,2.297,0.895,
152241555385421,GameRo,-0.529,0.431,-0.190,0.706
152241564999421,pre,1006.082,,,
152241580440421,pre,1006.078,,,
152241565334171,acc,-3.259,-7.004,1.210,
152241585231671,acc,-3.614,-6.850,0.698,
152241565334171,Gyro,-0.632,0.358,-0.087,
152241585231671,Gyro,-0.822,0.305,0.071,
152241597164421,pre,1006.070,,,
152241575282921,Lacc,0.497,1.905,0.408,
152241575282921,GameRo,-0.534,0.436,-0.194,0.698
152241595180421,Lacc,0.231,2.401,0.195,
152241595180421,GameRo,-0.534,0.436,-0.194,0.698
152241611233421,pre,1006.077,,,
152241626522421,pre,1006.076,,,
152241605136921,acc,-3.714,-6.094,0.822,
152241625049921,acc,-3.937,-5.993,0.888,
152241605136921,Gyro,-1.240,0.219,0.239,
152241625049921,Gyro,-1.948,0.180,0.295,
152241615093421,Lacc,0.202,3.121,0.770,
152241615093421,GameRo,-0.544,0.444,-0.188,0.687
152241635006421,Lacc,-0.125,2.896,0.719,
152241635006421,GameRo,-0.543,0.444,-0.188,0.687
152241641933421,pre,1006.073,,,
152241657467421,pre,1006.075,,,
152241672848421,pre,1006.073,,,
152241644955171,acc,-4.184,-5.875,0.775,
152241664852671,acc,-4.416,-6.506,-0.038,
152241644955171,Gyro,-2.528,0.210,0.243,
152241664852671,Gyro,-2.772,0.192,0.239,
152241654903921,Lacc,-0.215,2.960,0.983,
152241654903921,GameRo,-0.566,0.457,-0.169,0.665
152241674801421,Lacc,-0.380,1.742,0.171,
152241674801421,GameRo,-0.566,0.457,-0.168,0.665
152241688259421,pre,1006.076,,,
152241703670421,pre,1006.066,,,
152241684757671,acc,-4.463,-7.437,-0.825,
152241704670171,acc,-4.783,-7.685,-1.698,
152241684757671,Gyro,-2.639,0.233,0.301,
152241704670171,Gyro,-2.410,0.272,0.344,
152241694713921,Lacc,-0.337,1.294,0.390,
152241694713921,GameRo,-0.599,0.471,-0.142,0.632
152241714626421,Lacc,-0.907,0.598,-0.512,
152241714626421,GameRo,-0.599,0.471,-0.142,0.632
152241718990421,pre,1006.071,,,
152241734493421,pre,1006.066,,,
152241749905421,pre,1006.069,,,
152241724582921,acc,-5.150,-8.293,-2.337,
152241744495921,acc,-5.275,-8.490,-2.318,
152241724582921,Gyro,-2.104,0.246,0.395,
152241744495921,Gyro,-1.853,0.226,0.424,
152241734539421,Lacc,-0.872,0.136,-0.033,
152241734539421,GameRo,-0.624,0.485,-0.118,0.601
152241754452421,Lacc,-1.231,-0.359,0.301,
152241754452421,GameRo,-0.624,0.485,-0.118,0.601
152241765316421,pre,1006.080,,,
152241780727421,pre,1006.067,,,
152241764401171,acc,-5.756,-9.261,-2.010,
152241784298671,acc,-6.407,-10.207,-1.961,
152241764401171,Gyro,-1.649,0.102,0.426,
152241784298671,Gyro,-1.361,-0.028,0.433,
152241796444421,pre,1006.075,,,
152241774349921,Lacc,-1.651,-1.487,1.124,
152241774349921,GameRo,-0.641,0.497,-0.098,0.577
152241794247421,Lacc,-2.371,-2.530,1.186,
152241794247421,GameRo,-0.641,0.497,-0.098,0.577
152241811520421,pre,1006.076,,,
152241826931421,pre,1006.067,,,
152241804203671,acc,-7.239,-11.187,-2.025,
152241824116171,acc,-8.245,-11.589,-2.629,
152241804203671,Gyro,-1.016,-0.057,0.517,
152241824116171,Gyro,-0.635,-0.069,0.582,
152241814159921,Lacc,-3.245,-3.629,1.217,
152241814159921,GameRo,-0.651,0.505,-0.079,0.561
152241834072421,Lacc,-3.882,-3.431,0.520,
152241834072421,GameRo,-0.651,0.505,-0.079,0.561
152241842220421,pre,1006.068,,,
152241857754421,pre,1006.072,,,
152241873165421,pre,1006.076,,,
152241843998171,acc,-8.569,-11.199,-3.348,
152241863849671,acc,-9.014,-11.641,-3.008,
152241843998171,Gyro,-0.359,-0.085,0.657,
152241863849671,Gyro,-0.164,-0.157,0.636,
152241853923921,Lacc,-4.030,-3.519,0.333,
152241853923921,GameRo,-0.652,0.513,-0.065,0.555
152241873775421,Lacc,-4.424,-4.257,0.900,
152241873775421,GameRo,-0.652,0.512,-0.065,0.555
152241888546421,pre,1006.076,,,
152241903957421,pre,1006.060,,,
152241883754671,acc,-9.453,-12.494,-2.911,
152241903713171,acc,-10.396,-12.991,-3.836,
152241883754671,Gyro,0.035,-0.136,0.602,
152241903713171,Gyro,0.330,-0.028,0.532,
152241893733921,Lacc,-4.919,-5.248,0.394,
152241893733921,GameRo,-0.647,0.519,-0.054,0.556
152241913692421,Lacc,-5.822,-5.486,-0.492,
152241913692421,GameRo,-0.647,0.519,-0.054,0.556
152241919247421,pre,1006.066,,,
152241934780421,pre,1006.062,,,
152241950191421,pre,1006.063,,,
152241923625921,acc,-10.471,-12.839,-4.357,
152241943492921,acc,-9.806,-12.755,-4.848,
152241923625921,Gyro,0.627,-0.023,0.554,
152241943492921,Gyro,1.022,-0.009,0.628,
152241933559421,Lacc,-4.869,-5.113,-0.981,
152241933559421,GameRo,-0.637,0.525,-0.051,0.561
152241953426421,Lacc,-4.620,-5.087,-1.408,
152241953426421,GameRo,-0.637,0.525,-0.051,0.561
152241965572421,pre,1006.052,,,
152241988705421,pre,1006.064,,,
152241963398171,acc,-10.038,-12.443,-5.197,
152241983341671,acc,-10.793,-12.874,-4.947,
152241963398171,Gyro,1.455,0.009,0.720,
152241983341671,Gyro,2.325,-0.142,0.746,
152241973369921,Lacc,-5.064,-5.100,-1.966,
152241973369921,GameRo,-0.619,0.532,-0.055,0.575
152241993313421,Lacc,-5.592,-5.440,-1.334,
152241993313421,GameRo,-0.619,0.532,-0.054,0.575
152242004116421,pre,1006.059,,,
152242019558421,pre,1006.067,,,
152242003269671,acc,-10.887,-12.813,-4.165,
152242023182171,acc,-9.970,-12.552,-2.710,
152242003269671,Gyro,3.500,-0.180,0.902,
152242023182171,Gyro,4.805,-0.093,1.095,
152242013225921,Lacc,-5.036,-5.032,-0.899,
152242013225921,GameRo,-0.582,0.537,-0.070,0.606
152242034847421,pre,1006.060,,,
152242033138421,Lacc,-3.909,-4.658,-0.080,
152242033138421,GameRo,-0.582,0.537,-0.070,0.606
152242050381421,pre,1006.058,,,
152242065792421,pre,1006.057,,,
152242043094921,acc,-9.233,-11.543,-2.544,
152242063007921,acc,-9.147,-9.586,-3.152,
152242043094921,Gyro,6.384,0.312,1.061,
152242063007921,Gyro,7.977,0.844,0.938,
152242075771421,pre,1006.050,,,
152242053051421,Lacc,-3.147,-2.869,-1.899,
152242053051421,GameRo,-0.509,0.540,-0.108,0.662
152242072964421,Lacc,-3.323,-0.621,-2.412,
152242072964421,GameRo,-0.508,0.540,-0.108,0.662
152242096615421,pre,1006.058,,,
152242112026421,pre,1006.055,,,
152242082897671,acc,-9.194,-6.873,-3.664,
152242102764171,acc,-7.498,-6.446,-3.776,
152242082897671,Gyro,9.085,0.926,0.687,
152242102764171,Gyro,9.765,0.369,-0.353,
152242092830921,Lacc,-2.447,1.068,-5.214,
152242092830921,GameRo,-0.384,0.537,-0.188,0.727
152242112697421,Lacc,0.557,0.629,-4.647,
152242112697421,GameRo,-0.385,0.537,-0.188,0.727
152242127437421,pre,1006.063,,,
152242142879421,pre,1006.066,,,
152242122669171,acc,-4.008,-6.827,-3.193,
152242142612671,acc,0.256,-4.634,-1.369,
152242122669171,Gyro,10.627,-0.217,-1.538,
152242142612671,Gyro,10.794,-0.810,-1.946,
152242132640921,Lacc,4.189,0.498,-6.232,
152242132640921,GameRo,-0.239,0.494,-0.299,0.781
152242152584421,Lacc,8.337,2.867,-4.233,
152242152584421,GameRo,-0.240,0.494,-0.299,0.780
152242158169421,pre,1006.056,,,
152242173672421,pre,1006.056,,,
152242189083421,pre,1006.057,,,
152242162540671,acc,4.518,-2.845,1.104,
152242182453171,acc,8.297,-2.078,4.922,
152242162540671,Gyro,10.491,-1.706,-2.827,
152242182453171,Gyro,9.677,-2.288,-3.022,
152242172496921,Lacc,11.955,2.609,-3.858,
152242172496921,GameRo,-0.097,0.392,-0.428,0.808
152242192409421,Lacc,15.580,3.352,-0.264,
152242192409421,GameRo,-0.097,0.391,-0.429,0.809
152242196682421,pre,1006.059,,,
152242212185421,pre,1006.040,,,
152242227596421,pre,1006.037,,,
152242202358171,acc,11.750,-0.949,6.186,
152242222255671,acc,10.956,-2.519,3.706,
152242202358171,Gyro,8.013,-2.399,-3.009,
152242222255671,Gyro,5.763,-0.503,-2.315,
152242212306921,Lacc,16.312,1.025,-3.557,
152242212306921,GameRo,0.013,0.258,-0.539,0.802
152242232204421,Lacc,12.698,-0.755,-6.036,
152242232204421,GameRo,0.012,0.257,-0.540,0.802
152242243008421,pre,1006.053,,,
152242258419421,pre,1006.048,,,
152242242160921,acc,5.961,-3.202,2.818,
152242262073921,acc,3.143,-1.782,4.951,
152242242160921,Gyro,3.068,1.062,-1.022,
152242262073921,Gyro,0.571,1.113,0.105,
152242273861421,pre,1006.049,,,
152242252117421,Lacc,7.766,-1.445,-5.087,
152242252117421,GameRo,0.083,0.186,-0.599,0.774
152242272030421,Lacc,7.180,-0.979,-3.148,
152242272030421,GameRo,0.082,0.185,-0.599,0.774
152242289242421,pre,1006.046,,,
152242304623421,pre,1006.042,,,
152242281979171,acc,4.096,-2.253,6.240,
152242301876671,acc,3.852,-3.862,5.165,
152242281979171,Gyro,-0.163,1.390,1.046,
152242301876671,Gyro,0.686,1.990,1.808,
152242291927921,Lacc,8.526,-2.262,-3.000,
152242291927921,GameRo,0.106,0.196,-0.597,0.771
152242311825421,Lacc,7.237,-3.659,-3.753,
152242311825421,GameRo,0.105,0.196,-0.597,0.771
152242320034421,pre,1006.046,,,
152242335445421,pre,1006.052,,,
152242350857421,pre,1006.046,,,
152242321758921,acc,2.065,-3.915,5.505,
152242341625921,acc,-0.284,-2.037,5.832,
152242321758921,Gyro,1.739,2.413,2.160,
152242341625921,Gyro,2.141,2.393,2.195,
152242331692421,Lacc,5.776,-2.841,-2.677,
152242331692421,GameRo,0.146,0.214,-0.568,0.782
152242351559421,Lacc,3.540,-0.887,-2.643,
152242351559421,GameRo,0.145,0.214,-0.568,0.782
152242366268421,pre,1006.055,,,
152242381740421,pre,1006.037,,,
152242361538671,acc,-2.449,-0.238,5.845,
152242381497171,acc,-4.780,1.053,5.213,
152242361538671,Gyro,1.889,2.205,2.155,
152242381497171,Gyro,1.552,1.867,2.250,
152242371517921,Lacc,2.037,-0.674,-2.363,
152242371517921,GameRo,0.214,0.220,-0.534,0.788
152242391476421,Lacc,-0.281,0.993,-2.894,
152242391476421,GameRo,0.214,0.221,-0.534,0.788
152242397060421,pre,1006.046,,,
152242412472421,pre,1006.043,,,
152242427883421,pre,1006.054,,,
152242401424921,acc,-6.977,2.016,5.191,
152242421321921,acc,-7.554,0.345,4.999,
152242401424921,Gyro,1.217,1.518,2.391,
152242421321921,Gyro,1.188,1.121,2.631,
152242411373421,Lacc,-1.493,-0.970,-2.301,
152242411373421,GameRo,0.267,0.224,-0.496,0.795
152242431270421,Lacc,-1.149,-0.873,-2.091,
152242431270421,GameRo,0.268,0.224,-0.496,0.795
152242443264421,pre,1006.054,,,
152242466396421,pre,1006.057,,,
152242441226921,acc,-7.476,2.834,5.508,
152242461139921,acc,-8.524,5.330,5.286,
152242441226921,Gyro,1.193,0.944,2.889,
152242461139921,Gyro,0.835,0.665,2.982,
152242451183421,Lacc,-1.955,1.419,-1.555,
152242451183421,GameRo,0.309,0.216,-0.452,0.808
152242471096421,Lacc,-1.992,2.557,-1.992,
152242471096421,GameRo,0.309,0.216,-0.452,0.808
152242481808421,pre,1006.058,,,
152242497219421,pre,1006.073,,,
152242481045171,acc,-7.013,5.432,5.081,
152242500942671,acc,-5.244,5.306,6.168,
152242481045171,Gyro,0.127,0.159,2.692,
152242500942671,Gyro,-0.203,0.015,2.454,
152242490993921,Lacc,0.196,1.315,-1.189,
152242490993921,GameRo,0.340,0.200,-0.404,0.826
152242512508421,pre,1006.065,,,
152242510891421,Lacc,-0.146,1.942,0.009,
152242510891421,GameRo,0.340,0.200,-0.403,0.826
152242528042421,pre,1006.060,,,
152242543453421,pre,1006.055,,,
152242520847671,acc,-7.613,6.673,7.036,
152242540760171,acc,-8.123,6.986,6.901,
152242520847671,Gyro,-0.384,0.131,2.539,
152242540760171,Gyro,-0.647,-0.303,2.321,
152242530803921,Lacc,-2.986,2.688,0.260,
152242552334421,pre,1006.057,,,
152242530803921,GameRo,0.346,0.185,-0.361,0.846
152242550716421,Lacc,-1.592,2.290,0.062,
152242550716421,GameRo,0.346,0.186,-0.361,0.846
152242574276421,pre,1006.073,,,
152242589687421,pre,1006.069,,,
152242560649921,acc,-6.249,6.755,7.109,
152242580516921,acc,-5.407,7.232,7.875,
152242560649921,Gyro,-0.574,-0.571,2.001,
152242580516921,Gyro,-0.652,-0.670,1.708,
152242570583421,Lacc,-0.682,2.328,0.500,
152242570583421,GameRo,0.342,0.169,-0.321,0.867
152242590450421,Lacc,-0.224,2.201,1.328,
152242590450421,GameRo,0.342,0.169,-0.321,0.867
152242605038421,pre,1006.076,,,
152242620510421,pre,1006.067,,,
152242600422171,acc,-5.025,6.580,8.551,
152242620365671,acc,-4.233,6.293,8.694,
152242600422171,Gyro,-0.729,-0.786,1.389,
152242620365671,Gyro,-0.561,-0.867,1.144,
152242610393921,Lacc,-0.177,1.421,1.430,
152242610393921,GameRo,0.332,0.149,-0.294,0.883
152242630337421,Lacc,0.727,1.682,1.576,
152242630337421,GameRo,0.332,0.149,-0.294,0.884
152242635799421,pre,1006.074,,,
152242651211421,pre,1006.069,,,
152242666592421,pre,1006.070,,,
152242640270921,acc,-3.433,6.973,8.888,
152242660137921,acc,-3.037,7.516,9.173,
152242640270921,Gyro,-0.347,-0.810,0.994,
152242660137921,Gyro,-0.404,-0.725,0.827,
152242650204421,Lacc,0.846,2.406,1.593,
152242650204421,GameRo,0.321,0.129,-0.278,0.896
152242670071421,Lacc,1.030,2.458,1.641,
152242670071421,GameRo,0.321,0.129,-0.278,0.896
152242682003421,pre,1006.070,,,
152242697384421,pre,1006.077,,,
152242680019921,acc,-3.003,7.040,8.890,
152242699916921,acc,-3.184,5.817,8.136,
152242680019921,Gyro,-0.534,-0.662,0.629,
152242699916921,Gyro,-0.442,-0.574,0.508,
152242689968421,Lacc,0.568,1.535,0.899,
152242689968421,GameRo,0.312,0.113,-0.267,0.905
152242709865421,Lacc,0.375,0.356,0.095,
152242709865421,GameRo,0.312,0.113,-0.267,0.905
152242712795421,pre,1006.067,,,
152242728176421,pre,1006.067,,,
152242743587421,pre,1006.076,,,
152242719821921,acc,-3.291,4.913,7.388,
152242739734921,acc,-3.206,5.278,6.900,
152242719821921,Gyro,-0.137,-0.524,0.458,
152242739734921,Gyro,0.194,-0.476,0.451,
152242729778421,Lacc,0.106,-0.088,-0.690,
152242729778421,GameRo,0.303,0.102,-0.260,0.911
152242749691421,Lacc,0.188,1.532,-1.266,
152242749691421,GameRo,0.303,0.102,-0.260,0.911
152242759090421,pre,1006.060,,,
152242774502421,pre,1006.062,,,
152242759670671,acc,-3.041,6.537,5.845,
152242779629171,acc,-2.619,5.348,5.861,
152242759670671,Gyro,0.011,-0.600,0.286,
152242779629171,Gyro,-0.039,-0.631,0.447,
152242791012421,pre,1006.076,,,
152242769649921,Lacc,0.221,0.590,-2.117,
152242769649921,GameRo,0.304,0.089,-0.256,0.913
152242789608421,Lacc,0.322,-0.048,-1.937,
152242789608421,GameRo,0.304,0.089,-0.256,0.913
152242805324421,pre,1006.073,,,
152242820736421,pre,1006.071,,,
152242799534171,acc,-2.846,4.618,6.009,
152242819385671,acc,-2.639,5.397,6.298,
152242799534171,Gyro,0.071,-0.612,0.493,
152242819385671,Gyro,0.226,-0.570,0.465,
152242836025421,pre,1006.079,,,
152242809459921,Lacc,0.189,-0.127,-1.744,
152242809459921,GameRo,0.301,0.076,-0.253,0.916
152242829311421,Lacc,0.185,0.778,-1.492,
152242829311421,GameRo,0.301,0.076,-0.252,0.916
152242851528421,pre,1006.076,,,
152242867824421,pre,1006.076,,,
152242839290671,acc,-2.618,6.039,6.553,
152242859249171,acc,-2.467,6.285,6.992,
152242839290671,Gyro,0.175,-0.598,0.475,
152242859249171,Gyro,0.125,-0.567,0.452,
152242849269921,Lacc,0.061,0.943,-1.197,
152242849269921,GameRo,0.303,0.061,-0.247,0.918
152242869228421,Lacc,0.134,1.541,-0.703,
152242869228421,GameRo,0.303,0.061,-0.247,0.918
152242882351421,pre,1006.077,,,
152242897762421,pre,1006.074,,,
152242879184921,acc,-2.401,7.125,7.483,
152242899097921,acc,-2.330,6.937,7.746,
152242879184921,Gyro,0.038,-0.505,0.376,
152242899097921,Gyro,-0.069,-0.483,0.321,
152242889141421,Lacc,-0.083,1.956,-0.320,
152242889141421,GameRo,0.303,0.048,-0.243,0.920
152242909054421,Lacc,0.006,1.325,-0.200,
152242909054421,GameRo,0.303,0.048,-0.243,0.920
152242913082421,pre,1006.070,,,
152242928585421,pre,1006.085,,,
152242944027421,pre,1006.076,,,
152242919003171,acc,-1.827,6.421,7.747,
152242938900671,acc,-2.120,6.028,7.906,
152242919003171,Gyro,-0.039,-0.463,0.218,
152242938900671,Gyro,0.143,-0.239,0.105,
152242928951921,Lacc,0.231,0.795,-0.173,
152242928951921,GameRo,0.300,0.037,-0.240,0.923
152242948849421,Lacc,0.086,1.062,0.127,
152242948849421,GameRo,0.300,0.037,-0.240,0.922
152242959408421,pre,1006.086,,,
152242974850421,pre,1006.086,,,
152242958805671,acc,-1.813,6.303,8.328,
152242978718171,acc,-1.761,6.685,8.748,
152242958805671,Gyro,0.301,-0.100,-0.072,
152242978718171,Gyro,0.399,0.047,-0.130,
152242991176421,pre,1006.080,,,
152242968761921,Lacc,0.234,1.113,0.539,
152242968761921,GameRo,0.302,0.032,-0.241,0.922
152242988674421,Lacc,0.154,1.477,0.909,
152242988674421,GameRo,0.302,0.032,-0.241,0.922
152243013393421,pre,1006.085,,,
152243022213421,pre,1006.095,,,
152242998630671,acc,-2.071,6.596,9.030,
152243018543171,acc,-2.248,6.344,9.276,
152242998630671,Gyro,0.353,0.052,-0.084,
152243018543171,Gyro,0.351,-0.030,0.066,
152243008586921,Lacc,-0.192,0.998,1.228,
152243008586921,GameRo,0.309,0.031,-0.243,0.919
152243028499421,Lacc,-0.285,1.100,1.533,
152243028499421,GameRo,0.309,0.031,-0.243,0.919
152243044216421,pre,1006.092,,,
152243059597421,pre,1006.086,,,
152243068203421,pre,1006.082,,,
152243038425421,acc,-2.509,6.950,9.684,
152243058277421,acc,-2.469,7.460,9.916,
152243038425421,Gyro,0.288,0.086,-0.123,
152243058277421,Gyro,-0.027,0.087,-0.240,
152243048351421,Lacc,-0.577,1.791,2.033,
152243048351421,GameRo,0.315,0.030,-0.243,0.917
152243068203421,Lacc,-0.258,1.829,1.988,
152243068203421,GameRo,0.315,0.030,-0.243,0.917
152243090420421,pre,1006.085,,,
152243105862421,pre,1006.081,,,
152243078182671,acc,-2.260,6.756,9.614,
152243098141171,acc,-2.253,4.942,9.274,
152243078182671,Gyro,-0.351,0.034,-0.187,
152243098141171,Gyro,-0.375,-0.040,-0.019,
152243088161921,Lacc,-0.176,0.314,1.545,
152243088161921,GameRo,0.315,0.033,-0.246,0.916
152243108120421,Lacc,-0.117,-1.015,1.454,
152243108120421,GameRo,0.315,0.033,-0.246,0.916
152243121242421,pre,1006.089,,,
152243136684421,pre,1006.085,,,
152243118069171,acc,-2.199,4.263,9.412,
152243137966671,acc,-2.521,4.409,9.780,
152243118069171,Gyro,-0.133,0.053,0.042,
152243137966671,Gyro,-0.012,0.140,0.054,
152243128017921,Lacc,-0.162,-1.041,1.650,
152243128017921,GameRo,0.308,0.035,-0.247,0.918
152243147915421,Lacc,0.357,-0.553,1.543,
152243147915421,GameRo,0.308,0.035,-0.247,0.918
152243152065421,pre,1006.077,,,
152243167507421,pre,1006.088,,,
152243182888421,pre,1006.081,,,
152243157871671,acc,-3.309,3.969,9.126,
152243177784171,acc,-2.106,4.635,9.362,
152243157871671,Gyro,-0.040,0.316,0.274,
152243177784171,Gyro,0.088,-0.150,0.279,
152243167827921,Lacc,-0.491,-1.361,1.250,
152243167827921,GameRo,0.309,0.040,-0.243,0.919
152243187740421,Lacc,-0.062,-0.194,1.641,
152243187740421,GameRo,0.309,0.040,-0.243,0.919
152243198299421,pre,1006.084,,,
152243213741421,pre,1006.083,,,
152243197696921,acc,-2.314,5.196,9.384,
152243217609921,acc,-1.702,4.517,8.613,
152243197696921,Gyro,-0.252,-0.305,0.258,
152243217609921,Gyro,-0.482,-0.248,0.207,
152243229305421,pre,1006.080,,,
