Timestamp,Sensor,X,Y,Z,W
86398361969088,acc,0.131,0.188,9.811,
86398361969088,Gyro,0.025,-0.000,-0.000,
86398381812879,acc,0.135,0.197,9.832,
86398381812879,Gyro,-0.010,0.001,-0.001,
86398381812879,Lacc,0.004,0.010,0.024,
86398381812879,GameRo,0.002,-0.011,-0.707,0.707
86398401683485,acc,0.135,0.183,9.786,
86398401683485,Gyro,-0.031,0.001,-0.001,
86398401683485,Lacc,0.004,0.001,-0.021,
86398401683485,GameRo,0.002,-0.011,-0.707,0.707
86398409060886,pre,995.179,,,
86398421579969,acc,0.135,0.175,9.759,
86398421579969,Gyro,-0.033,-0.000,-0.000,
86398421579969,Lacc,0.004,-0.001,-0.049,
86398421579969,GameRo,0.002,-0.011,-0.707,0.707
86398434116996,pre,995.167,,,
86398441451022,acc,0.134,0.167,9.737,
86398441451022,Gyro,-0.026,0.000,0.000,
86398441451022,Lacc,0.003,-0.003,-0.071,
86398441451022,GameRo,0.001,-0.011,-0.707,0.707
86398459173271,pre,995.176,,,
86398461322116,acc,0.135,0.167,9.764,
86398461322116,Gyro,-0.019,-0.000,0.001,
86398461322116,Lacc,0.004,0.001,-0.043,
86398461322116,GameRo,0.001,-0.011,-0.707,0.707
86398481192722,acc,0.135,0.161,9.738,
86398481192722,Gyro,-0.014,-0.000,0.000,
86398481192722,Lacc,0.004,-0.001,-0.070,
86398481192722,GameRo,0.001,-0.011,-0.707,0.707
86398484240939,pre,995.195,,,
86398501064507,acc,0.138,0.164,9.693,
86398501064507,Gyro,0.012,0.000,0.000,
86398501064507,Lacc,0.007,0.001,-0.115,
86398501064507,GameRo,0.001,-0.011,-0.707,0.707
86398509282931,pre,995.198,,,
86398520934136,acc,0.138,0.170,9.724,
86398520934136,Gyro,0.037,0.000,0.000,
86398520934136,Lacc,0.007,0.001,-0.084,
86398520934136,GameRo,0.001,-0.011,-0.707,0.707
86398534330864,pre,995.182,,,
86398540805026,acc,0.132,0.173,9.757,
86398540805026,Gyro,0.048,0.000,0.001,
86398540805026,Lacc,0.001,-0.005,-0.050,
86398540805026,GameRo,0.002,-0.011,-0.707,0.707
86398559393730,pre,995.192,,,
86398560655409,acc,0.133,0.183,9.797,
86398560655409,Gyro,0.043,0.000,0.001,
86398560655409,Lacc,0.002,-0.004,-0.011,
86398560655409,GameRo,0.002,-0.011,-0.707,0.707
86398580546888,acc,0.134,0.200,9.826,
86398580546888,Gyro,0.021,-0.000,0.000,
86398580546888,Lacc,0.003,0.007,0.018,
86398580546888,GameRo,0.002,-0.012,-0.707,0.707
86398584450168,pre,995.207,,,
86398600417860,acc,0.130,0.191,9.789,
86398600417860,Gyro,0.006,0.000,-0.000,
86398600417860,Lacc,-0.001,-0.004,-0.018,
86398600417860,GameRo,0.002,-0.012,-0.707,0.707
86398609480808,pre,995.201,,,
86398620288709,acc,0.136,0.188,9.777,
86398620288709,Gyro,0.001,0.000,-0.000,
86398620288709,Lacc,0.005,-0.007,-0.030,
86398620288709,GameRo,0.002,-0.012,-0.707,0.707
86398634563448,pre,995.192,,,
86398640159437,acc,0.132,0.200,9.733,
86398640159437,Gyro,0.008,0.000,0.000,
86398640159437,Lacc,0.001,0.005,-0.074,
86398640159437,GameRo,0.002,-0.012,-0.707,0.707
86398660006971,acc,0.128,0.194,9.731,
86398660006971,Gyro,0.026,0.000,0.001,
86398660006971,Lacc,-0.003,-0.005,-0.077,
86398660006971,GameRo,0.002,-0.012,-0.707,0.707
86398659618828,pre,995.204,,,
86398679901380,acc,0.134,0.203,9.742,
86398679901380,Gyro,0.040,0.000,0.000,
86398679901380,Lacc,0.004,-0.003,-0.065,
86398679901380,GameRo,0.003,-0.012,-0.707,0.707
86398684673922,pre,995.201,,,
86398699771944,acc,0.132,0.209,9.719,
86398699771944,Gyro,0.063,-0.000,0.000,
86398699771944,Lacc,0.002,-0.008,-0.088,
86398699771944,GameRo,0.003,-0.013,-0.707,0.707
86398709705254,pre,995.176,,,
86398719643201,acc,0.128,0.225,9.762,
86398719643201,Gyro,0.074,-0.000,-0.000,
86398719643201,Lacc,-0.003,-0.006,-0.044,
86398719643201,GameRo,0.004,-0.013,-0.707,0.707
86398734759901,pre,995.155,,,
86398739513766,acc,0.123,0.231,9.702,
86398739513766,Gyro,0.095,-0.003,0.000,
86398739513766,Lacc,-0.008,-0.017,-0.104,
86398739513766,GameRo,0.004,-0.014,-0.707,0.707
86398759384453,acc,-0.718,0.245,10.004,
86398759384453,Gyro,0.180,-0.309,0.011,
86398759384453,Lacc,-0.876,-0.030,0.200,
86398759384453,GameRo,0.004,-0.016,-0.707,0.707
86398759814710,pre,995.161,,,
86398779255831,acc,-0.523,0.328,9.583,
86398779255831,Gyro,0.310,-0.614,0.024,
86398779255831,Lacc,-0.789,-0.000,-0.218,
86398779255831,GameRo,0.002,-0.021,-0.707,0.707
86398784894829,pre,995.179,,,
86398799126234,acc,-0.648,0.393,9.215,
86398799126234,Gyro,0.325,-0.824,0.041,
86398799126234,Lacc,-1.063,-0.002,-0.579,
86398799126234,GameRo,-0.001,-0.029,-0.706,0.707
86398809951551,pre,995.182,,,
86398818997205,acc,-0.345,0.424,8.561,
86398818997205,Gyro,0.144,-0.954,0.048,
86398818997205,Lacc,-0.942,-0.017,-1.221,
86398818997205,GameRo,-0.006,-0.037,-0.706,0.707
86398835008883,pre,995.161,,,
86398838868014,acc,0.249,0.463,8.007,
86398838868014,Gyro,-0.216,-0.925,0.027,
86398838868014,Lacc,-0.534,0.042,-1.762,
86398838868014,GameRo,-0.013,-0.043,-0.706,0.707
86398858738578,acc,0.769,0.273,8.216,
86398858738578,Gyro,-0.561,-0.668,0.139,
86398858738578,Lacc,-0.161,-0.056,-1.544,
86398858738578,GameRo,-0.022,-0.045,-0.705,0.707
86398860037773,pre,995.158,,,
86398878614271,acc,0.028,0.403,8.946,
86398878614271,Gyro,-0.814,-0.310,0.552,
86398878614271,Lacc,-0.981,0.231,-0.810,
86398878614271,GameRo,-0.030,-0.043,-0.703,0.710
86398885118909,pre,995.201,,,
86398898480562,acc,0.941,-0.009,10.023,
86398898480562,Gyro,-0.708,0.136,0.944,
86398898480562,Lacc,-0.097,-0.009,0.268,
86398898480562,GameRo,-0.037,-0.038,-0.697,0.715
86398910150973,pre,995.231,,,
86398918351494,acc,3.051,-0.250,12.429,
86398918351494,Gyro,-0.243,1.245,0.873,
86398918351494,Lacc,2.210,-0.151,2.656,
86398918351494,GameRo,-0.033,-0.028,-0.690,0.722
86398935234510,pre,995.237,,,
86398938202691,acc,2.708,-0.361,13.354,
86398938202691,Gyro,0.193,0.552,0.375,
86398938202691,Lacc,2.064,-0.268,3.565,
86398938202691,GameRo,-0.026,-0.021,-0.687,0.726
86398958093193,acc,0.206,-0.172,9.785,
86398958093193,Gyro,0.429,-0.055,0.112,
86398958093193,Lacc,-0.442,-0.153,-0.004,
86398958093193,GameRo,-0.023,-0.023,-0.685,0.727
86398960289645,pre,995.259,,,
86398977963758,acc,-0.390,0.114,10.467,
86398977963758,Gyro,0.630,0.198,0.094,
86398977963758,Lacc,-1.034,0.026,0.679,
86398977963758,GameRo,-0.019,-0.027,-0.685,0.728
86398985343967,pre,995.338,,,
86398997809136,acc,-0.823,0.365,12.622,
86398997809136,Gyro,1.015,0.275,0.121,
86398997809136,Lacc,-1.390,0.110,2.832,
86398997809136,GameRo,-0.010,-0.030,-0.684,0.729
86399010374403,pre,995.454,,,
86399017705661,acc,-1.020,0.727,11.148,
86399017705661,Gyro,1.258,-0.223,0.195,
86399017705661,Lacc,-1.600,0.227,1.368,
86399017705661,GameRo,-0.002,-0.039,-0.682,0.730
86399035453137,pre,995.576,,,
86399037578097,acc,-1.758,1.185,9.495,
86399037578097,Gyro,0.932,-0.802,0.440,
86399037578097,Lacc,-2.304,0.446,-0.272,
86399037578097,GameRo,0.009,-0.046,-0.680,0.732
86399057447238,acc,-1.348,0.858,9.318,
86399057447238,Gyro,0.502,-1.344,0.768,
86399057447238,Lacc,-2.116,0.006,-0.424,
86399057447238,GameRo,0.006,-0.058,-0.675,0.736
86399060510389,pre,995.649,,,
86399077318616,acc,-0.139,0.809,8.237,
86399077318616,Gyro,0.103,-1.530,0.907,
86399077318616,Lacc,-1.220,-0.073,-1.474,
86399077318616,GameRo,-0.003,-0.071,-0.668,0.741
86399085564954,pre,995.671,,,
86399097189182,acc,1.705,-0.327,6.321,
86399097189182,Gyro,-0.581,-1.065,0.805,
86399097189182,Lacc,0.354,-1.124,-3.362,
86399097189182,GameRo,-0.015,-0.079,-0.661,0.746
86399110621391,pre,995.671,,,
86399117060641,acc,3.834,-1.229,9.790,
86399117060641,Gyro,-1.052,-0.232,-0.260,
86399117060641,Lacc,2.390,-1.821,0.105,
86399117060641,GameRo,-0.026,-0.075,-0.660,0.747
86399135678358,pre,995.631,,,
86399136931491,acc,1.340,1.228,18.801,
86399136931491,Gyro,0.092,-1.799,-1.178,
86399136931491,Lacc,-0.351,0.694,9.152,
86399136931491,GameRo,-0.038,-0.083,-0.668,0.739
86399156801770,acc,-1.375,-0.216,13.844,
86399156801770,Gyro,1.290,-2.582,-0.904,
86399156801770,Lacc,-3.501,-0.989,4.298,
86399156801770,GameRo,-0.045,-0.107,-0.674,0.729
86399160734551,pre,995.512,,,
86399176676771,acc,-0.426,-0.455,8.963,
86399176676771,Gyro,1.518,-2.627,-0.313,
86399176676771,Lacc,-3.066,-1.548,-0.422,
86399176676771,GameRo,-0.052,-0.138,-0.675,0.723
86399185792331,pre,995.356,,,
86399196544406,acc,1.144,3.674,6.470,
86399196544406,Gyro,1.176,-1.433,0.520,
86399196544406,Lacc,-1.873,2.341,-2.769,
86399196544406,GameRo,-0.056,-0.161,-0.670,0.722
86399210849459,pre,995.317,,,
86399216391777,acc,0.909,3.724,7.321,
86399216391777,Gyro,0.766,-0.152,1.471,
86399216391777,Lacc,-2.216,2.317,-1.871,
86399216391777,GameRo,-0.054,-0.169,-0.660,0.730
86399236262464,acc,1.706,1.804,7.798,
86399236262464,Gyro,0.954,0.774,1.436,
86399236262464,Lacc,-1.377,0.344,-1.400,
86399236262464,GameRo,-0.048,-0.170,-0.647,0.742
86399235908256,pre,995.366,,,
86399256157321,acc,1.911,0.184,7.720,
86399256157321,Gyro,1.245,1.603,1.173,
86399256157321,Lacc,-0.953,-1.417,-1.525,
86399256157321,GameRo,-0.032,-0.167,-0.636,0.753
86399260965548,pre,995.372,,,
86399276026746,acc,2.661,-0.359,7.824,
86399276026746,Gyro,1.391,2.002,0.834,
86399276026746,Lacc,0.123,-2.159,-1.480,
86399276026746,GameRo,-0.011,-0.160,-0.627,0.762
86399285994804,pre,995.289,,,
86399295898328,acc,2.395,0.444,6.998,
86399295898328,Gyro,1.365,2.398,0.634,
86399295898328,Lacc,0.246,-1.588,-2.356,
86399295898328,GameRo,0.012,-0.152,-0.620,0.770
86399311054049,pre,995.143,,,
86399315750664,acc,2.797,0.061,8.963,
86399315750664,Gyro,0.959,2.397,0.363,
86399315750664,Lacc,1.087,-2.140,-0.443,
86399315750664,GameRo,0.034,-0.139,-0.614,0.776
86399335640516,acc,3.473,-1.143,10.963,
86399335640516,Gyro,0.440,1.826,0.123,
86399335640516,Lacc,2.150,-3.448,1.520,
86399335640516,GameRo,0.051,-0.127,-0.611,0.780
86399336108940,pre,994.978,,,
86399355510917,acc,3.670,-1.611,11.518,
86399355510917,Gyro,0.015,0.749,-0.207,
86399355510917,Lacc,2.529,-3.930,2.054,
86399355510917,GameRo,0.058,-0.120,-0.611,0.780
86399361189792,pre,994.865,,,
86399375381930,acc,5.392,-2.710,10.747,
86399375381930,Gyro,0.082,0.298,-0.901,
86399375381930,Lacc,4.348,-5.046,1.276,
86399375381930,GameRo,0.061,-0.117,-0.615,0.777
86399386247165,pre,994.862,,,
86399395253105,acc,4.756,-1.438,9.718,
86399395253105,Gyro,-0.101,-0.154,-1.679,
86399395253105,Lacc,3.780,-3.809,0.249,
86399395253105,GameRo,0.063,-0.116,-0.627,0.768
86399411319552,pre,994.911,,,
86399415124281,acc,3.181,1.652,8.444,
86399415124281,Gyro,-0.584,-0.365,-1.761,
86399415124281,Lacc,2.218,-0.672,-1.038,
86399415124281,GameRo,0.059,-0.115,-0.641,0.756
86399434993868,acc,2.758,1.898,9.198,
86399434993868,Gyro,-0.870,-0.505,-1.448,
86399434993868,Lacc,1.556,-0.266,-0.295,
86399434993868,GameRo,0.043,-0.120,-0.653,0.747
86399436337089,pre,994.935,,,
86399454865532,acc,3.391,0.835,10.299,
86399454865532,Gyro,-0.820,-0.865,-1.474,
86399454865532,Lacc,2.112,-1.196,0.787,
86399454865532,GameRo,0.033,-0.119,-0.664,0.737
86399461414523,pre,994.938,,,
86399474735772,acc,3.554,1.015,10.048,
86399474735772,Gyro,-0.648,-1.377,-1.819,
86399474735772,Lacc,2.112,-0.932,0.542,
86399474735772,GameRo,0.022,-0.122,-0.678,0.724
86399486470187,pre,995.021,,,
86399494581393,acc,3.188,2.435,8.284,
86399494581393,Gyro,-0.773,-1.607,-1.950,
86399494581393,Lacc,1.505,0.553,-1.196,
86399494581393,GameRo,0.009,-0.129,-0.693,0.709
86399511529391,pre,995.103,,,
86399514477878,acc,2.507,3.760,7.475,
86399514477878,Gyro,-1.042,-1.379,-1.822,
86399514477878,Lacc,0.614,1.989,-1.986,
86399514477878,GameRo,-0.006,-0.133,-0.708,0.694
86399534329888,acc,1.828,4.111,8.615,
86399534329888,Gyro,-1.054,-0.793,-1.364,
86399534329888,Lacc,-0.196,2.280,-0.808,
86399534329888,GameRo,-0.011,-0.140,-0.720,0.680
86399536561130,pre,995.088,,,
86399554219130,acc,1.958,3.724,10.746,
86399554219130,Gyro,-0.472,-0.433,-0.993,
86399554219130,Lacc,-0.114,1.982,1.317,
86399554219130,GameRo,-0.018,-0.138,-0.728,0.672
86399561644138,pre,995.030,,,
86399574090508,acc,2.215,3.099,10.401,
86399574090508,Gyro,-0.049,-0.451,-0.923,
86399574090508,Lacc,0.096,1.336,0.987,
86399574090508,GameRo,-0.020,-0.141,-0.734,0.665
86399586704034,pre,995.054,,,
86399593960788,acc,1.925,2.911,9.481,
86399593960788,Gyro,-0.241,-0.470,-0.990,
86399593960788,Lacc,-0.249,1.125,0.083,
86399593960788,GameRo,-0.023,-0.143,-0.740,0.657
86399611762057,pre,995.128,,,
86399613832166,acc,1.265,3.592,10.152,
86399613832166,Gyro,-0.376,-0.483,-0.897,
86399613832166,Lacc,-0.960,1.836,0.761,
86399613832166,GameRo,-0.027,-0.144,-0.747,0.649
86399633702569,acc,0.945,3.649,10.711,
86399633702569,Gyro,-0.146,-0.511,-0.637,
86399633702569,Lacc,-1.349,1.909,1.333,
86399633702569,GameRo,-0.032,-0.145,-0.752,0.643
86399636797295,pre,995.121,,,
86399653574394,acc,1.240,3.116,10.299,
86399653574394,Gyro,0.157,-0.712,-0.421,
86399653574394,Lacc,-1.152,1.336,0.953,
86399653574394,GameRo,-0.035,-0.150,-0.754,0.638
86399661876722,pre,995.100,,,
86399673444390,acc,1.561,2.641,8.542,
86399673444390,Gyro,0.095,-0.820,-0.320,
86399673444390,Lacc,-0.972,0.813,-0.757,
86399673444390,GameRo,-0.040,-0.156,-0.756,0.634
86399686934380,pre,995.167,,,
86399693290215,acc,2.091,2.052,8.134,
86399693290215,Gyro,-0.037,-0.653,-0.360,
86399693290215,Lacc,-0.564,0.209,-1.128,
86399693290215,GameRo,-0.045,-0.161,-0.758,0.631
86399711992811,pre,995.213,,,
86399713188653,acc,1.944,2.448,8.584,
86399713188653,Gyro,-0.089,-0.552,-0.349,
86399713188653,Lacc,-0.800,0.598,-0.651,
86399713188653,GameRo,-0.049,-0.164,-0.760,0.627
86399733057386,acc,1.826,3.010,8.338,
86399733057386,Gyro,-0.200,-0.520,-0.167,
86399733057386,Lacc,-1.007,1.173,-0.873,
86399733057386,GameRo,-0.053,-0.167,-0.761,0.624
86399737074720,pre,995.167,,,
86399752928195,acc,2.457,2.638,8.161,
86399752928195,Gyro,-0.246,-0.301,0.043,
86399752928195,Lacc,-0.449,0.846,-1.036,
86399752928195,GameRo,-0.058,-0.167,-0.762,0.623
86399762110365,pre,995.134,,,
86399772798597,acc,2.739,1.989,8.764,
86399772798597,Gyro,-0.167,-0.070,0.182,
86399772798597,Lacc,-0.193,0.243,-0.433,
86399772798597,GameRo,-0.060,-0.166,-0.761,0.624
86399787168673,pre,995.155,,,
86399792669569,acc,2.874,1.365,9.036,
86399792669569,Gyro,-0.128,0.000,0.213,
86399792669569,Lacc,-0.065,-0.344,-0.166,
86399792669569,GameRo,-0.061,-0.165,-0.760,0.626
86399812543510,acc,2.932,0.965,8.946,
86399812543510,Gyro,-0.167,-0.026,0.134,
86399812543510,Lacc,-0.016,-0.709,-0.260,
86399812543510,GameRo,-0.063,-0.164,-0.759,0.627
86399812224703,pre,995.149,,,
86399832412326,acc,2.856,1.204,9.013,
86399832412326,Gyro,-0.246,-0.004,0.089,
86399832412326,Lacc,-0.098,-0.422,-0.199,
86399832412326,GameRo,-0.064,-0.162,-0.759,0.627
86399837257296,pre,995.103,,,
86399852282402,acc,2.769,1.255,9.551,
86399852282402,Gyro,-0.141,0.089,0.136,
86399852282402,Lacc,-0.182,-0.325,0.329,
86399852282402,GameRo,-0.065,-0.160,-0.759,0.628
86399862313245,pre,995.106,,,
86399872153293,acc,2.956,0.647,9.707,
86399872153293,Gyro,0.076,0.201,0.116,
86399872153293,Lacc,0.034,-0.928,0.476,
86399872153293,GameRo,-0.064,-0.159,-0.758,0.630
86399887380181,pre,995.155,,,
86399892024060,acc,2.923,0.601,9.599,
86399892024060,Gyro,0.043,0.165,-0.032,
86399892024060,Lacc,0.037,-0.987,0.359,
86399892024060,GameRo,-0.062,-0.159,-0.758,0.630
86399911870334,acc,2.588,1.048,9.860,
86399911870334,Gyro,-0.102,-0.046,-0.146,
86399911870334,Lacc,-0.288,-0.536,0.615,
86399911870334,GameRo,-0.062,-0.158,-0.758,0.629
86399912426974,pre,995.195,,,
86399931766655,acc,2.495,1.348,9.501,
86399931766655,Gyro,-0.110,-0.135,-0.151,
86399931766655,Lacc,-0.401,-0.221,0.260,
86399931766655,GameRo,-0.064,-0.158,-0.760,0.628
86399937485121,pre,995.204,,,
86399951636732,acc,2.526,1.806,8.946,
86399951636732,Gyro,-0.032,-0.036,-0.016,
86399951636732,Lacc,-0.385,0.244,-0.291,
86399951636732,GameRo,-0.065,-0.158,-0.760,0.627
86399962567478,pre,995.176,,,
86399971488823,acc,2.815,1.283,8.868,
86399971488823,Gyro,0.000,0.108,0.009,
86399971488823,Lacc,-0.084,-0.278,-0.373,
86399971488823,GameRo,-0.064,-0.158,-0.760,0.627
86399987598523,pre,995.161,,,
86399991353122,acc,2.867,1.151,9.194,
86399991353122,Gyro,-0.057,0.115,-0.046,
86399991353122,Lacc,-0.005,-0.406,-0.056,
86399991353122,GameRo,-0.063,-0.157,-0.760,0.627
86400011249566,acc,2.862,1.111,9.375,
86400011249566,Gyro,-0.092,0.052,-0.126,
86400011249566,Lacc,0.004,-0.433,0.118,
86400011249566,GameRo,-0.063,-0.156,-0.761,0.627
86400012655449,pre,995.182,,,
86400031121554,acc,2.797,1.543,9.231,
86400031121554,Gyro,-0.060,0.037,-0.113,
86400031121554,Lacc,-0.049,0.003,-0.030,
86400031121554,GameRo,-0.063,-0.155,-0.762,0.626
86400037716566,pre,995.219,,,
86400050991997,acc,2.788,1.577,9.201,
86400050991997,Gyro,-0.041,0.061,-0.066,
86400050991997,Lacc,-0.049,0.043,-0.063,
86400050991997,GameRo,-0.063,-0.154,-0.763,0.625
86400062791395,pre,995.228,,,
86400070853651,acc,2.913,1.310,9.314,
86400070853651,Gyro,0.017,0.110,-0.035,
86400070853651,Lacc,0.097,-0.227,0.043,
86400070853651,GameRo,-0.062,-0.154,-0.763,0.625
86400087847751,pre,995.216,,,
86400090733046,acc,2.914,1.152,9.429,
86400090733046,Gyro,-0.022,0.040,-0.076,
86400090733046,Lacc,0.113,-0.389,0.154,
86400090733046,GameRo,-0.062,-0.153,-0.763,0.625
86400110619560,acc,2.814,1.355,9.431,
86400110619560,Gyro,-0.021,-0.021,-0.110,
86400110619560,Lacc,0.015,-0.185,0.156,
86400110619560,GameRo,-0.062,-0.153,-0.764,0.624
86400112904229,pre,995.192,,,
86400130475762,acc,2.732,1.505,9.212,
86400130475762,Gyro,-0.020,-0.022,-0.095,
86400130475762,Lacc,-0.069,-0.039,-0.062,
86400130475762,GameRo,-0.062,-0.153,-0.765,0.623
86400137980523,pre,995.192,,,
86400150362969,acc,2.672,1.670,9.124,
86400150362969,Gyro,-0.015,0.033,-0.034,
86400150362969,Lacc,-0.126,0.127,-0.151,
86400150362969,GameRo,-0.062,-0.153,-0.765,0.622
86400163015394,pre,995.216,,,
86400170217624,acc,2.715,1.429,9.284,
86400170217624,Gyro,0.002,0.083,-0.001,
86400170217624,Lacc,-0.069,-0.113,0.005,
86400170217624,GameRo,-0.061,-0.153,-0.765,0.622
86400188072807,pre,995.228,,,
86400190078626,acc,2.719,1.195,9.424,
86400190078626,Gyro,-0.003,0.060,-0.006,
86400190078626,Lacc,-0.051,-0.347,0.141,
86400190078626,GameRo,-0.061,-0.152,-0.765,0.623
86400209958428,acc,2.683,1.167,9.438,
86400209958428,Gyro,-0.002,0.017,-0.031,
86400209958428,Lacc,-0.081,-0.376,0.153,
86400209958428,GameRo,-0.061,-0.152,-0.765,0.622
86400213114148,pre,995.222,,,
86400229829725,acc,2.721,1.163,9.354,
86400229829725,Gyro,0.017,0.006,-0.047,
86400229829725,Lacc,-0.041,-0.383,0.068,
86400229829725,GameRo,-0.060,-0.152,-0.766,0.622
86400238164360,pre,995.219,,,
86400249677137,acc,2.630,1.277,9.230,
86400249677137,Gyro,0.009,0.010,-0.042,
86400249677137,Lacc,-0.129,-0.275,-0.056,
86400249677137,GameRo,-0.060,-0.152,-0.766,0.622
86400263242567,pre,995.216,,,
86400269572482,acc,2.589,1.270,9.195,
86400269572482,Gyro,-0.004,0.030,-0.013,
86400269572482,Lacc,-0.165,-0.283,-0.092,
86400269572482,GameRo,-0.060,-0.152,-0.766,0.622
86400288292290,pre,995.185,,,
86400289417250,acc,2.561,1.164,9.304,
86400289417250,Gyro,-0.002,0.031,-0.020,
86400289417250,Lacc,-0.186,-0.389,0.016,
86400289417250,GameRo,-0.060,-0.152,-0.766,0.622
86400309325656,acc,2.445,1.258,9.378,
86400309325656,Gyro,0.004,0.009,-0.014,
86400309325656,Lacc,-0.298,-0.296,0.089,
86400309325656,GameRo,-0.060,-0.152,-0.766,0.621
86400313348890,pre,995.185,,,
86400329184746,acc,2.409,1.316,9.318,
86400329184746,Gyro,0.019,-0.012,0.011,
86400329184746,Lacc,-0.335,-0.240,0.029,
86400329184746,GameRo,-0.059,-0.152,-0.766,0.621
86400338380873,pre,995.216,,,
86400349054944,acc,2.487,1.313,9.181,
86400349054944,Gyro,0.014,-0.008,0.035,
86400349054944,Lacc,-0.261,-0.245,-0.106,
86400349054944,GameRo,-0.060,-0.152,-0.766,0.622
86400363460910,pre,995.244,,,
86400368926079,acc,2.598,1.276,9.168,
86400368926079,Gyro,0.000,0.022,0.041,
86400368926079,Lacc,-0.149,-0.281,-0.120,
86400368926079,GameRo,-0.059,-0.152,-0.766,0.622
86400388772677,acc,2.613,1.303,9.351,
86400388772677,Gyro,0.002,0.041,0.053,
86400388772677,Lacc,-0.128,-0.250,0.061,
86400388772677,GameRo,-0.059,-0.152,-0.766,0.622
86400388509209,pre,995.216,,,
86400408667656,acc,2.673,1.250,9.543,
86400408667656,Gyro,0.033,0.031,0.060,
86400408667656,Lacc,-0.063,-0.303,0.251,
86400408667656,GameRo,-0.059,-0.151,-0.765,0.623
86400413547783,pre,995.176,,,
86400428538790,acc,2.683,1.183,9.472,
86400428538790,Gyro,0.063,0.004,0.047,
86400428538790,Lacc,-0.053,-0.377,0.181,
86400428538790,GameRo,-0.059,-0.152,-0.765,0.623
86400438602186,pre,995.173,,,
86400448409478,acc,2.688,1.220,9.274,
86400448409478,Gyro,0.066,0.000,0.025,
86400448409478,Lacc,-0.048,-0.351,-0.014,
86400448409478,GameRo,-0.058,-0.152,-0.764,0.624
86400463657199,pre,995.204,,,
86400468280856,acc,2.566,1.390,9.153,
86400468280856,Gyro,0.046,0.026,0.018,
86400468280856,Lacc,-0.168,-0.191,-0.134,
86400468280856,GameRo,-0.058,-0.153,-0.764,0.624
86400488151380,acc,2.452,1.577,9.211,
86400488151380,Gyro,0.027,0.065,0.060,
86400488151380,Lacc,-0.274,-0.007,-0.079,
86400488151380,GameRo,-0.057,-0.152,-0.764,0.624
86400488729831,pre,995.216,,,
86400508023084,acc,2.486,1.570,9.313,
86400508023084,Gyro,0.078,0.133,0.130,
86400508023084,Lacc,-0.225,-0.016,0.019,
86400508023084,GameRo,-0.056,-0.152,-0.763,0.625
86400513795546,pre,995.210,,,
86400527893324,acc,2.553,1.349,9.393,
86400527893324,Gyro,0.130,0.158,0.167,
86400527893324,Lacc,-0.131,-0.253,0.094,
86400527893324,GameRo,-0.055,-0.152,-0.762,0.627
86400538823581,pre,995.198,,,
86400547763888,acc,2.591,1.215,9.587,
86400547763888,Gyro,0.064,0.043,0.149,
86400547763888,Lacc,-0.080,-0.395,0.286,
86400547763888,GameRo,-0.053,-0.152,-0.761,0.628
86400563903455,pre,995.189,,,
86400567635389,acc,2.733,1.248,9.593,
86400567635389,Gyro,0.081,-0.054,0.131,
86400567635389,Lacc,0.051,-0.366,0.296,
86400567635389,GameRo,-0.054,-0.153,-0.760,0.629
86400587506117,acc,2.865,1.239,9.272,
86400587506117,Gyro,0.098,-0.075,0.103,
86400587506117,Lacc,0.164,-0.387,-0.018,
86400587506117,GameRo,-0.054,-0.154,-0.759,0.630
86400588933240,pre,995.179,,,
86400607377170,acc,2.873,1.307,9.110,
86400607377170,Gyro,0.091,-0.043,0.078,
86400607377170,Lacc,0.158,-0.331,-0.173,
86400607377170,GameRo,-0.054,-0.155,-0.759,0.631
86400614013522,pre,995.182,,,
86400627247735,acc,2.826,1.390,9.200,
86400627247735,Gyro,0.079,0.007,0.069,
86400627247735,Lacc,0.108,-0.260,-0.081,
86400627247735,GameRo,-0.053,-0.155,-0.758,0.631
86400639045057,pre,995.192,,,
86400647118747,acc,2.741,1.401,9.428,
86400647118747,Gyro,0.076,0.008,0.057,
86400647118747,Lacc,0.023,-0.259,0.149,
86400647118747,GameRo,-0.053,-0.156,-0.758,0.632
86400664126397,pre,995.195,,,
86400666990004,acc,2.675,1.377,9.438,
86400666990004,Gyro,0.084,-0.033,0.038,
86400666990004,Lacc,-0.048,-0.295,0.163,
86400666990004,GameRo,-0.053,-0.157,-0.757,0.632
86400686860690,acc,2.640,1.440,9.190,
86400686860690,Gyro,0.081,-0.042,0.013,
86400686860690,Lacc,-0.092,-0.247,-0.079,
86400686860690,GameRo,-0.052,-0.157,-0.757,0.632
86400689184461,pre,995.207,,,
86400706731703,acc,2.560,1.655,9.073,
86400706731703,Gyro,0.058,-0.002,0.012,
86400706731703,Lacc,-0.175,-0.045,-0.193,
86400706731703,GameRo,-0.052,-0.158,-0.757,0.632
86400714239922,pre,995.207,,,
86400726602511,acc,2.542,1.699,9.138,
86400726602511,Gyro,0.032,0.030,0.028,
86400726602511,Lacc,-0.190,-0.006,-0.129,
86400726602511,GameRo,-0.052,-0.158,-0.756,0.632
86400739295383,pre,995.182,,,
86400746473402,acc,2.567,1.656,9.236,
86400746473402,Gyro,0.021,0.059,0.038,
86400746473402,Lacc,-0.157,-0.051,-0.032,
86400746473402,GameRo,-0.051,-0.158,-0.756,0.633
86400764350436,pre,995.137,,,
86400766344536,acc,2.582,1.676,9.392,
86400766344536,Gyro,0.036,0.095,0.051,
86400766344536,Lacc,-0.128,-0.032,0.120,
86400766344536,GameRo,-0.051,-0.158,-0.756,0.633
86400786215264,acc,2.583,1.643,9.486,
86400786215264,Gyro,0.136,0.153,0.088,
86400786215264,Lacc,-0.105,-0.081,0.211,
86400786215264,GameRo,-0.049,-0.158,-0.755,0.634
86400789406832,pre,995.134,,,
86400806086154,acc,2.696,1.602,9.362,
86400806086154,Gyro,0.155,0.185,0.105,
86400806086154,Lacc,0.037,-0.147,0.082,
86400806086154,GameRo,-0.047,-0.158,-0.755,0.635
86400814437350,pre,995.170,,,
86400825957492,acc,2.600,1.522,9.501,
86400825957492,Gyro,0.127,0.144,0.113,
86400825957492,Lacc,-0.031,-0.246,0.217,
86400825957492,GameRo,-0.045,-0.157,-0.754,0.636
86400839517510,pre,995.186,,,
86400845828056,acc,2.670,1.484,9.608,
86400845828056,Gyro,0.116,0.050,0.111,
86400845828056,Lacc,0.051,-0.300,0.324,
86400845828056,GameRo,-0.044,-0.158,-0.753,0.638
86400864575371,pre,995.143,,,
86400865674208,acc,2.785,1.360,9.486,
86400865674208,Gyro,0.132,-0.034,0.090,
86400865674208,Lacc,0.159,-0.441,0.207,
86400865674208,GameRo,-0.043,-0.159,-0.752,0.638
86400885570040,acc,2.817,1.400,9.205,
86400885570040,Gyro,0.124,-0.073,0.060,
86400885570040,Lacc,0.176,-0.421,-0.065,
86400885570040,GameRo,-0.043,-0.160,-0.751,0.639
86400889632460,pre,995.128,,,
86400905416232,acc,2.840,1.430,9.020,
86400905416232,Gyro,0.090,-0.063,0.036,
86400905416232,Lacc,0.184,-0.408,-0.243,
86400905416232,GameRo,-0.043,-0.161,-0.751,0.639
86400914690728,pre,995.179,,,
86400925311495,acc,2.772,1.413,9.127,
86400925311495,Gyro,0.049,-0.039,0.001,
86400925311495,Lacc,0.108,-0.434,-0.132,
86400925311495,GameRo,-0.043,-0.162,-0.751,0.639
86400939746270,pre,995.213,,,
86400945182793,acc,2.604,1.498,9.258,
86400945182793,Gyro,0.029,-0.045,-0.030,
86400945182793,Lacc,-0.066,-0.357,0.002,
86400945182793,GameRo,-0.043,-0.163,-0.751,0.639
86400965028943,acc,2.461,1.662,9.216,
86400965028943,Gyro,0.006,-0.076,-0.019,
86400965028943,Lacc,-0.220,-0.197,-0.036,
86400965028943,GameRo,-0.043,-0.163,-0.751,0.639
86400964803357,pre,995.176,,,
86400984925632,acc,2.507,1.558,9.081,
86400984925632,Gyro,-0.013,-0.067,-0.020,
86400984925632,Lacc,-0.188,-0.301,-0.167,
86400984925632,GameRo,-0.044,-0.163,-0.751,0.638
86400989863823,pre,995.155,,,
86401004777763,acc,2.507,1.587,9.149,
86401004777763,Gyro,-0.034,-0.024,-0.017,
86401004777763,Lacc,-0.194,-0.267,-0.097,
86401004777763,GameRo,-0.044,-0.164,-0.751,0.638
86401014928358,pre,995.186,,,
86401024666314,acc,2.411,1.691,9.367,
86401024666314,Gyro,-0.047,-0.010,0.002,
86401024666314,Lacc,-0.291,-0.155,0.119,
86401024666314,GameRo,-0.045,-0.163,-0.751,0.638
86401039951673,pre,995.189,,,
86401044537488,acc,2.433,1.658,9.391,
86401044537488,Gyro,-0.041,-0.032,0.022,
86401044537488,Lacc,-0.274,-0.179,0.143,
86401044537488,GameRo,-0.045,-0.163,-0.751,0.638
86401064408827,acc,2.517,1.681,9.167,
86401064408827,Gyro,-0.053,-0.014,0.030,
86401064408827,Lacc,-0.195,-0.146,-0.082,
86401064408827,GameRo,-0.046,-0.163,-0.751,0.638
86401065009657,pre,995.152,,,
86401084290581,acc,2.567,1.690,9.213,
86401084290581,Gyro,-0.064,0.034,0.039,
86401084290581,Lacc,-0.143,-0.123,-0.039,
86401084290581,GameRo,-0.046,-0.162,-0.751,0.638
86401090092461,pre,995.146,,,
86401104150078,acc,2.658,1.569,9.344,
86401104150078,Gyro,-0.056,0.063,0.032,
86401104150078,Lacc,-0.042,-0.231,0.087,
86401104150078,GameRo,-0.046,-0.161,-0.751,0.639
86401115148980,pre,995.182,,,
86401123998183,acc,2.643,1.538,9.354,
86401123998183,Gyro,-0.046,0.076,0.010,
86401123998183,Lacc,-0.045,-0.252,0.091,
86401123998183,GameRo,-0.046,-0.161,-0.751,0.639
86401140205416,pre,995.204,,,
86401143892022,acc,2.581,1.646,9.487,
86401143892022,Gyro,-0.032,0.064,0.008,
86401143892022,Lacc,-0.093,-0.136,0.218,
86401143892022,GameRo,-0.046,-0.160,-0.751,0.639
86401163763238,acc,2.682,1.593,9.534,
86401163763238,Gyro,0.006,0.032,0.020,
86401163763238,Lacc,0.015,-0.186,0.262,
86401163763238,GameRo,-0.045,-0.159,-0.751,0.639
86401165240369,pre,995.161,,,
86401183610812,acc,2.794,1.536,9.298,
86401183610812,Gyro,0.034,0.029,0.006,
86401183610812,Lacc,0.130,-0.248,0.027,
86401183610812,GameRo,-0.045,-0.159,-0.751,0.640
86401190322401,pre,995.140,,,
86401203504652,acc,2.740,1.611,9.233,
86401203504652,Gyro,0.030,0.037,0.000,
86401203504652,Lacc,0.083,-0.181,-0.039,
86401203504652,GameRo,-0.044,-0.159,-0.751,0.640
86401215380669,pre,995.201,,,
86401223376152,acc,2.734,1.567,9.348,
86401223376152,Gyro,0.010,0.014,0.006,
86401223376152,Lacc,0.081,-0.226,0.075,
86401223376152,GameRo,-0.044,-0.159,-0.751,0.640
86401240437513,pre,995.250,,,
86401243246555,acc,2.814,1.484,9.314,
86401243246555,Gyro,0.038,0.017,0.007,
86401243246555,Lacc,0.162,-0.312,0.041,
86401243246555,GameRo,-0.044,-0.160,-0.751,0.640
86401263117811,acc,2.846,1.391,9.220,
86401263117811,Gyro,0.058,0.047,-0.005,
86401263117811,Lacc,0.202,-0.416,-0.053,
86401263117811,GameRo,-0.043,-0.160,-0.750,0.640
86401265493788,pre,995.210,,,
86401282988539,acc,2.772,1.337,9.369,
86401282988539,Gyro,0.017,0.015,-0.045,
86401282988539,Lacc,0.135,-0.477,0.095,
86401282988539,GameRo,-0.043,-0.160,-0.751,0.640
86401290549411,pre,995.158,,,
86401302859510,acc,2.654,1.470,9.435,
86401302859510,Gyro,0.010,-0.028,-0.068,
86401302859510,Lacc,0.016,-0.347,0.163,
86401302859510,GameRo,-0.043,-0.160,-0.751,0.639
86401315605035,pre,995.152,,,
86401322730808,acc,2.588,1.610,9.351,
86401322730808,Gyro,0.012,-0.034,-0.059,
86401322730808,Lacc,-0.054,-0.213,0.081,
86401322730808,GameRo,-0.043,-0.160,-0.751,0.639
86401340658541,pre,995.173,,,
86401342601575,acc,2.537,1.643,9.312,
86401342601575,Gyro,0.020,-0.033,-0.045,
86401342601575,Lacc,-0.109,-0.186,0.045,
86401342601575,GameRo,-0.043,-0.161,-0.752,0.638
86401362471978,acc,2.516,1.642,9.196,
86401362471978,Gyro,0.017,-0.038,-0.040,
86401362471978,Lacc,-0.136,-0.193,-0.069,
86401362471978,GameRo,-0.043,-0.161,-0.752,0.638
86401365716118,pre,995.189,,,
86401382342949,acc,2.505,1.646,9.084,
86401382342949,Gyro,-0.009,-0.032,-0.033,
86401382342949,Lacc,-0.152,-0.192,-0.179,
86401382342949,GameRo,-0.043,-0.161,-0.752,0.638
86401390745008,pre,995.192,,,
86401402188693,acc,2.583,1.568,9.190,
86401402188693,Gyro,-0.039,-0.001,-0.031,
86401402188693,Lacc,-0.076,-0.265,-0.074,
86401402188693,GameRo,-0.044,-0.161,-0.752,0.637
86401415828301,pre,995.180,,,
86401422085055,acc,2.527,1.625,9.443,
86401422085055,Gyro,-0.023,-0.007,-0.028,
86401422085055,Lacc,-0.130,-0.202,0.178,
86401422085055,GameRo,-0.044,-0.161,-0.753,0.637
86401440882948,pre,995.198,,,
86401441930637,acc,2.588,1.676,9.319,
86401441930637,Gyro,-0.012,-0.049,-0.005,
86401441930637,Lacc,-0.074,-0.150,0.055,
86401441930637,GameRo,-0.044,-0.161,-0.753,0.637
86401461826958,acc,2.760,1.528,9.067,
86401461826958,Gyro,-0.043,-0.049,0.000,
86401461826958,Lacc,0.088,-0.292,-0.194,
86401461826958,GameRo,-0.045,-0.161,-0.753,0.637
86401465938246,pre,995.234,,,
86401481697645,acc,2.800,1.391,9.161,
86401481697645,Gyro,-0.065,-0.020,-0.012,
86401481697645,Lacc,0.122,-0.418,-0.101,
86401481697645,GameRo,-0.045,-0.161,-0.753,0.637
86401490966770,pre,995.228,,,
86401501569389,acc,2.678,1.420,9.376,
86401501569389,Gyro,-0.049,-0.001,-0.039,
86401501569389,Lacc,0.000,-0.379,0.112,
86401501569389,GameRo,-0.046,-0.160,-0.753,0.636
86401516046889,pre,995.177,,,
86401521439466,acc,2.537,1.650,9.485,
86401521439466,Gyro,-0.021,-0.019,-0.031,
86401521439466,Lacc,-0.141,-0.145,0.220,
86401521439466,GameRo,-0.046,-0.160,-0.753,0.636
86401541290215,acc,2.517,1.716,9.348,
86401541290215,Gyro,-0.011,-0.043,-0.004,
86401541290215,Lacc,-0.167,-0.079,0.085,
86401541290215,GameRo,-0.046,-0.160,-0.753,0.636
86401541100761,pre,995.161,,,
86401561181084,acc,2.610,1.711,9.264,
86401561181084,Gyro,-0.016,-0.038,0.022,
86401561181084,Lacc,-0.083,-0.081,0.002,
86401561181084,GameRo,-0.047,-0.161,-0.753,0.636
86401566163302,pre,995.183,,,
86401581052910,acc,2.691,1.664,9.258,
86401581052910,Gyro,-0.015,-0.016,0.035,
86401581052910,Lacc,-0.008,-0.123,-0.003,
86401581052910,GameRo,-0.047,-0.161,-0.753,0.636
86401591179823,pre,995.186,,,
86401600923923,acc,2.746,1.641,9.330,
86401600923923,Gyro,-0.003,-0.004,0.039,
86401600923923,Lacc,0.045,-0.142,0.069,
86401600923923,GameRo,-0.047,-0.161,-0.753,0.636
86401616236138,pre,995.180,,,
86401620793958,acc,2.789,1.635,9.375,
86401620793958,Gyro,0.021,0.005,0.042,
86401620793958,Lacc,0.087,-0.148,0.114,
86401620793958,GameRo,-0.047,-0.161,-0.753,0.637
86401640665134,acc,2.848,1.594,9.403,
86401640665134,Gyro,0.037,-0.006,0.034,
86401640665134,Lacc,0.145,-0.193,0.143,
86401640665134,GameRo,-0.047,-0.161,-0.752,0.637
86401641291395,pre,995.177,,,
86401660536106,acc,2.908,1.586,9.333,
86401660536106,Gyro,0.048,-0.007,0.022,
86401660536106,Lacc,0.202,-0.207,0.076,
86401660536106,GameRo,-0.047,-0.161,-0.752,0.637
86401666372816,pre,995.189,,,
86401680407321,acc,2.911,1.548,9.302,
86401680407321,Gyro,0.066,0.020,0.009,
86401680407321,Lacc,0.206,-0.256,0.046,
86401680407321,GameRo,-0.046,-0.162,-0.752,0.637
86401691400445,pre,995.204,,,
86401700278985,acc,2.854,1.570,9.313,
86401700278985,Gyro,0.089,0.053,-0.001,
86401700278985,Lacc,0.156,-0.248,0.058,
86401700278985,GameRo,-0.046,-0.162,-0.752,0.638
86401716483412,pre,995.198,,,
86401720148613,acc,2.725,1.657,9.306,
86401720148613,Gyro,0.106,0.040,-0.010,
86401720148613,Lacc,0.038,-0.180,0.052,
86401720148613,GameRo,-0.045,-0.162,-0.752,0.638
86401740019341,acc,2.608,1.831,9.192,
86401740019341,Gyro,0.104,0.008,0.010,
86401740019341,Lacc,-0.077,-0.026,-0.059,
86401740019341,GameRo,-0.044,-0.163,-0.752,0.638
86401741514051,pre,995.195,,,
86401759890190,acc,2.652,1.783,9.030,
86401759890190,Gyro,0.086,0.019,0.047,
86401759890190,Lacc,-0.033,-0.089,-0.218,
86401759890190,GameRo,-0.043,-0.164,-0.751,0.638
86401766596042,pre,995.207,,,
86401779739963,acc,2.675,1.773,9.094,
86401779739963,Gyro,0.080,0.049,0.068,
86401779739963,Lacc,-0.003,-0.111,-0.153,
86401779739963,GameRo,-0.042,-0.164,-0.751,0.639
86401791652153,pre,995.195,,,
86401799633477,acc,2.585,1.912,9.131,
86401799633477,Gyro,0.071,0.070,0.099,
86401799633477,Lacc,-0.086,0.020,-0.117,
86401799633477,GameRo,-0.042,-0.164,-0.750,0.639
86401816709160,pre,995.180,,,
86401819478326,acc,2.454,2.117,9.363,
86401819478326,Gyro,0.123,0.092,0.190,
86401819478326,Lacc,-0.206,0.215,0.114,
86401819478326,GameRo,-0.041,-0.164,-0.749,0.641
86401839350599,acc,2.347,2.306,9.084,
86401839350599,Gyro,0.294,0.178,0.341,
86401839350599,Lacc,-0.301,0.378,-0.163,
86401839350599,GameRo,-0.039,-0.165,-0.747,0.643
86401841763319,pre,995.186,,,
86401859245049,acc,2.418,2.391,9.104,
86401859245049,Gyro,0.485,0.335,0.536,
86401859245049,Lacc,-0.195,0.408,-0.141,
86401859245049,GameRo,-0.035,-0.166,-0.743,0.647
86401866818739,pre,995.204,,,
86401879101331,acc,2.133,2.266,8.630,
86401879101331,Gyro,0.575,0.484,0.684,
86401879101331,Lacc,-0.428,0.211,-0.615,
86401879101331,GameRo,-0.029,-0.167,-0.738,0.653
86401891873671,pre,995.204,,,
86401898988051,acc,2.088,1.898,8.521,
86401898988051,Gyro,0.641,0.841,0.674,
86401898988051,Lacc,-0.370,-0.233,-0.734,
86401898988051,GameRo,-0.021,-0.167,-0.733,0.659
86401916931409,pre,995.195,,,
86401918870211,acc,1.656,2.112,9.356,
86401918870211,Gyro,0.840,1.121,0.676,
86401918870211,Lacc,-0.634,-0.127,0.083,
86401918870211,GameRo,-0.009,-0.165,-0.727,0.666
86401938717828,acc,1.483,2.523,9.699,
86401938717828,Gyro,1.053,1.154,0.716,
86401938717828,Lacc,-0.620,0.128,0.421,
86401938717828,GameRo,0.005,-0.165,-0.721,0.673
86401941989474,pre,995.198,,,
86401958599622,acc,1.007,2.534,9.462,
86401958599622,Gyro,0.996,1.070,0.823,
86401958599622,Lacc,-0.918,-0.023,0.189,
86401958599622,GameRo,0.019,-0.164,-0.714,0.680
86401967046318,pre,995.201,,,
86401978470554,acc,0.585,2.256,9.157,
86401978470554,Gyro,0.906,1.147,0.911,
86401978470554,Lacc,-1.168,-0.431,-0.114,
86401978470554,GameRo,0.032,-0.163,-0.706,0.688
86401992101291,pre,995.213,,,
86401998341932,acc,0.135,2.758,8.417,
86401998341932,Gyro,0.944,1.514,0.955,
86401998341932,Lacc,-1.417,-0.068,-0.848,
86401998341932,GameRo,0.046,-0.160,-0.698,0.696
86402017160047,pre,995.234,,,
86402018193413,acc,-0.358,3.272,8.966,
86402018193413,Gyro,0.912,1.761,1.120,
86402018193413,Lacc,-1.489,0.260,-0.301,
86402018193413,GameRo,0.070,-0.151,-0.689,0.705
86402038084079,acc,-0.879,2.909,8.785,
86402038084079,Gyro,0.567,1.422,1.370,
86402038084079,Lacc,-1.759,-0.212,-0.473,
86402038084079,GameRo,0.086,-0.144,-0.678,0.715
86402042217095,pre,995.241,,,
86402057928439,acc,-0.700,2.433,8.652,
86402057928439,Gyro,-0.022,0.986,1.477,
86402057928439,Lacc,-1.460,-0.694,-0.615,
86402057928439,GameRo,0.093,-0.138,-0.666,0.727
86402067273736,pre,995.225,,,
86402077825330,acc,-0.686,2.173,9.054,
86402077825330,Gyro,-0.403,0.546,1.433,
86402077825330,Lacc,-1.374,-0.850,-0.253,
86402077825330,GameRo,0.093,-0.130,-0.656,0.738
86402092327610,pre,995.204,,,
86402097696750,acc,-0.729,1.901,8.391,
86402097696750,Gyro,-0.356,0.478,1.415,
86402097696750,Lacc,-1.421,-1.023,-0.947,
86402097696750,GameRo,0.091,-0.126,-0.646,0.748
86402117588310,acc,-0.764,1.545,7.462,
86402117588310,Gyro,-0.261,0.783,1.459,
86402117588310,Lacc,-1.415,-1.309,-1.901,
86402117588310,GameRo,0.091,-0.120,-0.635,0.758
86402117358248,pre,995.173,,,
86402137438490,acc,-1.304,1.229,7.691,
86402137438490,Gyro,-0.303,1.071,1.520,
86402137438490,Lacc,-1.851,-1.553,-1.701,
86402137438490,GameRo,0.094,-0.112,-0.623,0.769
86402142426486,pre,995.146,,,
86402157283257,acc,-1.335,0.700,8.064,
86402157283257,Gyro,-0.192,1.361,1.571,
86402157283257,Lacc,-1.729,-2.017,-1.354,
86402157283257,GameRo,0.098,-0.102,-0.610,0.780
86402167472181,pre,995.140,,,
86402177180189,acc,-0.938,0.652,8.229,
86402177180189,Gyro,-0.136,1.700,1.586,
86402177180189,Lacc,-1.113,-2.031,-1.205,
86402177180189,GameRo,0.105,-0.090,-0.596,0.791
86402192527845,pre,995.140,,,
86402197050875,acc,-1.296,0.676,8.926,
86402197050875,Gyro,-0.341,1.666,1.612,
86402197050875,Lacc,-1.222,-1.954,-0.524,
86402197050875,GameRo,0.112,-0.076,-0.582,0.802
86402216922295,acc,-1.455,0.510,9.162,
86402216922295,Gyro,-0.758,1.233,1.624,
86402216922295,Lacc,-1.175,-1.971,-0.325,
86402216922295,GameRo,0.113,-0.061,-0.568,0.813
86402217586073,pre,995.137,,,
86402236793145,acc,-0.848,-0.186,8.499,
86402236793145,Gyro,-0.931,1.025,1.469,
86402236793145,Lacc,-0.452,-2.498,-1.027,
86402236793145,GameRo,0.110,-0.049,-0.555,0.823
86402242669366,pre,995.134,,,
86402256663018,acc,-1.423,-0.574,7.626,
86402256663018,Gyro,-0.822,1.363,1.241,
86402256663018,Lacc,-0.861,-2.729,-1.928,
86402256663018,GameRo,0.108,-0.036,-0.543,0.832
86402267725355,pre,995.134,,,
86402276534315,acc,-1.863,0.118,7.922,
86402276534315,Gyro,-0.789,1.909,1.191,
86402276534315,Lacc,-1.010,-1.903,-1.639,
86402276534315,GameRo,0.111,-0.019,-0.532,0.839
86402292782037,pre,995.137,,,
86402296405124,acc,-2.616,0.180,8.951,
86402296405124,Gyro,-0.815,2.083,1.376,
86402296405124,Lacc,-1.375,-1.672,-0.602,
86402296405124,GameRo,0.114,0.005,-0.519,0.847
86402316276015,acc,-2.813,-0.244,9.500,
86402316276015,Gyro,-0.708,1.880,1.538,
86402316276015,Lacc,-1.003,-1.609,-0.045,
86402316276015,GameRo,0.108,0.044,-0.507,0.854
86402317810641,pre,995.128,,,
86402336145317,acc,-3.149,-0.275,8.534,
86402336145317,Gyro,-0.625,1.744,1.687,
86402336145317,Lacc,-1.052,-1.579,-0.960,
86402336145317,GameRo,0.112,0.061,-0.491,0.862
86402342891818,pre,995.121,,,
86402355992771,acc,-3.325,-0.391,7.665,
86402355992771,Gyro,-0.918,1.988,1.818,
86402355992771,Lacc,-0.914,-1.630,-1.763,
86402355992771,GameRo,0.115,0.079,-0.472,0.870
86402367927503,pre,995.140,,,
86402375888441,acc,-2.486,-0.844,8.135,
86402375888441,Gyro,-1.420,2.111,1.672,
86402375888441,Lacc,0.278,-1.936,-1.214,
86402375888441,GameRo,0.115,0.101,-0.453,0.878
86402393005181,pre,995.164,,,
86402395773166,acc,-1.441,-1.589,9.712,
86402395773166,Gyro,-1.637,1.988,0.980,
86402395773166,Lacc,1.453,-2.112,0.353,
86402395773166,GameRo,0.091,0.121,-0.442,0.884
86402415605156,acc,-2.319,-1.824,10.066,
86402415605156,Gyro,-1.420,1.816,0.180,
86402415605156,Lacc,0.912,-2.077,0.806,
86402415605156,GameRo,0.085,0.144,-0.435,0.885
86402418074436,pre,995.192,,,
86402435502170,acc,-3.120,-0.621,9.559,
86402435502170,Gyro,-1.187,1.560,-0.220,
86402435502170,Lacc,0.412,-0.635,0.407,
86402435502170,GameRo,0.081,0.164,-0.433,0.882
86402443115451,pre,995.195,,,
86402455372897,acc,-4.047,0.868,8.903,
86402455372897,Gyro,-1.141,1.530,-0.160,
86402455372897,Lacc,-0.235,1.038,-0.135,
86402455372897,GameRo,0.079,0.182,-0.432,0.880
86402468171319,pre,995.161,,,
86402475243137,acc,-4.185,0.613,8.845,
86402475243137,Gyro,-1.158,1.557,-0.021,
86402475243137,Lacc,-0.092,0.975,-0.063,
86402475243137,GameRo,0.077,0.200,-0.429,0.878
86402493202732,pre,995.112,,,
86402495114352,acc,-4.304,0.295,8.811,
86402495114352,Gyro,-1.204,1.417,-0.014,
86402495114352,Lacc,0.045,0.859,0.036,
86402495114352,GameRo,0.073,0.218,-0.425,0.876
86402514984592,acc,-4.627,-0.149,8.631,
86402514984592,Gyro,-1.086,1.402,-0.184,
86402514984592,Lacc,-0.037,0.623,-0.005,
86402514984592,GameRo,0.069,0.235,-0.422,0.873
86402518261447,pre,995.091,,,
86402534856580,acc,-5.886,0.812,9.805,
86402534856580,Gyro,-0.957,1.128,-0.160,
86402534856580,Lacc,-1.084,1.769,1.304,
86402534856580,GameRo,0.065,0.250,-0.421,0.869
86402543339613,pre,995.115,,,
86402554726495,acc,-6.626,1.406,9.861,
86402554726495,Gyro,-1.008,0.782,0.087,
86402554726495,Lacc,-1.674,2.526,1.468,
86402554726495,GameRo,0.060,0.262,-0.418,0.868
86402568396620,pre,995.140,,,
86402574572889,acc,-7.302,2.010,10.235,
86402574572889,Gyro,-0.982,0.210,0.662,
86402574572889,Lacc,-2.270,3.255,1.907,
86402574572889,GameRo,0.054,0.269,-0.411,0.869
86402593450941,pre,995.143,,,
86402594454359,acc,-6.736,0.332,9.611,
86402594454359,Gyro,-0.639,0.025,1.082,
86402594454359,Lacc,-1.684,1.604,1.299,
86402594454359,GameRo,0.050,0.272,-0.400,0.874
86402614325981,acc,-6.547,-1.122,9.691,
86402614325981,Gyro,-0.265,0.248,0.945,
86402614325981,Lacc,-1.435,0.100,1.408,
86402614325981,GameRo,0.051,0.274,-0.390,0.878
86402618506768,pre,995.167,,,
86402634209934,acc,-5.855,-0.912,9.342,
86402634209934,Gyro,-0.042,0.267,0.420,
86402634209934,Lacc,-0.688,0.262,1.086,
86402634209934,GameRo,0.053,0.276,-0.384,0.879
86402643562107,pre,995.198,,,
86402654081963,acc,-5.520,-0.071,8.753,
86402654081963,Gyro,0.147,0.552,0.002,
86402654081963,Lacc,-0.281,1.081,0.539,
86402654081963,GameRo,0.055,0.280,-0.383,0.878
86402668617934,pre,995.189,,,
86402673951796,acc,-6.592,0.822,8.972,
86402673951796,Gyro,0.379,0.804,-0.080,
86402673951796,Lacc,-1.229,1.932,0.834,
86402673951796,GameRo,0.061,0.285,-0.385,0.876
86402693823458,acc,-7.257,1.534,9.273,
86402693823458,Gyro,0.378,0.593,0.162,
86402693823458,Lacc,-1.776,2.568,1.204,
86402693823458,GameRo,0.068,0.290,-0.385,0.873
86402693673353,pre,995.158,,,
86402713693657,acc,-6.884,1.362,9.307,
86402713693657,Gyro,0.295,0.294,0.508,
86402713693657,Lacc,-1.336,2.301,1.272,
86402713693657,GameRo,0.073,0.292,-0.382,0.874
86402718703748,pre,995.164,,,
86402733565605,acc,-6.447,0.861,9.276,
86402733565605,Gyro,0.174,0.006,0.660,
86402733565605,Lacc,-0.869,1.688,1.249,
86402733565605,GameRo,0.077,0.291,-0.377,0.876
86402743761610,pre,995.207,,,
86402753435153,acc,-5.443,0.900,8.848,
86402753435153,Gyro,0.033,-0.289,0.381,
86402753435153,Lacc,0.105,1.645,0.792,
86402753435153,GameRo,0.079,0.288,-0.373,0.878
86402768824354,pre,995.219,,,
86402773281549,acc,-5.185,1.602,8.404,
86402773281549,Gyro,0.004,-0.306,0.207,
86402773281549,Lacc,0.285,2.102,0.276,
86402773281549,GameRo,0.088,0.279,-0.368,0.882
86402793151502,acc,-5.982,1.970,7.562,
86402793151502,Gyro,0.097,-0.022,0.509,
86402793151502,Lacc,-0.400,1.918,-0.505,
86402793151502,GameRo,0.114,0.275,-0.358,0.885
86402793879408,pre,995.210,,,
86402813047865,acc,-5.500,0.269,8.202,
86402813047865,Gyro,0.215,0.383,0.620,
86402813047865,Lacc,0.130,0.114,0.170,
86402813047865,GameRo,0.119,0.277,-0.352,0.886
86402818935235,pre,995.222,,,
86402832918877,acc,-3.534,-1.115,8.109,
86402832918877,Gyro,0.370,0.760,0.107,
86402832918877,Lacc,2.189,-1.358,0.145,
86402832918877,GameRo,0.124,0.280,-0.349,0.886
86402844019463,pre,995.219,,,
86402852813938,acc,-3.829,-0.639,7.626,
86402852813938,Gyro,0.359,1.235,-0.298,
86402852813938,Lacc,2.066,-0.916,-0.210,
86402852813938,GameRo,0.131,0.289,-0.351,0.881
86402869076999,pre,995.204,,,
86402872635267,acc,-4.716,-0.082,7.312,
86402872635267,Gyro,0.156,1.638,-0.367,
86402872635267,Lacc,1.418,-0.349,-0.339,
86402872635267,GameRo,0.137,0.302,-0.353,0.875
86402892531548,acc,-4.839,0.476,7.872,
86402892531548,Gyro,-0.052,1.717,-0.184,
86402892531548,Lacc,1.546,0.240,0.428,
86402892531548,GameRo,0.142,0.317,-0.353,0.869
86402894109876,pre,995.207,,,
86402912377210,acc,-4.815,0.477,7.111,
86402912377210,Gyro,-0.083,1.900,-0.025,
86402912377210,Lacc,1.831,0.262,-0.102,
86402912377210,GameRo,0.148,0.333,-0.350,0.863
86402919166476,pre,995.219,,,
86402932273614,acc,-4.700,0.006,6.814,
86402932273614,Gyro,-0.024,2.212,0.017,
86402932273614,Lacc,2.244,-0.205,-0.112,
86402932273614,GameRo,0.155,0.351,-0.347,0.856
86402944251844,pre,995.201,,,
86402952118787,acc,-4.990,-0.908,7.156,
86402952118787,Gyro,0.055,2.401,-0.142,
86402952118787,Lacc,2.270,-1.114,0.562,
86402952118787,GameRo,0.163,0.371,-0.344,0.847
86402969288262,pre,995.173,,,
86402971989760,acc,-5.042,-1.275,7.514,
86402971989760,Gyro,0.195,2.382,-0.508,
86402971989760,Lacc,2.519,-1.436,1.265,
86402971989760,GameRo,0.170,0.391,-0.343,0.837
86402991886203,acc,-5.200,-1.099,6.979,
86402991886203,Gyro,0.447,2.392,-0.910,
86402991886203,Lacc,2.647,-1.179,1.092,
86402991886203,GameRo,0.178,0.410,-0.347,0.824
86402994368340,pre,995.167,,,
86403011757053,acc,-5.688,-0.520,6.369,
86403011757053,Gyro,0.758,2.471,-1.179,
86403011757053,Lacc,2.436,-0.496,0.871,
86403011757053,GameRo,0.187,0.430,-0.355,0.809
86403019419406,pre,995.170,,,
86403031627902,acc,-6.214,-0.854,5.706,
86403031627902,Gyro,0.887,2.494,-1.383,
86403031627902,Lacc,2.170,-0.710,0.615,
86403031627902,GameRo,0.197,0.449,-0.364,0.792
86403044459446,pre,995.185,,,
86403051479791,acc,-6.827,-0.389,5.900,
86403051479791,Gyro,0.625,2.324,-1.599,
86403051479791,Lacc,1.783,-0.055,1.211,
86403051479791,GameRo,0.205,0.468,-0.375,0.774
86403069537978,pre,995.213,,,
86403071369886,acc,-7.456,0.257,6.482,
86403071369886,Gyro,0.284,1.817,-1.520,
86403071369886,Lacc,1.145,0.706,1.786,
86403071369886,GameRo,0.205,0.468,-0.386,0.768
86403091240695,acc,-7.536,-0.739,5.637,
86403091240695,Gyro,0.089,1.397,-1.428,
86403091240695,Lacc,1.163,-0.053,1.155,
86403091240695,GameRo,0.204,0.480,-0.395,0.757
86403094569634,pre,995.231,,,
86403111111789,acc,-7.861,-1.226,5.152,
86403111111789,Gyro,-0.019,1.310,-1.454,
86403111111789,Lacc,0.919,-0.284,0.878,
86403111111789,GameRo,0.201,0.492,-0.403,0.745
86403119628024,pre,995.225,,,
86403130982598,acc,-8.433,-1.503,5.457,
86403130982598,Gyro,-0.091,1.217,-1.475,
86403130982598,Lacc,0.401,-0.289,1.368,
86403130982598,GameRo,0.198,0.503,-0.412,0.734
86403144705946,pre,995.222,,,
86403150853284,acc,-8.754,-1.774,5.269,
86403150853284,Gyro,-0.090,1.183,-1.489,
86403150853284,Lacc,0.131,-0.292,1.385,
86403150853284,GameRo,0.194,0.514,-0.420,0.722
86403170743544,acc,-8.707,-2.798,5.035,
86403170743544,Gyro,0.031,1.239,-1.688,
86403170743544,Lacc,0.215,-1.026,1.362,
86403170743544,GameRo,0.190,0.526,-0.429,0.710
86403169737074,pre,995.222,,,
86403190569796,acc,-9.323,-2.918,4.588,
86403190569796,Gyro,0.132,1.257,-1.820,
86403190569796,Lacc,-0.383,-0.832,1.132,
86403190569796,GameRo,0.187,0.537,-0.440,0.695
86403194793552,pre,995.219,,,
86403210465752,acc,-10.204,-2.995,4.864,
86403210465752,Gyro,0.142,1.289,-1.767,
86403210465752,Lacc,-1.257,-0.600,1.631,
86403210465752,GameRo,0.184,0.549,-0.450,0.680
86403219877129,pre,995.222,,,
86403230336479,acc,-10.404,-2.635,5.231,
86403230336479,Gyro,0.137,1.226,-1.704,
86403230336479,Lacc,-1.467,0.059,2.214,
86403230336479,GameRo,0.181,0.560,-0.460,0.665
86403244932224,pre,995.225,,,
86403250207858,acc,-10.722,-2.039,5.396,
86403250207858,Gyro,0.163,0.964,-1.477,
86403250207858,Lacc,-1.812,0.927,2.562,
86403250207858,GameRo,0.178,0.569,-0.470,0.651
86403270053195,acc,-10.679,-2.686,4.794,
86403270053195,Gyro,0.149,0.448,-1.035,
86403270053195,Lacc,-1.805,0.478,2.060,
86403270053195,GameRo,0.176,0.574,-0.477,0.642
86403269988823,pre,995.216,,,
86403289924615,acc,-9.847,-3.300,3.349,
86403289924615,Gyro,-0.036,0.078,-0.828,
86403289924615,Lacc,-1.019,0.009,0.638,
86403289924615,GameRo,0.172,0.576,-0.482,0.637
86403295019544,pre,995.198,,,
86403309820448,acc,-9.783,-3.476,2.580,
86403309820448,Gyro,-0.275,0.015,-0.785,
86403309820448,Lacc,-1.009,-0.016,-0.119,
86403309820448,GameRo,0.166,0.579,-0.486,0.633
86403320078219,pre,995.210,,,
86403329691379,acc,-10.398,-3.643,2.814,
86403329691379,Gyro,-0.412,-0.030,-0.644,
86403329691379,Lacc,-1.673,-0.040,0.142,
86403329691379,GameRo,0.159,0.582,-0.488,0.631
86403345133721,pre,995.228,,,
86403349562025,acc,-10.359,-4.058,2.871,
86403349562025,Gyro,-0.401,-0.009,-0.520,
86403349562025,Lacc,-1.675,-0.340,0.224,
86403349562025,GameRo,0.153,0.584,-0.489,0.629
86403369411227,acc,-10.087,-4.343,2.863,
86403369411227,Gyro,-0.282,0.098,-0.516,
86403369411227,Lacc,-1.438,-0.520,0.250,
86403369411227,GameRo,0.149,0.587,-0.491,0.627
86403370191298,pre,995.210,,,
86403389278131,acc,-10.458,-4.243,2.416,
86403389278131,Gyro,-0.173,0.269,-0.435,
86403389278131,Lacc,-1.836,-0.327,-0.145,
86403389278131,GameRo,0.146,0.590,-0.492,0.623
86403395271783,pre,995.161,,,
86403409174614,acc,-11.508,-4.825,1.648,
86403409174614,Gyro,-0.249,0.505,-0.166,
86403409174614,Lacc,-2.886,-0.853,-0.826,
86403409174614,GameRo,0.145,0.594,-0.492,0.620
86403420330661,pre,995.173,,,
86403429045912,acc,-12.756,-7.129,1.072,
86403429045912,Gyro,-0.729,0.628,0.124,
86403429045912,Lacc,-4.100,-3.141,-1.253,
86403429045912,GameRo,0.145,0.600,-0.488,0.617
86403445388767,pre,995.246,,,
86403448916761,acc,-11.760,-7.491,1.555,
86403448916761,Gyro,-1.487,0.451,0.179,
86403448916761,Lacc,-3.063,-3.483,-0.576,
86403448916761,GameRo,0.141,0.609,-0.478,0.616
86403468773980,acc,-10.128,-5.884,3.328,
86403468773980,Gyro,-1.976,0.120,0.050,
86403468773980,Lacc,-1.413,-1.817,1.392,
86403468773980,GameRo,0.132,0.620,-0.466,0.618
86403470419284,pre,995.289,,,
86403488658664,acc,-9.009,-4.577,5.003,
86403488658664,Gyro,-1.830,-0.326,-0.085,
86403488658664,Lacc,-0.305,-0.427,3.196,
86403488658664,GameRo,0.118,0.628,-0.454,0.621
86403495501112,pre,995.274,,,
86403508529107,acc,-8.447,-3.370,4.613,
86403508529107,Gyro,-1.290,-0.816,-0.105,
86403508529107,Lacc,0.217,0.832,2.738,
86403508529107,GameRo,0.105,0.627,-0.447,0.629
86403520556206,pre,995.256,,,
86403528400078,acc,-8.166,-2.288,3.322,
86403528400078,Gyro,-0.915,-1.188,0.081,
86403528400078,Lacc,0.457,1.945,1.332,
86403528400078,GameRo,0.095,0.624,-0.442,0.637
86403545612318,pre,995.265,,,
86403548270806,acc,-8.208,-1.991,2.972,
86403548270806,Gyro,-0.792,-1.312,0.291,
86403548270806,Lacc,0.382,2.231,0.823,
86403548270806,GameRo,0.085,0.619,-0.437,0.647
86403568141859,acc,-8.859,-2.028,4.997,
86403568141859,Gyro,-0.720,-1.488,0.321,
86403568141859,Lacc,-0.298,2.148,2.653,
86403568141859,GameRo,0.077,0.612,-0.431,0.659
86403570644178,pre,995.253,,,
86403588013360,acc,-10.153,-2.447,6.723,
86403588013360,Gyro,-0.527,-2.123,0.372,
86403588013360,Lacc,-1.656,1.702,4.111,
86403588013360,GameRo,0.067,0.602,-0.427,0.672
86403595724745,pre,995.231,,,
86403607883232,acc,-10.720,-2.628,6.226,
86403607883232,Gyro,-0.313,-2.910,0.632,
86403607883232,Lacc,-2.332,1.452,3.190,
86403607883232,GameRo,0.057,0.585,-0.422,0.690
86403620782077,pre,995.219,,,
86403627754449,acc,-10.189,-2.164,4.132,
86403627754449,Gyro,-0.176,-3.112,0.998,
86403627754449,Lacc,-1.937,1.783,0.587,
86403627754449,GameRo,0.047,0.563,-0.417,0.712
86403645839044,pre,995.225,,,
86403647625379,acc,-9.167,-1.952,2.499,
86403647625379,Gyro,-0.052,-2.409,1.352,
86403647625379,Lacc,-0.836,1.572,-1.296,
86403647625379,GameRo,0.056,0.551,-0.400,0.730
86403667513197,acc,-8.388,-2.138,3.455,
86403667513197,Gyro,0.181,-1.477,1.629,
86403667513197,Lacc,-0.085,1.117,-0.632,
86403667513197,GameRo,0.058,0.537,-0.390,0.746
86403670871880,pre,995.231,,,
86403687366916,acc,-8.149,-2.830,5.566,
86403687366916,Gyro,0.499,-1.083,1.566,
86403687366916,Lacc,0.166,0.113,1.271,
86403687366916,GameRo,0.066,0.526,-0.380,0.758
86403695951551,pre,995.222,,,
86403707237684,acc,-7.052,-4.347,6.799,
86403707237684,Gyro,0.717,-1.333,0.728,
86403707237684,Lacc,1.222,-1.644,2.274,
86403707237684,GameRo,0.072,0.514,-0.376,0.768
86403721005710,pre,995.216,,,
86403727108940,acc,-6.449,-4.668,5.974,
86403727108940,Gyro,0.733,-1.784,-0.387,
86403727108940,Lacc,1.510,-1.817,0.998,
86403727108940,GameRo,0.059,0.493,-0.388,0.777
86403746062269,pre,995.225,,,
86403746955580,acc,-5.697,-4.409,3.919,
86403746955580,Gyro,0.650,-1.444,-1.452,
86403746955580,Lacc,2.027,-1.445,-1.353,
86403746955580,GameRo,0.052,0.478,-0.401,0.780
86403766850233,acc,-5.483,-3.644,2.621,
86403766850233,Gyro,0.622,-0.646,-2.062,
86403766850233,Lacc,2.017,-0.445,-2.833,
86403766850233,GameRo,0.044,0.469,-0.420,0.776
86403771109836,pre,995.216,,,
86403786721205,acc,-5.802,-2.605,3.332,
86403786721205,Gyro,0.914,0.216,-1.895,
86403786721205,Lacc,1.560,0.817,-2.174,
86403786721205,GameRo,0.040,0.467,-0.439,0.767
86403796172702,pre,995.204,,,
86403806591973,acc,-6.425,-2.852,3.347,
86403806591973,Gyro,1.539,1.027,-1.239,
86403806591973,Lacc,0.919,0.640,-2.140,
86403806591973,GameRo,0.046,0.467,-0.456,0.756
86403821230035,pre,995.210,,,
86403826463148,acc,-6.470,-3.885,3.348,
86403826463148,Gyro,2.034,1.825,-0.743,
86403826463148,Lacc,0.992,-0.479,-2.033,
86403826463148,GameRo,0.064,0.471,-0.470,0.744
86403846308526,acc,-5.646,-4.175,3.238,
86403846308526,Gyro,1.992,2.239,-0.711,
86403846308526,Lacc,2.001,-0.890,-1.955,
86403846308526,GameRo,0.087,0.477,-0.483,0.729
86403846285374,pre,995.216,,,
86403866204440,acc,-6.228,-4.172,3.588,
86403866204440,Gyro,1.728,2.328,-0.828,
86403866204440,Lacc,1.604,-0.943,-1.358,
86403866204440,GameRo,0.107,0.486,-0.496,0.712
86403871314385,pre,995.207,,,
86403886075535,acc,-6.532,-4.179,3.757,
86403886075535,Gyro,1.601,2.134,-0.729,
86403886075535,Lacc,1.461,-0.980,-0.944,
86403886075535,GameRo,0.126,0.495,-0.506,0.695
86403896369154,pre,995.210,,,
86403905947238,acc,-5.926,-4.406,2.660,
86403905947238,Gyro,1.613,2.204,-0.681,
86403905947238,Lacc,2.218,-1.243,-1.803,
86403905947238,GameRo,0.144,0.502,-0.516,0.679
86403921428317,pre,995.243,,,
86403925817397,acc,-6.082,-4.173,1.963,
86403925817397,Gyro,1.681,2.592,-0.691,
86403925817397,Lacc,2.229,-1.037,-2.201,
86403925817397,GameRo,0.164,0.511,-0.525,0.661
86403945688368,acc,-6.529,-4.343,1.866,
86403945688368,Gyro,1.639,2.856,-0.671,
86403945688368,Lacc,1.962,-1.226,-1.931,
86403945688368,GameRo,0.186,0.521,-0.533,0.640
86403946486382,pre,995.265,,,
86403965559055,acc,-7.015,-4.663,2.000,
86403965559055,Gyro,1.425,2.861,-0.712,
86403965559055,Lacc,1.641,-1.535,-1.396,
86403965559055,GameRo,0.207,0.533,-0.540,0.618
86403971543023,pre,995.228,,,
86403985429579,acc,-7.423,-4.459,2.307,
86403985429579,Gyro,1.180,2.662,-0.673,
86403985429579,Lacc,1.361,-1.284,-0.692,
86403985429579,GameRo,0.226,0.544,-0.545,0.597
86403996626234,pre,995.213,,,
86404005300876,acc,-7.944,-4.576,1.979,
86404005300876,Gyro,1.049,2.564,-0.509,
86404005300876,Lacc,0.938,-1.326,-0.626,
86404005300876,GameRo,0.242,0.556,-0.549,0.576
86404021683363,pre,995.274,,,
86404025171441,acc,-8.407,-5.107,1.977,
86404025171441,Gyro,1.012,2.557,-0.353,
86404025171441,Lacc,0.530,-1.714,-0.227,
86404025171441,GameRo,0.255,0.568,-0.553,0.554
86404045042616,acc,-8.905,-5.448,2.481,
86404045042616,Gyro,1.005,2.473,-0.289,
86404045042616,Lacc,0.111,-2.038,0.661,
86404045042616,GameRo,0.272,0.577,-0.553,0.535
86404046742485,pre,995.323,,,
86404064893771,acc,-9.253,-5.179,3.422,
86404064893771,Gyro,1.098,2.122,-0.131,
86404064893771,Lacc,-0.175,-1.768,1.940,
86404064893771,GameRo,0.289,0.584,-0.554,0.518
86404071798271,pre,995.289,,,
86404084784315,acc,-8.943,-4.980,3.513,
86404084784315,Gyro,1.171,1.568,-0.018,
86404084784315,Lacc,0.179,-1.592,2.266,
86404084784315,GameRo,0.304,0.586,-0.556,0.504
86404096837375,pre,995.234,,,
86404104630425,acc,-8.935,-4.668,3.614,
86404104630425,Gyro,1.130,0.904,0.098,
86404104630425,Lacc,0.216,-1.316,2.494,
86404104630425,GameRo,0.317,0.585,-0.559,0.494
86404121914645,pre,995.243,,,
86404124500705,acc,-9.574,-3.861,3.187,
86404124500705,Gyro,1.009,0.172,0.370,
86404124500705,Lacc,-0.398,-0.577,2.067,
86404124500705,GameRo,0.325,0.581,-0.563,0.490
86404144396782,acc,-10.172,-3.741,2.791,
86404144396782,Gyro,0.704,-0.481,0.814,
86404144396782,Lacc,-0.960,-0.600,1.565,
86404144396782,GameRo,0.332,0.572,-0.565,0.493
86404146972426,pre,995.268,,,
86404164268324,acc,-9.539,-5.398,3.245,
86404164268324,Gyro,0.376,-1.095,0.928,
86404164268324,Lacc,-0.293,-2.447,1.820,
86404164268324,GameRo,0.334,0.562,-0.566,0.502
86404172030368,pre,995.283,,,
86404184128553,acc,-8.607,-6.384,2.734,
86404184128553,Gyro,0.217,-1.488,0.535,
86404184128553,Lacc,0.635,-3.569,1.034,
86404184128553,GameRo,0.331,0.551,-0.569,0.513
86404197086277,pre,995.289,,,
86404203984673,acc,-8.132,-5.673,1.329,
86404203984673,Gyro,0.067,-1.423,0.099,
86404203984673,Lacc,0.999,-2.658,-0.610,
86404203984673,GameRo,0.317,0.549,-0.577,0.515
86404222143650,pre,995.277,,,
86404223880791,acc,-8.151,-5.097,1.006,
86404223880791,Gyro,-0.097,-1.045,-0.194,
86404223880791,Lacc,0.871,-1.831,-1.038,
86404223880791,GameRo,0.303,0.552,-0.584,0.513
86404243750990,acc,-8.414,-5.087,1.785,
86404243750990,Gyro,-0.159,-0.692,-0.458,
86404243750990,Lacc,0.508,-1.619,-0.360,
86404243750990,GameRo,0.291,0.553,-0.589,0.512
86404247199720,pre,995.237,,,
86404263622002,acc,-8.587,-5.123,2.495,
86404263622002,Gyro,-0.025,-0.448,-0.706,
86404263622002,Lacc,0.261,-1.522,0.264,
86404263622002,GameRo,0.283,0.553,-0.594,0.511
86404272261284,pre,995.216,,,
86404283492933,acc,-8.340,-5.230,2.591,
86404283492933,Gyro,0.202,-0.216,-0.927,
86404283492933,Lacc,0.418,-1.453,0.295,
86404283492933,GameRo,0.276,0.554,-0.600,0.506
86404297320895,pre,995.234,,,
86404303339246,acc,-7.812,-5.616,2.546,
86404303339246,Gyro,0.489,0.015,-1.267,
86404303339246,Lacc,0.782,-1.514,0.188,
86404303339246,GameRo,0.266,0.556,-0.612,0.495
86404323215915,acc,-7.593,-5.235,1.852,
86404323215915,Gyro,0.756,0.417,-1.573,
86404323215915,Lacc,0.881,-0.894,-0.514,
86404323215915,GameRo,0.262,0.558,-0.623,0.482
86404322377495,pre,995.271,,,
86404343105563,acc,-8.176,-4.754,1.649,
86404343105563,Gyro,0.914,0.894,-1.608,
86404343105563,Lacc,0.187,-0.180,-0.669,
86404343105563,GameRo,0.261,0.560,-0.634,0.465
86404347434624,pre,995.268,,,
86404362976047,acc,-8.214,-4.465,2.107,
86404362976047,Gyro,1.071,1.220,-1.445,
86404362976047,Lacc,0.060,0.314,-0.115,
86404362976047,GameRo,0.265,0.563,-0.643,0.447
86404372491021,pre,995.240,,,
86404382847100,acc,-7.735,-4.502,1.790,
86404382847100,Gyro,1.129,1.424,-1.275,
86404382847100,Lacc,0.471,0.443,-0.319,
86404382847100,GameRo,0.271,0.565,-0.652,0.428
86404397545343,pre,995.234,,,
86404402718194,acc,-7.612,-4.879,1.028,
86404402718194,Gyro,0.916,1.627,-1.224,
86404402718194,Lacc,0.535,0.223,-0.929,
86404402718194,GameRo,0.279,0.568,-0.658,0.408
86404422588922,acc,-7.828,-4.927,0.922,
86404422588922,Gyro,0.507,1.731,-1.168,
86404422588922,Lacc,0.260,0.344,-0.823,
86404422588922,GameRo,0.286,0.574,-0.662,0.389
86404422602960,pre,995.237,,,
86404442459974,acc,-7.751,-5.113,1.277,
86404442459974,Gyro,0.061,1.634,-1.079,
86404442459974,Lacc,0.273,0.328,-0.218,
86404442459974,GameRo,0.292,0.582,-0.662,0.371
86404447632988,pre,995.228,,,
86404462330051,acc,-7.967,-5.520,1.454,
86404462330051,Gyro,-0.287,1.463,-1.007,
86404462330051,Lacc,-0.013,0.088,0.222,
86404462330051,GameRo,0.295,0.592,-0.660,0.356
86404472687676,pre,995.219,,,
86404482201348,acc,-8.483,-5.949,1.338,
86404482201348,Gyro,-0.548,1.298,-0.938,
86404482201348,Lacc,-0.609,-0.178,0.372,
86404482201348,GameRo,0.296,0.602,-0.657,0.343
86404497770887,pre,995.216,,,
86404502072442,acc,-9.233,-6.127,0.929,
86404502072442,Gyro,-0.852,1.078,-0.748,
86404502072442,Lacc,-1.436,-0.214,0.228,
86404502072442,GameRo,0.296,0.614,-0.652,0.333
86404521943454,acc,-9.656,-7.073,0.490,
86404521943454,Gyro,-1.285,0.955,-0.539,
86404521943454,Lacc,-1.918,-1.058,0.075,
86404521943454,GameRo,0.295,0.626,-0.644,0.326
86404522801079,pre,995.219,,,
86404541813897,acc,-9.139,-7.670,1.106,
86404541813897,Gyro,-1.656,0.802,-0.528,
86404541813897,Lacc,-1.456,-1.571,1.012,
86404541813897,GameRo,0.293,0.640,-0.633,0.323
86404547881972,pre,995.222,,,
86404561684706,acc,-8.270,-7.180,2.200,
86404561684706,Gyro,-1.682,0.570,-0.681,
86404561684706,Lacc,-0.663,-0.990,2.417,
86404561684706,GameRo,0.287,0.655,-0.622,0.320
86404572939914,pre,995.253,,,
86404581555922,acc,-7.799,-6.137,2.451,
86404581555922,Gyro,-1.324,0.356,-0.844,
86404581555922,Lacc,-0.290,0.162,2.853,
86404581555922,GameRo,0.279,0.665,-0.616,0.317
86404597996026,pre,995.246,,,
86404601426893,acc,-7.945,-5.337,2.237,
86404601426893,Gyro,-0.873,0.139,-0.827,
86404601426893,Lacc,-0.389,0.921,2.293,
86404601426893,GameRo,0.275,0.653,-0.625,0.326
86404621297336,acc,-8.017,-4.867,1.765,
86404621297336,Gyro,-0.269,-0.052,-0.639,
86404621297336,Lacc,-0.510,1.449,1.801,
86404621297336,GameRo,0.271,0.655,-0.626,0.325
86404623054009,pre,995.216,,,
86404641147027,acc,-7.861,-4.939,0.691,
86404641147027,Gyro,0.256,-0.119,-0.433,
86404641147027,Lacc,-0.407,1.438,0.687,
86404641147027,GameRo,0.268,0.654,-0.629,0.323
86404648121676,pre,995.225,,,
86404661013767,acc,-7.820,-5.387,-0.317,
86404661013767,Gyro,0.604,-0.060,-0.316,
86404661013767,Lacc,-0.405,1.035,-0.400,
86404661013767,GameRo,0.267,0.651,-0.634,0.320
86404673159193,pre,995.256,,,
86404680909600,acc,-7.817,-5.882,-0.844,
86404680909600,Gyro,0.674,-0.041,-0.288,
86404680909600,Lacc,-0.408,0.547,-0.961,
86404680909600,GameRo,0.270,0.649,-0.637,0.317
86404698231784,pre,995.246,,,
86404700780979,acc,-8.206,-5.829,-1.571,
86404700780979,Gyro,0.534,0.025,-0.328,
86404700780979,Lacc,-0.823,0.629,-1.732,
86404700780979,GameRo,0.271,0.647,-0.640,0.313
86404720630344,acc,-8.717,-5.577,-1.859,
86404720630344,Gyro,0.172,0.066,-0.361,
86404720630344,Lacc,-1.377,0.928,-2.046,
86404720630344,GameRo,0.270,0.646,-0.643,0.310
86404723290663,pre,995.213,,,
86404740524265,acc,-9.686,-4.438,-1.335,
86404740524265,Gyro,-0.432,-0.192,-0.380,
86404740524265,Lacc,-2.393,2.122,-1.500,
86404740524265,GameRo,0.267,0.648,-0.643,0.308
86404748340712,pre,995.210,,,
86404760393161,acc,-10.605,-3.364,-1.099,
86404760393161,Gyro,-1.084,-0.826,-0.276,
86404760393161,Lacc,-3.356,3.245,-1.231,
86404760393161,GameRo,0.258,0.653,-0.640,0.313
86404773383233,pre,995.246,,,
86404780264255,acc,-12.195,-0.742,-0.278,
86404780264255,Gyro,-1.359,-1.500,-0.093,
86404780264255,Lacc,-4.965,5.887,-0.411,
86404780264255,GameRo,0.246,0.658,-0.634,0.323
86404798465509,pre,995.274,,,
86404800135023,acc,-16.468,3.939,3.663,
86404800135023,Gyro,-1.129,-3.804,-0.291,
86404800135023,Lacc,-9.264,10.588,3.306,
86404800135023,GameRo,0.223,0.657,-0.633,0.344
86404819980849,acc,-30.220,5.179,0.655,
86404819980849,Gyro,-0.413,-6.387,-1.079,
86404819980849,Lacc,-23.202,11.945,-0.440,
86404819980849,GameRo,0.180,0.642,-0.643,0.377
86404823523695,pre,995.249,,,
86404839853651,acc,-43.743,13.049,-7.604,
86404839853651,Gyro,-1.018,-5.783,-0.498,
86404839853651,Lacc,-37.080,19.986,-9.532,
86404839853651,GameRo,0.127,0.621,-0.654,0.413
86404848559909,pre,995.216,,,
86404859747735,acc,-50.563,23.742,-1.421,
86404859747735,Gyro,-1.996,-1.190,3.109,
86404859747735,Lacc,-43.783,30.526,-3.478,
86404859747735,GameRo,0.111,0.619,-0.639,0.444
86404873614027,pre,995.207,,,
86404879618258,acc,-58.740,7.797,19.569,
86404879618258,Gyro,-1.392,0.961,6.268,
86404879618258,Lacc,-51.199,13.849,17.909,
86404879618258,GameRo,0.145,0.628,-0.600,0.474
86404899463759,acc,-58.154,-7.810,27.917,
86404899463759,Gyro,-0.094,-1.381,6.989,
86404899463759,Lacc,-49.852,-2.857,26.250,
86404899463759,GameRo,0.184,0.617,-0.564,0.517
86404898694024,pre,995.234,,,
86404919337049,acc,-62.441,-14.334,24.299,
86404919337049,Gyro,1.805,-2.678,7.439,
86404919337049,Lacc,-53.623,-10.652,22.083,
86404919337049,GameRo,0.218,0.583,-0.536,0.571
86404923751316,pre,995.259,,,
86404939231052,acc,-69.428,-19.504,17.671,
86404939231052,Gyro,3.565,-0.981,8.881,
86404939231052,Lacc,-60.223,-17.475,14.953,
86404939231052,GameRo,0.274,0.535,-0.509,0.616
86404948805678,pre,995.249,,,
86404959102879,acc,-76.487,-30.298,19.435,
86404959102879,Gyro,3.159,-0.674,10.601,
86404959102879,Lacc,-67.098,-30.341,16.592,
86404959102879,GameRo,0.347,0.485,-0.464,0.655
86404973835341,pre,995.173,,,
86404978957940,acc,-75.187,-43.904,19.446,
86404978957940,Gyro,2.681,-2.512,11.438,
86404978957940,Lacc,-66.173,-46.189,16.324,
86404978957940,GameRo,0.408,0.418,-0.407,0.703
86404998843438,acc,-66.844,-50.062,12.851,
86404998843438,Gyro,4.099,-2.586,11.514,
86404998843438,Lacc,-58.802,-54.531,9.446,
86404998843438,GameRo,0.464,0.334,-0.350,0.743
86404998890069,pre,995.103,,,
86405018715264,acc,-55.987,-50.080,6.382,
86405018715264,Gyro,5.508,-0.219,11.363,
86405018715264,Lacc,-49.273,-56.571,3.377,
86405018715264,GameRo,0.532,0.252,-0.285,0.756
86405023945692,pre,995.140,,,
86405038585260,acc,-48.804,-47.859,7.448,
86405038585260,Gyro,4.953,1.741,11.233,
86405038585260,Lacc,-43.651,-55.953,5.409,
86405038585260,GameRo,0.601,0.186,-0.204,0.750
86405049000542,pre,995.274,,,
86405058456353,acc,-41.268,-50.130,11.563,
86405058456353,Gyro,3.024,0.849,10.997,
86405058456353,Lacc,-37.977,-59.281,10.279,
86405058456353,GameRo,0.648,0.122,-0.119,0.743
86405074059055,pre,995.372,,,
86405078327122,acc,-30.314,-52.184,10.749,
86405078327122,Gyro,2.345,0.343,10.385,
86405078327122,Lacc,-29.010,-61.868,9.883,
86405078327122,GameRo,0.673,0.052,-0.042,0.736
86405098197482,acc,-19.981,-50.219,7.828,
86405098197482,Gyro,3.560,2.315,9.547,
86405098197482,Lacc,-20.571,-60.007,7.555,
86405098197482,GameRo,0.697,-0.005,0.039,0.716
86405099113213,pre,995.393,,,
86405118068536,acc,-14.849,-45.119,7.214,
86405118068536,Gyro,3.515,3.886,8.537,
86405118068536,Lacc,-17.153,-54.647,7.580,
86405118068536,GameRo,0.719,-0.038,0.127,0.682
86405124195692,pre,995.396,,,
86405137939100,acc,-9.819,-40.250,9.223,
86405137939100,Gyro,2.149,3.271,7.562,
86405137939100,Lacc,-13.612,-49.275,9.844,
86405137939100,GameRo,0.726,-0.066,0.207,0.652
86405149250746,pre,995.393,,,
86405157809950,acc,-3.108,-35.972,7.979,
86405157809950,Gyro,1.702,2.346,6.477,
86405157809950,Lacc,-8.123,-44.376,8.661,
86405157809950,GameRo,0.725,-0.095,0.270,0.626
86405174306003,pre,995.375,,,
86405177680799,acc,1.415,-29.966,4.190,
86405177680799,Gyro,2.186,2.672,5.529,
86405177680799,Lacc,-4.564,-37.709,4.924,
86405177680799,GameRo,0.724,-0.116,0.325,0.598
86405197537286,acc,0.499,-23.011,3.060,
86405197537286,Gyro,1.979,2.834,5.043,
86405197537286,Lacc,-6.269,-30.079,3.748,
86405197537286,GameRo,0.720,-0.127,0.379,0.567
86405199336562,pre,995.344,,,
86405217423434,acc,9.744,-20.149,6.105,
86405217423434,Gyro,0.049,0.313,5.016,
86405217423434,Lacc,2.270,-26.476,6.696,
86405217423434,GameRo,0.712,-0.153,0.418,0.543
86405224418674,pre,995.323,,,
86405237293756,acc,20.171,-22.425,4.004,
86405237293756,Gyro,-0.265,-1.954,3.906,
86405237293756,Lacc,12.189,-28.076,4.766,
86405237293756,GameRo,0.708,-0.195,0.430,0.526
86405249476169,pre,995.277,,,
86405257164686,acc,24.229,-19.213,-3.804,
86405257164686,Gyro,1.274,-1.079,2.117,
86405257164686,Lacc,15.989,-24.414,-2.669,
86405257164686,GameRo,0.713,-0.221,0.432,0.505
86405274532810,pre,995.219,,,
86405277035251,acc,21.573,-10.034,-6.822,
86405277035251,Gyro,2.030,1.153,1.234,
86405277035251,Lacc,13.186,-14.966,-5.564,
86405277035251,GameRo,0.718,-0.219,0.447,0.486
86405296906100,acc,19.554,-5.845,-4.179,
86405296906100,Gyro,1.365,2.062,1.059,
86405296906100,Lacc,11.014,-10.551,-3.099,
86405296906100,GameRo,0.715,-0.209,0.470,0.473
86405299590386,pre,995.161,,,
86405316777357,acc,18.006,-4.943,-1.773,
86405316777357,Gyro,0.359,1.822,0.853,
86405316777357,Lacc,9.340,-9.470,-0.971,
86405316777357,GameRo,0.707,-0.204,0.490,0.468
86405324620538,pre,995.127,,,
86405336648084,acc,15.570,-2.800,-0.783,
86405336648084,Gyro,-0.372,1.560,0.630,
86405336648084,Lacc,6.822,-7.211,-0.279,
86405336648084,GameRo,0.696,-0.202,0.504,0.469
86405349701348,pre,995.112,,,
86405356518324,acc,14.036,-2.369,0.874,
86405356518324,Gyro,-0.767,1.169,0.630,
86405356518324,Lacc,5.222,-6.671,1.086,
86405356518324,GameRo,0.685,-0.204,0.515,0.473
86405374738254,pre,995.121,,,
86405376364922,acc,15.255,-3.027,1.833,
86405376364922,Gyro,-0.729,0.756,0.327,
86405376364922,Lacc,6.396,-7.241,1.825,
86405376364922,GameRo,0.676,-0.207,0.522,0.478
86405396260064,acc,14.660,-2.628,1.242,
86405396260064,Gyro,-0.488,0.695,-0.268,
86405396260064,Lacc,5.806,-6.850,1.071,
86405396260064,GameRo,0.670,-0.207,0.525,0.483
86405399817681,pre,995.124,,,
86405416132907,acc,12.081,0.379,1.136,
86405416132907,Gyro,-0.289,0.774,-0.623,
86405416132907,Lacc,3.280,-3.941,0.799,
86405416132907,GameRo,0.665,-0.201,0.526,0.490
86405424875908,pre,995.103,,,
86405436001845,acc,9.355,3.050,0.044,
86405436001845,Gyro,-0.185,0.682,-0.475,
86405436001845,Lacc,0.474,-1.099,-0.344,
86405436001845,GameRo,0.661,-0.207,0.532,0.487
86405449931776,pre,995.066,,,
86405455850640,acc,8.673,3.657,-0.845,
86405455850640,Gyro,-0.525,0.609,-0.220,
86405455850640,Lacc,-0.185,-0.529,-1.335,
86405455850640,GameRo,0.658,-0.205,0.533,0.491
86405475718845,acc,9.662,2.913,1.491,
86405475718845,Gyro,-0.728,0.388,-0.280,
86405475718845,Lacc,0.812,-1.269,0.836,
86405475718845,GameRo,0.651,-0.207,0.535,0.497
86405474966037,pre,995.045,,,
86405495614801,acc,9.961,2.981,2.430,
86405495614801,Gyro,-0.393,0.210,-0.583,
86405495614801,Lacc,1.154,-1.273,1.682,
86405495614801,GameRo,0.648,-0.205,0.533,0.504
86405500047295,pre,995.039,,,
86405515485080,acc,8.450,3.481,1.588,
86405515485080,Gyro,-0.056,0.104,-0.915,
86405515485080,Lacc,-0.286,-0.913,0.805,
86405515485080,GameRo,0.648,-0.200,0.530,0.509
86405525103570,pre,995.027,,,
86405535357395,acc,7.129,5.351,0.959,
86405535357395,Gyro,-0.093,-0.039,-1.071,
86405535357395,Lacc,-1.510,0.769,0.174,
86405535357395,GameRo,0.650,-0.193,0.524,0.515
86405550158827,pre,995.014,,,
86405555226739,acc,6.288,6.882,1.080,
86405555226739,Gyro,-0.224,-0.093,-0.875,
86405555226739,Lacc,-2.232,2.085,0.283,
86405555226739,GameRo,0.652,-0.186,0.517,0.523
86405575074233,acc,5.855,7.037,1.433,
86405575074233,Gyro,-0.147,-0.116,-0.552,
86405575074233,Lacc,-2.587,2.106,0.627,
86405575074233,GameRo,0.653,-0.182,0.512,0.528
86405575190769,pre,995.018,,,
86405594968560,acc,6.725,6.631,1.423,
86405594968560,Gyro,0.023,-0.227,-0.293,
86405594968560,Lacc,-1.623,1.543,0.611,
86405594968560,GameRo,0.654,-0.176,0.507,0.533
86405600259738,pre,995.042,,,
86405614814223,acc,7.356,5.855,0.667,
86405614814223,Gyro,0.103,-0.225,-0.243,
86405614814223,Lacc,-0.970,0.724,-0.095,
86405614814223,GameRo,0.656,-0.175,0.505,0.533
86405625304741,pre,995.069,,,
86405634711276,acc,7.271,6.120,0.343,
86405634711276,Gyro,0.083,-0.203,-0.279,
86405634711276,Lacc,-1.003,0.897,-0.361,
86405634711276,GameRo,0.659,-0.172,0.500,0.534
86405650388929,pre,995.060,,,
86405654556899,acc,6.969,6.710,0.268,
86405654556899,Gyro,-0.020,-0.200,-0.186,
86405654556899,Lacc,-1.183,1.291,-0.366,
86405654556899,GameRo,0.664,-0.165,0.493,0.538
86405674462253,acc,6.830,6.500,0.355,
86405674462253,Gyro,-0.095,-0.232,-0.010,
86405674462253,Lacc,-1.297,1.038,-0.248,
86405674462253,GameRo,0.665,-0.164,0.490,0.539
86405675423028,pre,995.030,,,
86405694322808,acc,7.448,6.052,0.309,
86405694322808,Gyro,-0.083,-0.286,0.168,
86405694322808,Lacc,-0.694,0.609,-0.261,
86405694322808,GameRo,0.666,-0.167,0.488,0.539
86405700501926,pre,995.011,,,
86405714168470,acc,8.210,5.230,0.045,
86405714168470,Gyro,-0.001,-0.280,0.203,
86405714168470,Lacc,0.042,-0.176,-0.481,
86405714168470,GameRo,0.667,-0.170,0.487,0.538
86405725559462,pre,995.008,,,
86405734065321,acc,8.356,4.813,-0.406,
86405734065321,Gyro,0.021,-0.175,0.137,
86405734065321,Lacc,0.165,-0.564,-0.885,
86405734065321,GameRo,0.668,-0.172,0.487,0.536
86405750615126,pre,995.018,,,
86405753935235,acc,8.214,4.865,-0.096,
86405753935235,Gyro,-0.045,-0.166,0.102,
86405753935235,Lacc,0.011,-0.495,-0.554,
86405753935235,GameRo,0.668,-0.174,0.486,0.535
86405773806980,acc,8.153,4.855,-0.233,
86405773806980,Gyro,-0.150,-0.275,0.134,
86405773806980,Lacc,-0.064,-0.486,-0.664,
86405773806980,GameRo,0.669,-0.176,0.485,0.535
86405775645766,pre,995.030,,,
86405793672539,acc,8.548,4.550,-0.367,
86405793672539,Gyro,-0.209,-0.282,0.186,
86405793672539,Lacc,0.303,-0.750,-0.760,
86405793672539,GameRo,0.669,-0.181,0.484,0.535
86405800728366,pre,995.042,,,
86405813524102,acc,8.997,4.311,0.026,
86405813524102,Gyro,-0.164,-0.212,0.135,
86405813524102,Lacc,0.717,-0.938,-0.340,
86405813524102,GameRo,0.669,-0.185,0.483,0.534
86405825785536,pre,995.033,,,
86405833419610,acc,9.077,4.112,0.411,
86405833419610,Gyro,-0.129,-0.290,0.051,
86405833419610,Lacc,0.745,-1.055,0.066,
86405833419610,GameRo,0.668,-0.190,0.484,0.532
86405850842624,pre,995.014,,,
86405853264459,acc,9.155,4.139,-0.187,
86405853264459,Gyro,-0.107,-0.370,-0.026,
86405853264459,Lacc,0.794,-0.985,-0.463,
86405853264459,GameRo,0.669,-0.195,0.482,0.531
86405873160292,acc,8.805,4.481,-0.734,
86405873160292,Gyro,-0.120,-0.220,-0.079,
86405873160292,Lacc,0.435,-0.631,-0.939,
86405873160292,GameRo,0.671,-0.198,0.480,0.529
86405875899631,pre,995.030,,,
86405893031426,acc,8.424,4.754,-0.078,
86405893031426,Gyro,-0.154,-0.103,-0.046,
86405893031426,Lacc,0.060,-0.368,-0.279,
86405893031426,GameRo,0.671,-0.199,0.478,0.531
86405900958917,pre,995.082,,,
86405912877129,acc,8.528,4.904,0.284,
86405912877129,Gyro,-0.104,-0.112,-0.015,
86405912877129,Lacc,0.165,-0.220,0.087,
86405912877129,GameRo,0.671,-0.200,0.477,0.531
86405926016900,pre,995.103,,,
86405932774062,acc,8.398,4.992,0.151,
86405932774062,Gyro,-0.015,-0.145,0.017,
86405932774062,Lacc,0.035,-0.132,-0.029,
86405932774062,GameRo,0.671,-0.201,0.476,0.531
86405951075128,pre,995.066,,,
86405952643812,acc,8.466,4.888,-0.199,
86405952643812,Gyro,-0.037,-0.206,0.026,
86405952643812,Lacc,0.098,-0.231,-0.348,
86405952643812,GameRo,0.672,-0.202,0.475,0.531
86405972514255,acc,8.635,4.809,-0.501,
86405972514255,Gyro,-0.104,-0.168,0.013,
86405972514255,Lacc,0.265,-0.305,-0.625,
86405972514255,GameRo,0.673,-0.203,0.474,0.531
86405976106133,pre,995.030,,,
86405992409233,acc,8.600,4.937,-0.504,
86405992409233,Gyro,-0.116,-0.069,0.015,
86405992409233,Lacc,0.229,-0.177,-0.622,
86405992409233,GameRo,0.672,-0.205,0.473,0.531
86406001187228,pre,995.036,,,
86406012252170,acc,8.553,4.918,-0.395,
86406012252170,Gyro,-0.142,-0.007,0.044,
86406012252170,Lacc,0.178,-0.188,-0.524,
86406012252170,GameRo,0.672,-0.205,0.473,0.532
86406026245578,pre,995.048,,,
86406032126926,acc,8.654,4.915,0.035,
86406032126926,Gyro,-0.149,-0.001,0.018,
86406032126926,Lacc,0.275,-0.184,-0.110,
86406032126926,GameRo,0.671,-0.206,0.473,0.533
86406051973646,acc,8.192,4.974,0.339,
86406051973646,Gyro,-0.069,-0.048,-0.001,
86406051300917,pre,995.057,,,
86406051973646,Lacc,-0.187,-0.127,0.187,
86406051973646,GameRo,0.670,-0.207,0.472,0.534
86406071869602,acc,8.193,5.099,0.122,
86406071869602,Gyro,-0.098,-0.175,0.055,
86406071869602,Lacc,-0.189,0.004,-0.013,
86406071869602,GameRo,0.671,-0.208,0.471,0.534
86406076357151,pre,995.085,,,
86406091739068,acc,8.435,4.796,-0.149,
86406091739068,Gyro,-0.337,-0.259,0.116,
86406091739068,Lacc,0.042,-0.282,-0.268,
86406091739068,GameRo,0.670,-0.211,0.470,0.534
86406101412774,pre,995.097,,,
86406111610406,acc,8.873,4.213,0.639,
86406111610406,Gyro,-0.501,-0.324,0.122,
86406111610406,Lacc,0.457,-0.824,0.511,
86406111610406,GameRo,0.668,-0.217,0.468,0.536
86406126470717,pre,995.063,,,
86406131480930,acc,9.467,3.713,1.298,
86406131480930,Gyro,-0.276,-0.362,0.005,
86406131480930,Lacc,1.031,-1.292,1.170,
86406131480930,GameRo,0.667,-0.222,0.466,0.538
86406151352065,acc,9.346,3.430,0.637,
86406151352065,Gyro,0.145,-0.293,-0.140,
86406151352065,Lacc,0.845,-1.465,0.523,
86406151352065,GameRo,0.665,-0.227,0.469,0.535
86406151545587,pre,995.045,,,
86406171223768,acc,9.469,3.305,-0.123,
86406171223768,Gyro,0.311,-0.094,-0.235,
86406171223768,Lacc,0.937,-1.537,-0.169,
86406171223768,GameRo,0.667,-0.229,0.470,0.531
86406176558648,pre,995.066,,,
86406191094293,acc,9.206,3.116,0.369,
86406191094293,Gyro,0.244,0.016,-0.258,
86406191094293,Lacc,0.594,-1.582,0.308,
86406191094293,GameRo,0.665,-0.233,0.476,0.526
86406201618177,pre,995.060,,,
86406210964125,acc,9.580,2.320,1.499,
86406210964125,Gyro,0.193,-0.211,-0.218,
86406210964125,Lacc,0.909,-2.266,1.370,
86406210964125,GameRo,0.662,-0.235,0.482,0.524
86406226699965,pre,995.024,,,
86406230835300,acc,10.393,1.377,1.073,
86406230835300,Gyro,0.243,-0.550,-0.190,
86406230835300,Lacc,1.735,-3.234,1.042,
86406230835300,GameRo,0.666,-0.235,0.478,0.522
86406250706190,acc,10.493,-0.096,-0.007,
86406250706190,Gyro,0.237,-0.671,-0.300,
86406250706190,Lacc,1.850,-4.736,0.101,
86406250706190,GameRo,0.670,-0.237,0.474,0.520
86406251729831,pre,995.033,,,
86406270578098,acc,10.461,-0.938,-0.251,
86406270578098,Gyro,0.203,-0.517,-0.529,
86406270578098,Lacc,1.854,-5.640,-0.020,
86406270578098,GameRo,0.675,-0.236,0.468,0.519
86406276812066,pre,995.079,,,
86406290447605,acc,9.632,-0.906,1.170,
86406290447605,Gyro,0.307,-0.350,-0.759,
86406290447605,Lacc,0.796,-5.166,1.313,
86406290447605,GameRo,0.666,-0.252,0.484,0.509
86406301868788,pre,995.091,,,
86406310318414,acc,10.020,-0.540,2.267,
86406310318414,Gyro,0.773,-0.693,-0.883,
86406310318414,Lacc,1.239,-4.906,2.529,
86406310318414,GameRo,0.672,-0.247,0.479,0.507
86406326925714,pre,995.054,,,
86406330189629,acc,9.619,-0.800,0.079,
86406330189629,Gyro,1.176,-0.906,-1.135,
86406330189629,Lacc,0.786,-5.038,0.566,
86406330189629,GameRo,0.679,-0.252,0.479,0.496
86406350060072,acc,8.352,-1.008,-1.262,
86406350060072,Gyro,1.164,-0.761,-1.493,
86406350060072,Lacc,-0.353,-5.469,-0.523,
86406350060072,GameRo,0.692,-0.241,0.469,0.492
86406351980523,pre,995.039,,,
86406369932061,acc,6.372,-0.619,-0.600,
86406369932061,Gyro,1.008,-0.588,-1.793,
86406369932061,Lacc,-2.167,-5.356,0.343,
86406369932061,GameRo,0.704,-0.227,0.459,0.491
86406377011528,pre,995.054,,,
86406389776910,acc,4.734,0.083,0.960,
86406389776910,Gyro,0.932,-0.707,-1.894,
86406389776910,Lacc,-3.609,-4.951,2.095,
86406389776910,GameRo,0.716,-0.213,0.448,0.492
86406402068373,pre,995.082,,,
86406409672661,acc,3.586,0.373,2.015,
86406409672661,Gyro,1.006,-1.124,-1.811,
86406409672661,Lacc,-4.543,-4.939,3.404,
86406409672661,GameRo,0.729,-0.200,0.434,0.491
86406427148817,pre,995.097,,,
86406429543674,acc,2.450,-0.413,1.674,
86406429543674,Gyro,1.165,-1.541,-1.726,
86406429543674,Lacc,-5.448,-5.967,3.408,
86406429543674,GameRo,0.743,-0.190,0.417,0.487
86406449413913,acc,1.337,-1.365,0.881,
86406449413913,Gyro,1.214,-1.858,-1.760,
86406449413913,Lacc,-6.301,-7.135,3.024,
86406449413913,GameRo,0.759,-0.180,0.398,0.482
86406452206150,pre,995.097,,,
86406469285455,acc,0.223,-2.052,-0.009,
86406469285455,Gyro,1.005,-2.225,-1.879,
86406469285455,Lacc,-7.103,-8.041,2.578,
86406469285455,GameRo,0.776,-0.172,0.375,0.477
86406477262180,pre,995.085,,,
86406489157158,acc,-0.555,-1.778,-0.444,
86406489157158,Gyro,0.492,-2.717,-1.905,
86406489157158,Lacc,-7.508,-7.999,2.589,
86406489157158,GameRo,0.792,-0.167,0.348,0.474
86406502318739,pre,995.091,,,
86406509031032,acc,0.022,-1.350,-0.291,
86406509031032,Gyro,-0.155,-3.358,-1.861,
86406509031032,Lacc,-6.492,-7.816,3.172,
86406509031032,GameRo,0.805,-0.167,0.314,0.474
86406527350600,pre,995.091,,,
86406528871717,Gyro,-0.518,-3.729,-2.026,
86406536349746,acc,1.738,-1.820,-0.391,
86406536349746,Lacc,-3.963,-8.705,3.649,
86406536349746,GameRo,0.823,-0.171,0.253,0.479
86406548767876,Gyro,-0.547,-3.767,-2.508,
86406552432346,pre,995.085,,,
86406556219333,acc,2.043,-1.911,-0.896,
86406556219333,Lacc,-2.980,-9.118,3.471,
86406556219333,GameRo,0.833,-0.169,0.209,0.483
86406568638502,Gyro,-0.598,-3.616,-3.118,
86406576091201,acc,2.105,-1.557,-1.662,
86406576091201,Lacc,-2.126,-9.114,2.945,
86406576091201,GameRo,0.842,-0.161,0.163,0.489
86406577461642,pre,995.085,,,
86406588503330,Gyro,-0.956,-3.392,-3.788,
86406595961317,acc,1.604,-0.276,-0.937,
86406595961317,Lacc,-1.716,-8.220,3.764,
86406595961317,GameRo,0.848,-0.146,0.114,0.497
86406602542779,pre,995.076,,,
86406608380527,Gyro,-1.467,-3.398,-4.361,
86406615832167,acc,-0.155,0.470,-0.124,
86406615832167,Lacc,-2.435,-7.869,4.514,
86406615832167,GameRo,0.849,-0.127,0.061,0.510
86406627573052,pre,995.076,,,
86406628251214,Gyro,-2.044,-3.654,-4.730,
86406635702406,acc,-1.586,-0.142,-0.188,
86406635702406,Lacc,-2.714,-8.838,4.210,
86406635702406,GameRo,0.844,-0.106,0.002,0.525
86406648121942,Gyro,-2.766,-3.973,-5.170,
86406652655653,pre,995.082,,,
86406655573735,acc,-2.882,-0.970,0.182,
86406655573735,Lacc,-2.743,-9.959,4.107,
86406655573735,GameRo,0.833,-0.083,-0.063,0.544
86406667992486,Gyro,-3.567,-4.155,-5.771,
86406675435296,acc,-4.693,-0.972,0.406,
86406675435296,Lacc,-3.190,-10.128,3.592,
86406675435296,GameRo,0.812,-0.054,-0.132,0.566
86406677712660,pre,995.118,,,
86406687864923,Gyro,-4.371,-3.645,-6.306,
86406695322026,acc,-7.560,-1.612,0.992,
86406695322026,Lacc,-4.698,-10.730,3.205,
86406695322026,GameRo,0.783,-0.015,-0.198,0.590
86406702781589,pre,995.152,,,
86406707734592,Gyro,-5.041,-2.391,-6.678,
86406715185927,acc,-12.120,-4.261,2.480,
86406715185927,Lacc,-7.975,-13.078,3.629,
86406715185927,GameRo,0.747,0.035,-0.254,0.614
86406727605320,Gyro,-5.185,-0.835,-6.913,
86406727800348,pre,995.152,,,
86406735058070,acc,-15.396,-6.385,6.970,
86406735058070,Lacc,-10.057,-14.611,7.197,
86406735058070,GameRo,0.709,0.096,-0.298,0.632
86406747476088,Gyro,-3.957,0.332,-7.172,
86406752873508,pre,995.137,,,
86406754935682,acc,-18.730,-7.866,8.964,
86406754935682,Lacc,-12.261,-15.236,8.670,
86406754935682,GameRo,0.678,0.161,-0.336,0.634
86406767346816,Gyro,-2.789,0.393,-7.547,
86406774798816,acc,-22.050,-8.726,9.078,
86406774798816,Lacc,-14.544,-15.013,8.468,
86406774798816,GameRo,0.648,0.222,-0.377,0.624
86406777913343,pre,995.146,,,
86406787218926,Gyro,-2.695,-0.433,-7.558,
86406794656690,acc,-24.134,-9.321,6.207,
86406794656690,Lacc,-15.784,-14.372,5.202,
86406794656690,GameRo,0.610,0.277,-0.420,0.612
86406802994724,pre,995.161,,,
86406807088678,Gyro,-3.048,-0.524,-7.337,
86406814541387,acc,-24.942,-10.855,5.152,
86406814541387,Lacc,-15.964,-14.569,3.792,
86406814541387,GameRo,0.567,0.330,-0.457,0.600
86406826934828,Gyro,-2.986,0.035,-7.014,
86406828027154,pre,995.164,,,
86406834411573,acc,-24.810,-11.536,5.820,
86406834411573,Lacc,-15.407,-13.893,4.311,
86406834411573,GameRo,0.526,0.383,-0.487,0.583
86406846830255,Gyro,-2.406,0.664,-6.618,
86406853082777,pre,995.167,,,
86406854280816,acc,-24.530,-13.550,5.893,
86406854280816,Lacc,-14.883,-14.594,4.449,
86406854280816,GameRo,0.490,0.431,-0.511,0.559
86406866700900,Gyro,-1.837,0.942,-6.405,
86406874153130,acc,-23.770,-14.447,5.007,
86406874153130,Lacc,-14.045,-14.211,3.736,
86406874153130,GameRo,0.457,0.476,-0.534,0.529
86406878137546,pre,995.195,,,
86406886572239,Gyro,-1.389,0.895,-6.335,
86406894023453,acc,-24.461,-15.080,3.692,
86406894023453,Lacc,-14.825,-13.594,2.611,
86406894023453,GameRo,0.424,0.515,-0.555,0.497
86406903220554,pre,995.228,,,
86406906442640,Gyro,-1.543,0.505,-6.145,
86406913869032,acc,-25.080,-14.629,3.876,
86406913869032,Lacc,-15.688,-11.958,2.939,
86406913869032,GameRo,0.386,0.551,-0.574,0.467
86406926303399,Gyro,-2.156,-0.273,-5.584,
86406928277765,pre,995.237,,,
86406933742261,acc,-23.308,-13.360,3.922,
86406933742261,Lacc,-14.269,-9.649,3.055,
86406933742261,GameRo,0.343,0.582,-0.588,0.446
86406946184299,Gyro,-2.656,-0.718,-4.761,
86406953334608,pre,995.228,,,
86406953623243,acc,-20.319,-12.763,3.773,
86406953623243,Lacc,-11.672,-8.195,2.997,
86406953623243,GameRo,0.299,0.609,-0.594,0.432
86406966055108,Gyro,-2.361,-0.385,-4.145,
86406973508462,acc,-19.239,-12.864,4.349,
86406973508462,Lacc,-10.993,-7.584,3.741,
86406973508462,GameRo,0.263,0.632,-0.598,0.416
86406978389784,pre,995.219,,,
86406985925957,Gyro,-1.094,0.262,-3.862,
86406993377841,acc,-19.503,-11.487,3.709,
86406993377841,Lacc,-11.676,-5.591,3.252,
86406993377841,GameRo,0.237,0.648,-0.607,0.393
86407003448378,pre,995.234,,,
86407005771783,Gyro,-0.152,0.587,-3.420,
86407013250173,acc,-18.888,-8.866,2.753,
86407013250173,Lacc,-11.459,-2.469,2.394,
86407013250173,GameRo,0.220,0.658,-0.618,0.369
86407025667819,Gyro,-0.046,0.521,-2.718,
86407028502984,pre,995.262,,,
86407033119865,acc,-17.520,-7.520,3.084,
86407033119865,Lacc,-10.424,-0.752,2.801,
86407033119865,GameRo,0.205,0.666,-0.626,0.350
86407045538507,Gyro,-0.363,0.041,-2.094,
86407052990708,acc,-15.583,-7.417,4.381,
86407052990708,Lacc,-8.760,-0.373,4.147,
86407052990708,GameRo,0.190,0.672,-0.630,0.339
86407053535333,pre,995.262,,,
86407065409254,Gyro,-0.687,-0.744,-1.715,
86407072861180,acc,-14.015,-6.803,5.478,
86407072861180,Lacc,-7.429,0.463,5.227,
86407072861180,GameRo,0.171,0.677,-0.632,0.336
86407078640517,pre,995.256,,,
86407085281325,Gyro,-0.795,-1.643,-1.421,
86407092731744,acc,-12.879,-6.197,6.320,
86407092731744,Lacc,-6.502,1.249,5.950,
86407092731744,GameRo,0.148,0.678,-0.634,0.341
86407103674941,pre,995.310,,,
86407105151034,Gyro,-0.649,-2.439,-1.193,
86407112602879,acc,-12.920,-5.274,5.874,
86407112602879,Lacc,-6.738,2.319,5.272,
86407112602879,GameRo,0.122,0.674,-0.638,0.352
86407125027764,Gyro,-0.729,-3.396,-1.006,
86407128708917,pre,995.359,,,
86407132473321,acc,-13.714,-2.902,2.215,
86407132473321,Lacc,-7.727,4.815,1.305,
86407132473321,GameRo,0.090,0.667,-0.640,0.371
86407144892409,Gyro,-1.211,-3.786,-0.475,
86407152344456,acc,-12.963,-1.817,-0.177,
86407152344456,Lacc,-7.106,5.968,-1.331,
86407152344456,GameRo,0.059,0.662,-0.635,0.394
86407153761569,pre,995.323,,,
86407164763400,Gyro,-1.451,-3.272,0.114,
86407172189629,acc,-11.465,-2.542,-0.596,
86407172189629,Lacc,-5.647,5.251,-1.883,
86407172189629,GameRo,0.035,0.658,-0.626,0.417
86407178842176,pre,995.231,,,
86407184634637,Gyro,-1.297,-2.225,0.557,
86407192086114,acc,-9.939,-3.623,-1.148,
86407192086114,Lacc,-4.064,4.122,-2.471,
86407192086114,GameRo,0.023,0.657,-0.615,0.434
86407203872491,pre,995.201,,,
86407204505344,Gyro,-0.650,-0.780,0.928,
86407211956719,acc,-8.221,-5.834,0.257,
86407211956719,Lacc,-2.084,1.717,-0.983,
86407211956719,GameRo,0.032,0.660,-0.604,0.445
86407224376418,Gyro,-0.064,0.228,0.925,
86407228955255,pre,995.246,,,
86407231802423,acc,-6.528,-8.034,1.003,
86407231802423,Lacc,-0.249,-0.593,-0.193,
86407231802423,GameRo,0.040,0.661,-0.601,0.448
86407244246758,Gyro,0.335,0.878,0.482,
86407251698500,acc,-6.378,-8.323,0.943,
86407251698500,Lacc,-0.017,-0.941,-0.190,
86407251698500,GameRo,0.050,0.663,-0.601,0.443
86407254011204,pre,995.292,,,
86407264104892,Gyro,0.727,1.267,0.178,
86407271557713,acc,-6.336,-7.716,0.483,
86407271557713,Lacc,0.074,-0.369,-0.597,
86407271557713,GameRo,0.063,0.664,-0.605,0.435
86407279060317,pre,995.280,,,
86407283989454,Gyro,0.932,1.451,0.089,
86407291414524,acc,-6.255,-7.545,0.360,
86407291414524,Lacc,0.196,-0.226,-0.668,
86407291414524,GameRo,0.076,0.665,-0.610,0.425
86407303846571,Gyro,0.817,1.310,-0.010,
86407311293308,acc,-6.279,-7.587,0.462,
86407311293308,Lacc,0.193,-0.279,-0.515,
86407311293308,GameRo,0.087,0.665,-0.614,0.416
86407304099461,pre,995.243,,,
86407323714023,Gyro,0.532,0.941,-0.078,
86407329182346,pre,995.240,,,
86407331181858,acc,-5.815,-7.865,0.751,
86407331181858,Lacc,0.655,-0.550,-0.183,
86407331181858,GameRo,0.093,0.666,-0.617,0.409
86407343600742,Gyro,0.277,0.653,-0.095,
86407351052463,acc,-4.752,-8.367,0.033,
86407351052463,Lacc,1.585,-0.924,-0.781,
86407351052463,GameRo,0.092,0.671,-0.620,0.397
86407354239108,pre,995.243,,,
86407363471652,Gyro,0.271,0.892,-0.131,
86407370907199,acc,-4.258,-8.378,-0.381,
86407370907199,Lacc,2.034,-0.885,-1.089,
86407370907199,GameRo,0.097,0.674,-0.622,0.387
86407379293674,pre,995.225,,,
86407383330132,Gyro,0.431,1.462,-0.179,
86407390794122,acc,-4.868,-7.631,-0.240,
86407390794122,Lacc,1.414,-0.119,-0.818,
86407390794122,GameRo,0.107,0.678,-0.624,0.374
86407403201429,Gyro,0.484,1.814,-0.023,
86407404325860,pre,995.191,,,
86407410634293,acc,-6.491,-7.261,0.596,
86407410634293,Lacc,-0.185,0.241,0.176,
86407410634293,GameRo,0.120,0.681,-0.625,0.362
86407423085382,Gyro,0.272,1.502,0.281,
86407429407932,pre,995.225,,,
86407430535760,acc,-6.119,-7.578,0.943,
86407430535760,Lacc,0.247,-0.119,0.669,
86407430535760,GameRo,0.132,0.685,-0.624,0.354
86407442954888,Gyro,0.064,1.271,0.516,
86407450406792,acc,-5.706,-8.463,0.420,
86407450406792,Lacc,0.738,-1.067,0.297,
86407450406792,GameRo,0.143,0.688,-0.620,0.348
86407454440281,pre,995.286,,,
86407462825982,Gyro,0.084,1.347,0.553,
86407470277724,acc,-5.483,-8.885,0.978,
86407470277724,Lacc,1.037,-1.556,1.012,
86407470277724,GameRo,0.155,0.691,-0.617,0.342
86407479522434,pre,995.307,,,
86407482696791,Gyro,0.242,1.295,0.530,
86407490146681,acc,-5.056,-8.700,1.522,
86407490146681,Lacc,1.492,-1.396,1.629,
86407490146681,GameRo,0.164,0.692,-0.618,0.336
86407502567763,Gyro,0.406,0.988,0.506,
86407504580947,pre,995.258,,,
86407510008152,acc,-4.529,-8.881,0.827,
86407522402790,Gyro,0.477,0.743,0.437,
86407510008152,Lacc,1.935,-1.502,0.914,
86407510008152,GameRo,0.166,0.691,-0.623,0.327
86407529638767,pre,995.194,,,
86407529890801,acc,-4.175,-8.880,-0.211,
86407529890801,Lacc,1.918,-1.192,-0.078,
86407529890801,GameRo,0.155,0.695,-0.632,0.306
86407542308974,Gyro,0.404,0.664,0.336,
86407549760695,acc,-4.136,-8.749,-0.659,
86407549760695,Lacc,1.828,-0.962,-0.453,
86407549760695,GameRo,0.155,0.697,-0.634,0.295
86407554697157,pre,995.188,,,
86407562179904,Gyro,0.283,0.610,0.255,
86407569618787,acc,-4.167,-8.662,-0.409,
86407569618787,Lacc,1.737,-0.831,-0.163,
86407569618787,GameRo,0.157,0.699,-0.636,0.288
86407579733005,pre,995.216,,,
86407582051243,Gyro,0.154,0.346,0.225,
86407589509413,acc,-4.061,-8.787,-0.503,
86407589509413,Lacc,1.733,-0.876,-0.220,
86407589509413,GameRo,0.154,0.700,-0.638,0.281
86407601921441,Gyro,-0.089,-0.051,0.176,
86407604821465,pre,995.213,,,
86407609362460,acc,-3.919,-8.944,-0.857,
86407609362460,Lacc,1.651,-0.877,-0.479,
86407609362460,GameRo,0.144,0.706,-0.638,0.272
86407621793308,Gyro,-0.463,-0.412,0.093,
86407629868870,pre,995.182,,,
86407629218417,acc,-3.770,-8.681,-0.905,
86407629218417,Lacc,1.778,-0.602,-0.481,
86407629218417,GameRo,0.138,0.709,-0.635,0.275
86407641663506,Gyro,-0.783,-0.641,0.045,
86407649102939,acc,-3.972,-8.581,-0.586,
86407649102939,Lacc,1.561,-0.495,-0.101,
86407649102939,GameRo,0.131,0.712,-0.630,0.280
86407654901096,pre,995.219,,,
86407661533868,Gyro,-0.865,-0.733,0.087,
86407668989576,acc,-4.118,-8.968,-0.126,
86407668989576,Lacc,1.306,-0.809,0.375,
86407668989576,GameRo,0.120,0.715,-0.629,0.281
86407679982843,pre,995.271,,,
86407681405410,Gyro,-0.780,-0.828,0.126,
86407688857090,acc,-4.146,-9.752,-0.158,
86407688857090,Lacc,1.305,-1.614,0.374,
86407688857090,GameRo,0.114,0.717,-0.624,0.288
86407701250095,Gyro,-0.667,-0.919,0.052,
86407705015029,pre,995.274,,,
86407708725294,acc,-4.179,-10.288,-0.362,
86407708725294,Lacc,1.286,-2.159,0.172,
86407708725294,GameRo,0.106,0.718,-0.621,0.296
86407721146417,Gyro,-0.586,-1.052,-0.143,
86407730097303,pre,995.216,,,
86407728573175,acc,-4.046,-10.458,-1.051,
86407728573175,Lacc,1.400,-2.314,-0.540,
86407728573175,GameRo,0.097,0.719,-0.618,0.303
86407741017388,Gyro,-0.595,-1.090,-0.445,
86407748469191,acc,-3.907,-10.059,-1.558,
86407748469191,Lacc,1.466,-1.866,-1.065,
86407748469191,GameRo,0.084,0.720,-0.616,0.308
86407755154758,pre,995.207,,,
86407760888157,Gyro,-0.659,-0.993,-0.786,
86407768329380,acc,-4.310,-9.102,-1.611,
86407768329380,Lacc,0.919,-0.818,-1.095,
86407768329380,GameRo,0.070,0.722,-0.615,0.310
86407780737156,Gyro,-0.684,-0.764,-1.007,
86407780214288,pre,995.243,,,
86407788211805,acc,-4.995,-7.986,-1.379,
86407788211805,Lacc,0.071,0.397,-0.822,
86407788211805,GameRo,0.056,0.725,-0.613,0.309
86407800629612,Gyro,-0.669,-0.525,-1.025,
86407805248834,pre,995.237,,,
86407808069045,acc,-5.434,-7.547,-1.112,
86407808069045,Lacc,-0.533,0.929,-0.490,
86407808069045,GameRo,0.043,0.728,-0.612,0.307
86407820493381,Gyro,-0.666,-0.322,-0.993,
86407827952121,acc,-5.682,-7.644,-0.928,
86407827952121,Lacc,-0.919,0.902,-0.214,
86407827952121,GameRo,0.033,0.732,-0.609,0.304
86407830329563,pre,995.201,,,
86407840364414,Gyro,-0.689,-0.132,-1.014,
86407847822849,acc,-6.008,-7.888,-0.834,
86407847822849,Lacc,-1.328,0.695,-0.009,
86407847822849,GameRo,0.026,0.736,-0.605,0.303
86407855362156,pre,995.194,,,
86407860230238,Gyro,-0.711,0.095,-1.111,
86407867693902,acc,-6.531,-7.786,-0.474,
86407867693902,Lacc,-2.016,0.870,0.478,
86407867693902,GameRo,0.017,0.740,-0.603,0.297
86407880445978,pre,995.228,,,
86407880113092,Gyro,-0.729,0.315,-1.177,
86407887564752,acc,-7.140,-7.422,0.258,
86407887564752,Lacc,-2.815,1.315,1.356,
86407887564752,GameRo,0.009,0.746,-0.601,0.288
86407899984144,Gyro,-0.725,0.384,-1.187,
86407905478489,pre,995.234,,,
86407907425143,acc,-7.685,-7.304,0.913,
86407907425143,Lacc,-3.572,1.513,2.168,
86407907425143,GameRo,0.001,0.751,-0.599,0.279
86407919855239,Gyro,-0.661,0.323,-1.154,
86407927306675,acc,-8.018,-6.961,1.492,
86407927306675,Lacc,-4.112,1.930,2.883,
86407927306675,GameRo,-0.008,0.756,-0.597,0.270
86407930537408,pre,995.216,,,
86407939726210,Gyro,-0.552,0.118,-1.069,
86407947177015,acc,-8.215,-6.541,1.551,
86407947177015,Lacc,-4.491,2.412,3.038,
86407947177015,GameRo,-0.016,0.759,-0.596,0.263
86407955620538,pre,995.197,,,
86407959596408,Gyro,-0.429,-0.101,-0.886,
86407967048069,acc,-8.116,-6.301,1.150,
86407967048069,Lacc,-4.507,2.691,2.683,
86407967048069,GameRo,-0.023,0.760,-0.595,0.260
86407980678358,pre,995.194,,,
86407979455132,Gyro,-0.330,-0.207,-0.698,
86407986920464,acc,-7.894,-6.225,0.841,
86407986920464,Lacc,-4.252,2.759,2.349,
86407986920464,GameRo,-0.025,0.759,-0.594,0.264
86407999338189,Gyro,-0.234,-0.219,-0.575,
86408006793430,acc,-7.938,-6.263,0.862,
86408005715102,pre,995.194,,,
86408006793430,Lacc,-4.290,2.721,2.347,
86408006793430,GameRo,-0.028,0.758,-0.594,0.267
86408019173441,Gyro,-0.139,-0.303,-0.486,
86408026637871,acc,-8.055,-6.286,0.640,
86408026637871,Lacc,-4.422,2.709,2.101,
86408026637871,GameRo,-0.032,0.757,-0.594,0.269
86408030794976,pre,995.201,,,
86408039088434,Gyro,-0.146,-0.451,-0.387,
86408055828465,pre,995.213,,,
86408058966281,acc,-7.950,-6.354,0.048,
86408058966281,Gyro,-0.256,-0.537,-0.313,
86408058966281,Lacc,-4.307,2.640,1.482,
86408058966281,GameRo,-0.038,0.756,-0.593,0.275
86408078838311,acc,-8.022,-6.559,-0.031,
86408078838311,Gyro,-0.321,-0.504,-0.320,
86408078838311,Lacc,-4.391,2.438,1.414,
86408078838311,GameRo,-0.043,0.756,-0.590,0.279
86408080912368,pre,995.210,,,
86408098693820,acc,-8.633,-6.371,0.147,
86408098693820,Gyro,-0.242,-0.346,-0.402,
86408098693820,Lacc,-5.053,2.644,1.613,
86408098693820,GameRo,-0.049,0.757,-0.589,0.280
86408105943169,pre,995.201,,,
86408118563735,acc,-9.849,-5.953,0.427,
86408118563735,Gyro,-0.171,-0.191,-0.399,
86408118563735,Lacc,-6.336,3.086,1.908,
86408118563735,GameRo,-0.054,0.757,-0.589,0.279
86408131028252,pre,995.210,,,
86408138450127,acc,-10.926,-5.778,0.306,
86408138450127,Gyro,-0.224,-0.009,-0.252,
86408138450127,Lacc,-7.464,3.277,1.814,
86408138450127,GameRo,-0.057,0.757,-0.588,0.278
86408156085056,pre,995.234,,,
86408158305556,acc,-11.970,-6.548,-0.158,
86408158305556,Gyro,-0.385,0.275,-0.002,
86408158305556,Lacc,-8.528,2.502,1.420,
86408158305556,GameRo,-0.058,0.760,-0.586,0.276
86408178183729,acc,-13.371,-6.655,0.088,
86408178183729,Gyro,-0.551,0.485,0.460,
86408178183729,Lacc,-9.894,2.359,1.789,
86408178183729,GameRo,-0.055,0.764,-0.582,0.274
86408181140557,pre,995.240,,,
86408198046930,acc,-14.007,-7.321,0.563,
86408198046930,Gyro,-0.624,0.279,1.209,
86408198046930,Lacc,-10.370,1.602,2.402,
86408198046930,GameRo,-0.046,0.769,-0.575,0.276
86408206195408,pre,995.219,,,
86408217917779,acc,-12.797,-8.867,0.038,
86408217917779,Gyro,-0.601,-0.193,1.724,
86408217917779,Lacc,-8.870,-0.090,1.984,
86408217917779,GameRo,-0.036,0.773,-0.565,0.285
86408231253595,pre,995.197,,,
86408237783258,acc,-10.555,-9.600,-1.244,
86408237783258,Gyro,-0.498,-0.428,1.820,
86408237783258,Lacc,-6.290,-0.996,0.759,
86408237783258,GameRo,-0.025,0.776,-0.556,0.299
86408256286717,pre,995.197,,,
86408257634780,acc,-8.808,-8.804,-1.960,
86408257634780,Gyro,-0.401,-0.237,1.706,
86408257634780,Lacc,-4.232,-0.372,0.084,
86408257634780,GameRo,-0.015,0.777,-0.547,0.311
86408277530246,acc,-8.533,-7.296,-1.847,
86408277530246,Gyro,-0.223,0.234,1.751,
86408277530246,Lacc,-3.676,0.965,0.254,
86408277530246,GameRo,-0.003,0.779,-0.539,0.320
86408281368667,pre,995.204,,,
86408297402032,acc,-8.962,-6.797,-1.051,
86408297402032,Gyro,0.287,0.815,2.052,
86408297402032,Lacc,-3.818,1.274,1.101,
86408297402032,GameRo,0.016,0.781,-0.534,0.325
86408306400933,pre,995.194,,,
86408317272312,acc,-8.961,-6.827,-0.739,
86408317272312,Gyro,0.993,1.309,2.474,
86408317272312,Lacc,-3.497,1.031,1.412,
86408317272312,GameRo,0.043,0.780,-0.532,0.328
86408331481744,pre,995.213,,,
86408337143976,acc,-8.881,-7.386,-0.976,
86408337143976,Gyro,1.421,1.787,2.940,
86408337143976,Lacc,-3.056,0.215,1.152,
86408337143976,GameRo,0.078,0.776,-0.532,0.329
86408356988376,acc,-9.189,-8.466,-0.306,
86408356988376,Gyro,1.582,2.172,3.349,
86408356988376,Lacc,-2.972,-1.187,1.841,
86408356988376,GameRo,0.119,0.772,-0.531,0.329
86408356514499,pre,995.231,,,
86408376880426,acc,-9.490,-9.129,1.004,
86408376880426,Gyro,1.719,2.181,3.659,
86408376880426,Lacc,-2.867,-2.233,3.199,
86408376880426,GameRo,0.163,0.765,-0.529,0.328
86408381596531,pre,995.222,,,
86408396755507,acc,-9.614,-9.623,1.603,
86408396755507,Gyro,1.764,1.889,3.931,
86408396755507,Lacc,-2.568,-3.174,3.836,
86408396755507,GameRo,0.209,0.755,-0.527,0.330
86408406653212,pre,995.201,,,
86408416625950,acc,-9.749,-10.605,1.652,
86408416625950,Gyro,1.660,1.375,4.115,
86408416625950,Lacc,-2.271,-4.666,3.897,
86408416625950,GameRo,0.253,0.742,-0.522,0.336
86408431721287,pre,995.210,,,
86408436496880,acc,-9.085,-11.078,1.625,
86408436496880,Gyro,1.562,0.799,4.098,
86408436496880,Lacc,-1.184,-5.701,3.839,
86408436496880,GameRo,0.293,0.726,-0.517,0.346
86408456343032,acc,-8.143,-10.738,1.466,
86408456343032,Gyro,1.629,0.333,3.867,
86408456343032,Lacc,0.139,-5.928,3.591,
86408456343032,GameRo,0.329,0.707,-0.513,0.358
86408456739475,pre,995.249,,,
86408476258070,acc,-7.361,-9.889,0.965,
86408476258070,Gyro,1.796,0.025,3.566,
86408476258070,Lacc,1.246,-5.620,2.948,
86408476258070,GameRo,0.361,0.686,-0.512,0.370
86408481797581,pre,995.277,,,
86408496109633,acc,-6.744,-8.898,0.512,
86408496109633,Gyro,1.925,-0.168,3.261,
86408496109633,Lacc,2.134,-5.137,2.321,
86408496109633,GameRo,0.390,0.663,-0.513,0.381
86408506881565,pre,995.265,,,
86408515980726,acc,-6.440,-8.073,0.164,
86408515980726,Gyro,1.971,-0.321,3.025,
86408515980726,Lacc,2.647,-4.745,1.771,
86408515980726,GameRo,0.414,0.640,-0.517,0.389
86408531939996,pre,995.249,,,
86408535851983,acc,-6.148,-7.579,-0.161,
86408535851983,Gyro,1.964,-0.469,2.861,
86408535851983,Lacc,2.881,-3.960,1.115,
86408535851983,GameRo,0.414,0.628,-0.542,0.376
86408555704563,acc,-5.574,-7.294,-0.763,
86408555704563,Gyro,1.920,-0.483,2.681,
86408555704563,Lacc,3.642,-4.101,0.290,
86408555704563,GameRo,0.434,0.604,-0.546,0.385
86408556972507,pre,995.231,,,
86408575570367,acc,-4.988,-7.262,-1.393,
86408575570367,Gyro,1.845,-0.349,2.397,
86408575570367,Lacc,4.382,-4.490,-0.526,
86408575570367,GameRo,0.454,0.582,-0.549,0.393
86408582055963,pre,995.213,,,
86408595438124,acc,-4.323,-7.298,-2.063,
86408595438124,Gyro,1.712,-0.072,1.969,
86408595438124,Lacc,5.158,-4.891,-1.319,
86408595438124,GameRo,0.472,0.562,-0.552,0.397
86408607112278,pre,995.197,,,
86408615335138,acc,-4.038,-6.749,-2.338,
86408615335138,Gyro,1.481,0.276,1.525,
86408615335138,Lacc,5.514,-4.629,-1.631,
86408615335138,GameRo,0.488,0.546,-0.553,0.398
86408632166884,pre,995.222,,,
86408635205783,acc,-4.121,-6.115,-2.193,
86408635205783,Gyro,1.190,0.572,1.156,
86408635205783,Lacc,5.474,-4.213,-1.442,
86408635205783,GameRo,0.502,0.535,-0.553,0.395
86408655051202,acc,-4.412,-5.896,-1.691,
86408655051202,Gyro,0.921,0.722,0.848,
86408655051202,Lacc,5.204,-4.153,-0.841,
86408655051202,GameRo,0.515,0.528,-0.551,0.392
86408657196873,pre,995.262,,,
86408674946954,acc,-4.687,-6.077,-1.335,
86408674946954,Gyro,0.735,0.745,0.552,
86408674946954,Lacc,4.937,-4.440,-0.367,
86408674946954,GameRo,0.525,0.523,-0.548,0.387
86408682278659,pre,995.252,,,
86408694818373,acc,-5.060,-6.844,-1.786,
86408694818373,Gyro,0.557,0.731,0.193,
86408694818373,Lacc,4.558,-5.251,-0.696,
86408694818373,GameRo,0.533,0.521,-0.547,0.382
86408707338311,pre,995.234,,,
86408714688938,acc,-5.772,-7.620,-1.950,
86408714688938,Gyro,0.308,0.667,-0.212,
86408714688938,Lacc,3.607,-5.097,-0.568,
86408714688938,GameRo,0.513,0.555,-0.555,0.349
86408732395684,pre,995.231,,,
86408734534438,acc,-6.336,-8.071,-1.990,
86408734534438,Gyro,0.036,0.541,-0.602,
86408734534438,Lacc,2.995,-5.432,-0.502,
86408734534438,GameRo,0.513,0.559,-0.554,0.342
86408754430393,acc,-6.930,-8.449,-2.017,
86408754430393,Gyro,-0.303,0.413,-0.972,
86408754430393,Lacc,2.339,-5.654,-0.435,
86408754430393,GameRo,0.510,0.566,-0.554,0.336
86408757426527,pre,995.249,,,
86408774302056,acc,-7.822,-9.309,-1.842,
86408774302056,Gyro,-0.704,0.188,-1.297,
86408774302056,Lacc,1.368,-6.310,-0.175,
86408774302056,GameRo,0.503,0.576,-0.553,0.330
86408782498997,pre,995.249,,,
86408794173029,acc,-8.298,-10.241,-1.614,
86408794173029,Gyro,-1.117,-0.168,-1.645,
86408794173029,Lacc,0.798,-6.994,0.105,
86408794173029,GameRo,0.490,0.589,-0.553,0.327
86408807565810,pre,995.222,,,
86408814043389,acc,-8.531,-10.806,-1.610,
86408814043389,Gyro,-1.456,-0.440,-2.046,
86408814043389,Lacc,0.448,-7.260,0.133,
86408814043389,GameRo,0.472,0.605,-0.553,0.325
86408832625991,pre,995.173,,,
86408833888768,acc,-8.441,-10.892,-1.715,
86408833888768,Gyro,-1.658,-0.554,-2.510,
86408833888768,Lacc,0.382,-6.983,0.052,
86408833888768,GameRo,0.450,0.623,-0.553,0.323
86408853785292,acc,-8.383,-9.690,-1.556,
86408853785292,Gyro,-1.740,-0.531,-2.953,
86408853785292,Lacc,0.226,-5.350,0.256,
86408853785292,GameRo,0.423,0.643,-0.553,0.318
86408857684747,pre,995.158,,,
86408873655166,acc,-9.190,-9.187,-1.139,
86408873655166,Gyro,-1.549,-0.457,-3.288,
86408873655166,Lacc,-0.855,-4.368,0.743,
86408873655166,GameRo,0.394,0.664,-0.555,0.310
86408882720350,pre,995.194,,,
86408893527154,acc,-10.222,-8.949,-0.942,
86408893527154,Gyro,-0.954,-0.440,-3.571,
86408893527154,Lacc,-2.222,-3.609,0.988,
86408893527154,GameRo,0.365,0.682,-0.559,0.299
86408907801242,pre,995.252,,,
86408913378839,acc,-11.287,-8.104,-1.689,
86408913378839,Gyro,-0.187,-0.410,-3.755,
86408913378839,Lacc,-3.688,-2.201,0.220,
86408913378839,GameRo,0.336,0.696,-0.568,0.282
86408933252537,acc,-12.126,-6.558,-2.858,
86408933252537,Gyro,0.262,-0.379,-3.647,
86408933252537,Lacc,-4.970,-0.102,-1.030,
86408933252537,GameRo,0.308,0.706,-0.581,0.263
86408932859836,pre,995.277,,,
86408953139541,acc,-12.216,-5.079,-3.839,
86408953139541,Gyro,0.144,-0.371,-3.171,
86408953139541,Lacc,-5.495,1.851,-2.096,
86408953139541,GameRo,0.283,0.713,-0.593,0.245
86408957916111,pre,995.271,,,
86408973010227,acc,-11.412,-4.198,-4.055,
86408973010227,Gyro,-0.363,-0.372,-2.498,
86408973010227,Lacc,-5.059,3.077,-2.335,
86408973010227,GameRo,0.261,0.721,-0.599,0.232
86408982963922,pre,995.262,,,
86408992880182,acc,-10.166,-3.735,-2.821,
86408992880182,Gyro,-0.782,-0.367,-1.880,
86408992880182,Lacc,-4.099,3.766,-1.043,
86408992880182,GameRo,0.243,0.729,-0.599,0.225
86409008010756,pre,995.249,,,
86409012751275,acc,-8.842,-3.501,-1.485,
86409012751275,Gyro,-0.802,-0.376,-1.462,
86409012751275,Lacc,-2.707,3.927,0.368,
86409012751275,GameRo,0.237,0.734,-0.592,0.235
86409032622369,acc,-7.712,-3.700,-1.426,
86409032622369,Gyro,-0.836,-0.651,-1.327,
86409032622369,Lacc,-1.754,3.858,0.475,
86409032622369,GameRo,0.222,0.740,-0.590,0.233
86409033062311,pre,995.249,,,
86409052493829,acc,-6.516,-4.488,-1.243,
86409052493829,Gyro,-0.685,-0.376,-1.294,
86409052493829,Lacc,-0.729,3.186,0.722,
86409052493829,GameRo,0.208,0.746,-0.589,0.231
86409058143528,pre,995.274,,,
86409072363702,acc,-6.482,-4.754,-1.301,
86409072363702,Gyro,-0.484,-0.273,-1.474,
86409072363702,Lacc,-0.900,3.058,0.710,
86409072363702,GameRo,0.195,0.751,-0.589,0.226
86409083198825,pre,995.286,,,
86409092235447,acc,-6.917,-5.059,-1.681,
86409092235447,Gyro,-0.465,-0.056,-1.537,
86409092235447,Lacc,-1.569,2.901,0.387,
86409092235447,GameRo,0.181,0.757,-0.589,0.219
86409108253838,pre,995.246,,,
86409112112726,acc,-7.336,-5.460,-1.344,
86409112112726,Gyro,-0.440,0.131,-1.553,
86409112112726,Lacc,-2.214,2.628,0.800,
86409112112726,GameRo,0.170,0.762,-0.588,0.211
86409131976169,acc,-7.533,-6.191,-1.172,
86409131976169,Gyro,-0.343,0.355,-1.593,
86409131976169,Lacc,-2.128,1.745,0.838,
86409131976169,GameRo,0.178,0.756,-0.589,0.226
86409133284153,pre,995.170,,,
86409151848484,acc,-7.816,-6.520,-0.851,
86409151848484,Gyro,-0.127,0.641,-1.730,
86409151848484,Lacc,-2.655,1.559,1.230,
86409151848484,GameRo,0.169,0.760,-0.590,0.215
86409158366550,pre,995.170,,,
86409171692681,acc,-8.578,-6.112,-0.512,
86409171692681,Gyro,0.180,0.888,-1.861,
86409171692681,Lacc,-3.741,2.147,1.635,
86409171692681,GameRo,0.161,0.764,-0.593,0.198
86409183424371,pre,995.234,,,
86409191589939,acc,-9.356,-5.344,-0.438,
86409191589939,Gyro,0.366,0.908,-1.845,
86409191589939,Lacc,-4.868,3.103,1.738,
86409191589939,GameRo,0.153,0.767,-0.597,0.179
86409208479832,pre,995.246,,,
86409211459812,acc,-9.920,-5.057,-0.465,
86409211459812,Gyro,0.302,0.742,-1.724,
86409211459812,Lacc,-5.764,3.556,1.720,
86409211459812,GameRo,0.145,0.768,-0.602,0.162
86409231330540,acc,-10.676,-5.023,-0.189,
86409231330540,Gyro,0.161,0.445,-1.587,
86409231330540,Lacc,-6.823,3.727,2.006,
86409231330540,GameRo,0.136,0.770,-0.605,0.148
86409233535048,pre,995.219,,,
86409251202284,acc,-11.557,-4.530,0.028,
86409251202284,Gyro,0.012,-0.021,-1.385,
86409251202284,Lacc,-7.963,4.330,2.221,
86409251202284,GameRo,0.126,0.772,-0.608,0.138
86409258591445,pre,995.210,,,
86409271072524,acc,-12.101,-3.981,-0.260,
86409271072524,Gyro,-0.281,-0.573,-0.994,
86409271072524,Lacc,-8.690,4.951,1.934,
86409271072524,GameRo,0.115,0.774,-0.608,0.135
86409283647434,pre,995.219,,,
86409290921359,acc,-11.863,-3.612,-0.437,
86409290921359,Gyro,-0.600,-1.035,-0.491,
86409290921359,Lacc,-8.522,5.340,1.787,
86409290921359,GameRo,0.103,0.776,-0.606,0.139
86409308702447,pre,995.210,,,
86409310788344,acc,-12.243,-4.066,-0.503,
86409310788344,Gyro,-0.681,-1.236,0.068,
86409310788344,Lacc,-8.865,4.861,1.765,
86409310788344,GameRo,0.094,0.779,-0.602,0.148
86409330684910,acc,-12.974,-6.104,-0.726,
86409330684910,Gyro,-0.458,-1.260,0.632,
86409330684910,Lacc,-9.451,2.763,1.555,
86409330684910,GameRo,0.090,0.780,-0.598,0.161
86409333759128,pre,995.201,,,
86409350555434,acc,-12.661,-7.803,-1.335,
86409350555434,Gyro,-0.107,-1.124,0.976,
86409350555434,Lacc,-8.921,0.987,0.898,
86409350555434,GameRo,0.089,0.778,-0.596,0.176
86409358815606,pre,995.210,,,
86409370426162,acc,-11.751,-7.483,-1.682,
86409370426162,Gyro,0.172,-0.900,1.119,
86409370426162,Lacc,-7.777,1.227,0.458,
86409370426162,GameRo,0.092,0.775,-0.596,0.190
86409383870375,pre,995.222,,,
86409390297418,acc,-11.276,-6.508,-1.921,
86409390297418,Gyro,0.264,-0.674,1.337,
86409390297418,Lacc,-7.053,2.110,0.112,
86409390297418,GameRo,0.098,0.771,-0.596,0.203
86409408927423,pre,995.213,,,
86409410169204,acc,-11.058,-6.562,-1.805,
86409410169204,Gyro,0.255,-0.370,1.659,
86409410169204,Lacc,-6.550,1.930,0.144,
86409410169204,GameRo,0.108,0.767,-0.595,0.216
86409430038914,acc,-10.858,-6.905,-1.216,
86409430038914,Gyro,0.420,-0.058,1.959,
86409430038914,Lacc,-6.029,1.424,0.663,
86409430038914,GameRo,0.122,0.762,-0.594,0.228
86409433981907,pre,995.210,,,
86409449887221,acc,-10.496,-6.946,-0.806,
86409449887221,Gyro,0.725,0.230,2.220,
86409449887221,Lacc,-5.319,1.192,0.985,
86409449887221,GameRo,0.141,0.756,-0.593,0.239
86409459034152,pre,995.198,,,
86409469781671,acc,-10.082,-7.208,-0.790,
86409469781671,Gyro,0.910,0.395,2.455,
86409469781671,Lacc,-4.534,0.705,0.898,
86409469781671,GameRo,0.163,0.748,-0.593,0.249
86409484090061,pre,995.195,,,
86409489626235,acc,-9.549,-7.739,-0.849,
86409489626235,Gyro,0.937,0.532,2.581,
86409489626235,Lacc,-3.620,-0.089,0.748,
86409489626235,GameRo,0.187,0.739,-0.593,0.259
86409509501357,acc,-9.203,-7.784,-0.574,
86409509501357,Gyro,1.010,0.701,2.620,
86409509501357,Lacc,-2.903,-0.422,0.957,
86409509501357,GameRo,0.212,0.730,-0.592,0.268
86409509148085,pre,995.219,,,
86409529392959,acc,-9.196,-7.610,-0.338,
86409529392959,Gyro,1.128,0.820,2.653,
86409529392959,Lacc,-2.541,-0.555,1.138,
86409529392959,GameRo,0.239,0.720,-0.591,0.275
86409534202895,pre,995.240,,,
86409549264092,acc,-9.115,-7.337,-0.256,
86409549264092,Gyro,1.163,0.781,2.714,
86409549264092,Lacc,-2.114,-0.614,1.170,
86409549264092,GameRo,0.266,0.708,-0.590,0.282
86409559234145,pre,995.243,,,
86409569135105,acc,-8.864,-7.166,-0.385,
86409569135105,Gyro,1.048,0.584,2.774,
86409569135105,Lacc,-1.523,-0.805,0.990,
86409569135105,GameRo,0.293,0.696,-0.588,0.290
86409584287897,pre,995.231,,,
86409589006239,acc,-8.430,-7.253,-0.614,
86409589006239,Gyro,0.777,0.343,2.794,
86409589006239,Lacc,-0.758,-1.286,0.716,
86409589006239,GameRo,0.317,0.684,-0.584,0.301
86409608876601,acc,-8.041,-7.080,-0.469,
86409608876601,Gyro,0.563,0.135,2.751,
86409608876601,Lacc,-0.057,-1.527,0.820,
86409608876601,GameRo,0.338,0.672,-0.579,0.314
86409609344334,pre,995.216,,,
86409628747491,acc,-8.072,-6.894,-0.350,
86409628747491,Gyro,0.557,-0.016,2.721,
86409628747491,Lacc,0.198,-1.765,0.885,
86409628747491,GameRo,0.358,0.659,-0.574,0.327
86409634427260,pre,995.191,,,
86409648618341,acc,-8.245,-7.085,-0.777,
86409648618341,Gyro,0.627,-0.096,2.739,
86409648618341,Lacc,0.293,-2.396,0.383,
86409648618341,GameRo,0.377,0.646,-0.570,0.341
86409659481255,pre,995.176,,,
86409668489149,acc,-8.432,-7.567,-1.265,
86409668489149,Gyro,0.616,-0.072,2.752,
86409668489149,Lacc,0.350,-3.335,-0.176,
86409668489149,GameRo,0.396,0.631,-0.564,0.355
86409684537164,pre,995.167,,,
86409688360162,acc,-8.408,-7.887,-1.257,
86409688360162,Gyro,0.498,-0.129,2.755,
86409688360162,Lacc,0.595,-4.130,-0.227,
86409688360162,GameRo,0.415,0.617,-0.558,0.368
86409708231133,acc,-8.018,-8.008,-1.095,
86409708231133,Gyro,0.380,-0.259,2.716,
86409708231133,Lacc,1.179,-4.734,-0.132,
86409708231133,GameRo,0.432,0.602,-0.552,0.383
86409709575575,pre,995.188,,,
86409728082330,acc,-7.652,-8.075,-1.121,
86409728082330,Gyro,0.331,-0.360,2.623,
86409728082330,Lacc,1.711,-5.282,-0.242,
86409728082330,GameRo,0.447,0.588,-0.545,0.398
86409734668552,pre,995.240,,,
86409747972507,acc,-7.377,-8.501,-1.377,
86409747972507,Gyro,0.280,-0.366,2.517,
86409747972507,Lacc,2.121,-6.177,-0.584,
86409747972507,GameRo,0.460,0.573,-0.538,0.412
86409759678603,pre,995.243,,,
86409767843845,acc,-7.097,-9.268,-1.600,
86409767843845,Gyro,0.235,-0.334,2.364,
86409767843845,Lacc,2.506,-7.396,-0.882,
86409767843845,GameRo,0.473,0.559,-0.531,0.426
86409784759820,pre,995.210,,,
86409787714695,acc,-6.389,-9.837,-1.881,
86409787714695,Gyro,0.219,-0.228,2.077,
86409787714695,Lacc,3.289,-8.376,-1.222,
86409787714695,GameRo,0.485,0.547,-0.524,0.438
86409807585382,acc,-5.339,-10.002,-2.135,
86409807585382,Gyro,0.139,-0.104,1.623,
86409807585382,Lacc,4.386,-8.879,-1.507,
86409807585382,GameRo,0.494,0.536,-0.518,0.447
86409809817356,pre,995.207,,,
86409827430922,acc,-4.656,-9.772,-2.101,
86409827430922,Gyro,-0.089,-0.021,1.024,
86409827430922,Lacc,5.093,-8.880,-1.479,
86409827430922,GameRo,0.500,0.530,-0.513,0.453
86409834871637,pre,995.234,,,
86409847326471,acc,-4.735,-9.856,-1.933,
86409847326471,Gyro,-0.458,-0.078,0.375,
86409847326471,Lacc,5.024,-9.073,-1.311,
86409847326471,GameRo,0.502,0.529,-0.509,0.457
86409859924778,pre,995.228,,,
86409867173435,acc,-5.019,-10.276,-1.890,
86409867173435,Gyro,-0.947,-0.274,-0.278,
86409867173435,Lacc,4.740,-9.483,-1.293,
86409867173435,GameRo,0.497,0.533,-0.506,0.462
86409884981622,pre,995.207,,,
86409887069065,acc,-4.968,-10.272,-1.817,
86409887069065,Gyro,-1.453,-0.456,-0.962,
86409887069065,Lacc,4.782,-9.341,-1.278,
86409887069065,GameRo,0.484,0.541,-0.505,0.466
86409906914525,acc,-4.580,-8.919,-1.231,
86409906914525,Gyro,-1.860,-0.475,-1.630,
86409906914525,Lacc,5.085,-7.321,-0.709,
86409906914525,GameRo,0.456,0.565,-0.513,0.458
86409910038425,pre,995.237,,,
86409926786025,acc,-5.195,-7.649,-0.231,
86409926786025,Gyro,-2.004,-0.419,-2.162,
86409926786025,Lacc,4.388,-5.615,0.276,
86409926786025,GameRo,0.431,0.584,-0.515,0.457
86409935093927,pre,995.268,,,
86409946681248,acc,-6.470,-7.713,0.434,
86409946681248,Gyro,-1.698,-0.393,-2.464,
86409946681248,Lacc,2.926,-4.931,0.896,
86409946681248,GameRo,0.396,0.605,-0.526,0.446
86409960132623,pre,995.253,,,
86409966559828,acc,-7.669,-8.336,-0.110,
86409966559828,Gyro,-1.009,-0.307,-2.753,
86409966559828,Lacc,1.570,-5.070,0.360,
86409966559828,GameRo,0.373,0.621,-0.532,0.439
86409985203139,pre,995.237,,,
86409986423761,acc,-9.263,-8.720,-1.230,
86409986423761,Gyro,-0.125,-0.022,-2.999,
86409986423761,Lacc,-0.230,-4.922,-0.756,
86409986423761,GameRo,0.352,0.633,-0.543,0.426
86410006278293,acc,-10.358,-8.442,-2.413,
86410006278293,Gyro,0.583,0.314,-3.105,
86410006278293,Lacc,-1.579,-4.090,-1.934,
86410006278293,GameRo,0.335,0.642,-0.557,0.406
86410010256565,pre,995.243,,,
86410026155979,acc,-10.538,-7.282,-3.216,
86410026155979,Gyro,0.760,0.507,-3.050,
86410026155979,Lacc,-2.048,-2.392,-2.728,
86410026155979,GameRo,0.321,0.650,-0.573,0.383
86410035311252,pre,995.243,,,
86410046009942,acc,-10.034,-6.129,-3.638,
86410046009942,Gyro,0.347,0.519,-2.860,
86410046009942,Lacc,-1.849,-0.746,-3.115,
86410046009942,GameRo,0.307,0.658,-0.586,0.361
86410060352105,pre,995.249,,,
86410065906631,acc,-9.097,-5.288,-3.076,
86410065906631,Gyro,-0.335,0.441,-2.622,
86410065906631,Lacc,-1.217,0.522,-2.462,
86410065906631,GameRo,0.292,0.668,-0.593,0.342
86410085751845,acc,-8.191,-5.129,-1.709,
86410085751845,Gyro,-0.824,0.282,-2.456,
86410085751845,Lacc,-0.460,0.831,-0.737,
86410085751845,GameRo,0.283,0.685,-0.582,0.335
86410085419366,pre,995.274,,,
86410105623061,acc,-7.538,-5.150,-0.771,
86410105623061,Gyro,-0.913,0.138,-2.418,
86410105623061,Lacc,-0.102,1.152,0.342,
86410105623061,GameRo,0.264,0.698,-0.582,0.323
86410110473850,pre,995.286,,,
86410125518894,acc,-7.270,-5.166,-0.674,
86410125518894,Gyro,-0.745,0.127,-2.475,
86410125518894,Lacc,-0.152,1.470,0.560,
86410125518894,GameRo,0.245,0.709,-0.584,0.310
86410135504002,pre,995.274,,,
86410145390232,acc,-7.495,-5.443,-1.155,
86410145390232,Gyro,-0.559,0.237,-2.499,
86410145390232,Lacc,-0.702,1.507,0.184,
86410145390232,GameRo,0.227,0.719,-0.587,0.296
86410160557875,pre,995.256,,,
86410165261610,acc,-7.802,-5.766,-1.552,
86410165261610,Gyro,-0.522,0.416,-2.474,
86410165261610,Lacc,-1.102,1.250,-0.095,
86410165261610,GameRo,0.220,0.725,-0.582,0.295
86410185131972,acc,-8.443,-6.264,-1.484,
86410185131972,Gyro,-0.560,0.596,-2.434,
86410185131972,Lacc,-2.106,1.050,0.122,
86410185131972,GameRo,0.204,0.735,-0.584,0.278
86410185613662,pre,995.268,,,
86410205003269,acc,-9.047,-6.601,-1.015,
86410205003269,Gyro,-0.591,0.642,-2.402,
86410205003269,Lacc,-3.088,0.987,0.757,
86410205003269,GameRo,0.188,0.745,-0.585,0.260
86410210682672,pre,995.268,,,
86410224873264,acc,-9.321,-6.642,-0.704,
86410224873264,Gyro,-0.649,0.550,-2.392,
86410224873264,Lacc,-3.749,1.197,1.231,
86410224873264,GameRo,0.172,0.754,-0.585,0.243
86410235750136,pre,995.237,,,
86410244719903,acc,-9.541,-6.215,-0.345,
86410244719903,Gyro,-0.719,0.416,-2.347,
86410244719903,Lacc,-4.360,1.847,1.750,
86410244719903,GameRo,0.155,0.763,-0.585,0.227
86410260805759,pre,995.204,,,
86410264615249,acc,-9.691,-6.014,-0.082,
86410264615249,Gyro,-0.697,0.298,-2.260,
86410264615249,Lacc,-4.893,2.244,2.160,
86410264615249,GameRo,0.138,0.771,-0.584,0.212
86410284485813,acc,-10.452,-6.755,-0.103,
86410284485813,Gyro,-0.552,0.241,-2.176,
86410284485813,Lacc,-6.027,1.674,2.264,
86410284485813,GameRo,0.122,0.778,-0.583,0.199
86410285834771,pre,995.213,,,
86410304357273,acc,-11.485,-7.596,-0.239,
86410304357273,Gyro,-0.259,0.186,-2.115,
86410304357273,Lacc,-7.428,0.995,2.207,
86410304357273,GameRo,0.106,0.783,-0.584,0.185
86410310915012,pre,995.249,,,
86410324227837,acc,-12.464,-7.601,-0.605,
86410324227837,Gyro,0.047,0.144,-2.008,
86410324227837,Lacc,-8.766,1.146,1.857,
86410324227837,GameRo,0.091,0.786,-0.587,0.172
86410335970066,pre,995.246,,,
86410344098728,acc,-12.708,-6.617,-0.948,
86410344098728,Gyro,0.119,0.102,-1.786,
86410344098728,Lacc,-9.340,2.267,1.497,
86410344098728,GameRo,0.077,0.787,-0.591,0.160
86410360998631,pre,995.201,,,
86410363969984,acc,-12.318,-4.960,-0.861,
86410363969984,Gyro,-0.134,0.007,-1.473,
86410363969984,Lacc,-9.230,4.024,1.588,
86410363969984,GameRo,0.065,0.788,-0.594,0.151
86410383840265,acc,-12.812,-4.248,-0.130,
86410383840265,Gyro,-0.528,-0.185,-0.996,
86410383840265,Lacc,-9.925,4.783,2.385,
86410383840265,GameRo,0.055,0.791,-0.592,0.145
86410386080255,pre,995.164,,,
86410403711277,acc,-13.332,-4.990,0.963,
86410403711277,Gyro,-0.719,-0.614,-0.411,
86410403711277,Lacc,-10.523,4.037,3.580,
86410403711277,GameRo,0.046,0.795,-0.588,0.146
86410411132990,pre,995.182,,,
86410423582981,acc,-12.713,-5.210,1.301,
86410423582981,Gyro,-0.558,-1.131,0.076,
86410423582981,Lacc,-9.857,3.785,3.979,
86410423582981,GameRo,0.039,0.797,-0.583,0.154
86410436187595,pre,995.204,,,
86410443453017,acc,-11.626,-4.618,0.404,
86410443453017,Gyro,-0.217,-1.373,0.454,
86410443453017,Lacc,-8.632,4.338,3.061,
86410443453017,GameRo,0.034,0.796,-0.580,0.167
86410461218520,pre,995.213,,,
86410463324314,acc,-11.401,-4.254,-0.705,
86410463324314,Gyro,0.098,-1.243,0.867,
86410463324314,Lacc,-8.205,4.656,1.868,
86410463324314,GameRo,0.032,0.794,-0.579,0.182
86410483194961,acc,-11.823,-4.816,-1.239,
86410483194961,Gyro,0.345,-0.935,1.407,
86410483194961,Lacc,-8.355,4.026,1.216,
86410483194961,GameRo,0.036,0.790,-0.580,0.197
86410486301080,pre,995.228,,,
86410503065484,acc,-12.068,-5.702,-1.306,
86410503065484,Gyro,0.548,-0.617,1.973,
86410503065484,Lacc,-8.247,3.031,1.012,
86410503065484,GameRo,0.048,0.785,-0.580,0.213
86410511354547,pre,995.231,,,
86410522936741,acc,-12.062,-6.544,-1.140,
86410522936741,Gyro,0.700,-0.418,2.454,
86410522936741,Lacc,-7.818,2.031,1.026,
86410522936741,GameRo,0.064,0.779,-0.580,0.230
86410536409723,pre,995.207,,,
86410542807631,acc,-11.910,-7.221,-1.040,
86410542807631,Gyro,0.788,-0.268,2.880,
86410542807631,Lacc,-7.187,1.139,0.968,
86410542807631,GameRo,0.086,0.771,-0.580,0.248
86410562665989,acc,-11.905,-7.994,-0.844,
86410562665989,Gyro,0.850,-0.075,3.282,
86410562665989,Lacc,-6.658,0.084,1.015,
86410562665989,GameRo,0.111,0.763,-0.578,0.266
86410561440647,pre,995.201,,,
86410582549086,acc,-11.604,-8.778,-0.557,
86410582549086,Gyro,0.986,0.125,3.667,
86410582549086,Lacc,-5.799,-1.059,1.162,
86410582549086,GameRo,0.141,0.753,-0.575,0.285
86410586519586,pre,995.237,,,
86410602420058,acc,-10.469,-9.229,-0.508,
86410602420058,Gyro,1.165,0.327,3.954,
86410602420058,Lacc,-4.091,-1.945,1.077,
86410602420058,GameRo,0.175,0.742,-0.572,0.304
86410611576064,pre,995.249,,,
86410622291884,acc,-9.067,-9.349,-0.410,
86410622291884,Gyro,1.324,0.557,4.020,
86410622291884,Lacc,-2.139,-2.561,1.060,
86410622291884,GameRo,0.211,0.728,-0.568,0.320
86410636632256,pre,995.201,,,
86410642162124,acc,-8.385,-9.319,-0.081,
86410642162124,Gyro,1.452,0.669,3.875,
86410642162124,Lacc,-0.965,-3.051,1.299,
86410642162124,GameRo,0.247,0.714,-0.564,0.335
86410662012465,acc,-7.636,-8.849,0.007,
86410662012465,Gyro,1.450,0.590,3.619,
86410662012465,Lacc,0.209,-3.103,1.307,
86410662012465,GameRo,0.282,0.698,-0.560,0.347
86410661687148,pre,995.164,,,
86410681903701,acc,-6.994,-8.052,-0.161,
86410681903701,Gyro,1.274,0.404,3.320,
86410681903701,Lacc,1.210,-2.813,1.064,
86410681903701,GameRo,0.313,0.682,-0.556,0.358
86410686741225,pre,995.204,,,
86410701774265,acc,-6.650,-7.376,-0.258,
86410701774265,Gyro,1.041,0.200,3.100,
86410701774265,Lacc,1.683,-2.311,0.806,
86410701774265,GameRo,0.328,0.669,-0.562,0.360
86410711776463,pre,995.240,,,
86410721645481,acc,-6.291,-7.386,-0.508,
86410721645481,Gyro,0.928,0.127,2.902,
86410721645481,Lacc,2.111,-2.410,0.438,
86410721645481,GameRo,0.338,0.659,-0.569,0.358
86410736873142,pre,995.213,,,
86410741516371,acc,-6.050,-7.448,-0.477,
86410741516371,Gyro,0.991,0.209,2.673,
86410741516371,Lacc,2.495,-2.708,0.385,
86410741516371,GameRo,0.352,0.648,-0.570,0.362
86410761366225,acc,-5.799,-7.354,-0.495,
86410761366225,Gyro,1.116,0.323,2.437,
86410761366225,Lacc,2.939,-2.969,0.315,
86410761366225,GameRo,0.372,0.635,-0.568,0.369
86410761884414,pre,995.179,,,
86410781257989,acc,-5.425,-7.044,-0.663,
86410781257989,Gyro,1.100,0.366,2.178,
86410781257989,Lacc,3.494,-3.034,0.117,
86410781257989,GameRo,0.392,0.621,-0.566,0.375
86410786964899,pre,995.207,,,
86410801128554,acc,-5.185,-6.933,-0.817,
86410801128554,Gyro,0.911,0.318,1.876,
86410801128554,Lacc,3.878,-3.258,-0.052,
86410801128554,GameRo,0.410,0.609,-0.563,0.380
86410811993585,pre,995.237,,,
86410821000787,acc,-5.432,-7.041,-0.973,
86410821000787,Gyro,0.642,0.192,1.590,
86410821000787,Lacc,3.743,-3.651,-0.215,
86410821000787,GameRo,0.424,0.599,-0.560,0.384
86410837075575,pre,995.231,,,
86410840872776,acc,-5.566,-7.424,-1.143,
86410840872776,Gyro,0.359,0.075,1.333,
86410840872776,Lacc,3.674,-4.215,-0.387,
86410840872776,GameRo,0.432,0.593,-0.558,0.387
86410860715915,acc,-5.849,-8.406,-1.383,
86410860715915,Gyro,0.127,0.013,1.030,
86410860715915,Lacc,3.442,-5.351,-0.628,
86410860715915,GameRo,0.438,0.589,-0.555,0.391
86410862104994,pre,995.213,,,
86410880612522,acc,-5.795,-9.066,-1.532,
86410880612522,Gyro,-0.039,0.042,0.643,
86410880612522,Lacc,3.541,-6.152,-0.773,
86410880612522,GameRo,0.443,0.586,-0.552,0.395
86410887188124,pre,995.213,,,
86410900470066,acc,-5.805,-8.993,-1.352,
86410900470066,Gyro,-0.222,0.077,0.142,
86410900470066,Lacc,3.547,-6.135,-0.571,
86410900470066,GameRo,0.444,0.585,-0.550,0.397
86410912219130,pre,995.219,,,
86410920355279,acc,-6.320,-8.801,-1.149,
86410920355279,Gyro,-0.445,0.032,-0.327,
86410920355279,Lacc,3.018,-5.908,-0.333,
86410920355279,GameRo,0.442,0.589,-0.548,0.397
86410937283868,pre,995.222,,,
86410940201226,acc,-7.041,-9.195,-1.131,
86410940201226,Gyro,-0.719,-0.128,-0.682,
86410940201226,Lacc,2.263,-6.201,-0.291,
86410940201226,GameRo,0.435,0.594,-0.547,0.397
86410960096165,acc,-7.404,-9.884,-1.289,
86410960096165,Gyro,-1.009,-0.307,-1.021,
86410960096165,Lacc,1.847,-6.734,-0.440,
86410960096165,GameRo,0.425,0.602,-0.547,0.397
86410962329889,pre,995.222,,,
86410979967218,acc,-7.471,-10.168,-1.333,
86410979967218,Gyro,-1.227,-0.393,-1.414,
86410979967218,Lacc,1.703,-6.800,-0.479,
86410979967218,GameRo,0.410,0.613,-0.546,0.398
86410987411066,pre,995.225,,,
86410999837905,acc,-7.078,-9.275,-1.146,
86410999837905,Gyro,-1.387,-0.362,-1.827,
86410999837905,Lacc,1.983,-5.619,-0.267,
86410999837905,GameRo,0.392,0.625,-0.546,0.396
86411012467502,pre,995.231,,,
86411019709650,acc,-7.546,-8.284,-0.828,
86411019709650,Gyro,-1.456,-0.271,-2.164,
86411019709650,Lacc,1.360,-4.279,0.106,
86411019709650,GameRo,0.372,0.640,-0.547,0.392
86411037525689,pre,995.237,,,
86411039579726,acc,-8.630,-8.305,-0.723,
86411039579726,Gyro,-1.236,-0.180,-2.316,
86411039579726,Lacc,0.089,-3.923,0.287,
86411039579726,GameRo,0.350,0.655,-0.547,0.386
86411059450779,acc,-9.496,-8.899,-1.293,
86411059450779,Gyro,-0.631,0.038,-2.491,
86411059450779,Lacc,-0.997,-4.121,-0.213,
86411059450779,GameRo,0.331,0.668,-0.551,0.376
86411062557916,pre,995.243,,,
86411079321791,acc,-10.564,-8.670,-2.038,
86411079321791,Gyro,0.171,0.319,-2.676,
86411079321791,Lacc,-2.332,-3.453,-0.912,
86411079321791,GameRo,0.314,0.677,-0.559,0.360
86411087639947,pre,995.256,,,
86411099192275,acc,-11.198,-7.501,-2.839,
86411099192275,Gyro,0.755,0.544,-2.649,
86411099192275,Lacc,-3.269,-1.838,-1.702,
86411099192275,GameRo,0.301,0.684,-0.572,0.340
86411112697890,pre,995.253,,,
86411119063775,acc,-10.851,-6.006,-3.270,
86411119063775,Gyro,0.773,0.569,-2.391,
86411119063775,Lacc,-3.226,0.062,-2.141,
86411119063775,GameRo,0.290,0.688,-0.584,0.319
86411137750503,pre,995.231,,,
86411138913019,acc,-9.627,-4.811,-3.036,
86411138913019,Gyro,0.324,0.441,-2.055,
86411138913019,Lacc,-2.279,1.589,-1.895,
86411138913019,GameRo,0.280,0.693,-0.593,0.301
86411158805027,acc,-8.477,-4.527,-2.345,
86411158805027,Gyro,-0.129,0.296,-1.780,
86411158805027,Lacc,-1.164,1.870,-0.990,
86411158805027,GameRo,0.278,0.701,-0.584,0.300
86411162804458,pre,995.213,,,
86411178675714,acc,-7.481,-4.357,-1.191,
86411178675714,Gyro,-0.252,0.172,-1.615,
86411178675714,Lacc,-0.385,2.267,0.230,
86411178675714,GameRo,0.267,0.708,-0.586,0.290
86411187861546,pre,995.225,,,
86411198546767,acc,-6.660,-4.192,-0.331,
86411198546767,Gyro,-0.124,-0.024,-1.589,
86411198546767,Lacc,0.224,2.644,1.122,
86411198546767,GameRo,0.256,0.713,-0.589,0.281
86411212917657,pre,995.268,,,
86411218417820,acc,-6.459,-4.192,-0.030,
86411218417820,Gyro,0.011,-0.385,-1.673,
86411218417820,Lacc,0.208,2.863,1.393,
86411218417820,GameRo,0.243,0.717,-0.594,0.273
86411238262872,acc,-6.176,-4.749,-0.636,
86411238262872,Gyro,-0.072,-0.692,-1.723,
86411238262872,Lacc,0.264,2.530,0.704,
86411238262872,GameRo,0.227,0.719,-0.600,0.267
86411237948541,pre,995.292,,,
86411258160293,acc,-6.527,-4.971,-0.757,
86411258160293,Gyro,-0.151,-0.902,-1.802,
86411258160293,Lacc,-0.322,2.525,0.494,
86411258160293,GameRo,0.209,0.721,-0.606,0.263
86411263030776,pre,995.292,,,
86411278007582,acc,-6.873,-5.701,-1.279,
86411278007582,Gyro,-0.294,-0.901,-1.909,
86411278007582,Lacc,-0.929,2.013,-0.100,
86411278007582,GameRo,0.189,0.724,-0.611,0.259
86411288061700,pre,995.274,,,
86411297901097,acc,-7.571,-5.906,-1.474,
86411297901097,Gyro,-0.423,-0.794,-1.968,
86411297901097,Lacc,-1.640,1.818,-0.292,
86411297901097,GameRo,0.178,0.727,-0.607,0.267
86411313128798,pre,995.237,,,
86411317772475,acc,-7.929,-5.855,-1.406,
86411317772475,Gyro,-0.513,-0.529,-2.043,
86411317772475,Lacc,-2.091,1.936,-0.202,
86411317772475,GameRo,0.165,0.731,-0.605,0.270
86411337643081,acc,-8.636,-5.810,-0.960,
86411337643081,Gyro,-0.580,-0.306,-2.092,
86411337643081,Lacc,-3.104,2.195,0.290,
86411337643081,GameRo,0.147,0.736,-0.606,0.262
86411338175633,pre,995.201,,,
86411357513645,acc,-9.338,-5.796,-0.639,
86411357513645,Gyro,-0.663,-0.096,-2.065,
86411357513645,Lacc,-4.135,2.413,0.696,
86411357513645,GameRo,0.129,0.743,-0.607,0.251
86411363256037,pre,995.222,,,
86411377362889,acc,-10.195,-5.995,-0.352,
86411377362889,Gyro,-0.746,0.095,-2.036,
86411377362889,Lacc,-5.328,2.398,1.105,
86411377362889,GameRo,0.113,0.749,-0.607,0.240
86411388311090,pre,995.259,,,
86411397255792,acc,-11.392,-6.138,0.161,
86411397255792,Gyro,-0.802,0.218,-1.923,
86411397255792,Lacc,-6.863,2.414,1.769,
86411397255792,GameRo,0.097,0.757,-0.605,0.227
86411413362034,pre,995.237,,,
86411417127740,acc,-12.527,-6.117,1.094,
86411417127740,Gyro,-0.778,0.184,-1.659,
86411417127740,Lacc,-8.303,2.559,2.858,
86411417127740,GameRo,0.084,0.763,-0.603,0.216
86411436997450,acc,-12.904,-5.895,2.159,
86411436997450,Gyro,-0.689,-0.066,-1.332,
86411436997450,Lacc,-8.927,2.871,4.051,
86411436997450,GameRo,0.071,0.769,-0.600,0.208
86411438411269,pre,995.195,,,
86411456868300,acc,-12.347,-5.124,2.918,
86411456868300,Gyro,-0.621,-0.573,-1.058,
86411456868300,Lacc,-8.549,3.704,4.888,
86411456868300,GameRo,0.059,0.773,-0.598,0.205
86411463472955,pre,995.210,,,
86411476739190,acc,-12.647,-5.206,2.904,
86411476739190,Gyro,-0.633,-1.178,-0.789,
86411476739190,Lacc,-8.962,3.662,4.909,
86411476739190,GameRo,0.046,0.775,-0.596,0.207
86411488539850,pre,995.250,,,
86411496610325,acc,-13.315,-5.734,2.646,
86411496610325,Gyro,-0.481,-1.767,-0.422,
86411496610325,Lacc,-9.658,3.149,4.635,
86411496610325,GameRo,0.031,0.775,-0.593,0.217
86411513595636,pre,995.237,,,
86411516481093,acc,-12.930,-5.490,1.605,
86411516481093,Gyro,-0.038,-1.997,-0.071,
86411516481093,Lacc,-9.222,3.397,3.482,
86411516481093,GameRo,0.017,0.772,-0.592,0.232
86411536352146,acc,-12.228,-4.911,0.222,
86411536352146,Gyro,0.439,-1.836,0.289,
86411536352146,Lacc,-8.418,3.972,1.900,
86411536352146,GameRo,0.008,0.765,-0.594,0.248
86411538651137,pre,995.201,,,
86411556223769,acc,-11.672,-4.557,-0.970,
86411556223769,Gyro,0.775,-1.343,0.720,
86411556223769,Lacc,-7.708,4.301,0.466,
86411556223769,GameRo,0.005,0.757,-0.598,0.263
86411563706761,pre,995.185,,,
86411576093805,acc,-11.374,-4.827,-1.720,
86411576093805,Gyro,0.896,-0.625,1.192,
86411576093805,Lacc,-7.201,3.969,-0.510,
86411576093805,GameRo,0.010,0.749,-0.602,0.276
86411588762790,pre,995.195,,,
86411595968724,acc,-11.428,-5.283,-1.747,
86411595968724,Gyro,0.840,0.177,1.668,
86411595968724,Lacc,-6.985,3.400,-0.696,
86411595968724,GameRo,0.024,0.744,-0.604,0.285
86411613828790,pre,995.225,,,
86411615835748,acc,-11.544,-5.838,-0.857,
86411615835748,Gyro,0.709,0.857,2.155,
86411615835748,Lacc,-6.769,2.675,0.127,
86411615835748,GameRo,0.045,0.740,-0.604,0.292
86411635706395,acc,-11.606,-6.709,0.171,
86411635706395,Gyro,0.523,1.273,2.591,
86411635706395,Lacc,-6.440,1.570,1.174,
86411635706395,GameRo,0.072,0.739,-0.600,0.298
86411638872898,pre,995.243,,,
86411655578098,acc,-11.388,-7.486,1.234,
86411655578098,Gyro,0.332,1.356,2.935,
86411655578098,Lacc,-5.789,0.496,2.323,
86411655578098,GameRo,0.102,0.738,-0.593,0.304
86411663925633,pre,995.237,,,
86411675448053,acc,-10.584,-7.774,2.015,
86411675448053,Gyro,0.253,1.194,3.172,
86411675448053,Lacc,-4.529,-0.149,3.209,
86411675448053,GameRo,0.133,0.737,-0.584,0.313
86411688979384,pre,995.216,,,
86411695294081,acc,-9.922,-7.904,2.262,
86411695294081,Gyro,0.351,0.957,3.276,
86411695294081,Lacc,-3.411,-0.679,3.538,
86411695294081,GameRo,0.164,0.734,-0.574,0.324
86411714019464,pre,995.198,,,
86411715165216,acc,-9.820,-7.905,1.995,
86411715165216,Gyro,0.489,0.669,3.362,
86411715165216,Lacc,-2.863,-1.115,3.311,
86411715165216,GameRo,0.194,0.728,-0.565,0.337
86411735056248,acc,-9.531,-7.873,1.958,
86411735056248,Gyro,0.662,0.299,3.462,
86411735056248,Lacc,-2.137,-1.557,3.254,
86411735056248,GameRo,0.223,0.719,-0.557,0.352
86411739093805,pre,995.192,,,
86411754931858,acc,-9.013,-7.987,1.767,
86411754931858,Gyro,0.864,-0.118,3.467,
86411754931858,Lacc,-1.200,-2.177,2.967,
86411754931858,GameRo,0.251,0.706,-0.550,0.369
86411764150120,pre,995.182,,,
86411774803684,acc,-8.573,-8.236,1.246,
86411774803684,Gyro,1.077,-0.488,3.393,
86411774803684,Lacc,-0.375,-2.947,2.270,
86411774803684,GameRo,0.276,0.690,-0.546,0.387
86411789207330,pre,995.173,,,
86411794673720,acc,-7.942,-8.363,0.279,
86411794673720,Gyro,1.279,-0.659,3.261,
86411794673720,Lacc,0.599,-3.602,1.072,
86411794673720,GameRo,0.300,0.671,-0.543,0.406
86411814534600,acc,-7.268,-8.436,-0.628,
86411814534600,Gyro,1.436,-0.511,3.053,
86411814534600,Lacc,1.559,-4.194,-0.063,
86411814534600,GameRo,0.323,0.652,-0.541,0.423
86411814264052,pre,995.192,,,
86411834415420,acc,-6.834,-8.408,-1.134,
86411834415420,Gyro,1.529,-0.179,2.813,
86411834415420,Lacc,2.223,-4.662,-0.741,
86411834415420,GameRo,0.346,0.633,-0.539,0.435
86411839318617,pre,995.237,,,
86411854287286,acc,-6.381,-7.966,-1.231,
86411854287286,Gyro,1.511,0.149,2.578,
86411854287286,Lacc,2.832,-4.610,-0.920,
86411854287286,GameRo,0.367,0.617,-0.539,0.440
86411864348037,pre,995.243,,,
86411874158340,acc,-5.882,-7.199,-1.017,
86411874158340,Gyro,1.352,0.353,2.352,
86411874158340,Lacc,3.450,-4.190,-0.723,
86411874158340,GameRo,0.388,0.604,-0.538,0.442
86411889401341,pre,995.231,,,
86411894029311,acc,-5.584,-6.758,-0.695,
86411894029311,Gyro,1.096,0.375,2.137,
86411894029311,Lacc,3.869,-4.150,-0.393,
86411894029311,GameRo,0.408,0.591,-0.534,0.447
86411913900079,acc,-5.272,-6.658,-0.496,
86411913900079,Gyro,0.845,0.282,1.895,
86411913900079,Lacc,4.272,-4.413,-0.177,
86411913900079,GameRo,0.425,0.579,-0.529,0.451
86411914457819,pre,995.250,,,
86411933770766,acc,-5.188,-7.188,-0.708,
86411933770766,Gyro,0.630,0.187,1.604,
86411933770766,Lacc,4.424,-5.255,-0.376,
86411933770766,GameRo,0.439,0.569,-0.525,0.456
86411939537694,pre,995.274,,,
86411953640883,acc,-5.300,-8.134,-1.136,
86411953640883,Gyro,0.414,0.126,1.223,
86411953640883,Lacc,4.030,-5.142,-0.644,
86411953640883,GameRo,0.420,0.590,-0.552,0.413
86411964566421,pre,995.256,,,
86411973512709,acc,-5.248,-8.673,-1.350,
86411973512709,Gyro,0.170,0.094,0.703,
86411973512709,Lacc,4.094,-5.723,-0.838,
86411973512709,GameRo,0.424,0.588,-0.552,0.411
86411989647882,pre,995.231,,,
86411993382908,acc,-5.263,-8.087,-1.167,
86411993382908,Gyro,-0.118,0.046,0.179,
86411993382908,Lacc,3.843,-4.488,-0.566,
86411993382908,GameRo,0.408,0.603,-0.566,0.386
86412013228367,acc,-5.984,-7.798,-0.630,
86412013228367,Gyro,-0.397,-0.105,-0.189,
86412013228367,Lacc,2.825,-3.521,-0.039,
86412013228367,GameRo,0.390,0.615,-0.583,0.361
86412014679905,pre,995.228,,,
86412033124607,acc,-6.670,-8.985,-0.693,
86412033124607,Gyro,-0.549,-0.303,-0.503,
86412033124607,Lacc,2.107,-4.644,-0.101,
86412033124607,GameRo,0.384,0.619,-0.582,0.362
86412039759007,pre,995.219,,,
86412052995049,acc,-7.091,-10.416,-1.461,
86412052995049,Gyro,-0.570,-0.318,-0.964,
86412052995049,Lacc,1.619,-5.941,-0.879,
86412052995049,GameRo,0.375,0.624,-0.583,0.361
86412064790786,pre,995.225,,,
86412072867202,acc,-6.978,-10.709,-2.259,
86412072867202,Gyro,-0.595,-0.089,-1.563,
86412072867202,Lacc,1.610,-6.005,-1.658,
86412072867202,GameRo,0.363,0.631,-0.585,0.357
86412089867812,pre,995.244,,,
86412092713231,acc,-6.915,-9.123,-2.199,
86412092713231,Gyro,-0.751,0.245,-2.190,
86412092713231,Lacc,1.476,-4.088,-1.506,
86412092713231,GameRo,0.349,0.643,-0.587,0.347
86412112583266,acc,-8.387,-8.127,-1.363,
86412112583266,Gyro,-0.785,0.477,-2.607,
86412112583266,Lacc,-0.266,-2.688,-0.514,
86412112583266,GameRo,0.332,0.658,-0.589,0.332
86412114913751,pre,995.237,,,
86412132478856,acc,-9.972,-8.031,-0.964,
86412132478856,Gyro,-0.496,0.499,-2.798,
86412132478856,Lacc,-2.172,-2.168,0.038,
86412132478856,GameRo,0.315,0.672,-0.592,0.314
86412139980565,pre,995.213,,,
86412152349664,acc,-10.955,-7.899,-1.637,
86412152349664,Gyro,-0.015,0.491,-2.893,
86412152349664,Lacc,-3.512,-1.604,-0.542,
86412152349664,GameRo,0.298,0.683,-0.598,0.294
86412165035048,pre,995.240,,,
86412172222223,acc,-11.648,-7.336,-2.766,
86412172222223,Gyro,0.359,0.575,-2.873,
86412172222223,Lacc,-4.593,-0.616,-1.629,
86412172222223,GameRo,0.282,0.692,-0.606,0.273
86412190094496,pre,995.280,,,
86412192067397,acc,-11.436,-6.297,-3.718,
86412192067397,Gyro,0.269,0.645,-2.633,
86412192067397,Lacc,-4.769,0.804,-2.547,
86412192067397,GameRo,0.268,0.698,-0.614,0.251
86412211937189,acc,-10.452,-5.501,-3.850,
86412211937189,Gyro,-0.334,0.699,-2.291,
86412211937189,Lacc,-4.147,1.906,-2.577,
86412211937189,GameRo,0.255,0.707,-0.618,0.232
86412215149225,pre,995.259,,,
86412231808933,acc,-9.324,-5.338,-2.485,
86412231808933,Gyro,-1.015,0.629,-2.033,
86412231808933,Lacc,-3.349,2.299,-1.003,
86412231808933,GameRo,0.243,0.719,-0.615,0.216
86412240206557,pre,995.216,,,
86412251698094,acc,-8.374,-5.391,-0.959,
86412251698094,Gyro,-1.411,0.365,-1.912,
86412251698094,Lacc,-2.524,2.301,0.731,
86412251698094,GameRo,0.237,0.728,-0.607,0.212
86412265259373,pre,995.244,,,
86412271576104,acc,-7.449,-5.294,-0.088,
86412271576104,Gyro,-1.523,0.010,-1.902,
86412271576104,Lacc,-1.885,2.551,1.844,
86412271576104,GameRo,0.221,0.741,-0.600,0.204
86412291421157,acc,-6.855,-5.189,0.244,
86412291421157,Gyro,-1.395,-0.261,-1.990,
86412291421157,Lacc,-1.588,2.806,2.384,
86412291421157,GameRo,0.202,0.754,-0.593,0.197
86412290312962,pre,995.295,,,
86412311319431,acc,-6.806,-5.441,-0.162,
86412311319431,Gyro,-1.195,-0.377,-2.117,
86412311319431,Lacc,-1.854,2.709,2.141,
86412311319431,GameRo,0.182,0.764,-0.589,0.190
86412315366999,pre,995.295,,,
86412331162856,acc,-7.171,-5.930,-0.744,
86412331162856,Gyro,-1.054,-0.340,-2.256,
86412331162856,Lacc,-2.522,2.362,1.680,
86412331162856,GameRo,0.163,0.773,-0.586,0.183
86412340421645,pre,995.268,,,
86412351059218,acc,-7.811,-6.091,-1.076,
86412351059218,Gyro,-0.936,-0.135,-2.373,
86412351059218,Lacc,-3.233,2.234,1.368,
86412351059218,GameRo,0.153,0.775,-0.584,0.185
86412365474053,pre,995.259,,,
86412370930312,acc,-8.623,-6.224,-1.028,
86412370930312,Gyro,-0.824,0.160,-2.443,
86412370930312,Lacc,-4.450,2.268,1.564,
86412370930312,GameRo,0.134,0.784,-0.582,0.172
86412390778619,acc,-9.318,-5.887,-0.567,
86412390778619,Gyro,-0.727,0.360,-2.445,
86412390778619,Lacc,-5.578,2.757,2.177,
86412390778619,GameRo,0.115,0.792,-0.579,0.157
86412390541762,pre,995.250,,,
86412410646621,acc,-9.566,-5.333,-0.153,
86412410646621,Gyro,-0.704,0.406,-2.368,
86412410646621,Lacc,-6.262,3.440,2.739,
86412410646621,GameRo,0.098,0.799,-0.577,0.140
86412415564467,pre,995.219,,,
86412430543186,acc,-9.696,-4.893,0.190,
86412430543186,Gyro,-0.783,0.329,-2.250,
86412430543186,Lacc,-6.813,3.975,3.234,
86412430543186,GameRo,0.081,0.805,-0.574,0.125
86412440614760,pre,995.216,,,
86412450413792,acc,-10.027,-4.573,0.631,
86412450413792,Gyro,-0.893,0.173,-2.069,
86412450413792,Lacc,-7.532,4.356,3.839,
86412450413792,GameRo,0.064,0.812,-0.569,0.112
86412465666152,pre,995.244,,,
86412470284560,acc,-10.602,-4.983,0.992,
86412470284560,Gyro,-0.961,-0.056,-1.858,
86412470284560,Lacc,-8.446,3.971,4.369,
86412470284560,GameRo,0.048,0.818,-0.564,0.102
86412490156183,acc,-11.168,-5.631,0.964,
86412490156183,Gyro,-0.929,-0.264,-1.688,
86412490156183,Lacc,-9.300,3.326,4.501,
86412490156183,GameRo,0.032,0.824,-0.558,0.094
86412490721653,pre,995.256,,,
86412510026991,acc,-11.737,-5.804,0.834,
86412510026991,Gyro,-0.842,-0.370,-1.560,
86412510026991,Lacc,-10.125,3.146,4.512,
86412510026991,GameRo,0.016,0.829,-0.552,0.089
86412515802912,pre,995.240,,,
86412529897109,acc,-12.650,-5.501,0.963,
86412529897109,Gyro,-0.773,-0.445,-1.346,
86412529897109,Lacc,-11.257,3.433,4.768,
86412529897109,GameRo,0.001,0.833,-0.547,0.085
86412540857437,pre,995.244,,,
86412549768243,acc,-13.952,-5.310,1.192,
86412549768243,Gyro,-0.675,-0.540,-0.944,
86412549768243,Lacc,-12.709,3.598,5.110,
86412549768243,GameRo,-0.011,0.836,-0.542,0.083
86412565913100,pre,995.259,,,
86412569639459,acc,-14.594,-5.344,1.341,
86412569639459,Gyro,-0.503,-0.711,-0.430,
86412569639459,Lacc,-13.400,3.534,5.342,
86412569639459,GameRo,-0.020,0.839,-0.537,0.085
86412589510105,acc,-14.569,-5.178,1.233,
86412589510105,Gyro,-0.277,-0.885,0.054,
86412589510105,Lacc,-13.320,3.673,5.275,
86412589510105,GameRo,-0.025,0.840,-0.534,0.092
86412590944797,pre,995.253,,,
86412609382054,acc,-13.914,-4.037,1.199,
86412609382054,Gyro,0.023,-1.174,0.551,
86412609382054,Lacc,-12.505,4.797,5.226,
86412609382054,GameRo,-0.028,0.839,-0.533,0.103
86412616025730,pre,995.234,,,
86412629251927,acc,-13.050,-3.010,0.356,
86412629251927,Gyro,0.278,-1.457,1.114,
86412629251927,Lacc,-11.362,5.812,4.300,
86412629251927,GameRo,-0.027,0.837,-0.533,0.120
86412641078994,pre,995.234,,,
86412649122980,acc,-12.735,-3.305,-0.766,
86412649122980,Gyro,0.362,-1.605,1.710,
86412649122980,Lacc,-10.652,5.487,3.055,
86412649122980,GameRo,-0.022,0.833,-0.534,0.141
86412666133885,pre,995.250,,,
86412668993626,acc,-12.428,-4.340,-1.544,
86412668993626,Gyro,0.354,-1.594,2.193,
86412668993626,Lacc,-9.858,4.381,2.140,
86412668993626,GameRo,-0.013,0.829,-0.533,0.166
86412688864435,acc,-12.201,-5.136,-1.827,
86412688864435,Gyro,0.469,-1.350,2.530,
86412688864435,Lacc,-9.102,3.476,1.704,
86412688864435,GameRo,0.000,0.825,-0.532,0.191
86412691169489,pre,995.247,,,
86412708759089,acc,-12.040,-5.891,-1.888,
86412708759089,Gyro,0.723,-0.918,2.796,
86412708759089,Lacc,-8.400,2.579,1.465,
86412708759089,GameRo,0.018,0.819,-0.532,0.215
86412716248021,pre,995.247,,,
86412728606622,acc,-11.875,-6.537,-1.730,
86412728606622,Gyro,1.032,-0.323,3.047,
86412728606622,Lacc,-7.703,1.762,1.427,
86412728606622,GameRo,0.042,0.812,-0.533,0.235
86412741303522,pre,995.253,,,
86412748477594,acc,-11.796,-7.158,-1.120,
86412748477594,Gyro,1.384,0.276,3.298,
86412748477594,Lacc,-7.102,0.932,1.838,
86412748477594,GameRo,0.071,0.804,-0.535,0.250
86412766356541,pre,995.234,,,
86412768348240,acc,-11.539,-7.609,-0.537,
86412768348240,Gyro,1.738,0.724,3.468,
86412768348240,Lacc,-6.334,0.235,2.222,
86412768348240,GameRo,0.106,0.793,-0.539,0.262
86412788219578,acc,-11.188,-7.570,-0.280,
86412788219578,Gyro,2.010,0.983,3.585,
86412788219578,Lacc,-5.487,-0.009,2.281,
86412788219578,GameRo,0.144,0.781,-0.544,0.272
86412791383966,pre,995.201,,,
86412808090305,acc,-10.804,-7.454,-0.427,
86412808090305,Gyro,2.130,1.140,3.706,
86412808090305,Lacc,-4.616,-0.223,1.951,
86412808090305,GameRo,0.184,0.766,-0.548,0.280
86412816463800,pre,995.201,,,
86412827961115,acc,-10.330,-7.294,-0.203,
86412827961115,Gyro,2.100,1.133,3.766,
86412827961115,Lacc,-3.669,-0.446,2.026,
86412827961115,GameRo,0.225,0.750,-0.551,0.287
86412841518447,pre,995.210,,,
86412847831760,acc,-9.848,-7.106,-0.091,
86412847831760,Gyro,2.035,0.997,3.794,
86412847831760,Lacc,-2.731,-0.689,2.010,
86412847831760,GameRo,0.265,0.733,-0.553,0.295
86412866572850,pre,995.213,,,
86412867677993,acc,-9.394,-7.149,-0.318,
86412867677993,Gyro,1.993,0.803,3.739,
86412867677993,Lacc,-1.848,-1.201,1.661,
86412867677993,GameRo,0.302,0.714,-0.554,0.304
86412887573622,acc,-8.584,-7.052,-0.720,
86412887573622,Gyro,1.935,0.625,3.579,
86412887573622,Lacc,-0.651,-1.588,1.139,
86412887573622,GameRo,0.338,0.693,-0.554,0.313
86412891637913,pre,995.210,,,
86412907444595,acc,-7.838,-6.904,-1.271,
86412907444595,Gyro,1.767,0.523,3.347,
86412907444595,Lacc,0.429,-1.921,0.482,
86412907444595,GameRo,0.370,0.673,-0.554,0.322
86412916685195,pre,995.210,,,
86412927315728,acc,-7.267,-6.692,-1.557,
86412927315728,Gyro,1.460,0.434,3.026,
86412927315728,Lacc,1.182,-1.996,0.116,
86412927315728,GameRo,0.392,0.657,-0.557,0.323
86412941739150,pre,995.213,,,
86412947186660,acc,-6.939,-6.359,-1.580,
86412947186660,Gyro,1.091,0.322,2.688,
86412947186660,Lacc,1.684,-1.974,0.048,
86412947186660,GameRo,0.412,0.643,-0.557,0.326
86412967033909,acc,-6.619,-6.039,-1.339,
86412967033909,Gyro,0.727,0.191,2.380,
86412967033909,Lacc,2.199,-2.047,0.261,
86412967033909,GameRo,0.432,0.629,-0.554,0.335
86412966794976,pre,995.198,,,
86412986928156,acc,-6.357,-5.867,-0.995,
86412986928156,Gyro,0.420,0.043,2.121,
86412986928156,Lacc,2.622,-2.245,0.582,
86412986928156,GameRo,0.447,0.617,-0.549,0.344
86412991824111,pre,995.179,,,
86413006799249,acc,-6.078,-6.042,-0.775,
86413006799249,Gyro,0.232,-0.042,1.878,
86413006799249,Lacc,3.036,-2.761,0.777,
86413006799249,GameRo,0.460,0.606,-0.544,0.353
86413016930475,pre,995.179,,,
86413026670099,acc,-5.993,-6.779,-0.704,
86413026670099,Gyro,0.139,-0.008,1.578,
86413026670099,Lacc,3.222,-3.784,0.830,
86413026670099,GameRo,0.470,0.598,-0.540,0.361
86413041935561,pre,995.189,,,
86413046515517,acc,-6.036,-7.577,-0.547,
86413046515517,Gyro,0.101,0.033,1.177,
86413046515517,Lacc,3.050,-4.164,0.879,
86413046515517,GameRo,0.460,0.601,-0.555,0.346
86413066411758,acc,-5.960,-7.856,-0.457,
86413066411758,Gyro,0.096,0.048,0.675,
86413066411758,Lacc,2.917,-3.887,0.838,
86413066411758,GameRo,0.445,0.607,-0.572,0.326
86413066991958,pre,995.207,,,
86413086283176,acc,-6.165,-7.814,-0.429,
86413086283176,Gyro,0.068,0.008,0.140,
86413086283176,Lacc,2.595,-3.571,0.798,
86413086283176,GameRo,0.437,0.610,-0.581,0.316
86413092047012,pre,995.207,,,
86413106153823,acc,-6.989,-8.346,-0.800,
86413106153823,Gyro,-0.037,-0.077,-0.358,
86413106153823,Lacc,1.753,-4.065,0.418,
86413106153823,GameRo,0.435,0.610,-0.582,0.315
86413117128717,pre,995.210,,,
86413126024591,acc,-8.115,-9.392,-1.337,
86413126024591,Gyro,-0.218,-0.163,-0.845,
86413126024591,Lacc,0.569,-4.992,-0.130,
86413126024591,GameRo,0.430,0.614,-0.584,0.312
86413142184910,pre,995.222,,,
86413145873794,acc,-8.598,-10.027,-1.670,
86413145873794,Gyro,-0.462,-0.268,-1.382,
86413145873794,Lacc,-0.016,-5.429,-0.470,
86413145873794,GameRo,0.420,0.620,-0.586,0.308
86413165766535,acc,-8.243,-9.255,-1.794,
86413165766535,Gyro,-0.811,-0.341,-1.975,
86413165766535,Lacc,0.177,-4.369,-0.583,
86413165766535,GameRo,0.405,0.631,-0.589,0.303
86413167218561,pre,995.234,,,
86413185614923,acc,-7.936,-7.642,-1.258,
86413185614923,Gyro,-1.173,-0.406,-2.505,
86413185614923,Lacc,0.255,-2.393,-0.002,
86413185614923,GameRo,0.384,0.645,-0.591,0.295
86413192270359,pre,995.234,,,
86413205508071,acc,-8.764,-6.614,-0.658,
86413205508071,Gyro,-1.238,-0.529,-2.877,
86413205508071,Lacc,-0.864,-0.951,0.660,
86413205508071,GameRo,0.360,0.662,-0.592,0.287
86413217327529,pre,995.234,,,
86413225354181,acc,-9.955,-6.093,-1.078,
86413225354181,Gyro,-0.911,-0.683,-3.021,
86413225354181,Lacc,-2.389,0.006,0.264,
86413225354181,GameRo,0.333,0.676,-0.596,0.277
86413242410374,pre,995.207,,,
86413245225031,acc,-10.701,-5.550,-2.589,
86413245225031,Gyro,-0.565,-0.648,-2.938,
86413245225031,Lacc,-3.492,0.971,-1.267,
86413245225031,GameRo,0.307,0.688,-0.602,0.266
86413265121027,acc,-11.075,-5.436,-4.133,
86413265121027,Gyro,-0.526,-0.457,-2.661,
86413265121027,Lacc,-4.220,1.458,-2.822,
86413265121027,GameRo,0.283,0.698,-0.607,0.255
86413267468480,pre,995.201,,,
86413284992243,acc,-10.568,-5.559,-4.717,
86413284992243,Gyro,-0.789,-0.122,-2.394,
86413284992243,Lacc,-4.050,1.642,-3.341,
86413284992243,GameRo,0.263,0.708,-0.609,0.243
86413292524551,pre,995.231,,,
86413304863092,acc,-9.730,-5.483,-3.854,
86413304863092,Gyro,-1.113,0.152,-2.244,
86413304863092,Lacc,-3.545,1.974,-2.315,
86413304863092,GameRo,0.245,0.720,-0.607,0.232
86413317580337,pre,995.259,,,
86413324726374,acc,-9.038,-5.688,-2.676,
86413324726374,Gyro,-1.231,0.319,-2.194,
86413324726374,Lacc,-3.190,1.990,-0.916,
86413324726374,GameRo,0.228,0.733,-0.602,0.219
86413344579523,acc,-8.240,-5.831,-1.767,
86413344579523,Gyro,-1.139,0.320,-2.262,
86413344579523,Lacc,-2.704,2.023,0.212,
86413344579523,GameRo,0.213,0.745,-0.596,0.208
86413342620335,pre,995.234,,,
86413364476414,acc,-7.623,-5.814,-1.422,
86413364476414,Gyro,-0.962,0.270,-2.463,
86413364476414,Lacc,-2.180,2.077,0.658,
86413364476414,GameRo,0.208,0.750,-0.593,0.206
86413367693658,pre,995.201,,,
86413384346572,acc,-7.601,-5.688,-1.525,
86413384346572,Gyro,-0.788,0.264,-2.768,
86413384346572,Lacc,-2.403,2.337,0.671,
86413384346572,GameRo,0.195,0.757,-0.591,0.197
86413392749526,pre,995.234,,,
86413404217829,acc,-8.350,-5.538,-1.896,
86413404217829,Gyro,-0.665,0.329,-3.015,
86413404217829,Lacc,-3.572,2.707,0.435,
86413404217829,GameRo,0.176,0.767,-0.590,0.182
86413417805800,pre,995.268,,,
86413424088190,acc,-9.208,-5.515,-2.226,
86413424088190,Gyro,-0.641,0.475,-3.119,
86413424088190,Lacc,-4.963,2.976,0.246,
86413424088190,GameRo,0.154,0.776,-0.590,0.162
86413442861180,pre,995.247,,,
86413443934748,acc,-10.048,-5.374,-2.220,
86413443934748,Gyro,-0.671,0.709,-3.088,
86413443934748,Lacc,-6.367,3.329,0.415,
86413443934748,GameRo,0.132,0.785,-0.588,0.140
86413463830865,acc,-10.811,-5.251,-1.782,
86413463830865,Gyro,-0.680,0.966,-2.920,
86413463830865,Lacc,-7.696,3.615,1.032,
86413463830865,GameRo,0.113,0.794,-0.586,0.116
86413467915989,pre,995.213,,,
86413483701064,acc,-11.064,-5.253,-1.051,
86413483701064,Gyro,-0.631,1.108,-2.690,
86413483701064,Lacc,-8.498,3.730,1.940,
86413483701064,GameRo,0.097,0.802,-0.582,0.093
86413492946873,pre,995.241,,,
86413503572564,acc,-10.928,-5.034,-0.522,
86413503572564,Gyro,-0.514,1.208,-2.488,
86413503572564,Lacc,-8.887,4.032,2.623,
86413503572564,GameRo,0.083,0.808,-0.579,0.069
86413518025202,pre,995.262,,,
86413523442641,acc,-10.767,-4.695,0.117,
86413523442641,Gyro,-0.364,1.159,-2.322,
86413523442641,Lacc,-9.226,4.429,3.377,
86413523442641,GameRo,0.071,0.813,-0.576,0.046
86413543288466,acc,-10.837,-4.534,0.374,
86413543288466,Gyro,-0.255,0.963,-2.190,
86413543288466,Lacc,-9.763,4.628,3.711,
86413543288466,GameRo,0.059,0.816,-0.574,0.025
86413543081109,pre,995.234,,,
86413563185032,acc,-11.505,-4.791,0.417,
86413563185032,Gyro,-0.100,0.700,-2.071,
86413563185032,Lacc,-10.864,4.396,3.796,
86413563185032,GameRo,0.047,0.819,-0.572,0.007
86413568150812,pre,995.204,,,
86413583055434,acc,-12.293,-4.800,-0.025,
86413583055434,Gyro,0.109,0.498,-1.902,
86413583055434,Lacc,-12.043,4.407,3.350,
86413583055434,GameRo,-0.034,-0.819,0.573,0.008
86413593186416,pre,995.225,,,
86413602927016,acc,-12.865,-4.506,-0.502,
86413602927016,Gyro,0.198,0.374,-1.656,
86413602927016,Lacc,-12.956,4.718,2.836,
86413602927016,GameRo,-0.022,-0.818,0.574,0.021
86413618219131,pre,995.247,,,
86413622797662,acc,-13.259,-3.814,-0.483,
86413622797662,Gyro,0.135,0.218,-1.310,
86413622797662,Lacc,-13.626,5.415,2.822,
86413622797662,GameRo,-0.012,-0.818,0.575,0.031
86413642669041,acc,-13.942,-3.412,-0.025,
86413642669041,Gyro,0.053,-0.013,-0.837,
86413642669041,Lacc,-14.492,5.813,3.267,
86413642669041,GameRo,-0.005,-0.817,0.575,0.038
86413643278823,pre,995.234,,,
86413662539483,acc,-14.377,-3.783,0.467,
86413662539483,Gyro,0.096,-0.387,-0.296,
86413662539483,Lacc,-14.990,5.441,3.750,
86413662539483,GameRo,0.000,-0.817,0.576,0.038
86413668356379,pre,995.219,,,
86413682409926,acc,-13.871,-4.001,0.091,
86413682409926,Gyro,0.232,-0.772,0.165,
86413682409926,Lacc,-14.427,5.236,3.348,
86413682409926,GameRo,0.004,-0.816,0.577,0.032
86413693387466,pre,995.234,,,
86413702281223,acc,-12.956,-3.591,-0.609,
86413702281223,Gyro,0.412,-0.966,0.582,
86413702281223,Lacc,-13.362,5.673,2.593,
86413702281223,GameRo,0.005,-0.814,0.580,0.022
86413718469456,pre,995.256,,,
86413722131647,acc,-12.015,-2.972,-1.388,
86413722131647,Gyro,0.627,-0.909,1.002,
86413722131647,Lacc,-12.194,6.333,1.717,
86413722131647,GameRo,0.004,-0.811,0.585,0.008
86413742023290,acc,-11.859,-3.203,-2.119,
86413742023290,Gyro,0.833,-0.534,1.485,
86413742023290,Lacc,-11.744,6.148,0.843,
86413742023290,GameRo,0.003,0.807,-0.591,0.005
86413743506728,pre,995.259,,,
86413761894179,acc,-12.036,-3.936,-2.234,
86413761894179,Gyro,1.018,-0.019,2.005,
86413761894179,Lacc,-11.561,5.459,0.549,
86413761894179,GameRo,0.017,0.801,-0.598,0.018
86413768582045,pre,995.253,,,
86413781764989,acc,-12.563,-4.960,-1.863,
86413781764989,Gyro,1.156,0.442,2.493,
86413781764989,Lacc,-11.660,4.462,0.713,
86413781764989,GameRo,0.038,0.794,-0.607,0.029
86413793637099,pre,995.238,,,
86413801635594,acc,-13.130,-6.137,-1.253,
86413801635594,Gyro,1.124,0.670,2.956,
86413801635594,Lacc,-11.726,3.278,1.120,
86413801635594,GameRo,0.065,0.785,-0.614,0.041
86413818694920,pre,995.225,,,
86413821506932,acc,-13.356,-7.389,-0.499,
86413821506932,Gyro,0.937,0.606,3.353,
86413821506932,Lacc,-11.372,1.962,1.706,
86413821506932,GameRo,0.094,0.777,-0.620,0.055
86413841377740,acc,-13.102,-8.392,0.132,
86413841377740,Gyro,0.697,0.298,3.636,
86413841377740,Lacc,-10.475,0.828,2.213,
86413841377740,GameRo,0.125,0.768,-0.623,0.073
86413843752375,pre,995.207,,,
86413861248794,acc,-12.431,-8.989,0.370,
86413861248794,Gyro,0.514,-0.145,3.806,
86413861248794,Lacc,-9.115,0.029,2.349,
86413861248794,GameRo,0.154,0.760,-0.625,0.096
86413868806330,pre,995.213,,,
86413881119806,acc,-11.516,-9.120,0.340,
86413881119806,Gyro,0.507,-0.489,3.863,
86413881119806,Lacc,-7.500,-0.366,2.203,
86413881119806,GameRo,0.181,0.750,-0.625,0.122
86413893864191,pre,995.238,,,
86413900990371,acc,-10.805,-8.947,0.073,
86413900990371,Gyro,0.718,-0.606,3.823,
86413900990371,Lacc,-6.107,-0.505,1.775,
86413900990371,GameRo,0.207,0.737,-0.625,0.149
86413918919692,pre,995.241,,,
86413920861546,acc,-10.470,-8.380,-0.420,
86413920861546,Gyro,0.995,-0.553,3.816,
86413920861546,Lacc,-5.127,-0.290,1.073,
86413920861546,GameRo,0.232,0.723,-0.627,0.175
86413940732803,acc,-10.064,-7.882,-0.930,
86413940732803,Gyro,1.174,-0.426,3.908,
86413940732803,Lacc,-4.099,-0.196,0.331,
86413940732803,GameRo,0.259,0.705,-0.629,0.200
86413943975356,pre,995.201,,,
86413960603041,acc,-9.494,-7.780,-1.306,
86413960603041,Gyro,1.232,-0.237,4.005,
86413960603041,Lacc,-2.931,-0.562,-0.266,
86413960603041,GameRo,0.287,0.686,-0.630,0.224
86413969031508,pre,995.177,,,
86413980449193,acc,-8.976,-8.038,-1.486,
86413980449193,Gyro,1.262,0.018,4.014,
86413980449193,Lacc,-1.854,-1.346,-0.628,
86413980449193,GameRo,0.317,0.666,-0.629,0.246
86413994086888,pre,995.186,,,
86414000344700,acc,-8.528,-8.541,-1.424,
86414000344700,Gyro,1.322,0.337,3.829,
86414000344700,Lacc,-0.911,-2.401,-0.696,
86414000344700,GameRo,0.347,0.645,-0.627,0.264
86414019144912,pre,995.207,,,
86414020193374,acc,-7.944,-8.466,-1.188,
86414020193374,Gyro,1.365,0.583,3.554,
86414020193374,Lacc,0.090,-2.874,-0.537,
86414020193374,GameRo,0.377,0.625,-0.624,0.279
86414040087945,acc,-7.182,-7.852,-0.957,
86414040087945,Gyro,1.271,0.683,3.244,
86414040087945,Lacc,1.195,-2.785,-0.335,
86414040087945,GameRo,0.405,0.606,-0.620,0.290
86414044200942,pre,995.198,,,
86414059957819,acc,-6.694,-7.390,-0.816,
86414059957819,Gyro,0.977,0.585,2.922,
86414059957819,Lacc,1.826,-2.571,-0.165,
86414059957819,GameRo,0.421,0.596,-0.618,0.292
86414069256362,pre,995.198,,,
86414079802830,acc,-6.148,-7.399,-0.832,
86414079802830,Gyro,0.578,0.312,2.556,
86414079802830,Lacc,2.428,-2.687,-0.140,
86414079802830,GameRo,0.429,0.592,-0.616,0.291
86414094313573,pre,995.228,,,
86414099699396,acc,-5.673,-7.566,-0.974,
86414099699396,Gyro,0.229,0.075,2.128,
86414099699396,Lacc,3.025,-3.086,-0.267,
86414099699396,GameRo,0.439,0.586,-0.613,0.298
86414119570367,acc,-5.398,-8.131,-1.216,
86414119570367,Gyro,-0.007,-0.066,1.634,
86414119570367,Lacc,3.036,-3.192,-0.376,
86414119570367,GameRo,0.422,0.604,-0.614,0.283
86414119343357,pre,995.250,,,
86414139441909,acc,-5.085,-8.425,-1.494,
86414139441909,Gyro,-0.174,-0.085,1.068,
86414139441909,Lacc,3.271,-3.368,-0.577,
86414139441909,GameRo,0.416,0.611,-0.612,0.280
86414144423761,pre,995.225,,,
86414159288100,acc,-4.933,-8.003,-1.415,
86414159288100,Gyro,-0.305,-0.037,0.493,
86414159288100,Lacc,3.417,-2.945,-0.455,
86414159288100,GameRo,0.415,0.614,-0.610,0.281
86414169457168,pre,995.201,,,
86414179162287,acc,-5.143,-7.380,-1.247,
86414179162287,Gyro,-0.414,0.008,-0.007,
86414179162287,Lacc,3.215,-2.342,-0.248,
86414179162287,GameRo,0.414,0.616,-0.607,0.283
86414194510838,pre,995.204,,,
86414199054050,acc,-6.223,-7.193,-1.530,
86414199054050,Gyro,-0.434,0.149,-0.313,
86414199054050,Lacc,2.007,-1.969,-0.427,
86414199054050,GameRo,0.406,0.626,-0.606,0.277
86414218924982,acc,-6.865,-7.575,-1.861,
86414218924982,Gyro,-0.227,0.531,-0.462,
86414218924982,Lacc,1.304,-2.278,-0.659,
86414218924982,GameRo,0.404,0.631,-0.603,0.273
86414219568130,pre,995.210,,,
86414238797052,acc,-7.265,-8.053,-2.181,
86414238797052,Gyro,0.223,1.201,-0.737,
86414238797052,Lacc,0.814,-2.654,-0.831,
86414238797052,GameRo,0.406,0.636,-0.601,0.264
86414244650690,pre,995.204,,,
86414258641250,acc,-7.475,-7.320,-2.172,
86414258641250,Gyro,0.710,1.894,-1.177,
86414258641250,Lacc,0.442,-1.740,-0.611,
86414258641250,GameRo,0.411,0.641,-0.601,0.244
86414269706761,pre,995.207,,,
86414278538304,acc,-7.867,-6.084,-1.663,
86414278538304,Gyro,0.914,2.099,-1.695,
86414278538304,Lacc,-0.196,-0.237,0.126,
86414278538304,GameRo,0.416,0.646,-0.601,0.218
86414294762546,pre,995.207,,,
86414298409153,acc,-9.078,-5.578,-1.144,
86414298409153,Gyro,0.944,1.726,-2.241,
86414298409153,Lacc,-1.726,0.613,0.819,
86414298409153,GameRo,0.416,0.653,-0.604,0.189
86414318279719,acc,-10.484,-5.373,-1.466,
86414318279719,Gyro,0.941,0.864,-2.663,
86414318279719,Lacc,-3.503,1.220,0.545,
86414318279719,GameRo,0.409,0.660,-0.609,0.162
86414319794448,pre,995.207,,,
86414338151382,acc,-11.152,-5.532,-3.254,
86414338151382,Gyro,0.872,0.061,-2.944,
86414338151382,Lacc,-4.568,1.481,-1.329,
86414338151382,GameRo,0.393,0.666,-0.618,0.139
86414344873712,pre,995.237,,,
86414358045791,acc,-11.270,-5.720,-5.082,
86414358045791,Gyro,0.715,-0.256,-3.233,
86414358045791,Lacc,-5.129,1.719,-3.299,
86414358045791,GameRo,0.371,0.673,-0.629,0.118
86414369930475,pre,995.265,,,
86414377893243,acc,-11.315,-5.184,-5.700,
86414377893243,Gyro,0.417,-0.226,-3.392,
86414377893243,Lacc,-5.676,2.667,-4.027,
86414377893243,GameRo,0.347,0.682,-0.637,0.097
86414394986139,pre,995.271,,,
86414397763605,acc,-11.105,-4.392,-5.160,
86414397763605,Gyro,-0.051,-0.215,-3.328,
86414397763605,Lacc,-5.997,3.821,-3.524,
86414397763605,GameRo,0.323,0.692,-0.641,0.077
86414417634210,acc,-10.370,-3.646,-4.199,
86414417634210,Gyro,-0.578,-0.347,-3.115,
86414417634210,Lacc,-5.781,4.860,-2.519,
86414417634210,GameRo,0.299,0.704,-0.641,0.060
86414420044407,pre,995.259,,,
86414437479507,acc,-9.555,-3.142,-3.509,
86414437479507,Gyro,-1.000,-0.511,-2.870,
86414437479507,Lacc,-5.446,5.584,-1.712,
86414437479507,GameRo,0.275,0.718,-0.637,0.047
86414445075373,pre,995.262,,,
86414457375869,acc,-8.863,-3.085,-3.171,
86414457375869,Gyro,-1.285,-0.647,-2.630,
86414457375869,Lacc,-4.534,5.446,-0.999,
86414457375869,GameRo,0.269,0.734,-0.620,0.073
86414470156428,pre,995.268,,,
86414477247695,acc,-8.423,-3.493,-2.918,
86414477247695,Gyro,-1.401,-0.668,-2.486,
86414477247695,Lacc,-4.233,5.042,-0.503,
86414477247695,GameRo,0.252,0.748,-0.609,0.080
86414495211806,pre,995.271,,,
86414497118097,acc,-8.338,-3.694,-2.881,
86414497118097,Gyro,-1.351,-0.498,-2.385,
86414497118097,Lacc,-4.294,4.843,-0.235,
86414497118097,GameRo,0.235,0.761,-0.598,0.086
86414516988703,acc,-8.348,-4.249,-2.430,
86414516988703,Gyro,-1.170,-0.167,-2.295,
86414516988703,Lacc,-4.251,4.200,0.409,
86414516988703,GameRo,0.225,0.771,-0.588,0.099
86414520264825,pre,995.268,,,
86414536860732,acc,-8.461,-4.911,-1.944,
86414536860732,Gyro,-0.891,0.104,-2.278,
86414536860732,Lacc,-4.422,3.524,1.017,
86414536860732,GameRo,0.214,0.778,-0.581,0.105
86414545322198,pre,995.247,,,
86414556730768,acc,-8.524,-5.073,-1.590,
86414556730768,Gyro,-0.538,0.287,-2.347,
86414556730768,Lacc,-4.678,3.422,1.457,
86414556730768,GameRo,0.201,0.784,-0.578,0.102
86414570378799,pre,995.219,,,
86414576575820,acc,-9.025,-4.864,-1.558,
86414576575820,Gyro,-0.180,0.400,-2.434,
86414576575820,Lacc,-5.579,3.776,1.559,
86414576575820,GameRo,0.185,0.790,-0.578,0.087
86414595433486,pre,995.207,,,
86414596467422,acc,-9.811,-4.538,-1.839,
86414596467422,Gyro,0.063,0.440,-2.442,
86414596467422,Lacc,-6.814,4.259,1.303,
86414596467422,GameRo,0.168,0.795,-0.579,0.070
86414616343642,acc,-10.419,-4.258,-1.925,
86414616343642,Gyro,0.156,0.428,-2.386,
86414616343642,Lacc,-7.871,4.680,1.215,
86414616343642,GameRo,0.152,0.798,-0.581,0.052
86414620490493,pre,995.192,,,
86414636189020,acc,-11.125,-4.455,-1.879,
86414636189020,Gyro,0.163,0.323,-2.331,
86414636189020,Lacc,-9.016,4.601,1.248,
86414636189020,GameRo,0.135,0.801,-0.583,0.036
86414645546808,pre,995.201,,,
86414656085789,acc,-11.931,-4.499,-1.818,
86414656085789,Gyro,0.130,0.156,-2.280,
86414656085789,Lacc,-10.247,4.652,1.291,
86414656085789,GameRo,0.118,0.803,-0.584,0.021
86414670600845,pre,995.240,,,
86414675947891,acc,-13.071,-3.954,-1.845,
86414675947891,Gyro,0.042,-0.040,-2.124,
86414675947891,Lacc,-11.787,5.266,1.249,
86414675947891,GameRo,0.101,0.805,-0.585,0.008
86414695802708,acc,-13.954,-3.376,-1.982,
86414695802708,Gyro,-0.225,-0.329,-1.799,
86414695802708,Lacc,-13.005,5.880,1.128,
86414695802708,GameRo,-0.085,-0.807,0.584,0.001
86414695658339,pre,995.256,,,
86414715697362,acc,-14.430,-3.137,-1.906,
86414715697362,Gyro,-0.658,-0.682,-1.411,
86414715697362,Lacc,-13.723,6.111,1.288,
86414715697362,GameRo,-0.069,-0.811,0.581,0.005
86414720687392,pre,995.219,,,
86414735569757,acc,-15.265,-3.701,-1.306,
86414735569757,Gyro,-1.036,-1.093,-1.020,
86414735569757,Lacc,-14.701,5.500,2.050,
86414735569757,GameRo,-0.055,-0.817,0.574,0.003
86414745742283,pre,995.198,,,
86414755440607,acc,-15.708,-3.832,-0.943,
86414755440607,Gyro,-1.129,-1.565,-0.583,
86414755440607,Lacc,-15.173,5.297,2.607,
86414755440607,GameRo,0.041,0.824,-0.565,0.005
86414770797825,pre,995.207,,,
86414775302423,acc,-14.617,-2.936,-1.269,
86414775302423,Gyro,-0.984,-1.897,-0.084,
86414775302423,Lacc,-13.989,6.119,2.452,
86414775302423,GameRo,0.028,0.830,-0.557,0.019
86414795181736,acc,-12.560,-1.801,-1.853,
86414795181736,Gyro,-0.700,-1.951,0.401,
86414795181736,Lacc,-11.732,7.189,1.983,
86414795181736,GameRo,0.020,0.834,-0.550,0.038
86414795853612,pre,995.219,,,
86414815052953,acc,-11.222,-1.701,-2.589,
86414815052953,Gyro,-0.353,-1.632,0.838,
86414815052953,Lacc,-10.127,7.239,1.297,
86414815052953,GameRo,0.016,0.835,-0.547,0.057
86414820935562,pre,995.228,,,
86414834923232,acc,-11.209,-2.645,-2.867,
86414834923232,Gyro,0.020,-1.075,1.251,
86414834923232,Lacc,-9.810,6.259,1.006,
86414834923232,GameRo,0.018,0.835,-0.545,0.074
86414845991389,pre,995.250,,,
86414854795222,acc,-12.080,-3.926,-2.273,
86414854795222,Gyro,0.538,-0.464,1.611,
86414854795222,Lacc,-10.361,4.957,1.519,
86414854795222,GameRo,0.028,0.832,-0.547,0.087
86414871047622,pre,995.247,,,
86414874664891,acc,-12.743,-4.607,-1.967,
86414874664891,Gyro,1.053,-0.061,2.001,
86414874664891,Lacc,-10.679,4.273,1.657,
86414874664891,GameRo,0.043,0.826,-0.553,0.098
86414894510676,acc,-12.886,-5.085,-2.277,
86414894510676,Gyro,1.229,0.132,2.422,
86414894510676,Lacc,-10.420,3.777,1.132,
86414894510676,GameRo,0.064,0.818,-0.561,0.110
86414896125746,pre,995.210,,,
86414914382298,acc,-12.723,-5.595,-2.326,
86414914382298,Gyro,1.068,0.123,2.786,
86414914382298,Lacc,-9.793,3.198,0.888,
86414914382298,GameRo,0.088,0.810,-0.567,0.123
86414921159194,pre,995.225,,,
86414934292455,acc,-12.088,-6.145,-2.075,
86414934292455,Gyro,0.853,0.029,3.066,
86414934292455,Lacc,-8.639,2.514,0.985,
86414934292455,GameRo,0.114,0.802,-0.570,0.139
86414946189549,pre,995.274,,,
86414954148737,acc,-11.165,-6.394,-1.699,
86414954148737,Gyro,0.789,-0.006,3.200,
86414954148737,Lacc,-7.171,2.075,1.227,
86414954148737,GameRo,0.140,0.793,-0.571,0.156
86414971269993,pre,995.271,,,
86414974020563,acc,-10.460,-6.310,-1.505,
86414974020563,Gyro,0.847,0.035,3.263,
86414974020563,Lacc,-5.924,1.928,1.286,
86414974020563,GameRo,0.167,0.784,-0.573,0.173
86414993890965,acc,-10.006,-6.027,-1.436,
86414993890965,Gyro,0.965,0.094,3.348,
86414993890965,Lacc,-4.939,1.944,1.213,
86414993890965,GameRo,0.195,0.773,-0.574,0.190
86414996302993,pre,995.219,,,
86415013736750,acc,-9.268,-6.063,-1.678,
86415013736750,Gyro,1.051,0.193,3.434,
86415013736750,Lacc,-3.674,1.597,0.826,
86415013736750,GameRo,0.224,0.760,-0.574,0.206
86415021379206,pre,995.210,,,
86415033632461,acc,-8.701,-6.294,-1.636,
86415033632461,Gyro,1.139,0.359,3.433,
86415033632461,Lacc,-2.609,1.019,0.737,
86415033632461,GameRo,0.253,0.746,-0.575,0.221
86415046429987,pre,995.207,,,
86415053482518,acc,-8.460,-6.460,-1.394,
86415053482518,Gyro,1.273,0.554,3.406,
86415053482518,Lacc,-1.906,0.479,0.867,
86415053482518,GameRo,0.284,0.731,-0.575,0.234
86415071486952,pre,995.186,,,
86415073374567,acc,-8.358,-6.704,-1.268,
86415073374567,Gyro,1.403,0.722,3.345,
86415073374567,Lacc,-1.381,-0.158,0.902,
86415073374567,GameRo,0.315,0.715,-0.574,0.244
86415093226537,acc,-8.125,-6.870,-1.226,
86415093226537,Gyro,1.449,0.802,3.255,
86415093226537,Lacc,-0.767,-0.731,0.873,
86415093226537,GameRo,0.347,0.698,-0.574,0.252
86415096542779,pre,995.189,,,
86415113124160,acc,-7.636,-6.963,-1.218,
86415113124160,Gyro,1.369,0.782,3.053,
86415113124160,Lacc,0.057,-1.231,0.831,
86415113124160,GameRo,0.376,0.680,-0.573,0.260
86415121598362,pre,995.231,,,
86415132987035,acc,-7.323,-6.888,-1.296,
86415132987035,Gyro,1.197,0.695,2.784,
86415132987035,Lacc,0.630,-1.505,0.702,
86415132987035,GameRo,0.401,0.664,-0.573,0.265
86415146647068,pre,995.237,,,
86415152853408,acc,-7.055,-6.874,-1.465,
86415152853408,Gyro,0.946,0.559,2.488,
86415152853408,Lacc,1.045,-1.695,0.486,
86415152853408,GameRo,0.418,0.652,-0.575,0.265
86415171707697,pre,995.204,,,
86415172713109,acc,-6.930,-7.386,-1.749,
86415172713109,Gyro,0.628,0.432,2.143,
86415172713109,Lacc,1.359,-2.516,0.202,
86415172713109,GameRo,0.436,0.640,-0.572,0.270
86415192601739,acc,-6.939,-8.325,-1.869,
86415192601739,Gyro,0.285,0.315,1.731,
86415192601739,Lacc,1.510,-3.748,0.104,
86415192601739,GameRo,0.451,0.630,-0.568,0.277
86415196764785,pre,995.173,,,
86415212470352,acc,-6.611,-8.914,-1.647,
86415212470352,Gyro,0.004,0.161,1.242,
86415212470352,Lacc,1.953,-4.570,0.356,
86415212470352,GameRo,0.461,0.624,-0.564,0.283
86415221818700,pre,995.167,,,
86415232315891,acc,-5.895,-8.778,-1.439,
86415232315891,Gyro,-0.194,0.004,0.674,
86415232315891,Lacc,2.738,-4.581,0.582,
86415232315891,GameRo,0.466,0.621,-0.560,0.288
86415246851455,pre,995.201,,,
86415252212620,acc,-5.697,-8.488,-1.372,
86415252212620,Gyro,-0.362,-0.090,0.074,
86415252212620,Lacc,2.936,-4.295,0.658,
86415252212620,GameRo,0.465,0.622,-0.559,0.289
86415272083347,acc,-5.934,-8.678,-1.484,
86415272083347,Gyro,-0.558,-0.216,-0.449,
86415272083347,Lacc,2.677,-4.446,0.557,
86415272083347,GameRo,0.460,0.626,-0.558,0.291
86415271934503,pre,995.259,,,
86415291945327,acc,-6.018,-8.954,-1.714,
86415291945327,Gyro,-0.780,-0.330,-0.995,
86415291945327,Lacc,2.535,-4.609,0.336,
86415291945327,GameRo,0.451,0.633,-0.558,0.291
86415296965387,pre,995.286,,,
86415311825209,acc,-6.370,-8.926,-1.527,
86415311825209,Gyro,-0.938,-0.388,-1.560,
86415311825209,Lacc,2.074,-4.381,0.539,
86415311825209,GameRo,0.438,0.643,-0.557,0.290
86415322022394,pre,995.253,,,
86415331697117,acc,-6.638,-7.938,-1.332,
86415331697117,Gyro,-1.009,-0.451,-2.071,
86415331697117,Lacc,1.636,-3.097,0.752,
86415331697117,GameRo,0.420,0.656,-0.559,0.285
86415347076959,pre,995.237,,,
86415351567356,acc,-7.141,-6.868,-1.468,
86415351567356,Gyro,-1.080,-0.483,-2.449,
86415351567356,Lacc,0.858,-1.579,0.603,
86415351567356,GameRo,0.395,0.671,-0.564,0.276
86415371438084,acc,-8.222,-6.938,-1.584,
86415371438084,Gyro,-1.101,-0.505,-2.676,
86415371438084,Lacc,-0.489,-1.284,0.530,
86415371438084,GameRo,0.371,0.686,-0.566,0.269
86415372134943,pre,995.247,,,
86415391308894,acc,-9.409,-7.793,-1.700,
86415391308894,Gyro,-0.930,-0.550,-2.829,
86415391308894,Lacc,-1.976,-1.763,0.451,
86415391308894,GameRo,0.346,0.700,-0.568,0.260
86415397218317,pre,995.265,,,
86415411181167,acc,-10.637,-8.657,-2.332,
86415411181167,Gyro,-0.532,-0.497,-2.991,
86415411181167,Lacc,-3.545,-2.232,-0.175,
86415411181167,GameRo,0.321,0.712,-0.572,0.250
86415422248062,pre,995.259,,,
86415431050715,acc,-11.526,-8.414,-3.226,
86415431050715,Gyro,-0.064,-0.293,-3.083,
86415431050715,Lacc,-4.823,-1.577,-1.095,
86415431050715,GameRo,0.296,0.722,-0.580,0.236
86415447302261,pre,995.247,,,
86415450921605,acc,-11.516,-7.235,-3.939,
86415450921605,Gyro,0.113,-0.095,-3.013,
86415450921605,Lacc,-5.233,0.002,-1.844,
86415450921605,GameRo,0.274,0.729,-0.588,0.219
86415470792455,acc,-10.801,-5.945,-3.996,
86415470792455,Gyro,-0.086,0.017,-2.802,
86415470792455,Lacc,-4.941,1.639,-1.903,
86415470792455,GameRo,0.253,0.737,-0.594,0.202
86415472359715,pre,995.231,,,
86415490663222,acc,-9.596,-5.164,-3.142,
86415490663222,Gyro,-0.371,0.052,-2.578,
86415490663222,Lacc,-4.142,2.702,-0.997,
86415490663222,GameRo,0.233,0.745,-0.597,0.186
86415497461074,pre,995.216,,,
86415510508600,acc,-8.649,-4.907,-2.031,
86415510508600,Gyro,-0.456,0.019,-2.447,
86415510508600,Lacc,-3.465,3.119,0.192,
86415510508600,GameRo,0.219,0.752,-0.596,0.178
86415522497939,pre,995.234,,,
86415530405369,acc,-8.011,-4.775,-1.645,
86415530405369,Gyro,-0.347,-0.069,-2.368,
86415530405369,Lacc,-3.082,3.397,0.627,
86415530405369,GameRo,0.204,0.758,-0.596,0.171
86415547537002,pre,995.256,,,
86415550276057,acc,-7.719,-4.805,-2.008,
86415550276057,Gyro,-0.203,-0.057,-2.327,
86415550276057,Lacc,-3.119,3.547,0.297,
86415550276057,GameRo,0.187,0.763,-0.597,0.161
86415570146661,acc,-7.563,-5.000,-2.431,
86415570146661,Gyro,-0.173,0.067,-2.330,
86415570146661,Lacc,-3.274,3.506,-0.087,
86415570146661,GameRo,0.172,0.768,-0.598,0.150
86415572614679,pre,995.259,,,
86415590017674,acc,-7.694,-5.273,-2.400,
86415590017674,Gyro,-0.206,0.246,-2.344,
86415590017674,Lacc,-3.470,3.247,0.009,
86415590017674,GameRo,0.167,0.771,-0.596,0.150
86415597668879,pre,995.250,,,
86415609889093,acc,-7.891,-5.740,-2.106,
86415609889093,Gyro,-0.218,0.422,-2.388,
86415609889093,Lacc,-3.758,2.811,0.351,
86415609889093,GameRo,0.161,0.774,-0.594,0.148
86415622707168,pre,995.256,,,
86415629734349,acc,-8.238,-6.215,-1.658,
86415629734349,Gyro,-0.168,0.529,-2.498,
86415629734349,Lacc,-4.530,2.509,0.869,
86415629734349,GameRo,0.146,0.779,-0.595,0.131
86415647753474,pre,995.256,,,
86415649605564,acc,-8.756,-6.155,-1.372,
86415649605564,Gyro,-0.045,0.589,-2.645,
86415649605564,Lacc,-5.531,2.742,1.211,
86415649605564,GameRo,0.129,0.784,-0.597,0.112
86415669501683,acc,-9.566,-5.748,-1.357,
86415669501683,Gyro,0.078,0.553,-2.740,
86415669501683,Lacc,-6.854,3.312,1.250,
86415669501683,GameRo,0.111,0.788,-0.599,0.091
86415672835179,pre,995.240,,,
86415689371922,acc,-10.367,-5.237,-1.601,
86415689371922,Gyro,0.065,0.465,-2.720,
86415689371922,Lacc,-8.175,3.960,1.012,
86415689371922,GameRo,0.093,0.790,-0.601,0.071
86415697891779,pre,995.253,,,
86415709243342,acc,-11.010,-4.792,-1.590,
86415709243342,Gyro,-0.105,0.327,-2.596,
86415709243342,Lacc,-9.319,4.505,1.044,
86415709243342,GameRo,0.074,0.793,-0.602,0.052
86415722946670,pre,995.289,,,
86415729114272,acc,-11.568,-4.618,-1.290,
86415729114272,Gyro,-0.335,0.132,-2.391,
86415729114272,Lacc,-10.340,4.736,1.399,
86415729114272,GameRo,0.056,0.796,-0.601,0.036
86415748981908,acc,-11.970,-4.630,-0.783,
86415748981908,Gyro,-0.500,-0.131,-2.144,
86415748981908,Lacc,-11.149,4.743,1.992,
86415748981908,GameRo,0.038,0.800,-0.598,0.024
86415747977147,pre,995.271,,,
86415768855890,acc,-12.138,-4.341,-0.496,
86415768855890,Gyro,-0.522,-0.404,-1.873,
86415768855890,Lacc,-11.657,5.027,2.375,
86415768855890,GameRo,0.021,0.804,-0.595,0.015
86415773058446,pre,995.213,,,
86415788726943,acc,-12.390,-3.884,-0.428,
86415788726943,Gyro,-0.460,-0.591,-1.581,
86415788726943,Lacc,-12.184,5.468,2.529,
86415788726943,GameRo,0.004,0.807,-0.591,0.010
86415798113215,pre,995.213,,,
86415808598443,acc,-13.055,-3.580,-0.457,
86415808598443,Gyro,-0.413,-0.756,-1.188,
86415808598443,Lacc,-13.049,5.749,2.577,
86415808598443,GameRo,-0.011,0.809,-0.588,0.008
86415823168350,pre,995.256,,,
86415828469009,acc,-14.178,-4.025,-0.380,
86415828469009,Gyro,-0.331,-0.982,-0.653,
86415828469009,Lacc,-14.267,5.282,2.723,
86415828469009,GameRo,-0.022,0.811,-0.585,0.011
86415848354791,acc,-14.382,-4.393,-0.733,
86415848354791,Gyro,-0.211,-1.266,-0.046,
86415848354791,Lacc,-14.434,4.897,2.417,
86415848354791,GameRo,-0.031,0.812,-0.582,0.019
86415848224705,pre,995.292,,,
86415868210464,acc,-13.525,-4.270,-1.414,
86415868210464,Gyro,-0.073,-1.384,0.475,
86415868210464,Lacc,-13.423,5.013,1.758,
86415868210464,GameRo,-0.036,0.813,-0.581,0.032
86415873257054,pre,995.280,,,
86415888081069,acc,-12.586,-3.989,-2.151,
86415888081069,Gyro,0.087,-1.275,0.953,
86415888081069,Lacc,-12.244,5.291,1.009,
86415888081069,GameRo,-0.037,0.812,-0.580,0.048
86415898312636,pre,995.262,,,
86415907952041,acc,-12.526,-4.676,-2.795,
86415907952041,Gyro,0.253,-0.832,1.409,
86415907952041,Lacc,-11.880,4.604,0.320,
86415907952041,GameRo,-0.033,0.811,-0.581,0.064
86415923368585,pre,995.268,,,
86415927823379,acc,-12.851,-5.664,-2.557,
86415927823379,Gyro,0.478,-0.262,1.874,
86415927823379,Lacc,-11.854,3.611,0.478,
86415927823379,GameRo,-0.021,0.809,-0.582,0.078
86415947694147,acc,-12.953,-6.068,-1.731,
86415947694147,Gyro,0.771,0.240,2.364,
86415947694147,Lacc,-11.550,3.194,1.183,
86415947694147,GameRo,-0.002,0.805,-0.586,0.090
86415948428278,pre,995.289,,,
86415967565160,acc,-13.011,-6.687,-1.159,
86415967565160,Gyro,0.978,0.512,2.863,
86415967565160,Lacc,-11.131,2.539,1.596,
86415967565160,GameRo,0.024,0.800,-0.591,0.102
86415973508804,pre,995.292,,,
86415987436009,acc,-12.786,-7.572,-1.011,
86415987436009,Gyro,0.974,0.558,3.287,
86415987436009,Lacc,-10.352,1.570,1.584,
86415987436009,GameRo,0.054,0.793,-0.595,0.116
86415998549413,pre,995.268,,,
86416007307185,acc,-12.435,-8.480,-0.808,
86416007307185,Gyro,0.914,0.495,3.560,
86416007307185,Lacc,-9.393,0.517,1.648,
86416007307185,GameRo,0.085,0.786,-0.598,0.132
86416023620661,pre,995.247,,,
86416027179010,acc,-12.052,-9.121,-0.810,
86416027179010,Gyro,0.905,0.444,3.754,
86416027179010,Lacc,-8.372,-0.329,1.515,
86416027179010,GameRo,0.118,0.778,-0.599,0.150
86416047025609,acc,-11.511,-9.242,-0.685,
86416047025609,Gyro,0.922,0.353,3.843,
86416047025609,Lacc,-7.188,-0.714,1.513,
86416047025609,GameRo,0.152,0.768,-0.600,0.169
86416048695164,pre,995.231,,,
86416066919977,acc,-10.933,-8.872,-0.964,
86416066919977,Gyro,0.879,0.345,3.931,
86416066919977,Lacc,-5.971,-0.668,1.111,
86416066919977,GameRo,0.184,0.756,-0.599,0.188
86416073730686,pre,995.216,,,
86416086790746,acc,-10.315,-8.637,-0.394,
86416086790746,Gyro,0.920,0.272,3.997,
86416086790746,Lacc,-4.731,-0.815,1.573,
86416086790746,GameRo,0.218,0.743,-0.597,0.208
86416098761123,pre,995.207,,,
86416106661066,acc,-9.550,-8.490,-0.860,
86416106661066,Gyro,0.859,0.184,4.040,
86416106661066,Lacc,-3.363,-1.106,0.991,
86416106661066,GameRo,0.251,0.729,-0.595,0.228
86416123840469,pre,995.213,,,
86416126553278,acc,-8.664,-8.554,-0.832,
86416126553278,Gyro,0.724,0.105,3.949,
86416126553278,Lacc,-1.913,-1.657,0.926,
86416126553278,GameRo,0.282,0.714,-0.590,0.249
86416146403091,acc,-7.998,-8.726,-0.731,
86416146403091,Gyro,0.601,-0.006,3.709,
86416146403091,Lacc,-0.747,-2.336,0.948,
86416146403091,GameRo,0.310,0.699,-0.585,0.269
86416148879206,pre,995.207,,,
86416166258804,acc,-7.471,-8.667,-0.660,
86416166258804,Gyro,0.495,-0.164,3.396,
86416166258804,Lacc,0.210,-2.778,0.938,
86416166258804,GameRo,0.335,0.685,-0.579,0.288
86416173950047,pre,995.189,,,
86416186144708,acc,-6.884,-8.151,-0.676,
86416186144708,Gyro,0.400,-0.335,3.095,
86416186144708,Lacc,1.160,-2.742,0.829,
86416186144708,GameRo,0.356,0.671,-0.574,0.307
86416199003758,pre,995.195,,,
86416206016738,acc,-6.319,-7.735,-0.843,
86416206016738,Gyro,0.255,-0.511,2.821,
86416206016738,Lacc,1.908,-2.569,0.519,
86416206016738,GameRo,0.365,0.660,-0.574,0.317
86416224058975,pre,995.250,,,
86416225886936,acc,-5.751,-7.712,-0.967,
86416225886936,Gyro,0.117,-0.548,2.494,
86416225886936,Lacc,2.531,-2.604,0.281,
86416225886936,GameRo,0.367,0.655,-0.577,0.321
86416245757787,acc,-5.241,-7.662,-0.741,
86416245757787,Gyro,0.099,-0.485,2.129,
86416245757787,Lacc,3.246,-2.879,0.407,
86416245757787,GameRo,0.377,0.645,-0.573,0.336
86416249115127,pre,995.308,,,
86416265628758,acc,-4.784,-7.339,-0.542,
86416265628758,Gyro,0.184,-0.360,1.772,
86416265628758,Lacc,3.883,-2.870,0.524,
86416265628758,GameRo,0.387,0.636,-0.570,0.348
86416274171116,pre,995.271,,,
86416285499608,acc,-4.594,-7.489,-0.552,
86416285499608,Gyro,0.275,-0.204,1.431,
86416285499608,Lacc,4.210,-3.279,0.448,
86416285499608,GameRo,0.396,0.628,-0.567,0.357
86416299226374,pre,995.222,,,
86416305369969,acc,-4.751,-8.305,-0.823,
86416305369969,Gyro,0.283,-0.077,1.071,
86416305369969,Lacc,3.979,-3.935,0.139,
86416305369969,GameRo,0.392,0.629,-0.573,0.351
86416325216852,acc,-4.777,-8.986,-0.980,
86416325216852,Gyro,0.180,0.002,0.655,
86416325216852,Lacc,3.971,-4.647,-0.037,
86416325216852,GameRo,0.394,0.627,-0.574,0.351
86416324284357,pre,995.228,,,
86416345112604,acc,-4.554,-9.254,-0.850,
86416345112604,Gyro,0.003,0.027,0.137,
86416345112604,Lacc,4.195,-4.917,0.091,
86416345112604,GameRo,0.395,0.626,-0.574,0.350
86416349340225,pre,995.240,,,
86416364958836,acc,-4.484,-9.170,-0.501,
86416364958836,Gyro,-0.203,-0.005,-0.474,
86416364958836,Lacc,4.185,-4.678,0.448,
86416364958836,GameRo,0.389,0.630,-0.577,0.345
86416374370864,pre,995.222,,,
86416384829116,acc,-5.134,-9.394,-0.257,
86416384829116,Gyro,-0.335,-0.080,-1.022,
86416384829116,Lacc,3.454,-4.753,0.710,
86416384829116,GameRo,0.382,0.635,-0.578,0.342
86416399452082,pre,995.207,,,
86416404724502,acc,-5.767,-10.290,-0.626,
86416404724502,Gyro,-0.440,-0.125,-1.521,
86416404724502,Lacc,2.693,-5.423,0.358,
86416404724502,GameRo,0.371,0.642,-0.581,0.336
86416424570937,acc,-6.152,-10.966,-0.623,
86416424570937,Gyro,-0.659,-0.163,-2.109,
86416424570937,Lacc,2.119,-5.790,0.395,
86416424570937,GameRo,0.356,0.652,-0.584,0.328
86416424508966,pre,995.210,,,
86416444443252,acc,-6.188,-10.441,0.408,
86416444443252,Gyro,-1.024,-0.409,-2.819,
86416444443252,Lacc,1.811,-4.864,1.475,
86416444443252,GameRo,0.335,0.665,-0.587,0.318
86416449538995,pre,995.213,,,
86416464333471,acc,-6.895,-9.866,1.847,
86416464333471,Gyro,-1.285,-0.976,-3.598,
86416464333471,Lacc,0.731,-3.793,2.938,
86416464333471,GameRo,0.304,0.681,-0.592,0.307
86416474603204,pre,995.237,,,
86416484208714,acc,-9.073,-9.650,1.511,
86416484208714,Gyro,-1.020,-1.424,-4.212,
86416484208714,Lacc,-1.932,-3.005,2.555,
86416484208714,GameRo,0.264,0.695,-0.600,0.295
86416499654149,pre,995.259,,,
86416504079605,acc,-12.147,-8.534,-0.949,
86416504079605,Gyro,-0.201,-1.333,-4.351,
86416504079605,Lacc,-5.584,-1.301,-0.033,
86416504079605,GameRo,0.224,0.705,-0.612,0.280
86416523950006,acc,-14.631,-7.092,-4.876,
86416523950006,Gyro,0.581,-0.711,-3.941,
86416523950006,Lacc,-8.668,0.663,-4.144,
86416523950006,GameRo,0.190,0.708,-0.628,0.261
86416524710301,pre,995.240,,,
86416543822281,acc,-14.433,-5.371,-8.061,
86416543822281,Gyro,0.338,0.232,-3.118,
86416543822281,Lacc,-9.005,2.776,-7.434,
86416543822281,GameRo,0.167,0.710,-0.641,0.239
86416549792495,pre,995.207,,,
86416563692397,acc,-12.724,-4.892,-7.050,
86416563692397,Gyro,-0.952,0.864,-2.356,
86416563692397,Lacc,-7.722,3.510,-6.264,
86416563692397,GameRo,0.153,0.719,-0.642,0.218
86416574850642,pre,995.234,,,
86416583562963,acc,-11.555,-5.824,-2.980,
86416583562963,Gyro,-2.064,0.859,-1.935,
86416583562963,Lacc,-6.907,2.733,-1.793,
86416583562963,GameRo,0.141,0.735,-0.632,0.201
86416599898778,pre,995.265,,,
86416603434259,acc,-10.697,-5.766,0.469,
86416603434259,Gyro,-2.421,0.264,-1.903,
86416603434259,Lacc,-6.373,2.884,2.117,
86416603434259,GameRo,0.126,0.754,-0.617,0.190
86416623304540,acc,-8.906,-4.985,2.133,
86416623304540,Gyro,-2.363,-0.672,-1.852,
86416623304540,Lacc,-4.853,3.720,4.144,
86416623304540,GameRo,0.106,0.769,-0.603,0.186
86416624984796,pre,995.222,,,
86416643177057,acc,-8.094,-5.344,1.601,
86416643177057,Gyro,-2.003,-1.509,-2.056,
86416643177057,Lacc,-3.273,3.063,3.123,
86416643177057,GameRo,0.117,0.751,-0.607,0.233
86416650023533,pre,995.176,,,
86416663046564,acc,-8.394,-4.815,0.001,
86416663046564,Gyro,-1.674,-1.734,-2.250,
86416663046564,Lacc,-3.437,3.511,1.531,
86416663046564,GameRo,0.109,0.752,-0.600,0.249
86416675079970,pre,995.216,,,
86416682917576,acc,-8.663,-4.763,-1.235,
86416682917576,Gyro,-1.613,-1.661,-2.219,
86416682917576,Lacc,-3.664,3.517,0.402,
86416682917576,GameRo,0.100,0.757,-0.591,0.258
86416700138686,pre,995.280,,,
86416702788264,acc,-8.515,-4.816,-1.062,
86416702788264,Gyro,-1.414,-1.085,-2.026,
86416702788264,Lacc,-3.168,3.233,0.628,
86416702788264,GameRo,0.109,0.758,-0.581,0.276
86416722659398,acc,-8.325,-5.334,-0.430,
86416722659398,Gyro,-1.193,-0.501,-1.883,
86416722659398,Lacc,-2.910,2.667,1.272,
86416722659398,GameRo,0.102,0.759,-0.576,0.286
86416725195287,pre,995.262,,,
86416742530939,acc,-8.231,-5.833,0.636,
86416742530939,Gyro,-0.894,-0.063,-1.839,
86416742530939,Lacc,-3.017,2.283,2.417,
86416742530939,GameRo,0.086,0.764,-0.573,0.284
86416750249933,pre,995.231,,,
86416762401341,acc,-8.312,-6.086,1.007,
86416762401341,Gyro,-0.529,0.291,-1.948,
86416762401341,Lacc,-3.393,2.190,2.894,
86416762401341,GameRo,0.071,0.769,-0.574,0.273
86416775305638,pre,995.247,,,
86416782271947,acc,-8.621,-5.476,1.060,
86416782271947,Gyro,-0.245,0.590,-2.041,
86416782271947,Lacc,-4.015,2.960,3.019,
86416782271947,GameRo,0.058,0.772,-0.577,0.260
86416800361547,pre,995.268,,,
86416802143081,acc,-8.945,-4.615,1.061,
86416802143081,Gyro,-0.085,0.841,-2.000,
86416802143081,Lacc,-4.580,3.944,3.045,
86416802143081,GameRo,0.051,0.774,-0.580,0.249
86416822013646,acc,-9.706,-4.522,0.896,
86416822013646,Gyro,0.017,1.087,-1.855,
86416822013646,Lacc,-5.707,4.194,2.965,
86416822013646,GameRo,0.042,0.777,-0.584,0.230
86416825421808,pre,995.259,,,
86416841885065,acc,-10.834,-4.943,0.828,
86416841885065,Gyro,0.083,1.281,-1.635,
86416841885065,Lacc,-7.184,3.905,2.978,
86416841885065,GameRo,0.037,0.780,-0.588,0.211
86416850478001,pre,995.244,,,
86416861730321,acc,-11.541,-5.141,1.232,
86416861730321,Gyro,0.098,1.341,-1.367,
86416861730321,Lacc,-8.203,3.811,3.456,
86416861730321,GameRo,0.034,0.782,-0.591,0.192
86416875534845,pre,995.234,,,
86416881631769,acc,-12.163,-5.315,1.805,
86416881631769,Gyro,0.038,1.185,-1.097,
86416881631769,Lacc,-9.090,3.715,4.096,
86416881631769,GameRo,0.032,0.785,-0.594,0.175
86416900588800,pre,995.234,,,
86416901482966,acc,-12.939,-5.301,2.289,
86416901482966,Gyro,-0.168,0.799,-0.788,
86416901482966,Lacc,-10.068,3.777,4.649,
86416901482966,GameRo,0.031,0.787,-0.594,0.163
86416921348525,acc,-13.808,-5.896,2.675,
86416921348525,Gyro,-0.500,0.207,-0.413,
86416921348525,Lacc,-11.050,3.193,5.127,
86416921348525,GameRo,0.028,0.790,-0.592,0.157
86416925646214,pre,995.228,,,
86416941240086,acc,-14.047,-6.127,2.880,
86416941240086,Gyro,-0.730,-0.439,-0.027,
86416941240086,Lacc,-11.299,2.935,5.443,
86416941240086,GameRo,0.025,0.794,-0.587,0.158
86416950702530,pre,995.237,,,
86416961096246,acc,-13.514,-5.548,2.952,
86416961096246,Gyro,-0.673,-0.956,0.338,
86416961096246,Lacc,-10.679,3.463,5.601,
86416961096246,GameRo,0.021,0.797,-0.581,0.166
86416975761083,pre,995.259,,,
86416980999160,acc,-12.885,-4.603,2.371,
86416980999160,Gyro,-0.364,-1.226,0.762,
86416980999160,Lacc,-9.874,4.346,5.036,
86416980999160,GameRo,0.018,0.797,-0.576,0.180
86417000832046,acc,-13.200,-5.125,1.448,
86417000832046,Gyro,0.061,-1.171,1.304,
86417000832046,Lacc,-9.922,3.748,4.050,
86417000832046,GameRo,0.020,0.795,-0.574,0.196
86417000791438,pre,995.268,,,
86417020723607,acc,-13.241,-6.168,0.702,
86417020723607,Gyro,0.580,-0.859,1.846,
86417020723607,Lacc,-9.614,2.609,3.163,
86417020723607,GameRo,0.028,0.790,-0.574,0.213
86417025895034,pre,995.265,,,
86417040593928,acc,-12.758,-6.617,0.278,
86417040593928,Gyro,1.068,-0.365,2.306,
86417040593928,Lacc,-8.726,2.036,2.536,
86417040593928,GameRo,0.044,0.783,-0.576,0.230
86417050901219,pre,995.262,,,
86417060451471,acc,-12.420,-7.132,0.151,
86417060451471,Gyro,1.407,0.122,2.725,
86417060451471,Lacc,-7.942,1.356,2.181,
86417060451471,GameRo,0.068,0.774,-0.580,0.244
86417075957412,pre,995.271,,,
86417080336278,acc,-12.136,-7.607,0.251,
86417080336278,Gyro,1.638,0.513,3.101,
86417080336278,Lacc,-7.172,0.660,2.056,
86417080336278,GameRo,0.097,0.763,-0.585,0.257
86417100206964,acc,-11.859,-8.240,0.498,
86417100206964,Gyro,1.783,0.729,3.409,
86417100206964,Lacc,-6.380,-0.260,2.092,
86417100206964,GameRo,0.131,0.751,-0.588,0.269
86417101016372,pre,995.244,,,
86417120077815,acc,-11.484,-8.874,0.612,
86417120077815,Gyro,1.810,0.693,3.602,
86417120077815,Lacc,-5.474,-1.247,2.007,
86417120077815,GameRo,0.166,0.737,-0.591,0.282
86417126097183,pre,995.219,,,
86417139948460,acc,-10.577,-9.158,0.317,
86417139948460,Gyro,1.723,0.560,3.658,
86417139948460,Lacc,-4.040,-1.943,1.525,
86417139948460,GameRo,0.202,0.722,-0.592,0.296
86417151155858,pre,995.247,,,
86417159819636,acc,-9.872,-9.234,0.176,
86417159819636,Gyro,1.701,0.533,3.594,
86417159819636,Lacc,-2.844,-2.470,1.219,
86417159819636,GameRo,0.235,0.706,-0.592,0.310
86417176213923,pre,995.274,,,
86417179666966,acc,-9.699,-9.052,0.277,
86417179666966,Gyro,1.858,0.587,3.573,
86417179666966,Lacc,-2.219,-2.768,1.170,
86417179666966,GameRo,0.269,0.688,-0.592,0.323
86417199560969,acc,-9.393,-8.759,0.274,
86417199560969,Gyro,2.123,0.659,3.630,
86417199560969,Lacc,-1.493,-2.991,1.021,
86417199560969,GameRo,0.303,0.668,-0.592,0.334
86417201245131,pre,995.256,,,
86417219432184,acc,-8.810,-8.789,-0.237,
86417219432184,Gyro,2.279,0.713,3.665,
86417219432184,Lacc,-0.520,-3.580,0.375,
86417219432184,GameRo,0.339,0.645,-0.592,0.344
86417226329360,pre,995.240,,,
86417239302953,acc,-8.090,-8.847,-0.699,
86417239302953,Gyro,2.107,0.662,3.577,
86417239302953,Lacc,0.547,-4.223,-0.186,
86417239302953,GameRo,0.374,0.622,-0.591,0.353
86417251385635,pre,995.247,,,
86417259174372,acc,-7.496,-8.816,-0.875,
86417259174372,Gyro,1.654,0.421,3.372,
86417259174372,Lacc,1.432,-4.774,-0.427,
86417259174372,GameRo,0.404,0.600,-0.588,0.363
86417276443008,pre,995.265,,,
86417279022679,acc,-6.698,-8.649,-1.142,
86417279022679,Gyro,1.142,0.158,3.078,
86417279022679,Lacc,2.464,-5.166,-0.752,
86417279022679,GameRo,0.429,0.580,-0.583,0.374
86417298915664,acc,-5.943,-8.155,-1.193,
86417298915664,Gyro,0.779,0.067,2.751,
86417298915664,Lacc,3.351,-5.038,-0.815,
86417298915664,GameRo,0.446,0.566,-0.580,0.380
86417301499282,pre,995.277,,,
86417318786758,acc,-5.434,-7.715,-1.116,
86417318786758,Gyro,0.653,0.148,2.473,
86417318786758,Lacc,3.944,-4.862,-0.720,
86417318786758,GameRo,0.459,0.556,-0.577,0.383
86417326557917,pre,995.265,,,
86417338657933,acc,-4.921,-7.312,-1.156,
86417338657933,Gyro,0.722,0.392,2.207,
86417338657933,Lacc,4.573,-4.877,-0.738,
86417338657933,GameRo,0.476,0.543,-0.571,0.391
86417351614720,pre,995.262,,,
86417358528335,acc,-4.730,-7.227,-1.199,
86417358528335,Gyro,0.820,0.710,1.950,
86417358528335,Lacc,4.848,-5.165,-0.700,
86417358528335,GameRo,0.493,0.531,-0.565,0.395
86417376672948,pre,995.280,,,
86417378399957,acc,-4.730,-7.818,-1.322,
86417378399957,Gyro,0.794,0.925,1.648,
86417378399957,Lacc,4.894,-6.031,-0.677,
86417378399957,GameRo,0.510,0.522,-0.559,0.394
86417398270441,acc,-4.607,-8.308,-1.483,
86417398270441,Gyro,0.601,1.015,1.224,
86417398270441,Lacc,4.946,-6.270,-0.576,
86417398270441,GameRo,0.519,0.526,-0.563,0.370
86417401730158,pre,995.286,,,
86417418141412,acc,-4.518,-8.469,-1.247,
86417418141412,Gyro,0.331,0.987,0.657,
86417418141412,Lacc,4.882,-5.912,-0.091,
86417418141412,GameRo,0.521,0.536,-0.572,0.338
86417426770441,pre,995.262,,,
86417437989028,acc,-4.566,-7.968,-0.925,
86417437989028,Gyro,0.051,0.837,0.120,
86417437989028,Lacc,4.814,-5.415,0.391,
86417437989028,GameRo,0.527,0.538,-0.568,0.332
86417451844171,pre,995.244,,,
86417457882908,acc,-5.146,-8.305,-0.732,
86417457882908,Gyro,-0.210,0.665,-0.276,
86417457882908,Lacc,3.876,-4.724,0.692,
86417457882908,GameRo,0.511,0.558,-0.588,0.285
86417477728327,acc,-5.823,-10.127,-0.831,
86417477728327,Gyro,-0.451,0.452,-0.677,
86417477728327,Lacc,3.143,-6.458,0.713,
86417476904474,pre,995.265,,,
86417477728327,GameRo,0.510,0.565,-0.585,0.281
86417497625218,acc,-6.129,-12.276,-0.932,
86417497625218,Gyro,-0.703,0.241,-1.262,
86417497625218,Lacc,2.749,-8.441,0.713,
86417497625218,GameRo,0.504,0.574,-0.583,0.276
86417501962051,pre,995.277,,,
86417517496231,acc,-5.089,-11.793,-0.526,
86417517496231,Gyro,-0.972,0.118,-2.191,
86417517496231,Lacc,3.636,-7.659,1.212,
86417517496231,GameRo,0.492,0.589,-0.582,0.269
86417526994033,pre,995.244,,,
86417537368097,acc,-5.912,-9.503,0.608,
86417537368097,Gyro,-1.018,0.018,-3.089,
86417537368097,Lacc,2.562,-4.917,2.448,
86417537368097,GameRo,0.472,0.609,-0.583,0.257
86417552075088,pre,995.228,,,
86417557237360,acc,-8.324,-8.535,1.021,
86417557237360,Gyro,-0.679,-0.362,-3.502,
86417557237360,Lacc,-0.177,-3.407,2.908,
86417557237360,GameRo,0.448,0.629,-0.588,0.242
86417577109634,acc,-9.549,-8.249,-0.870,
86417577109634,Gyro,-0.267,-0.736,-3.505,
86417577109634,Lacc,-1.758,-2.572,0.950,
86417577109634,GameRo,0.420,0.645,-0.596,0.227
86417577122696,pre,995.250,,,
86417596979588,acc,-10.199,-8.999,-3.291,
86417596979588,Gyro,-0.067,-0.668,-3.447,
86417596979588,Lacc,-2.789,-2.803,-1.575,
86417596979588,GameRo,0.393,0.658,-0.606,0.212
86417602162409,pre,995.277,,,
86417616850682,acc,-10.348,-9.338,-4.344,
86417616850682,Gyro,-0.158,-0.295,-3.465,
86417616850682,Lacc,-3.365,-2.652,-2.678,
86417616850682,GameRo,0.368,0.671,-0.614,0.194
86417627220351,pre,995.262,,,
86417636696100,acc,-10.328,-8.803,-3.778,
86417636696100,Gyro,-0.419,0.065,-3.501,
86417636696100,Lacc,-3.824,-1.660,-2.071,
86417636696100,GameRo,0.343,0.685,-0.619,0.174
86417652294163,pre,995.244,,,
86417656592219,acc,-10.507,-7.960,-2.174,
86417656592219,Gyro,-0.580,0.283,-3.373,
86417656592219,Lacc,-4.515,-0.409,-0.354,
86417656592219,GameRo,0.320,0.700,-0.620,0.153
86417676463394,acc,-10.100,-7.657,-0.637,
86417676463394,Gyro,-0.488,0.215,-3.102,
86417676463394,Lacc,-4.606,0.236,1.299,
86417676463394,GameRo,0.299,0.714,-0.619,0.133
86417677334772,pre,995.247,,,
86417696334569,acc,-9.065,-8.255,-0.201,
86417696334569,Gyro,-0.319,-0.031,-3.096,
86417696334569,Lacc,-4.058,-0.060,1.800,
86417696334569,GameRo,0.277,0.725,-0.620,0.115
86417702416519,pre,995.259,,,
86417716179743,acc,-9.054,-7.958,0.088,
86417716179743,Gyro,-0.196,-0.341,-3.287,
86417716179743,Lacc,-4.571,0.532,2.104,
86417716179743,GameRo,0.252,0.734,-0.623,0.097
86417727454198,pre,995.253,,,
86417736076716,acc,-9.543,-7.718,-0.329,
86417736076716,Gyro,-0.205,-0.752,-3.402,
86417736076716,Lacc,-5.613,1.047,1.662,
86417736076716,GameRo,0.223,0.743,-0.626,0.082
86417752528986,pre,995.259,,,
86417755946792,acc,-9.846,-7.829,-0.710,
86417755946792,Gyro,-0.293,-0.883,-3.445,
86417755946792,Lacc,-6.485,1.173,1.266,
86417755946792,GameRo,0.192,0.751,-0.628,0.067
86417775818985,acc,-10.477,-7.279,-1.212,
86417775818985,Gyro,-0.432,-0.922,-3.348,
86417775818985,Lacc,-7.695,1.916,0.774,
86417775818985,GameRo,0.161,0.759,-0.629,0.054
86417777562921,pre,995.283,,,
86417795710098,acc,-10.609,-6.902,-1.390,
86417795710098,Gyro,-0.576,-0.708,-3.039,
86417795710098,Lacc,-8.372,2.428,0.656,
86417795710098,GameRo,0.132,0.766,-0.628,0.041
86417802640924,pre,995.298,,,
86417815533991,acc,-10.338,-6.952,-1.097,
86417815533991,Gyro,-0.622,-0.403,-2.744,
86417815533991,Lacc,-8.601,2.463,1.044,
86417815533991,GameRo,0.107,0.773,-0.625,0.028
86417827697443,pre,995.283,,,
86417835430556,acc,-10.118,-7.004,-0.750,
86417835430556,Gyro,-0.603,-0.069,-2.541,
86417835430556,Lacc,-8.855,2.460,1.501,
86417835430556,GameRo,0.086,0.779,-0.621,0.014
86417852752497,pre,995.250,,,
86417855302627,acc,-10.051,-6.923,-0.141,
86417855302627,Gyro,-0.536,0.128,-2.427,
86417855302627,Lacc,-9.249,2.566,2.217,
86417855302627,GameRo,-0.067,-0.785,0.616,0.001
86417875172418,acc,-10.087,-6.445,0.292,
86417875172418,Gyro,-0.493,0.148,-2.355,
86417875172418,Lacc,-9.737,3.047,2.745,
86417875172418,GameRo,-0.050,-0.789,0.612,0.016
86417877784357,pre,995.244,,,
86417895044164,acc,-10.363,-5.770,0.523,
86417895044164,Gyro,-0.481,0.044,-2.222,
86417895044164,Lacc,-10.441,3.704,3.066,
86417895044164,GameRo,-0.033,-0.793,0.608,0.030
86417902868464,pre,995.247,,,
86417914890477,acc,-10.887,-5.408,0.592,
86417914890477,Gyro,-0.510,-0.144,-2.014,
86417914890477,Lacc,-11.349,4.030,3.228,
86417914890477,GameRo,-0.016,-0.796,0.603,0.042
86417927898615,pre,995.237,,,
86417934786066,acc,-11.353,-5.063,0.525,
86417934786066,Gyro,-0.583,-0.379,-1.720,
86417934786066,Lacc,-12.133,4.323,3.269,
86417934786066,GameRo,-0.000,-0.800,0.598,0.050
86417952979507,pre,995.219,,,
86417954656509,acc,-11.509,-4.526,0.753,
86417954656509,Gyro,-0.619,-0.570,-1.362,
86417954656509,Lacc,-12.530,4.800,3.621,
86417954656509,GameRo,0.014,-0.804,0.592,0.054
86417974503555,acc,-11.375,-3.963,1.354,
86417974503555,Gyro,-0.529,-0.765,-0.994,
86417974503555,Lacc,-12.554,5.305,4.344,
86417974503555,GameRo,0.027,-0.807,0.587,0.055
86417978037205,pre,995.231,,,
86417994372247,acc,-11.307,-3.560,1.760,
86417994372247,Gyro,-0.306,-0.979,-0.602,
86417994372247,Lacc,-12.557,5.669,4.843,
86417994372247,GameRo,0.038,-0.810,0.583,0.052
86418003096206,pre,995.253,,,
86418014243504,acc,-12.538,-4.479,1.315,
86418014243504,Gyro,-0.013,-0.979,-0.133,
86418014243504,Lacc,-13.773,4.737,4.442,
86418014243504,GameRo,0.046,-0.811,0.582,0.045
86418028176894,pre,995.240,,,
86418034139703,acc,-13.707,-6.140,0.798,
86418034139703,Gyro,0.301,-0.955,0.375,
86418034139703,Lacc,-14.836,3.095,3.910,
86418034139703,GameRo,0.049,-0.810,0.583,0.036
86418054010676,acc,-13.102,-6.518,0.012,
86418054010676,Gyro,0.492,-0.966,0.710,
86418053184707,pre,995.201,,,
86418054010676,Lacc,-14.047,2.759,3.057,
86418054010676,GameRo,0.050,-0.808,0.587,0.024
86418073881647,acc,-12.187,-5.607,-0.699,
86418073881647,Gyro,0.462,-0.884,0.898,
86418073881647,Lacc,-12.913,3.715,2.269,
86418073881647,GameRo,0.048,-0.806,0.590,0.011
86418078267390,pre,995.201,,,
86418093753067,acc,-12.308,-5.265,-0.941,
86418093753067,Gyro,0.403,-0.547,1.193,
86418093753067,Lacc,-12.789,4.093,1.961,
86418093753067,GameRo,-0.044,0.804,-0.593,0.002
86418103322077,pre,995.240,,,
86418113623835,acc,-12.449,-5.131,-0.680,
86418113623835,Gyro,0.548,-0.039,1.699,
86418113623835,Lacc,-12.628,4.265,2.135,
86418113623835,GameRo,-0.033,0.802,-0.597,0.013
86418128353246,pre,995.256,,,
86418133495295,acc,-12.507,-5.515,-0.244,
86418133495295,Gyro,0.751,0.501,2.290,
86418133495295,Lacc,-12.306,3.918,2.440,
86418133495295,GameRo,-0.014,0.798,-0.602,0.023
86418153365250,acc,-12.539,-6.815,0.342,
86418153365250,Gyro,0.843,0.774,2.801,
86418153365250,Lacc,-11.869,2.638,2.876,
86418153365250,GameRo,0.012,0.793,-0.608,0.034
86418153409968,pre,995.234,,,
86418173211237,acc,-12.365,-7.958,0.795,
86418173211237,Gyro,0.903,0.879,3.120,
86418173211237,Lacc,-11.158,1.482,3.179,
86418173211237,GameRo,0.042,0.787,-0.614,0.045
86418178469578,pre,995.234,,,
86418193106989,acc,-12.398,-8.538,1.082,
86418193106989,Gyro,1.053,1.019,3.349,
86418193106989,Lacc,-10.617,0.849,3.308,
86418193106989,GameRo,0.074,0.780,-0.619,0.058
86418203522231,pre,995.250,,,
86418212978490,acc,-12.743,-8.712,1.295,
86418212978490,Gyro,1.290,1.206,3.641,
86418212978490,Lacc,-10.349,0.579,3.342,
86418212978490,GameRo,0.109,0.770,-0.625,0.070
86418228604141,pre,995.253,,,
86418232840388,acc,-12.844,-9.017,1.378,
86418232840388,Gyro,1.504,1.371,4.011,
86418232840388,Lacc,-9.785,0.118,3.230,
86418232840388,GameRo,0.148,0.757,-0.632,0.082
86418252719823,acc,-12.712,-9.683,1.292,
86418252719823,Gyro,1.594,1.480,4.340,
86418252719823,Lacc,-8.938,-0.782,2.957,
86418252719823,GameRo,0.191,0.741,-0.637,0.096
86418253632909,pre,995.237,,,
86418272572321,acc,-12.347,-10.242,1.479,
86418272572321,Gyro,1.601,1.621,4.560,
86418272572321,Lacc,-7.837,-1.664,2.994,
86418272572321,GameRo,0.235,0.722,-0.641,0.110
86418278691136,pre,995.237,,,
86418292461359,acc,-12.029,-10.788,1.940,
86418292461359,Gyro,1.628,1.639,4.694,
86418292461359,Lacc,-6.787,-2.616,3.343,
86418292461359,GameRo,0.281,0.702,-0.643,0.124
86418303769424,pre,995.247,,,
86418312333389,acc,-11.436,-11.298,2.255,
86418312333389,Gyro,1.653,1.563,4.752,
86418312333389,Lacc,-5.488,-3.609,3.575,
86418312333389,GameRo,0.326,0.679,-0.643,0.138
86418328822403,pre,995.237,,,
86418332177871,acc,-10.525,-11.518,2.379,
86418332177871,Gyro,1.709,1.453,4.686,
86418332177871,Lacc,-3.917,-4.376,3.633,
86418332177871,GameRo,0.369,0.654,-0.642,0.153
86418352073949,acc,-9.411,-11.576,2.224,
86418352073949,Gyro,1.677,1.336,4.469,
86418352073949,Lacc,-2.217,-5.018,3.432,
86418352073949,GameRo,0.409,0.628,-0.641,0.166
86418353879084,pre,995.219,,,
86418371945571,acc,-8.133,-11.266,2.078,
86418371945571,Gyro,1.534,1.163,4.098,
86418371945571,Lacc,-0.441,-5.295,3.267,
86418371945571,GameRo,0.446,0.602,-0.638,0.179
86418378907078,pre,995.219,,,
86418391816421,acc,-6.817,-10.524,1.981,
86418391816421,Gyro,1.384,1.015,3.638,
86418391816421,Lacc,1.277,-5.110,3.171,
86418391816421,GameRo,0.477,0.577,-0.635,0.190
86418403987685,pre,995.247,,,
86418411661880,acc,-5.659,-9.681,2.073,
86418411661880,Gyro,1.339,0.991,3.120,
86418411661880,Lacc,2.747,-4.771,3.285,
86418411661880,GameRo,0.504,0.555,-0.631,0.199
86418429041437,pre,995.271,,,
86418431558405,acc,-4.892,-8.795,2.309,
86418431558405,Gyro,1.409,1.061,2.634,
86418431558405,Lacc,3.717,-4.251,3.520,
86418431558405,GameRo,0.526,0.534,-0.631,0.201
86418451439875,acc,-4.350,-8.052,2.489,
86418451439875,Gyro,1.485,1.112,2.202,
86418451439875,Lacc,4.345,-3.649,3.602,
86418451439875,GameRo,0.540,0.515,-0.637,0.193
86418454095962,pre,995.274,,,
86418471300064,acc,-3.938,-7.648,2.483,
86418471300064,Gyro,1.459,1.080,1.794,
86418471300064,Lacc,4.890,-3.535,3.657,
86418471300064,GameRo,0.559,0.498,-0.635,0.191
86418479126439,pre,995.256,,,
86418491171483,acc,-3.494,-7.427,2.546,
86418491171483,Gyro,1.324,0.937,1.323,
86418491171483,Lacc,5.427,-3.538,3.784,
86418491171483,GameRo,0.575,0.483,-0.634,0.187
86418504202977,pre,995.256,,,
86418511039851,acc,-3.294,-7.138,2.639,
86418511039851,Gyro,1.186,0.733,0.806,
86418511039851,Lacc,5.679,-3.385,3.923,
86418511039851,GameRo,0.586,0.471,-0.633,0.182
86418529258235,pre,995.262,,,
86418530912734,acc,-3.273,-6.823,2.662,
86418530912734,Gyro,1.083,0.520,0.300,
86418530912734,Lacc,5.716,-3.118,3.964,
86418530912734,GameRo,0.594,0.462,-0.635,0.176
86418550783503,acc,-3.583,-6.541,2.621,
86418550783503,Gyro,1.030,0.297,-0.171,
86418550783503,Lacc,5.393,-2.798,3.910,
86418550783503,GameRo,0.598,0.457,-0.637,0.168
86418554311131,pre,995.265,,,
86418570654067,acc,-4.191,-6.733,2.369,
86418570654067,Gyro,1.060,0.076,-0.578,
86418570654067,Lacc,4.746,-2.878,3.600,
86418570654067,GameRo,0.598,0.453,-0.642,0.158
86418579383397,pre,995.262,,,
86418590525487,acc,-5.664,-7.800,1.594,
86418590525487,Gyro,1.196,0.001,-0.964,
86418590525487,Lacc,2.809,-2.895,2.205,
86418590525487,GameRo,0.563,0.463,-0.676,0.112
86418604419977,pre,995.256,,,
86418610396499,acc,-8.301,-10.678,0.454,
86418610396499,Gyro,1.346,0.075,-1.315,
86418610396499,Lacc,0.051,-5.555,0.944,
86418610396499,GameRo,0.559,0.461,-0.683,0.096
86418630241429,acc,-9.766,-12.873,-0.474,
86418630241429,Gyro,1.540,0.079,-1.770,
86418630241429,Lacc,-1.583,-7.474,-0.124,
86418630241429,GameRo,0.553,0.460,-0.690,0.077
86418629477106,pre,995.256,,,
86418650138321,acc,-9.234,-10.400,-0.984,
86418650138321,Gyro,1.745,0.067,-2.401,
86418650138321,Lacc,-1.297,-4.637,-0.810,
86418650138321,GameRo,0.545,0.461,-0.699,0.052
86418654507298,pre,995.253,,,
86418670009251,acc,-10.010,-7.342,-1.293,
86418670009251,Gyro,1.789,0.046,-2.675,
86418670009251,Lacc,-2.392,-1.161,-1.321,
86418670009251,GameRo,0.534,0.462,-0.708,0.023
86418679561132,pre,995.240,,,
86418689880915,acc,-10.680,-6.485,-1.430,
86418689880915,Gyro,1.666,-0.288,-2.451,
86418689880915,Lacc,-3.387,0.070,-1.696,
86418689880915,GameRo,-0.521,-0.464,0.717,0.003
86418704650243,pre,995.219,,,
86418709751032,acc,-9.661,-6.717,-2.209,
86418709751032,Gyro,1.678,-0.543,-2.294,
86418709751032,Lacc,-2.677,0.150,-2.763,
86418709751032,GameRo,-0.507,-0.464,0.726,0.026
86418729622248,acc,-8.725,-6.496,-3.355,
86418729622248,Gyro,1.915,-0.462,-2.350,
86418729622248,Lacc,-2.071,0.659,-4.232,
86418729622248,GameRo,-0.491,-0.462,0.736,0.049
86418729667089,pre,995.213,,,
86418749492813,acc,-8.047,-5.538,-4.645,
86418749492813,Gyro,2.003,-0.203,-2.373,
86418749492813,Lacc,-1.743,1.880,-5.852,
86418749492813,GameRo,-0.477,-0.459,0.746,0.075
86418754724868,pre,995.216,,,
86418769363622,acc,-7.733,-4.601,-5.342,
86418769363622,Gyro,1.632,0.134,-2.275,
86418769363622,Lacc,-1.762,3.047,-6.781,
86418769363622,GameRo,-0.466,-0.457,0.751,0.100
86418779779433,pre,995.207,,,
86418789234268,acc,-7.911,-4.656,-4.512,
86418789234268,Gyro,1.033,0.427,-2.023,
86418789234268,Lacc,-2.180,3.172,-5.963,
86418789234268,GameRo,-0.463,-0.460,0.748,0.118
86418804860570,pre,995.195,,,
86418809105443,acc,-7.866,-6.571,-2.949,
86418809105443,Gyro,0.630,0.568,-1.868,
86418809105443,Lacc,-2.409,1.443,-4.443,
86418809105443,GameRo,-0.458,-0.463,0.747,0.137
86418828976211,acc,-7.776,-8.694,-1.924,
86418828976211,Gyro,0.533,0.654,-2.023,
86418828976211,Lacc,-2.612,-0.491,-3.433,
86418828976211,GameRo,-0.453,-0.467,0.743,0.156
86418829894872,pre,995.234,,,
86418848847305,acc,-8.190,-9.672,-1.153,
86418848847305,Gyro,0.747,0.766,-2.405,
86418848847305,Lacc,-3.374,-1.265,-2.693,
86418848847305,GameRo,-0.446,-0.471,0.739,0.179
86418854969375,pre,995.283,,,
86418868717992,acc,-9.160,-9.508,-1.283,
86418868717992,Gyro,1.070,0.795,-2.878,
86418868717992,Lacc,-4.781,-0.883,-2.912,
86418868717992,GameRo,-0.438,-0.475,0.735,0.207
86418880023859,pre,995.277,,,
86418888589574,acc,-10.329,-8.681,-2.201,
86418888589574,Gyro,1.370,0.806,-3.252,
86418888589574,Lacc,-6.467,0.158,-3.984,
86418888589574,GameRo,-0.426,-0.477,0.730,0.239
86418905081477,pre,995.243,,,
86418908459935,acc,-11.573,-7.585,-3.235,
86418908459935,Gyro,1.656,0.906,-3.509,
86418908459935,Lacc,-8.289,1.440,-5.235,
86418908459935,GameRo,-0.412,-0.478,0.725,0.275
86418928334081,acc,-13.129,-5.734,-4.155,
86418928334081,Gyro,1.807,1.070,-3.457,
86418928334081,Lacc,-10.435,3.424,-6.417,
86418928334081,GameRo,-0.397,-0.476,0.720,0.312
86418930128637,pre,995.240,,,
86418948202000,acc,-14.126,-3.785,-4.812,
86418948202000,Gyro,1.563,1.203,-2.987,
86418948202000,Lacc,-11.953,5.445,-7.328,
86418948202000,GameRo,-0.385,-0.472,0.713,0.347
86418955196304,pre,995.250,,,
86418968072932,acc,-13.980,-2.201,-4.634,
86418968072932,Gyro,0.876,1.279,-2.294,
86418968072932,Lacc,-12.199,7.068,-7.308,
86418968072932,GameRo,-0.379,-0.469,0.704,0.375
86418980225031,pre,995.228,,,
86418987943699,acc,-13.413,-1.183,-3.120,
86418987943699,Gyro,0.097,1.263,-1.540,
86418987943699,Lacc,-11.883,8.127,-5.809,
86418987943699,GameRo,-0.379,-0.469,0.694,0.394
86419005306696,pre,995.210,,,
86419007814590,acc,-12.748,-0.897,-1.337,
86419007814590,Gyro,-0.447,1.110,-0.808,
86419007814590,Lacc,-11.338,8.458,-3.930,
86419007814590,GameRo,-0.384,-0.470,0.684,0.405
86419027685683,acc,-12.050,-0.937,0.176,
86419027685683,Gyro,-0.677,0.831,-0.124,
86419027685683,Lacc,-10.646,8.460,-2.268,
86419027685683,GameRo,-0.391,-0.471,0.676,0.409
86419030360163,pre,995.234,,,
86419047556330,acc,-11.402,-1.258,0.810,
86419047556330,Gyro,-0.572,0.518,0.527,
86419047556330,Lacc,-9.899,8.157,-1.497,
86419047556330,GameRo,-0.400,-0.472,0.672,0.407
86419055415095,pre,995.262,,,
86419067401992,acc,-10.712,-2.032,0.565,
86419067401992,Gyro,-0.330,0.294,1.084,
86419067401992,Lacc,-9.011,7.371,-1.654,
86419067401992,GameRo,-0.409,-0.469,0.672,0.401
86419080464126,pre,995.265,,,
86419087298070,acc,-10.291,-2.842,0.109,
86419087298070,Gyro,-0.117,0.161,1.529,
86419087298070,Lacc,-8.304,6.514,-2.070,
86419087298070,GameRo,-0.418,-0.463,0.677,0.392
86419105527359,pre,995.256,,,
86419107154922,acc,-10.026,-3.769,-0.467,
86419107154922,Gyro,0.032,0.121,1.869,
86419107154922,Lacc,-7.691,5.508,-2.639,
86419107154922,GameRo,-0.427,-0.455,0.683,0.380
86419127039851,acc,-9.873,-4.671,-0.876,
86419127039851,Gyro,0.130,0.226,2.058,
86419127039851,Lacc,-7.155,4.499,-3.057,
86419127039851,GameRo,-0.437,-0.445,0.690,0.367
86419130558650,pre,995.240,,,
86419146891942,acc,-10.422,-5.822,-1.110,
86419146891942,Gyro,0.201,0.442,2.188,
86419146891942,Lacc,-7.293,3.214,-3.301,
86419146891942,GameRo,-0.449,-0.432,0.697,0.355
86419155636896,pre,995.250,,,
86419166782160,acc,-11.431,-6.887,-1.106,
86419166782160,Gyro,0.319,0.761,2.352,
86419166782160,Lacc,-7.861,1.983,-3.299,
86419166782160,GameRo,-0.462,-0.418,0.703,0.343
86419180694310,pre,995.262,,,
86419186652887,acc,-12.235,-7.422,-0.670,
86419186652887,Gyro,0.493,1.084,2.517,
86419186652887,Lacc,-8.187,1.241,-2.862,
86419186652887,GameRo,-0.478,-0.400,0.709,0.331
86419206502700,acc,-12.911,-7.401,-0.487,
86419206502700,Gyro,0.668,1.362,2.780,
86419206502700,Lacc,-8.350,1.005,-2.673,
86419206502700,GameRo,-0.496,-0.378,0.713,0.320
86419205748591,pre,995.244,,,
86419226394628,acc,-14.148,-8.198,0.028,
86419226394628,Gyro,0.857,1.624,3.158,
86419226394628,Lacc,-9.017,-0.121,-2.134,
86419226394628,GameRo,-0.516,-0.352,0.718,0.308
86419230805109,pre,995.213,,,
86419246265314,acc,-15.126,-10.254,1.101,
86419246265314,Gyro,1.072,1.342,3.429,
86419246265314,Lacc,-9.399,-2.586,-1.053,
86419246265314,GameRo,-0.535,-0.323,0.723,0.294
86419255861058,pre,995.234,,,
86419266111059,acc,-13.720,-10.239,1.070,
86419266111059,Gyro,1.243,0.708,3.396,
86419266111059,Lacc,-7.440,-3.039,-1.154,
86419266111059,GameRo,-0.549,-0.293,0.732,0.279
86419280917496,pre,995.271,,,
86419286007420,acc,-12.516,-9.301,-0.071,
86419286007420,Gyro,1.088,0.253,3.127,
86419286007420,Lacc,-5.773,-2.572,-2.413,
86419286007420,GameRo,-0.557,-0.265,0.742,0.263
86419305878271,acc,-12.295,-8.673,-0.184,
86419305878271,Gyro,0.773,-0.047,3.046,
86419305878271,Lacc,-5.158,-2.402,-2.630,
86419305878271,GameRo,-0.563,-0.242,0.751,0.245
86419305950658,pre,995.265,,,
86419325749120,acc,-11.459,-8.224,0.335,
86419325749120,Gyro,0.791,-0.199,3.122,
86419325749120,Lacc,-3.961,-2.439,-2.222,
86419325749120,GameRo,-0.567,-0.220,0.761,0.225
86419331041722,pre,995.225,,,
86419345620214,acc,-10.717,-8.268,0.372,
86419345620214,Gyro,1.146,-0.144,3.148,
86419345620214,Lacc,-2.882,-3.015,-2.321,
86419345620214,GameRo,-0.570,-0.195,0.771,0.206
86419356062352,pre,995.210,,,
86419365491266,acc,-10.183,-8.256,-0.011,
86419365491266,Gyro,1.534,0.055,3.036,
86419365491266,Lacc,-2.043,-3.571,-2.846,
86419365491266,GameRo,-0.573,-0.166,0.780,0.191
86419381143244,pre,995.228,,,
86419385362076,acc,-9.772,-7.753,-0.369,
86419385362076,Gyro,1.674,0.254,2.805,
86419385362076,Lacc,-1.369,-3.636,-3.315,
86419385362076,GameRo,-0.576,-0.136,0.786,0.178
86419405232843,acc,-9.551,-6.920,-0.488,
86419405232843,Gyro,1.466,0.309,2.604,
86419405232843,Lacc,-0.925,-3.344,-3.497,
86419405232843,GameRo,-0.579,-0.108,0.791,0.167
86419406172826,pre,995.237,,,
86419425103734,acc,-9.320,-6.234,-0.153,
86419425103734,Gyro,1.065,0.128,2.489,
86419425103734,Lacc,-0.516,-3.163,-3.200,
86419425103734,GameRo,-0.581,-0.084,0.795,0.154
86419431253840,pre,995.237,,,
86419444971084,acc,-8.860,-5.670,0.131,
86419444971084,Gyro,0.699,-0.195,2.418,
86419444971084,Lacc,0.076,-3.061,-2.962,
86419444971084,GameRo,-0.581,-0.065,0.799,0.139
86419456309911,pre,995.213,,,
86419464820287,acc,-8.248,-5.321,0.186,
86419464820287,Gyro,0.455,-0.513,2.344,
86419464820287,Lacc,0.755,-2.297,-2.271,
86419464820287,GameRo,-0.604,-0.101,0.781,0.124
86419481365412,pre,995.204,,,
86419484716527,acc,-7.541,-5.159,0.115,
86419484716527,Gyro,0.382,-0.735,2.276,
86419484716527,Lacc,1.554,-2.551,-2.474,
86419484716527,GameRo,-0.601,-0.086,0.788,0.108
86419504587295,acc,-6.647,-5.172,-0.102,
86419504587295,Gyro,0.475,-0.788,2.178,
86419504587295,Lacc,2.511,-2.985,-2.854,
86419504587295,GameRo,-0.596,-0.071,0.795,0.093
86419506429133,pre,995.222,,,
86419524458958,acc,-5.800,-5.250,-0.459,
86419524458958,Gyro,0.680,-0.660,1.986,
86419524458958,Lacc,3.399,-3.469,-3.364,
86419524458958,GameRo,-0.591,-0.055,0.801,0.080
86419531473444,pre,995.250,,,
86419544329279,acc,-5.319,-5.192,-1.003,
86419544329279,Gyro,0.839,-0.447,1.729,
86419544329279,Lacc,3.907,-3.787,-4.026,
86419544329279,GameRo,-0.587,-0.038,0.806,0.070
86419556526585,pre,995.253,,,
86419564200902,acc,-4.973,-4.860,-1.497,
86419564200902,Gyro,0.808,-0.252,1.516,
86419564200902,Lacc,4.274,-3.791,-4.593,
86419564200902,GameRo,-0.585,-0.023,0.809,0.062
86419581579808,pre,995.256,,,
86419584071386,acc,-4.685,-4.611,-1.762,
86419584071386,Gyro,0.630,-0.106,1.327,
86419584071386,Lacc,4.579,-3.835,-4.894,
86419584071386,GameRo,-0.583,-0.009,0.810,0.055
86419603942194,acc,-4.217,-4.634,-1.738,
86419603942194,Gyro,0.422,0.040,1.095,
86419603942194,Lacc,5.063,-4.100,-4.874,
86419603942194,GameRo,-0.583,0.001,0.811,0.048
86419606611424,pre,995.268,,,
86419623812922,acc,-3.783,-4.790,-1.371,
86419623812922,Gyro,0.285,0.168,0.760,
86419623812922,Lacc,5.514,-4.432,-4.481,
86419623812922,GameRo,-0.584,0.009,0.810,0.043
86419631686335,pre,995.256,,,
86419643684097,acc,-3.568,-4.984,-1.076,
86419643684097,Gyro,0.235,0.225,0.364,
86419643684097,Lacc,5.746,-4.726,-4.145,
86419643684097,GameRo,-0.586,0.013,0.809,0.040
86419656738785,pre,995.228,,,
86419663530004,acc,-3.620,-5.328,-1.004,
86419663530004,Gyro,0.239,0.251,-0.062,
86419663530004,Lacc,5.710,-5.091,-4.026,
86419663530004,GameRo,-0.588,0.015,0.808,0.041
86419681790421,pre,995.237,,,
86419683426162,acc,-4.042,-6.163,-1.130,
86419683426162,Gyro,0.236,0.245,-0.519,
86419683426162,Lacc,5.302,-5.866,-4.104,
86419683426162,GameRo,-0.590,0.015,0.806,0.046
86419703296442,acc,-4.675,-7.134,-1.350,
86419703296442,Gyro,0.228,0.224,-1.087,
86419703296442,Lacc,4.676,-6.677,-4.280,
86419703296442,GameRo,-0.592,0.011,0.804,0.054
86419706841690,pre,995.265,,,
86419723167658,acc,-5.628,-7.631,-1.469,
86419723167658,Gyro,0.221,0.193,-1.712,
86419723167658,Lacc,3.739,-6.297,-4.059,
86419723167658,GameRo,-0.606,-0.027,0.791,0.077
86419731895360,pre,995.250,,,
86419743038752,acc,-6.747,-8.055,-1.624,
86419743038752,Gyro,0.163,0.130,-2.279,
86419743038752,Lacc,2.564,-6.325,-4.184,
86419743038752,GameRo,-0.607,-0.039,0.788,0.095
86419756949111,pre,995.228,,,
86419762909643,acc,-8.135,-8.276,-1.768,
86419762909643,Gyro,0.012,0.080,-2.726,
86419762909643,Lacc,1.078,-6.065,-4.311,
86419762909643,GameRo,-0.606,-0.054,0.785,0.116
86419782757014,acc,-9.650,-9.359,-1.949,
86419782757014,Gyro,-0.226,-0.017,-3.018,
86419782757014,Lacc,-0.581,-6.602,-4.478,
86419782757014,GameRo,-0.605,-0.073,0.781,0.138
86419782002578,pre,995.228,,,
86419802651138,acc,-11.047,-11.364,-2.167,
86419802651138,Gyro,-0.530,-0.109,-3.307,
86419802651138,Lacc,-2.178,-8.009,-4.682,
86419802651138,GameRo,-0.602,-0.096,0.776,0.160
86419807057673,pre,995.222,,,
86419822521947,acc,-11.456,-12.482,-1.764,
86419822521947,Gyro,-0.842,-0.192,-3.705,
86419822521947,Lacc,-2.856,-8.469,-4.249,
86419822521947,GameRo,-0.598,-0.124,0.770,0.183
86419832113988,pre,995.207,,,
86419842393122,acc,-11.015,-11.244,-0.868,
86419842393122,Gyro,-1.106,-0.281,-4.201,
86419842393122,Lacc,-2.781,-6.501,-3.304,
86419842393122,GameRo,-0.593,-0.156,0.762,0.207
86419857169693,pre,995.216,,,
86419862264501,acc,-11.696,-10.474,-0.354,
86419862264501,Gyro,-1.218,-0.363,-4.619,
86419862264501,Lacc,-3.938,-4.953,-2.716,
86419862264501,GameRo,-0.585,-0.192,0.752,0.233
86419882134903,acc,-12.851,-9.856,-0.252,
86419882134903,Gyro,-0.964,-0.463,-4.777,
86419882134903,Lacc,-5.673,-3.576,-2.546,
86419882134903,GameRo,-0.575,-0.229,0.741,0.261
86419882199397,pre,995.244,,,
86419902005793,acc,-13.762,-8.795,-0.824,
86419902005793,Gyro,-0.319,-0.435,-4.689,
86419902005793,Lacc,-7.228,-1.842,-3.107,
86419902005793,GameRo,-0.561,-0.262,0.729,0.292
86419907297907,pre,995.262,,,
86419921876480,acc,-14.425,-7.372,-2.070,
86419921876480,Gyro,0.200,-0.353,-4.377,
86419921876480,Lacc,-8.555,0.130,-4.414,
86419921876480,GameRo,-0.546,-0.287,0.718,0.323
86419932310643,pre,995.274,,,
86419941747289,acc,-14.175,-5.706,-3.225,
86419941747289,Gyro,0.017,-0.311,-3.772,
86419941747289,Lacc,-8.929,2.227,-5.630,
86419941747289,GameRo,-0.532,-0.308,0.706,0.351
86419957391128,pre,995.243,,,
86419961618668,acc,-12.949,-4.705,-2.898,
86419961618668,Gyro,-0.687,-0.337,-3.023,
86419961618668,Lacc,-8.238,3.569,-5.259,
86419961618668,GameRo,-0.521,-0.329,0.695,0.370
86419981489639,acc,-11.876,-4.754,-1.331,
86419981489639,Gyro,-1.080,-0.372,-2.348,
86419981489639,Lacc,-7.600,3.793,-3.547,
86419981489639,GameRo,-0.514,-0.351,0.684,0.381
86419982424860,pre,995.210,,,
86420001360326,acc,-10.732,-5.346,-0.322,
86420001360326,Gyro,-0.980,-0.459,-1.826,
86420001360326,Lacc,-6.806,3.404,-2.386,
86420001360326,GameRo,-0.508,-0.369,0.675,0.387
86420007497818,pre,995.210,,,
86420021230972,acc,-9.512,-5.480,-0.158,
86420021230972,Gyro,-0.698,-0.563,-1.532,
86420021230972,Lacc,-5.880,3.418,-2.122,
86420021230972,GameRo,-0.502,-0.385,0.669,0.391
86420032551936,pre,995.237,,,
86420041103083,acc,-8.712,-5.396,-0.275,
86420041103083,Gyro,-0.456,-0.675,-1.421,
86420041103083,Lacc,-5.223,3.580,-2.141,
86420041103083,GameRo,-0.498,-0.396,0.666,0.389
86420057607152,pre,995.247,,,
86420060973607,acc,-8.272,-5.304,-0.707,
86420060973607,Gyro,-0.290,-0.775,-1.373,
86420060973607,Lacc,-3.846,3.348,-2.047,
86420060973607,GameRo,-0.523,-0.398,0.680,0.326
86420080844620,acc,-7.910,-5.303,-1.319,
86420080844620,Gyro,-0.239,-0.730,-1.373,
86420080844620,Lacc,-3.374,3.315,-2.498,
86420080844620,GameRo,-0.524,-0.406,0.681,0.310
86420082672216,pre,995.237,,,
86420100691787,acc,-7.753,-5.447,-1.714,
86420100691787,Gyro,-0.230,-0.508,-1.412,
86420100691787,Lacc,-3.121,3.144,-2.697,
86420100691787,GameRo,-0.528,-0.414,0.680,0.296
86420107715143,pre,995.237,,,
86420120585708,acc,-7.608,-5.439,-1.741,
86420120585708,Gyro,-0.165,-0.141,-1.493,
86420120585708,Lacc,-3.071,3.214,-2.622,
86420120585708,GameRo,-0.526,-0.423,0.677,0.295
86420132767349,pre,995.237,,,
86420140457534,acc,-7.744,-5.241,-1.516,
86420140457534,Gyro,-0.051,0.238,-1.605,
86420140457534,Lacc,-3.340,3.489,-2.312,
86420140457534,GameRo,-0.524,-0.430,0.672,0.298
86420157821751,pre,995.225,,,
86420160327896,acc,-8.196,-4.937,-1.293,
86420160327896,Gyro,-0.034,0.456,-1.664,
86420160327896,Lacc,-3.646,3.731,-1.921,
86420160327896,GameRo,-0.530,-0.433,0.671,0.285
86420180173354,acc,-8.471,-4.406,-1.033,
86420180173354,Gyro,-0.163,0.493,-1.640,
86420180173354,Lacc,-3.879,4.247,-1.546,
86420180173354,GameRo,-0.532,-0.437,0.670,0.279
86420182876154,pre,995.222,,,
86420200069351,acc,-8.775,-4.118,-0.758,
86420200069351,Gyro,-0.373,0.425,-1.577,
86420200069351,Lacc,-3.833,4.348,-1.133,
86420200069351,GameRo,-0.537,-0.439,0.675,0.252
86420207934178,pre,995.243,,,
86420219940404,acc,-9.479,-4.278,-0.197,
86420219940404,Gyro,-0.531,0.302,-1.464,
86420219940404,Lacc,-4.760,4.319,-0.459,
86420219940404,GameRo,-0.534,-0.449,0.668,0.259
86420232987035,pre,995.253,,,
86420239811294,acc,-10.407,-4.540,0.217,
86420239811294,Gyro,-0.564,0.176,-1.293,
86420239811294,Lacc,-5.918,4.182,0.072,
86420239811294,GameRo,-0.531,-0.459,0.661,0.266
86420258043391,pre,995.247,,,
86420259682632,acc,-11.446,-4.641,0.462,
86420259682632,Gyro,-0.538,0.051,-1.060,
86420259682632,Lacc,-7.153,4.180,0.420,
86420259682632,GameRo,-0.528,-0.468,0.655,0.271
86420279527644,acc,-12.318,-4.338,0.788,
86420279527644,Gyro,-0.518,-0.085,-0.717,
86420279527644,Lacc,-8.169,4.552,0.833,
86420279527644,GameRo,-0.525,-0.476,0.650,0.273
86420283098241,pre,995.222,,,
86420299424779,acc,-13.046,-3.854,1.133,
86420299424779,Gyro,-0.522,-0.329,-0.225,
86420299424779,Lacc,-8.965,5.066,1.249,
86420299424779,GameRo,-0.523,-0.482,0.648,0.272
86420308144383,pre,995.222,,,
86420319269668,acc,-13.931,-4.120,1.462,
86420319269668,Gyro,-0.478,-0.653,0.477,
86420319269668,Lacc,-9.804,4.778,1.624,
86420319269668,GameRo,-0.522,-0.486,0.649,0.265
86420333180597,pre,995.262,,,
86420339166275,acc,-14.358,-5.528,1.638,
86420339166275,Gyro,-0.198,-1.045,1.264,
86420339166275,Lacc,-10.044,3.282,1.778,
86420339166275,GameRo,-0.522,-0.485,0.655,0.252
86420359014745,acc,-14.081,-7.439,0.672,
86420359014745,Gyro,0.252,-1.237,1.840,
86420359014745,Lacc,-9.465,1.217,0.685,
86420359014745,GameRo,-0.522,-0.478,0.666,0.235
86420358262018,pre,995.283,,,
86420378890356,acc,-12.807,-8.096,-0.183,
86420378890356,Gyro,0.705,-1.251,2.104,
86420378890356,Lacc,-7.839,0.361,-0.387,
86420378890356,GameRo,-0.522,-0.466,0.680,0.218
86420383319229,pre,995.243,,,
86420398778498,acc,-11.430,-7.676,-1.536,
86420398778498,Gyro,1.019,-1.017,2.147,
86420398778498,Lacc,-6.111,0.553,-2.016,
86420398778498,GameRo,-0.522,-0.451,0.695,0.203
86420408374242,pre,995.185,,,
86420418650813,acc,-11.791,-7.514,-2.616,
86420418650813,Gyro,1.049,-0.524,2.262,
86420418650813,Lacc,-6.126,0.461,-3.344,
86420418650813,GameRo,-0.524,-0.433,0.708,0.190
86420433418798,pre,995.185,,,
86420438520604,acc,-12.960,-7.343,-2.553,
86420438520604,Gyro,0.901,-0.080,2.660,
86420438520604,Lacc,-6.909,0.326,-3.451,
86420438520604,GameRo,-0.532,-0.414,0.717,0.177
86420458391495,acc,-13.273,-7.563,-1.701,
86420458391495,Gyro,0.689,0.085,3.269,
86420458391495,Lacc,-6.764,-0.292,-2.700,
86420458391495,GameRo,-0.544,-0.392,0.725,0.159
86420458461441,pre,995.219,,,
86420478261856,acc,-12.832,-8.840,-1.148,
86420478261856,Gyro,0.473,0.046,3.791,
86420478261856,Lacc,-5.809,-2.074,-2.211,
86420478261856,GameRo,-0.557,-0.368,0.732,0.136
86420483519587,pre,995.210,,,
86420498133235,acc,-12.354,-10.289,-0.630,
86420498133235,Gyro,0.385,-0.045,4.083,
86420498133235,Lacc,-4.814,-4.113,-1.743,
86420498133235,GameRo,-0.571,-0.343,0.738,0.108
86420508575861,pre,995.204,,,
86420518004247,acc,-11.393,-11.309,-0.152,
86420518004247,Gyro,0.513,-0.101,4.174,
86420518004247,Lacc,-3.370,-5.788,-1.330,
86420518004247,GameRo,-0.583,-0.315,0.744,0.080
86420533633071,pre,995.231,,,
86420537874934,acc,-10.169,-11.440,0.218,
86420537874934,Gyro,0.830,-0.097,4.096,
86420537874934,Lacc,-1.723,-6.613,-1.048,
86420537874934,GameRo,-0.595,-0.286,0.749,0.053
86420557746446,acc,-9.082,-10.921,0.310,
86420557746446,Gyro,1.253,-0.026,3.922,
86420557746446,Lacc,-0.284,-6.805,-1.064,
86420557746446,GameRo,-0.605,-0.254,0.754,0.030
86420577592138,acc,-8.322,-10.230,0.091,
86420577592138,Gyro,1.635,0.076,3.678,
86420577592138,Lacc,0.758,-6.823,-1.388,
86420577592138,GameRo,-0.613,-0.220,0.758,0.011
86420558693049,pre,995.234,,,
86420583744725,pre,995.189,,,
86420597463027,acc,-7.889,-9.351,-0.399,
86420597463027,Gyro,1.807,0.129,3.452,
86420597463027,Lacc,1.407,-6.634,-1.962,
86420597463027,GameRo,0.621,0.185,-0.761,0.003
86420608839126,pre,995.155,,,
86420617335627,acc,-7.372,-8.482,-0.734,
86420617335627,Gyro,1.778,0.145,3.284,
86420617335627,Lacc,2.085,-6.438,-2.354,
86420617335627,GameRo,0.628,0.150,-0.763,0.017
86420633880753,pre,995.179,,,
86420637229466,acc,-6.877,-8.226,-0.949,
86420637229466,Gyro,1.638,0.121,3.112,
86420637229466,Lacc,2.692,-6.831,-2.598,
86420637229466,GameRo,0.634,0.118,-0.764,0.030
86420657100683,acc,-6.381,-8.334,-1.238,
86420657100683,Gyro,1.466,0.154,2.817,
86420657100683,Lacc,3.256,-7.525,-2.885,
86420657100683,GameRo,0.639,0.088,-0.763,0.040
86420658936457,pre,995.207,,,
86420676971165,acc,-6.048,-8.020,-1.293,
86420676971165,Gyro,1.256,0.209,2.475,
86420676971165,Lacc,3.631,-7.421,-2.776,
86420676971165,GameRo,0.648,0.064,-0.758,0.028
86420683989720,pre,995.198,,,
86420696842992,acc,-5.886,-7.365,-1.242,
86420696842992,Gyro,0.933,0.160,2.195,
86420696842992,Lacc,3.823,-6.879,-2.559,
86420696842992,GameRo,0.656,0.044,-0.753,0.013
86420709043797,pre,995.198,,,
86420716713475,acc,-5.506,-6.813,-1.113,
86420716713475,Gyro,0.508,0.062,1.993,
86420716713475,Lacc,4.217,-6.732,-2.413,
86420716713475,GameRo,0.658,0.026,-0.752,0.023
86420736595962,acc,-4.971,-6.563,-0.703,
86420736595962,Gyro,0.185,-0.051,1.788,
86420736595962,Lacc,4.748,-6.842,-2.006,
86420736595962,GameRo,0.658,0.012,-0.752,0.035
86420734079442,pre,995.228,,,
86420756455011,acc,-4.723,-6.601,-0.487,
86420756455011,Gyro,0.088,-0.062,1.563,
86420756455011,Lacc,4.981,-7.192,-1.802,
86420756455011,GameRo,0.658,0.001,-0.752,0.046
86420759179092,pre,995.243,,,
86420776326960,acc,-4.582,-7.149,-0.766,
86420776326960,Gyro,0.106,0.016,1.315,
86420776326960,Lacc,5.102,-8.005,-2.082,
86420776326960,GameRo,0.658,-0.009,-0.751,0.056
86420784210342,pre,995.225,,,
86420796196792,acc,-4.342,-7.996,-1.173,
86420796196792,Gyro,0.016,0.164,0.966,
86420796196792,Lacc,5.332,-9.004,-2.450,
86420796196792,GameRo,0.659,-0.016,-0.749,0.059
86420809264664,pre,995.204,,,
86420816068008,acc,-4.197,-8.483,-1.154,
86420816068008,Gyro,-0.195,0.267,0.516,
86420816068008,Lacc,5.529,-9.113,-2.272,
86420816068008,GameRo,0.665,-0.015,-0.746,0.031
86420834294571,pre,995.222,,,
86420835915462,acc,-4.317,-8.563,-0.831,
86420835915462,Gyro,-0.430,0.305,-0.018,
86420835915462,Lacc,5.445,-8.415,-1.782,
86420835915462,GameRo,-0.672,0.007,0.740,0.019
86420855809911,acc,-4.887,-8.473,-0.303,
86420855809911,Gyro,-0.605,0.251,-0.515,
86420855809911,Lacc,4.713,-6.649,-1.174,
86420855809911,GameRo,-0.675,-0.013,0.727,0.124
86420859377335,pre,995.256,,,
86420875680680,acc,-5.734,-9.291,-0.091,
86420875680680,Gyro,-0.671,0.159,-1.009,
86420875680680,Lacc,3.836,-7.290,-0.901,
86420875680680,GameRo,-0.677,-0.023,0.725,0.126
86420884434178,pre,995.259,,,
86420895556778,acc,-6.544,-10.244,-0.258,
86420895556778,Gyro,-0.683,0.065,-1.539,
86420895556778,Lacc,2.967,-7.968,-1.022,
86420895556778,GameRo,-0.678,-0.037,0.722,0.132
86420909489150,pre,995.228,,,
86420915423681,acc,-7.387,-10.658,-0.667,
86420915423681,Gyro,-0.749,0.041,-2.062,
86420915423681,Lacc,2.031,-8.010,-1.391,
86420915423681,GameRo,-0.678,-0.055,0.719,0.141
86420935270930,acc,-7.892,-9.794,-0.581,
86420935270930,Gyro,-0.862,0.079,-2.532,
86420935270930,Lacc,1.389,-6.685,-1.245,
86420935270930,GameRo,-0.678,-0.077,0.715,0.153
86420934520808,pre,995.228,,,
86420955163793,acc,-8.707,-8.795,-0.229,
86420955163793,Gyro,-0.920,0.123,-2.898,
86420955163793,Lacc,0.386,-5.159,-0.810,
86420955163793,GameRo,-0.678,-0.102,0.708,0.166
86420959598526,pre,995.268,,,
86420975035741,acc,-9.952,-8.317,-0.073,
86420975035741,Gyro,-0.731,0.074,-3.048,
86420975035741,Lacc,-1.095,-4.130,-0.571,
86420975035741,GameRo,-0.677,-0.128,0.702,0.182
86420984652888,pre,995.289,,,
86420994906998,acc,-10.475,-8.491,-0.741,
86420994906998,Gyro,-0.210,0.069,-3.166,
86420994906998,Lacc,-1.893,-3.759,-1.194,
86420994906998,GameRo,-0.674,-0.152,0.695,0.201
86421009708064,pre,995.256,,,
86421014778213,acc,-11.020,-8.562,-1.997,
86421014778213,Gyro,0.448,0.220,-3.341,
86421014778213,Lacc,-2.764,-3.282,-2.450,
86421014778213,GameRo,-0.669,-0.172,0.687,0.226
86421034622289,acc,-11.549,-7.607,-3.208,
86421034622289,Gyro,0.752,0.406,-3.356,
86421034622289,Lacc,-3.664,-1.790,-3.682,
86421034622289,GameRo,-0.663,-0.189,0.678,0.254
86421034740087,pre,995.240,,,
86421054493382,acc,-11.547,-6.471,-3.675,
86421054493382,Gyro,0.481,0.455,-3.114,
86421054493382,Lacc,-4.045,-0.168,-4.154,
86421054493382,GameRo,-0.659,-0.204,0.668,0.281
86421059810318,pre,995.256,,,
86421074368220,acc,-10.692,-5.642,-3.036,
86421074368220,Gyro,-0.082,0.335,-2.771,
86421074368220,Lacc,-3.558,1.077,-3.469,
86421074368220,GameRo,-0.655,-0.221,0.657,0.301
86421084851048,pre,995.253,,,
86421094261530,acc,-9.505,-5.526,-1.858,
86421094261530,Gyro,-0.494,0.185,-2.527,
86421094261530,Lacc,-2.721,1.551,-2.201,
86421094261530,GameRo,-0.652,-0.240,0.647,0.315
86421109933649,pre,995.210,,,
86421114110001,acc,-8.520,-5.597,-0.877,
86421114110001,Gyro,-0.591,0.035,-2.421,
86421114110001,Lacc,-2.042,1.766,-1.092,
86421114110001,GameRo,-0.649,-0.260,0.638,0.323
86421133997411,acc,-7.890,-5.527,-0.589,
86421133997411,Gyro,-0.495,-0.092,-2.421,
86421133997411,Lacc,-1.565,1.972,-0.639,
86421133997411,GameRo,-0.647,-0.280,0.635,0.316
86421134964859,pre,995.182,,,
86421153873225,acc,-7.912,-5.537,-0.825,
86421153873225,Gyro,-0.388,-0.174,-2.448,
86421153873225,Lacc,-1.699,2.055,-0.725,
86421153873225,GameRo,-0.644,-0.300,0.634,0.306
86421160046076,pre,995.198,,,
86421173720270,acc,-8.504,-5.492,-1.173,
86421173720270,Gyro,-0.384,-0.220,-2.398,
86421173720270,Lacc,-2.601,2.342,-1.017,
86421173720270,GameRo,-0.638,-0.319,0.628,0.312
86421185118993,pre,995.234,,,
86421193615128,acc,-8.960,-5.648,-1.498,
86421193615128,Gyro,-0.449,-0.141,-2.278,
86421193615128,Lacc,-3.420,2.445,-1.296,
86421193615128,GameRo,-0.630,-0.336,0.621,0.323
86421210161352,pre,995.256,,,
86421213464981,acc,-9.249,-5.962,-1.543,
86421213464981,Gyro,-0.555,0.043,-2.194,
86421213464981,Lacc,-4.068,2.364,-1.258,
86421213464981,GameRo,-0.624,-0.353,0.612,0.333
86421233356949,acc,-9.584,-6.018,-0.988,
86421233356949,Gyro,-0.620,0.240,-2.112,
86421233356949,Lacc,-4.760,2.514,-0.582,
86421233356949,GameRo,-0.620,-0.370,0.601,0.343
86421235217219,pre,995.243,,,
86421253202489,acc,-9.819,-5.828,-0.061,
86421253202489,Gyro,-0.607,0.305,-2.029,
86421253202489,Lacc,-5.348,2.887,0.481,
86421253202489,GameRo,-0.616,-0.385,0.590,0.352
86421260272760,pre,995.228,,,
86421273098567,acc,-9.826,-5.386,0.571,
86421273098567,Gyro,-0.560,0.188,-1.935,
86421273098567,Lacc,-5.699,3.489,1.234,
86421273098567,GameRo,-0.612,-0.399,0.580,0.361
86421285330093,pre,995.216,,,
86421292969538,acc,-9.967,-5.064,0.739,
86421292969538,Gyro,-0.537,-0.018,-1.829,
86421292969538,Lacc,-6.168,3.948,1.502,
86421292969538,GameRo,-0.607,-0.413,0.570,0.368
86421310388280,pre,995.219,,,
86421312815241,acc,-10.539,-5.145,0.573,
86421312815241,Gyro,-0.478,-0.207,-1.714,
86421312815241,Lacc,-7.049,3.985,1.416,
86421312815241,GameRo,-0.600,-0.427,0.563,0.374
86421332711115,acc,-11.346,-5.117,0.082,
86421332711115,Gyro,-0.364,-0.315,-1.566,
86421332711115,Lacc,-8.142,4.112,0.978,
86421332711115,GameRo,-0.593,-0.440,0.557,0.379
86421335423111,pre,995.237,,,
86421352582372,acc,-12.131,-4.894,-0.289,
86421352582372,Gyro,-0.303,-0.373,-1.322,
86421352582372,Lacc,-9.177,4.415,0.642,
86421352582372,GameRo,-0.586,-0.452,0.553,0.384
86421360502619,pre,995.271,,,
86421372453180,acc,-12.581,-4.676,-0.421,
86421372453180,Gyro,-0.395,-0.465,-0.978,
86421372453180,Lacc,-9.817,4.686,0.548,
86421372453180,GameRo,-0.580,-0.461,0.550,0.385
86421385559830,pre,995.280,,,
86421392323908,acc,-12.640,-4.498,-0.190,
86421392323908,Gyro,-0.519,-0.537,-0.577,
86421392323908,Lacc,-9.992,4.891,0.843,
86421392323908,GameRo,-0.576,-0.470,0.548,0.384
86421412169978,acc,-13.005,-5.014,0.230,
86421412169978,Gyro,-0.526,-0.601,-0.160,
86421412169978,Lacc,-10.394,4.377,1.335,
86421412169978,GameRo,-0.573,-0.477,0.548,0.379
86421410590998,pre,995.256,,,
86421432066381,acc,-13.311,-5.833,0.353,
86421432066381,Gyro,-0.389,-0.712,0.234,
86421432066381,Lacc,-10.657,3.540,1.506,
86421432066381,GameRo,-0.572,-0.481,0.550,0.373
86421435648494,pre,995.234,,,
86421451936661,acc,-13.091,-6.133,0.173,
86421451936661,Gyro,-0.137,-0.805,0.550,
86421451936661,Lacc,-10.328,3.208,1.327,
86421451936661,GameRo,-0.571,-0.483,0.555,0.365
86421460730728,pre,995.240,,,
86421471807632,acc,-12.191,-5.080,-0.389,
86421471807632,Gyro,0.128,-0.825,0.804,
86421471807632,Lacc,-9.269,4.221,0.707,
86421471807632,GameRo,-0.569,-0.481,0.563,0.357
86421485786351,pre,995.256,,,
86421491678686,acc,-12.225,-4.699,-1.263,
86421491678686,Gyro,0.239,-0.644,1.142,
86421491678686,Lacc,-9.095,4.543,-0.254,
86421491678686,GameRo,-0.569,-0.477,0.572,0.349
86421511524999,acc,-12.581,-5.313,-1.434,
86421511524999,Gyro,0.297,-0.404,1.607,
86421511524999,Lacc,-9.173,3.839,-0.504,
86421511524999,GameRo,-0.573,-0.469,0.581,0.339
86421510841812,pre,995.268,,,
86421531421687,acc,-12.334,-5.797,-1.356,
86421531421687,Gyro,0.494,-0.056,2.045,
86421531421687,Lacc,-8.571,3.223,-0.513,
86421531421687,GameRo,-0.579,-0.456,0.590,0.329
86421535897679,pre,995.253,,,
86421551291071,acc,-12.071,-6.178,-1.121,
86421551291071,Gyro,0.695,0.298,2.431,
86421551291071,Lacc,-7.896,2.668,-0.376,
86421551291071,GameRo,-0.588,-0.438,0.600,0.320
86421560952611,pre,995.195,,,
86421571162166,acc,-11.732,-6.615,-0.608,
86421571162166,Gyro,0.843,0.514,2.793,
86421571162166,Lacc,-7.093,2.004,0.040,
86421571162166,GameRo,-0.600,-0.416,0.609,0.310
86421586009740,pre,995.170,,,
86421591033055,acc,-11.296,-7.145,-0.513,
86421591033055,Gyro,0.940,0.628,3.087,
86421591033055,Lacc,-6.155,1.192,0.036,
86421591033055,GameRo,-0.613,-0.390,0.618,0.300
86421610903905,acc,-10.820,-7.691,-0.180,
86421610903905,Gyro,1.080,0.705,3.303,
86421610903905,Lacc,-5.155,0.305,0.278,
86421610903905,GameRo,-0.627,-0.362,0.627,0.288
86421611041967,pre,995.201,,,
86421630783625,acc,-10.396,-8.084,-0.629,
86421630783625,Gyro,1.205,0.726,3.436,
86421630783625,Lacc,-4.208,-0.480,-0.271,
86421630783625,GameRo,-0.639,-0.331,0.636,0.277
86421636097143,pre,995.216,,,
86421650645767,acc,-9.852,-8.119,-0.352,
86421650645767,Gyro,1.294,0.830,3.497,
86421650645767,Lacc,-3.156,-0.955,-0.072,
86421650645767,GameRo,-0.652,-0.298,0.645,0.265
86421661154352,pre,995.185,,,
86421670516535,acc,-9.427,-8.110,-0.497,
86421670516535,Gyro,1.311,0.730,3.468,
86421670516535,Lacc,-2.253,-1.421,-0.295,
86421670516535,GameRo,-0.664,-0.265,0.652,0.254
86421686235692,pre,995.185,,,
86421690387792,acc,-8.834,-7.598,-0.740,
86421690387792,Gyro,1.065,0.557,3.396,
86421690387792,Lacc,-1.226,-1.406,-0.597,
86421690387792,GameRo,-0.673,-0.233,0.659,0.241
86421710258641,acc,-8.426,-7.331,-0.652,
86421710258641,Gyro,0.756,0.298,3.345,
86421710258641,Lacc,-0.423,-1.658,-0.550,
86421710258641,GameRo,-0.681,-0.204,0.666,0.225
86421711266820,pre,995.225,,,
86421730154516,acc,-7.892,-7.238,-0.635,
86421730154516,Gyro,0.559,0.110,3.272,
86421730154516,Lacc,0.464,-2.099,-0.572,
86421730154516,GameRo,-0.687,-0.177,0.674,0.208
86421736349502,pre,995.225,,,
86421750000422,acc,-7.485,-7.497,-0.836,
86421750000422,Gyro,0.487,0.069,3.155,
86421750000422,Lacc,1.178,-2.893,-0.811,
86421750000422,GameRo,-0.692,-0.152,0.680,0.190
86421761404149,pre,995.173,,,
86421769872167,acc,-6.992,-7.715,-0.918,
86421769872167,Gyro,0.474,0.168,2.981,
86421769872167,Lacc,1.923,-3.620,-0.908,
86421769872167,GameRo,-0.696,-0.128,0.685,0.174
86421786460953,pre,995.155,,,
86421789742813,acc,-6.573,-7.596,-0.675,
86421789742813,Gyro,0.488,0.306,2.757,
86421789742813,Lacc,2.449,-3.744,-0.627,
86421789742813,GameRo,-0.700,-0.109,0.684,0.174
86421809612849,acc,-6.282,-7.462,-0.365,
86421809612849,Gyro,0.484,0.371,2.525,
86421809612849,Lacc,2.586,-3.268,-0.285,
86421809612849,GameRo,-0.703,-0.101,0.673,0.207
86421811518001,pre,995.207,,,
86421829484064,acc,-5.929,-7.325,-0.131,
86421829484064,Gyro,0.442,0.323,2.270,
86421829484064,Lacc,3.082,-3.447,-0.035,
86421829484064,GameRo,-0.706,-0.083,0.674,0.201
86421836572485,pre,995.237,,,
86421849354670,acc,-5.835,-7.644,-0.244,
86421849354670,Gyro,0.333,0.227,1.992,
86421849354670,Lacc,3.189,-3.798,-0.151,
86421849354670,GameRo,-0.707,-0.072,0.672,0.209
86421861628718,pre,995.216,,,
86421869225438,acc,-5.971,-8.464,-0.537,
86421869225438,Gyro,0.196,0.154,1.666,
86421869225438,Lacc,3.167,-4.899,-0.431,
86421869225438,GameRo,-0.709,-0.058,0.674,0.201
86421886657404,pre,995.201,,,
86421889096695,acc,-5.919,-9.252,-0.781,
86421889096695,Gyro,0.042,0.092,1.252,
86421889096695,Lacc,3.313,-5.938,-0.661,
86421889096695,GameRo,-0.710,-0.048,0.676,0.193
86421908967218,acc,-5.587,-9.256,-0.707,
86421908967218,Gyro,-0.125,0.053,0.731,
86421908967218,Lacc,3.703,-6.105,-0.570,
86421908967218,GameRo,-0.711,-0.042,0.677,0.186
86421911716608,pre,995.222,,,
86421928838516,acc,-5.790,-9.065,-0.376,
86421928838516,Gyro,-0.288,-0.069,0.213,
86421928838516,Lacc,3.520,-5.978,-0.228,
86421928838516,GameRo,-0.711,-0.041,0.678,0.182
86421936795669,pre,995.216,,,
86421948683772,acc,-5.905,-9.038,-0.416,
86421948683772,Gyro,-0.416,-0.249,-0.246,
86421948683772,Lacc,3.398,-5.928,-0.280,
86421948683772,GameRo,-0.711,-0.045,0.679,0.181
86421961851741,pre,995.219,,,
86421968557388,acc,-6.189,-9.504,-0.918,
86421968557388,Gyro,-0.511,-0.315,-0.716,
86421968557388,Lacc,3.078,-6.287,-0.811,
86421968557388,GameRo,-0.709,-0.052,0.680,0.181
86421986924128,pre,995.253,,,
86421988425553,acc,-6.616,-10.306,-1.472,
86421988425553,Gyro,-0.604,-0.264,-1.213,
86421988425553,Lacc,2.580,-6.893,-1.381,
86421988425553,GameRo,-0.707,-0.064,0.679,0.184
86422008321833,acc,-6.543,-9.752,-1.472,
86422008321833,Gyro,-0.767,-0.190,-1.713,
86422008321833,Lacc,2.542,-6.053,-1.368,
86422008321833,GameRo,-0.706,-0.081,0.677,0.190
86422011962092,pre,995.271,,,
86422028193538,acc,-6.575,-8.518,-0.786,
86422028193538,Gyro,-0.824,-0.122,-2.199,
86422028193538,Lacc,2.351,-4.450,-0.642,
86422028193538,GameRo,-0.705,-0.101,0.674,0.198
86422037017756,pre,995.247,,,
86422048038467,acc,-7.575,-7.806,-0.689,
86422048038467,Gyro,-0.627,-0.151,-2.570,
86422048038467,Lacc,1.138,-3.303,-0.505,
86422048038467,GameRo,-0.703,-0.124,0.669,0.209
86422062074234,pre,995.222,,,
86422067948543,acc,-8.761,-7.609,-1.664,
86422067948543,Gyro,-0.278,-0.182,-2.765,
86422067948543,Lacc,-0.304,-2.642,-1.473,
86422067948543,GameRo,-0.699,-0.146,0.663,0.224
86422087805394,acc,-9.888,-7.417,-3.091,
86422087805394,Gyro,-0.004,-0.118,-2.826,
86422087805394,Lacc,-1.723,-1.982,-2.919,
86422087805394,GameRo,-0.694,-0.166,0.658,0.242
86422087132909,pre,995.213,,,
86422107676977,acc,-10.541,-6.973,-4.221,
86422107676977,Gyro,-0.024,-0.013,-2.735,
86422107676977,Lacc,-2.690,-1.094,-4.058,
86422107676977,GameRo,-0.689,-0.185,0.651,0.260
86422112188492,pre,995.201,,,
86422127522476,acc,-10.386,-6.392,-4.501,
86422127522476,Gyro,-0.418,0.017,-2.525,
86422127522476,Lacc,-2.848,-0.117,-4.301,
86422127522476,GameRo,-0.684,-0.204,0.644,0.275
86422137244807,pre,995.213,,,
86422147393489,acc,-9.440,-5.986,-3.717,
86422147393489,Gyro,-0.965,-0.035,-2.338,
86422147393489,Lacc,-2.206,0.633,-3.414,
86422147393489,GameRo,-0.682,-0.226,0.635,0.285
86422162314875,pre,995.234,,,
86422167289118,acc,-8.471,-5.787,-2.543,
86422167289118,Gyro,-1.327,-0.092,-2.216,
86422167289118,Lacc,-1.535,1.135,-2.074,
86422167289118,GameRo,-0.680,-0.249,0.626,0.290
86422187171443,acc,-7.487,-5.709,-1.575,
86422187171443,Gyro,-1.417,-0.153,-2.176,
86422187171443,Lacc,-0.786,1.420,-0.858,
86422187171443,GameRo,-0.679,-0.274,0.618,0.286
86422187339778,pre,995.237,,,
86422207031468,acc,-6.878,-5.660,-0.788,
86422207031468,Gyro,-1.241,-0.181,-2.260,
86422207031468,Lacc,-0.492,1.734,0.100,
86422207031468,GameRo,-0.676,-0.297,0.609,0.290
86422212389461,pre,995.210,,,
86422226901830,acc,-6.802,-5.683,-0.567,
86422226901830,Gyro,-0.876,-0.196,-2.419,
86422226901830,Lacc,-0.764,1.982,0.446,
86422226901830,GameRo,-0.670,-0.320,0.600,0.296
86422237444839,pre,995.225,,,
86422246766739,acc,-7.185,-5.775,-1.258,
86422246766739,Gyro,-0.583,-0.136,-2.589,
86422246766739,Lacc,-1.510,2.151,-0.159,
86422246766739,GameRo,-0.663,-0.341,0.593,0.305
86422262527399,pre,995.247,,,
86422266643855,acc,-7.979,-5.819,-1.910,
86422266643855,Gyro,-0.494,0.020,-2.650,
86422266643855,Lacc,-2.556,2.262,-0.676,
86422266643855,GameRo,-0.658,-0.361,0.587,0.304
86422286514623,acc,-8.618,-5.922,-2.067,
86422286514623,Gyro,-0.488,0.274,-2.616,
86422286514623,Lacc,-3.624,2.415,-0.734,
86422286514623,GameRo,-0.651,-0.380,0.576,0.316
86422287559260,pre,995.240,,,
86422306385432,acc,-9.104,-6.243,-1.753,
86422306385432,Gyro,-0.478,0.538,-2.567,
86422306385432,Lacc,-4.554,2.324,-0.294,
86422306385432,GameRo,-0.645,-0.398,0.563,0.330
86422312638565,pre,995.213,,,
86422326255915,acc,-9.598,-6.304,-1.137,
86422326255915,Gyro,-0.406,0.754,-2.521,
86422326255915,Lacc,-5.503,2.467,0.457,
86422326255915,GameRo,-0.640,-0.414,0.548,0.343
86422337693375,pre,995.210,,,
86422346127131,acc,-10.125,-6.007,-0.498,
86422346127131,Gyro,-0.310,0.834,-2.446,
86422346127131,Lacc,-6.489,2.941,1.219,
86422346127131,GameRo,-0.635,-0.429,0.533,0.358
86422362749893,pre,995.207,,,
86422365998428,acc,-10.652,-5.962,-0.080,
86422365998428,Gyro,-0.292,0.716,-2.363,
86422365998428,Lacc,-7.468,3.136,1.740,
86422365998428,GameRo,-0.630,-0.442,0.519,0.372
86422385869075,acc,-11.333,-6.095,0.232,
86422385869075,Gyro,-0.318,0.457,-2.290,
86422385869075,Lacc,-8.585,3.127,2.141,
86422385869075,GameRo,-0.624,-0.456,0.505,0.384
86422387804174,pre,995.176,,,
86422405740453,acc,-12.136,-6.065,0.228,
86422405740453,Gyro,-0.311,0.147,-2.177,
86422405740453,Lacc,-9.802,3.256,2.209,
86422405740453,GameRo,-0.616,-0.471,0.494,0.394
86422412833268,pre,995.167,,,
86422425610896,acc,-12.794,-5.810,-0.122,
86422425610896,Gyro,-0.290,-0.096,-1.967,
86422425610896,Lacc,-10.834,3.585,1.911,
86422425610896,GameRo,-0.607,-0.484,0.485,0.402
86422437912409,pre,995.198,,,
86422445482396,acc,-12.982,-5.210,-0.348,
86422445482396,Gyro,-0.294,-0.245,-1.684,
86422445482396,Lacc,-11.341,4.235,1.732,
86422445482396,GameRo,-0.599,-0.497,0.478,0.407
86422462968928,pre,995.231,,,
86422465330134,acc,-12.898,-4.375,-0.260,
86422465330134,Gyro,-0.327,-0.340,-1.349,
86422465330134,Lacc,-11.512,5.101,1.869,
86422465330134,GameRo,-0.591,-0.509,0.472,0.410
86422485225480,acc,-13.370,-4.602,-0.054,
86422485225480,Gyro,-0.355,-0.402,-0.914,
86422485225480,Lacc,-12.162,4.885,2.131,
86422485225480,GameRo,-0.586,-0.518,0.469,0.411
86422488021215,pre,995.222,,,
86422505094416,acc,-13.475,-5.231,0.237,
86422505094416,Gyro,-0.198,-0.517,-0.451,
86422505094416,Lacc,-12.350,4.256,2.465,
86422505094416,GameRo,-0.582,-0.525,0.468,0.409
86422513076838,pre,995.210,,,
86422524965429,acc,-12.670,-5.467,-0.343,
86422524965429,Gyro,0.174,-0.466,-0.094,
86422524965429,Lacc,-11.550,4.025,1.866,
86422524965429,GameRo,-0.578,-0.528,0.470,0.407
86422538128962,pre,995.219,,,
86422544836237,acc,-11.810,-4.912,-1.173,
86422544836237,Gyro,0.561,-0.269,0.199,
86422544836237,Lacc,-10.648,4.596,0.943,
86422544836237,GameRo,-0.575,-0.526,0.475,0.407
86422563185806,pre,995.247,,,
86422564707535,acc,-11.473,-4.230,-2.022,
86422564707535,Gyro,0.784,0.015,0.577,
86422564707535,Lacc,-10.219,5.298,-0.048,
86422564707535,GameRo,-0.574,-0.520,0.482,0.409
86422584578995,acc,-11.784,-4.535,-2.495,
86422584578995,Gyro,0.809,0.286,1.064,
86422584578995,Lacc,-10.360,4.998,-0.672,
86422584578995,GameRo,-0.577,-0.510,0.489,0.410
86422588238948,pre,995.253,,,
86422604449234,acc,-11.817,-5.229,-2.653,
86422604449234,Gyro,0.734,0.510,1.545,
86422604449234,Lacc,-10.136,4.286,-0.959,
86422604449234,GameRo,-0.583,-0.497,0.496,0.410
86422613270646,pre,995.234,,,
86422624319717,acc,-11.552,-5.820,-2.424,
86422624319717,Gyro,0.659,0.729,1.947,
86422624319717,Lacc,-9.540,3.648,-0.833,
86422624319717,GameRo,-0.592,-0.480,0.503,0.407
86422638350602,pre,995.228,,,
86422644190852,acc,-11.423,-6.152,-1.851,
86422644190852,Gyro,0.604,0.833,2.321,
86422644190852,Lacc,-9.018,3.238,-0.339,
86422644190852,GameRo,-0.604,-0.460,0.510,0.404
86422664065811,acc,-11.386,-6.547,-1.421,
86422664065811,Gyro,0.566,0.802,2.718,
86422663407283,pre,995.219,,,
86422664065811,Lacc,-8.518,2.722,0.028,
86422664065811,GameRo,-0.618,-0.438,0.518,0.397
86422683932551,acc,-11.088,-7.257,-1.366,
86422683932551,Gyro,0.533,0.707,3.049,
86422683932551,Lacc,-7.697,1.842,0.030,
86422683932551,GameRo,-0.632,-0.414,0.527,0.388
86422688463475,pre,995.213,,,
86422703803727,acc,-10.743,-7.685,-1.048,
86422703803727,Gyro,0.531,0.696,3.292,
86422703803727,Lacc,-6.790,1.191,0.307,
86422703803727,GameRo,-0.647,-0.388,0.537,0.377
86422713498917,pre,995.237,,,
86422723674169,acc,-10.590,-7.942,-0.740,
86422723674169,Gyro,0.668,0.592,3.489,
86422723674169,Lacc,-6.055,0.659,0.561,
86422723674169,GameRo,-0.661,-0.360,0.548,0.365
86422738591527,pre,995.277,,,
86422743545223,acc,-10.570,-8.054,-0.939,
86422743545223,Gyro,0.792,0.581,3.714,
86422743545223,Lacc,-5.436,0.215,0.289,
86422743545223,GameRo,-0.674,-0.330,0.560,0.351
86422763416357,acc,-10.623,-8.469,-0.786,
86422763416357,Gyro,0.896,0.505,3.983,
86422763416357,Lacc,-4.876,-0.602,0.360,
86422763416357,GameRo,-0.686,-0.296,0.573,0.337
86422763609309,pre,995.283,,,
86422783286800,acc,-10.185,-8.541,-0.616,
86422783286800,Gyro,0.952,0.434,4.199,
86422783286800,Lacc,-3.817,-1.154,0.442,
86422783286800,GameRo,-0.697,-0.261,0.586,0.321
86422788666438,pre,995.240,,,
86422803158137,acc,-9.656,-8.668,-0.397,
86422803158137,Gyro,1.009,0.380,4.340,
86422803158137,Lacc,-2.687,-1.832,0.572,
86422803158137,GameRo,-0.707,-0.224,0.599,0.303
86422813724544,pre,995.201,,,
86422823028743,acc,-9.114,-9.022,-0.363,
86422823028743,Gyro,1.071,0.370,4.366,
86422823028743,Lacc,-1.583,-2.798,0.522,
86422823028743,GameRo,-0.715,-0.186,0.611,0.285
86422838808203,pre,995.195,,,
86422842899267,acc,-8.397,-9.516,-0.414,
86422842899267,Gyro,1.118,0.376,4.239,
86422842899267,Lacc,-0.369,-3.938,0.398,
86422842899267,GameRo,-0.721,-0.147,0.622,0.267
86422862771175,acc,-7.597,-9.791,-0.545,
86422862771175,Gyro,1.174,0.442,3.906,
86422862771175,Lacc,0.845,-4.853,0.214,
86422862771175,GameRo,-0.726,-0.110,0.631,0.251
86422863840958,pre,995.192,,,
86422882643104,acc,-6.718,-9.495,-0.890,
86422882643104,Gyro,1.147,0.521,3.441,
86422882643104,Lacc,2.047,-5.151,-0.156,
86422882643104,GameRo,-0.729,-0.075,0.637,0.238
86422902519334,acc,-5.989,-8.627,-1.020,
86422902519334,Gyro,0.970,0.605,2.958,
86422902519334,Lacc,3.011,-4.796,-0.266,
86422902519334,GameRo,-0.732,-0.045,0.640,0.227
86422888903214,pre,995.192,,,
86422913957048,pre,995.192,,,
86422922383927,acc,-5.690,-7.939,-0.817,
86422922383927,Gyro,0.667,0.599,2.538,
86422922383927,Lacc,2.931,-3.325,-0.023,
86422922383927,GameRo,-0.733,-0.054,0.619,0.275
86422939039608,pre,995.198,,,
86422942254410,acc,-5.752,-8.077,-0.589,
86422942254410,Gyro,0.344,0.460,2.202,
86422942254410,Lacc,2.824,-3.380,0.201,
86422942254410,GameRo,-0.734,-0.046,0.614,0.288
86422962125057,acc,-5.845,-9.158,-0.620,
86422962125057,Gyro,0.061,0.258,1.792,
86422962125057,Lacc,2.899,-4.789,0.215,
86422962125057,GameRo,-0.736,-0.030,0.617,0.277
86422964096573,pre,995.216,,,
86422981995825,acc,-5.322,-9.853,-0.758,
86422981995825,Gyro,-0.108,0.075,1.222,
86422981995825,Lacc,3.539,-5.733,0.104,
86422981995825,GameRo,-0.737,-0.020,0.620,0.268
86422989153824,pre,995.234,,,
86423001866878,acc,-4.596,-9.552,-1.233,
86423001866878,Gyro,-0.299,0.002,0.498,
86423001866878,Lacc,4.320,-5.557,-0.353,
86423001866878,GameRo,-0.738,-0.016,0.621,0.262
86423014208390,pre,995.240,,,
86423021737768,acc,-5.089,-9.225,-1.264,
86423021737768,Gyro,-0.617,-0.055,-0.140,
86423021737768,Lacc,3.825,-5.233,-0.347,
86423021737768,GameRo,-0.739,-0.019,0.621,0.259
86423039261572,pre,995.247,,,
86423041608700,acc,-5.778,-9.634,-1.006,
86423041608700,Gyro,-0.948,-0.259,-0.658,
86423041608700,Lacc,3.097,-5.565,-0.052,
86423041608700,GameRo,-0.740,-0.029,0.621,0.256
86423061479304,acc,-6.160,-10.124,-1.145,
86423061479304,Gyro,-1.212,-0.455,-1.170,
86423061479304,Lacc,2.638,-5.896,-0.170,
86423061479304,GameRo,-0.740,-0.044,0.621,0.254
86423064290991,pre,995.247,,,
86423081350602,acc,-6.264,-10.736,-1.290,
86423081350602,Gyro,-1.413,-0.501,-1.736,
86423081350602,Lacc,2.408,-6.263,-0.285,
86423081350602,GameRo,-0.740,-0.066,0.620,0.253
86423089372656,pre,995.262,,,
86423101221492,acc,-5.662,-9.457,-0.883,
86423101221492,Gyro,-1.509,-0.447,-2.398,
86423101221492,Lacc,2.817,-4.640,0.177,
86423101221492,GameRo,-0.739,-0.092,0.617,0.255
86423114426286,pre,995.271,,,
86423121092668,acc,-6.439,-8.130,-0.418,
86423121092668,Gyro,-1.344,-0.307,-2.986,
86423121092668,Lacc,1.750,-2.848,0.718,
86423121092668,GameRo,-0.737,-0.123,0.610,0.263
86423139481502,pre,995.240,,,
86423140963680,acc,-8.015,-7.424,-0.240,
86423140963680,Gyro,-0.963,-0.349,-3.204,
86423140963680,Lacc,-0.171,-1.659,0.968,
86423140963680,GameRo,-0.733,-0.154,0.603,0.274
86423160834041,acc,-9.104,-7.473,-0.909,
86423160834041,Gyro,-0.422,-0.493,-3.184,
86423160834041,Lacc,-1.632,-1.233,0.302,
86423160834041,GameRo,-0.727,-0.182,0.596,0.288
86423164540503,pre,995.204,,,
86423180705135,acc,-9.642,-8.157,-2.394,
86423180705135,Gyro,0.148,-0.498,-3.159,
86423180705135,Lacc,-2.562,-1.462,-1.256,
86423180705135,GameRo,-0.718,-0.206,0.590,0.306
86423189591203,pre,995.225,,,
86423200550635,acc,-9.739,-8.412,-3.764,
86423200550635,Gyro,0.581,-0.321,-3.238,
86423200550635,Lacc,-3.091,-1.271,-2.746,
86423200550635,GameRo,-0.707,-0.227,0.584,0.327
86423214650569,pre,995.265,,,
86423220446916,acc,-9.410,-7.459,-4.826,
86423220446916,Gyro,0.632,-0.058,-3.319,
86423220446916,Lacc,-3.240,0.115,-3.925,
86423220446916,GameRo,-0.696,-0.247,0.576,0.350
86423240328385,acc,-8.960,-6.255,-4.955,
86423240328385,Gyro,0.197,0.180,-3.319,
86423240328385,Lacc,-3.306,1.716,-4.098,
86423240328385,GameRo,-0.687,-0.267,0.564,0.372
86423239699682,pre,995.240,,,
86423260188493,acc,-8.799,-5.563,-3.593,
86423260188493,Gyro,-0.357,0.236,-3.190,
86423260188493,Lacc,-3.673,2.750,-2.673,
86423260188493,GameRo,-0.680,-0.290,0.549,0.389
86423264741471,pre,995.195,,,
86423280059790,acc,-8.428,-5.536,-2.073,
86423280059790,Gyro,-0.633,0.132,-3.055,
86423280059790,Lacc,-3.761,3.026,-1.006,
86423280059790,GameRo,-0.676,-0.312,0.536,0.398
86423289811214,pre,995.201,,,
86423299930640,acc,-8.608,-5.533,-1.601,
86423299930640,Gyro,-0.787,-0.233,-3.056,
86423299930640,Lacc,-4.412,3.254,-0.404,
86423299930640,GameRo,-0.669,-0.336,0.523,0.406
86423314852596,pre,995.222,,,
86423319776302,acc,-8.117,-6.542,-1.790,
86423319776302,Gyro,-0.824,-0.134,-3.012,
86423319776302,Lacc,-4.438,2.453,-0.451,
86423319776302,GameRo,-0.662,-0.361,0.510,0.414
86423339672380,acc,-8.916,-6.514,-1.495,
86423339672380,Gyro,-0.685,-0.132,-3.085,
86423339672380,Lacc,-5.784,2.668,-0.037,
86423339672380,GameRo,-0.653,-0.385,0.495,0.425
86423339897681,pre,995.210,,,
86423359544044,acc,-9.760,-6.867,-1.885,
86423359544044,Gyro,-0.762,-0.020,-3.006,
86423359544044,Lacc,-7.183,2.464,-0.297,
86423359544044,GameRo,-0.643,-0.409,0.480,0.434
86423364950944,pre,995.201,,,
86423379414242,acc,-10.275,-7.102,-1.512,
86423379414242,Gyro,-0.794,0.086,-2.904,
86423379414242,Lacc,-8.241,2.335,0.228,
86423379414242,GameRo,-0.635,-0.431,0.464,0.443
86423390032772,pre,995.216,,,
86423399286068,acc,-10.539,-7.250,-1.121,
86423399286068,Gyro,-0.713,0.242,-2.808,
86423399286068,Lacc,-9.041,2.259,0.768,
86423399286068,GameRo,-0.627,-0.451,0.447,0.452
86423415062436,pre,995.213,,,
86423419156389,acc,-10.673,-6.811,-0.493,
86423419156389,Gyro,-0.537,0.290,-2.690,
86423419156389,Lacc,-9.698,2.742,1.517,
86423419156389,GameRo,-0.618,-0.469,0.430,0.461
86423439026994,acc,-10.410,-5.821,-0.204,
86423439026994,Gyro,-0.351,0.231,-2.524,
86423439026994,Lacc,-9.931,3.752,1.886,
86423439026994,GameRo,-0.609,-0.485,0.415,0.471
86423440117408,pre,995.198,,,
86423458898006,acc,-10.358,-4.998,-0.090,
86423458898006,Gyro,-0.232,0.114,-2.324,
86423458898006,Lacc,-10.334,4.576,2.050,
86423458898006,GameRo,-0.599,-0.500,0.402,0.479
86423465212866,pre,995.192,,,
86423478743140,acc,-10.815,-4.596,-0.175,
86423478743140,Gyro,-0.135,-0.062,-2.054,
86423478743140,Lacc,-11.192,4.964,1.996,
86423478743140,GameRo,-0.589,-0.513,0.391,0.486
86423490253841,pre,995.204,,,
86423498640601,acc,-11.267,-4.447,-0.529,
86423498640601,Gyro,-0.082,-0.253,-1.711,
86423498640601,Lacc,-11.975,5.089,1.661,
86423498640601,GameRo,-0.580,-0.525,0.383,0.492
86423515307023,pre,995.222,,,
86423518510800,acc,-11.785,-4.715,-0.894,
86423518510800,Gyro,-0.110,-0.399,-1.354,
86423518510800,Lacc,-12.746,4.793,1.320,
86423518510800,GameRo,-0.571,-0.535,0.378,0.495
86423538381608,acc,-12.315,-4.740,-0.904,
86423538381608,Gyro,-0.140,-0.508,-0.973,
86423538381608,Lacc,-13.454,4.740,1.346,
86423538381608,GameRo,-0.564,-0.544,0.374,0.495
86423540341488,pre,995.244,,,
86423558252662,acc,-12.808,-4.560,-0.775,
86423558252662,Gyro,-0.162,-0.639,-0.535,
86423558252662,Lacc,-14.040,4.898,1.519,
86423558252662,GameRo,-0.559,-0.551,0.374,0.493
86423565396460,pre,995.244,,,
86423578123634,acc,-13.739,-5.183,-0.652,
86423578123634,Gyro,-0.180,-0.831,0.016,
86423578123634,Lacc,-14.961,4.263,1.695,
86423578123634,GameRo,-0.557,-0.557,0.377,0.488
86423590474545,pre,995.225,,,
86423597968482,acc,-13.300,-5.856,-0.847,
86423597968482,Gyro,-0.132,-1.049,0.518,
86423597968482,Lacc,-14.394,3.593,1.553,
86423597968482,GameRo,-0.556,-0.560,0.383,0.480
86423615510271,pre,995.213,,,
86423617865496,acc,-12.367,-5.840,-1.409,
86423617865496,Gyro,-0.044,-1.151,0.859,
86423617865496,Lacc,-13.253,3.620,1.028,
86423617865496,GameRo,-0.556,-0.561,0.393,0.470
86423637736101,acc,-11.327,-5.225,-1.888,
86423637736101,Gyro,0.025,-1.191,1.153,
86423637736101,Lacc,-11.948,4.253,0.567,
86423637736101,GameRo,-0.558,-0.561,0.405,0.459
86423640586280,pre,995.222,,,
86423657608782,acc,-10.934,-5.023,-2.568,
86423657608782,Gyro,0.047,-1.023,1.458,
86423657608782,Lacc,-11.236,4.469,-0.110,
86423657608782,GameRo,-0.560,-0.558,0.418,0.447
86423665621437,pre,995.237,,,
86423677478003,acc,-11.518,-5.708,-2.571,
86423677478003,Gyro,0.098,-0.701,1.798,
86423677478003,Lacc,-11.454,3.791,-0.122,
86423677478003,GameRo,-0.566,-0.552,0.430,0.436
86423690698300,pre,995.222,,,
86423697349871,acc,-12.198,-6.221,-2.141,
86423697349871,Gyro,0.224,-0.500,2.189,
86423697349871,Lacc,-11.713,3.275,0.271,
86423697349871,GameRo,-0.574,-0.541,0.443,0.425
86423715754534,pre,995.207,,,
86423717219947,acc,-12.217,-6.706,-2.266,
86423717219947,Gyro,0.212,-0.385,2.604,
86423717219947,Lacc,-11.237,2.765,0.096,
86423717219947,GameRo,-0.585,-0.528,0.458,0.413
86423737090715,acc,-12.041,-7.466,-2.029,
86423737090715,Gyro,0.170,-0.272,2.929,
86423737090715,Lacc,-10.507,1.941,0.293,
86423737090715,GameRo,-0.597,-0.511,0.472,0.399
86423740809546,pre,995.225,,,
86423756961483,acc,-11.996,-8.144,-1.951,
86423756961483,Gyro,0.201,-0.231,3.208,
86423756961483,Lacc,-9.865,1.157,0.328,
86423756961483,GameRo,-0.611,-0.493,0.487,0.383
86423765841814,pre,995.244,,,
86423776833228,acc,-11.514,-8.444,-1.311,
86423776833228,Gyro,0.374,-0.053,3.487,
86423776833228,Lacc,-8.750,0.702,0.913,
86423776833228,GameRo,-0.626,-0.471,0.501,0.368
86423790924781,pre,995.207,,,
86423796703305,acc,-10.868,-9.010,-1.357,
86423796703305,Gyro,0.797,0.160,3.746,
86423796703305,Lacc,-7.440,-0.065,0.755,
86423796703305,GameRo,-0.641,-0.444,0.517,0.353
86423816548886,acc,-9.912,-8.795,-1.259,
86423816548886,Gyro,1.277,0.606,3.859,
86423816548886,Lacc,-5.824,-0.093,0.690,
86423816548886,GameRo,-0.656,-0.412,0.533,0.342
86423815955339,pre,995.170,,,
86423836419817,acc,-9.552,-8.589,-0.931,
86423836419817,Gyro,1.769,0.942,3.919,
86423836419817,Lacc,-4.829,-0.170,0.813,
86423836419817,GameRo,-0.670,-0.374,0.547,0.335
86423841034238,pre,995.189,,,
86423856316098,acc,-9.011,-8.358,-1.020,
86423856316098,Gyro,1.967,1.162,3.919,
86423856316098,Lacc,-3.677,-0.269,0.515,
86423856316098,GameRo,-0.684,-0.333,0.559,0.331
86423866064267,pre,995.219,,,
86423876187314,acc,-8.504,-8.273,-0.848,
86423876187314,Gyro,1.921,1.165,3.837,
86423876187314,Lacc,-2.594,-0.561,0.512,
86423876187314,GameRo,-0.696,-0.292,0.570,0.326
86423891120094,pre,995.204,,,
86423896058570,acc,-7.926,-8.242,-0.753,
86423896058570,Gyro,1.736,1.042,3.677,
86423896058570,Lacc,-1.487,-0.943,0.471,
86423896058570,GameRo,-0.706,-0.252,0.579,0.320
86423915929949,acc,-7.601,-8.178,-0.711,
86423915929949,Gyro,1.469,0.821,3.461,
86423915929949,Lacc,-0.687,-1.310,0.412,
86423915929949,GameRo,-0.715,-0.215,0.587,0.313
86423916174822,pre,995.180,,,
86423935800554,acc,-7.308,-8.038,-0.521,
86423935800554,Gyro,1.210,0.511,3.253,
86423935800554,Lacc,0.032,-1.612,0.520,
86423935800554,GameRo,-0.721,-0.182,0.595,0.304
86423941232846,pre,995.173,,,
86423955645525,acc,-6.877,-7.940,-0.659,
86423955645525,Gyro,0.968,0.198,3.001,
86423955645525,Lacc,0.832,-1.948,0.293,
86423955645525,GameRo,-0.725,-0.153,0.604,0.294
86423966289243,pre,995.198,,,
86423975542213,acc,-6.688,-7.963,-0.812,
86423975542213,Gyro,0.718,-0.055,2.680,
86423975542213,Lacc,1.327,-2.372,0.048,
86423975542213,GameRo,-0.726,-0.128,0.613,0.284
86423991371477,pre,995.210,,,
86423995412656,acc,-6.544,-7.770,-0.942,
86423995412656,Gyro,0.449,-0.292,2.379,
86423995412656,Lacc,1.683,-2.483,-0.174,
86423995412656,GameRo,-0.726,-0.111,0.620,0.277
86424015257748,acc,-6.145,-7.512,-1.314,
86424015257748,Gyro,0.104,-0.468,2.091,
86424015257748,Lacc,1.837,-1.872,-0.467,
86424015257748,GameRo,-0.727,-0.124,0.610,0.292
86424016402239,pre,995.222,,,
86424035129371,acc,-6.077,-7.661,-1.689,
86424035129371,Gyro,-0.260,-0.503,1.844,
86424035129371,Lacc,1.900,-2.022,-0.786,
86424035129371,GameRo,-0.728,-0.127,0.609,0.289
86424041458147,pre,995.225,,,
86424055003517,acc,-6.070,-8.424,-1.722,
86424055003517,Gyro,-0.583,-0.454,1.596,
86424055003517,Lacc,2.092,-3.054,-0.839,
86424055003517,GameRo,-0.729,-0.119,0.616,0.275
86424066539121,pre,995.201,,,
86424074896298,acc,-5.485,-8.767,-1.327,
86424074896298,Gyro,-0.766,-0.360,1.223,
86424074896298,Lacc,2.812,-3.610,-0.431,
86424074896298,GameRo,-0.730,-0.116,0.621,0.262
86424091595029,pre,995.180,,,
86424094768369,acc,-4.867,-8.674,-0.892,
86424094768369,Gyro,-0.830,-0.252,0.703,
86424094768369,Lacc,3.315,-3.338,0.010,
86424094768369,GameRo,-0.729,-0.124,0.618,0.268
86424114612607,acc,-5.313,-9.008,-0.593,
86424114612607,Gyro,-0.824,-0.181,0.135,
86424114612607,Lacc,2.894,-3.719,0.363,
86424114612607,GameRo,-0.730,-0.127,0.619,0.261
86424116634539,pre,995.195,,,
86424134484189,acc,-6.100,-9.866,-0.779,
86424134484189,Gyro,-0.855,-0.249,-0.403,
86424134484189,Lacc,2.084,-4.553,0.230,
86424134484189,GameRo,-0.730,-0.135,0.619,0.257
86424141709979,pre,995.195,,,
86424154380470,acc,-6.421,-10.339,-1.216,
86424154380470,Gyro,-0.970,-0.287,-0.986,
86424154380470,Lacc,1.683,-4.914,-0.156,
86424154380470,GameRo,-0.730,-0.147,0.617,0.255
86424166765114,pre,995.186,,,
86424174251605,acc,-6.538,-10.121,-1.293,
86424174251605,Gyro,-1.168,-0.267,-1.593,
86424174251605,Lacc,1.416,-4.493,-0.156,
86424174251605,GameRo,-0.729,-0.165,0.614,0.255
86424191820208,pre,995.210,,,
86424194121843,acc,-6.392,-8.743,-0.605,
86424194121843,Gyro,-1.374,-0.298,-2.151,
86424194121843,Lacc,1.339,-2.834,0.638,
86424194121843,GameRo,-0.727,-0.188,0.609,0.257
86424213993223,acc,-7.297,-7.870,0.029,
86424213993223,Gyro,-1.346,-0.352,-2.544,
86424213993223,Lacc,0.146,-1.625,1.390,
86424213993223,GameRo,-0.723,-0.215,0.602,0.261
86424216851865,pre,995.256,,,
86424233863665,acc,-8.536,-7.961,-0.114,
86424233863665,Gyro,-1.055,-0.440,-2.722,
86424233863665,Lacc,-1.426,-1.359,1.336,
86424233863665,GameRo,-0.718,-0.242,0.595,0.268
86424241927385,pre,995.250,,,
86424253735369,acc,-9.385,-8.196,-0.988,
86424253735369,Gyro,-0.519,-0.360,-2.858,
86424253735369,Lacc,-2.642,-1.228,0.500,
86424253735369,GameRo,-0.710,-0.267,0.589,0.278
86424266990455,pre,995.207,,,
86424273605406,acc,-9.961,-8.438,-2.246,
86424273605406,Gyro,0.058,-0.097,-2.999,
86424273605406,Lacc,-3.631,-1.090,-0.769,
86424273605406,GameRo,-0.701,-0.289,0.582,0.294
86424292048113,pre,995.201,,,
86424293456194,acc,-10.166,-7.912,-3.025,
86424293456194,Gyro,0.488,0.262,-3.082,
86424293456194,Lacc,-4.299,-0.182,-1.588,
86424293456194,GameRo,-0.692,-0.308,0.572,0.315
86424313347308,acc,-10.034,-7.240,-3.394,
86424313347308,Gyro,0.615,0.579,-3.093,
86424313347308,Lacc,-4.667,0.852,-2.000,
86424313347308,GameRo,-0.683,-0.324,0.561,0.338
86424317105771,pre,995.219,,,
86424333193011,acc,-9.534,-6.785,-2.923,
86424333193011,Gyro,0.415,0.683,-3.103,
86424333193011,Lacc,-4.691,1.634,-1.542,
86424333193011,GameRo,-0.675,-0.340,0.547,0.361
86424342164772,pre,995.219,,,
86424353063983,acc,-9.024,-6.533,-1.698,
86424353063983,Gyro,0.023,0.397,-3.182,
86424353063983,Lacc,-4.729,2.175,-0.294,
86424353063983,GameRo,-0.666,-0.357,0.533,0.380
86424367222227,pre,995.216,,,
86424372960182,acc,-8.534,-6.526,-0.870,
86424372960182,Gyro,-0.539,-0.294,-3.291,
86424372960182,Lacc,-4.804,2.429,0.593,
86424372960182,GameRo,-0.655,-0.381,0.519,0.395
86424392805560,acc,-8.271,-6.682,-0.438,
86424392805560,Gyro,-1.016,-0.945,-3.475,
86424392277647,pre,995.222,,,
86424392805560,Lacc,-5.122,2.475,1.134,
86424392805560,GameRo,-0.642,-0.410,0.508,0.403
86424412676979,acc,-8.547,-6.765,-0.441,
86424412676979,Gyro,-1.259,-1.298,-3.656,
86424412676979,Lacc,-6.018,2.555,1.284,
86424412676979,GameRo,-0.625,-0.444,0.496,0.408
86424417307473,pre,995.222,,,
86424432572894,acc,-9.230,-6.935,-0.835,
86424432572894,Gyro,-1.326,-1.332,-3.699,
86424432572894,Lacc,-7.338,2.499,1.076,
86424432572894,GameRo,-0.607,-0.479,0.483,0.411
86424442388975,pre,995.247,,,
86424452419858,acc,-9.869,-6.858,-1.630,
86424452419858,Gyro,-1.430,-1.108,-3.576,
86424452419858,Lacc,-8.608,2.634,0.504,
86424452419858,GameRo,-0.589,-0.512,0.469,0.414
86424467422300,pre,995.244,,,
86424472314837,acc,-10.319,-6.871,-1.840,
86424472314837,Gyro,-1.578,-0.679,-3.300,
86424472314837,Lacc,-9.656,2.616,0.567,
86424472314837,GameRo,-0.574,-0.542,0.452,0.416
86424492186054,acc,-10.301,-6.820,-1.389,
86424492186054,Gyro,-1.697,-0.133,-3.033,
86424492186054,Lacc,-10.200,2.605,1.328,
86424492186054,GameRo,-0.562,-0.568,0.432,0.418
86424492482847,pre,995.207,,,
86424512057676,acc,-10.445,-6.609,-0.349,
86424512057676,Gyro,-1.755,0.322,-2.786,
86424512057676,Lacc,-10.884,2.707,2.693,
86424512057676,GameRo,-0.554,-0.590,0.409,0.422
86424517534604,pre,995.177,,,
86424531901955,acc,-10.746,-6.443,0.666,
86424531901955,Gyro,-1.803,0.493,-2.530,
86424531901955,Lacc,-11.688,2.725,4.028,
86424531901955,GameRo,-0.548,-0.609,0.385,0.425
86424542596128,pre,995.222,,,
86424551799619,acc,-10.605,-6.105,1.525,
86424551799619,Gyro,-1.892,0.448,-2.355,
86424551799619,Lacc,-12.006,2.878,5.211,
86424551799619,GameRo,-0.543,-0.627,0.361,0.427
86424567672829,pre,995.277,,,
86424571658140,acc,-10.661,-5.505,2.458,
86424571658140,Gyro,-1.947,0.224,-2.230,
86424571658140,Lacc,-12.479,3.259,6.474,
86424571658140,GameRo,-0.538,-0.644,0.338,0.426
86424591540383,acc,-11.201,-4.910,3.169,
86424591540383,Gyro,-1.926,-0.198,-2.038,
86424591540383,Lacc,-13.372,3.611,7.518,
86424591540383,GameRo,-0.533,-0.662,0.317,0.422
86424592704445,pre,995.277,,,
86424611411436,acc,-11.854,-4.664,3.412,
86424611411436,Gyro,-1.806,-0.733,-1.690,
86424611411436,Lacc,-14.272,3.608,8.097,
86424611411436,GameRo,-0.527,-0.679,0.300,0.414
86424617789366,pre,995.265,,,
86424631282122,acc,-12.209,-4.503,3.469,
86424631282122,Gyro,-1.505,-1.187,-1.155,
86424631282122,Lacc,-14.736,3.549,8.470,
86424631282122,GameRo,-0.521,-0.695,0.289,0.402
86424642864236,pre,995.259,,,
86424651154071,acc,-12.196,-4.450,3.335,
86424651154071,Gyro,-0.980,-1.518,-0.554,
86424651154071,Lacc,-14.686,3.449,8.593,
86424651154071,GameRo,-0.516,-0.708,0.286,0.388
86424667904112,pre,995.241,,,
86424671024310,acc,-12.339,-5.262,2.518,
86424671024310,Gyro,-0.359,-1.688,0.044,
86424671024310,Lacc,-14.666,2.575,7.941,
86424671024310,GameRo,-0.513,-0.717,0.290,0.373
86424690895119,acc,-12.311,-6.367,1.121,
86424690895119,Gyro,0.155,-1.668,0.533,
86424690895119,Lacc,-14.382,1.492,6.615,
86424690895119,GameRo,-0.511,-0.721,0.301,0.360
86424692934386,pre,995.210,,,
86424710766091,acc,-12.698,-7.474,0.119,
86424710766091,Gyro,0.520,-1.471,0.933,
86424710766091,Lacc,-14.463,0.465,5.605,
86424710766091,GameRo,-0.510,-0.721,0.315,0.348
86424718015196,pre,995.207,,,
86424730636737,acc,-12.057,-7.451,-0.354,
86424730636737,Gyro,0.789,-1.259,1.223,
86424730636737,Lacc,-13.486,0.604,5.059,
86424730636737,GameRo,-0.512,-0.717,0.331,0.338
86424743081969,pre,995.207,,,
86424750508849,acc,-11.409,-6.921,-0.984,
86424750508849,Gyro,0.886,-0.956,1.412,
86424750508849,Lacc,-12.498,1.265,4.312,
86424750508849,GameRo,-0.515,-0.710,0.348,0.330
86424768146869,pre,995.207,,,
86424770378680,acc,-11.512,-6.909,-1.022,
86424770378680,Gyro,0.817,-0.665,1.634,
86424770378680,Lacc,-12.261,1.395,4.148,
86424770378680,GameRo,-0.521,-0.702,0.363,0.324
86424790249531,acc,-11.644,-6.970,-0.503,
86424790249531,Gyro,0.846,-0.436,1.869,
86424790249531,Lacc,-12.036,1.437,4.538,
86424790249531,GameRo,-0.529,-0.691,0.377,0.318
86424793159483,pre,995.213,,,
86424810120705,acc,-11.823,-6.971,-0.118,
86424810120705,Gyro,1.037,-0.241,2.172,
86424810120705,Lacc,-11.831,1.540,4.761,
86424810120705,GameRo,-0.539,-0.677,0.392,0.312
86424818239480,pre,995.219,,,
86424829991311,acc,-11.986,-7.203,-0.043,
86424829991311,Gyro,1.275,-0.122,2.532,
86424829991311,Lacc,-11.562,1.412,4.629,
86424829991311,GameRo,-0.550,-0.660,0.409,0.308
86424843294615,pre,995.219,,,
86424849863503,acc,-11.912,-7.679,-0.127,
86424849863503,Gyro,1.525,0.000,2.886,
86424849863503,Lacc,-10.997,1.030,4.295,
86424849863503,GameRo,-0.564,-0.638,0.427,0.304
86424868328184,pre,995.210,,,
86424869737852,acc,-11.561,-8.176,-0.371,
86424869737852,Gyro,1.790,0.195,3.181,
86424869737852,Lacc,-10.111,0.605,3.755,
86424869737852,GameRo,-0.579,-0.613,0.446,0.301
86424889604388,acc,-11.176,-8.356,-0.461,
86424889604388,Gyro,2.026,0.423,3.420,
86424889604388,Lacc,-9.162,0.464,3.333,
86424889604388,GameRo,-0.594,-0.583,0.466,0.299
86424893385680,pre,995.204,,,
86424909474994,acc,-10.799,-8.239,-0.445,
86424909474994,Gyro,2.324,0.695,3.647,
86424909474994,Lacc,-8.194,0.576,2.981,
86424909474994,GameRo,-0.611,-0.549,0.486,0.299
86424918470641,pre,995.198,,,
86424929366800,acc,-10.526,-8.278,-0.149,
86424929366800,Gyro,2.364,0.644,3.808,
86424929366800,Lacc,-7.305,0.473,2.900,
86424929366800,GameRo,-0.627,-0.512,0.505,0.298
86424943530089,pre,995.207,,,
86424949218036,acc,-9.963,-8.426,0.008,
86424949218036,Gyro,2.190,0.303,3.846,
86424949218036,Lacc,-6.098,0.181,2.693,
86424949218036,GameRo,-0.642,-0.475,0.525,0.295
86424969087788,acc,-9.495,-8.603,0.044,
86424969087788,Gyro,1.923,-0.175,3.799,
86424969087788,Lacc,-4.982,-0.214,2.387,
86424969087788,GameRo,-0.653,-0.439,0.546,0.288
86424968588805,pre,995.207,,,
86424988959084,acc,-8.950,-8.742,-0.219,
86424988959084,Gyro,1.745,-0.572,3.709,
86424988959084,Lacc,-3.800,-0.636,1.783,
86424988959084,GameRo,-0.661,-0.406,0.567,0.276
86424993645812,pre,995.198,,,
86425008830057,acc,-8.421,-8.866,-0.549,
86425008830057,Gyro,1.682,-0.759,3.569,
86425008830057,Lacc,-2.673,-1.090,1.107,
86425008830057,GameRo,-0.666,-0.375,0.588,0.264
86425018703998,pre,995.195,,,
86425028701760,acc,-7.964,-8.844,-0.802,
86425028701760,Gyro,1.696,-0.769,3.414,
86425028701760,Lacc,-1.669,-1.435,0.504,
86425028701760,GameRo,-0.670,-0.344,0.608,0.252
86425043736754,pre,995.213,,,
86425048548562,acc,-7.368,-8.866,-1.125,
86425048548562,Gyro,1.707,-0.602,3.184,
86425048548562,Lacc,-0.589,-1.843,-0.152,
86425048548562,GameRo,-0.672,-0.313,0.626,0.241
86425068417865,acc,-6.609,-8.798,-1.197,
86425068417865,Gyro,1.616,-0.426,2.842,
86425068417865,Lacc,0.579,-2.157,-0.516,
86425068417865,GameRo,-0.674,-0.284,0.641,0.232
86425068794045,pre,995.195,,,
86425088313903,acc,-5.927,-8.324,-1.230,
86425088313903,Gyro,1.418,-0.261,2.439,
86425088313903,Lacc,1.560,-2.002,-0.772,
86425088313903,GameRo,-0.675,-0.259,0.652,0.227
86425093852599,pre,995.146,,,
86425108184467,acc,-5.806,-8.155,-1.206,
86425108184467,Gyro,1.167,-0.114,2.056,
86425108184467,Lacc,1.826,-2.000,-0.870,
86425108184467,GameRo,-0.677,-0.243,0.657,0.228
86425118935810,pre,995.158,,,
86425128056497,acc,-5.895,-8.295,-1.187,
86425128056497,Gyro,0.876,-0.018,1.726,
86425128056497,Lacc,1.908,-2.354,-0.952,
86425128056497,GameRo,-0.679,-0.227,0.661,0.225
86425143993142,pre,995.216,,,
86425147927102,acc,-5.784,-8.443,-1.167,
86425147927102,Gyro,0.533,0.007,1.402,
86425147927102,Lacc,2.158,-2.686,-0.991,
86425147927102,GameRo,-0.680,-0.215,0.665,0.222
86425167797789,acc,-5.267,-8.392,-1.074,
86425167797789,Gyro,0.170,-0.021,0.978,
86425167797789,Lacc,2.525,-2.437,-0.836,
86425167797789,GameRo,-0.681,-0.219,0.658,0.234
86425169032124,pre,995.238,,,
86425187668883,acc,-5.032,-8.036,-1.031,
86425187668883,Gyro,-0.202,-0.046,0.491,
86425187668883,Lacc,2.713,-2.021,-0.751,
86425187668883,GameRo,-0.682,-0.222,0.656,0.236
86425194106424,pre,995.213,,,
86425207539448,acc,-5.568,-8.366,-0.917,
86425207539448,Gyro,-0.555,-0.080,0.033,
86425207539448,Lacc,2.094,-2.250,-0.571,
86425207539448,GameRo,-0.682,-0.228,0.652,0.239
86425219164123,pre,995.210,,,
86425227410867,acc,-5.913,-9.052,-0.925,
86425227410867,Gyro,-0.859,-0.148,-0.413,
86425227410867,Lacc,1.716,-2.899,-0.505,
86425227410867,GameRo,-0.683,-0.235,0.651,0.235
86425244221943,pre,995.216,,,
86425247281879,acc,-6.089,-9.667,-1.152,
86425247281879,Gyro,-1.108,-0.096,-0.906,
86425247281879,Lacc,1.448,-3.410,-0.624,
86425247281879,GameRo,-0.682,-0.248,0.647,0.233
86425267152607,acc,-5.643,-9.329,-0.957,
86425267152607,Gyro,-1.306,0.039,-1.458,
86425267152607,Lacc,1.731,-2.895,-0.273,
86425267152607,GameRo,-0.682,-0.264,0.641,0.232
86425269279967,pre,995.222,,,
86425287023416,acc,-5.820,-8.189,-0.316,
86425287023416,Gyro,-1.287,0.281,-2.040,
86425287023416,Lacc,1.219,-1.408,0.514,
86425287023416,GameRo,-0.679,-0.286,0.631,0.244
86425294328510,pre,995.250,,,
86425306894673,acc,-7.592,-8.384,-0.001,
86425306894673,Gyro,-0.939,0.503,-2.487,
86425306894673,Lacc,-0.888,-1.299,1.041,
86425306894673,GameRo,-0.677,-0.307,0.619,0.252
86425319393370,pre,995.292,,,
86425326765522,acc,-9.261,-8.698,-0.579,
86425326765522,Gyro,-0.328,0.732,-2.801,
86425326765522,Lacc,-2.963,-1.273,0.625,
86425326765522,GameRo,-0.674,-0.327,0.606,0.267
86425344448831,pre,995.268,,,
86425346636657,acc,-10.705,-8.622,-1.361,
86425346636657,Gyro,0.334,1.031,-3.026,
86425346636657,Lacc,-4.879,-0.835,-0.066,
86425346636657,GameRo,-0.669,-0.344,0.592,0.289
86425366507302,acc,-11.859,-7.748,-2.339,
86425366507302,Gyro,0.747,1.271,-3.056,
86425366507302,Lacc,-6.551,0.395,-1.017,
86425366507302,GameRo,-0.664,-0.356,0.577,0.315
86425369485249,pre,995.207,,,
86425386378234,acc,-11.494,-5.771,-2.584,
86425386378234,Gyro,0.624,1.279,-2.816,
86425386378234,Lacc,-6.702,2.685,-1.253,
86425386378234,GameRo,-0.658,-0.367,0.562,0.342
86425394564269,pre,995.189,,,
86425406249206,acc,-10.464,-4.774,-2.217,
86425406249206,Gyro,-0.025,0.982,-2.438,
86425406249206,Lacc,-6.134,3.918,-0.824,
86425406249206,GameRo,-0.654,-0.378,0.546,0.361
86425419624206,pre,995.231,,,
86425426120259,acc,-9.255,-4.617,-1.169,
86425426120259,Gyro,-0.652,0.580,-2.133,
86425426120259,Lacc,-5.284,4.220,0.373,
86425426120259,GameRo,-0.652,-0.392,0.533,0.370
86425444682189,pre,995.256,,,
86425445965637,acc,-8.236,-4.808,-0.364,
86425445965637,Gyro,-0.908,0.222,-1.922,
86425445965637,Lacc,-4.307,4.024,1.312,
86425445965637,GameRo,-0.653,-0.399,0.530,0.365
86425465862121,acc,-7.321,-5.151,-0.059,
86425465862121,Gyro,-0.830,0.007,-1.864,
86425465862121,Lacc,-3.713,3.784,1.777,
86425465862121,GameRo,-0.649,-0.415,0.520,0.369
86425469714294,pre,995.222,,,
86425485733011,acc,-6.857,-5.574,-0.258,
86425485733011,Gyro,-0.613,-0.063,-1.972,
86425485733011,Lacc,-3.585,3.466,1.694,
86425485733011,GameRo,-0.643,-0.431,0.510,0.374
86425494797220,pre,995.189,,,
86425505604511,acc,-6.944,-5.963,-0.842,
86425505604511,Gyro,-0.539,-0.067,-2.158,
86425505604511,Lacc,-4.014,3.174,1.196,
86425505604511,GameRo,-0.636,-0.447,0.502,0.380
86425519851623,pre,995.195,,,
86425525475199,acc,-7.476,-6.189,-1.172,
86425525475199,Gyro,-0.632,-0.045,-2.304,
86425525475199,Lacc,-3.931,2.738,0.823,
86425525475199,GameRo,-0.640,-0.439,0.524,0.352
86425545368753,acc,-8.025,-6.605,-1.374,
86425545368753,Gyro,-0.796,0.067,-2.388,
86425545368753,Lacc,-4.884,2.442,0.752,
86425545368753,GameRo,-0.632,-0.457,0.513,0.359
86425544909931,pre,995.207,,,
86425565216979,acc,-8.549,-7.094,-1.173,
86425565216979,Gyro,-0.930,0.272,-2.506,
86425565216979,Lacc,-5.858,2.055,1.127,
86425565216979,GameRo,-0.625,-0.476,0.499,0.366
86425569966287,pre,995.201,,,
86425585087828,acc,-9.106,-7.243,-0.484,
86425585087828,Gyro,-0.956,0.474,-2.642,
86425585087828,Lacc,-6.907,1.986,2.013,
86425585087828,GameRo,-0.618,-0.495,0.482,0.375
86425595035298,pre,995.219,,,
86425604976582,acc,-9.855,-7.177,0.185,
86425604976582,Gyro,-0.881,0.536,-2.725,
86425604976582,Lacc,-8.178,2.109,2.870,
86425604976582,GameRo,-0.610,-0.514,0.464,0.385
86425620055806,pre,995.244,,,
86425624829569,acc,-10.529,-6.897,0.419,
86425624829569,Gyro,-0.787,0.490,-2.767,
86425624829569,Lacc,-9.387,2.421,3.266,
86425624829569,GameRo,-0.602,-0.532,0.446,0.395
86425644700947,acc,-11.258,-6.599,0.289,
86425644700947,Gyro,-0.800,0.396,-2.743,
86425644700947,Lacc,-10.647,2.722,3.286,
86425644700947,GameRo,-0.592,-0.550,0.429,0.404
86425645111389,pre,995.222,,,
86425664571920,acc,-12.189,-6.645,0.204,
86425664571920,Gyro,-0.906,0.291,-2.621,
86425664571920,Lacc,-12.087,2.642,3.364,
86425664571920,GameRo,-0.582,-0.568,0.411,0.412
86425670195414,pre,995.195,,,
86425684442687,acc,-12.861,-6.523,0.281,
86425684442687,Gyro,-0.972,0.202,-2.413,
86425684442687,Lacc,-13.226,2.695,3.617,
86425684442687,GameRo,-0.572,-0.585,0.394,0.418
86425695252258,pre,995.213,,,
86425704313659,acc,-13.054,-6.138,0.537,
86425704313659,Gyro,-0.977,0.141,-2.142,
86425704313659,Lacc,-13.830,2.989,4.049,
86425704313659,GameRo,-0.564,-0.601,0.379,0.421
86425720326802,pre,995.231,,,
86425724184956,acc,-12.908,-5.603,0.836,
86425724184956,Gyro,-0.951,0.070,-1.831,
86425724184956,Lacc,-14.034,3.419,4.519,
86425724184956,GameRo,-0.557,-0.614,0.364,0.424
86425744056091,acc,-12.597,-5.077,1.212,
86425744056091,Gyro,-0.872,-0.034,-1.521,
86425744056091,Lacc,-14.004,3.838,5.056,
86425744056091,GameRo,-0.551,-0.626,0.352,0.424
86425745357035,pre,995.244,,,
86425763926777,acc,-12.685,-4.938,1.523,
86425763926777,Gyro,-0.620,-0.175,-1.193,
86425763926777,Lacc,-14.305,3.882,5.500,
86425763926777,GameRo,-0.546,-0.637,0.343,0.424
86425770426412,pre,995.268,,,
86425783797872,acc,-12.516,-4.154,1.248,
86425783797872,Gyro,-0.115,-0.272,-0.783,
86425783797872,Lacc,-14.271,4.613,5.285,
86425783797872,GameRo,-0.540,-0.643,0.339,0.423
86425795486103,pre,995.271,,,
86425803669006,acc,-12.361,-3.474,0.446,
86425803669006,Gyro,0.469,-0.278,-0.236,
86425803669006,Lacc,-14.160,5.302,4.443,
86425803669006,GameRo,-0.535,-0.646,0.341,0.424
86425820567443,pre,995.234,,,
86425823539734,acc,-11.510,-3.436,-0.801,
86425823539734,Gyro,0.964,-0.113,0.267,
86425823539734,Lacc,-13.262,5.412,3.056,
86425823539734,GameRo,-0.532,-0.643,0.348,0.427
86425843385112,acc,-11.594,-3.908,-1.949,
86425843385112,Gyro,1.217,0.248,0.668,
86425843385112,Lacc,-13.252,5.047,1.697,
86425843385112,GameRo,-0.531,-0.635,0.358,0.432
86425845604390,pre,995.204,,,
86425863281880,acc,-12.277,-4.732,-2.296,
86425863281880,Gyro,1.245,0.610,1.087,
86425863281880,Lacc,-13.792,4.344,1.107,
86425863281880,GameRo,-0.534,-0.624,0.367,0.438
86425870656107,pre,995.207,,,
86425883152568,acc,-12.619,-5.031,-2.024,
86425883152568,Gyro,1.109,0.825,1.531,
86425883152568,Lacc,-13.927,4.161,1.144,
86425883152568,GameRo,-0.540,-0.608,0.376,0.444
86425895722717,pre,995.192,,,
86425902998189,acc,-12.668,-5.392,-1.262,
86425902998189,Gyro,0.919,0.864,2.031,
86425902998189,Lacc,-13.679,3.903,1.707,
86425902998189,GameRo,-0.550,-0.590,0.386,0.447
86425920780416,pre,995.167,,,
86425922872416,acc,-12.386,-6.186,-0.593,
86425922872416,Gyro,0.756,0.741,2.488,
86425922872416,Lacc,-12.997,3.194,2.214,
86425922872416,GameRo,-0.563,-0.571,0.397,0.447
86425942765767,acc,-12.107,-6.912,-0.121,
86425942765767,Gyro,0.680,0.504,2.875,
86425942765767,Lacc,-12.228,2.526,2.552,
86425942765767,GameRo,-0.578,-0.549,0.410,0.443
86425945838603,pre,995.195,,,
86425962622050,acc,-11.702,-7.647,-0.109,
86425962622050,Gyro,0.663,0.242,3.195,
86425962622050,Lacc,-11.248,1.815,2.439,
86425962622050,GameRo,-0.593,-0.527,0.425,0.435
86425970921489,pre,995.247,,,
86425982481628,acc,-11.158,-8.228,-0.276,
86425982481628,Gyro,0.649,0.008,3.403,
86425982481628,Lacc,-10.073,1.215,2.150,
86425982481628,GameRo,-0.608,-0.504,0.443,0.425
86425995954773,pre,995.241,,,
86426002379089,acc,-10.620,-8.844,-0.483,
86426002379089,Gyro,0.601,-0.179,3.498,
86426002379089,Lacc,-8.871,0.530,1.821,
86426002379089,GameRo,-0.622,-0.480,0.461,0.412
86426021012106,pre,995.183,,,
86426022258239,acc,-10.202,-9.186,-0.497,
86426022258239,Gyro,0.576,-0.345,3.527,
86426022258239,Lacc,-7.785,0.067,1.688,
86426022258239,GameRo,-0.635,-0.456,0.480,0.398
86426042119975,acc,-9.934,-9.071,-0.743,
86426042119975,Gyro,0.694,-0.385,3.625,
86426042119975,Lacc,-6.843,0.012,1.303,
86426042119975,GameRo,-0.646,-0.432,0.499,0.382
86426046072570,pre,995.155,,,
86426061991028,acc,-9.629,-9.154,-0.927,
86426061991028,Gyro,0.912,-0.247,3.767,
86426061991028,Lacc,-5.859,-0.293,0.948,
86426061991028,GameRo,-0.657,-0.405,0.519,0.368
86426071124003,pre,995.170,,,
86426081861999,acc,-9.312,-9.528,-1.177,
86426081861999,Gyro,1.055,-0.078,3.870,
86426081861999,Lacc,-4.868,-0.946,0.508,
86426081861999,GameRo,-0.668,-0.374,0.538,0.354
86426096190938,pre,995.167,,,
86426101733907,acc,-8.745,-9.926,-1.300,
86426101733907,Gyro,1.006,0.040,3.867,
86426101733907,Lacc,-3.650,-1.680,0.210,
86426101733907,GameRo,-0.678,-0.343,0.555,0.340
86426121584249,acc,-8.013,-10.134,-1.054,
86426121584249,Gyro,0.827,0.076,3.700,
86426121584249,Lacc,-2.315,-2.268,0.321,
86426121584249,GameRo,-0.688,-0.312,0.570,0.325
86426121250102,pre,995.143,,,
86426141475281,acc,-7.234,-9.898,-0.635,
86426141475281,Gyro,0.682,0.032,3.412,
86426141475281,Lacc,-1.001,-2.430,0.637,
86426141475281,GameRo,-0.696,-0.283,0.582,0.310
86426146310201,pre,995.140,,,
86426161345967,acc,-6.735,-9.307,-0.508,
86426161345967,Gyro,0.621,0.014,3.100,
86426161345967,Lacc,-0.042,-2.233,0.674,
86426161345967,GameRo,-0.703,-0.257,0.594,0.296
86426171345724,pre,995.152,,,
86426181217224,acc,-6.486,-8.809,-0.543,
86426181217224,Gyro,0.559,0.064,2.812,
86426181217224,Lacc,0.601,-2.117,0.564,
86426181217224,GameRo,-0.708,-0.234,0.603,0.283
86426196440410,pre,995.173,,,
86426201063090,acc,-6.292,-8.566,-0.324,
86426201063090,Gyro,0.404,0.056,2.508,
86426201063090,Lacc,1.127,-2.236,0.731,
86426201063090,GameRo,-0.713,-0.212,0.611,0.271
86426220945821,acc,-6.155,-8.846,-0.083,
86426220945821,Gyro,0.131,-0.136,2.155,
86426220945821,Lacc,1.541,-2.849,0.937,
86426220945821,GameRo,-0.717,-0.195,0.617,0.258
86426221465638,pre,995.180,,,
86426240829773,acc,-5.629,-8.957,-0.041,
86426240829773,Gyro,-0.127,-0.393,1.751,
86426240829773,Lacc,2.287,-3.244,0.932,
86426240829773,GameRo,-0.718,-0.183,0.624,0.246
86426246547628,pre,995.152,,,
86426260684265,acc,-5.042,-8.849,-0.063,
86426260684265,Gyro,-0.277,-0.602,1.297,
86426260684265,Lacc,2.960,-3.243,0.824,
86426260684265,GameRo,-0.716,-0.180,0.630,0.241
86426271608704,pre,995.152,,,
86426280573262,acc,-4.369,-8.990,-0.656,
86426280573262,Gyro,-0.368,-0.778,0.842,
86426280573262,Lacc,3.504,-3.192,0.141,
86426280573262,GameRo,-0.711,-0.189,0.631,0.248
86426296668275,pre,995.201,,,
86426300440288,acc,-3.583,-9.011,-1.339,
86426300440288,Gyro,-0.530,-0.843,0.317,
86426300440288,Lacc,3.646,-2.438,-0.455,
86426300440288,GameRo,-0.703,-0.227,0.614,0.278
86426320314027,acc,-3.410,-9.224,-1.941,
86426320314027,Gyro,-0.757,-0.805,-0.217,
86426320314027,Lacc,3.630,-2.455,-1.018,
86426320314027,GameRo,-0.698,-0.244,0.612,0.280
86426321703105,pre,995.225,,,
86426340185038,acc,-3.522,-9.609,-2.394,
86426340185038,Gyro,-1.075,-0.600,-0.810,
86426340185038,Lacc,3.437,-2.762,-1.431,
86426340185038,GameRo,-0.695,-0.256,0.612,0.276
86426346787293,pre,995.204,,,
86426360056011,acc,-4.122,-9.669,-2.082,
86426360056011,Gyro,-1.441,-0.340,-1.365,
86426360056011,Lacc,2.676,-2.681,-0.993,
86426360056011,GameRo,-0.693,-0.274,0.608,0.273
86426371844991,pre,995.189,,,
86426379928243,acc,-4.378,-9.120,-0.966,
86426379928243,Gyro,-1.638,-0.089,-1.829,
86426379928243,Lacc,2.128,-1.890,0.314,
86426379928243,GameRo,-0.691,-0.297,0.599,0.276
86426396900859,pre,995.213,,,
86426399797995,acc,-4.922,-8.551,0.101,
86426399797995,Gyro,-1.485,0.219,-2.293,
86426399797995,Lacc,1.104,-0.913,1.363,
86426399797995,GameRo,-0.682,-0.315,0.588,0.299
86426419668925,acc,-6.728,-8.878,0.846,
86426419668925,Gyro,-0.876,0.414,-2.641,
86426419668925,Lacc,-1.108,-0.975,2.326,
86426419668925,GameRo,-0.679,-0.338,0.574,0.308
86426421957825,pre,995.234,,,
86426439544414,acc,-8.576,-9.849,-0.203,
86426439544414,Gyro,0.021,0.560,-2.837,
86426439544414,Lacc,-3.417,-1.656,1.373,
86426439544414,GameRo,-0.673,-0.356,0.561,0.323
86426447016663,pre,995.247,,,
86426459410950,acc,-9.836,-10.281,-2.099,
86426459410950,Gyro,0.847,0.862,-3.068,
86426459410950,Lacc,-5.193,-1.778,-0.556,
86426459410950,GameRo,-0.665,-0.370,0.549,0.346
86426472074281,pre,995.259,,,
86426479282573,acc,-10.870,-9.793,-3.473,
86426479282573,Gyro,1.260,1.150,-3.257,
86426479282573,Lacc,-6.813,-0.976,-2.046,
86426479282573,GameRo,-0.654,-0.381,0.535,0.376
86426497132467,pre,995.234,,,
86426499153341,acc,-11.009,-8.309,-4.129,
86426499153341,Gyro,0.953,1.138,-3.267,
86426499153341,Lacc,-7.568,0.784,-2.818,
86426499153341,GameRo,-0.643,-0.391,0.519,0.405
86426519024069,acc,-10.753,-7.289,-3.753,
86426519024069,Gyro,0.050,0.805,-3.153,
86426519024069,Lacc,-7.918,2.012,-2.453,
86426519024069,GameRo,-0.634,-0.405,0.501,0.427
86426522163880,pre,995.204,,,
86426538895082,acc,-10.193,-6.808,-2.246,
86426538895082,Gyro,-0.850,0.322,-3.022,
86426538895082,Lacc,-7.937,2.630,-0.805,
86426538895082,GameRo,-0.626,-0.425,0.483,0.440
86426547245668,pre,995.201,,,
86426558765971,acc,-9.656,-6.749,-1.052,
86426558765971,Gyro,-1.294,-0.062,-2.946,
86426558765971,Lacc,-7.954,2.766,0.623,
86426558765971,GameRo,-0.619,-0.449,0.464,0.446
86426572303365,pre,995.219,,,
86426578637188,acc,-9.195,-6.438,-0.319,
86426578637188,Gyro,-1.369,-0.297,-2.969,
86426578637188,Lacc,-8.040,3.110,1.612,
86426578637188,GameRo,-0.611,-0.475,0.446,0.450
86426597360169,pre,995.225,,,
86426598486146,acc,-9.378,-6.004,-0.348,
86426598486146,Gyro,-1.309,-0.463,-2.910,
86426598486146,Lacc,-8.762,3.542,1.827,
86426598486146,GameRo,-0.601,-0.500,0.429,0.453
86426618378968,acc,-9.372,-6.277,-0.390,
86426618378968,Gyro,-1.192,-0.420,-2.786,
86426618378968,Lacc,-9.263,3.232,2.017,
86426618378968,GameRo,-0.590,-0.524,0.413,0.455
86426622393047,pre,995.225,,,
86426638224345,acc,-9.566,-6.389,-0.665,
86426638224345,Gyro,-1.086,-0.309,-2.701,
86426638224345,Lacc,-9.948,3.058,1.952,
86426638224345,GameRo,-0.579,-0.546,0.397,0.457
86426647476990,pre,995.210,,,
86426658121074,acc,-9.747,-6.205,-0.535,
86426658121074,Gyro,-0.931,-0.042,-2.585,
86426658121074,Lacc,-10.607,3.156,2.269,
86426658121074,GameRo,-0.569,-0.565,0.380,0.461
86426672533672,pre,995.198,,,
86426677991639,acc,-9.894,-5.791,-0.241,
86426677991639,Gyro,-0.719,0.206,-2.420,
86426677991639,Lacc,-11.215,3.473,2.704,
86426677991639,GameRo,-0.559,-0.581,0.364,0.466
86426697840516,acc,-9.938,-5.443,-0.084,
86426697840516,Gyro,-0.566,0.352,-2.218,
86426697840516,Lacc,-11.691,3.716,2.960,
86426697840516,GameRo,-0.550,-0.594,0.348,0.473
86426697590923,pre,995.189,,,
86426717712179,acc,-9.910,-5.220,0.093,
86426717712179,Gyro,-0.495,0.396,-2.019,
86426717712179,Lacc,-12.058,3.829,3.213,
86426717712179,GameRo,-0.541,-0.605,0.333,0.479
86426722623963,pre,995.186,,,
86426737600933,acc,-9.915,-4.913,0.294,
86426737600933,Gyro,-0.513,0.340,-1.835,
86426737600933,Lacc,-12.418,4.020,3.484,
86426737600933,GameRo,-0.534,-0.615,0.320,0.485
86426747732484,pre,995.198,,,
86426757475770,acc,-10.282,-5.246,0.448,
86426757475770,Gyro,-0.591,0.211,-1.663,
86426757475770,Lacc,-13.098,3.561,3.723,
86426757475770,GameRo,-0.527,-0.624,0.307,0.489
86426772741273,pre,995.213,,,
86426777347067,acc,-10.958,-5.887,0.594,
86426777347067,Gyro,-0.588,0.056,-1.508,
86426777347067,Lacc,-14.045,2.791,3.969,
86426777347067,GameRo,-0.520,-0.633,0.295,0.491
86426797217795,acc,-11.408,-6.056,0.501,
86426797217795,Gyro,-0.473,-0.065,-1.325,
86426797217795,Lacc,-14.724,2.502,3.967,
86426797217795,GameRo,-0.514,-0.642,0.285,0.492
86426797799135,pre,995.219,,,
86426817068177,acc,-11.783,-5.952,0.359,
86426817068177,Gyro,-0.361,-0.136,-1.130,
86426817068177,Lacc,-15.287,2.500,3.898,
86426817068177,GameRo,-0.508,-0.650,0.278,0.492
86426822878520,pre,995.213,,,
86426836959738,acc,-12.223,-5.731,0.363,
86426836959738,Gyro,-0.324,-0.266,-0.907,
86426836959738,Lacc,-15.869,2.630,3.972,
86426836959738,GameRo,-0.503,-0.656,0.272,0.492
86426847936748,pre,995.198,,,
86426856830588,acc,-13.013,-5.682,0.372,
86426856830588,Gyro,-0.334,-0.412,-0.604,
86426856830588,Lacc,-16.746,2.606,4.062,
86426856830588,GameRo,-0.499,-0.662,0.269,0.490
86426872967103,pre,995.180,,,
86426876701804,acc,-13.297,-5.501,0.541,
86426876701804,Gyro,-0.275,-0.619,-0.202,
86426876701804,Lacc,-17.037,2.742,4.322,
86426876701804,GameRo,-0.497,-0.667,0.268,0.485
86426896572978,acc,-13.048,-5.324,0.301,
86426896572978,Gyro,-0.151,-0.780,0.217,
86426896572978,Lacc,-16.711,2.914,4.169,
86426896572978,GameRo,-0.497,-0.671,0.271,0.479
86426898023255,pre,995.192,,,
86426916445009,acc,-12.343,-4.892,0.088,
86426916445009,Gyro,0.050,-0.936,0.608,
86426916445009,Lacc,-15.849,3.381,4.024,
86426916445009,GameRo,-0.498,-0.673,0.278,0.471
86426923131125,pre,995.222,,,
86426936314596,acc,-11.470,-4.035,-0.613,
86426936314596,Gyro,0.285,-0.943,0.954,
86426936314596,Lacc,-14.754,4.316,3.354,
86426936314596,GameRo,-0.500,-0.672,0.288,0.463
86426948162904,pre,995.225,,,
86426956186016,acc,-11.634,-4.331,-1.375,
86426956186016,Gyro,0.422,-0.740,1.361,
86426956186016,Lacc,-14.641,4.129,2.578,
86426956186016,GameRo,-0.504,-0.669,0.301,0.456
86426973193178,pre,995.213,,,
86426976056988,acc,-11.928,-5.195,-1.591,
86426976056988,Gyro,0.584,-0.446,1.786,
86426976056988,Lacc,-14.604,3.401,2.306,
86426976056988,GameRo,-0.511,-0.661,0.315,0.450
86426995927634,acc,-11.978,-5.829,-1.834,
86426995927634,Gyro,0.799,-0.042,2.204,
86426995927634,Lacc,-14.275,2.927,1.946,
86426995927634,GameRo,-0.521,-0.649,0.330,0.445
86426998276389,pre,995.232,,,
86427015799989,acc,-11.904,-6.585,-1.519,
86427015799989,Gyro,0.924,0.368,2.623,
86427015799989,Lacc,-13.774,2.342,2.093,
86427015799989,GameRo,-0.534,-0.632,0.346,0.443
86427023332664,pre,995.256,,,
86427035669659,acc,-11.859,-7.709,-0.578,
86427035669659,Gyro,1.041,0.611,2.976,
86427035669659,Lacc,-13.245,1.382,2.836,
86427035669659,GameRo,-0.550,-0.610,0.362,0.442
86427048389304,pre,995.229,,,
86427055515728,acc,-11.567,-8.908,0.069,
86427055515728,Gyro,1.108,0.649,3.139,
86427055515728,Lacc,-12.422,0.327,3.264,
86427055515728,GameRo,-0.566,-0.585,0.379,0.440
86427073436992,pre,995.171,,,
86427075418072,acc,-11.357,-9.392,0.663,
86427075418072,Gyro,0.939,0.427,3.078,
86427075418072,Lacc,-11.665,-0.056,3.660,
86427075418072,GameRo,-0.581,-0.561,0.395,0.437
86427095283103,acc,-11.315,-9.329,1.510,
86427095283103,Gyro,0.675,-0.150,2.995,
86427095283103,Lacc,-11.060,0.053,4.363,
86427095283103,GameRo,-0.595,-0.540,0.412,0.430
86427098502422,pre,995.167,,,
86427115154278,acc,-11.175,-9.220,2.071,
86427115154278,Gyro,0.569,-0.832,2.976,
86427115154278,Lacc,-10.327,0.161,4.811,
86427115154278,GameRo,-0.606,-0.522,0.431,0.417
86427123557557,pre,995.195,,,
86427134999696,acc,-10.645,-8.788,1.759,
86427134999696,Gyro,0.842,-1.235,3.122,
86427134999696,Lacc,-9.161,0.560,4.339,
86427134999696,GameRo,-0.613,-0.505,0.455,0.402
86427148613588,pre,995.198,,,
86427154879212,acc,-9.769,-8.903,0.765,
86427154879212,Gyro,1.358,-1.108,3.346,
86427154879212,Lacc,-7.614,0.383,3.081,
86427154879212,GameRo,-0.619,-0.484,0.481,0.388
86427173670961,pre,995.201,,,
86427174744529,acc,-8.877,-9.144,-0.093,
86427174744529,Gyro,1.818,-0.660,3.462,
86427174744529,Lacc,-6.051,0.043,1.868,
86427174744529,GameRo,-0.625,-0.458,0.507,0.378
86427194614077,acc,-8.141,-9.320,-0.522,
86427194614077,Gyro,1.999,-0.209,3.488,
86427194614077,Lacc,-4.666,-0.283,1.057,
86427194614077,GameRo,-0.631,-0.427,0.531,0.371
86427198717836,pre,995.207,,,
86427214483542,acc,-7.310,-9.441,-0.494,
86427214483542,Gyro,1.898,0.100,3.367,
86427214483542,Lacc,-3.226,-0.607,0.738,
86427214483542,GameRo,-0.638,-0.394,0.552,0.365
86427223759828,pre,995.201,,,
86427234354881,acc,-6.657,-9.099,-0.143,
86427234354881,Gyro,1.687,0.216,3.158,
86427234354881,Lacc,-2.017,-0.507,0.802,
86427234354881,GameRo,-0.645,-0.363,0.569,0.359
86427248816388,pre,995.192,,,
86427254251527,acc,-6.032,-8.497,0.063,
86427254251527,Gyro,1.511,0.275,2.953,
86427254251527,Lacc,-0.889,-0.173,0.771,
86427254251527,GameRo,-0.652,-0.334,0.583,0.352
86427274096132,acc,-5.493,-8.052,-0.019,
86427274096132,Gyro,1.364,0.336,2.767,
86427274096132,Lacc,0.104,-0.012,0.493,
86427274096132,GameRo,-0.657,-0.306,0.595,0.346
86427273896669,pre,995.195,,,
86427293993715,acc,-4.893,-8.081,-0.159,
86427293993715,Gyro,1.178,0.400,2.533,
86427293993715,Lacc,1.107,-0.329,0.201,
86427293993715,GameRo,-0.663,-0.281,0.605,0.340
86427298967714,pre,995.180,,,
86427313864036,acc,-4.387,-8.153,-0.316,
86427313864036,Gyro,0.992,0.509,2.207,
86427313864036,Lacc,1.941,-0.662,-0.057,
86427313864036,GameRo,-0.668,-0.258,0.612,0.335
86427323985944,pre,995.171,,,
86427333709454,acc,-4.237,-8.675,-0.366,
86427333709454,Gyro,0.753,0.599,1.825,
86427333709454,Lacc,2.124,-1.210,-0.134,
86427333709454,GameRo,-0.670,-0.250,0.611,0.340
86427349037741,pre,995.183,,,
86427353605857,acc,-4.118,-9.223,-0.076,
86427353605857,Gyro,0.519,0.566,1.347,
86427353605857,Lacc,2.348,-1.848,0.139,
86427353605857,GameRo,-0.674,-0.239,0.611,0.341
86427373477601,acc,-3.973,-9.061,0.118,
86427373477601,Gyro,0.331,0.422,0.806,
86427373477601,Lacc,2.282,-1.506,0.284,
86427373477601,GameRo,-0.670,-0.243,0.604,0.355
86427374096661,pre,995.204,,,
86427393347882,acc,-4.119,-8.729,-0.057,
86427393347882,Gyro,0.164,0.292,0.311,
86427393347882,Lacc,2.032,-1.089,0.107,
86427393347882,GameRo,-0.670,-0.245,0.601,0.362
86427399177634,pre,995.204,,,
86427413193952,acc,-4.635,-9.329,-0.490,
86427413193952,Gyro,0.002,0.189,-0.124,
86427413193952,Lacc,1.507,-1.682,-0.306,
86427413193952,GameRo,-0.671,-0.245,0.599,0.363
86427424235048,pre,995.219,,,
86427433094952,acc,-4.845,-10.325,-1.024,
86427433094952,Gyro,-0.143,0.136,-0.605,
86427433094952,Lacc,1.228,-2.624,-0.806,
86427433094952,GameRo,-0.671,-0.248,0.596,0.365
86427449295148,pre,995.235,,,
86427452952130,acc,-4.983,-10.510,-1.322,
86427452952130,Gyro,-0.268,0.209,-1.210,
86427452952130,Lacc,0.932,-2.689,-1.048,
86427452952130,GameRo,-0.670,-0.255,0.591,0.370
86427472806215,acc,-5.696,-9.854,-1.024,
86427472806215,Gyro,-0.368,0.306,-1.782,
86427472806215,Lacc,-0.038,-1.848,-0.662,
86427472806215,GameRo,-0.669,-0.267,0.582,0.378
86427474329083,pre,995.235,,,
86427492677757,acc,-6.513,-8.207,-0.610,
86427492677757,Gyro,-0.384,0.289,-2.185,
86427492677757,Lacc,-1.196,0.025,-0.150,
86427492677757,GameRo,-0.666,-0.282,0.571,0.388
86427499410504,pre,995.232,,,
86427512573834,acc,-7.865,-6.885,-0.810,
86427512573834,Gyro,-0.263,0.215,-2.275,
86427512573834,Lacc,-2.921,1.571,-0.270,
86427512573834,GameRo,-0.662,-0.298,0.560,0.399
86427524466535,pre,995.232,,,
86427532444684,acc,-8.750,-7.519,-1.733,
86427532444684,Gyro,0.016,0.190,-2.211,
86427532444684,Lacc,-4.184,1.145,-1.160,
86427532444684,GameRo,-0.657,-0.312,0.549,0.411
86427549522931,pre,995.219,,,
86427552315818,acc,-9.252,-9.121,-3.181,
86427552315818,Gyro,0.316,0.272,-2.388,
86427552315818,Lacc,-5.085,-0.257,-2.629,
86427552315818,GameRo,-0.650,-0.325,0.539,0.426
86427572187156,acc,-9.964,-9.431,-4.306,
86427572187156,Gyro,0.431,0.486,-2.719,
86427572187156,Lacc,-6.264,-0.360,-3.798,
86427572187156,GameRo,-0.642,-0.337,0.527,0.443
86427574553042,pre,995.204,,,
86427592058046,acc,-10.717,-8.440,-4.165,
86427592058046,Gyro,0.198,0.592,-2.917,
86427592058046,Lacc,-7.549,0.831,-3.674,
86427592058046,GameRo,-0.634,-0.351,0.511,0.462
86427599635764,pre,995.213,,,
86427611928978,acc,-10.936,-7.575,-3.469,
86427611928978,Gyro,-0.394,0.415,-2.873,
86427611928978,Lacc,-8.310,1.860,-2.916,
86427611928978,GameRo,-0.627,-0.368,0.494,0.478
86427624691388,pre,995.222,,,
86427631799827,acc,-10.355,-7.164,-2.435,
86427631799827,Gyro,-1.016,0.117,-2.776,
86427631799827,Lacc,-8.256,2.391,-1.711,
86427631799827,GameRo,-0.621,-0.388,0.476,0.486
86427649748151,pre,995.232,,,
86427651671002,acc,-9.453,-7.082,-1.564,
86427651671002,Gyro,-1.406,-0.099,-2.783,
86427651671002,Lacc,-7.876,2.551,-0.587,
86427651671002,GameRo,-0.617,-0.411,0.458,0.491
86427671541852,acc,-8.907,-6.731,-0.661,
86427671541852,Gyro,-1.470,-0.236,-2.874,
86427671541852,Lacc,-7.865,2.941,0.599,
86427671541852,GameRo,-0.611,-0.436,0.439,0.493
86427674779685,pre,995.222,,,
86427691412864,acc,-8.901,-5.889,-0.118,
86427691412864,Gyro,-1.316,-0.373,-2.961,
86427691412864,Lacc,-8.403,3.790,1.400,
86427691412864,GameRo,-0.604,-0.461,0.420,0.496
86427699861798,pre,995.198,,,
86427711281395,acc,-8.665,-5.774,-0.869,
86427711281395,Gyro,-1.256,-0.384,-2.945,
86427711281395,Lacc,-8.677,3.877,0.893,
86427711281395,GameRo,-0.596,-0.485,0.404,0.497
86427724915550,pre,995.201,,,
86427731154686,acc,-8.991,-5.591,-0.706,
86427731154686,Gyro,-1.059,-0.290,-2.917,
86427731154686,Lacc,-9.532,4.003,1.268,
86427731154686,GameRo,-0.586,-0.507,0.386,0.500
86427749970807,pre,995.250,,,
86427751015363,acc,-9.282,-5.951,-1.255,
86427751015363,Gyro,-1.065,-0.078,-2.822,
86427751015363,Lacc,-10.351,3.555,0.919,
86427751015363,GameRo,-0.576,-0.528,0.368,0.504
86427770896832,acc,-9.616,-6.150,-0.880,
86427770896832,Gyro,-1.107,0.100,-2.789,
86427770896832,Lacc,-11.206,3.234,1.497,
86427770896832,GameRo,-0.567,-0.548,0.348,0.508
86427775026187,pre,995.272,,,
86427790767601,acc,-10.030,-6.163,-0.441,
86427790767601,Gyro,-1.078,0.256,-2.734,
86427790767601,Lacc,-12.134,3.067,2.133,
86427790767601,GameRo,-0.558,-0.566,0.327,0.512
86427800080142,pre,995.229,,,
86427810638654,acc,-10.313,-6.113,0.081,
86427810638654,Gyro,-0.915,0.363,-2.646,
86427810638654,Lacc,-12.915,2.942,2.817,
86427810638654,GameRo,-0.549,-0.581,0.306,0.517
86427825134341,pre,995.183,,,
86427830488833,acc,-10.507,-5.988,0.241,
86427830488833,Gyro,-0.714,0.425,-2.506,
86427830488833,Lacc,-13.580,2.881,3.092,
86427830488833,GameRo,-0.539,-0.595,0.286,0.522
86427850367698,acc,-10.485,-5.836,0.448,
86427850367698,Gyro,-0.527,0.449,-2.366,
86427850367698,Lacc,-13.996,2.846,3.370,
86427850367698,GameRo,-0.529,-0.607,0.268,0.529
86427850191713,pre,995.204,,,
86427870251773,acc,-10.804,-5.872,0.479,
86427870251773,Gyro,-0.369,0.392,-2.228,
86427870251773,Lacc,-14.722,2.620,3.439,
86427870251773,GameRo,-0.519,-0.618,0.251,0.535
86427875233624,pre,995.262,,,
86427890122785,acc,-11.289,-5.956,0.456,
86427890122785,Gyro,-0.174,0.278,-2.093,
86427890122785,Lacc,-15.576,2.351,3.432,
86427890122785,GameRo,-0.508,-0.627,0.237,0.540
86427900284202,pre,995.266,,,
86427909993634,acc,-11.791,-5.638,0.291,
86427909993634,Gyro,0.103,0.156,-1.943,
86427909993634,Lacc,-16.407,2.497,3.249,
86427909993634,GameRo,-0.496,-0.636,0.226,0.546
86427925333234,pre,995.214,,,
86427929864566,acc,-12.671,-4.979,-0.105,
86427929864566,Gyro,0.252,0.070,-1.722,
86427929864566,Lacc,-17.577,3.002,2.803,
86427929864566,GameRo,-0.484,-0.644,0.217,0.552
86427949736229,acc,-13.569,-3.919,0.033,
86427949736229,Gyro,0.128,-0.169,-1.305,
86427949736229,Lacc,-18.697,3.932,2.917,
86427949736229,GameRo,-0.473,-0.650,0.211,0.555
86427950390404,pre,995.195,,,
86427969607771,acc,-13.966,-2.756,0.583,
86427969607771,Gyro,-0.106,-0.556,-0.666,
86427969607771,Lacc,-19.203,5.004,3.517,
86427969607771,GameRo,-0.467,-0.657,0.208,0.554
86427975471336,pre,995.229,,,
86427989477602,acc,-14.295,-3.268,0.818,
86427989477602,Gyro,-0.159,-0.929,0.121,
86427989477602,Lacc,-19.496,4.471,3.868,
86427989477602,GameRo,-0.466,-0.662,0.210,0.548
86428000526268,pre,995.269,,,
86428009349063,acc,-14.143,-5.109,0.301,
86428009349063,Gyro,0.075,-1.120,0.791,
86428009349063,Lacc,-19.174,2.694,3.468,
86428009349063,GameRo,-0.468,-0.665,0.219,0.539
86428025582502,pre,995.259,,,
86428029220319,acc,-13.584,-6.174,-0.531,
86428029220319,Gyro,0.409,-1.136,1.240,
86428029220319,Lacc,-18.358,1.763,2.701,
86428029220319,GameRo,-0.471,-0.665,0.232,0.530
86428049090640,acc,-12.470,-5.766,-1.374,
86428049090640,Gyro,0.600,-1.081,1.572,
86428049090640,Lacc,-16.930,2.348,1.868,
86428049090640,GameRo,-0.476,-0.663,0.249,0.522
86428050612532,pre,995.241,,,
86428068961774,acc,-11.745,-5.464,-2.096,
86428068961774,Gyro,0.558,-0.922,1.896,
86428068961774,Lacc,-15.842,2.844,1.134,
86428068961774,GameRo,-0.482,-0.658,0.268,0.514
86428075694441,pre,995.238,,,
86428088832868,acc,-11.379,-5.916,-2.035,
86428088832868,Gyro,0.572,-0.633,2.232,
86428088832868,Lacc,-15.065,2.594,1.165,
86428088832868,GameRo,-0.491,-0.649,0.286,0.505
86428100750268,pre,995.229,,,
86428108703678,acc,-11.199,-6.508,-1.809,
86428108703678,Gyro,0.821,-0.192,2.553,
86428108703678,Lacc,-14.434,2.218,1.294,
86428108703678,GameRo,-0.503,-0.637,0.304,0.499
86428125805687,pre,995.201,,,
86428128575503,acc,-11.263,-7.297,-1.616,
86428128575503,Gyro,1.143,0.298,2.831,
86428128575503,Lacc,-14.015,1.658,1.294,
86428128575503,GameRo,-0.515,-0.619,0.324,0.497
86428148445743,acc,-11.443,-8.182,-1.458,
86428148445743,Gyro,1.352,0.738,3.062,
86428148445743,Lacc,-13.682,0.996,1.186,
86428148445743,GameRo,-0.529,-0.596,0.344,0.497
86428150839541,pre,995.192,,,
86428168317121,acc,-11.612,-9.250,-1.263,
86428168317121,Gyro,1.413,1.018,3.241,
86428168317121,Lacc,-13.303,0.125,1.081,
86428168317121,GameRo,-0.544,-0.569,0.363,0.499
86428175921003,pre,995.195,,,
86428188187890,acc,-11.579,-10.160,-0.772,
86428188187890,Gyro,1.366,1.112,3.433,
86428188187890,Lacc,-12.678,-0.630,1.280,
86428188187890,GameRo,-0.560,-0.539,0.382,0.500
86428200977359,pre,995.208,,,
86428208058983,acc,-11.023,-10.689,-1.030,
86428208058983,Gyro,1.254,1.092,3.511,
86428208058983,Lacc,-11.487,-1.054,0.755,
86428208058983,GameRo,-0.576,-0.509,0.400,0.499
86428226034488,pre,995.226,,,
86428227930443,acc,-10.147,-10.050,-0.046,
86428227930443,Gyro,1.163,1.373,3.414,
86428227930443,Lacc,-9.983,-0.367,1.515,
86428227930443,GameRo,-0.593,-0.478,0.415,0.498
86428247800845,acc,-9.937,-9.101,1.064,
86428247800845,Gyro,1.347,1.314,3.359,
86428247800845,Lacc,-9.162,0.588,2.390,
86428247800845,GameRo,-0.608,-0.445,0.430,0.498
86428251093489,pre,995.232,,,
86428267671776,acc,-9.524,-8.178,0.977,
86428267671776,Gyro,1.420,1.216,3.457,
86428267671776,Lacc,-8.117,1.471,2.055,
86428267671776,GameRo,-0.621,-0.412,0.445,0.497
86428276148746,pre,995.214,,,
86428287542829,acc,-9.147,-8.126,1.093,
86428287542829,Gyro,1.368,0.957,3.565,
86428287542829,Lacc,-7.080,1.427,1.938,
86428287542829,GameRo,-0.633,-0.378,0.462,0.494
86428301206119,pre,995.198,,,
86428307388248,acc,-8.648,-8.680,0.676,
86428307388248,Gyro,1.203,0.588,3.592,
86428307388248,Lacc,-5.909,0.718,1.312,
86428307388248,GameRo,-0.643,-0.346,0.479,0.488
86428326263614,pre,995.208,,,
86428327278629,acc,-7.921,-9.039,0.218,
86428327278629,Gyro,0.922,0.261,3.438,
86428327278629,Lacc,-4.533,0.156,0.688,
86428327278629,GameRo,-0.651,-0.316,0.497,0.478
86428347155378,acc,-7.379,-9.059,0.051,
86428347155378,Gyro,0.655,-0.022,3.197,
86428347155378,Lacc,-3.399,-0.100,0.391,
86428347155378,GameRo,-0.658,-0.291,0.515,0.467
86428351319523,pre,995.192,,,
86428367027124,acc,-6.738,-8.677,-0.006,
86428367027124,Gyro,0.457,-0.234,2.941,
86428367027124,Lacc,-2.225,0.030,0.231,
86428367027124,GameRo,-0.663,-0.269,0.531,0.454
86428376351748,pre,995.162,,,
86428386898176,acc,-6.046,-8.053,-0.077,
86428386898176,Gyro,0.383,-0.323,2.688,
86428386898176,Lacc,-1.053,0.390,0.063,
86428386898176,GameRo,-0.667,-0.250,0.547,0.440
86428401432600,pre,995.156,,,
86428406777652,acc,-5.477,-7.572,-0.222,
86428406777652,Gyro,0.369,-0.327,2.451,
86428406777652,Lacc,-0.067,0.611,-0.178,
86428406777652,GameRo,-0.669,-0.233,0.561,0.428
86428426639550,acc,-5.019,-7.441,-0.404,
86428426639550,Gyro,0.339,-0.272,2.215,
86428426639550,Lacc,0.758,0.488,-0.449,
86428426639550,GameRo,-0.671,-0.217,0.573,0.417
86428426488101,pre,995.177,,,
86428446510603,acc,-4.646,-7.954,-0.516,
86428446510603,Gyro,0.302,-0.176,1.906,
86428446510603,Lacc,1.432,-0.254,-0.627,
86428446510603,GameRo,-0.673,-0.203,0.583,0.407
86428451520735,pre,995.171,,,
86428466381900,acc,-4.619,-8.666,-0.605,
86428466381900,Gyro,0.252,-0.071,1.508,
86428466381900,Lacc,1.322,-0.859,-0.570,
86428466381900,GameRo,-0.675,-0.215,0.578,0.406
86428476577904,pre,995.159,,,
86428486252669,acc,-4.461,-9.024,-0.692,
86428486252669,Gyro,0.153,-0.019,1.058,
86428486252669,Lacc,1.581,-1.296,-0.652,
86428486252669,GameRo,-0.677,-0.210,0.580,0.402
86428501638126,pre,995.180,,,
86428506098778,acc,-4.311,-9.053,-0.617,
86428506098778,Gyro,-0.012,0.000,0.530,
86428506098778,Lacc,1.726,-1.322,-0.544,
86428506098778,GameRo,-0.677,-0.212,0.579,0.401
86428525994612,acc,-4.978,-9.164,-0.105,
86428525994612,Gyro,-0.126,-0.071,-0.015,
86428525994612,Lacc,1.074,-1.444,-0.019,
86428525994612,GameRo,-0.678,-0.212,0.580,0.399
86428526691918,pre,995.229,,,
86428545865788,acc,-5.588,-9.328,0.086,
86428545865788,Gyro,-0.088,-0.227,-0.564,
86428545865788,Lacc,0.405,-1.562,0.171,
86428545865788,GameRo,-0.677,-0.216,0.579,0.400
86428551772933,pre,995.232,,,
86428565736718,acc,-6.097,-9.098,-0.241,
86428565736718,Gyro,0.059,-0.368,-1.140,
86428565736718,Lacc,-0.255,-1.217,-0.198,
86428565736718,GameRo,-0.672,-0.224,0.578,0.405
86428576832015,pre,995.217,,,
86428585629134,acc,-6.610,-8.653,-1.034,
86428585629134,Gyro,0.032,-0.434,-1.569,
86428585629134,Lacc,-1.000,-0.605,-1.051,
86428585629134,GameRo,-0.666,-0.235,0.575,0.413
86428601885441,pre,995.229,,,
86428605455549,acc,-6.964,-8.520,-1.761,
86428605455549,Gyro,-0.367,-0.506,-1.851,
86428605455549,Lacc,-1.642,-0.280,-1.799,
86428605455549,GameRo,-0.660,-0.249,0.570,0.421
86428625349796,acc,-6.685,-8.522,-1.585,
86428625349796,Gyro,-0.909,-0.565,-2.163,
86428625349796,Lacc,-1.702,-0.071,-1.553,
86428625349796,GameRo,-0.655,-0.269,0.563,0.426
86428626918684,pre,995.232,,,
86428645221052,acc,-6.914,-8.864,-0.872,
86428645221052,Gyro,-1.041,-0.468,-2.589,
86428645221052,Lacc,-2.344,-0.185,-0.703,
86428645221052,GameRo,-0.650,-0.293,0.553,0.431
86428651980045,pre,995.214,,,
86428665091902,acc,-7.684,-9.004,-0.942,
86428665091902,Gyro,-0.658,-0.217,-3.058,
86428665091902,Lacc,-3.622,-0.079,-0.654,
86428665091902,GameRo,-0.643,-0.318,0.540,0.440
86428677055077,pre,995.192,,,
86428684962263,acc,-9.083,-8.477,-1.711,
86428684962263,Gyro,-0.086,0.164,-3.393,
86428684962263,Lacc,-5.616,0.694,-1.373,
86428684962263,GameRo,-0.634,-0.340,0.524,0.456
86428702109684,pre,995.204,,,
86428704834375,acc,-10.402,-7.749,-2.830,
86428704834375,Gyro,0.247,0.482,-3.463,
86428704834375,Lacc,-7.577,1.640,-2.504,
86428704834375,GameRo,-0.623,-0.359,0.506,0.477
86428724680973,acc,-10.988,-7.164,-3.762,
86428724680973,Gyro,0.138,0.694,-3.335,
86428724680973,Lacc,-8.802,2.394,-3.447,
86428724680973,GameRo,-0.612,-0.376,0.487,0.497
86428727164046,pre,995.219,,,
86428744575911,acc,-10.970,-6.473,-3.817,
86428744575911,Gyro,-0.278,0.819,-3.119,
86428744575911,Lacc,-9.394,3.203,-3.447,
86428744575911,GameRo,-0.605,-0.391,0.466,0.514
86428752194319,pre,995.216,,,
86428764446964,acc,-10.501,-6.056,-3.264,
86428764446964,Gyro,-0.748,0.846,-2.852,
86428764446964,Lacc,-9.494,3.689,-2.753,
86428764446964,GameRo,-0.600,-0.407,0.443,0.527
86428777279443,pre,995.213,,,
86428784318343,acc,-9.740,-6.104,-2.397,
86428784318343,Gyro,-1.119,0.736,-2.670,
86428784318343,Lacc,-9.261,3.668,-1.674,
86428784318343,GameRo,-0.598,-0.423,0.420,0.535
86428802337793,pre,995.229,,,
86428804189071,acc,-9.136,-6.033,-1.523,
86428804189071,Gyro,-1.275,0.562,-2.616,
86428804189071,Lacc,-9.170,3.728,-0.549,
86428804189071,GameRo,-0.596,-0.441,0.397,0.541
86428824042057,acc,-9.172,-5.564,-0.801,
86428824042057,Gyro,-1.235,0.248,-2.633,
86428824042057,Lacc,-9.711,4.155,0.413,
86428824042057,GameRo,-0.593,-0.459,0.375,0.545
86428827393213,pre,995.229,,,
86428843943628,acc,-8.787,-5.822,-1.746,
86428843943628,Gyro,-1.335,0.055,-2.612,
86428843943628,Lacc,-9.821,3.822,-0.280,
86428843943628,GameRo,-0.588,-0.478,0.355,0.547
86428852450749,pre,995.219,,,
86428863802107,acc,-9.183,-5.580,-1.407,
86428863802107,Gyro,-1.274,0.044,-2.548,
86428863802107,Lacc,-10.702,3.959,0.306,
86428863802107,GameRo,-0.583,-0.497,0.335,0.548
86428877506128,pre,995.207,,,
86428883673161,acc,-9.293,-6.231,-1.854,
86428883673161,Gyro,-1.289,0.183,-2.420,
86428883673161,Lacc,-11.273,3.177,0.099,
86428883673161,GameRo,-0.578,-0.515,0.315,0.549
86428903519596,acc,-9.534,-6.460,-1.126,
86428903519596,Gyro,-0.994,0.518,-2.392,
86428903519596,Lacc,-11.965,2.798,1.025,
86428903519596,GameRo,-0.573,-0.530,0.294,0.552
86428902563704,pre,995.195,,,
86428923415104,acc,-10.009,-5.712,-0.390,
86428923415104,Gyro,-0.283,0.888,-2.318,
86428923415104,Lacc,-12.898,3.399,1.818,
86428923415104,GameRo,-0.566,-0.540,0.273,0.559
86428927620629,pre,995.195,,,
86428943285628,acc,-10.421,-4.966,-0.399,
86428943285628,Gyro,0.363,1.038,-2.088,
86428943285628,Lacc,-13.739,4.022,1.707,
86428943285628,GameRo,-0.556,-0.546,0.257,0.572
86428952652042,pre,995.195,,,
86428963157170,acc,-10.141,-4.551,-0.927,
86428963157170,Gyro,0.580,0.934,-1.833,
86428963157170,Lacc,-13.829,4.332,1.006,
86428963157170,GameRo,-0.545,-0.549,0.244,0.585
86428977733667,pre,995.213,,,
86428983004541,acc,-9.862,-4.167,-1.045,
86428983004541,Gyro,0.421,0.650,-1.677,
86428983004541,Lacc,-13.869,4.608,0.741,
86428983004541,GameRo,-0.535,-0.552,0.233,0.596
86429002873885,acc,-10.113,-3.987,-0.980,
86429002873885,Gyro,0.168,0.240,-1.535,
86429002873885,Lacc,-14.399,4.669,0.733,
86429002873885,GameRo,-0.526,-0.558,0.223,0.602
86429002762679,pre,995.226,,,
86429022790389,acc,-10.510,-3.940,-1.103,
86429022790389,Gyro,-0.015,-0.164,-1.346,
86429022790389,Lacc,-15.029,4.597,0.612,
86429022790389,GameRo,-0.518,-0.565,0.215,0.605
86429027828312,pre,995.207,,,
86429042622868,acc,-10.917,-4.252,-1.491,
86429042622868,Gyro,-0.136,-0.467,-1.108,
86429042622868,Lacc,-15.615,4.177,0.279,
86429042622868,GameRo,-0.511,-0.573,0.210,0.605
86429052880640,pre,995.207,,,
86429062511784,acc,-11.301,-4.495,-1.803,
86429062511784,Gyro,-0.271,-0.676,-0.863,
86429062511784,Lacc,-16.126,3.840,0.065,
86429062511784,GameRo,-0.506,-0.582,0.207,0.602
86429077934554,pre,995.232,,,
86429082383081,acc,-12.011,-4.873,-1.864,
86429082383081,Gyro,-0.424,-0.776,-0.588,
86429082383081,Lacc,-16.911,3.386,0.141,
86429082383081,GameRo,-0.503,-0.591,0.204,0.597
86429102254582,acc,-13.012,-5.722,-1.641,
86429102254582,Gyro,-0.534,-0.884,-0.258,
86429102254582,Lacc,-17.930,2.484,0.531,
86429102254582,GameRo,-0.502,-0.599,0.204,0.590
86429102992863,pre,995.244,,,
86429122124699,acc,-13.683,-6.479,-1.415,
86429122124699,Gyro,-0.569,-1.005,0.094,
86429122124699,Lacc,-18.552,1.704,0.945,
86429122124699,GameRo,-0.504,-0.605,0.205,0.581
86429128075505,pre,995.223,,,
86429141996119,acc,-13.444,-6.252,-1.061,
86429141996119,Gyro,-0.531,-1.174,0.444,
86429141996119,Lacc,-18.197,1.940,1.495,
86429141996119,GameRo,-0.507,-0.611,0.210,0.571
86429153111922,pre,995.223,,,
86429161866927,acc,-12.291,-5.162,-1.083,
86429161866927,Gyro,-0.524,-1.349,0.793,
86429161866927,Lacc,-16.855,3.070,1.680,
86429161866927,GameRo,-0.511,-0.616,0.218,0.558
86429178189722,pre,995.262,,,
86429181737696,acc,-11.637,-4.993,-1.081,
86429181737696,Gyro,-0.526,-1.425,1.149,
86429181737696,Lacc,-15.942,3.304,1.895,
86429181737696,GameRo,-0.518,-0.619,0.228,0.545
86429201609155,acc,-11.331,-5.409,-1.060,
86429201609155,Gyro,-0.378,-1.435,1.486,
86429201609155,Lacc,-15.310,2.978,2.112,
86429201609155,GameRo,-0.526,-0.621,0.240,0.530
86429203221948,pre,995.274,,,
86429221485010,acc,-11.117,-5.783,-1.346,
86429221485010,Gyro,-0.075,-1.286,1.797,
86429221485010,Lacc,-14.713,2.724,1.961,
86429221485010,GameRo,-0.534,-0.619,0.255,0.516
86429228304997,pre,995.238,,,
86429241350693,acc,-10.965,-6.300,-1.508,
86429241350693,Gyro,0.272,-1.059,2.044,
86429241350693,Lacc,-14.140,2.354,1.846,
86429241350693,GameRo,-0.542,-0.614,0.273,0.505
86429253338363,pre,995.213,,,
86429261221257,acc,-10.933,-6.600,-1.682,
86429261221257,Gyro,0.529,-0.817,2.248,
86429261221257,Lacc,-13.660,2.216,1.644,
86429261221257,GameRo,-0.551,-0.605,0.292,0.495
86429278419825,pre,995.210,,,
86429281092880,acc,-11.069,-6.989,-1.779,
86429281092880,Gyro,0.696,-0.579,2.456,
86429281092880,Lacc,-13.323,1.991,1.464,
86429281092880,GameRo,-0.560,-0.593,0.311,0.488
86429300964055,acc,-11.199,-7.451,-1.798,
86429300964055,Gyro,0.835,-0.309,2.700,
86429300964055,Lacc,-12.948,1.685,1.319,
86429300964055,GameRo,-0.571,-0.577,0.331,0.481
86429303476547,pre,995.213,,,
86429320834986,acc,-11.145,-7.883,-1.504,
86429320834986,Gyro,1.028,-0.005,2.954,
86429320834986,Lacc,-12.354,1.396,1.441,
86429320834986,GameRo,-0.582,-0.558,0.351,0.476
86429328535426,pre,995.216,,,
86429340687362,acc,-10.900,-8.191,-1.088,
86429340687362,Gyro,1.256,0.213,3.168,
86429340687362,Lacc,-11.533,1.213,1.633,
86429340687362,GameRo,-0.594,-0.535,0.371,0.473
86429353590317,pre,995.189,,,
86429360576563,acc,-10.483,-8.434,-1.008,
86429360576563,Gyro,1.400,0.336,3.343,
86429360576563,Lacc,-10.504,1.062,1.452,
86429360576563,GameRo,-0.606,-0.508,0.392,0.470
86429378648829,pre,995.189,,,
86429380436589,acc,-9.948,-8.475,-0.761,
86429380436589,Gyro,1.444,0.358,3.392,
86429380436589,Lacc,-9.336,1.068,1.427,
86429380436589,GameRo,-0.618,-0.480,0.413,0.467
86429400318913,acc,-9.644,-8.345,-0.498,
86429400318913,Gyro,1.389,0.169,3.382,
86429400318913,Lacc,-8.396,1.194,1.423,
86429400318913,GameRo,-0.628,-0.451,0.434,0.462
86429403681909,pre,995.235,,,
86429420189803,acc,-9.137,-8.331,-0.726,
86429420189803,Gyro,1.243,-0.067,3.393,
86429420189803,Lacc,-7.241,1.147,0.949,
86429420189803,GameRo,-0.637,-0.424,0.455,0.455
86429428762028,pre,995.274,,,
86429440060938,acc,-8.480,-8.485,-0.827,
86429440060938,Gyro,1.116,-0.239,3.290,
86429440060938,Lacc,-5.948,0.881,0.624,
86429440060938,GameRo,-0.644,-0.398,0.476,0.446
86429453822697,pre,995.247,,,
86429459931707,acc,-7.856,-8.544,-1.051,
86429459931707,Gyro,1.050,-0.316,3.116,
86429459931707,Lacc,-4.725,0.670,0.186,
86429459931707,GameRo,-0.651,-0.374,0.496,0.437
86429479778305,acc,-7.096,-8.279,-1.180,
86429479778305,Gyro,1.056,-0.255,2.903,
86429479778305,Lacc,-3.417,0.756,-0.151,
86429479778305,GameRo,-0.655,-0.351,0.515,0.427
86429478879297,pre,995.198,,,
86429499674464,acc,-6.398,-7.755,-1.213,
86429499674464,Gyro,1.083,-0.120,2.677,
86429499674464,Lacc,-2.104,1.025,-0.365,
86429499674464,GameRo,-0.662,-0.325,0.534,0.414
86429503937037,pre,995.192,,,
86429519545720,acc,-5.743,-7.209,-1.156,
86429519545720,Gyro,1.070,0.002,2.464,
86429519545720,Lacc,-0.989,1.346,-0.488,
86429519545720,GameRo,-0.666,-0.302,0.548,0.407
86429528994329,pre,995.198,,,
86429539390813,acc,-5.187,-6.959,-1.061,
86429539390813,Gyro,0.994,0.090,2.216,
86429539390813,Lacc,-0.048,1.382,-0.557,
86429539390813,GameRo,-0.669,-0.280,0.560,0.401
86429554050237,pre,995.201,,,
86429559286565,acc,-4.907,-7.234,-1.070,
86429559286565,Gyro,0.870,0.135,1.921,
86429559286565,Lacc,0.563,0.901,-0.702,
86429559286565,GameRo,-0.671,-0.261,0.570,0.396
86429579132106,acc,-4.740,-7.963,-1.241,
86429579132106,Gyro,0.688,0.187,1.563,
86429579132106,Lacc,0.985,-0.001,-0.957,
86429579132106,GameRo,-0.674,-0.246,0.576,0.392
86429579109400,pre,995.219,,,
86429599030014,acc,-4.440,-8.453,-1.224,
86429599030014,Gyro,0.472,0.283,1.130,
86429599030014,Lacc,1.337,-0.532,-0.877,
86429599030014,GameRo,-0.678,-0.242,0.574,0.391
86429604142644,pre,995.216,,,
86429618875799,acc,-4.304,-8.486,-0.928,
86429618875799,Gyro,0.283,0.414,0.649,
86429618875799,Lacc,1.496,-0.585,-0.543,
86429618875799,GameRo,-0.680,-0.238,0.572,0.392
86429629199448,pre,995.186,,,
86429638771713,acc,-4.552,-8.516,-0.388,
86429638771713,Gyro,0.101,0.421,0.163,
86429638771713,Lacc,1.155,-0.547,0.020,
86429638771713,GameRo,-0.681,-0.238,0.566,0.398
86429654277085,pre,995.207,,,
86429658641993,acc,-5.241,-9.385,-0.466,
86429658641993,Gyro,-0.200,0.244,-0.301,
86429658641993,Lacc,0.438,-1.400,-0.009,
86429658641993,GameRo,-0.683,-0.238,0.563,0.400
86429678512477,acc,-5.818,-10.673,-0.920,
86429678512477,Gyro,-0.665,0.000,-0.843,
86429678512477,Lacc,-0.245,-2.618,-0.373,
86429678512477,GameRo,-0.684,-0.245,0.559,0.400
86429679315821,pre,995.247,,,
86429698384750,acc,-6.304,-11.475,-1.084,
86429698384750,Gyro,-1.136,-0.203,-1.483,
86429698384750,Lacc,-0.935,-3.294,-0.392,
86429698384750,GameRo,-0.684,-0.260,0.552,0.400
86429704397283,pre,995.247,,,
86429718271103,acc,-6.327,-10.584,-0.848,
86429718271103,Gyro,-1.543,-0.337,-2.130,
86429718271103,Lacc,-1.272,-2.224,0.047,
86429718271103,GameRo,-0.683,-0.282,0.543,0.400
86429729453883,pre,995.219,,,
86429738126938,acc,-6.209,-8.476,-0.267,
86429738126938,Gyro,-1.761,-0.380,-2.682,
86429738126938,Lacc,-1.566,0.089,0.881,
86429738126938,GameRo,-0.680,-0.310,0.530,0.400
86429754510930,pre,995.216,,,
86429757997096,acc,-7.450,-7.478,-0.159,
86429757997096,Gyro,-1.571,-0.354,-3.023,
86429757997096,Lacc,-3.299,1.299,1.244,
86429757997096,GameRo,-0.675,-0.340,0.516,0.403
86429777867701,acc,-9.214,-7.625,-1.334,
86429777867701,Gyro,-0.996,-0.127,-3.092,
86429777867701,Lacc,-5.601,1.354,0.266,
86429777867701,GameRo,-0.668,-0.367,0.501,0.409
86429779546046,pre,995.198,,,
86429797738917,acc,-10.761,-8.147,-3.077,
86429797738917,Gyro,-0.328,0.343,-3.032,
86429797738917,Lacc,-7.702,1.017,-1.373,
86429797738917,GameRo,-0.660,-0.389,0.485,0.422
86429804604274,pre,995.180,,,
86429817609482,acc,-11.694,-8.094,-4.193,
86429817609482,Gyro,0.051,0.814,-2.871,
86429817609482,Lacc,-9.193,1.230,-2.451,
86429817609482,GameRo,-0.651,-0.406,0.468,0.438
86429829688340,pre,995.219,,,
86429837480657,acc,-11.545,-7.370,-3.888,
86429837480657,Gyro,-0.057,0.991,-2.674,
86429837480657,Lacc,-9.584,2.076,-2.109,
86429837480657,GameRo,-0.645,-0.418,0.450,0.455
86429854724066,pre,995.256,,,
86429857351873,acc,-10.862,-6.615,-2.771,
86429857351873,Gyro,-0.455,0.747,-2.479,
86429857351873,Lacc,-9.407,2.905,-0.902,
86429857351873,GameRo,-0.639,-0.432,0.432,0.467
86429877222845,acc,-9.789,-6.421,-1.913,
86429877222845,Gyro,-0.829,0.318,-2.335,
86429877222845,Lacc,-8.792,3.127,0.107,
86429877222845,GameRo,-0.635,-0.448,0.415,0.474
86429879787176,pre,995.219,,,
86429897094752,acc,-8.694,-6.228,-1.316,
86429897094752,Gyro,-0.947,-0.088,-2.345,
86429897094752,Lacc,-8.130,3.315,0.886,
86429897094752,GameRo,-0.629,-0.466,0.400,0.478
86429904864813,pre,995.189,,,
86429916965927,acc,-8.238,-5.766,-1.443,
86429916965927,Gyro,-0.847,-0.331,-2.436,
86429916965927,Lacc,-7.811,3.744,0.929,
86429916965927,GameRo,-0.625,-0.479,0.396,0.471
86429929924382,pre,995.241,,,
86429936811183,acc,-8.441,-5.208,-1.843,
86429936811183,Gyro,-0.815,-0.576,-2.526,
86429936811183,Lacc,-8.001,4.256,0.699,
86429936811183,GameRo,-0.623,-0.491,0.399,0.460
86429954981837,pre,995.274,,,
86429956706976,acc,-7.956,-5.328,-2.566,
86429956706976,Gyro,-0.985,-0.514,-2.509,
86429956706976,Lacc,-6.862,4.002,0.262,
86429956706976,GameRo,-0.632,-0.495,0.420,0.424
86429976577541,acc,-8.207,-5.169,-2.320,
86429976577541,Gyro,-0.890,-0.292,-2.426,
86429976577541,Lacc,-6.857,4.071,0.685,
86429976577541,GameRo,-0.632,-0.503,0.430,0.403
86429980035792,pre,995.256,,,
86429996470647,acc,-8.364,-5.920,-2.534,
86429996470647,Gyro,-0.842,0.104,-2.305,
86429996470647,Lacc,-7.421,3.319,0.628,
86429996470647,GameRo,-0.624,-0.521,0.417,0.406
86430005097601,pre,995.219,,,
86430016319972,acc,-8.442,-6.362,-1.993,
86430016319972,Gyro,-0.679,0.514,-2.260,
86430016319972,Lacc,-7.932,2.861,1.311,
86430016319972,GameRo,-0.617,-0.537,0.401,0.413
86430030155381,pre,995.192,,,
86430036191147,acc,-8.848,-6.879,-1.583,
86430036191147,Gyro,-0.458,0.843,-2.305,
86430036191147,Lacc,-8.801,2.321,1.821,
86430036191147,GameRo,-0.610,-0.549,0.385,0.423
86430056035996,acc,-9.333,-7.104,-1.248,
86430056035996,Gyro,-0.290,0.983,-2.386,
86430056035996,Lacc,-9.779,2.066,2.210,
86430056035996,GameRo,-0.602,-0.561,0.367,0.435
86430055212143,pre,995.170,,,
86430075932724,acc,-9.753,-6.852,-1.028,
86430075932724,Gyro,-0.272,0.904,-2.453,
86430075932724,Lacc,-10.703,2.267,2.462,
86430075932724,GameRo,-0.592,-0.572,0.350,0.447
86430080267686,pre,995.183,,,
86430095804103,acc,-9.888,-6.008,-0.763,
86430095804103,Gyro,-0.427,0.685,-2.462,
86430095804103,Lacc,-11.331,3.029,2.772,
86430095804103,GameRo,-0.583,-0.584,0.332,0.458
86430105326117,pre,995.234,,,
86430115674627,acc,-10.067,-4.941,-0.171,
86430115674627,Gyro,-0.623,0.383,-2.356,
86430115674627,Lacc,-11.969,3.976,3.448,
86430115674627,GameRo,-0.573,-0.597,0.315,0.465
86430130384304,pre,995.250,,,
86430135545355,acc,-10.369,-4.345,0.286,
86430135545355,Gyro,-0.744,0.047,-2.155,
86430135545355,Lacc,-12.667,4.429,4.025,
86430135545355,GameRo,-0.563,-0.611,0.300,0.468
86430155416652,acc,-10.806,-3.906,0.499,
86430155416652,Gyro,-0.745,-0.238,-1.879,
86430155416652,Lacc,-13.428,4.714,4.378,
86430155416652,GameRo,-0.554,-0.625,0.287,0.469
86430155430731,pre,995.225,,,
86430175264268,acc,-11.375,-3.645,0.591,
86430175264268,Gyro,-0.603,-0.467,-1.507,
86430175264268,Lacc,-14.237,4.836,4.605,
86430175264268,GameRo,-0.546,-0.638,0.278,0.467
86430180476100,pre,995.210,,,
86430195158148,acc,-11.694,-3.290,0.440,
86430195158148,Gyro,-0.386,-0.600,-1.060,
86430195158148,Lacc,-14.705,5.086,4.565,
86430195158148,GameRo,-0.539,-0.648,0.273,0.464
86430205535548,pre,995.216,,,
86430215030015,acc,-11.894,-2.993,0.174,
86430215030015,Gyro,-0.191,-0.635,-0.531,
86430215030015,Lacc,-14.963,5.322,4.378,
86430215030015,GameRo,-0.534,-0.655,0.272,0.460
86430230618353,pre,995.225,,,
86430234900743,acc,-12.505,-3.825,0.005,
86430234900743,Gyro,0.028,-0.586,0.074,
86430234900743,Lacc,-15.536,4.481,4.255,
86430234900743,GameRo,-0.532,-0.659,0.275,0.456
86430254772568,acc,-12.817,-5.354,-0.271,
86430254772568,Gyro,0.341,-0.539,0.634,
86430254772568,Lacc,-15.715,3.003,3.972,
86430254772568,GameRo,-0.532,-0.658,0.281,0.452
86430255660874,pre,995.213,,,
86430274642889,acc,-12.982,-6.694,-0.790,
86430274642889,Gyro,0.633,-0.444,1.043,
86430274642889,Lacc,-15.678,1.764,3.387,
86430274642889,GameRo,-0.535,-0.653,0.292,0.449
86430280731919,pre,995.201,,,
86430294491400,acc,-12.503,-6.966,-1.229,
86430294491400,Gyro,0.801,-0.408,1.344,
86430294491400,Lacc,-14.944,1.621,2.836,
86430294491400,GameRo,-0.538,-0.646,0.305,0.447
86430305787054,pre,995.222,,,
86430314384507,acc,-11.725,-6.505,-1.830,
86430314384507,Gyro,0.774,-0.362,1.580,
86430314384507,Lacc,-13.869,2.218,2.113,
86430314384507,GameRo,-0.543,-0.637,0.319,0.444
86430330841538,pre,995.262,,,
86430334256170,acc,-11.555,-6.413,-1.933,
86430334256170,Gyro,0.648,-0.248,1.831,
86430334256170,Lacc,-13.364,2.433,1.902,
86430334256170,GameRo,-0.550,-0.627,0.333,0.440
86430354126125,acc,-11.664,-6.433,-1.413,
86430354126125,Gyro,0.663,-0.146,2.142,
86430354126125,Lacc,-13.093,2.527,2.316,
86430354126125,GameRo,-0.560,-0.614,0.347,0.435
86430355872504,pre,995.265,,,
86430373998033,acc,-11.841,-6.875,-1.233,
86430373998033,Gyro,0.827,-0.018,2.479,
86430373998033,Lacc,-12.833,2.199,2.361,
86430373998033,GameRo,-0.571,-0.598,0.363,0.431
86430380954983,pre,995.238,,,
86430393868475,acc,-12.167,-7.654,-1.366,
86430393868475,Gyro,0.984,0.146,2.805,
86430393868475,Lacc,-12.668,1.526,2.054,
86430393868475,GameRo,-0.583,-0.578,0.379,0.426
86430406013129,pre,995.207,,,
86430413740058,acc,-12.618,-8.578,-1.347,
86430413740058,Gyro,1.042,0.258,3.108,
86430413740058,Lacc,-12.575,0.686,1.881,
86430413740058,GameRo,-0.596,-0.556,0.397,0.422
86430431045558,pre,995.201,,,
86430433584865,acc,-12.967,-9.359,-1.110,
86430433584865,Gyro,1.022,0.253,3.393,
86430433584865,Lacc,-12.325,-0.053,1.927,
86430433584865,GameRo,-0.611,-0.530,0.415,0.416
86430453482245,acc,-12.835,-9.880,-0.800,
86430453482245,Gyro,0.977,0.154,3.622,
86430453482245,Lacc,-11.541,-0.585,2.056,
86430453482245,GameRo,-0.626,-0.503,0.433,0.408
86430456107082,pre,995.213,,,
86430473352280,acc,-12.414,-10.009,-0.474,
86430473352280,Gyro,0.959,-0.027,3.796,
86430473352280,Lacc,-10.425,-0.783,2.205,
86430473352280,GameRo,-0.641,-0.475,0.453,0.398
86430481186997,pre,995.222,,,
86430493198269,acc,-11.881,-9.913,-0.299,
86430493198269,Gyro,0.974,-0.251,3.912,
86430493198269,Lacc,-9.172,-0.820,2.192,
86430493198269,GameRo,-0.654,-0.446,0.474,0.385
86430506241970,pre,995.216,,,
86430513094712,acc,-11.598,-9.810,-0.382,
86430513094712,Gyro,0.997,-0.448,3.994,
86430513094712,Lacc,-8.156,-0.914,1.907,
86430513094712,GameRo,-0.665,-0.417,0.496,0.371
86430531296657,pre,995.183,,,
86430532939846,acc,-11.329,-9.781,-0.471,
86430532939846,Gyro,0.991,-0.624,4.053,
86430532939846,Lacc,-7.156,-1.147,1.599,
86430532939846,GameRo,-0.675,-0.387,0.518,0.355
86430552832057,acc,-11.010,-9.924,-0.618,
86430552832057,Gyro,0.968,-0.751,4.118,
86430552832057,Lacc,-6.116,-1.624,1.221,
86430552832057,GameRo,-0.683,-0.357,0.541,0.337
86430556352322,pre,995.158,,,
86430572682481,acc,-10.473,-10.173,-0.637,
86430572682481,Gyro,0.936,-0.831,4.084,
86430572682481,Lacc,-4.886,-2.269,0.963,
86430572682481,GameRo,-0.689,-0.326,0.563,0.318
86430581409369,pre,995.167,,,
86430592577908,acc,-9.791,-10.118,-0.413,
86430592577908,Gyro,0.900,-0.897,3.950,
86430592577908,Lacc,-3.568,-2.657,0.945,
86430592577908,GameRo,-0.694,-0.296,0.585,0.298
86430606464545,pre,995.186,,,
86430612423529,acc,-8.861,-9.697,-0.159,
86430612423529,Gyro,0.938,-0.951,3.755,
86430612423529,Lacc,-2.066,-2.709,0.946,
86430612423529,GameRo,-0.696,-0.267,0.605,0.280
86430632334011,acc,-7.933,-8.984,-0.052,
86430632334011,Gyro,1.002,-1.006,3.495,
86430632334011,Lacc,-0.639,-2.477,0.782,
86430631522081,pre,995.201,,,
86430632334011,GameRo,-0.697,-0.239,0.624,0.262
86430652194973,acc,-7.141,-8.166,-0.066,
86430652194973,Gyro,1.023,-1.032,3.187,
86430652194973,Lacc,0.577,-2.135,0.486,
86430652194973,GameRo,-0.695,-0.212,0.641,0.246
86430656577867,pre,995.210,,,
86430672061917,acc,-6.490,-7.293,-0.012,
86430672061917,Gyro,1.000,-1.060,2.880,
86430672061917,Lacc,1.301,-1.335,0.214,
86430672061917,GameRo,-0.686,-0.203,0.653,0.249
86430681634060,pre,995.198,,,
86430691934027,acc,-5.903,-6.610,-0.035,
86430691934027,Gyro,0.944,-1.058,2.582,
86430691934027,Lacc,2.193,-1.070,-0.087,
86430691934027,GameRo,-0.682,-0.181,0.668,0.236
86430706703396,pre,995.195,,,
86430711803941,acc,-5.684,-6.260,0.051,
86430711803941,Gyro,0.812,-1.071,2.295,
86430711803941,Lacc,2.660,-1.111,-0.267,
86430711803941,GameRo,-0.676,-0.162,0.682,0.225
86430731674913,acc,-5.593,-6.325,0.351,
86430731674913,Gyro,0.567,-1.221,2.010,
86430731674913,Lacc,2.948,-1.533,-0.224,
86430731674913,GameRo,-0.670,-0.146,0.696,0.213
86430731721421,pre,995.213,,,
86430751545844,acc,-5.262,-6.222,0.461,
86430751545844,Gyro,0.190,-1.521,1.624,
86430751545844,Lacc,3.420,-1.734,-0.388,
86430751545844,GameRo,-0.662,-0.135,0.709,0.201
86430756778550,pre,995.226,,,
86430771418361,acc,-5.116,-5.673,0.774,
86430771418361,Gyro,-0.268,-1.783,1.089,
86430771418361,Lacc,3.642,-1.401,-0.359,
86430771418361,GameRo,-0.652,-0.131,0.723,0.189
86430781839301,pre,995.204,,,
86430791288113,acc,-5.650,-4.524,1.883,
86430791288113,Gyro,-0.737,-2.209,0.541,
86430791288113,Lacc,3.113,-0.356,0.443,
86430791288113,GameRo,-0.639,-0.134,0.736,0.177
86430806910305,pre,995.177,,,
86430811159044,acc,-6.648,-3.279,3.114,
86430811159044,Gyro,-1.160,-2.850,0.181,
86430811159044,Lacc,2.052,0.877,1.304,
86430811159044,GameRo,-0.622,-0.145,0.752,0.165
86430831030016,acc,-7.339,-2.459,3.756,
86430831030016,Gyro,-1.652,-3.647,-0.083,
86430831030016,Lacc,1.223,1.757,1.485,
86430831030016,GameRo,-0.598,-0.161,0.770,0.151
86430831953762,pre,995.186,,,
86430850901679,acc,-7.763,-2.357,3.683,
86430850901679,Gyro,-2.319,-4.292,-0.455,
86430850901679,Lacc,0.563,2.016,0.892,
86430850901679,GameRo,-0.569,-0.185,0.790,0.134
86430857033597,pre,995.219,,,
86430870771918,acc,-8.292,-1.561,4.278,
86430870771918,Gyro,-2.803,-4.344,-0.861,
86430870771918,Lacc,-0.265,3.000,0.962,
86430870771918,GameRo,-0.535,-0.212,0.810,0.113
86430882093167,pre,995.229,,,
86430890617174,acc,-8.752,0.132,6.203,
86430890617174,Gyro,-2.711,-3.723,-1.066,
86430890617174,Lacc,-1.099,5.048,2.529,
86430890617174,GameRo,-0.503,-0.245,0.823,0.098
86430907122586,pre,995.241,,,
86430910514106,acc,-10.015,0.634,8.266,
86430910514106,Gyro,-2.039,-2.762,-1.133,
86430910514106,Lacc,-2.707,5.889,4.365,
86430910514106,GameRo,-0.477,-0.272,0.831,0.088
86430930384671,acc,-11.377,0.402,10.085,
86430930384671,Gyro,-1.090,-1.966,-0.980,
86430930384671,Lacc,-4.351,5.914,6.026,
86430930384671,GameRo,-0.457,-0.290,0.837,0.084
86430932207059,pre,995.247,,,
86430950255601,acc,-11.994,-0.102,10.999,
86430950255601,Gyro,-0.331,-1.767,-0.689,
86430950255601,Lacc,-5.196,5.557,6.756,
86430950255601,GameRo,-0.441,-0.299,0.842,0.083
86430957266750,pre,995.223,,,
86430970101915,acc,-11.221,-0.225,10.402,
86430970101915,Gyro,0.040,-1.817,-0.477,
86430970101915,Lacc,-4.637,5.501,5.918,
86430970101915,GameRo,-0.424,-0.303,0.850,0.082
86430982325141,pre,995.171,,,
86430989975979,acc,-9.939,-0.150,9.790,
86430989975979,Gyro,0.065,-1.977,-0.457,
86430989975979,Lacc,-3.577,5.619,5.048,
86430989975979,GameRo,-0.407,-0.305,0.857,0.080
86431007382270,pre,995.137,,,
86431009843126,acc,-9.280,0.406,8.943,
86431009843126,Gyro,0.069,-2.089,-0.534,
86431009843126,Lacc,-3.177,6.230,3.935,
86431009843126,GameRo,-0.387,-0.308,0.866,0.078
86431029739854,acc,-8.570,1.261,8.370,
86431029739854,Gyro,0.219,-2.034,-0.535,
86431029739854,Lacc,-2.740,7.130,3.097,
86431029739854,GameRo,-0.368,-0.310,0.873,0.077
86431032439073,pre,995.149,,,
86431049610826,acc,-7.909,2.072,7.919,
86431049610826,Gyro,0.440,-1.936,-0.404,
86431049610826,Lacc,-2.342,7.950,2.377,
86431049610826,GameRo,-0.349,-0.310,0.881,0.076
86431057494900,pre,995.161,,,
86431069481351,acc,-7.395,2.652,7.003,
86431069481351,Gyro,0.630,-1.747,-0.123,
86431069481351,Lacc,-2.047,8.461,1.182,
86431069481351,GameRo,-0.332,-0.305,0.889,0.074
86431082552192,pre,995.152,,,
86431089353380,acc,-6.308,2.696,7.570,
86431089353380,Gyro,0.697,-1.777,0.163,
86431089353380,Lacc,-1.068,8.244,1.405,
86431089353380,GameRo,-0.319,-0.290,0.900,0.067
86431107584459,pre,995.158,,,
86431109219673,acc,-6.593,3.248,5.861,
86431109219673,Gyro,0.540,-1.827,0.504,
86431109219673,Lacc,-1.449,8.512,-0.624,
86431109219673,GameRo,-0.306,-0.276,0.910,0.058
86431129104926,acc,-5.702,3.969,6.459,
86431129104926,Gyro,0.460,-1.607,0.887,
86431129104926,Lacc,-0.566,8.798,-0.363,
86431129104926,GameRo,-0.296,-0.254,0.920,0.043
86431132642199,pre,995.168,,,
86431148965360,acc,-5.315,4.219,6.154,
86431148965360,Gyro,0.360,-1.334,1.279,
86431148965360,Lacc,-0.253,8.836,-0.867,
86431148965360,GameRo,-0.286,-0.245,0.926,0.029
86431157725085,pre,995.171,,,
86431168836412,acc,-4.598,3.830,6.334,
86431168836412,Gyro,0.417,-0.826,1.682,
86431168836412,Lacc,0.466,8.232,-0.823,
86431168836412,GameRo,-0.281,-0.237,0.930,0.013
86431182783475,pre,995.195,,,
86431188707669,acc,-3.656,2.686,7.252,
86431188707669,Gyro,0.664,-0.446,1.827,
86431188707669,Lacc,1.486,6.817,-0.010,
86431188707669,GameRo,0.280,0.227,-0.933,0.004
86431208585314,acc,-3.550,1.881,7.632,
86431208585314,Gyro,0.909,-0.209,1.788,
86431208585314,Lacc,1.701,5.696,0.277,
86431208585314,GameRo,0.282,0.214,-0.935,0.019
86431207841376,pre,995.232,,,
86431228449531,acc,-4.648,2.216,6.544,
86431228449531,Gyro,0.900,-0.053,1.871,
86431228449531,Lacc,0.718,5.698,-0.894,
86431228449531,GameRo,0.285,0.200,-0.937,0.034
86431232873196,pre,995.244,,,
86431248320340,acc,-4.107,1.991,6.770,
86431248320340,Gyro,0.961,0.237,1.963,
86431248320340,Lacc,1.408,5.124,-0.713,
86431248320340,GameRo,0.290,0.185,-0.938,0.049
86431257930813,pre,995.213,,,
86431268191393,acc,-3.392,1.844,8.614,
86431268191393,Gyro,1.272,0.324,1.876,
86431268191393,Lacc,2.236,4.451,1.013,
86431268191393,GameRo,0.294,0.163,-0.940,0.068
86431282988512,pre,995.192,,,
86431288062609,acc,-4.647,1.507,8.314,
86431288062609,Gyro,1.713,0.116,1.641,
86431288062609,Lacc,1.005,3.315,0.502,
86431288062609,GameRo,0.294,0.125,-0.944,0.088
86431307933214,acc,-4.677,2.754,8.981,
86431307933214,Gyro,1.736,-0.211,1.408,
86431307933214,Lacc,1.012,4.087,1.101,
86431307933214,GameRo,0.296,0.102,-0.945,0.097
86431308047106,pre,995.201,,,
86431327804227,acc,-3.418,2.892,8.267,
86431327804227,Gyro,1.006,-0.933,0.860,
86431327804227,Lacc,2.149,3.806,0.242,
86431327804227,GameRo,0.290,0.082,-0.947,0.107
86431333101346,pre,995.207,,,
86431347675036,acc,-3.510,2.911,7.620,
86431347675036,Gyro,0.403,-1.374,0.499,
86431347675036,Lacc,1.857,3.679,-0.556,
86431347675036,GameRo,0.279,0.074,-0.951,0.111
86431358159330,pre,995.213,,,
86431367546049,acc,-2.657,2.390,7.783,
86431367546049,Gyro,0.221,-1.595,0.329,
86431367546049,Lacc,2.458,3.078,-0.560,
86431367546049,GameRo,0.265,0.069,-0.955,0.116
86431383244209,pre,995.232,,,
86431387417223,acc,-1.976,1.671,7.772,
86431387417223,Gyro,0.131,-1.631,-0.009,
86431387417223,Lacc,2.863,2.316,-0.738,
86431387417223,GameRo,0.249,0.065,-0.959,0.117
86431407288317,acc,-1.268,1.501,8.370,
86431407288317,Gyro,-0.184,-1.705,-0.432,
86431407288317,Lacc,3.284,2.184,-0.293,
86431407288317,GameRo,0.233,0.064,-0.963,0.116
86431408278511,pre,995.244,,,
86431427158922,acc,-1.635,1.930,8.737,
86431427158922,Gyro,-0.354,-1.858,-0.893,
86431427158922,Lacc,2.578,2.725,-0.087,
86431427158922,GameRo,0.214,0.066,-0.968,0.111
86431433360380,pre,995.265,,,
86431447010119,acc,-1.952,3.248,9.081,
86431447010119,Gyro,-0.436,-1.932,-1.026,
86431447010119,Lacc,1.430,3.310,-0.128,
86431447010119,GameRo,0.173,0.025,-0.977,0.125
86431458391467,pre,995.271,,,
86431466901069,acc,-1.389,3.730,9.551,
86431466901069,Gyro,-0.418,-1.946,-0.801,
86431466901069,Lacc,1.620,3.893,0.216,
86431466901069,GameRo,0.153,0.027,-0.981,0.118
86431483473335,pre,995.244,,,
86431486772082,acc,-0.243,3.103,9.444,
86431486772082,Gyro,-0.400,-1.934,-0.651,
86431486772082,Lacc,2.119,3.059,-0.077,
86431486772082,GameRo,0.121,0.013,-0.985,0.125
86431506642973,acc,0.355,2.117,7.497,
86431506642973,Gyro,-0.309,-1.388,-0.595,
86431506642973,Lacc,2.397,2.166,-2.098,
86431506642973,GameRo,0.104,0.015,-0.987,0.119
86431508531196,pre,995.207,,,
86431526514147,acc,0.565,2.071,6.806,
86431526514147,Gyro,0.117,-0.104,-0.524,
86431526514147,Lacc,2.494,2.158,-2.811,
86431526514147,GameRo,0.098,0.016,-0.989,0.114
86431533588244,pre,995.192,,,
86431546384713,acc,0.185,2.095,9.785,
86431546384713,Gyro,0.808,0.875,-0.387,
86431546384713,Lacc,2.072,1.967,0.159,
86431546384713,GameRo,0.097,0.005,-0.988,0.117
86431558634794,pre,995.189,,,
86431566255440,acc,-0.498,1.957,12.219,
86431566255440,Gyro,1.245,0.751,-0.306,
86431566255440,Lacc,1.574,1.617,2.636,
86431566255440,GameRo,0.108,-0.005,-0.988,0.113
86431583702502,pre,995.210,,,
86431586127104,acc,-0.274,1.448,11.851,
86431586127104,Gyro,1.132,-0.001,-0.402,
86431586127104,Lacc,1.848,0.882,2.290,
86431586127104,GameRo,0.111,-0.017,-0.988,0.109
86431605997912,acc,0.203,1.305,11.150,
86431605997912,Gyro,0.679,-0.754,-0.576,
86431605997912,Lacc,2.230,0.605,1.578,
86431605997912,GameRo,0.107,-0.025,-0.989,0.103
86431608760201,pre,995.244,,,
86431625847522,acc,-0.493,1.455,10.082,
86431625847522,Gyro,0.453,-1.328,-0.691,
86431625847522,Lacc,1.276,0.680,0.464,
86431625847522,GameRo,0.094,-0.031,-0.990,0.097
86431633815824,pre,995.241,,,
86431645739733,acc,-0.119,1.885,8.532,
86431645739733,Gyro,0.327,-1.382,-0.766,
86431645739733,Lacc,1.383,1.062,-1.127,
86431645739733,GameRo,0.080,-0.035,-0.992,0.089
86431658873360,pre,995.204,,,
86431665610421,acc,-0.029,1.680,8.448,
86431665610421,Gyro,0.194,-1.167,-0.781,
86431665610421,Lacc,1.248,0.835,-1.241,
86431665610421,GameRo,0.069,-0.038,-0.994,0.081
86431683930855,pre,995.210,,,
86431685482083,acc,-0.344,1.267,8.487,
86431685482083,Gyro,0.085,-0.997,-0.850,
86431685482083,Lacc,0.744,0.418,-1.225,
86431685482083,GameRo,0.059,-0.039,-0.995,0.072
86431705352527,acc,-0.379,1.458,8.326,
86431705352527,Gyro,0.002,-0.858,-0.887,
86431705352527,Lacc,0.551,0.622,-1.404,
86431705352527,GameRo,0.050,-0.040,-0.996,0.063
86431708986275,pre,995.222,,,
86431725249256,acc,-0.672,2.049,8.612,
86431725249256,Gyro,0.024,-0.760,-0.822,
86431725249256,Lacc,0.122,1.228,-1.132,
86431725249256,GameRo,0.043,-0.040,-0.997,0.054
86431734041491,pre,995.195,,,
86431745094633,acc,-0.930,2.452,8.825,
86431745094633,Gyro,0.124,-0.694,-0.681,
86431745094633,Lacc,-0.259,1.612,-0.926,
86431745094633,GameRo,0.036,-0.041,-0.997,0.046
86431759098213,pre,995.170,,,
86431764965564,acc,-0.748,2.647,9.181,
86431764965564,Gyro,0.173,-0.771,-0.533,
86431764965564,Lacc,-0.175,1.670,-0.563,
86431764965564,GameRo,0.031,-0.049,-0.998,0.037
86431784829333,acc,-0.255,2.730,8.805,
86431784829333,Gyro,0.226,-0.840,-0.444,
86431784829333,Lacc,0.166,1.704,-0.942,
86431784829333,GameRo,0.023,-0.052,-0.998,0.032
86431784153999,pre,995.216,,,
86431804682280,acc,0.027,2.963,8.228,
86431804682280,Gyro,0.239,-0.828,-0.385,
86431804682280,Lacc,0.286,1.893,-1.520,
86431804682280,GameRo,0.015,-0.054,-0.998,0.027
86431809208891,pre,995.238,,,
86431824554187,acc,0.357,3.078,6.947,
86431824554187,Gyro,0.275,-0.437,-0.346,
86431824554187,Lacc,0.509,1.958,-2.798,
86431824554187,GameRo,0.009,-0.057,-0.998,0.024
86431834265531,pre,995.210,,,
86431844449166,acc,-0.107,5.076,7.562,
86431844449166,Gyro,0.075,-0.028,-0.168,
86431844449166,Lacc,0.039,3.884,-2.174,
86431844449166,GameRo,0.009,-0.061,-0.998,0.021
86431859324288,pre,995.180,,,
86431864313423,acc,-0.884,5.060,7.470,
86431864313423,Gyro,-0.631,0.485,-0.010,
86431864313423,Lacc,-0.690,3.938,-2.273,
86431864313423,GameRo,0.011,-0.057,-0.998,0.020
86431884191679,acc,-1.304,3.163,7.984,
86431884191679,Gyro,-1.753,1.210,-0.235,
86431884191679,Lacc,-0.920,2.313,-1.782,
86431884191679,GameRo,0.020,-0.043,-0.999,0.020
86431884384591,pre,995.189,,,
86431904036649,acc,-1.365,1.622,7.967,
86431904036649,Gyro,-1.990,1.996,-0.590,
86431904036649,Lacc,-0.629,1.181,-1.805,
86431904036649,GameRo,0.038,-0.022,-0.999,0.016
86431909411202,pre,995.219,,,
86431923907825,acc,-2.377,1.588,8.673,
86431923907825,Gyro,-1.619,2.249,-1.032,
86431923907825,Lacc,-1.180,1.500,-1.063,
86431923907825,GameRo,0.061,-0.004,-0.998,0.008
86431934469877,pre,995.195,,,
86431943803903,acc,-2.771,4.355,11.746,
86431943803903,Gyro,-1.117,1.564,-1.098,
86431943803903,Lacc,-1.205,4.546,2.063,
86431943803903,GameRo,-0.080,-0.010,0.997,0.003
86431959551950,pre,995.180,,,
86431963675199,acc,-2.757,5.316,12.606,
86431963675199,Gyro,-0.681,0.442,-0.661,
86431963675199,Lacc,-1.042,5.683,2.954,
86431963675199,GameRo,-0.088,-0.018,0.996,0.011
86431983546334,acc,-2.290,3.870,11.947,
86431983546334,Gyro,-0.252,-0.482,-0.211,
86431983546334,Lacc,-0.622,4.324,2.290,
86431983546334,GameRo,-0.086,-0.022,0.996,0.013
86431984582222,pre,995.421,,,
86432003417102,acc,-1.398,3.502,11.260,
86432003417102,Gyro,0.226,-1.052,0.151,
86432003417102,Lacc,0.086,3.934,1.573,
86432003417102,GameRo,-0.076,-0.021,0.997,0.013
86432009665027,pre,995.958,,,
86432023288237,acc,-0.613,3.826,10.417,
86432023288237,Gyro,0.500,-1.265,0.382,
86432023288237,Lacc,0.633,4.162,0.692,
86432023288237,GameRo,-0.064,-0.017,0.998,0.009
86432034721138,pre,996.281,,,
86432043163277,acc,-0.423,3.699,9.917,
86432043163277,Gyro,1.018,-0.629,0.238,
86432043163277,Lacc,0.648,3.860,0.167,
86432043163277,GameRo,-0.055,-0.008,0.998,0.006
86432059777454,pre,996.065,,,
86432063004668,acc,-0.435,2.068,10.114,
86432063004668,Gyro,1.380,-0.759,-0.111,
86432063004668,Lacc,0.514,1.946,0.350,
86432063004668,GameRo,-0.048,0.007,0.999,0.007
86432082875476,acc,-1.310,2.507,9.185,
86432082875476,Gyro,1.161,-1.178,-0.105,
86432082875476,Lacc,-0.488,1.972,-0.576,
86432082875476,GameRo,-0.042,0.028,0.999,0.013
86432084808256,pre,995.656,,,
86432102766305,acc,-1.771,3.727,8.668,
86432102766305,Gyro,0.728,-1.163,0.575,
86432102766305,Lacc,-1.087,2.813,-1.076,
86432102766305,GameRo,-0.034,0.047,0.998,0.018
86432109891346,pre,995.540,,,
86432122621366,acc,-1.675,3.326,10.732,
86432122621366,Gyro,0.586,-0.984,1.463,
86432122621366,Lacc,-1.195,2.286,0.989,
86432122621366,GameRo,-0.024,0.053,0.998,0.007
86432134950428,pre,995.613,,,
86432142513904,acc,0.237,2.813,10.551,
86432142513904,Gyro,0.897,-1.153,1.618,
86432142513904,Lacc,0.462,1.619,0.816,
86432142513904,GameRo,0.012,-0.061,-0.998,0.009
86432160003732,pre,995.579,,,
86432162384876,acc,0.766,2.227,9.481,
86432162384876,Gyro,1.371,-1.278,1.362,
86432162384876,Lacc,0.696,0.778,-0.221,
86432162384876,GameRo,-0.002,-0.074,-0.997,0.024
86432182255888,acc,0.749,3.032,8.129,
86432182255888,Gyro,1.559,-0.988,1.270,
86432182255888,Lacc,0.416,1.281,-1.518,
86432182255888,GameRo,-0.014,-0.090,-0.995,0.035
86432185062611,pre,995.436,,,
86432202126657,acc,1.482,3.394,8.830,
86432202126657,Gyro,1.410,-1.254,1.423,
86432202126657,Lacc,0.844,1.295,-0.731,
86432202126657,GameRo,-0.027,-0.109,-0.992,0.050
86432210119089,pre,995.283,,,
86432221997709,acc,2.308,2.611,8.378,
86432221997709,Gyro,1.352,-2.052,1.541,
86432221997709,Lacc,1.250,0.285,-1.094,
86432221997709,GameRo,-0.046,-0.123,-0.989,0.064
86432235174305,pre,995.155,,,
86432241868682,acc,2.201,3.547,9.651,
86432241868682,Gyro,1.702,-2.619,1.326,
86432241868682,Lacc,0.614,0.972,0.319,
86432241868682,GameRo,-0.071,-0.139,-0.985,0.076
86432261739368,acc,1.793,4.640,10.355,
86432261739368,Gyro,2.292,-3.122,0.916,
86432260205595,pre,995.076,,,
86432261739368,Lacc,-0.400,1.720,1.250,
86432261739368,GameRo,-0.100,-0.161,-0.978,0.084
86432281611073,acc,2.168,4.763,7.895,
86432281611073,Gyro,2.670,-3.098,0.605,
86432281611073,Lacc,-0.609,1.358,-0.876,
86432281611073,GameRo,-0.129,-0.190,-0.969,0.085
86432285289986,pre,995.073,,,
86432301481393,acc,2.268,4.702,7.148,
86432301481393,Gyro,2.960,-3.051,0.333,
86432301481393,Lacc,-1.043,0.834,-1.237,
86432301481393,GameRo,-0.156,-0.220,-0.959,0.087
86432310320301,pre,995.070,,,
86432321353911,acc,1.976,6.018,8.524,
86432321353911,Gyro,3.541,-4.162,0.441,
86432321353911,Lacc,-1.948,1.634,0.674,
86432321353911,GameRo,-0.188,-0.254,-0.945,0.087
86432335405791,pre,995.024,,,
86432341223499,acc,1.276,5.072,7.386,
86432341223499,Gyro,4.114,-5.564,0.769,
86432341223499,Lacc,-3.466,0.161,0.341,
86432341223499,GameRo,-0.234,-0.293,-0.923,0.087
86432361094390,acc,1.812,4.963,6.775,
86432361094390,Gyro,5.065,-6.667,1.123,
86432360462391,pre,994.932,,,
86432361094390,Lacc,-3.854,-0.452,0.875,
86432361094390,GameRo,-0.291,-0.339,-0.890,0.088
86432380965564,acc,3.504,4.160,3.674,
86432380965564,Gyro,5.884,-6.996,1.272,
86432380965564,Lacc,-3.031,-1.684,-0.729,
86432380965564,GameRo,-0.351,-0.390,-0.846,0.091
86432385492746,pre,994.911,,,
86432400836374,acc,5.639,4.540,-0.195,
86432400836374,Gyro,6.078,-6.379,1.167,
86432400836374,Lacc,-1.522,-1.571,-2.952,
86432400836374,GameRo,-0.406,-0.442,-0.794,0.097
86432410550973,pre,994.987,,,
86432420682036,acc,6.678,4.190,-2.566,
86432420682036,Gyro,5.929,-5.398,0.881,
86432420682036,Lacc,-0.831,-2.010,-3.754,
86432420682036,GameRo,-0.448,-0.489,-0.741,0.104
86432435624094,pre,995.057,,,
86432440578683,acc,5.644,4.900,-4.235,
86432440578683,Gyro,5.617,-4.609,0.572,
86432440578683,Lacc,-1.989,-1.257,-3.991,
86432440578683,GameRo,-0.479,-0.532,-0.689,0.111
86432460428578,acc,4.335,5.377,-5.787,
86432460428578,Gyro,5.207,-4.144,0.610,
86432460428578,Lacc,-3.285,-0.605,-4.239,
86432460428578,GameRo,-0.504,-0.570,-0.638,0.117
86432460663848,pre,995.073,,,
86432480319935,acc,4.127,5.219,-8.315,
86432480319935,Gyro,4.443,-3.372,0.843,
86432480319935,Lacc,-3.422,-0.450,-5.648,
86432480319935,GameRo,-0.526,-0.600,-0.590,0.124
86432485721506,pre,995.097,,,
86432500191273,acc,4.834,5.355,-9.724,
86432500191273,Gyro,3.367,-2.089,1.107,
86432500191273,Lacc,-2.673,0.068,-6.273,
86432500191273,GameRo,-0.541,-0.619,-0.553,0.134
86432510806141,pre,995.128,,,
86432520064401,acc,5.819,4.625,-8.973,
86432520064401,Gyro,2.389,-1.179,1.211,
86432520064401,Lacc,-1.711,-0.287,-5.048,
86432520064401,GameRo,-0.553,-0.628,-0.528,0.147
86432535862212,pre,995.097,,,
86432539933786,acc,6.357,4.591,-7.435,
86432539933786,Gyro,1.795,-0.972,1.059,
86432539933786,Lacc,-1.204,0.004,-3.188,
86432539933786,GameRo,-0.562,-0.633,-0.509,0.157
86432559804350,acc,6.462,4.265,-6.353,
86432559804350,Gyro,1.685,-1.278,0.802,
86432559804350,Lacc,-0.997,-0.043,-1.659,
86432559804350,GameRo,-0.572,-0.642,-0.485,0.160
86432560893299,pre,995.036,,,
86432579675363,acc,6.140,3.621,-6.295,
86432579675363,Gyro,1.787,-1.623,0.528,
86432579675363,Lacc,-1.185,-0.416,-1.167,
86432579675363,GameRo,-0.581,-0.651,-0.461,0.162
86432585975127,pre,995.036,,,
86432599546131,acc,5.476,3.455,-6.987,
86432599546131,Gyro,1.880,-1.648,0.373,
86432599546131,Lacc,-1.641,-0.324,-1.391,
86432599546131,GameRo,-0.589,-0.662,-0.434,0.161
86432611028309,pre,995.073,,,
86432619417225,acc,4.734,3.022,-7.464,
86432619417225,Gyro,1.972,-1.642,0.398,
86432619417225,Lacc,-2.195,-0.479,-1.467,
86432619417225,GameRo,-0.595,-0.672,-0.410,0.163
86432636084136,pre,995.088,,,
86432639288319,acc,4.440,2.627,-8.368,
86432639288319,Gyro,1.883,-1.512,0.492,
86432639288319,Lacc,-1.950,-0.486,-1.606,
86432639288319,GameRo,-0.606,-0.691,-0.364,0.152
86432659159291,acc,4.693,2.476,-8.712,
86432659159291,Gyro,1.695,-1.332,0.586,
86432659159291,Lacc,-1.509,-0.316,-1.642,
86432659159291,GameRo,-0.613,-0.696,-0.340,0.154
86432661161732,pre,995.107,,,
86432679030059,acc,5.062,2.042,-8.983,
86432679030059,Gyro,1.477,-1.025,0.536,
86432679030059,Lacc,-1.005,-0.458,-1.691,
86432679030059,GameRo,-0.618,-0.700,-0.322,0.158
86432686195342,pre,995.122,,,
86432698901152,acc,4.541,1.728,-8.464,
86432698901152,Gyro,1.325,-0.910,0.435,
86432698901152,Lacc,-1.245,-0.439,-0.845,
86432698901152,GameRo,-0.623,-0.707,-0.295,0.157
86432711251820,pre,995.091,,,
86432718771962,acc,4.226,1.745,-8.045,
86432718771962,Gyro,1.269,-0.999,0.371,
86432718771962,Lacc,-1.420,-0.184,-0.258,
86432718771962,GameRo,-0.627,-0.710,-0.279,0.159
86432736310943,pre,995.052,,,
86432738643299,acc,4.109,1.458,-8.305,
86432738643299,Gyro,1.285,-0.913,0.281,
86432738643299,Lacc,-1.380,-0.236,-0.353,
86432738643299,GameRo,-0.630,-0.713,-0.263,0.160
86432758514027,acc,3.469,1.343,-8.937,
86432758514027,Gyro,1.195,-0.715,0.283,
86432758514027,Lacc,-1.767,-0.123,-0.771,
86432758514027,GameRo,-0.634,-0.717,-0.243,0.157
86432761367990,pre,995.067,,,
86432778385161,acc,3.231,1.064,-8.944,
86432778385161,Gyro,1.023,-0.611,0.359,
86432778385161,Lacc,-1.846,-0.189,-0.644,
86432778385161,GameRo,-0.638,-0.719,-0.228,0.157
86432786425363,pre,995.119,,,
86432798256011,acc,3.265,0.769,-8.786,
86432798256011,Gyro,0.908,-0.625,0.396,
86432798256011,Lacc,-1.698,-0.286,-0.390,
86432798256011,GameRo,-0.640,-0.720,-0.216,0.159
86432811482614,pre,995.143,,,
86432818126820,acc,3.171,0.446,-8.829,
86432818126820,Gyro,0.801,-0.535,0.408,
86432818126820,Lacc,-1.683,-0.427,-0.349,
86432818126820,GameRo,-0.643,-0.720,-0.205,0.160
86432837972890,acc,3.122,0.613,-8.568,
86432837972890,Gyro,0.767,-0.514,0.434,
86432837972890,Lacc,-1.646,-0.088,-0.024,
86432837972890,GameRo,-0.646,-0.720,-0.195,0.162
86432836518177,pre,995.140,,,
86432857868927,acc,3.280,0.501,-8.903,
86432857868927,Gyro,0.699,-0.373,0.440,
86432857868927,Lacc,-1.386,-0.036,-0.290,
86432857868927,GameRo,-0.650,-0.719,-0.186,0.163
86432861598947,pre,995.146,,,
86432877739939,acc,3.426,0.104,-9.012,
86432877739939,Gyro,0.632,-0.184,0.438,
86432877739939,Lacc,-1.174,-0.274,-0.356,
86432877739939,GameRo,-0.653,-0.718,-0.177,0.165
86432886629140,pre,995.165,,,
86432897612172,acc,3.196,0.002,-8.634,
86432897612172,Gyro,0.626,-0.231,0.455,
86432897612172,Lacc,-1.375,-0.230,0.043,
86432897612172,GameRo,-0.655,-0.716,-0.171,0.169
86432911684926,pre,995.171,,,
86432917483672,acc,3.215,0.047,-8.559,
86432917483672,Gyro,0.707,-0.418,0.489,
86432917483672,Lacc,-1.294,-0.025,0.153,
86432917483672,GameRo,-0.658,-0.715,-0.163,0.171
86432937328318,acc,3.590,-0.183,-9.378,
86432937328318,Gyro,0.716,-0.299,0.481,
86432937328318,Lacc,-0.847,-0.083,-0.629,
86432937328318,GameRo,-0.661,-0.714,-0.154,0.174
86432936765289,pre,995.168,,,
86432957224151,acc,3.833,-0.314,-9.952,
86432957224151,Gyro,0.558,0.078,0.432,
86432957224151,Lacc,-0.593,-0.064,-1.201,
86432957224151,GameRo,-0.663,-0.712,-0.149,0.179
86432961820587,pre,995.174,,,
86432977095001,acc,3.928,-0.585,-9.793,
86432977095001,Gyro,0.339,0.352,0.335,
86432977095001,Lacc,-0.548,-0.233,-1.071,
86432977095001,GameRo,-0.664,-0.709,-0.147,0.184
86432986850657,pre,995.180,,,
86432996965728,acc,3.625,-0.552,-9.014,
86432996965728,Gyro,0.253,0.276,0.296,
86432996965728,Lacc,-0.906,-0.130,-0.323,
86432996965728,GameRo,-0.666,-0.707,-0.147,0.188
86433011907420,pre,995.189,,,
86433016837148,acc,3.604,-0.650,-8.990,
86433016837148,Gyro,0.284,0.128,0.324,
86433016837148,Lacc,-0.944,-0.152,-0.313,
86433016837148,GameRo,-0.667,-0.705,-0.145,0.191
86433036707915,acc,3.841,-0.881,-9.380,
86433036707915,Gyro,0.301,0.204,0.307,
86433036707915,Lacc,-0.728,-0.301,-0.719,
86433036707915,GameRo,-0.669,-0.703,-0.143,0.195
86433036966501,pre,995.198,,,
86433056579661,acc,3.834,-0.795,-9.568,
86433056579661,Gyro,0.260,0.352,0.267,
86433056579661,Lacc,-0.784,-0.142,-0.938,
86433056579661,GameRo,-0.670,-0.701,-0.143,0.199
86433062020945,pre,995.204,,,
86433076449738,acc,3.806,-0.914,-9.462,
86433076449738,Gyro,0.200,0.402,0.212,
86433076449738,Lacc,-0.877,-0.202,-0.871,
86433076449738,GameRo,-0.670,-0.699,-0.144,0.204
86433087077097,pre,995.189,,,
86433096321523,acc,3.658,-0.846,-8.989,
86433096321523,Gyro,0.228,0.240,0.202,
86433096321523,Lacc,-1.056,-0.080,-0.420,
86433096321523,GameRo,-0.671,-0.698,-0.143,0.207
86433112159779,pre,995.177,,,
86433116192454,acc,3.702,-0.897,-9.084,
86433116192454,Gyro,0.286,0.004,0.204,
86433116192454,Lacc,-0.996,-0.064,-0.513,
86433116192454,GameRo,-0.672,-0.696,-0.140,0.208
86433136063954,acc,4.001,-1.084,-9.368,
86433136063954,Gyro,0.326,0.030,0.161,
86433136063954,Lacc,-0.690,-0.180,-0.800,
86433136063954,GameRo,-0.673,-0.696,-0.138,0.211
86433137190175,pre,995.195,,,
86433155934316,acc,4.126,-1.435,-9.531,
86433155934316,Gyro,0.296,0.165,0.113,
86433155934316,Lacc,-0.583,-0.465,-0.980,
86433155934316,GameRo,-0.673,-0.695,-0.136,0.214
86433162272654,pre,995.210,,,
86433175806020,acc,3.929,-1.302,-9.621,
86433175806020,Gyro,0.193,0.266,0.087,
86433175806020,Lacc,-0.819,-0.285,-1.097,
86433175806020,GameRo,-0.673,-0.694,-0.136,0.217
86433187328522,pre,995.189,,,
86433195676381,acc,3.759,-1.231,-9.501,
86433195676381,Gyro,0.081,0.276,0.092,
86433195676381,Lacc,-1.027,-0.186,-1.002,
86433195676381,GameRo,-0.673,-0.693,-0.136,0.220
86433212385203,pre,995.168,,,
86433215548166,acc,3.819,-1.200,-9.317,
86433215548166,Gyro,0.006,0.147,0.112,
86433215548166,Lacc,-0.989,-0.140,-0.832,
86433215548166,GameRo,-0.673,-0.692,-0.137,0.221
86433235418325,acc,4.056,-1.333,-9.418,
86433235418325,Gyro,-0.064,0.089,0.111,
86433235418325,Lacc,-0.763,-0.268,-0.940,
86433235418325,GameRo,-0.674,-0.691,-0.137,0.221
86433237417715,pre,995.198,,,
86433255290110,acc,4.163,-1.279,-9.398,
86433255290110,Gyro,-0.141,0.156,0.061,
86433255290110,Lacc,-0.675,-0.226,-0.929,
86433255290110,GameRo,-0.675,-0.690,-0.139,0.222
86433262501130,pre,995.223,,,
86433275160309,acc,3.966,-1.078,-9.064,
86433275160309,Gyro,-0.225,0.179,0.010,
86433275160309,Lacc,-0.893,-0.057,-0.604,
86433275160309,GameRo,-0.675,-0.690,-0.141,0.221
86433287557200,pre,995.210,,,
86433295032461,acc,4.024,-1.132,-8.711,
86433295032461,Gyro,-0.213,0.240,0.034,
86433295032461,Lacc,-0.870,-0.149,-0.265,
86433295032461,GameRo,-0.676,-0.689,-0.144,0.221
86433312595855,pre,995.195,,,
86433314902700,acc,4.118,-1.114,-8.497,
86433314902700,Gyro,-0.115,0.258,0.027,
86433314902700,Lacc,-0.819,-0.152,-0.075,
86433314902700,GameRo,-0.676,-0.688,-0.147,0.222
86433334774445,acc,4.017,-1.107,-8.613,
86433334774445,Gyro,-0.013,0.186,0.005,
86433334774445,Lacc,-0.955,-0.151,-0.210,
86433334774445,GameRo,-0.676,-0.687,-0.148,0.223
86433337688995,pre,995.192,,,
86433354644562,acc,3.917,-1.059,-8.861,
86433354644562,Gyro,0.031,0.112,-0.019,
86433354644562,Lacc,-1.048,-0.097,-0.456,
86433354644562,GameRo,-0.676,-0.687,-0.148,0.223
86433362750926,pre,995.195,,,
86433374490265,acc,3.730,-1.139,-9.006,
86433374490265,Gyro,0.043,0.011,0.023,
86433374490265,Lacc,-1.030,-0.142,-0.486,
86433374490265,GameRo,-0.679,-0.688,-0.139,0.216
86433387785227,pre,995.219,,,
86433394386342,acc,3.738,-1.120,-9.064,
86433394386342,Gyro,-0.007,-0.074,0.082,
86433394386342,Lacc,-0.993,-0.113,-0.530,
86433394386342,GameRo,-0.679,-0.688,-0.137,0.215
86433412814728,pre,995.219,,,
86433414245677,acc,4.033,-1.179,-8.928,
86433414245677,Gyro,-0.043,-0.101,0.127,
86433414245677,Lacc,-0.676,-0.167,-0.382,
86433414245677,GameRo,-0.680,-0.688,-0.137,0.214
86433434128245,acc,4.302,-1.176,-8.873,
86433434128245,Gyro,-0.041,-0.041,0.117,
86433434128245,Lacc,-0.392,-0.159,-0.319,
86433434128245,GameRo,-0.681,-0.687,-0.136,0.213
86433437898794,pre,995.192,,,
86433454000519,acc,4.332,-1.090,-8.960,
86433454000519,Gyro,-0.045,0.071,0.074,
86433454000519,Lacc,-0.366,-0.071,-0.408,
86433454000519,GameRo,-0.682,-0.686,-0.136,0.213
86433462930329,pre,995.198,,,
86433473845774,acc,4.170,-1.157,-9.006,
86433473845774,Gyro,-0.070,0.124,0.035,
86433473845774,Lacc,-0.548,-0.144,-0.465,
86433473845774,GameRo,-0.682,-0.685,-0.138,0.214
86433488011546,pre,995.232,,,
86433493742096,acc,3.987,-1.148,-8.844,
86433493742096,Gyro,-0.076,0.017,0.036,
86433493742096,Lacc,-0.741,-0.146,-0.307,
86433493742096,GameRo,-0.683,-0.685,-0.138,0.214
86433513594391,acc,3.952,-1.045,-8.884,
86433513594391,Gyro,-0.059,-0.108,0.077,
86433513594391,Lacc,-0.758,-0.048,-0.336,
86433513594391,GameRo,-0.683,-0.685,-0.138,0.213
86433513075471,pre,995.253,,,
86433533484691,acc,4.085,-1.097,-9.018,
86433533484691,Gyro,-0.076,-0.105,0.098,
86433533484691,Lacc,-0.600,-0.102,-0.457,
86433533484691,GameRo,-0.684,-0.684,-0.137,0.212
86433538129588,pre,995.223,,,
86433553354890,acc,4.138,-1.095,-9.042,
86433553354890,Gyro,-0.120,0.010,0.077,
86433553354890,Lacc,-0.539,-0.109,-0.475,
86433553354890,GameRo,-0.685,-0.684,-0.138,0.211
86433563183421,pre,995.192,,,
86433573200836,acc,4.101,-1.059,-8.844,
86433573200836,Gyro,-0.138,0.122,0.059,
86433573200836,Lacc,-0.589,-0.091,-0.283,
86433573200836,GameRo,-0.686,-0.683,-0.139,0.210
86433588217804,pre,995.201,,,
86433593097403,acc,4.050,-1.113,-8.535,
86433593097403,Gyro,-0.079,0.132,0.048,
86433593097403,Lacc,-0.665,-0.159,0.014,
86433593097403,GameRo,-0.686,-0.682,-0.141,0.211
86433612942373,acc,3.930,-1.010,-8.497,
86433612942373,Gyro,0.033,0.007,0.067,
86433612942373,Lacc,-0.794,-0.052,0.047,
86433612942373,GameRo,-0.686,-0.681,-0.141,0.211
86433613272329,pre,995.226,,,
86433632814810,acc,3.964,-0.994,-8.882,
86433632814810,Gyro,0.074,-0.079,0.105,
86433632814810,Lacc,-0.744,-0.013,-0.331,
86433632814810,GameRo,-0.687,-0.681,-0.140,0.211
86433638334097,pre,995.217,,,
86433652686839,acc,4.213,-1.037,-9.094,
86433652686839,Gyro,0.030,-0.007,0.108,
86433652686839,Lacc,-0.484,-0.037,-0.540,
86433652686839,GameRo,-0.688,-0.680,-0.139,0.211
86433663387401,pre,995.186,,,
86433672581127,acc,4.321,-1.042,-8.969,
86433672581127,Gyro,-0.016,0.081,0.064,
86433672581127,Lacc,-0.383,-0.035,-0.419,
86433672581127,GameRo,-0.688,-0.680,-0.139,0.212
86433688469229,pre,995.180,,,
86433692427480,acc,4.283,-1.038,-8.810,
86433692427480,Gyro,-0.031,0.125,0.025,
86433692427480,Lacc,-0.441,-0.033,-0.271,
86433692427480,GameRo,-0.688,-0.679,-0.140,0.213
86433712322785,acc,4.231,-0.983,-8.599,
86433712322785,Gyro,-0.004,0.126,0.008,
86433712322785,Lacc,-0.515,0.019,-0.072,
86433712322785,GameRo,-0.688,-0.679,-0.141,0.213
86433713506135,pre,995.220,,,
86433732194529,acc,4.191,-0.940,-8.495,
86433732194529,Gyro,0.056,0.070,0.017,
86433732194529,Lacc,-0.571,0.070,0.022,
86433732194529,GameRo,-0.688,-0.679,-0.141,0.214
86433738586416,pre,995.220,,,
86433752065420,acc,4.292,-1.058,-8.726,
86433752065420,Gyro,0.088,0.049,0.011,
86433752065420,Lacc,-0.476,-0.033,-0.214,
86433752065420,GameRo,-0.688,-0.678,-0.141,0.215
86433763640982,pre,995.174,,,
86433771912426,acc,4.347,-1.185,-8.960,
86433771912426,Gyro,0.076,0.134,-0.016,
86433771912426,Lacc,-0.437,-0.145,-0.459,
86433771912426,GameRo,-0.688,-0.678,-0.141,0.216
86433788699371,pre,995.171,,,
86433791805492,acc,4.299,-1.135,-8.912,
86433791805492,Gyro,0.050,0.192,-0.042,
86433791805492,Lacc,-0.517,-0.090,-0.429,
86433791805492,GameRo,-0.687,-0.678,-0.142,0.218
86433811678498,acc,4.160,-1.148,-8.811,
86433811678498,Gyro,0.042,0.140,-0.043,
86433811678498,Lacc,-0.683,-0.099,-0.345,
86433811678498,GameRo,-0.687,-0.678,-0.143,0.219
86433813756785,pre,995.198,,,
86433831523916,acc,4.142,-1.130,-8.736,
86433831523916,Gyro,0.055,0.040,-0.025,
86433831523916,Lacc,-0.712,-0.076,-0.276,
86433831523916,GameRo,-0.686,-0.679,-0.143,0.220
86433838791250,pre,995.208,,,
86433851395295,acc,4.257,-1.219,-8.850,
86433851395295,Gyro,0.056,-0.005,-0.029,
86433851395295,Lacc,-0.595,-0.157,-0.390,
86433851395295,GameRo,-0.686,-0.679,-0.143,0.220
86433863872874,pre,995.201,,,
86433871297883,acc,4.237,-1.196,-9.010,
86433871297883,Gyro,0.026,0.023,-0.029,
86433871297883,Lacc,-0.615,-0.131,-0.551,
86433871297883,GameRo,-0.686,-0.679,-0.142,0.220
86433888929922,pre,995.198,,,
86433891162833,acc,4.137,-1.186,-8.917,
86433891162833,Gyro,-0.005,0.073,-0.000,
86433891162833,Lacc,-0.723,-0.121,-0.463,
86433891162833,GameRo,-0.685,-0.679,-0.143,0.221
86433911008535,acc,4.176,-1.104,-8.678,
86433911008535,Gyro,0.003,0.049,0.026,
86433911008535,Lacc,-0.694,-0.038,-0.230,
86433911008535,GameRo,-0.685,-0.679,-0.143,0.221
86433913961416,pre,995.183,,,
86433930904695,acc,4.340,-1.205,-8.557,
86433930904695,Gyro,0.044,-0.005,0.017,
86433930904695,Lacc,-0.531,-0.131,-0.110,
86433930904695,GameRo,-0.686,-0.679,-0.143,0.221
86433939032055,pre,995.177,,,
86433950775951,acc,4.309,-1.181,-8.655,
86433950775951,Gyro,0.084,-0.042,0.005,
86433950775951,Lacc,-0.555,-0.094,-0.206,
86433950775951,GameRo,-0.686,-0.679,-0.142,0.222
86433964101838,pre,995.201,,,
86433970621329,acc,4.325,-1.218,-8.864,
86433970621329,Gyro,0.079,-0.018,-0.019,
86433970621329,Lacc,-0.533,-0.117,-0.413,
86433970621329,GameRo,-0.685,-0.679,-0.141,0.222
86433989162019,pre,995.220,,,
86433990492138,acc,4.197,-1.229,-8.897,
86433990492138,Gyro,0.056,0.023,-0.030,
86433990492138,Lacc,-0.663,-0.120,-0.447,
86433990492138,GameRo,-0.685,-0.679,-0.141,0.222
86434010388622,acc,4.091,-1.193,-8.850,
86434010388622,Gyro,0.038,0.055,0.011,
86434010388622,Lacc,-0.770,-0.077,-0.403,
86434010388622,GameRo,-0.685,-0.679,-0.141,0.223
86434014219799,pre,995.214,,,
86434030259920,acc,4.191,-1.188,-8.727,
86434030259920,Gyro,0.054,0.042,0.048,
86434030259920,Lacc,-0.678,-0.061,-0.285,
86434030259920,GameRo,-0.685,-0.679,-0.141,0.223
86434039276399,pre,995.201,,,
86434050131623,acc,4.309,-1.216,-8.816,
86434050131623,Gyro,0.074,0.003,0.040,
86434050131623,Lacc,-0.559,-0.073,-0.376,
86434050131623,GameRo,-0.685,-0.679,-0.140,0.224
86434064334992,pre,995.198,,,
86434070002148,acc,4.358,-1.329,-8.919,
86434070002148,Gyro,0.063,-0.015,0.003,
86434070002148,Lacc,-0.508,-0.172,-0.480,
86434070002148,GameRo,-0.685,-0.679,-0.140,0.224
86434089872834,acc,4.262,-1.253,-8.864,
86434089872834,Gyro,0.049,-0.008,-0.013,
86434089872834,Lacc,-0.600,-0.088,-0.424,
86434089872834,GameRo,-0.685,-0.679,-0.139,0.225
86434089392406,pre,995.211,,,
86434109744417,acc,4.186,-1.282,-8.800,
86434109744417,Gyro,0.051,0.007,0.006,
86434109744417,Lacc,-0.674,-0.110,-0.360,
86434109744417,GameRo,-0.685,-0.679,-0.139,0.225
86434114447826,pre,995.229,,,
86434129614859,acc,4.187,-1.257,-8.715,
86434129614859,Gyro,0.058,0.010,0.031,
86434129614859,Lacc,-0.673,-0.073,-0.276,
86434129614859,GameRo,-0.685,-0.679,-0.138,0.225
86434139504792,pre,995.223,,,
86434149486441,acc,4.282,-1.253,-8.721,
86434149486441,Gyro,0.071,-0.007,0.033,
86434149486441,Lacc,-0.575,-0.054,-0.283,
86434149486441,GameRo,-0.685,-0.679,-0.138,0.226
86434164581412,pre,995.214,,,
86434169357006,acc,4.353,-1.309,-8.869,
86434169357006,Gyro,0.062,-0.003,0.014,
86434169357006,Lacc,-0.503,-0.095,-0.432,
86434169357006,GameRo,-0.685,-0.679,-0.137,0.226
86434189228873,acc,4.298,-1.387,-8.883,
86434189228873,Gyro,0.031,-0.003,-0.002,
86434189228873,Lacc,-0.556,-0.167,-0.446,
86434189228873,GameRo,-0.685,-0.679,-0.137,0.226
86434189594718,pre,995.208,,,
86434209099601,acc,4.186,-1.279,-8.825,
86434209099601,Gyro,0.012,-0.008,0.018,
86434209099601,Lacc,-0.664,-0.055,-0.387,
86434209099601,GameRo,-0.685,-0.679,-0.137,0.226
86434214652050,pre,995.223,,,
86434228944856,acc,4.261,-1.362,-8.799,
86434228944856,Gyro,-0.004,0.003,0.035,
86434228944856,Lacc,-0.587,-0.134,-0.360,
86434228944856,GameRo,-0.685,-0.679,-0.136,0.226
86434239736319,pre,995.235,,,
86434248841219,acc,4.336,-1.334,-8.715,
86434248841219,Gyro,-0.012,0.014,0.016,
86434248841219,Lacc,-0.512,-0.106,-0.275,
86434248841219,GameRo,-0.685,-0.678,-0.136,0.226
86434264792797,pre,995.217,,,
86434268712393,acc,4.233,-1.296,-8.710,
86434268712393,Gyro,-0.007,0.023,0.005,
86434268712393,Lacc,-0.617,-0.068,-0.271,
86434268712393,GameRo,-0.685,-0.678,-0.137,0.226
86434288583569,acc,4.131,-1.259,-8.692,
86434288583569,Gyro,-0.006,0.012,0.026,
86434288583569,Lacc,-0.720,-0.031,-0.254,
86434288583569,GameRo,-0.686,-0.678,-0.137,0.226
86434289827059,pre,995.183,,,
86434308454581,acc,4.197,-1.293,-8.636,
86434308454581,Gyro,0.014,0.017,0.035,
86434308454581,Lacc,-0.655,-0.061,-0.199,
86434308454581,GameRo,-0.686,-0.678,-0.137,0.227
86434314906973,pre,995.186,,,
86434328325268,acc,4.211,-1.283,-8.649,
86434328325268,Gyro,0.051,0.022,0.040,
86434328325268,Lacc,-0.642,-0.040,-0.215,
86434328325268,GameRo,-0.686,-0.678,-0.136,0.227
86434339963166,pre,995.235,,,
86434348196483,acc,4.275,-1.334,-8.786,
86434348196483,Gyro,0.059,0.015,0.045,
86434348196483,Lacc,-0.579,-0.077,-0.354,
86434348196483,GameRo,-0.686,-0.677,-0.136,0.228
86434365023713,pre,995.259,,,
86434368067659,acc,4.397,-1.275,-8.902,
86434368067659,Gyro,0.041,0.022,0.031,
86434368067659,Lacc,-0.458,-0.006,-0.473,
86434368067659,GameRo,-0.686,-0.677,-0.136,0.228
86434387938508,acc,4.380,-1.315,-8.889,
86434387938508,Gyro,0.001,0.025,-0.012,
86434387938508,Lacc,-0.480,-0.041,-0.463,
86434387938508,GameRo,-0.686,-0.677,-0.136,0.228
86434390080273,pre,995.238,,,
86434407809480,acc,4.079,-1.268,-8.751,
86434407809480,Gyro,-0.044,0.002,-0.025,
86434407809480,Lacc,-0.778,-0.003,-0.322,
86434407809480,GameRo,-0.686,-0.677,-0.136,0.228
86434415111279,pre,995.214,,,
86434427680656,acc,4.059,-1.367,-8.634,
86434427680656,Gyro,-0.039,0.111,0.045,
86434427680656,Lacc,-0.806,-0.109,-0.208,
86434427680656,GameRo,-0.686,-0.677,-0.136,0.228
86434440169669,pre,995.229,,,
86434447551424,acc,4.329,-1.408,-8.350,
86434447551424,Gyro,0.063,0.174,0.082,
86434447551424,Lacc,-0.564,-0.140,0.058,
86434447551424,GameRo,-0.687,-0.676,-0.137,0.229
86434465253003,pre,995.250,,,
86434467422436,acc,4.392,-1.330,-8.557,
86434467422436,Gyro,0.167,0.109,0.074,
86434467422436,Lacc,-0.521,-0.030,-0.167,
86434467422436,GameRo,-0.687,-0.675,-0.137,0.231
86434487293815,acc,4.433,-1.298,-8.948,
86434487293815,Gyro,0.162,0.025,0.067,
86434487293815,Lacc,-0.486,0.039,-0.567,
86434487293815,GameRo,-0.687,-0.675,-0.136,0.233
86434490312003,pre,995.256,,,
86434507164909,acc,4.515,-1.344,-9.161,
86434507164909,Gyro,0.071,-0.033,0.040,
86434507164909,Lacc,-0.400,0.016,-0.781,
86434507164909,GameRo,-0.687,-0.675,-0.135,0.234
86434515369906,pre,995.232,,,
86434527035880,acc,4.499,-1.378,-9.081,
86434527035880,Gyro,-0.033,-0.035,-0.004,
86434527035880,Lacc,-0.408,-0.017,-0.697,
86434527035880,GameRo,-0.687,-0.675,-0.135,0.233
86434540426668,pre,995.235,,,
86434546906689,acc,4.329,-1.334,-8.714,
86434546906689,Gyro,-0.074,0.014,-0.022,
86434546906689,Lacc,-0.575,0.012,-0.325,
86434546906689,GameRo,-0.687,-0.675,-0.135,0.233
86434566772371,acc,4.138,-1.326,-8.405,
86434566772371,Gyro,-0.034,0.063,0.003,
86434566772371,Lacc,-0.777,0.009,-0.020,
86434566772371,GameRo,-0.687,-0.675,-0.136,0.233
86434565485424,pre,995.247,,,
86434586649365,acc,4.183,-1.288,-8.221,
86434586649365,Gyro,0.059,0.012,0.035,
86434586649365,Lacc,-0.737,0.054,0.159,
86434586649365,GameRo,-0.687,-0.675,-0.136,0.233
86434590544954,pre,995.226,,,
86434606519807,acc,4.308,-1.317,-8.417,
86434606519807,Gyro,0.136,-0.043,0.030,
86434606519807,Lacc,-0.607,0.050,-0.038,
86434606519807,GameRo,-0.687,-0.675,-0.135,0.234
86434615602652,pre,995.183,,,
86434626365674,acc,4.291,-1.323,-8.661,
86434626365674,Gyro,0.140,-0.085,-0.001,
86434626365674,Lacc,-0.609,0.069,-0.277,
86434626365674,GameRo,-0.687,-0.675,-0.133,0.234
86434640659619,pre,995.174,,,
86434646261913,acc,4.187,-1.387,-8.803,
86434646261913,Gyro,0.104,-0.061,-0.011,
86434646261913,Lacc,-0.696,0.023,-0.412,
86434646261913,GameRo,-0.687,-0.675,-0.132,0.234
86434666139803,acc,4.167,-1.405,-8.710,
86434666139803,Gyro,0.070,-0.022,0.001,
86434666139803,Lacc,-0.709,0.017,-0.317,
86434666139803,GameRo,-0.687,-0.676,-0.131,0.235
86434665694572,pre,995.195,,,
86434686004224,acc,4.188,-1.476,-8.647,
86434686004224,Gyro,0.078,-0.009,0.011,
86434686004224,Lacc,-0.683,-0.041,-0.253,
86434686004224,GameRo,-0.686,-0.676,-0.130,0.235
86434690774813,pre,995.198,,,
86434705849845,acc,4.153,-1.505,-8.596,
86434705849845,Gyro,0.106,-0.011,0.027,
86434705849845,Lacc,-0.715,-0.052,-0.204,
86434705849845,GameRo,-0.686,-0.676,-0.130,0.236
86434715824170,pre,995.198,,,
86434725752515,acc,4.192,-1.533,-8.609,
86434725752515,Gyro,0.136,-0.008,0.052,
86434725752515,Lacc,-0.671,-0.054,-0.218,
86434725752515,GameRo,-0.686,-0.676,-0.129,0.236
86434740864697,pre,995.211,,,
86434745617179,acc,4.235,-1.648,-8.735,
86434745617179,Gyro,0.145,0.054,0.062,
86434745617179,Lacc,-0.628,-0.138,-0.350,
86434745617179,GameRo,-0.686,-0.675,-0.127,0.237
86434765492546,acc,4.176,-1.581,-8.698,
86434765492546,Gyro,0.125,0.103,0.089,
86434765492546,Lacc,-0.697,-0.041,-0.325,
86434765492546,GameRo,-0.687,-0.675,-0.127,0.239
86434765923495,pre,995.217,,,
86434785359651,acc,4.306,-1.546,-8.539,
86434785359651,Gyro,0.123,0.077,0.104,
86434785359651,Lacc,-0.580,0.024,-0.179,
86434785359651,GameRo,-0.687,-0.674,-0.126,0.241
86434790983024,pre,995.195,,,
86434805228345,acc,4.432,-1.652,-8.480,
86434805228345,Gyro,0.157,0.037,0.081,
86434805228345,Lacc,-0.458,-0.049,-0.129,
86434805228345,GameRo,-0.687,-0.673,-0.126,0.242
86434816066806,pre,995.204,,,
86434825101595,acc,4.419,-1.661,-8.551,
86434825101595,Gyro,0.180,0.021,0.060,
86434825101595,Lacc,-0.472,-0.023,-0.206,
86434825101595,GameRo,-0.687,-0.673,-0.124,0.243
86434841126945,pre,995.244,,,
86434844971061,acc,4.368,-1.694,-8.664,
86434844971061,Gyro,0.172,0.049,0.054,
86434844971061,Lacc,-0.527,-0.021,-0.329,
86434844971061,GameRo,-0.687,-0.673,-0.123,0.245
86434864843538,acc,4.329,-1.692,-8.637,
86434864843538,Gyro,0.150,0.053,0.063,
86434864843538,Lacc,-0.570,0.013,-0.311,
86434864843538,GameRo,-0.687,-0.673,-0.122,0.246
86434866159497,pre,995.275,,,
86434884714551,acc,4.427,-1.779,-8.571,
86434884714551,Gyro,0.143,0.049,0.075,
86434884714551,Lacc,-0.478,-0.044,-0.255,
86434884714551,GameRo,-0.687,-0.672,-0.122,0.248
86434891243481,pre,995.266,,,
86434904564486,acc,4.534,-1.910,-8.539,
86434904564486,Gyro,0.152,0.010,0.063,
86434904564486,Lacc,-0.371,-0.143,-0.229,
86434904564486,GameRo,-0.687,-0.672,-0.120,0.249
86434916303296,pre,995.244,,,
86434924456413,acc,4.549,-1.946,-8.643,
86434924456413,Gyro,0.140,0.012,0.028,
86434924456413,Lacc,-0.355,-0.150,-0.338,
86434924456413,GameRo,-0.687,-0.672,-0.119,0.250
86434941359082,pre,995.217,,,
86434944327019,acc,4.488,-1.946,-8.677,
86434944327019,Gyro,0.105,0.053,-0.001,
86434944327019,Lacc,-0.421,-0.130,-0.380,
86434944327019,GameRo,-0.687,-0.672,-0.119,0.251
86434964198682,acc,4.441,-2.032,-8.541,
86434964198682,Gyro,0.085,0.069,-0.016,
86434964198682,Lacc,-0.479,-0.202,-0.254,
86434964198682,GameRo,-0.686,-0.672,-0.119,0.252
86434966418978,pre,995.195,,,
86434984069695,acc,4.377,-2.012,-8.409,
86434984069695,Gyro,0.096,0.064,-0.019,
86434984069695,Lacc,-0.555,-0.170,-0.131,
86434984069695,GameRo,-0.686,-0.672,-0.119,0.253
86434991480095,pre,995.201,,,
86435003940706,acc,4.275,-1.926,-8.457,
86435003940706,Gyro,0.104,0.040,-0.012,
86435003940706,Lacc,-0.664,-0.067,-0.187,
86435003940706,GameRo,-0.686,-0.672,-0.118,0.254
86435016539421,pre,995.220,,,
86435023811841,acc,4.281,-1.948,-8.561,
86435023811841,Gyro,0.087,0.010,0.005,
86435023811841,Lacc,-0.659,-0.074,-0.295,
86435023811841,GameRo,-0.685,-0.672,-0.118,0.255
86435041597242,pre,995.223,,,
86435043682731,acc,4.360,-2.112,-8.550,
86435043682731,Gyro,0.063,-0.028,0.010,
86435043682731,Lacc,-0.575,-0.225,-0.285,
86435043682731,GameRo,-0.685,-0.672,-0.117,0.255
86435063574740,acc,4.427,-2.151,-8.450,
86435063574740,Gyro,0.056,-0.056,-0.008,
86435063574740,Lacc,-0.498,-0.254,-0.181,
86435063574740,GameRo,-0.685,-0.672,-0.116,0.255
86435066655185,pre,995.229,,,
86435083424552,acc,4.374,-2.161,-8.492,
86435083424552,Gyro,0.063,-0.001,-0.024,
86435083424552,Lacc,-0.544,-0.255,-0.221,
86435083424552,GameRo,-0.685,-0.673,-0.115,0.255
86435091714673,pre,995.241,,,
86435103290886,acc,4.287,-2.080,-8.435,
86435103290886,Gyro,0.080,0.054,-0.005,
86435103290886,Lacc,-0.639,-0.163,-0.171,
86435103290886,GameRo,-0.685,-0.673,-0.115,0.256
86435116770256,pre,995.204,,,
86435123166619,acc,4.386,-2.077,-8.403,
86435123166619,Gyro,0.111,-0.003,0.003,
86435123166619,Lacc,-0.544,-0.143,-0.145,
86435123166619,GameRo,-0.684,-0.673,-0.115,0.257
86435141827385,pre,995.140,,,
86435143012443,acc,4.440,-2.069,-8.650,
86435143012443,Gyro,0.118,-0.053,-0.006,
86435143012443,Lacc,-0.481,-0.114,-0.392,
86435143012443,GameRo,-0.684,-0.673,-0.114,0.257
86435162926995,acc,4.426,-2.118,-8.861,
86435162926995,Gyro,0.070,-0.006,-0.005,
86435162926995,Lacc,-0.489,-0.149,-0.602,
86435162926995,GameRo,-0.684,-0.673,-0.113,0.258
86435166884473,pre,995.140,,,
86435182779574,acc,4.471,-2.173,-8.745,
86435182779574,Gyro,0.024,0.041,-0.011,
86435182779574,Lacc,-0.450,-0.199,-0.491,
86435182779574,GameRo,-0.684,-0.673,-0.113,0.258
86435191944206,pre,995.214,,,
86435202625278,acc,4.464,-2.152,-8.611,
86435202625278,Gyro,0.012,0.049,-0.025,
86435202625278,Lacc,-0.465,-0.178,-0.362,
86435202625278,GameRo,-0.684,-0.673,-0.113,0.258
86435217001905,pre,995.253,,,
86435222522331,acc,4.221,-2.059,-8.473,
86435222522331,Gyro,-0.016,-0.034,-0.062,
86435222522331,Lacc,-0.709,-0.090,-0.223,
86435222522331,GameRo,-0.683,-0.674,-0.113,0.258
86435242389031,acc,4.177,-2.081,-8.521,
86435242389031,Gyro,-0.033,0.002,0.003,
86435242389031,Lacc,-0.745,-0.121,-0.265,
86435242389031,GameRo,-0.683,-0.674,-0.113,0.258
86435242060092,pre,995.220,,,
86435262263623,acc,4.591,-2.189,-8.588,
86435262263623,Gyro,0.020,0.083,0.041,
86435262263623,Lacc,-0.339,-0.225,-0.338,
86435262263623,GameRo,-0.683,-0.673,-0.113,0.258
86435267120110,pre,995.186,,,
86435282134718,acc,4.668,-2.124,-8.963,
86435282134718,Gyro,0.014,0.083,-0.008,
86435282134718,Lacc,-0.278,-0.152,-0.724,
86435282134718,GameRo,-0.683,-0.673,-0.114,0.259
86435292154615,pre,995.198,,,
86435302005363,acc,4.460,-2.014,-9.252,
86435302005363,Gyro,-0.103,0.063,-0.036,
86435302005363,Lacc,-0.498,-0.055,-1.017,
86435302005363,GameRo,-0.683,-0.673,-0.115,0.259
86435317228102,pre,995.223,,,
86435321876986,acc,4.523,-2.002,-9.243,
86435321876986,Gyro,-0.253,0.074,-0.052,
86435321876986,Lacc,-0.447,-0.082,-1.007,
86435321876986,GameRo,-0.683,-0.673,-0.117,0.258
86435341747511,acc,4.569,-2.222,-9.185,
86435341747511,Gyro,-0.376,0.101,-0.117,
86435341747511,Lacc,-0.419,-0.367,-0.945,
86435341747511,GameRo,-0.683,-0.673,-0.120,0.256
86435342286532,pre,995.211,,,
86435361618441,acc,4.287,-2.061,-9.150,
86435361618441,Gyro,-0.490,0.168,-0.149,
86435361618441,Lacc,-0.728,-0.294,-0.906,
86435361618441,GameRo,-0.683,-0.673,-0.124,0.254
86435367378451,pre,995.192,,,
86435381489739,acc,4.146,-1.949,-9.001,
86435381489739,Gyro,-0.590,0.245,-0.135,
86435381489739,Lacc,-0.897,-0.285,-0.752,
86435381489739,GameRo,-0.684,-0.673,-0.129,0.251
86435392393995,pre,995.201,,,
86435401360303,acc,4.083,-1.861,-8.676,
86435401360303,Gyro,-0.654,0.250,-0.123,
86435401360303,Lacc,-0.962,-0.299,-0.409,
86435401360303,GameRo,-0.685,-0.672,-0.133,0.247
86435417471794,pre,995.229,,,
86435421232171,acc,4.112,-1.609,-8.469,
86435421232171,Gyro,-0.687,0.194,-0.109,
86435421232171,Lacc,-0.967,-0.169,-0.201,
86435421232171,GameRo,-0.686,-0.672,-0.139,0.243
86435441102613,acc,4.304,-1.477,-8.503,
86435441102613,Gyro,-0.718,0.218,-0.102,
86435441102613,Lacc,-0.807,-0.163,-0.234,
86435441102613,GameRo,-0.686,-0.671,-0.145,0.240
86435442505608,pre,995.232,,,
86435460953891,acc,4.561,-1.442,-8.747,
86435460953891,Gyro,-0.772,0.398,-0.122,
86435460953891,Lacc,-0.603,-0.261,-0.490,
86435460953891,GameRo,-0.687,-0.670,-0.153,0.236
86435467590813,pre,995.220,,,
86435480844841,acc,4.750,-1.284,-8.966,
86435480844841,Gyro,-0.877,0.660,-0.177,
86435480844841,Lacc,-0.512,-0.256,-0.751,
86435480844841,GameRo,-0.687,-0.668,-0.162,0.234
86435492622145,pre,995.211,,,
86435500715610,acc,4.699,-0.950,-8.774,
86435500715610,Gyro,-1.025,0.799,-0.233,
86435500715610,Lacc,-0.692,-0.104,-0.622,
86435500715610,GameRo,-0.687,-0.666,-0.175,0.232
86435517704502,pre,995.217,,,
86435520586825,acc,4.678,-0.597,-8.171,
86435520586825,Gyro,-1.108,0.715,-0.254,
86435520586825,Lacc,-0.841,0.044,-0.086,
86435520586825,GameRo,-0.686,-0.664,-0.188,0.229
86435540457675,acc,4.862,-0.492,-7.918,
86435540457675,Gyro,-1.083,0.570,-0.251,
86435540457675,Lacc,-0.755,-0.056,0.112,
86435540457675,GameRo,-0.686,-0.663,-0.200,0.225
86435542755405,pre,995.244,,,
86435560304559,acc,5.324,-0.568,-8.382,
86435560304559,Gyro,-1.077,0.707,-0.262,
86435560304559,Lacc,-0.391,-0.328,-0.412,
86435560304559,GameRo,-0.685,-0.661,-0.211,0.222
86435567818475,pre,995.274,,,
86435580199741,acc,5.863,-0.553,-9.174,
86435580199741,Gyro,-1.252,1.199,-0.353,
86435580199741,Lacc,-0.009,-0.531,-1.316,
86435580199741,GameRo,-0.683,-0.658,-0.226,0.220
86435592891635,pre,995.268,,,
86435600046950,acc,6.525,-0.422,-9.649,
86435600046950,Gyro,-1.670,1.956,-0.537,
86435600046950,Lacc,0.394,-0.687,-1.996,
86435600046950,GameRo,-0.680,-0.654,-0.249,0.219
86435617934441,pre,995.219,,,
86435619917026,acc,7.068,-0.318,-9.443,
86435619917026,Gyro,-2.189,2.823,-0.810,
86435619917026,Lacc,0.566,-0.974,-2.126,
86435619917026,GameRo,-0.673,-0.648,-0.280,0.220
86435639787591,acc,7.201,-0.014,-9.015,
86435639787591,Gyro,-2.730,3.820,-1.040,
86435639787591,Lacc,0.226,-1.161,-2.213,
86435639787591,GameRo,-0.662,-0.639,-0.322,0.223
86435642968743,pre,995.204,,,
86435659692620,acc,7.063,0.347,-8.474,
86435659692620,Gyro,-3.246,4.806,-1.170,
86435659692620,Lacc,-0.455,-1.358,-2.406,
86435659692620,GameRo,-0.646,-0.626,-0.373,0.227
86435668050978,pre,995.216,,,
86435679554762,acc,7.176,0.503,-7.090,
86435679554762,Gyro,-3.712,5.691,-1.342,
86435679554762,Lacc,-0.840,-1.665,-1.867,
86435679554762,GameRo,-0.628,-0.610,-0.423,0.235
86435693083774,pre,995.207,,,
86435699425896,acc,7.074,1.480,-5.075,
86435699425896,Gyro,-4.003,6.089,-1.450,
86435699425896,Lacc,-1.427,-1.285,-1.035,
86435699425896,GameRo,-0.602,-0.587,-0.486,0.240
86435718165398,pre,995.201,,,
86435719273634,acc,7.287,2.177,-3.785,
86435719273634,Gyro,-4.100,6.289,-1.429,
86435719273634,Lacc,-1.546,-1.114,-1.067,
86435719273634,GameRo,-0.571,-0.559,-0.549,0.244
86435739149773,acc,7.690,2.362,-2.792,
86435739149773,Gyro,-4.067,6.588,-1.448,
86435739149773,Lacc,-1.301,-1.344,-1.507,
86435739149773,GameRo,-0.536,-0.527,-0.611,0.248
86435743222487,pre,995.235,,,
86435759038812,acc,7.677,2.315,-1.203,
86435759038812,Gyro,-3.961,6.684,-1.508,
86435759038812,Lacc,-1.271,-1.699,-1.420,
86435759038812,GameRo,-0.496,-0.493,-0.669,0.252
86435768279575,pre,995.259,,,
86435778886957,acc,7.137,2.402,0.030,
86435778886957,Gyro,-3.975,6.596,-1.657,
86435778886957,Lacc,-1.554,-1.816,-1.675,
86435778886957,GameRo,-0.452,-0.457,-0.723,0.254
86435793337314,pre,995.250,,,
86435798780551,acc,6.111,3.170,1.198,
86435798780551,Gyro,-4.163,6.322,-1.704,
86435798780551,Lacc,-2.126,-1.139,-1.935,
86435798780551,GameRo,-0.408,-0.417,-0.772,0.252
86435818628127,acc,5.087,3.550,2.812,
86435818628127,Gyro,-4.421,5.925,-1.655,
86435818628127,Lacc,-2.545,-0.699,-1.652,
86435818628127,GameRo,-0.364,-0.375,-0.817,0.246
86435818396275,pre,995.235,,,
86435838523431,acc,4.501,3.817,5.845,
86435838523431,Gyro,-4.112,5.857,-1.472,
86435838523431,Lacc,-2.422,-0.215,0.184,
86435838523431,GameRo,-0.321,-0.330,-0.855,0.238
86435843458815,pre,995.223,,,
86435858393874,acc,3.086,4.162,9.821,
86435858393874,Gyro,-2.785,5.700,-1.088,
86435858393874,Lacc,-3.010,0.371,3.135,
86435858393874,GameRo,-0.273,-0.291,-0.886,0.236
86435868521640,pre,995.216,,,
86435878268466,acc,3.036,4.152,11.311,
86435878268466,Gyro,-1.270,4.694,-0.642,
86435878268466,Lacc,-2.295,0.514,3.923,
86435878268466,GameRo,-0.230,-0.265,-0.905,0.238
86435893546705,pre,995.244,,,
86435898135451,acc,3.171,4.055,9.437,
86435898135451,Gyro,-0.344,3.894,-0.348,
86435898135451,Lacc,-1.516,0.449,1.609,
86435898135451,GameRo,-0.194,-0.252,-0.916,0.244
86435918006585,acc,2.539,4.341,7.670,
86435918006585,Gyro,-0.173,3.689,-0.154,
86435918006585,Lacc,-1.529,0.726,-0.492,
86435918006585,GameRo,-0.159,-0.243,-0.924,0.250
86435918605421,pre,995.265,,,
86435937879022,acc,1.570,4.365,7.881,
86435937879022,Gyro,-0.339,3.484,0.087,
86435937879022,Lacc,-1.894,0.784,-0.569,
86435937879022,GameRo,-0.126,-0.231,-0.930,0.258
86435943667270,pre,995.186,,,
86435957748935,acc,1.291,4.251,8.674,
86435957748935,Gyro,-0.458,3.198,0.393,
86435957748935,Lacc,-1.251,0.570,-0.057,
86435957748935,GameRo,-0.078,-0.221,-0.938,0.256
86435968749464,pre,995.137,,,
86435977594191,acc,1.617,3.729,10.002,
86435977594191,Gyro,-0.363,2.812,0.670,
86435977594191,Lacc,-0.450,0.152,1.105,
86435977594191,GameRo,-0.053,-0.209,-0.939,0.268
86435993806878,pre,995.293,,,
86435997490553,acc,1.726,3.412,10.866,
86435997490553,Gyro,0.051,2.300,0.787,
86435997490553,Lacc,0.046,-0.116,1.867,
86435997490553,GameRo,-0.031,-0.201,-0.938,0.280
86436017361647,acc,1.889,3.166,10.795,
86436017361647,Gyro,0.549,1.493,0.722,
86436017361647,Lacc,0.471,-0.410,1.770,
86436017361647,GameRo,-0.015,-0.200,-0.936,0.291
86436018838210,pre,995.516,,,
86436037232986,acc,1.969,3.083,9.205,
86436037232986,Gyro,0.787,0.974,0.577,
86436037232986,Lacc,0.689,-0.608,0.207,
86436037232986,GameRo,-0.005,-0.203,-0.932,0.299
86436043905186,pre,995.543,,,
86436057103875,acc,1.516,3.104,7.818,
86436057103875,Gyro,0.650,0.961,0.575,
86436057103875,Lacc,0.355,-0.709,-1.146,
86436057103875,GameRo,0.005,-0.208,-0.929,0.306
86436068977940,pre,995.424,,,
86436076950515,acc,1.185,3.295,7.359,
86436076950515,Gyro,0.294,1.258,0.777,
86436076950515,Lacc,0.172,-0.576,-1.598,
86436076950515,GameRo,0.015,-0.208,-0.926,0.315
86436094034784,pre,995.375,,,
86436096845737,acc,1.209,3.505,8.581,
86436096845737,Gyro,0.099,1.553,1.087,
86436096845737,Lacc,0.391,-0.370,-0.394,
86436096845737,GameRo,0.027,-0.204,-0.922,0.327
86436116693272,acc,1.482,3.526,10.016,
86436116693272,Gyro,0.062,1.224,1.312,
86436116693272,Lacc,0.819,-0.340,1.025,
86436116693272,GameRo,0.038,-0.201,-0.918,0.341
86436119090122,pre,995.433,,,
86436136588291,acc,1.378,3.436,8.835,
86436136588291,Gyro,0.010,0.898,1.373,
86436136588291,Lacc,0.775,-0.420,-0.165,
86436136588291,GameRo,0.044,-0.198,-0.912,0.356
86436144138584,pre,995.506,,,
86436156433384,acc,2.037,2.701,9.425,
86436156433384,Gyro,0.206,1.214,1.102,
86436156433384,Lacc,1.367,-1.033,0.378,
86436156433384,GameRo,0.042,-0.193,-0.906,0.374
86436169204868,pre,995.512,,,
86436176328525,acc,0.115,3.678,9.968,
86436176328525,Gyro,0.436,1.066,0.969,
86436176328525,Lacc,-0.404,-0.120,0.938,
86436176328525,GameRo,0.053,-0.192,-0.901,0.384
86436194262486,pre,995.461,,,
86436196200474,acc,-0.332,3.718,8.793,
86436196200474,Gyro,0.504,0.985,1.071,
86436196200474,Lacc,-0.759,-0.158,-0.208,
86436196200474,GameRo,0.061,-0.194,-0.896,0.395
86436216072422,acc,-0.663,3.897,8.926,
86436216072422,Gyro,0.470,1.014,1.204,
86436216072422,Lacc,-0.985,-0.058,-0.046,
86436216072422,GameRo,0.070,-0.194,-0.890,0.407
86436219320306,pre,995.403,,,
86436235942580,acc,-0.748,3.859,9.559,
86436235942580,Gyro,0.518,0.892,1.322,
86436235942580,Lacc,-1.001,-0.175,0.621,
86436235942580,GameRo,0.078,-0.196,-0.883,0.419
86436244352858,pre,995.412,,,
86436255817214,acc,-0.572,3.977,9.177,
86436255817214,Gyro,0.539,0.811,1.326,
86436255817214,Lacc,-0.789,-0.148,0.279,
86436255817214,GameRo,0.085,-0.198,-0.876,0.432
86436269420933,pre,995.451,,,
86436275684727,acc,-0.654,4.350,9.241,
86436275684727,Gyro,0.512,0.783,1.270,
86436275684727,Lacc,-0.835,0.139,0.382,
86436275684727,GameRo,0.092,-0.200,-0.868,0.445
86436294470697,pre,995.436,,,
86436295536086,acc,-1.005,4.430,9.683,
86436295536086,Gyro,0.587,0.618,1.252,
86436295536086,Lacc,-1.171,0.129,0.868,
86436295536086,GameRo,0.098,-0.203,-0.861,0.456
86436315426385,acc,-0.795,4.279,9.905,
86436315426385,Gyro,0.705,0.526,1.287,
86436315426385,Lacc,-0.979,-0.136,1.147,
86436315426385,GameRo,0.103,-0.208,-0.853,0.467
86436319555170,pre,995.360,,,
86436335297439,acc,-0.732,4.456,9.435,
86436335297439,Gyro,0.619,0.647,1.355,
86436335297439,Lacc,-0.932,-0.073,0.735,
86436335297439,GameRo,0.108,-0.212,-0.845,0.479
86436344585973,pre,995.290,,,
86436355168654,acc,-0.896,4.737,9.363,
86436355168654,Gyro,0.428,0.759,1.492,
86436355168654,Lacc,-1.099,0.131,0.704,
86436355168654,GameRo,0.114,-0.214,-0.836,0.492
86436369669834,pre,995.244,,,
86436375040440,acc,-0.395,4.480,9.632,
86436375040440,Gyro,0.405,0.799,1.505,
86436375040440,Lacc,-0.602,-0.185,1.004,
86436375040440,GameRo,0.119,-0.215,-0.827,0.506
86436394902256,acc,-0.399,4.500,9.509,
86436394902256,Gyro,0.501,0.738,1.461,
86436394902256,Lacc,-0.611,-0.238,0.921,
86436394902256,GameRo,0.124,-0.216,-0.817,0.519
86436394728753,pre,995.210,,,
86436414756627,acc,-0.447,4.504,9.356,
86436414756627,Gyro,0.578,0.592,1.463,
86436414756627,Lacc,-0.689,-0.324,0.820,
86436414756627,GameRo,0.129,-0.220,-0.808,0.532
86436419769851,pre,995.192,,,
86436434652460,acc,-0.135,4.510,9.095,
86436434652460,Gyro,0.562,0.575,1.436,
86436434652460,Lacc,-0.423,-0.407,0.612,
86436434652460,GameRo,0.134,-0.223,-0.798,0.544
86436444819045,pre,995.152,,,
86436454498245,acc,0.302,4.405,8.957,
86436454498245,Gyro,0.479,0.673,1.376,
86436454498245,Lacc,-0.019,-0.588,0.519,
86436454498245,GameRo,0.138,-0.225,-0.788,0.555
86436469879673,pre,995.088,,,
86436474394689,acc,0.323,4.488,9.062,
86436474394689,Gyro,0.434,0.768,1.351,
86436474394689,Lacc,-0.007,-0.569,0.662,
86436474394689,GameRo,0.143,-0.227,-0.779,0.567
86436494266107,acc,0.209,4.411,9.388,
86436494266107,Gyro,0.485,0.740,1.384,
86436494266107,Lacc,-0.129,-0.711,1.029,
86436494266107,GameRo,0.149,-0.228,-0.769,0.579
86436494937087,pre,995.061,,,
86436514136306,acc,0.490,4.585,9.062,
86436514136306,Gyro,0.515,0.679,1.427,
86436514136306,Lacc,0.119,-0.613,0.751,
86436514136306,GameRo,0.154,-0.230,-0.759,0.590
86436520019933,pre,995.116,,,
86436534007929,acc,0.572,4.534,8.252,
86436534007929,Gyro,0.409,0.819,1.505,
86436534007929,Lacc,0.171,-0.728,-0.017,
86436534007929,GameRo,0.159,-0.231,-0.748,0.602
86436545069819,pre,995.149,,,
86436553878331,acc,0.837,4.506,7.076,
86436553878331,Gyro,0.052,1.082,1.542,
86436553878331,Lacc,0.427,-0.769,-1.185,
86436553878331,GameRo,0.163,-0.229,-0.736,0.616
86436570134923,pre,995.094,,,
86436573749953,acc,0.972,4.625,9.754,
86436573749953,Gyro,0.185,1.169,1.429,
86436573749953,Lacc,0.610,-0.650,1.490,
86436573749953,GameRo,0.169,-0.224,-0.725,0.629
86436593620315,acc,0.514,4.585,8.829,
86436593620315,Gyro,0.329,0.990,1.359,
86436593620315,Lacc,0.177,-0.729,0.590,
86436593620315,GameRo,0.175,-0.222,-0.714,0.641
86436595214879,pre,995.073,,,
