Timestamp,Sensor,X,Y,Z,W
87305676921217,acc,0.134,0.527,9.899,
87305676921217,Gyro,-0.033,-0.056,0.008,
87305696811679,acc,0.099,0.485,9.867,
87305696811679,Gyro,-0.043,-0.078,0.016,
87305696811679,Lacc,0.001,0.003,0.070,
87305696811679,GameRo,0.014,-0.021,-0.707,0.707
87305716657667,acc,0.082,0.415,9.695,
87305716657667,Gyro,-0.048,-0.067,0.007,
87305716657667,Lacc,-0.031,-0.056,-0.103,
87305716657667,GameRo,0.013,-0.021,-0.707,0.707
87305724345981,pre,995.106,,,
87305736526645,acc,0.086,0.411,9.633,
87305736526645,Gyro,-0.025,-0.042,-0.006,
87305736526645,Lacc,-0.037,-0.054,-0.165,
87305736526645,GameRo,0.012,-0.021,-0.707,0.707
87305749401808,pre,995.099,,,
87305756423170,acc,0.138,0.444,9.608,
87305756423170,Gyro,0.012,-0.015,-0.009,
87305756423170,Lacc,0.010,-0.021,-0.190,
87305756423170,GameRo,0.012,-0.021,-0.707,0.707
87305774455315,pre,995.115,,,
87305776268791,acc,0.113,0.427,9.604,
87305776268791,Gyro,0.044,0.026,-0.012,
87305776268791,Lacc,-0.012,-0.044,-0.193,
87305776268791,GameRo,0.012,-0.022,-0.707,0.707
87305796140130,acc,0.083,0.417,9.605,
87305796140130,Gyro,0.064,0.078,-0.028,
87305796140130,Lacc,-0.031,-0.067,-0.192,
87305796140130,GameRo,0.013,-0.022,-0.707,0.707
87305799509311,pre,995.136,,,
87305816032219,acc,0.109,0.488,9.815,
87305816032219,Gyro,0.068,0.095,-0.028,
87305816032219,Lacc,0.015,-0.009,0.018,
87305816032219,GameRo,0.015,-0.021,-0.707,0.707
87305824564080,pre,995.118,,,
87305835902459,acc,0.080,0.502,9.923,
87305835902459,Gyro,0.052,0.066,-0.025,
87305835902459,Lacc,0.002,-0.006,0.127,
87305835902459,GameRo,0.015,-0.021,-0.707,0.706
87305849616285,pre,995.087,,,
87305855773308,acc,0.058,0.504,10.015,
87305855773308,Gyro,0.020,0.019,-0.024,
87305855773308,Lacc,-0.013,-0.011,0.219,
87305855773308,GameRo,0.016,-0.021,-0.708,0.706
87305875617303,acc,0.037,0.480,10.044,
87305875617303,Gyro,-0.010,-0.060,-0.028,
87305875617303,Lacc,-0.040,-0.034,0.247,
87305875617303,GameRo,0.016,-0.021,-0.708,0.706
87305874669630,pre,995.096,,,
87305895513013,acc,0.076,0.486,9.819,
87305895513013,Gyro,-0.031,-0.093,-0.033,
87305895513013,Lacc,-0.018,-0.024,0.023,
87305895513013,GameRo,0.015,-0.022,-0.708,0.706
87305899721998,pre,995.130,,,
87305915382765,acc,0.095,0.475,9.859,
87305915382765,Gyro,-0.037,-0.109,-0.036,
87305915382765,Lacc,-0.019,-0.027,0.063,
87305915382765,GameRo,0.014,-0.022,-0.708,0.706
87305924775872,pre,995.118,,,
87305935253492,acc,0.115,0.468,9.699,
87305935253492,Gyro,-0.032,-0.117,-0.041,
87305935253492,Lacc,-0.023,-0.027,-0.097,
87305935253492,GameRo,0.013,-0.023,-0.709,0.705
87305949830397,pre,995.087,,,
87305955123121,acc,0.156,0.470,9.473,
87305955123121,Gyro,-0.010,-0.053,-0.045,
87305955123121,Lacc,0.003,-0.021,-0.323,
87305955123121,GameRo,0.012,-0.023,-0.709,0.705
87305974997958,acc,0.176,0.483,9.524,
87305974997958,Gyro,0.024,0.026,-0.042,
87305974997958,Lacc,0.025,-0.011,-0.272,
87305974997958,GameRo,0.012,-0.023,-0.709,0.705
87305974860222,pre,995.096,,,
87305994863885,acc,0.140,0.478,9.662,
87305994863885,Gyro,0.059,0.058,-0.041,
87305994863885,Lacc,-0.001,-0.026,-0.134,
87305994863885,GameRo,0.013,-0.023,-0.709,0.704
87305999920443,pre,995.109,,,
87306014707634,acc,0.113,0.488,9.748,
87306014707634,Gyro,0.074,0.072,-0.044,
87306014707634,Lacc,-0.014,-0.030,-0.048,
87306014707634,GameRo,0.014,-0.023,-0.710,0.704
87306024990227,pre,995.081,,,
87306034616082,acc,0.105,0.511,9.876,
87306034616082,Gyro,0.077,0.050,-0.050,
87306034616082,Lacc,-0.009,-0.023,0.081,
87306034616082,GameRo,0.015,-0.023,-0.710,0.704
87306050024651,pre,995.051,,,
87306054473341,acc,0.104,0.539,9.933,
87306054473341,Gyro,0.059,0.011,-0.048,
87306054473341,Lacc,-0.004,-0.007,0.139,
87306054473341,GameRo,0.016,-0.024,-0.710,0.703
87306074342807,acc,0.126,0.559,9.844,
87306074342807,Gyro,0.033,-0.011,-0.043,
87306074342807,Lacc,0.016,0.004,0.050,
87306074342807,GameRo,0.016,-0.024,-0.711,0.703
87306075079176,pre,995.063,,,
87306094213983,acc,0.143,0.584,9.803,
87306094213983,Gyro,0.015,-0.012,-0.030,
87306094213983,Lacc,0.031,0.025,0.010,
87306094213983,GameRo,0.016,-0.024,-0.711,0.703
87306100159702,pre,995.099,,,
87306114083530,acc,0.140,0.569,9.810,
87306114083530,Gyro,0.009,-0.023,-0.018,
87306114083530,Lacc,0.025,0.009,0.017,
87306114083530,GameRo,0.016,-0.024,-0.711,0.703
87306125214389,pre,995.109,,,
87306133953322,acc,0.130,0.561,9.759,
87306133953322,Gyro,0.009,-0.028,-0.007,
87306133953322,Lacc,0.009,-0.001,-0.034,
87306133953322,GameRo,0.016,-0.025,-0.711,0.702
87306150265578,pre,995.090,,,
87306153823723,acc,0.134,0.557,9.715,
87306153823723,Gyro,0.014,-0.018,-0.001,
87306153823723,Lacc,0.009,-0.007,-0.078,
87306153823723,GameRo,0.016,-0.025,-0.711,0.702
87306173676832,acc,0.118,0.550,9.896,
87306173676832,Gyro,0.018,-0.037,0.003,
87306173676832,Lacc,-0.011,-0.017,0.103,
87306173676832,GameRo,0.016,-0.025,-0.711,0.702
87306175296217,pre,995.078,,,
87306193564324,acc,0.117,0.530,9.812,
87306193564324,Gyro,0.024,-0.080,-0.002,
87306193564324,Lacc,-0.026,-0.042,0.020,
87306193564324,GameRo,0.015,-0.026,-0.711,0.702
87306200374586,pre,995.075,,,
87306213434075,acc,0.138,0.534,9.539,
87306213434075,Gyro,0.037,-0.038,-0.011,
87306213434075,Lacc,-0.018,-0.043,-0.253,
87306213434075,GameRo,0.015,-0.027,-0.711,0.702
87306225431755,pre,995.072,,,
87306233303907,acc,0.187,0.594,9.604,
87306233303907,Gyro,0.049,0.030,-0.008,
87306233303907,Lacc,0.033,0.007,-0.188,
87306233303907,GameRo,0.015,-0.027,-0.711,0.702
87306250485792,pre,995.075,,,
87306253174147,acc,0.136,0.571,9.787,
87306253174147,Gyro,0.053,0.049,-0.005,
87306253174147,Lacc,-0.007,-0.026,-0.003,
87306253174147,GameRo,0.016,-0.027,-0.711,0.702
87306273043897,acc,0.080,0.536,9.885,
87306273043897,Gyro,0.037,0.035,-0.019,
87306273043897,Lacc,-0.055,-0.070,0.095,
87306273043897,GameRo,0.017,-0.027,-0.711,0.702
87306275539462,pre,995.078,,,
87306292915358,acc,0.091,0.562,10.003,
87306292915358,Gyro,0.009,-0.010,-0.034,
87306292915358,Lacc,-0.042,-0.047,0.213,
87306292915358,GameRo,0.017,-0.027,-0.711,0.702
87306300593702,pre,995.075,,,
87306312764560,acc,0.134,0.602,9.894,
87306312764560,Gyro,-0.009,-0.069,-0.038,
87306312764560,Lacc,-0.009,-0.006,0.104,
87306312764560,GameRo,0.017,-0.027,-0.712,0.702
87306325649774,pre,995.057,,,
87306332654087,acc,0.206,0.633,9.695,
87306332654087,Gyro,-0.009,-0.068,-0.025,
87306332654087,Lacc,0.049,0.027,-0.095,
87306332654087,GameRo,0.016,-0.028,-0.712,0.701
87306350703932,pre,995.057,,,
87306352524325,acc,0.200,0.616,9.621,
87306352524325,Gyro,0.002,-0.033,-0.008,
87306352524325,Lacc,0.034,0.011,-0.169,
87306352524325,GameRo,0.016,-0.028,-0.712,0.701
87306372394565,acc,0.157,0.571,9.711,
87306372394565,Gyro,0.015,-0.007,-0.007,
87306372394565,Lacc,-0.011,-0.037,-0.079,
87306372394565,GameRo,0.016,-0.028,-0.712,0.701
87306375733880,pre,995.075,,,
87306392265171,acc,0.144,0.571,9.804,
87306392265171,Gyro,0.020,-0.015,-0.014,
87306392265171,Lacc,-0.025,-0.041,0.015,
87306392265171,GameRo,0.016,-0.028,-0.712,0.701
87306400813998,pre,995.081,,,
87306412134311,acc,0.160,0.590,9.830,
87306412134311,Gyro,0.013,-0.032,-0.018,
87306412134311,Lacc,-0.014,-0.025,0.040,
87306412134311,GameRo,0.016,-0.029,-0.712,0.701
87306425869825,pre,995.072,,,
87306432004836,acc,0.189,0.618,9.772,
87306432004836,Gyro,-0.003,-0.029,-0.016,
87306432004836,Lacc,0.008,0.002,-0.017,
87306432004836,GameRo,0.015,-0.029,-0.712,0.701
87306451849724,acc,0.175,0.586,9.782,
87306451849724,Gyro,-0.015,-0.022,-0.018,
87306451849724,Lacc,-0.010,-0.028,-0.007,
87306451849724,GameRo,0.015,-0.029,-0.713,0.701
87306450924757,pre,995.066,,,
87306471744785,acc,0.160,0.580,9.917,
87306471744785,Gyro,-0.023,-0.047,-0.021,
87306471744785,Lacc,-0.031,-0.031,0.128,
87306471744785,GameRo,0.015,-0.029,-0.713,0.701
87306475955519,pre,995.078,,,
87306491614861,acc,0.190,0.593,9.914,
87306491614861,Gyro,-0.046,-0.094,-0.025,
87306491614861,Lacc,-0.017,-0.011,0.125,
87306491614861,GameRo,0.014,-0.029,-0.713,0.701
87306501033115,pre,995.090,,,
87306511485142,acc,0.212,0.571,9.689,
87306511485142,Gyro,-0.063,-0.081,-0.027,
87306511485142,Lacc,-0.012,-0.020,-0.100,
87306511485142,GameRo,0.013,-0.030,-0.713,0.700
87306526087274,pre,995.090,,,
87306531329868,acc,0.243,0.557,9.551,
87306531329868,Gyro,-0.044,-0.035,-0.030,
87306531329868,Lacc,0.009,-0.023,-0.239,
87306531329868,GameRo,0.012,-0.029,-0.713,0.700
87306551201450,acc,0.255,0.566,9.543,
87306551201450,Gyro,-0.001,0.016,-0.026,
87306551201450,Lacc,0.021,-0.011,-0.248,
87306551201450,GameRo,0.012,-0.029,-0.714,0.700
87306551143223,pre,995.087,,,
87306571094720,acc,0.242,0.582,9.715,
87306571094720,Gyro,0.024,0.042,-0.015,
87306571094720,Lacc,0.016,0.000,-0.076,
87306571094720,GameRo,0.013,-0.029,-0.714,0.700
87306576170078,pre,995.081,,,
87306590965366,acc,0.195,0.544,9.783,
87306590965366,Gyro,0.020,0.054,-0.020,
87306590965366,Lacc,-0.020,-0.043,-0.007,
87306590965366,GameRo,0.013,-0.029,-0.714,0.700
87306601229323,pre,995.057,,,
87306610835361,acc,0.144,0.512,9.909,
87306610835361,Gyro,0.014,0.018,-0.038,
87306610835361,Lacc,-0.064,-0.077,0.118,
87306610835361,GameRo,0.013,-0.029,-0.714,0.699
87306626276726,pre,995.051,,,
87306630679722,acc,0.186,0.557,9.780,
87306630679722,Gyro,0.018,-0.009,-0.051,
87306630679722,Lacc,-0.023,-0.036,-0.010,
87306630679722,GameRo,0.014,-0.029,-0.714,0.699
87306650575188,acc,0.216,0.584,9.617,
87306650575188,Gyro,0.031,0.012,-0.054,
87306650575188,Lacc,0.007,-0.014,-0.172,
87306650575188,GameRo,0.014,-0.029,-0.715,0.699
87306651332797,pre,995.066,,,
87306670445428,acc,0.213,0.587,9.616,
87306670445428,Gyro,0.052,0.050,-0.050,
87306670445428,Lacc,0.012,-0.020,-0.173,
87306670445428,GameRo,0.014,-0.029,-0.715,0.698
87306676411248,pre,995.090,,,
87306690315829,acc,0.195,0.592,9.645,
87306690315829,Gyro,0.067,0.091,-0.050,
87306690315829,Lacc,0.010,-0.028,-0.144,
87306690315829,GameRo,0.015,-0.029,-0.715,0.698
87306701467034,pre,995.102,,,
87306710162265,acc,0.146,0.573,9.712,
87306710162265,Gyro,0.079,0.111,-0.058,
87306710162265,Lacc,-0.017,-0.062,-0.076,
87306710162265,GameRo,0.017,-0.029,-0.716,0.698
87306726523919,pre,995.111,,,
87306730030186,acc,0.102,0.591,9.789,
87306730030186,Gyro,0.087,0.109,-0.071,
87306730030186,Lacc,-0.038,-0.060,0.002,
87306730030186,GameRo,0.018,-0.029,-0.716,0.697
87306749926181,acc,0.080,0.611,9.850,
87306749926181,Gyro,0.085,0.088,-0.083,
87306749926181,Lacc,-0.040,-0.057,0.064,
87306749926181,GameRo,0.019,-0.029,-0.717,0.697
87306751553542,pre,995.090,,,
87306769770380,acc,0.056,0.615,9.912,
87306769770380,Gyro,0.066,0.058,-0.101,
87306769770380,Lacc,-0.050,-0.068,0.127,
87306769770380,GameRo,0.020,-0.029,-0.717,0.696
87306776607212,pre,995.075,,,
87306789666416,acc,0.058,0.644,9.919,
87306789666416,Gyro,0.032,0.028,-0.117,
87306789666416,Lacc,-0.039,-0.048,0.134,
87306789666416,GameRo,0.021,-0.029,-0.718,0.695
87306801688674,pre,995.075,,,
87306809518264,acc,0.068,0.665,9.817,
87306809518264,Gyro,0.004,0.017,-0.130,
87306809518264,Lacc,-0.025,-0.029,0.032,
87306809518264,GameRo,0.021,-0.029,-0.719,0.694
87306826742506,pre,995.081,,,
87306829406406,acc,0.114,0.709,9.750,
87306829406406,Gyro,-0.005,0.023,-0.127,
87306829406406,Lacc,0.028,0.016,-0.035,
87306829406406,GameRo,0.021,-0.029,-0.720,0.693
87306849252679,acc,0.115,0.720,9.793,
87306849252679,Gyro,0.003,0.005,-0.113,
87306849252679,Lacc,0.033,0.026,0.008,
87306849252679,GameRo,0.021,-0.028,-0.721,0.693
87306851796583,pre,995.078,,,
87306869146437,acc,0.145,0.759,9.772,
87306869146437,Gyro,0.013,-0.016,-0.090,
87306869146437,Lacc,0.062,0.063,-0.013,
87306869146437,GameRo,0.021,-0.029,-0.721,0.692
87306876826450,pre,995.081,,,
87306889016392,acc,0.189,0.785,9.680,
87306889016392,Gyro,0.023,-0.009,-0.054,
87306889016392,Lacc,0.104,0.086,-0.104,
87306889016392,GameRo,0.022,-0.029,-0.722,0.691
87306901907952,pre,995.066,,,
87306908883986,acc,0.173,0.773,9.610,
87306908883986,Gyro,0.032,0.037,-0.016,
87306908883986,Lacc,0.092,0.068,-0.175,
87306908883986,GameRo,0.022,-0.029,-0.722,0.691
87306926962681,pre,995.063,,,
87306928756748,acc,0.109,0.741,9.761,
87306928756748,Gyro,0.040,0.050,0.005,
87306928756748,Lacc,0.038,0.029,-0.023,
87306928756748,GameRo,0.023,-0.029,-0.722,0.691
87306948626621,acc,0.080,0.747,10.172,
87306948626621,Gyro,0.038,-0.031,0.025,
87306948626621,Lacc,0.013,0.026,0.389,
87306948626621,GameRo,0.023,-0.029,-0.722,0.691
87306952015700,pre,995.084,,,
87306968496698,acc,0.083,0.749,10.301,
87306968496698,Gyro,0.028,-0.224,0.040,
87306968496698,Lacc,-0.017,0.022,0.519,
87306968496698,GameRo,0.022,-0.030,-0.721,0.691
87306977044671,pre,995.105,,,
87306988367628,acc,0.187,0.765,9.631,
87306988367628,Gyro,0.002,-0.256,0.058,
87306988367628,Lacc,0.031,0.036,-0.150,
87306988367628,GameRo,0.020,-0.032,-0.721,0.692
87307002124912,pre,995.114,,,
87307008236891,acc,0.195,0.707,9.581,
87307008236891,Gyro,-0.046,-0.146,0.063,
87307008236891,Lacc,0.001,-0.016,-0.200,
87307008236891,GameRo,0.018,-0.033,-0.721,0.692
87307028082391,acc,-0.052,0.463,10.222,
87307028082391,Gyro,-0.099,-0.139,0.015,
87307028082391,Lacc,-0.265,-0.244,0.440,
87307028082391,GameRo,0.017,-0.034,-0.720,0.692
87307027177240,pre,995.102,,,
87307047977248,acc,0.043,0.520,10.569,
87307047977248,Gyro,-0.182,-0.381,-0.077,
87307047977248,Lacc,-0.228,-0.158,0.786,
87307047977248,GameRo,0.014,-0.035,-0.721,0.692
87307052229038,pre,995.078,,,
87307067847161,acc,0.357,0.670,9.580,
87307067847161,Gyro,-0.222,-0.424,-0.096,
87307067847161,Lacc,-0.001,0.035,-0.203,
87307067847161,GameRo,0.009,-0.036,-0.722,0.691
87307077283237,pre,995.044,,,
87307087716872,acc,0.566,0.719,8.971,
87307087716872,Gyro,-0.180,-0.245,-0.057,
87307087716872,Lacc,0.146,0.122,-0.812,
87307087716872,GameRo,0.006,-0.037,-0.722,0.690
87307102336012,pre,995.056,,,
87307107587315,acc,0.530,0.832,8.922,
87307107587315,Gyro,-0.078,0.018,0.028,
87307107587315,Lacc,0.096,0.259,-0.862,
87307107587315,GameRo,0.004,-0.036,-0.722,0.690
87307127431756,acc,0.552,0.639,9.148,
87307127431756,Gyro,0.041,0.251,0.106,
87307127431756,Lacc,0.156,0.064,-0.637,
87307127431756,GameRo,0.006,-0.035,-0.722,0.691
87307127389723,pre,995.078,,,
87307147327468,acc,0.466,0.510,9.783,
87307147327468,Gyro,0.068,0.244,0.100,
87307147327468,Lacc,0.123,-0.077,-0.004,
87307147327468,GameRo,0.008,-0.034,-0.721,0.692
87307152416986,pre,995.075,,,
87307167197340,acc,0.297,0.569,9.787,
87307167197340,Gyro,0.099,0.181,0.093,
87307167197340,Lacc,-0.008,-0.035,0.000,
87307167197340,GameRo,0.010,-0.033,-0.720,0.693
87307177469029,pre,995.050,,,
87307187067540,acc,0.261,0.583,9.768,
87307187067540,Gyro,0.121,0.162,0.086,
87307187067540,Lacc,-0.013,-0.043,-0.018,
87307187067540,GameRo,0.012,-0.033,-0.720,0.693
87307202521397,pre,995.053,,,
87307206937371,acc,0.257,0.634,9.883,
87307206937371,Gyro,0.120,0.123,0.090,
87307206937371,Lacc,0.007,-0.016,0.098,
87307206937371,GameRo,0.014,-0.033,-0.719,0.694
87307226807692,acc,0.201,0.615,9.848,
87307226807692,Gyro,0.093,0.118,0.085,
87307226807692,Lacc,-0.027,-0.054,0.063,
87307226807692,GameRo,0.015,-0.033,-0.718,0.695
87307227575230,pre,995.081,,,
87307246677687,acc,0.171,0.636,9.973,
87307246677687,Gyro,0.048,0.092,0.071,
87307246677687,Lacc,-0.037,-0.046,0.189,
87307246677687,GameRo,0.017,-0.032,-0.718,0.695
87307252653029,pre,995.093,,,
87307266547927,acc,0.206,0.697,9.942,
87307266547927,Gyro,0.009,0.042,0.070,
87307266547927,Lacc,0.008,0.012,0.158,
87307266547927,GameRo,0.017,-0.032,-0.717,0.696
87307277680861,pre,995.059,,,
87307286417962,acc,0.210,0.691,9.836,
87307286417962,Gyro,-0.015,0.024,0.079,
87307286417962,Lacc,0.016,0.008,0.052,
87307286417962,GameRo,0.017,-0.032,-0.717,0.696
87307302762200,pre,995.044,,,
87307306287754,acc,0.128,0.611,9.906,
87307306287754,Gyro,-0.025,-0.017,0.071,
87307306287754,Lacc,-0.067,-0.066,0.121,
87307306287754,GameRo,0.017,-0.032,-0.716,0.697
87307326158278,acc,0.135,0.582,9.749,
87307326158278,Gyro,-0.027,-0.040,0.043,
87307326158278,Lacc,-0.068,-0.090,-0.036,
87307326158278,GameRo,0.016,-0.032,-0.716,0.697
87307327789422,pre,995.087,,,
87307346028111,acc,0.191,0.623,9.530,
87307346028111,Gyro,-0.020,0.016,0.030,
87307346028111,Lacc,-0.015,-0.045,-0.255,
87307346028111,GameRo,0.016,-0.032,-0.716,0.697
87307352867018,pre,995.117,,,
87307365898431,acc,0.167,0.609,9.698,
87307365898431,Gyro,-0.010,0.059,0.018,
87307365898431,Lacc,-0.029,-0.056,-0.087,
87307365898431,GameRo,0.017,-0.031,-0.716,0.698
87307377893508,pre,995.084,,,
87307385768142,acc,0.153,0.607,9.758,
87307385768142,Gyro,0.009,0.048,0.005,
87307385768142,Lacc,-0.032,-0.057,-0.028,
87307385768142,GameRo,0.017,-0.031,-0.715,0.698
87307402971104,pre,995.056,,,
87307405638258,acc,0.131,0.603,9.774,
87307405638258,Gyro,0.027,0.029,-0.009,
87307405638258,Lacc,-0.047,-0.067,-0.011,
87307405638258,GameRo,0.017,-0.031,-0.716,0.698
87307425508620,acc,0.132,0.623,9.932,
87307425508620,Gyro,0.020,0.004,-0.026,
87307425508620,Lacc,-0.042,-0.052,0.147,
87307425508620,GameRo,0.018,-0.031,-0.716,0.698
87307428025507,pre,995.096,,,
87307445378372,acc,0.186,0.696,10.059,
87307445378372,Gyro,-0.013,-0.075,-0.024,
87307445378372,Lacc,0.003,0.021,0.274,
87307445378372,GameRo,0.017,-0.031,-0.716,0.697
87307453077021,pre,995.120,,,
87307465223545,acc,0.244,0.700,9.643,
87307465223545,Gyro,-0.041,-0.071,-0.008,
87307465223545,Lacc,0.043,0.032,-0.143,
87307465223545,GameRo,0.016,-0.032,-0.716,0.697
87307478130242,pre,995.093,,,
87307485118443,acc,0.221,0.661,9.617,
87307485118443,Gyro,-0.019,-0.027,0.001,
87307485118443,Lacc,0.014,-0.001,-0.168,
87307485118443,GameRo,0.016,-0.032,-0.716,0.697
87307503182244,pre,995.072,,,
87307504964512,acc,0.218,0.648,9.700,
87307504964512,Gyro,0.015,-0.029,0.007,
87307504964512,Lacc,0.005,-0.015,-0.086,
87307504964512,GameRo,0.016,-0.032,-0.716,0.697
87307524859125,acc,0.212,0.664,9.817,
87307524859125,Gyro,0.036,-0.049,0.009,
87307524859125,Lacc,-0.008,-0.004,0.032,
87307524859125,GameRo,0.016,-0.032,-0.716,0.697
87307528232741,pre,995.087,,,
87307544728753,acc,0.275,0.721,9.826,
87307544728753,Gyro,0.021,-0.063,0.024,
87307544728753,Lacc,0.042,0.047,0.042,
87307544728753,GameRo,0.016,-0.033,-0.716,0.697
87307553286533,pre,995.096,,,
87307564579258,acc,0.298,0.728,9.680,
87307564579258,Gyro,0.007,-0.041,0.048,
87307564579258,Lacc,0.054,0.052,-0.103,
87307564579258,GameRo,0.015,-0.033,-0.716,0.698
87307578347203,pre,995.093,,,
87307584468825,acc,0.285,0.693,9.683,
87307584468825,Gyro,0.004,-0.010,0.067,
87307584468825,Lacc,0.037,0.017,-0.100,
87307584468825,GameRo,0.015,-0.034,-0.715,0.698
87307604315098,acc,0.248,0.663,9.730,
87307604315098,Gyro,0.009,0.006,0.073,
87307604315098,Lacc,-0.000,-0.015,-0.054,
87307604315098,GameRo,0.015,-0.034,-0.715,0.699
87307603392409,pre,995.111,,,
87307624210280,acc,0.228,0.647,9.722,
87307624210280,Gyro,0.016,0.008,0.072,
87307624210280,Lacc,-0.019,-0.033,-0.061,
87307624210280,GameRo,0.015,-0.034,-0.714,0.699
87307628445388,pre,995.130,,,
87307644054153,acc,0.182,0.591,9.691,
87307644054153,Gyro,0.030,0.023,0.055,
87307644054153,Lacc,-0.063,-0.093,-0.092,
87307644054153,GameRo,0.016,-0.034,-0.714,0.700
87307653495600,pre,995.108,,,
87307663924595,acc,0.145,0.571,9.798,
87307663924595,Gyro,0.037,0.020,0.021,
87307663924595,Lacc,-0.095,-0.120,0.016,
87307663924595,GameRo,0.016,-0.034,-0.713,0.700
87307678523391,pre,995.075,,,
87307683819737,acc,0.179,0.636,9.881,
87307683819737,Gyro,0.024,-0.005,-0.006,
87307683819737,Lacc,-0.060,-0.062,0.099,
87307683819737,GameRo,0.016,-0.034,-0.713,0.700
87307703662835,acc,0.220,0.668,9.797,
87307703662835,Gyro,-0.003,-0.010,-0.018,
87307703662835,Lacc,-0.022,-0.031,0.014,
87307703662835,GameRo,0.016,-0.034,-0.713,0.700
87307703600295,pre,995.090,,,
87307723560744,acc,0.223,0.658,9.706,
87307723560744,Gyro,-0.021,0.013,-0.025,
87307723560744,Lacc,-0.019,-0.037,-0.077,
87307723560744,GameRo,0.016,-0.034,-0.714,0.700
87307728627435,pre,995.130,,,
87307743408441,acc,0.205,0.652,9.793,
87307743408441,Gyro,-0.030,0.017,-0.035,
87307743408441,Lacc,-0.032,-0.037,0.010,
87307743408441,GameRo,0.016,-0.034,-0.714,0.699
87307753685948,pre,995.139,,,
87307763300409,acc,0.218,0.653,9.791,
87307763300409,Gyro,-0.017,-0.007,-0.042,
87307763300409,Lacc,-0.017,-0.032,0.007,
87307763300409,GameRo,0.016,-0.033,-0.714,0.699
87307778731480,pre,995.090,,,
87307783170201,acc,0.244,0.682,9.742,
87307783170201,Gyro,0.003,-0.027,-0.040,
87307783170201,Lacc,0.004,-0.003,-0.041,
87307783170201,GameRo,0.016,-0.034,-0.714,0.699
87307803016229,acc,0.247,0.676,9.699,
87307803016229,Gyro,0.007,-0.014,-0.037,
87307803016229,Lacc,0.003,-0.011,-0.084,
87307803016229,GameRo,0.016,-0.034,-0.715,0.698
87307803786697,pre,995.063,,,
87307822911046,acc,0.259,0.694,9.784,
87307822911046,Gyro,0.001,-0.010,-0.031,
87307822911046,Lacc,0.015,0.007,0.001,
87307822911046,GameRo,0.016,-0.034,-0.715,0.698
87307828860631,pre,995.072,,,
87307842764276,acc,0.268,0.702,9.727,
87307842764276,Gyro,0.004,-0.009,-0.020,
87307842764276,Lacc,0.022,0.014,-0.056,
87307842764276,GameRo,0.016,-0.034,-0.715,0.698
87307853909296,pre,995.075,,,
87307862651280,acc,0.270,0.695,9.705,
87307862651280,Gyro,0.017,-0.001,-0.011,
87307862651280,Lacc,0.023,0.005,-0.077,
87307862651280,GameRo,0.016,-0.034,-0.715,0.698
87307878957514,pre,995.057,,,
87307882520502,acc,0.269,0.705,9.700,
87307882520502,Gyro,0.025,0.009,-0.000,
87307882520502,Lacc,0.022,0.010,-0.082,
87307882520502,GameRo,0.016,-0.034,-0.715,0.698
87307902390253,acc,0.251,0.689,9.753,
87307902390253,Gyro,0.023,0.024,0.004,
87307902390253,Lacc,0.009,-0.011,-0.029,
87307902390253,GameRo,0.016,-0.034,-0.715,0.698
87307903982782,pre,995.072,,,
87307922235752,acc,0.221,0.676,9.783,
87307922235752,Gyro,0.015,0.023,0.003,
87307922235752,Lacc,-0.016,-0.027,0.002,
87307922235752,GameRo,0.016,-0.034,-0.715,0.698
87307929032017,pre,995.133,,,
87307942105219,acc,0.208,0.671,9.770,
87307942105219,Gyro,0.011,0.016,-0.004,
87307942105219,Lacc,-0.026,-0.034,-0.012,
87307942105219,GameRo,0.017,-0.034,-0.715,0.698
87307954110590,pre,995.136,,,
87307962000726,acc,0.202,0.667,9.749,
87307962000726,Gyro,0.015,0.013,-0.013,
87307962000726,Lacc,-0.029,-0.041,-0.033,
87307962000726,GameRo,0.017,-0.034,-0.715,0.698
87307979163243,pre,995.090,,,
87307981870844,acc,0.195,0.658,9.750,
87307981870844,Gyro,0.009,0.024,-0.025,
87307981870844,Lacc,-0.032,-0.052,-0.032,
87307981870844,GameRo,0.017,-0.034,-0.715,0.698
87308001740757,acc,0.205,0.686,9.795,
87308001740757,Gyro,0.003,0.027,-0.032,
87308001740757,Lacc,-0.016,-0.026,0.014,
87308001740757,GameRo,0.017,-0.034,-0.716,0.698
87308004224644,pre,995.078,,,
87308021610671,acc,0.218,0.707,9.817,
87308021610671,Gyro,0.001,0.005,-0.032,
87308021610671,Lacc,0.001,-0.004,0.035,
87308021610671,GameRo,0.017,-0.034,-0.716,0.697
87308029264439,pre,995.087,,,
87308041480585,acc,0.216,0.706,9.776,
87308041480585,Gyro,0.004,-0.016,-0.030,
87308041480585,Lacc,-0.004,-0.007,-0.006,
87308041480585,GameRo,0.017,-0.034,-0.716,0.697
87308054316156,pre,995.063,,,
87308061352248,acc,0.230,0.712,9.709,
87308061352248,Gyro,0.005,-0.007,-0.025,
87308061352248,Lacc,0.008,-0.002,-0.072,
87308061352248,GameRo,0.017,-0.034,-0.716,0.697
87308079368036,pre,995.041,,,
87308081221348,acc,0.245,0.722,9.701,
87308081221348,Gyro,0.004,0.012,-0.018,
87308081221348,Lacc,0.024,0.008,-0.080,
87308081221348,GameRo,0.017,-0.034,-0.716,0.697
87308101091221,acc,0.232,0.720,9.754,
87308101091221,Gyro,0.001,0.024,-0.009,
87308101091221,Lacc,0.016,0.005,-0.028,
87308101091221,GameRo,0.018,-0.034,-0.716,0.697
87308104396194,pre,995.060,,,
87308120961745,acc,0.203,0.700,9.794,
87308120961745,Gyro,-0.001,0.017,-0.005,
87308120961745,Lacc,-0.009,-0.015,0.012,
87308120961745,GameRo,0.018,-0.034,-0.716,0.697
87308129473749,pre,995.084,,,
87308140831293,acc,0.199,0.692,9.768,
87308140831293,Gyro,0.005,0.005,-0.006,
87308140831293,Lacc,-0.011,-0.023,-0.014,
87308140831293,GameRo,0.018,-0.034,-0.716,0.697
87308154524693,pre,995.075,,,
87308160702428,acc,0.203,0.693,9.731,
87308160702428,Gyro,0.009,0.006,-0.009,
87308160702428,Lacc,-0.007,-0.024,-0.051,
87308160702428,GameRo,0.018,-0.034,-0.716,0.697
87308180548334,acc,0.211,0.718,9.817,
87308180548334,Gyro,0.004,-0.000,-0.007,
87308180548334,Lacc,0.003,-0.000,0.035,
87308179574742,pre,995.060,,,
87308180548334,GameRo,0.018,-0.034,-0.717,0.696
87308200441442,acc,0.201,0.713,9.865,
87308200441442,Gyro,-0.010,-0.022,-0.004,
87308200441442,Lacc,-0.009,-0.004,0.083,
87308200441442,GameRo,0.018,-0.034,-0.717,0.696
87308204640172,pre,995.054,,,
87308220311640,acc,0.203,0.698,9.763,
87308220311640,Gyro,-0.019,-0.033,-0.005,
87308220311640,Lacc,-0.014,-0.016,-0.019,
87308220311640,GameRo,0.017,-0.034,-0.717,0.696
87308229677851,pre,995.041,,,
87308240181554,acc,0.211,0.689,9.710,
87308240181554,Gyro,-0.019,-0.024,-0.006,
87308240181554,Lacc,-0.012,-0.021,-0.071,
87308240181554,GameRo,0.017,-0.034,-0.717,0.696
87308254703486,pre,995.072,,,
87308260052444,acc,0.216,0.670,9.708,
87308260052444,Gyro,-0.012,-0.015,-0.010,
87308260052444,Lacc,-0.010,-0.037,-0.074,
87308260052444,GameRo,0.017,-0.034,-0.717,0.696
87308279924392,acc,0.211,0.676,9.734,
87308279924392,Gyro,-0.008,-0.005,-0.015,
87308279924392,Lacc,-0.016,-0.029,-0.048,
87308279924392,GameRo,0.017,-0.034,-0.717,0.696
87308279779047,pre,995.127,,,
87308299791905,acc,0.209,0.675,9.773,
87308299791905,Gyro,-0.008,-0.005,-0.020,
87308299791905,Lacc,-0.018,-0.029,-0.009,
87308299791905,GameRo,0.017,-0.034,-0.717,0.696
87308304806188,pre,995.130,,,
87308319661778,acc,0.219,0.683,9.849,
87308319661778,Gyro,-0.015,-0.029,-0.024,
87308319661778,Lacc,-0.012,-0.019,0.067,
87308319661778,GameRo,0.016,-0.034,-0.717,0.696
87308329857049,pre,995.060,,,
87308339532180,acc,0.225,0.677,9.755,
87308339532180,Gyro,-0.020,-0.036,-0.026,
87308339532180,Lacc,-0.013,-0.021,-0.027,
87308339532180,GameRo,0.016,-0.034,-0.717,0.696
87308354908726,pre,995.023,,,
87308359402501,acc,0.238,0.685,9.682,
87308359402501,Gyro,-0.015,-0.022,-0.028,
87308359402501,Lacc,-0.005,-0.011,-0.100,
87308359402501,GameRo,0.016,-0.034,-0.718,0.696
87308379272251,acc,0.255,0.684,9.667,
87308379272251,Gyro,-0.002,-0.004,-0.025,
87308379272251,Lacc,0.010,-0.011,-0.115,
87308379272251,GameRo,0.016,-0.034,-0.718,0.695
87308379963576,pre,995.072,,,
87308399116043,acc,0.256,0.707,9.748,
87308399116043,Gyro,0.008,0.004,-0.017,
87308399116043,Lacc,0.013,0.012,-0.034,
87308399116043,GameRo,0.016,-0.034,-0.718,0.695
87308405039219,pre,995.139,,,
87308419012730,acc,0.252,0.705,9.809,
87308419012730,Gyro,0.004,-0.003,-0.009,
87308419012730,Lacc,0.009,0.008,0.027,
87308419012730,GameRo,0.016,-0.034,-0.718,0.695
87308430092483,pre,995.142,,,
87308438857416,acc,0.244,0.681,9.766,
87308438857416,Gyro,-0.002,-0.011,-0.007,
87308438857416,Lacc,-0.001,-0.015,-0.016,
87308438857416,GameRo,0.016,-0.034,-0.718,0.695
87308455143753,pre,995.081,,,
87308458753534,acc,0.241,0.683,9.777,
87308458753534,Gyro,-0.004,-0.016,-0.006,
87308458753534,Lacc,-0.006,-0.012,-0.006,
87308458753534,GameRo,0.016,-0.034,-0.718,0.695
87308478622512,acc,0.260,0.690,9.727,
87308478622512,Gyro,-0.000,-0.015,-0.003,
87308478622512,Lacc,0.009,-0.005,-0.056,
87308478622512,GameRo,0.015,-0.034,-0.718,0.695
87308480170161,pre,995.041,,,
87308498510941,acc,0.239,0.668,9.742,
87308498510941,Gyro,-0.001,-0.008,-0.002,
87308498510941,Lacc,-0.014,-0.028,-0.040,
87308498510941,GameRo,0.015,-0.034,-0.718,0.695
87308505246333,pre,995.072,,,
87308518362950,acc,0.219,0.642,9.700,
87308518362950,Gyro,-0.003,0.014,-0.012,
87308518362950,Lacc,-0.032,-0.053,-0.082,
87308518362950,GameRo,0.015,-0.034,-0.718,0.695
87308530298660,pre,995.127,,,
87308538233678,acc,0.207,0.639,9.718,
87308538233678,Gyro,0.006,0.023,-0.027,
87308538233678,Lacc,-0.040,-0.056,-0.065,
87308538233678,GameRo,0.016,-0.034,-0.718,0.695
87308555350458,pre,995.130,,,
87308558103347,acc,0.230,0.669,9.752,
87308558103347,Gyro,0.020,0.019,-0.036,
87308558103347,Lacc,-0.013,-0.030,-0.030,
87308558103347,GameRo,0.016,-0.034,-0.719,0.694
87308577948481,acc,0.242,0.702,9.781,
87308577948481,Gyro,0.021,0.013,-0.035,
87308577948481,Lacc,0.002,-0.001,-0.001,
87308577948481,GameRo,0.016,-0.034,-0.719,0.694
87308580403396,pre,995.084,,,
87308597819005,acc,0.253,0.715,9.753,
87308597819005,Gyro,0.013,0.018,-0.029,
87308597819005,Lacc,0.017,0.009,-0.029,
87308597819005,GameRo,0.016,-0.034,-0.719,0.694
87308605457148,pre,995.044,,,
87308617688024,acc,0.250,0.720,9.759,
87308617688024,Gyro,0.006,0.023,-0.021,
87308617688024,Lacc,0.019,0.012,-0.023,
87308617688024,GameRo,0.017,-0.034,-0.719,0.694
87308630509272,pre,995.057,,,
87308637583287,acc,0.249,0.725,9.795,
87308637583287,Gyro,0.004,0.016,-0.010,
87308637583287,Lacc,0.021,0.016,0.013,
87308637583287,GameRo,0.017,-0.034,-0.719,0.694
87308655562942,pre,995.105,,,
87308657453445,acc,0.233,0.725,9.841,
87308657453445,Gyro,-0.006,-0.004,-0.000,
87308657453445,Lacc,0.006,0.016,0.059,
87308657453445,GameRo,0.017,-0.034,-0.719,0.694
87308677318191,acc,0.228,0.705,9.816,
87308677318191,Gyro,-0.019,-0.017,0.004,
87308677318191,Lacc,-0.001,-0.001,0.034,
87308677318191,GameRo,0.017,-0.034,-0.719,0.694
87308680616897,pre,995.136,,,
87308697194290,acc,0.216,0.674,9.794,
87308697194290,Gyro,-0.028,-0.025,0.002,
87308697194290,Lacc,-0.018,-0.026,0.012,
87308697194290,GameRo,0.016,-0.034,-0.719,0.694
87308705670446,pre,995.115,,,
87308717037877,acc,0.217,0.659,9.791,
87308717037877,Gyro,-0.034,-0.033,-0.004,
87308717037877,Lacc,-0.022,-0.036,0.008,
87308717037877,GameRo,0.016,-0.034,-0.719,0.694
87308730723302,pre,995.066,,,
87308736934850,acc,0.233,0.659,9.772,
87308736934850,Gyro,-0.035,-0.045,-0.011,
87308736934850,Lacc,-0.015,-0.029,-0.011,
87308736934850,GameRo,0.015,-0.034,-0.719,0.694
87308755776077,pre,995.063,,,
87308756785883,acc,0.247,0.655,9.713,
87308756785883,Gyro,-0.031,-0.040,-0.013,
87308756785883,Lacc,-0.009,-0.026,-0.070,
87308756785883,GameRo,0.015,-0.034,-0.719,0.694
87308776655838,acc,0.251,0.644,9.657,
87308776655838,Gyro,-0.017,-0.023,-0.017,
87308776655838,Lacc,-0.011,-0.033,-0.126,
87308776655838,GameRo,0.014,-0.034,-0.720,0.693
87308780828078,pre,995.096,,,
87308796544346,acc,0.252,0.640,9.631,
87308796544346,Gyro,0.005,0.005,-0.023,
87308796544346,Lacc,-0.010,-0.037,-0.152,
87308796544346,GameRo,0.014,-0.034,-0.720,0.693
87308805879714,pre,995.105,,,
87308816414790,acc,0.251,0.653,9.719,
87308816414790,Gyro,0.016,0.022,-0.027,
87308816414790,Lacc,-0.007,-0.026,-0.064,
87308816414790,GameRo,0.015,-0.034,-0.720,0.693
87308830931676,pre,995.078,,,
87308836284133,acc,0.257,0.679,9.766,
87308836284133,Gyro,0.017,0.023,-0.027,
87308836284133,Lacc,0.004,-0.004,-0.017,
87308836284133,GameRo,0.015,-0.034,-0.720,0.693
87308856154129,acc,0.257,0.676,9.750,
87308856154129,Gyro,0.016,0.025,-0.022,
87308856154129,Lacc,0.009,-0.011,-0.033,
87308856154129,GameRo,0.015,-0.034,-0.720,0.693
87308855983759,pre,995.072,,,
87308876024002,acc,0.243,0.682,9.750,
87308876024002,Gyro,0.019,0.028,-0.019,
87308876024002,Lacc,0.000,-0.008,-0.033,
87308876024002,GameRo,0.015,-0.034,-0.720,0.693
87308881013138,pre,995.102,,,
87308895895014,acc,0.236,0.679,9.755,
87308895895014,Gyro,0.024,0.024,-0.019,
87308895895014,Lacc,-0.002,-0.015,-0.028,
87308895895014,GameRo,0.016,-0.034,-0.720,0.693
87308906065343,pre,995.118,,,
87308915765172,acc,0.235,0.687,9.773,
87308915765172,Gyro,0.026,0.020,-0.018,
87308915765172,Lacc,0.002,-0.013,-0.010,
87308915765172,GameRo,0.016,-0.034,-0.721,0.692
87308931116450,pre,995.102,,,
87308935635411,acc,0.239,0.710,9.836,
87308935635411,Gyro,0.015,0.004,-0.012,
87308935635411,Lacc,0.008,0.006,0.054,
87308935635411,GameRo,0.016,-0.034,-0.721,0.692
87308955504674,acc,0.229,0.697,9.793,
87308955504674,Gyro,0.003,-0.004,-0.010,
87308955504674,Lacc,-0.002,-0.008,0.011,
87308955504674,GameRo,0.016,-0.034,-0.721,0.692
87308956170120,pre,995.090,,,
87308975375320,acc,0.214,0.692,9.764,
87308975375320,Gyro,-0.003,-0.007,-0.012,
87308975375320,Lacc,-0.018,-0.012,-0.018,
87308975375320,GameRo,0.016,-0.034,-0.721,0.692
87308981249913,pre,995.096,,,
87308995244787,acc,0.223,0.680,9.715,
87308995244787,Gyro,0.006,-0.007,-0.015,
87308995244787,Lacc,-0.011,-0.025,-0.067,
87308995244787,GameRo,0.016,-0.034,-0.721,0.692
87309006301467,pre,995.102,,,
87309015115880,acc,0.231,0.686,9.742,
87309015115880,Gyro,0.019,-0.011,-0.016,
87309015115880,Lacc,-0.004,-0.021,-0.040,
87309015115880,GameRo,0.016,-0.034,-0.721,0.692
87309031327143,pre,995.109,,,
87309034985184,acc,0.228,0.693,9.705,
87309034985184,Gyro,0.033,-0.007,-0.015,
87309034985184,Lacc,-0.009,-0.020,-0.076,
87309034985184,GameRo,0.016,-0.035,-0.721,0.692
87309054830886,acc,-0.092,0.950,9.753,
87309054830886,Gyro,0.057,0.030,0.026,
87309054830886,Lacc,-0.327,0.229,-0.028,
87309054830886,GameRo,0.017,-0.035,-0.721,0.692
87309056381139,pre,995.109,,,
87309074725255,acc,-0.042,0.790,9.740,
87309074725255,Gyro,0.107,0.086,0.100,
87309074725255,Lacc,-0.265,0.050,-0.039,
87309074725255,GameRo,0.018,-0.035,-0.720,0.692
87309081460647,pre,995.099,,,
87309094595413,acc,-0.064,0.753,9.814,
87309094595413,Gyro,0.111,0.125,0.113,
87309094595413,Lacc,-0.265,-0.009,0.036,
87309094595413,GameRo,0.020,-0.035,-0.720,0.693
87309106514196,pre,995.081,,,
87309114465571,acc,-0.299,0.919,10.007,
87309114465571,Gyro,0.116,0.127,0.158,
87309114465571,Lacc,-0.477,0.136,0.230,
87309114465571,GameRo,0.021,-0.035,-0.719,0.694
87309131579910,pre,995.072,,,
87309134309809,acc,-0.333,0.768,10.148,
87309134309809,Gyro,0.159,0.113,0.218,
87309134309809,Lacc,-0.491,-0.043,0.372,
87309134309809,GameRo,0.023,-0.035,-0.717,0.696
87309154205521,acc,0.099,0.089,10.029,
87309154205521,Gyro,0.173,0.096,0.205,
87309154205521,Lacc,-0.042,-0.754,0.256,
87309154205521,GameRo,0.025,-0.036,-0.715,0.697
87309156620682,pre,995.090,,,
87309174075149,acc,0.298,0.191,9.874,
87309174075149,Gyro,0.164,0.054,0.137,
87309174075149,Lacc,0.166,-0.681,0.104,
87309174075149,GameRo,0.026,-0.037,-0.714,0.698
87309181670812,pre,995.115,,,
87309193920405,acc,-0.004,0.250,9.834,
87309193920405,Gyro,0.126,-0.011,0.116,
87309193920405,Lacc,-0.133,-0.647,0.066,
87309193920405,GameRo,0.027,-0.037,-0.713,0.699
87309206724482,pre,995.115,,,
87309213816035,acc,-0.050,0.298,9.740,
87309213816035,Gyro,0.077,-0.091,0.110,
87309213816035,Lacc,-0.194,-0.614,-0.026,
87309213816035,GameRo,0.027,-0.038,-0.713,0.700
87309231777298,pre,995.084,,,
87309233686193,acc,-0.073,0.428,9.381,
87309233686193,Gyro,0.053,-0.088,0.121,
87309233686193,Lacc,-0.239,-0.495,-0.384,
87309233686193,GameRo,0.027,-0.039,-0.712,0.701
87309253555985,acc,-0.215,0.515,9.242,
87309253555985,Gyro,0.057,-0.005,0.168,
87309253555985,Lacc,-0.392,-0.416,-0.522,
87309253555985,GameRo,0.027,-0.040,-0.711,0.702
87309256832758,pre,995.072,,,
87309273426956,acc,-0.189,0.478,9.196,
87309273426956,Gyro,0.093,0.105,0.223,
87309273426956,Lacc,-0.355,-0.468,-0.567,
87309273426956,GameRo,0.028,-0.040,-0.709,0.703
87309281885574,pre,995.066,,,
87309293295894,acc,-0.144,0.408,9.207,
87309293295894,Gyro,0.094,0.138,0.243,
87309293295894,Lacc,-0.287,-0.557,-0.554,
87309293295894,GameRo,0.030,-0.040,-0.708,0.705
87309306939285,pre,995.060,,,
87309313166173,acc,-0.325,0.490,9.182,
87309313166173,Gyro,0.043,0.107,0.252,
87309313166173,Lacc,-0.449,-0.487,-0.578,
87309313166173,GameRo,0.031,-0.040,-0.706,0.707
87309333010941,acc,-0.577,0.598,9.311,
87309333010941,Gyro,0.030,0.081,0.306,
87309333010941,Lacc,-0.690,-0.382,-0.449,
87309333010941,GameRo,0.031,-0.039,-0.704,0.709
87309332000931,pre,995.066,,,
87309352906163,acc,-0.659,0.567,9.138,
87309352906163,Gyro,0.050,0.105,0.382,
87309352906163,Lacc,-0.761,-0.421,-0.621,
87309352906163,GameRo,0.032,-0.039,-0.701,0.711
87309357047725,pre,995.096,,,
87309372776362,acc,-0.675,0.446,8.936,
87309372776362,Gyro,0.028,0.163,0.433,
87309372776362,Lacc,-0.758,-0.549,-0.823,
87309372776362,GameRo,0.033,-0.039,-0.698,0.714
87309382101843,pre,995.115,,,
87309392647334,acc,-0.873,0.407,8.786,
87309392647334,Gyro,-0.026,0.280,0.469,
87309392647334,Lacc,-0.919,-0.586,-0.974,
87309392647334,GameRo,0.035,-0.037,-0.695,0.717
87309407155960,pre,995.087,,,
87309412516637,acc,-1.230,0.511,9.163,
87309412516637,Gyro,-0.078,0.355,0.514,
87309412516637,Lacc,-1.197,-0.463,-0.598,
87309412516637,GameRo,0.037,-0.033,-0.691,0.721
87309432380732,acc,-1.367,0.576,9.215,
87309432380732,Gyro,-0.129,0.362,0.558,
87309432380732,Lacc,-1.234,-0.366,-0.549,
87309432380732,GameRo,0.040,-0.028,-0.687,0.725
87309432226313,pre,995.066,,,
87309452256953,acc,-1.495,0.559,9.049,
87309452256953,Gyro,-0.167,0.423,0.614,
87309452256953,Lacc,-1.277,-0.350,-0.716,
87309452256953,GameRo,0.041,-0.024,-0.683,0.729
87309457263097,pre,995.075,,,
87309472126907,acc,-1.626,0.553,9.196,
87309472126907,Gyro,-0.197,0.477,0.685,
87309472126907,Lacc,-1.282,-0.313,-0.569,
87309472126907,GameRo,0.044,-0.017,-0.678,0.734
87309482292394,pre,995.066,,,
87309491997757,acc,-1.670,0.410,9.019,
87309491997757,Gyro,-0.242,0.532,0.735,
87309491997757,Lacc,-1.224,-0.413,-0.746,
87309491997757,GameRo,0.046,-0.011,-0.673,0.739
87309507343257,pre,995.057,,,
87309511844029,acc,-1.679,0.377,9.007,
87309511844029,Gyro,-0.280,0.594,0.748,
87309511844029,Lacc,-1.125,-0.399,-0.757,
87309511844029,GameRo,0.048,-0.005,-0.667,0.744
87309531725906,acc,-1.761,0.253,8.991,
87309531725906,Gyro,-0.317,0.624,0.724,
87309531725906,Lacc,-1.091,-0.470,-0.770,
87309531725906,GameRo,0.050,0.001,-0.661,0.749
87309532396113,pre,995.081,,,
87309551584183,acc,-1.825,0.308,8.918,
87309551584183,Gyro,-0.321,0.679,0.666,
87309551584183,Lacc,-1.035,-0.361,-0.837,
87309551584183,GameRo,0.052,0.008,-0.656,0.753
87309557473262,pre,995.099,,,
87309571477290,acc,-2.010,0.434,8.775,
87309571477290,Gyro,-0.295,0.772,0.612,
87309571477290,Lacc,-1.082,-0.185,-0.971,
87309571477290,GameRo,0.055,0.015,-0.650,0.757
87309582526932,pre,995.099,,,
87309591348099,acc,-2.172,0.580,8.442,
87309591348099,Gyro,-0.301,0.890,0.578,
87309591348099,Lacc,-1.083,0.003,-1.290,
87309591348099,GameRo,0.058,0.023,-0.645,0.761
87309607580399,pre,995.090,,,
87309611205114,acc,-2.247,0.519,8.071,
87309611205114,Gyro,-0.353,1.013,0.521,
87309611205114,Lacc,-0.976,-0.006,-1.643,
87309611205114,GameRo,0.062,0.033,-0.641,0.765
87309631087886,acc,-2.730,0.805,8.498,
87309631087886,Gyro,-0.431,1.023,0.482,
87309631087886,Lacc,-1.253,0.344,-1.189,
87309631087886,GameRo,0.066,0.043,-0.636,0.768
87309632609126,pre,995.096,,,
87309650958654,acc,-3.162,0.586,8.862,
87309650958654,Gyro,-0.417,0.907,0.556,
87309650958654,Lacc,-1.427,0.183,-0.785,
87309650958654,GameRo,0.072,0.056,-0.631,0.770
87309657687047,pre,995.075,,,
87309670828039,acc,-3.283,0.499,8.506,
87309670828039,Gyro,-0.424,0.703,0.677,
87309670828039,Lacc,-1.390,0.150,-1.113,
87309670828039,GameRo,0.075,0.064,-0.625,0.774
87309682738927,pre,995.038,,,
87309690698685,acc,-3.618,-0.270,7.052,
87309690698685,Gyro,-0.617,0.473,0.958,
87309690698685,Lacc,-1.623,-0.557,-2.548,
87309690698685,GameRo,0.075,0.071,-0.618,0.779
87309707792923,pre,995.048,,,
87309710568314,acc,-2.536,0.549,6.533,
87309710568314,Gyro,-0.772,0.893,1.027,
87309710568314,Lacc,-0.417,0.371,-3.043,
87309710568314,GameRo,0.074,0.080,-0.609,0.786
87309730438390,acc,-3.515,-0.951,7.612,
87309730438390,Gyro,-0.629,1.389,1.085,
87309730438390,Lacc,-1.155,-1.043,-1.909,
87309730438390,GameRo,0.077,0.094,-0.599,0.791
87309732866247,pre,995.087,,,
87309750308264,acc,-3.990,-1.101,9.130,
87309750308264,Gyro,-0.564,1.314,1.109,
87309750308264,Lacc,-1.191,-1.011,-0.272,
87309750308264,GameRo,0.082,0.119,-0.589,0.795
87309757902054,pre,995.096,,,
87309770178217,acc,-3.565,-1.262,9.046,
87309770178217,Gyro,-0.572,0.908,0.951,
87309770178217,Lacc,-0.473,-0.937,-0.259,
87309770178217,GameRo,0.080,0.139,-0.580,0.799
87309782955155,pre,995.099,,,
87309790049027,acc,-3.895,-1.115,8.768,
87309790049027,Gyro,-0.361,0.621,0.769,
87309790049027,Lacc,-0.661,-0.741,-0.486,
87309790049027,GameRo,0.081,0.147,-0.572,0.803
87309808009192,pre,995.112,,,
87309809918940,acc,-4.291,-0.836,7.090,
87309809918940,Gyro,-0.022,0.925,0.705,
87309809918940,Lacc,-0.921,-0.483,-2.116,
87309809918940,GameRo,0.085,0.153,-0.565,0.806
87309829788814,acc,-4.545,0.087,6.537,
87309829788814,Gyro,0.233,1.641,0.766,
87309829788814,Lacc,-0.909,0.354,-2.570,
87309829788814,GameRo,0.096,0.163,-0.559,0.808
87309833038854,pre,995.093,,,
87309849658849,acc,-5.350,-0.285,7.228,
87309849658849,Gyro,0.088,1.919,0.855,
87309849658849,Lacc,-1.360,-0.116,-1.732,
87309849658849,GameRo,0.110,0.177,-0.550,0.809
87309858119013,pre,995.063,,,
87309869528519,acc,-4.957,-1.005,7.816,
87309869528519,Gyro,-0.193,1.840,0.795,
87309869528519,Lacc,-0.611,-0.866,-0.977,
87309869528519,GameRo,0.120,0.193,-0.541,0.810
87309883171300,pre,995.078,,,
87309889398758,acc,-4.908,-1.414,8.281,
87309889398758,Gyro,-0.239,1.640,0.501,
87309889398758,Lacc,-0.208,-1.076,-0.323,
87309889398758,GameRo,0.122,0.216,-0.535,0.808
87309908223262,pre,995.130,,,
87309909250361,acc,-4.999,-1.321,7.656,
87309909250361,Gyro,-0.252,1.465,0.138,
87309909250361,Lacc,-0.045,-0.963,-0.804,
87309909250361,GameRo,0.128,0.229,-0.531,0.806
87309929139929,acc,-5.632,-1.154,6.534,
87309929139929,Gyro,-0.276,1.604,-0.121,
87309929139929,Lacc,-0.423,-0.744,-1.769,
87309929139929,GameRo,0.134,0.243,-0.529,0.802
87309933249832,pre,995.142,,,
87309949009069,acc,-5.903,-0.487,6.606,
87309949009069,Gyro,-0.399,1.639,-0.284,
87309949009069,Lacc,-0.428,0.004,-1.520,
87309949009069,GameRo,0.139,0.258,-0.528,0.797
87309958328039,pre,995.124,,,
87309968879105,acc,-7.725,-0.315,6.038,
87309968879105,Gyro,-0.567,1.818,-0.153,
87309968879105,Lacc,-1.442,0.219,-1.477,
87309968879105,GameRo,0.163,0.301,-0.517,0.785
87309983381791,pre,995.103,,,
87309988749344,acc,-7.841,-0.405,6.550,
87309988749344,Gyro,-0.665,1.982,0.156,
87309988749344,Lacc,-1.253,0.210,-0.692,
87309988749344,GameRo,0.169,0.320,-0.511,0.780
87310008606685,acc,-7.414,-0.768,6.538,
87310008606685,Gyro,-0.608,2.197,0.245,
87310008606685,Lacc,-0.524,-0.094,-0.412,
87310008606685,GameRo,0.176,0.339,-0.503,0.775
87310008433223,pre,995.106,,,
87310028490392,acc,-7.752,-0.094,5.976,
87310028490392,Gyro,-0.520,2.528,0.298,
87310028490392,Lacc,-0.523,0.605,-0.619,
87310028490392,GameRo,0.185,0.360,-0.495,0.769
87310033458980,pre,995.127,,,
87310048359452,acc,-8.286,-0.393,6.272,
87310048359452,Gyro,-0.648,2.685,0.389,
87310048359452,Lacc,-0.709,0.322,0.084,
87310048359452,GameRo,0.195,0.383,-0.484,0.762
87310058512650,pre,995.139,,,
87310068229365,acc,-8.802,-1.805,7.025,
87310068229365,Gyro,-0.977,2.254,0.320,
87310068229365,Lacc,-0.926,-1.043,1.226,
87310068229365,GameRo,0.202,0.404,-0.474,0.756
87310083564570,pre,995.109,,,
87310088099646,acc,-8.315,-2.063,6.406,
87310088099646,Gyro,-1.385,1.776,0.178,
87310088099646,Lacc,-0.224,-1.197,0.927,
87310088099646,GameRo,0.202,0.424,-0.463,0.752
87310107950760,acc,-8.249,-2.878,6.263,
87310107950760,Gyro,-1.633,1.552,-0.041,
87310107950760,Lacc,0.012,-1.847,1.075,
87310107950760,GameRo,0.198,0.443,-0.453,0.748
87310108619299,pre,995.081,,,
87310127840938,acc,-8.302,-2.757,6.222,
87310127840938,Gyro,-1.835,1.329,-0.206,
87310127840938,Lacc,0.096,-1.520,1.304,
87310127840938,GameRo,0.190,0.462,-0.443,0.744
87310133672928,pre,995.084,,,
87310147709915,acc,-8.004,-2.873,6.102,
87310147709915,Gyro,-2.146,1.226,-0.326,
87310147709915,Lacc,0.498,-1.386,1.439,
87310147709915,GameRo,0.179,0.480,-0.434,0.741
87310158751297,pre,995.087,,,
87310167580521,acc,-8.414,-2.395,7.601,
87310167580521,Gyro,-2.257,1.206,-0.282,
87310167580521,Lacc,0.185,-0.644,3.218,
87310167580521,GameRo,0.165,0.499,-0.423,0.738
87310183803869,pre,995.096,,,
87310187450028,acc,-8.463,-2.360,8.464,
87310187450028,Gyro,-1.970,1.033,-0.026,
87310187450028,Lacc,0.226,-0.412,4.347,
87310187450028,GameRo,0.154,0.516,-0.412,0.735
87310207327673,acc,-7.550,-3.120,6.967,
87310207327673,Gyro,-1.910,0.836,0.149,
87310207327673,Lacc,1.212,-1.045,3.073,
87310207327673,GameRo,0.145,0.530,-0.400,0.734
87310208833532,pre,995.112,,,
87310227191157,acc,-6.322,-4.307,5.551,
87310227191157,Gyro,-2.207,0.877,0.071,
87310227191157,Lacc,2.455,-2.023,1.812,
87310227191157,GameRo,0.129,0.541,-0.390,0.734
87310233887203,pre,995.106,,,
87310247060868,acc,-6.402,-4.833,5.758,
87310247060868,Gyro,-2.466,1.341,-0.191,
87310247060868,Lacc,2.160,-1.960,1.925,
87310247060868,GameRo,0.094,0.544,-0.396,0.734
87310258964555,pre,995.087,,,
87310266915564,acc,-7.688,-4.655,7.579,
87310266915564,Gyro,-2.442,1.769,-0.307,
87310266915564,Lacc,0.974,-1.549,4.179,
87310266915564,GameRo,0.080,0.566,-0.383,0.726
87310284016637,pre,995.099,,,
87310286800573,acc,-8.267,-4.290,9.097,
87310286800573,Gyro,-2.111,1.928,-0.274,
87310286800573,Lacc,0.498,-0.992,6.175,
87310286800573,GameRo,0.070,0.588,-0.371,0.715
87310306670650,acc,-8.404,-4.262,9.895,
87310306670650,Gyro,-1.492,1.690,-0.178,
87310306670650,Lacc,0.441,-0.831,7.398,
87310306670650,GameRo,0.063,0.607,-0.361,0.705
87310309069901,pre,995.099,,,
87310326540563,acc,-7.755,-4.041,9.400,
87310326540563,Gyro,-0.805,1.435,-0.235,
87310326540563,Lacc,1.150,-0.535,7.242,
87310326540563,GameRo,0.061,0.622,-0.355,0.696
87310334136511,pre,995.081,,,
87310346411047,acc,-7.250,-3.691,7.685,
87310346411047,Gyro,-0.297,1.335,-0.455,
87310346411047,Lacc,1.678,-0.099,5.782,
87310346411047,GameRo,0.059,0.632,-0.354,0.687
87310359174434,pre,995.087,,,
87310366280838,acc,-7.889,-3.155,7.004,
87310366280838,Gyro,0.076,1.421,-0.584,
87310366280838,Lacc,1.047,0.535,5.343,
87310366280838,GameRo,0.061,0.642,-0.357,0.676
87310384226639,pre,995.130,,,
87310386160518,acc,-8.094,-3.969,6.440,
87310386160518,Gyro,0.143,1.350,-0.841,
87310386160518,Lacc,0.832,-0.154,5.019,
87310386160518,GameRo,0.062,0.651,-0.362,0.664
87310406021154,acc,-8.660,-3.226,5.970,
87310406021154,Gyro,0.043,1.085,-1.118,
87310406021154,Lacc,0.214,0.774,4.746,
87310406021154,GameRo,0.060,0.659,-0.369,0.653
87310409280554,pre,995.157,,,
87310425892248,acc,-8.959,-3.175,5.789,
87310425892248,Gyro,-0.155,0.720,-1.168,
87310425892248,Lacc,-0.161,1.031,4.721,
87310425892248,GameRo,0.055,0.665,-0.376,0.643
87310434332515,pre,995.151,,,
87310445761795,acc,-8.922,-3.406,5.109,
87310445761795,Gyro,-0.121,0.531,-1.184,
87310445761795,Lacc,-0.215,1.009,4.149,
87310445761795,GameRo,0.048,0.670,-0.382,0.635
87310459360592,pre,995.133,,,
87310465631710,acc,-8.855,-3.367,4.617,
87310465631710,Gyro,0.210,0.548,-1.172,
87310465631710,Lacc,-0.245,1.249,3.727,
87310465631710,GameRo,0.043,0.673,-0.390,0.627
87310484439692,pre,995.139,,,
87310485482132,acc,-9.068,-3.584,3.627,
87310485482132,Gyro,0.576,0.800,-0.948,
87310485482132,Lacc,-0.540,1.192,2.788,
87310485482132,GameRo,0.042,0.675,-0.399,0.619
87310505371863,acc,-8.996,-4.189,2.915,
87310505371863,Gyro,0.813,1.264,-0.793,
87310505371863,Lacc,-0.525,0.702,2.168,
87310505371863,GameRo,0.046,0.678,-0.409,0.609
87310509492915,pre,995.142,,,
87310525241369,acc,-9.054,-4.756,2.639,
87310525241369,Gyro,0.925,1.665,-0.831,
87310525241369,Lacc,-0.641,0.256,2.056,
87310525241369,GameRo,0.052,0.684,-0.419,0.595
87310534546179,pre,995.130,,,
87310545111568,acc,-9.538,-5.140,2.887,
87310545111568,Gyro,0.933,1.887,-0.929,
87310545111568,Lacc,-1.197,0.010,2.519,
87310545111568,GameRo,0.060,0.691,-0.430,0.578
87310559599930,pre,995.133,,,
87310564982580,acc,-9.735,-5.022,3.213,
87310564982580,Gyro,0.912,1.828,-1.057,
87310564982580,Lacc,-1.491,0.292,3.056,
87310564982580,GameRo,0.066,0.698,-0.441,0.560
87310584837805,acc,-9.929,-4.367,3.072,
87310584837805,Gyro,0.928,1.734,-1.055,
87310584837805,Lacc,-1.798,1.122,3.102,
87310584837805,GameRo,0.071,0.705,-0.452,0.542
87310584652258,pre,995.145,,,
87310604722041,acc,-10.214,-4.031,2.768,
87310604722041,Gyro,1.055,1.691,-0.937,
87310604722041,Lacc,-2.194,1.616,2.958,
87310604722041,GameRo,0.077,0.710,-0.463,0.525
87310609704260,pre,995.136,,,
87310624592281,acc,-10.684,-4.039,2.369,
87310624592281,Gyro,1.203,1.535,-0.795,
87310624592281,Lacc,-2.768,1.746,2.680,
87310624592281,GameRo,0.085,0.713,-0.474,0.509
87310634738928,pre,995.112,,,
87310644463253,acc,-10.963,-3.964,1.493,
87310644463253,Gyro,1.286,1.335,-0.606,
87310644463253,Lacc,-3.133,1.933,1.873,
87310644463253,GameRo,0.093,0.715,-0.485,0.495
87310659787716,pre,995.106,,,
87310664332841,acc,-10.916,-3.809,0.406,
87310664332841,Gyro,1.267,1.233,-0.377,
87310664332841,Lacc,-3.147,2.166,0.825,
87310664332841,GameRo,0.103,0.715,-0.495,0.483
87310684203243,acc,-10.389,-4.185,-0.159,
87310684203243,Gyro,1.070,1.173,-0.228,
87310684203243,Lacc,-2.659,1.837,0.306,
87310684203243,GameRo,0.112,0.715,-0.503,0.472
87310684841020,pre,995.124,,,
87310704072546,acc,-10.328,-3.473,-0.728,
87310704072546,Gyro,0.794,1.203,-0.180,
87310704072546,Lacc,-2.634,2.589,-0.190,
87310704072546,GameRo,0.121,0.716,-0.509,0.462
87310709921341,pre,995.133,,,
87310723942623,acc,-10.986,-3.501,-0.663,
87310723942623,Gyro,0.876,1.446,0.134,
87310723942623,Lacc,-3.304,2.565,-0.011,
87310723942623,GameRo,0.131,0.718,-0.513,0.451
87310734975826,pre,995.109,,,
87310743813553,acc,-11.169,-5.266,-1.199,
87310743813553,Gyro,1.046,1.717,0.337,
87310743813553,Lacc,-3.473,0.768,-0.422,
87310743813553,GameRo,0.146,0.720,-0.517,0.440
87310760028357,pre,995.087,,,
87310763682979,acc,-12.043,-6.690,-1.374,
87310763682979,Gyro,0.980,1.914,0.448,
87310763682979,Lacc,-4.327,-0.706,-0.431,
87310763682979,GameRo,0.164,0.722,-0.519,0.427
87310783528112,acc,-11.441,-7.683,-0.747,
87310783528112,Gyro,0.625,1.619,0.358,
87310783528112,Lacc,-3.712,-1.748,0.381,
87310783528112,GameRo,0.179,0.725,-0.520,0.415
87310785060095,pre,995.090,,,
87310803423051,acc,-9.538,-5.728,0.031,
87310803423051,Gyro,0.213,1.060,0.139,
87310803423051,Lacc,-1.813,0.182,1.308,
87310803423051,GameRo,0.189,0.728,-0.519,0.407
87310810136389,pre,995.106,,,
87310823268021,acc,-7.596,-3.224,0.957,
87310823268021,Gyro,-0.052,0.527,0.066,
87310823268021,Lacc,0.119,2.676,2.338,
87310823268021,GameRo,0.193,0.730,-0.518,0.402
87310835191565,pre,995.109,,,
87310843163489,acc,-6.840,-2.501,1.271,
87310843163489,Gyro,-0.174,0.014,0.211,
87310843163489,Lacc,0.886,3.374,2.693,
87310843163489,GameRo,0.194,0.731,-0.516,0.402
87310860241695,pre,995.103,,,
87310863008662,acc,-7.088,-3.400,0.960,
87310863008662,Gyro,-0.087,-0.454,0.529,
87310863008662,Lacc,0.698,2.404,2.348,
87310863008662,GameRo,0.195,0.730,-0.514,0.407
87310882903560,acc,-7.267,-5.160,0.117,
87310882903560,Gyro,0.183,-0.712,0.712,
87310882903560,Lacc,0.617,0.538,1.389,
87310882903560,GameRo,0.197,0.725,-0.513,0.415
87310885282101,pre,995.115,,,
87310902757849,acc,-7.624,-7.040,-0.148,
87310902757849,Gyro,0.446,-0.783,0.558,
87310902757849,Lacc,0.346,-1.426,0.949,
87310902757849,GameRo,0.198,0.719,-0.515,0.423
87310910346919,pre,995.127,,,
87310922643998,acc,-7.370,-7.689,-1.272,
87310922643998,Gyro,0.680,-0.506,0.139,
87310922643998,Lacc,0.643,-2.106,-0.352,
87310922643998,GameRo,0.199,0.712,-0.519,0.428
87310935378210,pre,995.133,,,
87310942514929,acc,-6.855,-6.421,-1.512,
87310942514929,Gyro,0.885,0.225,-0.177,
87310942514929,Lacc,1.102,-0.748,-0.651,
87310942514929,GameRo,0.200,0.710,-0.526,0.423
87310960452307,pre,995.136,,,
87310962384151,acc,-6.576,-5.403,-0.610,
87310962384151,Gyro,0.723,0.730,-0.245,
87310962384151,Lacc,1.341,0.324,0.260,
87310962384151,GameRo,0.205,0.709,-0.532,0.416
87310982254350,acc,-6.207,-4.827,0.841,
87310982254350,Gyro,0.512,0.809,-0.242,
87310982254350,Lacc,1.668,0.948,1.776,
87310982254350,GameRo,0.210,0.710,-0.535,0.407
87310985501094,pre,995.139,,,
87311002098913,acc,-5.967,-4.865,1.921,
87311002098913,Gyro,0.453,0.660,-0.306,
87311002098913,Lacc,1.862,0.963,2.916,
87311002098913,GameRo,0.214,0.711,-0.538,0.400
87311010560502,pre,995.136,,,
87311021994340,acc,-6.309,-5.079,2.155,
87311021994340,Gyro,0.553,0.503,-0.403,
87311021994340,Lacc,1.466,0.816,3.174,
87311021994340,GameRo,0.216,0.711,-0.542,0.393
87311035588904,pre,995.145,,,
87311041865596,acc,-6.956,-5.262,1.889,
87311041865596,Gyro,0.831,0.456,-0.478,
87311041865596,Lacc,0.755,0.719,2.887,
87311041865596,GameRo,0.218,0.710,-0.548,0.386
87311060669104,pre,995.167,,,
87311061710161,acc,-7.504,-5.522,1.293,
87311061710161,Gyro,1.212,0.604,-0.491,
87311061710161,Lacc,0.149,0.551,2.177,
87311061710161,GameRo,0.221,0.704,-0.558,0.379
87311081605424,acc,-7.888,-5.667,0.574,
87311081605424,Gyro,1.501,0.799,-0.544,
87311081605424,Lacc,-0.234,0.441,1.164,
87311081605424,GameRo,0.228,0.691,-0.574,0.375
87311085723059,pre,995.148,,,
87311101475053,acc,-8.277,-5.366,-0.076,
87311101475053,Gyro,1.595,0.999,-0.545,
87311101475053,Lacc,-0.676,0.813,0.444,
87311101475053,GameRo,0.237,0.686,-0.585,0.363
87311110779944,pre,995.099,,,
87311121320145,acc,-8.309,-5.051,-0.197,
87311121320145,Gyro,1.512,1.057,-0.469,
87311121320145,Lacc,-0.651,1.064,0.250,
87311121320145,GameRo,0.252,0.678,-0.592,0.356
87311135811031,pre,995.096,,,
87311141190507,acc,-8.089,-4.716,-0.158,
87311141190507,Gyro,1.274,0.926,-0.415,
87311141190507,Lacc,-0.477,1.457,0.268,
87311141190507,GameRo,0.261,0.674,-0.600,0.344
87311161065751,acc,-7.947,-4.115,0.097,
87311161065751,Gyro,1.043,0.741,-0.347,
87311161065751,Lacc,-0.385,2.122,0.507,
87311161065751,GameRo,0.267,0.671,-0.607,0.333
87311160892167,pre,995.139,,,
87311180955359,acc,-8.143,-4.125,0.248,
87311180955359,Gyro,0.870,0.584,-0.189,
87311180955359,Lacc,-0.612,2.150,0.637,
87311180955359,GameRo,0.272,0.668,-0.612,0.325
87311185937781,pre,995.176,,,
87311200825761,acc,-8.172,-5.098,0.163,
87311200825761,Gyro,0.643,0.338,-0.050,
87311200825761,Lacc,-0.588,1.116,0.484,
87311200825761,GameRo,0.280,0.662,-0.615,0.324
87311210977087,pre,995.157,,,
87311220693193,acc,-8.273,-5.802,-0.031,
87311220693193,Gyro,0.512,0.206,0.021,
87311220693193,Lacc,-0.688,0.412,0.259,
87311220693193,GameRo,0.283,0.659,-0.618,0.321
87311236030758,pre,995.118,,,
87311240565710,acc,-7.917,-6.600,0.097,
87311240565710,Gyro,0.506,0.137,-0.076,
87311240565710,Lacc,-0.335,-0.380,0.349,
87311240565710,GameRo,0.285,0.657,-0.621,0.319
87311260436031,acc,-7.663,-6.730,0.007,
87311260436031,Gyro,0.594,0.168,-0.244,
87311260436031,Lacc,-0.106,-0.479,0.212,
87311260436031,GameRo,0.287,0.654,-0.625,0.315
87311261085445,pre,995.121,,,
87311280311071,acc,-7.569,-6.675,0.060,
87311280311071,Gyro,0.711,0.187,-0.349,
87311280311071,Lacc,-0.054,-0.371,0.209,
87311280311071,GameRo,0.288,0.652,-0.630,0.310
87311286176144,pre,995.148,,,
87311300160966,acc,-7.323,-7.012,-0.111,
87311300160966,Gyro,0.822,0.209,-0.405,
87311300160966,Lacc,0.143,-0.648,-0.032,
87311300160966,GameRo,0.289,0.649,-0.635,0.304
87311311216264,pre,995.154,,,
87311320069373,acc,-7.164,-7.651,-0.367,
87311320069373,Gyro,0.887,0.221,-0.492,
87311320069373,Lacc,0.243,-1.219,-0.366,
87311320069373,GameRo,0.290,0.645,-0.642,0.297
87311336272863,pre,995.127,,,
87311339916297,acc,-7.086,-8.263,-0.586,
87311339916297,Gyro,0.959,0.212,-0.581,
87311339916297,Lacc,0.249,-1.750,-0.673,
87311339916297,GameRo,0.290,0.641,-0.649,0.289
87311359786292,acc,-6.696,-8.920,-1.151,
87311359786292,Gyro,0.975,0.231,-0.630,
87311359786292,Lacc,0.559,-2.319,-1.335,
87311359786292,GameRo,0.291,0.637,-0.656,0.281
87311361302486,pre,995.109,,,
87311379636308,acc,-6.072,-9.777,-1.708,
87311379636308,Gyro,0.834,0.286,-0.655,
87311379636308,Lacc,1.097,-3.085,-1.973,
87311379636308,GameRo,0.291,0.634,-0.663,0.272
87311386382279,pre,995.112,,,
87311399500851,acc,-4.694,-10.871,-2.050,
87311399500851,Gyro,0.459,0.329,-0.730,
87311399500851,Lacc,2.383,-4.084,-2.350,
87311399500851,GameRo,0.290,0.633,-0.668,0.264
87311411435136,pre,995.127,,,
87311419396969,acc,-3.504,-11.842,-1.971,
87311419396969,Gyro,0.040,0.495,-0.950,
87311419396969,Lacc,3.455,-4.933,-2.234,
87311419396969,GameRo,0.288,0.636,-0.670,0.255
87311436504594,pre,995.157,,,
87311439266639,acc,-3.518,-12.935,-1.370,
87311439266639,Gyro,-0.139,0.852,-1.194,
87311439266639,Lacc,3.287,-5.870,-1.514,
87311439266639,GameRo,0.285,0.641,-0.669,0.243
87311459136877,acc,-3.827,-14.053,-0.716,
87311459136877,Gyro,-0.151,1.155,-1.431,
87311459136877,Lacc,2.784,-6.805,-0.694,
87311459136877,GameRo,0.283,0.649,-0.669,0.228
87311461543616,pre,995.194,,,
87311479007728,acc,-3.743,-14.312,0.160,
87311479007728,Gyro,-0.139,1.269,-1.669,
87311479007728,Lacc,2.629,-6.857,0.366,
87311479007728,GameRo,0.281,0.657,-0.668,0.209
87311486596676,pre,995.188,,,
87311498876949,acc,-3.240,-13.827,1.222,
87311498876949,Gyro,-0.035,1.174,-1.819,
87311498876949,Lacc,2.853,-6.148,1.594,
87311498876949,GameRo,0.277,0.665,-0.667,0.189
87311511649573,pre,995.148,,,
87311518746863,acc,-2.317,-13.343,1.466,
87311518746863,Gyro,0.145,0.978,-1.936,
87311518746863,Lacc,3.472,-5.438,1.947,
87311518746863,GameRo,0.271,0.672,-0.668,0.170
87311536678504,pre,995.136,,,
87311538617712,acc,-1.464,-12.585,1.193,
87311538617712,Gyro,0.311,0.753,-2.164,
87311538617712,Lacc,3.983,-4.444,1.723,
87311538617712,GameRo,0.263,0.677,-0.671,0.149
87311558487423,acc,-1.572,-11.741,0.553,
87311558487423,Gyro,0.362,0.506,-2.418,
87311558487423,Lacc,3.482,-3.349,1.083,
87311558487423,GameRo,0.252,0.681,-0.676,0.129
87311561757686,pre,995.176,,,
87311578358272,acc,-2.268,-10.983,-0.275,
87311578358272,Gyro,0.193,0.239,-2.660,
87311578358272,Lacc,2.342,-2.339,0.238,
87311578358272,GameRo,0.236,0.686,-0.680,0.108
87311586811112,pre,995.197,,,
87311598227495,acc,-3.524,-9.600,-0.725,
87311598227495,Gyro,-0.238,-0.003,-2.779,
87311598227495,Lacc,0.602,-0.715,-0.195,
87311598227495,GameRo,0.218,0.693,-0.682,0.089
87311611866329,pre,995.151,,,
87311618073848,acc,-4.988,-8.203,-0.438,
87311618073848,Gyro,-0.812,-0.225,-2.623,
87311618073848,Lacc,-1.227,0.836,0.179,
87311618073848,GameRo,0.202,0.700,-0.680,0.078
87311636919918,pre,995.106,,,
87311637944047,acc,-6.704,-7.769,0.220,
87311637944047,Gyro,-1.381,-0.442,-2.228,
87311637944047,Lacc,-3.314,1.402,1.015,
87311637944047,GameRo,0.184,0.712,-0.674,0.069
87311657838578,acc,-7.390,-8.219,1.164,
87311657838578,Gyro,-1.904,-0.717,-1.738,
87311657838578,Lacc,-4.331,1.040,2.239,
87311657838578,GameRo,0.165,0.726,-0.664,0.064
87311661984656,pre,995.121,,,
87311677707679,acc,-6.968,-8.820,2.535,
87311677707679,Gyro,-2.345,-1.097,-1.438,
87311677707679,Lacc,-4.156,0.469,3.962,
87311677707679,GameRo,0.146,0.743,-0.650,0.065
87311687027910,pre,995.155,,,
87311697578081,acc,-6.948,-8.648,4.154,
87311697578081,Gyro,-2.565,-1.569,-1.344,
87311697578081,Lacc,-4.338,0.632,5.972,
87311697578081,GameRo,0.126,0.760,-0.634,0.070
87311712081051,pre,995.173,,,
87311717422685,acc,-7.484,-7.387,5.522,
87311717422685,Gyro,-2.477,-2.205,-1.314,
87311717422685,Lacc,-5.034,1.857,7.705,
87311717422685,GameRo,0.102,0.775,-0.618,0.080
87311737308509,acc,-8.666,-6.074,5.539,
87311737308509,Gyro,-2.242,-3.019,-1.323,
87311737308509,Lacc,-6.324,3.126,8.013,
87311737308509,GameRo,0.073,0.788,-0.604,0.096
87311737134030,pre,995.167,,,
87311757188188,acc,-10.503,-4.368,4.884,
87311757188188,Gyro,-1.964,-3.707,-1.390,
87311757188188,Lacc,-8.222,4.788,7.569,
87311757188188,GameRo,0.039,0.797,-0.591,0.117
87311762175656,pre,995.164,,,
87311777059486,acc,-12.992,-0.364,3.722,
87311777059486,Gyro,-1.555,-3.919,-1.271,
87311777059486,Lacc,-10.738,8.759,6.536,
87311777059486,GameRo,0.003,0.802,-0.580,0.141
87311787217118,pre,995.164,,,
87311796903154,acc,-15.502,3.148,2.813,
87311796903154,Gyro,-1.177,-3.643,-0.637,
87311796903154,Lacc,-13.190,12.238,5.688,
87311796903154,GameRo,-0.027,0.804,-0.571,0.166
87311812270178,pre,995.145,,,
87311816776079,acc,-17.009,4.648,3.996,
87311816776079,Gyro,-0.534,-2.998,0.057,
87311816776079,Lacc,-14.526,13.696,6.861,
87311816776079,GameRo,-0.048,0.802,-0.563,0.191
87311836668453,acc,-19.716,5.733,5.784,
87311836668453,Gyro,0.537,-2.196,0.535,
87311836668453,Lacc,-17.019,14.767,8.493,
87311836668453,GameRo,-0.058,0.797,-0.563,0.213
87311837325192,pre,995.106,,,
87311856513791,acc,-24.128,5.298,6.803,
87311856513791,Gyro,1.649,-1.527,1.015,
87311856513791,Lacc,-21.177,14.347,9.177,
87311856513791,GameRo,-0.057,0.786,-0.570,0.233
87311862377804,pre,995.090,,,
87311876409094,acc,-31.140,2.980,6.085,
87311876409094,Gyro,2.711,-0.344,1.290,
87311876409094,Lacc,-27.929,12.055,7.975,
87311876409094,GameRo,-0.047,0.771,-0.585,0.248
87311887455522,pre,995.127,,,
87311896278520,acc,-41.023,0.017,6.343,
87311896278520,Gyro,3.647,1.945,2.022,
87311896278520,Lacc,-37.531,9.085,7.691,
87311896278520,GameRo,-0.019,0.754,-0.607,0.251
87311912508664,pre,995.139,,,
87311916149614,acc,-52.310,-3.416,11.948,
87311916149614,Gyro,3.922,4.042,3.498,
87311916149614,Lacc,-48.367,5.522,12.840,
87311916149614,GameRo,0.035,0.738,-0.629,0.243
87311935994015,acc,-68.558,-13.226,20.742,
87311935994015,Gyro,2.836,4.407,5.494,
87311935994015,Lacc,-63.846,-4.651,21.454,
87311935994015,GameRo,0.108,0.724,-0.639,0.236
87311937536740,pre,995.112,,,
87311955889482,acc,-84.694,-32.548,30.832,
87311955889482,Gyro,2.891,1.249,8.754,
87311955889482,Lacc,-78.789,-24.735,31.401,
87311955889482,GameRo,0.184,0.704,-0.634,0.262
87311962590614,pre,995.106,,,
87311975760454,acc,-87.253,-60.185,16.011,
87311975760454,Gyro,4.000,-0.146,11.968,
87311975760454,Lacc,-79.764,-53.849,15.996,
87311975760454,GameRo,0.268,0.654,-0.628,0.327
87311987669918,pre,995.127,,,
87311995630896,acc,-81.934,-79.145,9.956,
87311995630896,Gyro,4.448,1.774,13.333,
87311995630896,Lacc,-73.054,-74.987,9.649,
87311995630896,GameRo,0.371,0.589,-0.604,0.388
87312015501299,acc,-74.051,-83.903,14.300,
87312015501299,Gyro,5.559,3.611,13.281,
87312012722937,pre,995.106,,,
87312015501299,Lacc,-64.381,-82.249,14.295,
87312015501299,GameRo,0.484,0.515,-0.564,0.427
87312035347816,acc,-64.431,-80.796,10.639,
87312035347816,Gyro,5.237,4.272,12.987,
87312035347816,Lacc,-54.688,-81.637,11.411,
87312035347816,GameRo,0.593,0.433,-0.512,0.446
87312037776201,pre,995.045,,,
87312055240638,acc,-52.871,-74.664,7.119,
87312055240638,Gyro,2.955,3.827,12.539,
87312055240638,Lacc,-43.732,-77.805,8.808,
87312055240638,GameRo,0.679,0.353,-0.444,0.466
87312062803341,pre,994.987,,,
87312075110145,acc,-41.966,-67.831,6.050,
87312075110145,Gyro,0.815,3.399,11.749,
87312075110145,Lacc,-33.961,-72.978,8.429,
87312075110145,GameRo,0.737,0.279,-0.366,0.495
87312087881995,pre,994.984,,,
87312094981279,acc,-34.520,-63.175,8.026,
87312094981279,Gyro,-0.064,3.701,10.849,
87312094981279,Lacc,-28.011,-69.922,10.913,
87312094981279,GameRo,0.776,0.214,-0.284,0.522
87312114850298,acc,-23.728,-59.351,12.984,
87312114850298,Gyro,0.371,4.610,9.737,
87312112928463,pre,995.029,,,
87312114850298,Lacc,-18.965,-67.242,16.344,
87312114850298,GameRo,0.804,0.156,-0.197,0.538
87312134695919,acc,-15.138,-50.908,14.457,
87312134695919,Gyro,1.708,5.781,8.257,
87312134695919,Lacc,-12.185,-59.368,18.450,
87312134695919,GameRo,0.831,0.113,-0.109,0.534
87312137986162,pre,995.060,,,
87312154590899,acc,-11.227,-44.101,10.971,
87312154590899,Gyro,1.859,6.848,6.822,
87312154590899,Lacc,-10.069,-52.688,15.570,
87312154590899,GameRo,0.853,0.085,-0.018,0.515
87312163040239,pre,995.109,,,
87312174460852,acc,-10.586,-37.518,10.687,
87312174460852,Gyro,1.391,7.802,5.554,
87312174460852,Lacc,-11.137,-45.995,15.594,
87312174460852,GameRo,0.863,0.073,0.074,0.494
87312188091875,pre,995.194,,,
87312194332232,acc,-9.842,-33.131,10.721,
87312194332232,Gyro,0.841,8.203,5.114,
87312194332232,Lacc,-12.049,-41.362,15.580,
87312194332232,GameRo,0.862,0.069,0.169,0.473
87312214175737,acc,-4.554,-29.986,11.240,
87312214175737,Gyro,-0.601,7.509,4.497,
87312214175737,Lacc,-8.267,-37.929,15.639,
87312214175737,GameRo,0.848,0.065,0.258,0.457
87312213118811,pre,995.237,,,
87312234048052,acc,3.024,-25.915,13.933,
87312234048052,Gyro,-2.340,6.277,3.221,
87312234048052,Lacc,-1.798,-33.695,17.461,
87312234048052,GameRo,0.822,0.059,0.331,0.459
87312238197465,pre,995.161,,,
87312253940996,acc,6.731,-20.206,16.534,
87312253940996,Gyro,-1.977,6.051,1.858,
87312253940996,Lacc,1.206,-27.903,19.076,
87312253940996,GameRo,0.791,0.058,0.390,0.467
87312263253414,pre,995.097,,,
87312273788856,acc,5.902,-11.382,15.972,
87312273788856,Gyro,-0.850,6.731,1.347,
87312273788856,Lacc,-0.091,-18.977,17.595,
87312273788856,GameRo,0.760,0.074,0.448,0.466
87312288301470,pre,995.133,,,
87312293682003,acc,7.744,-7.221,17.605,
87312293682003,Gyro,-1.666,6.221,1.709,
87312293682003,Lacc,1.359,-14.642,18.233,
87312293682003,GameRo,0.724,0.088,0.505,0.461
87312313551633,acc,10.239,-9.012,23.327,
87312313551633,Gyro,-2.802,3.632,1.543,
87312313551633,Lacc,3.585,-16.211,22.968,
87312313551633,GameRo,0.689,0.083,0.549,0.466
87312313370684,pre,995.145,,,
87312333403113,acc,14.740,-7.279,23.947,
87312333403113,Gyro,-2.604,1.264,0.726,
87312333403113,Lacc,7.960,-14.296,22.933,
87312333403113,GameRo,0.666,0.069,0.568,0.478
87312338386146,pre,995.072,,,
87312353291867,acc,15.512,-4.194,20.829,
87312353291867,Gyro,-1.516,0.218,-0.014,
87312353291867,Lacc,8.713,-11.140,19.497,
87312353291867,GameRo,0.655,0.058,0.573,0.490
87312363439043,pre,995.039,,,
87312373162229,acc,14.485,-1.219,17.075,
87312373162229,Gyro,-0.727,-0.296,-0.524,
87312373162229,Lacc,7.734,-8.190,15.637,
87312373162229,GameRo,0.651,0.055,0.570,0.498
87312388491574,pre,995.066,,,
87312393032223,acc,13.487,1.821,13.348,
87312393032223,Gyro,-0.550,-0.779,-0.892,
87312393032223,Lacc,6.827,-5.239,11.919,
87312393032223,GameRo,0.651,0.054,0.563,0.506
87312412907305,acc,11.697,3.374,10.507,
87312412907305,Gyro,-0.673,-0.997,-1.072,
87312412907305,Lacc,5.156,-3.803,9.111,
87312412907305,GameRo,0.653,0.052,0.552,0.516
87312413547644,pre,995.063,,,
87312432772783,acc,10.431,4.440,9.805,
87312432772783,Gyro,-0.599,-1.064,-1.135,
87312432772783,Lacc,4.021,-2.860,8.445,
87312432772783,GameRo,0.654,0.050,0.539,0.528
87312438630612,pre,995.005,,,
87312452619707,acc,10.560,5.481,9.435,
87312452619707,Gyro,-0.302,-1.104,-1.184,
87312452619707,Lacc,4.289,-1.952,8.146,
87312452619707,GameRo,0.657,0.049,0.527,0.537
87312463695228,pre,994.978,,,
87312472512733,acc,10.092,5.621,9.347,
87312472512733,Gyro,0.232,-1.137,-1.430,
87312472512733,Lacc,3.991,-1.974,8.196,
87312472512733,GameRo,0.662,0.052,0.512,0.544
87312488712399,pre,995.026,,,
87312492383176,acc,7.845,4.930,8.115,
87312492383176,Gyro,0.708,-1.337,-1.670,
87312492383176,Lacc,1.962,-2.867,7.198,
87312492383176,GameRo,0.671,0.059,0.495,0.549
87312512252845,acc,6.149,4.986,7.209,
87312512252845,Gyro,0.876,-1.761,-1.822,
87312512252845,Lacc,0.520,-3.026,6.599,
87312512252845,GameRo,0.682,0.066,0.475,0.553
87312513758094,pre,995.057,,,
87312532123736,acc,4.664,4.953,6.487,
87312532123736,Gyro,0.879,-2.313,-1.896,
87312532123736,Lacc,-0.707,-3.244,6.042,
87312532123736,GameRo,0.687,0.069,0.455,0.562
87312538811846,pre,995.023,,,
87312551993161,acc,3.705,5.352,5.862,
87312551993161,Gyro,0.855,-2.722,-1.868,
87312551993161,Lacc,-1.367,-3.045,5.825,
87312551993161,GameRo,0.702,0.071,0.426,0.566
87312563863889,pre,994.987,,,
87312571863319,acc,2.827,5.314,5.598,
87312571863319,Gyro,0.840,-3.038,-1.744,
87312571863319,Lacc,-1.932,-3.256,5.984,
87312571863319,GameRo,0.717,0.071,0.394,0.570
87312588926348,pre,994.999,,,
87312591733680,acc,3.033,4.919,4.680,
87312591733680,Gyro,0.834,-3.152,-1.665,
87312591733680,Lacc,-1.402,-3.793,5.492,
87312591733680,GameRo,0.733,0.068,0.362,0.573
87312611603797,acc,3.251,4.672,4.015,
87312611603797,Gyro,0.776,-3.096,-1.656,
87312611603797,Lacc,-0.832,-4.165,5.226,
87312611603797,GameRo,0.747,0.065,0.329,0.575
87312613975949,pre,995.005,,,
87312631473873,acc,2.567,4.012,4.650,
87312631473873,Gyro,0.629,-3.268,-1.494,
87312631473873,Lacc,-1.153,-4.929,6.218,
87312631473873,GameRo,0.759,0.061,0.296,0.577
87312639035763,pre,994.968,,,
87312651343503,acc,2.331,2.371,5.031,
87312651343503,Gyro,0.486,-3.842,-1.349,
87312651343503,Lacc,-1.022,-6.649,6.939,
87312651343503,GameRo,0.771,0.052,0.261,0.579
87312664102617,pre,994.944,,,
87312671213823,acc,2.412,0.847,4.136,
87312671213823,Gyro,0.347,-4.478,-1.480,
87312671213823,Lacc,-0.516,-8.244,6.375,
87312671213823,GameRo,0.783,0.039,0.219,0.581
87312689155962,pre,994.962,,,
87312691083941,acc,2.493,-0.021,2.643,
87312691083941,Gyro,0.194,-4.919,-1.688,
87312691083941,Lacc,0.083,-9.188,5.173,
87312691083941,GameRo,0.793,0.024,0.172,0.584
87312710954424,acc,2.747,-1.084,0.758,
87312710954424,Gyro,0.008,-5.005,-1.893,
87312710954424,Lacc,0.927,-10.321,3.514,
87312710954424,GameRo,0.800,0.009,0.122,0.587
87312714185218,pre,994.987,,,
87312730825152,acc,2.484,-2.342,-0.483,
87312730825152,Gyro,-0.414,-4.857,-2.199,
87312730825152,Lacc,1.316,-11.653,2.376,
87312730825152,GameRo,0.804,-0.004,0.071,0.591
87312739264442,pre,994.981,,,
87312750694333,acc,2.049,-2.965,-1.207,
87312750694333,Gyro,-0.867,-4.433,-2.655,
87312750694333,Lacc,1.599,-12.356,1.593,
87312750694333,GameRo,0.802,-0.012,0.020,0.597
87312764318885,pre,994.962,,,
87312770564206,acc,1.114,-3.216,-0.676,
87312770564206,Gyro,-1.136,-3.638,-3.189,
87312770564206,Lacc,1.439,-12.667,1.931,
87312770564206,GameRo,0.795,-0.012,-0.030,0.605
87312789372108,pre,994.968,,,
87312790410235,acc,-2.162,-4.145,1.686,
87312790410235,Gyro,-1.109,-2.874,-3.717,
87312790410235,Lacc,-1.010,-13.602,4.028,
87312790410235,GameRo,0.787,-0.001,-0.075,0.612
87312810304359,acc,-6.341,-3.384,4.163,
87312810304359,Gyro,-0.827,-2.860,-4.004,
87312810304359,Lacc,-4.320,-12.756,6.241,
87312810304359,GameRo,0.778,0.014,-0.121,0.616
87312814401527,pre,995.002,,,
87312830175412,acc,-9.908,-2.213,4.342,
87312830175412,Gyro,-0.690,-3.453,-4.062,
87312830175412,Lacc,-7.000,-11.409,6.130,
87312830175412,GameRo,0.768,0.027,-0.171,0.616
87312839478756,pre,995.026,,,
87312850045000,acc,-12.948,-0.713,3.713,
87312850045000,Gyro,-0.923,-4.198,-3.756,
87312850045000,Lacc,-9.199,-9.673,5.094,
87312850045000,GameRo,0.754,0.035,-0.225,0.616
87312864532264,pre,995.014,,,
87312869925331,acc,-12.670,-0.198,1.605,
87312869925331,Gyro,-1.637,-4.701,-3.296,
87312869925331,Lacc,-8.213,-8.903,2.369,
87312869925331,GameRo,0.733,0.035,-0.280,0.619
87312889785072,acc,-9.983,-0.517,0.185,
87312889785072,Gyro,-2.421,-4.146,-3.375,
87312889785072,Lacc,-4.066,-8.342,0.121,
87312889785072,GameRo,0.701,0.076,-0.364,0.609
87312889586707,pre,994.993,,,
87312909656003,acc,-11.706,-1.596,3.736,
87312909656003,Gyro,-2.259,-2.736,-3.854,
87312909656003,Lacc,-5.254,-8.938,2.897,
87312909656003,GameRo,0.670,0.091,-0.407,0.614
87312914637407,pre,995.017,,,
87312929525754,acc,-15.708,-3.704,6.486,
87312929525754,Gyro,-1.107,-1.763,-4.208,
87312929525754,Lacc,-8.711,-10.454,5.171,
87312929525754,GameRo,0.648,0.113,-0.444,0.608
87312939666013,pre,995.029,,,
87312949395668,acc,-16.642,-3.331,4.985,
87312949395668,Gyro,-0.472,-1.502,-3.967,
87312949395668,Lacc,-9.154,-9.466,3.392,
87312949395668,GameRo,0.633,0.134,-0.477,0.594
87312964717526,pre,995.005,,,
87312969240231,acc,-15.097,-3.105,2.817,
87312969240231,Gyro,-0.896,-1.767,-3.839,
87312969240231,Lacc,-7.225,-8.635,0.898,
87312969240231,GameRo,0.616,0.151,-0.509,0.582
87312989135902,acc,-15.550,-3.846,0.909,
87312989135902,Gyro,-1.752,-1.708,-4.064,
87312989135902,Lacc,-7.339,-8.667,-1.451,
87312989135902,GameRo,0.592,0.172,-0.541,0.573
87312989772295,pre,994.987,,,
87313009005937,acc,-16.382,-5.212,-0.355,
87313009005937,Gyro,-2.519,-1.000,-3.953,
87313009005937,Lacc,-7.877,-9.236,-3.131,
87313009005937,GameRo,0.564,0.201,-0.567,0.566
87313014838946,pre,995.005,,,
87313028876218,acc,-15.996,-6.238,0.554,
87313028876218,Gyro,-3.540,-0.256,-3.525,
87313028876218,Lacc,-7.248,-9.444,-2.516,
87313028876218,GameRo,0.536,0.237,-0.583,0.563
87313039900347,pre,995.023,,,
87313048746457,acc,-16.219,-10.089,3.365,
87313048746457,Gyro,-4.993,-0.107,-3.490,
87313048746457,Lacc,-7.285,-12.402,0.039,
87313048746457,GameRo,0.502,0.281,-0.591,0.566
87313064962521,pre,995.011,,,
87313068597735,acc,-17.436,-15.195,7.025,
87313068597735,Gyro,-6.074,-0.262,-3.843,
87313068597735,Lacc,-8.386,-16.435,3.449,
87313068597735,GameRo,0.455,0.332,-0.595,0.573
87313088486122,acc,-18.739,-17.323,9.976,
87313088486122,Gyro,-5.727,0.156,-4.459,
87313088486122,Lacc,-9.642,-17.350,6.306,
87313088486122,GameRo,0.405,0.386,-0.598,0.574
87313089990964,pre,995.014,,,
87313108356768,acc,-20.718,-16.119,11.024,
87313108356768,Gyro,-4.173,0.816,-4.759,
87313108356768,Lacc,-11.632,-14.939,7.518,
87313108356768,GameRo,0.362,0.436,-0.603,0.561
87313115043495,pre,995.032,,,
87313128251788,acc,-21.497,-15.911,7.845,
87313128251788,Gyro,-2.912,1.444,-4.625,
87313128251788,Lacc,-12.490,-13.675,4.667,
87313128251788,GameRo,0.331,0.478,-0.611,0.538
87313140118283,pre,995.054,,,
87313148098304,acc,-21.891,-17.593,5.527,
87313148098304,Gyro,-2.530,2.065,-4.769,
87313148098304,Lacc,-13.026,-14.375,2.826,
87313148098304,GameRo,0.306,0.518,-0.616,0.508
87313165176267,pre,995.072,,,
87313167966917,acc,-22.645,-17.479,6.029,
87313167966917,Gyro,-2.833,2.296,-5.077,
87313167966917,Lacc,-14.038,-13.271,3.922,
87313167966917,GameRo,0.281,0.560,-0.620,0.473
87313187837359,acc,-24.413,-16.919,7.629,
87313187837359,Gyro,-3.030,2.407,-5.662,
87313187837359,Lacc,-16.235,-11.692,6.202,
87313187837359,GameRo,0.250,0.604,-0.620,0.434
87313190218259,pre,995.075,,,
87313207707151,acc,-27.851,-14.377,10.003,
87313207707151,Gyro,-2.142,2.558,-5.916,
87313207707151,Lacc,-20.296,-8.162,9.264,
87313207707151,GameRo,0.218,0.644,-0.623,0.387
87313215283648,pre,995.042,,,
87313227577634,acc,-28.451,-9.798,10.072,
87313227577634,Gyro,-0.968,2.179,-5.259,
87313227577634,Lacc,-21.607,-2.774,9.838,
87313227577634,GameRo,0.192,0.672,-0.630,0.340
87313240336830,pre,995.026,,,
87313247448118,acc,-25.683,-7.380,7.535,
87313247448118,Gyro,-0.485,1.624,-4.447,
87313247448118,Lacc,-19.508,0.243,7.606,
87313247448118,GameRo,0.170,0.689,-0.638,0.300
87313265389443,pre,995.036,,,
87313267318072,acc,-23.577,-5.958,6.307,
87313267318072,Gyro,-0.226,1.262,-4.024,
87313267318072,Lacc,-18.043,2.138,6.581,
87313267318072,GameRo,0.149,0.701,-0.645,0.265
87313287187864,acc,-22.785,-3.320,6.166,
87313287187864,Gyro,0.250,0.917,-3.601,
87313287187864,Lacc,-17.873,5.164,6.533,
87313287187864,GameRo,0.130,0.708,-0.653,0.234
87313290445187,pre,995.045,,,
87313307058062,acc,-21.623,-0.839,5.212,
87313307058062,Gyro,0.642,0.337,-2.765,
87313307058062,Lacc,-17.235,7.929,5.530,
87313307058062,GameRo,0.113,0.709,-0.663,0.209
87313315497637,pre,995.045,,,
87313326928098,acc,-19.463,-0.134,3.251,
87313326928098,Gyro,0.560,-0.428,-1.745,
87313326928098,Lacc,-15.428,8.806,3.435,
87313326928098,GameRo,0.099,0.707,-0.672,0.196
87313340551185,pre,995.063,,,
87313346772661,acc,-16.443,-0.431,1.118,
87313346772661,Gyro,0.057,-1.007,-0.943,
87313346772661,Lacc,-12.600,8.595,1.186,
87313346772661,GameRo,0.086,0.704,-0.677,0.195
87313365604286,pre,995.075,,,
87313366644122,acc,-13.601,-0.724,0.035,
87313366644122,Gyro,-0.483,-1.025,-0.465,
87313366644122,Lacc,-9.849,8.340,0.081,
87313366644122,GameRo,0.075,0.705,-0.677,0.200
87313386539710,acc,-11.918,-1.231,0.342,
87313386539710,Gyro,-0.692,-0.537,-0.192,
87313386539710,Lacc,-8.202,7.847,0.457,
87313386539710,GameRo,0.067,0.708,-0.673,0.204
87313390657305,pre,995.060,,,
87313406408933,acc,-11.127,-2.025,1.520,
87313406408933,Gyro,-0.478,0.148,0.020,
87313406408933,Lacc,-7.411,7.051,1.738,
87313406408933,GameRo,0.065,0.712,-0.668,0.205
87313415709511,pre,995.081,,,
87313426280026,acc,-10.436,-2.454,2.552,
87313426280026,Gyro,0.017,0.769,0.248,
87313426280026,Lacc,-6.683,6.605,2.840,
87313426280026,GameRo,0.070,0.714,-0.667,0.202
87313440764117,pre,995.115,,,
87313446149045,acc,-10.116,-3.040,3.029,
87313446149045,Gyro,0.584,1.198,0.458,
87313446149045,Lacc,-6.291,5.989,3.323,
87313446149045,GameRo,0.081,0.713,-0.668,0.197
87313466019041,acc,-10.068,-3.818,3.029,
87313466019041,Gyro,1.066,1.388,0.660,
87313466019041,Lacc,-6.135,5.166,3.257,
87313466019041,GameRo,0.097,0.709,-0.672,0.191
87313465817340,pre,995.100,,,
87313485889239,acc,-9.697,-4.373,2.682,
87313485889239,Gyro,1.334,1.347,0.813,
87313485889239,Lacc,-5.624,4.551,2.788,
87313485889239,GameRo,0.114,0.702,-0.678,0.185
87313490872189,pre,995.078,,,
87313505759479,acc,-9.334,-4.711,2.009,
87313505759479,Gyro,1.378,1.192,0.913,
87313505759479,Lacc,-5.090,4.134,1.965,
87313505759479,GameRo,0.132,0.693,-0.685,0.182
87313515899289,pre,995.121,,,
87313525630450,acc,-9.340,-4.969,1.274,
87313525630450,Gyro,1.210,1.080,1.055,
87313525630450,Lacc,-4.904,3.779,1.096,
87313525630450,GameRo,0.149,0.685,-0.690,0.180
87313540949704,pre,995.185,,,
87313545499916,acc,-9.563,-5.336,1.000,
87313545499916,Gyro,0.906,0.976,1.306,
87313545499916,Lacc,-4.908,3.295,0.738,
87313545499916,GameRo,0.166,0.677,-0.694,0.180
87313565370481,acc,-9.554,-5.912,1.103,
87313565370481,Gyro,0.571,0.794,1.601,
87313565370481,Lacc,-4.632,2.569,0.809,
87313565370481,GameRo,0.184,0.672,-0.694,0.183
87313566002154,pre,995.179,,,
87313585240476,acc,-9.197,-6.966,1.265,
87313585240476,Gyro,0.275,0.468,1.810,
87313585240476,Lacc,-3.973,1.333,0.969,
87313585240476,GameRo,0.200,0.667,-0.692,0.191
87313591078407,pre,995.136,,,
87313605110023,acc,-8.289,-7.585,1.060,
87313605110023,Gyro,0.056,0.193,1.835,
87313605110023,Lacc,-2.759,0.512,0.772,
87313605110023,GameRo,0.215,0.663,-0.688,0.202
87313616115883,pre,995.139,,,
87313624980182,acc,-7.615,-7.809,0.673,
87313624980182,Gyro,-0.004,0.167,1.681,
87313624980182,Lacc,-1.805,0.090,0.400,
87313624980182,GameRo,0.227,0.659,-0.684,0.213
87313641185829,pre,995.167,,,
87313644850461,acc,-7.662,-8.084,0.645,
87313644850461,Gyro,0.081,0.356,1.498,
87313644850461,Lacc,-1.610,-0.367,0.401,
87313644850461,GameRo,0.239,0.656,-0.681,0.222
87313664720701,acc,-7.969,-8.558,0.943,
87313664720701,Gyro,0.336,0.562,1.408,
87313664720701,Lacc,-1.698,-1.017,0.725,
87313664720701,GameRo,0.252,0.652,-0.678,0.228
87313666217609,pre,995.164,,,
87313684590777,acc,-7.822,-8.728,1.096,
87313684590777,Gyro,0.746,0.810,1.316,
87313684590777,Lacc,-1.348,-1.361,0.879,
87313684590777,GameRo,0.267,0.646,-0.677,0.231
87313691294879,pre,995.133,,,
87313704460813,acc,-7.575,-8.319,1.093,
87313704460813,Gyro,1.260,1.193,1.179,
87313704460813,Lacc,-0.920,-1.115,0.856,
87313704460813,GameRo,0.285,0.638,-0.678,0.229
87313716348711,pre,995.130,,,
87313724330889,acc,-7.512,-7.758,1.141,
87313724330889,Gyro,1.699,1.478,1.138,
87313724330889,Lacc,-0.690,-0.714,0.869,
87313724330889,GameRo,0.305,0.627,-0.681,0.223
87313741402585,pre,995.130,,,
87313744200925,acc,-7.214,-7.297,1.009,
87313744200925,Gyro,1.827,1.469,1.203,
87313744200925,Lacc,-0.220,-0.425,0.690,
87313744200925,GameRo,0.327,0.614,-0.685,0.216
87313764071205,acc,-6.680,-7.065,0.807,
87313764071205,Gyro,1.657,1.253,1.270,
87313764071205,Lacc,0.489,-0.379,0.440,
87313764071205,GameRo,0.347,0.601,-0.689,0.211
87313766458982,pre,995.130,,,
87313783941322,acc,-6.563,-7.199,0.519,
87313783941322,Gyro,1.406,1.013,1.281,
87313783941322,Lacc,0.762,-0.686,0.109,
87313783941322,GameRo,0.364,0.589,-0.691,0.207
87313791510821,pre,995.115,,,
87313803811277,acc,-7.039,-7.667,0.292,
87313803811277,Gyro,1.166,0.809,1.313,
87313803811277,Lacc,0.454,-1.350,-0.146,
87313803811277,GameRo,0.380,0.577,-0.693,0.206
87313816539223,pre,995.118,,,
87313823681475,acc,-7.020,-8.138,-0.082,
87313823681475,Gyro,0.918,0.633,1.388,
87313823681475,Lacc,0.646,-2.034,-0.542,
87313823681475,GameRo,0.394,0.567,-0.693,0.207
87313841595172,pre,995.118,,,
87313843552000,acc,-6.495,-8.374,-0.159,
87313843552000,Gyro,0.547,0.448,1.342,
87313843552000,Lacc,1.334,-2.480,-0.618,
87313843552000,GameRo,0.407,0.558,-0.692,0.211
87313863422117,acc,-5.934,-8.377,-0.014,
87313863422117,Gyro,0.115,0.249,1.157,
87313863422117,Lacc,1.982,-2.599,-0.441,
87313863422117,GameRo,0.413,0.554,-0.690,0.213
87313866659056,pre,995.133,,,
87313883266600,acc,-5.595,-7.843,0.494,
87313883266600,Gyro,-0.205,0.111,0.906,
87313883266600,Lacc,2.139,-1.821,0.082,
87313883266600,GameRo,0.404,0.562,-0.693,0.203
87313891720864,pre,995.146,,,
87313903162025,acc,-5.649,-6.891,1.183,
87313903162025,Gyro,-0.302,0.029,0.741,
87313903162025,Lacc,2.172,-0.980,0.813,
87313903162025,GameRo,0.408,0.561,-0.689,0.209
87313916784991,pre,995.133,,,
87313923032347,acc,-5.783,-6.278,1.452,
87313923032347,Gyro,-0.198,-0.038,0.715,
87313923032347,Lacc,2.119,-0.474,1.107,
87313923032347,GameRo,0.411,0.560,-0.686,0.215
87313941814817,pre,995.118,,,
87313942877520,acc,-6.316,-6.688,1.125,
87313942877520,Gyro,-0.077,-0.005,0.661,
87313942877520,Lacc,1.647,-0.969,0.773,
87313942877520,GameRo,0.413,0.558,-0.685,0.220
87313962760252,acc,-7.154,-7.308,0.735,
87313962760252,Gyro,-0.056,0.117,0.568,
87313962760252,Lacc,0.848,-1.643,0.388,
87313962760252,GameRo,0.415,0.557,-0.684,0.222
87313966891436,pre,995.121,,,
87313982642657,acc,-7.632,-7.487,1.071,
87313982642657,Gyro,-0.102,0.184,0.429,
87313982642657,Lacc,0.424,-1.897,0.763,
87313982642657,GameRo,0.419,0.556,-0.682,0.224
87313991945147,pre,995.118,,,
87314002494952,acc,-7.329,-6.894,1.831,
87314002494952,Gyro,-0.096,0.054,0.140,
87314002494952,Lacc,0.727,-1.306,1.506,
87314002494952,GameRo,0.419,0.555,-0.683,0.225
87314016998818,pre,995.094,,,
87314022383095,acc,-6.974,-4.726,2.209,
87314022383095,Gyro,0.026,-0.157,-0.153,
87314022383095,Lacc,1.073,0.874,1.871,
87314022383095,GameRo,0.418,0.555,-0.683,0.225
87314042229653,acc,-7.591,-2.863,1.898,
87314042229653,Gyro,0.331,-0.261,-0.347,
87314042229653,Lacc,0.421,2.783,1.495,
87314042229653,GameRo,0.415,0.554,-0.686,0.223
87314042027586,pre,995.103,,,
87314062124184,acc,-9.067,-2.194,1.024,
87314062124184,Gyro,0.756,-0.246,-0.397,
87314062124184,Lacc,-1.040,3.420,0.490,
87314062124184,GameRo,0.415,0.548,-0.691,0.223
87314067106484,pre,995.136,,,
87314081971474,acc,-10.685,-2.009,-0.465,
87314081971474,Gyro,1.056,-0.100,-0.235,
87314081971474,Lacc,-2.694,3.642,-1.137,
87314081971474,GameRo,0.415,0.542,-0.698,0.218
87314092140420,pre,995.161,,,
87314101837766,acc,-11.702,-2.360,-1.919,
87314101837766,Gyro,0.968,0.191,0.118,
87314101837766,Lacc,-3.708,3.272,-2.695,
87314101837766,GameRo,0.418,0.535,-0.703,0.213
87314117195962,pre,995.139,,,
87314121734332,acc,-11.531,-2.968,-2.330,
87314121734332,Gyro,0.505,0.515,0.376,
87314121734332,Lacc,-3.491,2.598,-3.113,
87314121734332,GameRo,0.424,0.530,-0.704,0.210
87314141603880,acc,-11.240,-3.071,-1.062,
87314141603880,Gyro,0.050,0.705,0.376,
87314141603880,Lacc,-3.144,2.424,-1.753,
87314141603880,GameRo,0.431,0.528,-0.701,0.209
87314142247271,pre,995.103,,,
87314161474851,acc,-11.260,-2.766,0.539,
87314161474851,Gyro,-0.120,0.640,0.332,
87314161474851,Lacc,-3.116,2.674,-0.025,
87314161474851,GameRo,0.438,0.529,-0.697,0.208
87314167324338,pre,995.094,,,
87314181347085,acc,-11.034,-2.270,1.388,
87314181347085,Gyro,-0.122,0.294,0.384,
87314181347085,Lacc,-2.846,3.112,0.908,
87314181347085,GameRo,0.442,0.529,-0.693,0.209
87314192382200,pre,995.127,,,
87314201214882,acc,-10.379,-1.932,1.423,
87314201214882,Gyro,-0.026,-0.104,0.544,
87314201214882,Lacc,-2.135,3.363,0.949,
87314201214882,GameRo,0.445,0.527,-0.692,0.213
87314217437620,pre,995.158,,,
87314221059446,acc,-9.426,-2.223,0.768,
87314221059446,Gyro,0.163,-0.272,0.673,
87314221059446,Lacc,-0.821,2.452,0.194,
87314221059446,GameRo,0.463,0.506,-0.688,0.238
87314240954547,acc,-8.564,-2.686,-0.058,
87314240954547,Gyro,0.348,-0.139,0.690,
87314240954547,Lacc,0.105,1.862,-0.696,
87314240954547,GameRo,0.466,0.501,-0.688,0.242
87314242467080,pre,995.158,,,
87314260799599,acc,-8.154,-3.055,-0.402,
87314260799599,Gyro,0.465,0.160,0.695,
87314260799599,Lacc,0.577,1.367,-1.070,
87314260799599,GameRo,0.471,0.495,-0.689,0.245
87314267548379,pre,995.155,,,
87314280719439,acc,-7.879,-3.559,-0.318,
87314280719439,Gyro,0.520,0.490,0.738,
87314280719439,Lacc,0.920,0.731,-0.960,
87314280719439,GameRo,0.478,0.489,-0.687,0.245
87314292603066,pre,995.179,,,
87314300565957,acc,-7.552,-4.158,0.049,
87314300565957,Gyro,0.515,0.718,0.776,
87314300565957,Lacc,1.319,-0.009,-0.519,
87314300565957,GameRo,0.488,0.483,-0.685,0.245
87314320410439,acc,-7.198,-4.730,0.414,
87314320410439,Gyro,0.444,0.783,0.772,
87314320410439,Lacc,1.744,-0.723,-0.053,
87314320410439,GameRo,0.498,0.478,-0.681,0.244
87314317633462,pre,995.167,,,
87314340280475,acc,-6.772,-5.336,0.622,
87314340280475,Gyro,0.307,0.744,0.709,
87314340280475,Lacc,2.233,-1.462,0.264,
87314340280475,GameRo,0.507,0.474,-0.678,0.243
87314342688026,pre,995.133,,,
87314360175901,acc,-6.430,-5.924,0.799,
87314360175901,Gyro,0.148,0.632,0.549,
87314360175901,Lacc,2.625,-2.158,0.547,
87314360175901,GameRo,0.515,0.471,-0.674,0.243
87314367760048,pre,995.130,,,
87314380045571,acc,-6.319,-6.295,1.000,
87314380045571,Gyro,0.002,0.453,0.350,
87314380045571,Lacc,2.765,-2.595,0.836,
87314380045571,GameRo,0.520,0.470,-0.670,0.243
87314392823077,pre,995.167,,,
87314399916908,acc,-6.207,-6.656,0.956,
87314399916908,Gyro,-0.134,0.220,0.131,
87314399916908,Lacc,2.883,-2.967,0.846,
87314399916908,GameRo,0.522,0.471,-0.668,0.243
87314417878416,pre,995.182,,,
87314419786172,acc,-5.996,-6.709,0.728,
87314419786172,Gyro,-0.271,-0.008,-0.114,
87314419786172,Lacc,3.085,-2.999,0.642,
87314419786172,GameRo,0.521,0.473,-0.667,0.243
87314439655963,acc,-5.724,-6.698,0.416,
87314439655963,Gyro,-0.475,-0.220,-0.260,
87314439655963,Lacc,3.337,-2.941,0.331,
87314439655963,GameRo,0.518,0.477,-0.667,0.244
87314442932981,pre,995.170,,,
87314459526976,acc,-5.316,-7.223,0.192,
87314459526976,Gyro,-0.740,-0.408,-0.371,
87314459526976,Lacc,3.715,-3.395,0.092,
87314459526976,GameRo,0.512,0.482,-0.667,0.247
87314467961871,pre,995.161,,,
87314479395953,acc,-5.175,-8.159,0.060,
87314479395953,Gyro,-0.900,-0.467,-0.630,
87314479395953,Lacc,3.503,-3.586,-0.052,
87314479395953,GameRo,0.485,0.509,-0.674,0.227
87314493041217,pre,995.136,,,
87314499267617,acc,-6.325,-9.446,-0.241,
87314499267617,Gyro,-0.855,-0.281,-1.005,
87314499267617,Lacc,2.268,-4.716,-0.335,
87314499267617,GameRo,0.476,0.518,-0.673,0.227
87314519123208,acc,-7.980,-10.907,-0.784,
87314519123208,Gyro,-0.828,0.023,-1.267,
87314519123208,Lacc,0.495,-5.967,-0.812,
87314519123208,GameRo,0.467,0.529,-0.672,0.223
87314518075234,pre,995.133,,,
87314539007322,acc,-8.868,-12.023,-0.752,
87314539007322,Gyro,-1.031,0.221,-1.432,
87314539007322,Lacc,-0.533,-6.850,-0.654,
87314539007322,GameRo,0.459,0.542,-0.669,0.217
87314543150470,pre,995.158,,,
87314558877114,acc,-8.303,-11.539,0.423,
87314558877114,Gyro,-1.278,0.226,-1.734,
87314558877114,Lacc,-0.140,-6.105,0.692,
87314558877114,GameRo,0.449,0.558,-0.665,0.210
87314568178993,pre,995.149,,,
87314578748004,acc,-7.244,-9.611,1.843,
87314578748004,Gyro,-1.307,0.084,-2.200,
87314578748004,Lacc,0.690,-3.858,2.281,
87314578748004,GameRo,0.436,0.577,-0.661,0.202
87314593260984,pre,995.115,,,
87314598596271,acc,-6.858,-7.782,2.665,
87314598596271,Gyro,-1.120,-0.107,-2.702,
87314598596271,Lacc,0.774,-1.644,3.234,
87314598596271,GameRo,0.418,0.595,-0.659,0.190
87314618492430,acc,-8.162,-6.886,2.605,
87314618492430,Gyro,-0.840,-0.282,-3.028,
87314618492430,Lacc,-0.903,-0.320,3.253,
87314618492430,GameRo,0.397,0.613,-0.660,0.176
87314618318805,pre,995.133,,,
87314638357624,acc,-10.153,-6.846,2.095,
87314638357624,Gyro,-0.605,-0.481,-2.980,
87314638357624,Lacc,-3.299,0.139,2.774,
87314638357624,GameRo,0.375,0.628,-0.663,0.161
87314643348509,pre,995.167,,,
87314658228310,acc,-11.485,-6.991,1.572,
87314658228310,Gyro,-0.482,-0.724,-2.664,
87314658228310,Lacc,-5.017,0.355,2.235,
87314658228310,GameRo,0.352,0.640,-0.666,0.149
87314668406329,pre,995.158,,,
87314678097492,acc,-11.509,-7.080,0.983,
87314678097492,Gyro,-0.435,-0.938,-2.309,
87314678097492,Lacc,-5.385,0.560,1.600,
87314678097492,GameRo,0.330,0.650,-0.670,0.140
87314693473346,pre,995.142,,,
87314697968992,acc,-10.905,-7.132,0.361,
87314697968992,Gyro,-0.493,-1.070,-2.136,
87314697968992,Lacc,-5.099,0.756,0.925,
87314697968992,GameRo,0.309,0.658,-0.673,0.134
87314717838052,acc,-10.377,-6.809,0.106,
87314717838052,Gyro,-0.744,-1.293,-2.127,
87314717838052,Lacc,-4.893,1.308,0.635,
87314717838052,GameRo,0.286,0.667,-0.676,0.129
87314718523599,pre,995.149,,,
87314737709104,acc,-10.015,-6.179,-0.307,
87314737709104,Gyro,-1.116,-1.480,-2.197,
87314737709104,Lacc,-4.865,2.153,0.235,
87314737709104,GameRo,0.261,0.678,-0.675,0.127
87314743585366,pre,995.155,,,
87314757578286,acc,-9.811,-5.318,-0.427,
87314757578286,Gyro,-1.319,-1.463,-2.201,
87314757578286,Lacc,-5.011,3.216,0.181,
87314757578286,GameRo,0.234,0.690,-0.673,0.126
87314768646605,pre,995.146,,,
87314777449461,acc,-9.942,-5.142,-0.271,
87314777449461,Gyro,-1.460,-1.482,-2.225,
87314777449461,Lacc,-5.498,3.574,0.448,
87314777449461,GameRo,0.208,0.703,-0.669,0.125
87314793705279,pre,995.127,,,
87314797293252,acc,-10.179,-4.828,-0.592,
87314797293252,Gyro,-1.551,-1.488,-2.190,
87314797293252,Lacc,-6.095,4.050,0.266,
87314797293252,GameRo,0.180,0.715,-0.664,0.124
87314817189776,acc,-10.517,-4.871,-1.205,
87314817189776,Gyro,-1.673,-1.448,-2.115,
87314817189776,Lacc,-6.778,4.139,-0.172,
87314817189776,GameRo,0.153,0.727,-0.657,0.124
87314818733722,pre,995.091,,,
87314837059406,acc,-11.055,-3.681,-1.630,
87314837059406,Gyro,-1.418,-0.894,-1.953,
87314837059406,Lacc,-7.649,5.435,-0.393,
87314837059406,GameRo,0.129,0.739,-0.650,0.121
87314843813068,pre,995.100,,,
87314856930093,acc,-11.415,-4.204,-1.005,
87314856930093,Gyro,-1.025,-0.424,-1.920,
87314856930093,Lacc,-8.333,5.003,0.403,
87314856930093,GameRo,0.111,0.748,-0.644,0.114
87314868868284,pre,995.152,,,
87314876800047,acc,-12.224,-3.300,-0.851,
87314876800047,Gyro,-0.790,-0.260,-1.876,
87314876800047,Lacc,-9.480,5.990,0.696,
87314876800047,GameRo,0.094,0.755,-0.640,0.105
87314896644408,acc,-12.438,-2.025,-0.849,
87314896644408,Gyro,-0.716,-0.264,-1.633,
87314896644408,Lacc,-10.000,7.329,0.817,
87314896644408,GameRo,0.079,0.761,-0.637,0.097
87314893936278,pre,995.164,,,
87314916539874,acc,-12.739,-0.600,-0.162,
87314916539874,Gyro,-0.761,-0.471,-1.249,
87314916539874,Lacc,-10.538,8.792,1.624,
87314916539874,GameRo,0.066,0.766,-0.633,0.092
87314918952188,pre,995.146,,,
87314936410480,acc,-13.082,-0.164,0.246,
87314936410480,Gyro,-0.848,-0.905,-0.745,
87314936410480,Lacc,-11.014,9.234,2.153,
87314936410480,GameRo,0.054,0.771,-0.628,0.093
87314944031208,pre,995.155,,,
87314956279905,acc,-13.442,-0.417,-0.377,
87314956279905,Gyro,-0.783,-1.135,-0.222,
87314956279905,Lacc,-11.393,8.961,1.642,
87314956279905,GameRo,0.043,0.775,-0.622,0.100
87314969085082,pre,995.164,,,
87314976151081,acc,-13.898,-1.117,-0.759,
87314976151081,Gyro,-0.480,-0.967,0.307,
87314976151081,Lacc,-11.770,8.229,1.326,
87314976151081,GameRo,0.038,0.778,-0.618,0.110
87314994140623,pre,995.127,,,
87314996020587,acc,-14.563,-2.563,-1.044,
87314996020587,Gyro,-0.095,-0.523,0.824,
87314996020587,Lacc,-12.274,6.743,1.054,
87314996020587,GameRo,0.038,0.778,-0.615,0.120
87315015891153,acc,-15.059,-3.951,-0.651,
87315015891153,Gyro,0.312,-0.084,1.371,
87315015891153,Lacc,-12.533,5.304,1.401,
87315015891153,GameRo,0.047,0.776,-0.616,0.129
87315019174559,pre,995.094,,,
87315035760618,acc,-15.132,-5.324,-0.170,
87315035760618,Gyro,0.672,0.267,1.889,
87315035760618,Lacc,-12.285,3.858,1.787,
87315035760618,GameRo,0.062,0.772,-0.617,0.138
87315044249795,pre,995.100,,,
87315055631346,acc,-15.371,-6.884,0.359,
87315055631346,Gyro,0.999,0.514,2.242,
87315055631346,Lacc,-12.142,2.199,2.178,
87315055631346,GameRo,0.083,0.765,-0.621,0.147
87315069307900,pre,995.136,,,
87315075500690,acc,-15.038,-7.549,0.928,
87315075500690,Gyro,1.331,0.522,2.494,
87315075500690,Lacc,-11.388,1.409,2.564,
87315075500690,GameRo,0.107,0.756,-0.626,0.157
87315095362466,acc,-13.898,-7.011,0.905,
87315095362466,Gyro,1.631,0.438,2.718,
87315094361042,pre,995.142,,,
87315095362466,Lacc,-9.788,1.787,2.300,
87315095362466,GameRo,0.132,0.744,-0.633,0.169
87315115216144,acc,-12.241,-6.003,0.633,
87315115216144,Gyro,1.854,0.432,2.942,
87315115216144,Lacc,-7.640,2.589,1.753,
87315115216144,GameRo,0.159,0.729,-0.640,0.182
87315119394286,pre,995.112,,,
87315135112466,acc,-11.138,-5.278,0.281,
87315135112466,Gyro,2.011,0.626,3.170,
87315135112466,Lacc,-6.021,3.050,1.118,
87315135112466,GameRo,0.189,0.712,-0.648,0.194
87315144470987,pre,995.084,,,
87315154981321,acc,-11.386,-6.134,0.069,
87315154981321,Gyro,2.059,0.959,3.432,
87315154981321,Lacc,-5.735,1.863,0.663,
87315154981321,GameRo,0.222,0.694,-0.654,0.206
87315169524657,pre,995.091,,,
87315174827147,acc,-12.228,-8.150,0.055,
87315174827147,Gyro,2.030,1.255,3.717,
87315174827147,Lacc,-6.023,-0.563,0.469,
87315174827147,GameRo,0.259,0.674,-0.657,0.217
87315194745035,acc,-12.590,-10.454,0.234,
87315194745035,Gyro,2.056,1.521,3.895,
87315194745035,Lacc,-5.830,-3.351,0.539,
87315194745035,GameRo,0.298,0.653,-0.658,0.227
87315194577188,pre,995.091,,,
87315214568236,acc,-11.848,-11.978,0.279,
87315214568236,Gyro,2.241,1.873,3.841,
87315214568236,Lacc,-4.567,-5.409,0.531,
87315214568236,GameRo,0.339,0.631,-0.657,0.235
87315219604450,pre,995.063,,,
87315234462238,acc,-10.709,-11.495,0.724,
87315234462238,Gyro,2.381,2.289,3.419,
87315234462238,Lacc,-2.989,-5.449,1.007,
87315234462238,GameRo,0.381,0.608,-0.656,0.236
87315244662026,pre,995.063,,,
87315254333088,acc,-10.114,-11.358,0.614,
87315254333088,Gyro,2.311,2.435,2.877,
87315254333088,Lacc,-2.061,-5.771,1.000,
87315254333088,GameRo,0.420,0.586,-0.653,0.232
87315269714354,pre,995.097,,,
87315274188923,acc,-9.145,-9.569,0.685,
87315274188923,Gyro,2.150,2.564,2.363,
87315274188923,Lacc,-0.845,-4.369,1.246,
87315274188923,GameRo,0.456,0.566,-0.649,0.224
87315294072712,acc,-8.463,-7.562,0.751,
87315294072712,Gyro,1.921,2.635,1.887,
87315294072712,Lacc,0.003,-2.669,1.546,
87315294072712,GameRo,0.488,0.550,-0.643,0.213
87315294780842,pre,995.103,,,
87315313943033,acc,-8.568,-6.074,1.005,
87315313943033,Gyro,1.578,2.578,1.629,
87315313943033,Lacc,0.004,-1.426,2.074,
87315313943033,GameRo,0.517,0.536,-0.636,0.201
87315319842975,pre,995.088,,,
87315333813922,acc,-8.709,-5.264,1.432,
87315333813922,Gyro,1.142,2.253,1.597,
87315333813922,Lacc,-0.052,-0.835,2.725,
87315333813922,GameRo,0.541,0.523,-0.630,0.192
87315344908487,pre,995.103,,,
87315353683145,acc,-8.797,-5.034,1.591,
87315353683145,Gyro,0.604,1.721,1.708,
87315353683145,Lacc,-0.049,-0.845,3.062,
87315353683145,GameRo,0.561,0.510,-0.624,0.188
87315369965901,pre,995.139,,,
87315373553058,acc,-8.605,-5.256,1.603,
87315373553058,Gyro,-0.015,1.074,1.892,
87315373553058,Lacc,0.249,-1.330,3.167,
87315373553058,GameRo,0.574,0.500,-0.620,0.191
87315393423420,acc,-7.911,-5.720,1.510,
87315393423420,Gyro,-0.597,0.461,2.040,
87315393423420,Lacc,0.966,-1.680,2.566,
87315393423420,GameRo,0.561,0.489,-0.640,0.191
87315394992227,pre,995.142,,,
87315413293659,acc,-7.048,-6.293,1.555,
87315413293659,Gyro,-0.993,0.044,2.075,
87315413293659,Lacc,1.911,-2.411,2.513,
87315413293659,GameRo,0.559,0.486,-0.640,0.202
87315420073403,pre,995.133,,,
87315433163776,acc,-6.211,-6.771,1.759,
87315433163776,Gyro,-1.101,-0.215,2.047,
87315433163776,Lacc,2.875,-3.200,2.718,
87315433163776,GameRo,0.562,0.482,-0.634,0.220
87315445127724,pre,995.133,,,
87315453034056,acc,-5.093,-6.922,1.731,
87315453034056,Gyro,-1.022,-0.357,1.959,
87315453034056,Lacc,4.132,-3.730,2.700,
87315453034056,GameRo,0.567,0.477,-0.627,0.240
87315470157347,pre,995.127,,,
87315472904092,acc,-4.332,-7.447,1.513,
87315472904092,Gyro,-0.899,-0.411,1.845,
87315472904092,Lacc,5.013,-4.616,2.461,
87315472904092,GameRo,0.571,0.471,-0.620,0.259
87315492774209,acc,-3.619,-8.794,1.216,
87315492774209,Gyro,-0.827,-0.482,1.599,
87315492774209,Lacc,5.663,-5.721,2.009,
87315492774209,GameRo,0.554,0.484,-0.625,0.263
87315495237344,pre,995.106,,,
87315512644123,acc,-2.811,-10.084,0.696,
87315512644123,Gyro,-0.845,-0.533,1.086,
87315512644123,Lacc,6.543,-7.222,1.437,
87315512644123,GameRo,0.553,0.482,-0.621,0.277
87315520269123,pre,995.097,,,
87315532489419,acc,-2.295,-10.637,0.389,
87315532489419,Gyro,-0.972,-0.547,0.344,
87315532489419,Lacc,7.098,-7.894,1.078,
87315532489419,GameRo,0.550,0.483,-0.618,0.288
87315545346516,pre,995.091,,,
87315552365070,acc,-2.457,-10.623,0.425,
87315552365070,Gyro,-1.142,-0.547,-0.466,
87315552365070,Lacc,6.930,-7.846,1.072,
87315552365070,GameRo,0.542,0.489,-0.616,0.295
87315570398762,pre,995.072,,,
87315572243326,acc,-3.784,-10.718,0.721,
87315572243326,Gyro,-1.145,-0.540,-1.185,
87315572243326,Lacc,5.552,-7.768,1.332,
87315572243326,GameRo,0.530,0.500,-0.616,0.298
87315592124958,acc,-5.989,-10.878,0.611,
87315592124958,Gyro,-0.861,-0.435,-1.757,
87315592124958,Lacc,3.252,-7.636,1.192,
87315592124958,GameRo,0.516,0.513,-0.619,0.296
87315595452392,pre,995.057,,,
87315611995971,acc,-7.938,-11.010,-0.073,
87315611995971,Gyro,-0.532,-0.221,-2.015,
87315611995971,Lacc,1.170,-7.409,0.496,
87315611995971,GameRo,0.502,0.526,-0.623,0.288
87315620480712,pre,995.069,,,
87315631839435,acc,-8.411,-11.070,-0.432,
87315631839435,Gyro,-0.505,-0.102,-2.113,
87315631839435,Lacc,0.540,-7.097,0.151,
87315631839435,GameRo,0.489,0.539,-0.627,0.278
87315645559243,pre,995.112,,,
87315651736205,acc,-8.023,-10.410,-0.096,
87315651736205,Gyro,-0.655,-0.050,-2.349,
87315651736205,Lacc,0.742,-6.047,0.524,
87315651736205,GameRo,0.474,0.554,-0.630,0.267
87315671580606,acc,-8.914,-10.458,0.548,
87315671580606,Gyro,-0.708,-0.021,-2.740,
87315671580606,Lacc,-0.388,-5.653,1.231,
87315671580606,GameRo,0.458,0.570,-0.633,0.254
87315670615599,pre,995.139,,,
87315691475992,acc,-10.598,-11.185,0.926,
87315691475992,Gyro,-0.687,-0.232,-3.100,
87315691475992,Lacc,-2.372,-5.889,1.657,
87315691475992,GameRo,0.438,0.588,-0.637,0.239
87315695668944,pre,995.143,,,
87315711346800,acc,-11.863,-11.415,0.898,
87315711346800,Gyro,-0.522,-0.533,-3.416,
87315711346800,Lacc,-3.999,-5.595,1.624,
87315711346800,GameRo,0.414,0.605,-0.643,0.223
87315720721353,pre,995.130,,,
87315731231566,acc,-12.480,-10.654,0.467,
87315731231566,Gyro,-0.192,-0.695,-3.665,
87315731231566,Lacc,-5.043,-4.290,1.127,
87315731231566,GameRo,0.387,0.619,-0.651,0.205
87315745774942,pre,995.118,,,
87315751086546,acc,-12.346,-8.970,-0.010,
87315751086546,Gyro,0.135,-0.721,-3.749,
87315751086546,Lacc,-5.394,-2.071,0.538,
87315751086546,GameRo,0.359,0.632,-0.662,0.185
87315770931029,acc,-11.593,-6.961,-0.349,
87315770931029,Gyro,0.328,-0.665,-3.610,
87315770931029,Lacc,-5.157,0.430,0.065,
87315770931029,GameRo,0.332,0.641,-0.672,0.164
87315770829060,pre,995.121,,,
87315790826943,acc,-10.624,-5.506,-0.391,
87315790826943,Gyro,0.416,-0.587,-3.313,
87315790826943,Lacc,-4.697,2.306,-0.112,
87315790826943,GameRo,0.307,0.648,-0.682,0.143
87315795859049,pre,995.139,,,
87315810697142,acc,-9.770,-5.006,-0.283,
87315810697142,Gyro,0.427,-0.591,-3.021,
87315810697142,Lacc,-4.330,3.156,-0.139,
87315810697142,GameRo,0.283,0.653,-0.691,0.125
87315820950317,pre,995.155,,,
87315830567178,acc,-9.483,-5.268,-0.419,
87315830567178,Gyro,0.323,-0.656,-2.819,
87315830567178,Lacc,-4.511,3.188,-0.401,
87315830567178,GameRo,0.261,0.658,-0.698,0.108
87315845963011,pre,995.155,,,
87315850437417,acc,-9.763,-6.144,-0.535,
87315850437417,Gyro,0.121,-0.781,-2.765,
87315850437417,Lacc,-5.258,2.570,-0.618,
87315850437417,GameRo,0.238,0.663,-0.704,0.093
87315870332803,acc,-10.561,-6.884,-0.637,
87315870332803,Gyro,-0.066,-0.952,-2.838,
87315870332803,Lacc,-6.546,2.066,-0.792,
87315870332803,GameRo,0.214,0.668,-0.708,0.080
87315871016112,pre,995.158,,,
87315890177408,acc,-11.236,-7.309,-1.014,
87315890177408,Gyro,-0.204,-1.154,-2.993,
87315890177408,Lacc,-7.749,1.858,-1.221,
87315890177408,GameRo,0.186,0.674,-0.711,0.067
87315896095173,pre,995.161,,,
87315910047851,acc,-11.577,-7.018,-1.715,
87315910047851,Gyro,-0.417,-1.304,-3.162,
87315910047851,Lacc,-8.664,2.347,-1.940,
87315910047851,GameRo,0.156,0.681,-0.713,0.054
87315921147175,pre,995.143,,,
87315929919148,acc,-11.939,-6.328,-2.216,
87315929919148,Gyro,-0.747,-1.338,-3.233,
87315929919148,Lacc,-9.631,3.205,-2.390,
87315929919148,GameRo,0.125,0.690,-0.712,0.042
87315946198607,pre,995.112,,,
87315949763264,acc,-12.273,-5.825,-2.205,
87315949763264,Gyro,-1.072,-1.339,-3.283,
87315949763264,Lacc,-10.584,3.839,-2.243,
87315949763264,GameRo,0.093,0.700,-0.708,0.029
87315969641763,acc,-13.078,-4.938,-1.952,
87315969641763,Gyro,-1.235,-1.320,-3.348,
87315969641763,Lacc,-12.024,4.814,-1.790,
87315969641763,GameRo,0.060,0.710,-0.701,0.016
87315971226439,pre,995.106,,,
87315989528482,acc,-14.326,-3.742,-1.899,
87315989528482,Gyro,-1.202,-1.169,-3.265,
87315989528482,Lacc,-13.903,6.051,-1.513,
87315989528482,GameRo,0.028,0.720,-0.693,0.003
87315996307128,pre,995.124,,,
87316009398640,acc,-15.612,-2.449,-1.850,
87316009398640,Gyro,-1.011,-0.877,-2.945,
87316009398640,Lacc,-15.770,7.341,-1.253,
87316009398640,GameRo,0.001,-0.728,0.685,0.010
87316021359822,pre,995.143,,,
87316029268473,acc,-16.619,-1.069,-1.834,
87316029268473,Gyro,-0.662,-0.381,-2.430,
87316029268473,Lacc,-17.269,8.691,-1.078,
87316029268473,GameRo,0.023,-0.733,0.679,0.024
87316046413167,pre,995.136,,,
87316049139037,acc,-17.458,0.315,-1.480,
87316049139037,Gyro,-0.259,0.322,-1.745,
87316049139037,Lacc,-18.483,10.036,-0.652,
87316049139037,GameRo,0.036,-0.735,0.676,0.038
87316069009643,acc,-18.140,0.896,-0.156,
87316069009643,Gyro,-0.011,0.734,-0.934,
87316069009643,Lacc,-19.401,10.590,0.666,
87316069009643,GameRo,0.040,-0.735,0.675,0.050
87316071466348,pre,995.130,,,
87316088879230,acc,-19.763,-0.361,0.879,
87316088879230,Gyro,0.096,0.628,0.145,
87316088879230,Lacc,-21.072,9.329,1.668,
87316088879230,GameRo,0.037,-0.734,0.676,0.057
87316096494180,pre,995.161,,,
87316108749429,acc,-20.141,-2.801,1.631,
87316108749429,Gyro,0.331,-0.001,1.545,
87316108749429,Lacc,-21.236,6.919,2.370,
87316108749429,GameRo,0.027,-0.733,0.678,0.051
87316121572549,pre,995.167,,,
87316128619505,acc,-17.103,-4.194,0.888,
87316128619505,Gyro,0.757,-0.595,2.778,
87316128619505,Lacc,-17.704,5.577,1.516,
87316128619505,GameRo,0.012,-0.729,0.683,0.031
87316146625975,pre,995.124,,,
87316148489949,acc,-13.288,-4.571,-0.677,
87316148489949,Gyro,1.086,-0.613,3.391,
87316148489949,Lacc,-13.230,5.229,-0.244,
87316148489949,GameRo,-0.007,-0.723,0.691,0.003
87316168359821,acc,-12.245,-6.290,-2.146,
87316168359821,Gyro,1.091,0.101,3.572,
87316168359821,Lacc,-11.487,3.489,-1.935,
87316168359821,GameRo,0.031,0.714,-0.699,0.024
87316171691731,pre,995.097,,,
87316188230020,acc,-13.916,-9.111,-2.016,
87316188230020,Gyro,0.880,1.048,3.714,
87316188230020,Lacc,-12.442,0.588,-1.971,
87316188230020,GameRo,0.063,0.706,-0.704,0.043
87316196732340,pre,995.112,,,
87316208100137,acc,-15.384,-11.442,-0.703,
87316208100137,Gyro,0.803,1.691,3.883,
87316208100137,Lacc,-13.171,-1.885,-0.751,
87316208100137,GameRo,0.101,0.698,-0.706,0.059
87316221786295,pre,995.115,,,
87316227970499,acc,-15.722,-12.740,0.530,
87316227970499,Gyro,0.963,2.044,3.995,
87316227970499,Lacc,-12.755,-3.390,0.418,
87316227970499,GameRo,0.143,0.688,-0.707,0.072
87316246841227,pre,995.097,,,
87316247815632,acc,-15.047,-12.845,1.220,
87316247815632,Gyro,1.202,2.217,4.018,
87316247815632,Lacc,-11.331,-3.767,1.046,
87316247815632,GameRo,0.187,0.675,-0.708,0.084
87316267689534,acc,-13.479,-11.912,1.489,
87316267689534,Gyro,1.309,2.181,3.995,
87316267689534,Lacc,-9.041,-3.166,1.262,
87316267689534,GameRo,0.231,0.660,-0.709,0.095
87316271890828,pre,995.106,,,
87316287555216,acc,-11.295,-10.203,1.601,
87316287555216,Gyro,1.200,1.977,3.932,
87316287555216,Lacc,-6.172,-1.841,1.352,
87316287555216,GameRo,0.272,0.643,-0.708,0.107
87316296943765,pre,995.136,,,
87316307450886,acc,-10.337,-9.490,1.549,
87316307450886,Gyro,0.957,1.779,3.778,
87316307450886,Lacc,-4.581,-1.549,1.330,
87316307450886,GameRo,0.311,0.626,-0.705,0.119
87316321994424,pre,995.136,,,
87316327321207,acc,-10.053,-9.717,1.683,
87316327321207,Gyro,0.665,1.486,3.651,
87316327321207,Lacc,-3.726,-2.221,1.536,
87316327321207,GameRo,0.345,0.611,-0.700,0.132
87316347213907,acc,-9.554,-9.618,1.664,
87316347213907,Gyro,0.396,1.245,3.560,
87316347213907,Lacc,-2.707,-2.593,1.618,
87316347213907,GameRo,0.376,0.597,-0.693,0.148
87316347046996,pre,995.106,,,
87316367061808,acc,-9.254,-9.460,1.855,
87316367061808,Gyro,0.281,1.149,3.458,
87316367061808,Lacc,-1.938,-2.926,1.931,
87316367061808,GameRo,0.405,0.583,-0.685,0.164
87316372078246,pre,995.081,,,
87316386929768,acc,-9.019,-9.343,1.981,
87316386929768,Gyro,0.317,1.161,3.408,
87316386929768,Lacc,-1.280,-3.317,2.192,
87316386929768,GameRo,0.433,0.569,-0.676,0.179
87316397127563,pre,995.066,,,
87316406801717,acc,-8.652,-9.280,1.901,
87316406801717,Gyro,0.399,1.181,3.403,
87316406801717,Lacc,-0.533,-3.785,2.253,
87316406801717,GameRo,0.460,0.553,-0.667,0.193
87316422179443,pre,995.048,,,
87316426671752,acc,-7.872,-9.087,1.922,
87316426671752,Gyro,0.428,1.119,3.383,
87316426671752,Lacc,0.589,-4.147,2.419,
87316426671752,GameRo,0.487,0.537,-0.657,0.207
87316446541869,acc,-6.836,-9.009,1.951,
87316446541869,Gyro,0.359,0.844,3.329,
87316446541869,Lacc,1.922,-4.633,2.573,
87316446541869,GameRo,0.511,0.520,-0.647,0.222
87316447247151,pre,995.051,,,
87316466387694,acc,-5.453,-9.358,1.242,
87316466387694,Gyro,0.066,0.466,3.241,
87316466387694,Lacc,3.561,-5.553,1.948,
87316466387694,GameRo,0.532,0.503,-0.638,0.239
87316472310140,pre,995.091,,,
87316486266520,acc,-3.845,-9.670,0.607,
87316486266520,Gyro,-0.424,0.211,2.953,
87316486266520,Lacc,5.355,-6.352,1.368,
87316486266520,GameRo,0.546,0.491,-0.629,0.256
87316497367390,pre,995.133,,,
87316506153238,acc,-2.994,-9.924,0.666,
87316506153238,Gyro,-0.851,0.171,2.401,
87316506153238,Lacc,6.331,-6.993,1.490,
87316506153238,GameRo,0.554,0.485,-0.619,0.272
87316522423176,pre,995.133,,,
87316526023233,acc,-3.375,-10.608,1.233,
87316526023233,Gyro,-1.033,0.189,1.797,
87316526023233,Lacc,6.053,-8.054,2.147,
87316526023233,GameRo,0.562,0.481,-0.608,0.289
87316545893228,acc,-3.709,-11.222,1.929,
87316545893228,Gyro,-0.990,0.004,1.275,
87316545893228,Lacc,5.783,-8.947,2.909,
87316545893228,GameRo,0.566,0.480,-0.599,0.303
87316547454955,pre,995.097,,,
87316565746378,acc,-3.006,-11.001,2.020,
87316565746378,Gyro,-0.842,-0.245,0.720,
87316565746378,Lacc,6.527,-8.906,3.003,
87316565746378,GameRo,0.566,0.479,-0.593,0.314
87316572537231,pre,995.088,,,
87316585633422,acc,-2.455,-10.433,1.681,
87316585633422,Gyro,-0.675,-0.396,0.031,
87316585633422,Lacc,7.094,-8.392,2.622,
87316585633422,GameRo,0.562,0.481,-0.591,0.321
87316597590901,pre,995.115,,,
87316605504475,acc,-3.602,-10.461,1.027,
87316605504475,Gyro,-0.560,-0.459,-0.681,
87316605504475,Lacc,5.933,-8.331,1.906,
87316605504475,GameRo,0.555,0.486,-0.592,0.323
87316622645426,pre,995.139,,,
87316625374227,acc,-5.729,-11.236,0.187,
87316625374227,Gyro,-0.548,-0.489,-1.164,
87316625374227,Lacc,3.766,-8.907,0.998,
87316625374227,GameRo,0.545,0.494,-0.596,0.322
87316645244099,acc,-6.914,-11.779,-0.481,
87316645244099,Gyro,-0.628,-0.514,-1.489,
87316645244099,Lacc,2.518,-9.189,0.262,
87316645244099,GameRo,0.533,0.503,-0.600,0.319
87316647701619,pre,995.133,,,
87316665088541,acc,-6.551,-11.343,-0.513,
87316665088541,Gyro,-0.676,-0.405,-1.951,
87316665088541,Lacc,2.789,-8.426,0.182,
87316665088541,GameRo,0.519,0.516,-0.605,0.314
87316672756225,pre,995.130,,,
87316684984415,acc,-6.550,-9.807,0.079,
87316684984415,Gyro,-0.480,-0.207,-2.622,
87316684984415,Lacc,2.643,-6.450,0.759,
87316684984415,GameRo,0.503,0.531,-0.611,0.304
87316697809896,pre,995.152,,,
87316704854980,acc,-8.020,-8.618,0.434,
87316704854980,Gyro,-0.023,-0.124,-3.243,
87316704854980,Lacc,0.950,-4.703,1.105,
87316704854980,GameRo,0.485,0.547,-0.619,0.287
87316722862711,pre,995.158,,,
87316724724853,acc,-10.307,-8.061,-0.232,
87316724724853,Gyro,0.402,-0.226,-3.507,
87316724724853,Lacc,-1.629,-3.528,0.383,
87316724724853,GameRo,0.466,0.561,-0.631,0.264
87316744581950,acc,-12.297,-8.071,-1.374,
87316744581950,Gyro,0.505,-0.355,-3.438,
87316744581950,Lacc,-3.952,-2.939,-0.864,
87316744581950,GameRo,0.445,0.572,-0.645,0.242
87316747916462,pre,995.133,,,
87316764465372,acc,-12.985,-8.001,-2.026,
87316764465372,Gyro,0.212,-0.535,-3.165,
87316764465372,Lacc,-4.987,-2.336,-1.629,
87316764465372,GameRo,0.424,0.583,-0.656,0.222
87316772970540,pre,995.133,,,
87316784309977,acc,-12.182,-7.518,-1.980,
87316784309977,Gyro,-0.338,-0.768,-2.874,
87316784309977,Lacc,-4.524,-1.394,-1.672,
87316784309977,GameRo,0.402,0.595,-0.664,0.207
87316798023559,pre,995.170,,,
87316804206420,acc,-10.755,-7.008,-1.183,
87316804206420,Gyro,-0.918,-1.042,-2.732,
87316804206420,Lacc,-3.436,-0.482,-0.921,
87316804206420,GameRo,0.378,0.609,-0.669,0.197
87316824050618,acc,-9.591,-6.849,-0.470,
87316824050618,Gyro,-1.357,-1.302,-2.742,
87316824050618,Lacc,-2.627,0.056,-0.216,
87316824050618,GameRo,0.351,0.624,-0.671,0.191
87316823097778,pre,995.188,,,
87316843923461,acc,-8.967,-6.891,0.017,
87316843923461,Gyro,-1.547,-1.406,-2.913,
87316843923461,Lacc,-2.393,0.385,0.298,
87316843923461,GameRo,0.321,0.641,-0.671,0.186
87316848128987,pre,995.185,,,
87316863816365,acc,-9.363,-7.093,0.379,
87316863816365,Gyro,-1.450,-1.353,-3.181,
87316863816365,Lacc,-3.238,0.563,0.710,
87316863816365,GameRo,0.289,0.658,-0.672,0.179
87316873180501,pre,995.173,,,
87316883661620,acc,-10.414,-6.650,0.143,
87316883661620,Gyro,-1.134,-1.156,-3.334,
87316883661620,Lacc,-4.794,1.382,0.525,
87316883661620,GameRo,0.257,0.673,-0.672,0.169
87316898234171,pre,995.155,,,
87316903530965,acc,-11.497,-6.229,-0.319,
87316903530965,Gyro,-0.715,-1.006,-3.308,
87316903530965,Lacc,-6.408,2.148,0.090,
87316903530965,GameRo,0.226,0.685,-0.674,0.156
87316923400756,acc,-12.187,-6.485,-1.520,
87316923400756,Gyro,-0.530,-0.938,-3.204,
87316923400756,Lacc,-7.635,2.195,-1.112,
87316923400756,GameRo,0.197,0.694,-0.678,0.142
87316923285603,pre,995.130,,,
87316943296508,acc,-12.040,-6.796,-2.465,
87316943296508,Gyro,-0.783,-0.937,-3.188,
87316943296508,Lacc,-8.028,2.145,-2.022,
87316943296508,GameRo,0.168,0.703,-0.679,0.129
87316948313313,pre,995.139,,,
87316963166667,acc,-12.033,-6.475,-2.592,
87316963166667,Gyro,-1.228,-0.919,-3.417,
87316963166667,Lacc,-8.600,2.697,-2.021,
87316963166667,GameRo,0.138,0.714,-0.677,0.115
87316973367431,pre,995.146,,,
87316983038045,acc,-13.163,-5.617,-2.268,
87316983038045,Gyro,-1.597,-0.902,-3.736,
87316983038045,Lacc,-10.382,3.757,-1.474,
87316983038045,GameRo,0.104,0.728,-0.671,0.099
87316998419840,pre,995.127,,,
87317002886515,acc,-14.970,-4.351,-2.121,
87317002886515,Gyro,-1.816,-0.808,-3.806,
87317002886515,Lacc,-12.883,5.173,-1.034,
87317002886515,GameRo,0.069,0.742,-0.662,0.082
87317022777343,acc,-16.558,-3.167,-1.844,
87317022777343,Gyro,-1.840,-0.541,-3.636,
87317022777343,Lacc,-15.150,6.437,-0.423,
87317022777343,GameRo,0.036,0.756,-0.651,0.064
87317023487548,pre,995.094,,,
87317042647786,acc,-18.213,-1.728,-1.558,
87317042647786,Gyro,-1.608,-0.023,-3.377,
87317042647786,Lacc,-17.451,7.896,0.187,
87317042647786,GameRo,0.008,0.767,-0.640,0.044
87317048550903,pre,995.088,,,
87317062517659,acc,-19.638,0.530,-0.914,
87317062517659,Gyro,-1.196,0.698,-2.855,
87317062517659,Lacc,-19.468,10.131,1.091,
87317062517659,GameRo,-0.013,0.776,-0.630,0.022
87317073604573,pre,995.118,,,
87317082388753,acc,-19.866,2.517,0.403,
87317082388753,Gyro,-0.803,1.302,-1.979,
87317082388753,Lacc,-20.171,12.078,2.578,
87317082388753,GameRo,0.023,-0.781,0.624,0.001
87317098656738,pre,995.139,,,
87317102258219,acc,-19.851,2.698,2.117,
87317102258219,Gyro,-0.546,1.309,-0.797,
87317102258219,Lacc,-20.435,12.222,4.393,
87317102258219,GameRo,0.023,-0.785,0.619,0.020
87317122128336,acc,-20.396,0.517,3.125,
87317122128336,Gyro,-0.260,0.703,0.585,
87317122128336,Lacc,-20.984,10.028,5.458,
87317122128336,GameRo,0.016,-0.787,0.617,0.026
87317123687215,pre,995.118,,,
87317141998534,acc,-20.051,-2.762,3.098,
87317141998534,Gyro,0.281,-0.031,1.817,
87317141998534,Lacc,-20.353,6.766,5.413,
87317141998534,GameRo,0.002,-0.786,0.618,0.018
87317148767943,pre,995.072,,,
87317161868530,acc,-17.615,-4.278,1.820,
87317161868530,Gyro,0.938,-0.440,2.601,
87317161868530,Lacc,-17.427,5.286,3.993,
87317161868530,GameRo,0.014,0.781,-0.624,0.001
87317173821899,pre,995.072,,,
87317181739867,acc,-14.653,-4.148,0.468,
87317181739867,Gyro,1.386,-0.318,3.039,
87317181739867,Lacc,-13.875,5.441,2.389,
87317181739867,GameRo,0.035,0.772,-0.634,0.023
87317198863118,pre,995.109,,,
87317201584798,acc,-13.750,-4.955,-0.523,
87317201584798,Gyro,1.551,0.209,3.377,
87317201584798,Lacc,-12.337,4.615,1.105,
87317201584798,GameRo,0.061,0.761,-0.644,0.043
87317221453653,acc,-15.096,-7.443,-0.506,
87317221453653,Gyro,1.639,0.844,3.760,
87317221453653,Lacc,-13.005,2.047,0.841,
87317221453653,GameRo,0.094,0.748,-0.654,0.061
87317223928507,pre,995.100,,,
87317241349039,acc,-16.186,-9.966,-0.071,
87317241349039,Gyro,1.840,1.307,4.129,
87317241349039,Lacc,-13.360,-0.633,1.004,
87317241349039,GameRo,0.132,0.733,-0.663,0.077
87317248981893,pre,995.078,,,
87317261219685,acc,-16.083,-11.682,0.165,
87317261219685,Gyro,2.090,1.684,4.352,
87317261219685,Lacc,-12.491,-2.590,0.970,
87317261219685,GameRo,0.176,0.714,-0.671,0.091
87317274033610,pre,995.103,,,
87317281091023,acc,-14.931,-12.253,0.187,
87317281091023,Gyro,2.207,2.042,4.354,
87317281091023,Lacc,-10.579,-3.480,0.753,
87317281091023,GameRo,0.222,0.693,-0.679,0.103
87317300962402,acc,-13.735,-11.662,0.495,
87317300962402,Gyro,2.145,2.321,4.168,
87317300962402,Lacc,-8.677,-3.266,0.898,
87317300962402,GameRo,0.268,0.670,-0.683,0.111
87317299065959,pre,995.115,,,
87317320809773,acc,-12.805,-10.384,1.204,
87317320809773,Gyro,1.984,2.342,4.013,
87317320809773,Lacc,-7.103,-2.409,1.528,
87317320809773,GameRo,0.313,0.647,-0.685,0.117
87317324142131,pre,995.088,,,
87317340700195,acc,-11.709,-9.057,1.563,
87317340700195,Gyro,1.779,2.088,3.945,
87317340700195,Lacc,-5.409,-1.543,1.862,
87317340700195,GameRo,0.356,0.623,-0.685,0.124
87317349196288,pre,995.075,,,
87317360570475,acc,-10.947,-8.503,1.491,
87317360570475,Gyro,1.505,1.699,3.907,
87317360570475,Lacc,-4.091,-1.493,1.796,
87317360570475,GameRo,0.394,0.600,-0.683,0.134
87317374248697,pre,995.088,,,
87317380441610,acc,-10.185,-8.661,1.087,
87317380441610,Gyro,1.153,1.265,3.848,
87317380441610,Lacc,-2.819,-2.191,1.418,
87317380441610,GameRo,0.428,0.578,-0.679,0.147
87317400285522,acc,-9.282,-8.894,0.568,
87317400285522,Gyro,0.779,0.920,3.690,
87317400285522,Lacc,-1.461,-2.984,0.938,
87317400285522,GameRo,0.457,0.557,-0.674,0.162
87317399303385,pre,995.100,,,
87317420171265,acc,-8.509,-9.042,0.170,
87317420171265,Gyro,0.407,0.758,3.451,
87317420171265,Lacc,-0.301,-3.688,0.605,
87317420171265,GameRo,0.482,0.538,-0.668,0.179
87317424352376,pre,995.106,,,
87317440051106,acc,-8.105,-9.444,0.154,
87317440051106,Gyro,0.061,0.795,3.212,
87317440051106,Lacc,0.426,-4.631,0.697,
87317440051106,GameRo,0.505,0.522,-0.659,0.196
87317449409871,pre,995.106,,,
87317459922282,acc,-7.826,-9.803,1.074,
87317459922282,Gyro,-0.124,0.910,3.039,
87317459922282,Lacc,0.968,-5.515,1.777,
87317459922282,GameRo,0.526,0.509,-0.648,0.212
87317474462321,pre,995.094,,,
87317479791707,acc,-6.796,-9.744,2.309,
87317479791707,Gyro,-0.001,0.951,2.959,
87317479791707,Lacc,2.220,-5.978,3.184,
87317479791707,GameRo,0.546,0.496,-0.636,0.226
87317499656698,acc,-4.793,-9.834,3.102,
87317499656698,Gyro,0.354,0.934,2.759,
87317499656698,Lacc,4.402,-6.571,4.127,
87317499656698,GameRo,0.566,0.481,-0.625,0.238
87317499526571,pre,995.085,,,
87317519506958,acc,-2.815,-9.686,2.904,
87317519506958,Gyro,0.659,1.000,2.338,
87317519506958,Lacc,6.492,-6.802,4.042,
87317519506958,GameRo,0.583,0.467,-0.619,0.243
87317524546428,pre,995.097,,,
87317539379964,acc,-2.251,-10.294,2.410,
87317539379964,Gyro,0.595,1.069,1.763,
87317539379964,Lacc,7.133,-7.744,3.707,
87317539379964,GameRo,0.600,0.454,-0.611,0.246
87317549607666,pre,995.118,,,
87317559272338,acc,-2.540,-11.010,2.621,
87317559272338,Gyro,0.163,0.766,1.122,
87317559272338,Lacc,6.880,-8.688,4.072,
87317559272338,GameRo,0.612,0.447,-0.604,0.248
87317574657185,pre,995.127,,,
87317579143473,acc,-2.451,-10.795,2.972,
87317579143473,Gyro,-0.301,0.114,0.461,
87317579143473,Lacc,6.986,-8.590,4.490,
87317579143473,GameRo,0.616,0.445,-0.600,0.251
87317598994588,acc,-2.258,-9.925,2.735,
87317598994588,Gyro,-0.643,-0.469,-0.125,
87317598994588,Lacc,7.180,-7.684,4.197,
87317598994588,GameRo,0.611,0.449,-0.601,0.254
87317599725463,pre,995.112,,,
87317618884155,acc,-2.826,-9.603,2.295,
87317618884155,Gyro,-0.832,-0.867,-0.595,
87317618884155,Lacc,6.553,-7.017,3.555,
87317618884155,GameRo,0.593,0.461,-0.610,0.252
87317624787312,pre,995.106,,,
87317638753539,acc,-4.533,-10.343,1.248,
87317638753539,Gyro,-0.820,-0.971,-0.947,
87317638753539,Lacc,4.821,-7.607,2.365,
87317638753539,GameRo,0.581,0.469,-0.615,0.256
87317649842529,pre,995.133,,,
87317658623738,acc,-6.182,-11.277,0.281,
87317658623738,Gyro,-0.854,-0.908,-1.171,
87317658623738,Lacc,3.125,-8.340,1.272,
87317658623738,GameRo,0.567,0.478,-0.619,0.258
87317674903727,pre,995.152,,,
87317678468181,acc,-6.073,-11.186,-0.079,
87317678468181,Gyro,-1.120,-0.910,-1.382,
87317678468181,Lacc,3.170,-8.021,0.806,
87317678468181,GameRo,0.553,0.489,-0.623,0.259
87317698364543,acc,-6.095,-11.246,0.143,
87317698364543,Gyro,-1.385,-0.853,-1.862,
87317698364543,Lacc,3.051,-7.790,0.951,
87317698364543,GameRo,0.535,0.505,-0.625,0.260
87317699934937,pre,995.112,,,
87317718233968,acc,-7.794,-12.124,0.678,
87317718233968,Gyro,-1.421,-0.736,-2.619,
87317718233968,Lacc,1.190,-8.260,1.451,
87317718233968,GameRo,0.515,0.524,-0.628,0.257
87317725012573,pre,995.069,,,
87317738078939,acc,-10.331,-12.320,1.278,
87317738078939,Gyro,-1.103,-0.731,-3.389,
87317738078939,Lacc,-1.600,-7.912,2.028,
87317738078939,GameRo,0.490,0.546,-0.633,0.247
87317750040161,pre,995.079,,,
87317757973999,acc,-12.951,-11.492,1.180,
87317757973999,Gyro,-0.542,-0.809,-3.867,
87317757973999,Lacc,-4.565,-6.447,1.864,
87317757973999,GameRo,0.462,0.567,-0.642,0.231
87317775122437,pre,995.127,,,
87317777844319,acc,-14.399,-9.949,0.381,
87317777844319,Gyro,-0.103,-1.013,-3.875,
87317777844319,Lacc,-6.422,-4.265,0.933,
87317777844319,GameRo,0.433,0.583,-0.654,0.212
87317797714681,acc,-13.802,-8.118,-0.721,
87317797714681,Gyro,-0.015,-1.232,-3.556,
87317797714681,Lacc,-6.250,-1.868,-0.352,
87317797714681,GameRo,0.404,0.596,-0.666,0.194
87317800176757,pre,995.158,,,
87317817595133,acc,-11.954,-6.748,-1.279,
87317817595133,Gyro,-0.206,-1.384,-3.283,
87317817595133,Lacc,-4.824,-0.013,-1.091,
87317817595133,GameRo,0.375,0.607,-0.677,0.181
87317825230875,pre,995.161,,,
87317837431153,acc,-10.503,-5.959,-1.470,
87317837431153,Gyro,-0.493,-1.414,-3.186,
87317837431153,Lacc,-3.807,1.211,-1.421,
87317837431153,GameRo,0.345,0.619,-0.685,0.169
87317850284912,pre,995.146,,,
87317857320353,acc,-10.035,-5.861,-1.386,
87317857320353,Gyro,-0.741,-1.311,-3.207,
87317857320353,Lacc,-3.802,1.715,-1.409,
87317857320353,GameRo,0.315,0.632,-0.690,0.158
87317875339478,pre,995.152,,,
87317877170939,acc,-10.501,-6.069,-1.122,
87317877170939,Gyro,-0.845,-1.137,-3.273,
87317877170939,Lacc,-4.766,1.890,-1.158,
87317877170939,GameRo,0.285,0.646,-0.693,0.146
87317897066365,acc,-11.518,-6.387,-0.829,
87317897066365,Gyro,-0.786,-0.965,-3.309,
87317897066365,Lacc,-6.313,1.928,-0.840,
87317897066365,GameRo,0.256,0.659,-0.695,0.133
87317900394043,pre,995.161,,,
87317916951579,acc,-12.321,-6.533,-0.756,
87317916951579,Gyro,-0.683,-0.892,-3.309,
87317916951579,Lacc,-7.668,2.103,-0.734,
87317916951579,GameRo,0.227,0.670,-0.696,0.118
87317925445435,pre,995.146,,,
87317936826375,acc,-12.733,-6.585,-1.122,
87317936826375,Gyro,-0.687,-0.902,-3.309,
87317936826375,Lacc,-8.648,2.334,-1.061,
87317936826375,GameRo,0.199,0.681,-0.697,0.102
87317950476319,pre,995.127,,,
87317956675781,acc,-12.872,-6.357,-1.567,
87317956675781,Gyro,-0.782,-0.902,-3.324,
87317956675781,Lacc,-9.372,2.807,-1.440,
87317956675781,GameRo,0.169,0.691,-0.697,0.087
87317976520996,acc,-12.749,-5.651,-1.691,
87317976520996,Gyro,-0.928,-0.894,-3.434,
87317976520996,Lacc,-9.858,3.720,-1.457,
87317976520996,GameRo,0.140,0.702,-0.695,0.072
87317975554200,pre,995.130,,,
87317996417074,acc,-13.093,-4.213,-1.606,
87317996417074,Gyro,-1.082,-0.896,-3.577,
87317996417074,Lacc,-10.852,5.330,-1.220,
87317996417074,GameRo,0.108,0.713,-0.691,0.055
87318000609375,pre,995.137,,,
87318016293295,acc,-14.083,-2.464,-1.496,
87318016293295,Gyro,-1.204,-0.910,-3.500,
87318016293295,Lacc,-12.502,7.201,-0.920,
87318016293295,GameRo,0.076,0.724,-0.685,0.039
87318025660888,pre,995.109,,,
87318036158000,acc,-15.076,-1.309,-1.624,
87318036158000,Gyro,-1.239,-0.828,-3.158,
87318036158000,Lacc,-14.104,8.420,-0.827,
87318036158000,GameRo,0.047,0.734,-0.677,0.024
87318050690552,pre,995.085,,,
87318056025879,acc,-16.040,-0.594,-1.713,
87318056025879,Gyro,-1.040,-0.483,-2.691,
87318056025879,Lacc,-15.592,9.154,-0.703,
87318056025879,GameRo,0.022,0.742,-0.670,0.011
87318075871786,acc,-16.950,0.211,-1.335,
87318075871786,Gyro,-0.565,0.154,-2.161,
87318075871786,Lacc,-16.940,9.953,-0.178,
87318075871786,GameRo,-0.004,-0.748,0.664,0.003
87318075769613,pre,995.097,,,
87318095768392,acc,-17.689,1.282,-0.307,
87318095768392,Gyro,0.020,0.738,-1.521,
87318095768392,Lacc,-18.015,11.015,0.878,
87318095768392,GameRo,0.004,-0.749,0.663,0.019
87318100800863,pre,995.130,,,
87318115612345,acc,-18.272,1.930,0.343,
87318115612345,Gyro,0.447,0.936,-0.745,
87318115612345,Lacc,-18.799,11.664,1.450,
87318115612345,GameRo,0.005,-0.746,0.665,0.032
87318125858480,pre,995.149,,,
87318135508464,acc,-19.953,0.145,0.127,
87318135508464,Gyro,0.588,0.874,0.207,
87318135508464,Lacc,-20.508,9.889,1.111,
87318135508464,GameRo,-0.001,-0.742,0.670,0.039
87318150907471,pre,995.140,,,
87318155378418,acc,-21.008,-2.853,-0.009,
87318155378418,Gyro,0.653,0.581,1.299,
87318155378418,Lacc,-21.375,6.913,0.846,
87318155378418,GameRo,-0.013,-0.737,0.675,0.037
87318175248902,acc,-18.790,-4.224,-0.152,
87318175248902,Gyro,0.706,0.136,2.261,
87318175248902,Lacc,-18.759,5.560,0.566,
87318175248902,GameRo,-0.029,-0.732,0.680,0.025
87318175974529,pre,995.103,,,
87318195118612,acc,-14.717,-3.450,-0.581,
87318195118612,Gyro,0.618,0.037,2.977,
87318195118612,Lacc,-14.126,6.325,0.006,
87318195118612,GameRo,-0.050,-0.726,0.686,0.006
87318201038371,pre,995.085,,,
87318214989258,acc,-12.848,-4.448,-0.526,
87318214989258,Gyro,0.468,0.418,3.377,
87318214989258,Lacc,-11.607,5.271,-0.032,
87318214989258,GameRo,0.076,0.721,-0.689,0.015
87318226099040,pre,995.091,,,
87318234859863,acc,-13.734,-7.237,0.330,
87318234859863,Gyro,0.530,0.866,3.614,
87318234859863,Lacc,-11.805,2.372,0.759,
87318234859863,GameRo,0.107,0.714,-0.691,0.034
87318251134359,pre,995.103,,,
87318254703695,acc,-14.765,-9.717,0.898,
87318254703695,Gyro,0.896,1.177,3.756,
87318254703695,Lacc,-12.128,-0.274,1.235,
87318254703695,GameRo,0.142,0.705,-0.693,0.051
87318274599365,acc,-14.919,-11.277,0.891,
87318274599365,Gyro,1.394,1.438,3.776,
87318274599365,Lacc,-11.580,-2.055,1.077,
87318274599365,GameRo,0.178,0.691,-0.697,0.067
87318276180908,pre,995.097,,,
87318294469198,acc,-14.130,-11.254,0.418,
87318294469198,Gyro,1.753,1.846,3.706,
87318294469198,Lacc,-10.112,-2.304,0.425,
87318294469198,GameRo,0.217,0.673,-0.703,0.078
87318301260742,pre,995.109,,,
87318314340210,acc,-13.186,-10.346,0.390,
87318314340210,Gyro,1.838,2.273,3.608,
87318314340210,Lacc,-8.523,-1.716,0.259,
87318314340210,GameRo,0.258,0.653,-0.707,0.085
87318326316895,pre,995.118,,,
87318334210653,acc,-12.344,-9.170,0.996,
87318334210653,Gyro,1.732,2.447,3.560,
87318334210653,Lacc,-7.071,-0.900,0.806,
87318334210653,GameRo,0.299,0.633,-0.708,0.090
87318351347535,pre,995.106,,,
87318354080322,acc,-11.292,-7.980,1.538,
87318354080322,Gyro,1.558,2.326,3.595,
87318354080322,Lacc,-5.432,-0.115,1.352,
87318354080322,GameRo,0.340,0.612,-0.707,0.095
87318373950155,acc,-10.611,-7.856,1.665,
87318373950155,Gyro,1.298,2.042,3.572,
87318373950155,Lacc,-4.195,-0.436,1.527,
87318373950155,GameRo,0.378,0.592,-0.705,0.102
87318376423178,pre,995.088,,,
87318393820680,acc,-10.143,-8.038,1.467,
87318393820680,Gyro,0.930,1.630,3.493,
87318393820680,Lacc,-3.219,-1.088,1.410,
87318393820680,GameRo,0.412,0.572,-0.700,0.113
87318401480876,pre,995.088,,,
87318413690959,acc,-9.776,-8.316,1.100,
87318413690959,Gyro,0.514,1.219,3.393,
87318413690959,Lacc,-2.395,-1.854,1.146,
87318413690959,GameRo,0.441,0.555,-0.694,0.126
87318426535441,pre,995.085,,,
87318433535035,acc,-9.202,-8.603,0.759,
87318433535035,Gyro,0.074,0.863,3.285,
87318433535035,Lacc,-1.415,-2.640,0.922,
87318433535035,GameRo,0.466,0.540,-0.687,0.143
87318451589193,pre,995.081,,,
87318453431112,acc,-8.252,-8.650,0.775,
87318453431112,Gyro,-0.285,0.673,3.149,
87318453431112,Lacc,-0.107,-3.191,1.069,
87318453431112,GameRo,0.487,0.527,-0.677,0.162
87318473279176,acc,-7.246,-8.484,1.309,
87318473279176,Gyro,-0.385,0.694,2.947,
87318473279176,Lacc,1.205,-3.522,1.751,
87318473279176,GameRo,0.506,0.516,-0.667,0.180
87318476643026,pre,995.097,,,
87318493171428,acc,-6.525,-8.078,2.109,
87318493171428,Gyro,-0.173,0.801,2.703,
87318493171428,Lacc,2.170,-3.573,2.694,
87318493171428,GameRo,0.524,0.505,-0.657,0.195
87318501692261,pre,995.112,,,
87318513041749,acc,-6.084,-8.021,2.403,
87318513041749,Gyro,0.156,0.837,2.524,
87318513041749,Lacc,2.775,-3.860,3.059,
87318513041749,GameRo,0.538,0.494,-0.652,0.204
87318526747274,pre,995.103,,,
87318532885987,acc,-5.538,-8.677,1.888,
87318532885987,Gyro,0.314,0.800,2.352,
87318532885987,Lacc,3.475,-4.877,2.637,
87318532885987,GameRo,0.553,0.482,-0.646,0.212
87318552756755,acc,-4.925,-9.355,1.378,
87318552756755,Gyro,0.199,0.704,2.065,
87318552756755,Lacc,4.224,-5.921,2.235,
87318552756755,GameRo,0.568,0.470,-0.639,0.220
87318551800985,pre,995.094,,,
87318572652140,acc,-4.530,-10.150,1.197,
87318572652140,Gyro,-0.073,0.582,1.637,
87318572652140,Lacc,4.721,-7.031,2.165,
87318572652140,GameRo,0.580,0.462,-0.631,0.228
87318576852743,pre,995.106,,,
87318592522258,acc,-4.032,-10.374,1.431,
87318592522258,Gyro,-0.398,0.310,1.122,
87318592522258,Lacc,5.284,-7.487,2.491,
87318592522258,GameRo,0.587,0.457,-0.625,0.236
87318601906780,pre,995.118,,,
87318612393189,acc,-3.505,-9.989,1.805,
87318612393189,Gyro,-0.692,-0.068,0.547,
87318612393189,Lacc,5.846,-7.233,2.906,
87318612393189,GameRo,0.589,0.457,-0.620,0.243
87318626960776,pre,995.115,,,
87318632262655,acc,-3.423,-9.448,1.953,
87318632262655,Gyro,-0.859,-0.501,0.026,
87318632262655,Lacc,5.847,-6.387,2.918,
87318632262655,GameRo,0.574,0.469,-0.627,0.240
87318652112427,acc,-4.464,-10.175,1.206,
87318652112427,Gyro,-0.925,-0.804,-0.425,
87318652112427,Lacc,4.799,-7.067,2.088,
87318652112427,GameRo,0.566,0.475,-0.628,0.247
87318652014893,pre,995.118,,,
87318672003419,acc,-5.695,-11.148,0.346,
87318672003419,Gyro,-1.011,-1.017,-0.819,
87318672003419,Lacc,3.535,-7.915,1.113,
87318672003419,GameRo,0.553,0.482,-0.630,0.252
87318677043254,pre,995.136,,,
87318691847982,acc,-5.603,-10.802,-0.304,
87318691847982,Gyro,-1.142,-1.114,-1.186,
87318691847982,Lacc,3.568,-7.380,0.332,
87318691847982,GameRo,0.538,0.493,-0.634,0.256
87318702130371,pre,995.124,,,
87318711744345,acc,-5.092,-9.527,-0.382,
87318711744345,Gyro,-1.207,-1.050,-1.635,
87318711744345,Lacc,3.984,-5.842,0.140,
87318711744345,GameRo,0.521,0.506,-0.638,0.258
87318727153484,pre,995.085,,,
87318731613811,acc,-5.896,-9.100,-0.277,
87318731613811,Gyro,-1.087,-0.774,-2.174,
87318731613811,Lacc,3.032,-5.061,0.177,
87318731613811,GameRo,0.502,0.521,-0.641,0.256
87318751484050,acc,-7.997,-9.233,-0.101,
87318751484050,Gyro,-0.754,-0.570,-2.638,
87318751484050,Lacc,0.720,-4.753,0.320,
87318751484050,GameRo,0.482,0.538,-0.646,0.247
87318752207154,pre,995.085,,,
87318771354046,acc,-10.263,-9.446,-0.696,
87318771354046,Gyro,-0.416,-0.442,-2.865,
87318771354046,Lacc,-1.809,-4.484,-0.311,
87318771354046,GameRo,0.462,0.553,-0.653,0.234
87318777287436,pre,995.127,,,
87318791224244,acc,-11.944,-9.699,-1.295,
87318791224244,Gyro,-0.345,-0.351,-2.880,
87318791224244,Lacc,-3.789,-4.259,-0.936,
87318791224244,GameRo,0.443,0.567,-0.659,0.218
87318802342123,pre,995.139,,,
87318811094321,acc,-12.029,-9.263,-1.069,
87318811094321,Gyro,-0.585,-0.496,-2.798,
87318811094321,Lacc,-4.189,-3.376,-0.722,
87318811094321,GameRo,0.423,0.582,-0.664,0.204
87318827397299,pre,995.146,,,
87318830964763,acc,-10.856,-8.470,-0.423,
87318830964763,Gyro,-0.976,-0.820,-2.818,
87318830964763,Lacc,-3.349,-2.166,-0.079,
87318830964763,GameRo,0.401,0.597,-0.667,0.193
87318850835328,acc,-9.613,-7.802,0.051,
87318850835328,Gyro,-1.399,-1.225,-2.999,
87318850835328,Lacc,-2.475,-1.081,0.399,
87318850835328,GameRo,0.373,0.615,-0.669,0.185
87318852427043,pre,995.164,,,
87318870705119,acc,-8.958,-7.150,0.238,
87318870705119,Gyro,-1.751,-1.565,-3.277,
87318870705119,Lacc,-2.247,-0.005,0.610,
87318870705119,GameRo,0.341,0.635,-0.670,0.179
87318877508016,pre,995.188,,,
87318890575807,acc,-9.497,-6.723,0.352,
87318890575807,Gyro,-1.822,-1.649,-3.523,
87318890575807,Lacc,-3.276,0.850,0.780,
87318890575807,GameRo,0.304,0.655,-0.670,0.173
87318902562745,pre,995.164,,,
87318910445435,acc,-10.653,-6.904,0.120,
87318910445435,Gyro,-1.611,-1.535,-3.668,
87318910445435,Lacc,-4.975,1.080,0.622,
87318910445435,GameRo,0.267,0.674,-0.669,0.164
87318927617839,pre,995.136,,,
87318930315797,acc,-11.677,-7.185,-0.507,
87318930315797,Gyro,-1.324,-1.259,-3.704,
87318930315797,Lacc,-6.582,1.178,0.078,
87318930315797,GameRo,0.231,0.690,-0.669,0.153
87318950186442,acc,-12.247,-6.712,-0.809,
87318950186442,Gyro,-1.019,-0.957,-3.685,
87318950186442,Lacc,-7.757,1.984,-0.135,
87318950186442,GameRo,0.197,0.704,-0.668,0.138
87318952673218,pre,995.109,,,
87318970055665,acc,-12.725,-5.632,-1.222,
87318970055665,Gyro,-0.777,-0.685,-3.640,
87318970055665,Lacc,-8.859,3.352,-0.466,
87318970055665,GameRo,0.165,0.715,-0.668,0.121
87318977726563,pre,995.085,,,
87318989926270,acc,-13.167,-4.841,-1.685,
87318989926270,Gyro,-0.844,-0.516,-3.553,
87318989926270,Lacc,-9.929,4.380,-0.829,
87318989926270,GameRo,0.136,0.725,-0.668,0.103
87319002778728,pre,995.100,,,
87319009796754,acc,-13.673,-4.470,-1.682,
87319009796754,Gyro,-1.269,-0.538,-3.508,
87319009796754,Lacc,-11.062,4.929,-0.650,
87319009796754,GameRo,0.106,0.736,-0.663,0.085
87319027804322,pre,995.136,,,
87319029667033,acc,-14.543,-3.420,-0.954,
87319029667033,Gyro,-1.724,-0.710,-3.515,
87319029667033,Lacc,-12.564,6.100,0.351,
87319029667033,GameRo,0.076,0.749,-0.655,0.069
87319049536907,acc,-15.882,-2.019,-0.246,
87319049536907,Gyro,-1.897,-0.797,-3.351,
87319049536907,Lacc,-14.518,7.557,1.392,
87319049536907,GameRo,0.044,0.763,-0.643,0.054
87319052884645,pre,995.127,,,
87319069407308,acc,-17.196,-0.913,0.006,
87319069407308,Gyro,-1.750,-0.625,-2.961,
87319069407308,Lacc,-16.383,8.662,1.979,
87319069407308,GameRo,0.015,0.775,-0.631,0.041
87319077935588,pre,995.094,,,
87319089266928,acc,-18.160,0.385,0.224,
87319089266928,Gyro,-1.347,-0.051,-2.406,
87319089266928,Lacc,-17.812,9.926,2.479,
87319089266928,GameRo,-0.007,0.784,-0.620,0.028
87319102988444,pre,995.091,,,
87319109147544,acc,-19.079,1.420,1.617,
87319109147544,Gyro,-0.778,0.624,-1.705,
87319109147544,Lacc,-19.105,10.922,4.056,
87319109147544,GameRo,-0.019,0.790,-0.613,0.013
87319129001954,acc,-19.667,1.462,3.327,
87319129001954,Gyro,-0.154,0.771,-0.817,
87319129001954,Lacc,-19.929,10.945,5.826,
87319129001954,GameRo,-0.022,0.792,-0.610,0.000
87319128018433,pre,995.115,,,
87319148888836,acc,-20.794,-0.519,3.447,
87319148888836,Gyro,0.464,0.584,0.209,
87319148888836,Lacc,-21.096,8.978,5.888,
87319148888836,GameRo,0.019,-0.790,0.613,0.005
87319153096151,pre,995.143,,,
87319168757935,acc,-20.572,-3.123,2.556,
87319168757935,Gyro,1.035,0.291,1.214,
87319168757935,Lacc,-20.701,6.420,4.826,
87319168757935,GameRo,0.009,-0.785,0.620,0.002
87319178149700,pre,995.143,,,
87319188628094,acc,-17.588,-3.230,1.174,
87319188628094,Gyro,1.350,0.056,2.062,
87319188628094,Lacc,-17.358,6.367,3.194,
87319188628094,GameRo,0.007,0.776,-0.630,0.010
87319203201702,pre,995.121,,,
87319208498576,acc,-14.312,-2.884,0.232,
87319208498576,Gyro,1.310,0.081,2.696,
87319208498576,Lacc,-13.581,6.740,1.990,
87319208498576,GameRo,0.027,0.767,-0.640,0.026
87319228350262,acc,-13.657,-4.865,-0.029,
87319228350262,Gyro,1.123,0.245,3.038,
87319228350262,Lacc,-12.351,4.736,1.505,
87319228350262,GameRo,0.052,0.759,-0.648,0.044
87319228231324,pre,995.078,,,
87319248239787,acc,-14.368,-7.557,0.080,
87319248239787,Gyro,1.056,0.406,3.231,
87319248239787,Lacc,-12.454,1.970,1.425,
87319248239787,GameRo,0.079,0.750,-0.654,0.061
87319253284832,pre,995.045,,,
87319268083416,acc,-14.582,-9.330,0.209,
87319268083416,Gyro,1.179,0.649,3.333,
87319268083416,Lacc,-12.046,0.076,1.368,
87319268083416,GameRo,0.108,0.740,-0.659,0.078
87319278364258,pre,995.063,,,
87319287958822,acc,-14.060,-9.889,0.546,
87319287958822,Gyro,1.424,1.032,3.366,
87319287958822,Lacc,-10.910,-0.648,1.506,
87319287958822,GameRo,0.140,0.728,-0.665,0.092
87319303391968,pre,995.109,,,
87319307849244,acc,-13.054,-9.732,1.055,
87319307849244,Gyro,1.671,1.404,3.345,
87319307849244,Lacc,-9.308,-0.697,1.811,
87319307849244,GameRo,0.175,0.713,-0.671,0.103
87319327720053,acc,-11.871,-8.939,1.519,
87319327720053,Gyro,1.832,1.606,3.296,
87319327720053,Lacc,-7.552,-0.149,2.080,
87319327720053,GameRo,0.211,0.696,-0.678,0.111
87319328447388,pre,995.121,,,
87319347591106,acc,-10.864,-7.758,1.623,
87319347591106,Gyro,1.909,1.664,3.294,
87319347591106,Lacc,-5.990,0.747,2.006,
87319347591106,GameRo,0.247,0.677,-0.683,0.118
87319353525554,pre,995.088,,,
87319367450725,acc,-10.331,-6.813,1.623,
87319367450725,Gyro,1.929,1.637,3.402,
87319367450725,Lacc,-4.906,1.356,1.853,
87319367450725,GameRo,0.283,0.657,-0.687,0.125
87319378580486,pre,995.072,,,
87319387331463,acc,-9.427,-7.560,1.420,
87319387331463,Gyro,1.871,1.541,3.398,
87319387331463,Lacc,-3.459,0.226,1.524,
87319387331463,GameRo,0.318,0.636,-0.691,0.133
87319403634360,pre,995.081,,,
87319407174927,acc,-9.076,-7.526,0.830,
87319407174927,Gyro,1.690,1.418,3.279,
87319407174927,Lacc,-2.608,-0.150,0.848,
87319407174927,GameRo,0.351,0.614,-0.692,0.141
87319427070680,acc,-8.750,-7.663,0.328,
87319427070680,Gyro,1.489,1.368,3.197,
87319427070680,Lacc,-1.823,-0.717,0.306,
87319427070680,GameRo,0.382,0.594,-0.692,0.149
87319428665040,pre,995.084,,,
87319446941815,acc,-8.196,-7.882,0.381,
87319446941815,Gyro,1.257,1.354,3.085,
87319446941815,Lacc,-0.850,-1.379,0.373,
87319446941815,GameRo,0.412,0.574,-0.690,0.157
87319453744427,pre,995.091,,,
87319466810914,acc,-7.792,-8.088,0.647,
87319466810914,Gyro,0.959,1.233,2.946,
87319466810914,Lacc,-0.075,-2.031,0.699,
87319466810914,GameRo,0.439,0.557,-0.685,0.166
87319478799806,pre,995.103,,,
87319486682212,acc,-7.134,-8.444,1.116,
87319486682212,Gyro,0.720,1.068,2.779,
87319486682212,Lacc,0.907,-2.826,1.251,
87319486682212,GameRo,0.463,0.541,-0.680,0.176
87319503852947,pre,995.103,,,
87319506552003,acc,-6.087,-8.535,1.713,
87319506552003,Gyro,0.603,0.859,2.476,
87319506552003,Lacc,2.218,-3.319,1.922,
87319506552003,GameRo,0.483,0.526,-0.675,0.185
87319526421958,acc,-5.343,-8.486,1.457,
87319526421958,Gyro,0.698,0.868,2.176,
87319526421958,Lacc,2.972,-3.282,1.591,
87319526421958,GameRo,0.487,0.519,-0.679,0.179
87319528880697,pre,995.075,,,
87319546292522,acc,-4.926,-8.857,0.832,
87319546292522,Gyro,0.655,0.968,1.951,
87319546292522,Lacc,3.408,-3.684,0.990,
87319546292522,GameRo,0.493,0.515,-0.679,0.174
87319553961793,pre,995.081,,,
87319566161907,acc,-4.584,-9.632,0.482,
87319566161907,Gyro,0.355,1.041,1.721,
87319566161907,Lacc,3.916,-4.743,0.763,
87319566161907,GameRo,0.510,0.505,-0.674,0.178
87319578990683,pre,995.133,,,
87319586033204,acc,-4.376,-10.315,1.059,
87319586033204,Gyro,-0.047,0.934,1.380,
87319586033204,Lacc,4.255,-5.673,1.501,
87319586033204,GameRo,0.524,0.498,-0.666,0.183
87319604070965,pre,995.155,,,
87319605903118,acc,-4.102,-10.533,1.960,
87319605903118,Gyro,-0.406,0.581,0.946,
87319605903118,Lacc,4.615,-6.074,2.552,
87319605903118,GameRo,0.533,0.496,-0.659,0.187
87319625772909,acc,-3.500,-10.191,2.460,
87319625772909,Gyro,-0.664,0.070,0.499,
87319625772909,Lacc,5.266,-5.841,3.142,
87319625772909,GameRo,0.536,0.497,-0.654,0.193
87319629124025,pre,995.139,,,
87319645643190,acc,-3.733,-10.447,2.225,
87319645643190,Gyro,-0.777,-0.369,0.013,
87319645643190,Lacc,5.047,-6.127,2.925,
87319645643190,GameRo,0.533,0.501,-0.652,0.199
87319654179282,pre,995.115,,,
87319665487712,acc,-5.221,-11.849,1.129,
87319665487712,Gyro,-0.847,-0.665,-0.425,
87319665487712,Lacc,3.536,-7.478,1.793,
87319665487712,GameRo,0.526,0.507,-0.651,0.204
87319679233074,pre,995.084,,,
87319685384238,acc,-6.090,-12.322,0.053,
87319685384238,Gyro,-1.022,-0.849,-0.765,
87319685384238,Lacc,2.615,-7.839,0.661,
87319685384238,GameRo,0.515,0.515,-0.652,0.209
87319705231894,acc,-5.471,-11.273,-0.150,
87319705231894,Gyro,-1.181,-0.925,-1.181,
87319705231894,Lacc,3.147,-6.618,0.402,
87319705231894,GameRo,0.501,0.526,-0.653,0.213
87319704270265,pre,995.063,,,
87319725123821,acc,-5.290,-9.840,0.003,
87319725123821,Gyro,-1.129,-0.827,-1.743,
87319725123821,Lacc,3.186,-4.928,0.517,
87319725123821,GameRo,0.485,0.540,-0.655,0.213
87319729352133,pre,995.078,,,
87319744993938,acc,-6.992,-9.727,0.033,
87319744993938,Gyro,-0.857,-0.671,-2.300,
87319744993938,Lacc,1.271,-4.462,0.525,
87319744993938,GameRo,0.466,0.555,-0.657,0.207
87319754394491,pre,995.118,,,
87319764864340,acc,-9.124,-9.842,-0.328,
87319764864340,Gyro,-0.466,-0.588,-2.666,
87319764864340,Lacc,-1.139,-4.163,0.132,
87319764864340,GameRo,0.446,0.569,-0.662,0.196
87319779451295,pre,995.142,,,
87319784734702,acc,-10.738,-9.618,-1.027,
87319784734702,Gyro,-0.105,-0.523,-2.823,
87319784734702,Lacc,-3.078,-3.503,-0.629,
87319784734702,GameRo,0.426,0.582,-0.668,0.181
87319804579103,acc,-11.428,-8.434,-1.776,
87319804579103,Gyro,-0.015,-0.499,-2.694,
87319804579103,Lacc,-4.113,-1.906,-1.452,
87319804579103,GameRo,0.407,0.592,-0.675,0.166
87319804504721,pre,995.127,,,
87319824474814,acc,-10.328,-7.135,-1.876,
87319824474814,Gyro,-0.314,-0.626,-2.422,
87319824474814,Lacc,-3.341,-0.254,-1.606,
87319824474814,GameRo,0.388,0.603,-0.680,0.153
87319829532146,pre,995.112,,,
87319844344972,acc,-8.694,-6.644,-1.308,
87319844344972,Gyro,-0.809,-0.893,-2.366,
87319844344972,Lacc,-2.028,0.549,-1.054,
87319844344972,GameRo,0.368,0.615,-0.683,0.144
87319854611330,pre,995.121,,,
87319864215293,acc,-7.684,-6.591,-0.568,
87319864215293,Gyro,-1.187,-1.166,-2.558,
87319864215293,Lacc,-1.277,0.831,-0.271,
87319864215293,GameRo,0.348,0.628,-0.682,0.143
87319879638266,pre,995.130,,,
87319884085410,acc,-7.751,-6.565,-0.057,
87319884085410,Gyro,-1.283,-1.307,-2.871,
87319884085410,Lacc,-1.644,1.105,0.256,
87319884085410,GameRo,0.324,0.641,-0.681,0.141
87319903955812,acc,-8.888,-6.573,0.032,
87319903955812,Gyro,-1.119,-1.342,-3.153,
87319903955812,Lacc,-3.248,1.447,0.375,
87319903955812,GameRo,0.294,0.657,-0.682,0.133
87319904691652,pre,995.158,,,
87319923825969,acc,-10.269,-6.587,-0.568,
87319923825969,Gyro,-0.868,-1.276,-3.282,
87319923825969,Lacc,-5.148,1.773,-0.212,
87319923825969,GameRo,0.262,0.670,-0.683,0.122
87319929771607,pre,995.173,,,
87319943695721,acc,-11.207,-6.533,-1.267,
87319943695721,Gyro,-0.688,-1.115,-3.288,
87319943695721,Lacc,-6.630,2.136,-0.901,
87319943695721,GameRo,0.232,0.682,-0.685,0.109
87319954806113,pre,995.173,,,
87319963566692,acc,-11.705,-6.254,-1.732,
87319963566692,Gyro,-0.611,-0.879,-3.253,
87319963566692,Lacc,-7.686,2.686,-1.338,
87319963566692,GameRo,0.202,0.692,-0.686,0.095
87319979878297,pre,995.152,,,
87319983436850,acc,-12.079,-5.856,-1.742,
87319983436850,Gyro,-0.616,-0.691,-3.220,
87319983436850,Lacc,-8.626,3.315,-1.292,
87319983436850,GameRo,0.175,0.702,-0.686,0.080
87320003281699,acc,-12.288,-5.468,-1.530,
87320003281699,Gyro,-0.670,-0.658,-3.239,
87320003281699,Lacc,-9.412,3.896,-1.000,
87320003281699,GameRo,0.148,0.711,-0.685,0.064
87320004910157,pre,995.118,,,
87320023180381,acc,-12.841,-4.926,-1.391,
87320023180381,Gyro,-0.730,-0.729,-3.356,
87320023180381,Lacc,-10.567,4.596,-0.762,
87320023180381,GameRo,0.120,0.720,-0.682,0.048
87320029987998,pre,995.094,,,
87320043046917,acc,-14.093,-4.022,-1.501,
87320043046917,Gyro,-0.711,-0.789,-3.427,
87320043046917,Lacc,-12.449,5.621,-0.762,
87320043046917,GameRo,0.090,0.728,-0.679,0.031
87320055018882,pre,995.109,,,
87320062917563,acc,-15.440,-2.880,-2.089,
87320062917563,Gyro,-0.593,-0.671,-3.283,
87320062917563,Lacc,-14.419,6.840,-1.243,
87320062917563,GameRo,0.061,0.734,-0.676,0.015
87320080074464,pre,995.146,,,
87320082787924,acc,-16.498,-1.924,-2.691,
87320082787924,Gyro,-0.368,-0.205,-2.926,
87320082787924,Lacc,-16.049,7.832,-1.761,
87320082787924,GameRo,-0.036,-0.739,0.673,0.002
87320102657716,acc,-17.125,-0.647,-2.583,
87320102657716,Gyro,-0.044,0.542,-2.440,
87320102657716,Lacc,-17.174,9.115,-1.621,
87320102657716,GameRo,-0.019,-0.741,0.671,0.021
87320105147585,pre,995.170,,,
87320122534750,acc,-17.598,0.678,-1.528,
87320122534750,Gyro,0.248,1.185,-1.836,
87320122534750,Lacc,-18.047,10.434,-0.605,
87320122534750,GameRo,-0.011,-0.740,0.672,0.041
87320130182945,pre,995.167,,,
87320142397910,acc,-18.744,0.673,-0.588,
87320142397910,Gyro,0.365,1.369,-1.091,
87320142397910,Lacc,-19.465,10.421,0.249,
87320142397910,GameRo,-0.011,-0.737,0.674,0.060
87320155237346,pre,995.142,,,
87320162245811,acc,-20.698,-1.111,0.156,
87320162245811,Gyro,0.362,1.105,-0.136,
87320162245811,Lacc,-21.516,8.636,0.902,
87320162245811,GameRo,-0.016,-0.733,0.676,0.072
87320180308758,pre,995.115,,,
87320182138795,acc,-20.913,-2.770,0.632,
87320182138795,Gyro,0.403,0.395,1.004,
87320182138795,Lacc,-21.602,6.994,1.293,
87320182138795,GameRo,-0.026,-0.730,0.679,0.072
87320201989870,acc,-17.325,-2.696,-0.089,
87320201989870,Gyro,0.457,-0.284,2.032,
87320201989870,Lacc,-17.655,7.092,0.487,
87320201989870,GameRo,-0.038,-0.727,0.684,0.059
87320205349122,pre,995.103,,,
87320221876832,acc,-13.585,-2.549,-1.182,
87320221876832,Gyro,0.387,-0.404,2.623,
87320221876832,Lacc,-13.408,7.247,-0.688,
87320221876832,GameRo,-0.053,-0.723,0.688,0.038
87320230425538,pre,995.112,,,
87320241749107,acc,-12.919,-4.379,-1.653,
87320241749107,Gyro,0.317,0.014,2.951,
87320241749107,Lacc,-12.169,5.393,-1.221,
87320241749107,GameRo,-0.073,-0.719,0.691,0.017
87320255460939,pre,995.118,,,
87320261619630,acc,-13.777,-6.870,-1.312,
87320261619630,Gyro,0.431,0.605,3.214,
87320261619630,Lacc,-12.411,2.837,-0.940,
87320261619630,GameRo,0.098,0.714,-0.694,0.002
87320281469403,acc,-14.385,-8.726,-0.687,
87320281469403,Gyro,0.767,1.215,3.418,
87320281469403,Lacc,-12.369,0.871,-0.401,
87320281469403,GameRo,0.130,0.706,-0.696,0.018
87320280539146,pre,995.109,,,
87320301336590,acc,-14.162,-9.713,0.114,
87320301336590,Gyro,1.179,1.732,3.528,
87320301336590,Lacc,-11.480,-0.278,0.275,
87320301336590,GameRo,0.166,0.693,-0.701,0.030
87320305598390,pre,995.100,,,
87320321230226,acc,-13.177,-9.548,0.678,
87320321230226,Gyro,1.463,2.045,3.509,
87320321230226,Lacc,-9.835,-0.325,0.696,
87320321230226,GameRo,0.204,0.678,-0.705,0.039
87320330653159,pre,995.100,,,
87320341101238,acc,-12.245,-8.844,0.979,
87320341101238,Gyro,1.518,2.138,3.442,
87320341101238,Lacc,-8.269,0.123,0.874,
87320341101238,GameRo,0.243,0.660,-0.709,0.046
87320355722983,pre,995.109,,,
87320360970868,acc,-11.278,-8.020,1.156,
87320360970868,Gyro,1.381,1.991,3.395,
87320360970868,Lacc,-6.692,0.650,0.972,
87320360970868,GameRo,0.281,0.642,-0.712,0.053
87320380815594,acc,-10.458,-7.305,1.044,
87320380815594,Gyro,1.141,1.733,3.326,
87320380815594,Lacc,-5.293,1.032,0.828,
87320380815594,GameRo,0.316,0.624,-0.712,0.062
87320380761801,pre,995.127,,,
87320400690228,acc,-10.298,-7.194,0.826,
87320400690228,Gyro,0.863,1.476,3.262,
87320400690228,Lacc,-4.592,0.783,0.622,
87320400690228,GameRo,0.348,0.607,-0.711,0.072
87320405795574,pre,995.130,,,
87320420581585,acc,-10.239,-7.347,0.682,
87320420581585,Gyro,0.568,1.205,3.254,
87320420581585,Lacc,-4.022,0.240,0.528,
87320420581585,GameRo,0.377,0.592,-0.708,0.085
87320430845949,pre,995.109,,,
87320440451418,acc,-9.831,-7.620,0.566,
87320440451418,Gyro,0.256,0.942,3.257,
87320440451418,Lacc,-3.133,-0.453,0.489,
87320440451418,GameRo,0.403,0.578,-0.703,0.101
87320455909100,pre,995.094,,,
87320460321656,acc,-9.149,-8.024,0.561,
87320460321656,Gyro,-0.042,0.772,3.235,
87320460321656,Lacc,-2.001,-1.305,0.588,
87320460321656,GameRo,0.427,0.565,-0.696,0.119
87320480191855,acc,-8.238,-8.384,0.949,
87320480191855,Gyro,-0.218,0.705,3.122,
87320480191855,Lacc,-0.683,-2.128,1.104,
87320480191855,GameRo,0.449,0.553,-0.688,0.137
87320480950889,pre,995.078,,,
87320500062990,acc,-7.221,-8.349,1.595,
87320500062990,Gyro,-0.195,0.704,2.907,
87320500062990,Lacc,0.686,-2.550,1.882,
87320500062990,GameRo,0.470,0.542,-0.679,0.155
87320506028119,pre,995.060,,,
87320519932334,acc,-6.314,-8.351,1.973,
87320519932334,Gyro,-0.009,0.718,2.666,
87320519932334,Lacc,1.886,-2.981,2.374,
87320519932334,GameRo,0.489,0.531,-0.671,0.169
87320531083498,pre,995.066,,,
87320539803550,acc,-5.466,-8.490,1.905,
87320539803550,Gyro,0.187,0.788,2.432,
87320539803550,Lacc,2.905,-3.393,2.336,
87320539803550,GameRo,0.501,0.521,-0.669,0.176
87320556113121,pre,995.130,,,
87320559672853,acc,-4.680,-8.654,1.936,
87320559672853,Gyro,0.294,0.773,2.164,
87320559672853,Lacc,3.537,-3.299,2.147,
87320559672853,GameRo,0.491,0.519,-0.680,0.163
87320579542971,acc,-3.882,-9.137,1.753,
87320579542971,Gyro,0.240,0.627,1.844,
87320579542971,Lacc,4.251,-3.652,1.875,
87320579542971,GameRo,0.488,0.518,-0.685,0.155
87320581199179,pre,995.155,,,
87320599413209,acc,-2.966,-9.705,1.385,
87320599413209,Gyro,-0.026,0.386,1.358,
87320599413209,Lacc,5.210,-4.287,1.530,
87320599413209,GameRo,0.491,0.516,-0.684,0.156
87320606242189,pre,995.109,,,
87320619284711,acc,-2.625,-10.060,1.232,
87320619284711,Gyro,-0.380,0.154,0.713,
87320619284711,Lacc,5.617,-4.744,1.432,
87320619284711,GameRo,0.495,0.515,-0.681,0.161
87320631296429,pre,995.088,,,
87320639153647,acc,-2.729,-9.622,1.685,
87320639153647,Gyro,-0.654,-0.137,0.115,
87320639153647,Lacc,5.332,-4.034,1.842,
87320639153647,GameRo,0.482,0.525,-0.684,0.154
87320656324505,pre,995.136,,,
87320659023602,acc,-3.018,-8.961,2.087,
87320659023602,Gyro,-0.671,-0.460,-0.346,
87320659023602,Lacc,4.426,-2.577,1.861,
87320659023602,GameRo,0.442,0.541,-0.704,0.126
87320678893678,acc,-4.356,-9.544,1.314,
87320678893678,Gyro,-0.411,-0.620,-0.710,
87320678893678,Lacc,2.997,-3.055,1.062,
87320678893678,GameRo,0.433,0.547,-0.705,0.127
87320681404339,pre,995.161,,,
87320698764813,acc,-6.205,-10.787,-0.457,
87320698764813,Gyro,-0.177,-0.548,-0.934,
87320698764813,Lacc,1.027,-4.166,-0.768,
87320698764813,GameRo,0.424,0.552,-0.707,0.125
87320706456952,pre,995.124,,,
87320718627402,acc,-6.771,-11.331,-1.793,
87320718627402,Gyro,-0.336,-0.353,-1.086,
87320718627402,Lacc,0.320,-4.559,-2.131,
87320718627402,GameRo,0.415,0.557,-0.709,0.120
87320731483360,pre,995.091,,,
87320738479698,acc,-6.338,-10.851,-1.420,
87320738479698,Gyro,-0.753,-0.188,-1.416,
87320738479698,Lacc,0.575,-3.897,-1.706,
87320738479698,GameRo,0.405,0.567,-0.708,0.115
87320756535769,pre,995.094,,,
87320758349285,acc,-7.405,-11.034,-0.014,
87320758349285,Gyro,-0.986,-0.096,-1.982,
87320758349285,Lacc,-0.744,-3.834,-0.176,
87320758349285,GameRo,0.393,0.580,-0.705,0.107
87320778244956,acc,-9.269,-11.320,1.114,
87320778244956,Gyro,-0.944,-0.377,-2.552,
87320778244956,Lacc,-2.958,-3.809,1.067,
87320778244956,GameRo,0.377,0.596,-0.702,0.095
87320781610963,pre,995.118,,,
87320798115032,acc,-10.699,-10.671,1.154,
87320798115032,Gyro,-0.724,-0.811,-2.960,
87320798115032,Lacc,-4.825,-2.813,1.147,
87320798115032,GameRo,0.354,0.612,-0.703,0.083
87320806668377,pre,995.136,,,
87320817985353,acc,-11.765,-9.605,0.350,
87320817985353,Gyro,-0.478,-1.126,-3.143,
87320817985353,Lacc,-6.388,-1.400,0.311,
87320817985353,GameRo,0.327,0.625,-0.705,0.069
87320831718385,pre,995.146,,,
87320837855429,acc,-11.828,-7.959,-0.666,
87320837855429,Gyro,-0.410,-1.295,-3.037,
87320837855429,Lacc,-6.966,0.561,-0.768,
87320837855429,GameRo,0.299,0.637,-0.709,0.057
87320857700441,acc,-10.667,-6.538,-1.127,
87320857700441,Gyro,-0.546,-1.366,-2.793,
87320857700441,Lacc,-6.298,2.244,-1.269,
87320857700441,GameRo,0.271,0.648,-0.711,0.046
87320856747886,pre,995.136,,,
87320877595502,acc,-9.460,-5.868,-1.157,
87320877595502,Gyro,-0.713,-1.339,-2.621,
87320877595502,Lacc,-5.560,3.132,-1.292,
87320877595502,GameRo,0.244,0.658,-0.711,0.038
87320881826011,pre,995.136,,,
87320897467002,acc,-8.755,-5.976,-1.003,
87320897467002,Gyro,-0.796,-1.247,-2.608,
87320897467002,Lacc,-5.311,3.209,-1.085,
87320897467002,GameRo,0.218,0.669,-0.709,0.031
87320906880536,pre,995.139,,,
87320917311037,acc,-8.694,-6.493,-0.935,
87320917311037,Gyro,-0.784,-1.110,-2.773,
87320917311037,Lacc,-5.743,2.862,-0.943,
87320917311037,GameRo,0.192,0.680,-0.707,0.022
87320931935142,pre,995.133,,,
87320937181235,acc,-9.348,-6.694,-0.842,
87320937181235,Gyro,-0.703,-0.951,-3.010,
87320937181235,Lacc,-6.940,2.816,-0.765,
87320937181235,GameRo,0.165,0.690,-0.704,0.009
87320957051475,acc,-10.389,-6.495,-0.864,
87320957051475,Gyro,-0.602,-0.812,-3.188,
87320957051475,Lacc,-8.572,3.144,-0.702,
87320957051475,GameRo,-0.138,-0.700,0.701,0.006
87320956963829,pre,995.124,,,
87320976942751,acc,-11.483,-6.324,-0.989,
87320976942751,Gyro,-0.549,-0.765,-3.261,
87320976942751,Lacc,-10.282,3.409,-0.742,
87320976942751,GameRo,-0.110,-0.707,0.698,0.022
87320982015994,pre,995.112,,,
87320996816897,acc,-12.025,-5.982,-1.252,
87320996816897,Gyro,-0.557,-0.811,-3.233,
87320996816897,Lacc,-11.442,3.805,-0.911,
87320996816897,GameRo,-0.082,-0.715,0.694,0.038
87321007081178,pre,995.112,,,
87321016662233,acc,-11.813,-5.267,-1.550,
87321016662233,Gyro,-0.615,-0.860,-3.215,
87321016662233,Lacc,-11.838,4.533,-1.099,
87321016662233,GameRo,-0.054,-0.721,0.689,0.053
87321032122153,pre,995.139,,,
87321036557741,acc,-11.984,-4.791,-1.825,
87321036557741,Gyro,-0.738,-0.863,-3.317,
87321036557741,Lacc,-12.627,4.980,-1.232,
87321036557741,GameRo,-0.025,-0.728,0.682,0.068
87321056418133,acc,-12.778,-3.905,-1.720,
87321056418133,Gyro,-0.899,-0.927,-3.426,
87321056418133,Lacc,-14.057,5.790,-0.943,
87321056418133,GameRo,0.005,-0.735,0.673,0.084
87321057174440,pre,995.158,,,
87321076297894,acc,-13.969,-2.653,-1.631,
87321076297894,Gyro,-0.956,-0.981,-3.353,
87321076297894,Lacc,-15.874,6.919,-0.638,
87321076297894,GameRo,0.035,-0.741,0.663,0.100
87321082250165,pre,995.139,,,
87321096142742,acc,-15.133,-1.614,-1.878,
87321096142742,Gyro,-0.828,-0.832,-3.026,
87321096142742,Lacc,-17.606,7.803,-0.673,
87321096142742,GameRo,0.063,-0.747,0.652,0.113
87321107307578,pre,995.112,,,
87321116013348,acc,-16.105,-0.987,-2.117,
87321116013348,Gyro,-0.501,-0.392,-2.530,
87321116013348,Lacc,-19.055,8.271,-0.762,
87321116013348,GameRo,0.086,-0.749,0.644,0.127
87321132359418,pre,995.118,,,
87321135912233,acc,-16.915,-0.744,-1.929,
87321135912233,Gyro,-0.074,0.233,-1.950,
87321135912233,Lacc,-20.248,8.377,-0.536,
87321135912233,GameRo,0.101,-0.749,0.640,0.140
87321155760215,acc,-17.332,-0.069,-1.156,
87321155760215,Gyro,0.304,0.681,-1.252,
87321155760215,Lacc,-20.940,8.958,0.161,
87321155760215,GameRo,0.109,-0.745,0.640,0.153
87321157390058,pre,995.142,,,
87321175649253,acc,-17.831,-0.242,-0.632,
87321175649253,Gyro,0.516,0.800,-0.432,
87321175649253,Lacc,-21.575,8.750,0.542,
87321175649253,GameRo,0.109,-0.740,0.643,0.163
87321182470339,pre,995.149,,,
87321195519696,acc,-19.123,-2.458,-0.560,
87321195519696,Gyro,0.585,0.684,0.466,
87321195519696,Lacc,-22.842,6.563,0.454,
87321195519696,GameRo,0.104,-0.735,0.649,0.166
87321207524213,pre,995.142,,,
87321215390668,acc,-19.061,-4.710,-0.713,
87321215390668,Gyro,0.600,0.339,1.346,
87321215390668,Lacc,-22.581,4.405,0.159,
87321215390668,GameRo,0.093,-0.732,0.655,0.162
87321232575482,pre,995.146,,,
87321235259605,acc,-16.211,-4.558,-1.088,
87321235259605,Gyro,0.507,-0.013,2.046,
87321235259605,Lacc,-19.382,4.693,-0.322,
87321235259605,GameRo,0.080,-0.730,0.662,0.149
87321255130780,acc,-12.946,-3.528,-1.283,
87321255130780,Gyro,0.246,-0.119,2.534,
87321255130780,Lacc,-15.656,5.873,-0.572,
87321255130780,GameRo,0.063,-0.730,0.668,0.131
87321257632855,pre,995.130,,,
87321275001182,acc,-12.154,-4.812,-1.040,
87321275001182,Gyro,-0.014,0.070,2.820,
87321275001182,Lacc,-14.334,4.726,-0.335,
87321275001182,GameRo,0.043,-0.731,0.672,0.112
87321282681032,pre,995.106,,,
87321294846926,acc,-13.074,-7.109,-0.327,
87321294846926,Gyro,-0.013,0.313,3.072,
87321294846926,Lacc,-14.678,2.543,0.381,
87321294846926,GameRo,0.020,-0.732,0.675,0.094
87321307736412,pre,995.112,,,
87321314741050,acc,-13.469,-9.105,0.323,
87321314741050,Gyro,0.328,0.526,3.265,
87321314741050,Lacc,-14.447,0.634,0.987,
87321314741050,GameRo,-0.007,-0.731,0.679,0.075
87321332791425,pre,995.133,,,
87321334598920,acc,-12.831,-10.108,0.351,
87321334598920,Gyro,0.937,0.875,3.256,
87321334598920,Lacc,-13.170,-0.317,0.862,
87321334598920,GameRo,-0.036,-0.724,0.686,0.058
87321354481162,acc,-12.353,-10.005,-0.324,
87321354481162,Gyro,1.416,1.446,3.111,
87321354481162,Lacc,-12.078,-0.202,-0.067,
87321354481162,GameRo,-0.067,-0.713,0.696,0.045
87321357820030,pre,995.143,,,
87321374351321,acc,-12.300,-9.515,-0.395,
87321374351321,Gyro,1.615,1.953,3.052,
87321374351321,Lacc,-11.427,0.256,-0.428,
87321374351321,GameRo,-0.100,-0.699,0.707,0.038
87321382900230,pre,995.115,,,
87321394221478,acc,-11.919,-8.821,-0.037,
87321394221478,Gyro,1.582,2.227,3.080,
87321394221478,Lacc,-10.438,0.872,-0.332,
87321394221478,GameRo,-0.137,-0.683,0.717,0.033
87321407952558,pre,995.075,,,
87321414091840,acc,-11.174,-8.078,0.500,
87321414091840,Gyro,1.413,2.219,3.118,
87321414091840,Lacc,-9.072,1.492,0.001,
87321414091840,GameRo,-0.174,-0.667,0.724,0.028
87321433937217,acc,-10.350,-7.471,0.750,
87321433937217,Gyro,1.159,2.020,3.106,
87321433937217,Lacc,-7.629,1.932,0.116,
87321433937217,GameRo,-0.209,-0.651,0.729,0.021
87321433007204,pre,995.066,,,
87321453831952,acc,-9.867,-7.204,0.758,
87321453831952,Gyro,0.831,1.719,3.086,
87321453831952,Lacc,-6.545,2.000,0.057,
87321453831952,GameRo,-0.242,-0.637,0.732,0.012
87321458060834,pre,995.072,,,
87321473676841,acc,-9.442,-7.163,0.772,
87321473676841,Gyro,0.450,1.370,3.122,
87321473676841,Lacc,-5.533,1.808,0.073,
87321473676841,GameRo,-0.273,-0.625,0.732,0.000
87321483090904,pre,995.081,,,
87321493572960,acc,-8.757,-7.384,0.787,
87321493572960,Gyro,0.074,0.983,3.161,
87321493572960,Lacc,-4.276,1.319,0.147,
87321493572960,GameRo,0.300,0.614,-0.730,0.015
87321508168622,pre,995.085,,,
87321513442629,acc,-7.871,-7.895,0.698,
87321513442629,Gyro,-0.254,0.685,3.137,
87321513442629,Lacc,-2.841,0.510,0.157,
87321513442629,GameRo,0.325,0.606,-0.726,0.034
87321533287396,acc,-6.967,-8.327,0.927,
87321533287396,Gyro,-0.476,0.458,3.022,
87321533287396,Lacc,-1.428,-0.241,0.509,
87321533287396,GameRo,0.347,0.599,-0.720,0.054
87321533222211,pre,995.078,,,
87321553162722,acc,-5.936,-8.426,1.179,
87321553162722,Gyro,-0.521,0.305,2.881,
87321553162722,Lacc,0.065,-0.672,0.884,
87321553162722,GameRo,0.366,0.592,-0.714,0.075
87321558247764,pre,995.066,,,
87321573069745,acc,-4.670,-8.626,1.107,
87321573069745,Gyro,-0.391,0.310,2.657,
87321573069745,Lacc,1.332,-0.878,0.660,
87321573069745,GameRo,0.364,0.587,-0.719,0.075
87321583309939,pre,995.066,,,
87321592923749,acc,-3.646,-8.602,0.958,
87321592923749,Gyro,-0.160,0.503,2.258,
87321592923749,Lacc,2.656,-1.093,0.583,
87321592923749,GameRo,0.378,0.582,-0.715,0.088
87321608354739,pre,995.097,,,
87321612768638,acc,-3.474,-8.626,0.953,
87321612768638,Gyro,0.044,0.722,1.784,
87321612768638,Lacc,3.059,-1.314,0.651,
87321612768638,GameRo,0.391,0.576,-0.712,0.096
87321632664309,acc,-3.725,-8.750,1.137,
87321632664309,Gyro,0.082,0.753,1.350,
87321632664309,Lacc,2.818,-1.446,0.850,
87321632664309,GameRo,0.394,0.574,-0.711,0.092
87321633424360,pre,995.112,,,
87321652514081,acc,-3.583,-8.651,1.456,
87321652514081,Gyro,-0.050,0.574,0.933,
87321652514081,Lacc,3.009,-1.390,1.196,
87321652514081,GameRo,0.400,0.572,-0.711,0.091
87321658487876,pre,995.103,,,
87321672404584,acc,-3.530,-8.456,1.805,
87321672404584,Gyro,-0.259,0.281,0.511,
87321672404584,Lacc,3.110,-1.237,1.589,
87321672404584,GameRo,0.403,0.571,-0.709,0.092
87321683542198,pre,995.109,,,
87321692274701,acc,-3.729,-8.673,2.081,
87321692274701,Gyro,-0.486,-0.140,0.096,
87321692274701,Lacc,2.661,-1.241,1.662,
87321692274701,GameRo,0.391,0.571,-0.718,0.079
87321708595624,pre,995.127,,,
87321712144981,acc,-4.686,-9.696,1.878,
87321712144981,Gyro,-0.586,-0.536,-0.363,
87321712144981,Lacc,1.667,-2.231,1.489,
87321712144981,GameRo,0.386,0.576,-0.716,0.082
87321732014976,acc,-6.323,-11.384,1.205,
87321732014976,Gyro,-0.526,-0.769,-0.836,
87321732014976,Lacc,-0.081,-3.827,0.810,
87321732014976,GameRo,0.376,0.582,-0.716,0.084
87321733625897,pre,995.118,,,
87321751860029,acc,-6.688,-11.499,0.332,
87321751860029,Gyro,-0.479,-0.929,-1.218,
87321751860029,Lacc,-0.623,-3.800,-0.099,
87321751860029,GameRo,0.363,0.588,-0.718,0.083
87321758702883,pre,995.100,,,
87321771755983,acc,-5.879,-10.489,-0.217,
87321771755983,Gyro,-0.464,-0.886,-1.648,
87321771755983,Lacc,-0.053,-2.610,-0.685,
87321771755983,GameRo,0.347,0.596,-0.719,0.079
87321783757205,pre,995.085,,,
87321791625776,acc,-6.201,-9.400,-0.112,
87321791625776,Gyro,-0.265,-0.679,-2.201,
87321791625776,Lacc,-0.705,-1.290,-0.607,
87321791625776,GameRo,0.329,0.605,-0.721,0.070
87321808811445,pre,995.085,,,
87321811496096,acc,-8.250,-9.074,-0.225,
87321811496096,Gyro,0.202,-0.479,-2.630,
87321811496096,Lacc,-3.174,-0.697,-0.778,
87321811496096,GameRo,0.310,0.613,-0.725,0.055
87321831365847,acc,-10.549,-8.958,-1.211,
87321831365847,Gyro,0.615,-0.365,-2.722,
87321831365847,Lacc,-5.941,-0.324,-1.891,
87321831365847,GameRo,0.291,0.617,-0.730,0.036
87321833864342,pre,995.100,,,
87321851237185,acc,-11.966,-9.074,-2.408,
87321851237185,Gyro,0.569,-0.320,-2.506,
87321851237185,Lacc,-7.813,-0.225,-3.230,
87321851237185,GameRo,0.273,0.619,-0.736,0.018
87321858916547,pre,995.112,,,
87321871106651,acc,-11.690,-8.791,-2.420,
87321871106651,Gyro,0.064,-0.457,-2.208,
87321871106651,Lacc,-7.947,0.232,-3.318,
87321871106651,GameRo,0.256,0.623,-0.739,0.003
87321883972292,pre,995.103,,,
87321890951581,acc,-10.113,-8.296,-1.419,
87321890951581,Gyro,-0.577,-0.796,-2.091,
87321890951581,Lacc,-6.755,0.880,-2.293,
87321890951581,GameRo,-0.238,-0.631,0.738,0.008
87321909005414,pre,995.097,,,
87321910847374,acc,-8.536,-8.107,-0.472,
87321910847374,Gyro,-1.133,-1.251,-2.190,
87321910847374,Lacc,-5.585,1.217,-1.234,
87321910847374,GameRo,-0.217,-0.643,0.734,0.014
87321930717614,acc,-7.376,-7.977,0.010,
87321930717614,Gyro,-1.515,-1.670,-2.474,
87321930717614,Lacc,-4.882,1.493,-0.568,
87321930717614,GameRo,-0.191,-0.659,0.727,0.018
87321934082644,pre,995.127,,,
87321950588178,acc,-7.240,-7.873,0.217,
87321950588178,Gyro,-1.556,-1.834,-2.917,
87321950588178,Lacc,-5.279,1.732,-0.138,
87321950588178,GameRo,-0.160,-0.676,0.719,0.022
87321959133954,pre,995.149,,,
87321970441572,acc,-8.316,-7.766,-0.116,
87321970441572,Gyro,-1.302,-1.726,-3.341,
87321970441572,Lacc,-6.980,1.951,-0.259,
87321970441572,GameRo,-0.126,-0.691,0.712,0.031
87321984187625,pre,995.121,,,
87321990308149,acc,-9.576,-7.569,-0.916,
87321990308149,Gyro,-1.024,-1.425,-3.581,
87321990308149,Lacc,-8.921,2.219,-0.877,
87321990308149,GameRo,-0.091,-0.703,0.704,0.044
87322010178754,acc,-10.741,-7.003,-1.300,
87322010178754,Gyro,-0.786,-1.020,-3.663,
87322009256391,pre,995.088,,,
87322010178754,Lacc,-10.791,2.804,-1.100,
87322010178754,GameRo,-0.058,-0.712,0.697,0.060
87322030044151,acc,-11.793,-6.327,-1.448,
87322030044151,Gyro,-0.528,-0.632,-3.609,
87322030044151,Lacc,-12.541,3.449,-1.123,
87322030044151,GameRo,-0.028,-0.718,0.691,0.080
87322034295535,pre,995.085,,,
87322049939700,acc,-12.712,-6.042,-1.456,
87322049939700,Gyro,-0.401,-0.409,-3.491,
87322049939700,Lacc,-14.133,3.655,-1.043,
87322049939700,GameRo,-0.000,-0.722,0.685,0.100
87322059350630,pre,995.100,,,
87322069810020,acc,-13.245,-5.968,-1.382,
87322069810020,Gyro,-0.480,-0.470,-3.431,
87322069810020,Lacc,-15.312,3.608,-0.871,
87322069810020,GameRo,0.027,-0.725,0.678,0.120
87322084406171,pre,995.088,,,
87322089679283,acc,-13.405,-5.019,-1.360,
87322089679283,Gyro,-0.622,-0.671,-3.466,
87322089679283,Lacc,-16.106,4.390,-0.710,
87322089679283,GameRo,0.054,-0.728,0.669,0.139
87322109524091,acc,-13.778,-3.284,-1.622,
87322109524091,Gyro,-0.712,-0.813,-3.458,
87322109524091,Lacc,-17.104,5.908,-0.795,
87322109524091,GameRo,0.084,-0.732,0.658,0.156
87322109441286,pre,995.060,,,
87322129419558,acc,-15.239,-2.334,-2.103,
87322129419558,Gyro,-0.761,-0.736,-3.218,
87322129419558,Lacc,-19.144,6.608,-1.081,
87322129419558,GameRo,0.112,-0.735,0.647,0.173
87322134491173,pre,995.063,,,
87322149289594,acc,-16.503,-1.715,-2.098,
87322149289594,Gyro,-0.657,-0.501,-2.764,
87322149289594,Lacc,-20.900,6.973,-0.899,
87322149289594,GameRo,0.135,-0.737,0.635,0.187
87322159555016,pre,995.106,,,
87322169160932,acc,-17.088,-0.678,-1.816,
87322169160932,Gyro,-0.357,-0.101,-2.241,
87322169160932,Lacc,-21.883,7.780,-0.513,
87322169160932,GameRo,0.153,-0.737,0.627,0.201
87322184605431,pre,995.139,,,
87322189030194,acc,-17.395,0.378,-1.200,
87322189030194,Gyro,-0.024,0.323,-1.595,
87322189030194,Lacc,-22.492,8.658,0.104,
87322189030194,GameRo,0.165,-0.734,0.623,0.214
87322208900312,acc,-17.702,0.703,-0.375,
87322208900312,Gyro,0.207,0.485,-0.739,
87322208900312,Lacc,-22.974,8.884,0.854,
87322208900312,GameRo,0.170,-0.731,0.622,0.223
87322209660403,pre,995.130,,,
87322228770469,acc,-18.599,-0.990,-0.023,
87322228770469,Gyro,0.407,0.434,0.251,
87322228770469,Lacc,-23.886,7.197,1.101,
87322228770469,GameRo,0.168,-0.727,0.626,0.226
87322234711876,pre,995.106,,,
87322248640912,acc,-19.101,-3.891,-0.381,
87322248640912,Gyro,0.592,0.254,1.195,
87322248640912,Lacc,-24.237,4.407,0.621,
87322248640912,GameRo,0.160,-0.725,0.632,0.222
87322259776981,pre,995.106,,,
87322268511885,acc,-17.749,-5.568,-0.982,
87322268511885,Gyro,0.662,0.079,1.905,
87322268511885,Lacc,-22.590,2.919,-0.101,
87322268511885,GameRo,0.148,-0.723,0.641,0.210
87322284845949,pre,995.109,,,
87322288381188,acc,-14.705,-5.012,-1.219,
87322288381188,Gyro,0.619,0.095,2.393,
87322288381188,Lacc,-19.151,3.699,-0.452,
87322288381188,GameRo,0.132,-0.722,0.650,0.195
87322308251305,acc,-12.429,-4.381,-1.265,
87322308251305,Gyro,0.506,0.373,2.713,
87322308251305,Lacc,-16.407,4.562,-0.614,
87322308251305,GameRo,0.113,-0.721,0.660,0.178
87322309874270,pre,995.088,,,
87322328121544,acc,-12.803,-6.023,-0.856,
87322328121544,Gyro,0.401,0.834,2.970,
87322328121544,Lacc,-16.261,3.142,-0.329,
87322328121544,GameRo,0.088,-0.720,0.668,0.163
87322334948000,pre,995.054,,,
87322347991743,acc,-14.058,-8.237,-0.042,
87322347991743,Gyro,0.485,1.216,3.283,
87322347991743,Lacc,-16.931,1.135,0.335,
87322347991743,GameRo,0.058,-0.718,0.677,0.149
87322360009117,pre,995.051,,,
87322367863121,acc,-14.228,-10.048,0.725,
87322367863121,Gyro,0.787,1.422,3.487,
87322367863121,Lacc,-16.453,-0.495,0.907,
87322367863121,GameRo,0.025,-0.713,0.687,0.135
87322385063316,pre,995.091,,,
87322387707197,acc,-13.266,-10.535,0.894,
87322387707197,Gyro,1.167,1.650,3.483,
87322387707197,Lacc,-14.811,-0.848,0.815,
87322387707197,GameRo,-0.010,-0.704,0.699,0.122
87322407578372,acc,-12.228,-10.068,0.719,
87322407578372,Gyro,1.407,1.969,3.315,
87322407578372,Lacc,-13.103,-0.305,0.330,
87322407578372,GameRo,-0.045,-0.691,0.712,0.111
87322410114668,pre,995.124,,,
87322427472496,acc,-11.893,-9.382,0.732,
87322427472496,Gyro,1.391,2.175,3.188,
87322427472496,Lacc,-12.113,0.401,0.041,
87322427472496,GameRo,-0.081,-0.677,0.724,0.103
87322435168460,pre,995.112,,,
87322447343142,acc,-11.466,-8.494,1.051,
87322447343142,Gyro,1.244,2.131,3.200,
87322447343142,Lacc,-11.027,1.261,0.112,
87322447343142,GameRo,-0.117,-0.662,0.734,0.096
87322460221194,pre,995.091,,,
87322467213260,acc,-10.580,-7.755,1.278,
87322467213260,Gyro,1.081,1.937,3.227,
87322467213260,Lacc,-9.469,1.927,0.149,
87322467213260,GameRo,-0.152,-0.648,0.742,0.087
87322485274580,pre,995.094,,,
87322487058556,acc,-9.872,-7.456,1.305,
87322487058556,Gyro,0.862,1.670,3.213,
87322487058556,Lacc,-8.096,2.110,0.046,
87322487058556,GameRo,-0.185,-0.634,0.747,0.076
87322506953901,acc,-9.492,-7.547,1.021,
87322506953901,Gyro,0.550,1.324,3.201,
87322506953901,Lacc,-7.070,1.866,-0.303,
87322506953901,GameRo,-0.216,-0.621,0.751,0.062
87322510327802,pre,995.097,,,
87322526823896,acc,-8.896,-7.831,0.575,
87322526823896,Gyro,0.112,1.018,3.206,
87322526823896,Lacc,-5.846,1.400,-0.738,
87322526823896,GameRo,-0.244,-0.611,0.752,0.045
87322535381920,pre,995.072,,,
87322546674970,acc,-8.120,-8.212,0.768,
87322546674970,Gyro,-0.267,0.788,3.160,
87322546674970,Lacc,-4.467,0.809,-0.457,
87322546674970,GameRo,-0.269,-0.604,0.750,0.026
87322560434532,pre,995.072,,,
87322566564211,acc,-7.288,-8.636,1.061,
87322566564211,Gyro,-0.454,0.653,3.063,
87322566564211,Lacc,-3.069,0.153,-0.035,
87322566564211,GameRo,-0.293,-0.599,0.746,0.006
87322586409468,acc,-5.986,-8.906,1.314,
87322586409468,Gyro,-0.401,0.652,2.894,
87322586409468,Lacc,-1.244,-0.373,0.352,
87322586409468,GameRo,0.315,0.593,-0.741,0.014
87322585490767,pre,995.109,,,
87322606304854,acc,-4.536,-9.043,1.366,
87322606304854,Gyro,-0.201,0.804,2.573,
87322606304854,Lacc,0.669,-0.771,0.522,
87322606304854,GameRo,0.336,0.586,-0.736,0.030
87322610543664,pre,995.124,,,
87322626155277,acc,-3.696,-9.024,1.475,
87322626155277,Gyro,0.052,1.002,2.099,
87322626155277,Lacc,1.466,-0.733,0.550,
87322626155277,GameRo,0.336,0.583,-0.739,0.025
87322635571903,pre,995.078,,,
87322646045088,acc,-3.560,-9.046,1.486,
87322646045088,Gyro,0.254,1.146,1.589,
87322646045088,Lacc,1.506,-0.704,0.491,
87322646045088,GameRo,0.336,0.580,-0.742,0.016
87322660650517,pre,995.048,,,
87322665915287,acc,-3.801,-9.110,1.388,
87322665915287,Gyro,0.265,1.170,1.125,
87322665915287,Lacc,1.360,-0.823,0.429,
87322665915287,GameRo,0.345,0.576,-0.741,0.013
87322685761519,acc,-4.125,-9.148,1.668,
87322685761519,Gyro,0.086,1.021,0.735,
87322685761519,Lacc,1.162,-0.933,0.778,
87322685761519,GameRo,0.356,0.572,-0.738,0.011
87322685705895,pre,995.100,,,
87322705656010,acc,-4.130,-9.090,2.082,
87322705656010,Gyro,-0.189,0.692,0.372,
87322705656010,Lacc,1.222,-0.909,1.265,
87322705656010,GameRo,0.364,0.571,-0.736,0.009
87322710737023,pre,995.155,,,
87322725526086,acc,-3.970,-8.960,2.472,
87322725526086,Gyro,-0.481,0.239,0.042,
87322725526086,Lacc,1.362,-0.763,1.690,
87322725526086,GameRo,0.366,0.571,-0.735,0.005
87322735787438,pre,995.121,,,
87322745396203,acc,-4.323,-9.278,2.742,
87322745396203,Gyro,-0.628,-0.229,-0.312,
87322745396203,Lacc,0.973,-1.050,2.046,
87322745396203,GameRo,0.364,0.576,-0.732,0.007
87322760852339,pre,995.072,,,
87322765266890,acc,-5.702,-10.291,2.336,
87322765266890,Gyro,-0.559,-0.517,-0.622,
87322765266890,Lacc,-0.501,-1.998,1.691,
87322765266890,GameRo,0.357,0.583,-0.730,0.007
87322785136967,acc,-6.297,-10.698,1.776,
87322785136967,Gyro,-0.447,-0.756,-0.802,
87322785136967,Lacc,-1.231,-2.321,1.140,
87322785136967,GameRo,0.348,0.589,-0.730,0.007
87322785908695,pre,995.088,,,
87322805007083,acc,-5.211,-10.362,1.353,
87322805007083,Gyro,-0.345,-0.975,-1.066,
87322805007083,Lacc,-0.316,-1.886,0.690,
87322805007083,GameRo,0.336,0.595,-0.731,0.007
87322810971887,pre,995.124,,,
87322824877852,acc,-4.365,-9.666,0.859,
87322824877852,Gyro,-0.054,-1.023,-1.636,
87322824877852,Lacc,0.276,-1.055,0.129,
87322824877852,GameRo,0.320,0.601,-0.733,0.004
87322836030806,pre,995.121,,,
87322844747602,acc,-6.005,-9.833,-0.019,
87322844747602,Gyro,0.517,-0.870,-2.428,
87322844747602,Lacc,-1.754,-1.034,-0.885,
87322844747602,GameRo,-0.300,-0.605,0.738,0.007
87322861084232,pre,995.094,,,
87322864617395,acc,-9.441,-9.537,-1.423,
87322864617395,Gyro,1.135,-0.616,-2.869,
87322864617395,Lacc,-5.702,-0.534,-2.516,
87322864617395,GameRo,-0.277,-0.606,0.745,0.027
87322884488081,acc,-11.955,-9.046,-2.951,
87322884488081,Gyro,1.276,-0.415,-2.691,
87322884488081,Lacc,-8.736,0.120,-4.315,
87322884488081,GameRo,-0.257,-0.604,0.753,0.048
87322886157271,pre,995.072,,,
87322904334802,acc,-12.325,-8.547,-3.406,
87322904334802,Gyro,0.807,-0.458,-2.243,
87322904334802,Lacc,-9.552,0.730,-4.981,
87322904334802,GameRo,-0.239,-0.602,0.759,0.066
87322911191206,pre,995.051,,,
87322924244023,acc,-10.783,-7.857,-2.590,
87322924244023,Gyro,-0.012,-0.767,-1.966,
87322924244023,Lacc,-8.398,1.513,-4.246,
87322924244023,GameRo,-0.222,-0.605,0.760,0.078
87322936246911,pre,995.042,,,
87322944098596,acc,-9.389,-7.660,-1.356,
87322944098596,Gyro,-0.882,-1.331,-1.981,
87322944098596,Lacc,-7.399,1.814,-2.942,
87322944098596,GameRo,-0.202,-0.615,0.757,0.084
87322961299808,pre,995.078,,,
87322963943648,acc,-8.231,-7.358,-0.482,
87322963943648,Gyro,-1.590,-1.956,-2.153,
87322963943648,Lacc,-6.684,2.230,-1.861,
87322963943648,GameRo,-0.178,-0.631,0.750,0.086
87322983839156,acc,-7.606,-7.059,0.249,
87322983839156,Gyro,-1.937,-2.412,-2.443,
87322983839156,Lacc,-6.508,2.630,-0.824,
87322983839156,GameRo,-0.150,-0.650,0.740,0.084
87322986353397,pre,995.121,,,
87323003709070,acc,-7.970,-6.950,0.223,
87323003709070,Gyro,-1.922,-2.656,-2.838,
87323003709070,Lacc,-7.425,2.818,-0.510,
87323003709070,GameRo,-0.115,-0.670,0.728,0.084
87323011384444,pre,995.133,,,
87323023554610,acc,-9.278,-6.776,-0.764,
87323023554610,Gyro,-1.775,-2.594,-3.095,
87323023554610,Lacc,-9.351,3.026,-1.156,
87323023554610,GameRo,-0.077,-0.689,0.716,0.086
87323036436649,pre,995.136,,,
87323043426599,acc,-10.456,-6.734,-1.681,
87323043426599,Gyro,-1.746,-2.353,-3.142,
87323043426599,Lacc,-11.148,3.051,-1.718,
87323043426599,GameRo,-0.040,-0.705,0.703,0.090
87323061510990,pre,995.136,,,
87323063320438,acc,-10.917,-6.689,-2.184,
87323063320438,Gyro,-1.843,-1.977,-3.094,
87323063320438,Lacc,-12.201,3.030,-1.828,
87323063320438,GameRo,-0.005,-0.720,0.688,0.096
87323083190434,acc,-10.913,-6.394,-1.870,
87323083190434,Gyro,-1.891,-1.569,-3.124,
87323083190434,Lacc,-12.767,3.208,-1.097,
87323083190434,GameRo,0.027,-0.734,0.671,0.104
87323086573530,pre,995.130,,,
87323103061201,acc,-11.371,-5.900,-1.429,
87323103061201,Gyro,-1.767,-1.201,-3.221,
87323103061201,Lacc,-13.797,3.533,-0.254,
87323103061201,GameRo,0.056,-0.746,0.653,0.116
87323111626713,pre,995.115,,,
87323122930831,acc,-12.090,-5.336,-1.192,
87323122930831,Gyro,-1.602,-0.955,-3.267,
87323122930831,Lacc,-15.088,3.878,0.343,
87323122930831,GameRo,0.085,-0.756,0.636,0.131
87323136656945,pre,995.130,,,
87323142801395,acc,-12.618,-4.642,-1.091,
87323142801395,Gyro,-1.511,-0.839,-3.267,
87323142801395,Lacc,-16.170,4.310,0.777,
87323142801395,GameRo,0.113,-0.763,0.619,0.146
87323162645919,acc,-13.402,-3.838,-1.072,
87323162645919,Gyro,-1.363,-0.660,-3.244,
87323162645919,Lacc,-17.489,4.811,1.103,
87323162645919,GameRo,0.140,-0.769,0.603,0.161
87323161735599,pre,995.146,,,
87323182542240,acc,-15.023,-2.996,-1.154,
87323182542240,Gyro,-1.021,-0.321,-3.094,
87323182542240,Lacc,-19.618,5.330,1.257,
87323182542240,GameRo,0.165,-0.772,0.588,0.178
87323186790409,pre,995.118,,,
87323202411828,acc,-16.697,-1.713,-1.403,
87323202411828,Gyro,-0.476,0.216,-2.667,
87323202411828,Lacc,-21.749,6.310,1.116,
87323202411828,GameRo,0.185,-0.771,0.577,0.196
87323211844119,pre,995.106,,,
87323222282596,acc,-17.608,-0.403,-1.401,
87323222282596,Gyro,0.104,0.946,-2.041,
87323222282596,Lacc,-23.044,7.385,1.055,
87323222282596,GameRo,0.198,-0.766,0.574,0.214
87323236873823,pre,995.146,,,
87323242152307,acc,-17.893,0.832,-0.335,
87323242152307,Gyro,0.469,1.409,-1.324,
87323242152307,Lacc,-23.626,8.469,1.910,
87323242152307,GameRo,0.203,-0.757,0.576,0.232
87323261997033,acc,-18.442,0.978,0.600,
87323261997033,Gyro,0.486,1.237,-0.467,
87323261997033,Lacc,-24.345,8.553,2.604,
87323261997033,GameRo,0.202,-0.749,0.581,0.245
87323261947472,pre,995.161,,,
87323281893274,acc,-19.748,-1.084,0.974,
87323281893274,Gyro,0.375,0.618,0.605,
87323281893274,Lacc,-25.641,6.539,2.817,
87323281893274,GameRo,0.196,-0.745,0.587,0.249
87323286976078,pre,995.103,,,
87323301762454,acc,-19.177,-3.896,0.444,
87323301762454,Gyro,0.430,-0.016,1.636,
87323301762454,Lacc,-24.862,3.902,2.213,
87323301762454,GameRo,0.185,-0.746,0.593,0.241
87323312029382,pre,995.066,,,
87323321632979,acc,-16.470,-5.009,-0.379,
87323321632979,Gyro,0.576,-0.235,2.306,
87323321632979,Lacc,-21.801,3.046,1.334,
87323321632979,GameRo,0.172,-0.747,0.602,0.225
87323337094486,pre,995.088,,,
87323341504276,acc,-13.271,-4.509,-0.510,
87323341504276,Gyro,0.717,-0.110,2.684,
87323341504276,Lacc,-18.164,3.837,1.112,
87323341504276,GameRo,0.155,-0.747,0.612,0.207
87323361373458,acc,-11.704,-4.895,-0.514,
87323361373458,Gyro,0.792,0.191,2.832,
87323361373458,Lacc,-16.117,3.739,0.970,
87323361373458,GameRo,0.135,-0.747,0.624,0.189
87323362145593,pre,995.112,,,
87323381243737,acc,-12.387,-6.696,-0.394,
87323381243737,Gyro,0.874,0.578,2.940,
87323381243737,Lacc,-16.301,2.205,0.906,
87323381243737,GameRo,0.112,-0.744,0.636,0.173
87323387208051,pre,995.091,,,
87323401113773,acc,-13.374,-8.521,-0.056,
87323401113773,Gyro,1.077,0.904,3.098,
87323401113773,Lacc,-16.753,0.627,1.007,
87323401113773,GameRo,0.085,-0.740,0.649,0.158
87323412263105,pre,995.063,,,
87323420984378,acc,-13.370,-9.856,0.229,
87323420984378,Gyro,1.434,1.252,3.228,
87323420984378,Lacc,-16.173,-0.486,0.982,
87323420984378,GameRo,0.056,-0.732,0.664,0.144
87323437289554,pre,995.084,,,
87323440854374,acc,-12.498,-10.346,0.283,
87323440854374,Gyro,1.812,1.707,3.197,
87323440854374,Lacc,-14.703,-0.793,0.637,
87323440854374,GameRo,0.025,-0.719,0.681,0.133
87323460724328,acc,-11.735,-10.034,0.343,
87323460724328,Gyro,1.994,2.156,3.029,
87323460724328,Lacc,-13.347,-0.358,0.242,
87323460724328,GameRo,-0.009,-0.703,0.700,0.126
87323462383630,pre,995.112,,,
87323480594323,acc,-11.444,-9.395,0.637,
87323480594323,Gyro,1.898,2.338,2.888,
87323480594323,Lacc,-12.472,0.346,0.094,
87323480594323,GameRo,-0.043,-0.686,0.716,0.122
87323487396040,pre,995.115,,,
87323500465172,acc,-10.891,-8.408,0.997,
87323500465172,Gyro,1.628,2.208,2.840,
87323500465172,Lacc,-11.328,1.350,0.086,
87323500465172,GameRo,-0.077,-0.669,0.730,0.117
87323512474369,pre,995.100,,,
87323520335656,acc,-10.019,-7.496,1.234,
87323520335656,Gyro,1.312,1.917,2.818,
87323520335656,Lacc,-9.860,2.240,0.043,
87323520335656,GameRo,-0.109,-0.654,0.741,0.111
87323537500167,pre,995.106,,,
87323540180586,acc,-9.350,-6.964,1.237,
87323540180586,Gyro,0.990,1.585,2.819,
87323540180586,Lacc,-8.598,2.718,-0.150,
87323540180586,GameRo,-0.139,-0.640,0.748,0.102
87323560075646,acc,-8.877,-6.984,1.034,
87323560075646,Gyro,0.628,1.227,2.860,
87323560075646,Lacc,-7.536,2.617,-0.469,
87323560075646,GameRo,-0.166,-0.629,0.754,0.091
87323562580162,pre,995.112,,,
87323579945682,acc,-8.176,-7.235,0.781,
87323579945682,Gyro,0.239,0.899,2.896,
87323579945682,Lacc,-6.251,2.260,-0.758,
87323579945682,GameRo,-0.192,-0.620,0.757,0.076
87323587633060,pre,995.109,,,
87323599816084,acc,-7.383,-7.547,0.716,
87323599816084,Gyro,-0.088,0.672,2.866,
87323599816084,Lacc,-4.879,1.818,-0.789,
87323599816084,GameRo,-0.215,-0.614,0.757,0.058
87323612687218,pre,995.118,,,
87323619687829,acc,-6.528,-7.961,0.852,
87323619687829,Gyro,-0.266,0.613,2.754,
87323619687829,Lacc,-3.438,1.241,-0.569,
87323619687829,GameRo,-0.239,-0.609,0.756,0.038
87323637718265,pre,995.133,,,
87323639556807,acc,-5.645,-8.282,1.243,
87323639556807,Gyro,-0.252,0.640,2.559,
87323639556807,Lacc,-1.945,0.706,-0.083,
87323639556807,GameRo,-0.265,-0.602,0.753,0.018
87323659427005,acc,-4.729,-8.243,1.530,
87323659427005,Gyro,-0.060,0.755,2.323,
87323659427005,Lacc,-0.584,0.561,0.283,
87323659427005,GameRo,-0.285,-0.596,0.751,0.004
87323662766524,pre,995.139,,,
87323679296960,acc,-4.047,-8.475,1.561,
87323679296960,Gyro,0.178,0.904,2.009,
87323679296960,Lacc,0.485,0.144,0.370,
87323679296960,GameRo,0.304,0.589,-0.749,0.006
87323687845178,pre,995.149,,,
87323699167036,acc,-3.729,-8.978,1.255,
87323699167036,Gyro,0.326,1.020,1.581,
87323699167036,Lacc,1.021,-0.474,0.096,
87323699167036,GameRo,0.317,0.584,-0.748,0.009
87323712894535,pre,995.146,,,
87323719038008,acc,-3.702,-9.037,1.149,
87323719038008,Gyro,0.313,1.067,1.109,
87323719038008,Lacc,1.013,-0.508,0.022,
87323719038008,GameRo,0.319,0.584,-0.747,0.003
87323738913048,acc,-3.931,-8.950,1.301,
87323738913048,Gyro,0.145,0.991,0.682,
87323738913048,Lacc,0.926,-0.494,0.232,
87323738913048,GameRo,0.331,0.580,-0.745,0.002
87323737935509,pre,995.103,,,
87323758770145,acc,-3.926,-8.586,1.779,
87323758770145,Gyro,-0.196,0.648,0.327,
87323758770145,Lacc,0.988,-0.155,0.769,
87323758770145,GameRo,-0.338,-0.578,0.743,0.001
87323763001224,pre,995.084,,,
87323778648156,acc,-3.652,-8.088,2.383,
87323778648156,Gyro,-0.571,0.103,0.043,
87323778648156,Lacc,1.283,0.341,1.469,
87323778648156,GameRo,-0.341,-0.581,0.739,0.001
87323788051883,pre,995.088,,,
87323798518395,acc,-3.839,-8.390,2.528,
87323798518395,Gyro,-0.797,-0.480,-0.271,
87323798518395,Lacc,1.020,0.083,1.610,
87323798518395,GameRo,-0.336,-0.584,0.739,0.001
87323813104170,pre,995.088,,,
87323818388960,acc,-5.407,-9.445,1.823,
87323818388960,Gyro,-0.744,-0.853,-0.602,
87323818388960,Lacc,-0.648,-0.909,0.964,
87323818388960,GameRo,0.327,0.591,-0.737,0.002
87323838233442,acc,-7.042,-10.399,0.345,
87323838233442,Gyro,-0.624,-0.965,-0.774,
87323838233442,Lacc,-2.427,-1.782,-0.493,
87323838233442,GameRo,0.315,0.598,-0.737,0.005
87323838132612,pre,995.100,,,
87323858104088,acc,-6.981,-10.375,-0.701,
87323858104088,Gyro,-0.751,-0.973,-0.826,
87323858104088,Lacc,-2.522,-1.674,-1.511,
87323858104088,GameRo,0.303,0.606,-0.736,0.007
87323863185469,pre,995.130,,,
87323877975182,acc,-5.858,-10.169,-0.575,
87323877975182,Gyro,-0.938,-0.920,-1.117,
87323877975182,Lacc,-1.580,-1.371,-1.309,
87323877975182,GameRo,0.291,0.615,-0.733,0.008
87323888259403,pre,995.127,,,
87323897879479,acc,-6.273,-10.594,0.131,
87323897879479,Gyro,-0.765,-0.797,-1.780,
87323897879479,Lacc,-2.277,-1.658,-0.516,
87323897879479,GameRo,0.275,0.626,-0.730,0.005
87323913289187,pre,995.084,,,
87323917753340,acc,-8.214,-10.576,0.334,
87323917753340,Gyro,-0.264,-0.783,-2.454,
87323917753340,Lacc,-4.634,-1.464,-0.291,
87323917753340,GameRo,-0.255,-0.635,0.729,0.006
87323937585452,acc,-10.482,-9.637,-0.787,
87323937585452,Gyro,0.187,-0.736,-2.739,
87323937585452,Lacc,-7.407,-0.347,-1.477,
87323937585452,GameRo,-0.233,-0.641,0.731,0.021
87323938341515,pre,995.072,,,
87323957454674,acc,-11.935,-9.013,-1.806,
87323957454674,Gyro,0.297,-0.701,-2.597,
87323957454674,Lacc,-9.369,0.422,-2.595,
87323957454674,GameRo,-0.210,-0.645,0.734,0.037
87323963419030,pre,995.094,,,
87323977325361,acc,-11.356,-8.155,-2.099,
87323977325361,Gyro,0.039,-0.795,-2.304,
87323977325361,Lacc,-9.249,1.388,-2.952,
87323977325361,GameRo,-0.190,-0.649,0.736,0.049
87323988473514,pre,995.115,,,
87323997220991,acc,-9.572,-7.681,-1.767,
87323997220991,Gyro,-0.423,-1.011,-2.172,
87323997220991,Lacc,-7.892,1.948,-2.604,
87323997220991,GameRo,-0.169,-0.655,0.734,0.059
87324013528161,pre,995.121,,,
87324017091759,acc,-8.119,-7.578,-1.031,
87324017091759,Gyro,-0.842,-1.299,-2.276,
87324017091759,Lacc,-6.878,2.126,-1.760,
87324017091759,GameRo,-0.146,-0.664,0.730,0.066
87324036937910,acc,-7.434,-7.579,-0.602,
87324036937910,Gyro,-0.979,-1.499,-2.608,
87324036937910,Lacc,-6.678,2.186,-1.166,
87324036937910,GameRo,-0.120,-0.676,0.724,0.072
87324038556196,pre,995.109,,,
87324056832237,acc,-8.139,-7.393,-0.947,
87324056832237,Gyro,-0.851,-1.473,-3.018,
87324056832237,Lacc,-7.957,2.407,-1.346,
87324056832237,GameRo,-0.091,-0.687,0.717,0.081
87324063636600,pre,995.088,,,
87324076698367,acc,-9.555,-7.110,-1.555,
87324076698367,Gyro,-0.687,-1.337,-3.260,
87324076698367,Lacc,-10.003,2.686,-1.808,
87324076698367,GameRo,-0.060,-0.695,0.710,0.094
87324088690310,pre,995.094,,,
87324096546715,acc,-10.667,-6.890,-2.148,
87324096546715,Gyro,-0.674,-1.149,-3.368,
87324096546715,Lacc,-11.764,2.858,-2.255,
87324096546715,GameRo,-0.029,-0.703,0.703,0.108
87324113745079,pre,995.103,,,
87324116416751,acc,-11.531,-6.451,-2.256,
87324116416751,Gyro,-0.771,-0.948,-3.377,
87324116416751,Lacc,-13.277,3.202,-2.192,
87324116416751,GameRo,0.001,-0.709,0.694,0.125
87324136312218,acc,-12.162,-5.928,-1.960,
87324136312218,Gyro,-0.819,-0.792,-3.297,
87324136312218,Lacc,-14.534,3.587,-1.706,
87324136312218,GameRo,0.029,-0.716,0.683,0.141
87324138798587,pre,995.112,,,
87324156182173,acc,-12.401,-5.365,-1.794,
87324156182173,Gyro,-0.789,-0.706,-3.193,
87324156182173,Lacc,-15.366,3.976,-1.349,
87324156182173,GameRo,0.055,-0.721,0.673,0.158
87324163851566,pre,995.133,,,
87324176028770,acc,-12.304,-4.480,-1.898,
87324176028770,Gyro,-0.766,-0.648,-3.069,
87324176028770,Lacc,-15.826,4.654,-1.269,
87324176028770,GameRo,0.081,-0.725,0.662,0.174
87324188902998,pre,995.152,,,
87324195923058,acc,-12.283,-3.667,-2.027,
87324195923058,Gyro,-0.870,-0.630,-2.927,
87324195923058,Lacc,-16.323,5.235,-1.203,
87324195923058,GameRo,0.105,-0.729,0.650,0.189
87324213957523,pre,995.136,,,
87324215795860,acc,-12.661,-3.382,-1.926,
87324215795860,Gyro,-0.977,-0.601,-2.772,
87324215795860,Lacc,-17.176,5.265,-0.881,
87324215795860,GameRo,0.127,-0.733,0.637,0.204
87324235663537,acc,-13.266,-3.116,-1.817,
87324235663537,Gyro,-0.871,-0.458,-2.572,
87324235663537,Lacc,-18.209,5.264,-0.562,
87324235663537,GameRo,0.147,-0.736,0.623,0.217
87324239010054,pre,995.109,,,
87324255534264,acc,-14.065,-2.726,-1.911,
87324255534264,Gyro,-0.526,-0.131,-2.295,
87324255534264,Lacc,-19.389,5.395,-0.518,
87324255534264,GameRo,0.165,-0.737,0.613,0.231
87324264062950,pre,995.112,,,
87324275403974,acc,-14.766,-2.130,-1.989,
87324275403974,Gyro,-0.089,0.375,-1.888,
87324275403974,Lacc,-20.414,5.766,-0.582,
87324275403974,GameRo,0.178,-0.735,0.607,0.245
87324289117597,pre,995.115,,,
87324295274864,acc,-15.101,-1.396,-1.521,
87324295274864,Gyro,0.291,0.829,-1.353,
87324295274864,Lacc,-21.001,6.333,-0.224,
87324295274864,GameRo,0.185,-0.729,0.606,0.259
87324315119306,acc,-15.284,-1.286,-0.861,
87324315119306,Gyro,0.523,1.044,-0.752,
87324315119306,Lacc,-21.347,6.346,0.242,
87324315119306,GameRo,0.187,-0.722,0.609,0.271
87324314172244,pre,995.088,,,
87324335015587,acc,-16.014,-2.533,-0.562,
87324335015587,Gyro,0.645,1.101,-0.143,
87324335015587,Lacc,-22.144,5.076,0.315,
87324335015587,GameRo,0.184,-0.715,0.614,0.279
87324339226606,pre,995.078,,,
87324354859093,acc,-16.725,-4.504,-0.342,
87324354859093,Gyro,0.777,1.007,0.453,
87324354859093,Lacc,-22.824,3.154,0.296,
87324354859093,GameRo,0.177,-0.708,0.622,0.283
87324364280439,pre,995.100,,,
87324374729576,acc,-15.801,-5.220,-0.436,
87324374729576,Gyro,0.929,0.835,0.965,
87324374729576,Lacc,-21.776,2.550,-0.041,
87324374729576,GameRo,0.168,-0.701,0.632,0.283
87324389334028,pre,995.115,,,
87324394624759,acc,-13.421,-3.945,-0.819,
87324394624759,Gyro,1.011,0.795,1.362,
87324394624759,Lacc,-19.198,3.982,-0.670,
87324394624759,GameRo,0.157,-0.695,0.644,0.278
87324414469566,acc,-12.475,-3.588,-1.218,
87324414469566,Gyro,0.921,1.042,1.734,
87324414469566,Lacc,-17.990,4.524,-1.328,
87324414469566,GameRo,0.142,-0.689,0.657,0.272
87324414390587,pre,995.109,,,
87324434366377,acc,-13.333,-5.190,-0.990,
87324434366377,Gyro,0.786,1.373,2.170,
87324434366377,Lacc,-18.504,3.138,-1.367,
87324434366377,GameRo,0.122,-0.683,0.670,0.266
87324439423261,pre,995.091,,,
87324454217572,acc,-14.179,-7.028,-0.491,
87324454217572,Gyro,0.867,1.705,2.594,
87324454217572,Lacc,-18.910,1.539,-1.160,
87324454217572,GameRo,0.096,-0.676,0.683,0.259
87324464490725,pre,995.091,,,
87324474106733,acc,-14.635,-8.641,-0.383,
87324474106733,Gyro,1.131,2.095,2.894,
87324474106733,Lacc,-18.839,0.163,-1.405,
87324474106733,GameRo,0.066,-0.666,0.699,0.252
87324489526655,pre,995.106,,,
87324493950646,acc,-14.655,-9.540,-0.343,
87324493950646,Gyro,1.330,2.518,3.079,
87324493950646,Lacc,-18.256,-0.529,-1.780,
87324493950646,GameRo,0.033,-0.652,0.716,0.245
87324513846601,acc,-14.359,-9.585,0.183,
87324513846601,Gyro,1.304,2.827,3.206,
87324513846601,Lacc,-17.289,-0.409,-1.677,
87324513846601,GameRo,-0.005,-0.637,0.733,0.240
87324514582889,pre,995.127,,,
87324533717777,acc,-13.764,-9.072,1.137,
87324533717777,Gyro,1.113,2.794,3.334,
87324533717777,Lacc,-15.964,0.226,-1.088,
87324533717777,GameRo,-0.044,-0.620,0.748,0.234
87324539661258,pre,995.139,,,
87324553586795,acc,-12.697,-8.323,1.879,
87324553586795,Gyro,0.875,2.448,3.475,
87324553586795,Lacc,-14.131,1.056,-0.616,
87324553586795,GameRo,-0.082,-0.605,0.760,0.224
87324564715050,pre,995.143,,,
87324573457726,acc,-11.461,-7.697,2.076,
87324573457726,Gyro,0.619,1.952,3.560,
87324573457726,Lacc,-12.116,1.719,-0.596,
87324573457726,GameRo,-0.118,-0.591,0.769,0.210
87324589766767,pre,995.133,,,
87324593327517,acc,-10.887,-7.688,1.727,
87324593327517,Gyro,0.299,1.470,3.601,
87324593327517,Lacc,-10.776,1.725,-1.032,
87324593327517,GameRo,-0.151,-0.580,0.777,0.193
87324613197798,acc,-10.609,-8.065,1.418,
87324613197798,Gyro,-0.093,1.000,3.680,
87324613197798,Lacc,-9.747,1.312,-1.335,
87324613197798,GameRo,-0.181,-0.572,0.782,0.171
87324614795413,pre,995.103,,,
87324633068769,acc,-10.050,-8.622,1.380,
87324633068769,Gyro,-0.382,0.624,3.729,
87324633068769,Lacc,-8.453,0.680,-1.297,
87324633068769,GameRo,-0.208,-0.566,0.784,0.145
87324639872683,pre,995.072,,,
87324652937788,acc,-9.242,-9.090,1.487,
87324652937788,Gyro,-0.505,0.429,3.666,
87324652937788,Lacc,-6.936,0.093,-1.079,
87324652937788,GameRo,-0.234,-0.561,0.786,0.117
87324664924970,pre,995.091,,,
87324672808352,acc,-8.382,-9.337,1.615,
87324672808352,Gyro,-0.450,0.429,3.519,
87324672808352,Lacc,-5.406,-0.318,-0.841,
87324672808352,GameRo,-0.257,-0.556,0.785,0.090
87324689976932,pre,995.139,,,
87324692678551,acc,-7.395,-9.357,1.697,
87324692678551,Gyro,-0.260,0.649,3.319,
87324692678551,Lacc,-3.791,-0.543,-0.663,
87324692678551,GameRo,-0.280,-0.549,0.785,0.066
87324712548668,acc,-6.456,-8.966,2.076,
87324712548668,Gyro,0.011,1.000,3.109,
87324712548668,Lacc,-2.261,-0.396,-0.201,
87324712548668,GameRo,-0.304,-0.540,0.784,0.046
87324715008589,pre,995.143,,,
87324732419437,acc,-5.838,-8.866,2.572,
87324732419437,Gyro,0.231,1.231,2.898,
87324732419437,Lacc,-1.093,-0.567,0.372,
87324732419437,GameRo,-0.329,-0.528,0.782,0.030
87324740086347,pre,995.118,,,
87324752289106,acc,-5.113,-9.263,2.824,
87324752289106,Gyro,0.277,1.194,2.647,
87324752289106,Lacc,0.130,-1.248,0.700,
87324752289106,GameRo,-0.353,-0.517,0.780,0.016
87324765139529,pre,995.115,,,
87324772160363,acc,-4.060,-9.687,2.778,
87324772160363,Gyro,0.140,0.936,2.182,
87324772160363,Lacc,1.594,-1.936,0.733,
87324772160363,GameRo,-0.373,-0.506,0.777,0.004
87324790193769,pre,995.136,,,
87324792029991,acc,-3.272,-9.639,2.550,
87324792029991,Gyro,-0.097,0.672,1.486,
87324792029991,Lacc,2.658,-2.074,0.590,
87324792029991,GameRo,0.387,0.500,-0.775,0.005
87324811899865,acc,-3.400,-9.020,2.675,
87324811899865,Gyro,-0.384,0.406,0.792,
87324811899865,Lacc,2.431,-1.377,0.724,
87324811899865,GameRo,0.382,0.504,-0.774,0.002
87324815221112,pre,995.124,,,
87324831770144,acc,-3.810,-8.283,3.033,
87324831770144,Gyro,-0.700,-0.013,0.324,
87324831770144,Lacc,1.921,-0.568,1.063,
87324831770144,GameRo,0.377,0.508,-0.775,0.000
87324840300255,pre,995.106,,,
87324851640384,acc,-4.087,-8.045,3.255,
87324851640384,Gyro,-0.905,-0.557,0.040,
87324851640384,Lacc,1.534,-0.258,1.253,
87324851640384,GameRo,0.368,0.512,-0.776,0.001
87324865352542,pre,995.106,,,
87324871511477,acc,-4.674,-9.061,2.572,
87324871511477,Gyro,-0.868,-0.989,-0.252,
87324871511477,Lacc,0.884,-1.219,0.611,
87324871511477,GameRo,0.360,0.520,-0.775,0.008
87324891355594,acc,-6.006,-10.731,1.164,
87324891355594,Gyro,-0.659,-1.050,-0.635,
87324891355594,Lacc,-0.571,-2.804,-0.799,
87324891355594,GameRo,0.349,0.527,-0.775,0.012
87324890388512,pre,995.100,,,
87324911251060,acc,-6.406,-10.560,0.080,
87324911251060,Gyro,-0.481,-0.975,-0.959,
87324911251060,Lacc,-1.149,-2.519,-1.906,
87324911251060,GameRo,0.337,0.534,-0.775,0.013
87324915454593,pre,995.100,,,
87324931120853,acc,-5.105,-8.565,-0.313,
87324931120853,Gyro,-0.399,-0.926,-1.217,
87324931120853,Lacc,-0.055,-0.342,-2.083,
87324931120853,GameRo,0.324,0.552,-0.768,0.015
87324940512779,pre,995.127,,,
87324950991376,acc,-3.993,-8.037,-0.508,
87324950991376,Gyro,-0.190,-0.900,-1.699,
87324950991376,Lacc,0.778,0.343,-2.313,
87324950991376,GameRo,0.309,0.559,-0.769,0.010
87324965563275,pre,995.139,,,
87324970861819,acc,-5.277,-8.966,-1.086,
87324970861819,Gyro,0.267,-0.791,-2.585,
87324970861819,Lacc,-0.916,-0.382,-2.966,
87324970861819,GameRo,-0.290,-0.566,0.772,0.003
87324990706301,acc,-8.359,-9.332,-2.100,
87324990706301,Gyro,0.820,-0.713,-3.368,
87324990706301,Lacc,-4.574,-0.517,-4.150,
87324990706301,GameRo,-0.266,-0.570,0.777,0.025
87324990616417,pre,995.109,,,
87325010602176,acc,-11.784,-8.809,-3.909,
87325010602176,Gyro,1.179,-0.522,-3.591,
87325010602176,Lacc,-8.664,0.206,-6.196,
87325010602176,GameRo,-0.241,-0.570,0.784,0.052
87325015646243,pre,995.106,,,
87325030472130,acc,-13.450,-7.726,-5.231,
87325030472130,Gyro,1.136,-0.266,-3.265,
87325030472130,Lacc,-10.961,1.421,-7.755,
87325030472130,GameRo,-0.218,-0.569,0.789,0.079
87325040729658,pre,995.133,,,
87325050342532,acc,-12.524,-6.512,-4.927,
87325050342532,Gyro,0.701,-0.145,-2.852,
87325050342532,Lacc,-10.577,2.719,-7.615,
87325050342532,GameRo,-0.200,-0.568,0.791,0.103
87325065751468,pre,995.139,,,
87325070213259,acc,-10.865,-5.894,-3.608,
87325070213259,Gyro,0.147,-0.344,-2.703,
87325070213259,Lacc,-9.424,3.412,-6.358,
87325070213259,GameRo,-0.182,-0.571,0.791,0.124
87325090083173,acc,-9.953,-5.757,-2.856,
87325090083173,Gyro,-0.256,-0.692,-2.768,
87325090083173,Lacc,-9.044,3.622,-5.585,
87325090083173,GameRo,-0.163,-0.578,0.787,0.141
87325090804894,pre,995.115,,,
87325109937462,acc,-9.964,-5.758,-2.739,
87325109937462,Gyro,-0.337,-0.906,-2.935,
87325109937462,Lacc,-9.633,3.676,-5.407,
87325109937462,GameRo,-0.140,-0.587,0.782,0.158
87325115857546,pre,995.109,,,
87325129823408,acc,-10.717,-5.620,-3.310,
87325129823408,Gyro,-0.139,-0.820,-3.083,
87325129823408,Lacc,-11.000,3.829,-5.933,
87325129823408,GameRo,-0.116,-0.594,0.776,0.175
87325140934450,pre,995.121,,,
87325149693687,acc,-11.745,-5.164,-4.105,
87325149693687,Gyro,0.107,-0.497,-3.100,
87325149693687,Lacc,-12.638,4.247,-6.727,
87325149693687,GameRo,-0.093,-0.598,0.772,0.196
87325165990196,pre,995.158,,,
87325169564090,acc,-12.376,-4.742,-4.641,
87325169564090,Gyro,0.143,-0.129,-2.988,
87325169564090,Lacc,-13.841,4.590,-7.287,
87325169564090,GameRo,-0.073,-0.600,0.767,0.217
87325189438764,acc,-12.847,-4.423,-4.364,
87325189438764,Gyro,0.045,0.164,-2.844,
87325189438764,Lacc,-14.832,4.808,-7.026,
87325189438764,GameRo,-0.056,-0.601,0.760,0.239
87325191019452,pre,995.179,,,
87325209307701,acc,-12.938,-3.788,-3.514,
87325209307701,Gyro,-0.016,0.248,-2.705,
87325209307701,Lacc,-15.403,5.324,-6.184,
87325209307701,GameRo,-0.042,-0.602,0.754,0.261
87325216098025,pre,995.149,,,
87325229174807,acc,-12.971,-2.913,-3.220,
87325229174807,Gyro,-0.048,0.251,-2.549,
87325229174807,Lacc,-15.884,6.064,-5.895,
87325229174807,GameRo,-0.029,-0.602,0.746,0.282
87325241152428,pre,995.112,,,
87325249044721,acc,-13.131,-2.032,-3.094,
87325249044721,Gyro,-0.081,0.306,-2.297,
87325249044721,Lacc,-16.445,6.804,-5.772,
87325249044721,GameRo,-0.017,-0.603,0.739,0.301
87325266218427,pre,995.124,,,
87325268893191,acc,-13.111,-1.123,-2.814,
87325268893191,Gyro,-0.024,0.491,-1.939,
87325268893191,Lacc,-16.757,7.576,-5.509,
87325268893191,GameRo,-0.008,-0.602,0.732,0.318
87325288785444,acc,-12.960,-0.561,-2.288,
87325288785444,Gyro,0.176,0.817,-1.526,
87325288785444,Lacc,-16.846,8.012,-5.051,
87325288785444,GameRo,-0.003,-0.599,0.727,0.334
87325291261477,pre,995.133,,,
87325308655642,acc,-12.945,-0.321,-1.696,
87325308655642,Gyro,0.458,1.180,-1.114,
87325308655642,Lacc,-16.974,8.137,-4.606,
87325308655642,GameRo,-0.003,-0.593,0.725,0.349
87325316315879,pre,995.109,,,
87325328525963,acc,-13.537,-0.773,-1.372,
87325328525963,Gyro,0.723,1.563,-0.655,
87325328525963,Lacc,-17.608,7.584,-4.507,
87325328525963,GameRo,-0.006,-0.583,0.726,0.364
87325341369346,pre,995.112,,,
87325348395388,acc,-14.168,-1.842,-0.966,
87325348395388,Gyro,0.954,1.934,-0.115,
87325348395388,Lacc,-18.161,6.436,-4.395,
87325348395388,GameRo,-0.015,-0.570,0.730,0.376
87325366423220,pre,995.136,,,
87325368266563,acc,-13.985,-3.098,-0.129,
87325368266563,Gyro,1.186,2.230,0.368,
87325368266563,Lacc,-17.776,5.123,-3.908,
87325368266563,GameRo,-0.028,-0.554,0.737,0.386
87325388136802,acc,-13.143,-3.633,0.709,
87325388136802,Gyro,1.417,2.421,0.683,
87325388136802,Lacc,-16.640,4.528,-3.463,
87325388136802,GameRo,-0.044,-0.534,0.746,0.395
87325391451215,pre,995.136,,,
87325408006839,acc,-13.432,-4.594,0.923,
87325408006839,Gyro,1.615,2.734,0.897,
87325408006839,Lacc,-16.558,3.489,-3.673,
87325408006839,GameRo,-0.062,-0.512,0.756,0.403
87325416503909,pre,995.115,,,
87325427877037,acc,-15.084,-6.548,1.426,
87325427877037,Gyro,1.806,3.080,1.162,
87325427877037,Lacc,-17.745,1.431,-3.623,
87325427877037,GameRo,-0.083,-0.486,0.767,0.411
87325441579267,pre,995.118,,,
87325447746788,acc,-14.923,-7.067,2.650,
87325447746788,Gyro,1.983,3.018,1.488,
87325447746788,Lacc,-17.031,0.778,-2.851,
87325447746788,GameRo,-0.106,-0.456,0.779,0.417
87325467593955,acc,-12.196,-5.935,3.182,
87325467593955,Gyro,2.116,2.709,1.704,
87325467593955,Lacc,-13.721,1.734,-2.743,
87325467593955,GameRo,-0.127,-0.426,0.792,0.418
87325466636517,pre,995.109,,,
87325487488243,acc,-10.062,-5.150,2.729,
87325487488243,Gyro,2.124,2.606,1.677,
87325487488243,Lacc,-11.006,2.301,-3.582,
87325487488243,GameRo,-0.146,-0.396,0.804,0.418
87325491669802,pre,995.091,,,
87325507357871,acc,-10.606,-5.793,2.014,
87325507357871,Gyro,1.937,2.742,1.677,
87325507357871,Lacc,-10.957,1.420,-4.626,
87325507357871,GameRo,-0.166,-0.366,0.815,0.418
87325516745282,pre,995.081,,,
87325527227948,acc,-12.013,-7.380,1.996,
87325527227948,Gyro,1.632,2.955,1.776,
87325527227948,Lacc,-11.722,-0.398,-4.888,
87325527227948,GameRo,-0.189,-0.337,0.823,0.417
87325541799034,pre,995.085,,,
87325547098431,acc,-12.967,-8.542,2.945,
87325547098431,Gyro,1.346,3.067,1.677,
87325547098431,Lacc,-12.004,-1.777,-4.094,
87325547098431,GameRo,-0.214,-0.309,0.829,0.415
87325566948529,acc,-13.694,-8.349,4.234,
87325566948529,Gyro,1.137,2.921,1.479,
87325566948529,Lacc,-12.101,-1.789,-2.885,
87325566948529,GameRo,-0.239,-0.283,0.832,0.414
87325566852623,pre,995.097,,,
87325586838788,acc,-13.184,-6.494,4.855,
87325586838788,Gyro,0.951,2.703,1.517,
87325586838788,Lacc,-11.006,-0.133,-2.289,
87325586838788,GameRo,-0.261,-0.260,0.834,0.411
87325591879641,pre,995.118,,,
87325606709150,acc,-12.417,-5.054,5.661,
87325606709150,Gyro,0.823,2.504,1.881,
87325606709150,Lacc,-9.654,1.102,-1.460,
87325606709150,GameRo,-0.284,-0.238,0.836,0.406
87325616933434,pre,995.130,,,
87325626579348,acc,-11.660,-4.942,6.432,
87325626579348,Gyro,0.958,2.210,2.473,
87325626579348,Lacc,-8.293,0.951,-0.651,
87325626579348,GameRo,-0.305,-0.214,0.840,0.395
87325641984865,pre,995.097,,,
87325646449425,acc,-10.290,-5.686,6.153,
87325646449425,Gyro,1.268,1.986,3.015,
87325646449425,Lacc,-6.308,-0.168,-0.913,
87325646449425,GameRo,-0.324,-0.188,0.847,0.378
87325666319907,acc,-9.062,-7.091,5.212,
87325666319907,Gyro,1.425,1.845,3.259,
87325666319907,Lacc,-4.473,-2.047,-1.840,
87325666319907,GameRo,-0.340,-0.158,0.855,0.359
87325667050214,pre,995.045,,,
87325686189781,acc,-8.297,-8.253,4.519,
87325686189781,Gyro,1.355,1.757,3.243,
87325686189781,Lacc,-3.147,-3.720,-2.493,
87325686189781,GameRo,-0.355,-0.129,0.862,0.338
87325692113202,pre,995.039,,,
87325706060223,acc,-7.873,-8.898,4.416,
87325706060223,Gyro,1.224,1.763,3.082,
87325706060223,Lacc,-2.212,-4.875,-2.513,
87325706060223,GameRo,-0.370,-0.101,0.867,0.318
87325717166994,pre,995.057,,,
87325725930422,acc,-7.996,-9.504,4.940,
87325725930422,Gyro,1.219,1.790,2.908,
87325725930422,Lacc,-1.870,-5.985,-1.866,
87325725930422,GameRo,-0.384,-0.075,0.871,0.298
87325742218752,pre,995.069,,,
87325745800946,acc,-8.132,-9.926,5.577,
87325745800946,Gyro,1.463,1.717,2.775,
87325745800946,Lacc,-1.587,-6.937,-1.092,
87325745800946,GameRo,-0.397,-0.047,0.873,0.280
87325765670901,acc,-7.613,-10.016,5.359,
87325765670901,Gyro,1.790,1.508,2.655,
87325765670901,Lacc,-0.715,-7.605,-1.187,
87325765670901,GameRo,-0.408,-0.018,0.874,0.264
87325767248212,pre,995.051,,,
87325785540936,acc,-6.788,-10.088,4.561,
87325785540936,Gyro,1.959,1.168,2.453,
87325785540936,Lacc,0.383,-8.276,-1.883,
87325785540936,GameRo,-0.414,0.013,0.875,0.250
87325792326256,pre,995.063,,,
87325805411542,acc,-5.775,-10.078,3.400,
87325805411542,Gyro,1.845,0.714,2.122,
87325805411542,Lacc,1.573,-8.829,-2.978,
87325805411542,GameRo,-0.416,0.040,0.877,0.238
87325817352337,pre,995.106,,,
87325825281496,acc,-4.612,-9.598,1.888,
87325825281496,Gyro,1.324,0.307,1.616,
87325825281496,Lacc,2.826,-8.801,-4.459,
87325825281496,GameRo,-0.416,0.062,0.878,0.229
87325842401898,pre,995.124,,,
87325845152061,acc,-4.165,-8.857,1.135,
87325845152061,Gyro,0.437,-0.038,1.076,
87325845152061,Lacc,3.348,-6.361,-4.659,
87325845152061,GameRo,-0.452,-0.026,0.861,0.232
87325865022178,acc,-4.774,-8.171,1.959,
87325865022178,Gyro,-0.377,-0.406,0.743,
87325865022178,Lacc,2.683,-4.990,-3.564,
87325865022178,GameRo,-0.463,-0.065,0.854,0.230
87325867479250,pre,995.103,,,
87325884892173,acc,-5.366,-8.211,2.969,
87325884892173,Gyro,-0.687,-0.772,0.698,
87325884892173,Lacc,2.043,-4.950,-2.573,
87325884892173,GameRo,-0.460,-0.075,0.856,0.222
87325892529380,pre,995.103,,,
87325904762371,acc,-4.911,-8.983,3.047,
87325904762371,Gyro,-0.559,-1.040,0.767,
87325904762371,Lacc,2.435,-5.751,-2.594,
87325904762371,GameRo,-0.454,-0.079,0.862,0.212
87325917597048,pre,995.115,,,
87325924632530,acc,-4.016,-10.100,2.565,
87325924632530,Gyro,-0.129,-1.106,0.624,
87325924632530,Lacc,3.247,-6.933,-3.219,
87325924632530,GameRo,-0.446,-0.081,0.868,0.204
87325944478273,acc,-3.606,-10.859,1.533,
87325944478273,Gyro,0.430,-0.997,0.255,
87325944478273,Lacc,3.559,-7.773,-4.415,
87325944478273,GameRo,-0.436,-0.080,0.873,0.201
87325942634036,pre,995.121,,,
87325964373293,acc,-4.337,-11.503,0.025,
87325964373293,Gyro,0.854,-0.902,-0.128,
87325964373293,Lacc,2.716,-8.501,-6.096,
87325964373293,GameRo,-0.427,-0.075,0.878,0.204
87325967685387,pre,995.112,,,
87325984243247,acc,-5.904,-12.543,-1.854,
87325984243247,Gyro,0.909,-0.845,-0.396,
87325984243247,Lacc,1.024,-9.607,-8.148,
87325984243247,GameRo,-0.417,-0.070,0.881,0.210
87325992737103,pre,995.115,,,
87326004113853,acc,-5.915,-12.627,-3.377,
87326004113853,Gyro,0.355,-0.888,-0.548,
87326004113853,Lacc,0.877,-9.698,-9.821,
87326004113853,GameRo,-0.408,-0.069,0.884,0.217
87326017790366,pre,995.124,,,
87326023985190,acc,-4.473,-11.959,-3.493,
87326023985190,Gyro,-0.685,-0.979,-0.976,
87326023985190,Lacc,2.151,-8.877,-10.040,
87326023985190,GameRo,-0.400,-0.077,0.886,0.221
87326043828900,acc,-4.457,-11.066,-1.632,
87326043828900,Gyro,-1.480,-1.109,-1.710,
87326043828900,Lacc,1.936,-7.617,-8.225,
87326043828900,GameRo,-0.393,-0.097,0.886,0.228
87326042841026,pre,995.100,,,
87326063725344,acc,-6.320,-10.471,-0.099,
87326063725344,Gyro,-1.593,-1.233,-2.431,
87326063725344,Lacc,-0.248,-6.524,-6.716,
87326063725344,GameRo,-0.384,-0.124,0.883,0.240
87326067891685,pre,995.103,,,
87326083594851,acc,-8.983,-10.029,0.193,
87326083594851,Gyro,-1.236,-1.295,-2.894,
87326083594851,Lacc,-3.312,-5.567,-6.454,
87326083594851,GameRo,-0.373,-0.150,0.879,0.257
87326092948489,pre,995.143,,,
87326103464724,acc,-11.472,-9.526,-0.431,
87326103464724,Gyro,-0.692,-1.220,-2.981,
87326103464724,Lacc,-6.248,-4.621,-7.130,
87326103464724,GameRo,-0.359,-0.172,0.874,0.278
87326117998171,pre,995.185,,,
87326123335248,acc,-12.864,-8.956,-1.451,
87326123335248,Gyro,-0.336,-0.973,-2.700,
87326123335248,Lacc,-8.062,-3.714,-8.212,
87326123335248,GameRo,-0.346,-0.188,0.869,0.299
87326143180626,acc,-12.191,-8.232,-1.627,
87326143180626,Gyro,-0.345,-0.787,-2.274,
87326143180626,Lacc,-7.750,-2.729,-8.426,
87326143180626,GameRo,-0.336,-0.202,0.864,0.316
87326143027428,pre,995.173,,,
87326163075848,acc,-10.439,-7.752,-0.891,
87326163075848,Gyro,-0.526,-0.754,-2.073,
87326163075848,Lacc,-6.325,-2.007,-7.697,
87326163075848,GameRo,-0.327,-0.215,0.859,0.331
87326168087241,pre,995.155,,,
87326182920291,acc,-9.081,-7.098,0.005,
87326182920291,Gyro,-0.675,-0.930,-2.143,
87326182920291,Lacc,-5.320,-1.101,-6.787,
87326182920291,GameRo,-0.318,-0.230,0.853,0.344
87326193133954,pre,995.152,,,
87326202816774,acc,-8.476,-6.278,0.289,
87326202816774,Gyro,-0.735,-1.220,-2.340,
87326202816774,Lacc,-5.113,-0.015,-6.472,
87326202816774,GameRo,-0.306,-0.248,0.847,0.356
87326218187665,pre,995.158,,,
87326222661379,acc,-8.777,-5.911,-0.204,
87326222661379,Gyro,-0.758,-1.421,-2.527,
87326222661379,Lacc,-5.887,0.611,-6.938,
87326222661379,GameRo,-0.292,-0.267,0.841,0.369
87326242531537,acc,-9.494,-5.897,-0.896,
87326242531537,Gyro,-0.778,-1.474,-2.662,
87326242531537,Lacc,-7.142,0.868,-7.600,
87326242531537,GameRo,-0.276,-0.287,0.833,0.384
87326243254681,pre,995.121,,,
87326262426313,acc,-10.295,-5.660,-1.659,
87326262426313,Gyro,-0.744,-1.313,-2.740,
87326262426313,Lacc,-8.493,1.320,-8.312,
87326262426313,GameRo,-0.260,-0.306,0.824,0.400
87326268317263,pre,995.088,,,
87326282271527,acc,-11.119,-5.492,-2.289,
87326282271527,Gyro,-0.654,-0.934,-2.740,
87326282271527,Lacc,-9.837,1.665,-8.875,
87326282271527,GameRo,-0.246,-0.323,0.814,0.417
87326293375409,pre,995.094,,,
87326302168134,acc,-11.735,-5.037,-2.324,
87326302168134,Gyro,-0.553,-0.513,-2.648,
87326302168134,Lacc,-10.912,2.254,-8.836,
87326302168134,GameRo,-0.234,-0.336,0.802,0.434
87326318428510,pre,995.112,,,
87326322055422,acc,-11.860,-4.487,-2.020,
87326322055422,Gyro,-0.528,-0.271,-2.545,
87326322055422,Lacc,-11.442,2.905,-8.456,
87326322055422,GameRo,-0.226,-0.348,0.790,0.452
87326341890871,acc,-12.157,-4.046,-1.851,
87326341890871,Gyro,-0.588,-0.157,-2.494,
87326341890871,Lacc,-12.122,3.431,-8.202,
87326341890871,GameRo,-0.219,-0.359,0.777,0.469
87326343480511,pre,995.106,,,
87326361802492,acc,-12.718,-3.359,-1.422,
87326361802492,Gyro,-0.647,-0.194,-2.445,
87326361802492,Lacc,-13.060,4.191,-7.675,
87326361802492,GameRo,-0.212,-0.369,0.764,0.485
87326368536908,pre,995.085,,,
87326381647626,acc,-13.236,-2.187,-1.139,
87326381647626,Gyro,-0.656,-0.312,-2.319,
87326381647626,Lacc,-13.959,5.422,-7.289,
87326381647626,GameRo,-0.204,-0.381,0.751,0.500
87326393570477,pre,995.100,,,
87326401518027,acc,-13.754,-0.803,-1.085,
87326401518027,Gyro,-0.583,-0.360,-2.066,
87326401518027,Lacc,-14.840,6.845,-7.132,
87326401518027,GameRo,-0.197,-0.391,0.738,0.513
87326418642417,pre,995.112,,,
87326421365928,acc,-14.627,0.369,-1.322,
87326421365928,Gyro,-0.389,-0.144,-1.620,
87326421365928,Lacc,-16.007,8.031,-7.291,
87326421365928,GameRo,-0.190,-0.399,0.728,0.523
87326441258465,acc,-15.654,0.807,-1.269,
87326441258465,Gyro,-0.106,0.297,-0.929,
87326441258465,Lacc,-17.186,8.460,-7.211,
87326441258465,GameRo,-0.188,-0.402,0.721,0.532
87326443706342,pre,995.078,,,
87326461128908,acc,-15.989,0.672,-0.507,
87326461128908,Gyro,0.225,0.649,-0.071,
87326461128908,Lacc,-17.497,8.303,-6.485,
87326461128908,GameRo,-0.191,-0.399,0.719,0.536
87326468749799,pre,995.054,,,
87326480999188,acc,-16.032,-0.634,-0.021,
87326480999188,Gyro,0.491,0.806,0.776,
87326480999188,Lacc,-17.357,6.963,-6.086,
87326480999188,GameRo,-0.196,-0.390,0.722,0.536
87326493800743,pre,995.072,,,
87326500869143,acc,-17.037,-3.587,-0.245,
87326500869143,Gyro,0.633,0.951,1.515,
87326500869143,Lacc,-18.046,3.968,-6.421,
87326500869143,GameRo,-0.205,-0.379,0.730,0.531
87326518853436,pre,995.066,,,
87326520739626,acc,-17.602,-6.212,-0.032,
87326520739626,Gyro,0.688,0.959,2.149,
87326520739626,Lacc,-18.181,1.293,-6.323,
87326520739626,GameRo,-0.216,-0.364,0.741,0.521
87326540609906,acc,-16.064,-6.580,0.257,
87326540609906,Gyro,0.667,0.749,2.624,
87326540609906,Lacc,-16.156,0.857,-6.140,
87326540609906,GameRo,-0.228,-0.349,0.755,0.506
87326543907187,pre,995.063,,,
87326560499920,acc,-13.686,-5.649,0.423,
87326560499920,Gyro,0.535,0.623,2.953,
87326560499920,Lacc,-13.264,1.705,-6.056,
87326560499920,GameRo,-0.240,-0.335,0.770,0.487
87326568959230,pre,995.097,,,
87326580350385,acc,-13.047,-5.917,0.972,
87326580350385,Gyro,0.448,0.589,3.195,
87326580350385,Lacc,-12.086,1.337,-5.562,
87326580350385,GameRo,-0.253,-0.321,0.785,0.466
87326594011761,pre,995.112,,,
87326600220461,acc,-14.016,-7.465,1.041,
87326600220461,Gyro,0.487,0.636,3.547,
87326600220461,Lacc,-12.479,-0.354,-5.539,
87326600220461,GameRo,-0.267,-0.306,0.800,0.441
87326619066083,pre,995.078,,,
87326620065879,acc,-14.680,-9.651,1.032,
87326620065879,Gyro,0.671,0.743,3.919,
87326620065879,Lacc,-12.511,-2.755,-5.600,
87326620065879,GameRo,-0.281,-0.288,0.817,0.414
87326639961753,acc,-14.340,-11.539,0.923,
87326639961753,Gyro,1.049,0.972,4.077,
87326639961753,Lacc,-11.502,-4.964,-5.782,
87326639961753,GameRo,-0.296,-0.265,0.833,0.385
87326644117719,pre,995.066,,,
87326659811119,acc,-13.452,-12.325,0.485,
87326659811119,Gyro,1.455,1.417,3.961,
87326659811119,Lacc,-9.931,-6.182,-6.305,
87326659811119,GameRo,-0.312,-0.238,0.847,0.358
87326669169192,pre,995.103,,,
87326679701092,acc,-12.523,-12.103,0.333,
87326679701092,Gyro,1.670,1.962,3.711,
87326679701092,Lacc,-8.308,-6.472,-6.505,
87326679701092,GameRo,-0.330,-0.206,0.858,0.335
87326694220745,pre,995.094,,,
87326699572308,acc,-11.742,-11.382,0.821,
87326699572308,Gyro,1.691,2.370,3.445,
87326699572308,Lacc,-6.839,-6.299,-5.988,
87326699572308,GameRo,-0.351,-0.172,0.865,0.314
87326719439739,acc,-10.997,-10.370,1.563,
87326719439739,Gyro,1.633,2.510,3.220,
87326719439739,Lacc,-5.439,-5.848,-5.137,
87326719439739,GameRo,-0.373,-0.138,0.868,0.296
87326719271404,pre,995.051,,,
87326739312705,acc,-9.939,-9.082,2.058,
87326739312705,Gyro,1.535,2.418,3.010,
87326739312705,Lacc,-3.793,-5.121,-4.483,
87326739312705,GameRo,-0.394,-0.106,0.870,0.278
87326744299928,pre,995.042,,,
87326759182171,acc,-9.293,-8.112,2.087,
87326759182171,Gyro,1.359,2.189,2.813,
87326759182171,Lacc,-2.642,-4.695,-4.265,
87326759182171,GameRo,-0.413,-0.076,0.869,0.261
87326769350303,pre,995.033,,,
87326779052451,acc,-8.845,-7.541,1.916,
87326779052451,Gyro,1.041,1.848,2.717,
87326779052451,Lacc,-1.777,-4.637,-4.236,
87326779052451,GameRo,-0.429,-0.050,0.869,0.243
87326794415407,pre,995.011,,,
87326798923016,acc,-8.296,-7.293,1.784,
87326798923016,Gyro,0.625,1.448,2.685,
87326798923016,Lacc,-0.894,-4.864,-4.179,
87326798923016,GameRo,-0.442,-0.029,0.868,0.224
87326818793093,acc,-7.711,-7.458,1.713,
87326818793093,Gyro,0.251,1.140,2.660,
87326818793093,Lacc,-0.050,-5.464,-4.081,
87326818793093,GameRo,-0.452,-0.012,0.868,0.203
87326819467694,pre,995.051,,,
87326838666749,acc,-7.175,-7.803,1.898,
87326838666749,Gyro,0.031,0.974,2.630,
87326838666749,Lacc,0.695,-6.217,-3.740,
87326838666749,GameRo,-0.461,0.003,0.869,0.180
87326844529950,pre,995.124,,,
87326858534426,acc,-6.352,-8.109,2.104,
87326858534426,Gyro,-0.023,0.863,2.643,
87326858534426,Lacc,1.691,-6.896,-3.380,
87326858534426,GameRo,-0.469,0.014,0.869,0.158
87326869589072,pre,995.139,,,
87326878402264,acc,-5.058,-8.610,2.158,
87326878402264,Gyro,-0.030,0.730,2.557,
87326878402264,Lacc,3.111,-7.535,-3.165,
87326878402264,GameRo,-0.478,0.016,0.866,0.144
87326894619386,pre,995.118,,,
87326898275067,acc,-3.674,-8.974,1.941,
87326898275067,Gyro,-0.095,0.629,2.313,
87326898275067,Lacc,4.350,-6.276,-3.016,
87326898275067,GameRo,-0.494,-0.054,0.847,0.186
87326918144044,acc,-2.779,-9.858,1.767,
87326918144044,Gyro,-0.242,0.580,1.853,
87326918144044,Lacc,5.380,-7.390,-3.088,
87326918144044,GameRo,-0.500,-0.047,0.847,0.171
87326919667360,pre,995.106,,,
87326938015098,acc,-2.692,-10.891,1.907,
87326938015098,Gyro,-0.466,0.497,1.184,
87326938015098,Lacc,5.582,-8.610,-2.843,
87326938015098,GameRo,-0.506,-0.043,0.847,0.158
87326944744305,pre,995.097,,,
87326957884686,acc,-3.122,-10.717,2.746,
87326957884686,Gyro,-0.621,0.287,0.476,
87326957884686,Lacc,5.215,-8.486,-1.917,
87326957884686,GameRo,-0.510,-0.044,0.846,0.150
87326969796714,pre,995.075,,,
87326977755780,acc,-3.329,-9.651,3.444,
87326977755780,Gyro,-0.673,-0.067,-0.032,
87326977755780,Lacc,5.014,-7.364,-1.182,
87326977755780,GameRo,-0.512,-0.049,0.845,0.146
87326994847740,pre,995.097,,,
87326997625245,acc,-3.306,-8.758,3.537,
87326997625245,Gyro,-0.677,-0.482,-0.321,
87326997625245,Lacc,4.658,-5.633,-1.263,
87326997625245,GameRo,-0.499,-0.080,0.843,0.184
87327017470095,acc,-4.154,-9.432,3.151,
87327017470095,Gyro,-0.586,-0.871,-0.509,
87327017470095,Lacc,3.706,-6.167,-1.729,
87327017470095,GameRo,-0.493,-0.089,0.845,0.184
87327019873130,pre,995.121,,,
87327037365724,acc,-5.011,-11.180,2.059,
87327037365724,Gyro,-0.454,-1.177,-0.717,
87327037365724,Lacc,2.697,-7.765,-2.957,
87327037365724,GameRo,-0.484,-0.099,0.849,0.186
87327044951743,pre,995.124,,,
87327057236737,acc,-4.881,-11.852,0.788,
87327057236737,Gyro,-0.419,-1.328,-1.148,
87327057236737,Lacc,2.625,-8.242,-4.395,
87327057236737,GameRo,-0.473,-0.109,0.853,0.192
87327070005820,pre,995.106,,,
87327077106202,acc,-4.666,-11.111,0.198,
87327077106202,Gyro,-0.346,-1.301,-1.748,
87327077106202,Lacc,2.584,-7.228,-5.150,
87327077106202,GameRo,-0.461,-0.123,0.856,0.201
87327095057741,pre,995.094,,,
87327096976971,acc,-5.763,-10.388,-0.259,
87327096976971,Gyro,-0.055,-1.077,-2.422,
87327096976971,Lacc,1.184,-6.170,-5.753,
87327096976971,GameRo,-0.449,-0.137,0.856,0.218
87327116821290,acc,-8.575,-10.428,-0.899,
87327116821290,Gyro,0.418,-0.754,-2.972,
87327116821290,Lacc,-1.968,-5.853,-6.526,
87327116821290,GameRo,-0.437,-0.150,0.854,0.241
87327120085125,pre,995.097,,,
87327136691449,acc,-11.436,-10.418,-1.689,
87327136691449,Gyro,0.743,-0.521,-3.141,
87327136691449,Lacc,-5.185,-5.517,-7.446,
87327136691449,GameRo,-0.426,-0.159,0.849,0.270
87327145138429,pre,995.106,,,
87327156587200,acc,-12.892,-10.070,-2.206,
87327156587200,Gyro,0.648,-0.552,-2.994,
87327156587200,Lacc,-7.001,-4.883,-8.090,
87327156587200,GameRo,-0.415,-0.167,0.843,0.297
87327170216188,pre,995.109,,,
87327176438844,acc,-12.576,-9.312,-2.108,
87327176438844,Gyro,0.149,-0.832,-2.807,
87327176438844,Lacc,-7.064,-3.842,-8.103,
87327176438844,GameRo,-0.403,-0.178,0.838,0.321
87327195268393,pre,995.106,,,
87327196308920,acc,-11.342,-8.370,-1.381,
87327196308920,Gyro,-0.536,-1.314,-2.783,
87327196308920,Lacc,-6.269,-2.569,-7.451,
87327196308920,GameRo,-0.390,-0.196,0.833,0.340
87327216198325,acc,-10.360,-7.506,-0.724,
87327216198325,Gyro,-1.135,-1.869,-2.869,
87327216198325,Lacc,-5.824,-1.313,-6.832,
87327216198325,GameRo,-0.374,-0.221,0.828,0.356
87327220323935,pre,995.124,,,
87327236067709,acc,-9.622,-6.763,-0.535,
87327236067709,Gyro,-1.467,-2.265,-2.978,
87327236067709,Lacc,-5.717,-0.150,-6.640,
87327236067709,GameRo,-0.355,-0.251,0.822,0.369
87327245352378,pre,995.149,,,
87327255939007,acc,-9.333,-6.247,-0.816,
87327255939007,Gyro,-1.527,-2.347,-3.116,
87327255939007,Lacc,-6.122,0.771,-6.872,
87327255939007,GameRo,-0.334,-0.283,0.814,0.381
87327270430421,pre,995.146,,,
87327275808229,acc,-9.714,-5.802,-1.383,
87327275808229,Gyro,-1.387,-2.108,-3.230,
87327275808229,Lacc,-7.217,1.573,-7.350,
87327275808229,GameRo,-0.312,-0.314,0.805,0.395
87327295653240,acc,-10.475,-5.549,-1.995,
87327295653240,Gyro,-1.214,-1.710,-3.250,
87327295653240,Lacc,-8.672,2.116,-7.847,
87327295653240,GameRo,-0.292,-0.341,0.793,0.411
87327295456219,pre,995.130,,,
87327315548463,acc,-11.242,-5.608,-2.587,
87327315548463,Gyro,-1.232,-1.315,-3.170,
87327315548463,Lacc,-10.086,2.289,-8.291,
87327315548463,GameRo,-0.275,-0.365,0.780,0.426
87327320530397,pre,995.124,,,
87327335419557,acc,-11.579,-6.131,-2.786,
87327335419557,Gyro,-1.519,-1.011,-3.112,
87327335419557,Lacc,-11.027,1.978,-8.279,
87327335419557,GameRo,-0.262,-0.389,0.765,0.442
87327345560549,pre,995.121,,,
87327355266033,acc,-11.475,-6.632,-2.369,
87327355266033,Gyro,-1.812,-0.795,-3.214,
87327355266033,Lacc,-11.517,1.682,-7.575,
87327355266033,GameRo,-0.251,-0.414,0.746,0.457
87327370615357,pre,995.139,,,
87327375160402,acc,-11.884,-6.644,-1.982,
87327375160402,Gyro,-1.927,-0.515,-3.455,
87327375160402,Lacc,-12.538,1.843,-6.858,
87327375160402,GameRo,-0.241,-0.440,0.724,0.473
87327395029664,acc,-12.895,-5.797,-1.270,
87327395029664,Gyro,-1.895,-0.283,-3.571,
87327395029664,Lacc,-14.175,2.805,-5.809,
87327395029664,GameRo,-0.232,-0.463,0.700,0.492
87327395667481,pre,995.158,,,
87327414926922,acc,-14.083,-4.962,-0.684,
87327414926922,Gyro,-1.740,-0.198,-3.487,
87327414926922,Lacc,-15.975,3.690,-4.901,
87327414926922,GameRo,-0.224,-0.485,0.674,0.510
87327420744060,pre,995.155,,,
87327434769817,acc,-15.177,-4.329,-0.672,
87327434769817,Gyro,-1.373,-0.047,-3.283,
87327434769817,Lacc,-17.644,4.307,-4.619,
87327434769817,GameRo,-0.215,-0.503,0.650,0.528
87327445796958,pre,995.152,,,
87327454617433,acc,-16.462,-3.178,-1.048,
87327454617433,Gyro,-0.769,0.397,-2.951,
87327454617433,Lacc,-19.428,5.371,-4.835,
87327454617433,GameRo,-0.206,-0.514,0.629,0.546
87327470847943,pre,995.167,,,
87327474510784,acc,-17.935,-1.793,-1.077,
87327474510784,Gyro,-0.049,0.977,-2.301,
87327474510784,Lacc,-21.261,6.622,-4.867,
87327474510784,GameRo,-0.199,-0.517,0.612,0.564
87327494380698,acc,-18.332,-0.496,-0.596,
87327494380698,Gyro,0.526,1.256,-1.348,
87327494380698,Lacc,-21.830,7.780,-4.534,
87327494380698,GameRo,-0.196,-0.511,0.603,0.581
87327495875124,pre,995.158,,,
87327514251262,acc,-18.827,-0.920,-0.513,
87327514251262,Gyro,0.786,1.153,-0.268,
87327514251262,Lacc,-22.316,7.258,-4.658,
87327514251262,GameRo,-0.197,-0.500,0.601,0.592
87327520953289,pre,995.118,,,
87327534121014,acc,-19.345,-3.400,-0.831,
87327534121014,Gyro,0.844,0.753,0.851,
87327534121014,Lacc,-22.663,4.746,-5.174,
87327534121014,GameRo,-0.200,-0.489,0.607,0.594
87327546006389,pre,995.088,,,
87327553990927,acc,-17.686,-5.257,-1.595,
87327553990927,Gyro,0.772,0.292,1.764,
87327553990927,Lacc,-20.707,2.921,-6.094,
87327553990927,GameRo,-0.205,-0.478,0.619,0.588
87327571059612,pre,995.091,,,
87327573861858,acc,-14.331,-4.760,-1.918,
87327573861858,Gyro,0.578,0.039,2.326,
87327573861858,Lacc,-16.974,3.489,-6.523,
87327573861858,GameRo,-0.213,-0.469,0.635,0.575
87327593732016,acc,-12.174,-4.314,-1.750,
87327593732016,Gyro,0.377,0.044,2.657,
87327593732016,Lacc,-14.379,4.025,-6.422,
87327593732016,GameRo,-0.223,-0.461,0.652,0.559
87327596085735,pre,995.097,,,
87327613602174,acc,-12.474,-5.893,-1.284,
87327613602174,Gyro,0.324,0.226,2.949,
87327613602174,Lacc,-14.178,2.535,-6.008,
87327613602174,GameRo,-0.235,-0.452,0.669,0.541
87327621166627,pre,995.103,,,
87327633472413,acc,-13.318,-8.156,-1.058,
87327633472413,Gyro,0.498,0.536,3.330,
87327633472413,Lacc,-14.431,0.328,-5.858,
87327633472413,GameRo,-0.250,-0.439,0.687,0.522
87327646217612,pre,995.106,,,
87327653342653,acc,-13.440,-10.341,-0.923,
87327653342653,Gyro,0.852,0.996,3.661,
87327653342653,Lacc,-13.858,-1.868,-5.850,
87327653342653,GameRo,-0.268,-0.421,0.707,0.501
87327671269573,pre,995.094,,,
87327673187054,acc,-12.709,-11.712,-0.842,
87327673187054,Gyro,1.307,1.596,3.784,
87327673187054,Lacc,-12.343,-3.349,-5.958,
87327673187054,GameRo,-0.288,-0.395,0.726,0.483
87327693083172,acc,-11.443,-11.785,-0.746,
87327693083172,Gyro,1.670,2.225,3.655,
87327693083172,Lacc,-10.244,-3.642,-6.083,
87327693083172,GameRo,-0.310,-0.363,0.744,0.467
87327696321616,pre,995.088,,,
87327712953371,acc,-10.558,-10.890,-0.476,
87327712953371,Gyro,1.803,2.741,3.403,
87327712953371,Lacc,-8.512,-3.050,-6.007,
87327712953371,GameRo,-0.334,-0.327,0.758,0.455
87327721375448,pre,995.115,,,
87327732823610,acc,-10.066,-9.715,0.097,
87327732823610,Gyro,1.709,2.938,3.186,
87327732823610,Lacc,-7.194,-2.228,-5.553,
87327732823610,GameRo,-0.358,-0.289,0.768,0.445
87327746425701,pre,995.112,,,
87327752694012,acc,-9.608,-8.493,0.475,
87327752694012,Gyro,1.485,2.799,3.064,
87327752694012,Lacc,-5.954,-1.382,-5.209,
87327752694012,GameRo,-0.382,-0.253,0.775,0.434
87327771479371,pre,995.084,,,
87327772539633,acc,-9.139,-8.255,0.379,
87327772539633,Gyro,1.121,2.441,2.978,
87327772539633,Lacc,-4.774,-1.524,-5.266,
87327772539633,GameRo,-0.404,-0.221,0.781,0.422
87327792435020,acc,-8.415,-8.489,0.023,
87327792435020,Gyro,0.529,1.908,2.854,
87327792435020,Lacc,-3.434,-2.108,-5.519,
87327792435020,GameRo,-0.424,-0.195,0.786,0.406
87327796528362,pre,995.084,,,
87327812308107,acc,-7.712,-8.474,-0.099,
87327812308107,Gyro,-0.225,1.283,2.734,
87327812308107,Lacc,-2.224,-2.380,-5.482,
87327812308107,GameRo,-0.441,-0.177,0.790,0.387
87327821579306,pre,995.094,,,
87327832175172,acc,-7.028,-8.414,0.078,
87327832175172,Gyro,-0.943,0.730,2.695,
87327832175172,Lacc,-1.124,-2.544,-5.111,
87327832175172,GameRo,-0.455,-0.168,0.795,0.364
87327846630006,pre,995.078,,,
87327852044964,acc,-6.230,-8.761,0.630,
87327852044964,Gyro,-1.434,0.254,2.699,
87327852044964,Lacc,0.024,-3.079,-4.354,
87327852044964,GameRo,-0.468,-0.165,0.800,0.337
87327871893068,acc,-5.207,-9.242,1.138,
87327871893068,Gyro,-1.570,-0.053,2.634,
87327871893068,Lacc,1.344,-3.736,-3.659,
87327871893068,GameRo,-0.477,-0.166,0.806,0.308
87327871680259,pre,995.063,,,
87327891786012,acc,-4.078,-9.444,1.719,
87327891786012,Gyro,-1.308,-0.095,2.429,
87327891786012,Lacc,2.714,-4.092,-2.914,
87327891786012,GameRo,-0.485,-0.168,0.811,0.281
87327896757854,pre,995.091,,,
87327911655356,acc,-3.243,-9.375,2.078,
87327911655356,Gyro,-0.780,0.066,2.109,
87327911655356,Lacc,3.614,-3.952,-2.373,
87327911655356,GameRo,-0.491,-0.179,0.809,0.268
87327921786174,pre,995.106,,,
87327931525799,acc,-2.891,-9.708,1.772,
87327931525799,Gyro,-0.323,0.213,1.743,
87327931525799,Lacc,4.105,-4.382,-2.579,
87327931525799,GameRo,-0.496,-0.179,0.810,0.255
87327946807211,pre,995.100,,,
87327951396608,acc,-2.854,-10.212,1.330,
87327951396608,Gyro,-0.169,0.275,1.348,
87327951396608,Lacc,4.312,-5.068,-2.961,
87327951396608,GameRo,-0.501,-0.173,0.812,0.243
87327971266196,acc,-2.893,-10.396,1.430,
87327971266196,Gyro,-0.211,0.199,0.934,
87327971266196,Lacc,4.398,-5.384,-2.806,
87327971266196,GameRo,-0.506,-0.168,0.813,0.235
87327971872844,pre,995.103,,,
87327991137168,acc,-2.793,-10.369,1.887,
87327991137168,Gyro,-0.359,-0.098,0.513,
87327991137168,Lacc,4.560,-5.418,-2.315,
87327991137168,GameRo,-0.508,-0.168,0.814,0.228
87327996934124,pre,995.100,,,
87328011006755,acc,-2.450,-10.082,2.228,
87328011006755,Gyro,-0.469,-0.546,0.107,
87328011006755,Lacc,4.880,-5.108,-1.987,
87328011006755,GameRo,-0.506,-0.172,0.815,0.224
87328021984254,pre,995.075,,,
87328030877402,acc,-2.342,-10.146,1.741,
87328030877402,Gyro,-0.397,-0.913,-0.342,
87328030877402,Lacc,4.881,-5.079,-2.547,
87328030877402,GameRo,-0.499,-0.179,0.818,0.223
87328047034873,pre,995.081,,,
87328050747356,acc,-3.820,-10.979,0.444,
87328050747356,Gyro,-0.224,-0.993,-0.826,
87328050747356,Lacc,3.244,-5.785,-3.955,
87328050747356,GameRo,-0.490,-0.188,0.820,0.226
87328070617514,acc,-5.704,-11.934,-0.872,
87328070617514,Gyro,-0.195,-0.952,-1.121,
87328070617514,Lacc,1.162,-6.573,-5.385,
87328070617514,GameRo,-0.481,-0.197,0.822,0.232
87328072063233,pre,995.133,,,
87328090488567,acc,-5.916,-11.511,-1.557,
87328090488567,Gyro,-0.391,-0.848,-1.298,
87328090488567,Lacc,0.734,-5.951,-6.150,
87328090488567,GameRo,-0.472,-0.207,0.823,0.239
87328097140544,pre,995.127,,,
87328110357993,acc,-5.616,-10.923,-1.154,
87328110357993,Gyro,-0.545,-0.586,-1.646,
87328110357993,Lacc,0.801,-5.116,-5.772,
87328110357993,GameRo,-0.465,-0.221,0.821,0.247
87328122193035,pre,995.081,,,
87328130228232,acc,-7.226,-11.361,-0.002,
87328130228232,Gyro,-0.361,-0.379,-2.132,
87328130228232,Lacc,-1.079,-5.260,-4.610,
87328130228232,GameRo,-0.458,-0.235,0.817,0.260
87328147245240,pre,995.088,,,
87328150098390,acc,-9.064,-11.677,0.395,
87328150098390,Gyro,0.022,-0.445,-2.517,
87328150098390,Lacc,-3.252,-5.276,-4.240,
87328150098390,GameRo,-0.450,-0.248,0.812,0.278
87328169968669,acc,-10.283,-11.252,-0.212,
87328169968669,Gyro,0.335,-0.589,-2.722,
87328169968669,Lacc,-4.867,-4.574,-4.936,
87328169968669,GameRo,-0.438,-0.259,0.807,0.299
87328172271892,pre,995.152,,,
87328189814780,acc,-10.752,-10.365,-0.860,
87328189814780,Gyro,0.444,-0.734,-2.766,
87328189814780,Lacc,-5.771,-3.442,-5.708,
87328189814780,GameRo,-0.424,-0.270,0.803,0.321
87328197348634,pre,995.170,,,
87328209709514,acc,-10.306,-8.888,-1.274,
87328209709514,Gyro,0.330,-0.883,-2.691,
87328209709514,Lacc,-5.781,-1.746,-6.249,
87328209709514,GameRo,-0.409,-0.281,0.798,0.341
87328222390586,pre,995.146,,,
87328229583741,acc,-9.289,-7.605,-1.298,
87328229583741,Gyro,0.051,-1.031,-2.559,
87328229583741,Lacc,-5.230,-0.254,-6.371,
87328229583741,GameRo,-0.394,-0.294,0.793,0.359
87328247451050,pre,995.127,,,
87328249449504,acc,-8.259,-7.181,-0.989,
87328249449504,Gyro,-0.203,-1.121,-2.477,
87328249449504,Lacc,-4.672,0.374,-6.117,
87328249449504,GameRo,-0.379,-0.309,0.788,0.374
87328269319541,acc,-7.787,-7.048,-0.563,
87328269319541,Gyro,-0.249,-1.118,-2.516,
87328269319541,Lacc,-4.645,0.708,-5.682,
87328269319541,GameRo,-0.365,-0.325,0.782,0.386
87328272501750,pre,995.136,,,
87328289168498,acc,-8.258,-7.202,-0.627,
87328289168498,Gyro,-0.110,-1.122,-2.594,
87328289168498,Lacc,-5.622,0.720,-5.778,
87328289168498,GameRo,-0.349,-0.340,0.776,0.401
87328297549968,pre,995.149,,,
87328309060507,acc,-8.760,-7.607,-1.224,
87328309060507,Gyro,-0.098,-1.191,-2.676,
87328309060507,Lacc,-6.652,0.448,-6.412,
87328309060507,GameRo,-0.332,-0.354,0.769,0.416
87328322604330,pre,995.146,,,
87328328930828,acc,-9.232,-7.983,-1.735,
87328328930828,Gyro,-0.320,-1.279,-2.842,
87328328930828,Lacc,-7.691,0.198,-6.925,
87328328930828,GameRo,-0.313,-0.371,0.761,0.431
87328347649700,pre,995.143,,,
87328348775595,acc,-9.924,-7.930,-1.892,
87328348775595,Gyro,-0.650,-1.298,-3.010,
87328348775595,Lacc,-8.990,0.382,-7.017,
87328348775595,GameRo,-0.295,-0.389,0.750,0.446
87328368671754,acc,-10.603,-7.591,-1.627,
87328368671754,Gyro,-0.879,-1.273,-3.098,
87328368671754,Lacc,-10.300,0.847,-6.621,
87328368671754,GameRo,-0.278,-0.410,0.736,0.461
87328372686606,pre,995.133,,,
87328388541220,acc,-11.065,-7.014,-1.247,
87328388541220,Gyro,-0.859,-1.250,-3.137,
87328388541220,Lacc,-11.399,1.515,-6.082,
87328388541220,GameRo,-0.260,-0.431,0.722,0.475
87328397727093,pre,995.109,,,
87328408412232,acc,-11.404,-6.322,-1.390,
87328408412232,Gyro,-0.686,-1.245,-3.178,
87328408412232,Lacc,-12.379,2.241,-6.076,
87328408412232,GameRo,-0.242,-0.450,0.707,0.489
87328422803793,pre,995.063,,,
87328428256145,acc,-11.966,-5.558,-2.149,
87328428256145,Gyro,-0.555,-1.178,-3.201,
87328428256145,Lacc,-13.584,2.981,-6.700,
87328428256145,GameRo,-0.222,-0.468,0.691,0.504
87328448128337,acc,-13.034,-5.099,-3.036,
87328448128337,Gyro,-0.470,-0.878,-3.130,
87328448128337,Lacc,-15.262,3.369,-7.459,
87328448128337,GameRo,-0.203,-0.483,0.675,0.519
87328447855469,pre,995.063,,,
87328468022950,acc,-14.137,-4.777,-3.466,
87328468022950,Gyro,-0.334,-0.413,-2.968,
87328468022950,Lacc,-16.908,3.581,-7.791,
87328468022950,GameRo,-0.187,-0.495,0.659,0.535
87328472908733,pre,995.112,,,
87328487892050,acc,-15.349,-4.098,-3.610,
87328487892050,Gyro,-0.116,0.217,-2.724,
87328487892050,Lacc,-18.571,4.115,-7.900,
87328487892050,GameRo,-0.174,-0.501,0.644,0.552
87328497941122,pre,995.133,,,
87328507738242,acc,-16.362,-2.724,-2.832,
87328507738242,Gyro,0.104,0.833,-2.284,
87328507738242,Lacc,-19.910,5.327,-7.171,
87328507738242,GameRo,-0.167,-0.501,0.629,0.570
87328522985068,pre,995.106,,,
87328527632813,acc,-16.669,-0.838,-1.335,
87328527632813,Gyro,0.217,1.077,-1.617,
87328527632813,Lacc,-20.404,7.067,-5.785,
87328527632813,GameRo,-0.163,-0.497,0.619,0.587
87328547502849,acc,-16.962,0.198,-0.285,
87328547502849,Gyro,0.147,0.839,-0.691,
87328547502849,Lacc,-20.758,8.015,-4.838,
87328547502849,GameRo,-0.163,-0.491,0.612,0.598
87328548051311,pre,995.081,,,
87328567347738,acc,-18.037,-1.610,0.196,
87328567347738,Gyro,0.146,0.391,0.520,
87328567347738,Lacc,-21.753,6.210,-4.415,
87328567347738,GameRo,-0.167,-0.487,0.613,0.599
87328573101401,pre,995.085,,,
87328587243857,acc,-17.689,-4.646,-0.222,
87328587243857,Gyro,0.401,-0.060,1.705,
87328587243857,Lacc,-21.171,3.253,-4.882,
87328587243857,GameRo,-0.173,-0.482,0.623,0.591
87328598162150,pre,995.094,,,
87328607088623,acc,-15.051,-6.411,-1.380,
87328607088623,Gyro,0.643,-0.233,2.417,
87328607088623,Lacc,-18.180,1.591,-6.115,
87328607088623,GameRo,-0.179,-0.476,0.640,0.576
87328623221029,pre,995.103,,,
87328626960043,acc,-11.449,-5.906,-2.346,
87328626960043,Gyro,0.660,0.026,2.634,
87328626960043,Lacc,-14.154,2.191,-7.180,
87328626960043,GameRo,-0.187,-0.467,0.659,0.559
87328646854167,acc,-10.053,-5.584,-2.306,
87328646854167,Gyro,0.451,0.569,2.561,
87328646854167,Lacc,-12.288,2.595,-7.240,
87328646854167,GameRo,-0.199,-0.457,0.675,0.544
87328648248943,pre,995.127,,,
87328666724814,acc,-11.687,-6.839,-1.463,
87328666724814,Gyro,0.219,1.110,2.692,
87328666724814,Lacc,-13.388,1.421,-6.475,
87328666724814,GameRo,-0.216,-0.445,0.689,0.530
87328673345989,pre,995.136,,,
87328686594320,acc,-13.132,-8.874,-0.431,
87328686594320,Gyro,0.209,1.469,3.067,
87328686594320,Lacc,-14.195,-0.544,-5.502,
87328686594320,GameRo,-0.238,-0.430,0.702,0.516
87328698376344,pre,995.118,,,
87328706447348,acc,-13.420,-10.948,0.179,
87328706447348,Gyro,0.474,1.789,3.349,
87328706447348,Lacc,-13.752,-2.605,-4.970,
87328706447348,GameRo,-0.263,-0.411,0.716,0.500
87328723429078,pre,995.091,,,
87328726335205,acc,-12.687,-12.124,0.275,
87328726335205,Gyro,0.842,2.181,3.337,
87328726335205,Lacc,-12.237,-3.856,-4.986,
87328726335205,GameRo,-0.288,-0.386,0.730,0.485
87328746205404,acc,-11.687,-11.671,0.421,
87328746205404,Gyro,1.086,2.609,3.077,
87328746205404,Lacc,-10.446,-3.563,-4.961,
87328746205404,GameRo,-0.313,-0.357,0.742,0.473
87328748480877,pre,995.088,,,
87328766075399,acc,-11.183,-10.048,1.029,
87328766075399,Gyro,1.109,2.804,2.859,
87328766075399,Lacc,-9.168,-2.154,-4.437,
87328766075399,GameRo,-0.339,-0.327,0.750,0.464
87328773516805,pre,995.103,,,
87328785945639,acc,-10.796,-8.547,1.691,
87328785945639,Gyro,0.953,2.655,2.836,
87328785945639,Lacc,-8.035,-0.898,-3.796,
87328785945639,GameRo,-0.364,-0.296,0.757,0.455
87328798584676,pre,995.109,,,
87328805817261,acc,-10.065,-7.329,2.057,
87328805817261,Gyro,0.698,2.204,2.941,
87328805817261,Lacc,-6.605,0.055,-3.397,
87328805817261,GameRo,-0.387,-0.269,0.763,0.442
87328823613648,pre,995.112,,,
87328825662476,acc,-9.727,-7.061,1.737,
87328825662476,Gyro,0.331,1.682,3.089,
87328825662476,Lacc,-5.625,0.045,-3.640,
87328825662476,GameRo,-0.407,-0.246,0.770,0.425
87328845556560,acc,-9.458,-7.608,1.428,
87328845556560,Gyro,-0.093,1.148,3.245,
87328845556560,Lacc,-4.768,-0.785,-3.834,
87328845556560,GameRo,-0.425,-0.227,0.778,0.403
87328848687541,pre,995.121,,,
87328865426677,acc,-8.929,-8.229,1.235,
87328865426677,Gyro,-0.447,0.680,3.350,
87328865426677,Lacc,-3.709,-1.696,-3.894,
87328865426677,GameRo,-0.440,-0.212,0.787,0.377
87328873741293,pre,995.097,,,
87328885296875,acc,-8.216,-8.885,1.138,
87328885296875,Gyro,-0.706,0.316,3.384,
87328885296875,Lacc,-2.522,-2.654,-3.860,
87328885296875,GameRo,-0.453,-0.201,0.796,0.348
87328898793702,pre,995.045,,,
87328905167888,acc,-7.027,-9.339,1.170,
87328905167888,Gyro,-0.902,0.037,3.275,
87328905167888,Lacc,-0.918,-3.412,-3.707,
87328905167888,GameRo,-0.463,-0.192,0.805,0.318
87328925029012,acc,-5.744,-9.342,1.374,
87328925029012,Gyro,-0.980,-0.109,3.019,
87328925029012,Lacc,0.714,-3.706,-3.396,
87328925029012,GameRo,-0.471,-0.186,0.812,0.288
87328923821331,pre,995.048,,,
87328944913046,acc,-4.746,-8.939,1.678,
87328944913046,Gyro,-0.861,-0.145,2.710,
87328944913046,Lacc,1.960,-3.451,-2.921,
87328944913046,GameRo,-0.480,-0.188,0.816,0.263
87328948897665,pre,995.094,,,
87328964777914,acc,-4.182,-8.497,1.724,
87328964777914,Gyro,-0.578,-0.077,2.427,
87328964777914,Lacc,2.487,-2.667,-2.492,
87328964777914,GameRo,-0.489,-0.214,0.806,0.255
87328973935506,pre,995.118,,,
87328984647909,acc,-4.178,-8.399,1.527,
87328984647909,Gyro,-0.253,0.027,2.170,
87328984647909,Lacc,2.615,-2.591,-2.518,
87328984647909,GameRo,-0.496,-0.218,0.805,0.242
87328999003337,pre,995.091,,,
87329004518229,acc,-4.766,-8.837,1.182,
87329004518229,Gyro,-0.068,0.018,1.984,
87329004518229,Lacc,2.153,-3.060,-2.690,
87329004518229,GameRo,-0.503,-0.222,0.802,0.231
87329024410482,acc,-4.432,-9.676,0.710,
87329024410482,Gyro,-0.103,-0.116,1.748,
87329024410482,Lacc,2.684,-4.143,-3.159,
87329024410482,GameRo,-0.507,-0.214,0.806,0.217
87329024056926,pre,995.078,,,
87329044259806,acc,-3.709,-10.011,0.382,
87329044259806,Gyro,-0.297,-0.246,1.281,
87329044259806,Lacc,3.545,-4.659,-3.488,
87329044259806,GameRo,-0.509,-0.209,0.810,0.204
87329049107545,pre,995.094,,,
87329064119548,acc,-3.372,-10.183,0.354,
87329064119548,Gyro,-0.507,-0.391,0.689,
87329064119548,Lacc,3.943,-4.915,-3.516,
87329064119548,GameRo,-0.509,-0.209,0.812,0.194
87329074133139,pre,995.112,,,
87329083998820,acc,-3.591,-10.391,0.354,
87329083998820,Gyro,-0.587,-0.534,0.074,
87329083998820,Lacc,3.711,-5.111,-3.523,
87329083998820,GameRo,-0.507,-0.214,0.814,0.188
87329099225709,pre,995.109,,,
87329103869100,acc,-4.674,-11.170,0.019,
87329103869100,Gyro,-0.477,-0.624,-0.508,
87329103869100,Lacc,2.543,-5.793,-3.887,
87329103869100,GameRo,-0.502,-0.221,0.815,0.187
87329123739909,acc,-5.375,-11.082,-0.745,
87329123739909,Gyro,-0.406,-0.624,-0.933,
87329123739909,Lacc,1.700,-5.553,-4.695,
87329123739909,GameRo,-0.496,-0.230,0.816,0.190
87329124240601,pre,995.100,,,
87329143610637,acc,-5.615,-10.471,-1.294,
87329143610637,Gyro,-0.515,-0.478,-1.276,
87329143610637,Lacc,1.286,-4.739,-5.263,
87329143610637,GameRo,-0.490,-0.241,0.815,0.196
87329149314372,pre,995.118,,,
87329163476766,acc,-6.114,-9.929,-1.021,
87329163476766,Gyro,-0.650,-0.296,-1.630,
87329163476766,Lacc,0.582,-3.940,-4.961,
87329163476766,GameRo,-0.484,-0.254,0.812,0.205
87329174340577,pre,995.146,,,
87329183350261,acc,-7.691,-10.345,-0.289,
87329183350261,Gyro,-0.574,-0.090,-2.020,
87329183350261,Lacc,-1.237,-4.055,-4.166,
87329183350261,GameRo,-0.480,-0.269,0.807,0.216
87329199417318,pre,995.152,,,
87329203220622,acc,-9.399,-10.818,0.147,
87329203220622,Gyro,-0.263,-0.016,-2.325,
87329203220622,Lacc,-3.233,-4.216,-3.678,
87329203220622,GameRo,-0.474,-0.283,0.801,0.232
87329223068319,acc,-10.356,-10.536,0.077,
87329223068319,Gyro,0.127,0.004,-2.506,
87329223068319,Lacc,-4.519,-3.640,-3.745,
87329223068319,GameRo,-0.468,-0.294,0.795,0.252
87329224456503,pre,995.142,,,
87329242962078,acc,-10.801,-9.965,-0.189,
87329242962078,Gyro,0.396,-0.018,-2.571,
87329242962078,Lacc,-5.319,-2.807,-4.055,
87329242962078,GameRo,-0.459,-0.304,0.789,0.273
87329249521160,pre,995.167,,,
87329262806031,acc,-10.320,-8.923,-0.352,
87329262806031,Gyro,0.419,-0.151,-2.535,
87329262806031,Lacc,-5.209,-1.531,-4.287,
87329262806031,GameRo,-0.450,-0.312,0.783,0.294
87329274573202,pre,995.188,,,
87329282701458,acc,-9.180,-8.029,-0.204,
87329282701458,Gyro,0.273,-0.402,-2.524,
87329282701458,Lacc,-4.464,-0.417,-4.212,
87329282701458,GameRo,-0.439,-0.321,0.778,0.314
87329299625610,pre,995.176,,,
87329302571371,acc,-8.229,-7.469,-0.127,
87329302571371,Gyro,0.118,-0.654,-2.622,
87329302571371,Lacc,-3.950,0.359,-4.207,
87329302571371,GameRo,-0.425,-0.333,0.773,0.332
87329322442221,acc,-7.816,-6.939,-0.102,
87329322442221,Gyro,0.025,-0.807,-2.780,
87329322442221,Lacc,-3.976,1.102,-4.204,
87329322442221,GameRo,-0.412,-0.348,0.767,0.347
87329324652263,pre,995.139,,,
87329342312704,acc,-8.129,-6.571,-0.066,
87329342312704,Gyro,0.045,-0.878,-2.929,
87329342312704,Lacc,-4.763,1.671,-4.187,
87329342312704,GameRo,-0.398,-0.363,0.761,0.362
87329349731893,pre,995.142,,,
87329362182130,acc,-8.959,-6.421,-0.241,
87329362182130,Gyro,0.115,-0.983,-3.029,
87329362182130,Lacc,-6.159,1.996,-4.430,
87329362182130,GameRo,-0.380,-0.377,0.754,0.381
87329374766927,pre,995.152,,,
87329382052328,acc,-9.801,-6.517,-0.808,
87329382052328,Gyro,0.084,-1.115,-3.077,
87329382052328,Lacc,-7.600,2.042,-5.065,
87329382052328,GameRo,-0.360,-0.392,0.746,0.400
87329399835124,pre,995.139,,,
87329401923137,acc,-10.515,-6.639,-1.287,
87329401923137,Gyro,-0.132,-1.271,-3.103,
87329401923137,Lacc,-8.937,2.040,-5.578,
87329401923137,GameRo,-0.339,-0.408,0.738,0.417
87329421792969,acc,-11.066,-6.601,-1.554,
87329421792969,Gyro,-0.443,-1.444,-3.123,
87329421792969,Lacc,-10.136,2.187,-5.813,
87329421792969,GameRo,-0.318,-0.426,0.728,0.432
87329424888876,pre,995.112,,,
87329441642986,acc,-11.489,-6.312,-1.558,
87329441642986,Gyro,-0.741,-1.649,-3.136,
87329441642986,Lacc,-11.228,2.569,-5.716,
87329441642986,GameRo,-0.296,-0.447,0.717,0.445
87329449941000,pre,995.094,,,
87329461533488,acc,-11.691,-5.646,-1.694,
87329461533488,Gyro,-1.074,-1.929,-3.138,
87329461533488,Lacc,-12.121,3.310,-5.674,
87329461533488,GameRo,-0.274,-0.471,0.704,0.456
87329475001750,pre,995.100,,,
87329481403118,acc,-12.178,-4.859,-2.044,
87329481403118,Gyro,-1.430,-2.165,-3.122,
87329481403118,Lacc,-13.318,4.153,-5.749,
87329481403118,GameRo,-0.251,-0.498,0.689,0.463
87329500045125,pre,995.115,,,
87329501248820,acc,-13.023,-4.423,-2.556,
87329501248820,Gyro,-1.694,-2.129,-3.002,
87329501248820,Lacc,-14.851,4.617,-5.898,
87329501248820,GameRo,-0.228,-0.527,0.672,0.468
87329521144247,acc,-13.781,-4.525,-2.899,
87329521144247,Gyro,-1.804,-1.719,-2.801,
87329521144247,Lacc,-16.229,4.510,-5.834,
87329521144247,GameRo,-0.209,-0.554,0.653,0.472
87329525099772,pre,995.121,,,
87329541015340,acc,-14.150,-4.582,-2.671,
87329541015340,Gyro,-1.636,-0.957,-2.656,
87329541015340,Lacc,-17.133,4.408,-5.224,
87329541015340,GameRo,-0.194,-0.576,0.634,0.478
87329550153443,pre,995.097,,,
87329560884197,acc,-14.862,-3.648,-2.009,
87329560884197,Gyro,-1.094,0.160,-2.585,
87329560884197,Lacc,-18.307,5.245,-4.311,
87329560884197,GameRo,-0.185,-0.590,0.615,0.489
87329575180298,pre,995.084,,,
87329580754557,acc,-16.295,-2.157,-0.969,
87329580754557,Gyro,-0.319,1.356,-2.357,
87329580754557,Lacc,-20.113,6.589,-3.244,
87329580754557,GameRo,-0.179,-0.593,0.598,0.509
87329600624553,acc,-17.841,-0.783,0.335,
87329600624553,Gyro,0.356,1.927,-1.755,
87329600624553,Lacc,-21.905,7.801,-2.119,
87329600624553,GameRo,-0.178,-0.586,0.585,0.531
87329600258668,pre,995.094,,,
87329620496094,acc,-19.800,-1.210,0.977,
87329620496094,Gyro,0.710,1.756,-0.685,
87329620496094,Lacc,-23.938,7.257,-1.746,
87329620496094,GameRo,-0.180,-0.574,0.580,0.549
87329625311443,pre,995.115,,,
87329640365357,acc,-20.110,-2.397,1.418,
87329640365357,Gyro,0.862,0.887,0.752,
87329640365357,Lacc,-24.121,6.052,-1.545,
87329640365357,GameRo,-0.184,-0.561,0.585,0.556
87329650339274,pre,995.136,,,
87329660236613,acc,-16.664,-2.768,0.560,
87329660236613,Gyro,0.978,0.012,2.030,
87329660236613,Lacc,-20.360,5.759,-2.581,
87329660236613,GameRo,-0.190,-0.551,0.600,0.548
87329675391846,pre,995.158,,,
87329680106324,acc,-12.799,-3.012,-0.857,
87329680106324,Gyro,0.999,-0.244,2.715,
87329680106324,Lacc,-16.056,5.636,-4.148,
87329680106324,GameRo,-0.197,-0.542,0.620,0.532
87329699976115,acc,-11.635,-4.941,-2.033,
87329699976115,Gyro,0.905,0.180,2.915,
87329699976115,Lacc,-14.377,3.824,-5.482,
87329699976115,GameRo,-0.208,-0.530,0.641,0.515
87329700453044,pre,995.139,,,
87329719846558,acc,-12.519,-7.379,-2.319,
87329719846558,Gyro,0.770,0.884,2.957,
87329719846558,Lacc,-14.685,1.479,-5.936,
87329719846558,GameRo,-0.224,-0.515,0.659,0.500
87329725524374,pre,995.097,,,
87329739714193,acc,-13.734,-9.237,-1.876,
87329739714193,Gyro,0.768,1.685,2.981,
87329739714193,Lacc,-15.258,-0.320,-5.671,
87329739714193,GameRo,-0.245,-0.497,0.674,0.489
87329750577067,pre,995.097,,,
87329759587403,acc,-14.782,-10.461,-0.681,
87329759587403,Gyro,0.925,2.414,3.058,
87329759587403,Lacc,-15.585,-1.537,-4.674,
87329759587403,GameRo,-0.271,-0.472,0.687,0.481
87329775605917,pre,995.088,,,
87329779457560,acc,-14.833,-10.515,0.788,
87329779457560,Gyro,1.143,2.870,3.226,
87329779457560,Lacc,-14.838,-1.651,-3.413,
87329779457560,GameRo,-0.300,-0.443,0.700,0.474
87329799327434,acc,-13.980,-9.989,1.634,
87329799327434,Gyro,1.284,2.961,3.384,
87329799327434,Lacc,-13.133,-1.259,-2.761,
87329799327434,GameRo,-0.329,-0.409,0.712,0.467
87329800658773,pre,995.051,,,
87329819197876,acc,-12.798,-9.267,1.932,
87329819197876,Gyro,1.203,2.775,3.491,
87329819197876,Lacc,-11.090,-0.738,-2.604,
87329819197876,GameRo,-0.358,-0.375,0.723,0.457
87329825737589,pre,995.036,,,
87329839067709,acc,-11.576,-8.559,2.011,
87329839067709,Gyro,0.938,2.338,3.533,
87329839067709,Lacc,-9.042,-0.274,-2.590,
87329839067709,GameRo,-0.384,-0.344,0.733,0.444
87329850790690,pre,995.069,,,
87329858939087,acc,-10.894,-8.196,1.774,
87329858939087,Gyro,0.572,1.797,3.530,
87329858939087,Lacc,-7.599,-0.180,-2.822,
87329858939087,GameRo,-0.407,-0.316,0.743,0.427
87329875843750,pre,995.066,,,
87329878808309,acc,-10.696,-8.392,1.351,
87329878808309,Gyro,0.125,1.190,3.577,
87329878808309,Lacc,-6.713,-0.658,-3.183,
87329878808309,GameRo,-0.428,-0.293,0.753,0.405
87329898678507,acc,-10.030,-8.910,0.855,
87329898678507,Gyro,-0.330,0.618,3.624,
87329898678507,Lacc,-5.426,-1.468,-3.579,
87329898678507,GameRo,-0.445,-0.276,0.763,0.379
87329900898967,pre,995.051,,,
87329918548462,acc,-8.967,-9.239,0.511,
87329918548462,Gyro,-0.687,0.264,3.607,
87329918548462,Lacc,-3.805,-2.096,-3.799,
87329918548462,GameRo,-0.459,-0.263,0.773,0.349
87329925953044,pre,995.057,,,
87329938419474,acc,-7.842,-9.575,0.610,
87329938419474,Gyro,-0.884,0.113,3.526,
87329938419474,Lacc,-2.173,-2.743,-3.562,
87329938419474,GameRo,-0.472,-0.253,0.782,0.318
87329951006796,pre,995.066,,,
87329958289877,acc,-6.570,-9.701,0.848,
87329958289877,Gyro,-0.891,0.106,3.348,
87329958289877,Lacc,-0.440,-3.191,-3.187,
87329958289877,GameRo,-0.484,-0.244,0.790,0.287
87329976037476,pre,995.051,,,
87329978136597,acc,-5.318,-9.518,1.092,
87329978136597,Gyro,-0.670,0.280,3.106,
87329978136597,Lacc,1.228,-3.346,-2.818,
87329978136597,GameRo,-0.496,-0.234,0.795,0.259
87329998029745,acc,-4.228,-9.439,1.331,
87329998029745,Gyro,-0.306,0.561,2.807,
87329998029745,Lacc,2.672,-3.574,-2.442,
87329998029745,GameRo,-0.507,-0.224,0.798,0.236
87330001103800,pre,995.072,,,
87330017900065,acc,-3.612,-9.786,1.243,
87330017900065,Gyro,0.001,0.810,2.448,
87330017900065,Lacc,3.610,-4.239,-2.406,
87330017900065,GameRo,-0.519,-0.212,0.799,0.219
87330026165609,pre,995.109,,,
87330037769979,acc,-3.602,-10.646,1.044,
87330037769979,Gyro,0.138,1.001,1.979,
87330037769979,Lacc,3.913,-5.416,-2.476,
87330037769979,GameRo,-0.530,-0.198,0.799,0.204
87330051219035,pre,995.109,,,
87330057641194,acc,-4.047,-11.422,1.179,
87330057641194,Gyro,0.116,1.028,1.449,
87330057641194,Lacc,3.700,-6.438,-2.195,
87330057641194,GameRo,-0.542,-0.187,0.796,0.195
87330077518474,acc,-4.045,-11.221,1.530,
87330077518474,Gyro,0.019,0.834,0.961,
87330077518474,Lacc,3.866,-6.405,-1.704,
87330077518474,GameRo,-0.551,-0.179,0.793,0.188
87330076246908,pre,995.091,,,
87330097381592,acc,-3.687,-10.760,1.815,
87330097381592,Gyro,-0.082,0.489,0.511,
87330097381592,Lacc,4.320,-6.035,-1.317,
87330097381592,GameRo,-0.557,-0.175,0.791,0.184
87330101309204,pre,995.069,,,
87330117227092,acc,-4.069,-11.051,1.563,
87330117227092,Gyro,-0.129,0.110,0.038,
87330117227092,Lacc,3.964,-6.341,-1.522,
87330117227092,GameRo,-0.559,-0.174,0.790,0.183
87330126378500,pre,995.078,,,
87330137122111,acc,-5.360,-12.052,0.762,
87330137122111,Gyro,-0.230,-0.161,-0.394,
87330137122111,Lacc,2.639,-7.280,-2.318,
87330137122111,GameRo,-0.558,-0.178,0.789,0.184
87330151430135,pre,995.087,,,
87330156992147,acc,-5.665,-12.041,0.375,
87330156992147,Gyro,-0.452,-0.411,-0.687,
87330156992147,Lacc,2.250,-7.143,-2.722,
87330156992147,GameRo,-0.555,-0.185,0.789,0.187
87330176836385,acc,-4.823,-11.225,0.564,
87330176836385,Gyro,-0.637,-0.608,-1.025,
87330176836385,Lacc,2.965,-6.142,-2.557,
87330176836385,GameRo,-0.550,-0.196,0.789,0.190
87330176457316,pre,995.090,,,
87330196731730,acc,-4.330,-9.950,0.760,
87330196731730,Gyro,-0.486,-0.666,-1.541,
87330196731730,Lacc,3.272,-4.617,-2.402,
87330196731730,GameRo,-0.543,-0.210,0.789,0.196
87330201507283,pre,995.069,,,
87330216577270,acc,-5.639,-9.486,0.478,
87330216577270,Gyro,0.093,-0.565,-2.154,
87330216577270,Lacc,1.707,-3.846,-2.757,
87330216577270,GameRo,-0.534,-0.223,0.788,0.209
87330226571045,pre,995.072,,,
87330236471965,acc,-7.788,-8.946,-0.773,
87330236471965,Gyro,0.662,-0.459,-2.459,
87330236471965,Lacc,-0.754,-2.991,-4.133,
87330236471965,GameRo,-0.524,-0.233,0.786,0.230
87330251619548,pre,995.103,,,
87330256343099,acc,-9.530,-8.886,-2.258,
87330256343099,Gyro,0.759,-0.400,-2.385,
87330256343099,Lacc,-2.818,-2.651,-5.765,
87330256343099,GameRo,-0.513,-0.240,0.784,0.252
87330276212809,acc,-10.219,-8.944,-2.863,
87330276212809,Gyro,0.334,-0.490,-2.160,
87330276212809,Lacc,-3.817,-2.454,-6.486,
87330276212809,GameRo,-0.504,-0.249,0.782,0.271
87330276668620,pre,995.133,,,
87330296057657,acc,-9.502,-8.846,-2.377,
87330296057657,Gyro,-0.385,-0.764,-1.998,
87330296057657,Lacc,-3.410,-2.094,-6.055,
87330296057657,GameRo,-0.494,-0.262,0.779,0.284
87330301729370,pre,995.124,,,
87330315953125,acc,-8.170,-8.900,-1.376,
87330315953125,Gyro,-1.114,-1.144,-2.082,
87330315953125,Lacc,-2.425,-1.844,-5.042,
87330315953125,GameRo,-0.484,-0.282,0.776,0.292
87330326771524,pre,995.097,,,
87330335798461,acc,-7.123,-8.828,-0.324,
87330335798461,Gyro,-1.613,-1.472,-2.405,
87330335798461,Lacc,-1.802,-1.413,-3.920,
87330335798461,GameRo,-0.471,-0.308,0.771,0.298
87330351848795,pre,995.100,,,
87330355693726,acc,-6.891,-8.550,0.657,
87330355693726,Gyro,-1.682,-1.613,-2.886,
87330355693726,Lacc,-2.092,-0.738,-2.833,
87330355693726,GameRo,-0.455,-0.339,0.765,0.306
87330375559000,acc,-7.890,-8.009,1.077,
87330375559000,Gyro,-1.353,-1.602,-3.332,
87330375559000,Lacc,-3.710,0.192,-2.315,
87330375559000,GameRo,-0.437,-0.369,0.756,0.317
87330376873982,pre,995.133,,,
87330395437378,acc,-9.471,-7.581,0.690,
87330395437378,Gyro,-0.850,-1.514,-3.547,
87330395437378,Lacc,-5.972,0.954,-2.648,
87330395437378,GameRo,-0.415,-0.397,0.748,0.333
87330401949910,pre,995.136,,,
87330415305297,acc,-10.905,-7.380,-0.308,
87330415305297,Gyro,-0.519,-1.428,-3.534,
87330415305297,Lacc,-8.107,1.415,-3.633,
87330415305297,GameRo,-0.392,-0.420,0.739,0.351
87330427002889,pre,995.109,,,
87330435174764,acc,-11.596,-7.468,-1.361,
87330435174764,Gyro,-0.502,-1.318,-3.420,
87330435174764,Lacc,-9.485,1.525,-4.665,
87330435174764,GameRo,-0.370,-0.442,0.730,0.368
87330452054891,pre,995.109,,,
87330455025878,acc,-11.637,-7.275,-1.651,
87330455025878,Gyro,-0.599,-1.154,-3.378,
87330455025878,Lacc,-10.202,1.874,-4.888,
87330455025878,GameRo,-0.348,-0.462,0.720,0.384
87330474890299,acc,-11.687,-6.471,-1.285,
87330474890299,Gyro,-0.517,-0.975,-3.402,
87330474890299,Lacc,-10.922,2.788,-4.434,
87330474890299,GameRo,-0.328,-0.482,0.707,0.400
87330477105306,pre,995.100,,,
87330494760131,acc,-11.932,-5.757,-1.159,
87330494760131,Gyro,-0.342,-0.947,-3.429,
87330494760131,Lacc,-11.841,3.557,-4.239,
87330494760131,GameRo,-0.307,-0.499,0.695,0.418
87330502158731,pre,995.094,,,
87330514655029,acc,-12.398,-5.311,-1.626,
87330514655029,Gyro,-0.291,-1.010,-3.466,
87330514655029,Lacc,-12.989,4.005,-4.643,
87330514655029,GameRo,-0.284,-0.515,0.682,0.435
87330527209920,pre,995.121,,,
87330534525675,acc,-13.502,-4.792,-2.098,
87330534525675,Gyro,-0.370,-1.108,-3.528,
87330534525675,Lacc,-14.789,4.480,-5.031,
87330534525675,GameRo,-0.261,-0.532,0.668,0.451
87330552261434,pre,995.164,,,
87330554396321,acc,-15.253,-3.537,-2.690,
87330554396321,Gyro,-0.572,-1.175,-3.440,
87330554396321,Lacc,-17.234,5.654,-5.491,
87330554396321,GameRo,-0.237,-0.549,0.653,0.466
87330574240559,acc,-16.913,-1.800,-3.193,
87330574240559,Gyro,-0.815,-1.011,-3.057,
87330574240559,Lacc,-19.524,7.288,-5.804,
87330574240559,GameRo,-0.216,-0.566,0.636,0.478
87330577334554,pre,995.142,,,
87330594137654,acc,-18.234,-0.325,-2.906,
87330594137654,Gyro,-0.884,-0.472,-2.402,
87330594137654,Lacc,-21.338,8.664,-5.314,
87330594137654,GameRo,-0.201,-0.580,0.620,0.488
87330602366862,pre,995.081,,,
87330613980672,acc,-18.497,0.809,-1.450,
87330613980672,Gyro,-0.765,0.104,-1.510,
87330613980672,Lacc,-21.911,9.724,-3.709,
87330613980672,GameRo,-0.195,-0.589,0.607,0.496
87330627418660,pre,995.081,,,
87330633876831,acc,-18.175,0.831,0.233,
87330633876831,Gyro,-0.547,0.292,-0.559,
87330633876831,Lacc,-21.712,9.720,-1.935,
87330633876831,GameRo,-0.195,-0.593,0.599,0.501
87330652471151,pre,995.121,,,
87330653747965,acc,-18.856,-1.055,1.170,
87330653747965,Gyro,-0.178,0.175,0.413,
87330653747965,Lacc,-22.347,7.862,-0.960,
87330653747965,GameRo,-0.199,-0.593,0.598,0.501
87330673617431,acc,-18.884,-3.560,1.179,
87330673617431,Gyro,0.372,-0.164,1.335,
87330673617431,Lacc,-22.170,5.428,-0.981,
87330673617431,GameRo,-0.205,-0.590,0.605,0.494
87330677520792,pre,995.130,,,
87330693488199,acc,-16.810,-4.534,-0.089,
87330693488199,Gyro,0.831,-0.362,2.002,
87330693488199,Lacc,-19.765,4.541,-2.357,
87330693488199,GameRo,-0.210,-0.583,0.619,0.482
87330702558512,pre,995.103,,,
87330713357951,acc,-13.952,-3.856,-1.133,
87330713357951,Gyro,1.030,-0.217,2.456,
87330713357951,Lacc,-16.480,5.306,-3.563,
87330713357951,GameRo,-0.218,-0.573,0.637,0.467
87330727626261,pre,995.097,,,
87330733227701,acc,-12.545,-4.238,-1.603,
87330733227701,Gyro,1.035,0.207,2.711,
87330733227701,Lacc,-14.568,4.996,-4.225,
87330733227701,GameRo,-0.229,-0.560,0.656,0.451
87330753072509,acc,-13.300,-6.209,-1.736,
87330753072509,Gyro,0.907,0.727,2.972,
87330753072509,Lacc,-14.747,3.077,-4.550,
87330753072509,GameRo,-0.244,-0.545,0.673,0.437
87330752677612,pre,995.090,,,
87330772968057,acc,-14.150,-8.342,-1.165,
87330772968057,Gyro,0.879,1.218,3.268,
87330772968057,Lacc,-14.929,0.969,-4.156,
87330772968057,GameRo,-0.265,-0.526,0.688,0.423
87330777728068,pre,995.078,,,
87330792838908,acc,-14.374,-10.090,-0.426,
87330792838908,Gyro,1.070,1.706,3.461,
87330792838908,Lacc,-14.410,-0.810,-3.607,
87330792838908,GameRo,-0.290,-0.504,0.704,0.409
87330802787272,pre,995.084,,,
87330812708822,acc,-13.842,-10.861,0.075,
87330812708822,Gyro,1.317,2.168,3.468,
87330812708822,Lacc,-13.090,-1.687,-3.316,
87330812708822,GameRo,-0.317,-0.476,0.718,0.397
87330827803589,pre,995.115,,,
87330832579386,acc,-13.072,-10.569,0.488,
87330832579386,Gyro,1.458,2.492,3.332,
87330832579386,Lacc,-11.527,-1.571,-3.103,
87330832579386,GameRo,-0.345,-0.445,0.730,0.388
87330852449300,acc,-12.269,-9.159,0.968,
87330852449300,Gyro,1.436,2.572,3.242,
87330852449300,Lacc,-9.950,-0.395,-2.778,
87330852449300,GameRo,-0.372,-0.413,0.739,0.380
87330852852416,pre,995.112,,,
87330872319254,acc,-11.436,-7.400,1.367,
87330872319254,Gyro,1.261,2.346,3.300,
87330872319254,Lacc,-8.362,1.087,-2.474,
87330872319254,GameRo,-0.399,-0.381,0.747,0.370
87330877945719,pre,995.094,,,
87330892190023,acc,-10.954,-6.182,1.272,
87330892190023,Gyro,0.930,1.900,3.496,
87330892190023,Lacc,-7.146,1.988,-2.599,
87330892190023,GameRo,-0.423,-0.352,0.755,0.356
87330902980997,pre,995.106,,,
87330912059611,acc,-10.859,-5.969,0.740,
87330912059611,Gyro,0.440,1.332,3.793,
87330912059611,Lacc,-6.340,1.846,-3.098,
87330912059611,GameRo,-0.445,-0.326,0.764,0.336
87330928041748,pre,995.115,,,
87330931930501,acc,-10.408,-6.476,0.058,
87330931930501,Gyro,-0.144,0.739,4.109,
87330931930501,Lacc,-5.202,0.944,-3.694,
87330931930501,GameRo,-0.465,-0.305,0.772,0.307
87330951800374,acc,-9.798,-7.606,-0.449,
87330951800374,Gyro,-0.643,0.317,4.259,
87330951800374,Lacc,-3.950,-0.615,-4.076,
87330951800374,GameRo,-0.482,-0.288,0.781,0.273
87330953057902,pre,995.090,,,
87330971670125,acc,-8.902,-8.829,-0.668,
87330971670125,Gyro,-0.943,0.108,4.184,
87330971670125,Lacc,-2.470,-2.293,-4.153,
87330971670125,GameRo,-0.498,-0.274,0.789,0.236
87330978136759,pre,995.066,,,
87330991540690,acc,-7.503,-9.458,-0.708,
87330991540690,Gyro,-1.103,0.080,3.839,
87330991540690,Lacc,-0.568,-3.375,-4.045,
87330991540690,GameRo,-0.511,-0.262,0.794,0.199
87331003187337,pre,995.057,,,
87331011410929,acc,-6.248,-9.177,-0.181,
87331011410929,Gyro,-1.126,0.140,3.405,
87331011410929,Lacc,1.106,-3.518,-3.363,
87331011410929,GameRo,-0.523,-0.253,0.797,0.166
87331028256876,pre,995.042,,,
87331031281209,acc,-5.112,-8.929,0.512,
87331031281209,Gyro,-0.989,0.176,2.987,
87331031281209,Lacc,2.523,-3.538,-2.469,
87331031281209,GameRo,-0.534,-0.250,0.795,0.142
87331051151286,acc,-4.053,-8.829,0.876,
87331051151286,Gyro,-0.733,0.179,2.512,
87331051151286,Lacc,2.885,-2.351,-1.602,
87331051151286,GameRo,-0.533,-0.299,0.769,0.188
87331053267455,pre,995.045,,,
87331071022338,acc,-3.406,-9.132,0.707,
87331071022338,Gyro,-0.447,0.213,1.903,
87331071022338,Lacc,2.945,-1.955,-1.387,
87331071022338,GameRo,-0.531,-0.333,0.747,0.220
87331078315429,pre,995.081,,,
87331090866740,acc,-3.584,-9.556,0.454,
87331090866740,Gyro,-0.311,0.225,1.236,
87331090866740,Lacc,2.904,-2.472,-1.535,
87331090866740,GameRo,-0.537,-0.331,0.746,0.212
87331103391886,pre,995.103,,,
87331110762898,acc,-4.244,-9.747,0.437,
87331110762898,Gyro,-0.331,0.117,0.683,
87331110762898,Lacc,2.362,-2.754,-1.484,
87331110762898,GameRo,-0.542,-0.329,0.746,0.205
87331128443278,pre,995.100,,,
87331130632487,acc,-4.422,-9.874,0.270,
87331130632487,Gyro,-0.408,-0.042,0.222,
87331130632487,Lacc,2.231,-2.911,-1.597,
87331130632487,GameRo,-0.544,-0.330,0.745,0.200
87331150502522,acc,-4.613,-10.061,0.154,
87331150502522,Gyro,-0.395,-0.095,-0.265,
87331150502522,Lacc,2.020,-3.067,-1.666,
87331150502522,GameRo,-0.544,-0.334,0.744,0.199
87331153495117,pre,995.106,,,
87331170373616,acc,-5.893,-10.450,-0.124,
87331170373616,Gyro,-0.146,0.018,-0.807,
87331170373616,Lacc,0.648,-3.361,-1.913,
87331170373616,GameRo,-0.542,-0.340,0.742,0.202
87331178527791,pre,995.103,,,
87331190243326,acc,-7.854,-10.756,-0.715,
87331190243326,Gyro,0.193,0.207,-1.183,
87331190243326,Lacc,-1.466,-3.527,-2.495,
87331190243326,GameRo,-0.539,-0.345,0.739,0.211
87331203598347,pre,995.072,,,
87331210114136,acc,-7.999,-10.178,-1.186,
87331210114136,Gyro,0.315,0.298,-1.318,
87331210114136,Lacc,-1.788,-2.797,-2.973,
87331210114136,GameRo,-0.536,-0.349,0.736,0.223
87331228648640,pre,995.075,,,
87331229958048,acc,-6.319,-9.035,-0.834,
87331229958048,Gyro,0.330,0.282,-1.624,
87331229958048,Lacc,-0.316,-1.487,-2.630,
87331229958048,GameRo,-0.532,-0.354,0.732,0.236
87331249853393,acc,-6.042,-7.914,-0.414,
87331249853393,Gyro,0.577,0.322,-2.215,
87331249853393,Lacc,-0.243,-0.144,-1.910,
87331249853393,GameRo,-0.534,-0.372,0.720,0.239
87331253701619,pre,995.112,,,
87331269724202,acc,-8.173,-7.752,-0.833,
87331269724202,Gyro,0.972,0.323,-2.719,
87331269724202,Lacc,-2.770,0.281,-2.422,
87331269724202,GameRo,-0.525,-0.379,0.715,0.264
87331278754557,pre,995.136,,,
87331289594035,acc,-10.955,-7.866,-2.163,
87331289594035,Gyro,1.172,0.281,-2.855,
87331289594035,Lacc,-6.006,0.423,-3.907,
87331289594035,GameRo,-0.513,-0.385,0.710,0.291
87331303806437,pre,995.124,,,
87331309464884,acc,-12.716,-7.834,-3.145,
87331309464884,Gyro,0.998,0.220,-2.676,
87331309464884,Lacc,-8.216,0.673,-5.047,
87331309464884,GameRo,-0.501,-0.390,0.705,0.316
87331329354533,acc,-12.702,-7.662,-3.106,
87331329354533,Gyro,0.460,0.024,-2.410,
87331329354533,Lacc,-8.617,1.029,-5.108,
87331329354533,GameRo,-0.490,-0.398,0.699,0.337
87331328858846,pre,995.124,,,
87331349204670,acc,-11.321,-7.176,-1.961,
87331349204670,Gyro,-0.273,-0.420,-2.264,
87331349204670,Lacc,-7.639,1.692,-3.973,
87331349204670,GameRo,-0.479,-0.410,0.692,0.351
87331353909953,pre,995.127,,,
87331369074869,acc,-9.697,-6.761,-0.840,
87331369074869,Gyro,-0.955,-0.995,-2.257,
87331369074869,Lacc,-6.440,2.289,-2.766,
87331369074869,GameRo,-0.467,-0.428,0.685,0.359
87331378969725,pre,995.124,,,
87331388944945,acc,-8.239,-6.689,-0.070,
87331388944945,Gyro,-1.343,-1.484,-2.468,
87331388944945,Lacc,-5.445,2.547,-1.837,
87331388944945,GameRo,-0.453,-0.453,0.677,0.363
87331403985188,pre,995.115,,,
87331408815429,acc,-7.870,-6.327,0.177,
87331408815429,Gyro,-1.308,-1.723,-2.840,
87331408815429,Lacc,-5.266,3.016,-1.295,
87331408815429,GameRo,-0.442,-0.479,0.675,0.346
87331428686075,acc,-8.666,-5.797,-0.406,
87331428686075,Gyro,-1.020,-1.695,-3.164,
87331428686075,Lacc,-6.630,3.708,-1.728,
87331428686075,GameRo,-0.421,-0.506,0.667,0.350
87331429041137,pre,995.106,,,
87331448555704,acc,-9.914,-5.372,-1.484,
87331448555704,Gyro,-0.805,-1.566,-3.280,
87331448555704,Lacc,-8.536,4.265,-2.698,
87331448555704,GameRo,-0.396,-0.530,0.658,0.359
87331454090942,pre,995.097,,,
87331468426269,acc,-10.743,-5.100,-2.552,
87331468426269,Gyro,-0.826,-1.354,-3.244,
87331468426269,Lacc,-10.020,4.623,-3.642,
87331468426269,GameRo,-0.372,-0.553,0.648,0.369
87331479144083,pre,995.130,,,
87331488296224,acc,-11.234,-5.053,-2.764,
87331488296224,Gyro,-0.988,-1.081,-3.164,
87331488296224,Lacc,-11.143,4.714,-3.681,
87331488296224,GameRo,-0.351,-0.575,0.635,0.379
87331504221394,pre,995.155,,,
87331508144693,acc,-11.537,-4.955,-2.219,
87331508144693,Gyro,-1.126,-0.869,-3.122,
87331508144693,Lacc,-12.060,4.816,-2.917,
87331508144693,GameRo,-0.331,-0.596,0.620,0.389
87331528036661,acc,-11.832,-4.714,-1.633,
87331528036661,Gyro,-1.188,-0.777,-3.106,
87331528036661,Lacc,-12.957,5.021,-2.087,
87331528036661,GameRo,-0.312,-0.616,0.603,0.399
87331529250610,pre,995.142,,,
87331547906900,acc,-12.093,-4.431,-1.306,
87331547906900,Gyro,-1.253,-0.788,-3.080,
87331547906900,Lacc,-13.809,5.225,-1.500,
87331547906900,GameRo,-0.294,-0.636,0.586,0.408
87331554329141,pre,995.152,,,
87331567776529,acc,-12.358,-3.878,-1.102,
87331567776529,Gyro,-1.302,-0.835,-3.055,
87331567776529,Lacc,-14.650,5.660,-1.013,
87331567776529,GameRo,-0.275,-0.655,0.568,0.416
87331579371133,pre,995.164,,,
87331587647338,acc,-13.216,-3.427,-1.099,
87331587647338,Gyro,-1.157,-0.712,-2.964,
87331587647338,Lacc,-16.061,5.954,-0.734,
87331587647338,GameRo,-0.256,-0.673,0.549,0.424
87331604433186,pre,995.142,,,
87331607517985,acc,-14.312,-3.334,-1.155,
87331607517985,Gyro,-0.705,-0.367,-2.813,
87331607517985,Lacc,-17.673,5.866,-0.592,
87331607517985,GameRo,-0.238,-0.687,0.532,0.433
87331627388101,acc,-15.382,-2.694,-1.348,
87331627388101,Gyro,-0.023,0.202,-2.567,
87331627388101,Lacc,-19.215,6.315,-0.738,
87331627388101,GameRo,-0.221,-0.695,0.519,0.446
87331629504638,pre,995.100,,,
87331647258056,acc,-15.555,-1.174,-1.314,
87331647258056,Gyro,0.586,0.746,-2.158,
87331647258056,Lacc,-19.795,7.659,-0.827,
87331647258056,GameRo,-0.206,-0.695,0.511,0.463
87331654539428,pre,995.100,,,
87331667128295,acc,-15.717,-0.059,-1.098,
87331667128295,Gyro,0.855,1.071,-1.679,
87331667128295,Lacc,-20.276,8.624,-0.845,
87331667128295,GameRo,-0.195,-0.689,0.506,0.480
87331679595703,pre,995.130,,,
87331686999308,acc,-16.933,0.065,-0.482,
87331686999308,Gyro,0.813,0.889,-1.085,
87331686999308,Lacc,-21.710,8.633,-0.471,
87331686999308,GameRo,-0.187,-0.682,0.504,0.495
87331704647908,pre,995.133,,,
87331706868773,acc,-18.553,-0.894,-0.024,
87331706868773,Gyro,0.717,0.179,-0.187,
87331706868773,Lacc,-23.410,7.628,-0.182,
87331706868773,GameRo,-0.182,-0.677,0.506,0.502
87331726739054,acc,-18.063,-2.105,-0.564,
87331726739054,Gyro,0.776,-0.589,0.918,
87331726739054,Lacc,-22.816,6.474,-0.806,
87331726739054,GameRo,-0.181,-0.675,0.515,0.497
87331729679930,pre,995.133,,,
87331746610228,acc,-15.422,-3.024,-1.697,
87331746610228,Gyro,0.931,-0.844,1.791,
87331746610228,Lacc,-19.899,5.699,-2.010,
87331746610228,GameRo,-0.183,-0.671,0.530,0.484
87331754755533,pre,995.161,,,
87331766479247,acc,-13.083,-3.511,-2.753,
87331766479247,Gyro,1.099,-0.448,2.321,
87331766479247,Lacc,-17.170,5.396,-3.189,
87331766479247,GameRo,-0.189,-0.665,0.549,0.469
87331779810465,pre,995.155,,,
87331786349445,acc,-12.437,-5.145,-3.431,
87331786349445,Gyro,1.165,0.510,2.597,
87331786349445,Lacc,-16.056,3.949,-4.083,
87331786349445,GameRo,-0.201,-0.653,0.569,0.458
87331804864542,pre,995.133,,,
87331806195922,acc,-13.220,-7.142,-2.859,
87331806195922,Gyro,1.201,1.513,2.770,
87331806195922,Lacc,-16.314,2.120,-3.805,
87331806195922,GameRo,-0.221,-0.635,0.586,0.452
87331826090372,acc,-13.955,-8.684,-1.579,
87331826090372,Gyro,1.333,2.287,2.903,
87331826090372,Lacc,-16.459,0.712,-2.875,
87331826090372,GameRo,-0.245,-0.611,0.602,0.451
87331829894856,pre,995.121,,,
87331845935261,acc,-14.068,-9.295,-0.495,
87331845935261,Gyro,1.552,2.847,2.999,
87331845935261,Lacc,-15.925,0.188,-2.184,
87331845935261,GameRo,-0.273,-0.583,0.618,0.452
87331854974243,pre,995.124,,,
87331865830443,acc,-13.617,-9.042,0.376,
87331865830443,Gyro,1.704,3.163,3.049,
87331865830443,Lacc,-14.773,0.471,-1.723,
87331865830443,GameRo,-0.302,-0.549,0.632,0.455
87331880029093,pre,995.121,,,
87331885700642,acc,-12.868,-8.233,0.933,
87331885700642,Gyro,1.674,3.153,3.099,
87331885700642,Lacc,-13.287,1.252,-1.539,
87331885700642,GameRo,-0.331,-0.514,0.646,0.457
87331905577147,acc,-11.897,-7.320,1.117,
87331905577147,Gyro,1.425,2.862,3.148,
87331905577147,Lacc,-11.564,2.087,-1.644,
87331905577147,GameRo,-0.359,-0.480,0.657,0.457
87331905081949,pre,995.109,,,
87331925442138,acc,-10.882,-6.465,1.095,
87331925442138,Gyro,0.966,2.359,3.176,
87331925442138,Lacc,-9.806,2.833,-1.842,
87331925442138,GameRo,-0.386,-0.449,0.668,0.451
87331930120401,pre,995.094,,,
87331945311563,acc,-10.496,-6.079,0.986,
87331945311563,Gyro,0.363,1.721,3.211,
87331945311563,Lacc,-8.713,3.094,-1.998,
87331945311563,GameRo,-0.410,-0.424,0.677,0.440
87331955188272,pre,995.081,,,
87331965181925,acc,-10.679,-6.451,0.736,
87331965181925,Gyro,-0.310,1.043,3.366,
87331965181925,Lacc,-8.218,2.588,-2.176,
87331965181925,GameRo,-0.433,-0.405,0.686,0.422
87331980221028,pre,995.075,,,
87331985051553,acc,-10.464,-7.560,0.621,
87331985051553,Gyro,-0.948,0.347,3.552,
87331985051553,Lacc,-7.342,1.326,-2.121,
87331985051553,GameRo,-0.454,-0.393,0.694,0.397
87332004921996,acc,-9.636,-8.626,0.625,
87332004921996,Gyro,-1.370,-0.191,3.620,
87332004921996,Lacc,-5.879,0.078,-1.897,
87332004921996,GameRo,-0.472,-0.385,0.704,0.365
87332005278157,pre,995.075,,,
87332024793171,acc,-8.547,-9.443,0.677,
87332024793171,Gyro,-1.559,-0.505,3.522,
87332024793171,Lacc,-4.197,-0.954,-1.616,
87332024793171,GameRo,-0.488,-0.381,0.712,0.331
87332030326131,pre,995.072,,,
87332044639526,acc,-7.295,-9.600,0.927,
87332044639526,Gyro,-1.519,-0.620,3.324,
87332044639526,Lacc,-2.407,-1.355,-1.160,
87332044639526,GameRo,-0.502,-0.377,0.720,0.297
87332055393636,pre,995.066,,,
87332064532713,acc,-5.947,-9.337,1.280,
87332064532713,Gyro,-1.224,-0.575,3.111,
87332064532713,Lacc,-0.569,-1.363,-0.650,
87332064532713,GameRo,-0.513,-0.372,0.727,0.265
87332080455036,pre,995.075,,,
87332084402831,acc,-4.649,-9.382,1.343,
87332084402831,Gyro,-0.732,-0.353,2.783,
87332084402831,Lacc,1.157,-1.691,-0.493,
87332084402831,GameRo,-0.522,-0.365,0.733,0.238
87332104272907,acc,-3.995,-9.780,1.000,
87332104272907,Gyro,-0.251,-0.009,2.331,
87332104272907,Lacc,2.172,-2.364,-0.792,
87332104272907,GameRo,-0.531,-0.356,0.738,0.218
87332105493814,pre,995.084,,,
87332124144368,acc,-4.029,-10.601,0.710,
87332124144368,Gyro,0.015,0.223,1.809,
87332124144368,Lacc,2.428,-3.429,-1.055,
87332124144368,GameRo,-0.539,-0.345,0.741,0.204
87332130543537,pre,995.084,,,
87332144013752,acc,-3.952,-10.975,0.468,
87332144013752,Gyro,0.023,0.259,1.355,
87332144013752,Lacc,2.719,-3.996,-1.268,
87332144013752,GameRo,-0.546,-0.336,0.742,0.194
87332155619750,pre,995.075,,,
87332163873453,acc,-3.392,-11.177,0.334,
87332163873453,Gyro,-0.197,0.128,0.940,
87332163873453,Lacc,3.430,-4.333,-1.362,
87332163873453,GameRo,-0.551,-0.331,0.743,0.187
87332180674641,pre,995.078,,,
87332183753701,acc,-3.036,-11.620,0.349,
87332183753701,Gyro,-0.504,-0.069,0.401,
87332183753701,Lacc,3.862,-4.840,-1.293,
87332183753701,GameRo,-0.554,-0.331,0.742,0.180
87332203624104,acc,-4.119,-12.685,0.385,
87332203624104,Gyro,-0.820,-0.300,-0.191,
87332203624104,Lacc,2.766,-5.875,-1.188,
87332203624104,GameRo,-0.554,-0.337,0.741,0.176
87332205729166,pre,995.106,,,
87332223495726,acc,-4.680,-13.259,0.369,
87332223495726,Gyro,-1.229,-0.667,-0.629,
87332223495726,Lacc,2.114,-6.344,-1.128,
87332223495726,GameRo,-0.550,-0.349,0.739,0.172
87332230773559,pre,995.127,,,
87332243339354,acc,-3.930,-13.398,0.464,
87332243339354,Gyro,-1.602,-0.960,-1.186,
87332243339354,Lacc,2.701,-6.306,-0.942,
87332243339354,GameRo,-0.542,-0.367,0.737,0.168
87332255832803,pre,995.118,,,
87332263226073,acc,-3.396,-12.318,0.654,
87332263226073,Gyro,-1.497,-0.841,-2.123,
87332263226073,Lacc,2.949,-4.950,-0.643,
87332263226073,GameRo,-0.531,-0.390,0.733,0.169
87332280884764,pre,995.106,,,
87332283104857,acc,-5.091,-10.177,1.091,
87332283104857,Gyro,-0.696,-0.372,-3.082,
87332283104857,Lacc,0.814,-2.436,-0.115,
87332283104857,GameRo,-0.518,-0.413,0.727,0.182
87332302975422,acc,-8.617,-8.868,0.441,
87332302975422,Gyro,0.480,0.081,-3.543,
87332302975422,Lacc,-3.263,-0.740,-0.787,
87332302975422,GameRo,-0.502,-0.430,0.721,0.207
87332305938760,pre,995.121,,,
87332322846516,acc,-12.131,-8.607,-1.463,
87332322846516,Gyro,1.284,0.451,-3.380,
87332322846516,Lacc,-7.344,-0.156,-2.841,
87332322846516,GameRo,-0.487,-0.439,0.716,0.239
87332330989867,pre,995.155,,,
87332342690347,acc,-13.689,-8.732,-2.952,
87332342690347,Gyro,1.281,0.587,-2.813,
87332342690347,Lacc,-9.393,-0.052,-4.514,
87332342690347,GameRo,-0.475,-0.441,0.712,0.270
87332356044514,pre,995.158,,,
87332362584878,acc,-12.843,-9.192,-2.878,
87332362584878,Gyro,0.625,0.402,-2.356,
87332362584878,Lacc,-8.949,-0.344,-4.550,
87332362584878,GameRo,-0.465,-0.445,0.707,0.293
87332381099853,pre,995.136,,,
87332382432535,acc,-10.983,-9.497,-1.750,
87332382432535,Gyro,-0.242,-0.032,-2.382,
87332382432535,Lacc,-7.487,-0.483,-3.414,
87332382432535,GameRo,-0.456,-0.455,0.699,0.310
87332402326456,acc,-9.603,-9.057,-0.159,
87332402326456,Gyro,-0.975,-0.604,-2.714,
87332402326456,Lacc,-6.582,0.147,-1.704,
87332402326456,GameRo,-0.444,-0.473,0.689,0.322
87332406153523,pre,995.133,,,
87332422197306,acc,-9.087,-8.113,1.105,
87332422197306,Gyro,-1.311,-1.180,-3.136,
87332422197306,Lacc,-6.645,1.290,-0.257,
87332422197306,GameRo,-0.427,-0.498,0.678,0.331
87332431187865,pre,995.142,,,
87332442043374,acc,-9.526,-7.028,1.382,
87332442043374,Gyro,-1.183,-1.597,-3.455,
87332442043374,Lacc,-7.752,2.547,0.201,
87332442043374,GameRo,-0.404,-0.526,0.667,0.340
87332456260659,pre,995.115,,,
87332461937377,acc,-10.411,-6.237,0.448,
87332461937377,Gyro,-0.828,-1.716,-3.515,
87332461937377,Lacc,-9.344,3.458,-0.599,
87332461937377,GameRo,-0.377,-0.552,0.656,0.350
87332481811359,acc,-10.987,-6.037,-1.017,
87332481811359,Gyro,-0.533,-1.527,-3.380,
87332481811359,Lacc,-10.606,3.719,-1.968,
87332481811359,GameRo,-0.350,-0.574,0.647,0.361
87332481314167,pre,995.078,,,
87332501677693,acc,-11.139,-6.001,-2.019,
87332501677693,Gyro,-0.328,-1.069,-3.224,
87332501677693,Lacc,-11.403,3.766,-2.894,
87332501677693,GameRo,-0.325,-0.592,0.637,0.373
87332506366454,pre,995.081,,,
87332521547850,acc,-11.189,-5.833,-2.254,
87332521547850,Gyro,-0.135,-0.582,-3.130,
87332521547850,Lacc,-12.065,3.903,-3.080,
87332521547850,GameRo,-0.302,-0.605,0.626,0.387
87332531419066,pre,995.109,,,
87332541418578,acc,-11.557,-5.689,-2.228,
87332541418578,Gyro,0.013,-0.227,-3.061,
87332541418578,Lacc,-13.020,3.977,-3.042,
87332541418578,GameRo,-0.282,-0.615,0.615,0.403
87332556446247,pre,995.118,,,
87332561288044,acc,-11.792,-5.526,-2.038,
87332561288044,Gyro,-0.040,-0.229,-2.983,
87332561288044,Lacc,-13.820,4.038,-2.846,
87332561288044,GameRo,-0.263,-0.624,0.604,0.420
87332581158975,acc,-11.632,-5.255,-2.120,
87332581158975,Gyro,-0.347,-0.516,-3.018,
87332581158975,Lacc,-14.216,4.179,-2.866,
87332581158975,GameRo,-0.243,-0.635,0.591,0.434
87332581503702,pre,995.103,,,
87332601028767,acc,-11.957,-4.777,-2.301,
87332601028767,Gyro,-0.747,-0.825,-3.129,
87332601028767,Lacc,-15.115,4.493,-2.884,
87332601028767,GameRo,-0.222,-0.649,0.576,0.445
87332606553140,pre,995.106,,,
87332620900146,acc,-13.075,-4.534,-2.439,
87332620900146,Gyro,-0.995,-0.962,-3.150,
87332620900146,Lacc,-16.806,4.533,-2.780,
87332620900146,GameRo,-0.201,-0.665,0.558,0.454
87332631629719,pre,995.124,,,
87332640768675,acc,-14.233,-4.209,-2.530,
87332640768675,Gyro,-0.930,-0.819,-3.022,
87332640768675,Lacc,-18.506,4.621,-2.617,
87332640768675,GameRo,-0.180,-0.681,0.539,0.463
87332656658731,pre,995.142,,,
87332660639607,acc,-15.158,-3.340,-2.755,
87332660639607,Gyro,-0.542,-0.281,-2.764,
87332660639607,Lacc,-19.914,5.239,-2.672,
87332660639607,GameRo,-0.161,-0.692,0.522,0.472
87332680509398,acc,-16.027,-2.043,-2.550,
87332680509398,Gyro,-0.007,0.530,-2.410,
87332680509398,Lacc,-21.200,6.292,-2.460,
87332680509398,GameRo,-0.146,-0.695,0.509,0.486
87332681712686,pre,995.130,,,
87332700379760,acc,-16.880,-0.219,-1.814,
87332700379760,Gyro,0.457,1.197,-1.903,
87332700379760,Lacc,-22.385,7.900,-1.889,
87332700379760,GameRo,-0.136,-0.691,0.500,0.504
87332706790730,pre,995.115,,,
87332720249592,acc,-18.903,0.208,-1.290,
87332720249592,Gyro,0.689,1.506,-1.118,
87332720249592,Lacc,-24.620,8.172,-1.634,
87332720249592,GameRo,-0.130,-0.682,0.495,0.522
87332731816527,pre,995.133,,,
87332740119831,acc,-20.897,-0.935,-0.394,
87332740119831,Gyro,0.726,1.236,0.172,
87332740119831,Lacc,-26.640,6.994,-1.016,
87332740119831,GameRo,-0.131,-0.672,0.497,0.533
87332756894083,pre,995.167,,,
87332759965249,acc,-19.576,-2.158,-0.204,
87332759965249,Gyro,0.635,0.497,1.679,
87332759965249,Lacc,-25.104,5.906,-1.019,
87332759965249,GameRo,-0.140,-0.662,0.508,0.533
87332779876708,acc,-15.228,-2.712,-0.981,
87332779876708,Gyro,0.420,-0.060,2.761,
87332779876708,Lacc,-20.332,5.616,-1.883,
87332779876708,GameRo,-0.154,-0.656,0.525,0.520
87332781947345,pre,995.152,,,
87332799730467,acc,-12.292,-4.048,-1.461,
87332799730467,Gyro,0.176,-0.167,3.191,
87332799730467,Lacc,-16.857,4.586,-2.381,
87332799730467,GameRo,-0.173,-0.651,0.543,0.502
87332807001178,pre,995.115,,,
87332819600951,acc,-12.281,-6.549,-1.610,
87332819600951,Gyro,0.102,0.118,3.251,
87332819600951,Lacc,-16.266,2.366,-2.541,
87332819600951,GameRo,-0.194,-0.644,0.560,0.484
87332832052285,pre,995.100,,,
87332839471434,acc,-13.309,-8.755,-1.443,
87332839471434,Gyro,0.245,0.641,3.288,
87332839471434,Lacc,-16.686,0.402,-2.435,
87332839471434,GameRo,-0.217,-0.634,0.576,0.468
87332859316527,acc,-13.922,-10.065,-1.012,
87332859316527,Gyro,0.601,1.290,3.420,
87332857078653,pre,995.075,,,
87332859316527,Lacc,-16.644,-0.710,-2.152,
87332859316527,GameRo,-0.242,-0.619,0.592,0.456
87332879211587,acc,-13.551,-10.714,-0.365,
87332879211587,Gyro,1.125,2.013,3.520,
87332879211587,Lacc,-15.559,-1.214,-1.764,
87332879211587,GameRo,-0.270,-0.597,0.609,0.447
87332882130614,pre,995.023,,,
87332899081867,acc,-12.593,-10.486,0.250,
87332899081867,Gyro,1.586,2.667,3.510,
87332899081867,Lacc,-13.841,-0.915,-1.507,
87332899081867,GameRo,-0.299,-0.566,0.627,0.444
87332907204182,pre,995.005,,,
87332918952391,acc,-11.674,-9.702,0.764,
87332918952391,Gyro,1.796,2.997,3.396,
87332918952391,Lacc,-12.143,-0.140,-1.380,
87332918952391,GameRo,-0.329,-0.531,0.643,0.443
87332932259399,pre,995.060,,,
87332938822875,acc,-11.052,-8.852,0.997,
87332938822875,Gyro,1.709,2.981,3.258,
87332938822875,Lacc,-10.745,0.633,-1.487,
87332938822875,GameRo,-0.358,-0.495,0.656,0.443
87332957314451,pre,995.091,,,
87332958666950,acc,-10.579,-8.090,0.840,
87332958666950,Gyro,1.367,2.634,3.120,
87332958666950,Lacc,-9.525,1.274,-1.887,
87332958666950,GameRo,-0.385,-0.461,0.667,0.441
87332978563801,acc,-10.708,-7.199,0.241,
87332978563801,Gyro,0.838,2.201,3.083,
87332978563801,Lacc,-8.949,2.022,-2.609,
87332978563801,GameRo,-0.410,-0.432,0.676,0.434
87332982384479,pre,995.063,,,
87332998432900,acc,-11.333,-6.575,-0.467,
87332998432900,Gyro,0.178,1.790,3.330,
87332998432900,Lacc,-8.874,2.488,-3.305,
87332998432900,GameRo,-0.435,-0.408,0.683,0.422
87333007418130,pre,995.054,,,
87333018302937,acc,-11.262,-6.823,-0.906,
87333018302937,Gyro,-0.511,1.477,3.776,
87333018302937,Lacc,-8.063,2.051,-3.600,
87333018302937,GameRo,-0.461,-0.387,0.690,0.401
87333032466877,pre,995.069,,,
87333038173826,acc,-10.423,-7.621,-0.469,
87333038173826,Gyro,-1.012,1.354,4.151,
87333038173826,Lacc,-6.440,1.007,-2.904,
87333038173826,GameRo,-0.490,-0.369,0.696,0.374
87333058043659,acc,-9.517,-8.655,0.548,
87333058043659,Gyro,-1.201,1.311,4.312,
87333058043659,Lacc,-4.746,-0.349,-1.570,
87333058043659,GameRo,-0.519,-0.351,0.700,0.343
87333057522989,pre,995.054,,,
87333077914753,acc,-8.129,-9.509,1.615,
87333077914753,Gyro,-1.155,1.156,4.196,
87333077914753,Lacc,-2.619,-1.594,-0.182,
87333077914753,GameRo,-0.546,-0.333,0.704,0.310
87333082576496,pre,995.042,,,
87333097784789,acc,-6.186,-9.358,2.418,
87333097784789,Gyro,-0.871,0.974,3.801,
87333097784789,Lacc,-0.036,-1.869,0.891,
87333097784789,GameRo,-0.569,-0.315,0.707,0.280
87333107628253,pre,995.078,,,
87333117659137,acc,-4.869,-9.055,2.679,
87333117659137,Gyro,-0.419,0.870,3.215,
87333117659137,Lacc,1.791,-1.978,1.342,
87333117659137,GameRo,-0.586,-0.297,0.709,0.256
87333132656004,pre,995.118,,,
87333137525593,acc,-4.709,-9.589,2.008,
87333137525593,Gyro,-0.038,0.852,2.568,
87333137525593,Lacc,2.348,-2.882,0.803,
87333137525593,GameRo,-0.600,-0.279,0.710,0.239
87333157394448,acc,-5.254,-10.469,1.417,
87333157394448,Gyro,0.193,0.847,1.896,
87333157394448,Lacc,2.094,-4.064,0.315,
87333157394448,GameRo,-0.612,-0.264,0.710,0.227
87333157712319,pre,995.097,,,
87333177240274,acc,-5.310,-10.564,1.110,
87333177240274,Gyro,0.309,0.807,1.215,
87333177240274,Lacc,2.230,-4.371,0.094,
87333177240274,GameRo,-0.620,-0.251,0.709,0.221
87333182759927,pre,995.060,,,
87333197135130,acc,-5.377,-9.895,0.911,
87333197135130,Gyro,0.247,0.696,0.624,
87333197135130,Lacc,2.269,-3.822,-0.029,
87333197135130,GameRo,-0.627,-0.243,0.707,0.220
87333207837116,pre,995.066,,,
87333217006143,acc,-6.358,-9.844,0.805,
87333217006143,Gyro,-0.017,0.413,0.234,
87333217006143,Lacc,1.334,-3.818,-0.066,
87333217006143,GameRo,-0.631,-0.239,0.704,0.220
87333232887816,pre,995.087,,,
87333236877440,acc,-7.688,-10.909,0.752,
87333236877440,Gyro,-0.392,0.017,-0.037,
87333236877440,Lacc,0.007,-4.880,-0.063,
87333236877440,GameRo,-0.633,-0.241,0.703,0.218
87333256739785,acc,-7.654,-11.614,0.919,
87333256739785,Gyro,-0.878,-0.478,-0.241,
87333256739785,Lacc,0.013,-5.544,0.141,
87333256739785,GameRo,-0.632,-0.248,0.703,0.214
87333257922403,pre,995.109,,,
87333276616738,acc,-6.277,-11.350,1.412,
87333276616738,Gyro,-1.230,-0.907,-0.631,
87333276616738,Lacc,1.317,-5.187,0.655,
87333276616738,GameRo,-0.627,-0.261,0.704,0.209
87333283001748,pre,995.127,,,
87333296460855,acc,-5.340,-9.691,2.108,
87333296460855,Gyro,-0.962,-1.094,-1.260,
87333296460855,Lacc,2.106,-3.351,1.332,
87333296460855,GameRo,-0.619,-0.277,0.705,0.206
87333308053872,pre,995.130,,,
87333316356443,acc,-6.308,-7.964,2.163,
87333316356443,Gyro,0.162,-1.016,-1.869,
87333316356443,Lacc,0.878,-1.350,1.245,
87333316356443,GameRo,-0.606,-0.292,0.708,0.215
87333333080402,pre,995.118,,,
87333336227294,acc,-8.976,-7.841,-0.033,
87333336227294,Gyro,1.545,-0.648,-2.146,
87333336227294,Lacc,-2.091,-0.954,-1.218,
87333336227294,GameRo,-0.592,-0.299,0.711,0.234
87333356096759,acc,-11.472,-8.256,-2.859,
87333356096759,Gyro,2.216,-0.181,-1.937,
87333356096759,Lacc,-4.880,-1.152,-4.382,
87333356096759,GameRo,-0.578,-0.296,0.714,0.260
87333358160114,pre,995.112,,,
87333375967935,acc,-11.742,-8.388,-4.183,
87333375967935,Gyro,1.901,0.022,-1.495,
87333375967935,Lacc,-5.379,-1.147,-6.002,
87333375967935,GameRo,-0.568,-0.290,0.716,0.284
87333383211099,pre,995.121,,,
87333395836953,acc,-9.847,-8.398,-3.673,
87333395836953,Gyro,0.877,-0.216,-1.342,
87333395836953,Lacc,-3.674,-1.042,-5.679,
87333395836953,GameRo,-0.561,-0.289,0.716,0.300
87333408266926,pre,995.118,,,
87333415708576,acc,-8.026,-8.244,-2.054,
87333415708576,Gyro,-0.253,-0.734,-1.630,
87333415708576,Lacc,-2.095,-0.711,-4.128,
87333415708576,GameRo,-0.552,-0.299,0.714,0.309
87333433318399,pre,995.106,,,
87333435578204,acc,-7.091,-7.896,-0.399,
87333435578204,Gyro,-0.936,-1.332,-2.094,
87333435578204,Lacc,-1.495,-0.108,-2.468,
87333435578204,GameRo,-0.541,-0.319,0.712,0.314
87333455448526,acc,-6.927,-7.207,0.410,
87333455448526,Gyro,-0.987,-1.757,-2.629,
87333455448526,Lacc,-1.492,0.757,-1.399,
87333455448526,GameRo,-0.538,-0.344,0.708,0.302
87333458374062,pre,995.121,,,
87333475318805,acc,-7.583,-6.382,0.152,
87333475318805,Gyro,-0.624,-1.908,-3.098,
87333475318805,Lacc,-2.048,1.576,-1.354,
87333475318805,GameRo,-0.540,-0.364,0.708,0.275
87333483427000,pre,995.158,,,
87333495189207,acc,-8.952,-5.966,-0.912,
87333495189207,Gyro,-0.318,-1.862,-3.414,
87333495189207,Lacc,-4.013,2.349,-2.552,
87333495189207,GameRo,-0.515,-0.389,0.707,0.289
87333508483315,pre,995.151,,,
87333515050739,acc,-10.689,-5.661,-1.802,
87333515050739,Gyro,-0.261,-1.732,-3.543,
87333515050739,Lacc,-6.401,2.985,-3.561,
87333515050739,GameRo,-0.489,-0.414,0.705,0.305
87333533509601,pre,995.115,,,
87333534903848,acc,-12.271,-5.387,-1.970,
87333534903848,Gyro,-0.322,-1.622,-3.458,
87333534903848,Lacc,-8.647,3.543,-3.804,
87333534903848,GameRo,-0.464,-0.437,0.700,0.321
87333554799436,acc,-12.965,-5.117,-1.966,
87333554799436,Gyro,-0.381,-1.639,-3.289,
87333554799436,Lacc,-9.996,4.044,-3.838,
87333554799436,GameRo,-0.439,-0.460,0.695,0.335
87333558588621,pre,995.130,,,
87333574643634,acc,-12.949,-4.545,-2.158,
87333574643634,Gyro,-0.373,-1.649,-3.115,
87333574643634,Lacc,-10.615,4.795,-4.043,
87333574643634,GameRo,-0.415,-0.482,0.690,0.347
87333583640217,pre,995.176,,,
87333594539345,acc,-12.659,-4.115,-2.529,
87333594539345,Gyro,-0.324,-1.635,-2.979,
87333594539345,Lacc,-10.941,5.357,-4.414,
87333594539345,GameRo,-0.390,-0.502,0.684,0.358
87333608693358,pre,995.170,,,
87333614384561,acc,-12.559,-3.962,-3.059,
87333614384561,Gyro,-0.288,-1.567,-2.906,
87333614384561,Lacc,-11.443,5.603,-4.930,
87333614384561,GameRo,-0.366,-0.520,0.678,0.368
87333634279539,acc,-12.519,-3.638,-3.371,
87333634279539,Gyro,-0.291,-1.504,-2.894,
87333634279539,Lacc,-12.001,5.985,-5.209,
87333634279539,GameRo,-0.342,-0.538,0.672,0.378
87333633746092,pre,995.109,,,
87333654150226,acc,-12.866,-3.133,-3.710,
87333654150226,Gyro,-0.306,-1.483,-2.926,
87333654150226,Lacc,-12.950,6.513,-5.493,
87333654150226,GameRo,-0.318,-0.555,0.664,0.388
87333658799843,pre,995.081,,,
87333674020261,acc,-13.967,-2.833,-4.432,
87333674020261,Gyro,-0.233,-1.217,-2.903,
87333674020261,Lacc,-14.648,6.802,-6.149,
87333674020261,GameRo,-0.294,-0.571,0.655,0.398
87333683852252,pre,995.097,,,
87333693865640,acc,-15.266,-2.431,-4.578,
87333693865640,Gyro,0.010,-0.692,-2.792,
87333693865640,Lacc,-16.510,7.153,-6.259,
87333693865640,GameRo,-0.272,-0.583,0.646,0.410
87333708881753,pre,995.118,,,
87333713735553,acc,-15.818,-1.171,-4.514,
87333713735553,Gyro,0.240,-0.115,-2.609,
87333713735553,Lacc,-17.568,8.329,-6.222,
87333713735553,GameRo,-0.255,-0.590,0.637,0.426
87333733631020,acc,-16.064,0.473,-3.930,
87333733631020,Gyro,0.121,0.266,-2.356,
87333733631020,Lacc,-18.258,9.872,-5.686,
87333733631020,GameRo,-0.241,-0.594,0.627,0.443
87333733956419,pre,995.103,,,
87333753501096,acc,-18.141,0.460,-3.024,
87333753501096,Gyro,-0.188,0.375,-1.928,
87333753501096,Lacc,-20.703,9.765,-4.780,
87333753501096,GameRo,-0.231,-0.597,0.617,0.457
87333758985431,pre,995.075,,,
87333773371295,acc,-20.746,-0.221,-1.514,
87333773371295,Gyro,-0.299,0.002,-0.958,
87333773371295,Lacc,-23.540,9.026,-3.222,
87333773371295,GameRo,-0.226,-0.601,0.608,0.466
87333784062621,pre,995.090,,,
87333793242348,acc,-19.936,-0.500,-0.851,
87333793242348,Gyro,-0.070,-0.696,0.496,
87333793242348,Lacc,-22.734,8.757,-2.498,
87333793242348,GameRo,-0.225,-0.605,0.609,0.462
87333809114418,pre,995.133,,,
87333813112059,acc,-15.633,-0.527,-2.134,
87333813112059,Gyro,0.252,-0.931,1.782,
87333813112059,Lacc,-18.181,8.806,-3.758,
87333813112059,GameRo,-0.227,-0.605,0.619,0.447
87333832982460,acc,-12.662,-2.019,-3.468,
87333832982460,Gyro,0.390,-0.326,2.439,
87333832982460,Lacc,-14.786,7.412,-5.131,
87333832982460,GameRo,-0.236,-0.600,0.633,0.429
87333834154213,pre,995.142,,,
87333852852497,acc,-12.763,-5.073,-3.471,
87333852852497,Gyro,0.395,0.660,2.685,
87333852852497,Lacc,-14.365,4.446,-5.219,
87333852852497,GameRo,-0.252,-0.589,0.646,0.415
87333859216347,pre,995.112,,,
87333872722288,acc,-14.110,-7.739,-2.371,
87333872722288,Gyro,0.431,1.555,2.786,
87333872722288,Lacc,-15.131,1.840,-4.228,
87333872722288,GameRo,-0.275,-0.574,0.656,0.405
87333884270302,pre,995.112,,,
87333892593830,acc,-15.016,-9.306,-0.941,
87333892593830,Gyro,0.581,2.149,2.881,
87333892593830,Lacc,-15.406,0.294,-2.923,
87333892593830,GameRo,-0.303,-0.554,0.665,0.399
87333909305622,pre,995.148,,,
87333912463295,acc,-14.870,-9.779,0.267,
87333912463295,Gyro,0.800,2.441,2.976,
87333912463295,Lacc,-14.591,-0.205,-1.856,
87333912463295,GameRo,-0.332,-0.531,0.673,0.394
87333932333413,acc,-13.778,-9.159,0.961,
87333932333413,Gyro,0.967,2.492,3.045,
87333932333413,Lacc,-12.807,0.336,-1.307,
87333932333413,GameRo,-0.361,-0.504,0.681,0.390
87333934379515,pre,995.142,,,
87333952203367,acc,-12.422,-8.055,1.139,
87333952203367,Gyro,1.003,2.360,3.107,
87333952203367,Lacc,-10.751,1.310,-1.255,
87333952203367,GameRo,-0.389,-0.476,0.689,0.384
87333959430337,pre,995.094,,,
87333972073159,acc,-11.203,-7.279,0.985,
87333972073159,Gyro,0.834,2.095,3.128,
87333972073159,Lacc,-8.840,1.915,-1.490,
87333972073159,GameRo,-0.415,-0.449,0.696,0.376
87333984483559,pre,995.084,,,
87333991944334,acc,-10.375,-6.797,0.703,
87333991944334,Gyro,0.478,1.722,3.096,
87333991944334,Lacc,-7.352,2.198,-1.783,
87333991944334,GameRo,-0.439,-0.425,0.703,0.364
87334011788572,acc,-10.162,-6.583,0.451,
87334011788572,Gyro,0.018,1.325,3.078,
87334011788572,Lacc,-6.519,2.198,-1.967,
87334011788572,GameRo,-0.462,-0.404,0.708,0.349
87334009510943,pre,995.100,,,
87334031684854,acc,-10.173,-6.841,0.418,
87334031684854,Gyro,-0.451,0.944,3.148,
87334031684854,Lacc,-5.938,1.708,-1.863,
87334031684854,GameRo,-0.483,-0.388,0.712,0.330
87334034589028,pre,995.100,,,
87334051554523,acc,-9.903,-7.318,0.620,
87334051554523,Gyro,-0.822,0.624,3.263,
87334051554523,Lacc,-5.092,0.972,-1.474,
87334051554523,GameRo,-0.502,-0.375,0.716,0.306
87334059643838,pre,995.088,,,
87334071424803,acc,-9.219,-8.062,1.066,
87334071424803,Gyro,-1.010,0.387,3.322,
87334071424803,Lacc,-3.852,-0.071,-0.822,
87334071424803,GameRo,-0.521,-0.364,0.720,0.279
87334084695758,pre,995.088,,,
87334091295815,acc,-7.920,-8.529,1.430,
87334091295815,Gyro,-1.005,0.224,3.254,
87334091295815,Lacc,-2.029,-0.871,-0.268,
87334091295815,GameRo,-0.537,-0.354,0.724,0.250
87334109746906,pre,995.066,,,
87334111140176,acc,-6.303,-8.661,1.712,
87334111140176,Gyro,-0.856,0.154,3.014,
87334111140176,Lacc,0.056,-1.351,0.171,
87334111140176,GameRo,-0.551,-0.343,0.727,0.223
87334131035317,acc,-4.974,-8.486,1.714,
87334131035317,Gyro,-0.618,0.213,2.669,
87334131035317,Lacc,1.527,-1.289,0.244,
87334131035317,GameRo,-0.557,-0.339,0.727,0.216
87334134774290,pre,995.042,,,
87334150905679,acc,-4.212,-8.540,1.671,
87334150905679,Gyro,-0.371,0.334,2.290,
87334150905679,Lacc,2.280,-1.330,0.226,
87334150905679,GameRo,-0.559,-0.338,0.725,0.219
87334159861936,pre,995.069,,,
87334170775633,acc,-3.912,-8.884,1.551,
87334170775633,Gyro,-0.196,0.422,1.876,
87334170775633,Lacc,2.243,-1.389,0.073,
87334170775633,GameRo,-0.553,-0.345,0.719,0.243
87334184903399,pre,995.118,,,
87334190646076,acc,-3.991,-9.454,1.404,
87334190646076,Gyro,-0.118,0.458,1.466,
87334190646076,Lacc,2.387,-2.134,0.002,
87334190646076,GameRo,-0.561,-0.337,0.719,0.233
87334210501748,acc,-3.973,-10.095,1.412,
87334210501748,Gyro,-0.172,0.367,1.012,
87334210501748,Lacc,2.583,-2.919,0.083,
87334210501748,GameRo,-0.569,-0.330,0.719,0.226
87334209957558,pre,995.112,,,
87334230386270,acc,-3.851,-10.301,1.477,
87334230386270,Gyro,-0.313,0.175,0.472,
87334230386270,Lacc,2.801,-3.201,0.216,
87334230386270,GameRo,-0.573,-0.328,0.718,0.221
87334235010496,pre,995.084,,,
87334250231280,acc,-4.088,-10.384,1.661,
87334250231280,Gyro,-0.441,-0.047,-0.095,
87334250231280,Lacc,2.574,-3.284,0.462,
87334250231280,GameRo,-0.574,-0.330,0.717,0.218
87334260062457,pre,995.097,,,
87334270126911,acc,-5.430,-10.687,1.592,
87334270126911,Gyro,-0.471,-0.266,-0.620,
87334270126911,Lacc,1.157,-3.510,0.434,
87334270126911,GameRo,-0.572,-0.337,0.715,0.218
87334285092934,pre,995.136,,,
87334289996702,acc,-6.921,-10.889,1.118,
87334289996702,Gyro,-0.506,-0.501,-0.849,
87334289996702,Lacc,-0.463,-3.594,-0.026,
87334289996702,GameRo,-0.567,-0.346,0.714,0.220
87334309867796,acc,-6.602,-10.785,0.461,
87334309867796,Gyro,-0.683,-0.746,-1.008,
87334309867796,Lacc,-0.298,-3.355,-0.679,
87334309867796,GameRo,-0.561,-0.357,0.714,0.221
87334310190306,pre,995.152,,,
87334329737628,acc,-5.207,-9.990,0.658,
87334329737628,Gyro,-0.785,-0.906,-1.405,
87334329737628,Lacc,0.892,-2.390,-0.471,
87334329737628,GameRo,-0.552,-0.372,0.713,0.222
87334335195880,pre,995.118,,,
87334349607583,acc,-4.914,-9.016,1.032,
87334349607583,Gyro,-0.467,-0.921,-2.066,
87334349607583,Lacc,0.870,-1.176,-0.108,
87334349607583,GameRo,-0.539,-0.389,0.711,0.228
87334360262693,pre,995.094,,,
87334369478106,acc,-6.943,-8.521,0.271,
87334369478106,Gyro,0.241,-0.727,-2.654,
87334369478106,Lacc,-1.576,-0.401,-0.958,
87334369478106,GameRo,-0.524,-0.404,0.710,0.243
87334385325478,pre,995.112,,,
87334389348021,acc,-9.814,-8.082,-1.451,
87334389348021,Gyro,0.891,-0.333,-2.715,
87334389348021,Lacc,-4.916,0.302,-2.850,
87334389348021,GameRo,-0.507,-0.414,0.708,0.264
87334409218422,acc,-11.439,-8.066,-2.862,
87334409218422,Gyro,0.972,0.049,-2.331,
87334409218422,Lacc,-6.959,0.517,-4.441,
87334409218422,GameRo,-0.494,-0.419,0.706,0.287
87334410353554,pre,995.133,,,
87334429088662,acc,-11.182,-8.234,-2.768,
87334429088662,Gyro,0.424,0.157,-1.893,
87334429088662,Lacc,-7.038,0.499,-4.443,
87334429088662,GameRo,-0.485,-0.424,0.702,0.304
87334435430214,pre,995.121,,,
87334448962929,acc,-9.788,-8.548,-1.168,
87334448962929,Gyro,-0.382,-0.136,-1.751,
87334448962929,Lacc,-5.944,0.325,-2.818,
87334448962929,GameRo,-0.478,-0.433,0.696,0.316
87334460494953,pre,995.097,,,
87334468828896,acc,-8.538,-8.435,0.497,
87334468828896,Gyro,-1.057,-0.741,-1.862,
87334468828896,Lacc,-5.028,0.597,-1.032,
87334468828896,GameRo,-0.469,-0.449,0.689,0.322
87334485536090,pre,995.112,,,
87334488699135,acc,-7.455,-8.030,1.397,
87334488699135,Gyro,-1.355,-1.412,-2.144,
87334488699135,Lacc,-4.345,1.173,0.030,
87334488699135,GameRo,-0.456,-0.471,0.682,0.324
87334508569578,acc,-7.046,-7.780,1.171,
87334508569578,Gyro,-1.281,-1.843,-2.600,
87334508569578,Lacc,-4.416,1.592,-0.047,
87334508569578,GameRo,-0.437,-0.497,0.676,0.325
87334510590167,pre,995.149,,,
87334528439776,acc,-7.914,-7.529,0.107,
87334528439776,Gyro,-1.090,-1.929,-3.061,
87334528439776,Lacc,-5.877,2.004,-0.986,
87334528439776,GameRo,-0.413,-0.523,0.669,0.330
87334535640460,pre,995.146,,,
87334548285195,acc,-9.339,-7.021,-0.800,
87334548285195,Gyro,-1.016,-1.824,-3.313,
87334548285195,Lacc,-7.959,2.644,-1.762,
87334548285195,GameRo,-0.387,-0.549,0.660,0.337
87334560665525,pre,995.112,,,
87334568180295,acc,-10.556,-6.357,-1.358,
87334568180295,Gyro,-1.046,-1.632,-3.360,
87334568180295,Lacc,-9.850,3.395,-2.156,
87334568180295,GameRo,-0.361,-0.574,0.649,0.345
87334585743243,pre,995.115,,,
87334588050169,acc,-11.400,-5.746,-1.428,
87334588050169,Gyro,-1.171,-1.463,-3.279,
87334588050169,Lacc,-11.352,4.046,-2.020,
87334588050169,GameRo,-0.336,-0.598,0.637,0.354
87334607920855,acc,-11.971,-5.276,-1.275,
87334607920855,Gyro,-1.464,-1.480,-3.172,
87334607920855,Lacc,-12.553,4.512,-1.595,
87334607920855,GameRo,-0.312,-0.621,0.622,0.360
87334610795449,pre,995.139,,,
87334627769163,acc,-12.309,-4.733,-0.933,
87334627769163,Gyro,-1.826,-1.653,-3.062,
87334627769163,Lacc,-13.488,5.006,-0.891,
87334627769163,GameRo,-0.289,-0.647,0.605,0.364
87334635847614,pre,995.139,,,
87334647661130,acc,-12.531,-4.154,-0.678,
87334647661130,Gyro,-2.056,-1.817,-2.976,
87334647661130,Lacc,-14.270,5.489,-0.196,
87334647661130,GameRo,-0.267,-0.673,0.586,0.364
87334660898110,pre,995.118,,,
87334667531207,acc,-12.844,-3.383,-0.863,
87334667531207,Gyro,-2.187,-1.868,-2.866,
87334667531207,Lacc,-15.102,6.115,0.105,
87334667531207,GameRo,-0.244,-0.700,0.566,0.362
87334685949826,pre,995.112,,,
87334687401812,acc,-13.166,-2.676,-1.142,
87334687401812,Gyro,-2.256,-1.679,-2.643,
87334687401812,Lacc,-15.883,6.634,0.335,
87334687401812,GameRo,-0.223,-0.725,0.544,0.359
87334707271401,acc,-13.307,-2.211,-0.939,
87334707271401,Gyro,-2.107,-1.209,-2.358,
87334707271401,Lacc,-16.415,6.885,1.022,
87334707271401,GameRo,-0.206,-0.747,0.523,0.356
87334710974241,pre,995.127,,,
87334727142291,acc,-13.883,-2.179,-0.723,
87334727142291,Gyro,-1.662,-0.409,-2.110,
87334727142291,Lacc,-17.342,6.698,1.614,
87334727142291,GameRo,-0.192,-0.763,0.503,0.358
87334736054197,pre,995.139,,,
87334747012042,acc,-15.109,-2.062,-0.140,
87334747012042,Gyro,-1.006,0.612,-1.829,
87334747012042,Lacc,-18.912,6.620,2.391,
87334747012042,GameRo,-0.184,-0.772,0.486,0.367
87334761107704,pre,995.139,,,
87334766882322,acc,-16.078,-1.169,1.093,
87334766882322,Gyro,-0.302,1.458,-1.387,
87334766882322,Lacc,-20.201,7.368,3.613,
87334766882322,GameRo,-0.180,-0.772,0.474,0.383
87334786726845,acc,-17.143,-1.014,2.138,
87334786726845,Gyro,0.216,1.754,-0.809,
87334786160358,pre,995.130,,,
87334786726845,Lacc,-21.515,7.447,4.492,
87334786726845,GameRo,-0.180,-0.766,0.468,0.401
87334806622719,acc,-19.261,-2.324,2.802,
87334806622719,Gyro,0.472,1.358,-0.002,
87334806622719,Lacc,-23.748,6.134,4.942,
87334806622719,GameRo,-0.184,-0.758,0.468,0.415
87334811192299,pre,995.115,,,
87334826493040,acc,-20.194,-3.895,2.852,
87334826493040,Gyro,0.658,0.339,1.073,
87334826493040,Lacc,-24.580,4.655,4.828,
87334826493040,GameRo,-0.190,-0.751,0.474,0.418
87334836265623,pre,995.094,,,
87334846363116,acc,-17.854,-4.808,1.027,
87334846363116,Gyro,0.864,-0.461,2.032,
87334846363116,Lacc,-21.914,3.926,2.889,
87334846363116,GameRo,-0.199,-0.745,0.489,0.408
87334861293658,pre,995.075,,,
87334866233681,acc,-14.198,-4.329,-0.618,
87334866233681,Gyro,1.017,-0.625,2.578,
87334866233681,Lacc,-17.791,4.632,1.125,
87334866233681,GameRo,-0.210,-0.738,0.507,0.392
87334886103106,acc,-12.163,-4.448,-1.616,
87334886103106,Gyro,1.144,-0.132,2.878,
87334886103106,Lacc,-15.227,4.738,-0.047,
87334886103106,GameRo,-0.224,-0.728,0.527,0.377
87334886349769,pre,995.078,,,
87334905973468,acc,-12.697,-6.538,-1.599,
87334905973468,Gyro,1.264,0.676,3.069,
87334905973468,Lacc,-15.207,2.853,-0.276,
87334905973468,GameRo,-0.244,-0.713,0.546,0.366
87334911397743,pre,995.097,,,
87334925844236,acc,-13.911,-8.660,-0.744,
87334925844236,Gyro,1.537,1.407,3.327,
87334925844236,Lacc,-15.831,0.908,0.259,
87334925844236,GameRo,-0.268,-0.692,0.565,0.360
87334936450844,pre,995.109,,,
87334945714068,acc,-14.210,-10.294,0.039,
87334945714068,Gyro,1.947,2.019,3.558,
87334945714068,Lacc,-15.480,-0.585,0.636,
87334945714068,GameRo,-0.296,-0.665,0.585,0.357
87334961527382,pre,995.115,,,
87334965577919,acc,-13.543,-10.983,0.441,
87334965577919,Gyro,2.322,2.476,3.655,
87334965577919,Lacc,-14.114,-1.190,0.563,
87334965577919,GameRo,-0.326,-0.632,0.605,0.358
87334985454547,acc,-12.330,-10.554,0.680,
87334985454547,Gyro,2.477,2.721,3.596,
87334985454547,Lacc,-12.179,-0.752,0.310,
87334985454547,GameRo,-0.356,-0.595,0.624,0.360
87334986553872,pre,995.121,,,
87335005299354,acc,-11.081,-9.441,0.852,
87335005299354,Gyro,2.372,2.706,3.460,
87335005299354,Lacc,-10.210,0.296,0.034,
87335005299354,GameRo,-0.385,-0.557,0.641,0.362
87335011631386,pre,995.106,,,
87335025195351,acc,-10.029,-8.209,0.907,
87335025195351,Gyro,2.073,2.469,3.323,
87335025195351,Lacc,-8.454,1.402,-0.268,
87335025195351,GameRo,-0.411,-0.520,0.654,0.363
87335036682818,pre,995.091,,,
87335045066322,acc,-9.335,-7.325,0.944,
87335045066322,Gyro,1.700,2.124,3.228,
87335045066322,Lacc,-7.080,2.114,-0.491,
87335045066322,GameRo,-0.436,-0.487,0.666,0.360
87335061709673,pre,995.118,,,
87335064936318,acc,-8.827,-7.029,0.814,
87335064936318,Gyro,1.286,1.710,3.166,
87335064936318,Lacc,-5.922,2.203,-0.790,
87335064936318,GameRo,-0.458,-0.456,0.676,0.354
87335084805905,acc,-8.415,-7.133,0.654,
87335084805905,Gyro,0.881,1.285,3.119,
87335084805905,Lacc,-4.891,1.864,-1.040,
87335084805905,GameRo,-0.478,-0.430,0.684,0.343
87335086786456,pre,995.155,,,
87335104675860,acc,-7.765,-7.503,0.452,
87335104675860,Gyro,0.491,0.898,3.044,
87335104675860,Lacc,-3.660,1.239,-1.273,
87335104675860,GameRo,-0.496,-0.408,0.692,0.329
87335111838702,pre,995.173,,,
87335124545896,acc,-6.858,-7.760,0.418,
87335124545896,Gyro,0.145,0.597,2.890,
87335124545896,Lacc,-2.196,0.704,-1.270,
87335124545896,GameRo,-0.513,-0.389,0.699,0.311
87335136893390,pre,995.167,,,
87335144416176,acc,-5.903,-7.858,0.496,
87335144416176,Gyro,-0.107,0.380,2.652,
87335144416176,Lacc,-0.557,0.257,-0.842,
87335144416176,GameRo,-0.538,-0.377,0.701,0.278
87335161947874,pre,995.146,,,
87335164286496,acc,-4.947,-7.784,0.684,
87335164286496,Gyro,-0.265,0.244,2.349,
87335164286496,Lacc,0.796,0.067,-0.587,
87335164286496,GameRo,-0.550,-0.364,0.705,0.260
87335184156695,acc,-4.091,-7.505,0.882,
87335184156695,Gyro,-0.322,0.162,2.006,
87335184156695,Lacc,1.980,0.107,-0.320,
87335184156695,GameRo,-0.559,-0.355,0.708,0.245
87335187001137,pre,995.103,,,
87335204026934,acc,-3.552,-7.307,0.935,
87335204026934,Gyro,-0.280,0.164,1.638,
87335204026934,Lacc,2.782,0.097,-0.202,
87335204026934,GameRo,-0.567,-0.347,0.710,0.231
87335212053708,pre,995.088,,,
87335223897743,acc,-3.543,-7.443,0.776,
87335223897743,Gyro,-0.190,0.252,1.285,
87335223897743,Lacc,2.996,-0.210,-0.302,
87335223897743,GameRo,-0.574,-0.340,0.711,0.221
87335237109250,pre,995.106,,,
87335243763710,acc,-4.002,-7.994,0.601,
87335243763710,Gyro,-0.118,0.402,0.958,
87335243763710,Lacc,2.690,-0.893,-0.411,
87335243763710,GameRo,-0.580,-0.334,0.711,0.214
87335262162961,pre,995.115,,,
87335263614866,acc,-4.727,-8.614,0.613,
87335263614866,Gyro,-0.135,0.529,0.642,
87335263614866,Lacc,1.681,-1.240,-0.279,
87335263614866,GameRo,-0.580,-0.343,0.701,0.233
87335283489702,acc,-5.343,-8.823,1.151,
87335283489702,Gyro,-0.255,0.457,0.355,
87335283489702,Lacc,1.125,-1.491,0.353,
87335283489702,GameRo,-0.586,-0.341,0.698,0.231
87335287216957,pre,995.100,,,
87335303378293,acc,-5.263,-8.591,1.654,
87335303378293,Gyro,-0.427,0.143,0.141,
87335303378293,Lacc,1.207,-1.253,0.923,
87335303378293,GameRo,-0.588,-0.342,0.696,0.231
87335312268593,pre,995.103,,,
87335323249346,acc,-4.785,-8.713,1.755,
87335323249346,Gyro,-0.615,-0.291,-0.141,
87335323249346,Lacc,1.605,-1.305,1.038,
87335323249346,GameRo,-0.586,-0.347,0.694,0.233
87335337323321,pre,995.130,,,
87335343118731,acc,-5.318,-9.585,1.549,
87335343118731,Gyro,-0.707,-0.640,-0.562,
87335343118731,Lacc,1.002,-2.113,0.865,
87335343118731,GameRo,-0.582,-0.356,0.694,0.230
87335362967486,acc,-6.217,-10.417,1.199,
87335362967486,Gyro,-0.699,-0.916,-0.989,
87335362967486,Lacc,-0.038,-2.828,0.516,
87335362967486,GameRo,-0.575,-0.367,0.694,0.229
87335362376666,pre,995.155,,,
87335382858966,acc,-6.630,-10.283,0.635,
87335382858966,Gyro,-0.695,-1.127,-1.354,
87335382858966,Lacc,-0.658,-2.532,-0.073,
87335382858966,GameRo,-0.564,-0.382,0.695,0.230
87335387430865,pre,995.158,,,
87335402729326,acc,-6.613,-9.498,-0.016,
87335402729326,Gyro,-0.786,-1.247,-1.640,
87335402729326,Lacc,-0.902,-1.556,-0.750,
87335402729326,GameRo,-0.551,-0.398,0.695,0.232
87335412485634,pre,995.127,,,
87335422600461,acc,-7.266,-9.220,-0.560,
87335422600461,Gyro,-0.886,-1.233,-1.969,
87335422600461,Lacc,-1.870,-1.060,-1.294,
87335422600461,GameRo,-0.537,-0.417,0.694,0.235
87335437521929,pre,995.097,,,
87335442469846,acc,-8.925,-9.488,-0.910,
87335442469846,Gyro,-0.884,-1.084,-2.255,
87335442469846,Lacc,-3.903,-1.090,-1.614,
87335442469846,GameRo,-0.522,-0.438,0.691,0.240
87335462340207,acc,-10.383,-9.873,-1.064,
87335462340207,Gyro,-0.817,-0.917,-2.428,
87335462340207,Lacc,-5.778,-1.235,-1.716,
87335462340207,GameRo,-0.507,-0.458,0.687,0.248
87335462568357,pre,995.097,,,
87335482210039,acc,-11.166,-9.903,-1.019,
87335482210039,Gyro,-0.774,-0.791,-2.521,
87335482210039,Lacc,-7.004,-1.039,-1.607,
87335482210039,GameRo,-0.492,-0.478,0.681,0.257
87335487632484,pre,995.127,,,
87335502080442,acc,-11.007,-9.179,-0.607,
87335502080442,Gyro,-0.811,-0.773,-2.579,
87335502080442,Lacc,-7.308,-0.108,-1.113,
87335502080442,GameRo,-0.476,-0.497,0.674,0.267
87335512672524,pre,995.139,,,
87335521950274,acc,-10.131,-8.038,0.062,
87335521950274,Gyro,-0.925,-0.901,-2.632,
87335521950274,Lacc,-6.912,1.220,-0.341,
87335521950274,GameRo,-0.460,-0.518,0.667,0.276
87335537750405,pre,995.127,,,
87335541820757,acc,-9.227,-7.136,0.470,
87335541820757,Gyro,-1.060,-1.104,-2.676,
87335541820757,Lacc,-6.505,2.285,0.195,
87335541820757,GameRo,-0.442,-0.539,0.659,0.283
87335561690875,acc,-8.573,-6.590,0.585,
87335561690875,Gyro,-1.091,-1.227,-2.751,
87335561690875,Lacc,-6.365,2.968,0.460,
87335561690875,GameRo,-0.423,-0.561,0.650,0.289
87335562778846,pre,995.115,,,
87335581561399,acc,-8.436,-6.300,0.419,
87335581561399,Gyro,-0.899,-1.182,-2.865,
87335581561399,Lacc,-6.744,3.363,0.435,
87335581561399,GameRo,-0.402,-0.582,0.642,0.295
87335587857622,pre,995.130,,,
87335601431516,acc,-9.035,-6.584,-0.295,
87335601431516,Gyro,-0.594,-0.976,-3.008,
87335601431516,Lacc,-7.909,3.160,-0.176,
87335601431516,GameRo,-0.380,-0.601,0.633,0.305
87335612909502,pre,995.118,,,
87335621302854,acc,-9.982,-6.930,-1.148,
87335621302854,Gyro,-0.365,-0.692,-3.108,
87335621302854,Lacc,-9.446,2.864,-0.960,
87335621302854,GameRo,-0.358,-0.618,0.624,0.317
87335637962847,pre,995.121,,,
87335641172076,acc,-10.764,-7.153,-1.640,
87335641172076,Gyro,-0.222,-0.353,-3.177,
87335641172076,Lacc,-10.836,2.654,-1.404,
87335641172076,GameRo,-0.336,-0.632,0.614,0.333
87335661022092,acc,-11.086,-6.918,-1.496,
87335661022092,Gyro,-0.086,-0.082,-3.269,
87335661022092,Lacc,-11.780,2.863,-1.233,
87335661022092,GameRo,-0.316,-0.643,0.603,0.351
87335662990191,pre,995.155,,,
87335680913084,acc,-11.366,-6.333,-1.324,
87335680913084,Gyro,0.079,0.046,-3.407,
87335680913084,Lacc,-12.705,3.382,-1.066,
87335680913084,GameRo,-0.294,-0.653,0.591,0.371
87335688067543,pre,995.173,,,
87335700786171,acc,-12.204,-6.111,-1.209,
87335700786171,Gyro,0.133,0.010,-3.558,
87335700786171,Lacc,-14.209,3.489,-0.980,
87335700786171,GameRo,-0.271,-0.662,0.579,0.391
87335713118731,pre,995.149,,,
87335720652504,acc,-13.361,-5.809,-0.707,
87335720652504,Gyro,0.028,-0.303,-3.751,
87335720652504,Lacc,-16.055,3.621,-0.484,
87335720652504,GameRo,-0.246,-0.672,0.565,0.411
87335738152788,pre,995.130,,,
87335740523231,acc,-14.475,-4.518,-0.143,
87335740523231,Gyro,-0.053,-0.784,-3.936,
87335740523231,Lacc,-17.880,4.678,0.127,
87335740523231,GameRo,-0.216,-0.683,0.550,0.428
87335760393105,acc,-16.078,-2.780,-0.457,
87335760393105,Gyro,0.023,-1.068,-3.863,
87335760393105,Lacc,-20.181,6.124,-0.103,
87335760393105,GameRo,-0.184,-0.696,0.535,0.442
87335763213701,pre,995.149,,,
87335780263384,acc,-17.582,-0.744,-1.239,
87335780263384,Gyro,0.361,-0.908,-3.227,
87335780263384,Lacc,-22.281,7.858,-0.831,
87335780263384,GameRo,-0.153,-0.705,0.523,0.453
87335788273313,pre,995.142,,,
87335800142657,acc,-17.673,0.282,-2.005,
87335800142657,Gyro,0.899,-0.258,-2.282,
87335800142657,Lacc,-22.798,8.640,-1.665,
87335800142657,GameRo,-0.129,-0.708,0.517,0.464
87335813324623,pre,995.127,,,
87335820003863,acc,-17.580,0.828,-2.009,
87335820003863,Gyro,1.309,0.450,-1.294,
87335820003863,Lacc,-22.966,9.026,-1.900,
87335820003863,GameRo,-0.114,-0.702,0.518,0.475
87335838355588,pre,995.124,,,
87335839849526,acc,-17.093,1.082,-1.697,
87335839849526,Gyro,1.295,0.681,-0.145,
87335839849526,Lacc,-22.557,9.227,-1.884,
87335839849526,GameRo,-0.107,-0.692,0.525,0.484
87335859745155,acc,-16.758,-0.674,-1.699,
87335859745155,Gyro,0.876,0.541,0.993,
87335859745155,Lacc,-22.105,7.540,-2.124,
87335859745155,GameRo,-0.110,-0.683,0.535,0.485
87335863409706,pre,995.136,,,
87335879615639,acc,-16.647,-4.305,-1.768,
87335879615639,Gyro,0.275,0.254,1.877,
87335879615639,Lacc,-21.711,4.079,-2.307,
87335879615639,GameRo,-0.121,-0.677,0.546,0.479
87335888479448,pre,995.133,,,
87335899485715,acc,-15.574,-6.868,-1.387,
87335899485715,Gyro,-0.256,-0.054,2.406,
87335899485715,Lacc,-20.241,1.745,-1.908,
87335899485715,GameRo,-0.138,-0.674,0.556,0.466
87335913531206,pre,995.133,,,
87335919355385,acc,-13.155,-7.196,-0.764,
87335919355385,Gyro,-0.543,-0.196,2.558,
87335919355385,Lacc,-17.372,1.651,-1.181,
87335919355385,GameRo,-0.156,-0.674,0.565,0.450
87335939199419,acc,-11.452,-6.148,-0.225,
87335939199419,Gyro,-0.521,0.006,2.573,
87335939199419,Lacc,-15.207,2.910,-0.528,
87335939199419,GameRo,-0.175,-0.674,0.573,0.433
87335938583696,pre,995.146,,,
87335959095009,acc,-12.173,-6.771,0.355,
87335959095009,Gyro,-0.220,0.552,2.751,
87335959095009,Lacc,-15.434,2.477,0.090,
87335959095009,GameRo,-0.197,-0.669,0.581,0.419
87335963634641,pre,995.152,,,
87335978966672,acc,-13.559,-8.726,0.764,
87335978966672,Gyro,0.180,1.071,3.140,
87335978966672,Lacc,-16.250,0.702,0.435,
87335978966672,GameRo,-0.222,-0.659,0.592,0.408
87335988668169,pre,995.118,,,
87335998835772,acc,-13.920,-10.883,1.093,
87335998835772,Gyro,0.602,1.538,3.451,
87335998835772,Lacc,-15.951,-1.298,0.608,
87335998835772,GameRo,-0.251,-0.642,0.606,0.397
87336013751991,pre,995.075,,,
87336018680702,acc,-13.352,-12.096,1.231,
87336018680702,Gyro,0.998,2.010,3.444,
87336018680702,Lacc,-14.683,-2.403,0.514,
87336018680702,GameRo,-0.280,-0.620,0.620,0.390
87336038576088,acc,-12.784,-12.070,1.420,
87336038576088,Gyro,1.285,2.483,3.201,
87336038576088,Lacc,-13.432,-2.332,0.422,
87336038576088,GameRo,-0.310,-0.594,0.633,0.387
87336038769162,pre,995.072,,,
87336058446937,acc,-12.412,-10.925,1.863,
87336058446937,Gyro,1.435,2.769,2.994,
87336058446937,Lacc,-12.404,-1.200,0.575,
87336058446937,GameRo,-0.340,-0.565,0.645,0.387
87336063821611,pre,995.109,,,
87336078316566,acc,-11.794,-9.310,2.302,
87336078316566,Gyro,1.432,2.784,2.948,
87336078316566,Lacc,-11.134,0.354,0.750,
87336078316566,GameRo,-0.369,-0.534,0.654,0.389
87336088910397,pre,995.143,,,
87336098161292,acc,-10.867,-8.038,2.589,
87336098161292,Gyro,1.289,2.549,2.988,
87336098161292,Lacc,-9.546,1.522,0.831,
87336098161292,GameRo,-0.396,-0.503,0.663,0.388
87336113953569,pre,995.143,,,
87336118033200,acc,-10.168,-7.104,2.588,
87336118033200,Gyro,1.064,2.186,3.061,
87336118033200,Lacc,-8.185,2.314,0.688,
87336118033200,GameRo,-0.422,-0.474,0.671,0.384
87336137928342,acc,-9.858,-6.965,2.339,
87336137928342,Gyro,0.759,1.762,3.189,
87336137928342,Lacc,-7.213,2.273,0.365,
87336137928342,GameRo,-0.446,-0.448,0.678,0.375
87336138978675,pre,995.109,,,
87336157797279,acc,-9.453,-7.351,2.125,
87336157797279,Gyro,0.407,1.283,3.309,
87336157797279,Lacc,-6.152,1.672,0.142,
87336157797279,GameRo,-0.468,-0.424,0.686,0.361
87336164054400,pre,995.085,,,
87336177668454,acc,-8.737,-7.770,2.054,
87336177668454,Gyro,0.097,0.807,3.361,
87336177668454,Lacc,-4.802,1.003,0.107,
87336177668454,GameRo,-0.488,-0.403,0.694,0.343
87336189081215,pre,995.094,,,
87336197537839,acc,-7.763,-7.990,2.119,
87336197537839,Gyro,-0.068,0.460,3.364,
87336197537839,Lacc,-3.228,0.500,0.225,
87336197537839,GameRo,-0.505,-0.385,0.703,0.321
87336214162147,pre,995.115,,,
87336217384640,acc,-6.644,-8.318,2.321,
87336217384640,Gyro,0.039,0.330,3.327,
87336217384640,Lacc,-1.541,-0.148,0.466,
87336217384640,GameRo,-0.520,-0.367,0.711,0.298
87336237278155,acc,-4.946,-8.739,2.540,
87336237278155,Gyro,0.373,0.365,3.117,
87336237278155,Lacc,0.678,-0.920,0.680,
87336237278155,GameRo,-0.533,-0.348,0.719,0.278
87336239213945,pre,995.112,,,
87336257149370,acc,-3.103,-8.613,2.464,
87336257149370,Gyro,0.777,0.437,2.672,
87336257149370,Lacc,2.839,-1.055,0.513,
87336257149370,GameRo,-0.540,-0.330,0.726,0.270
87336264263506,pre,995.103,,,
87336277019081,acc,-1.696,-8.501,1.765,
87336277019081,Gyro,0.964,0.457,2.064,
87336277019081,Lacc,4.595,-1.254,-0.271,
87336277019081,GameRo,-0.548,-0.310,0.732,0.260
87336289316159,pre,995.106,,,
87336296889889,acc,-1.033,-8.305,0.834,
87336296889889,Gyro,0.789,0.414,1.320,
87336296889889,Lacc,5.494,-1.291,-1.273,
87336296889889,GameRo,-0.553,-0.294,0.736,0.255
87336314369951,pre,995.094,,,
87336316734006,acc,-1.624,-8.071,0.334,
87336316734006,Gyro,0.394,0.402,0.595,
87336316734006,Lacc,5.026,-1.180,-1.793,
87336316734006,GameRo,-0.557,-0.285,0.738,0.253
87336336604407,acc,-3.073,-7.906,0.544,
87336336604407,Gyro,-0.031,0.365,0.077,
87336336604407,Lacc,3.618,-1.042,-1.544,
87336336604407,GameRo,-0.560,-0.282,0.736,0.254
87336339425493,pre,995.094,,,
87336356499468,acc,-4.387,-7.924,1.137,
87336356499468,Gyro,-0.341,0.300,-0.239,
87336356499468,Lacc,2.283,-1.015,-0.866,
87336356499468,GameRo,-0.563,-0.285,0.733,0.255
87336364475909,pre,995.109,,,
87336376369422,acc,-5.325,-8.169,1.829,
87336376369422,Gyro,-0.491,0.141,-0.432,
87336376369422,Lacc,1.092,-1.000,-0.084,
87336376369422,GameRo,-0.560,-0.298,0.726,0.266
87336389529376,pre,995.127,,,
87336396240191,acc,-6.196,-8.828,1.932,
87336396240191,Gyro,-0.558,-0.068,-0.595,
87336396240191,Lacc,0.142,-1.569,0.096,
87336396240191,GameRo,-0.560,-0.305,0.723,0.267
87336414583981,pre,995.121,,,
87336416084795,acc,-7.318,-9.875,1.774,
87336416084795,Gyro,-0.688,-0.301,-0.711,
87336416084795,Lacc,-1.088,-2.507,0.003,
87336416084795,GameRo,-0.558,-0.314,0.720,0.268
87336435980384,acc,-7.366,-10.317,1.522,
87336435980384,Gyro,-0.995,-0.635,-0.783,
87336435980384,Lacc,-1.267,-2.826,-0.183,
87336435980384,GameRo,-0.554,-0.326,0.718,0.267
87336439637610,pre,995.121,,,
87336455850582,acc,-6.211,-10.091,1.741,
87336455850582,Gyro,-1.281,-1.050,-1.063,
87336455850582,Lacc,-0.282,-2.448,0.109,
87336455850582,GameRo,-0.547,-0.342,0.717,0.263
87336464690548,pre,995.149,,,
87336475695228,acc,-5.446,-9.589,1.557,
87336475695228,Gyro,-1.184,-1.227,-1.704,
87336475695228,Lacc,0.220,-1.737,-0.018,
87336475695228,GameRo,-0.537,-0.363,0.715,0.262
87336489742184,pre,995.185,,,
87336495566159,acc,-6.942,-9.346,0.988,
87336495566159,Gyro,-0.651,-1.102,-2.486,
87336495566159,Lacc,-1.671,-1.223,-0.578,
87336495566159,GameRo,-0.522,-0.384,0.712,0.270
87336515461219,acc,-9.820,-9.423,-0.433,
87336515461219,Gyro,-0.104,-0.842,-2.896,
87336515461219,Lacc,-5.044,-1.008,-2.052,
87336515461219,GameRo,-0.505,-0.402,0.708,0.285
87336514795000,pre,995.170,,,
87336535331702,acc,-12.178,-9.413,-1.732,
87336535331702,Gyro,0.097,-0.498,-2.845,
87336535331702,Lacc,-7.916,-0.740,-3.420,
87336535331702,GameRo,-0.489,-0.418,0.703,0.303
87336539849769,pre,995.127,,,
87336555202145,acc,-12.850,-8.971,-1.842,
87336555202145,Gyro,-0.055,-0.255,-2.507,
87336555202145,Lacc,-9.054,-0.090,-3.560,
87336555202145,GameRo,-0.476,-0.431,0.697,0.320
87336564901690,pre,995.103,,,
87336575072832,acc,-11.782,-8.431,-0.730,
87336575072832,Gyro,-0.468,-0.328,-2.212,
87336575072832,Lacc,-8.395,0.622,-2.407,
87336575072832,GameRo,-0.466,-0.445,0.689,0.333
87336589966508,pre,995.121,,,
87336594921058,acc,-9.988,-7.660,0.600,
87336594921058,Gyro,-0.939,-0.739,-2.112,
87336594921058,Lacc,-6.998,1.551,-0.967,
87336594921058,GameRo,-0.455,-0.462,0.681,0.341
87336614787269,acc,-8.315,-6.976,1.551,
87336614787269,Gyro,-1.252,-1.306,-2.186,
87336614787269,Lacc,-5.747,2.387,0.144,
87336614787269,GameRo,-0.442,-0.483,0.673,0.344
87336614982459,pre,995.136,,,
87336634657101,acc,-7.848,-6.968,1.918,
87336634657101,Gyro,-1.161,-1.778,-2.457,
87336634657101,Lacc,-5.753,2.534,0.668,
87336634657101,GameRo,-0.423,-0.507,0.666,0.346
87336640036089,pre,995.133,,,
87336654552975,acc,-8.243,-7.235,0.937,
87336654552975,Gyro,-0.778,-1.935,-2.791,
87336654552975,Lacc,-6.700,2.385,-0.209,
87336654552975,GameRo,-0.400,-0.531,0.660,0.350
87336665087765,pre,995.136,,,
87336674423988,acc,-8.997,-7.358,-0.661,
87336674423988,Gyro,-0.488,-1.755,-3.063,
87336674423988,Lacc,-8.065,2.347,-1.747,
87336674423988,GameRo,-0.374,-0.552,0.654,0.357
87336690164222,pre,995.136,,,
87336694267330,acc,-10.085,-7.079,-1.645,
87336694267330,Gyro,-0.377,-1.322,-3.175,
87336694267330,Lacc,-9.790,2.673,-2.672,
87336694267330,GameRo,-0.348,-0.571,0.646,0.367
87336714163652,acc,-10.799,-6.519,-1.841,
87336714163652,Gyro,-0.301,-0.836,-3.087,
87336714163652,Lacc,-11.124,3.239,-2.803,
87336714163652,GameRo,-0.325,-0.587,0.636,0.380
87336715193926,pre,995.149,,,
87336734010332,acc,-10.866,-6.203,-1.668,
87336734010332,Gyro,-0.156,-0.425,-2.981,
87336734010332,Lacc,-11.774,3.522,-2.581,
87336734010332,GameRo,-0.305,-0.600,0.625,0.395
87336740244463,pre,995.149,,,
87336753903765,acc,-10.710,-5.982,-1.354,
87336753903765,Gyro,-0.058,-0.225,-2.964,
87336753903765,Lacc,-12.184,3.676,-2.248,
87336753903765,GameRo,-0.287,-0.610,0.614,0.411
87336765323442,pre,995.146,,,
87336773774777,acc,-10.625,-5.634,-1.247,
87336773774777,Gyro,-0.139,-0.273,-3.053,
87336773774777,Lacc,-12.668,3.921,-2.115,
87336773774777,GameRo,-0.267,-0.620,0.601,0.427
87336790378536,pre,995.130,,,
87336793644569,acc,-10.846,-4.912,-1.143,
87336793644569,Gyro,-0.345,-0.447,-3.171,
87336793644569,Lacc,-13.477,4.505,-1.941,
87336793644569,GameRo,-0.247,-0.631,0.587,0.442
87336813514685,acc,-11.572,-4.216,-1.047,
87336813514685,Gyro,-0.491,-0.605,-3.199,
87336813514685,Lacc,-14.800,5.024,-1.724,
87336813514685,GameRo,-0.226,-0.644,0.572,0.456
87336815455522,pre,995.121,,,
87336833364784,acc,-12.579,-3.594,-1.211,
87336833364784,Gyro,-0.440,-0.627,-3.055,
87336833364784,Lacc,-16.374,5.436,-1.752,
87336833364784,GameRo,-0.204,-0.656,0.556,0.468
87336840484534,pre,995.146,,,
87336853254960,acc,-13.551,-3.258,-1.753,
87336853254960,Gyro,-0.169,-0.398,-2.767,
87336853254960,Lacc,-17.852,5.548,-2.202,
87336853254960,GameRo,-0.184,-0.666,0.542,0.479
87336865530921,pre,995.170,,,
87336873124753,acc,-14.443,-2.797,-2.143,
87336873124753,Gyro,0.235,0.097,-2.430,
87336873124753,Lacc,-19.175,5.784,-2.600,
87336873124753,GameRo,-0.167,-0.670,0.530,0.492
87336890589963,pre,995.146,,,
87336892995520,acc,-14.970,-1.520,-1.890,
87336892995520,Gyro,0.618,0.629,-1.983,
87336892995520,Lacc,-20.052,6.851,-2.480,
87336892995520,GameRo,-0.153,-0.668,0.523,0.507
87336912840410,acc,-15.265,-0.146,-1.409,
87336912840410,Gyro,0.800,0.919,-1.331,
87336912840410,Lacc,-20.585,8.057,-2.218,
87336912840410,GameRo,-0.143,-0.662,0.519,0.522
87336915645342,pre,995.103,,,
87336932716508,acc,-17.056,-1.280,-1.020,
87336932716508,Gyro,0.779,0.935,-0.406,
87336932716508,Lacc,-22.471,6.834,-2.065,
87336932716508,GameRo,-0.139,-0.654,0.519,0.533
87336940698157,pre,995.109,,,
87336952605628,acc,-18.218,-3.683,-0.731,
87336952605628,Gyro,0.724,0.583,0.749,
87336952605628,Lacc,-23.547,4.459,-1.973,
87336952605628,GameRo,-0.142,-0.645,0.525,0.536
87336965745683,pre,995.143,,,
87336972473548,acc,-16.425,-5.275,-1.301,
87336972473548,Gyro,0.662,0.158,1.706,
87336972473548,Lacc,-21.498,3.007,-2.684,
87336972473548,GameRo,-0.149,-0.638,0.537,0.531
87336990805132,pre,995.142,,,
87336992346351,acc,-13.420,-5.245,-2.117,
87336992346351,Gyro,0.465,0.030,2.199,
87336992346351,Lacc,-18.132,3.232,-3.590,
87336992346351,GameRo,-0.160,-0.632,0.552,0.520
87337012191118,acc,-11.908,-5.358,-2.571,
87337012191118,Gyro,0.098,0.305,2.430,
87337012191118,Lacc,-16.200,3.330,-4.098,
87337012191118,GameRo,-0.175,-0.626,0.566,0.508
87337015858965,pre,995.090,,,
87337032111691,acc,-12.765,-6.746,-2.073,
87337032111691,Gyro,-0.301,0.759,2.673,
87337032111691,Lacc,-16.579,2.160,-3.613,
87337032111691,GameRo,-0.196,-0.619,0.577,0.496
87337040912879,pre,995.066,,,
87337051931311,acc,-14.434,-8.912,-0.971,
87337051931311,Gyro,-0.471,1.173,3.087,
87337051931311,Lacc,-17.680,0.218,-2.502,
87337051931311,GameRo,-0.222,-0.610,0.586,0.484
87337065965288,pre,995.072,,,
87337071827226,acc,-15.154,-11.332,0.182,
87337071827226,Gyro,-0.383,1.407,3.458,
87337071827226,Lacc,-17.731,-1.991,-1.346,
87337071827226,GameRo,-0.253,-0.599,0.596,0.471
87337091694169,acc,-14.196,-12.199,1.134,
87337091694169,Gyro,-0.124,1.502,3.566,
87337091019610,pre,995.103,,,
87337091694169,Lacc,-16.047,-2.691,-0.417,
87337091694169,GameRo,-0.284,-0.583,0.608,0.458
87337111542355,acc,-12.839,-11.593,1.484,
87337111542355,Gyro,0.150,1.605,3.440,
87337111542355,Lacc,-13.968,-1.982,-0.129,
87337111542355,GameRo,-0.313,-0.565,0.620,0.445
87337116047156,pre,995.130,,,
87337131438148,acc,-12.126,-10.633,1.780,
87337131438148,Gyro,0.242,1.584,3.317,
87337131438148,Lacc,-12.554,-0.979,0.095,
87337131438148,GameRo,-0.341,-0.546,0.630,0.434
87337141125769,pre,995.121,,,
87337151309038,acc,-11.419,-9.431,1.932,
87337151309038,Gyro,0.170,1.376,3.330,
87337151309038,Lacc,-11.154,0.222,0.203,
87337151309038,GameRo,-0.367,-0.526,0.641,0.421
87337166210364,pre,995.106,,,
87337171178504,acc,-10.805,-8.812,1.936,
87337171178504,Gyro,0.029,1.099,3.398,
87337171178504,Lacc,-9.847,0.797,0.207,
87337171178504,GameRo,-0.392,-0.508,0.651,0.406
87337191048255,acc,-10.444,-8.773,1.801,
87337191048255,Gyro,-0.108,0.804,3.464,
87337191048255,Lacc,-8.794,0.747,0.108,
87337191048255,GameRo,-0.415,-0.491,0.660,0.387
87337191239702,pre,995.115,,,
87337210918861,acc,-10.151,-9.003,1.449,
87337210918861,Gyro,-0.207,0.564,3.519,
87337210918861,Lacc,-7.815,0.383,-0.186,
87337210918861,GameRo,-0.437,-0.475,0.670,0.366
87337216263465,pre,995.145,,,
87337230789059,acc,-9.793,-9.292,1.170,
87337230789059,Gyro,-0.300,0.415,3.533,
87337230789059,Lacc,-6.784,-0.086,-0.391,
87337230789059,GameRo,-0.458,-0.459,0.679,0.343
87337241316077,pre,995.164,,,
87337250659055,acc,-9.200,-9.348,1.134,
87337250659055,Gyro,-0.395,0.309,3.499,
87337250659055,Lacc,-5.543,-0.365,-0.337,
87337250659055,GameRo,-0.477,-0.444,0.688,0.319
87337266369707,pre,995.158,,,
87337270529497,acc,-8.365,-9.131,1.285,
87337270529497,Gyro,-0.495,0.208,3.425,
87337270529497,Lacc,-4.089,-0.409,-0.086,
87337270529497,GameRo,-0.495,-0.430,0.695,0.294
87337290399696,acc,-7.462,-8.812,1.577,
87337290399696,Gyro,-0.572,0.091,3.297,
87337290399696,Lacc,-2.610,-0.380,0.313,
87337290399696,GameRo,-0.512,-0.417,0.702,0.268
87337291422644,pre,995.130,,,
87337310269487,acc,-6.805,-8.755,1.793,
87337310269487,Gyro,-0.592,-0.032,3.093,
87337310269487,Lacc,-1.431,-0.631,0.627,
87337310269487,GameRo,-0.526,-0.404,0.707,0.243
87337316500200,pre,995.124,,,
87337330139930,acc,-6.507,-8.835,1.793,
87337330139930,Gyro,-0.558,-0.130,2.833,
87337330139930,Lacc,-0.673,-1.023,0.705,
87337330139930,GameRo,-0.538,-0.393,0.712,0.219
87337341553097,pre,995.142,,,
87337350010169,acc,-6.169,-8.671,1.695,
87337350010169,Gyro,-0.488,-0.166,2.558,
87337350010169,Lacc,0.063,-1.165,0.665,
87337350010169,GameRo,-0.548,-0.383,0.717,0.197
87337366583208,pre,995.164,,,
87337369880531,acc,-5.483,-8.244,1.582,
87337369880531,Gyro,-0.388,-0.133,2.216,
87337369880531,Lacc,0.961,-0.923,0.527,
87337369880531,GameRo,-0.552,-0.376,0.721,0.185
87337389760128,acc,-4.713,-7.344,1.556,
87337389760128,Gyro,-0.297,-0.037,1.802,
87337389760128,Lacc,2.004,-0.267,0.536,
87337389760128,GameRo,-0.559,-0.368,0.723,0.169
87337391655595,pre,995.136,,,
87337409634071,acc,-4.437,-6.117,1.830,
87337409634071,Gyro,-0.256,0.035,1.450,
87337409634071,Lacc,2.492,0.758,0.848,
87337409634071,GameRo,-0.565,-0.361,0.725,0.157
87337416687253,pre,995.100,,,
87337429491166,acc,-4.423,-5.110,2.233,
87337429491166,Gyro,-0.273,-0.057,1.285,
87337429491166,Lacc,2.681,1.588,1.285,
87337429491166,GameRo,-0.570,-0.355,0.726,0.146
87337441763750,pre,995.124,,,
87337449361040,acc,-4.095,-4.487,2.406,
87337449361040,Gyro,-0.363,-0.340,1.249,
87337449361040,Lacc,3.169,2.040,1.464,
87337449361040,GameRo,-0.573,-0.351,0.728,0.135
87337466801754,pre,995.151,,,
87337469231523,acc,-3.500,-4.606,2.117,
87337469231523,Gyro,-0.546,-0.732,1.219,
87337469231523,Lacc,3.908,1.751,1.146,
87337469231523,GameRo,-0.574,-0.348,0.731,0.121
87337489101437,acc,-3.021,-5.627,1.648,
87337489101437,Gyro,-0.739,-1.127,1.036,
87337489101437,Lacc,4.505,0.579,0.610,
87337489101437,GameRo,-0.571,-0.348,0.736,0.106
87337491869462,pre,995.145,,,
87337508971513,acc,-2.470,-6.901,1.012,
87337508971513,Gyro,-0.817,-1.365,0.607,
87337508971513,Lacc,5.120,-0.791,-0.126,
87337508971513,GameRo,-0.565,-0.351,0.741,0.091
87337516922441,pre,995.139,,,
87337528842078,acc,-1.641,-7.752,0.313,
87337528842078,Gyro,-0.743,-1.327,-0.141,
87337528842078,Lacc,5.929,-1.638,-0.937,
87337528842078,GameRo,-0.556,-0.357,0.746,0.081
87337541973507,pre,995.158,,,
87337548711992,acc,-1.674,-7.985,-0.333,
87337548711992,Gyro,-0.432,-0.941,-1.137,
87337548711992,Lacc,5.763,-1.731,-1.680,
87337548711992,GameRo,-0.545,-0.367,0.750,0.080
87337567002356,pre,995.139,,,
87337568557492,acc,-3.819,-8.112,-1.013,
87337568557492,Gyro,0.123,-0.260,-2.079,
87337568557492,Lacc,3.364,-1.579,-2.413,
87337568557492,GameRo,-0.534,-0.378,0.750,0.092
87337588452592,acc,-6.572,-8.026,-1.825,
87337588452592,Gyro,0.659,0.413,-2.606,
87337588452592,Lacc,0.281,-1.151,-3.245,
87337588452592,GameRo,-0.526,-0.388,0.748,0.114
87337592082760,pre,995.112,,,
87337608322506,acc,-8.147,-8.502,-2.303,
87337608322506,Gyro,0.872,0.802,-2.958,
87337608322506,Lacc,-1.671,-1.276,-3.744,
87337608322506,GameRo,-0.520,-0.396,0.744,0.142
87337617109738,pre,995.124,,,
87337628193844,acc,-9.308,-9.635,-2.245,
87337628193844,Gyro,0.737,0.853,-3.531,
87337628193844,Lacc,-3.293,-2.022,-3.693,
87337628193844,GameRo,-0.512,-0.405,0.737,0.174
87337642187048,pre,995.164,,,
87337648063229,acc,-11.182,-10.731,-1.979,
87337648063229,Gyro,0.448,0.602,-4.329,
87337648063229,Lacc,-5.777,-2.673,-3.428,
87337648063229,GameRo,-0.499,-0.420,0.728,0.210
87337667912268,acc,-14.039,-10.914,-2.048,
87337667912268,Gyro,0.221,0.312,-4.975,
87337667912268,Lacc,-9.416,-2.383,-3.497,
87337667912268,GameRo,-0.481,-0.441,0.716,0.247
87337667220089,pre,995.145,,,
87337687803219,acc,-16.288,-10.107,-2.252,
87337687803219,Gyro,0.275,0.150,-5.190,
87337687803219,Lacc,-12.557,-1.154,-3.721,
87337687803219,GameRo,-0.459,-0.463,0.703,0.285
87337692295691,pre,995.109,,,
87337707673539,acc,-16.700,-7.831,-2.617,
87337707673539,Gyro,0.557,0.234,-5.018,
87337707673539,Lacc,-13.885,1.440,-4.154,
87337707673539,GameRo,-0.435,-0.482,0.689,0.323
87337717324418,pre,995.115,,,
87337727544918,acc,-16.121,-5.046,-2.939,
87337727544918,Gyro,0.798,0.523,-4.545,
87337727544918,Lacc,-14.166,4.424,-4.594,
87337727544918,GameRo,-0.412,-0.496,0.675,0.360
87337742403439,pre,995.145,,,
87337747414262,acc,-15.238,-3.072,-2.697,
87337747414262,Gyro,0.846,0.816,-3.847,
87337747414262,Lacc,-14.020,6.495,-4.489,
87337747414262,GameRo,-0.394,-0.504,0.661,0.393
87337767259111,acc,-14.467,-2.320,-1.715,
87337767259111,Gyro,0.773,0.858,-3.092,
87337767259111,Lacc,-13.838,7.279,-3.643,
87337767259111,GameRo,-0.380,-0.507,0.648,0.422
87337767433346,pre,995.148,,,
87337787136104,acc,-13.795,-2.533,-0.857,
87337787136104,Gyro,0.634,0.576,-2.389,
87337787136104,Lacc,-13.621,7.058,-2.910,
87337787136104,GameRo,-0.369,-0.509,0.638,0.445
87337792488359,pre,995.127,,,
87337807024736,acc,-12.914,-3.798,-0.724,
87337807024736,Gyro,0.342,0.125,-1.871,
87337807024736,Lacc,-13.097,5.775,-2.863,
87337807024736,GameRo,-0.359,-0.512,0.631,0.460
87337817557084,pre,995.103,,,
87337826895829,acc,-11.895,-5.157,-0.738,
87337826895829,Gyro,-0.011,-0.306,-1.645,
87337826895829,Lacc,-12.392,4.401,-2.891,
87337826895829,GameRo,-0.349,-0.518,0.624,0.469
87337842617834,pre,995.084,,,
87337846788896,acc,-11.053,-5.822,-1.072,
87337846788896,Gyro,-0.210,-0.460,-1.711,
87337846788896,Lacc,-11.873,3.723,-3.182,
87337846788896,GameRo,-0.339,-0.527,0.617,0.476
87337866609981,acc,-10.952,-5.827,-1.329,
87337866609981,Gyro,-0.142,-0.239,-1.909,
87337866609981,Lacc,-12.126,3.692,-3.391,
87337866609981,GameRo,-0.328,-0.536,0.609,0.484
87337867652787,pre,995.075,,,
87337886505530,acc,-11.252,-5.000,-1.304,
87337886505530,Gyro,0.198,0.249,-2.052,
87337886505530,Lacc,-12.793,4.464,-3.377,
87337886505530,GameRo,-0.318,-0.542,0.599,0.496
87337892727779,pre,995.084,,,
87337906353511,acc,-11.728,-3.761,-1.144,
87337906353511,Gyro,0.718,0.836,-2.092,
87337906353511,Lacc,-13.623,5.611,-3.338,
87337906353511,GameRo,-0.308,-0.542,0.590,0.514
87337917781124,pre,995.133,,,
87337926246945,acc,-12.518,-2.403,-1.257,
87337926246945,Gyro,1.328,1.414,-1.954,
87337926246945,Lacc,-14.720,6.837,-3.710,
87337926246945,GameRo,-0.299,-0.535,0.582,0.535
87337942837033,pre,995.155,,,
87337946130408,acc,-13.208,-1.338,-1.823,
87337946130408,Gyro,1.942,2.049,-1.577,
87337946130408,Lacc,-15.616,7.732,-4.681,
87337946130408,GameRo,-0.291,-0.519,0.577,0.560
87337965986406,acc,-13.470,-0.615,-2.255,
87337965986406,Gyro,2.454,2.747,-1.046,
87337965986406,Lacc,-15.928,8.255,-5.649,
87337965986406,GameRo,-0.286,-0.495,0.574,0.586
87337967866004,pre,995.130,,,
87337985856685,acc,-13.546,-0.356,-2.121,
87337985856685,Gyro,2.775,3.339,-0.473,
87337985856685,Lacc,-15.872,8.286,-6.138,
87337985856685,GameRo,-0.286,-0.462,0.575,0.612
87337992943111,pre,995.112,,,
87338005726640,acc,-13.628,-0.708,-1.646,
87338005726640,Gyro,2.882,3.680,0.139,
87338005726640,Lacc,-15.640,7.685,-6.307,
87338005726640,GameRo,-0.289,-0.423,0.577,0.636
87338017995398,pre,995.136,,,
87338025573686,acc,-13.337,-1.613,-1.193,
87338025573686,Gyro,2.844,3.806,0.744,
87338025573686,Lacc,-14.871,6.519,-6.461,
87338025573686,GameRo,-0.295,-0.380,0.581,0.656
87338043048661,pre,995.139,,,
87338045446692,acc,-12.961,-2.974,-0.750,
87338045446692,Gyro,2.758,3.900,1.263,
87338045446692,Lacc,-13.879,4.881,-6.555,
87338045446692,GameRo,-0.303,-0.335,0.587,0.671
87338065337846,acc,-12.587,-4.723,-0.244,
87338065337846,Gyro,2.650,3.962,1.635,
87338065337846,Lacc,-12.782,2.828,-6.503,
87338065337846,GameRo,-0.314,-0.288,0.594,0.683
87338068077673,pre,995.115,,,
87338085208167,acc,-12.034,-6.235,0.225,
87338085208167,Gyro,2.566,4.087,1.859,
87338085208167,Lacc,-11.436,0.980,-6.394,
87338085208167,GameRo,-0.325,-0.239,0.601,0.690
87338093155392,pre,995.127,,,
87338105077795,acc,-10.923,-6.788,1.072,
87338105077795,Gyro,2.616,4.258,1.955,
87338105077795,Lacc,-9.478,0.044,-5.819,
87338105077795,GameRo,-0.337,-0.188,0.606,0.696
87338118210201,pre,995.161,,,
87338124949134,acc,-9.565,-6.585,1.744,
87338124949134,Gyro,2.823,4.420,1.937,
87338124949134,Lacc,-7.247,-0.205,-5.338,
87338124949134,GameRo,-0.348,-0.134,0.609,0.700
87338143263465,pre,995.151,,,
87338144818355,acc,-9.059,-7.050,1.832,
87338144818355,Gyro,3.108,4.619,1.792,
87338144818355,Lacc,-5.863,-1.197,-5.362,
87338144818355,GameRo,-0.357,-0.077,0.609,0.704
87338164688635,acc,-9.568,-8.094,1.504,
87338164688635,Gyro,3.368,4.757,1.527,
87338164688635,Lacc,-5.507,-2.828,-5.708,
87338164688635,GameRo,-0.363,-0.018,0.605,0.708
87338168292476,pre,995.136,,,
87338184558915,acc,-10.180,-8.596,0.853,
87338184558915,Gyro,3.564,4.822,1.197,
87338184558915,Lacc,-5.301,-3.943,-6.272,
87338184558915,GameRo,-0.368,0.041,0.597,0.712
87338193369869,pre,995.158,,,
87338204428911,acc,-10.493,-8.323,-0.087,
87338204428911,Gyro,3.624,4.911,0.859,
87338204428911,Lacc,-4.843,-4.275,-7.010,
87338204428911,GameRo,-0.370,0.101,0.583,0.716
87338218425004,pre,995.164,,,
87338224298986,acc,-10.791,-7.795,-1.355,
87338224298986,Gyro,3.360,5.110,0.565,
87338224298986,Lacc,-4.413,-4.290,-7.933,
87338224298986,GameRo,-0.373,0.159,0.564,0.719
87338244168941,acc,-11.262,-7.480,-2.047,
87338244168941,Gyro,2.686,5.376,0.331,
87338244168941,Lacc,-4.186,-4.397,-8.102,
87338244168941,GameRo,-0.381,0.215,0.542,0.718
87338243474850,pre,995.139,,,
87338264040035,acc,-11.813,-7.508,-1.556,
87338264040035,Gyro,1.725,5.492,0.101,
87338264040035,Lacc,-4.098,-4.679,-6.916,
87338264040035,GameRo,-0.395,0.265,0.517,0.711
87338268531897,pre,995.118,,,
87338283909867,acc,-12.561,-7.441,-0.046,
87338283909867,Gyro,0.770,5.331,-0.076,
87338283909867,Lacc,-4.312,-4.707,-4.597,
87338283909867,GameRo,-0.416,0.309,0.492,0.700
87338293562089,pre,995.139,,,
87338303779903,acc,-13.158,-7.533,1.410,
87338303779903,Gyro,-0.094,4.918,-0.114,
87338303779903,Lacc,-4.497,-4.790,-2.291,
87338303779903,GameRo,-0.439,0.344,0.469,0.685
87338318639441,pre,995.173,,,
87338323650224,acc,-13.406,-7.944,2.968,
87338323650224,Gyro,-0.921,4.101,-0.084,
87338323650224,Lacc,-4.461,-5.138,0.079,
87338323650224,GameRo,-0.465,0.370,0.451,0.667
87338343520422,acc,-12.850,-7.836,4.377,
87338343520422,Gyro,-1.597,2.938,-0.020,
87338343520422,Lacc,-3.739,-4.948,2.166,
87338343520422,GameRo,-0.489,0.385,0.440,0.648
87338343712642,pre,995.167,,,
87338363390987,acc,-11.413,-7.009,4.868,
87338363390987,Gyro,-2.128,1.771,0.031,
87338363390987,Lacc,-2.220,-4.046,3.153,
87338363390987,GameRo,-0.510,0.390,0.437,0.630
87338368721391,pre,995.127,,,
87338383260738,acc,-10.097,-5.985,4.879,
87338383260738,Gyro,-2.599,0.911,0.112,
87338383260738,Lacc,-0.866,-2.958,3.511,
87338383260738,GameRo,-0.530,0.386,0.441,0.612
87338393780269,pre,995.121,,,
87338403130855,acc,-9.714,-5.670,5.447,
87338403130855,Gyro,-2.909,0.324,0.341,
87338403130855,Lacc,-0.457,-2.616,4.336,
87338403130855,GameRo,-0.548,0.378,0.451,0.594
87338418855343,pre,995.151,,,
87338423000769,acc,-9.319,-5.973,6.649,
87338423000769,Gyro,-2.817,-0.261,0.631,
87338423000769,Lacc,-0.033,-2.959,5.694,
87338423000769,GameRo,-0.563,0.367,0.465,0.576
87338442871171,acc,-8.131,-5.859,7.382,
87338442871171,Gyro,-2.221,-0.780,0.779,
87338442871171,Lacc,1.187,-2.937,6.447,
87338442871171,GameRo,-0.571,0.355,0.482,0.561
87338443881791,pre,995.151,,,
87338462719030,acc,-7.010,-5.504,7.116,
87338462719030,Gyro,-1.302,-1.028,0.763,
87338462719030,Lacc,2.332,-2.693,6.080,
87338462719030,GameRo,-0.572,0.346,0.498,0.552
87338468960974,pre,995.112,,,
87338482611731,acc,-6.793,-5.619,6.232,
87338482611731,Gyro,-0.326,-0.986,0.724,
87338482611731,Lacc,2.564,-2.927,5.030,
87338482611731,GameRo,-0.568,0.341,0.510,0.549
87338494011837,pre,995.100,,,
87338502482173,acc,-7.078,-5.917,5.283,
87338502482173,Gyro,0.577,-0.771,0.718,
87338502482173,Lacc,2.288,-3.352,3.891,
87338502482173,GameRo,-0.559,0.342,0.518,0.550
87338519065344,pre,995.118,,,
87338522352169,acc,-7.267,-6.171,4.340,
87338522352169,Gyro,1.371,-0.412,0.724,
87338522352169,Lacc,2.104,-3.737,2.762,
87338522352169,GameRo,-0.547,0.346,0.521,0.556
87338542221960,acc,-7.525,-6.299,3.669,
87338542221960,Gyro,2.018,0.021,0.730,
87338542221960,Lacc,1.863,-4.021,1.965,
87338542221960,GameRo,-0.534,0.357,0.518,0.564
87338544118404,pre,995.109,,,
87338562093624,acc,-8.032,-6.410,3.362,
87338562093624,Gyro,2.485,0.379,0.773,
87338562093624,Lacc,1.398,-4.349,1.608,
87338562093624,GameRo,-0.520,0.375,0.512,0.572
87338569169877,pre,995.075,,,
87338581963089,acc,-8.610,-6.502,3.223,
87338581963089,Gyro,2.773,0.558,0.889,
87338581963089,Lacc,0.869,-4.687,1.463,
87338581963089,GameRo,-0.504,0.396,0.504,0.579
87338594223547,pre,995.072,,,
87338601833126,acc,-9.203,-6.765,3.093,
87338601833126,Gyro,2.903,0.536,1.059,
87338601833126,Lacc,0.327,-5.234,1.343,
87338601833126,GameRo,-0.486,0.418,0.495,0.587
87338619276892,pre,995.115,,,
87338621703161,acc,-9.843,-7.155,2.955,
87338621703161,Gyro,2.917,0.364,1.266,
87338621703161,Lacc,-0.266,-5.947,1.208,
87338621703161,GameRo,-0.466,0.440,0.487,0.593
87338641573319,acc,-10.420,-7.589,2.772,
87338641573319,Gyro,2.862,0.044,1.480,
87338641573319,Lacc,-0.809,-6.745,0.997,
87338641573319,GameRo,-0.444,0.461,0.482,0.598
87338644328731,pre,995.136,,,
87338661444819,acc,-10.863,-8.031,2.480,
87338661444819,Gyro,2.787,-0.390,1.680,
87338661444819,Lacc,-1.240,-7.590,0.624,
87338661444819,GameRo,-0.418,0.480,0.479,0.604
87338669381994,pre,995.109,,,
87338681313798,acc,-11.136,-8.502,1.955,
87338681313798,Gyro,2.781,-0.886,1.841,
87338681313798,Lacc,-1.534,-8.502,-0.053,
87338681313798,GameRo,-0.390,0.496,0.480,0.610
87338694433670,pre,995.078,,,
87338701160275,acc,-11.406,-9.165,0.835,
87338701160275,Gyro,2.870,-1.225,1.927,
87338701160275,Lacc,-1.861,-9.640,-1.380,
87338701160275,GameRo,-0.358,0.509,0.481,0.617
87338719485551,pre,995.090,,,
87338721054195,acc,-11.437,-9.892,-0.575,
87338721054195,Gyro,2.987,-1.276,1.902,
87338721054195,Lacc,-1.978,-10.857,-2.991,
87338721054195,GameRo,-0.324,0.522,0.482,0.625
87338740900468,acc,-11.617,-9.976,-2.005,
87338740900468,Gyro,3.083,-1.017,1.818,
87338740900468,Lacc,-2.256,-11.426,-4.558,
87338740900468,GameRo,-0.290,0.535,0.481,0.632
87338744539994,pre,995.130,,,
87338760795365,acc,-11.863,-9.446,-2.896,
87338760795365,Gyro,2.984,-0.624,1.906,
87338760795365,Lacc,-2.600,-11.384,-5.478,
87338760795365,GameRo,-0.258,0.549,0.478,0.635
87338769592932,pre,995.164,,,
87338780656653,acc,-11.873,-9.224,-3.221,
87338780656653,Gyro,2.742,-0.357,2.134,
87338780656653,Lacc,-2.717,-11.671,-5.751,
87338780656653,GameRo,-0.227,0.565,0.476,0.634
87338794644568,pre,995.170,,,
87338800512528,acc,-11.405,-9.467,-2.987,
87338800512528,Gyro,2.580,-0.334,2.375,
87338800512528,Lacc,-2.383,-12.448,-5.425,
87338800512528,GameRo,-0.197,0.580,0.476,0.631
87338820405229,acc,-10.063,-10.018,-3.337,
87338820405229,Gyro,2.469,-0.489,2.446,
87338819697465,pre,995.133,,,
87338820405229,Lacc,-1.215,-13.546,-5.683,
87338820405229,GameRo,-0.166,0.594,0.477,0.626
87338840275061,acc,-8.186,-9.916,-4.303,
87338840275061,Gyro,2.264,-0.596,2.239,
87338840275061,Lacc,0.464,-13.948,-6.571,
87338840275061,GameRo,-0.135,0.605,0.478,0.622
87338844750768,pre,995.124,,,
87338860145178,acc,-7.134,-9.102,-4.820,
87338860145178,Gyro,2.048,-0.544,1.843,
87338860145178,Lacc,1.332,-13.552,-7.003,
87338860145178,GameRo,-0.108,0.614,0.478,0.619
87338869802079,pre,995.158,,,
87338880019771,acc,-7.084,-8.450,-5.050,
87338880019771,Gyro,2.013,-0.441,1.554,
87338880019771,Lacc,1.221,-13.242,-7.123,
87338880019771,GameRo,-0.084,0.622,0.476,0.616
87338894828812,pre,995.188,,,
87338899885169,acc,-7.184,-8.568,-5.948,
87338899885169,Gyro,1.970,-0.280,1.442,
87338899885169,Lacc,0.972,-13.668,-7.872,
87338899885169,GameRo,-0.062,0.631,0.472,0.613
87338919730627,acc,-6.940,-8.891,-6.878,
87338919730627,Gyro,1.625,-0.056,1.322,
87338919730627,Lacc,1.077,-14.267,-8.629,
87338919730627,GameRo,-0.042,0.639,0.469,0.608
87338919880163,pre,995.179,,,
87338939627682,acc,-6.511,-8.807,-7.070,
87338939627682,Gyro,0.986,0.152,1.113,
87338939627682,Lacc,1.387,-14.403,-8.665,
87338939627682,GameRo,-0.028,0.646,0.468,0.602
87338944942745,pre,995.170,,,
87338959496781,acc,-6.121,-8.258,-6.344,
87338959496781,Gyro,0.266,0.261,0.856,
87338959496781,Lacc,1.687,-14.006,-7.839,
87338959496781,GameRo,-0.021,0.651,0.470,0.596
87338969992753,pre,995.155,,,
87338979388139,acc,-5.879,-7.570,-5.206,
87338979388139,Gyro,-0.349,0.253,0.640,
87338979388139,Lacc,1.865,-13.410,-6.674,
87338979388139,GameRo,-0.020,0.652,0.474,0.591
87338995054968,pre,995.152,,,
87338999237137,acc,-5.686,-7.384,-4.285,
87338999237137,Gyro,-0.782,0.230,0.443,
87338999237137,Lacc,2.237,-13.010,-5.630,
87338999237137,GameRo,-0.037,0.656,0.471,0.589
87339019107621,acc,-5.654,-7.772,-3.595,
87339019107621,Gyro,-1.054,0.223,0.168,
87339019107621,Lacc,2.456,-13.139,-4.881,
87339019107621,GameRo,-0.058,0.657,0.469,0.588
87339020091711,pre,995.155,,,
87339038977575,acc,-5.765,-8.053,-2.987,
87339038977575,Gyro,-1.169,0.268,-0.219,
87339038977575,Lacc,2.481,-13.204,-4.290,
87339038977575,GameRo,-0.076,0.654,0.470,0.588
87339045164668,pre,995.142,,,
87339058848425,acc,-5.928,-7.389,-2.369,
87339058848425,Gyro,-1.085,0.413,-0.610,
87339058848425,Lacc,3.562,-9.860,-2.649,
87339058848425,GameRo,-0.213,0.664,0.384,0.606
87339070215734,pre,995.121,,,
87339078717972,acc,-6.116,-6.382,-1.796,
87339078717972,Gyro,-0.864,0.598,-0.923,
87339078717972,Lacc,3.423,-8.661,-2.014,
87339078717972,GameRo,-0.227,0.661,0.383,0.604
87339095268062,pre,995.136,,,
87339098588212,acc,-6.311,-5.414,-1.472,
87339098588212,Gyro,-0.630,0.722,-1.123,
87339098588212,Lacc,3.279,-7.477,-1.586,
87339098588212,GameRo,-0.241,0.660,0.379,0.602
87339118458980,acc,-6.482,-4.892,-1.423,
87339118458980,Gyro,-0.498,0.741,-1.227,
87339118458980,Lacc,3.157,-6.718,-1.412,
87339118458980,GameRo,-0.255,0.660,0.373,0.600
87339120297115,pre,995.176,,,
87339138329382,acc,-6.542,-4.997,-1.433,
87339138329382,Gyro,-0.524,0.652,-1.327,
87339138329382,Lacc,3.140,-6.569,-1.305,
87339138329382,GameRo,-0.270,0.659,0.367,0.599
87339145373490,pre,995.161,,,
87339158198726,acc,-6.650,-5.403,-1.295,
87339158198726,Gyro,-0.729,0.457,-1.529,
87339158198726,Lacc,3.072,-6.691,-1.081,
87339158198726,GameRo,-0.285,0.656,0.361,0.599
87339170424923,pre,995.121,,,
87339178069820,acc,-7.197,-5.661,-0.992,
87339178069820,Gyro,-1.042,0.168,-1.798,
87339178069820,Lacc,2.570,-6.543,-0.750,
87339178069820,GameRo,-0.304,0.648,0.352,0.603
87339195480586,pre,995.118,,,
87339197939326,acc,-8.121,-5.631,-0.509,
87339197939326,Gyro,-1.494,-0.282,-2.087,
87339197939326,Lacc,1.661,-4.893,-0.405,
87339197939326,GameRo,-0.345,0.621,0.294,0.639
87339217809525,acc,-9.345,-5.571,0.065,
87339217809525,Gyro,-2.199,-1.058,-2.445,
87339217809525,Lacc,0.392,-4.381,0.057,
87339217809525,GameRo,-0.369,0.603,0.294,0.643
87339220534134,pre,995.142,,,
87339237679194,acc,-10.927,-5.021,0.311,
87339237679194,Gyro,-2.987,-1.924,-2.733,
87339237679194,Lacc,-1.271,-3.306,0.057,
87339237679194,GameRo,-0.398,0.573,0.299,0.651
87339245590571,pre,995.127,,,
87339257550655,acc,-12.164,-3.444,0.637,
87339257550655,Gyro,-3.539,-2.395,-2.724,
87339257550655,Lacc,-2.637,-1.170,0.076,
87339257550655,GameRo,-0.429,0.536,0.309,0.658
87339270643265,pre,995.124,,,
87339277419958,acc,-13.808,-1.380,1.569,
87339277419958,Gyro,-3.659,-2.458,-2.331,
87339277419958,Lacc,-4.442,1.417,0.726,
87339277419958,GameRo,-0.458,0.497,0.323,0.662
87339295696285,pre,995.164,,,
87339297290727,acc,-15.226,0.553,2.809,
87339297290727,Gyro,-3.326,-2.141,-1.555,
87339297290727,Lacc,-6.013,3.752,1.751,
87339297290727,GameRo,-0.482,0.462,0.338,0.663
87339317159826,acc,-15.352,1.160,4.570,
87339317159826,Gyro,-2.586,-1.591,-0.607,
87339317159826,Lacc,-6.237,4.586,3.379,
87339317159826,GameRo,-0.499,0.436,0.354,0.660
87339320749182,pre,995.197,,,
87339337031124,acc,-14.380,0.670,6.601,
87339337031124,Gyro,-1.555,-1.146,0.287,
87339337031124,Lacc,-5.292,4.132,5.313,
87339337031124,GameRo,-0.507,0.422,0.369,0.655
87339345812821,pre,995.167,,,
87339356900508,acc,-12.762,-0.510,8.048,
87339356900508,Gyro,-0.402,-1.085,0.780,
87339356900508,Lacc,-3.653,2.841,6.621,
87339356900508,GameRo,-0.504,0.416,0.382,0.653
87339370856644,pre,995.133,,,
87339376771643,acc,-11.756,-1.406,7.519,
87339376771643,Gyro,0.561,-1.329,0.828,
87339376771643,Lacc,-2.629,1.779,5.845,
87339376771643,GameRo,-0.494,0.413,0.392,0.657
87339396628454,acc,-11.585,-1.754,6.101,
87339396628454,Gyro,1.011,-1.637,0.747,
87339396628454,Lacc,-2.467,1.254,4.087,
87339396628454,GameRo,-0.478,0.411,0.401,0.665
87339395909785,pre,995.133,,,
87339416485754,acc,-11.861,-1.612,5.282,
87339416485754,Gyro,1.006,-1.994,0.731,
87339416485754,Lacc,-2.785,1.219,2.864,
87339416485754,GameRo,-0.461,0.406,0.410,0.675
87339420963130,pre,995.139,,,
87339436355830,acc,-12.426,-1.516,5.217,
87339436355830,Gyro,0.826,-2.304,0.906,
87339436355830,Lacc,-3.422,1.118,2.349,
87339436355830,GameRo,-0.442,0.398,0.422,0.684
87339446028519,pre,995.124,,,
87339456252193,acc,-12.544,-2.346,6.118,
87339456252193,Gyro,0.765,-2.475,1.139,
87339456252193,Lacc,-3.637,0.051,2.779,
87339456252193,GameRo,-0.422,0.389,0.437,0.692
87339471071936,pre,995.121,,,
87339476121618,acc,-12.132,-3.806,7.111,
87339476121618,Gyro,0.962,-2.597,1.306,
87339476121618,Lacc,-3.351,-1.692,3.282,
87339476121618,GameRo,-0.400,0.381,0.453,0.700
87339495975134,acc,-11.226,-5.477,7.154,
87339495975134,Gyro,1.281,-2.688,1.328,
87339495975134,Lacc,-2.611,-3.691,2.815,
87339495975134,GameRo,-0.374,0.372,0.468,0.709
87339496099890,pre,995.118,,,
87339515861852,acc,-9.773,-6.058,7.077,
87339515861852,Gyro,1.609,-2.561,1.058,
87339515861852,Lacc,-1.362,-4.608,2.240,
87339515861852,GameRo,-0.347,0.365,0.480,0.718
87339521151282,pre,995.121,,,
87339535733068,acc,-9.150,-5.792,7.864,
87339535733068,Gyro,1.937,-2.211,0.564,
87339535733068,Lacc,-0.957,-4.644,2.592,
87339535733068,GameRo,-0.320,0.359,0.487,0.729
87339546204422,pre,995.152,,,
87339555602249,acc,-9.644,-5.902,9.630,
87339555602249,Gyro,2.355,-1.968,0.105,
87339555602249,Lacc,-1.665,-5.025,3.991,
87339555602249,GameRo,-0.293,0.356,0.486,0.742
87339571281082,pre,995.158,,,
87339575473547,acc,-10.186,-5.867,10.412,
87339575473547,Gyro,2.899,-2.042,-0.055,
87339575473547,Lacc,-2.438,-5.292,4.423,
87339575473547,GameRo,-0.264,0.354,0.481,0.757
87339595342890,acc,-10.274,-6.219,9.839,
87339595342890,Gyro,3.293,-2.373,-0.013,
87339595342890,Lacc,-2.802,-6.029,3.486,
87339595342890,GameRo,-0.229,0.352,0.475,0.773
87339596310420,pre,995.139,,,
87339615188024,acc,-9.648,-6.285,8.790,
87339615188024,Gyro,3.405,-2.720,0.034,
87339615188024,Lacc,-2.519,-6.536,2.056,
87339615188024,GameRo,-0.190,0.347,0.469,0.790
87339621391231,pre,995.100,,,
87339635058385,acc,-8.302,-6.837,8.212,
87339635058385,Gyro,3.493,-2.882,-0.059,
87339635058385,Lacc,-1.566,-7.558,1.117,
87339635058385,GameRo,-0.150,0.341,0.462,0.805
87339646423213,pre,995.100,,,
87339654954138,acc,-7.354,-7.440,7.243,
87339654954138,Gyro,3.586,-2.897,-0.368,
87339654954138,Lacc,-1.034,-8.637,-0.164,
87339654954138,GameRo,-0.109,0.333,0.451,0.821
87339671499304,pre,995.133,,,
87339674823725,acc,-7.059,-6.970,6.258,
87339674823725,Gyro,3.451,-2.755,-0.638,
87339674823725,Lacc,-1.143,-8.620,-1.392,
87339674823725,GameRo,-0.069,0.325,0.437,0.836
87339694668412,acc,-6.746,-6.371,5.890,
87339694668412,Gyro,3.076,-2.485,-0.876,
87339694668412,Lacc,-1.194,-8.419,-1.935,
87339694668412,GameRo,-0.034,0.316,0.422,0.849
87339696528316,pre,995.149,,,
87339714564529,acc,-7.240,-4.777,6.310,
87339714564529,Gyro,2.625,-2.130,-0.918,
87339714564529,Lacc,-1.993,-7.143,-1.634,
87339714564529,GameRo,-0.005,0.308,0.405,0.861
87339721610061,pre,995.133,,,
87339734434077,acc,-7.833,-3.420,7.953,
87339734434077,Gyro,2.412,-1.820,-0.600,
87339734434077,Lacc,-2.846,-6.091,-0.061,
87339734434077,GameRo,0.021,0.302,0.392,0.869
87339746664179,pre,995.130,,,
87339754304479,acc,-7.259,-3.215,8.438,
87339754304479,Gyro,2.386,-1.769,-0.191,
87339754304479,Lacc,-2.530,-6.231,0.390,
87339754304479,GameRo,0.047,0.296,0.381,0.875
87339771718542,pre,995.139,,,
87339774174759,acc,-6.324,-3.080,8.227,
87339774174759,Gyro,2.424,-1.856,0.115,
87339774174759,Lacc,-1.885,-6.479,0.166,
87339774174759,GameRo,0.074,0.289,0.374,0.878
87339794044673,acc,-5.317,-2.402,7.207,
87339794044673,Gyro,2.362,-2.041,0.307,
87339794044673,Lacc,-1.165,-6.124,-0.864,
87339794044673,GameRo,0.098,0.281,0.368,0.881
87339796747228,pre,995.121,,,
87339813889603,acc,-4.378,-1.772,5.482,
87339813889603,Gyro,2.080,-2.081,0.420,
87339813889603,Lacc,-0.592,-5.871,-2.587,
87339813889603,GameRo,0.126,0.270,0.363,0.883
87339821825598,pre,995.100,,,
87339833785477,acc,-3.759,-1.705,4.984,
87339833785477,Gyro,1.705,-1.897,0.471,
87339833785477,Lacc,-0.322,-6.125,-3.071,
87339833785477,GameRo,0.150,0.259,0.359,0.884
87339846881465,pre,995.109,,,
87339853655554,acc,-2.765,-1.349,5.434,
87339853655554,Gyro,1.321,-1.844,0.439,
87339853655554,Lacc,0.337,-6.022,-2.614,
87339853655554,GameRo,0.170,0.247,0.357,0.885
87339871934403,pre,995.158,,,
87339873526118,acc,-1.742,-1.396,6.133,
87339873526118,Gyro,1.026,-1.810,0.156,
87339873526118,Lacc,1.041,-6.257,-1.921,
87339873526118,GameRo,0.186,0.234,0.353,0.886
87339893395951,acc,-2.205,-0.201,6.856,
87339893395951,Gyro,0.851,-1.761,-0.074,
87339893395951,Lacc,0.299,-5.196,-1.207,
87339893395951,GameRo,0.200,0.222,0.348,0.889
87339896962031,pre,995.161,,,
87339913265864,acc,-2.496,0.465,6.538,
87339913265864,Gyro,0.830,-1.589,-0.035,
87339913265864,Lacc,-0.251,-4.651,-1.525,
87339913265864,GameRo,0.212,0.210,0.342,0.891
87339922023880,pre,995.127,,,
87339933110957,acc,-2.379,1.359,5.980,
87339933110957,Gyro,0.989,-1.052,0.178,
87339933110957,Lacc,-0.345,-3.905,-2.045,
87339933110957,GameRo,0.225,0.201,0.338,0.891
87339947092280,pre,995.094,,,
87339953006505,acc,-2.163,1.908,6.356,
87339953006505,Gyro,1.140,-0.459,0.430,
87339953006505,Lacc,-0.261,-3.544,-1.575,
87339953006505,GameRo,0.237,0.199,0.338,0.889
87339972856156,acc,-1.893,1.775,6.802,
87339972856156,Gyro,1.089,-0.199,0.578,
87339972143753,pre,995.106,,,
87339972856156,Lacc,-0.088,-3.871,-1.014,
87339972856156,GameRo,0.249,0.199,0.340,0.885
87339992746658,acc,-1.890,2.009,7.107,
87339992746658,Gyro,0.912,-0.175,0.652,
87339992746658,Lacc,-0.177,-3.808,-0.603,
87339992746658,GameRo,0.259,0.200,0.343,0.881
87339997214676,pre,995.139,,,
87340012616898,acc,-1.780,2.008,7.125,
87340012616898,Gyro,0.629,-0.344,0.711,
87340012616898,Lacc,-0.194,-3.940,-0.513,
87340012616898,GameRo,0.267,0.198,0.347,0.877
87340022251338,pre,995.155,,,
87340032487096,acc,-1.314,2.122,6.856,
87340032487096,Gyro,0.464,-0.141,0.756,
87340032487096,Lacc,0.142,-3.917,-0.736,
87340032487096,GameRo,0.274,0.195,0.352,0.874
87340047304154,pre,995.149,,,
87340052340164,acc,-1.445,2.335,7.271,
87340052340164,Gyro,0.604,0.404,0.806,
87340052340164,Lacc,-0.053,-3.801,-0.256,
87340052340164,GameRo,0.279,0.196,0.358,0.869
87340072227167,acc,-1.372,1.801,8.484,
87340072227167,Gyro,0.935,0.793,0.820,
87340072227167,Lacc,0.028,-4.476,1.076,
87340072227167,GameRo,0.285,0.203,0.366,0.862
87340072340693,pre,995.155,,,
87340092097733,acc,-2.331,1.754,9.471,
87340092097733,Gyro,1.215,0.760,0.700,
87340092097733,Lacc,-0.774,-3.949,1.643,
87340092097733,GameRo,0.249,0.197,0.372,0.872
87340097390945,pre,995.170,,,
87340111968053,acc,-3.046,3.088,8.957,
87340111968053,Gyro,1.232,0.476,0.573,
87340111968053,Lacc,-1.226,-2.502,1.104,
87340111968053,GameRo,0.236,0.210,0.381,0.869
87340122442907,pre,995.152,,,
87340131838089,acc,-2.424,3.494,7.228,
87340131838089,Gyro,0.854,0.155,0.336,
87340131838089,Lacc,-0.619,-2.273,-0.500,
87340131838089,GameRo,0.245,0.215,0.383,0.865
87340147519852,pre,995.121,,,
87340151708206,acc,-2.366,3.739,6.550,
87340151708206,Gyro,0.063,-0.012,0.119,
87340151708206,Lacc,-0.568,-2.085,-1.136,
87340151708206,GameRo,0.248,0.216,0.383,0.863
87340171578323,acc,-2.364,3.710,7.246,
87340171578323,Gyro,-0.536,-0.418,0.133,
87340171578323,Lacc,-0.621,-2.051,-0.501,
87340171578323,GameRo,0.245,0.212,0.384,0.864
87340172551916,pre,995.118,,,
87340191430455,acc,-2.378,3.784,7.224,
87340191430455,Gyro,-0.620,-0.193,0.200,
87340191430455,Lacc,-0.715,-1.879,-0.612,
87340191430455,GameRo,0.242,0.206,0.386,0.866
87340197641475,pre,995.139,,,
87340211319127,acc,-2.889,3.923,8.296,
87340211319127,Gyro,-0.546,0.036,0.444,
87340211319127,Lacc,-1.075,-1.531,0.346,
87340211319127,GameRo,0.226,0.209,0.393,0.866
87340222682491,pre,995.127,,,
87340231162714,acc,-2.511,3.621,8.799,
87340231162714,Gyro,-0.576,-0.282,0.918,
87340231162714,Lacc,-0.670,-1.455,0.609,
87340231162714,GameRo,0.204,0.202,0.401,0.870
87340247736933,pre,995.094,,,
87340251056880,acc,-1.553,2.597,9.654,
87340251056880,Gyro,-0.499,-0.127,0.900,
87340251056880,Lacc,0.145,-2.330,1.343,
87340251056880,GameRo,0.198,0.193,0.409,0.870
87340270929356,acc,-1.445,2.145,10.331,
87340270929356,Gyro,-0.012,-0.428,0.657,
87340270929356,Lacc,0.138,-2.769,1.989,
87340270929356,GameRo,0.199,0.188,0.415,0.867
87340272791458,pre,995.084,,,
87340290773961,acc,-1.308,2.134,9.240,
87340290773961,Gyro,0.159,-0.921,0.138,
87340290773961,Lacc,0.085,-2.682,0.808,
87340290773961,GameRo,0.198,0.176,0.414,0.871
87340297846959,pre,995.124,,,
87340310669795,acc,-0.162,2.610,7.318,
87340310669795,Gyro,-0.210,-0.825,-0.402,
87340310669795,Lacc,1.105,-2.189,-1.144,
87340310669795,GameRo,0.201,0.168,0.410,0.873
87340322902013,pre,995.130,,,
87340330514358,acc,-0.012,2.981,7.183,
87340330514358,Gyro,-0.636,-1.089,-0.688,
87340330514358,Lacc,1.157,-1.720,-1.348,
87340330514358,GameRo,0.199,0.159,0.404,0.879
87340347957515,pre,995.097,,,
87340350410803,acc,-0.476,2.988,6.466,
87340350410803,Gyro,-1.247,-0.998,-0.773,
87340350410803,Lacc,0.553,-1.514,-2.190,
87340350410803,GameRo,0.194,0.146,0.396,0.886
87340370280431,acc,-0.848,2.910,7.745,
87340370280431,Gyro,-1.239,0.078,-0.734,
87340370280431,Lacc,0.206,-1.337,-1.035,
87340370280431,GameRo,0.182,0.140,0.391,0.892
87340373014806,pre,995.094,,,
87340390150671,acc,-1.792,2.888,9.185,
87340390150671,Gyro,-0.732,0.521,-0.533,
87340390150671,Lacc,-0.493,-1.002,0.273,
87340390150671,GameRo,0.159,0.143,0.390,0.896
87340398045080,pre,995.112,,,
87340410021113,acc,-2.065,2.723,10.949,
87340410021113,Gyro,-0.118,0.607,-0.321,
87340410021113,Lacc,-0.620,-1.099,2.030,
87340410021113,GameRo,0.153,0.148,0.388,0.897
87340423125523,pre,995.133,,,
87340429866857,acc,-1.688,2.528,11.377,
87340429866857,Gyro,0.488,0.306,-0.200,
87340429866857,Lacc,-0.151,-1.343,2.495,
87340429866857,GameRo,0.154,0.154,0.386,0.897
87340448180943,pre,995.139,,,
87340449761632,acc,-1.130,2.361,10.343,
87340449761632,Gyro,0.888,-0.094,-0.182,
87340449761632,Lacc,0.424,-1.644,1.523,
87340449761632,GameRo,0.161,0.157,0.383,0.896
87340469631587,acc,-1.333,3.021,9.098,
87340469631587,Gyro,1.060,-0.218,-0.041,
87340469631587,Lacc,0.189,-1.131,0.341,
87340469631587,GameRo,0.169,0.158,0.379,0.896
87340473234532,pre,995.130,,,
87340489502273,acc,-2.156,3.545,8.812,
87340489502273,Gyro,1.146,-0.444,0.429,
87340489502273,Lacc,-0.702,-0.798,0.137,
87340489502273,GameRo,0.180,0.159,0.379,0.893
87340498309321,pre,995.109,,,
87340509372676,acc,-1.778,3.139,8.094,
87340509372676,Gyro,1.255,-0.464,0.955,
87340509372676,Lacc,-0.484,-1.434,-0.488,
87340509372676,GameRo,0.194,0.158,0.384,0.889
87340523345169,pre,995.106,,,
87340529242101,acc,-1.641,2.978,8.512,
87340529242101,Gyro,1.479,-0.450,1.236,
87340529242101,Lacc,-0.532,-1.851,0.045,
87340529242101,GameRo,0.209,0.157,0.391,0.882
87340549111974,acc,-1.645,4.028,9.830,
87340549111974,Gyro,1.856,-0.379,1.226,
87340548402339,pre,995.133,,,
87340549111974,Lacc,-0.723,-1.115,1.528,
87340549111974,GameRo,0.228,0.158,0.399,0.874
87340568982701,acc,-1.814,4.836,9.194,
87340568982701,Gyro,1.854,-0.469,1.081,
87340568982701,Lacc,-1.087,-0.641,1.088,
87340568982701,GameRo,0.248,0.159,0.405,0.866
87340573431677,pre,995.161,,,
87340588852778,acc,-0.066,6.098,9.096,
87340588852778,Gyro,1.287,-0.236,0.869,
87340588852778,Lacc,0.512,0.364,1.157,
87340588852778,GameRo,0.264,0.160,0.410,0.858
87340598489822,pre,995.155,,,
87340608723017,acc,1.694,6.167,8.380,
87340608723017,Gyro,0.182,-0.768,0.548,
87340608723017,Lacc,2.093,0.338,0.499,
87340608723017,GameRo,0.272,0.155,0.413,0.855
87340623563837,pre,995.139,,,
87340628592484,acc,1.703,4.960,6.204,
87340628592484,Gyro,-1.041,-0.998,0.147,
87340628592484,Lacc,1.915,-0.770,-1.756,
87340628592484,GameRo,0.272,0.143,0.413,0.857
87340648463536,acc,0.117,3.923,6.417,
87340648463536,Gyro,-2.017,-0.703,0.008,
87340648463536,Lacc,0.188,-1.515,-1.748,
87340648463536,GameRo,0.260,0.128,0.413,0.863
87340648598098,pre,995.139,,,
87340668333288,acc,0.089,3.289,9.586,
87340668333288,Gyro,-2.048,-0.226,-0.070,
87340668333288,Lacc,0.103,-1.728,1.156,
87340668333288,GameRo,0.239,0.115,0.414,0.871
87340673657954,pre,995.136,,,
87340688203893,acc,0.006,2.607,11.366,
87340688203893,Gyro,-1.302,-0.227,-0.189,
87340688203893,Lacc,0.003,-2.137,2.779,
87340688203893,GameRo,0.226,0.107,0.414,0.875
87340698706172,pre,995.124,,,
87340708073441,acc,0.460,3.055,11.074,
87340708073441,Gyro,-0.539,-0.440,-0.340,
87340708073441,Lacc,0.424,-1.564,2.419,
87340708073441,GameRo,0.220,0.101,0.412,0.878
87340723770177,pre,995.097,,,
87340727943964,acc,0.200,3.701,9.068,
87340727943964,Gyro,-0.324,-0.390,-0.576,
87340727943964,Lacc,0.126,-0.860,0.383,
87340727943964,GameRo,0.219,0.097,0.407,0.882
87340747814123,acc,-1.137,4.756,7.629,
87340747814123,Gyro,-0.368,0.174,-0.614,
87340747814123,Lacc,-1.161,0.256,-1.089,
87340747814123,GameRo,0.215,0.096,0.401,0.885
87340748823888,pre,995.063,,,
87340767684158,acc,-0.544,4.984,10.029,
87340767684158,Gyro,-0.415,0.291,-0.403,
87340767684158,Lacc,-0.465,0.550,1.279,
87340767684158,GameRo,0.210,0.099,0.398,0.887
87340773886672,pre,995.060,,,
87340787554479,acc,-1.248,4.259,9.372,
87340787554479,Gyro,-0.717,0.390,-0.267,
87340787554479,Lacc,-1.079,-0.073,0.572,
87340787554479,GameRo,0.203,0.100,0.397,0.889
87340798969802,pre,995.088,,,
87340807424433,acc,-1.142,4.521,9.748,
87340807424433,Gyro,-0.990,0.375,-0.219,
87340807424433,Lacc,-0.890,0.357,0.869,
87340807424433,GameRo,0.193,0.100,0.397,0.892
87340824012608,pre,995.106,,,
87340827299230,acc,-0.988,4.369,10.083,
87340827299230,Gyro,-0.885,0.499,-0.122,
87340827299230,Lacc,-0.640,0.378,1.128,
87340827299230,GameRo,0.183,0.101,0.397,0.894
87340847165156,acc,-0.391,3.157,11.310,
87340847165156,Gyro,-0.548,0.266,-0.134,
87340847165156,Lacc,0.043,-0.713,2.306,
87340847165156,GameRo,0.175,0.102,0.398,0.895
87340849067988,pre,995.112,,,
87340867034988,acc,-0.040,3.075,10.999,
87340867034988,Gyro,-0.165,-0.170,-0.216,
87340867034988,Lacc,0.396,-0.742,1.972,
87340867034988,GameRo,0.172,0.101,0.396,0.896
87340874123449,pre,995.121,,,
87340886905268,acc,0.029,2.496,10.071,
87340886905268,Gyro,0.099,-0.416,-0.267,
87340886905268,Lacc,0.413,-1.316,1.040,
87340886905268,GameRo,0.174,0.098,0.393,0.898
87340899177526,pre,995.121,,,
87340906775630,acc,-0.079,1.914,9.337,
87340906775630,Gyro,0.120,-0.361,-0.472,
87340906775630,Lacc,0.245,-1.835,0.277,
87340906775630,GameRo,0.172,0.093,0.388,0.901
87340924233394,pre,995.090,,,
87340926646031,acc,0.122,3.091,9.122,
87340926646031,Gyro,0.164,-0.241,-0.586,
87340926646031,Lacc,0.440,-0.678,0.070,
87340926646031,GameRo,0.174,0.092,0.382,0.903
87340946516067,acc,0.683,3.720,9.084,
87340946516067,Gyro,0.339,-0.288,-0.479,
87340946516067,Lacc,0.981,-0.092,0.050,
87340946516067,GameRo,0.177,0.090,0.376,0.905
87340949287022,pre,995.060,,,
87340966386143,acc,0.519,2.969,8.449,
87340966386143,Gyro,0.498,-0.253,-0.369,
87340966386143,Lacc,0.792,-0.924,-0.551,
87340966386143,GameRo,0.182,0.090,0.372,0.906
87340974343297,pre,995.060,,,
87340986230748,acc,0.321,3.216,8.073,
87340986230748,Gyro,0.566,-0.073,-0.371,
87340986230748,Lacc,0.597,-0.774,-0.885,
87340986230748,GameRo,0.187,0.092,0.368,0.906
87340999396235,pre,995.094,,,
87341006126459,acc,0.471,3.665,7.673,
87341006126459,Gyro,0.437,0.169,-0.316,
87341006126459,Lacc,0.793,-0.417,-1.241,
87341006126459,GameRo,0.191,0.095,0.364,0.906
87341024450638,pre,995.124,,,
87341025978022,acc,0.155,3.399,8.568,
87341025978022,Gyro,0.079,0.104,-0.347,
87341025978022,Lacc,0.535,-0.716,-0.329,
87341025978022,GameRo,0.192,0.098,0.362,0.907
87341045867222,acc,-0.002,3.747,8.983,
87341045867222,Gyro,-0.147,-0.172,-0.369,
87341045867222,Lacc,0.396,-0.344,0.075,
87341045867222,GameRo,0.191,0.098,0.358,0.909
87341049502884,pre,995.130,,,
87341065737218,acc,-0.006,4.048,8.606,
87341065737218,Gyro,-0.145,-0.331,-0.236,
87341065737218,Lacc,0.358,-0.010,-0.318,
87341065737218,GameRo,0.190,0.095,0.355,0.910
87341074555333,pre,995.109,,,
87341085581578,acc,0.286,3.792,8.041,
87341085581578,Gyro,-0.084,-0.322,-0.124,
87341085581578,Lacc,0.601,-0.249,-0.893,
87341085581578,GameRo,0.190,0.091,0.353,0.911
87341099606480,pre,995.078,,,
87341105477371,acc,0.328,3.840,7.797,
87341105477371,Gyro,-0.145,-0.296,-0.136,
87341105477371,Lacc,0.598,-0.181,-1.147,
87341105477371,GameRo,0.191,0.089,0.352,0.912
87341125347447,acc,0.012,4.232,7.999,
87341125347447,Gyro,-0.205,-0.224,-0.088,
87341124661290,pre,995.060,,,
87341125347447,Lacc,0.247,0.247,-0.963,
87341125347447,GameRo,0.189,0.086,0.350,0.913
87341145219070,acc,0.068,3.996,7.869,
87341145219070,Gyro,-0.238,-0.112,0.022,
87341145219070,Lacc,0.277,0.050,-1.110,
87341145219070,GameRo,0.188,0.084,0.350,0.914
87341149714309,pre,995.057,,,
87341165065343,acc,0.420,3.572,7.989,
87341165065343,Gyro,-0.404,-0.019,-0.015,
87341165065343,Lacc,0.618,-0.313,-1.017,
87341165065343,GameRo,0.185,0.082,0.350,0.914
87341174752029,pre,995.060,,,
87341184932693,acc,0.472,3.496,9.008,
87341184932693,Gyro,-0.433,0.026,-0.073,
87341184932693,Lacc,0.680,-0.307,-0.033,
87341184932693,GameRo,0.181,0.081,0.350,0.915
87341199820185,pre,995.078,,,
87341204828282,acc,0.093,3.169,9.546,
87341204828282,Gyro,-0.282,-0.095,-0.113,
87341204828282,Lacc,0.300,-0.570,0.479,
87341204828282,GameRo,0.178,0.079,0.350,0.916
87341224699376,acc,0.148,3.089,9.333,
87341224699376,Gyro,-0.092,-0.172,-0.144,
87341224699376,Lacc,0.333,-0.620,0.252,
87341224699376,GameRo,0.177,0.077,0.348,0.917
87341224894241,pre,995.087,,,
87341244569534,acc,0.351,3.268,9.546,
87341244569534,Gyro,0.088,-0.178,-0.180,
87341244569534,Lacc,0.516,-0.447,0.469,
87341244569534,GameRo,0.178,0.076,0.346,0.918
87341249902583,pre,995.094,,,
87341264430170,acc,0.339,3.329,9.616,
87341264430170,Gyro,0.109,-0.213,-0.173,
87341264430170,Lacc,0.483,-0.410,0.547,
87341264430170,GameRo,0.179,0.075,0.344,0.919
87341274959833,pre,995.109,,,
87341284310093,acc,0.194,3.519,9.487,
87341284310093,Gyro,-0.046,-0.287,-0.168,
87341284310093,Lacc,0.302,-0.222,0.419,
87341284310093,GameRo,0.180,0.073,0.342,0.919
87341300036574,pre,995.118,,,
87341304153885,acc,0.046,3.627,9.673,
87341304153885,Gyro,-0.127,-0.310,-0.109,
87341304153885,Lacc,0.109,-0.092,0.596,
87341304153885,GameRo,0.180,0.070,0.340,0.920
87341324049677,acc,0.261,3.265,9.813,
87341324049677,Gyro,-0.066,-0.354,-0.125,
87341324049677,Lacc,0.271,-0.435,0.728,
87341324049677,GameRo,0.180,0.067,0.339,0.921
87341325065302,pre,995.097,,,
87341343920161,acc,0.415,3.240,9.314,
87341343920161,Gyro,0.023,-0.322,-0.183,
87341343920161,Lacc,0.372,-0.459,0.228,
87341343920161,GameRo,0.181,0.064,0.337,0.922
87341350144037,pre,995.084,,,
87341363790277,acc,0.360,3.590,8.890,
87341363790277,Gyro,0.047,-0.188,-0.181,
87341363790277,Lacc,0.289,-0.119,-0.192,
87341363790277,GameRo,0.182,0.062,0.335,0.922
87341375199091,pre,995.094,,,
87341383661290,acc,0.247,3.652,8.775,
87341383661290,Gyro,-0.010,-0.102,-0.139,
87341383661290,Lacc,0.166,-0.060,-0.305,
87341383661290,GameRo,0.183,0.061,0.333,0.923
87341400248855,pre,995.090,,,
87341403530837,acc,0.337,3.614,8.958,
87341403530837,Gyro,-0.047,-0.078,-0.093,
87341403530837,Lacc,0.249,-0.090,-0.126,
87341403530837,GameRo,0.183,0.061,0.332,0.923
87341423400507,acc,0.354,3.566,9.028,
87341423400507,Gyro,-0.076,-0.064,-0.067,
87341423400507,Lacc,0.259,-0.126,-0.060,
87341423400507,GameRo,0.182,0.060,0.331,0.924
87341425275304,pre,995.051,,,
87341443271682,acc,0.372,3.473,9.100,
87341443271682,Gyro,-0.097,-0.035,-0.061,
87341443271682,Lacc,0.271,-0.202,0.005,
87341443271682,GameRo,0.181,0.059,0.331,0.924
87341450354079,pre,995.048,,,
87341463140904,acc,0.427,3.504,9.311,
87341463140904,Gyro,-0.026,0.020,-0.048,
87341463140904,Lacc,0.332,-0.160,0.212,
87341463140904,GameRo,0.181,0.059,0.330,0.925
87341475406936,pre,995.100,,,
87341483011835,acc,0.424,3.445,9.413,
87341483011835,Gyro,0.043,0.016,-0.026,
87341483011835,Lacc,0.335,-0.224,0.315,
87341483011835,GameRo,0.181,0.060,0.330,0.925
87341500459101,pre,995.136,,,
87341502881342,acc,0.539,3.332,9.316,
87341502881342,Gyro,0.051,-0.043,-0.045,
87341502881342,Lacc,0.448,-0.346,0.222,
87341502881342,GameRo,0.182,0.060,0.329,0.925
87341522751499,acc,0.618,3.356,9.131,
87341522751499,Gyro,0.018,-0.084,-0.071,
87341522751499,Lacc,0.516,-0.328,0.039,
87341522751499,GameRo,0.182,0.059,0.329,0.925
87341525486322,pre,995.115,,,
87341542622227,acc,0.622,3.326,8.968,
87341542622227,Gyro,0.013,-0.037,-0.103,
87341542622227,Lacc,0.515,-0.359,-0.123,
87341542622227,GameRo,0.182,0.059,0.328,0.925
87341550566523,pre,995.097,,,
87341562492141,acc,0.443,3.387,9.071,
87341562492141,Gyro,0.030,0.019,-0.109,
87341562492141,Lacc,0.346,-0.303,-0.018,
87341562492141,GameRo,0.182,0.059,0.327,0.926
87341575617670,pre,995.112,,,
87341582362828,acc,0.376,3.435,9.079,
87341582362828,Gyro,0.034,0.050,-0.092,
87341582362828,Lacc,0.293,-0.261,-0.008,
87341582362828,GameRo,0.183,0.060,0.326,0.926
87341600672602,pre,995.112,,,
87341602232416,acc,0.451,3.396,9.239,
87341602232416,Gyro,0.047,0.057,-0.071,
87341602232416,Lacc,0.384,-0.307,0.155,
87341602232416,GameRo,0.183,0.060,0.325,0.926
87341622102289,acc,0.429,3.302,9.308,
87341622102289,Gyro,0.071,0.019,-0.075,
87341622102289,Lacc,0.372,-0.412,0.228,
87341622102289,GameRo,0.183,0.061,0.324,0.926
87341625701247,pre,995.090,,,
87341641972650,acc,0.405,3.484,9.353,
87341641972650,Gyro,0.079,-0.024,-0.072,
87341641972650,Lacc,0.353,-0.244,0.279,
87341641972650,GameRo,0.184,0.061,0.324,0.926
87341650779942,pre,995.087,,,
87341661842442,acc,0.399,3.376,9.125,
87341661842442,Gyro,0.044,-0.031,-0.061,
87341661842442,Lacc,0.342,-0.363,0.055,
87341661842442,GameRo,0.184,0.061,0.323,0.926
87341675832961,pre,995.103,,,
87341681713210,acc,0.532,3.109,9.239,
87341681713210,Gyro,0.015,0.002,-0.121,
87341681713210,Lacc,0.478,-0.629,0.169,
87341681713210,GameRo,0.184,0.061,0.322,0.927
87341701582880,acc,0.354,3.112,9.737,
87341701582880,Gyro,0.140,-0.055,-0.209,
87341700883173,pre,995.081,,,
87341701582880,Lacc,0.313,-0.640,0.672,
87341701582880,GameRo,0.185,0.062,0.320,0.927
87341721453078,acc,0.174,3.449,8.644,
87341721453078,Gyro,0.164,-0.205,-0.193,
87341721453078,Lacc,0.120,-0.345,-0.403,
87341721453078,GameRo,0.187,0.061,0.318,0.927
87341725937494,pre,995.057,,,
87341741323358,acc,0.288,3.754,8.455,
87341741323358,Gyro,-0.071,-0.073,-0.208,
87341741323358,Lacc,0.225,-0.035,-0.594,
87341741323358,GameRo,0.187,0.060,0.316,0.928
87341750991490,pre,995.078,,,
87341761193638,acc,-0.312,3.861,9.241,
87341761193638,Gyro,-0.079,-0.114,-0.079,
87341761193638,Lacc,-0.380,0.090,0.186,
87341761193638,GameRo,0.187,0.059,0.315,0.929
87341776044794,pre,995.130,,,
87341781063796,acc,-0.065,3.612,9.424,
87341781063796,Gyro,-0.050,-0.157,-0.021,
87341781063796,Lacc,-0.159,-0.149,0.363,
87341781063796,GameRo,0.187,0.058,0.314,0.929
87341800934076,acc,0.208,3.579,9.052,
87341800934076,Gyro,-0.089,-0.169,0.015,
87341800934076,Lacc,0.083,-0.174,-0.011,
87341800934076,GameRo,0.187,0.056,0.314,0.929
87341801071568,pre,995.145,,,
87341820804112,acc,0.383,3.706,8.544,
87341820804112,Gyro,-0.390,-0.089,-0.023,
87341820804112,Lacc,0.234,0.003,-0.539,
87341820804112,GameRo,0.185,0.054,0.314,0.930
