Timestamp,Sensor,X,Y,Z,W
82711924094425,acc,-0.019,0.278,9.765,
82711947285050,acc,-0.019,0.278,9.765,
82711966987133,acc,-0.016,0.284,9.770,
82711986689269,acc,-0.008,0.299,9.836,
82712006391404,acc,0.005,0.300,9.872,
82712034107862,pre,995.342,,,
82712026093539,acc,0.011,0.298,9.790,
82712044675675,Gyro,-0.023,0.007,-0.005,
82712045795675,acc,0.004,0.298,9.776,
82712074108175,pre,995.352,,,
82712064377810,Gyro,-0.010,0.013,-0.005,
82712065497810,acc,0.001,0.296,9.763,
82712065497810,Lacc,0.006,0.004,-0.043,
82712084079946,Gyro,0.000,0.011,-0.005,
82712085199946,acc,-0.010,0.292,9.778,
82712085199946,Lacc,-0.003,-0.000,-0.028,
82712085199946,GameRo,0.011,-0.010,-0.707,0.707
82712114105883,pre,995.321,,,
82712103782081,Gyro,0.005,0.015,-0.009,
82712104902081,acc,-0.015,0.296,9.785,
82712104902081,Lacc,-0.005,0.003,-0.021,
82712104902081,GameRo,0.011,-0.010,-0.707,0.707
82712123484164,Gyro,0.006,-0.000,-0.008,
82712124604164,acc,0.010,0.293,9.788,
82712124604164,Lacc,0.020,-0.001,-0.017,
82712124604164,GameRo,0.011,-0.010,-0.707,0.707
82712154105310,pre,995.306,,,
82712143186300,Gyro,-0.010,-0.005,0.001,
82712144306300,acc,-0.002,0.292,9.814,
82712144306300,Lacc,0.007,-0.000,0.008,
82712144306300,GameRo,0.011,-0.010,-0.707,0.707
82712162888435,Gyro,-0.010,0.005,0.000,
82712164008435,acc,-0.016,0.298,9.748,
82712164008435,Lacc,-0.006,0.007,-0.058,
82712164008435,GameRo,0.011,-0.010,-0.707,0.707
82712194102289,pre,995.283,,,
82712182590571,Gyro,0.023,-0.002,0.002,
82712183710571,acc,0.006,0.292,9.732,
82712183710571,Lacc,0.016,-0.003,-0.074,
82712183710571,GameRo,0.011,-0.010,-0.707,0.707
82712202292706,Gyro,0.059,-0.006,0.004,
82712203412706,acc,-0.008,0.302,9.712,
82712203412706,Lacc,0.000,-0.004,-0.094,
82712203412706,GameRo,0.011,-0.011,-0.707,0.707
82712221994841,Gyro,0.101,-0.034,0.001,
82712234111821,pre,995.304,,,
82712223114841,acc,-0.013,0.319,9.711,
82712223114841,Lacc,-0.011,-0.007,-0.094,
82712223114841,GameRo,0.012,-0.012,-0.707,0.707
82712241696977,Gyro,0.139,-0.101,-0.008,
82712242816977,acc,-0.003,0.345,9.696,
82712242816977,Lacc,-0.020,-0.007,-0.107,
82712242816977,GameRo,0.012,-0.014,-0.707,0.707
82712261399112,Gyro,0.179,-0.163,-0.016,
82712274098227,pre,995.262,,,
82712262519112,acc,0.023,0.371,9.745,
82712262519112,Lacc,-0.026,-0.016,-0.057,
82712262519112,GameRo,0.012,-0.016,-0.707,0.707
82712282221248,acc,0.072,0.409,9.779,
82712281101248,Gyro,0.197,-0.181,-0.017,
82712282221248,Lacc,-0.012,-0.016,-0.022,
82712282221248,GameRo,0.012,-0.019,-0.707,0.707
82712300803331,Gyro,0.212,-0.204,-0.015,
82712301923331,acc,0.131,0.450,9.765,
82712314100362,pre,995.283,,,
82712301923331,Lacc,0.008,-0.015,-0.033,
82712301923331,GameRo,0.012,-0.021,-0.707,0.706
82712320505466,Gyro,0.215,-0.213,0.001,
82712321625466,acc,0.181,0.491,9.796,
82712321625466,Lacc,0.017,-0.016,0.001,
82712321625466,GameRo,0.012,-0.024,-0.707,0.706
82712340207602,Gyro,0.271,-0.315,0.025,
82712341327602,acc,0.208,0.547,9.504,
82712341327602,Lacc,-0.017,-0.012,-0.287,
82712341327602,GameRo,0.012,-0.028,-0.707,0.706
82712354100519,pre,995.296,,,
82712359909737,Gyro,0.369,-0.500,0.012,
82712361029737,acc,0.257,0.607,9.756,
82712361029737,Lacc,-0.064,-0.024,-0.028,
82712361029737,GameRo,0.011,-0.035,-0.707,0.706
82712379611873,Gyro,0.329,-0.393,-0.002,
82712380731873,acc,0.360,0.665,9.966,
82712380731873,Lacc,-0.038,-0.030,0.188,
82712380731873,GameRo,0.011,-0.040,-0.707,0.706
82712394108435,pre,995.275,,,
82712399314008,Gyro,0.175,-0.084,-0.005,
82712400434008,acc,0.433,0.708,10.066,
82712400434008,Lacc,0.019,-0.020,0.292,
82712400434008,GameRo,0.011,-0.041,-0.707,0.706
82712419016144,Gyro,0.039,0.092,0.005,
82712420136144,acc,0.407,0.733,9.893,
82712420136144,Lacc,0.012,-0.003,0.119,
82712420136144,GameRo,0.012,-0.041,-0.707,0.706
82712434106352,pre,995.268,,,
82712438718279,Gyro,-0.021,0.123,0.002,
82712439838279,acc,0.379,0.742,9.807,
82712439838279,Lacc,0.007,0.011,0.031,
82712439838279,GameRo,0.013,-0.040,-0.707,0.706
82712458420414,Gyro,-0.031,0.055,0.000,
82712459540414,acc,0.385,0.729,9.730,
82712459540414,Lacc,0.024,0.004,-0.047,
82712459540414,GameRo,0.013,-0.039,-0.707,0.706
82712474110519,pre,995.301,,,
82712478122550,Gyro,-0.026,-0.008,0.007,
82712479242550,acc,0.368,0.717,9.779,
82712479242550,Lacc,0.006,-0.003,0.003,
82712479242550,GameRo,0.013,-0.039,-0.707,0.706
82712497824737,Gyro,-0.036,0.023,0.011,
82712498944737,acc,0.368,0.723,9.751,
82712498944737,Lacc,0.009,0.010,-0.026,
82712498944737,GameRo,0.013,-0.039,-0.707,0.706
82712514106352,pre,995.265,,,
82712517526873,Gyro,-0.007,0.014,0.014,
82712518646873,acc,0.361,0.721,9.686,
82712518646873,Lacc,0.004,0.009,-0.092,
82712518646873,GameRo,0.013,-0.039,-0.707,0.706
82712538349008,acc,0.338,0.721,9.738,
82712537229008,Gyro,0.023,-0.031,0.006,
82712538349008,Lacc,-0.024,0.004,-0.040,
82712538349008,GameRo,0.013,-0.039,-0.707,0.706
82712554103071,pre,995.265,,,
82712556931144,Gyro,0.008,-0.020,-0.003,
82712558051144,acc,0.341,0.722,9.829,
82712558051144,Lacc,-0.025,0.004,0.052,
82712558051144,GameRo,0.013,-0.039,-0.707,0.706
82712576633279,Gyro,-0.020,0.039,-0.011,
82712577753279,acc,0.349,0.712,9.794,
82712577753279,Lacc,-0.009,-0.002,0.016,
82712577753279,GameRo,0.013,-0.039,-0.707,0.706
82712594103279,pre,995.257,,,
82712597455414,acc,0.348,0.709,9.752,
82712596335414,Gyro,-0.032,0.061,-0.020,
82712597455414,Lacc,0.002,0.001,-0.027,
82712597455414,GameRo,0.013,-0.038,-0.707,0.706
82712616037550,Gyro,-0.024,0.047,-0.022,
82712617157550,acc,0.352,0.703,9.734,
82712617157550,Lacc,0.015,-0.001,-0.045,
82712617157550,GameRo,0.013,-0.038,-0.707,0.706
82712634099373,pre,995.296,,,
82712635739685,Gyro,-0.003,0.017,-0.013,
82712636859685,acc,0.374,0.703,9.714,
82712636859685,Lacc,0.040,-0.000,-0.065,
82712636859685,GameRo,0.013,-0.038,-0.707,0.706
82712655441821,Gyro,-0.005,0.022,0.016,
82712656561821,acc,0.365,0.697,9.856,
82712656561821,Lacc,0.035,-0.005,0.076,
82712656561821,GameRo,0.013,-0.037,-0.707,0.706
82712674100154,pre,995.252,,,
82712675143956,Gyro,-0.076,0.113,0.020,
82712676263956,Lacc,-0.026,0.010,0.103,
82712676263956,GameRo,0.014,-0.036,-0.707,0.706
82712676263956,acc,0.282,0.697,9.884,
82712694846091,Gyro,-0.108,0.168,-0.005,
82712695966091,acc,0.249,0.681,9.733,
82712695966091,Lacc,-0.027,0.015,-0.050,
82712695966091,GameRo,0.014,-0.034,-0.707,0.706
82712714108696,pre,995.267,,,
82712714548227,Gyro,-0.053,0.076,-0.022,
82712715668227,acc,0.279,0.665,9.599,
82712715668227,Lacc,0.019,0.008,-0.186,
82712715668227,GameRo,0.014,-0.033,-0.707,0.706
82712734250414,Gyro,0.040,-0.062,-0.002,
82712735370414,acc,0.346,0.656,9.634,
82712735370414,Lacc,0.073,-0.007,-0.150,
82712735370414,GameRo,0.014,-0.034,-0.707,0.706
82712754106456,pre,995.270,,,
82712753952550,Gyro,0.066,-0.159,0.038,
82712755072550,acc,0.322,0.667,9.771,
82712755072550,Lacc,0.019,-0.010,-0.011,
82712755072550,GameRo,0.013,-0.036,-0.707,0.706
82712773654685,Gyro,0.028,-0.140,0.042,
82712774774685,acc,0.300,0.679,9.845,
82712774774685,Lacc,-0.031,-0.003,0.064,
82712774774685,GameRo,0.013,-0.037,-0.707,0.707
82712794100466,pre,995.278,,,
82712793356821,Gyro,-0.012,-0.073,0.026,
82712794476821,acc,0.312,0.687,9.818,
82712794476821,Lacc,-0.034,0.008,0.038,
82712794476821,GameRo,0.012,-0.037,-0.706,0.707
82712813058956,Gyro,-0.029,-0.031,0.018,
82712814178956,acc,0.346,0.680,9.796,
82712814178956,Lacc,-0.006,0.007,0.016,
82712814178956,GameRo,0.012,-0.037,-0.706,0.707
82712834109998,pre,995.247,,,
82712832761091,Gyro,-0.033,-0.011,0.012,
82712833881091,acc,0.346,0.673,9.739,
82712833881091,Lacc,-0.008,0.006,-0.042,
82712833881091,GameRo,0.011,-0.037,-0.706,0.707
82712853583279,acc,0.379,0.664,9.717,
82712852463279,Gyro,-0.011,-0.029,0.020,
82712853583279,Lacc,0.019,-0.001,-0.064,
82712853583279,GameRo,0.011,-0.037,-0.706,0.707
82712874107133,pre,995.262,,,
82712872165414,Gyro,0.027,-0.017,0.026,
82712873285414,acc,0.360,0.669,9.698,
82712873285414,Lacc,-0.004,-0.000,-0.083,
82712873285414,GameRo,0.011,-0.037,-0.706,0.707
82712891867550,Gyro,0.066,-0.028,0.012,
82712892987550,acc,0.334,0.685,9.717,
82712892987550,Lacc,-0.035,0.003,-0.062,
82712892987550,GameRo,0.011,-0.038,-0.706,0.707
82712914102081,pre,995.288,,,
82712911569685,Gyro,0.076,-0.036,-0.001,
82712912689685,acc,0.374,0.690,9.770,
82712912689685,Lacc,-0.002,-0.007,-0.008,
82712912689685,GameRo,0.012,-0.039,-0.706,0.707
82712932391873,Lacc,0.021,-0.009,0.101,
82712931271873,Gyro,0.045,-0.020,0.007,
82712932391873,GameRo,0.012,-0.039,-0.706,0.707
82712932391873,acc,0.401,0.697,9.879,
82712954101300,pre,995.270,,,
82712950974008,Gyro,-0.011,0.013,0.010,
82712952094008,acc,0.354,0.708,9.821,
82712952094008,Lacc,-0.024,0.004,0.044,
82712952094008,GameRo,0.012,-0.039,-0.706,0.707
82712970676144,Gyro,-0.037,0.018,-0.006,
82712971796144,acc,0.351,0.698,9.803,
82712971796144,Lacc,-0.024,0.002,0.025,
82712971796144,GameRo,0.012,-0.039,-0.706,0.707
82712994103071,pre,995.260,,,
82712990378279,Gyro,-0.047,0.042,-0.009,
82712991498279,acc,0.389,0.686,9.766,
82712991498279,Lacc,0.023,-0.001,-0.012,
82712991498279,GameRo,0.012,-0.038,-0.706,0.707
82713010080466,Gyro,-0.040,0.031,0.011,
82713011200466,Lacc,0.047,-0.006,-0.012,
82713011200466,acc,0.407,0.674,9.768,
82713011200466,GameRo,0.011,-0.038,-0.706,0.707
82713034109998,pre,995.262,,,
82713029782602,Gyro,-0.057,0.078,0.025,
82713030902602,acc,0.323,0.678,9.894,
82713030902602,Lacc,-0.023,0.010,0.113,
82713030902602,GameRo,0.012,-0.037,-0.706,0.708
82713049484737,Gyro,-0.069,0.151,-0.010,
82713050604737,acc,0.271,0.684,9.780,
82713050604737,Lacc,-0.045,0.029,-0.003,
82713050604737,GameRo,0.012,-0.035,-0.706,0.708
82713074109425,pre,995.288,,,
82713069186925,Gyro,-0.053,0.133,-0.036,
82713070306925,acc,0.291,0.645,9.613,
82713070306925,Lacc,0.001,0.001,-0.171,
82713070306925,GameRo,0.013,-0.034,-0.706,0.707
82713090009060,acc,0.449,0.660,9.559,
82713090009060,Lacc,0.168,0.008,-0.226,
82713088889060,Gyro,0.036,0.048,-0.036,
82713090009060,GameRo,0.013,-0.034,-0.706,0.707
82713114099633,pre,995.275,,,
82713109711196,acc,2.054,0.750,10.110,
82713108591196,Gyro,0.265,-0.064,-0.209,
82713109711196,Lacc,1.763,0.045,0.329,
82713109711196,GameRo,0.015,-0.036,-0.707,0.706
82713129413383,acc,2.171,0.626,9.584,
82713128293383,Gyro,0.337,-0.133,-0.387,
82713129413383,Lacc,1.860,-0.146,-0.190,
82713129413383,GameRo,0.016,-0.039,-0.710,0.703
82713154110050,pre,995.285,,,
82713147995519,Gyro,0.199,-0.087,-0.572,
82713149115519,acc,2.299,0.457,8.983,
82713149115519,Lacc,1.979,-0.356,-0.788,
82713149115519,GameRo,0.017,-0.041,-0.714,0.699
82713168817654,acc,1.195,-0.539,9.410,
82713167697654,Gyro,-0.014,-0.035,-0.661,
82713168817654,Lacc,0.878,-1.353,-0.361,
82713168817654,GameRo,0.017,-0.041,-0.718,0.694
82713194107966,pre,995.291,,,
82713187399841,Gyro,0.098,-0.128,-0.510,
82713188519841,acc,0.047,-1.248,10.393,
82713188519841,Lacc,-0.286,-2.083,0.624,
82713188519841,GameRo,0.017,-0.043,-0.722,0.690
82713207101977,Gyro,0.254,-0.177,-0.189,
82713208221977,acc,0.128,-0.966,9.755,
82713208221977,Lacc,-0.236,-1.851,-0.008,
82713208221977,GameRo,0.018,-0.046,-0.723,0.689
82713234100258,pre,995.278,,,
82713227924112,acc,1.151,0.123,9.114,
82713226804112,Gyro,0.134,-0.018,-0.027,
82713227924112,Lacc,0.784,-0.787,-0.646,
82713227924112,GameRo,0.018,-0.047,-0.723,0.689
82713247626300,acc,1.560,0.784,8.767,
82713247626300,Lacc,1.225,-0.117,-0.995,
82713246506300,Gyro,-0.053,0.157,-0.109,
82713247626300,GameRo,0.019,-0.045,-0.724,0.688
82713274104841,pre,995.288,,,
82713266208435,Gyro,-0.149,0.152,-0.252,
82713267328435,acc,1.333,1.064,8.638,
82713267328435,Lacc,1.031,0.190,-1.128,
82713267328435,GameRo,0.019,-0.043,-0.726,0.686
82713287030623,acc,1.016,1.345,8.582,
82713285910623,Gyro,-0.256,0.139,-0.359,
82713287030623,Lacc,0.746,0.518,-1.189,
82713287030623,GameRo,0.019,-0.040,-0.728,0.684
82713314102081,pre,995.288,,,
82713305612758,Gyro,-0.414,0.185,-0.456,
82713306732758,acc,0.802,1.449,8.807,
82713306732758,Lacc,0.574,0.699,-0.971,
82713306732758,GameRo,0.018,-0.036,-0.731,0.681
82713326434946,acc,0.354,1.145,9.751,
82713326434946,Lacc,0.168,0.485,-0.035,
82713325314946,Gyro,-0.481,0.178,-0.561,
82713326434946,GameRo,0.016,-0.031,-0.735,0.677
82713354110258,pre,995.293,,,
82713345017081,Gyro,-0.284,0.044,-0.604,
82713346137081,acc,-0.136,0.835,10.744,
82713346137081,Lacc,-0.306,0.228,0.954,
82713346137081,GameRo,0.014,-0.029,-0.739,0.673
82713364719216,Gyro,-0.013,-0.040,-0.576,
82713365839216,acc,-0.524,0.665,10.774,
82713365839216,Lacc,-0.695,0.058,0.984,
82713365839216,GameRo,0.014,-0.029,-0.743,0.668
82713394110779,pre,995.280,,,
82713385541404,acc,-0.668,0.595,10.125,
82713384421404,Gyro,0.067,-0.002,-0.480,
82713385541404,Lacc,-0.832,-0.026,0.336,
82713385541404,GameRo,0.015,-0.029,-0.746,0.665
82713404123539,Gyro,-0.038,0.094,-0.381,
82713405243539,acc,-0.505,0.686,9.817,
82713405243539,Lacc,-0.647,0.071,0.027,
82713405243539,GameRo,0.015,-0.028,-0.749,0.662
82713434101925,pre,995.278,,,
82713423825727,Gyro,-0.144,0.135,-0.326,
82713424945727,acc,-0.310,0.711,9.785,
82713424945727,Lacc,-0.422,0.123,-0.007,
82713424945727,GameRo,0.015,-0.026,-0.751,0.660
82713443527862,Gyro,-0.169,0.052,-0.318,
82713444647862,acc,-0.118,0.711,9.748,
82713444647862,Lacc,-0.215,0.155,-0.046,
82713444647862,GameRo,0.015,-0.025,-0.753,0.657
82713474103539,pre,995.252,,,
82713463230050,Gyro,-0.115,-0.082,-0.334,
82713464350050,acc,-0.018,0.824,9.910,
82713464350050,Lacc,-0.128,0.290,0.115,
82713464350050,GameRo,0.014,-0.024,-0.755,0.655
82713482932185,Gyro,-0.077,-0.152,-0.365,
82713484052185,acc,0.117,0.846,9.877,
82713484052185,Lacc,-0.019,0.325,0.082,
82713484052185,GameRo,0.012,-0.025,-0.758,0.652
82713514101560,pre,995.260,,,
82713502634373,Gyro,-0.102,-0.119,-0.396,
82713503754373,acc,0.097,0.760,10.015,
82713503754373,Lacc,-0.057,0.258,0.219,
82713503754373,GameRo,0.011,-0.025,-0.760,0.649
82713522336508,Gyro,-0.141,-0.007,-0.403,
82713523456508,acc,-0.026,0.574,10.092,
82713523456508,Lacc,-0.178,0.098,0.295,
82713523456508,GameRo,0.010,-0.024,-0.763,0.646
82713542038696,Gyro,-0.147,0.067,-0.382,
82713543158696,acc,-0.135,0.508,9.982,
82713554101716,pre,995.293,,,
82713543158696,Lacc,-0.270,0.059,0.183,
82713543158696,GameRo,0.009,-0.022,-0.765,0.643
82713561740831,Gyro,-0.132,0.061,-0.363,
82713562860831,acc,-0.204,0.510,9.855,
82713562860831,Lacc,-0.324,0.086,0.055,
82713562860831,GameRo,0.009,-0.021,-0.768,0.641
82713581443019,Gyro,-0.096,0.009,-0.350,
82713582563019,acc,-0.301,0.498,9.895,
82713582563019,Lacc,-0.416,0.091,0.094,
82713582563019,GameRo,0.009,-0.020,-0.770,0.638
82713594099737,pre,995.300,,,
82713601145206,Gyro,-0.060,-0.026,-0.328,
82713602265206,acc,-0.334,0.504,9.872,
82713602265206,Lacc,-0.451,0.108,0.071,
82713602265206,GameRo,0.008,-0.020,-0.772,0.635
82713620847341,Gyro,-0.070,-0.011,-0.302,
82713634100519,pre,995.296,,,
82713621967341,acc,-0.346,0.512,9.730,
82713621967341,Lacc,-0.463,0.129,-0.072,
82713621967341,GameRo,0.008,-0.019,-0.774,0.633
82713640549529,Gyro,-0.106,0.005,-0.268,
82713641669529,acc,-0.399,0.464,9.653,
82713641669529,Lacc,-0.512,0.100,-0.149,
82713641669529,GameRo,0.007,-0.018,-0.775,0.631
82713661371664,acc,-0.432,0.429,9.616,
82713660251664,Gyro,-0.117,-0.022,-0.222,
82713661371664,Lacc,-0.548,0.087,-0.187,
82713661371664,GameRo,0.006,-0.017,-0.777,0.629
82713674101769,pre,995.270,,,
82713679953852,Gyro,-0.108,-0.068,-0.187,
82713681073852,acc,-0.360,0.467,9.814,
82713681073852,Lacc,-0.487,0.146,0.010,
82713681073852,GameRo,0.005,-0.017,-0.778,0.628
82713699656039,Gyro,-0.063,-0.081,-0.161,
82713700776039,acc,-0.336,0.513,9.931,
82713700776039,Lacc,-0.477,0.203,0.126,
82713700776039,GameRo,0.004,-0.017,-0.779,0.627
82713714102185,pre,995.288,,,
82713719358175,Gyro,-0.057,-0.048,-0.133,
82713720478175,acc,-0.316,0.564,9.701,
82713720478175,Lacc,-0.465,0.265,-0.104,
82713720478175,GameRo,0.004,-0.017,-0.780,0.626
82713740180362,acc,-0.248,0.578,9.614,
82713739060362,Gyro,-0.102,-0.021,-0.116,
82713740180362,Lacc,-0.401,0.298,-0.191,
82713740180362,GameRo,0.003,-0.016,-0.781,0.625
82713754103852,pre,995.303,,,
82713759882498,acc,-0.163,0.523,9.685,
82713758762498,Gyro,-0.133,-0.038,-0.124,
82713759882498,Lacc,-0.322,0.268,-0.121,
82713759882498,GameRo,0.002,-0.015,-0.781,0.624
82713778464685,Gyro,-0.128,-0.077,-0.141,
82713779584685,acc,-0.211,0.345,10.005,
82713779584685,Lacc,-0.383,0.114,0.199,
82713779584685,GameRo,0.000,-0.015,-0.782,0.623
82713794102498,pre,995.278,,,
82713799286873,Lacc,-0.484,-0.058,0.425,
82713799286873,acc,-0.294,0.160,10.231,
82713798166873,Gyro,-0.070,-0.092,-0.126,
82713799286873,GameRo,-0.001,-0.015,-0.783,0.622
82713817869008,Gyro,-0.000,-0.067,-0.082,
82713818989008,acc,-0.309,0.037,10.441,
82713818989008,Lacc,-0.511,-0.181,0.636,
82713818989008,GameRo,-0.001,-0.015,-0.784,0.621
82713834102029,pre,995.303,,,
82713837571196,Gyro,0.038,-0.022,-0.026,
82713838691196,acc,-0.238,0.027,10.157,
82713838691196,Lacc,-0.445,-0.199,0.351,
82713838691196,GameRo,-0.001,-0.016,-0.784,0.621
82713858393331,acc,-0.098,0.120,10.007,
82713857273331,Gyro,0.007,0.014,0.007,
82713858393331,Lacc,-0.301,-0.107,0.202,
82713858393331,GameRo,-0.001,-0.016,-0.784,0.621
82713874101508,pre,995.283,,,
82713876975519,Gyro,-0.001,0.031,0.020,
82713878095519,acc,-0.026,0.203,9.963,
82713878095519,Lacc,-0.223,-0.023,0.158,
82713878095519,GameRo,-0.001,-0.015,-0.784,0.621
82713896677706,Gyro,0.010,0.007,0.030,
82713897797706,acc,0.089,0.268,9.769,
82713897797706,Lacc,-0.107,0.040,-0.037,
82713897797706,GameRo,-0.001,-0.015,-0.783,0.621
82713914100050,pre,995.308,,,
82713916379841,Gyro,0.042,0.009,0.020,
82713917499841,acc,0.251,0.416,10.027,
82713917499841,Lacc,0.056,0.180,0.222,
82713917499841,GameRo,-0.000,-0.016,-0.783,0.622
82713936082029,Gyro,0.071,0.047,0.012,
82713937202029,acc,0.214,0.384,9.742,
82713937202029,Lacc,0.028,0.134,-0.063,
82713937202029,GameRo,0.000,-0.016,-0.783,0.622
82713954101300,pre,995.247,,,
82713955784216,Gyro,0.047,0.072,0.018,
82713956904216,acc,0.188,0.420,9.557,
82713956904216,Lacc,0.017,0.161,-0.248,
82713956904216,GameRo,0.001,-0.016,-0.783,0.622
82713975486352,Gyro,0.008,0.057,0.013,
82713976606352,acc,0.174,0.496,9.401,
82713976606352,Lacc,0.014,0.236,-0.405,
82713976606352,GameRo,0.002,-0.016,-0.783,0.622
82713994101716,pre,995.268,,,
82713996308539,acc,0.218,0.538,9.515,
82713995188539,Gyro,-0.051,0.037,-0.022,
82713996308539,Lacc,0.064,0.287,-0.290,
82713996308539,GameRo,0.002,-0.015,-0.783,0.622
82714014890727,Gyro,-0.075,0.020,-0.052,
82714016010727,acc,0.036,0.321,9.708,
82714016010727,Lacc,-0.113,0.084,-0.097,
82714016010727,GameRo,0.002,-0.014,-0.783,0.621
82714034099685,pre,995.293,,,
82714035712862,acc,-0.074,0.120,10.179,
82714034592862,Gyro,-0.030,-0.011,-0.037,
82714035712862,Lacc,-0.224,-0.111,0.373,
82714035712862,GameRo,0.001,-0.014,-0.784,0.621
82714054295050,Gyro,0.040,-0.009,0.009,
82714055415050,acc,-0.060,0.056,10.056,
82714055415050,Lacc,-0.213,-0.183,0.250,
82714055415050,GameRo,0.001,-0.015,-0.784,0.621
82714074099425,pre,995.272,,,
82714075117185,acc,0.015,0.132,9.901,
82714073997185,Gyro,0.028,0.022,0.042,
82714075117185,Lacc,-0.133,-0.111,0.095,
82714075117185,GameRo,0.002,-0.015,-0.783,0.621
82714094819373,acc,0.133,0.268,9.860,
82714094819373,Lacc,-0.008,0.023,0.054,
82714093699373,Gyro,0.011,0.038,0.055,
82714094819373,GameRo,0.002,-0.014,-0.783,0.622
82714114103696,pre,995.283,,,
82714113401560,Gyro,-0.007,0.046,0.033,
82714114521560,acc,0.184,0.315,9.748,
82714114521560,Lacc,0.051,0.070,-0.058,
82714114521560,GameRo,0.002,-0.014,-0.783,0.622
82714133103696,Gyro,-0.023,0.028,0.019,
82714134223696,acc,0.134,0.252,9.603,
82714134223696,Lacc,0.007,0.012,-0.203,
82714134223696,GameRo,0.003,-0.014,-0.783,0.622
82714154101769,pre,995.260,,,
82714152805883,Gyro,-0.030,-0.019,0.011,
82714153925883,Lacc,0.058,-0.007,-0.013,
82714153925883,GameRo,0.002,-0.014,-0.783,0.622
82714153925883,acc,0.188,0.227,9.793,
82714172508071,Gyro,-0.010,-0.016,0.001,
82714173628071,acc,0.243,0.197,9.989,
82714173628071,Lacc,0.110,-0.035,0.183,
82714173628071,GameRo,0.002,-0.014,-0.783,0.622
82714194102758,pre,995.278,,,
82714192210258,Gyro,-0.005,0.050,0.001,
82714193330258,acc,0.163,0.117,10.015,
82714193330258,Lacc,0.039,-0.114,0.208,
82714193330258,GameRo,0.002,-0.013,-0.783,0.622
82714213032394,Lacc,-0.012,-0.169,0.137,
82714211912394,Gyro,0.014,0.085,0.022,
82714213032394,acc,0.096,0.065,9.944,
82714213032394,GameRo,0.003,-0.013,-0.782,0.623
82714234105831,pre,995.291,,,
82714231614581,Gyro,0.042,0.063,0.041,
82714232734581,acc,0.124,0.176,9.689,
82714232734581,Lacc,0.028,-0.065,-0.117,
82714232734581,GameRo,0.004,-0.013,-0.782,0.623
82714251316716,Gyro,0.018,0.002,0.026,
82714252436716,acc,0.309,0.364,9.401,
82714252436716,Lacc,0.214,0.119,-0.405,
82714252436716,GameRo,0.004,-0.013,-0.782,0.623
82714274103175,pre,995.288,,,
82714272138904,acc,0.278,0.445,9.610,
82714271018904,Gyro,-0.013,-0.023,-0.025,
82714272138904,Lacc,0.178,0.202,-0.197,
82714272138904,GameRo,0.004,-0.013,-0.782,0.623
82714290721091,Gyro,0.005,-0.022,-0.033,
82714291841091,acc,0.060,0.204,9.928,
82714291841091,Lacc,-0.045,-0.040,0.122,
82714291841091,GameRo,0.004,-0.013,-0.782,0.623
82714314103123,pre,995.270,,,
82714310423227,Gyro,0.068,0.000,0.016,
82714311543227,acc,0.023,0.132,9.898,
82714311543227,Lacc,-0.081,-0.125,0.092,
82714311543227,GameRo,0.004,-0.014,-0.782,0.623
82714330125414,Gyro,0.042,0.021,0.046,
82714331245414,acc,0.190,0.297,9.616,
82714331245414,Lacc,0.089,0.032,-0.190,
82714331245414,GameRo,0.004,-0.014,-0.782,0.623
82714354106873,pre,995.265,,,
82714349827602,Gyro,-0.005,0.017,0.014,
82714350947602,acc,0.297,0.437,9.649,
82714350947602,Lacc,0.199,0.173,-0.157,
82714350947602,GameRo,0.004,-0.014,-0.782,0.623
82714370649737,Lacc,0.043,0.080,-0.022,
82714370649737,acc,0.143,0.343,9.784,
82714369529737,Gyro,-0.004,-0.015,-0.019,
82714370649737,GameRo,0.004,-0.014,-0.782,0.623
82714394103435,pre,995.296,,,
82714389231925,Gyro,-0.002,-0.024,-0.013,
82714390351925,acc,0.037,0.226,9.668,
82714390351925,Lacc,-0.068,-0.037,-0.138,
82714390351925,GameRo,0.004,-0.014,-0.782,0.623
82714408934112,Gyro,-0.025,-0.004,-0.000,
82714410054112,acc,0.081,0.237,9.741,
82714410054112,Lacc,-0.025,-0.021,-0.065,
82714410054112,GameRo,0.004,-0.014,-0.782,0.623
82714434100571,pre,995.257,,,
82714428636300,Gyro,-0.023,0.011,-0.003,
82714429756300,acc,0.139,0.259,9.779,
82714429756300,Lacc,0.035,0.005,-0.026,
82714429756300,GameRo,0.004,-0.014,-0.782,0.623
82714448338435,Gyro,-0.019,0.014,-0.022,
82714449458435,acc,0.144,0.296,9.851,
82714449458435,Lacc,0.043,0.045,0.045,
82714449458435,GameRo,0.004,-0.013,-0.782,0.623
82714474105727,pre,995.285,,,
82714469160623,acc,0.093,0.210,9.653,
82714468040623,Gyro,-0.024,-0.016,-0.035,
82714469160623,Lacc,-0.011,-0.036,-0.154,
82714469160623,GameRo,0.004,-0.013,-0.783,0.622
82714487742810,Gyro,-0.018,-0.056,-0.038,
82714488862810,acc,0.032,0.148,9.919,
82714488862810,Lacc,-0.082,-0.095,0.112,
82714488862810,GameRo,0.003,-0.013,-0.783,0.622
82714514105154,pre,995.255,,,
82714507444946,Gyro,0.006,-0.050,-0.009,
82714508564946,acc,-0.008,0.080,9.893,
82714508564946,Lacc,-0.132,-0.164,0.087,
82714508564946,GameRo,0.003,-0.014,-0.783,0.622
82714527147133,Gyro,0.004,-0.007,0.018,
82714528267133,acc,0.082,0.161,9.799,
82714528267133,Lacc,-0.043,-0.083,-0.007,
82714528267133,GameRo,0.003,-0.014,-0.783,0.622
82714554099894,pre,995.291,,,
82714546849321,Gyro,-0.015,0.043,0.027,
82714547969321,acc,0.130,0.184,9.746,
82714547969321,Lacc,0.013,-0.057,-0.060,
82714547969321,GameRo,0.003,-0.014,-0.783,0.622
82714566551456,Gyro,-0.020,0.060,0.040,
82714567671456,acc,0.079,0.197,9.695,
82714567671456,Lacc,-0.027,-0.040,-0.112,
82714567671456,GameRo,0.003,-0.013,-0.782,0.623
82714594101873,pre,995.291,,,
82714586253644,Gyro,-0.025,0.032,0.043,
82714587373644,acc,0.167,0.328,9.597,
82714587373644,Lacc,0.067,0.095,-0.210,
82714587373644,GameRo,0.003,-0.013,-0.782,0.623
82714605955831,Gyro,-0.024,-0.009,0.012,
82714607075831,acc,0.187,0.343,9.703,
82714607075831,Lacc,0.086,0.116,-0.103,
82714607075831,GameRo,0.003,-0.012,-0.782,0.623
82714634102706,pre,995.255,,,
82714626777966,acc,0.110,0.236,9.817,
82714625657966,Gyro,-0.011,-0.043,-0.004,
82714626777966,Lacc,0.000,0.010,0.010,
82714626777966,GameRo,0.003,-0.013,-0.782,0.623
82714645360154,Gyro,-0.012,-0.018,0.010,
82714646480154,acc,0.105,0.167,9.924,
82714646480154,Lacc,-0.008,-0.056,0.117,
82714646480154,GameRo,0.003,-0.013,-0.782,0.623
82714674110258,pre,995.262,,,
82714665062341,Gyro,-0.014,0.033,0.025,
82714666182341,acc,0.142,0.159,10.023,
82714666182341,Lacc,0.035,-0.062,0.216,
82714666182341,GameRo,0.003,-0.012,-0.782,0.623
82714684764477,Gyro,0.016,0.038,0.034,
82714685884477,acc,0.160,0.174,9.927,
82714685884477,Lacc,0.060,-0.049,0.120,
82714685884477,GameRo,0.003,-0.012,-0.782,0.624
82714714117602,pre,995.301,,,
82714704466664,Gyro,0.021,0.005,0.026,
82714705586664,acc,0.258,0.232,9.803,
82714705586664,Lacc,0.158,0.004,-0.004,
82714705586664,GameRo,0.003,-0.012,-0.781,0.624
82714725288852,Lacc,0.186,-0.005,0.109,
82714724168852,Gyro,0.019,-0.011,0.002,
82714725288852,acc,0.288,0.226,9.915,
82714725288852,GameRo,0.003,-0.013,-0.781,0.624
82714754108227,pre,995.252,,,
82714743870987,Gyro,0.019,0.007,-0.006,
82714744990987,acc,0.232,0.175,9.958,
82714744990987,Lacc,0.132,-0.060,0.151,
82714744990987,GameRo,0.003,-0.013,-0.781,0.624
82714763573175,Gyro,0.013,0.042,0.001,
82714764693175,acc,0.256,0.171,9.902,
82714764693175,Lacc,0.164,-0.066,0.095,
82714764693175,GameRo,0.004,-0.013,-0.781,0.624
82714794122289,pre,995.273,,,
82714783275310,Gyro,0.007,0.059,-0.005,
82714784395310,acc,0.274,0.265,9.848,
82714784395310,Lacc,0.193,0.027,0.041,
82714784395310,GameRo,0.004,-0.012,-0.781,0.624
82714802977498,Gyro,0.027,0.048,-0.015,
82714804097498,acc,0.187,0.264,9.736,
82714804097498,Lacc,0.114,0.020,-0.071,
82714804097498,GameRo,0.005,-0.012,-0.782,0.624
82714834111612,pre,995.303,,,
82714822679685,Gyro,0.034,0.021,-0.015,
82714823799685,acc,0.161,0.346,9.589,
82714823799685,Lacc,0.093,0.095,-0.218,
82714823799685,GameRo,0.005,-0.012,-0.782,0.624
82714842381821,Gyro,0.011,0.018,-0.025,
82714843501821,acc,0.134,0.409,9.464,
82714843501821,Lacc,0.070,0.156,-0.343,
82714843501821,GameRo,0.005,-0.012,-0.782,0.623
82714862084008,Gyro,-0.023,-0.002,-0.036,
82714863204008,acc,0.114,0.429,9.433,
82714874117341,pre,995.293,,,
82714863204008,Lacc,0.049,0.181,-0.374,
82714863204008,GameRo,0.005,-0.012,-0.782,0.623
82714881786196,Gyro,-0.015,-0.045,-0.060,
82714882906196,acc,0.073,0.336,9.735,
82714882906196,Lacc,0.000,0.091,-0.071,
82714882906196,GameRo,0.005,-0.012,-0.782,0.623
82714901488331,Gyro,0.010,-0.097,-0.069,
82714902608331,acc,0.007,0.199,9.735,
82714914105154,pre,995.301,,,
82714902608331,Lacc,-0.084,-0.049,-0.071,
82714902608331,GameRo,0.004,-0.013,-0.783,0.622
82714921190519,Gyro,0.003,-0.087,-0.055,
82714922310519,acc,-0.042,0.137,9.835,
82714922310519,Lacc,-0.150,-0.111,0.029,
82714922310519,GameRo,0.004,-0.013,-0.783,0.622
82714940892654,Gyro,-0.023,-0.032,-0.019,
82714942012654,acc,-0.014,0.175,9.914,
82714954104477,pre,995.245,,,
82714942012654,Lacc,-0.128,-0.069,0.108,
82714942012654,GameRo,0.003,-0.014,-0.783,0.622
82714961714841,acc,0.080,0.228,9.985,
82714960594841,Gyro,-0.028,0.013,-0.004,
82714961714841,Lacc,-0.032,-0.011,0.178,
82714961714841,GameRo,0.003,-0.013,-0.783,0.622
82714980297029,Gyro,-0.005,0.004,-0.011,
82714981417029,acc,0.138,0.234,9.903,
82714981417029,Lacc,0.028,-0.004,0.096,
82714994103748,pre,995.267,,,
82714981417029,GameRo,0.003,-0.013,-0.783,0.621
82714999999164,Gyro,0.000,-0.025,-0.032,
82715001119164,acc,0.229,0.242,9.895,
82715001119164,Lacc,0.113,0.005,0.088,
82715001119164,GameRo,0.003,-0.013,-0.784,0.621
82715019701352,Gyro,0.005,-0.002,-0.045,
82715020821352,acc,0.196,0.170,9.997,
82715020821352,Lacc,0.081,-0.069,0.191,
82715020821352,GameRo,0.003,-0.013,-0.784,0.621
82715034106925,pre,995.252,,,
82715039403487,Gyro,-0.001,0.041,-0.037,
82715040523487,acc,0.132,0.099,9.887,
82715040523487,Lacc,0.024,-0.139,0.081,
82715040523487,GameRo,0.003,-0.013,-0.784,0.621
82715059105675,Gyro,-0.005,0.053,-0.020,
82715060225675,Lacc,-0.016,-0.163,-0.013,
82715060225675,acc,0.081,0.074,9.794,
82715060225675,GameRo,0.004,-0.013,-0.784,0.620
82715074110310,pre,995.291,,,
82715078807862,Gyro,0.026,0.032,-0.007,
82715079927862,acc,0.040,0.161,9.857,
82715079927862,Lacc,-0.051,-0.082,0.050,
82715079927862,GameRo,0.004,-0.013,-0.784,0.620
82715098509998,Gyro,0.059,0.025,0.012,
82715099629998,acc,0.004,0.287,9.516,
82715099629998,Lacc,-0.082,0.033,-0.291,
82715099629998,GameRo,0.005,-0.013,-0.784,0.620
82715114101769,pre,995.293,,,
82715118212185,Gyro,-0.002,0.002,0.018,
82715119332185,acc,-0.011,0.411,9.117,
82715119332185,Lacc,-0.097,0.157,-0.689,
82715119332185,GameRo,0.005,-0.013,-0.784,0.621
82715137914321,Gyro,-0.047,-0.050,0.009,
82715139034321,acc,0.006,0.488,9.380,
82715139034321,Lacc,-0.089,0.244,-0.426,
82715139034321,GameRo,0.004,-0.013,-0.784,0.621
82715154103539,pre,995.270,,,
82715158736508,acc,0.032,0.424,9.616,
82715157616508,Gyro,-0.033,-0.096,-0.002,
82715158736508,Lacc,-0.082,0.186,-0.191,
82715158736508,GameRo,0.003,-0.013,-0.784,0.621
82715178438644,acc,0.083,0.345,9.845,
82715177318644,Gyro,-0.038,-0.072,-0.006,
82715178438644,Lacc,-0.044,0.113,0.039,
82715178438644,GameRo,0.002,-0.013,-0.784,0.621
82715194107446,pre,995.270,,,
82715198140831,acc,0.095,0.242,10.079,
82715197020831,Gyro,-0.032,-0.009,-0.009,
82715198140831,Lacc,-0.035,0.017,0.272,
82715198140831,GameRo,0.002,-0.013,-0.784,0.621
82715217842966,acc,0.031,0.186,9.955,
82715216722966,Gyro,-0.013,0.014,-0.009,
82715217842966,Lacc,-0.095,-0.036,0.148,
82715217842966,GameRo,0.002,-0.013,-0.784,0.620
82715234100831,pre,995.273,,,
82715236425154,Gyro,-0.008,0.007,-0.013,
82715237545154,acc,0.025,0.188,9.876,
82715237545154,Lacc,-0.100,-0.033,0.069,
82715237545154,GameRo,0.002,-0.013,-0.784,0.620
82715256127341,Gyro,-0.010,0.021,-0.016,
82715257247341,acc,-0.044,0.157,9.854,
82715257247341,Lacc,-0.165,-0.062,0.047,
82715257247341,GameRo,0.002,-0.013,-0.784,0.620
82715274102654,pre,995.262,,,
82715275829477,Gyro,-0.022,0.045,0.001,
82715276949477,acc,-0.135,0.115,9.853,
82715276949477,Lacc,-0.246,-0.100,0.046,
82715276949477,GameRo,0.002,-0.012,-0.784,0.620
82715295531664,Gyro,-0.020,0.051,0.027,
82715296651664,acc,-0.111,0.144,9.789,
82715296651664,Lacc,-0.212,-0.067,-0.018,
82715296651664,GameRo,0.003,-0.012,-0.784,0.620
82715314100779,pre,995.268,,,
82715315233800,Gyro,-0.018,0.031,0.036,
82715316353800,acc,-0.053,0.201,9.729,
82715316353800,Lacc,-0.148,-0.006,-0.079,
82715316353800,GameRo,0.003,-0.011,-0.784,0.621
82715336055987,acc,-0.064,0.177,9.748,
82715334935987,Gyro,-0.011,0.003,0.042,
82715336055987,Lacc,-0.159,-0.028,-0.060,
82715336055987,GameRo,0.003,-0.011,-0.784,0.621
82715354109008,pre,995.298,,,
82715354638123,Gyro,-0.000,-0.015,0.060,
82715355758123,acc,-0.000,0.177,9.797,
82715355758123,Lacc,-0.098,-0.027,-0.011,
82715355758123,GameRo,0.003,-0.011,-0.783,0.622
82715374340310,Gyro,-0.011,0.004,0.062,
82715375460310,acc,0.152,0.273,9.748,
82715375460310,Lacc,0.055,0.071,-0.059,
82715375460310,GameRo,0.003,-0.011,-0.783,0.622
82715394120154,pre,995.288,,,
82715394042446,Gyro,-0.043,0.048,0.048,
82715395162446,acc,0.145,0.262,9.762,
82715395162446,Lacc,0.057,0.068,-0.046,
82715395162446,GameRo,0.003,-0.011,-0.783,0.622
82715413744633,Gyro,-0.034,0.042,0.050,
82715414864633,acc,0.065,0.226,9.799,
82715414864633,Lacc,-0.015,0.039,-0.009,
82715414864633,GameRo,0.003,-0.010,-0.782,0.623
82715434110050,pre,995.298,,,
82715433446769,Gyro,-0.007,-0.001,0.050,
82715434566769,acc,0.139,0.260,9.721,
82715434566769,Lacc,0.059,0.074,-0.087,
82715434566769,GameRo,0.003,-0.010,-0.782,0.623
82715453148956,Gyro,-0.009,-0.015,0.033,
82715454268956,acc,0.170,0.265,9.761,
82715454268956,Lacc,0.086,0.081,-0.047,
82715454268956,GameRo,0.002,-0.010,-0.782,0.623
82715474109685,pre,995.278,,,
82715472851091,Gyro,-0.022,0.006,0.033,
82715473971091,acc,0.101,0.193,9.807,
82715473971091,Lacc,0.018,0.013,-0.001,
82715473971091,GameRo,0.002,-0.010,-0.782,0.624
82715492553279,Gyro,-0.029,0.024,0.034,
82715493673279,acc,0.156,0.209,9.912,
82715493673279,Lacc,0.078,0.035,0.104,
82715493673279,GameRo,0.002,-0.010,-0.781,0.624
82715514109008,pre,995.283,,,
82715512255414,Gyro,-0.012,0.030,0.022,
82715513375414,acc,0.211,0.226,9.887,
82715513375414,Lacc,0.138,0.054,0.079,
82715513375414,GameRo,0.003,-0.009,-0.781,0.624
82715533077602,acc,0.171,0.191,9.778,
82715531957602,Gyro,-0.002,0.017,0.009,
82715533077602,Lacc,0.101,0.019,-0.031,
82715533077602,GameRo,0.003,-0.009,-0.781,0.624
82715554102446,pre,995.273,,,
82715551659737,Gyro,0.005,-0.004,0.005,
82715552779737,acc,0.150,0.151,9.813,
82715552779737,Lacc,0.079,-0.021,0.005,
82715552779737,GameRo,0.003,-0.009,-0.781,0.624
82715571361925,Gyro,0.011,0.001,0.006,
82715572481925,acc,0.178,0.159,9.831,
82715572481925,Lacc,0.108,-0.016,0.023,
82715572481925,GameRo,0.003,-0.009,-0.781,0.624
82715594100050,pre,995.283,,,
82715592184060,Lacc,0.141,-0.013,-0.096,
82715592184060,GameRo,0.003,-0.009,-0.781,0.624
82715591064060,Gyro,-0.003,0.016,-0.000,
82715592184060,acc,0.209,0.162,9.712,
82715610766248,Gyro,-0.018,0.016,-0.011,
82715611886248,acc,0.225,0.178,9.784,
82715611886248,Lacc,0.160,0.007,-0.025,
82715611886248,GameRo,0.003,-0.009,-0.781,0.624
82715634100987,pre,995.280,,,
82715630468383,Gyro,-0.009,0.005,-0.027,
82715631588383,acc,0.245,0.200,9.830,
82715631588383,Lacc,0.181,0.031,0.022,
82715631588383,GameRo,0.003,-0.009,-0.781,0.624
82715650170571,Gyro,0.000,0.021,-0.039,
82715651290571,acc,0.139,0.124,9.849,
82715651290571,Lacc,0.079,-0.045,0.040,
82715651290571,GameRo,0.003,-0.009,-0.782,0.624
82715674101664,pre,995.255,,,
82715669872706,Gyro,0.006,0.023,-0.023,
82715670992706,acc,0.086,0.115,9.756,
82715670992706,Lacc,0.031,-0.055,-0.053,
82715670992706,GameRo,0.003,-0.009,-0.782,0.623
82715689574841,Gyro,0.015,0.012,-0.019,
82715690694841,acc,0.126,0.227,9.693,
82715690694841,Lacc,0.073,0.053,-0.115,
82715690694841,GameRo,0.003,-0.009,-0.782,0.623
82715714112862,pre,995.275,,,
82715710397029,acc,0.126,0.254,9.531,
82715709277029,Gyro,0.000,-0.011,-0.041,
82715710397029,Lacc,0.071,0.080,-0.277,
82715710397029,GameRo,0.003,-0.009,-0.782,0.623
82715730099164,acc,-0.008,0.117,9.666,
82715728979164,Gyro,-0.034,-0.025,-0.055,
82715730099164,Lacc,-0.068,-0.050,-0.142,
82715730099164,GameRo,0.003,-0.009,-0.782,0.623
82715754117237,pre,995.283,,,
82715748681352,Gyro,-0.032,-0.025,-0.034,
82715749801352,acc,-0.088,0.010,9.893,
82715749801352,Lacc,-0.152,-0.150,0.084,
82715749801352,GameRo,0.002,-0.009,-0.783,0.622
82715768383487,Gyro,-0.007,-0.012,-0.004,
82715769503487,Lacc,-0.100,-0.092,0.126,
82715769503487,acc,-0.034,0.068,9.935,
82715769503487,GameRo,0.002,-0.009,-0.783,0.622
82715794104112,pre,995.278,,,
82715788085675,Gyro,0.004,-0.009,0.003,
82715789205675,acc,0.042,0.170,9.778,
82715789205675,Lacc,-0.026,0.011,-0.031,
82715789205675,GameRo,0.002,-0.009,-0.783,0.622
82715807787810,Gyro,-0.001,-0.024,-0.008,
82715808907810,acc,0.060,0.196,9.770,
82715808907810,Lacc,-0.012,0.036,-0.038,
82715808907810,GameRo,0.002,-0.009,-0.783,0.622
82715834106091,pre,995.286,,,
82715827489946,Gyro,0.004,-0.037,-0.018,
82715828609946,acc,0.091,0.187,9.848,
82715828609946,Lacc,0.011,0.027,0.039,
82715828609946,GameRo,0.002,-0.009,-0.783,0.622
82715847192133,Gyro,-0.002,-0.011,-0.026,
82715848312133,acc,0.017,0.105,9.916,
82715848312133,Lacc,-0.064,-0.055,0.108,
82715848312133,GameRo,0.002,-0.009,-0.783,0.622
82715874101144,pre,995.270,,,
82715866894269,Gyro,0.008,0.016,-0.010,
82715868014269,acc,-0.060,0.060,9.940,
82715868014269,Lacc,-0.139,-0.101,0.131,
82715868014269,GameRo,0.002,-0.009,-0.783,0.622
82715886596456,Gyro,0.010,0.018,0.002,
82715887716456,acc,-0.028,0.102,9.800,
82715887716456,Lacc,-0.103,-0.061,-0.008,
82715887716456,GameRo,0.002,-0.009,-0.783,0.622
82715914103487,pre,995.291,,,
82715906298591,Gyro,0.011,0.004,-0.002,
82715907418591,acc,-0.047,0.112,9.791,
82715907418591,Lacc,-0.121,-0.053,-0.018,
82715907418591,GameRo,0.002,-0.009,-0.783,0.622
82715926000727,Gyro,0.017,-0.005,0.009,
82715927120727,acc,-0.088,0.057,9.808,
82715927120727,Lacc,-0.162,-0.112,-0.000,
82715927120727,GameRo,0.002,-0.009,-0.783,0.622
82715954103487,pre,995.280,,,
82715945702914,Gyro,0.018,0.009,0.033,
82715946822914,acc,-0.045,0.132,9.743,
82715946822914,Lacc,-0.118,-0.040,-0.065,
82715946822914,GameRo,0.003,-0.009,-0.783,0.622
82715965405050,Gyro,-0.002,0.025,0.035,
82715966525050,acc,0.079,0.248,9.639,
82715966525050,Lacc,0.011,0.076,-0.170,
82715966525050,GameRo,0.003,-0.009,-0.783,0.622
82715994112550,pre,995.270,,,
82715985107185,Gyro,-0.011,0.009,0.018,
82715986227185,acc,0.091,0.242,9.638,
82715986227185,Lacc,0.025,0.072,-0.171,
82715986227185,GameRo,0.003,-0.009,-0.783,0.623
82716005929373,acc,0.055,0.162,9.721,
82716004809373,Gyro,0.004,-0.029,0.012,
82716005929373,Lacc,-0.017,-0.008,-0.088,
82716005929373,GameRo,0.003,-0.009,-0.782,0.623
82716034119373,pre,995.268,,,
82716025631508,acc,0.033,0.099,9.853,
82716024511508,Gyro,0.018,-0.045,0.017,
82716025631508,Lacc,-0.047,-0.075,0.045,
82716025631508,GameRo,0.002,-0.010,-0.782,0.623
82716044213696,Gyro,0.038,-0.042,0.035,
82716045333696,acc,0.014,0.057,9.913,
82716045333696,Lacc,-0.075,-0.124,0.106,
82716045333696,GameRo,0.002,-0.010,-0.782,0.623
82716074102237,pre,995.303,,,
82716063915831,Gyro,0.035,-0.027,0.053,
82716065035831,acc,0.068,0.107,9.810,
82716065035831,Lacc,-0.026,-0.080,0.003,
82716065035831,GameRo,0.002,-0.011,-0.782,0.623
82716083617966,Gyro,0.012,-0.013,0.054,
82716084737966,acc,0.127,0.141,9.797,
82716084737966,Lacc,0.030,-0.049,-0.010,
82716084737966,GameRo,0.002,-0.011,-0.781,0.624
82716114106091,pre,995.293,,,
82716103320154,Gyro,0.003,-0.013,0.047,
82716104440154,acc,0.132,0.118,9.837,
82716104440154,Lacc,0.032,-0.072,0.029,
82716104440154,GameRo,0.002,-0.011,-0.781,0.624
82716124142289,acc,0.100,0.090,9.908,
82716123022289,Gyro,0.017,-0.013,0.053,
82716124142289,Lacc,-0.002,-0.103,0.101,
82716124142289,GameRo,0.002,-0.011,-0.781,0.625
82716154106352,pre,995.296,,,
82716142724425,Gyro,0.031,-0.001,0.068,
82716143844425,acc,0.205,0.202,9.805,
82716143844425,Lacc,0.101,0.003,-0.002,
82716143844425,GameRo,0.002,-0.011,-0.780,0.625
82716163546612,acc,0.326,0.333,9.664,
82716162426612,Gyro,0.013,0.022,0.050,
82716163546612,Lacc,0.226,0.132,-0.143,
82716163546612,GameRo,0.002,-0.011,-0.780,0.626
82716182128748,Gyro,-0.013,0.007,0.015,
82716194102237,pre,995.252,,,
82716183248748,acc,0.327,0.296,9.585,
82716183248748,Lacc,0.228,0.097,-0.222,
82716183248748,GameRo,0.002,-0.011,-0.780,0.626
82716201830883,Gyro,-0.023,-0.029,-0.010,
82716202950883,acc,0.270,0.199,9.809,
82716202950883,Lacc,0.166,0.004,0.001,
82716202950883,GameRo,0.002,-0.011,-0.780,0.626
82716221533071,Gyro,0.010,-0.036,-0.013,
82716222653071,acc,0.200,0.116,10.088,
82716234102029,pre,995.260,,,
82716222653071,Lacc,0.089,-0.081,0.280,
82716222653071,GameRo,0.002,-0.012,-0.780,0.625
82716241235206,Gyro,0.055,-0.014,0.007,
82716242355206,acc,0.143,0.157,9.926,
82716242355206,Lacc,0.029,-0.050,0.119,
82716242355206,GameRo,0.002,-0.012,-0.780,0.626
82716260937341,Gyro,0.032,0.024,0.011,
82716262057341,acc,0.223,0.287,9.594,
82716274101873,pre,995.278,,,
82716262057341,Lacc,0.113,0.073,-0.213,
82716262057341,GameRo,0.002,-0.012,-0.780,0.626
82716280639477,Gyro,-0.014,0.024,-0.012,
82716281759477,acc,0.167,0.264,9.694,
82716281759477,Lacc,0.063,0.053,-0.113,
82716281759477,GameRo,0.003,-0.012,-0.780,0.626
82716300341664,Gyro,0.025,-0.028,-0.020,
82716301461664,acc,-0.022,0.141,9.988,
82716301461664,Lacc,-0.132,-0.075,0.181,
82716301461664,GameRo,0.002,-0.012,-0.780,0.625
82716314099998,pre,995.285,,,
82716320043800,Gyro,0.095,-0.055,0.011,
82716321163800,acc,-0.245,0.035,10.171,
82716321163800,Lacc,-0.366,-0.199,0.364,
82716321163800,GameRo,0.003,-0.013,-0.780,0.625
82716339745935,Gyro,0.134,-0.040,0.085,
82716340865935,acc,-0.469,0.064,10.160,
82716340865935,Lacc,-0.597,-0.195,0.354,
82716340865935,GameRo,0.003,-0.015,-0.780,0.626
82716354099216,pre,995.242,,,
82716359448123,Gyro,0.142,0.003,0.180,
82716360568123,acc,-0.487,0.183,10.228,
82716360568123,Lacc,-0.614,-0.103,0.423,
82716360568123,GameRo,0.004,-0.016,-0.778,0.627
82716379150258,Gyro,0.151,0.028,0.258,
82716380270258,acc,-0.483,0.320,10.134,
82716380270258,Lacc,-0.606,0.006,0.329,
82716380270258,GameRo,0.005,-0.017,-0.777,0.629
82716394100831,pre,995.283,,,
82716398852394,Gyro,0.145,-0.015,0.321,
82716399972394,acc,-0.485,0.434,9.931,
82716399972394,Lacc,-0.611,0.092,0.127,
82716399972394,GameRo,0.006,-0.018,-0.775,0.632
82716418554529,Gyro,0.110,-0.049,0.354,
82716419674529,acc,-0.299,0.594,10.129,
82716419674529,Lacc,-0.437,0.231,0.327,
82716419674529,GameRo,0.006,-0.019,-0.773,0.635
82716434102758,pre,995.267,,,
82716438256716,Gyro,0.102,-0.005,0.393,
82716439376716,acc,-0.328,0.765,10.528,
82716439376716,Lacc,-0.469,0.384,0.726,
82716439376716,GameRo,0.007,-0.020,-0.770,0.638
82716457958852,Gyro,0.180,0.019,0.466,
82716459078852,acc,-0.419,0.854,10.649,
82716459078852,Lacc,-0.559,0.439,0.848,
82716459078852,GameRo,0.008,-0.021,-0.767,0.641
82716474103696,pre,995.313,,,
82716477660987,Gyro,0.250,-0.008,0.528,
82716478780987,acc,-0.114,1.054,10.585,
82716478780987,Lacc,-0.259,0.591,0.787,
82716478780987,GameRo,0.010,-0.023,-0.764,0.645
82716497363123,Gyro,0.268,0.035,0.512,
82716498483123,acc,0.377,1.359,10.600,
82716498483123,Lacc,0.234,0.844,0.804,
82716498483123,GameRo,0.011,-0.025,-0.760,0.649
82716514103748,pre,995.296,,,
82716517065310,Gyro,0.279,0.069,0.435,
82716518185310,acc,0.417,1.426,10.316,
82716518185310,Lacc,0.281,0.858,0.523,
82716518185310,GameRo,0.014,-0.027,-0.758,0.652
82716536767446,Gyro,0.249,0.015,0.380,
82716537887446,acc,0.337,1.308,9.997,
82716537887446,Lacc,0.200,0.692,0.208,
82716537887446,GameRo,0.015,-0.028,-0.755,0.655
82716554098904,pre,995.275,,,
82716556469581,Gyro,0.235,-0.055,0.331,
82716557589581,acc,0.541,1.342,10.248,
82716557589581,Lacc,0.389,0.680,0.461,
82716557589581,GameRo,0.016,-0.031,-0.753,0.657
82716576171716,Gyro,0.231,-0.014,0.276,
82716577291716,acc,0.410,1.061,10.269,
82716577291716,Lacc,0.251,0.354,0.485,
82716577291716,GameRo,0.018,-0.033,-0.751,0.659
82716594101352,pre,995.265,,,
82716595873852,Gyro,0.182,0.055,0.254,
82716596993852,Lacc,0.212,0.136,0.458,
82716596993852,GameRo,0.019,-0.034,-0.749,0.661
82716596993852,acc,0.366,0.877,10.238,
82716615576039,Gyro,0.166,0.068,0.254,
82716616696039,acc,0.363,0.790,10.102,
82716616696039,Lacc,0.219,0.018,0.324,
82716616696039,GameRo,0.021,-0.034,-0.748,0.663
82716634102602,pre,995.275,,,
82716636384425,acc,0.429,0.760,9.567,
82716636384425,Lacc,0.271,-0.053,-0.208,
82716636384425,GameRo,0.022,-0.036,-0.746,0.665
82716635264425,Gyro,0.218,-0.050,0.231,
82716654980310,Gyro,0.333,-0.682,0.199,
82716656100310,acc,0.563,0.924,7.437,
82716656100310,Lacc,0.270,0.047,-2.329,
82716656100310,GameRo,0.019,-0.043,-0.745,0.666
82716674102133,pre,995.293,,,
82716674682446,Gyro,0.319,-0.906,0.090,
82716675802446,acc,1.013,0.785,8.294,
82716675802446,Lacc,0.543,-0.152,-1.460,
82716675802446,GameRo,0.014,-0.052,-0.744,0.666
82716695504633,acc,0.902,0.399,8.498,
82716694384633,Gyro,0.053,-0.580,0.098,
82716695504633,Lacc,0.318,-0.547,-1.249,
82716695504633,GameRo,0.010,-0.056,-0.743,0.666
82716714118123,pre,995.288,,,
82716714086769,Gyro,-0.146,-0.365,0.252,
82716715206769,acc,0.724,0.147,8.554,
82716715206769,Lacc,0.066,-0.766,-1.191,
82716715206769,GameRo,0.006,-0.057,-0.742,0.668
82716733788904,Gyro,-0.227,-0.131,0.255,
82716734908904,acc,1.686,1.077,9.424,
82716734908904,Lacc,0.996,0.210,-0.323,
82716734908904,GameRo,0.004,-0.057,-0.740,0.670
82716754100675,pre,995.232,,,
82716753491039,Gyro,-0.267,0.444,0.221,
82716754611039,acc,1.468,0.577,10.059,
82716754611039,Lacc,0.858,-0.235,0.302,
82716754611039,GameRo,0.005,-0.052,-0.739,0.672
82716773193175,Gyro,-0.190,0.627,0.157,
82716774313175,acc,1.561,0.620,9.945,
82716774313175,Lacc,1.068,-0.154,0.178,
82716774313175,GameRo,0.008,-0.046,-0.738,0.673
82716794103331,pre,995.283,,,
82716792895310,Gyro,-0.037,0.349,0.076,
82716794015310,acc,1.000,0.474,9.763,
82716794015310,Lacc,0.572,-0.291,-0.008,
82716794015310,GameRo,0.010,-0.044,-0.738,0.674
82716813717498,acc,0.653,0.458,10.237,
82716813717498,Lacc,0.202,-0.353,0.471,
82716812597498,Gyro,0.241,-0.116,-0.008,
82716813717498,GameRo,0.011,-0.046,-0.737,0.674
82716834101404,pre,995.244,,,
82716832299633,Gyro,0.327,-0.220,-0.082,
82716833419633,Lacc,-0.038,-0.449,0.719,
82716833419633,GameRo,0.011,-0.050,-0.738,0.673
82716833419633,acc,0.454,0.425,10.478,
82716853121769,acc,-0.373,-0.042,10.808,
82716852001769,Gyro,0.245,0.095,-0.049,
82716853121769,Lacc,-0.844,-0.962,1.052,
82716853121769,GameRo,0.014,-0.051,-0.738,0.673
82716874105310,pre,995.260,,,
82716871703904,Gyro,0.108,0.447,0.122,
82716872823904,acc,-0.974,-0.121,10.041,
82716872823904,Lacc,-1.360,-1.059,0.284,
82716872823904,GameRo,0.018,-0.049,-0.737,0.674
82716892526039,acc,-1.121,0.060,9.190,
82716891406039,Gyro,0.059,0.424,0.282,
82716892526039,Lacc,-1.428,-0.886,-0.570,
82716892526039,GameRo,0.021,-0.046,-0.735,0.676
82716914104060,pre,995.250,,,
82716911108175,Gyro,0.037,0.190,0.365,
82716912228175,acc,-0.834,0.490,8.821,
82716912228175,Lacc,-1.110,-0.461,-0.939,
82716912228175,GameRo,0.023,-0.045,-0.733,0.679
82716930810362,Gyro,0.046,-0.114,0.337,
82716931930362,acc,-0.443,0.907,8.607,
82716931930362,Lacc,-0.745,-0.051,-1.152,
82716931930362,GameRo,0.022,-0.046,-0.730,0.681
82716954106925,pre,995.252,,,
82716950512498,Gyro,0.011,-0.294,0.278,
82716951632498,acc,-0.153,1.027,8.810,
82716951632498,Lacc,-0.516,0.068,-0.946,
82716951632498,GameRo,0.020,-0.048,-0.729,0.683
82716970214633,Gyro,-0.180,-0.117,0.264,
82716971334633,acc,0.313,1.024,8.676,
82716971334633,Lacc,-0.077,0.102,-1.083,
82716971334633,GameRo,0.018,-0.048,-0.727,0.685
82716994102081,pre,995.283,,,
82716991023019,acc,1.467,1.744,9.252,
82716989903019,Gyro,-0.430,0.123,0.168,
82716991023019,Lacc,1.096,0.904,-0.514,
82716991023019,GameRo,0.016,-0.044,-0.726,0.686
82717009618904,Gyro,-0.420,0.401,-0.008,
82717010738904,acc,1.307,1.384,10.300,
82717010738904,Lacc,1.011,0.624,0.524,
82717010738904,GameRo,0.016,-0.039,-0.726,0.686
82717034103435,pre,995.278,,,
82717030441039,acc,0.636,0.479,9.601,
82717029321039,Gyro,-0.331,0.444,-0.016,
82717030441039,Lacc,0.425,-0.216,-0.182,
82717030441039,GameRo,0.017,-0.033,-0.726,0.686
82717049023175,Gyro,-0.221,0.170,0.008,
82717050143175,acc,0.635,0.550,9.998,
82717050143175,Lacc,0.456,-0.103,0.212,
82717050143175,GameRo,0.016,-0.031,-0.726,0.687
82717074102498,pre,995.262,,,
82717068725310,Gyro,-0.064,0.035,-0.043,
82717069845310,acc,0.733,0.666,10.279,
82717069845310,Lacc,0.561,0.025,0.492,
82717069845310,GameRo,0.016,-0.030,-0.727,0.686
82717089547446,acc,0.234,0.441,9.842,
82717088427446,Gyro,0.037,-0.015,-0.093,
82717089547446,Lacc,0.060,-0.206,0.055,
82717089547446,GameRo,0.016,-0.030,-0.727,0.686
82717114109789,pre,995.245,,,
82717108129633,Gyro,0.084,-0.070,-0.059,
82717109249633,acc,-0.096,0.320,9.504,
82717109249633,Lacc,-0.282,-0.344,-0.282,
82717109249633,GameRo,0.016,-0.031,-0.728,0.685
82717128951769,acc,-0.146,0.248,9.068,
82717127831769,Gyro,-0.024,-0.003,-0.000,
82717128951769,Lacc,-0.332,-0.410,-0.718,
82717128951769,GameRo,0.016,-0.031,-0.728,0.685
82717154102654,pre,995.255,,,
82717147533904,Gyro,-0.268,0.174,0.076,
82717148653904,acc,-0.142,0.410,9.409,
82717148653904,Lacc,-0.295,-0.197,-0.381,
82717148653904,GameRo,0.015,-0.028,-0.727,0.686
82717167236039,Gyro,-0.228,0.185,0.087,
82717168356039,acc,0.138,0.709,10.188,
82717168356039,Lacc,0.019,0.147,0.395,
82717168356039,GameRo,0.015,-0.025,-0.727,0.686
82717194110623,pre,995.273,,,
82717186938175,Gyro,-0.050,0.122,0.022,
82717188058175,acc,0.325,0.751,10.156,
82717188058175,Lacc,0.229,0.199,0.362,
82717188058175,GameRo,0.016,-0.024,-0.726,0.687
82717207760310,acc,0.068,0.518,9.611,
82717206640310,Gyro,-0.043,0.131,-0.014,
82717207760310,Lacc,-0.003,-0.026,-0.184,
82717207760310,GameRo,0.016,-0.023,-0.727,0.687
82717234103852,pre,995.281,,,
82717226342446,Gyro,-0.059,0.068,-0.009,
82717227462446,acc,0.126,0.627,9.714,
82717227462446,Lacc,0.068,0.094,-0.082,
82717227462446,GameRo,0.017,-0.022,-0.727,0.687
82717246044581,Gyro,-0.003,0.001,-0.021,
82717247164581,Lacc,0.116,0.213,-0.109,
82717247164581,acc,0.173,0.747,9.686,
82717247164581,GameRo,0.017,-0.022,-0.727,0.686
82717274104164,pre,995.252,,,
82717265746716,Gyro,-0.013,-0.045,-0.050,
82717266866716,acc,0.061,0.562,9.620,
82717266866716,Lacc,-0.004,0.032,-0.175,
82717266866716,GameRo,0.016,-0.022,-0.727,0.686
82717285448852,Gyro,-0.058,0.016,-0.031,
82717286568852,acc,-0.178,0.394,10.009,
82717286568852,Lacc,-0.239,-0.126,0.213,
82717286568852,GameRo,0.016,-0.022,-0.727,0.686
82717314100206,pre,995.253,,,
82717305150987,Gyro,-0.024,0.176,0.025,
82717306270987,acc,-0.252,0.319,9.906,
82717306270987,Lacc,-0.279,-0.196,0.109,
82717306270987,GameRo,0.017,-0.020,-0.727,0.686
82717324853123,Gyro,-0.005,-0.144,-0.030,
82717325973123,acc,0.278,0.644,9.421,
82717325973123,Lacc,0.223,0.131,-0.375,
82717325973123,GameRo,0.016,-0.021,-0.727,0.686
82717354106716,pre,995.273,,,
82717345675258,acc,0.203,0.583,10.060,
82717344555258,Gyro,0.037,-0.175,-0.093,
82717345675258,Lacc,0.116,0.062,0.264,
82717345675258,GameRo,0.015,-0.023,-0.728,0.685
82717364257394,Gyro,0.126,-0.138,-0.062,
82717365377394,acc,-0.085,0.371,9.919,
82717365377394,Lacc,-0.199,-0.174,0.125,
82717365377394,GameRo,0.015,-0.024,-0.728,0.685
82717394104477,pre,995.237,,,
82717383959529,Gyro,0.151,-0.149,-0.019,
82717385079529,acc,0.264,0.656,9.505,
82717385079529,Lacc,0.121,0.082,-0.287,
82717385079529,GameRo,0.015,-0.026,-0.728,0.684
82717404781664,acc,0.455,0.690,9.291,
82717403661664,Gyro,-0.009,-0.038,-0.045,
82717404781664,Lacc,0.305,0.117,-0.501,
82717404781664,GameRo,0.014,-0.027,-0.729,0.684
82717434100519,pre,995.293,,,
82717423363852,Gyro,-0.113,0.014,-0.083,
82717424483852,acc,0.453,0.765,9.600,
82717424483852,Lacc,0.306,0.213,-0.193,
82717424483852,GameRo,0.014,-0.026,-0.729,0.683
82717443065935,Gyro,-0.028,-0.091,-0.103,
82717444185935,acc,-0.172,0.428,9.730,
82717444185935,Lacc,-0.334,-0.118,-0.064,
82717444185935,GameRo,0.013,-0.026,-0.730,0.683
82717474101560,pre,995.255,,,
82717462768123,Gyro,0.017,-0.043,0.032,
82717463888123,acc,-0.872,-0.169,10.208,
82717463888123,Lacc,-1.041,-0.718,0.414,
82717463888123,GameRo,0.013,-0.026,-0.730,0.683
82717482470258,Gyro,-0.037,0.124,0.151,
82717483590258,acc,-0.531,0.118,10.064,
82717483590258,Lacc,-0.676,-0.423,0.270,
82717483590258,GameRo,0.013,-0.025,-0.729,0.684
82717503292394,acc,-0.360,0.383,10.905,
82717502172394,Gyro,0.036,0.244,0.220,
82717514103800,pre,995.291,,,
82717503292394,Lacc,-0.460,-0.164,1.111,
82717503292394,GameRo,0.015,-0.024,-0.727,0.686
82717521874529,Gyro,0.116,0.217,0.180,
82717522994529,acc,0.344,0.836,9.257,
82717522994529,Lacc,0.283,0.267,-0.537,
82717522994529,GameRo,0.018,-0.023,-0.726,0.687
82717542696664,acc,0.232,0.706,9.163,
82717541576664,Gyro,0.042,0.117,0.136,
82717554100362,pre,995.291,,,
82717542696664,Lacc,0.192,0.129,-0.630,
82717542696664,GameRo,0.019,-0.023,-0.725,0.688
82717561278800,Gyro,-0.002,0.029,0.082,
82717562398800,acc,0.376,0.841,9.511,
82717562398800,Lacc,0.339,0.264,-0.282,
82717562398800,GameRo,0.019,-0.023,-0.725,0.689
82717580980935,Gyro,0.007,-0.045,0.039,
82717594100258,pre,995.253,,,
82717582100935,acc,0.367,0.799,9.267,
82717582100935,Lacc,0.321,0.220,-0.526,
82717582100935,GameRo,0.019,-0.023,-0.724,0.689
82717600683071,Gyro,-0.046,-0.068,-0.003,
82717601803071,acc,0.371,0.723,9.659,
82717601803071,Lacc,0.312,0.153,-0.134,
82717601803071,GameRo,0.018,-0.023,-0.724,0.689
82717620385206,Gyro,-0.031,0.007,-0.003,
82717621505206,acc,0.240,0.602,10.114,
82717634099789,pre,995.273,,,
82717621505206,Lacc,0.181,0.038,0.320,
82717621505206,GameRo,0.018,-0.023,-0.724,0.689
82717640087341,Gyro,-0.005,0.075,0.029,
82717641207341,acc,0.085,0.531,9.645,
82717641207341,Lacc,0.040,-0.032,-0.148,
82717641207341,GameRo,0.018,-0.023,-0.724,0.689
82717660909477,acc,0.153,0.700,9.479,
82717659789477,Gyro,-0.043,0.016,0.024,
82717660909477,Lacc,0.111,0.144,-0.315,
82717660909477,GameRo,0.018,-0.022,-0.724,0.689
82717674107498,pre,995.252,,,
82717679491612,Gyro,-0.008,-0.062,-0.023,
82717680611612,acc,0.080,0.688,9.852,
82717680611612,Lacc,0.026,0.133,0.057,
82717680611612,GameRo,0.017,-0.022,-0.724,0.689
82717699193696,Gyro,0.000,-0.048,-0.029,
82717700313696,acc,-0.136,0.445,9.775,
82717700313696,Lacc,-0.198,-0.109,-0.019,
82717700313696,GameRo,0.017,-0.023,-0.724,0.689
82717714109216,pre,995.273,,,
82717718895883,Gyro,-0.049,0.040,0.012,
82717720015883,acc,-0.169,0.383,10.058,
82717720015883,Lacc,-0.223,-0.161,0.263,
82717720015883,GameRo,0.017,-0.022,-0.724,0.689
82717739718019,acc,-0.005,0.465,10.107,
82717738598019,Gyro,-0.024,0.093,0.038,
82717739718019,Lacc,-0.041,-0.074,0.311,
82717739718019,GameRo,0.018,-0.021,-0.724,0.689
82717754099425,pre,995.273,,,
82717758300154,Gyro,0.029,0.038,0.037,
82717759420154,acc,0.078,0.472,9.882,
82717759420154,Lacc,0.048,-0.073,0.087,
82717759420154,GameRo,0.018,-0.021,-0.724,0.689
82717778002237,Gyro,0.038,0.008,0.026,
82717779122237,acc,0.140,0.627,9.926,
82717779122237,Lacc,0.111,0.075,0.131,
82717779122237,GameRo,0.018,-0.022,-0.724,0.690
82717794100779,pre,995.242,,,
82717797704373,Gyro,0.032,0.026,0.019,
82717798824373,acc,-0.015,0.575,9.794,
82717798824373,Lacc,-0.039,0.016,-0.000,
82717798824373,GameRo,0.019,-0.022,-0.723,0.690
82717817406508,Gyro,0.020,0.022,0.024,
82717818526508,acc,-0.063,0.557,9.800,
82717818526508,Lacc,-0.082,-0.005,0.006,
82717818526508,GameRo,0.019,-0.022,-0.723,0.690
82717834102185,pre,995.265,,,
82717837108644,Gyro,0.027,0.018,0.034,
82717838228644,acc,-0.032,0.571,9.837,
82717838228644,Lacc,-0.048,0.003,0.043,
82717838228644,GameRo,0.019,-0.022,-0.723,0.690
82717857930779,acc,0.042,0.603,9.765,
82717856810779,Gyro,0.063,-0.030,0.034,
82717857930779,Lacc,0.019,0.023,-0.028,
82717857930779,GameRo,0.020,-0.022,-0.723,0.690
82717874098331,pre,995.270,,,
82717876512914,Gyro,0.078,-0.074,0.023,
82717877632914,acc,0.147,0.619,9.506,
82717877632914,Lacc,0.110,0.024,-0.286,
82717877632914,GameRo,0.020,-0.023,-0.723,0.691
82717897335050,Lacc,0.126,0.043,-0.221,
82717897335050,acc,0.174,0.642,9.571,
82717896215050,Gyro,0.019,-0.056,0.008,
82717897335050,GameRo,0.019,-0.024,-0.723,0.691
82717914099841,pre,995.253,,,
82717915917185,Gyro,0.000,-0.017,0.003,
82717917037185,acc,0.048,0.531,9.770,
82717917037185,Lacc,-0.003,-0.067,-0.021,
82717917037185,GameRo,0.019,-0.024,-0.723,0.691
82717935619321,Gyro,-0.004,0.003,0.013,
82717936739321,acc,0.044,0.559,9.675,
82717936739321,Lacc,-0.007,-0.039,-0.117,
82717936739321,GameRo,0.019,-0.024,-0.722,0.691
82717954098852,pre,995.270,,,
82717955321456,Gyro,-0.026,0.009,0.002,
82717956441456,acc,0.117,0.622,9.609,
82717956441456,Lacc,0.067,0.028,-0.183,
82717956441456,GameRo,0.019,-0.024,-0.722,0.691
82717975023591,Gyro,0.001,-0.031,-0.016,
82717976143591,acc,0.080,0.588,9.887,
82717976143591,Lacc,0.024,-0.005,0.094,
82717976143591,GameRo,0.019,-0.024,-0.723,0.691
82717994105414,pre,995.247,,,
82717994725727,Gyro,0.041,-0.041,-0.016,
82717995845727,acc,0.068,0.577,9.770,
82717995845727,Lacc,0.005,-0.024,-0.021,
82717995845727,GameRo,0.019,-0.025,-0.723,0.690
82718014427862,Gyro,0.005,-0.008,-0.019,
82718015547862,acc,0.082,0.626,9.655,
82718015547862,Lacc,0.017,0.024,-0.137,
82718015547862,GameRo,0.019,-0.025,-0.723,0.690
82718034108800,pre,995.303,,,
82718035249998,acc,-0.044,0.575,9.762,
82718034129998,Gyro,-0.021,0.023,-0.022,
82718035249998,Lacc,-0.103,-0.023,-0.030,
82718035249998,GameRo,0.019,-0.024,-0.723,0.690
82718053832133,Gyro,-0.002,0.011,-0.011,
82718054952133,acc,-0.031,0.568,9.802,
82718054952133,Lacc,-0.088,-0.029,0.011,
82718054952133,GameRo,0.019,-0.024,-0.723,0.690
82718074107706,pre,995.265,,,
82718073534269,Gyro,0.000,0.006,-0.008,
82718074654269,acc,0.080,0.578,9.762,
82718074654269,Lacc,0.024,-0.019,-0.029,
82718074654269,GameRo,0.019,-0.024,-0.723,0.690
82718093236404,Gyro,0.007,-0.017,-0.006,
82718094356404,acc,0.028,0.548,9.880,
82718094356404,Lacc,-0.032,-0.050,0.088,
82718094356404,GameRo,0.019,-0.024,-0.723,0.690
82718114098539,pre,995.293,,,
82718112938539,Gyro,0.016,-0.033,-0.003,
82718114058539,acc,0.063,0.607,9.888,
82718114058539,Lacc,-0.003,0.005,0.096,
82718114058539,GameRo,0.019,-0.025,-0.723,0.690
82718132640623,Gyro,0.029,-0.042,-0.001,
82718133760623,acc,0.081,0.628,9.904,
82718133760623,Lacc,0.008,0.021,0.113,
82718133760623,GameRo,0.019,-0.025,-0.723,0.690
82718154105883,pre,995.283,,,
82718152342758,Gyro,0.038,-0.042,-0.003,
82718153462758,acc,0.100,0.664,9.773,
82718153462758,Lacc,0.018,0.049,-0.017,
82718153462758,GameRo,0.019,-0.026,-0.723,0.690
82718172044894,Gyro,0.021,-0.022,-0.007,
82718173164894,acc,0.062,0.656,9.723,
82718173164894,Lacc,-0.023,0.036,-0.067,
82718173164894,GameRo,0.019,-0.026,-0.723,0.690
82718194097341,pre,995.257,,,
82718191747029,Gyro,-0.002,0.005,0.001,
82718192867029,acc,-0.022,0.611,9.689,
82718192867029,Lacc,-0.106,-0.007,-0.101,
82718192867029,GameRo,0.019,-0.026,-0.723,0.690
82718211449164,Gyro,-0.002,0.009,0.006,
82718212569164,acc,0.063,0.614,9.692,
82718212569164,Lacc,-0.020,-0.004,-0.098,
82718212569164,GameRo,0.019,-0.026,-0.723,0.690
82718234100206,pre,995.288,,,
82718231151300,Gyro,0.013,-0.002,0.002,
82718232271300,acc,0.127,0.598,9.746,
82718232271300,Lacc,0.043,-0.023,-0.044,
82718232271300,GameRo,0.019,-0.026,-0.723,0.690
82718250853435,Gyro,0.020,-0.008,0.002,
82718251973435,acc,0.099,0.609,9.630,
82718251973435,Lacc,0.014,-0.015,-0.160,
82718251973435,GameRo,0.019,-0.026,-0.723,0.690
82718274096977,pre,995.255,,,
82718270555571,Gyro,-0.011,0.010,-0.004,
82718271675571,acc,0.067,0.642,9.516,
82718271675571,Lacc,-0.016,0.020,-0.273,
82718271675571,GameRo,0.019,-0.026,-0.723,0.690
82718290257706,Gyro,-0.039,0.028,-0.011,
82718291377706,acc,-0.008,0.559,9.683,
82718291377706,Lacc,-0.086,-0.056,-0.107,
82718291377706,GameRo,0.019,-0.026,-0.723,0.690
82718314108019,pre,995.255,,,
82718309959841,Gyro,-0.015,0.001,-0.002,
82718311079841,acc,0.041,0.518,9.763,
82718311079841,Lacc,-0.036,-0.094,-0.027,
82718311079841,GameRo,0.019,-0.025,-0.723,0.690
82718329661977,Gyro,0.013,-0.024,0.001,
82718330781977,acc,0.159,0.608,9.813,
82718330781977,Lacc,0.076,-0.006,0.022,
82718330781977,GameRo,0.019,-0.026,-0.723,0.690
82718354105623,pre,995.265,,,
82718350484060,acc,0.162,0.625,9.754,
82718349364060,Gyro,0.021,-0.025,-0.000,
82718350484060,Lacc,0.075,0.006,-0.036,
82718350484060,GameRo,0.019,-0.026,-0.723,0.690
82718369066248,Gyro,0.014,-0.019,-0.004,
82718370186248,acc,0.157,0.647,9.760,
82718370186248,Lacc,0.067,0.025,-0.030,
82718370186248,GameRo,0.018,-0.026,-0.723,0.690
82718394108956,pre,995.257,,,
82718388768383,Gyro,-0.012,-0.001,-0.016,
82718389888383,acc,0.124,0.617,9.775,
82718389888383,Lacc,0.033,-0.003,-0.016,
82718389888383,GameRo,0.018,-0.026,-0.723,0.690
82718408470466,Gyro,-0.031,0.017,-0.017,
82718409590466,acc,0.123,0.601,9.889,
82718409590466,Lacc,0.036,-0.012,0.098,
82718409590466,GameRo,0.018,-0.026,-0.724,0.690
82718434104373,pre,995.265,,,
82718429292602,acc,0.146,0.608,9.958,
82718428172602,Gyro,-0.016,0.023,-0.025,
82718429292602,Lacc,0.063,-0.002,0.168,
82718429292602,GameRo,0.018,-0.026,-0.724,0.689
82718447874737,Gyro,0.019,-0.007,-0.028,
82718448994737,acc,0.065,0.558,9.941,
82718448994737,Lacc,-0.019,-0.056,0.150,
82718448994737,GameRo,0.018,-0.026,-0.724,0.689
82718474104269,pre,995.286,,,
82718467576873,Gyro,0.027,-0.015,-0.023,
82718468696873,acc,0.043,0.586,9.821,
82718468696873,Lacc,-0.043,-0.032,0.032,
82718468696873,GameRo,0.019,-0.026,-0.724,0.689
82718487279008,Gyro,0.012,0.002,-0.020,
82718488399008,acc,0.084,0.699,9.821,
82718488399008,Lacc,-0.001,0.077,0.031,
82718488399008,GameRo,0.019,-0.026,-0.724,0.689
82718514108487,pre,995.255,,,
82718506981144,Gyro,0.035,-0.012,-0.016,
82718508101144,acc,0.020,0.645,9.850,
82718508101144,Lacc,-0.068,0.017,0.061,
82718508101144,GameRo,0.019,-0.026,-0.724,0.689
82718526683279,Gyro,0.052,-0.025,-0.002,
82718527803279,acc,0.005,0.646,9.654,
82718527803279,Lacc,-0.087,0.008,-0.134,
82718527803279,GameRo,0.019,-0.027,-0.724,0.689
82718554099112,pre,995.252,,,
82718547505414,Lacc,-0.056,0.030,-0.083,
82718546385414,Gyro,0.007,-0.024,0.009,
82718547505414,acc,0.041,0.670,9.706,
82718547505414,GameRo,0.019,-0.027,-0.724,0.689
82718566087550,Gyro,0.001,0.009,0.001,
82718567207550,acc,0.080,0.676,9.878,
82718567207550,Lacc,-0.015,0.036,0.089,
82718567207550,GameRo,0.019,-0.027,-0.724,0.689
82718594100310,pre,995.247,,,
82718585789685,Gyro,0.032,-0.002,0.006,
82718586909685,acc,-0.012,0.590,9.888,
82718586909685,Lacc,-0.107,-0.056,0.100,
82718586909685,GameRo,0.019,-0.027,-0.724,0.689
82718605491821,Gyro,0.035,-0.004,0.018,
82718606611821,acc,0.085,0.695,9.720,
82718606611821,Lacc,-0.011,0.042,-0.067,
82718606611821,GameRo,0.019,-0.028,-0.724,0.689
82718634106352,pre,995.275,,,
82718625193956,Gyro,0.006,0.016,0.004,
82718626313956,acc,0.176,0.784,9.699,
82718626313956,Lacc,0.083,0.129,-0.088,
82718626313956,GameRo,0.020,-0.028,-0.724,0.689
82718644896091,Gyro,-0.003,0.029,-0.000,
82718646016091,Lacc,-0.003,0.010,-0.048,
82718646016091,acc,0.085,0.664,9.739,
82718646016091,GameRo,0.020,-0.027,-0.724,0.689
82718674108279,pre,995.260,,,
82718664598227,Gyro,0.007,0.023,0.011,
82718665718227,acc,0.038,0.585,9.757,
82718665718227,Lacc,-0.046,-0.070,-0.030,
82718665718227,GameRo,0.020,-0.027,-0.724,0.689
82718684300362,Gyro,0.000,0.017,0.017,
82718685420362,acc,0.147,0.683,9.699,
82718685420362,Lacc,0.066,0.028,-0.088,
82718685420362,GameRo,0.020,-0.027,-0.724,0.689
82718714100675,pre,995.270,,,
82718704002498,Gyro,-0.005,0.007,0.001,
82718705122498,acc,0.136,0.654,9.742,
82718705122498,Lacc,0.057,0.001,-0.046,
82718705122498,GameRo,0.020,-0.027,-0.724,0.689
82718723704633,Gyro,0.003,-0.006,0.004,
82718724824633,acc,0.026,0.537,9.829,
82718724824633,Lacc,-0.055,-0.117,0.041,
82718724824633,GameRo,0.020,-0.027,-0.724,0.689
82718754106925,pre,995.262,,,
82718744526769,acc,0.106,0.665,9.776,
82718743406769,Gyro,0.006,-0.003,0.013,
82718744526769,Lacc,0.025,0.010,-0.011,
82718744526769,GameRo,0.020,-0.027,-0.724,0.689
82718763108904,Gyro,-0.014,0.010,0.001,
82718764228904,acc,0.124,0.709,9.705,
82718764228904,Lacc,0.045,0.057,-0.083,
82718764228904,GameRo,0.020,-0.027,-0.724,0.689
82718794108696,pre,995.260,,,
82718783931039,acc,0.077,0.647,9.792,
82718782811039,Gyro,-0.004,-0.010,-0.005,
82718783931039,Lacc,-0.004,-0.005,0.004,
82718783931039,GameRo,0.020,-0.027,-0.724,0.689
82718803633175,acc,0.024,0.605,9.819,
82718802513175,Gyro,0.016,-0.033,-0.004,
82718803633175,Lacc,-0.063,-0.050,0.031,
82718803633175,GameRo,0.020,-0.027,-0.724,0.689
82718822215310,Gyro,0.027,-0.033,0.003,
82718834108748,pre,995.278,,,
82718823335310,acc,0.064,0.644,9.808,
82718823335310,Lacc,-0.029,-0.017,0.020,
82718823335310,GameRo,0.020,-0.028,-0.724,0.689
82718841917446,Gyro,0.025,-0.016,0.007,
82718843037446,acc,-0.017,0.589,9.773,
82718843037446,Lacc,-0.114,-0.076,-0.014,
82718843037446,GameRo,0.020,-0.028,-0.724,0.689
82718861619581,Gyro,0.003,0.010,0.015,
82718874097029,pre,995.244,,,
82718862739581,acc,0.071,0.701,9.666,
82718862739581,Lacc,-0.024,0.036,-0.120,
82718862739581,GameRo,0.020,-0.028,-0.724,0.689
82718881321716,Gyro,-0.015,0.011,0.003,
82718882441716,acc,0.157,0.780,9.699,
82718882441716,Lacc,0.064,0.117,-0.088,
82718882441716,GameRo,0.020,-0.028,-0.724,0.689
82718901023852,Gyro,0.003,-0.008,-0.009,
82718902143852,acc,0.086,0.674,9.770,
82718914100519,pre,995.280,,,
82718902143852,Lacc,-0.009,0.010,-0.016,
82718902143852,GameRo,0.020,-0.028,-0.724,0.689
82718920725987,Gyro,0.001,-0.010,-0.004,
82718921845987,acc,0.066,0.615,9.724,
82718921845987,Lacc,-0.030,-0.048,-0.063,
82718921845987,GameRo,0.020,-0.028,-0.724,0.689
82718940428175,Gyro,-0.030,0.022,-0.002,
82718941548175,acc,0.076,0.628,9.835,
82718941548175,Lacc,-0.016,-0.030,0.047,
82718954100779,pre,995.255,,,
82718941548175,GameRo,0.020,-0.028,-0.724,0.689
82718960130310,Gyro,-0.007,0.020,0.004,
82718961250310,acc,-0.012,0.522,9.925,
82718961250310,Lacc,-0.100,-0.134,0.138,
82718961250310,GameRo,0.020,-0.027,-0.724,0.689
82718980952446,acc,0.089,0.604,9.860,
82718979832446,Gyro,0.026,-0.005,0.014,
82718980952446,Lacc,0.000,-0.056,0.073,
82718980952446,GameRo,0.020,-0.028,-0.724,0.689
82718994107966,pre,995.255,,,
82718999534581,Gyro,0.020,0.007,0.005,
82719000654581,acc,0.113,0.644,9.769,
82719000654581,Lacc,0.026,-0.021,-0.018,
82719000654581,GameRo,0.020,-0.028,-0.723,0.690
82719019236716,Gyro,0.018,0.018,0.006,
82719020356716,acc,-0.022,0.572,9.815,
82719020356716,Lacc,-0.106,-0.096,0.028,
82719020356716,GameRo,0.020,-0.028,-0.723,0.690
82719034098383,pre,995.270,,,
82719038938852,Gyro,0.032,0.016,0.008,
82719040058852,acc,-0.016,0.574,9.759,
82719040058852,Lacc,-0.097,-0.100,-0.028,
82719040058852,GameRo,0.021,-0.028,-0.723,0.690
82719058641039,Gyro,0.039,0.018,0.007,
82719059761039,acc,-0.047,0.558,9.736,
82719059761039,Lacc,-0.124,-0.124,-0.050,
82719059761039,GameRo,0.021,-0.028,-0.723,0.690
82719074108123,pre,995.278,,,
82719078343175,Gyro,0.035,0.026,0.004,
82719079463175,acc,-0.157,0.535,9.812,
82719079463175,Lacc,-0.228,-0.152,0.027,
82719079463175,GameRo,0.022,-0.028,-0.723,0.690
82719098045310,Gyro,0.052,0.027,0.020,
82719099165310,acc,-0.260,0.352,10.055,
82719099165310,Lacc,-0.326,-0.345,0.270,
82719099165310,GameRo,0.022,-0.028,-0.723,0.690
82719114107185,pre,995.255,,,
82719117747446,Gyro,0.061,0.075,0.063,
82719118867446,acc,-0.343,0.211,10.303,
82719118867446,Lacc,-0.395,-0.496,0.519,
82719118867446,GameRo,0.023,-0.028,-0.723,0.690
82719137449581,Gyro,0.103,0.100,0.137,
82719138569581,acc,-0.326,0.292,10.350,
82719138569581,Lacc,-0.360,-0.434,0.567,
82719138569581,GameRo,0.024,-0.028,-0.722,0.691
82719154110519,pre,995.273,,,
82719157151716,Gyro,0.213,0.028,0.192,
82719158271716,Lacc,-0.298,-0.277,0.528,
82719158271716,acc,-0.267,0.489,10.308,
82719158271716,GameRo,0.026,-0.029,-0.720,0.693
82719176853904,Gyro,0.339,-0.050,0.225,
82719177973904,acc,-0.345,0.634,10.256,
82719177973904,Lacc,-0.388,-0.197,0.481,
82719177973904,GameRo,0.028,-0.032,-0.719,0.694
82719194102133,pre,995.301,,,
82719196556039,Gyro,0.393,-0.072,0.245,
82719197676039,acc,-0.447,0.781,9.729,
82719197676039,Lacc,-0.507,-0.125,-0.039,
82719197676039,GameRo,0.030,-0.035,-0.717,0.696
82719216258175,Gyro,0.368,-0.052,0.260,
82719217378175,acc,-0.646,0.808,9.310,
82719217378175,Lacc,-0.719,-0.169,-0.450,
82719217378175,GameRo,0.032,-0.038,-0.715,0.697
82719234102081,pre,995.278,,,
82719235960362,Gyro,0.341,-0.078,0.277,
82719237080362,acc,-0.732,0.862,9.061,
82719237080362,Lacc,-0.823,-0.179,-0.693,
82719237080362,GameRo,0.034,-0.041,-0.713,0.699
82719255662498,Gyro,0.284,-0.049,0.288,
82719256782498,acc,-0.767,0.982,9.142,
82719256782498,Lacc,-0.872,-0.113,-0.606,
82719256782498,GameRo,0.035,-0.044,-0.711,0.701
82719274099998,pre,995.265,,,
82719275364633,Gyro,0.151,0.107,0.326,
82719276484633,acc,-0.899,1.026,8.885,
82719276484633,Lacc,-0.988,-0.098,-0.861,
82719276484633,GameRo,0.037,-0.044,-0.709,0.703
82719295066821,Gyro,0.041,0.217,0.392,
82719296186821,acc,-0.926,1.133,9.106,
82719296186821,Lacc,-0.980,0.002,-0.638,
82719296186821,GameRo,0.039,-0.043,-0.706,0.706
82719314107966,pre,995.303,,,
82719314768956,Gyro,0.050,0.246,0.434,
82719315888956,acc,-0.975,1.178,9.383,
82719315888956,Lacc,-0.989,0.038,-0.360,
82719315888956,GameRo,0.041,-0.042,-0.703,0.709
82719334471091,Gyro,0.115,0.191,0.476,
82719335591091,acc,-1.097,1.204,9.263,
82719335591091,Lacc,-1.083,0.041,-0.478,
82719335591091,GameRo,0.043,-0.041,-0.699,0.713
82719354106664,pre,995.260,,,
82719354173279,Gyro,0.159,0.171,0.509,
82719355293279,acc,-1.228,1.279,9.220,
82719355293279,Lacc,-1.190,0.085,-0.517,
82719355293279,GameRo,0.045,-0.041,-0.695,0.716
82719373875414,Gyro,0.163,0.228,0.556,
82719374995414,acc,-1.475,1.183,9.169,
82719374995414,Lacc,-1.403,-0.043,-0.563,
82719374995414,GameRo,0.048,-0.041,-0.691,0.720
82719394098487,pre,995.265,,,
82719393577550,Gyro,0.136,0.341,0.617,
82719394697550,acc,-1.646,1.131,9.093,
82719394697550,Lacc,-1.520,-0.122,-0.635,
82719394697550,GameRo,0.051,-0.039,-0.687,0.724
82719413279737,Gyro,0.109,0.367,0.690,
82719414399737,acc,-1.767,1.132,8.719,
82719414399737,Lacc,-1.585,-0.144,-1.006,
82719414399737,GameRo,0.054,-0.038,-0.682,0.729
82719434105102,pre,995.285,,,
82719434101873,acc,-1.890,1.156,8.863,
82719432981873,Gyro,0.165,0.235,0.743,
82719434101873,Lacc,-1.678,-0.155,-0.857,
82719434101873,GameRo,0.057,-0.037,-0.676,0.734
82719452684060,Gyro,0.303,0.103,0.795,
82719453804060,acc,-1.783,1.303,8.984,
82719453804060,Lacc,-1.567,-0.068,-0.727,
82719453804060,GameRo,0.059,-0.039,-0.670,0.739
82719474105102,pre,995.262,,,
82719472386196,Gyro,0.357,0.131,0.825,
82719473506196,acc,-1.572,1.516,8.793,
82719473506196,Lacc,-1.351,0.072,-0.908,
82719473506196,GameRo,0.063,-0.041,-0.664,0.744
82719492088331,Gyro,0.335,0.234,0.821,
82719493208331,acc,-1.627,1.563,8.886,
82719493208331,Lacc,-1.383,0.051,-0.804,
82719493208331,GameRo,0.066,-0.042,-0.658,0.749
82719514103279,pre,995.252,,,
82719511790519,Gyro,0.312,0.264,0.797,
82719512910519,acc,-1.514,1.650,8.563,
82719512910519,Lacc,-1.240,0.074,-1.115,
82719512910519,GameRo,0.070,-0.042,-0.651,0.754
82719531492706,Gyro,0.214,0.211,0.727,
82719532612706,acc,-1.335,1.601,8.658,
82719532612706,Lacc,-1.041,-0.020,-1.012,
82719532612706,GameRo,0.073,-0.042,-0.646,0.759
82719554105310,pre,995.282,,,
82719551194841,Gyro,0.032,0.384,0.654,
82719552314841,acc,-1.344,1.274,8.011,
82719552314841,Lacc,-0.995,-0.358,-1.656,
82719552314841,GameRo,0.075,-0.040,-0.640,0.763
82719570897029,Gyro,-0.534,0.438,0.634,
82719572017029,acc,-1.581,1.601,8.679,
82719572017029,Lacc,-1.166,0.066,-1.001,
82719572017029,GameRo,0.074,-0.034,-0.636,0.768
82719594099112,pre,995.275,,,
82719590585466,Gyro,-0.440,0.472,0.615,
82719591705466,acc,-1.563,1.360,10.506,
82719591705466,Lacc,-1.074,-0.096,0.816,
82719591705466,GameRo,0.073,-0.028,-0.631,0.772
82719610301352,Gyro,-0.197,0.560,0.647,
82719611421352,acc,-1.656,0.950,10.220,
82719611421352,Lacc,-1.076,-0.474,0.531,
82719611421352,GameRo,0.075,-0.023,-0.625,0.776
82719634103435,pre,995.267,,,
82719630003487,Gyro,-0.078,0.439,0.695,
82719631123487,acc,-1.693,1.121,9.404,
82719631123487,Lacc,-1.046,-0.296,-0.281,
82719631123487,GameRo,0.077,-0.019,-0.620,0.781
82719649705675,Gyro,0.022,0.238,0.722,
82719650825675,acc,-1.079,1.441,9.264,
82719650825675,Lacc,-0.406,0.011,-0.418,
82719650825675,GameRo,0.079,-0.018,-0.614,0.785
82719674108748,pre,995.285,,,
82719669407862,Gyro,0.176,0.005,0.634,
82719670527862,acc,-0.748,1.863,8.847,
82719670527862,Lacc,-0.092,0.389,-0.829,
82719670527862,GameRo,0.080,-0.020,-0.609,0.789
82719690229998,acc,-0.852,2.186,7.917,
82719689109998,Gyro,0.165,-0.258,0.553,
82719690229998,Lacc,-0.260,0.671,-1.757,
82719690229998,GameRo,0.080,-0.023,-0.605,0.792
82719714104060,pre,995.295,,,
82719708812185,Gyro,-0.111,-0.444,0.491,
82719709932185,acc,-0.849,2.152,7.740,
82719709932185,Lacc,-0.356,0.651,-1.942,
82719709932185,GameRo,0.076,-0.026,-0.601,0.795
82719728514373,Gyro,-0.289,-0.543,0.431,
82719729634373,acc,-0.626,1.962,9.499,
82719729634373,Lacc,-0.249,0.511,-0.196,
82719729634373,GameRo,0.071,-0.029,-0.599,0.797
82719754106664,pre,995.270,,,
82719749336508,acc,-0.832,1.694,10.528,
82719748216508,Gyro,-0.053,-0.460,0.424,
82719749336508,Lacc,-0.553,0.250,0.829,
82719749336508,GameRo,0.068,-0.033,-0.596,0.800
82719767918696,Gyro,0.224,-0.421,0.495,
82719769038696,acc,-0.876,1.725,9.709,
82719769038696,Lacc,-0.690,0.235,0.015,
82719769038696,GameRo,0.067,-0.038,-0.592,0.802
82719794108487,pre,995.285,,,
82719787620883,Gyro,0.329,-0.675,0.406,
82719788740883,acc,0.077,2.255,8.965,
82719788740883,Lacc,0.122,0.700,-0.721,
82719788740883,GameRo,0.065,-0.045,-0.589,0.804
82719807323019,Gyro,0.304,-0.947,0.112,
82719808443019,acc,0.322,2.082,9.110,
82719808443019,Lacc,0.182,0.467,-0.565,
82719808443019,GameRo,0.062,-0.055,-0.588,0.804
82719834106404,pre,995.290,,,
82719827025206,Gyro,0.359,-1.359,-0.152,
82719828145206,acc,0.004,1.944,9.125,
82719828145206,Lacc,-0.389,0.259,-0.531,
82719828145206,GameRo,0.057,-0.067,-0.590,0.802
82719846727394,Gyro,0.586,-1.716,-0.254,
82719847847394,acc,-0.180,1.972,10.213,
82719847847394,Lacc,-0.888,0.173,0.596,
82719847847394,GameRo,0.052,-0.084,-0.593,0.799
82719874100050,pre,995.326,,,
82719866429581,Gyro,0.837,-1.481,-0.101,
82719867549581,acc,-0.341,1.273,10.408,
82719867549581,Lacc,-1.322,-0.684,0.846,
82719867549581,GameRo,0.050,-0.100,-0.594,0.797
82719886131769,Gyro,0.889,-1.357,0.113,
82719887251769,acc,-0.083,1.516,8.888,
82719887251769,Lacc,-1.321,-0.603,-0.610,
82719887251769,GameRo,0.049,-0.116,-0.592,0.796
82719914104529,pre,995.262,,,
82719905833904,Gyro,0.753,-1.409,0.195,
82719906953904,acc,0.465,1.638,9.845,
82719906953904,Lacc,-1.042,-0.615,0.417,
82719906953904,GameRo,0.047,-0.132,-0.591,0.795
82719925536091,Gyro,0.593,-0.976,0.173,
82719926656091,acc,0.782,1.603,9.304,
82719926656091,Lacc,-0.911,-0.754,-0.067,
82719926656091,GameRo,0.046,-0.143,-0.589,0.794
82719954099269,pre,995.285,,,
82719946358279,acc,0.942,2.273,9.170,
82719945238279,Gyro,0.527,-1.002,0.244,
82719946358279,Lacc,-0.945,-0.172,-0.140,
82719946358279,GameRo,0.044,-0.153,-0.587,0.794
82719966060466,acc,1.626,2.293,9.403,
82719964940466,Gyro,0.468,-0.848,0.318,
82719966060466,Lacc,-0.431,-0.225,0.147,
82719966060466,GameRo,0.042,-0.163,-0.584,0.794
82719994108227,pre,995.311,,,
82719984642654,Gyro,0.308,-0.583,0.362,
82719985762654,acc,1.750,1.996,9.609,
82719985762654,Lacc,-0.430,-0.561,0.392,
82719985762654,GameRo,0.040,-0.169,-0.581,0.795
82720004344841,Gyro,0.140,-0.381,0.420,
82720005464841,acc,1.828,2.274,9.315,
82720005464841,Lacc,-0.442,-0.289,0.121,
82720005464841,GameRo,0.038,-0.173,-0.577,0.797
82720034099477,pre,995.303,,,
82720024047029,Gyro,-0.028,-0.446,0.398,
82720025167029,acc,2.425,2.387,8.443,
82720025167029,Lacc,0.055,-0.153,-0.731,
82720025167029,GameRo,0.035,-0.177,-0.575,0.798
82720043749216,Gyro,-0.207,-0.873,0.378,
82720044869216,acc,3.406,1.876,8.460,
82720044869216,Lacc,0.856,-0.608,-0.682,
82720044869216,GameRo,0.028,-0.183,-0.572,0.799
82720074106144,pre,995.324,,,
82720063437654,Gyro,-0.418,-1.096,0.288,
82720064557654,acc,5.075,2.213,10.249,
82720064557654,Lacc,2.311,-0.179,1.146,
82720064557654,GameRo,0.018,-0.189,-0.571,0.799
82720083153591,Gyro,-0.746,-0.675,0.043,
82720084273591,acc,4.916,1.346,11.530,
82720084273591,Lacc,2.027,-0.908,2.430,
82720084273591,GameRo,0.008,-0.190,-0.572,0.798
82720114099008,pre,995.329,,,
82720102855779,Gyro,-0.790,0.167,-0.051,
82720103975779,acc,4.921,1.205,12.045,
82720103975779,Lacc,2.062,-0.906,2.901,
82720103975779,GameRo,0.002,-0.184,-0.574,0.798
82720122544216,Gyro,-0.438,0.807,0.031,
82720123664216,acc,4.154,1.730,10.567,
82720123664216,Lacc,1.438,-0.300,1.362,
82720123664216,GameRo,0.003,-0.176,-0.574,0.800
82720154097706,pre,995.316,,,
82720142260154,Gyro,-0.044,0.917,0.125,
82720143380154,acc,4.016,2.092,8.097,
82720143380154,Lacc,1.457,0.076,-1.156,
82720143380154,GameRo,0.008,-0.168,-0.573,0.802
82720163082341,acc,4.864,2.742,6.302,
82720161962341,Gyro,0.114,0.386,0.080,
82720163082341,Lacc,2.365,0.706,-2.963,
82720163082341,GameRo,0.011,-0.166,-0.572,0.803
82720181650831,Gyro,-0.013,-0.380,-0.169,
82720182770831,acc,5.827,2.549,5.456,
82720194099425,pre,995.300,,,
82720182770831,Lacc,3.256,0.504,-3.787,
82720182770831,GameRo,0.008,-0.170,-0.574,0.801
82720201366716,Gyro,-0.329,-1.066,-0.349,
82720202486716,acc,6.164,1.676,5.515,
82720202486716,Lacc,3.402,-0.327,-3.682,
82720202486716,GameRo,0.000,-0.177,-0.577,0.797
82720221068956,Gyro,-0.688,-1.516,-0.280,
82720222188956,acc,5.520,1.326,6.709,
82720234100154,pre,995.306,,,
82720222188956,Lacc,2.487,-0.568,-2.425,
82720222188956,GameRo,-0.014,-0.185,-0.580,0.793
82720240757394,Gyro,-0.902,-1.452,0.093,
82720241877394,acc,5.501,1.309,8.322,
82720241877394,Lacc,2.200,-0.416,-0.753,
82720241877394,GameRo,-0.029,-0.191,-0.581,0.791
82720260473331,Gyro,-0.936,-1.154,0.339,
82720261593331,acc,5.975,0.933,8.563,
82720261593331,Lacc,2.452,-0.602,-0.462,
82720261593331,GameRo,-0.044,-0.195,-0.580,0.790
82720274100935,pre,995.295,,,
82720280175519,Gyro,-0.843,-0.880,0.496,
82720281295519,acc,5.141,1.238,7.777,
82720281295519,Lacc,1.443,-0.111,-1.209,
82720281295519,GameRo,-0.057,-0.197,-0.577,0.791
82720299864008,Gyro,-0.781,-0.869,0.819,
82720300984008,acc,4.495,1.177,6.011,
82720300984008,Lacc,0.619,0.026,-2.927,
82720300984008,GameRo,-0.069,-0.199,-0.571,0.793
82720314104269,pre,995.326,,,
82720319579946,Gyro,-0.877,-1.132,1.115,
82720320699946,acc,4.920,1.238,4.714,
82720320699946,Lacc,0.815,0.326,-4.149,
82720320699946,GameRo,-0.085,-0.203,-0.563,0.796
82720339282133,Gyro,-1.146,-1.485,1.177,
82720340402133,acc,6.447,1.504,3.591,
82720340402133,Lacc,2.056,0.886,-5.159,
82720340402133,GameRo,-0.105,-0.208,-0.555,0.799
82720354108435,pre,995.349,,,
82720358984321,Gyro,-1.566,-2.070,0.850,
82720360104321,acc,7.091,1.055,4.390,
82720360104321,Lacc,2.329,0.777,-4.183,
82720360104321,GameRo,-0.130,-0.215,-0.549,0.797
82720378686560,Gyro,-1.648,-2.319,0.759,
82720379806560,acc,6.556,0.258,6.412,
82720379806560,Lacc,1.401,0.329,-1.934,
82720379806560,GameRo,-0.157,-0.223,-0.543,0.794
82720394108748,pre,995.323,,,
82720398388748,Gyro,-1.334,-2.643,0.937,
82720399508748,acc,6.260,-0.458,7.033,
82720399508748,Lacc,0.680,-0.072,-1.027,
82720399508748,GameRo,-0.184,-0.235,-0.535,0.790
82720418090935,Gyro,-0.736,-2.950,0.995,
82720419210935,acc,6.937,-0.753,7.212,
82720419210935,Lacc,0.907,-0.138,-0.501,
82720419210935,GameRo,-0.208,-0.253,-0.523,0.787
82720434101873,pre,995.333,,,
82720437793175,Gyro,-0.312,-3.175,0.930,
82720438913175,acc,7.320,-0.543,6.427,
82720438913175,Lacc,0.829,0.232,-0.888,
82720438913175,GameRo,-0.229,-0.274,-0.510,0.783
82720458615362,acc,7.192,-1.292,5.570,
82720457495362,Gyro,-0.305,-3.039,0.865,
82720458615362,Lacc,0.288,-0.358,-1.336,
82720458615362,GameRo,-0.249,-0.294,-0.497,0.778
82720474098852,pre,995.316,,,
82720477197550,Gyro,-0.526,-2.765,0.953,
82720478317550,acc,6.906,-1.978,4.804,
82720478317550,Lacc,-0.345,-0.839,-1.704,
82720478317550,GameRo,-0.269,-0.310,-0.484,0.773
82720498019789,acc,6.421,-2.054,4.426,
82720496899789,Gyro,-0.709,-2.614,1.081,
82720498019789,Lacc,-1.130,-0.667,-1.681,
82720498019789,GameRo,-0.290,-0.323,-0.471,0.768
82720514099529,pre,995.300,,,
82720516601977,Gyro,-0.670,-2.684,1.216,
82720517721977,acc,6.479,-2.122,4.332,
82720517721977,Lacc,-1.347,-0.471,-1.348,
82720517721977,GameRo,-0.312,-0.337,-0.456,0.763
82720536304216,Gyro,-0.485,-2.807,1.280,
82720537424216,acc,6.541,-2.289,4.049,
82720537424216,Lacc,-1.542,-0.382,-1.173,
82720537424216,GameRo,-0.332,-0.352,-0.439,0.757
82720554098383,pre,995.313,,,
82720556006404,Gyro,-0.463,-2.781,1.383,
82720557126404,acc,6.780,-2.644,3.905,
82720557126404,Lacc,-1.520,-0.467,-0.849,
82720557126404,GameRo,-0.352,-0.366,-0.421,0.752
82720575708644,Gyro,-0.752,-2.338,1.530,
82720576828644,acc,7.329,-2.950,4.363,
82720576828644,Lacc,-1.109,-0.452,0.028,
82720576828644,GameRo,-0.373,-0.374,-0.404,0.747
82720594099425,pre,995.323,,,
82720595410831,Gyro,-1.124,-1.556,1.585,
82720596530831,acc,7.801,-3.397,4.778,
82720596530831,Lacc,-0.680,-0.540,0.760,
82720596530831,GameRo,-0.393,-0.375,-0.390,0.743
82720615113071,Gyro,-1.406,-0.846,1.525,
82720616233071,acc,8.263,-4.021,4.778,
82720616233071,Lacc,-0.191,-0.801,0.984,
82720616233071,GameRo,-0.412,-0.370,-0.381,0.740
82720634099269,pre,995.344,,,
82720634815310,Gyro,-1.772,-0.368,1.405,
82720635935310,acc,9.016,-5.398,4.143,
82720635935310,Lacc,0.630,-1.813,0.530,
82720635935310,GameRo,-0.432,-0.360,-0.376,0.737
82720654503800,Gyro,-2.367,0.058,1.302,
82720655623800,acc,9.702,-7.872,3.816,
82720655623800,Lacc,1.419,-3.903,0.370,
82720655623800,GameRo,-0.453,-0.345,-0.375,0.732
82720674098123,pre,995.272,,,
82720674219737,Gyro,-2.904,0.341,1.354,
82720675339737,acc,9.459,-10.025,4.394,
82720675339737,Lacc,1.313,-5.638,1.132,
82720675339737,GameRo,-0.477,-0.325,-0.376,0.725
82720693921925,Gyro,-2.984,0.194,1.792,
82720695041925,acc,8.907,-10.878,5.595,
82720695041925,Lacc,0.942,-6.017,2.572,
82720695041925,GameRo,-0.503,-0.304,-0.373,0.717
82720714099998,pre,995.315,,,
82720713610466,Gyro,-2.398,-0.481,2.369,
82720714730466,acc,9.260,-9.501,6.903,
82720714730466,Lacc,1.510,-4.134,4.190,
82720714730466,GameRo,-0.529,-0.287,-0.361,0.713
82720733326404,Gyro,-1.271,-1.363,2.533,
82720734446404,acc,10.219,-7.285,7.388,
82720734446404,Lacc,2.681,-1.473,5.013,
82720734446404,GameRo,-0.549,-0.278,-0.340,0.711
82720754103019,pre,995.331,,,
82720753028644,Gyro,-0.070,-2.077,2.196,
82720754148644,acc,10.741,-5.648,6.541,
82720754148644,Lacc,3.369,0.486,4.472,
82720754148644,GameRo,-0.562,-0.280,-0.313,0.712
82720772717133,Gyro,0.758,-2.556,1.642,
82720773837133,acc,10.603,-5.370,5.241,
82720773837133,Lacc,3.334,0.967,3.441,
82720773837133,GameRo,-0.569,-0.292,-0.285,0.714
82720794101248,pre,995.313,,,
82720792433071,Gyro,1.099,-2.647,1.175,
82720793553071,acc,10.491,-6.529,4.067,
82720793553071,Lacc,3.280,-0.064,2.503,
82720793553071,GameRo,-0.571,-0.307,-0.259,0.716
82720812135310,Gyro,1.157,-2.502,0.923,
82720813255310,acc,10.455,-8.271,3.226,
82720813255310,Lacc,3.290,-1.710,1.865,
82720813255310,GameRo,-0.572,-0.322,-0.235,0.717
82720834099685,pre,995.323,,,
82720832943800,acc,10.012,-9.809,2.712,
82720831823800,Gyro,1.167,-2.240,0.990,
82720832943800,Lacc,2.920,-3.138,1.512,
82720832943800,GameRo,-0.572,-0.335,-0.212,0.718
82720851539737,Gyro,1.243,-1.999,1.221,
82720852659737,acc,9.904,-9.152,2.237,
82720852659737,Lacc,2.929,-2.341,1.148,
82720852659737,GameRo,-0.571,-0.344,-0.188,0.721
82720874097185,pre,995.323,,,
82720871241977,Gyro,1.331,-1.795,1.210,
82720872361977,acc,10.005,-7.257,1.954,
82720872361977,Lacc,3.154,-0.311,0.928,
82720872361977,GameRo,-0.569,-0.353,-0.165,0.725
82720890930466,Gyro,1.312,-1.424,0.897,
82720892050466,acc,9.618,-5.722,1.725,
82720892050466,Lacc,2.857,1.314,0.708,
82720892050466,GameRo,-0.564,-0.360,-0.146,0.728
82720914100310,pre,995.354,,,
82720910646456,Gyro,1.068,-0.780,0.422,
82720911766456,acc,8.434,-5.280,1.038,
82720911766456,Lacc,1.712,1.785,-0.024,
82720911766456,GameRo,-0.559,-0.365,-0.135,0.732
82720930348696,Gyro,0.593,-0.066,0.052,
82720931468696,acc,7.058,-5.715,-0.008,
82720931468696,Lacc,0.340,1.343,-1.141,
82720931468696,GameRo,-0.555,-0.366,-0.132,0.735
82720954100571,pre,995.282,,,
82720951157185,acc,6.083,-6.517,-0.501,
82720950037185,Gyro,0.094,0.432,-0.148,
82720951157185,Lacc,-0.646,0.520,-1.700,
82720951157185,GameRo,-0.554,-0.364,-0.135,0.737
82720969753175,Gyro,-0.203,0.604,-0.224,
82720970873175,acc,5.417,-7.267,-0.456,
82720970873175,Lacc,-1.327,-0.253,-1.703,
82720970873175,GameRo,-0.554,-0.361,-0.141,0.737
82720994110050,pre,995.290,,,
82720989455414,Gyro,-0.329,0.553,-0.198,
82720990575414,acc,4.871,-8.059,-0.454,
82720990575414,Lacc,-1.883,-1.058,-1.726,
82720990575414,GameRo,-0.555,-0.357,-0.146,0.737
82721009157654,Gyro,-0.422,0.443,-0.106,
82721010277654,acc,4.883,-8.315,0.243,
82721010277654,Lacc,-1.870,-1.314,-1.027,
82721010277654,GameRo,-0.557,-0.354,-0.150,0.736
82721034106664,pre,995.308,,,
82721028859894,Gyro,-0.384,0.447,-0.091,
82721029979894,Lacc,-1.635,-1.265,0.207,
82721029979894,GameRo,-0.559,-0.350,-0.155,0.736
82721029979894,acc,5.116,-8.267,1.484,
82721048562133,Gyro,-0.268,0.581,-0.128,
82721049682133,acc,4.919,-8.515,1.630,
82721049682133,Lacc,-1.831,-1.520,0.312,
82721049682133,GameRo,-0.560,-0.346,-0.160,0.736
82721074108800,pre,995.305,,,
82721069384373,acc,4.415,-8.961,0.916,
82721068264373,Gyro,-0.193,0.578,-0.062,
82721069384373,Lacc,-2.323,-1.964,-0.451,
82721069384373,GameRo,-0.560,-0.342,-0.164,0.737
82721087966612,Gyro,-0.282,0.466,0.096,
82721089086612,acc,3.980,-9.598,0.139,
82721089086612,Lacc,-2.726,-2.574,-1.249,
82721089086612,GameRo,-0.562,-0.337,-0.166,0.737
82721114107394,pre,995.305,,,
82721107668852,Gyro,-0.557,0.294,0.293,
82721108788852,acc,3.761,-10.079,-0.322,
82721108788852,Lacc,-2.890,-2.994,-1.668,
82721108788852,GameRo,-0.567,-0.332,-0.167,0.735
82721127371091,Gyro,-1.017,0.227,0.487,
82721128491091,acc,3.748,-10.525,0.086,
82721128491091,Lacc,-2.823,-3.346,-1.144,
82721128491091,GameRo,-0.576,-0.326,-0.168,0.731
82721154107394,pre,995.320,,,
82721147073331,Gyro,-1.445,0.412,0.670,
82721148193331,acc,3.657,-11.025,1.534,
82721148193331,Lacc,-2.801,-3.720,0.457,
82721148193331,GameRo,-0.587,-0.316,-0.170,0.725
82721166775571,Gyro,-1.538,0.618,0.951,
82721167895571,acc,2.954,-11.288,2.858,
82721167895571,Lacc,-3.347,-3.827,1.923,
82721167895571,GameRo,-0.600,-0.303,-0.171,0.720
82721194103175,pre,995.313,,,
82721186477810,Gyro,-1.289,0.671,1.409,
82721187597810,acc,2.559,-11.280,3.348,
82721187597810,Lacc,-3.513,-3.619,2.518,
82721187597810,GameRo,-0.612,-0.288,-0.169,0.717
82721206180102,Gyro,-0.811,0.508,1.840,
82721207300102,acc,3.200,-11.042,3.211,
82721207300102,Lacc,-2.574,-3.149,2.441,
82721207300102,GameRo,-0.622,-0.271,-0.161,0.716
82721234098279,pre,995.328,,,
82721225882341,Gyro,-0.312,0.292,2.085,
82721227002341,acc,4.161,-11.031,2.600,
82721227002341,Lacc,-1.275,-2.900,1.843,
82721227002341,GameRo,-0.629,-0.256,-0.148,0.719
82721246704581,Lacc,-0.102,-2.405,1.089,
82721246704581,acc,4.978,-10.761,1.874,
82721246704581,GameRo,-0.634,-0.241,-0.133,0.723
82721245584581,Gyro,0.098,0.097,2.173,
82721274095831,pre,995.313,,,
82721265286821,Gyro,0.300,-0.028,2.133,
82721266406821,acc,5.237,-10.783,0.812,
82721266406821,Lacc,0.513,-2.225,-0.019,
82721266406821,GameRo,-0.637,-0.229,-0.117,0.727
82721284989112,Gyro,0.205,-0.040,2.029,
82721286109112,acc,4.770,-11.061,0.186,
82721286109112,Lacc,0.393,-2.325,-0.675,
82721286109112,GameRo,-0.640,-0.216,-0.102,0.730
82721314096352,pre,995.300,,,
82721304691352,Gyro,0.087,-0.022,1.968,
82721305811352,acc,3.908,-11.393,0.558,
82721305811352,Lacc,-0.126,-2.493,-0.316,
82721305811352,GameRo,-0.643,-0.204,-0.087,0.733
82721325513591,Lacc,-0.677,-2.898,-0.228,
82721325513591,acc,2.999,-11.950,0.665,
82721324393591,Gyro,0.099,0.035,2.002,
82721325513591,GameRo,-0.647,-0.191,-0.073,0.735
82721354097602,pre,995.298,,,
82721344095883,Gyro,0.085,0.103,2.149,
82721345215883,acc,1.944,-12.605,0.241,
82721345215883,Lacc,-1.340,-3.407,-0.672,
82721345215883,GameRo,-0.650,-0.177,-0.057,0.737
82721363798123,Gyro,-0.069,0.176,2.372,
82721364918123,acc,1.607,-12.958,0.264,
82721364918123,Lacc,-1.236,-3.613,-0.645,
82721364918123,GameRo,-0.654,-0.160,-0.041,0.738
82721394099789,pre,995.302,,,
82721383500414,Gyro,-0.217,0.320,2.515,
82721384620414,acc,1.767,-13.166,0.585,
82721384620414,Lacc,-0.602,-3.688,-0.300,
82721384620414,GameRo,-0.660,-0.141,-0.025,0.738
82721404322654,acc,1.494,-13.213,0.495,
82721404322654,Lacc,-0.394,-3.620,-0.322,
82721403202654,Gyro,-0.449,0.441,2.511,
82721404322654,GameRo,-0.666,-0.121,-0.010,0.736
82721434105623,pre,995.300,,,
82721422904894,Gyro,-0.817,0.502,2.452,
82721424024894,acc,0.865,-13.487,0.966,
82721424024894,Lacc,-0.548,-3.803,0.287,
82721424024894,GameRo,-0.675,-0.101,0.003,0.731
82721442607185,Gyro,-1.155,0.618,2.442,
82721443727185,acc,0.176,-13.630,2.166,
82721443727185,Lacc,-0.759,-3.876,1.692,
82721443727185,GameRo,-0.685,-0.081,0.016,0.724
82721474105362,pre,995.285,,,
82721462309425,Gyro,-1.328,0.916,2.547,
82721463429425,acc,-0.230,-14.148,3.118,
82721463429425,Lacc,-0.667,-4.351,2.883,
82721463429425,GameRo,-0.696,-0.057,0.026,0.715
82721482011716,Gyro,-1.448,1.335,2.825,
82721483131716,acc,0.061,-14.221,3.547,
82721483131716,Lacc,0.171,-4.412,3.582,
82721483131716,GameRo,-0.708,-0.029,0.036,0.705
82721501713956,Gyro,-1.591,1.838,3.178,
82721502833956,acc,1.443,-13.412,3.810,
82721514099269,pre,995.287,,,
82721502833956,Lacc,2.156,-3.634,4.160,
82721502833956,GameRo,-0.720,0.006,0.045,0.693
82721521416248,Gyro,-1.686,2.320,3.354,
82721522536248,acc,3.238,-12.127,3.786,
82721522536248,Lacc,4.561,-2.432,4.498,
82721522536248,GameRo,-0.731,0.044,0.051,0.679
82721541104789,Gyro,-1.589,2.444,3.376,
82721554100310,pre,995.254,,,
82721542224789,acc,5.126,-9.734,3.482,
82721542224789,Lacc,7.031,-0.172,4.565,
82721542224789,GameRo,-0.740,0.083,0.056,0.665
82721560820779,Gyro,-1.393,2.305,3.259,
82721561940779,Lacc,9.471,1.653,4.285,
82721561940779,GameRo,-0.747,0.121,0.061,0.650
82721561940779,acc,7.032,-7.740,2.850,
82721580523071,Gyro,-1.311,2.158,3.053,
82721581643071,acc,9.510,-5.366,2.427,
82721594108123,pre,995.295,,,
82721581643071,Lacc,12.417,3.832,4.210,
82721581643071,GameRo,-0.753,0.155,0.066,0.636
82721600211612,Gyro,-1.302,2.007,2.587,
82721601331612,acc,12.636,-2.205,2.575,
82721601331612,Lacc,15.908,6.794,4.709,
82721601331612,GameRo,-0.758,0.185,0.068,0.622
82721619927602,Gyro,-1.294,1.861,1.838,
82721621047602,acc,14.880,0.983,3.592,
82721621047602,Lacc,18.371,9.808,6.076,
82721621047602,GameRo,-0.764,0.209,0.067,0.607
82721634101144,pre,995.251,,,
82721639629894,Gyro,-1.142,1.910,0.842,
82721640749894,acc,17.201,3.614,5.454,
82721640749894,Lacc,20.721,12.329,8.266,
82721640749894,GameRo,-0.770,0.225,0.059,0.594
82721659318435,Gyro,-0.709,1.882,-0.346,
82721660438435,acc,19.122,4.876,6.042,
82721660438435,Lacc,22.456,13.581,9.100,
82721660438435,GameRo,-0.776,0.233,0.044,0.585
82721674100154,pre,995.274,,,
82721679034425,Gyro,-0.258,1.817,-1.505,
82721680154425,Lacc,22.954,12.086,9.577,
82721680154425,acc,20.011,3.297,6.364,
82721680154425,GameRo,-0.781,0.231,0.021,0.579
82721698736716,Gyro,0.258,1.835,-2.368,
82721699856716,acc,21.080,0.836,8.077,
82721699856716,Lacc,23.472,9.775,11.336,
82721699856716,GameRo,-0.785,0.222,-0.008,0.578
82721714109060,pre,995.218,,,
82721718425258,Gyro,1.114,2.146,-3.192,
82721719545258,acc,24.850,-1.079,10.345,
82721719545258,Lacc,26.516,8.064,13.485,
82721719545258,GameRo,-0.785,0.209,-0.046,0.581
82721739261248,acc,31.283,-3.621,11.892,
82721738141248,Gyro,2.230,2.429,-4.326,
82721739261248,Lacc,31.994,5.759,14.674,
82721739261248,GameRo,-0.779,0.187,-0.096,0.591
82721754108748,pre,995.177,,,
82721757843539,Gyro,3.341,2.297,-5.569,
82721758963539,acc,39.741,-8.965,12.455,
82721758963539,Lacc,39.276,0.593,14.612,
82721758963539,GameRo,-0.766,0.153,-0.152,0.606
82721777532133,Gyro,4.048,2.070,-6.696,
82721778652133,acc,47.027,-17.113,18.380,
82721778652133,Lacc,45.208,-7.567,19.719,
82721778652133,GameRo,-0.746,0.108,-0.214,0.621
82721794098435,pre,995.198,,,
82721797248123,Gyro,5.142,1.464,-7.671,
82721798368123,acc,54.502,-28.505,22.166,
82721798368123,Lacc,51.218,-19.266,22.470,
82721798368123,GameRo,-0.716,0.049,-0.277,0.638
82721818070414,acc,63.864,-41.850,22.424,
82721816950414,Gyro,5.310,0.789,-8.454,
82721818070414,Lacc,59.087,-33.311,21.728,
82721818070414,GameRo,-0.681,-0.021,-0.338,0.649
82721834100831,pre,995.144,,,
82721836638956,Gyro,5.275,0.410,-9.351,
82721837758956,acc,74.766,-54.896,30.732,
82721837758956,Lacc,68.521,-47.496,29.155,
82721837758956,GameRo,-0.640,-0.098,-0.397,0.650
82721856354998,Gyro,6.402,0.282,-10.891,
82721857474998,acc,79.524,-71.360,36.602,
82721874100154,pre,994.985,,,
82721857474998,Lacc,71.883,-65.712,34.160,
82721857474998,GameRo,-0.583,-0.189,-0.459,0.643
82721876057289,Gyro,7.305,0.439,-11.564,
82721877177289,acc,77.228,-84.820,35.444,
82721877177289,Lacc,68.582,-81.436,32.277,
82721877177289,GameRo,-0.508,-0.284,-0.517,0.628
82721895745831,Gyro,7.489,0.637,-11.546,
82721896865831,acc,71.325,-88.991,30.909,
82721896865831,Lacc,62.237,-88.120,27.318,
82721896865831,GameRo,-0.422,-0.372,-0.565,0.603
82721914101300,pre,994.965,,,
82721915461873,Gyro,7.801,-0.300,-11.325,
82721916581873,acc,68.209,-85.714,26.818,
82721916581873,Lacc,59.192,-87.403,23.343,
82721916581873,GameRo,-0.333,-0.460,-0.597,0.566
82721935164164,Gyro,7.356,-1.031,-11.680,
82721936284164,acc,63.082,-82.354,23.740,
82721936284164,Lacc,54.671,-86.502,20.864,
82721936284164,GameRo,-0.243,-0.542,-0.620,0.513
82721954107394,pre,995.001,,,
82721954852758,Gyro,6.304,-0.770,-11.789,
82721955972758,acc,55.403,-77.751,23.486,
82721955972758,Lacc,48.157,-84.017,21.372,
82721955972758,GameRo,-0.152,-0.608,-0.638,0.448
82721974568748,Gyro,5.513,-0.422,-11.573,
82721975688748,acc,42.029,-74.006,21.442,
82721975688748,Lacc,36.381,-81.922,20.149,
82721975688748,GameRo,-0.061,-0.656,-0.650,0.378
82721994109060,pre,994.993,,,
82721994271039,Gyro,5.520,-2.182,-10.476,
82721995391039,acc,30.333,-68.923,20.221,
82721995391039,Lacc,26.394,-77.906,20.044,
82721995391039,GameRo,0.013,-0.701,-0.648,0.299
82722015079633,Lacc,19.984,-75.579,24.710,
82722013959633,Gyro,5.804,-5.091,-9.243,
82722015079633,acc,22.191,-66.094,23.529,
82722015079633,GameRo,0.061,-0.746,-0.632,0.202
82722034107446,pre,995.077,,,
82722033675623,Gyro,6.141,-7.271,-7.925,
82722034795623,Lacc,8.405,-69.051,30.419,
82722034795623,GameRo,0.085,-0.788,-0.602,0.094
82722034795623,acc,8.859,-59.579,27.905,
82722053377966,Gyro,6.847,-8.258,-6.179,
82722054497966,Lacc,7.014,-57.961,30.844,
82722054497966,GameRo,-0.090,0.825,0.558,0.013
82722054497966,acc,5.830,-48.954,27.142,
82722074106612,pre,995.088,,,
82722073066508,Gyro,5.295,-6.651,-6.445,
82722074186508,acc,9.866,-39.659,14.145,
82722074186508,Lacc,12.684,-47.984,18.503,
82722074186508,GameRo,-0.105,0.843,0.516,0.106
82722093902550,acc,2.121,-36.306,8.237,
82722092782550,Gyro,0.573,-2.580,-7.656,
82722093902550,Lacc,6.379,-44.036,12.523,
82722093902550,GameRo,-0.155,0.833,0.504,0.167
82722114109529,pre,995.152,,,
82722112484841,Gyro,-2.203,0.279,-7.963,
82722113604841,acc,-8.870,-35.996,11.707,
82722113604841,Lacc,-3.450,-43.134,15.698,
82722113604841,GameRo,-0.225,0.808,0.506,0.201
82722133293435,acc,-20.423,-32.941,14.723,
82722132173435,Gyro,-0.820,-0.264,-7.377,
82722133293435,Lacc,-13.984,-39.268,18.562,
82722133293435,GameRo,-0.284,0.784,0.497,0.238
82722154105623,pre,995.087,,,
82722151889477,Gyro,1.431,-1.921,-6.111,
82722153009477,acc,-25.420,-29.198,11.649,
82722153009477,Lacc,-18.112,-34.574,15.382,
82722153009477,GameRo,-0.318,0.768,0.476,0.288
82722172711769,acc,-25.248,-29.742,8.183,
82722171591769,Gyro,2.463,-1.819,-4.861,
82722172711769,Lacc,-17.322,-34.190,11.875,
82722172711769,GameRo,-0.339,0.757,0.448,0.333
82722194099841,pre,995.098,,,
82722192400362,acc,-26.527,-24.698,-0.446,
82722191280362,Gyro,2.567,-0.576,-3.197,
82722192400362,Lacc,-18.289,-28.426,3.358,
82722192400362,GameRo,-0.352,0.755,0.420,0.360
82722210996404,Gyro,2.006,-0.297,-1.595,
82722212116404,acc,-26.250,-16.971,-5.984,
82722212116404,Lacc,-17.871,-20.269,-2.091,
82722212116404,GameRo,-0.356,0.756,0.400,0.377
82722234100935,pre,995.134,,,
82722230698696,Gyro,1.442,-0.323,-0.321,
82722231818696,acc,-24.883,-11.962,-9.994,
82722231818696,Lacc,-16.453,-15.079,-6.062,
82722231818696,GameRo,-0.352,0.759,0.388,0.386
82722250387289,Gyro,0.833,-1.230,0.667,
82722251507289,acc,-18.367,-5.925,-11.115,
82722251507289,Lacc,-9.883,-9.077,-7.332,
82722251507289,GameRo,-0.340,0.760,0.388,0.395
82722274107446,pre,995.139,,,
82722270103331,Gyro,0.340,-2.132,0.772,
82722271223331,acc,-12.068,-2.635,-7.604,
82722271223331,Lacc,-3.477,-5.880,-4.153,
82722271223331,GameRo,-0.325,0.755,0.395,0.410
82722289805623,Gyro,0.105,-1.798,0.830,
82722290925623,acc,-10.062,-1.219,-3.105,
82722290925623,Lacc,-1.405,-4.589,0.047,
82722290925623,GameRo,-0.312,0.751,0.403,0.420
82722314109216,pre,995.154,,,
82722309494216,Gyro,0.196,-1.109,0.945,
82722310614216,acc,-9.676,1.226,-3.000,
82722310614216,Lacc,-1.014,-2.287,-0.024,
82722310614216,GameRo,-0.300,0.750,0.409,0.426
82722329210258,Gyro,0.145,-0.653,1.094,
82722330330258,acc,-10.105,2.307,-4.117,
82722330330258,Lacc,-1.482,-1.380,-1.240,
82722330330258,GameRo,-0.288,0.751,0.414,0.426
82722354106144,pre,995.136,,,
82722348912602,Gyro,-0.091,-0.203,1.359,
82722350032602,acc,-9.137,3.782,-4.253,
82722350032602,Lacc,-0.604,-0.140,-1.414,
82722350032602,GameRo,-0.278,0.753,0.421,0.422
82722369721196,acc,-7.144,5.553,-5.012,
82722368601196,Gyro,-0.282,0.230,1.235,
82722369721196,Lacc,1.274,1.407,-2.153,
82722369721196,GameRo,-0.271,0.757,0.427,0.414
82722394105102,pre,995.146,,,
82722388317237,Gyro,-0.510,0.273,1.001,
82722389437237,acc,-6.010,5.967,-6.024,
82722389437237,Lacc,2.304,1.622,-3.155,
82722389437237,GameRo,-0.266,0.759,0.434,0.406
82722408019529,Gyro,-0.851,0.274,0.655,
82722409139529,acc,-5.292,6.751,-5.084,
82722409139529,Lacc,2.945,2.245,-2.238,
82722409139529,GameRo,-0.266,0.758,0.443,0.399
82722434106612,pre,995.144,,,
82722427721873,Gyro,-1.174,0.417,0.295,
82722428841873,acc,-5.514,5.994,-3.824,
82722428841873,Lacc,2.668,1.370,-1.012,
82722428841873,GameRo,-0.270,0.755,0.452,0.391
82722447424164,Gyro,-1.434,0.707,0.160,
82722448544164,acc,-6.370,5.404,-2.600,
82722448544164,Lacc,1.756,0.672,0.193,
82722448544164,GameRo,-0.277,0.752,0.461,0.381
82722474106144,pre,995.151,,,
82722468246508,acc,-7.875,5.346,-2.129,
82722468246508,Lacc,0.191,0.518,0.676,
82722467126508,Gyro,-1.473,0.953,0.081,
82722468246508,GameRo,-0.286,0.749,0.470,0.369
82722486815102,Gyro,-1.411,0.880,0.130,
82722487935102,acc,-9.239,4.810,-2.171,
82722487935102,Lacc,-1.233,-0.116,0.635,
82722487935102,GameRo,-0.295,0.746,0.478,0.358
82722514099737,pre,995.164,,,
82722507651144,acc,-9.424,4.807,-1.314,
82722507651144,Lacc,-1.475,-0.223,1.469,
82722506531144,Gyro,-1.158,0.595,0.267,
82722507651144,GameRo,-0.300,0.743,0.486,0.349
82722527353487,acc,-9.053,5.042,-0.871,
82722527353487,Lacc,-1.142,-0.076,1.862,
82722527353487,GameRo,-0.299,0.742,0.491,0.346
82722526233487,Gyro,-0.494,0.028,0.389,
82722554096925,pre,995.166,,,
82722547055831,acc,-8.285,5.342,-1.065,
82722545935831,Gyro,0.166,-0.483,0.486,
82722547055831,Lacc,-0.397,0.157,1.606,
82722547055831,GameRo,-0.292,0.742,0.493,0.348
82722565638123,Gyro,0.371,-0.564,0.491,
82722566758123,acc,-7.634,5.669,-1.709,
82722566758123,Lacc,0.233,0.426,0.910,
82722566758123,GameRo,-0.284,0.743,0.493,0.351
82722594103019,pre,995.156,,,
82722585340466,Gyro,0.135,-0.260,0.432,
82722586460466,acc,-7.324,5.952,-2.139,
82722586460466,Lacc,0.511,0.647,0.453,
82722586460466,GameRo,-0.279,0.744,0.495,0.351
82722605042810,Gyro,-0.199,0.011,0.326,
82722606162810,acc,-6.725,6.061,-2.280,
82722606162810,Lacc,1.073,0.693,0.293,
82722606162810,GameRo,-0.278,0.744,0.497,0.348
82722634106977,pre,995.167,,,
82722625865102,acc,-6.954,6.025,-1.635,
82722624745102,Gyro,-0.440,0.288,0.197,
82722625865102,Lacc,0.808,0.602,0.933,
82722625865102,GameRo,-0.279,0.744,0.501,0.344
82722645567446,acc,-8.057,6.165,-1.714,
82722644447446,Gyro,-0.524,0.547,0.066,
82722645567446,Lacc,-0.331,0.704,0.878,
82722645567446,GameRo,-0.283,0.743,0.503,0.338
82722674108487,pre,995.161,,,
82722665269789,acc,-8.635,5.813,-1.731,
82722664149789,Gyro,-0.576,0.671,-0.002,
82722665269789,Lacc,-0.942,0.323,0.899,
82722665269789,GameRo,-0.288,0.742,0.506,0.332
82722683852133,Gyro,-0.526,0.759,0.102,
82722684972133,Lacc,-1.470,-0.451,0.491,
82722684972133,GameRo,-0.293,0.742,0.508,0.324
82722684972133,acc,-9.114,5.079,-2.195,
82722714099841,pre,995.159,,,
82722703554477,Gyro,-0.393,0.393,0.273,
82722704674477,acc,-8.701,5.395,-3.515,
82722704674477,Lacc,-1.107,-0.195,-0.812,
82722704674477,GameRo,-0.294,0.742,0.510,0.319
82722723256821,Gyro,-0.149,-0.286,0.314,
82722724376821,acc,-7.550,5.711,-2.455,
82722724376821,Lacc,0.025,0.065,0.188,
82722724376821,GameRo,-0.291,0.742,0.513,0.319
82722754106925,pre,995.128,,,
82722742959164,Gyro,0.106,-0.434,0.304,
82722744079164,acc,-6.794,5.592,-0.778,
82722744079164,Lacc,0.769,-0.095,1.808,
82722744079164,GameRo,-0.286,0.742,0.515,0.321
82722763781508,acc,-7.004,5.550,-0.896,
82722762661508,Gyro,0.236,0.014,0.351,
82722763781508,Lacc,0.520,-0.178,1.715,
82722763781508,GameRo,-0.283,0.744,0.514,0.320
82722794107654,pre,995.146,,,
82722783483852,acc,-6.949,5.693,-2.529,
82722782363852,Gyro,0.228,0.343,0.441,
82722783483852,Lacc,0.507,-0.089,0.158,
82722783483852,GameRo,-0.281,0.747,0.513,0.316
82722802066196,Gyro,0.120,0.351,0.494,
82722803186196,acc,-6.564,6.270,-3.282,
82722803186196,Lacc,0.814,0.421,-0.528,
82722803186196,GameRo,-0.278,0.750,0.513,0.311
82722821768539,Gyro,0.065,0.149,0.432,
82722822888539,acc,-6.008,6.704,-3.266,
82722834105414,pre,995.149,,,
82722822888539,Lacc,1.309,0.794,-0.481,
82722822888539,GameRo,-0.276,0.752,0.513,0.308
82722841470883,Gyro,0.178,-0.017,0.280,
82722842590883,acc,-6.075,6.647,-2.673,
82722842590883,Lacc,1.208,0.703,0.129,
82722842590883,GameRo,-0.273,0.754,0.513,0.307
82722862293227,Lacc,0.142,0.364,0.007,
82722862293227,acc,-7.116,6.321,-2.834,
82722874103071,pre,995.151,,,
82722861173227,Gyro,0.268,0.054,0.190,
82722862293227,GameRo,-0.271,0.756,0.511,0.306
82722880875571,Gyro,0.168,0.279,0.258,
82722881995571,acc,-8.051,5.967,-3.602,
82722881995571,Lacc,-0.839,-0.016,-0.700,
82722881995571,GameRo,-0.270,0.758,0.510,0.303
82722900577914,Gyro,0.055,0.294,0.407,
82722901697914,acc,-7.729,5.940,-3.770,
82722901697914,Lacc,-0.582,-0.096,-0.818,
82722901697914,GameRo,-0.268,0.761,0.510,0.299
82722914104894,pre,995.154,,,
82722920280258,Gyro,0.067,0.181,0.463,
82722921400258,acc,-7.110,6.166,-3.167,
82722921400258,Lacc,-0.028,0.069,-0.182,
82722921400258,GameRo,-0.265,0.763,0.510,0.296
82722939982602,Gyro,0.157,0.125,0.381,
82722941102602,acc,-6.829,6.185,-3.433,
82722941102602,Lacc,0.198,0.044,-0.410,
82722941102602,GameRo,-0.263,0.765,0.510,0.293
82722954099529,pre,995.151,,,
82722959684946,Gyro,0.174,-0.067,0.272,
82722960804946,acc,-6.716,6.104,-4.231,
82722960804946,Lacc,0.281,-0.064,-1.193,
82722960804946,GameRo,-0.260,0.766,0.509,0.293
82722979387289,Gyro,0.081,-0.256,0.191,
82722980507289,acc,-6.861,5.894,-3.736,
82722980507289,Lacc,0.128,-0.295,-0.722,
82722980507289,GameRo,-0.257,0.767,0.510,0.294
82722994109216,pre,995.138,,,
82722999089685,Gyro,0.007,-0.230,0.206,
82723000209685,acc,-6.966,5.792,-2.730,
82723000209685,Lacc,0.012,-0.424,0.252,
82723000209685,GameRo,-0.254,0.766,0.511,0.295
82723018792029,Gyro,0.001,0.029,0.263,
82723019912029,acc,-7.325,5.894,-2.265,
82723019912029,Lacc,-0.379,-0.358,0.720,
82723019912029,GameRo,-0.252,0.767,0.512,0.293
82723034100206,pre,995.174,,,
82723038494373,Gyro,-0.010,0.187,0.350,
82723039614373,acc,-7.269,5.894,-3.121,
82723039614373,Lacc,-0.377,-0.405,-0.111,
82723039614373,GameRo,-0.251,0.768,0.512,0.290
82723058196716,Gyro,-0.006,0.056,0.377,
82723059316716,acc,-6.911,6.245,-3.068,
82723059316716,Lacc,-0.069,-0.105,-0.051,
82723059316716,GameRo,-0.248,0.770,0.513,0.288
82723074100258,pre,995.138,,,
82723077899112,Gyro,0.048,-0.097,0.324,
82723079019112,acc,-6.905,6.466,-2.696,
82723079019112,Lacc,-0.098,0.075,0.313,
82723079019112,GameRo,-0.245,0.770,0.514,0.287
82723097601456,Gyro,0.118,-0.070,0.309,
82723098721456,acc,-7.229,6.157,-2.706,
82723098721456,Lacc,-0.456,-0.267,0.308,
82723098721456,GameRo,-0.242,0.771,0.514,0.286
82723114105258,pre,995.164,,,
82723117303800,Gyro,0.134,-0.070,0.346,
82723118423800,acc,-7.266,5.917,-3.126,
82723118423800,Lacc,-0.531,-0.544,-0.105,
82723118423800,GameRo,-0.239,0.773,0.514,0.285
82723138126196,acc,-7.482,5.606,-2.890,
82723137006196,Gyro,0.051,-0.054,0.362,
82723138126196,Lacc,-0.788,-0.898,0.131,
82723138126196,GameRo,-0.236,0.774,0.515,0.284
82723154100258,pre,995.153,,,
82723156708539,Gyro,-0.092,0.117,0.433,
82723157828539,acc,-7.990,5.271,-2.477,
82723157828539,Lacc,-1.354,-1.292,0.546,
82723157828539,GameRo,-0.233,0.774,0.517,0.281
82723176410883,Gyro,-0.067,0.299,0.567,
82723177530883,acc,-8.243,4.638,-2.422,
82723177530883,Lacc,-1.694,-1.998,0.630,
82723177530883,GameRo,-0.231,0.776,0.518,0.276
82723194104008,pre,995.164,,,
82723197233279,acc,-8.055,4.461,-3.129,
82723196113279,Gyro,0.107,0.151,0.749,
82723197233279,Lacc,-1.610,-2.259,-0.043,
82723197233279,GameRo,-0.226,0.779,0.519,0.272
82723215815623,Gyro,0.137,-0.073,0.875,
82723216935623,acc,-7.694,4.526,-3.048,
82723216935623,Lacc,-1.355,-2.292,0.047,
82723216935623,GameRo,-0.219,0.781,0.520,0.268
82723234101352,pre,995.148,,,
82723236638019,acc,-7.239,4.761,-2.757,
82723236638019,Lacc,-1.016,-2.165,0.334,
82723236638019,GameRo,-0.211,0.783,0.522,0.265
82723235518019,Gyro,0.065,-0.108,0.934,
82723255220362,Gyro,0.096,-0.199,0.964,
82723256340362,acc,-6.494,4.854,-2.158,
82723256340362,Lacc,-0.387,-2.179,0.920,
82723256340362,GameRo,-0.202,0.785,0.524,0.262
82723274100102,pre,995.161,,,
82723276042758,acc,-5.914,4.918,-1.854,
82723274922758,Gyro,0.121,-0.163,0.939,
82723276042758,Lacc,0.075,-2.217,1.219,
82723276042758,GameRo,-0.194,0.787,0.526,0.258
82723294625102,Gyro,-0.098,0.202,0.870,
82723295745102,acc,-6.129,4.701,-1.643,
82723295745102,Lacc,-0.269,-2.539,1.438,
82723295745102,GameRo,-0.189,0.788,0.528,0.252
82723314115206,pre,995.143,,,
82723314313748,Gyro,-0.334,0.929,0.952,
82723315433748,acc,-8.428,3.900,-1.742,
82723315433748,Lacc,-2.752,-3.462,1.394,
82723315433748,GameRo,-0.187,0.790,0.532,0.240
82723334029841,Gyro,-0.250,1.011,1.446,
82723335149841,acc,-8.536,3.819,-2.803,
82723335149841,Lacc,-3.127,-3.709,0.407,
82723335149841,GameRo,-0.182,0.794,0.535,0.225
82723354109737,pre,995.130,,,
82723354852237,acc,-6.179,4.497,-2.683,
82723353732237,Gyro,-0.001,0.556,1.790,
82723354852237,Lacc,-1.067,-3.212,0.585,
82723354852237,GameRo,-0.171,0.798,0.537,0.211
82723373434633,Gyro,0.186,0.302,1.736,
82723374554633,acc,-5.271,5.843,-2.736,
82723374554633,Lacc,-0.442,-2.021,0.590,
82723374554633,GameRo,-0.159,0.803,0.539,0.200
82723394111560,pre,995.153,,,
82723393136977,Gyro,0.266,0.161,1.797,
82723394256977,acc,-4.550,6.144,-2.680,
82723394256977,Lacc,-0.009,-1.868,0.702,
82723394256977,GameRo,-0.145,0.807,0.540,0.190
82723412839373,Gyro,0.423,0.060,1.933,
82723413959373,acc,-2.774,6.629,-2.043,
82723413959373,Lacc,1.453,-1.523,1.410,
82723413959373,GameRo,-0.129,0.812,0.540,0.179
82723434113123,pre,995.179,,,
82723432528019,Gyro,0.650,0.117,1.828,
82723433648019,acc,-1.402,7.417,-1.868,
82723433648019,Lacc,2.516,-0.840,1.696,
82723433648019,GameRo,-0.114,0.818,0.538,0.169
82723453364112,acc,-1.731,7.058,-2.818,
82723452244112,Gyro,0.593,0.493,1.592,
82723453364112,Lacc,1.889,-1.276,0.879,
82723453364112,GameRo,-0.103,0.823,0.535,0.157
82723474108175,pre,995.184,,,
82723471946508,Gyro,0.085,1.077,1.530,
82723473066508,acc,-1.859,6.405,-3.991,
82723473066508,Lacc,1.426,-2.027,-0.203,
82723473066508,GameRo,-0.096,0.827,0.536,0.140
82723491648904,Gyro,-0.628,1.562,1.433,
82723492768904,acc,-1.186,6.249,-3.830,
82723492768904,Lacc,1.739,-2.317,-0.049,
82723492768904,GameRo,-0.093,0.827,0.541,0.119
82723514105519,pre,995.125,,,
82723512471300,acc,-1.868,6.581,-2.387,
82723511351300,Gyro,-1.059,1.869,1.361,
82723512471300,Lacc,0.688,-2.137,1.314,
82723512471300,GameRo,-0.093,0.825,0.550,0.096
82723532173644,acc,-1.034,7.117,-1.129,
82723531053644,Gyro,-1.038,1.855,1.439,
82723532173644,Lacc,1.137,-1.745,2.474,
82723532173644,GameRo,-0.092,0.822,0.558,0.072
82723554100362,pre,995.153,,,
82723550742341,Gyro,-0.680,1.511,1.362,
82723551862341,acc,1.053,6.963,-0.330,
82723551862341,Lacc,2.871,-2.006,3.205,
82723551862341,GameRo,-0.090,0.820,0.563,0.051
82723570458435,Gyro,-0.488,1.521,1.136,
82723571578435,acc,1.663,6.695,-0.001,
82723571578435,Lacc,3.164,-2.350,3.490,
82723571578435,GameRo,-0.089,0.819,0.567,0.032
82723594110571,pre,995.141,,,
82723590160831,Gyro,-0.565,2.047,1.123,
82723591280831,acc,0.794,6.240,-0.448,
82723591280831,Lacc,1.949,-2.875,2.989,
82723591280831,GameRo,-0.091,0.817,0.570,0.008
82723610983227,acc,0.955,6.509,-1.125,
82723609863227,Gyro,-0.710,2.388,1.309,
82723610983227,Lacc,1.708,-2.680,2.225,
82723610983227,GameRo,0.094,-0.814,-0.573,0.019
82723634100206,pre,995.191,,,
82723629565623,Gyro,-0.792,2.405,1.403,
82723630685623,acc,3.113,6.668,-1.119,
82723630685623,Lacc,3.443,-2.590,2.109,
82723630685623,GameRo,0.096,-0.810,-0.577,0.047
82723650388019,acc,4.085,7.114,-0.659,
82723649268019,Gyro,-0.972,2.613,1.257,
82723650388019,Lacc,4.010,-2.209,2.394,
82723650388019,GameRo,0.100,-0.804,-0.582,0.077
82723674109216,pre,995.184,,,
82723668970414,Gyro,-1.320,3.220,1.134,
82723670090414,acc,4.186,7.241,-0.529,
82723670090414,Lacc,3.705,-2.153,2.257,
82723670090414,GameRo,0.108,-0.794,-0.588,0.111
82723689792810,acc,3.847,6.585,0.095,
82723688672810,Gyro,-1.524,3.680,1.085,
82723689792810,Lacc,2.964,-2.873,2.543,
82723689792810,GameRo,0.118,-0.782,-0.594,0.148
82723714101664,pre,995.184,,,
82723709495206,acc,3.893,6.742,0.190,
82723708375206,Gyro,-1.419,3.810,1.235,
82723709495206,Lacc,2.599,-2.754,2.286,
82723709495206,GameRo,0.129,-0.768,-0.599,0.186
82723728077602,Gyro,-1.335,3.766,1.237,
82723729197602,acc,4.924,7.712,-0.391,
82723729197602,Lacc,3.245,-1.797,1.342,
82723729197602,GameRo,0.139,-0.754,-0.601,0.224
82723754102185,pre,995.181,,,
82723748899998,acc,5.067,8.357,-0.933,
82723747779998,Gyro,-1.586,3.897,1.072,
82723748899998,Lacc,3.062,-1.158,0.360,
82723748899998,GameRo,0.150,-0.737,-0.605,0.261
82723767482394,Gyro,-2.046,4.112,0.805,
82723768602394,acc,3.848,8.539,-0.575,
82723768602394,Lacc,1.605,-0.983,0.162,
82723768602394,GameRo,0.163,-0.715,-0.611,0.299
82723794099737,pre,995.202,,,
82723787184789,Gyro,-2.304,4.004,0.838,
82723788304789,acc,3.234,7.969,0.352,
82723788304789,Lacc,0.796,-1.532,0.471,
82723788304789,GameRo,0.174,-0.690,-0.617,0.336
82723806887185,Gyro,-2.291,3.680,1.023,
82723808007185,Lacc,-0.035,-1.032,0.869,
82723808007185,acc,2.581,8.410,1.363,
82723808007185,GameRo,0.182,-0.665,-0.623,0.371
82723834105310,pre,995.207,,,
82723827709581,acc,2.210,9.890,2.235,
82723826589581,Gyro,-2.223,3.354,1.291,
82723827709581,Lacc,-0.591,0.552,1.148,
82723827709581,GameRo,0.185,-0.640,-0.626,0.404
82723847398279,acc,3.973,9.797,2.955,
82723847398279,Lacc,0.995,0.592,1.335,
82723847398279,GameRo,0.187,-0.619,-0.627,0.435
82723846278279,Gyro,-1.993,2.908,1.383,
82723874102758,pre,995.207,,,
82723865994373,Gyro,-2.011,2.745,1.298,
82723867114373,acc,4.583,9.799,3.086,
82723867114373,Lacc,1.472,0.747,0.938,
82723867114373,GameRo,0.187,-0.596,-0.629,0.463
82723886816821,acc,4.426,10.664,3.216,
82723885696821,Gyro,-2.417,2.923,1.229,
82723886816821,Lacc,1.236,1.805,0.460,
82723886816821,GameRo,0.186,-0.570,-0.631,0.492
82723914112654,pre,995.189,,,
82723905385466,Gyro,-2.782,2.823,1.095,
82723906505466,acc,4.884,10.405,4.017,
82723906505466,Lacc,1.676,1.786,0.605,
82723906505466,GameRo,0.184,-0.541,-0.636,0.519
82723925101612,Gyro,-3.016,2.655,1.000,
82723926221612,acc,5.218,9.482,5.478,
82723926221612,Lacc,2.036,1.150,1.393,
82723926221612,GameRo,0.180,-0.509,-0.641,0.545
82723954103748,pre,995.243,,,
82723945924008,acc,5.752,9.068,6.973,
82723944804008,Gyro,-3.229,2.788,0.819,
82723945924008,Lacc,2.678,1.071,2.194,
82723945924008,GameRo,0.175,-0.475,-0.648,0.569
82723964492706,Gyro,-3.285,3.065,0.538,
82723965612706,acc,4.671,9.226,8.126,
82723965612706,Lacc,1.821,1.593,2.662,
82723965612706,GameRo,0.174,-0.437,-0.654,0.592
82723994100623,pre,995.263,,,
82723984208852,Gyro,-3.081,3.000,0.383,
82723985328852,acc,3.227,9.264,8.389,
82723985328852,Lacc,0.663,2.003,2.311,
82723985328852,GameRo,0.173,-0.400,-0.660,0.612
82724003911248,Gyro,-2.786,2.520,0.305,
82724005031248,Lacc,0.766,1.954,1.522,
82724005031248,acc,3.059,8.852,8.109,
82724005031248,GameRo,0.172,-0.367,-0.664,0.628
82724034101508,pre,995.225,,,
82724023613644,Gyro,-2.652,2.146,0.212,
82724024733644,acc,4.012,8.647,8.253,
82724024733644,Lacc,1.976,2.113,1.224,
82724024733644,GameRo,0.168,-0.337,-0.668,0.642
82724044436091,acc,4.551,8.617,9.026,
82724044436091,Lacc,2.827,2.453,1.591,
82724043316091,Gyro,-2.648,2.073,-0.174,
82724044436091,GameRo,0.165,-0.306,-0.674,0.652
82724074098644,pre,995.235,,,
82724063018487,Gyro,-2.702,2.208,-0.606,
82724064138487,acc,2.461,8.371,8.743,
82724064138487,Lacc,1.139,2.593,0.926,
82724064138487,GameRo,0.165,-0.273,-0.682,0.658
82724082707185,Gyro,-2.877,2.004,-0.625,
82724083827185,acc,0.472,7.370,7.706,
82724083827185,Lacc,-0.465,2.028,-0.468,
82724083827185,GameRo,0.161,-0.240,-0.690,0.664
82724114104789,pre,995.240,,,
82724102423331,Gyro,-3.107,1.509,-0.476,
82724103543331,acc,0.747,6.299,9.399,
82724103543331,Lacc,0.106,1.458,0.890,
82724103543331,GameRo,0.152,-0.208,-0.698,0.668
82724123245727,acc,1.570,5.125,11.585,
82724122125727,Gyro,-2.946,1.249,-0.456,
82724123245727,Lacc,1.181,0.784,2.797,
82724123245727,GameRo,0.142,-0.179,-0.705,0.672
82724141814425,Gyro,-2.557,1.022,-0.518,
82724154104633,pre,995.245,,,
82724142934425,acc,1.451,4.248,11.951,
82724142934425,Lacc,1.280,0.353,2.949,
82724142934425,GameRo,0.133,-0.153,-0.711,0.673
82724161530571,Gyro,-2.147,1.158,-0.587,
82724162650571,Lacc,1.152,0.633,3.007,
82724162650571,acc,1.075,4.143,12.167,
82724162650571,GameRo,0.128,-0.130,-0.716,0.674
82724181233019,Gyro,-2.017,1.117,-0.690,
82724194105571,pre,995.245,,,
82724182353019,acc,0.296,3.547,10.759,
82724182353019,Lacc,0.620,0.406,1.471,
82724182353019,GameRo,0.123,-0.107,-0.722,0.673
82724202041716,acc,-0.794,2.461,9.903,
82724200921716,Gyro,-2.231,0.655,-0.627,
82724202041716,Lacc,-0.313,-0.263,0.491,
82724202041716,GameRo,0.113,-0.086,-0.727,0.671
82724220637862,Gyro,-2.250,0.171,-0.321,
82724221757862,acc,-1.759,1.387,11.079,
82724234110050,pre,995.245,,,
82724221757862,Lacc,-1.227,-0.911,1.557,
82724221757862,GameRo,0.100,-0.068,-0.731,0.672
82724241460258,acc,-1.172,1.634,12.261,
82724241460258,Lacc,-0.645,-0.291,2.657,
82724241460258,GameRo,0.087,-0.054,-0.731,0.674
82724240340258,Gyro,-1.975,-0.008,0.140,
82724260042706,Gyro,-1.571,0.142,0.146,
82724261162706,acc,-0.118,1.941,12.380,
82724261162706,Lacc,0.428,0.312,2.722,
82724261162706,GameRo,0.077,-0.042,-0.731,0.677
82724274101508,pre,995.237,,,
82724280865102,acc,-1.161,1.539,11.323,
82724279745102,Gyro,-1.188,-0.041,0.136,
82724280865102,Lacc,-0.624,0.135,1.629,
82724280865102,GameRo,0.069,-0.034,-0.730,0.679
82724300567550,acc,-0.984,1.466,11.836,
82724299447550,Gyro,-0.860,-0.529,0.239,
82724300567550,Lacc,-0.554,0.224,2.114,
82724300567550,GameRo,0.059,-0.031,-0.729,0.681
82724314103123,pre,995.268,,,
82724319136248,Gyro,-0.663,-0.644,0.354,
82724320256248,Lacc,0.910,0.668,2.495,
82724320256248,acc,0.613,1.786,12.237,
82724320256248,GameRo,0.050,-0.031,-0.728,0.683
82724338852394,Gyro,-0.413,-0.443,-0.056,
82724339972394,acc,0.919,1.921,13.612,
82724339972394,Lacc,1.129,0.883,3.860,
82724339972394,GameRo,0.044,-0.031,-0.728,0.683
82724354100050,pre,995.242,,,
82724358554841,Gyro,-0.134,-0.104,-0.144,
82724359674841,acc,-0.226,1.274,12.415,
82724359674841,Lacc,-0.033,0.261,2.659,
82724359674841,GameRo,0.042,-0.031,-0.729,0.682
82724378243539,Gyro,-0.211,0.115,0.104,
82724379363539,acc,-1.370,0.376,10.997,
82724379363539,Lacc,-1.155,-0.594,1.238,
82724379363539,GameRo,0.042,-0.029,-0.729,0.683
82724394097341,pre,995.242,,,
82724399079685,acc,-0.535,1.609,11.241,
82724397959685,Gyro,-0.221,-0.008,0.222,
82724399079685,Lacc,-0.324,0.678,1.478,
82724399079685,GameRo,0.040,-0.027,-0.727,0.685
82724417662133,Gyro,0.001,-0.073,0.141,
82724418782133,acc,-0.392,1.302,11.431,
82724418782133,Lacc,-0.198,0.370,1.667,
82724418782133,GameRo,0.040,-0.028,-0.726,0.686
82724434101612,pre,995.253,,,
82724437364581,Gyro,0.348,-0.231,0.099,
82724438484581,acc,-0.433,1.263,11.188,
82724438484581,Lacc,-0.283,0.264,1.431,
82724438484581,GameRo,0.041,-0.032,-0.726,0.686
82724457066977,Gyro,0.729,-0.439,0.086,
82724458186977,acc,-0.875,0.843,11.139,
82724458186977,Lacc,-0.810,-0.296,1.395,
82724458186977,GameRo,0.042,-0.040,-0.725,0.686
82724474102810,pre,995.232,,,
82724476769425,Gyro,1.122,-0.693,0.292,
82724477889425,acc,-1.292,0.162,10.921,
82724477889425,Lacc,-1.364,-1.188,1.205,
82724477889425,GameRo,0.045,-0.053,-0.723,0.688
82724496471873,Gyro,1.423,-0.851,0.670,
82724497591873,acc,-1.346,-0.196,10.583,
82724497591873,Lacc,-1.597,-1.811,0.910,
82724514100831,pre,995.224,,,
82724497591873,GameRo,0.048,-0.068,-0.718,0.691
82724516174321,Gyro,1.479,-0.628,1.008,
82724517294321,acc,0.669,1.476,9.692,
82724517294321,Lacc,0.263,-0.412,0.073,
82724517294321,GameRo,0.053,-0.084,-0.710,0.697
82724536996769,acc,2.575,3.471,7.784,
82724535876769,Gyro,0.978,-0.452,0.741,
82724536996769,Lacc,2.049,1.399,-1.791,
82724536996769,GameRo,0.056,-0.094,-0.704,0.701
82724554101144,pre,995.253,,,
82724555579164,Gyro,0.057,-0.161,0.241,
82724556699164,acc,1.861,3.154,7.847,
82724556699164,Lacc,1.290,1.070,-1.722,
82724556699164,GameRo,0.055,-0.096,-0.703,0.703
82724575281612,Gyro,-0.510,0.310,0.045,
82724576401612,acc,1.062,2.212,8.669,
82724576401612,Lacc,0.547,0.224,-0.923,
82724576401612,GameRo,0.053,-0.091,-0.703,0.704
82724594102081,pre,995.257,,,
82724594984060,Gyro,-0.616,0.293,0.133,
82724596104060,acc,0.314,1.505,8.466,
82724596104060,Lacc,-0.151,-0.364,-1.153,
82724596104060,GameRo,0.051,-0.085,-0.702,0.705
82724614686508,Gyro,-0.512,-0.098,0.219,
82724615806508,acc,0.416,1.628,9.143,
82724615806508,Lacc,-0.075,-0.142,-0.494,
82724615806508,GameRo,0.047,-0.082,-0.701,0.707
82724634102602,pre,995.255,,,
82724634388956,Gyro,-0.193,-0.553,0.109,
82724635508956,acc,1.043,2.136,9.464,
82724635508956,Lacc,0.442,0.403,-0.173,
82724635508956,GameRo,0.041,-0.084,-0.701,0.707
82724654091404,Gyro,-0.022,-0.707,-0.015,
82724655211404,acc,1.318,1.980,9.373,
82724655211404,Lacc,0.581,0.249,-0.255,
82724655211404,GameRo,0.036,-0.089,-0.701,0.707
82724674095779,pre,995.237,,,
82724673793852,Gyro,-0.351,-0.329,-0.044,
82724674913852,acc,1.018,1.346,8.978,
82724674913852,Lacc,0.219,-0.318,-0.657,
82724674913852,GameRo,0.032,-0.089,-0.702,0.706
82724694616300,acc,0.563,1.205,9.916,
82724693496300,Gyro,-0.821,0.192,0.016,
82724694616300,Lacc,-0.199,-0.301,0.253,
82724694616300,GameRo,0.027,-0.082,-0.702,0.707
82724714099894,pre,995.270,,,
82724713198748,Gyro,-0.934,0.372,0.240,
82724714318748,Lacc,0.032,-0.195,1.401,
82724714318748,acc,0.729,1.129,11.096,
82724714318748,GameRo,0.023,-0.073,-0.701,0.709
82724732901196,Gyro,-0.627,0.303,0.156,
82724734021196,acc,1.192,1.047,11.200,
82724734021196,Lacc,0.548,-0.154,1.485,
82724734021196,GameRo,0.021,-0.067,-0.701,0.710
82724754108956,pre,995.263,,,
82724752603644,Gyro,-0.286,0.030,0.049,
82724753723644,acc,0.614,1.116,10.353,
82724753723644,Lacc,-0.025,-0.030,0.631,
82724753723644,GameRo,0.019,-0.064,-0.700,0.711
82724773426091,acc,1.154,1.181,11.222,
82724772306091,Gyro,-0.092,-0.146,-0.023,
82724773426091,Lacc,0.486,0.052,1.500,
82724773426091,GameRo,0.017,-0.065,-0.701,0.710
82724794101039,pre,995.252,,,
82724792008539,Gyro,0.215,-0.009,-0.174,
82724793128539,acc,0.855,0.657,11.333,
82724793128539,Lacc,0.189,-0.513,1.616,
82724793128539,GameRo,0.019,-0.066,-0.702,0.709
82724812830987,acc,-0.166,0.162,9.159,
82724812830987,Lacc,-0.820,-1.074,-0.551,
82724811710987,Gyro,0.353,0.040,-0.062,
82724812830987,GameRo,0.021,-0.068,-0.702,0.709
82724834102081,pre,995.278,,,
82724831413435,Gyro,0.040,0.127,0.299,
82724832533435,acc,0.283,0.602,9.047,
82724832533435,Lacc,-0.354,-0.636,-0.664,
82724832533435,GameRo,0.022,-0.068,-0.700,0.711
82724852235883,acc,1.339,1.354,10.303,
82724851115883,Gyro,-0.242,0.690,0.358,
82724852235883,Lacc,0.824,0.166,0.579,
82724852235883,GameRo,0.025,-0.061,-0.697,0.714
82724874103904,pre,995.257,,,
82724871938331,acc,0.609,1.251,10.154,
82724871938331,Lacc,0.304,0.091,0.418,
82724870818331,Gyro,-0.133,1.134,0.252,
82724871938331,GameRo,0.032,-0.052,-0.695,0.716
82724891640779,acc,0.616,1.095,8.830,
82724891640779,Lacc,0.500,-0.061,-0.912,
82724891640779,GameRo,0.038,-0.045,-0.693,0.719
82724890520779,Gyro,-0.018,1.025,0.323,
82724914102810,pre,995.234,,,
82724911343279,acc,0.199,1.074,8.389,
82724910223279,Gyro,-0.026,0.768,0.300,
82724911343279,Lacc,0.222,-0.076,-1.353,
82724911343279,GameRo,0.043,-0.040,-0.690,0.721
82724929925727,Gyro,-0.019,0.390,0.336,
82724931045727,acc,-0.205,1.058,8.161,
82724931045727,Lacc,-0.113,-0.090,-1.581,
82724931045727,GameRo,0.046,-0.037,-0.688,0.724
82724954100050,pre,995.260,,,
82724950748175,acc,-0.259,1.162,8.291,
82724949628175,Gyro,-0.022,-0.015,0.382,
82724950748175,Lacc,-0.179,0.017,-1.452,
82724950748175,GameRo,0.045,-0.037,-0.685,0.726
82724969330623,Gyro,-0.057,-0.191,0.352,
82724970450623,Lacc,0.119,0.169,-0.638,
82724970450623,acc,0.084,1.304,9.106,
82724970450623,GameRo,0.043,-0.038,-0.683,0.729
82724994101612,pre,995.219,,,
82724989033071,Gyro,0.062,-0.227,0.239,
82724990153071,acc,0.192,1.202,9.886,
82724990153071,Lacc,0.178,0.055,0.143,
82724990153071,GameRo,0.042,-0.041,-0.681,0.730
82725008735571,Gyro,0.211,-0.199,0.187,
82725009855571,acc,0.303,1.168,9.529,
82725009855571,Lacc,0.246,-0.020,-0.209,
82725009855571,GameRo,0.042,-0.043,-0.680,0.731
82725034109529,pre,995.224,,,
82725028438019,Gyro,0.061,-0.111,0.145,
82725029558019,acc,0.383,1.313,9.075,
82725029558019,Lacc,0.300,0.114,-0.660,
82725029558019,GameRo,0.042,-0.045,-0.678,0.732
82725048140466,Gyro,-0.198,-0.038,0.091,
82725049260466,acc,0.263,1.314,9.347,
82725049260466,Lacc,0.171,0.152,-0.394,
82725049260466,GameRo,0.040,-0.044,-0.678,0.733
82725074111612,pre,995.227,,,
82725067842914,Gyro,-0.296,-0.002,0.010,
82725068962914,acc,-0.041,1.177,10.061,
82725068962914,Lacc,-0.134,0.072,0.313,
82725068962914,GameRo,0.038,-0.042,-0.678,0.733
82725087545414,Gyro,-0.192,0.009,-0.057,
82725088665414,acc,-0.142,0.961,10.435,
82725088665414,Lacc,-0.232,-0.106,0.683,
82725088665414,GameRo,0.037,-0.040,-0.678,0.733
82725114111091,pre,995.216,,,
82725108367862,acc,-0.172,0.842,10.159,
82725107247862,Gyro,-0.073,0.000,-0.083,
82725108367862,Lacc,-0.259,-0.211,0.406,
82725108367862,GameRo,0.036,-0.040,-0.679,0.732
82725126950310,Gyro,-0.077,0.125,-0.093,
82725128070310,acc,-0.249,0.800,10.055,
82725128070310,Lacc,-0.310,-0.238,0.300,
82725128070310,GameRo,0.037,-0.038,-0.680,0.732
82725154102550,pre,995.265,,,
82725147772810,acc,-0.433,0.682,9.821,
82725146652810,Gyro,-0.120,0.283,-0.048,
82725147772810,Lacc,-0.436,-0.332,0.064,
82725147772810,GameRo,0.038,-0.035,-0.680,0.731
82725166355258,Gyro,-0.150,0.294,0.003,
82725167475258,acc,-0.606,0.710,9.838,
82725167475258,Lacc,-0.552,-0.275,0.078,
82725167475258,GameRo,0.039,-0.032,-0.680,0.732
82725194099789,pre,995.250,,,
82725186057706,Gyro,-0.129,0.215,0.036,
82725187177706,acc,-0.621,0.783,9.844,
82725187177706,Lacc,-0.524,-0.176,0.081,
82725187177706,GameRo,0.039,-0.030,-0.680,0.732
82725205760206,Gyro,-0.101,0.103,0.081,
82725206880206,acc,-0.627,0.947,9.956,
82725206880206,Lacc,-0.511,0.007,0.192,
82725206880206,GameRo,0.039,-0.028,-0.679,0.732
82725234100987,pre,995.216,,,
82725225462654,Gyro,-0.065,0.041,0.123,
82725226582654,acc,-0.644,1.181,9.966,
82725226582654,Lacc,-0.521,0.252,0.201,
82725226582654,GameRo,0.039,-0.028,-0.678,0.733
82725245165102,Gyro,-0.053,0.023,0.194,
82725246285102,acc,-0.692,1.275,10.030,
82725246285102,Lacc,-0.567,0.355,0.264,
82725246285102,GameRo,0.039,-0.027,-0.677,0.735
82725274102289,pre,995.224,,,
82725264867602,Gyro,-0.002,0.035,0.299,
82725265987602,acc,-0.533,1.545,10.129,
82725265987602,Lacc,-0.406,0.623,0.363,
82725265987602,GameRo,0.039,-0.027,-0.675,0.737
82725284570050,Gyro,-0.028,0.055,0.341,
82725285690050,acc,-0.135,1.941,9.718,
82725285690050,Lacc,-0.003,1.022,-0.047,
82725285690050,GameRo,0.039,-0.027,-0.672,0.739
82725314111612,pre,995.275,,,
82725304272550,Gyro,-0.195,0.179,0.254,
82725305392550,acc,0.315,2.103,9.769,
82725305392550,Lacc,0.475,1.218,0.000,
82725305392550,GameRo,0.039,-0.024,-0.670,0.741
82725323974998,Gyro,-0.337,0.278,0.087,
82725325094998,acc,0.351,2.060,10.095,
82725325094998,Lacc,0.562,1.235,0.322,
82725325094998,GameRo,0.038,-0.020,-0.670,0.741
82725354112914,pre,995.221,,,
82725344797498,acc,-0.089,1.661,10.506,
82725343677498,Gyro,-0.329,0.261,-0.068,
82725344797498,Lacc,0.173,0.899,0.729,
82725344797498,GameRo,0.038,-0.016,-0.670,0.741
82725363379946,Gyro,-0.194,0.074,-0.080,
82725364499946,acc,-0.743,1.171,10.285,
82725364499946,Lacc,-0.464,0.445,0.506,
82725364499946,GameRo,0.037,-0.014,-0.671,0.741
82725394110519,pre,995.252,,,
82725383082446,Gyro,-0.044,-0.195,0.019,
82725384202446,acc,-0.479,1.336,10.438,
82725384202446,Lacc,-0.238,0.617,0.657,
82725384202446,GameRo,0.035,-0.016,-0.671,0.741
82725403904894,acc,-0.165,1.717,10.665,
82725403904894,Lacc,0.045,0.986,0.885,
82725402784894,Gyro,0.053,-0.158,0.027,
82725403904894,GameRo,0.035,-0.017,-0.670,0.741
82725434112394,pre,995.242,,,
82725422487394,Gyro,0.056,0.052,0.012,
82725423607394,acc,-0.239,1.543,10.487,
82725423607394,Lacc,-0.019,0.799,0.707,
82725423607394,GameRo,0.036,-0.017,-0.670,0.741
82725443309841,acc,-0.386,1.424,9.962,
82725442189841,Gyro,0.095,0.096,0.057,
82725443309841,Lacc,-0.148,0.660,0.184,
82725443309841,GameRo,0.037,-0.017,-0.670,0.741
82725474100831,pre,995.260,,,
82725461892341,Gyro,0.157,-0.192,0.076,
82725463012341,acc,-0.215,1.651,9.080,
82725463012341,Lacc,-0.015,0.854,-0.696,
82725463012341,GameRo,0.037,-0.020,-0.669,0.742
82725481594841,Gyro,0.182,-0.494,-0.015,
82725482714841,Lacc,0.378,1.211,-0.404,
82725482714841,GameRo,0.035,-0.025,-0.670,0.742
82725482714841,acc,0.274,2.047,9.370,
82725502417289,acc,0.407,2.020,10.134,
82725501297289,Gyro,0.165,-0.448,-0.168,
82725514103748,pre,995.229,,,
82725502417289,Lacc,0.426,1.150,0.362,
82725502417289,GameRo,0.034,-0.029,-0.671,0.740
82725520999789,Gyro,0.209,-0.289,-0.222,
82725522119789,acc,0.105,1.714,10.065,
82725522119789,Lacc,0.073,0.802,0.297,
82725522119789,GameRo,0.033,-0.033,-0.672,0.739
82725540702237,Gyro,0.196,-0.179,-0.200,
82725541822237,acc,-0.032,1.573,9.380,
82725554101821,pre,995.216,,,
82725541822237,Lacc,-0.095,0.621,-0.383,
82725541822237,GameRo,0.034,-0.035,-0.674,0.737
82725560404737,Gyro,0.108,-0.147,-0.196,
82725561524737,acc,0.206,1.791,9.296,
82725561524737,Lacc,0.119,0.815,-0.465,
82725561524737,GameRo,0.034,-0.037,-0.675,0.736
82725580107237,Gyro,0.082,-0.167,-0.248,
82725581227237,acc,0.103,1.802,9.391,
82725581227237,Lacc,-0.012,0.808,-0.368,
82725581227237,GameRo,0.033,-0.039,-0.677,0.734
82725594111456,pre,995.250,,,
82725599809685,Gyro,0.084,-0.274,-0.258,
82725600929685,acc,-0.336,1.618,9.280,
82725600929685,Lacc,-0.497,0.605,-0.476,
82725600929685,GameRo,0.032,-0.041,-0.679,0.732
82725619512185,Gyro,0.060,-0.375,-0.207,
82725620632185,acc,-0.385,1.555,9.511,
82725620632185,Lacc,-0.612,0.528,-0.242,
82725620632185,GameRo,0.030,-0.044,-0.681,0.731
82725634100310,pre,995.239,,,
82725639214685,Gyro,0.038,-0.345,-0.164,
82725640334685,acc,-0.160,1.607,10.085,
82725640334685,Lacc,-0.449,0.571,0.334,
82725640334685,GameRo,0.029,-0.047,-0.682,0.729
82725658917185,Gyro,0.080,-0.273,-0.122,
82725660037185,acc,-0.020,1.728,10.274,
82725660037185,Lacc,-0.358,0.674,0.527,
82725660037185,GameRo,0.027,-0.049,-0.683,0.728
82725674102394,pre,995.257,,,
82725678619633,Gyro,0.085,-0.182,-0.096,
82725679739633,acc,0.155,1.707,10.077,
82725679739633,Lacc,-0.215,0.635,0.333,
82725679739633,GameRo,0.027,-0.051,-0.684,0.728
82725698322133,Gyro,0.040,-0.066,-0.216,
82725699442133,acc,1.287,1.152,9.887,
82725699442133,Lacc,0.907,0.069,0.144,
82725699442133,GameRo,0.027,-0.052,-0.685,0.726
82725714111091,pre,995.234,,,
82725718024633,Gyro,0.018,-0.176,-0.230,
82725719144633,acc,-0.074,2.193,10.068,
82725719144633,Lacc,-0.483,1.103,0.328,
82725719144633,GameRo,0.026,-0.053,-0.687,0.724
82725737727133,Gyro,0.187,-0.366,-0.250,
82725738847133,acc,0.944,1.077,10.106,
82725738847133,Lacc,0.470,-0.051,0.373,
82725738847133,GameRo,0.025,-0.057,-0.689,0.722
82725754102706,pre,995.214,,,
82725757429581,Gyro,0.192,-0.367,-0.310,
82725758549581,acc,1.124,1.229,9.577,
82725758549581,Lacc,0.584,0.061,-0.149,
82725758549581,GameRo,0.024,-0.061,-0.691,0.720
82725778252081,acc,1.086,1.082,9.181,
82725777132081,Gyro,0.012,-0.152,-0.381,
82725778252081,Lacc,0.525,-0.092,-0.543,
82725778252081,GameRo,0.023,-0.062,-0.693,0.717
82725794104112,pre,995.221,,,
82725797954581,acc,0.799,0.962,9.157,
82725797954581,Lacc,0.243,-0.178,-0.571,
82725797954581,GameRo,0.022,-0.061,-0.697,0.715
82725796834581,Gyro,-0.204,-0.020,-0.422,
82725817657081,acc,0.726,0.853,9.543,
82725816537081,Gyro,-0.300,-0.049,-0.438,
82725817657081,Lacc,0.169,-0.233,-0.191,
82725817657081,GameRo,0.020,-0.059,-0.700,0.712
82725834102289,pre,995.242,,,
82725836239581,Gyro,-0.361,-0.041,-0.449,
82725837359581,acc,0.704,0.657,10.022,
82725837359581,Lacc,0.148,-0.363,0.281,
82725837359581,GameRo,0.017,-0.057,-0.703,0.709
82725855942029,Gyro,-0.342,0.022,-0.391,
82725857062029,acc,0.433,0.440,10.996,
82725857062029,Lacc,-0.111,-0.518,1.247,
82725857062029,GameRo,0.015,-0.054,-0.706,0.706
82725874103123,pre,995.249,,,
82725876764529,acc,0.384,0.808,11.340,
82725876764529,Lacc,-0.140,-0.137,1.589,
82725876764529,GameRo,0.015,-0.053,-0.708,0.704
82725875644529,Gyro,-0.079,0.070,-0.259,
82725895347029,Gyro,0.243,0.094,-0.135,
82725896467029,acc,0.658,1.412,10.320,
82725896467029,Lacc,0.154,0.419,0.574,
82725896467029,GameRo,0.017,-0.054,-0.709,0.703
82725914102289,pre,995.214,,,
82725915049529,Gyro,0.336,0.090,-0.125,
82725916169529,acc,1.095,2.202,9.069,
82725916169529,Lacc,0.609,1.140,-0.671,
82725916169529,GameRo,0.021,-0.056,-0.709,0.702
82725934752029,Gyro,0.227,0.106,-0.261,
82725935872029,acc,1.312,2.526,8.398,
82725935872029,Lacc,0.850,1.412,-1.338,
82725935872029,GameRo,0.023,-0.057,-0.711,0.701
82725954101873,pre,995.229,,,
82725955574529,acc,0.991,2.152,8.161,
82725954454529,Gyro,0.024,0.044,-0.406,
82725955574529,Lacc,0.543,1.027,-1.574,
82725955574529,GameRo,0.024,-0.057,-0.714,0.698
82725974157029,Gyro,-0.130,-0.037,-0.438,
82725975277029,acc,0.669,1.772,8.976,
82725975277029,Lacc,0.223,0.666,-0.761,
82725975277029,GameRo,0.023,-0.056,-0.717,0.695
82725994101300,pre,995.224,,,
82725993859529,Gyro,-0.136,-0.020,-0.350,
82725994979529,acc,0.460,1.600,9.653,
82725994979529,Lacc,0.018,0.515,-0.086,
82725994979529,GameRo,0.022,-0.056,-0.719,0.692
82726013562029,Gyro,-0.063,-0.002,-0.211,
82726014682029,acc,0.476,1.725,9.823,
82726014682029,Lacc,0.039,0.649,0.082,
82726014682029,GameRo,0.022,-0.055,-0.721,0.691
82726034103279,pre,995.219,,,
82726033264529,Gyro,0.077,-0.066,-0.122,
82726034384529,acc,0.724,2.026,9.558,
82726034384529,Lacc,0.275,0.931,-0.181,
82726034384529,GameRo,0.022,-0.056,-0.722,0.690
82726052967029,Gyro,0.199,-0.258,-0.104,
82726054087029,acc,0.983,2.338,9.086,
82726054087029,Lacc,0.486,1.201,-0.645,
82726054087029,GameRo,0.022,-0.060,-0.722,0.689
82726074106664,pre,995.219,,,
82726072669529,Gyro,0.283,-0.365,-0.139,
82726073789529,acc,1.239,2.637,9.150,
82726073789529,Lacc,0.673,1.441,-0.571,
82726073789529,GameRo,0.021,-0.064,-0.723,0.687
82726092372029,Gyro,0.344,-0.271,-0.190,
82726093492029,acc,1.366,2.785,9.154,
82726093492029,Lacc,0.751,1.515,-0.554,
82726093492029,GameRo,0.022,-0.069,-0.724,0.686
82726114109008,pre,995.224,,,
82726112074529,Gyro,0.303,-0.024,-0.244,
82726113194529,acc,1.303,2.821,8.517,
82726113194529,Lacc,0.688,1.485,-1.182,
82726113194529,GameRo,0.024,-0.071,-0.726,0.684
82726132897029,acc,1.001,2.752,7.946,
82726131777029,Gyro,0.104,0.220,-0.259,
82726132897029,Lacc,0.433,1.389,-1.752,
82726132897029,GameRo,0.026,-0.071,-0.727,0.682
82726154101248,pre,995.226,,,
82726151479529,Gyro,-0.053,0.277,-0.275,
82726152599529,acc,0.701,2.718,8.420,
82726152599529,Lacc,0.192,1.358,-1.282,
82726152599529,GameRo,0.028,-0.069,-0.729,0.681
82726171182029,Gyro,0.043,0.116,-0.281,
82726172302029,acc,0.300,2.501,9.083,
82726172302029,Lacc,-0.179,1.127,-0.618,
82726172302029,GameRo,0.030,-0.068,-0.731,0.679
82726194102289,pre,995.229,,,
82726190884529,Gyro,0.191,-0.103,-0.220,
82726192004529,acc,0.005,2.334,8.883,
82726192004529,Lacc,-0.485,0.917,-0.811,
82726192004529,GameRo,0.031,-0.070,-0.732,0.677
82726211707029,acc,-0.160,2.316,8.886,
82726211707029,Lacc,-0.672,0.884,-0.805,
82726210587029,Gyro,0.062,-0.135,-0.108,
82726211707029,GameRo,0.030,-0.072,-0.733,0.676
82726234110050,pre,995.246,,,
82726230289529,Gyro,-0.065,-0.062,0.067,
82726231409529,acc,-0.296,2.231,9.706,
82726231409529,Lacc,-0.820,0.811,0.013,
82726231409529,GameRo,0.030,-0.072,-0.732,0.676
82726249992029,Gyro,0.039,-0.090,0.268,
82726251112029,acc,0.000,2.271,10.535,
82726251112029,Lacc,-0.547,0.843,0.845,
82726251112029,GameRo,0.029,-0.073,-0.731,0.678
82726274109529,pre,995.234,,,
82726269694529,Gyro,0.214,-0.116,0.383,
82726270814529,acc,0.698,2.441,10.480,
82726270814529,Lacc,0.118,0.975,0.797,
82726270814529,GameRo,0.030,-0.075,-0.728,0.681
82726289397029,Gyro,0.179,-0.063,0.329,
82726290517029,acc,1.235,2.617,9.940,
82726290517029,Lacc,0.632,1.117,0.264,
82726290517029,GameRo,0.030,-0.077,-0.726,0.683
82726314110571,pre,995.259,,,
82726309099529,Gyro,0.035,-0.037,0.187,
82726310219529,acc,1.128,2.378,10.090,
82726310219529,Lacc,0.510,0.873,0.416,
82726310219529,GameRo,0.030,-0.078,-0.724,0.684
82726328802081,Gyro,-0.044,-0.019,0.163,
82726329922081,acc,0.526,1.894,10.435,
82726329922081,Lacc,-0.099,0.399,0.760,
82726329922081,GameRo,0.029,-0.078,-0.723,0.685
82726354111560,pre,995.239,,,
82726348504581,Gyro,-0.158,0.123,0.254,
82726349624581,acc,0.644,1.935,10.275,
82726349624581,Lacc,0.035,0.472,0.594,
82726349624581,GameRo,0.029,-0.076,-0.722,0.687
82726368207081,Gyro,-0.435,0.278,0.268,
82726369327081,acc,1.047,2.014,9.384,
82726369327081,Lacc,0.483,0.635,-0.312,
82726369327081,GameRo,0.028,-0.071,-0.720,0.690
82726394101560,pre,995.216,,,
82726387909581,Gyro,-0.857,0.216,0.092,
82726389029581,acc,1.037,1.576,9.637,
82726389029581,Lacc,0.510,0.361,-0.083,
82726389029581,GameRo,0.024,-0.063,-0.720,0.691
82726407612081,Gyro,-1.029,-0.049,-0.097,
82726408732081,acc,0.379,0.138,11.223,
82726408732081,Lacc,-0.155,-0.878,1.480,
82726408732081,GameRo,0.016,-0.056,-0.721,0.690
82726434113383,pre,995.254,,,
82726427314581,Gyro,-0.774,-0.296,0.022,
82726428434581,acc,-0.669,-1.168,13.168,
82726428434581,Lacc,-1.257,-2.031,3.414,
82726428434581,GameRo,0.009,-0.053,-0.722,0.690
82726447017133,Gyro,-0.183,-0.261,0.492,
82726448137133,acc,-0.844,-0.972,13.775,
82726448137133,Lacc,-1.487,-1.790,4.020,
82726448137133,GameRo,0.005,-0.053,-0.718,0.694
82726474103175,pre,995.219,,,
82726466719633,Gyro,0.366,0.006,0.873,
82726467839633,acc,0.347,0.450,12.059,
82726467839633,Lacc,-0.309,-0.425,2.310,
82726467839633,GameRo,0.007,-0.055,-0.712,0.700
82726486422133,Gyro,0.547,0.123,0.846,
82726487542133,acc,1.585,1.827,9.315,
82726487542133,Lacc,0.935,0.855,-0.426,
82726487542133,GameRo,0.012,-0.059,-0.706,0.706
82726514100831,pre,995.244,,,
82726506110935,Gyro,0.319,0.082,0.381,
82726507230935,acc,2.283,2.496,7.864,
82726507230935,Lacc,1.636,1.463,-1.870,
82726507230935,GameRo,0.014,-0.061,-0.703,0.708
82726525827185,Gyro,-0.054,-0.022,-0.212,
82726526947185,acc,1.404,1.391,8.316,
82726526947185,Lacc,0.754,0.365,-1.419,
82726526947185,GameRo,0.014,-0.061,-0.705,0.707
82726554102966,pre,995.234,,,
82726545529685,Gyro,-0.082,-0.179,-0.465,
82726546649685,acc,-0.010,-0.215,9.946,
82726546649685,Lacc,-0.683,-1.230,0.212,
82726546649685,GameRo,0.012,-0.061,-0.708,0.704
82726566352185,acc,-0.702,-0.911,10.163,
82726566352185,Lacc,-1.404,-1.948,0.433,
82726566352185,GameRo,0.012,-0.063,-0.710,0.701
82726565232185,Gyro,0.122,-0.208,-0.318,
82726594102706,pre,995.259,,,
82726584934737,Gyro,0.139,0.018,-0.039,
82726586054737,acc,-0.646,-0.638,9.382,
82726586054737,Lacc,-1.341,-1.697,-0.346,
82726586054737,GameRo,0.013,-0.063,-0.710,0.701
82726605757237,acc,-0.486,-0.108,8.847,
82726604637237,Gyro,-0.047,0.336,0.190,
82726605757237,Lacc,-1.117,-1.153,-0.887,
82726605757237,GameRo,0.015,-0.061,-0.709,0.702
82726634109529,pre,995.239,,,
82726624339737,Gyro,-0.093,0.437,0.318,
82726625459737,acc,-0.348,0.373,8.694,
82726625459737,Lacc,-0.899,-0.649,-1.047,
82726625459737,GameRo,0.017,-0.057,-0.707,0.705
82726644042237,Gyro,0.075,0.211,0.382,
82726645162237,acc,-0.245,0.823,8.417,
82726645162237,Lacc,-0.761,-0.208,-1.325,
82726645162237,GameRo,0.019,-0.056,-0.704,0.708
82726674102237,pre,995.226,,,
82726663744789,Gyro,0.295,-0.093,0.392,
82726664864789,acc,0.125,1.454,8.092,
82726664864789,Lacc,-0.416,0.367,-1.643,
82726664864789,GameRo,0.020,-0.059,-0.701,0.710
82726683447289,Gyro,0.368,-0.260,0.321,
82726684567289,acc,0.477,2.011,7.896,
82726684567289,Lacc,-0.121,0.855,-1.828,
82726684567289,GameRo,0.021,-0.063,-0.699,0.712
82726714103227,pre,995.234,,,
82726703149841,Gyro,0.303,-0.283,0.244,
82726704269841,acc,0.667,2.196,7.749,
82726704269841,Lacc,0.009,0.981,-1.963,
82726704269841,GameRo,0.021,-0.067,-0.697,0.714
82726723972341,acc,0.750,2.215,8.066,
82726722852341,Gyro,0.101,-0.130,0.168,
82726723972341,Lacc,0.062,0.979,-1.642,
82726723972341,GameRo,0.021,-0.069,-0.696,0.715
82726754101404,pre,995.259,,,
82726742554841,Gyro,0.018,-0.072,0.100,
82726743674841,acc,0.494,2.097,8.641,
82726743674841,Lacc,-0.210,0.856,-1.065,
82726743674841,GameRo,0.020,-0.070,-0.695,0.715
82726762257394,Gyro,0.141,-0.224,0.048,
82726763377394,acc,0.482,2.041,9.275,
82726763377394,Lacc,-0.265,0.771,-0.423,
82726763377394,GameRo,0.020,-0.073,-0.695,0.715
82726781959894,Gyro,0.301,-0.340,-0.011,
82726794101873,pre,995.239,,,
82726783079894,acc,0.626,2.030,9.311,
82726783079894,Lacc,-0.186,0.701,-0.375,
82726783079894,GameRo,0.020,-0.077,-0.694,0.715
82726802782446,acc,0.768,2.033,9.117,
82726801662446,Gyro,0.245,-0.285,-0.070,
82726802782446,Lacc,-0.095,0.654,-0.557,
82726802782446,GameRo,0.020,-0.081,-0.695,0.714
82726821364946,Gyro,0.145,-0.169,-0.141,
82726834103435,pre,995.257,,,
82726822484946,acc,0.797,1.862,9.671,
82726822484946,Lacc,-0.094,0.451,0.004,
82726822484946,GameRo,0.020,-0.083,-0.696,0.713
82726841067446,Gyro,0.175,-0.129,-0.178,
82726842187446,acc,0.641,1.531,9.849,
82726842187446,Lacc,-0.269,0.084,0.189,
82726842187446,GameRo,0.020,-0.085,-0.697,0.712
82726861889998,acc,0.732,1.318,10.018,
82726860769998,Gyro,0.182,-0.123,-0.180,
82726874102394,pre,995.249,,,
82726861889998,Lacc,-0.196,-0.167,0.365,
82726861889998,GameRo,0.021,-0.087,-0.698,0.710
82726881592498,acc,0.807,1.411,10.455,
82726880472498,Gyro,0.128,-0.024,-0.173,
82726881592498,Lacc,-0.120,-0.100,0.806,
82726881592498,GameRo,0.022,-0.088,-0.699,0.709
82726900175050,Gyro,0.107,0.070,-0.166,
82726901295050,acc,0.949,1.601,11.232,
82726901295050,Lacc,0.041,0.067,1.585,
82726901295050,GameRo,0.023,-0.088,-0.700,0.708
82726914102081,pre,995.254,,,
82726919877550,Gyro,0.125,0.289,-0.167,
82726920997550,acc,1.634,1.528,11.284,
82726920997550,Lacc,0.784,-0.033,1.636,
82726920997550,GameRo,0.026,-0.087,-0.701,0.707
82726939580102,Gyro,-0.065,0.618,-0.210,
82726940700102,acc,2.209,0.976,10.067,
82726940700102,Lacc,1.480,-0.574,0.407,
82726940700102,GameRo,0.030,-0.082,-0.702,0.706
82726954111039,pre,995.269,,,
82726960402602,acc,1.729,0.232,9.412,
82726959282602,Gyro,-0.530,0.707,-0.294,
82726960402602,Lacc,1.139,-1.218,-0.273,
82726960402602,GameRo,0.031,-0.074,-0.705,0.705
82726978971404,Gyro,-0.702,0.326,-0.240,
82726980091404,acc,0.490,-0.195,10.863,
82726980091404,Lacc,-0.030,-1.508,1.156,
82726980091404,GameRo,0.028,-0.066,-0.707,0.704
82726994114737,pre,995.231,,,
82726998687654,Gyro,-0.282,-0.182,-0.098,
82726999807654,acc,0.758,0.397,12.169,
82726999807654,Lacc,0.205,-0.861,2.456,
82726999807654,GameRo,0.025,-0.066,-0.708,0.703
82727018390206,Gyro,0.140,-0.473,-0.169,
82727019510206,acc,1.771,1.079,11.465,
82727019510206,Lacc,1.130,-0.207,1.761,
82727019510206,GameRo,0.023,-0.070,-0.709,0.702
82727034113383,pre,995.244,,,
82727039212758,acc,2.197,0.839,10.547,
82727038092758,Gyro,0.103,-0.471,-0.384,
82727039212758,Lacc,1.471,-0.470,0.852,
82727039212758,GameRo,0.020,-0.074,-0.712,0.698
82727057795258,Gyro,-0.167,-0.280,-0.503,
82727058915258,acc,1.657,0.072,10.449,
82727058915258,Lacc,0.889,-1.210,0.753,
82727058915258,GameRo,0.017,-0.074,-0.715,0.695
82727074102550,pre,995.252,,,
82727077497810,Gyro,-0.334,-0.010,-0.379,
82727078617810,acc,0.948,-0.203,10.722,
82727078617810,Lacc,0.187,-1.423,1.018,
82727078617810,GameRo,0.015,-0.072,-0.718,0.692
82727097200310,Gyro,-0.272,0.158,-0.176,
82727098320310,acc,0.836,0.276,10.619,
82727098320310,Lacc,0.110,-0.891,0.906,
82727098320310,GameRo,0.015,-0.069,-0.719,0.691
82727114109269,pre,995.252,,,
82727116902862,Gyro,-0.060,0.183,-0.091,
82727118022862,acc,0.934,1.186,10.131,
82727118022862,Lacc,0.244,0.029,0.414,
82727118022862,GameRo,0.015,-0.067,-0.720,0.691
82727136605362,Gyro,0.167,0.117,-0.120,
82727137725362,acc,0.915,1.736,9.290,
82727137725362,Lacc,0.249,0.543,-0.424,
82727137725362,GameRo,0.018,-0.068,-0.721,0.690
82727154099894,pre,995.269,,,
82727156294164,Gyro,0.303,0.075,-0.179,
82727157414164,acc,0.661,1.999,8.384,
82727157414164,Lacc,0.014,0.743,-1.324,
82727157414164,GameRo,0.020,-0.069,-0.722,0.688
82727176010466,Gyro,0.329,0.065,-0.206,
82727177130466,acc,0.422,2.016,7.749,
82727177130466,Lacc,-0.207,0.692,-1.951,
82727177130466,GameRo,0.023,-0.071,-0.723,0.687
82727194092341,pre,995.239,,,
82727196832966,acc,0.273,2.030,7.550,
82727195712966,Gyro,0.333,0.054,-0.189,
82727196832966,Lacc,-0.340,0.636,-2.141,
82727196832966,GameRo,0.026,-0.073,-0.724,0.686
82727215415519,Gyro,0.408,0.028,-0.163,
82727216535519,acc,0.205,2.082,7.710,
82727216535519,Lacc,-0.397,0.606,-1.970,
82727216535519,GameRo,0.029,-0.076,-0.725,0.684
82727234108175,pre,995.226,,,
82727235118019,Gyro,0.474,0.070,-0.133,
82727236238019,acc,0.203,2.207,7.379,
82727236238019,Lacc,-0.381,0.636,-2.287,
82727236238019,GameRo,0.033,-0.079,-0.725,0.683
82727254820571,Gyro,0.353,0.143,-0.111,
82727255940571,acc,-0.014,2.278,6.839,
82727255940571,Lacc,-0.566,0.634,-2.817,
82727255940571,GameRo,0.037,-0.081,-0.726,0.682
82727274098123,pre,995.241,,,
82727274523123,Gyro,0.111,0.140,-0.048,
82727275643123,acc,-0.249,2.270,6.858,
82727275643123,Lacc,-0.770,0.601,-2.795,
82727275643123,GameRo,0.039,-0.081,-0.726,0.682
82727294225675,Gyro,-0.059,0.060,0.019,
82727295345675,acc,-0.280,2.225,7.973,
82727295345675,Lacc,-0.788,0.564,-1.682,
82727295345675,GameRo,0.039,-0.080,-0.726,0.682
82727314101300,pre,995.257,,,
82727313928175,Gyro,-0.007,-0.073,0.133,
82727315048175,acc,-0.549,1.956,9.313,
82727315048175,Lacc,-1.072,0.297,-0.341,
82727315048175,GameRo,0.039,-0.080,-0.725,0.683
82727333616977,Gyro,0.174,-0.165,0.340,
82727334736977,acc,-0.432,1.863,10.101,
82727334736977,Lacc,-0.996,0.175,0.454,
82727334736977,GameRo,0.039,-0.083,-0.722,0.685
82727354106144,pre,995.254,,,
82727353333279,Gyro,0.286,-0.111,0.547,
82727354453279,acc,0.217,2.167,10.273,
82727354453279,Lacc,-0.385,0.429,0.637,
82727354453279,GameRo,0.039,-0.086,-0.719,0.689
82727373035779,Gyro,0.237,0.047,0.584,
82727374155779,acc,1.087,2.506,10.313,
82727374155779,Lacc,0.473,0.730,0.685,
82727374155779,GameRo,0.041,-0.087,-0.714,0.693
82727394100623,pre,995.254,,,
82727392738331,Gyro,0.175,0.092,0.433,
82727393858331,acc,1.624,2.356,10.665,
82727393858331,Lacc,1.009,0.551,1.042,
82727393858331,GameRo,0.042,-0.088,-0.711,0.696
82727413560883,acc,1.384,1.901,11.461,
82727412440883,Gyro,0.177,0.129,0.230,
82727413560883,Lacc,0.785,0.066,1.843,
82727413560883,GameRo,0.044,-0.089,-0.709,0.698
82727434099998,pre,995.267,,,
82727433263435,acc,0.626,1.784,11.103,
82727432143435,Gyro,0.174,0.336,0.210,
82727433263435,Lacc,0.082,-0.081,1.488,
82727433263435,GameRo,0.047,-0.088,-0.708,0.700
82727451832237,Gyro,-0.148,0.524,0.255,
82727452952237,acc,0.804,1.997,9.299,
82727452952237,Lacc,0.349,0.163,-0.327,
82727452952237,GameRo,0.050,-0.083,-0.706,0.702
82727474098487,pre,995.231,,,
82727472668487,acc,1.424,1.708,9.159,
82727471548487,Gyro,-0.828,0.448,0.052,
82727472668487,Lacc,1.049,0.031,-0.500,
82727472668487,GameRo,0.047,-0.074,-0.706,0.703
82727492371039,acc,0.823,-0.010,12.099,
82727491251039,Gyro,-1.266,0.149,-0.307,
82727492371039,Lacc,0.485,-1.444,2.400,
82727492371039,GameRo,0.039,-0.064,-0.709,0.701
82727514098696,pre,995.254,,,
82727510939841,Gyro,-0.816,-0.297,-0.329,
82727512059841,acc,-1.124,-1.719,14.949,
82727512059841,Lacc,-1.507,-2.993,5.229,
82727512059841,GameRo,0.032,-0.060,-0.712,0.699
82727531776091,acc,-2.112,-2.018,14.741,
82727530656091,Gyro,0.124,-0.444,0.184,
82727531776091,Lacc,-2.580,-3.308,5.027,
82727531776091,GameRo,0.029,-0.064,-0.710,0.700
82727554099269,pre,995.267,,,
82727550358644,Gyro,0.608,-0.288,0.777,
82727551478644,acc,-1.013,-0.563,11.374,
82727551478644,Lacc,-1.552,-1.956,1.679,
82727551478644,GameRo,0.031,-0.070,-0.705,0.705
82727570047446,Gyro,0.347,0.074,0.987,
82727571167446,acc,0.723,1.202,8.967,
82727571167446,Lacc,0.169,-0.245,-0.720,
82727571167446,GameRo,0.033,-0.072,-0.698,0.712
82727594106144,pre,995.244,,,
82727589763748,Gyro,-0.162,0.268,0.743,
82727590883748,acc,1.518,2.332,8.353,
82727590883748,Lacc,0.992,0.920,-1.341,
82727590883748,GameRo,0.033,-0.070,-0.692,0.717
82727609466300,Gyro,-0.291,0.094,0.349,
82727610586300,acc,1.048,2.154,9.342,
82727610586300,Lacc,0.528,0.799,-0.360,
82727610586300,GameRo,0.032,-0.067,-0.690,0.720
82727634106925,pre,995.267,,,
82727629168800,Gyro,-0.019,-0.222,0.148,
82727630288800,acc,0.232,1.475,9.402,
82727630288800,Lacc,-0.334,0.125,-0.298,
82727630288800,GameRo,0.030,-0.069,-0.689,0.721
82727648871352,Gyro,0.145,-0.390,0.117,
82727649991352,acc,0.086,1.280,8.595,
82727649991352,Lacc,-0.555,-0.098,-1.097,
82727649991352,GameRo,0.028,-0.072,-0.688,0.721
82727674101664,pre,995.277,,,
82727668573904,Gyro,0.061,-0.381,0.109,
82727669693904,acc,0.214,1.067,7.971,
82727669693904,Lacc,-0.501,-0.320,-1.714,
82727669693904,GameRo,0.026,-0.075,-0.688,0.722
82727688276456,Gyro,-0.095,-0.277,0.132,
82727689396456,acc,0.165,0.679,8.297,
82727689396456,Lacc,-0.605,-0.686,-1.387,
82727689396456,GameRo,0.023,-0.077,-0.687,0.722
82727714104060,pre,995.269,,,
82727709099008,acc,0.008,0.418,8.658,
82727707979008,Gyro,-0.031,-0.233,0.237,
82727709099008,Lacc,-0.811,-0.936,-1.023,
82727709099008,GameRo,0.021,-0.078,-0.685,0.724
82727727681560,Gyro,0.162,-0.240,0.401,
82727728801560,acc,0.239,0.734,8.475,
82727728801560,Lacc,-0.635,-0.642,-1.199,
82727728801560,GameRo,0.021,-0.081,-0.682,0.726
82727754110310,pre,995.264,,,
82727748504112,acc,0.676,1.507,7.789,
82727747384112,Gyro,0.255,-0.186,0.489,
82727748504112,Lacc,-0.247,0.090,-1.874,
82727748504112,GameRo,0.021,-0.084,-0.679,0.729
82727767086664,Gyro,0.172,-0.107,0.477,
82727768206664,acc,1.007,2.101,7.368,
82727768206664,Lacc,0.050,0.656,-2.288,
82727768206664,GameRo,0.021,-0.086,-0.675,0.733
82727794095675,pre,995.269,,,
82727787909216,acc,1.230,2.591,7.740,
82727786789216,Gyro,0.072,-0.080,0.352,
82727787909216,Lacc,0.246,1.135,-1.911,
82727787909216,GameRo,0.021,-0.087,-0.672,0.735
82727806491769,Gyro,0.135,-0.135,0.196,
82727807611769,acc,0.998,2.596,8.512,
82727807611769,Lacc,-0.017,1.115,-1.132,
82727807611769,GameRo,0.021,-0.090,-0.671,0.736
82727834096091,pre,995.266,,,
82727826194321,Gyro,0.281,-0.197,0.135,
82727827314321,acc,0.898,2.508,8.693,
82727827314321,Lacc,-0.159,0.972,-0.938,
82727827314321,GameRo,0.022,-0.093,-0.670,0.737
82727845896821,Gyro,0.251,-0.113,0.083,
82727847016821,acc,1.199,2.602,8.493,
82727847016821,Lacc,0.117,1.017,-1.128,
82727847016821,GameRo,0.023,-0.096,-0.669,0.737
82727874099425,pre,995.264,,,
82727865599373,Gyro,0.089,0.001,-0.053,
82727866719373,acc,1.354,2.423,8.716,
82727866719373,Lacc,0.273,0.818,-0.902,
82727866719373,GameRo,0.024,-0.096,-0.669,0.737
82727885301925,Gyro,-0.086,0.044,-0.203,
82727886421925,acc,1.229,1.796,9.479,
82727886421925,Lacc,0.162,0.202,-0.142,
82727886421925,GameRo,0.023,-0.095,-0.671,0.735
82727914108435,pre,995.257,,,
82727905004477,Gyro,-0.122,0.060,-0.288,
82727906124477,acc,1.015,1.122,11.020,
82727906124477,Lacc,-0.031,-0.453,1.394,
82727906124477,GameRo,0.023,-0.094,-0.673,0.733
82727924693331,Gyro,0.056,0.141,-0.270,
82727925813331,acc,0.776,0.823,11.892,
82727925813331,Lacc,-0.233,-0.765,2.264,
82727925813331,GameRo,0.025,-0.093,-0.675,0.732
82727954106456,pre,995.246,,,
82727944409581,Gyro,0.175,0.288,-0.183,
82727945529581,acc,0.715,1.281,11.220,
82727945529581,Lacc,-0.233,-0.343,1.592,
82727945529581,GameRo,0.028,-0.092,-0.676,0.731
82727964112133,Gyro,-0.057,0.446,-0.216,
82727965232133,acc,1.402,1.789,9.958,
82727965232133,Lacc,0.544,0.171,0.320,
82727965232133,GameRo,0.031,-0.089,-0.677,0.730
82727994107185,pre,995.284,,,
82727983814685,Gyro,-0.613,0.531,-0.471,
82727984934685,acc,2.502,1.403,9.590,
82727984934685,Lacc,1.755,-0.105,-0.075,
82727984934685,GameRo,0.030,-0.081,-0.681,0.727
82728003517237,Gyro,-1.283,0.594,-0.899,
82728004637237,acc,2.067,-0.547,10.707,
82728004637237,Lacc,1.455,-1.817,0.999,
82728004637237,GameRo,0.025,-0.067,-0.688,0.722
82728034101508,pre,995.297,,,
82728023219789,Gyro,-1.470,0.461,-0.885,
82728024339789,acc,-0.190,-2.934,13.580,
82728024339789,Lacc,-0.693,-3.923,3.833,
82728024339789,GameRo,0.018,-0.054,-0.695,0.717
82728042908644,Gyro,-0.724,0.057,-0.330,
82728044028644,acc,-0.732,-3.237,15.544,
82728044028644,Lacc,-1.215,-4.084,5.783,
82728044028644,GameRo,0.014,-0.048,-0.698,0.714
82728074098748,pre,995.261,,,
82728063744894,acc,1.141,-1.649,13.893,
82728062624894,Gyro,0.246,-0.286,0.115,
82728063744894,Lacc,0.601,-2.535,4.138,
82728063744894,GameRo,0.013,-0.051,-0.697,0.715
82728082327446,Gyro,0.481,-0.291,0.070,
82728083447446,acc,2.800,-0.035,10.735,
82728083447446,Lacc,2.197,-1.011,0.992,
82728083447446,GameRo,0.014,-0.057,-0.696,0.715
82728102016300,Gyro,-0.040,0.115,-0.222,
82728114108748,pre,995.274,,,
82728103136300,acc,3.046,0.194,8.747,
82728103136300,Lacc,2.462,-0.775,-0.997,
82728103136300,GameRo,0.015,-0.056,-0.698,0.714
82728121732550,Gyro,-0.636,0.399,-0.360,
82728122852550,acc,1.794,-0.526,8.955,
82728122852550,Lacc,1.290,-1.373,-0.806,
82728122852550,GameRo,0.013,-0.049,-0.701,0.712
82728154099998,pre,995.282,,,
82728141435102,Gyro,-0.639,0.347,-0.257,
82728142555102,acc,0.897,-0.349,10.497,
82728142555102,Lacc,0.462,-1.072,0.723,
82728142555102,GameRo,0.011,-0.042,-0.703,0.710
82728161137706,Gyro,-0.087,0.131,-0.122,
82728162257706,acc,0.638,0.642,10.576,
82728162257706,Lacc,0.229,-0.065,0.800,
82728162257706,GameRo,0.011,-0.040,-0.704,0.709
82728194106925,pre,995.256,,,
82728180840258,Gyro,0.390,0.006,-0.051,
82728181960258,acc,0.518,1.601,8.672,
82728181960258,Lacc,0.111,0.816,-1.099,
82728181960258,GameRo,0.014,-0.043,-0.704,0.709
82728200542810,Gyro,0.425,0.051,-0.071,
82728201662810,acc,0.633,2.264,6.927,
82728201662810,Lacc,0.236,1.391,-2.836,
82728201662810,GameRo,0.017,-0.046,-0.704,0.708
82728220231612,Gyro,0.189,0.137,-0.175,
82728221351612,acc,0.543,2.400,6.373,
82728234098539,pre,995.246,,,
82728221351612,Lacc,0.174,1.482,-3.387,
82728221351612,GameRo,0.020,-0.046,-0.705,0.707
82728239947914,Gyro,0.042,0.080,-0.262,
82728241067914,acc,0.404,2.061,6.878,
82728241067914,Lacc,0.054,1.128,-2.881,
82728241067914,GameRo,0.021,-0.046,-0.707,0.705
82728259650466,Gyro,0.167,-0.118,-0.358,
82728260770466,acc,0.544,1.726,7.890,
82728260770466,Lacc,0.178,0.756,-1.866,
82728260770466,GameRo,0.022,-0.048,-0.709,0.703
82728274098644,pre,995.284,,,
82728279353019,Gyro,0.405,-0.263,-0.441,
82728280473019,acc,0.367,1.378,8.288,
82728280473019,Lacc,-0.041,0.324,-1.457,
82728280473019,GameRo,0.023,-0.053,-0.712,0.700
82728299055571,Gyro,0.418,-0.128,-0.414,
82728300175571,acc,0.044,0.945,8.110,
82728300175571,Lacc,-0.379,-0.193,-1.625,
82728300175571,GameRo,0.025,-0.057,-0.715,0.696
82728314098071,pre,995.251,,,
82728318758123,Gyro,0.206,0.158,-0.285,
82728319878123,acc,-0.322,0.684,8.393,
82728319878123,Lacc,-0.705,-0.495,-1.338,
82728319878123,GameRo,0.028,-0.057,-0.717,0.694
82728338460727,Gyro,0.138,0.212,-0.093,
82728339580727,acc,-0.819,0.637,9.005,
82728339580727,Lacc,-1.156,-0.567,-0.725,
82728339580727,GameRo,0.030,-0.056,-0.717,0.694
82728354099477,pre,995.261,,,
82728358163279,Gyro,0.308,0.027,0.147,
82728359283279,acc,-1.053,0.984,9.567,
82728359283279,Lacc,-1.385,-0.277,-0.156,
82728359283279,GameRo,0.033,-0.058,-0.716,0.695
82728377865831,Gyro,0.488,-0.128,0.383,
82728378985831,acc,-0.861,1.524,9.793,
82728378985831,Lacc,-1.224,0.171,0.083,
82728378985831,GameRo,0.035,-0.062,-0.713,0.697
82728394100519,pre,995.259,,,
82728397568383,Gyro,0.521,-0.127,0.547,
82728398688383,acc,0.109,2.023,9.945,
82728398688383,Lacc,-0.293,0.574,0.251,
82728398688383,GameRo,0.037,-0.067,-0.709,0.701
82728418390987,acc,1.262,2.352,10.090,
82728417270987,Gyro,0.390,0.009,0.479,
82728418390987,Lacc,0.845,0.830,0.408,
82728418390987,GameRo,0.040,-0.070,-0.706,0.704
82728434097758,pre,995.259,,,
82728436973539,Gyro,0.248,0.064,0.224,
82728438093539,acc,1.558,2.056,10.339,
82728438093539,Lacc,1.144,0.488,0.664,
82728438093539,GameRo,0.042,-0.072,-0.704,0.706
82728456676091,Gyro,0.144,0.054,0.067,
82728457796091,acc,0.449,1.381,10.746,
82728457796091,Lacc,0.043,-0.213,1.075,
82728457796091,GameRo,0.043,-0.072,-0.703,0.706
82728474097029,pre,995.292,,,
82728476378644,Gyro,-0.010,0.078,0.199,
82728477498644,acc,0.283,1.372,10.229,
82728477498644,Lacc,-0.114,-0.218,0.556,
82728477498644,GameRo,0.043,-0.072,-0.702,0.707
82728496081248,Gyro,-0.489,0.173,0.204,
82728497201248,acc,1.100,1.803,9.885,
82728497201248,Lacc,0.728,0.307,0.197,
82728497201248,GameRo,0.041,-0.067,-0.701,0.709
82728514099998,pre,995.261,,,
82728515770050,Gyro,-1.019,0.129,-0.065,
82728516890050,acc,1.028,0.882,11.626,
82728516890050,Lacc,0.681,-0.418,1.909,
82728516890050,GameRo,0.035,-0.059,-0.702,0.709
82728535486352,Gyro,-0.909,-0.128,-0.234,
82728536606352,acc,-0.619,-0.995,14.399,
82728536606352,Lacc,-0.983,-2.118,4.660,
82728536606352,GameRo,0.028,-0.054,-0.704,0.708
82728554107706,pre,995.271,,,
82728556308904,acc,-2.527,-1.827,15.151,
82728555188904,Gyro,-0.059,-0.305,0.123,
82728556308904,Lacc,-2.947,-2.931,5.412,
82728556308904,GameRo,0.025,-0.055,-0.703,0.709
82728574877758,Gyro,0.544,-0.209,0.734,
82728575997758,acc,-1.598,-0.415,12.075,
82728575997758,Lacc,-2.069,-1.613,2.349,
82728575997758,GameRo,0.027,-0.060,-0.698,0.713
82728594108748,pre,995.256,,,
82728594594060,Gyro,0.335,0.126,0.833,
82728595714060,acc,0.729,1.604,9.751,
82728595714060,Lacc,0.260,0.349,0.033,
82728595714060,GameRo,0.030,-0.062,-0.692,0.719
82728614296612,Gyro,-0.135,0.308,0.383,
82728615416612,acc,1.378,2.171,9.121,
82728615416612,Lacc,0.956,0.942,-0.602,
82728615416612,GameRo,0.031,-0.059,-0.689,0.722
82728634120362,pre,995.287,,,
82728633999164,Gyro,-0.235,0.075,-0.036,
82728635119164,acc,0.255,0.979,9.919,
82728635119164,Lacc,-0.150,-0.204,0.189,
82728635119164,GameRo,0.029,-0.057,-0.689,0.722
82728653701769,Gyro,-0.004,-0.172,-0.085,
82728654821769,acc,-0.622,0.183,10.091,
82728654821769,Lacc,-1.056,-0.997,0.362,
82728654821769,GameRo,0.028,-0.058,-0.690,0.721
82728674098591,pre,995.233,,,
82728673404321,Gyro,0.080,-0.162,0.066,
82728674524321,acc,-0.526,0.181,9.173,
82728674524321,Lacc,-0.990,-1.011,-0.554,
82728674524321,GameRo,0.028,-0.059,-0.689,0.721
82728693106873,Gyro,-0.033,0.108,0.071,
82728694226873,acc,0.543,0.815,9.303,
82728694226873,Lacc,0.098,-0.370,-0.425,
82728694226873,GameRo,0.028,-0.058,-0.689,0.722
82728714106039,pre,995.254,,,
82728712809477,Gyro,-0.042,0.405,-0.016,
82728713929477,acc,0.059,0.321,8.767,
82728713929477,Lacc,-0.308,-0.853,-0.965,
82728713929477,GameRo,0.030,-0.055,-0.689,0.722
82728732512029,Gyro,0.116,0.311,0.131,
82728733632029,acc,-0.730,-0.033,8.039,
82728733632029,Lacc,-1.037,-1.225,-1.694,
82728733632029,GameRo,0.033,-0.053,-0.688,0.723
82728754107914,pre,995.256,,,
82728752214633,Gyro,0.307,0.040,0.394,
82728753334633,acc,-0.662,0.526,7.348,
82728753334633,Lacc,-0.966,-0.721,-2.377,
82728753334633,GameRo,0.036,-0.055,-0.685,0.726
82728771917185,Gyro,0.420,-0.133,0.574,
82728773037185,acc,0.043,1.661,6.844,
82728773037185,Lacc,-0.301,0.334,-2.869,
82728773037185,GameRo,0.038,-0.059,-0.681,0.729
82728794102394,pre,995.238,,,
82728791619737,Gyro,0.400,-0.150,0.540,
82728792739737,acc,0.918,2.621,6.458,
82728792739737,Lacc,0.528,1.215,-3.243,
82728792739737,GameRo,0.039,-0.063,-0.676,0.733
82728811322341,Gyro,0.209,-0.056,0.330,
82728812442341,acc,1.200,3.014,6.504,
82728812442341,Lacc,0.787,1.564,-3.190,
82728812442341,GameRo,0.040,-0.066,-0.674,0.735
82728834099789,pre,995.238,,,
82728832144894,acc,0.765,2.743,7.403,
82728831024894,Gyro,0.128,-0.092,0.100,
82728832144894,Lacc,0.330,1.264,-2.285,
82728832144894,GameRo,0.041,-0.068,-0.673,0.735
82728850727498,Gyro,0.255,-0.275,-0.004,
82728851847498,acc,0.345,2.380,8.052,
82728851847498,Lacc,-0.143,0.848,-1.625,
82728851847498,GameRo,0.041,-0.071,-0.673,0.735
82728874100779,pre,995.292,,,
82728870430050,Gyro,0.263,-0.314,-0.053,
82728871550050,acc,0.486,2.321,8.283,
82728871550050,Lacc,-0.059,0.735,-1.382,
82728871550050,GameRo,0.041,-0.075,-0.673,0.734
82728890132654,Gyro,0.168,-0.234,-0.144,
82728891252654,acc,0.780,2.221,8.874,
82728891252654,Lacc,0.194,0.599,-0.783,
82728891252654,GameRo,0.041,-0.078,-0.674,0.733
82728914107914,pre,995.253,,,
82728909835206,Gyro,0.025,-0.194,-0.307,
82728910955206,acc,1.056,1.978,9.350,
82728910955206,Lacc,0.442,0.347,-0.304,
82728910955206,GameRo,0.040,-0.080,-0.677,0.731
82728929524060,Gyro,-0.115,-0.222,-0.511,
82728930644060,acc,0.990,1.305,10.362,
82728930644060,Lacc,0.349,-0.310,0.707,
82728930644060,GameRo,0.038,-0.080,-0.681,0.727
82728954092966,pre,995.253,,,
82728950360362,acc,0.527,0.656,11.503,
82728949240362,Gyro,-0.132,-0.243,-0.586,
82728950360362,Lacc,-0.141,-0.938,1.846,
82728950360362,GameRo,0.036,-0.081,-0.685,0.723
82728968942966,Gyro,-0.092,-0.133,-0.497,
82728970062966,acc,0.119,0.643,12.214,
82728970062966,Lacc,-0.557,-0.937,2.555,
82728970062966,GameRo,0.034,-0.081,-0.689,0.720
82728994106664,pre,995.256,,,
82728988645519,Gyro,-0.118,0.053,-0.360,
82728989765519,acc,0.223,0.985,11.629,
82728989765519,Lacc,-0.431,-0.575,1.966,
82728989765519,GameRo,0.034,-0.080,-0.691,0.717
82729008348123,Gyro,-0.401,0.169,-0.257,
82729009468123,acc,0.500,0.973,10.531,
82729009468123,Lacc,-0.114,-0.512,0.853,
82729009468123,GameRo,0.033,-0.075,-0.693,0.716
82729034103019,pre,995.287,,,
82729028050675,Gyro,-0.874,0.166,-0.263,
82729029170675,acc,1.193,0.376,10.606,
82729029170675,Lacc,0.617,-0.943,0.902,
82729029170675,GameRo,0.028,-0.068,-0.696,0.715
82729047739529,Gyro,-1.044,0.052,-0.267,
82729048859529,acc,0.793,-0.529,13.234,
82729048859529,Lacc,0.233,-1.647,3.504,
82729048859529,GameRo,0.021,-0.060,-0.698,0.713
82729074107237,pre,995.256,,,
82729067455883,Gyro,-0.393,-0.157,-0.094,
82729068575883,acc,0.679,-0.342,15.114,
82729068575883,Lacc,0.092,-1.382,5.377,
82729068575883,GameRo,0.017,-0.059,-0.699,0.712
82729087158435,Gyro,0.371,-0.295,-0.028,
82729088278435,acc,1.609,0.547,12.955,
82729088278435,Lacc,0.964,-0.562,3.229,
82729088278435,GameRo,0.017,-0.063,-0.699,0.712
82729114098539,pre,995.256,,,
82729106847289,Gyro,0.409,-0.433,-0.222,
82729107967289,acc,2.617,0.824,9.824,
82729107967289,Lacc,1.889,-0.366,0.113,
82729107967289,GameRo,0.017,-0.069,-0.701,0.710
82729126563644,Gyro,-0.201,-0.237,-0.547,
82729127683644,acc,2.560,0.257,9.595,
82729127683644,Lacc,1.795,-0.900,-0.117,
82729127683644,GameRo,0.014,-0.069,-0.705,0.706
82729154102446,pre,995.253,,,
82729146266196,Gyro,-0.570,0.164,-0.615,
82729147386196,acc,1.469,-0.839,11.274,
82729147386196,Lacc,0.746,-1.891,1.547,
82729147386196,GameRo,0.012,-0.064,-0.709,0.702
82729165968800,Gyro,-0.381,0.467,-0.317,
82729167088800,acc,0.302,-1.110,11.331,
82729167088800,Lacc,-0.323,-2.087,1.590,
82729167088800,GameRo,0.012,-0.058,-0.712,0.700
82729194099164,pre,995.266,,,
82729185671404,Gyro,-0.087,0.567,0.040,
82729186791404,acc,0.428,0.190,9.820,
82729186791404,Lacc,-0.089,-0.769,0.071,
82729186791404,GameRo,0.016,-0.053,-0.711,0.701
82729205373956,Gyro,0.135,0.527,0.111,
82729206493956,acc,0.874,1.620,8.441,
82729206493956,Lacc,0.455,0.634,-1.310,
82729206493956,GameRo,0.020,-0.051,-0.710,0.702
82729234102966,pre,995.225,,,
82729225062810,Gyro,0.235,0.416,0.024,
82729226182810,acc,0.721,2.151,7.170,
82729226182810,Lacc,0.380,1.115,-2.579,
82729226182810,GameRo,0.025,-0.050,-0.710,0.702
82729244779164,Gyro,0.195,0.168,-0.110,
82729245899164,acc,0.708,2.286,6.357,
82729245899164,Lacc,0.399,1.205,-3.389,
82729245899164,GameRo,0.028,-0.050,-0.711,0.701
82729274108487,pre,995.266,,,
82729264481716,Gyro,0.209,-0.100,-0.253,
82729265601716,acc,0.636,2.073,7.368,
82729265601716,Lacc,0.313,0.947,-2.372,
82729265601716,GameRo,0.028,-0.053,-0.712,0.699
82729285304321,acc,0.583,1.862,7.728,
82729285304321,Lacc,0.227,0.655,-2.001,
82729284184321,Gyro,0.398,-0.199,-0.303,
82729285304321,GameRo,0.030,-0.057,-0.714,0.697
82729314105883,pre,995.261,,,
82729303886925,Gyro,0.376,0.005,-0.338,
82729305006925,acc,0.709,1.770,7.558,
82729305006925,Lacc,0.361,0.485,-2.162,
82729305006925,GameRo,0.033,-0.060,-0.716,0.695
82729323589529,Gyro,0.194,0.252,-0.348,
82729324709529,acc,0.441,1.360,7.644,
82729324709529,Lacc,0.149,0.035,-2.071,
82729324709529,GameRo,0.036,-0.059,-0.718,0.692
82729354099321,pre,995.258,,,
82729343292081,Gyro,0.068,0.252,-0.296,
82729344412081,acc,-0.050,1.120,8.135,
82729344412081,Lacc,-0.285,-0.219,-1.580,
82729344412081,GameRo,0.039,-0.058,-0.720,0.690
82729364114685,acc,-0.510,1.027,9.169,
82729364114685,Lacc,-0.710,-0.339,-0.544,
82729362994685,Gyro,0.134,0.144,-0.207,
82729364114685,GameRo,0.041,-0.058,-0.722,0.689
82729394107654,pre,995.269,,,
82729383817289,acc,-0.982,1.077,9.628,
82729382697289,Gyro,0.356,0.064,-0.008,
82729383817289,Lacc,-1.165,-0.355,-0.076,
82729383817289,GameRo,0.044,-0.059,-0.721,0.689
82729402399894,Gyro,0.489,-0.034,0.243,
82729403519894,Lacc,-1.012,0.059,-0.652,
82729403519894,GameRo,0.047,-0.063,-0.719,0.690
82729403519894,acc,-0.817,1.584,9.036,
82729422102498,Gyro,0.341,-0.084,0.367,
82729434106664,pre,995.266,,,
82729423222498,acc,0.038,2.081,8.807,
82729423222498,Lacc,-0.183,0.490,-0.871,
82729423222498,GameRo,0.048,-0.066,-0.717,0.692
82729442925050,acc,0.956,2.202,9.555,
82729441805050,Gyro,0.039,-0.030,0.265,
82729442925050,Lacc,0.719,0.603,-0.121,
82729442925050,GameRo,0.048,-0.067,-0.715,0.694
82729461493956,Gyro,-0.135,0.067,0.029,
82729462613956,acc,0.919,1.522,11.107,
82729474099164,pre,995.271,,,
82729462613956,Lacc,0.692,-0.050,1.426,
82729462613956,GameRo,0.048,-0.066,-0.715,0.695
82729481210258,Gyro,0.005,0.102,-0.034,
82729482330258,acc,-0.543,0.592,12.316,
82729482330258,Lacc,-0.748,-0.978,2.635,
82729482330258,GameRo,0.048,-0.065,-0.715,0.694
82729500912862,Gyro,0.266,0.113,0.307,
82729502032862,acc,-1.583,0.998,11.409,
82729514098800,pre,995.264,,,
82729502032862,Lacc,-1.771,-0.620,1.735,
82729502032862,GameRo,0.051,-0.066,-0.713,0.697
82729520601716,Gyro,0.037,0.207,0.567,
82729521721716,acc,-0.469,2.295,9.544,
82729521721716,Lacc,-0.635,0.671,-0.129,
82729521721716,GameRo,0.052,-0.065,-0.709,0.701
82729540318071,Gyro,-0.463,0.218,0.412,
82729541438071,acc,0.339,2.183,9.875,
82729554098800,pre,995.268,,,
82729541438071,Lacc,0.202,0.647,0.187,
82729541438071,GameRo,0.050,-0.061,-0.706,0.704
82729560020675,Gyro,-0.507,-0.070,0.193,
82729561140675,acc,-0.186,0.796,11.938,
82729561140675,Lacc,-0.342,-0.641,2.236,
82729561140675,GameRo,0.046,-0.058,-0.705,0.705
82729579723279,Gyro,-0.006,-0.359,0.207,
82729580843279,acc,-0.646,0.380,13.098,
82729580843279,Lacc,-0.875,-1.052,3.395,
82729580843279,GameRo,0.044,-0.060,-0.704,0.707
82729594108539,pre,995.260,,,
82729599425883,Gyro,0.333,-0.300,0.277,
82729600545883,acc,-0.337,1.060,10.970,
82729600545883,Lacc,-0.629,-0.433,1.279,
82729600545883,GameRo,0.044,-0.064,-0.702,0.708
82729619128487,Gyro,-0.041,-0.033,0.177,
82729620248487,acc,0.325,1.280,8.940,
82729620248487,Lacc,0.022,-0.204,-0.752,
82729620248487,GameRo,0.043,-0.064,-0.700,0.709
82729634097810,pre,995.284,,,
82729638831091,Gyro,-0.616,0.094,-0.061,
82729639951091,acc,0.343,0.382,8.956,
82729639951091,Lacc,0.059,-0.982,-0.754,
82729639951091,GameRo,0.039,-0.059,-0.701,0.709
82729658533696,Gyro,-0.815,-0.038,-0.231,
82729659653696,acc,-0.082,-0.675,10.794,
82729659653696,Lacc,-0.367,-1.879,1.062,
82729659653696,GameRo,0.033,-0.054,-0.703,0.708
82729674100831,pre,995.271,,,
82729678236300,Gyro,-0.565,-0.095,-0.163,
82729679356300,acc,-0.834,-1.408,11.798,
82729679356300,Lacc,-1.130,-2.499,2.054,
82729679356300,GameRo,0.029,-0.050,-0.705,0.707
82729697938904,Gyro,-0.202,-0.023,0.180,
82729699058904,acc,-1.488,-1.314,10.805,
82729699058904,Lacc,-1.788,-2.358,1.055,
82729699058904,GameRo,0.027,-0.048,-0.704,0.708
82729714115258,pre,995.263,,,
82729717641508,Gyro,0.013,0.038,0.533,
82729718761508,acc,-0.928,-0.301,9.139,
82729718761508,Lacc,-1.228,-1.341,-0.611,
82729718761508,GameRo,0.027,-0.048,-0.700,0.712
82729737344112,Gyro,0.108,0.077,0.690,
82729738464112,acc,-0.172,0.610,8.055,
82729738464112,Lacc,-0.470,-0.446,-1.693,
82729738464112,GameRo,0.028,-0.048,-0.695,0.717
82729754103279,pre,995.258,,,
82729757046716,Gyro,0.159,-0.004,0.722,
82729758166716,acc,0.580,1.193,7.351,
82729758166716,Lacc,0.265,0.109,-2.394,
82729758166716,GameRo,0.029,-0.050,-0.690,0.722
82729777869321,acc,1.225,1.881,7.421,
82729776749321,Gyro,0.180,-0.099,0.617,
82729777869321,Lacc,0.874,0.763,-2.318,
82729777869321,GameRo,0.029,-0.052,-0.685,0.726
82729794103175,pre,995.289,,,
82729796451925,Gyro,0.178,-0.060,0.443,
82729797571925,acc,1.409,2.347,7.437,
82729797571925,Lacc,1.033,1.194,-2.298,
82729797571925,GameRo,0.030,-0.054,-0.682,0.729
82729816154529,Gyro,0.148,-0.015,0.234,
82729817274529,acc,1.265,2.666,7.586,
82729817274529,Lacc,0.878,1.481,-2.144,
82729817274529,GameRo,0.031,-0.056,-0.680,0.730
82729834102185,pre,995.260,,,
82729835857133,Gyro,0.176,-0.039,0.046,
82729836977133,acc,0.846,2.463,7.954,
82729836977133,Lacc,0.449,1.239,-1.771,
82729836977133,GameRo,0.032,-0.058,-0.680,0.730
82729855559737,Gyro,0.170,-0.062,-0.060,
82729856679737,acc,0.427,2.141,8.133,
82729856679737,Lacc,0.018,0.881,-1.587,
82729856679737,GameRo,0.033,-0.059,-0.680,0.730
82729874103123,pre,995.278,,,
82729875262394,Gyro,0.128,-0.073,-0.102,
82729876382394,acc,0.368,1.907,8.705,
82729876382394,Lacc,-0.052,0.619,-1.011,
82729876382394,GameRo,0.033,-0.061,-0.681,0.729
82729894964998,Gyro,0.184,-0.129,-0.170,
82729896084998,acc,0.719,1.815,9.587,
82729896084998,Lacc,0.278,0.489,-0.122,
82729896084998,GameRo,0.034,-0.063,-0.682,0.728
82729914110987,pre,995.261,,,
82729914667602,Gyro,0.283,-0.202,-0.311,
82729915787602,acc,0.939,1.545,10.007,
82729915787602,Lacc,0.466,0.162,0.307,
82729915787602,GameRo,0.035,-0.066,-0.684,0.725
82729934370206,Gyro,0.241,-0.157,-0.422,
82729935490206,Lacc,0.388,-0.477,0.849,
82729935490206,acc,0.880,0.955,10.542,
82729935490206,GameRo,0.036,-0.069,-0.687,0.722
82729954114946,pre,995.273,,,
82729954072810,Gyro,0.140,0.025,-0.418,
82729955192810,acc,0.525,0.492,11.037,
82729955192810,Lacc,0.050,-0.968,1.348,
82729955192810,GameRo,0.037,-0.069,-0.690,0.720
82729974895466,acc,0.211,0.577,11.256,
82729973775466,Gyro,0.092,0.149,-0.320,
82729974895466,Lacc,-0.227,-0.901,1.568,
82729974895466,GameRo,0.039,-0.069,-0.692,0.717
82729994109998,pre,995.276,,,
82729993478071,Gyro,0.036,0.184,-0.277,
82729994598071,acc,0.384,1.334,11.284,
82729994598071,Lacc,-0.009,-0.152,1.595,
82729994598071,GameRo,0.041,-0.067,-0.694,0.716
82730014300675,acc,0.703,1.688,10.861,
82730013180675,Gyro,-0.038,0.063,-0.378,
82730014300675,Lacc,0.332,0.206,1.171,
82730014300675,GameRo,0.041,-0.067,-0.697,0.713
82730034111612,pre,995.255,,,
82730032883279,Gyro,-0.267,-0.122,-0.566,
82730034003279,acc,0.993,1.168,10.410,
82730034003279,Lacc,0.614,-0.266,0.712,
82730034003279,GameRo,0.038,-0.065,-0.701,0.709
82730052572185,Gyro,-0.607,-0.164,-0.704,
82730053692185,acc,0.577,-0.543,11.645,
82730053692185,Lacc,0.185,-1.861,1.932,
82730053692185,GameRo,0.033,-0.062,-0.706,0.705
82730074117081,pre,995.253,,,
82730072288539,Gyro,-0.602,0.011,-0.491,
82730073408539,acc,-0.753,-1.476,13.650,
82730073408539,Lacc,-1.128,-2.677,3.921,
82730073408539,GameRo,0.029,-0.057,-0.710,0.701
82730093111144,acc,-0.739,-1.012,13.206,
82730091991144,Gyro,-0.180,0.067,-0.033,
82730093111144,Lacc,-1.098,-2.172,3.472,
82730093111144,GameRo,0.029,-0.055,-0.710,0.701
82730114105935,pre,995.260,,,
82730111680050,Gyro,0.137,-0.173,0.098,
82730112800050,acc,1.082,0.598,10.923,
82730112800050,Lacc,0.686,-0.587,1.193,
82730112800050,GameRo,0.028,-0.057,-0.710,0.702
82730131396404,Gyro,-0.053,-0.379,-0.245,
82730132516404,acc,2.417,0.994,9.582,
82730132516404,Lacc,1.948,-0.182,-0.146,
82730132516404,GameRo,0.025,-0.060,-0.711,0.700
82730154103019,pre,995.289,,,
82730151099008,Gyro,-0.435,-0.284,-0.509,
82730152219008,acc,1.537,-0.056,10.434,
82730152219008,Lacc,1.024,-1.151,0.699,
82730152219008,GameRo,0.020,-0.058,-0.715,0.696
82730170801664,Gyro,-0.453,-0.061,-0.354,
82730171921664,acc,0.591,-0.374,11.180,
82730171921664,Lacc,0.073,-1.382,1.435,
82730171921664,GameRo,0.017,-0.055,-0.718,0.694
82730194099841,pre,995.268,,,
82730190504269,Gyro,-0.254,0.102,-0.046,
82730191624269,acc,0.508,0.327,10.372,
82730191624269,Lacc,0.011,-0.631,0.621,
82730191624269,GameRo,0.016,-0.053,-0.718,0.694
82730210206925,Gyro,-0.056,0.177,0.071,
82730211326925,Lacc,0.464,0.576,-0.534,
82730211326925,acc,0.930,1.524,9.219,
82730211326925,GameRo,0.017,-0.051,-0.718,0.694
82730234110883,pre,995.235,,,
82730229895779,Gyro,0.016,0.228,0.005,
82730231015779,acc,0.993,2.028,8.034,
82730231015779,Lacc,0.568,1.073,-1.720,
82730231015779,GameRo,0.018,-0.050,-0.718,0.694
82730249612133,Gyro,0.090,0.160,-0.116,
82730250732133,acc,0.574,1.893,7.604,
82730250732133,Lacc,0.181,0.916,-2.150,
82730250732133,GameRo,0.020,-0.050,-0.718,0.694
82730274104737,pre,995.268,,,
82730269314789,Gyro,0.250,0.003,-0.140,
82730270434789,acc,0.226,1.637,7.320,
82730270434789,Lacc,-0.163,0.608,-2.428,
82730270434789,GameRo,0.022,-0.052,-0.719,0.692
82730289017394,Gyro,0.364,-0.080,-0.125,
82730290137394,acc,0.195,1.605,7.141,
82730290137394,Lacc,-0.206,0.502,-2.598,
82730290137394,GameRo,0.024,-0.055,-0.720,0.691
82730314100519,pre,995.258,,,
82730308720050,Gyro,0.355,-0.037,-0.125,
82730309840050,acc,0.454,1.631,6.751,
82730309840050,Lacc,0.048,0.455,-2.980,
82730309840050,GameRo,0.027,-0.058,-0.721,0.690
82730329542654,acc,0.584,1.534,6.793,
82730329542654,Lacc,0.194,0.310,-2.932,
82730328422654,Gyro,0.230,0.071,-0.169,
82730329542654,GameRo,0.029,-0.059,-0.722,0.689
82730354103487,pre,995.278,,,
82730349245310,acc,0.273,1.189,7.093,
82730348125310,Gyro,0.093,0.115,-0.193,
82730349245310,Lacc,-0.090,-0.055,-2.631,
82730349245310,GameRo,0.030,-0.059,-0.723,0.688
82730367827914,Gyro,0.121,0.023,-0.137,
82730368947914,Lacc,-0.384,-0.334,-1.514,
82730368947914,acc,-0.029,0.934,8.207,
82730368947914,GameRo,0.031,-0.059,-0.724,0.687
82730394107237,pre,995.253,,,
82730387530571,Gyro,0.270,-0.097,-0.002,
82730388650571,acc,-0.187,0.980,8.508,
82730388650571,Lacc,-0.559,-0.339,-1.206,
82730388650571,GameRo,0.033,-0.062,-0.724,0.687
82730408353175,acc,-0.117,1.256,8.525,
82730407233175,Gyro,0.325,-0.198,0.147,
82730408353175,Lacc,-0.529,-0.123,-1.179,
82730408353175,GameRo,0.033,-0.066,-0.722,0.688
82730434129060,pre,995.268,,,
82730426935831,Gyro,0.238,-0.337,0.267,
82730428055831,acc,0.402,1.459,8.653,
82730428055831,Lacc,-0.081,0.036,-1.041,
82730428055831,GameRo,0.032,-0.070,-0.721,0.689
82730446638435,Gyro,0.022,-0.365,0.260,
82730447758435,acc,1.135,1.563,9.690,
82730447758435,Lacc,0.572,0.137,0.001,
82730447758435,GameRo,0.030,-0.072,-0.719,0.691
82730474101456,pre,995.247,,,
82730466327341,Gyro,-0.137,-0.261,0.224,
82730467447341,acc,1.476,1.439,10.850,
82730467447341,Lacc,0.856,0.043,1.160,
82730467447341,GameRo,0.027,-0.073,-0.718,0.692
82730486043748,Gyro,-0.003,-0.247,-0.011,
82730487163748,acc,1.515,1.339,12.276,
82730487163748,Lacc,0.847,-0.056,2.588,
82730487163748,GameRo,0.025,-0.075,-0.718,0.692
82730514101456,pre,995.276,,,
82730505746352,Gyro,0.102,-0.038,0.061,
82730506866352,acc,-0.182,0.849,12.513,
82730506866352,Lacc,-0.858,-0.562,2.829,
82730506866352,GameRo,0.025,-0.076,-0.717,0.692
82730525449008,Gyro,0.140,0.195,0.392,
82730526569008,acc,-0.640,1.822,11.691,
82730526569008,Lacc,-1.286,0.389,2.008,
82730526569008,GameRo,0.027,-0.076,-0.714,0.695
82730554114164,pre,995.235,,,
82730545151612,Gyro,-0.248,0.432,0.473,
82730546271612,acc,0.860,2.690,10.281,
82730546271612,Lacc,0.282,1.307,0.586,
82730546271612,GameRo,0.029,-0.071,-0.711,0.699
82730565974269,acc,1.699,1.254,10.854,
82730564854269,Gyro,-0.805,0.368,0.063,
82730565974269,Lacc,1.187,0.026,1.135,
82730565974269,GameRo,0.025,-0.063,-0.711,0.700
82730594111404,pre,995.258,,,
82730584543175,Gyro,-0.845,-0.167,-0.227,
82730585663175,acc,-0.071,-1.661,13.439,
82730585663175,Lacc,-0.607,-2.724,3.701,
82730585663175,GameRo,0.018,-0.058,-0.713,0.698
82730604259529,Gyro,0.005,-0.602,0.172,
82730605379529,acc,-1.275,-2.049,15.678,
82730605379529,Lacc,-1.927,-3.103,5.946,
82730605379529,GameRo,0.014,-0.062,-0.712,0.699
82730634110571,pre,995.278,,,
82730623962185,Gyro,0.764,-0.339,0.647,
82730625082185,acc,0.343,0.102,13.180,
82730625082185,Lacc,-0.387,-1.088,3.470,
82730625082185,GameRo,0.016,-0.069,-0.707,0.703
82730644771091,Lacc,1.107,0.486,-0.036,
82730644771091,GameRo,0.022,-0.072,-0.703,0.707
82730643651091,Gyro,0.605,0.200,0.555,
82730644771091,acc,1.815,1.784,9.662,
82730674113175,pre,995.240,,,
82730663367446,Gyro,0.082,0.455,0.101,
82730664487446,acc,1.501,2.023,8.556,
82730664487446,Lacc,0.875,0.707,-1.145,
82730664487446,GameRo,0.025,-0.070,-0.702,0.708
82730683070102,Gyro,-0.106,0.358,-0.218,
82730684190102,acc,0.275,1.125,9.629,
82730684190102,Lacc,-0.276,-0.172,-0.079,
82730684190102,GameRo,0.027,-0.067,-0.704,0.707
82730714117914,pre,995.273,,,
82730702772758,Gyro,0.020,0.352,-0.260,
82730703892758,acc,-0.653,0.514,9.683,
82730703892758,Lacc,-1.128,-0.786,-0.029,
82730703892758,GameRo,0.030,-0.064,-0.705,0.705
82730722475362,Gyro,0.136,0.292,-0.091,
82730723595362,acc,-1.248,0.222,8.433,
82730723595362,Lacc,-1.659,-1.103,-1.278,
82730723595362,GameRo,0.033,-0.063,-0.706,0.705
82730742178019,Gyro,0.048,0.172,0.085,
82730754111664,pre,995.268,,,
82730743298019,acc,-0.829,0.402,7.469,
82730743298019,Lacc,-1.206,-0.929,-2.242,
82730743298019,GameRo,0.035,-0.062,-0.705,0.706
82730761880675,Gyro,-0.093,0.123,0.131,
82730763000675,acc,-0.095,0.532,7.836,
82730763000675,Lacc,-0.450,-0.779,-1.879,
82730763000675,GameRo,0.035,-0.060,-0.704,0.707
82730781583331,Gyro,-0.039,0.078,0.141,
82730782703331,acc,-0.023,0.398,8.329,
82730794106716,pre,995.268,,,
82730782703331,Lacc,-0.366,-0.902,-1.388,
82730782703331,GameRo,0.035,-0.059,-0.703,0.708
82730801285935,Gyro,0.141,0.063,0.237,
82730802405935,acc,-0.090,0.723,8.185,
82730802405935,Lacc,-0.426,-0.602,-1.530,
82730802405935,GameRo,0.036,-0.060,-0.701,0.709
82730820988591,Gyro,0.202,0.148,0.330,
82730822108591,acc,0.031,1.469,7.354,
82730834101300,pre,995.255,,,
82730822108591,Lacc,-0.284,0.106,-2.356,
82730822108591,GameRo,0.038,-0.060,-0.699,0.712
82730840691248,Gyro,0.150,0.141,0.318,
82730841811248,acc,0.185,2.064,7.024,
82730841811248,Lacc,-0.111,0.671,-2.682,
82730841811248,GameRo,0.040,-0.061,-0.697,0.714
82730860393904,Gyro,0.175,-0.007,0.232,
82730861513904,acc,0.350,2.434,7.437,
82730874100519,pre,995.283,,,
82730861513904,Lacc,0.045,1.004,-2.263,
82730861513904,GameRo,0.042,-0.062,-0.695,0.715
82730880096508,Gyro,0.248,-0.131,0.104,
82730881216508,acc,0.337,2.522,7.905,
82730881216508,Lacc,0.004,1.041,-1.787,
82730881216508,GameRo,0.042,-0.065,-0.694,0.716
82730900919164,acc,0.211,2.394,8.213,
82730899799164,Gyro,0.297,-0.172,0.022,
82730900919164,Lacc,-0.155,0.853,-1.468,
82730900919164,GameRo,0.044,-0.068,-0.694,0.716
82730914110571,pre,995.250,,,
82730919501821,Gyro,0.347,-0.215,-0.028,
82730920621821,acc,0.327,2.338,8.520,
82730920621821,Lacc,-0.080,0.729,-1.148,
82730920621821,GameRo,0.045,-0.072,-0.694,0.715
82730939204477,Gyro,0.345,-0.303,-0.155,
82730940324477,acc,0.837,2.222,8.808,
82730940324477,Lacc,0.376,0.543,-0.846,
82730940324477,GameRo,0.045,-0.077,-0.695,0.714
82730954103019,pre,995.286,,,
82730958907133,Gyro,0.213,-0.335,-0.375,
82730960027133,acc,1.030,1.750,9.567,
82730960027133,Lacc,0.517,0.027,-0.077,
82730960027133,GameRo,0.045,-0.081,-0.697,0.711
82730978609737,Gyro,0.085,-0.262,-0.499,
82730979729737,acc,0.650,0.861,10.784,
82730979729737,Lacc,0.104,-0.880,1.145,
82730979729737,GameRo,0.044,-0.083,-0.701,0.707
82730994103904,pre,995.250,,,
82730998298644,Gyro,0.085,-0.118,-0.434,
82730999418644,acc,0.057,0.605,11.671,
82730999418644,Lacc,-0.495,-1.154,2.036,
82730999418644,GameRo,0.044,-0.084,-0.704,0.704
82731018015050,Gyro,0.073,0.095,-0.292,
82731019135050,acc,0.203,1.476,11.302,
82731019135050,Lacc,-0.319,-0.298,1.668,
82731019135050,GameRo,0.045,-0.083,-0.706,0.702
82731034101144,pre,995.222,,,
82731038837706,acc,0.715,2.081,9.867,
82731037717706,Gyro,-0.220,0.311,-0.341,
82731038837706,Lacc,0.262,0.344,0.223,
82731038837706,GameRo,0.046,-0.080,-0.708,0.700
82731058540310,acc,0.935,1.201,9.294,
82731057420310,Gyro,-0.817,0.326,-0.561,
82731058540310,Lacc,0.561,-0.384,-0.380,
82731058540310,GameRo,0.043,-0.071,-0.712,0.697
82731074103175,pre,995.281,,,
82731077122966,Gyro,-1.331,0.189,-0.696,
82731078242966,acc,0.099,-0.796,11.484,
82731078242966,Lacc,-0.218,-2.126,1.770,
82731078242966,GameRo,0.036,-0.060,-0.718,0.692
82731096825623,Gyro,-1.081,-0.085,-0.421,
82731097945623,acc,-0.786,-1.814,14.572,
82731097945623,Lacc,-1.107,-2.933,4.831,
82731097945623,GameRo,0.028,-0.053,-0.722,0.690
82731114100362,pre,995.260,,,
82731116528279,Gyro,-0.204,-0.270,-0.023,
82731117648279,acc,0.301,-0.916,15.348,
82731117648279,Lacc,-0.071,-1.992,5.604,
82731117648279,GameRo,0.024,-0.053,-0.722,0.690
82731136230935,Gyro,0.339,-0.195,0.042,
82731137350935,acc,1.765,0.496,12.222,
82731137350935,Lacc,1.352,-0.642,2.487,
82731137350935,GameRo,0.025,-0.057,-0.721,0.690
82731154108383,pre,995.260,,,
82731155933591,Gyro,0.009,0.035,-0.164,
82731157053591,acc,2.367,0.498,9.699,
82731157053591,Lacc,1.960,-0.641,-0.036,
82731157053591,GameRo,0.025,-0.057,-0.723,0.689
82731175636248,Gyro,-0.529,0.199,-0.310,
82731176756248,acc,1.758,-0.363,10.171,
82731176756248,Lacc,1.392,-1.399,0.423,
82731176756248,GameRo,0.023,-0.051,-0.725,0.687
82731194101091,pre,995.253,,,
82731195338852,Gyro,-0.502,0.309,-0.234,
82731196458852,acc,1.089,-0.702,12.099,
82731196458852,Lacc,0.785,-1.640,2.339,
82731196458852,GameRo,0.022,-0.045,-0.727,0.685
82731215041508,Gyro,-0.017,0.371,-0.015,
82731216161508,acc,0.545,-0.163,11.370,
82731216161508,Lacc,0.312,-1.095,1.607,
82731216161508,GameRo,0.024,-0.043,-0.727,0.685
82731234103748,pre,995.242,,,
82731234730414,Gyro,0.355,0.367,0.154,
82731235850414,Lacc,0.210,-0.019,-0.253,
82731235850414,acc,0.376,0.980,9.505,
82731235850414,GameRo,0.029,-0.043,-0.725,0.686
82731254446821,Gyro,0.494,0.389,0.216,
82731255566821,acc,0.477,1.771,7.746,
82731255566821,Lacc,0.381,0.674,-2.002,
82731255566821,GameRo,0.035,-0.044,-0.724,0.688
82731274102133,pre,995.265,,,
82731275269477,acc,0.414,2.136,6.713,
82731274149477,Gyro,0.458,0.285,0.166,
82731275269477,Lacc,0.367,0.947,-3.024,
82731275269477,GameRo,0.040,-0.046,-0.722,0.689
82731294972081,acc,0.599,2.328,6.484,
82731293852081,Gyro,0.421,0.111,0.122,
82731294972081,Lacc,0.567,1.052,-3.243,
82731294972081,GameRo,0.044,-0.048,-0.721,0.690
82731314098644,pre,995.237,,,
82731313554737,Gyro,0.388,0.046,0.015,
82731314674737,acc,0.965,2.601,6.722,
82731314674737,Lacc,0.938,1.245,-2.993,
82731314674737,GameRo,0.047,-0.051,-0.721,0.690
82731333257394,Gyro,0.327,0.104,-0.167,
82731334377394,acc,0.907,2.529,6.995,
82731334377394,Lacc,0.902,1.105,-2.711,
82731334377394,GameRo,0.050,-0.053,-0.722,0.688
82731354105050,pre,995.214,,,
82731352960050,Gyro,0.233,0.215,-0.287,
82731354080050,acc,0.170,1.982,7.028,
82731354080050,Lacc,0.213,0.510,-2.671,
82731354080050,GameRo,0.053,-0.053,-0.723,0.686
82731373782706,Lacc,-0.511,0.078,-3.004,
82731373782706,GameRo,0.056,-0.052,-0.725,0.685
82731372662706,Gyro,0.099,0.217,-0.221,
82731373782706,acc,-0.604,1.571,6.692,
82731394102237,pre,995.242,,,
82731392365362,Gyro,-0.042,0.099,-0.127,
82731393485362,acc,-0.653,1.688,7.395,
82731393485362,Lacc,-0.535,0.202,-2.301,
82731393485362,GameRo,0.056,-0.051,-0.725,0.684
82731413188019,acc,-0.543,1.757,8.585,
82731412068019,Gyro,0.051,-0.075,-0.096,
82731413188019,Lacc,-0.435,0.260,-1.109,
82731413188019,GameRo,0.056,-0.052,-0.726,0.683
82731434105623,pre,995.294,,,
82731431770623,Gyro,0.199,-0.186,-0.061,
82731432890623,acc,-0.494,1.761,9.000,
82731432890623,Lacc,-0.418,0.225,-0.689,
82731432890623,GameRo,0.057,-0.055,-0.727,0.683
82731451473279,Gyro,0.101,-0.060,0.062,
82731452593279,acc,-0.405,1.580,9.259,
82731452593279,Lacc,-0.342,0.024,-0.427,
82731452593279,GameRo,0.057,-0.056,-0.726,0.683
82731474103071,pre,995.278,,,
82731471162185,Gyro,-0.042,0.038,0.218,
82731472282185,acc,-0.098,1.553,10.043,
82731472282185,Lacc,-0.034,0.006,0.356,
82731472282185,GameRo,0.057,-0.055,-0.725,0.685
82731490878591,Gyro,0.000,-0.020,0.267,
82731491998591,acc,0.678,1.871,10.903,
82731491998591,Lacc,0.727,0.323,1.217,
82731491998591,GameRo,0.056,-0.056,-0.723,0.686
82731514102133,pre,995.248,,,
82731510581248,Gyro,0.030,-0.026,0.110,
82731511701248,acc,1.288,2.026,11.365,
82731511701248,Lacc,1.327,0.471,1.679,
82731511701248,GameRo,0.056,-0.056,-0.722,0.687
82731530283904,Gyro,0.066,0.017,-0.057,
82731531403904,acc,0.315,1.617,11.895,
82731531403904,Lacc,0.358,0.051,2.211,
82731531403904,GameRo,0.057,-0.057,-0.722,0.687
82731554107654,pre,995.232,,,
82731549986508,Gyro,0.126,0.062,0.132,
82731551106508,acc,-0.599,1.834,11.249,
82731551106508,Lacc,-0.548,0.244,1.569,
82731551106508,GameRo,0.058,-0.057,-0.721,0.688
82731569689164,Gyro,-0.257,0.249,0.256,
82731570809164,acc,0.148,2.700,9.949,
82731570809164,Lacc,0.238,1.156,0.261,
82731570809164,GameRo,0.058,-0.054,-0.720,0.690
82731594101560,pre,995.263,,,
82731589378071,Gyro,-0.771,0.217,-0.021,
82731590498071,acc,0.739,1.987,11.019,
82731590498071,Lacc,0.870,0.588,1.310,
82731590498071,GameRo,0.054,-0.047,-0.720,0.690
82731609094477,Gyro,-0.604,-0.203,-0.308,
82731610214477,Lacc,-0.248,-1.708,3.859,
82731610214477,acc,-0.348,-0.431,13.585,
82731610214477,GameRo,0.049,-0.044,-0.723,0.688
82731634098904,pre,995.227,,,
82731628797133,Gyro,0.152,-0.584,-0.075,
82731629917133,acc,-1.597,-1.421,14.710,
82731629917133,Lacc,-1.604,-2.722,4.986,
82731629917133,GameRo,0.045,-0.048,-0.723,0.687
82731648486039,Gyro,0.695,-0.445,0.346,
82731649606039,acc,-0.715,-0.002,12.447,
82731649606039,Lacc,-0.816,-1.430,2.742,
82731649606039,GameRo,0.047,-0.056,-0.721,0.689
82731674104060,pre,995.260,,,
82731668202394,Gyro,0.425,0.035,0.346,
82731669322394,acc,0.439,1.451,10.062,
82731669322394,Lacc,0.335,-0.058,0.369,
82731669322394,GameRo,0.050,-0.059,-0.718,0.692
82731687905050,Gyro,-0.107,0.329,0.065,
82731689025050,acc,0.406,1.357,9.030,
82731689025050,Lacc,0.362,-0.132,-0.666,
82731689025050,GameRo,0.051,-0.056,-0.718,0.692
82731714111039,pre,995.245,,,
82731708727706,acc,-0.203,0.476,9.730,
82731707607706,Gyro,-0.362,0.190,-0.166,
82731708727706,Lacc,-0.206,-0.941,0.023,
82731708727706,GameRo,0.050,-0.052,-0.719,0.691
82731727310362,Gyro,-0.287,0.038,-0.200,
82731728430362,acc,-0.963,-0.172,10.499,
82731728430362,Lacc,-0.951,-1.529,0.783,
82731728430362,GameRo,0.048,-0.050,-0.720,0.690
82731754100571,pre,995.268,,,
82731747012966,Gyro,-0.092,-0.001,-0.013,
82731748132966,acc,-1.405,-0.246,10.082,
82731748132966,Lacc,-1.389,-1.582,0.363,
82731748132966,GameRo,0.048,-0.049,-0.721,0.690
82731766715623,Gyro,0.014,0.076,0.199,
82731767835623,acc,-1.151,0.319,9.095,
82731767835623,Lacc,-1.122,-1.016,-0.623,
82731767835623,GameRo,0.048,-0.048,-0.719,0.692
82731794101612,pre,995.248,,,
82731786418279,Gyro,-0.001,0.162,0.322,
82731787538279,acc,-0.760,0.751,7.857,
82731787538279,Lacc,-0.707,-0.584,-1.862,
82731787538279,GameRo,0.049,-0.047,-0.717,0.694
82731806120935,Gyro,-0.088,0.129,0.353,
82731807240935,acc,-0.301,1.008,7.241,
82731807240935,Lacc,-0.231,-0.310,-2.480,
82731807240935,GameRo,0.050,-0.046,-0.714,0.696
82731834095831,pre,995.232,,,
82731825823591,Gyro,-0.074,-0.018,0.339,
82731826943591,acc,-0.151,1.167,7.503,
82731826943591,Lacc,-0.093,-0.138,-2.220,
82731826943591,GameRo,0.049,-0.046,-0.712,0.699
82731845526196,Gyro,0.044,-0.122,0.350,
82731846646196,acc,-0.020,1.396,7.777,
82731846646196,Lacc,0.007,0.081,-1.945,
82731846646196,GameRo,0.048,-0.047,-0.710,0.701
82731874096664,pre,995.253,,,
82731865228852,Gyro,0.092,-0.097,0.372,
82731866348852,acc,0.231,1.728,7.448,
82731866348852,Lacc,0.228,0.393,-2.271,
82731866348852,GameRo,0.048,-0.048,-0.707,0.704
82731884931508,Gyro,-0.005,-0.004,0.319,
82731886051508,acc,0.588,2.132,7.387,
82731886051508,Lacc,0.574,0.794,-2.331,
82731886051508,GameRo,0.048,-0.049,-0.705,0.706
82731914092602,pre,995.263,,,
82731904634164,Gyro,-0.045,-0.029,0.197,
82731905754164,acc,0.415,2.069,7.936,
82731905754164,Lacc,0.389,0.736,-1.782,
82731905754164,GameRo,0.047,-0.049,-0.704,0.707
82731925456769,Lacc,0.133,0.632,-0.832,
82731924336769,Gyro,0.209,-0.293,0.092,
82731925456769,acc,0.218,2.007,8.881,
82731925456769,GameRo,0.047,-0.053,-0.703,0.708
82731954097498,pre,995.258,,,
82731944039425,Gyro,0.536,-0.540,0.003,
82731945159425,acc,0.066,1.930,8.886,
82731945159425,Lacc,-0.123,0.452,-0.810,
82731945159425,GameRo,0.047,-0.060,-0.703,0.707
82731963742081,Gyro,0.514,-0.611,-0.047,
82731964862081,acc,0.281,1.841,8.435,
82731964862081,Lacc,-0.023,0.263,-1.242,
82731964862081,GameRo,0.046,-0.068,-0.703,0.706
82731994093019,pre,995.253,,,
82731984564737,acc,0.470,1.634,9.438,
82731983444737,Gyro,0.244,-0.447,-0.102,
82731984564737,Lacc,0.085,0.009,-0.228,
82731984564737,GameRo,0.045,-0.073,-0.704,0.705
82732003147341,Gyro,0.065,-0.168,-0.108,
82732004267341,acc,0.492,1.394,10.372,
82732004267341,Lacc,0.078,-0.244,0.709,
82732004267341,GameRo,0.044,-0.074,-0.705,0.704
82732034097602,pre,995.243,,,
82732022849998,Gyro,0.057,-0.060,-0.148,
82732023969998,acc,0.705,1.355,11.193,
82732023969998,Lacc,0.284,-0.294,1.532,
82732023969998,GameRo,0.044,-0.075,-0.706,0.703
82732042552654,Gyro,0.195,-0.141,-0.246,
82732043672654,acc,0.872,1.532,11.372,
82732043672654,Lacc,0.430,-0.155,1.719,
82732043672654,GameRo,0.045,-0.077,-0.707,0.701
82732074105623,pre,995.250,,,
82732062255258,Gyro,0.223,-0.250,-0.382,
82732063375258,acc,1.184,1.746,11.223,
82732063375258,Lacc,0.707,0.014,1.579,
82732063375258,GameRo,0.045,-0.080,-0.710,0.698
82732081957914,Gyro,0.057,-0.278,-0.507,
82732083077914,acc,1.552,1.325,10.912,
82732083077914,Lacc,1.037,-0.421,1.272,
82732083077914,GameRo,0.043,-0.082,-0.713,0.694
82732102780571,acc,1.382,0.556,11.748,
82732101660571,Gyro,-0.209,-0.171,-0.557,
82732114097914,pre,995.243,,,
82732102780571,Lacc,0.852,-1.153,2.103,
82732102780571,GameRo,0.041,-0.082,-0.717,0.691
82732121363175,Gyro,-0.304,0.053,-0.414,
82732122483175,acc,0.473,0.147,12.255,
82732122483175,Lacc,-0.033,-1.504,2.599,
82732122483175,GameRo,0.040,-0.079,-0.721,0.688
82732141065831,Gyro,-0.306,0.137,-0.243,
82732142185831,acc,0.180,0.567,11.550,
82732154096404,pre,995.250,,,
82732142185831,Lacc,-0.291,-1.025,1.882,
82732142185831,GameRo,0.039,-0.076,-0.722,0.686
82732160768487,Gyro,-0.317,-0.072,-0.263,
82732161888487,acc,0.810,0.963,11.139,
82732161888487,Lacc,0.332,-0.569,1.461,
82732161888487,GameRo,0.036,-0.074,-0.724,0.684
82732181591091,acc,1.435,0.456,11.515,
82732180471091,Gyro,-0.401,-0.312,-0.485,
82732181591091,Lacc,0.910,-1.001,1.828,
82732194094060,pre,995.258,,,
82732181591091,GameRo,0.031,-0.073,-0.728,0.681
82732201293748,Lacc,0.108,-2.034,2.801,
82732201293748,GameRo,0.026,-0.071,-0.732,0.677
82732200173748,Gyro,-0.458,-0.326,-0.572,
82732201293748,acc,0.679,-0.663,12.498,
82732219876404,Gyro,-0.365,-0.157,-0.259,
82732220996404,Lacc,-0.491,-2.208,2.486,
82732220996404,acc,0.101,-0.909,12.192,
82732220996404,GameRo,0.023,-0.069,-0.734,0.675
82732234095987,pre,995.258,,,
82732240699008,acc,0.543,0.134,11.236,
82732239579008,Gyro,-0.305,0.119,0.057,
82732240699008,Lacc,-0.028,-1.102,1.521,
82732240699008,GameRo,0.021,-0.066,-0.734,0.675
82732260401664,acc,0.760,1.062,10.152,
82732259281664,Gyro,-0.186,0.254,0.119,
82732260401664,Lacc,0.235,-0.137,0.430,
82732260401664,GameRo,0.022,-0.063,-0.733,0.676
82732274099946,pre,995.227,,,
82732280104321,Lacc,-0.250,0.287,-0.438,
82732280104321,GameRo,0.023,-0.063,-0.733,0.677
82732278984321,Gyro,0.042,0.155,0.059,
82732280104321,acc,0.247,1.494,9.285,
82732298673227,Gyro,0.310,0.081,0.080,
82732299793227,acc,0.031,1.742,8.325,
82732299793227,Lacc,-0.452,0.473,-1.390,
82732299793227,GameRo,0.026,-0.064,-0.732,0.678
82732314106248,pre,995.258,,,
82732318389581,Gyro,0.413,0.186,0.114,
82732319509581,acc,0.409,2.212,7.759,
82732319509581,Lacc,-0.041,0.862,-1.947,
82732319509581,GameRo,0.030,-0.066,-0.731,0.678
82732338092237,Gyro,0.507,0.340,0.116,
82732339212237,acc,0.470,2.309,6.991,
82732339212237,Lacc,0.081,0.858,-2.703,
82732339212237,GameRo,0.036,-0.068,-0.730,0.679
82732354104841,pre,995.220,,,
82732357781144,Gyro,0.504,0.362,0.081,
82732358901144,acc,0.602,2.428,5.919,
82732358901144,Lacc,0.278,0.875,-3.762,
82732358901144,GameRo,0.042,-0.069,-0.729,0.680
82732377497498,Gyro,0.401,0.192,-0.053,
82732378617498,acc,0.867,2.434,5.691,
82732378617498,Lacc,0.578,0.799,-3.977,
82732378617498,GameRo,0.046,-0.071,-0.729,0.679
82732394100206,pre,995.243,,,
82732397200102,Gyro,0.336,0.026,-0.246,
82732398320102,acc,0.717,2.030,6.807,
82732398320102,Lacc,0.440,0.326,-2.850,
82732398320102,GameRo,0.049,-0.074,-0.730,0.678
82732416902758,Gyro,0.339,-0.008,-0.310,
82732418022758,acc,0.107,1.336,7.591,
82732418022758,Lacc,-0.161,-0.434,-2.055,
82732418022758,GameRo,0.051,-0.076,-0.732,0.675
82732434095310,pre,995.225,,,
82732436605362,Gyro,0.306,0.089,-0.192,
82732437725362,acc,-0.383,0.896,8.082,
82732437725362,Lacc,-0.625,-0.931,-1.553,
82732437725362,GameRo,0.054,-0.077,-0.733,0.674
82732456308019,Gyro,0.158,0.284,0.034,
82732457428019,acc,-0.561,0.856,8.370,
82732457428019,Lacc,-0.748,-0.998,-1.261,
82732457428019,GameRo,0.057,-0.076,-0.733,0.674
82732474094321,pre,995.245,,,
82732476010675,Gyro,0.108,0.350,0.232,
82732477130675,acc,-0.399,1.250,8.943,
82732477130675,Lacc,-0.527,-0.623,-0.686,
82732477130675,GameRo,0.060,-0.075,-0.731,0.676
82732495713279,Gyro,0.151,0.270,0.320,
82732496833279,acc,0.025,1.836,9.087,
82732496833279,Lacc,-0.064,-0.065,-0.537,
82732496833279,GameRo,0.063,-0.074,-0.728,0.678
82732514101769,pre,995.246,,,
82732516535935,Lacc,0.444,0.303,-0.317,
82732516535935,GameRo,0.065,-0.074,-0.726,0.680
82732516535935,acc,0.503,2.228,9.302,
82732515415935,Gyro,0.126,0.220,0.280,
82732535118539,Gyro,0.017,0.211,0.105,
82732536238539,acc,0.777,2.216,10.048,
82732536238539,Lacc,0.752,0.287,0.430,
82732536238539,GameRo,0.067,-0.073,-0.725,0.681
82732554106456,pre,995.251,,,
82732555941196,acc,-0.254,1.479,10.764,
82732554821196,Gyro,0.004,0.220,0.007,
82732555941196,Lacc,-0.236,-0.449,1.145,
82732555941196,GameRo,0.068,-0.071,-0.725,0.681
82732575643800,Lacc,-0.971,-0.195,0.919,
82732574523800,Gyro,-0.015,0.206,0.196,
82732575643800,GameRo,0.070,-0.070,-0.724,0.683
82732575643800,acc,-1.022,1.729,10.538,
82732594096560,pre,995.281,,,
82732594226456,Gyro,-0.264,0.298,0.357,
82732595346456,acc,-0.128,2.608,9.775,
82732595346456,Lacc,-0.034,0.731,0.147,
82732595346456,GameRo,0.070,-0.066,-0.721,0.686
82732613929060,Gyro,-0.694,0.314,0.184,
82732615049060,acc,0.688,2.635,10.319,
82732615049060,Lacc,0.833,0.888,0.667,
82732615049060,GameRo,0.067,-0.060,-0.720,0.688
82732634102758,pre,995.241,,,
82732633631664,Gyro,-0.782,0.030,-0.124,
82732634751664,acc,0.234,0.883,11.901,
82732634751664,Lacc,0.388,-0.712,2.223,
82732634751664,GameRo,0.062,-0.054,-0.721,0.688
82732654440571,acc,-1.098,-0.494,13.686,
82732653320571,Gyro,-0.512,-0.262,-0.135,
82732654440571,Lacc,-0.988,-1.986,3.991,
82732654440571,GameRo,0.057,-0.051,-0.723,0.687
82732674099685,pre,995.297,,,
82732673036925,Gyro,-0.019,-0.208,0.234,
82732674156925,acc,-1.412,-0.329,13.984,
82732674156925,Lacc,-1.346,-1.813,4.287,
82732674156925,GameRo,0.055,-0.053,-0.721,0.688
82732693859581,Lacc,-0.289,-0.337,2.219,
82732693859581,GameRo,0.056,-0.054,-0.718,0.691
82732692739581,Gyro,0.218,0.051,0.435,
82732693859581,acc,-0.353,1.187,11.910,
82732714101248,pre,995.261,,,
82732712428487,Gyro,0.084,0.158,0.271,
82732713548487,acc,0.111,1.613,10.065,
82732713548487,Lacc,0.196,0.072,0.378,
82732713548487,GameRo,0.058,-0.054,-0.716,0.693
82732732144841,Gyro,-0.131,0.130,0.029,
82732733264841,acc,-0.371,1.116,10.200,
82732733264841,Lacc,-0.262,-0.399,0.508,
82732733264841,GameRo,0.058,-0.052,-0.716,0.694
82732754113123,pre,995.243,,,
82732752967446,Lacc,-1.063,-1.009,0.581,
82732752967446,GameRo,0.058,-0.051,-0.716,0.694
82732751847446,Gyro,-0.064,0.080,-0.005,
82732752967446,acc,-1.191,0.491,10.275,
82732771536352,Gyro,0.060,-0.038,0.149,
82732772656352,acc,-1.445,0.513,9.139,
82732772656352,Lacc,-1.324,-0.997,-0.553,
82732772656352,GameRo,0.058,-0.051,-0.715,0.695
82732794097029,pre,995.225,,,
82732791252706,Gyro,-0.008,-0.049,0.246,
82732792372706,acc,-0.846,0.852,8.442,
82732792372706,Lacc,-0.740,-0.654,-1.251,
82732792372706,GameRo,0.058,-0.051,-0.714,0.696
82732810955310,Gyro,-0.084,-0.022,0.248,
82732812075310,acc,-0.450,0.729,8.346,
82732812075310,Lacc,-0.355,-0.761,-1.350,
82732812075310,GameRo,0.057,-0.051,-0.712,0.698
82732834093591,pre,995.256,,,
82732831777966,Lacc,-0.299,-0.975,-1.413,
82732831777966,GameRo,0.056,-0.051,-0.710,0.700
82732830657966,Gyro,-0.070,-0.017,0.257,
82732831777966,acc,-0.385,0.499,8.285,
82732851480571,Lacc,-0.371,-0.939,-1.381,
82732850360571,Gyro,0.015,0.013,0.349,
82732851480571,acc,-0.450,0.535,8.317,
82732851480571,GameRo,0.056,-0.051,-0.708,0.702
82732874102289,pre,995.256,,,
82732870063175,Gyro,0.174,0.041,0.472,
82732871183175,Lacc,-0.251,-0.398,-1.825,
82732871183175,acc,-0.325,1.110,7.868,
82732871183175,GameRo,0.057,-0.052,-0.704,0.706
82732889765831,Gyro,0.267,0.011,0.516,
82732890885831,acc,-0.141,1.958,7.209,
82732890885831,Lacc,-0.080,0.395,-2.475,
82732890885831,GameRo,0.059,-0.054,-0.701,0.709
82732914100727,pre,995.273,,,
82732910588435,acc,0.138,2.650,7.031,
82732909468435,Gyro,0.269,-0.057,0.445,
82732910588435,Lacc,0.173,1.030,-2.645,
82732910588435,GameRo,0.060,-0.057,-0.697,0.712
82732930291039,Lacc,0.362,1.238,-2.418,
82732929171039,Gyro,0.234,-0.115,0.276,
82732930291039,acc,0.358,2.908,7.248,
82732930291039,GameRo,0.061,-0.060,-0.695,0.714
82732954099164,pre,995.248,,,
82732948873644,Gyro,0.134,-0.147,0.093,
82732949993644,acc,0.309,2.824,7.502,
82732949993644,Lacc,0.280,1.123,-2.159,
82732949993644,GameRo,0.061,-0.062,-0.695,0.714
82732969696300,Lacc,0.171,0.848,-1.285,
82732969696300,acc,0.229,2.566,8.374,
82732968576300,Gyro,0.071,-0.161,-0.060,
82732969696300,GameRo,0.061,-0.063,-0.695,0.713
82732994102810,pre,995.251,,,
82732989398904,acc,-0.005,2.192,9.337,
82732988278904,Gyro,0.128,-0.160,-0.160,
82732989398904,Lacc,-0.087,0.449,-0.316,
82732989398904,GameRo,0.061,-0.065,-0.696,0.712
82733007981508,Gyro,0.240,-0.216,-0.231,
82733009101508,acc,0.066,1.868,9.582,
82733009101508,Lacc,-0.048,0.078,-0.063,
82733009101508,GameRo,0.061,-0.068,-0.698,0.710
82733034100258,pre,995.271,,,
82733028804112,Lacc,0.020,-0.175,-0.199,
82733028804112,acc,0.153,1.631,9.442,
82733027684112,Gyro,0.086,-0.155,-0.332,
82733028804112,GameRo,0.061,-0.070,-0.700,0.708
82733047386769,Gyro,-0.304,0.030,-0.392,
82733048506769,acc,0.085,1.195,9.808,
82733048506769,Lacc,-0.028,-0.554,0.156,
82733048506769,GameRo,0.059,-0.067,-0.703,0.705
82733074098644,pre,995.269,,,
82733067075623,Gyro,-0.634,0.237,-0.425,
82733068195623,acc,-0.160,0.858,11.395,
82733068195623,Lacc,-0.214,-0.768,1.721,
82733068195623,GameRo,0.057,-0.061,-0.706,0.703
82733086791977,Gyro,-0.493,0.176,-0.393,
82733087911977,acc,-0.647,0.976,12.876,
82733087911977,Lacc,-0.653,-0.554,3.187,
82733087911977,GameRo,0.055,-0.056,-0.709,0.701
82733114095779,pre,995.271,,,
82733106494581,Gyro,-0.166,-0.054,-0.350,
82733107614581,acc,-0.254,1.377,12.390,
82733107614581,Lacc,-0.260,-0.120,2.695,
82733107614581,GameRo,0.053,-0.055,-0.712,0.698
82733127317185,Lacc,0.637,-0.219,1.032,
82733127317185,acc,0.656,1.216,10.737,
82733126197185,Gyro,-0.324,-0.122,-0.405,
82733127317185,GameRo,0.050,-0.053,-0.715,0.695
82733154091716,pre,995.256,,,
82733145899841,Gyro,-0.819,-0.002,-0.539,
82733147019841,acc,0.713,-0.192,12.003,
82733147019841,Lacc,0.707,-1.466,2.276,
82733147019841,GameRo,0.045,-0.047,-0.719,0.692
82733165602446,Gyro,-0.679,0.000,-0.387,
82733166722446,Lacc,-0.524,-2.386,4.324,
82733166722446,acc,-0.528,-1.248,14.067,
82733166722446,GameRo,0.040,-0.042,-0.722,0.690
82733194095779,pre,995.233,,,
82733185305050,Gyro,-0.042,-0.177,-0.032,
82733186425050,acc,-0.144,-0.707,13.566,
82733186425050,Lacc,-0.173,-1.832,3.821,
82733186425050,GameRo,0.039,-0.043,-0.722,0.689
82733205007654,Gyro,0.253,-0.334,0.022,
82733206127654,acc,1.287,0.688,11.477,
82733206127654,Lacc,1.190,-0.484,1.737,
82733206127654,GameRo,0.038,-0.047,-0.722,0.689
82733234096769,pre,995.258,,,
82733224710258,Gyro,0.010,-0.281,-0.164,
82733225830258,acc,2.036,0.823,10.181,
82733225830258,Lacc,1.884,-0.351,0.443,
82733225830258,GameRo,0.036,-0.049,-0.723,0.688
82733244412862,Gyro,-0.395,0.010,-0.297,
82733245532862,acc,1.607,0.246,10.327,
82733245532862,Lacc,1.460,-0.851,0.580,
82733245532862,GameRo,0.033,-0.046,-0.725,0.686
82733274105623,pre,995.253,,,
82733264115519,Gyro,-0.595,0.317,-0.231,
82733265235519,acc,1.006,0.060,10.152,
82733265235519,Lacc,0.922,-0.920,0.391,
82733265235519,GameRo,0.031,-0.039,-0.727,0.685
82733284938123,Lacc,0.275,-0.732,-0.227,
82733283818123,Gyro,-0.640,0.508,-0.105,
82733284938123,acc,0.259,0.123,9.546,
82733284938123,GameRo,0.030,-0.031,-0.728,0.684
82733314103852,pre,995.243,,,
82733304640727,acc,-0.120,0.708,9.455,
82733304640727,Lacc,-0.026,-0.064,-0.324,
82733304640727,GameRo,0.030,-0.025,-0.728,0.685
82733303520727,Gyro,-0.430,0.410,0.020,
82733323223331,Gyro,0.051,0.111,0.042,
82733324343331,Lacc,0.316,0.670,-0.871,
82733324343331,acc,0.202,1.454,8.907,
82733324343331,GameRo,0.032,-0.025,-0.727,0.685
82733354100987,pre,995.230,,,
82733342925935,Gyro,0.297,-0.089,-0.052,
82733344045935,acc,0.317,1.819,7.445,
82733344045935,Lacc,0.413,0.973,-2.329,
82733344045935,GameRo,0.033,-0.028,-0.728,0.684
82733362628539,Gyro,0.297,-0.143,-0.106,
82733363748539,Lacc,0.297,0.932,-2.521,
82733363748539,acc,0.228,1.839,7.247,
82733363748539,GameRo,0.034,-0.031,-0.728,0.684
82733382331144,Gyro,0.350,-0.162,-0.116,
82733394116873,pre,995.246,,,
82733383451144,acc,0.365,1.857,7.649,
82733383451144,Lacc,0.404,0.879,-2.113,
82733383451144,GameRo,0.036,-0.035,-0.729,0.683
82733403153748,acc,0.477,1.708,7.920,
82733402033748,Gyro,0.489,-0.176,-0.140,
82733403153748,Lacc,0.483,0.634,-1.831,
82733403153748,GameRo,0.038,-0.040,-0.730,0.681
82733421736352,Gyro,0.586,-0.123,-0.182,
82733422856352,Lacc,0.634,0.465,-1.834,
82733422856352,GameRo,0.041,-0.045,-0.731,0.680
82733422856352,acc,0.650,1.654,7.903,
82733434094008,pre,995.241,,,
82733442558956,Lacc,0.304,0.287,-2.172,
82733441438956,Gyro,0.585,-0.081,-0.207,
82733442558956,acc,0.331,1.590,7.551,
82733442558956,GameRo,0.044,-0.050,-0.732,0.678
82733461141560,Gyro,0.462,-0.044,-0.184,
82733462261560,acc,0.049,1.602,7.491,
82733474099425,pre,995.241,,,
82733462261560,Lacc,0.018,0.208,-2.220,
82733462261560,GameRo,0.047,-0.053,-0.733,0.676
82733480844164,Gyro,0.275,0.015,-0.119,
82733481964164,acc,-0.246,1.484,7.856,
82733481964164,Lacc,-0.270,0.036,-1.846,
82733481964164,GameRo,0.049,-0.055,-0.734,0.675
82733501666769,Lacc,-0.536,-0.095,-1.276,
82733500546769,Gyro,0.128,0.026,0.014,
82733501666769,acc,-0.519,1.378,8.423,
82733501666769,GameRo,0.050,-0.056,-0.734,0.675
82733514094789,pre,995.256,,,
82733520249373,Gyro,0.056,-0.039,0.152,
82733521369373,acc,-0.434,1.422,9.223,
82733521369373,Lacc,-0.461,-0.061,-0.474,
82733521369373,GameRo,0.050,-0.057,-0.733,0.676
82733539938227,Gyro,0.108,-0.155,0.216,
82733541058227,acc,0.003,1.371,10.542,
82733541058227,Lacc,-0.061,-0.132,0.848,
82733541058227,GameRo,0.050,-0.059,-0.731,0.678
82733554100414,pre,995.251,,,
82733559654581,Gyro,0.201,-0.151,0.241,
82733560774581,Lacc,0.317,-0.351,1.449,
82733560774581,acc,0.418,1.189,11.137,
82733560774581,GameRo,0.050,-0.061,-0.729,0.679
82733580477185,Lacc,0.393,-0.663,1.704,
82733579357185,Gyro,0.150,0.018,0.244,
82733580477185,acc,0.498,0.903,11.388,
82733580477185,GameRo,0.051,-0.062,-0.728,0.681
82733594100727,pre,995.241,,,
82733600179789,Lacc,-0.114,-0.705,1.981,
82733599059789,Gyro,0.100,0.171,0.314,
82733600179789,GameRo,0.052,-0.062,-0.725,0.683
82733600179789,acc,-0.032,0.876,11.663,
82733618762394,Gyro,0.147,0.257,0.472,
82733619882394,acc,-0.448,1.810,11.605,
82733619882394,Lacc,-0.495,0.201,1.928,
82733619882394,GameRo,0.055,-0.061,-0.722,0.687
82733634103852,pre,995.218,,,
82733638464998,Gyro,0.002,0.297,0.537,
82733639584998,acc,-0.102,2.891,10.146,
82733639584998,Lacc,-0.109,1.279,0.469,
82733639584998,GameRo,0.057,-0.060,-0.718,0.691
82733658167550,Gyro,-0.466,0.255,0.324,
82733659287550,acc,0.591,2.903,10.044,
82733659287550,Lacc,0.621,1.376,0.354,
82733659287550,GameRo,0.055,-0.055,-0.716,0.694
82733674102810,pre,995.197,,,
82733678990154,Lacc,0.190,-0.720,1.732,
82733678990154,acc,0.160,0.677,11.442,
82733677870154,Gyro,-0.669,0.001,-0.005,
82733678990154,GameRo,0.051,-0.050,-0.717,0.694
82733697572758,Gyro,-0.322,-0.331,0.017,
82733698692758,acc,-1.089,-0.940,13.268,
82733698692758,Lacc,-1.120,-2.269,3.548,
82733698692758,GameRo,0.046,-0.050,-0.717,0.694
82733714096144,pre,995.220,,,
82733717275362,Gyro,0.323,-0.445,0.398,
82733718395362,acc,-1.153,-0.433,12.800,
82733718395362,Lacc,-1.277,-1.819,3.089,
82733718395362,GameRo,0.045,-0.055,-0.714,0.696
82733738097966,acc,-0.013,1.398,10.034,
82733736977966,Gyro,0.491,-0.220,0.584,
82733738097966,Lacc,-0.196,-0.079,0.337,
82733738097966,GameRo,0.046,-0.060,-0.710,0.700
82733754096039,pre,995.225,,,
82733756680571,Gyro,0.042,0.044,0.395,
82733757800571,acc,0.826,2.247,8.036,
82733757800571,Lacc,0.638,0.760,-1.658,
82733757800571,GameRo,0.047,-0.061,-0.707,0.703
82733777503175,acc,0.619,1.561,8.406,
82733776383175,Gyro,-0.463,0.069,-0.033,
82733777503175,Lacc,0.443,0.161,-1.302,
82733777503175,GameRo,0.044,-0.057,-0.708,0.703
82733794097862,pre,995.215,,,
82733796085727,Gyro,-0.557,-0.070,-0.263,
82733797205727,Lacc,-0.604,-1.242,0.310,
82733797205727,GameRo,0.040,-0.053,-0.710,0.701
82733797205727,acc,-0.424,0.048,10.033,
82733815788331,Gyro,-0.332,-0.086,-0.171,
82733816908331,acc,-1.210,-0.684,10.415,
82733816908331,Lacc,-1.399,-1.906,0.683,
82733816908331,GameRo,0.037,-0.051,-0.711,0.700
82733834097914,pre,995.218,,,
82733836610935,Lacc,-1.457,-1.761,-0.219,
82733836610935,GameRo,0.036,-0.050,-0.710,0.701
82733835490935,Gyro,-0.132,0.013,0.110,
82733836610935,acc,-1.272,-0.569,9.516,
82733855193539,Gyro,-0.115,0.094,0.327,
82733856313539,acc,-0.605,-0.005,8.015,
82733856313539,Lacc,-0.777,-1.170,-1.724,
82733856313539,GameRo,0.036,-0.048,-0.708,0.703
82733874104633,pre,995.208,,,
82733874896091,Gyro,-0.225,0.088,0.382,
82733876016091,acc,-0.175,0.405,7.711,
82733876016091,Lacc,-0.338,-0.714,-2.033,
82733876016091,GameRo,0.035,-0.046,-0.706,0.706
82733895718696,Lacc,-0.166,-0.492,-1.747,
82733894598696,Gyro,-0.139,-0.066,0.412,
82733895718696,acc,0.017,0.598,8.000,
82733895718696,GameRo,0.033,-0.046,-0.703,0.709
82733914110623,pre,995.254,,,
82733914301300,Gyro,0.076,-0.214,0.474,
82733915421300,acc,0.182,1.059,8.009,
82733915421300,Lacc,-0.053,-0.044,-1.736,
82733915421300,GameRo,0.032,-0.048,-0.700,0.712
82733934003904,Gyro,0.191,-0.214,0.523,
82733935123904,acc,0.586,1.941,7.515,
82733935123904,Lacc,0.297,0.800,-2.224,
82733935123904,GameRo,0.031,-0.051,-0.696,0.716
82733954101716,pre,995.228,,,
82733953706456,Gyro,0.163,-0.152,0.428,
82733954826456,acc,1.117,2.681,7.351,
82733954826456,Lacc,0.786,1.505,-2.382,
82733954826456,GameRo,0.031,-0.054,-0.693,0.718
82733973409060,Gyro,0.098,-0.159,0.218,
82733974529060,acc,1.192,2.900,7.237,
82733974529060,Lacc,0.822,1.700,-2.492,
82733974529060,GameRo,0.031,-0.056,-0.691,0.720
82733994103331,pre,995.259,,,
82733993111664,Gyro,-0.023,-0.173,0.007,
82733994231664,acc,1.009,2.679,7.669,
82733994231664,Lacc,0.604,1.478,-2.059,
82733994231664,GameRo,0.030,-0.057,-0.691,0.720
82734013934216,Lacc,0.071,1.078,-1.319,
82734013934216,acc,0.511,2.271,8.408,
82734012814216,Gyro,-0.068,-0.197,-0.116,
82734013934216,GameRo,0.028,-0.058,-0.692,0.719
82734034100466,pre,995.218,,,
82734032516821,Gyro,-0.042,-0.189,-0.187,
82734033636821,acc,0.486,1.966,9.221,
82734033636821,Lacc,0.014,0.777,-0.505,
82734033636821,GameRo,0.027,-0.060,-0.693,0.717
82734052219425,Gyro,-0.046,-0.104,-0.295,
82734053339425,Lacc,0.053,0.240,0.084,
82734053339425,acc,0.538,1.424,9.811,
82734053339425,GameRo,0.026,-0.060,-0.696,0.715
82734074095102,pre,995.249,,,
82734071908279,Gyro,-0.128,-0.067,-0.405,
82734073028279,acc,0.331,0.746,10.310,
82734073028279,Lacc,-0.158,-0.416,0.582,
82734073028279,GameRo,0.025,-0.059,-0.699,0.713
82734092744581,Lacc,-0.662,-1.156,1.943,
82734092744581,GameRo,0.024,-0.058,-0.702,0.710
82734091624581,Gyro,-0.135,-0.033,-0.417,
82734092744581,acc,-0.178,-0.019,11.675,
82734114094894,pre,995.274,,,
82734111327133,Gyro,0.009,0.064,-0.245,
82734112447133,acc,-0.427,0.041,12.003,
82734112447133,Lacc,-0.890,-1.097,2.270,
82734112447133,GameRo,0.025,-0.058,-0.703,0.708
82734131029737,Gyro,0.014,0.191,-0.131,
82734132149737,acc,-0.224,0.990,11.572,
82734132149737,Lacc,-0.646,-0.151,1.838,
82734132149737,GameRo,0.026,-0.056,-0.704,0.707
82734154094946,pre,995.231,,,
82734151852341,Lacc,-0.128,0.389,1.172,
82734151852341,acc,0.248,1.507,10.911,
82734151852341,GameRo,0.027,-0.054,-0.705,0.706
82734150732341,Gyro,-0.124,0.219,-0.150,
82734170434894,Gyro,-0.425,0.142,-0.313,
82734171554894,acc,0.981,1.324,10.667,
82734171554894,Lacc,0.637,0.284,0.918,
82734171554894,GameRo,0.025,-0.050,-0.708,0.704
82734194104321,pre,995.244,,,
82734190123748,Gyro,-0.755,0.059,-0.526,
82734191243748,acc,1.105,-0.307,11.325,
82734191243748,Lacc,0.781,-1.202,1.561,
82734191243748,GameRo,0.020,-0.044,-0.712,0.701
82734210960050,Lacc,0.059,-2.577,3.802,
82734209840050,Gyro,-0.886,0.095,-0.522,
82734210960050,acc,0.357,-1.856,13.580,
82734210960050,GameRo,0.015,-0.037,-0.715,0.697
82734234110883,pre,995.216,,,
82734229542654,Gyro,-0.400,0.088,-0.271,
82734230662654,acc,0.050,-2.151,15.118,
82734230662654,Lacc,-0.227,-2.792,5.333,
82734230662654,GameRo,0.013,-0.033,-0.717,0.696
82734250351508,Lacc,0.821,-1.729,3.641,
82734250351508,acc,1.121,-1.033,13.421,
82734249231508,Gyro,0.308,-0.123,-0.116,
82734250351508,GameRo,0.014,-0.036,-0.718,0.695
82734274097862,pre,995.216,,,
82734270067810,acc,1.824,-0.412,10.880,
82734268947810,Gyro,0.390,-0.195,-0.245,
82734270067810,Lacc,1.486,-1.182,1.106,
82734270067810,GameRo,0.015,-0.040,-0.720,0.693
82734289770362,Lacc,1.272,-1.381,0.160,
82734288650362,Gyro,0.023,0.052,-0.359,
82734289770362,acc,1.597,-0.608,9.934,
82734289770362,GameRo,0.015,-0.040,-0.722,0.690
82734314104060,pre,995.229,,,
82734308352966,Gyro,-0.296,0.300,-0.338,
82734309472966,acc,1.104,-1.010,9.851,
82734309472966,Lacc,0.838,-1.724,0.071,
82734309472966,GameRo,0.015,-0.036,-0.725,0.688
82734328055519,Gyro,-0.309,0.381,-0.219,
82734329175519,acc,0.393,-0.882,10.490,
82734329175519,Lacc,0.203,-1.532,0.703,
82734329175519,GameRo,0.016,-0.031,-0.726,0.687
82734354097081,pre,995.224,,,
82734347758123,Gyro,0.012,0.292,-0.012,
82734348878123,Lacc,-0.297,-0.729,0.120,
82734348878123,acc,-0.165,-0.078,9.907,
82734348878123,GameRo,0.018,-0.029,-0.726,0.687
82734367446977,Gyro,0.362,0.115,0.131,
82734368566977,acc,-0.133,1.022,8.514,
82734368566977,Lacc,-0.244,0.301,-1.269,
82734368566977,GameRo,0.021,-0.031,-0.725,0.688
82734394102289,pre,995.236,,,
82734388283279,acc,0.189,1.939,7.122,
82734387163279,Gyro,0.515,0.033,0.130,
82734388283279,Lacc,0.082,1.113,-2.653,
82734388283279,GameRo,0.025,-0.034,-0.724,0.688
82734407985831,acc,0.233,2.302,6.287,
82734406865831,Gyro,0.418,0.106,0.018,
82734407985831,Lacc,0.146,1.390,-3.480,
82734407985831,GameRo,0.029,-0.037,-0.724,0.689
82734434103591,pre,995.246,,,
82734426568435,Gyro,0.262,0.176,-0.114,
82734427688435,acc,0.040,2.148,5.970,
82734427688435,Lacc,-0.012,1.178,-3.792,
82734427688435,GameRo,0.032,-0.038,-0.724,0.688
82734446270987,Gyro,0.173,0.149,-0.209,
82734447390987,Lacc,-0.230,0.723,-3.742,
82734447390987,acc,-0.212,1.732,6.016,
82734447390987,GameRo,0.035,-0.038,-0.726,0.686
82734474095987,pre,995.236,,,
82734467093539,acc,-0.509,1.423,6.304,
82734465973539,Gyro,0.146,0.058,-0.235,
82734467093539,Lacc,-0.509,0.383,-3.450,
82734467093539,GameRo,0.036,-0.039,-0.727,0.684
82734486796144,acc,-0.511,1.375,6.513,
82734485676144,Gyro,0.091,0.022,-0.210,
82734486796144,Lacc,-0.501,0.315,-3.240,
82734486796144,GameRo,0.037,-0.039,-0.728,0.683
82734514101248,pre,995.234,,,
82734505378696,Gyro,-0.083,0.102,-0.175,
82734506498696,acc,-0.562,1.213,6.721,
82734506498696,Lacc,-0.526,0.167,-3.033,
82734506498696,GameRo,0.038,-0.038,-0.730,0.682
82734525081248,Gyro,-0.297,0.127,-0.119,
82734526201248,acc,-0.638,0.942,7.439,
82734526201248,Lacc,-0.572,-0.048,-2.321,
82734526201248,GameRo,0.037,-0.035,-0.731,0.681
82734554099737,pre,995.223,,,
82734544770102,Gyro,-0.298,0.001,-0.046,
82734545890102,acc,-0.730,0.681,9.151,
82734545890102,Lacc,-0.662,-0.250,-0.615,
82734545890102,GameRo,0.035,-0.032,-0.731,0.681
82734564486404,Gyro,-0.008,-0.201,0.088,
82734565606404,acc,-0.674,0.720,10.497,
82734565606404,Lacc,-0.645,-0.210,0.732,
82734565606404,GameRo,0.033,-0.034,-0.730,0.681
82734594097862,pre,995.247,,,
82734584188956,Gyro,0.251,-0.225,0.247,
82734585308956,acc,-0.272,1.109,10.897,
82734585308956,Lacc,-0.289,0.131,1.136,
82734585308956,GameRo,0.033,-0.037,-0.729,0.683
82734603891560,Gyro,0.267,-0.160,0.355,
82734605011560,acc,0.339,1.594,10.148,
82734605011560,Lacc,0.283,0.563,0.392,
82734605011560,GameRo,0.034,-0.040,-0.726,0.685
82734634097602,pre,995.262,,,
82734623594112,Gyro,-0.037,-0.002,0.243,
82734624714112,acc,1.373,1.924,10.221,
82734624714112,Lacc,1.309,0.899,0.465,
82734624714112,GameRo,0.034,-0.040,-0.725,0.687
82734643296664,Gyro,-0.297,0.126,-0.035,
82734644416664,acc,1.105,1.182,11.364,
82734644416664,Lacc,1.062,0.214,1.602,
82734644416664,GameRo,0.032,-0.037,-0.725,0.687
82734674098852,pre,995.234,,,
82734662985519,Gyro,-0.246,0.113,-0.045,
82734664105519,acc,-0.533,0.138,12.644,
82734664105519,Lacc,-0.552,-0.781,2.877,
82734664105519,GameRo,0.032,-0.035,-0.725,0.687
82734682701821,Gyro,0.035,0.102,0.319,
82734683821821,acc,-1.363,0.647,12.751,
82734683821821,Lacc,-1.365,-0.277,2.985,
82734683821821,GameRo,0.032,-0.034,-0.723,0.689
82734714096352,pre,995.236,,,
82734702404373,Gyro,0.017,0.141,0.572,
82734703524373,acc,-0.403,2.012,11.023,
82734703524373,Lacc,-0.387,1.082,1.257,
82734703524373,GameRo,0.033,-0.034,-0.719,0.693
82734723226925,Lacc,0.766,1.415,1.111,
82734723226925,acc,0.727,2.270,10.883,
82734722106925,Gyro,-0.405,0.166,0.373,
82734723226925,GameRo,0.032,-0.030,-0.717,0.696
82734754096873,pre,995.241,,,
82734741809477,Gyro,-0.554,-0.053,-0.024,
82734742929477,acc,0.141,0.117,12.540,
82734742929477,Lacc,0.170,-0.629,2.758,
82734742929477,GameRo,0.028,-0.026,-0.717,0.696
82734762632081,Lacc,-0.914,-1.845,4.727,
82734762632081,acc,-0.868,-1.112,14.509,
82734762632081,GameRo,0.024,-0.028,-0.717,0.696
82734761512081,Gyro,-0.048,-0.397,-0.003,
82734782334633,Lacc,-0.694,-1.302,3.401,
82734781214633,Gyro,0.579,-0.354,0.227,
82734782334633,acc,-0.577,-0.461,13.174,
82734782334633,GameRo,0.026,-0.035,-0.716,0.697
82734794096196,pre,995.208,,,
82734802037185,Lacc,0.025,-0.291,0.377,
82734800917185,Gyro,0.558,-0.067,0.226,
82734802037185,acc,0.159,0.656,10.140,
82734802037185,GameRo,0.029,-0.039,-0.714,0.699
82734820619737,Gyro,0.097,0.140,-0.025,
82734821739737,acc,0.246,0.558,8.704,
82734821739737,Lacc,0.140,-0.407,-1.058,
82734821739737,GameRo,0.031,-0.039,-0.714,0.699
82734834095258,pre,995.247,,,
82734841442289,acc,-0.416,-0.412,9.066,
82734840322289,Gyro,-0.242,0.093,-0.247,
82734841442289,Lacc,-0.498,-1.327,-0.701,
82734841442289,GameRo,0.030,-0.036,-0.716,0.697
82734860024841,Gyro,-0.280,0.002,-0.268,
82734861144841,acc,-0.990,-1.211,10.036,
82734861144841,Lacc,-1.065,-2.067,0.264,
82734861144841,GameRo,0.028,-0.034,-0.718,0.695
82734874098644,pre,995.226,,,
82734880847446,Lacc,-1.307,-2.189,0.551,
82734880847446,acc,-1.259,-1.369,10.326,
82734880847446,GameRo,0.027,-0.032,-0.718,0.694
82734879727446,Gyro,-0.157,0.109,-0.099,
82734899429998,Gyro,-0.048,0.274,0.141,
82734900549998,Lacc,-1.212,-1.818,-0.465,
82734900549998,acc,-1.217,-1.013,9.312,
82734900549998,GameRo,0.029,-0.029,-0.717,0.696
82734914102550,pre,995.223,,,
82734919132550,Gyro,-0.042,0.197,0.355,
82734920252550,acc,-0.956,-0.542,7.753,
82734920252550,Lacc,-0.915,-1.336,-2.024,
82734920252550,GameRo,0.030,-0.028,-0.715,0.698
82734938835102,Gyro,-0.119,-0.072,0.461,
82734939955102,acc,-0.385,-0.104,7.276,
82734939955102,Lacc,-0.363,-0.873,-2.504,
82734939955102,GameRo,0.028,-0.027,-0.712,0.701
82734954111977,pre,995.223,,,
82734958537654,Gyro,-0.083,-0.314,0.469,
82734959657654,acc,0.092,0.348,8.190,
82734959657654,Lacc,0.045,-0.404,-1.591,
82734959657654,GameRo,0.025,-0.029,-0.709,0.705
82734979360206,acc,0.178,0.647,8.510,
82734978240206,Gyro,0.132,-0.427,0.499,
82734979360206,Lacc,0.042,-0.129,-1.268,
82734979360206,GameRo,0.023,-0.033,-0.705,0.708
82734994103071,pre,995.254,,,
82734997942758,Gyro,0.274,-0.398,0.586,
82734999062758,acc,0.429,1.281,8.088,
82734999062758,Lacc,0.206,0.452,-1.685,
82734999062758,GameRo,0.022,-0.038,-0.701,0.712
82735017645310,Gyro,0.274,-0.267,0.565,
82735018765310,acc,1.085,2.107,7.658,
82735018765310,Lacc,0.799,1.223,-2.108,
82735018765310,GameRo,0.022,-0.042,-0.697,0.716
82735034100727,pre,995.219,,,
82735038467862,acc,1.409,2.530,7.299,
82735037347862,Gyro,0.203,-0.218,0.382,
82735038467862,Lacc,1.070,1.603,-2.461,
82735038467862,GameRo,0.022,-0.045,-0.694,0.718
82735057050414,Gyro,0.170,-0.324,0.121,
82735058170414,acc,1.467,2.544,7.773,
82735058170414,Lacc,1.059,1.580,-1.981,
82735058170414,GameRo,0.021,-0.049,-0.693,0.719
82735074124060,pre,995.221,,,
82735077872966,acc,1.278,2.278,8.863,
82735076752966,Gyro,0.251,-0.401,-0.121,
82735077872966,Lacc,0.794,1.260,-0.882,
82735077872966,GameRo,0.020,-0.054,-0.694,0.718
82735096455519,Gyro,0.385,-0.326,-0.274,
82735097575519,acc,0.844,1.734,9.208,
82735097575519,Lacc,0.301,0.638,-0.526,
82735097575519,GameRo,0.021,-0.059,-0.696,0.715
82735114096300,pre,995.228,,,
82735116158071,Gyro,0.285,-0.172,-0.289,
82735117278071,acc,0.456,1.197,8.512,
82735117278071,Lacc,-0.113,0.042,-1.214,
82735117278071,GameRo,0.022,-0.062,-0.698,0.713
82735135860623,Gyro,-0.063,0.090,-0.310,
82735136980623,acc,0.641,0.977,8.996,
82735136980623,Lacc,0.095,-0.169,-0.732,
82735136980623,GameRo,0.022,-0.061,-0.700,0.711
82735154100519,pre,995.254,,,
82735155563175,Gyro,-0.232,0.210,-0.396,
82735156683175,Lacc,-0.018,-0.663,0.799,
82735156683175,acc,0.479,0.440,10.534,
82735156683175,GameRo,0.022,-0.058,-0.703,0.709
82735175265727,Gyro,0.024,0.060,-0.441,
82735176385727,acc,0.031,0.271,11.759,
82735176385727,Lacc,-0.443,-0.839,2.023,
82735176385727,GameRo,0.023,-0.057,-0.706,0.706
82735194100206,pre,995.239,,,
82735196088279,Lacc,-0.607,-0.397,1.635,
82735194968279,Gyro,0.241,-0.044,-0.406,
82735196088279,GameRo,0.025,-0.059,-0.709,0.703
82735196088279,acc,-0.136,0.762,11.365,
82735214670831,Gyro,0.040,0.098,-0.385,
82735215790831,acc,0.101,1.209,10.546,
82735215790831,Lacc,-0.342,0.040,0.816,
82735215790831,GameRo,0.026,-0.058,-0.711,0.700
82735234095519,pre,995.221,,,
82735235493383,acc,0.433,1.007,10.406,
82735234373383,Gyro,-0.389,0.241,-0.405,
82735235493383,Lacc,0.045,-0.090,0.666,
82735235493383,GameRo,0.025,-0.054,-0.714,0.697
82735255195935,acc,0.845,0.049,11.411,
82735254075935,Gyro,-0.772,0.344,-0.469,
82735255195935,Lacc,0.532,-0.901,1.652,
82735255195935,GameRo,0.022,-0.046,-0.718,0.694
82735274096560,pre,995.237,,,
82735273778487,Gyro,-0.810,0.323,-0.422,
82735274898487,Lacc,0.076,-1.906,3.316,
82735274898487,GameRo,0.019,-0.038,-0.721,0.692
82735274898487,acc,0.319,-1.114,13.091,
82735293481039,Gyro,-0.313,0.078,-0.191,
82735294601039,acc,0.302,-0.974,13.969,
82735294601039,Lacc,0.076,-1.702,4.189,
82735294601039,GameRo,0.017,-0.035,-0.722,0.691
82735314102498,pre,995.252,,,
82735313169841,Gyro,0.260,-0.162,-0.134,
82735314289841,acc,1.497,0.076,12.580,
82735314289841,Lacc,1.239,-0.701,2.804,
82735314289841,GameRo,0.018,-0.038,-0.723,0.689
82735332886091,Gyro,0.265,-0.190,-0.365,
82735334006091,acc,2.504,0.280,10.222,
82735334006091,Lacc,2.210,-0.548,0.452,
82735334006091,GameRo,0.018,-0.041,-0.726,0.687
82735354100727,pre,995.249,,,
82735352588644,Gyro,-0.256,0.056,-0.602,
82735353708644,acc,2.020,-0.564,9.911,
82735353708644,Lacc,1.741,-1.343,0.136,
82735353708644,GameRo,0.017,-0.039,-0.730,0.682
82735372291196,Gyro,-0.521,0.317,-0.555,
82735373411196,acc,1.016,-1.173,10.956,
82735373411196,Lacc,0.805,-1.850,1.171,
82735373411196,GameRo,0.016,-0.033,-0.734,0.679
82735394112914,pre,995.237,,,
82735391993748,Gyro,-0.340,0.405,-0.312,
82735393113748,acc,0.429,-0.961,10.922,
82735393113748,Lacc,0.299,-1.569,1.132,
82735393113748,GameRo,0.016,-0.027,-0.736,0.677
82735411696300,Gyro,-0.011,0.346,-0.104,
82735412816300,acc,0.380,0.129,9.864,
82735412816300,Lacc,0.317,-0.476,0.072,
82735412816300,GameRo,0.019,-0.025,-0.736,0.676
82735434094269,pre,995.229,,,
82735431385102,Gyro,0.235,0.228,-0.048,
82735432505102,acc,0.389,1.112,8.305,
82735432505102,Lacc,0.370,0.460,-1.483,
82735432505102,GameRo,0.022,-0.025,-0.736,0.676
82735451101352,Gyro,0.367,0.042,-0.080,
82735452221352,acc,0.300,1.683,7.147,
82735452221352,Lacc,0.288,0.956,-2.636,
82735452221352,GameRo,0.025,-0.028,-0.737,0.675
82735474094685,pre,995.229,,,
82735470803904,Gyro,0.370,-0.097,-0.114,
82735471923904,acc,0.209,1.865,6.558,
82735471923904,Lacc,0.180,1.061,-3.220,
82735471923904,GameRo,0.027,-0.031,-0.738,0.674
82735490506456,Gyro,0.339,-0.146,-0.135,
82735491626456,acc,0.345,1.978,6.679,
82735491626456,Lacc,0.288,1.103,-3.092,
82735491626456,GameRo,0.028,-0.035,-0.738,0.673
82735514096560,pre,995.224,,,
82735510209008,Gyro,0.323,-0.125,-0.213,
82735511329008,acc,0.669,1.908,6.927,
82735511329008,Lacc,0.591,0.966,-2.838,
82735511329008,GameRo,0.029,-0.038,-0.740,0.671
82735531031508,Lacc,0.642,0.647,-2.493,
82735529911508,Gyro,0.339,-0.078,-0.370,
82735531031508,acc,0.732,1.658,7.265,
82735531031508,GameRo,0.031,-0.041,-0.742,0.668
82735554098591,pre,995.249,,,
82735550734060,acc,0.149,1.126,7.085,
82735549614060,Gyro,0.338,-0.005,-0.478,
82735550734060,Lacc,0.068,0.048,-2.666,
82735550734060,GameRo,0.034,-0.044,-0.745,0.665
82735569316612,Gyro,0.222,0.120,-0.427,
82735570436612,acc,-0.511,0.789,7.098,
82735570436612,Lacc,-0.558,-0.332,-2.648,
82735570436612,GameRo,0.036,-0.044,-0.748,0.662
82735594094477,pre,995.206,,,
82735589019164,Gyro,0.079,0.247,-0.269,
82735590139164,acc,-0.790,0.788,7.348,
82735590139164,Lacc,-0.780,-0.348,-2.395,
82735590139164,GameRo,0.039,-0.043,-0.749,0.660
82735609841664,acc,-0.740,0.890,7.695,
82735608721664,Gyro,-0.009,0.246,-0.116,
82735609841664,Lacc,-0.678,-0.245,-2.049,
82735609841664,GameRo,0.041,-0.041,-0.750,0.659
82735634095883,pre,995.262,,,
82735628424216,Gyro,0.007,0.131,-0.011,
82735629544216,acc,-0.864,0.817,8.754,
82735629544216,Lacc,-0.774,-0.319,-0.990,
82735629544216,GameRo,0.042,-0.041,-0.750,0.659
82735648126769,Gyro,0.163,-0.014,0.147,
82735649246769,acc,-0.862,0.928,9.266,
82735649246769,Lacc,-0.776,-0.238,-0.475,
82735649246769,GameRo,0.043,-0.042,-0.749,0.660
82735674105154,pre,995.224,,,
82735668949321,acc,-0.267,1.220,9.475,
82735667829321,Gyro,0.133,-0.014,0.261,
82735668949321,Lacc,-0.190,0.028,-0.262,
82735668949321,GameRo,0.043,-0.043,-0.747,0.662
82735688651821,Lacc,0.470,0.016,0.446,
82735687531821,Gyro,-0.038,0.063,0.239,
82735688651821,acc,0.388,1.202,10.184,
82735688651821,GameRo,0.043,-0.042,-0.746,0.664
82735714100675,pre,995.234,,,
82735707234373,Gyro,-0.127,0.090,0.131,
82735708354373,acc,0.403,0.846,11.252,
82735708354373,Lacc,0.499,-0.314,1.511,
82735708354373,GameRo,0.043,-0.041,-0.745,0.665
82735726923175,Gyro,-0.052,0.069,0.118,
82735728043175,acc,-0.513,0.354,12.389,
82735728043175,Lacc,-0.406,-0.794,2.647,
82735728043175,GameRo,0.043,-0.040,-0.744,0.666
82735754095154,pre,995.250,,,
82735746639425,Gyro,0.161,0.146,0.362,
82735747759425,acc,-1.316,1.033,12.595,
82735747759425,Lacc,-1.186,-0.145,2.856,
82735747759425,GameRo,0.045,-0.040,-0.742,0.668
82735767461977,Lacc,-0.477,1.160,1.367,
82735767461977,acc,-0.647,2.364,11.102,
82735767461977,GameRo,0.048,-0.040,-0.738,0.672
82735766341977,Gyro,0.115,0.271,0.547,
82735794093696,pre,995.206,,,
82735786044477,Gyro,-0.469,0.361,0.313,
82735787164477,acc,0.696,2.952,10.437,
82735787164477,Lacc,0.925,1.832,0.693,
82735787164477,GameRo,0.047,-0.034,-0.736,0.675
82735806867029,Lacc,0.204,-0.493,2.496,
82735806867029,acc,-0.047,0.433,12.259,
82735805747029,Gyro,-0.998,0.094,-0.201,
82735806867029,GameRo,0.041,-0.026,-0.737,0.674
82735834107758,pre,995.203,,,
82735825449529,Gyro,-0.686,-0.433,-0.222,
82735826569529,acc,-1.969,-1.668,15.869,
82735826569529,Lacc,-1.794,-2.456,6.092,
82735826569529,GameRo,0.034,-0.024,-0.739,0.672
82735845152081,Gyro,0.334,-0.521,0.291,
82735846272081,acc,-1.944,-1.567,16.122,
82735846272081,Lacc,-1.872,-2.414,6.349,
82735846272081,GameRo,0.032,-0.029,-0.737,0.674
82735874099946,pre,995.219,,,
82735864854633,Gyro,0.693,-0.162,0.574,
82735865974633,acc,-0.392,0.383,12.199,
82735865974633,Lacc,-0.361,-0.597,2.437,
82735865974633,GameRo,0.035,-0.036,-0.733,0.678
82735884557133,Gyro,0.302,0.226,0.388,
82735885677133,acc,0.319,1.199,9.829,
82735885677133,Lacc,0.386,0.160,0.075,
82735885677133,GameRo,0.039,-0.036,-0.730,0.681
82735914100987,pre,995.216,,,
82735904259685,Gyro,-0.039,0.143,0.081,
82735905379685,Lacc,-0.224,-0.470,-0.086,
82735905379685,acc,-0.316,0.559,9.669,
82735905379685,GameRo,0.039,-0.035,-0.730,0.682
82735923962185,Gyro,0.003,-0.085,-0.055,
82735925082185,acc,-0.802,-0.169,10.584,
82735925082185,Lacc,-0.722,-1.196,0.828,
82735925082185,GameRo,0.039,-0.036,-0.730,0.681
82735954100935,pre,995.232,,,
82735943664737,Gyro,0.182,-0.073,0.007,
82735944784737,acc,-1.102,-0.612,10.376,
82735944784737,Lacc,-1.035,-1.669,0.623,
82735944784737,GameRo,0.039,-0.037,-0.730,0.681
82735963367237,Gyro,0.286,0.067,0.191,
82735964487237,acc,-0.834,-0.491,9.569,
82735964487237,Lacc,-0.756,-1.599,-0.178,
82735964487237,GameRo,0.042,-0.039,-0.729,0.682
82735994105987,pre,995.242,,,
82735983069789,Gyro,0.268,0.277,0.331,
82735984189789,acc,-0.349,-0.147,8.621,
82735984189789,Lacc,-0.224,-1.304,-1.119,
82735984189789,GameRo,0.045,-0.039,-0.726,0.685
82736002772289,Gyro,0.220,0.373,0.402,
82736003892289,acc,-0.120,0.138,7.848,
82736003892289,Lacc,0.068,-1.059,-1.886,
82736003892289,GameRo,0.049,-0.038,-0.723,0.688
82736023594841,acc,-0.014,0.545,7.473,
82736022474841,Gyro,0.282,0.272,0.450,
82736034100987,pre,995.242,,,
82736023594841,Lacc,0.215,-0.707,-2.254,
82736023594841,GameRo,0.053,-0.038,-0.720,0.691
82736043297341,Lacc,0.460,-0.067,-2.876,
82736042177341,Gyro,0.402,0.104,0.488,
82736043297341,acc,0.226,1.265,6.840,
82736043297341,GameRo,0.056,-0.041,-0.717,0.694
82736062999894,acc,0.658,2.130,6.288,
82736074093800,pre,995.204,,,
82736061879894,Gyro,0.365,0.004,0.412,
82736062999894,Lacc,0.878,0.721,-3.418,
82736062999894,GameRo,0.058,-0.044,-0.714,0.697
82736082702394,Lacc,1.094,1.158,-3.486,
82736082702394,acc,0.885,2.615,6.214,
82736081582394,Gyro,0.215,-0.007,0.200,
82736082702394,GameRo,0.060,-0.046,-0.712,0.698
82736114095571,pre,995.216,,,
82736102404946,acc,0.700,2.535,6.393,
82736101284946,Gyro,0.046,-0.021,-0.059,
82736102404946,Lacc,0.904,1.063,-3.303,
82736102404946,GameRo,0.060,-0.046,-0.712,0.698
82736122107446,Lacc,0.398,0.509,-2.524,
82736120987446,Gyro,-0.079,-0.098,-0.252,
82736122107446,acc,0.208,1.969,7.175,
82736122107446,GameRo,0.059,-0.047,-0.714,0.696
82736140676248,Gyro,0.005,-0.236,-0.363,
82736141796248,acc,-0.138,1.420,8.832,
82736141796248,Lacc,0.019,-0.040,-0.868,
82736141796248,GameRo,0.058,-0.048,-0.717,0.693
82736154095362,pre,995.244,,,
82736161512498,Lacc,-0.296,-0.418,-0.239,
82736160392498,Gyro,0.274,-0.371,-0.414,
82736161512498,acc,-0.394,1.092,9.454,
82736161512498,GameRo,0.057,-0.052,-0.720,0.690
82736180094998,Gyro,0.340,-0.410,-0.448,
82736181214998,acc,-0.197,1.049,9.327,
82736181214998,Lacc,-0.163,-0.524,-0.357,
82736181214998,GameRo,0.057,-0.057,-0.723,0.686
82736194105611,pre,995.229,,,
82736199803528,Gyro,0.140,-0.338,-0.515,
82736200923528,acc,0.152,0.851,9.449,
82736200923528,Lacc,0.137,-0.746,-0.230,
82736200923528,GameRo,0.055,-0.060,-0.726,0.682
82736219506028,Gyro,-0.135,-0.164,-0.597,
82736220626028,Lacc,0.175,-1.121,0.949,
82736220626028,acc,0.203,0.447,10.633,
82736220626028,GameRo,0.054,-0.060,-0.731,0.678
82736234098684,pre,995.224,,,
82736239208528,Gyro,-0.141,-0.040,-0.586,
82736240328528,acc,-0.308,-0.027,11.740,
82736240328528,Lacc,-0.325,-1.564,2.051,
82736240328528,GameRo,0.053,-0.059,-0.735,0.674
82736258911080,Gyro,0.103,-0.060,-0.438,
82736260031080,acc,-0.484,0.166,12.142,
82736260031080,Lacc,-0.497,-1.388,2.456,
82736260031080,GameRo,0.053,-0.059,-0.738,0.671
82736274100715,pre,995.239,,,
82736279733580,Lacc,0.318,-0.217,1.752,
82736279733580,acc,0.351,1.390,11.430,
82736279733580,GameRo,0.054,-0.062,-0.740,0.668
82736278613580,Gyro,0.285,-0.155,-0.366,
82736298316080,Gyro,0.129,-0.186,-0.527,
82736299436080,acc,1.210,2.177,10.649,
82736299436080,Lacc,1.155,0.545,0.976,
82736299436080,GameRo,0.054,-0.064,-0.743,0.664
82736314103528,pre,995.257,,,
82736318018632,Gyro,-0.288,-0.143,-0.825,
82736319138632,acc,1.313,1.740,10.565,
82736319138632,Lacc,1.255,0.162,0.883,
82736319138632,GameRo,0.051,-0.063,-0.749,0.658
82736337721132,Gyro,-0.621,-0.079,-0.939,
82736338841132,acc,0.246,0.008,11.950,
82736338841132,Lacc,0.201,-1.449,2.249,
82736338841132,GameRo,0.047,-0.058,-0.755,0.651
82736354103059,pre,995.227,,,
82736358543632,Lacc,-0.642,-1.942,3.690,
82736358543632,acc,-0.616,-0.559,13.402,
82736358543632,GameRo,0.045,-0.055,-0.760,0.646
82736357423632,Gyro,-0.368,-0.001,-0.678,
82736377126132,Gyro,0.079,0.024,-0.380,
82736378246132,acc,0.022,0.261,11.825,
82736378246132,Lacc,0.011,-1.133,2.115,
82736378246132,GameRo,0.046,-0.055,-0.762,0.643
82736394103059,pre,995.240,,,
82736396828684,Gyro,0.066,-0.011,-0.437,
82736397948684,acc,1.040,1.109,9.817,
82736397948684,Lacc,1.036,-0.297,0.108,
82736397948684,GameRo,0.046,-0.055,-0.765,0.640
82736417651184,acc,1.307,0.488,9.082,
82736416531184,Gyro,-0.306,-0.103,-0.702,
82736417651184,Lacc,1.299,-0.857,-0.635,
82736417651184,GameRo,0.043,-0.053,-0.770,0.635
82736434099674,pre,995.222,,,
82736436233684,Gyro,-0.618,-0.168,-0.778,
82736437353684,acc,0.574,-0.709,10.035,
82736437353684,Lacc,0.553,-1.931,0.302,
82736437353684,GameRo,0.038,-0.049,-0.775,0.629
82736455936236,Gyro,-0.584,-0.181,-0.492,
82736457056236,acc,0.157,-1.247,10.998,
82736457056236,Lacc,0.112,-2.351,1.250,
82736457056236,GameRo,0.033,-0.045,-0.778,0.625
82736474100976,pre,995.237,,,
82736475638736,Gyro,-0.296,-0.078,-0.118,
82736476758736,acc,0.815,-0.380,11.270,
82736476758736,Lacc,0.756,-1.423,1.516,
82736476758736,GameRo,0.031,-0.043,-0.779,0.625
82736495327486,Gyro,0.068,0.076,0.032,
82736496447486,acc,1.446,0.965,10.073,
82736496447486,Lacc,1.397,-0.091,0.321,
82736496447486,GameRo,0.032,-0.044,-0.779,0.625
82736514103892,pre,995.211,,,
82736516163736,Lacc,1.604,0.782,-1.314,
82736515043736,Gyro,0.248,0.164,-0.008,
82736516163736,GameRo,0.034,-0.045,-0.779,0.625
82736516163736,acc,1.627,1.888,8.434,
82736535866236,Lacc,1.475,1.374,-2.252,
82736534746236,Gyro,0.272,0.192,-0.172,
82736535866236,acc,1.463,2.538,7.489,
82736535866236,GameRo,0.038,-0.046,-0.780,0.623
82736554107955,pre,995.214,,,
82736554448788,Gyro,0.226,0.187,-0.358,
82736555568788,acc,1.143,2.612,7.067,
82736555568788,Lacc,1.195,1.399,-2.667,
82736555568788,GameRo,0.041,-0.047,-0.782,0.621
82736575271288,acc,0.763,2.228,7.172,
82736574151288,Gyro,0.182,0.101,-0.532,
82736575271288,Lacc,0.845,0.975,-2.557,
82736575271288,GameRo,0.043,-0.048,-0.785,0.616
82736594108007,pre,995.221,,,
82736593853788,Gyro,0.161,-0.010,-0.644,
82736594973788,acc,0.404,1.764,7.363,
82736594973788,Lacc,0.498,0.479,-2.362,
82736594973788,GameRo,0.044,-0.049,-0.789,0.611
82736614676288,acc,0.035,1.272,8.164,
82736613556288,Gyro,0.146,-0.031,-0.696,
82736614676288,Lacc,0.141,-0.040,-1.557,
82736614676288,GameRo,0.045,-0.050,-0.793,0.606
82736634105194,pre,995.217,,,
82736634378788,acc,-0.221,1.020,8.929,
82736633258788,Gyro,0.248,0.003,-0.665,
82736634378788,Lacc,-0.097,-0.337,-0.786,
82736634378788,GameRo,0.047,-0.052,-0.797,0.601
82736652961288,Gyro,0.306,0.053,-0.582,
82736654081288,acc,-0.299,1.010,8.535,
82736654081288,Lacc,-0.149,-0.403,-1.171,
82736654081288,GameRo,0.049,-0.053,-0.800,0.596
82736674103372,pre,995.232,,,
82736672663788,Gyro,0.121,0.115,-0.487,
82736673783788,acc,-0.301,1.011,8.390,
82736673783788,Lacc,-0.114,-0.423,-1.313,
82736673783788,GameRo,0.051,-0.053,-0.802,0.592
82736693486340,Lacc,0.094,-0.398,-0.245,
82736692366340,Gyro,-0.036,0.155,-0.374,
82736693486340,acc,-0.132,1.027,9.458,
82736693486340,GameRo,0.052,-0.052,-0.805,0.589
82736714112955,pre,995.265,,,
82736713188840,acc,0.139,1.186,10.318,
82736712068840,Gyro,0.006,0.194,-0.288,
82736713188840,Lacc,0.410,-0.237,0.616,
82736713188840,GameRo,0.054,-0.051,-0.806,0.587
82736731771340,Gyro,0.128,0.177,-0.238,
82736732891340,acc,0.493,1.252,10.463,
82736732891340,Lacc,0.802,-0.194,0.764,
82736732891340,GameRo,0.056,-0.051,-0.807,0.585
82736754102434,pre,995.253,,,
82736752593840,acc,1.061,1.384,10.239,
82736752593840,Lacc,1.399,-0.089,0.546,
82736752593840,GameRo,0.058,-0.051,-0.809,0.583
82736751473840,Gyro,0.153,0.132,-0.266,
82736772296340,acc,1.295,1.144,10.551,
82736771176340,Gyro,0.040,0.139,-0.370,
82736772296340,Lacc,1.666,-0.332,0.860,
82736772296340,GameRo,0.059,-0.050,-0.811,0.580
82736794100715,pre,995.273,,,
82736790865090,Gyro,0.039,0.195,-0.428,
82736791985090,acc,0.973,0.829,11.634,
82736791985090,Lacc,1.391,-0.650,1.945,
82736791985090,GameRo,0.061,-0.049,-0.813,0.577
82736811701340,Lacc,1.015,-0.399,2.332,
82736811701340,acc,0.526,1.125,12.010,
82736810581340,Gyro,0.258,0.330,-0.365,
82736811701340,GameRo,0.065,-0.049,-0.815,0.574
82736834099934,pre,995.232,,,
82736830283840,Gyro,0.390,0.481,-0.305,
82736831403840,acc,0.317,2.169,10.485,
82736831403840,Lacc,0.904,0.574,0.823,
82736831403840,GameRo,0.071,-0.050,-0.816,0.571
82736849972642,Gyro,0.071,0.463,-0.413,
82736851092642,acc,0.885,2.720,8.614,
82736851092642,Lacc,1.568,1.113,-1.039,
82736851092642,GameRo,0.076,-0.048,-0.818,0.568
82736874105663,pre,995.209,,,
82736869688840,Gyro,-0.614,0.286,-0.759,
82736870808840,acc,1.686,2.183,8.527,
82736870808840,Lacc,2.440,0.701,-1.141,
82736870808840,GameRo,0.075,-0.041,-0.822,0.563
82736889391340,Gyro,-1.055,-0.092,-1.188,
82736890511340,Lacc,2.557,-1.314,1.609,
82736890511340,acc,1.795,-0.054,11.308,
82736890511340,GameRo,0.068,-0.032,-0.829,0.554
82736914103528,pre,995.232,,,
82736909080142,Gyro,-0.649,-0.493,-1.281,
82736910200142,acc,0.585,-2.161,14.688,
82736910200142,Lacc,1.280,-3.271,4.966,
82736910200142,GameRo,0.061,-0.028,-0.837,0.544
82736928796340,Gyro,0.400,-0.474,-0.914,
82736929916340,acc,-0.336,-2.126,15.238,
82736929916340,Lacc,0.288,-3.294,5.518,
82736929916340,GameRo,0.059,-0.033,-0.842,0.536
82736954109882,pre,995.229,,,
82736948498840,Gyro,0.994,-0.119,-0.499,
82736949618840,acc,-0.022,-0.629,11.051,
82736949618840,Lacc,0.589,-1.976,1.353,
82736949618840,GameRo,0.063,-0.042,-0.844,0.531
82736969307642,Lacc,1.627,-0.555,-1.569,
82736968187642,Gyro,0.667,0.260,-0.422,
82736969307642,acc,0.960,0.912,8.108,
82736969307642,GameRo,0.069,-0.046,-0.846,0.527
82736994100194,pre,995.237,,,
82736987903840,Gyro,0.121,0.190,-0.700,
82736989023840,acc,1.503,1.498,7.204,
82736989023840,Lacc,2.219,0.016,-2.467,
82736989023840,GameRo,0.071,-0.045,-0.849,0.521
82737008726340,Lacc,2.311,-0.624,-1.364,
82737007606340,Gyro,-0.242,-0.197,-1.115,
82737008726340,acc,1.607,0.795,8.317,
82737008726340,GameRo,0.068,-0.044,-0.855,0.512
82737034111653,pre,995.252,,,
82737028428840,acc,1.417,-0.249,9.528,
82737027308840,Gyro,-0.308,-0.566,-1.410,
82737028428840,Lacc,2.045,-1.587,-0.170,
82737028428840,GameRo,0.062,-0.043,-0.863,0.500
82737047011340,Gyro,-0.381,-0.573,-1.508,
82737048131340,acc,1.144,-0.925,9.948,
82737048131340,Lacc,1.697,-2.166,0.232,
82737048131340,GameRo,0.056,-0.042,-0.870,0.487
82737074099517,pre,995.224,,,
82737066713840,Gyro,-0.510,-0.257,-1.421,
82737067833840,acc,0.651,-1.117,10.000,
82737067833840,Lacc,1.185,-2.239,0.269,
82737067833840,GameRo,0.051,-0.037,-0.878,0.475
82737086416340,Gyro,-0.594,0.169,-1.192,
82737087536340,acc,0.236,-0.696,9.581,
82737087536340,Lacc,0.824,-1.687,-0.161,
82737087536340,GameRo,0.050,-0.031,-0.883,0.465
82737114103684,pre,995.219,,,
82737106118840,Gyro,-0.522,0.383,-1.011,
82737107238840,acc,0.246,0.187,9.016,
82737107238840,Lacc,0.925,-0.689,-0.731,
82737107238840,GameRo,0.051,-0.024,-0.888,0.457
82737125821340,Gyro,-0.351,0.330,-0.965,
82737126941340,acc,0.461,0.949,8.046,
82737126941340,Lacc,1.214,0.153,-1.702,
82737126941340,GameRo,0.053,-0.019,-0.892,0.449
82737154099309,pre,995.255,,,
82737146630090,acc,0.732,1.579,6.995,
82737145510090,Gyro,-0.317,0.083,-1.071,
82737146630090,Lacc,1.513,0.857,-2.758,
82737146630090,GameRo,0.052,-0.016,-0.897,0.439
82737165226288,Gyro,-0.394,-0.215,-1.287,
82737166346288,acc,0.817,1.762,6.799,
82737166346288,Lacc,1.568,1.129,-2.962,
82737166346288,GameRo,0.048,-0.013,-0.902,0.428
82737194108476,pre,995.234,,,
82737184928788,Gyro,-0.486,-0.490,-1.517,
82737186048788,acc,0.665,1.589,7.323,
82737186048788,Lacc,1.335,1.068,-2.450,
82737186048788,GameRo,0.042,-0.010,-0.909,0.415
82737204631288,Gyro,-0.484,-0.599,-1.692,
82737205751288,acc,0.383,1.128,8.361,
82737205751288,Lacc,0.950,0.717,-1.425,
82737205751288,GameRo,0.035,-0.008,-0.916,0.400
82737234113424,pre,995.255,,,
82737224333788,Gyro,-0.428,-0.578,-1.758,
82737225453788,acc,0.100,0.718,8.881,
82737225453788,Lacc,0.566,0.407,-0.913,
82737225453788,GameRo,0.028,-0.006,-0.923,0.384
82737245156288,acc,-0.073,0.446,9.440,
82737244036288,Gyro,-0.362,-0.455,-1.786,
82737245156288,Lacc,0.313,0.218,-0.360,
82737245156288,GameRo,0.023,-0.004,-0.930,0.368
82737274112903,pre,995.240,,,
82737263738788,Gyro,-0.203,-0.343,-1.797,
82737264858788,acc,-0.287,0.083,10.040,
82737264858788,Lacc,0.040,-0.092,0.237,
82737264858788,GameRo,0.019,-0.003,-0.936,0.351
82737283441236,Gyro,-0.009,-0.320,-1.787,
82737284561236,acc,-0.516,-0.444,10.172,
82737284561236,Lacc,-0.244,-0.606,0.367,
82737284561236,GameRo,0.016,-0.003,-0.942,0.335
82737314112330,pre,995.240,,,
82737303143736,Gyro,0.040,-0.349,-1.784,
82737304263736,acc,-0.413,-0.954,10.074,
82737304263736,Lacc,-0.202,-1.112,0.267,
82737304263736,GameRo,0.013,-0.004,-0.948,0.318
82737322846236,Gyro,-0.065,-0.289,-1.782,
82737323966236,acc,-0.435,-1.545,10.665,
82737323966236,Lacc,-0.274,-1.679,0.857,
82737323966236,GameRo,0.010,-0.004,-0.953,0.301
82737354113424,pre,995.278,,,
82737342548736,Gyro,-0.150,-0.139,-1.697,
82737343668736,acc,-0.666,-1.881,11.470,
82737343668736,Lacc,-0.526,-1.977,1.662,
82737343668736,GameRo,0.008,-0.003,-0.958,0.285
82737362251236,Gyro,-0.061,-0.001,-1.519,
82737363371236,acc,-0.724,-1.926,12.356,
82737363371236,Lacc,-0.581,-2.002,2.547,
82737363371236,GameRo,0.008,-0.002,-0.963,0.271
82737381953684,Gyro,0.206,0.083,-1.346,
82737394103007,pre,995.263,,,
82737383073684,acc,-0.469,-1.130,12.724,
82737383073684,Lacc,-0.308,-1.238,2.916,
82737383073684,GameRo,0.009,-0.003,-0.966,0.258
82737401656184,Gyro,0.426,0.168,-1.275,
82737402776184,acc,0.025,-0.099,11.747,
82737402776184,Lacc,0.222,-0.284,1.941,
82737402776184,GameRo,0.012,-0.007,-0.969,0.246
82737421358684,Gyro,0.325,0.185,-1.363,
82737422478684,acc,0.626,0.393,10.114,
82737434107694,pre,995.247,,,
82737422478684,Lacc,0.862,0.150,0.310,
82737422478684,GameRo,0.015,-0.009,-0.972,0.233
82737441061184,Gyro,-0.092,0.079,-1.571,
82737442181184,acc,0.800,0.133,9.608,
82737442181184,Lacc,1.056,-0.083,-0.196,
82737442181184,GameRo,0.015,-0.008,-0.976,0.218
82737460763632,Gyro,-0.442,-0.144,-1.696,
82737461883632,acc,0.505,-1.009,10.813,
82737474104361,pre,995.265,,,
82737461883632,Lacc,0.737,-1.130,1.006,
82737461883632,GameRo,0.013,-0.004,-0.979,0.202
82737481586132,Lacc,0.403,-1.720,2.848,
82737480466132,Gyro,-0.409,-0.237,-1.578,
82737481586132,GameRo,0.010,0.000,-0.982,0.186
82737481586132,acc,0.215,-1.689,12.656,
82737500168632,Gyro,-0.061,-0.083,-1.276,
82737501288632,acc,0.181,-1.581,13.068,
82737501288632,Lacc,0.352,-1.592,3.260,
82737501288632,GameRo,0.009,0.001,-0.985,0.174
82737514103319,pre,995.273,,,
82737519871080,Gyro,0.299,0.122,-0.975,
82737520991080,acc,0.854,-0.683,11.261,
82737520991080,Lacc,1.047,-0.747,1.453,
82737520991080,GameRo,0.010,-0.002,-0.986,0.165
82737539573580,Gyro,0.305,0.173,-0.891,
82737540693580,acc,1.719,0.315,9.138,
82737540693580,Lacc,1.941,0.195,-0.668,
82737540693580,GameRo,0.012,-0.004,-0.988,0.156
82737554112330,pre,995.265,,,
82737559276080,Gyro,0.067,0.073,-1.015,
82737560396080,acc,2.454,0.860,8.459,
82737560396080,Lacc,2.684,0.729,-1.347,
82737560396080,GameRo,0.013,-0.005,-0.989,0.146
82737578978580,Gyro,-0.109,0.012,-1.247,
82737580098580,acc,2.498,0.920,9.165,
82737580098580,Lacc,2.726,0.814,-0.641,
82737580098580,GameRo,0.012,-0.004,-0.991,0.134
82737594112174,pre,995.247,,,
82737598681028,Gyro,-0.089,0.035,-1.362,
82737599801028,acc,1.707,0.652,9.281,
82737599801028,Lacc,1.939,0.568,-0.526,
82737599801028,GameRo,0.012,-0.003,-0.993,0.121
82737618383528,Gyro,-0.073,0.069,-1.338,
82737619503528,acc,1.188,0.666,8.728,
82737619503528,Lacc,1.431,0.600,-1.079,
82737619503528,GameRo,0.013,-0.002,-0.994,0.107
82737634105090,pre,995.247,,,
82737638085976,Gyro,-0.067,0.049,-1.310,
82737639205976,acc,0.907,0.745,8.551,
82737639205976,Lacc,1.157,0.696,-1.256,
82737639205976,GameRo,0.013,-0.001,-0.995,0.095
82737657788476,Gyro,-0.012,-0.029,-1.262,
82737658908476,acc,0.628,0.736,8.475,
82737658908476,Lacc,0.871,0.694,-1.332,
82737658908476,GameRo,0.013,-0.001,-0.997,0.082
82737674107278,pre,995.271,,,
82737677490976,Gyro,-0.015,-0.004,-1.194,
82737678610976,acc,0.720,0.763,8.649,
82737678610976,Lacc,0.960,0.726,-1.158,
82737678610976,GameRo,0.012,-0.001,-0.997,0.071
82737698313424,acc,0.791,0.752,9.539,
82737697193424,Gyro,0.128,0.055,-1.199,
82737698313424,Lacc,1.039,0.695,-0.268,
82737698313424,GameRo,0.013,-0.002,-0.998,0.059
82737714108424,pre,995.260,,,
82737718015924,Lacc,0.674,0.417,-0.979,
82737716895924,Gyro,0.440,-0.021,-1.207,
82737718015924,acc,0.430,0.555,8.827,
82737718015924,GameRo,0.013,-0.006,-0.999,0.047
82737736598424,Gyro,0.457,-0.123,-1.177,
82737737718424,acc,0.139,0.618,7.822,
82737737718424,Lacc,0.363,0.396,-1.984,
82737737718424,GameRo,0.012,-0.011,-0.999,0.035
82737754107122,pre,995.234,,,
82737756300872,Gyro,0.213,-0.043,-1.127,
82737757420872,acc,-0.059,0.747,7.900,
82737757420872,Lacc,0.162,0.487,-1.904,
82737757420872,GameRo,0.012,-0.013,-1.000,0.024
82737776003372,Gyro,-0.019,0.210,-1.040,
82737777123372,acc,-0.492,0.762,8.840,
82737777123372,Lacc,-0.225,0.508,-0.963,
82737777123372,GameRo,0.014,-0.013,-1.000,0.014
82737794106965,pre,995.286,,,
82737795705819,Gyro,0.045,0.301,-0.882,
82737796825819,acc,-1.056,0.739,9.304,
82737796825819,Lacc,-0.724,0.480,-0.496,
82737796825819,GameRo,0.017,-0.013,-1.000,0.005
82737815408319,Gyro,0.210,0.102,-0.683,
82737816528319,acc,-1.337,1.061,8.757,
82737816528319,Lacc,-0.978,0.764,-1.043,
82737816528319,GameRo,-0.018,0.015,1.000,0.002
82737834107799,pre,995.235,,,
82737835110819,Gyro,0.230,-0.204,-0.532,
82737836230819,acc,-0.974,1.611,8.552,
82737836230819,Lacc,-0.649,1.270,-1.247,
82737836230819,GameRo,-0.016,0.018,1.000,0.007
82737854813267,Gyro,0.147,-0.329,-0.476,
82737855933267,acc,-0.613,1.874,9.312,
82737855933267,Lacc,-0.348,1.503,-0.488,
82737855933267,GameRo,-0.013,0.019,1.000,0.012
82737874117590,pre,995.242,,,
82737875635767,Lacc,-0.420,1.225,0.437,
82737874515767,Gyro,0.112,-0.342,-0.390,
82737875635767,acc,-0.623,1.619,10.236,
82737875635767,GameRo,-0.010,0.020,1.000,0.016
82737894218215,Gyro,0.230,-0.342,-0.257,
82737895338215,acc,-0.313,1.532,11.155,
82737895338215,Lacc,-0.173,1.092,1.355,
82737895338215,GameRo,-0.007,0.023,1.000,0.018
82737914128215,pre,995.255,,,
82737913920715,Gyro,0.443,-0.329,-0.214,
82737915040715,acc,0.416,1.573,11.652,
82737915040715,Lacc,0.494,1.045,1.857,
82737915040715,GameRo,-0.003,0.027,0.999,0.020
82737933623163,Gyro,0.602,-0.258,-0.312,
82737934743163,acc,0.698,1.702,11.416,
82737934743163,Lacc,0.728,1.056,1.627,
82737934743163,GameRo,-0.001,0.033,0.999,0.024
82737954117330,pre,995.247,,,
82737953325663,Gyro,0.557,-0.119,-0.363,
82737954445663,acc,-0.059,1.524,10.759,
82737954445663,Lacc,-0.047,0.769,0.978,
82737954445663,GameRo,0.000,0.039,0.999,0.027
82737973028111,Gyro,0.303,0.072,-0.239,
82737974148111,acc,-0.467,1.777,9.952,
82737974148111,Lacc,-0.436,0.961,0.176,
82737974148111,GameRo,-0.000,0.042,0.999,0.030
82737994113163,pre,995.252,,,
82737993850611,acc,0.016,1.871,9.413,
82737992730611,Gyro,-0.190,0.261,-0.181,
82737993850611,Lacc,0.099,1.089,-0.365,
82737993850611,GameRo,-0.003,0.040,0.999,0.031
82738013553111,acc,0.508,0.577,10.845,
82738012433111,Gyro,-0.684,0.239,-0.336,
82738013553111,Lacc,0.640,-0.072,1.058,
82738013553111,GameRo,-0.006,0.033,0.999,0.034
82738034114726,pre,995.250,,,
82738033241809,acc,-0.139,-1.458,13.623,
82738032121809,Gyro,-0.617,-0.066,-0.438,
82738033241809,Lacc,-0.014,-1.983,3.828,
82738033241809,GameRo,-0.005,0.027,0.999,0.039
82738051838059,Gyro,0.168,-0.295,-0.147,
82738052958059,acc,-1.335,-2.003,15.241,
82738052958059,Lacc,-1.264,-2.554,5.447,
82738052958059,GameRo,-0.003,0.028,0.999,0.040
82738074104361,pre,995.258,,,
82738071540507,Gyro,0.941,-0.201,0.286,
82738072660507,acc,-0.799,-0.466,12.237,
82738072660507,Lacc,-0.768,-1.196,2.455,
82738072660507,GameRo,-0.000,0.037,0.999,0.038
82738091229257,Gyro,0.808,0.053,0.388,
82738092349257,acc,0.003,1.073,8.909,
82738092349257,Lacc,0.038,0.186,-0.861,
82738092349257,GameRo,-0.000,0.045,0.998,0.034
82738114106549,pre,995.242,,,
82738110945455,Gyro,0.284,0.087,0.181,
82738112065455,acc,0.452,1.877,7.798,
82738112065455,Lacc,0.498,0.932,-1.966,
82738112065455,GameRo,-0.001,0.048,0.998,0.032
82738130647955,Gyro,-0.055,-0.132,-0.156,
82738131767955,acc,0.283,1.369,9.007,
82738131767955,Lacc,0.306,0.433,-0.758,
82738131767955,GameRo,0.000,0.048,0.998,0.033
82738154110872,pre,995.304,,,
82738150350403,Gyro,0.003,-0.345,-0.292,
82738151470403,acc,-0.546,0.207,9.992,
82738151470403,Lacc,-0.583,-0.728,0.227,
82738151470403,GameRo,0.004,0.048,0.998,0.037
82738170052903,Gyro,0.104,-0.320,-0.135,
82738171172903,acc,-1.052,-0.172,9.838,
82738171172903,Lacc,-1.144,-1.124,0.075,
82738171172903,GameRo,0.007,0.048,0.998,0.038
82738194110559,pre,995.260,,,
82738189755351,Gyro,0.094,-0.151,0.112,
82738190875351,acc,-0.736,0.162,8.834,
82738190875351,Lacc,-0.857,-0.806,-0.928,
82738190875351,GameRo,0.008,0.049,0.998,0.037
82738209457851,Gyro,-0.096,-0.015,0.254,
82738210577851,acc,-0.296,0.611,8.122,
82738210577851,Lacc,-0.423,-0.337,-1.641,
82738210577851,GameRo,0.008,0.048,0.998,0.034
82738234113944,pre,995.286,,,
82738230280299,Lacc,-0.379,-0.111,-1.734,
82738230280299,GameRo,0.008,0.046,0.998,0.031
82738230280299,acc,-0.243,0.793,8.033,
82738229160299,Gyro,-0.220,-0.020,0.335,
82738248862799,Gyro,-0.283,-0.080,0.444,
82738249982799,Lacc,-0.535,0.079,-1.724,
82738249982799,acc,-0.378,0.929,8.048,
82738249982799,GameRo,0.009,0.043,0.999,0.027
82738274108788,pre,995.250,,,
82738268565247,Gyro,-0.164,-0.183,0.556,
82738269685247,acc,-0.048,1.239,8.696,
82738269685247,Lacc,-0.249,0.422,-1.077,
82738269685247,GameRo,0.011,0.042,0.999,0.022
82738289387747,acc,0.527,1.720,8.530,
82738288267747,Gyro,0.054,-0.298,0.577,
82738289387747,Lacc,0.258,0.891,-1.241,
82738289387747,GameRo,0.014,0.042,0.999,0.016
82738314113684,pre,995.273,,,
82738307970194,Gyro,0.109,-0.319,0.480,
82738309090194,acc,0.980,2.082,8.298,
82738309090194,Lacc,0.641,1.230,-1.469,
82738309090194,GameRo,0.018,0.043,0.999,0.011
82738327672694,Gyro,0.005,-0.194,0.335,
82738328792694,acc,1.229,2.145,8.511,
82738328792694,Lacc,0.843,1.291,-1.255,
82738328792694,GameRo,0.020,0.043,0.999,0.008
82738354110299,pre,995.268,,,
82738347375142,Gyro,-0.034,-0.029,0.182,
82738348495142,acc,1.046,1.859,9.480,
82738348495142,Lacc,0.650,1.010,-0.285,
82738348495142,GameRo,0.020,0.043,0.999,0.006
82738367077642,Gyro,0.225,-0.002,0.081,
82738368197642,acc,0.800,1.570,10.263,
82738368197642,Lacc,0.402,0.676,0.502,
82738368197642,GameRo,0.021,0.045,0.999,0.006
82738394106184,pre,995.270,,,
82738386780090,Gyro,0.576,-0.109,0.018,
82738387900090,acc,0.565,1.481,9.714,
82738387900090,Lacc,0.144,0.475,-0.036,
82738387900090,GameRo,0.022,0.051,0.998,0.005
82738406482590,Gyro,0.638,-0.191,-0.063,
82738407602590,acc,0.770,1.577,8.734,
82738407602590,Lacc,0.313,0.447,-0.999,
82738407602590,GameRo,0.024,0.058,0.998,0.006
82738434103007,pre,995.270,,,
82738426185038,Gyro,0.357,-0.126,-0.227,
82738427305038,acc,1.002,1.484,8.788,
82738427305038,Lacc,0.524,0.282,-0.937,
82738427305038,GameRo,0.025,0.061,0.998,0.008
82738445887538,Gyro,0.054,-0.032,-0.370,
82738447007538,acc,0.651,0.729,9.798,
82738447007538,Lacc,0.176,-0.485,0.075,
82738447007538,GameRo,0.025,0.062,0.998,0.012
82738474108788,pre,995.278,,,
82738465589986,Gyro,0.033,-0.024,-0.364,
82738466709986,acc,0.218,0.132,11.254,
82738466709986,Lacc,-0.252,-1.089,1.532,
82738466709986,GameRo,0.025,0.062,0.998,0.015
82738485292486,Gyro,0.232,0.002,-0.232,
82738486412486,acc,0.017,0.621,11.597,
82738486412486,Lacc,-0.446,-0.645,1.880,
82738486412486,GameRo,0.025,0.064,0.997,0.018
82738514116184,pre,995.240,,,
82738506114934,acc,0.331,1.463,10.243,
82738504994934,Gyro,0.235,0.147,-0.164,
82738506114934,Lacc,-0.100,0.151,0.531,
82738506114934,GameRo,0.023,0.067,0.997,0.019
82738524697434,Gyro,-0.185,0.292,-0.147,
82738525817434,acc,0.409,1.625,8.850,
82738525817434,Lacc,0.037,0.345,-0.869,
82738525817434,GameRo,0.020,0.065,0.997,0.020
82738554106861,pre,995.252,,,
82738544399882,Gyro,-0.840,0.390,-0.135,
82738545519882,acc,0.480,1.306,9.006,
82738545519882,Lacc,0.186,0.187,-0.735,
82738545519882,GameRo,0.016,0.057,0.998,0.022
82738564088632,Gyro,-1.125,0.242,-0.152,
82738565208632,acc,1.022,0.751,11.396,
82738565208632,Lacc,0.776,-0.152,1.630,
82738565208632,GameRo,0.014,0.046,0.999,0.023
82738594112590,pre,995.253,,,
82738583804830,Gyro,-0.676,-0.139,-0.220,
82738584924830,acc,1.315,0.055,13.710,
82738584924830,Lacc,1.045,-0.718,3.934,
82738584924830,GameRo,0.015,0.039,0.999,0.025
82738603507330,Gyro,0.250,-0.466,-0.230,
82738604627330,acc,1.852,0.158,14.053,
82738604627330,Lacc,1.492,-0.663,4.284,
82738604627330,GameRo,0.020,0.041,0.999,0.028
82738634111549,pre,995.283,,,
82738623196080,Gyro,0.763,-0.414,-0.280,
82738624316080,acc,2.389,0.657,10.899,
82738624316080,Lacc,1.950,-0.312,1.146,
82738624316080,GameRo,0.024,0.049,0.998,0.031
82738642912278,Gyro,0.396,-0.032,-0.394,
82738644032278,acc,2.693,0.761,8.560,
82738644032278,Lacc,2.248,-0.286,-1.184,
82738644032278,GameRo,0.025,0.053,0.998,0.034
82738674108684,pre,995.230,,,
82738662614726,Gyro,-0.260,0.383,-0.521,
82738663734726,acc,2.225,0.352,8.743,
82738663734726,Lacc,1.858,-0.648,-1.009,
82738663734726,GameRo,0.021,0.050,0.998,0.039
82738682317226,Gyro,-0.390,0.529,-0.543,
82738683437226,Lacc,1.022,-0.935,0.417,
82738683437226,GameRo,0.015,0.047,0.998,0.044
82738683437226,acc,1.280,-0.010,10.180,
82738702019674,Gyro,-0.040,0.440,-0.445,
82738714119153,pre,995.258,,,
82738703139674,acc,0.473,0.192,9.824,
82738703139674,Lacc,0.307,-0.725,0.059,
82738703139674,GameRo,0.011,0.046,0.998,0.049
82738721722174,Gyro,0.201,0.355,-0.334,
82738722842174,acc,0.139,1.008,8.346,
82738722842174,Lacc,0.047,0.050,-1.417,
82738722842174,GameRo,0.007,0.049,0.997,0.052
82738742530924,acc,-0.171,1.440,7.216,
82738754107434,pre,995.253,,,
82738741410924,Gyro,0.159,0.353,-0.273,
82738742530924,Lacc,-0.188,0.449,-2.544,
82738742530924,GameRo,0.004,0.050,0.997,0.054
82738761127122,Gyro,-0.028,0.295,-0.164,
82738762247122,acc,-0.412,1.400,6.638,
82738762247122,Lacc,-0.368,0.412,-3.122,
82738762247122,GameRo,0.001,0.051,0.997,0.056
82738780829622,Gyro,-0.132,0.136,-0.069,
82738781949622,acc,0.017,1.620,7.292,
82738794105819,pre,995.268,,,
82738781949622,Lacc,0.088,0.654,-2.470,
82738781949622,GameRo,-0.001,0.049,0.997,0.056
82738800532069,Gyro,-0.001,-0.044,-0.054,
82738801652069,acc,0.431,1.793,7.804,
82738801652069,Lacc,0.493,0.823,-1.958,
82738801652069,GameRo,-0.000,0.050,0.997,0.057
82738820234517,Gyro,0.125,-0.100,-0.080,
82738821354517,acc,0.698,1.950,7.785,
82738821354517,Lacc,0.740,0.952,-1.974,
82738821354517,GameRo,0.001,0.051,0.997,0.058
82738834106288,pre,995.250,,,
82738839937017,Gyro,0.148,-0.008,-0.134,
82738841057017,acc,0.730,2.215,7.525,
82738841057017,Lacc,0.771,1.183,-2.230,
82738841057017,GameRo,0.001,0.053,0.997,0.059
82738859639465,Gyro,0.039,0.130,-0.178,
82738860759465,acc,0.367,2.307,7.045,
82738860759465,Lacc,0.435,1.263,-2.709,
82738860759465,GameRo,-0.000,0.053,0.997,0.061
82738874101236,pre,995.263,,,
82738879341965,Gyro,-0.160,0.178,-0.169,
82738880461965,acc,-0.012,2.262,7.012,
82738880461965,Lacc,0.093,1.244,-2.744,
82738880461965,GameRo,-0.002,0.052,0.997,0.062
82738899044465,Gyro,-0.356,0.119,-0.151,
82738900164465,acc,-0.194,2.063,7.740,
82738900164465,Lacc,-0.064,1.109,-2.022,
82738900164465,GameRo,-0.004,0.049,0.997,0.064
82738914114674,pre,995.268,,,
82738918733215,Gyro,-0.390,-0.015,-0.140,
82738919853215,acc,-0.509,1.634,9.426,
82738919853215,Lacc,-0.377,0.753,-0.344,
82738919853215,GameRo,-0.004,0.045,0.997,0.065
82738938449413,Gyro,-0.081,-0.188,-0.042,
82738939569413,acc,-0.808,1.201,11.377,
82738939569413,Lacc,-0.710,0.335,1.606,
82738939569413,GameRo,-0.002,0.044,0.997,0.065
82738954110090,pre,995.263,,,
82738958151861,Gyro,0.323,-0.186,0.123,
82738959271861,acc,-0.625,1.275,11.960,
82738959271861,Lacc,-0.563,0.346,2.194,
82738959271861,GameRo,-0.000,0.047,0.997,0.064
82738977854361,Gyro,0.396,0.041,0.241,
82738978974361,acc,-0.156,1.439,11.210,
82738978974361,Lacc,-0.091,0.434,1.453,
82738978974361,GameRo,-0.000,0.051,0.997,0.062
82738994116809,pre,995.273,,,
82738997556809,Gyro,0.202,0.305,0.257,
82738998676809,acc,0.057,1.570,11.085,
82738998676809,Lacc,0.175,0.524,1.332,
82738998676809,GameRo,-0.003,0.054,0.997,0.059
82739018379309,Lacc,0.059,0.458,1.976,
82739018379309,acc,-0.138,1.518,11.727,
82739018379309,GameRo,-0.007,0.055,0.997,0.057
82739017259309,Gyro,0.066,0.432,0.201,
82739034106444,pre,995.265,,,
82739038081757,Lacc,-0.658,0.381,2.407,
82739036961757,Gyro,0.123,0.461,0.221,
82739038081757,acc,-0.940,1.466,12.153,
82739038081757,GameRo,-0.011,0.056,0.997,0.055
82739056664257,Gyro,0.109,0.399,0.348,
82739057784257,acc,-1.111,1.836,11.151,
82739074104830,pre,995.263,,,
82739057784257,Lacc,-0.759,0.727,1.410,
82739057784257,GameRo,-0.015,0.057,0.997,0.051
82739076366705,Gyro,-0.186,0.246,0.321,
82739077486705,acc,-0.467,2.127,10.419,
82739077486705,Lacc,-0.075,1.049,0.676,
82739077486705,GameRo,-0.017,0.056,0.997,0.048
82739096055455,Gyro,-0.632,0.000,0.030,
82739097175455,acc,-0.195,0.649,11.252,
82739097175455,Lacc,0.196,-0.307,1.497,
82739097175455,GameRo,-0.018,0.050,0.997,0.047
82739114102955,pre,995.281,,,
82739115771653,Gyro,-0.596,-0.256,-0.139,
82739116891653,acc,-1.506,-1.327,14.126,
82739116891653,Lacc,-1.159,-2.163,4.358,
82739116891653,GameRo,-0.016,0.043,0.998,0.049
82739135474153,Gyro,0.139,-0.367,0.204,
82739136594153,acc,-3.019,-2.115,14.525,
82739136594153,Lacc,-2.741,-2.973,4.757,
82739136594153,GameRo,-0.012,0.044,0.998,0.047
82739154097747,pre,995.288,,,
82739155162903,Gyro,0.571,-0.288,0.753,
82739156282903,acc,-1.962,-0.815,11.404,
82739156282903,Lacc,-1.749,-1.780,1.644,
82739156282903,GameRo,-0.009,0.050,0.998,0.040
82739174879101,Gyro,0.237,0.000,0.807,
82739175999101,acc,0.155,0.763,9.404,
82739175999101,Lacc,0.350,-0.250,-0.352,
82739175999101,GameRo,-0.008,0.052,0.998,0.032
82739194102226,pre,995.255,,,
82739194581549,Gyro,-0.260,0.128,0.408,
82739195701549,acc,0.840,1.175,9.545,
82739195701549,Lacc,1.049,0.209,-0.215,
82739195701549,GameRo,-0.009,0.050,0.998,0.028
82739214284049,Gyro,-0.287,-0.017,0.039,
82739215404049,Lacc,-0.041,-0.843,0.808,
82739215404049,acc,-0.246,0.066,10.574,
82739215404049,GameRo,-0.009,0.047,0.998,0.027
82739234102747,pre,995.275,,,
82739233986497,Gyro,-0.048,-0.186,0.022,
82739235106497,acc,-1.004,-0.648,10.301,
82739235106497,Lacc,-0.832,-1.544,0.534,
82739235106497,GameRo,-0.007,0.046,0.999,0.027
82739253688997,Gyro,0.122,-0.214,0.186,
82739254808997,acc,-1.123,-0.593,9.399,
82739254808997,Lacc,-0.994,-1.508,-0.367,
82739254808997,GameRo,-0.005,0.047,0.999,0.025
82739274108736,pre,995.268,,,
82739273391444,Gyro,0.171,-0.180,0.374,
82739274511444,acc,-0.732,-0.141,8.427,
82739274511444,Lacc,-0.642,-1.087,-1.337,
82739274511444,GameRo,-0.004,0.048,0.999,0.022
82739293093944,Gyro,0.140,-0.066,0.476,
82739294213944,acc,-0.221,0.336,7.926,
82739294213944,Lacc,-0.152,-0.636,-1.836,
82739294213944,GameRo,-0.003,0.050,0.999,0.017
82739314111601,pre,995.237,,,
82739312796392,Gyro,0.123,0.056,0.550,
82739313916392,acc,-0.099,0.526,7.503,
82739313916392,Lacc,-0.030,-0.468,-2.256,
82739313916392,GameRo,-0.003,0.051,0.999,0.012
82739332498892,Gyro,0.119,0.112,0.639,
82739333618892,acc,0.060,0.936,7.217,
82739333618892,Lacc,0.137,-0.084,-2.539,
82739333618892,GameRo,-0.004,0.052,0.999,0.005
82739354112382,pre,995.232,,,
82739352201340,Gyro,0.179,0.038,0.674,
82739353321340,acc,0.429,1.578,7.055,
82739353321340,Lacc,0.498,0.520,-2.698,
82739353321340,GameRo,0.004,-0.054,-0.999,0.001
82739373023840,Lacc,0.827,1.026,-2.605,
82739373023840,GameRo,0.002,-0.057,-0.998,0.007
82739371903840,Gyro,0.235,-0.092,0.606,
82739373023840,acc,0.791,2.134,7.141,
82739394098163,pre,995.257,,,
82739391606288,Gyro,0.231,-0.114,0.467,
82739392726288,acc,1.021,2.557,7.350,
82739392726288,Lacc,1.021,1.398,-2.391,
82739392726288,GameRo,0.001,-0.059,-0.998,0.012
82739412428788,acc,1.037,2.660,7.470,
82739411308788,Gyro,0.121,-0.021,0.299,
82739412428788,Lacc,1.022,1.472,-2.267,
82739412428788,GameRo,0.000,-0.061,-0.998,0.015
82739434107851,pre,995.298,,,
82739431011236,Gyro,0.009,0.078,0.133,
82739432131236,acc,0.800,2.441,8.326,
82739432131236,Lacc,0.795,1.247,-1.410,
82739432131236,GameRo,0.001,-0.061,-0.998,0.016
82739450699986,Gyro,0.193,-0.002,-0.012,
82739451819986,acc,0.450,2.049,9.744,
82739451819986,Lacc,0.444,0.815,0.011,
82739451819986,GameRo,0.001,-0.063,-0.998,0.016
82739474107642,pre,995.270,,,
82739470416184,Gyro,0.495,-0.144,-0.109,
82739471536184,acc,0.071,1.914,9.524,
82739471536184,Lacc,0.039,0.584,-0.195,
82739471536184,GameRo,-0.001,-0.068,-0.998,0.015
82739490118684,Gyro,0.439,-0.142,-0.192,
82739491238684,acc,0.019,1.894,9.035,
82739491238684,Lacc,-0.035,0.478,-0.672,
82739491238684,GameRo,-0.002,-0.072,-0.997,0.013
82739514107122,pre,995.288,,,
82739509821132,Gyro,0.154,-0.063,-0.301,
82739510941132,Lacc,-0.074,0.252,-0.136,
82739510941132,acc,-0.018,1.698,9.567,
82739510941132,GameRo,-0.002,-0.074,-0.997,0.010
82739529523632,Gyro,-0.024,0.027,-0.404,
82739530643632,acc,-0.313,1.420,10.895,
82739530643632,Lacc,-0.353,-0.022,1.191,
82739530643632,GameRo,-0.002,-0.074,-0.997,0.006
82739554112642,pre,995.298,,,
82739549226080,Gyro,-0.014,0.106,-0.412,
82739550346080,acc,-0.882,1.280,11.961,
82739550346080,Lacc,-0.887,-0.159,2.257,
82739550346080,GameRo,-0.000,-0.074,-0.997,0.002
82739570048528,acc,-0.957,1.627,12.001,
82739568928528,Gyro,0.046,0.157,-0.343,
82739570048528,Lacc,-0.920,0.180,2.298,
82739570048528,GameRo,-0.002,0.074,0.997,0.002
82739594106653,pre,995.296,,,
82739589751028,acc,-0.558,1.707,11.048,
82739588631028,Gyro,-0.082,0.195,-0.314,
82739589751028,Lacc,-0.474,0.275,1.343,
82739589751028,GameRo,-0.004,0.073,0.997,0.004
82739609453476,Lacc,0.219,-0.325,0.616,
82739609453476,acc,0.088,1.004,10.335,
82739609453476,GameRo,-0.006,0.068,0.998,0.008
82739608333476,Gyro,-0.521,0.188,-0.406,
82739634112851,pre,995.286,,,
82739628022226,Gyro,-0.926,0.038,-0.492,
82739629142226,acc,-0.355,-0.909,11.932,
82739629142226,Lacc,-0.205,-2.054,2.190,
82739629142226,GameRo,-0.007,0.059,0.998,0.013
82739647738424,Gyro,-0.549,-0.248,-0.240,
82739648858424,acc,-1.002,-1.774,14.647,
82739648858424,Lacc,-0.892,-2.807,4.892,
82739648858424,GameRo,-0.005,0.053,0.998,0.016
82739674111549,pre,995.294,,,
82739667440924,Gyro,0.326,-0.457,0.081,
82739668560924,acc,0.111,-0.712,14.439,
82739668560924,Lacc,0.131,-1.804,4.691,
82739668560924,GameRo,-0.000,0.056,0.998,0.015
82739687129674,Gyro,0.682,-0.430,0.056,
82739688249674,Lacc,1.344,-0.763,1.439,
82739688249674,GameRo,0.004,0.062,0.998,0.015
82739688249674,acc,1.411,0.457,11.173,
82739714104153,pre,995.260,,,
82739707965872,acc,1.851,0.624,9.071,
82739706845872,Gyro,0.258,-0.198,-0.153,
82739707965872,Lacc,1.745,-0.644,-0.656,
82739707965872,GameRo,0.006,0.065,0.998,0.016
82739727668319,acc,1.293,0.121,9.254,
82739726548319,Gyro,-0.325,0.141,-0.283,
82739727668319,Lacc,1.216,-1.083,-0.482,
82739727668319,GameRo,0.005,0.061,0.998,0.019
82739754103163,pre,995.242,,,
82739746250767,Gyro,-0.457,0.297,-0.220,
82739747370767,acc,0.610,-0.129,9.823,
82739747370767,Lacc,0.594,-1.241,0.076,
82739747370767,GameRo,0.002,0.057,0.998,0.021
82739765953267,Gyro,-0.252,0.225,-0.083,
82739767073267,acc,0.232,0.398,9.154,
82739767073267,Lacc,0.260,-0.664,-0.598,
82739767073267,GameRo,-0.000,0.054,0.998,0.022
82739794111549,pre,995.250,,,
82739785655715,Gyro,-0.015,0.064,0.002,
82739786775715,acc,0.149,1.341,8.110,
82739786775715,Lacc,0.189,0.281,-1.642,
82739786775715,GameRo,-0.001,0.054,0.998,0.022
82739806464465,acc,0.136,1.932,6.971,
82739805344465,Gyro,0.095,-0.057,0.017,
82739806464465,Lacc,0.165,0.849,-2.778,
82739806464465,GameRo,-0.000,0.055,0.998,0.021
82739834108684,pre,995.247,,,
82739825060663,Gyro,0.017,-0.092,0.007,
82739826180663,acc,0.267,2.232,6.449,
82739826180663,Lacc,0.276,1.139,-3.300,
82739826180663,GameRo,0.001,0.056,0.998,0.021
82739844763111,Gyro,-0.123,-0.072,-0.016,
82739845883111,acc,0.367,2.211,6.496,
82739845883111,Lacc,0.362,1.136,-3.255,
82739845883111,GameRo,0.001,0.055,0.998,0.022
82739874113424,pre,995.281,,,
82739865585611,acc,0.567,2.034,7.384,
82739864465611,Gyro,-0.186,-0.059,-0.061,
82739865585611,Lacc,0.549,0.990,-2.371,
82739865585611,GameRo,0.002,0.053,0.998,0.022
82739885288059,acc,0.791,1.882,8.584,
82739884168059,Gyro,0.049,-0.095,-0.172,
82739885288059,Lacc,0.756,0.826,-1.168,
82739885288059,GameRo,0.003,0.054,0.998,0.024
82739914097851,pre,995.273,,,
82739904990559,acc,0.608,1.708,8.379,
82739903870559,Gyro,0.349,-0.048,-0.304,
82739904990559,Lacc,0.568,0.582,-1.366,
82739904990559,GameRo,0.004,0.057,0.998,0.027
82739923573007,Gyro,0.335,0.102,-0.314,
82739924693007,acc,-0.078,1.235,7.525,
82739924693007,Lacc,-0.090,0.044,-2.212,
82739924693007,GameRo,0.002,0.061,0.998,0.030
82739954111028,pre,995.265,,,
82739943275455,Gyro,0.090,0.290,-0.220,
82739944395455,acc,-0.374,1.291,7.993,
82739944395455,Lacc,-0.325,0.082,-1.742,
82739944395455,GameRo,-0.001,0.062,0.998,0.032
82739962977955,Gyro,0.039,0.330,-0.129,
82739964097955,acc,-0.769,1.352,9.070,
82739964097955,Lacc,-0.651,0.135,-0.664,
82739964097955,GameRo,-0.004,0.062,0.998,0.033
82739994109257,pre,995.271,,,
82739983800403,acc,-1.123,1.369,9.466,
82739982680403,Gyro,0.130,0.221,0.000,
82739983800403,Lacc,-0.961,0.126,-0.264,
82739983800403,GameRo,-0.006,0.064,0.997,0.033
82740002382851,Gyro,0.135,0.125,0.130,
82740003502851,acc,-0.917,1.695,9.692,
82740003502851,Lacc,-0.731,0.424,-0.034,
82740003502851,GameRo,-0.007,0.065,0.997,0.032
82740034120194,pre,995.276,,,
82740023205351,acc,-0.373,1.981,10.114,
82740023205351,Lacc,-0.172,0.700,0.390,
82740022085351,Gyro,0.046,0.097,0.142,
82740023205351,GameRo,-0.008,0.066,0.997,0.030
82740041787799,Gyro,-0.048,0.069,0.031,
82740042907799,acc,-0.098,1.710,10.784,
82740042907799,Lacc,0.115,0.437,1.059,
82740042907799,GameRo,-0.009,0.065,0.997,0.030
82740074101809,pre,995.255,,,
82740061490299,Gyro,-0.083,0.058,-0.057,
82740062610299,acc,-0.608,0.965,11.646,
82740062610299,Lacc,-0.382,-0.290,1.920,
82740062610299,GameRo,-0.010,0.064,0.997,0.030
82740082312747,acc,-1.597,0.858,12.197,
82740082312747,Lacc,-1.343,-0.383,2.470,
82740081192747,Gyro,-0.065,0.139,0.071,
82740082312747,GameRo,-0.011,0.064,0.997,0.030
82740100895194,Gyro,-0.076,0.287,0.361,
82740102015194,acc,-1.633,1.701,11.539,
82740114106340,pre,995.263,,,
82740102015194,Lacc,-1.330,0.471,1.811,
82740102015194,GameRo,-0.014,0.063,0.998,0.026
82740120597694,Gyro,-0.380,0.320,0.405,
82740121717694,acc,-0.657,2.227,10.592,
82740121717694,Lacc,-0.301,1.065,0.857,
82740121717694,GameRo,-0.017,0.060,0.998,0.022
82740140300142,Gyro,-0.729,0.127,0.130,
82740141420142,acc,-0.014,0.610,11.336,
82740141420142,Lacc,0.362,-0.411,1.586,
82740141420142,GameRo,-0.018,0.053,0.998,0.020
82740154103215,pre,995.260,,,
82740159988892,Gyro,-0.615,-0.258,-0.104,
82740161108892,acc,-1.035,-1.497,13.749,
82740161108892,Lacc,-0.706,-2.395,3.985,
82740161108892,GameRo,-0.016,0.046,0.999,0.021
82740179705090,Gyro,0.201,-0.461,0.205,
82740180825090,acc,-2.378,-1.859,14.833,
82740180825090,Lacc,-2.137,-2.790,5.070,
82740180825090,GameRo,-0.011,0.048,0.999,0.019
82740194109569,pre,995.242,,,
82740199407538,Gyro,0.804,-0.271,0.667,
82740200527538,acc,-1.275,-0.178,11.761,
82740200527538,Lacc,-1.097,-1.262,2.013,
82740200527538,GameRo,-0.008,0.055,0.998,0.013
82740219096288,Gyro,0.513,0.145,0.657,
82740220216288,acc,0.298,1.394,8.676,
82740220216288,Lacc,0.487,0.208,-1.061,
82740220216288,GameRo,-0.009,0.061,0.998,0.006
82740234119101,pre,995.255,,,
82740238812486,Gyro,-0.146,0.315,0.213,
82740239932486,acc,0.706,1.589,7.680,
82740239932486,Lacc,0.947,0.428,-2.058,
82740239932486,GameRo,-0.012,0.059,0.998,0.004
82740258514934,Gyro,-0.444,0.112,-0.180,
82740259634934,acc,-0.453,0.230,9.127,
82740259634934,Lacc,-0.186,-0.843,-0.620,
82740259634934,GameRo,-0.013,0.055,0.998,0.006
82740274109726,pre,995.261,,,
82740278217382,Gyro,-0.270,-0.116,-0.214,
82740279337382,acc,-1.317,-0.608,10.007,
82740279337382,Lacc,-1.065,-1.624,0.253,
82740279337382,GameRo,-0.012,0.052,0.999,0.008
82740299039830,acc,-1.606,-0.683,9.334,
82740299039830,Lacc,-1.383,-1.684,-0.422,
82740297919830,Gyro,-0.049,-0.180,-0.007,
82740299039830,GameRo,-0.011,0.051,0.999,0.008
82740314105403,pre,995.227,,,
82740317622330,Gyro,-0.012,-0.146,0.225,
82740318742330,acc,-1.110,-0.136,8.373,
82740318742330,Lacc,-0.918,-1.133,-1.384,
82740318742330,GameRo,-0.010,0.051,0.999,0.006
82740337324778,Gyro,-0.145,0.010,0.351,
82740338444778,acc,-0.604,0.160,7.892,
82740338444778,Lacc,-0.414,-0.809,-1.868,
82740338444778,GameRo,-0.010,0.049,0.999,0.003
82740354098372,pre,995.240,,,
82740357027226,Gyro,-0.211,0.044,0.442,
82740358147226,acc,-0.462,0.159,7.942,
82740358147226,Lacc,-0.271,-0.769,-1.822,
82740358147226,GameRo,0.010,-0.047,-0.999,0.002
82740376729726,Gyro,-0.061,-0.112,0.541,
82740377849726,acc,-0.072,0.454,8.248,
82740377849726,Lacc,0.087,-0.462,-1.518,
82740377849726,GameRo,0.008,-0.047,-0.999,0.007
82740394099309,pre,995.217,,,
82740396432174,Gyro,0.158,-0.225,0.594,
82740397552174,acc,0.437,1.061,8.259,
82740397552174,Lacc,0.540,0.112,-1.504,
82740397552174,GameRo,0.006,-0.048,-0.999,0.013
82740417254622,Lacc,0.791,0.800,-1.662,
82740417254622,acc,0.744,1.815,8.095,
82740416134622,Gyro,0.322,-0.216,0.606,
82740417254622,GameRo,0.003,-0.052,-0.998,0.019
82740434096028,pre,995.235,,,
82740436957069,acc,0.976,2.481,7.585,
82740435837069,Gyro,0.386,-0.152,0.530,
82740436957069,Lacc,0.980,1.386,-2.164,
82740436957069,GameRo,0.002,-0.056,-0.998,0.024
82740456659517,acc,1.021,2.886,7.432,
82740455539517,Gyro,0.316,-0.111,0.363,
82740456659517,Lacc,0.992,1.724,-2.309,
82740456659517,GameRo,0.000,-0.059,-0.998,0.027
82740474105924,pre,995.253,,,
82740475242017,Gyro,0.233,-0.138,0.141,
82740476362017,acc,0.949,2.815,7.896,
82740476362017,Lacc,0.887,1.601,-1.839,
82740476362017,GameRo,-0.001,-0.062,-0.998,0.029
82740496064465,acc,0.717,2.287,8.975,
82740494944465,Gyro,0.261,-0.268,-0.085,
82740496064465,Lacc,0.604,1.020,-0.752,
82740496064465,GameRo,-0.004,-0.065,-0.998,0.028
82740514098840,pre,995.245,,,
82740515753215,acc,0.359,1.558,10.286,
82740514633215,Gyro,0.465,-0.404,-0.242,
82740515753215,Lacc,0.175,0.201,0.572,
82740515753215,GameRo,-0.008,-0.070,-0.997,0.025
82740534349361,Gyro,0.601,-0.388,-0.295,
82740535469361,acc,0.211,1.077,10.302,
82740535469361,Lacc,-0.039,-0.394,0.606,
82740535469361,GameRo,-0.011,-0.075,-0.997,0.022
82740554108215,pre,995.263,,,
82740554051861,Gyro,0.433,-0.138,-0.294,
82740555171861,acc,-0.033,0.882,10.312,
82740555171861,Lacc,-0.300,-0.672,0.630,
82740555171861,GameRo,-0.012,-0.080,-0.997,0.019
82740574874309,Lacc,-0.764,-0.612,0.943,
82740573754309,Gyro,0.175,0.181,-0.222,
82740574874309,acc,-0.541,0.974,10.622,
82740574874309,GameRo,-0.010,-0.081,-0.996,0.017
82740594094726,pre,995.263,,,
82740593456757,Gyro,-0.038,0.392,-0.142,
82740594576757,acc,-0.735,1.507,10.872,
82740594576757,Lacc,-0.877,-0.072,1.191,
82740594576757,GameRo,-0.006,-0.081,-0.997,0.016
82740613159205,Gyro,-0.243,0.422,-0.173,
82740614279205,acc,-0.407,1.815,10.798,
82740614279205,Lacc,-0.463,0.282,1.108,
82740614279205,GameRo,-0.002,-0.078,-0.997,0.014
82740634100872,pre,995.245,,,
82740632861653,Gyro,-0.508,0.345,-0.333,
82740633981653,acc,-0.268,1.269,11.151,
82740633981653,Lacc,-0.247,-0.166,1.446,
82740633981653,GameRo,0.002,-0.073,-0.997,0.011
82740653684101,Lacc,-0.489,-1.634,2.091,
82740652564101,Gyro,-0.731,0.202,-0.395,
82740653684101,acc,-0.561,-0.343,11.816,
82740653684101,GameRo,0.004,-0.066,-0.998,0.008
82740674105142,pre,995.260,,,
82740672266601,Gyro,-0.618,-0.051,-0.153,
82740673386601,acc,-0.980,-1.487,13.563,
82740673386601,Lacc,-0.913,-2.652,3.823,
82740673386601,GameRo,0.004,-0.060,-0.998,0.006
82740691969049,Gyro,-0.002,-0.209,0.209,
82740693089049,acc,0.002,-0.513,14.684,
82740693089049,Lacc,0.024,-1.674,4.943,
82740693089049,GameRo,0.002,-0.059,-0.998,0.008
82740714098632,pre,995.253,,,
82740712791497,acc,1.223,0.940,12.391,
82740711671497,Gyro,0.553,-0.170,0.292,
82740712791497,Lacc,1.203,-0.325,2.663,
82740712791497,GameRo,-0.000,-0.065,-0.998,0.011
82740732493944,Lacc,2.460,0.510,-0.448,
82740731373944,Gyro,0.463,-0.048,0.057,
82740732493944,GameRo,-0.001,-0.069,-0.998,0.012
82740732493944,acc,2.498,1.866,9.267,
82740754101288,pre,995.263,,,
82740751062694,Gyro,-0.160,0.050,-0.382,
82740752182694,Lacc,2.235,-0.141,-1.297,
82740752182694,GameRo,-0.001,-0.068,-0.998,0.008
82740752182694,acc,2.259,1.185,8.423,
82740770778840,Gyro,-0.501,0.111,-0.538,
82740771898840,acc,1.074,-0.139,10.082,
82740771898840,Lacc,1.081,-1.365,0.349,
82740771898840,GameRo,0.001,-0.063,-0.998,0.003
82740794099674,pre,995.273,,,
82740790481288,Gyro,-0.315,0.178,-0.375,
82740791601288,acc,-0.005,-0.427,10.834,
82740791601288,Lacc,0.045,-1.588,1.093,
82740791601288,GameRo,-0.003,0.059,0.998,0.001
82740811290038,acc,-0.285,0.418,9.565,
82740810170038,Gyro,-0.006,0.318,-0.054,
82740811290038,Lacc,-0.172,-0.740,-0.176,
82740811290038,GameRo,-0.006,0.059,0.998,0.001
82740834107486,pre,995.253,,,
82740829886236,Gyro,0.047,0.405,0.106,
82740831006236,acc,-0.036,1.561,7.533,
82740831006236,Lacc,0.151,0.392,-2.206,
82740831006236,GameRo,0.010,-0.060,-0.998,0.000
82740849588684,Gyro,-0.011,0.216,0.089,
82740850708684,Lacc,0.231,0.853,-3.315,
82740850708684,acc,0.005,2.027,6.422,
82740850708684,GameRo,0.012,-0.060,-0.998,0.001
82740874102799,pre,995.248,,,
82740870411132,acc,0.091,2.160,6.457,
82740870411132,Lacc,0.287,0.986,-3.280,
82740870411132,GameRo,0.010,-0.060,-0.998,0.001
82740869291132,Gyro,-0.026,-0.150,0.024,
82740890113580,Lacc,0.567,1.045,-3.001,
82740888993580,Gyro,-0.060,-0.291,-0.030,
82740890113580,GameRo,0.007,-0.060,-0.998,0.001
82740890113580,acc,0.428,2.212,6.739,
82740914106184,pre,995.240,,,
82740908696028,Gyro,-0.165,-0.149,-0.103,
82740909816028,acc,0.590,2.082,7.132,
82740909816028,Lacc,0.701,0.941,-2.611,
82740909816028,GameRo,-0.006,0.058,0.998,0.000
82740928398476,Gyro,-0.224,0.055,-0.189,
82740929518476,acc,0.511,1.861,7.551,
82740929518476,Lacc,0.635,0.761,-2.196,
82740929518476,GameRo,-0.006,0.056,0.998,0.002
82740954099934,pre,995.276,,,
82740948100924,Gyro,-0.152,0.110,-0.278,
82740949220924,acc,0.093,1.372,8.442,
82740949220924,Lacc,0.243,0.300,-1.308,
82740949220924,GameRo,-0.007,0.055,0.998,0.005
82740968923372,acc,-0.376,1.085,8.818,
82740967803372,Gyro,0.106,-0.014,-0.274,
82740968923372,Lacc,-0.223,-0.007,-0.930,
82740968923372,GameRo,-0.007,0.056,0.998,0.008
82740994110559,pre,995.242,,,
82740987505819,Gyro,0.172,-0.054,-0.192,
82740988625819,acc,-0.540,1.026,8.707,
82740988625819,Lacc,-0.392,-0.098,-1.037,
82740988625819,GameRo,-0.007,0.057,0.998,0.010
82741007208267,Gyro,0.017,0.099,-0.050,
82741008328267,acc,-0.862,1.039,9.156,
82741008328267,Lacc,-0.692,-0.088,-0.587,
82741008328267,GameRo,-0.008,0.058,0.998,0.010
82741034104778,pre,995.286,,,
82741026910715,Gyro,-0.039,0.212,0.189,
82741028030715,acc,-1.118,1.044,9.797,
82741028030715,Lacc,-0.908,-0.076,0.054,
82741028030715,GameRo,-0.010,0.057,0.998,0.008
82741047733163,Lacc,-0.360,0.378,0.446,
82741046613163,Gyro,0.103,0.094,0.398,
82741047733163,acc,-0.580,1.520,10.187,
82741047733163,GameRo,-0.011,0.058,0.998,0.004
82741074104726,pre,995.258,,,
82741067435611,acc,0.361,1.915,10.470,
82741066315611,Gyro,0.227,-0.057,0.429,
82741067435611,Lacc,0.559,0.725,0.735,
82741067435611,GameRo,0.010,-0.061,-0.998,0.000
82741087138111,Lacc,1.316,0.885,1.310,
82741087138111,acc,1.141,2.125,11.040,
82741086018111,Gyro,0.248,-0.069,0.264,
82741087138111,GameRo,0.009,-0.063,-0.998,0.003
82741114102799,pre,995.263,,,
82741106840559,acc,0.951,1.873,11.520,
82741105720559,Gyro,0.237,0.043,0.020,
82741106840559,Lacc,1.131,0.587,1.796,
82741106840559,GameRo,0.009,-0.066,-0.998,0.003
82741125423007,Gyro,0.243,0.166,-0.018,
82741126543007,acc,-0.401,1.446,11.503,
82741126543007,Lacc,-0.189,0.114,1.787,
82741126543007,GameRo,0.011,-0.068,-0.998,0.003
82741154100403,pre,995.258,,,
82741145125455,Gyro,0.150,0.287,0.144,
82741146245455,acc,-0.639,2.164,10.783,
82741146245455,Lacc,-0.374,0.801,1.072,
82741146245455,GameRo,0.014,-0.070,-0.997,0.004
82741164827851,Gyro,-0.208,0.362,0.121,
82741165947851,acc,-0.028,2.635,9.812,
82741165947851,Lacc,0.302,1.308,0.098,
82741165947851,GameRo,0.017,-0.068,-0.998,0.006
82741194098840,pre,995.265,,,
82741185650351,acc,0.362,1.086,10.378,
82741184530351,Gyro,-0.695,0.132,-0.169,
82741185650351,Lacc,0.719,-0.107,0.647,
82741185650351,GameRo,0.019,-0.061,-0.998,0.004
82741204232799,Gyro,-0.698,-0.296,-0.393,
82741205352799,acc,-0.582,-1.259,13.573,
82741205352799,Lacc,-0.273,-2.310,3.824,
82741205352799,GameRo,0.016,-0.054,-0.998,0.001
82741234100767,pre,995.258,,,
82741223921497,Gyro,0.064,-0.565,-0.100,
82741225041497,acc,-2.265,-2.191,15.177,
82741225041497,Lacc,-2.059,-3.247,5.426,
82741225041497,GameRo,-0.010,0.054,0.998,0.001
82741243637642,Gyro,0.850,-0.541,0.495,
82741244757642,acc,-1.917,-1.054,12.823,
82741244757642,Lacc,-1.822,-2.269,3.088,
82741244757642,GameRo,0.005,-0.062,-0.998,0.004
82741274102799,pre,995.266,,,
82741264460090,acc,-0.134,0.914,9.918,
82741263340090,Gyro,0.793,-0.214,0.724,
82741264460090,Lacc,-0.099,-0.452,0.204,
82741264460090,GameRo,0.003,-0.070,-0.998,0.011
82741284148840,Lacc,0.880,0.228,-1.044,
82741283028840,Gyro,0.248,0.074,0.475,
82741284148840,acc,0.846,1.643,8.663,
82741284148840,GameRo,0.003,-0.072,-0.997,0.015
82741314099413,pre,995.278,,,
82741302744986,Gyro,-0.126,0.015,0.067,
82741303864986,acc,0.375,1.128,9.326,
82741303864986,Lacc,0.409,-0.263,-0.385,
82741303864986,GameRo,0.003,-0.071,-0.997,0.016
82741322447434,Gyro,-0.100,-0.186,-0.106,
82741323567434,Lacc,-0.462,-1.227,0.257,
82741323567434,acc,-0.464,0.141,9.971,
82741323567434,GameRo,0.001,-0.070,-0.997,0.015
82741354101080,pre,995.258,,,
82741342149882,Gyro,0.026,-0.248,-0.074,
82741343269882,acc,-0.697,-0.139,9.950,
82741343269882,Lacc,-0.738,-1.508,0.236,
82741343269882,GameRo,-0.001,-0.070,-0.997,0.014
82741361852330,Gyro,0.121,-0.163,0.049,
82741362972330,acc,-0.761,-0.031,9.245,
82741362972330,Lacc,-0.833,-1.418,-0.466,
82741362972330,GameRo,-0.003,-0.071,-0.997,0.014
82741382674778,acc,-0.671,0.279,8.475,
82741394097226,pre,995.235,,,
82741381554778,Gyro,0.137,0.004,0.206,
82741382674778,Lacc,-0.745,-1.131,-1.233,
82741382674778,GameRo,-0.003,-0.072,-0.997,0.016
82741401243476,Gyro,0.120,0.206,0.374,
82741402363476,acc,-0.675,0.586,7.696,
82741402363476,Lacc,-0.718,-0.845,-2.009,
82741402363476,GameRo,-0.001,-0.073,-0.997,0.020
82741420959674,Gyro,0.114,0.216,0.568,
82741422079674,acc,-0.720,0.968,6.585,
82741422079674,Lacc,-0.735,-0.484,-3.117,
82741422079674,GameRo,0.001,-0.074,-0.997,0.026
82741434100455,pre,995.294,,,
82741441782122,Lacc,-0.263,0.292,-3.562,
82741440662122,Gyro,0.089,0.031,0.736,
82741441782122,acc,-0.234,1.765,6.137,
82741441782122,GameRo,0.001,-0.075,-0.997,0.033
82741461470819,Lacc,0.572,1.311,-3.338,
82741461470819,GameRo,-0.001,-0.076,-0.996,0.041
82741461470819,acc,0.650,2.799,6.358,
82741460350819,Gyro,0.047,-0.127,0.766,
82741474100663,pre,995.281,,,
82741481186965,Lacc,1.378,2.097,-3.118,
82741480066965,Gyro,-0.026,-0.169,0.598,
82741481186965,acc,1.511,3.588,6.577,
82741481186965,GameRo,-0.003,-0.076,-0.996,0.046
82741500889413,acc,1.742,3.688,6.860,
82741499769413,Gyro,-0.184,-0.132,0.287,
82741500889413,Lacc,1.570,2.224,-2.839,
82741500889413,GameRo,-0.005,-0.075,-0.996,0.049
82741514107226,pre,995.276,,,
82741520578163,Lacc,1.054,1.543,-1.548,
82741520578163,GameRo,-0.007,-0.073,-0.996,0.049
82741520578163,acc,1.267,2.968,8.156,
82741519458163,Gyro,-0.235,-0.195,0.023,
82741540294309,Lacc,0.736,1.069,-0.061,
82741540294309,GameRo,-0.011,-0.074,-0.996,0.048
82741539174309,Gyro,0.043,-0.407,-0.129,
82741540294309,acc,1.025,2.505,9.639,
82741554099726,pre,995.281,,,
82741558876757,Gyro,0.302,-0.474,-0.235,
82741559996757,acc,0.921,2.317,9.534,
82741559996757,Lacc,0.546,0.820,-0.154,
82741559996757,GameRo,-0.016,-0.077,-0.996,0.045
82741578579205,Gyro,0.211,-0.304,-0.331,
82741579699205,acc,0.868,2.160,9.281,
82741579699205,Lacc,0.444,0.617,-0.398,
82741579699205,GameRo,-0.018,-0.080,-0.996,0.041
82741594105663,pre,995.273,,,
82741599401601,acc,0.664,1.884,9.751,
82741598281601,Gyro,-0.051,-0.036,-0.423,
82741599401601,Lacc,0.246,0.347,0.071,
82741599401601,GameRo,-0.018,-0.079,-0.996,0.037
82741617984049,Gyro,-0.213,0.180,-0.435,
82741619104049,acc,0.211,1.509,10.641,
82741619104049,Lacc,-0.160,0.010,0.954,
82741619104049,GameRo,-0.016,-0.077,-0.996,0.033
82741634102799,pre,995.291,,,
82741637672799,Gyro,-0.189,0.276,-0.395,
82741638792799,acc,-0.054,1.421,11.640,
82741638792799,Lacc,-0.359,-0.045,1.945,
82741638792799,GameRo,-0.013,-0.075,-0.997,0.029
82741657388944,Gyro,-0.029,0.206,-0.419,
82741658508944,acc,0.091,2.003,11.928,
82741658508944,Lacc,-0.163,0.541,2.231,
82741658508944,GameRo,-0.011,-0.075,-0.997,0.025
82741674099309,pre,995.273,,,
82741677091392,Gyro,-0.097,0.164,-0.551,
82741678211392,acc,0.334,1.847,11.264,
82741678211392,Lacc,0.128,0.400,1.564,
82741678211392,GameRo,-0.009,-0.074,-0.997,0.020
82741697900090,acc,0.586,0.832,10.912,
82741697900090,Lacc,0.436,-0.517,1.197,
82741696780090,Gyro,-0.515,0.205,-0.671,
82741697900090,GameRo,-0.007,-0.069,-0.997,0.014
82741714096861,pre,995.278,,,
82741717616236,Lacc,0.184,-2.365,2.421,
82741716496236,Gyro,-0.995,0.242,-0.708,
82741717616236,GameRo,-0.004,-0.059,-0.998,0.007
82741717616236,acc,0.270,-1.211,12.162,
82741737318684,Lacc,-0.728,-3.375,5.059,
82741736198684,Gyro,-0.875,0.111,-0.423,
82741737318684,GameRo,-0.003,-0.050,-0.999,0.003
82741737318684,acc,-0.673,-2.395,14.819,
82741754092799,pre,995.273,,,
82741755901132,Gyro,0.053,-0.190,-0.007,
82741757021132,acc,0.024,-1.517,15.513,
82741757021132,Lacc,-0.067,-2.501,5.753,
82741757021132,GameRo,-0.005,-0.050,-0.999,0.003
82741775603580,Gyro,0.813,-0.552,0.028,
82741776723580,acc,1.365,-0.126,12.550,
82741776723580,Lacc,1.165,-1.263,2.808,
82741776723580,GameRo,-0.010,-0.058,-0.998,0.003
82741794103059,pre,995.304,,,
82741796426028,acc,2.554,0.644,9.991,
82741795306028,Gyro,0.732,-0.608,-0.246,
82741796426028,Lacc,2.238,-0.633,0.269,
82741796426028,GameRo,0.016,0.065,0.998,0.000
82741814994726,Gyro,0.209,-0.360,-0.588,
82741816114726,acc,2.176,0.316,9.511,
82741816114726,Lacc,1.801,-1.002,-0.202,
82741816114726,GameRo,0.020,0.067,0.998,0.006
82741834103580,pre,995.281,,,
82741834710872,Gyro,-0.069,-0.065,-0.598,
82741835830872,Lacc,0.480,-1.692,0.211,
82741835830872,acc,0.853,-0.387,9.927,
82741835830872,GameRo,0.020,0.066,0.998,0.012
82741854413319,Gyro,-0.044,0.195,-0.340,
82741855533319,acc,0.091,0.002,9.320,
82741855533319,Lacc,-0.236,-1.293,-0.399,
82741855533319,GameRo,0.018,0.066,0.998,0.015
82741874094986,pre,995.271,,,
82741874102017,Gyro,0.018,0.367,-0.087,
82741875222017,acc,-0.114,1.115,7.968,
82741875222017,Lacc,-0.367,-0.184,-1.753,
82741875222017,GameRo,0.014,0.066,0.998,0.016
82741893818163,Gyro,0.069,0.259,0.020,
82741894938163,acc,-0.151,2.063,6.361,
82741894938163,Lacc,-0.354,0.745,-3.357,
82741894938163,GameRo,0.011,0.067,0.998,0.015
82741914101965,pre,995.276,,,
82741914640611,Lacc,-0.074,1.312,-4.020,
82741914640611,acc,0.137,2.632,5.699,
82741913520611,Gyro,-0.032,-0.052,-0.064,
82741914640611,GameRo,0.012,0.067,0.998,0.016
82741933223059,Gyro,-0.102,-0.316,-0.159,
82741934343059,acc,-0.175,2.240,6.426,
82741934343059,Lacc,-0.441,0.934,-3.293,
82741934343059,GameRo,0.015,0.066,0.998,0.018
82741954105924,pre,995.258,,,
82741954045455,Lacc,-0.333,0.670,-2.584,
82741954045455,acc,0.017,1.968,7.133,
82741952925455,Gyro,-0.065,-0.455,-0.077,
82741954045455,GameRo,0.019,0.066,0.997,0.019
82741972627903,Gyro,-0.053,-0.326,-0.020,
82741973747903,acc,0.893,2.135,8.110,
82741973747903,Lacc,0.478,0.844,-1.605,
82741973747903,GameRo,0.022,0.066,0.997,0.019
82741994100194,pre,995.250,,,
82741992330351,Gyro,0.028,-0.059,-0.091,
82741993450351,acc,1.190,2.072,9.022,
82741993450351,Lacc,0.764,0.771,-0.692,
82741993450351,GameRo,0.023,0.066,0.997,0.020
82742012032747,Gyro,0.164,0.070,-0.189,
82742013152747,acc,0.805,1.741,8.697,
82742013152747,Lacc,0.397,0.407,-1.014,
82742013152747,GameRo,0.022,0.068,0.997,0.022
82742034102122,pre,995.271,,,
82742032855194,Lacc,-0.198,-0.092,-1.246,
82742032855194,acc,0.182,1.276,8.460,
82742031735194,Gyro,0.163,0.121,-0.193,
82742032855194,GameRo,0.021,0.069,0.997,0.024
82742052557642,Lacc,-0.772,-0.358,-1.035,
82742051437642,Gyro,0.109,0.107,-0.114,
82742052557642,acc,-0.418,1.031,8.670,
82742052557642,GameRo,0.020,0.070,0.997,0.025
82742074097278,pre,995.291,,,
82742071140038,Gyro,0.111,0.027,0.027,
82742072260038,acc,-0.595,1.043,9.572,
82742072260038,Lacc,-0.942,-0.366,-0.130,
82742072260038,GameRo,0.019,0.072,0.997,0.025
82742090842486,Gyro,0.304,0.032,0.136,
82742091962486,acc,-0.364,1.120,11.174,
82742091962486,Lacc,-0.706,-0.344,1.481,
82742091962486,GameRo,0.019,0.074,0.997,0.023
82742114100663,pre,995.263,,,
82742110544934,Gyro,0.522,0.111,0.250,
82742111664934,Lacc,-0.559,-0.416,1.173,
82742111664934,GameRo,0.018,0.079,0.996,0.021
82742111664934,acc,-0.231,1.145,10.852,
82742131367330,Lacc,-0.394,-0.357,0.346,
82742131367330,acc,-0.105,1.275,10.015,
82742130247330,Gyro,0.393,0.257,0.347,
82742131367330,GameRo,0.016,0.083,0.996,0.017
82742154101757,pre,995.264,,,
82742149949778,Gyro,0.138,0.373,0.408,
82742151069778,acc,-0.256,1.807,10.310,
82742151069778,Lacc,-0.485,0.150,0.644,
82742151069778,GameRo,0.013,0.085,0.996,0.013
82742169652226,Gyro,-0.109,0.461,0.459,
82742170772226,acc,-0.251,2.427,9.820,
82742170772226,Lacc,-0.406,0.791,0.149,
82742170772226,GameRo,0.009,0.084,0.996,0.008
82742194101653,pre,995.273,,,
82742189354622,Gyro,-0.634,0.531,0.388,
82742190474622,acc,0.319,2.420,9.324,
82742190474622,Lacc,0.252,0.903,-0.368,
82742190474622,GameRo,0.004,0.078,0.997,0.003
82742209057069,Gyro,-1.210,0.451,0.135,
82742210177069,acc,0.607,1.288,10.244,
82742210177069,Lacc,0.621,0.002,0.519,
82742210177069,GameRo,-0.001,0.066,0.998,0.002
82742234104361,pre,995.266,,,
82742228745767,Gyro,-1.466,0.157,-0.126,
82742229865767,acc,-0.215,-0.753,12.367,
82742229865767,Lacc,-0.168,-1.752,2.608,
82742229865767,GameRo,-0.002,0.051,0.999,0.003
82742248461913,Gyro,-1.046,-0.123,0.014,
82742249581913,acc,-1.813,-1.788,14.551,
82742249581913,Lacc,-1.786,-2.581,4.773,
82742249581913,GameRo,-0.001,0.040,0.999,0.003
82742274101236,pre,995.271,,,
82742268164361,Gyro,-0.275,-0.193,0.477,
82742269284361,acc,-1.987,-1.347,13.795,
82742269284361,Lacc,-2.000,-2.081,4.013,
82742269284361,GameRo,-0.001,-0.037,-0.999,0.002
82742288973059,acc,-0.713,0.144,11.060,
82742287853059,Gyro,0.100,-0.139,0.764,
82742288973059,Lacc,-0.763,-0.609,1.279,
82742288973059,GameRo,-0.002,-0.038,-0.999,0.009
82742314106184,pre,995.245,,,
82742307569205,Gyro,-0.017,-0.131,0.640,
82742308689205,acc,0.179,0.945,9.383,
82742308689205,Lacc,0.095,0.196,-0.398,
82742308689205,GameRo,-0.004,-0.038,-0.999,0.015
82742327271601,Gyro,-0.146,-0.170,0.387,
82742328391601,acc,0.137,0.971,9.693,
82742328391601,Lacc,0.014,0.251,-0.090,
82742328391601,GameRo,-0.006,-0.037,-0.999,0.019
82742354105351,pre,995.258,,,
82742348094049,Lacc,-0.432,0.056,-0.240,
82742346974049,Gyro,-0.073,-0.183,0.239,
82742348094049,GameRo,-0.007,-0.036,-0.999,0.022
82742348094049,acc,-0.272,0.762,9.543,
82742367796497,Lacc,-0.503,-0.074,-1.126,
82742367796497,acc,-0.312,0.618,8.658,
82742366676497,Gyro,-0.069,-0.152,0.159,
82742367796497,GameRo,-0.009,-0.036,-0.999,0.023
82742394098215,pre,995.304,,,
82742386378892,Gyro,-0.174,-0.104,0.080,
82742387498892,acc,-0.287,0.218,8.396,
82742387498892,Lacc,-0.496,-0.440,-1.390,
82742387498892,GameRo,-0.010,-0.034,-0.999,0.024
82742407201340,Lacc,-0.553,-1.027,-1.380,
82742407201340,GameRo,-0.010,-0.031,-0.999,0.024
82742406081340,Gyro,-0.239,-0.055,0.070,
82742407201340,acc,-0.333,-0.419,8.409,
82742434101236,pre,995.258,,,
82742426903736,Lacc,-0.816,-1.422,-1.171,
82742426903736,acc,-0.596,-0.866,8.621,
82742425783736,Gyro,-0.238,-0.006,0.185,
82742426903736,GameRo,-0.010,-0.029,-0.999,0.026
82742446606184,Lacc,-0.756,-1.026,-0.816,
82742446606184,acc,-0.534,-0.485,8.977,
82742445486184,Gyro,-0.057,0.004,0.418,
82742446606184,GameRo,-0.010,-0.028,-0.999,0.030
82742474100715,pre,995.248,,,
82742465188580,Gyro,0.254,0.017,0.578,
82742466308580,acc,0.094,0.619,8.573,
82742466308580,Lacc,-0.131,0.031,-1.217,
82742466308580,GameRo,-0.010,-0.030,-0.999,0.036
82742486011028,Lacc,0.353,0.852,-2.466,
82742486011028,GameRo,-0.010,-0.034,-0.998,0.042
82742484891028,Gyro,0.378,-0.001,0.592,
82742486011028,acc,0.587,1.513,7.319,
82742514099934,pre,995.263,,,
82742505713424,acc,1.078,2.382,6.883,
82742504593424,Gyro,0.292,-0.040,0.452,
82742505713424,Lacc,0.827,1.659,-2.897,
82742505713424,GameRo,-0.011,-0.037,-0.998,0.046
82742524295872,Gyro,0.100,-0.042,0.183,
82742525415872,acc,1.292,2.676,7.059,
82742525415872,Lacc,1.027,1.927,-2.718,
82742525415872,GameRo,-0.012,-0.039,-0.998,0.048
82742554100976,pre,995.266,,,
82742543998267,Gyro,-0.089,-0.022,-0.058,
82742545118267,Lacc,0.480,1.396,-2.000,
82742545118267,acc,0.751,2.133,7.779,
82742545118267,GameRo,-0.012,-0.038,-0.998,0.048
82742564820715,Lacc,-0.044,0.856,-0.410,
82742564820715,GameRo,-0.013,-0.038,-0.998,0.046
82742563700715,Gyro,-0.051,-0.068,-0.140,
82742564820715,acc,0.238,1.586,9.369,
82742594101497,pre,995.253,,,
82742584523111,acc,0.148,1.542,10.040,
82742583403111,Gyro,0.254,-0.138,-0.147,
82742584523111,Lacc,-0.158,0.759,0.266,
82742584523111,GameRo,-0.014,-0.041,-0.998,0.045
82742604225559,Lacc,-0.087,0.870,-0.483,
82742604225559,GameRo,-0.015,-0.045,-0.998,0.043
82742603105559,Gyro,0.422,-0.148,-0.195,
82742604225559,acc,0.244,1.737,9.284,
82742634097590,pre,995.268,,,
82742622807955,Gyro,0.255,-0.075,-0.299,
82742623927955,acc,0.236,1.606,8.803,
82742623927955,Lacc,-0.104,0.686,-0.958,
82742623927955,GameRo,-0.015,-0.048,-0.998,0.040
82742642510403,Gyro,-0.050,0.010,-0.384,
82742643630403,acc,0.007,1.038,9.560,
82742643630403,Lacc,-0.323,0.124,-0.202,
82742643630403,GameRo,-0.015,-0.047,-0.998,0.036
82742662212799,Gyro,-0.146,0.045,-0.408,
82742674099413,pre,995.258,,,
82742663332799,acc,-0.217,0.485,11.201,
82742663332799,Lacc,-0.529,-0.403,1.436,
82742663332799,GameRo,-0.014,-0.046,-0.998,0.032
82742683035247,Lacc,-0.876,-0.429,2.480,
82742683035247,GameRo,-0.014,-0.045,-0.998,0.028
82742681915247,Gyro,-0.040,0.054,-0.376,
82742683035247,acc,-0.582,0.451,12.245,
82742701617642,Gyro,0.036,0.103,-0.315,
82742702737642,acc,-0.509,0.865,12.288,
82742714092642,pre,995.273,,,
82742702737642,Lacc,-0.775,-0.024,2.522,
82742702737642,GameRo,-0.012,-0.046,-0.999,0.025
82742721320090,Gyro,-0.150,0.206,-0.318,
82742722440090,acc,0.019,0.639,11.579,
82742722440090,Lacc,-0.201,-0.222,1.809,
82742722440090,GameRo,-0.010,-0.044,-0.999,0.022
82742741022486,Gyro,-0.568,0.280,-0.388,
82742742142486,Lacc,0.242,-1.214,1.474,
82742742142486,acc,0.403,-0.465,11.254,
82742742142486,GameRo,-0.008,-0.038,-0.999,0.018
82742754101392,pre,995.271,,,
82742760711184,Gyro,-0.806,0.139,-0.327,
82742761831184,acc,-0.202,-1.984,12.682,
82742761831184,Lacc,-0.331,-2.573,2.890,
82742761831184,GameRo,-0.006,-0.030,-0.999,0.015
82742780427330,Gyro,-0.338,-0.052,-0.077,
82742781547330,acc,0.026,-1.633,14.797,
82742781547330,Lacc,-0.113,-2.152,5.002,
82742781547330,GameRo,-0.007,-0.027,-1.000,0.014
82742794102017,pre,995.289,,,
82742800129726,Gyro,0.366,-0.138,-0.033,
82742801249726,acc,1.156,-0.304,13.236,
82742801249726,Lacc,0.990,-0.892,3.445,
82742801249726,GameRo,-0.008,-0.030,-0.999,0.014
82742819818424,Gyro,0.489,-0.261,-0.282,
82742820938424,acc,1.815,0.126,10.664,
82742820938424,Lacc,1.598,-0.556,0.880,
82742820938424,GameRo,-0.011,-0.035,-0.999,0.011
82742834102799,pre,995.264,,,
82742840654569,Lacc,1.485,-1.183,0.177,
82742840654569,GameRo,-0.013,-0.036,-0.999,0.005
82742839534569,Gyro,0.168,-0.275,-0.596,
82742840654569,acc,1.750,-0.469,9.958,
82742860357017,Lacc,0.465,-1.999,0.808,
82742860357017,GameRo,0.014,0.035,0.999,0.001
82742859237017,Gyro,-0.145,-0.059,-0.655,
82742860357017,acc,0.733,-1.315,10.590,
82742874099205,pre,995.251,,,
82742878939413,Gyro,-0.196,0.234,-0.406,
82742880059413,acc,-0.152,-1.358,10.301,
82742880059413,Lacc,-0.369,-2.001,0.514,
82742880059413,GameRo,0.011,0.033,0.999,0.005
82742898641809,Gyro,-0.157,0.374,-0.041,
82742899761809,acc,-0.508,-0.417,8.955,
82742899761809,Lacc,-0.651,-1.027,-0.835,
82742899761809,GameRo,0.007,0.031,0.999,0.005
82742914103059,pre,995.240,,,
82742918344257,Gyro,0.017,0.181,0.206,
82742919464257,acc,-0.373,1.122,7.813,
82742919464257,Lacc,-0.482,0.507,-1.977,
82742919464257,GameRo,0.006,0.031,0.999,0.003
82742939152955,Lacc,0.017,1.838,-2.953,
82742939152955,acc,0.143,2.492,6.834,
82742938032955,Gyro,0.166,-0.068,0.253,
82742939152955,GameRo,0.006,0.033,0.999,0.001
82742954101497,pre,995.263,,,
82742957749049,Gyro,0.157,-0.148,0.104,
82742958869049,acc,0.502,3.239,6.227,
82742958869049,Lacc,0.345,2.544,-3.557,
82742958869049,GameRo,-0.008,-0.035,-0.999,0.000
82742977451497,Gyro,0.005,-0.127,-0.105,
82742978571497,acc,0.361,3.053,5.974,
82742978571497,Lacc,0.180,2.347,-3.808,
82742978571497,GameRo,0.009,0.036,0.999,0.001
82742994099674,pre,995.230,,,
82742997153892,Gyro,-0.142,-0.128,-0.216,
82742998273892,acc,-0.067,2.246,6.498,
82742998273892,Lacc,-0.268,1.558,-3.286,
82742998273892,GameRo,0.010,0.035,0.999,0.003
82743017976340,Lacc,-0.189,0.923,-2.044,
82743017976340,acc,0.031,1.586,7.741,
82743017976340,GameRo,0.011,0.034,0.999,0.006
82743016856340,Gyro,-0.145,-0.115,-0.239,
82743034096549,pre,995.248,,,
82743036558736,Gyro,0.040,-0.008,-0.282,
82743037678736,acc,0.026,1.076,8.854,
82743037678736,Lacc,-0.192,0.402,-0.930,
82743037678736,GameRo,0.011,0.034,0.999,0.008
82743057381132,Lacc,-0.726,-0.068,-1.318,
82743056261132,Gyro,0.266,0.061,-0.243,
82743057381132,acc,-0.525,0.659,8.463,
82743057381132,GameRo,0.011,0.037,0.999,0.011
82743074097799,pre,995.235,,,
82743077083580,Lacc,-0.839,-0.079,-1.848,
82743075963580,Gyro,0.278,0.081,-0.129,
82743077083580,acc,-0.659,0.703,7.930,
82743077083580,GameRo,0.010,0.040,0.999,0.012
82743096785976,Lacc,-0.888,-0.090,-1.503,
82743096785976,acc,-0.730,0.722,8.273,
82743095665976,Gyro,0.160,0.101,-0.044,
82743096785976,GameRo,0.009,0.041,0.999,0.012
82743114103319,pre,995.246,,,
82743116488372,Lacc,-0.934,-0.230,-0.732,
82743115368372,Gyro,0.110,0.071,0.067,
82743116488372,acc,-0.793,0.604,9.041,
82743116488372,GameRo,0.008,0.042,0.999,0.012
82743136190819,Lacc,-0.761,-0.252,0.309,
82743135070819,Gyro,0.134,0.051,0.195,
82743136190819,GameRo,0.007,0.044,0.999,0.010
82743136190819,acc,-0.629,0.605,10.081,
82743154105142,pre,995.261,,,
82743154773215,Gyro,0.228,0.061,0.302,
82743155893215,acc,-0.236,0.797,10.834,
82743155893215,Lacc,-0.362,-0.103,1.067,
82743155893215,GameRo,0.007,0.046,0.999,0.007
82743174475611,Gyro,0.270,0.110,0.329,
82743175595611,acc,0.275,1.020,10.805,
82743175595611,Lacc,0.165,0.069,1.042,
82743175595611,GameRo,0.006,0.049,0.999,0.003
82743194099413,pre,995.279,,,
82743195298059,Lacc,0.318,-0.013,1.146,
82743195298059,acc,0.398,0.968,10.906,
82743194178059,Gyro,0.159,0.193,0.281,
82743195298059,GameRo,0.004,0.050,0.999,0.000
82743215000455,Lacc,-0.307,-0.026,1.691,
82743215000455,acc,-0.276,0.963,11.451,
82743215000455,GameRo,-0.001,-0.050,-0.999,0.003
82743213880455,Gyro,0.043,0.284,0.312,
82743234098892,pre,995.246,,,
82743234702851,Lacc,-0.547,0.950,1.948,
82743233582851,Gyro,0.043,0.358,0.465,
82743234702851,acc,-0.578,1.948,11.707,
82743234702851,GameRo,0.002,-0.051,-0.999,0.008
82743254405247,Lacc,0.253,1.670,0.827,
82743254405247,acc,0.161,2.657,10.586,
82743253285247,Gyro,-0.081,0.376,0.487,
82743254405247,GameRo,0.005,-0.050,-0.999,0.012
82743274100715,pre,995.263,,,
82743274107694,acc,0.977,1.951,10.074,
82743272987694,Gyro,-0.539,0.274,0.221,
82743274107694,Lacc,1.115,1.064,0.306,
82743274107694,GameRo,0.008,-0.045,-0.999,0.015
82743293796340,Lacc,0.660,-1.204,2.321,
82743293796340,acc,0.523,-0.498,12.105,
82743292676340,Gyro,-0.923,-0.011,-0.115,
82743293796340,GameRo,0.007,-0.036,-0.999,0.014
82743314097330,pre,995.256,,,
82743312392486,Gyro,-0.469,-0.275,-0.075,
82743313512486,acc,-0.868,-1.906,15.587,
82743313512486,Lacc,-0.782,-2.516,5.797,
82743313512486,GameRo,0.005,-0.031,-0.999,0.013
82743332094934,Gyro,0.444,-0.218,0.336,
82743333214934,acc,-0.958,-1.384,14.310,
82743333214934,Lacc,-0.917,-2.076,4.525,
82743333214934,GameRo,0.003,-0.035,-0.999,0.016
82743354103007,pre,995.256,,,
82743351783580,Gyro,0.588,0.036,0.477,
82743352903580,acc,0.321,0.181,10.458,
82743352903580,Lacc,0.360,-0.622,0.681,
82743352903580,GameRo,0.003,-0.041,-0.999,0.021
82743372619726,acc,0.866,0.823,8.615,
82743371499726,Gyro,0.170,0.169,0.209,
82743372619726,Lacc,0.932,-0.014,-1.159,
82743372619726,GameRo,0.004,-0.043,-0.999,0.023
82743394096757,pre,995.276,,,
82743392322122,Lacc,0.307,-0.596,-0.939,
82743392322122,acc,0.237,0.194,8.839,
82743391202122,Gyro,-0.230,0.016,-0.123,
82743392322122,GameRo,0.004,-0.040,-0.999,0.022
82743410904517,Gyro,-0.311,-0.146,-0.262,
82743412024517,Lacc,-0.302,-1.345,0.237,
82743412024517,acc,-0.349,-0.619,10.020,
82743412024517,GameRo,0.003,-0.037,-0.999,0.019
82743434105403,pre,995.256,,,
82743431726965,Lacc,-0.762,-1.756,0.298,
82743431726965,acc,-0.779,-1.070,10.084,
82743430606965,Gyro,-0.182,-0.177,-0.195,
82743431726965,GameRo,0.001,-0.035,-0.999,0.017
82743451429361,Lacc,-0.738,-1.566,-0.383,
82743450309361,Gyro,-0.051,-0.141,-0.007,
82743451429361,acc,-0.730,-0.894,9.404,
82743451429361,GameRo,0.000,-0.034,-0.999,0.017
82743474093736,pre,995.253,,,
82743470011757,Gyro,-0.025,-0.057,0.158,
82743471131757,acc,-0.393,-0.550,8.511,
82743471131757,Lacc,-0.412,-1.213,-1.276,
82743471131757,GameRo,-0.000,-0.034,-0.999,0.019
82743490834153,Lacc,-0.199,-0.983,-1.789,
82743490834153,GameRo,-0.000,-0.033,-0.999,0.021
82743489714153,Gyro,-0.078,0.031,0.283,
82743490834153,acc,-0.182,-0.337,8.000,
82743514102538,pre,995.279,,,
82743510536549,acc,0.050,0.205,7.972,
82743510536549,Lacc,0.034,-0.433,-1.817,
82743510536549,GameRo,0.000,-0.033,-0.999,0.025
82743509416549,Gyro,-0.028,0.034,0.402,
82743530238997,acc,0.294,0.851,7.638,
82743529118997,Gyro,0.106,0.004,0.473,
82743530238997,Lacc,0.273,0.191,-2.149,
82743530238997,GameRo,-0.000,-0.034,-0.999,0.030
82743554110819,pre,995.266,,,
82743548821392,Gyro,0.214,-0.055,0.505,
82743549941392,acc,0.492,1.630,7.328,
82743549941392,Lacc,0.452,0.924,-2.456,
82743549941392,GameRo,-0.001,-0.036,-0.999,0.035
82743569643788,Lacc,0.794,1.635,-2.706,
82743569643788,acc,0.852,2.389,7.075,
82743568523788,Gyro,0.220,-0.042,0.463,
82743569643788,GameRo,-0.001,-0.039,-0.998,0.040
82743594110090,pre,995.241,,,
82743588226184,Gyro,0.123,0.036,0.317,
82743589346184,acc,1.083,2.812,7.188,
82743589346184,Lacc,1.023,2.026,-2.590,
82743589346184,GameRo,-0.001,-0.040,-0.998,0.043
82743607928580,Gyro,0.003,0.102,0.111,
82743609048580,acc,1.043,2.770,7.797,
82743609048580,Lacc,0.999,1.978,-1.981,
82743609048580,GameRo,-0.001,-0.040,-0.998,0.044
82743634111601,pre,995.258,,,
82743627631028,Gyro,0.084,0.047,-0.115,
82743628751028,acc,0.614,2.216,9.228,
82743628751028,Lacc,0.579,1.403,-0.548,
82743628751028,GameRo,-0.000,-0.042,-0.998,0.043
82743647333424,Gyro,0.398,-0.171,-0.264,
82743648453424,acc,0.137,1.561,9.617,
82743648453424,Lacc,0.073,0.669,-0.153,
82743648453424,GameRo,-0.001,-0.046,-0.998,0.040
82743674110299,pre,995.248,,,
82743668155819,acc,0.060,1.154,9.233,
82743667035819,Gyro,0.469,-0.276,-0.355,
82743668155819,Lacc,-0.050,0.171,-0.527,
82743668155819,GameRo,-0.004,-0.050,-0.998,0.036
82743686738215,Gyro,0.215,-0.117,-0.412,
82743687858215,acc,-0.043,0.783,9.679,
82743687858215,Lacc,-0.168,-0.242,-0.076,
82743687858215,GameRo,-0.005,-0.052,-0.998,0.032
82743714102382,pre,995.253,,,
82743706440611,Gyro,-0.020,0.175,-0.390,
82743707560611,acc,-0.518,0.578,10.598,
82743707560611,Lacc,-0.600,-0.443,0.841,
82743707560611,GameRo,-0.003,-0.052,-0.998,0.029
82743727263007,acc,-0.772,0.690,11.249,
82743727263007,Lacc,-0.790,-0.318,1.490,
82743727263007,GameRo,0.000,-0.051,-0.998,0.026
82743726143007,Gyro,-0.060,0.292,-0.313,
82743754105819,pre,995.251,,,
82743746965455,acc,-0.575,1.152,11.742,
82743745845455,Gyro,0.017,0.199,-0.313,
82743746965455,Lacc,-0.547,0.141,1.984,
82743746965455,GameRo,0.003,-0.052,-0.998,0.023
82743765547851,Gyro,0.029,0.065,-0.396,
82743766667851,acc,-0.167,1.100,11.466,
82743766667851,Lacc,-0.118,0.083,1.710,
82743766667851,GameRo,0.003,-0.052,-0.998,0.019
82743794111809,pre,995.266,,,
82743785250247,Gyro,-0.247,0.074,-0.490,
82743786370247,acc,0.255,0.285,10.906,
82743786370247,Lacc,0.328,-0.682,1.144,
82743786370247,GameRo,0.004,-0.049,-0.999,0.014
82743804952642,Gyro,-0.675,0.107,-0.511,
82743806072642,Lacc,0.106,-2.193,1.844,
82743806072642,acc,0.005,-1.363,11.618,
82743806072642,GameRo,0.006,-0.042,-0.999,0.009
82743834110611,pre,995.281,,,
82743824641340,Gyro,-0.561,0.058,-0.317,
82743825761340,acc,-0.543,-1.938,14.042,
82743825761340,Lacc,-0.425,-2.654,4.259,
82743825761340,GameRo,0.006,-0.036,-0.999,0.006
82743844357434,Gyro,0.118,-0.050,-0.100,
82743845477434,acc,0.263,-1.016,13.769,
82743845477434,Lacc,0.372,-1.750,3.988,
82743845477434,GameRo,0.006,-0.037,-0.999,0.005
82743874113684,pre,995.256,,,
82743864059830,Gyro,0.457,-0.177,-0.183,
82743865179830,acc,1.064,-0.158,11.111,
82743865179830,Lacc,1.139,-0.977,1.336,
82743865179830,GameRo,0.004,-0.042,-0.999,0.003
82743883748528,Gyro,0.211,-0.173,-0.362,
82743884868528,acc,1.379,-0.113,9.473,
82743884868528,Lacc,1.423,-0.969,-0.299,
82743884868528,GameRo,-0.002,0.044,0.999,0.000
82743914114726,pre,995.241,,,
82743903464622,Gyro,-0.251,0.055,-0.453,
82743904584622,acc,0.977,-0.517,9.655,
82743904584622,Lacc,1.036,-1.322,-0.122,
82743904584622,GameRo,-0.003,0.041,0.999,0.005
82743923167069,Gyro,-0.455,0.293,-0.364,
82743924287069,acc,0.343,-0.779,10.111,
82743924287069,Lacc,0.463,-1.491,0.328,
82743924287069,GameRo,-0.006,0.036,0.999,0.008
82743954116028,pre,995.264,,,
82743942869465,Gyro,-0.355,0.382,-0.168,
82743943989465,acc,-0.264,-0.331,9.933,
82743943989465,Lacc,-0.068,-0.971,0.146,
82743943989465,GameRo,-0.010,0.033,0.999,0.010
82743963691861,acc,-0.462,0.688,8.932,
82743962571861,Gyro,-0.106,0.343,0.029,
82743963691861,Lacc,-0.200,0.068,-0.855,
82743963691861,GameRo,-0.013,0.032,0.999,0.009
82743982274257,Gyro,0.085,0.250,0.141,
82743983394257,acc,-0.545,1.624,7.631,
82743994112122,pre,995.264,,,
82743983394257,Lacc,-0.236,0.983,-2.153,
82743983394257,GameRo,-0.016,0.033,0.999,0.008
82744001962903,Gyro,0.150,0.114,0.166,
82744003082903,acc,-0.461,2.320,6.393,
82744003082903,Lacc,-0.131,1.642,-3.388,
82744003082903,GameRo,-0.017,0.035,0.999,0.006
82744021679049,Gyro,0.031,-0.011,0.106,
82744022799049,acc,-0.206,2.657,5.898,
82744022799049,Lacc,0.121,1.963,-3.882,
82744034106288,pre,995.264,,,
82744022799049,GameRo,-0.016,0.036,0.999,0.005
82744042501444,acc,0.092,2.601,6.467,
82744041381444,Gyro,-0.115,-0.069,-0.027,
82744042501444,Lacc,0.405,1.920,-3.315,
82744042501444,GameRo,-0.016,0.035,0.999,0.006
82744061083840,Gyro,-0.138,-0.083,-0.200,
82744062203840,acc,0.077,2.046,7.531,
82744074105038,pre,995.253,,,
82744062203840,Lacc,0.375,1.388,-2.252,
82744062203840,GameRo,-0.015,0.034,0.999,0.008
82744080786236,Gyro,0.001,-0.100,-0.286,
82744081906236,acc,-0.488,1.089,8.384,
82744081906236,Lacc,-0.205,0.431,-1.399,
82744081906236,GameRo,-0.014,0.034,0.999,0.010
82744100488632,Gyro,0.106,-0.090,-0.201,
82744101608632,acc,-0.913,0.529,8.405,
82744101608632,Lacc,-0.642,-0.149,-1.378,
82744101608632,GameRo,-0.013,0.035,0.999,0.012
82744114104882,pre,995.261,,,
82744120191028,Gyro,0.002,0.033,-0.059,
82744121311028,acc,-0.856,0.495,8.707,
82744121311028,Lacc,-0.576,-0.183,-1.075,
82744121311028,GameRo,-0.014,0.035,0.999,0.013
82744139893424,Gyro,-0.102,0.156,0.071,
82744141013424,Lacc,-0.559,-0.275,-0.381,
82744141013424,acc,-0.870,0.383,9.402,
82744141013424,GameRo,-0.015,0.034,0.999,0.012
82744154111913,pre,995.261,,,
82744159595819,Gyro,-0.036,0.088,0.220,
82744160715819,acc,-1.007,0.218,10.107,
82744160715819,Lacc,-0.681,-0.433,0.324,
82744160715819,GameRo,-0.016,0.033,0.999,0.010
82744179298215,Gyro,0.171,-0.049,0.372,
82744180418215,acc,-0.673,0.481,10.829,
82744180418215,Lacc,-0.360,-0.205,1.048,
82744180418215,GameRo,-0.016,0.035,0.999,0.006
82744194110090,pre,995.284,,,
82744199000611,Gyro,0.331,-0.068,0.435,
82744200120611,acc,-0.086,0.845,10.931,
82744200120611,Lacc,0.207,0.093,1.154,
82744200120611,GameRo,-0.015,0.038,0.999,0.002
82744219823007,acc,0.556,1.062,10.841,
82744218703007,Gyro,0.273,0.046,0.358,
82744234106184,pre,995.307,,,
82744219823007,Lacc,0.850,0.255,1.068,
82744219823007,GameRo,0.015,-0.041,-0.999,0.001
82744238405403,Gyro,0.137,0.181,0.200,
82744239525403,acc,0.379,0.614,11.282,
82744239525403,Lacc,0.704,-0.220,1.513,
82744239525403,GameRo,0.017,-0.042,-0.999,0.003
82744258107799,Gyro,0.088,0.252,0.217,
82744259227799,acc,-0.667,0.260,11.657,
82744259227799,Lacc,-0.297,-0.590,1.891,
82744259227799,GameRo,0.019,-0.043,-0.999,0.006
82744274097851,pre,995.271,,,
82744277810194,Gyro,0.023,0.315,0.391,
82744278930194,acc,-0.727,0.999,10.861,
82744278930194,Lacc,-0.303,0.141,1.098,
82744278930194,GameRo,0.022,-0.044,-0.999,0.010
82744297512590,Gyro,-0.311,0.265,0.344,
82744298632590,acc,0.027,1.734,9.817,
82744298632590,Lacc,0.495,0.931,0.051,
82744298632590,GameRo,0.024,-0.041,-0.999,0.013
82744314116288,pre,995.286,,,
82744317214986,Gyro,-0.676,-0.044,0.015,
82744318334986,acc,0.232,0.598,10.769,
82744318334986,Lacc,0.690,-0.075,0.993,
82744318334986,GameRo,0.024,-0.034,-0.999,0.013
82744338037382,acc,-0.620,-1.254,13.195,
82744336917382,Gyro,-0.619,-0.407,-0.226,
82744338037382,Lacc,-0.238,-1.802,3.408,
82744338037382,GameRo,0.020,-0.028,-0.999,0.011
82744354105767,pre,995.286,,,
82744356606028,Gyro,-0.023,-0.573,-0.011,
82744357726028,acc,-2.061,-2.077,14.562,
82744357726028,Lacc,-1.786,-2.615,4.770,
82744357726028,GameRo,0.014,-0.027,-0.999,0.011
82744376322174,Gyro,0.569,-0.560,0.429,
82744377442174,acc,-1.293,-0.756,12.595,
82744377442174,Lacc,-1.129,-1.402,2.807,
82744377442174,GameRo,0.009,-0.033,-0.999,0.015
82744394105038,pre,995.269,,,
82744396024569,Gyro,0.443,-0.238,0.454,
82744397144569,acc,0.397,0.808,10.367,
82744397144569,Lacc,0.507,0.075,0.585,
82744397144569,GameRo,0.006,-0.037,-0.999,0.019
82744415726965,Gyro,0.042,-0.009,0.105,
82744416846965,acc,0.763,0.790,9.706,
82744416846965,Lacc,0.868,0.049,-0.075,
82744416846965,GameRo,0.006,-0.038,-0.999,0.020
82744434101809,pre,995.254,,,
82744435429361,Gyro,-0.079,-0.088,-0.197,
82744436549361,acc,-0.200,-0.200,10.358,
82744436549361,Lacc,-0.110,-0.924,0.575,
82744436549361,GameRo,0.005,-0.037,-0.999,0.018
82744455131757,Gyro,0.116,-0.236,-0.266,
82744456251757,acc,-0.736,-0.610,10.559,
82744456251757,Lacc,-0.685,-1.351,0.777,
82744456251757,GameRo,0.003,-0.038,-0.999,0.016
82744474109257,pre,995.266,,,
82744475954153,Lacc,-0.864,-1.388,-0.119,
82744475954153,acc,-0.880,-0.598,9.659,
82744475954153,GameRo,0.001,-0.040,-0.999,0.014
82744474834153,Gyro,0.271,-0.209,-0.195,
82744494536549,Gyro,0.232,-0.060,-0.080,
82744495656549,acc,-0.873,-0.487,8.615,
82744495656549,Lacc,-0.864,-1.318,-1.160,
82744495656549,GameRo,0.001,-0.042,-0.999,0.013
82744514110299,pre,995.248,,,
82744515358944,acc,-0.745,-0.513,7.987,
82744514238944,Gyro,0.102,0.075,0.067,
82744515358944,Lacc,-0.721,-1.359,-1.787,
82744515358944,GameRo,0.002,-0.043,-0.999,0.013
82744533941340,Gyro,0.006,0.130,0.232,
82744535061340,acc,-0.724,-0.397,7.900,
82744535061340,Lacc,-0.676,-1.241,-1.874,
82744535061340,GameRo,0.003,-0.043,-0.999,0.016
82744554115507,pre,995.264,,,
82744554763736,acc,-0.346,0.270,7.963,
82744553643736,Gyro,0.129,0.045,0.375,
82744554763736,Lacc,-0.294,-0.598,-1.809,
82744554763736,GameRo,0.003,-0.044,-0.999,0.020
82744573346132,Gyro,0.308,-0.043,0.415,
82744574466132,acc,-0.003,1.129,7.615,
82744574466132,Lacc,0.033,0.200,-2.151,
82744574466132,GameRo,0.003,-0.047,-0.999,0.024
82744594110299,pre,995.230,,,
82744594168476,acc,0.267,1.844,7.039,
82744593048476,Gyro,0.405,-0.101,0.396,
82744594168476,Lacc,0.275,0.833,-2.719,
82744594168476,GameRo,0.002,-0.052,-0.998,0.027
82744613870872,acc,0.486,2.307,6.697,
82744613870872,Lacc,0.460,1.229,-3.054,
82744612750872,Gyro,0.317,-0.133,0.312,
82744613870872,GameRo,0.000,-0.055,-0.998,0.030
82744634109830,pre,995.246,,,
82744632453267,Gyro,0.115,-0.100,0.184,
82744633573267,acc,0.744,2.539,7.071,
82744633573267,Lacc,0.693,1.434,-2.676,
82744633573267,GameRo,-0.001,-0.057,-0.998,0.032
82744653261913,acc,0.738,2.401,8.390,
82744653261913,Lacc,0.670,1.287,-1.356,
82744652141913,Gyro,0.019,-0.068,0.004,
82744653261913,GameRo,-0.002,-0.057,-0.998,0.032
82744674114465,pre,995.284,,,
82744672978059,acc,0.319,2.112,9.435,
82744671858059,Gyro,0.205,-0.122,-0.125,
82744672978059,Lacc,0.230,0.955,-0.307,
82744672978059,GameRo,-0.003,-0.059,-0.998,0.031
82744692680455,acc,0.142,2.023,9.285,
82744692680455,Lacc,0.028,0.787,-0.446,
82744691560455,Gyro,0.402,-0.155,-0.182,
82744692680455,GameRo,-0.004,-0.063,-0.998,0.029
82744714097278,pre,995.243,,,
82744712382851,Lacc,0.213,0.660,-0.829,
82744711262851,Gyro,0.270,-0.067,-0.253,
82744712382851,GameRo,-0.004,-0.066,-0.997,0.026
82744712382851,acc,0.334,1.951,8.895,
82744732085194,acc,0.193,1.509,9.501,
82744730965194,Gyro,-0.045,0.063,-0.360,
82744732085194,Lacc,0.093,0.226,-0.224,
82744732085194,GameRo,-0.004,-0.066,-0.998,0.023
82744754107174,pre,995.253,,,
82744751787590,acc,-0.236,0.937,10.907,
82744750667590,Gyro,-0.200,0.120,-0.416,
82744751787590,Lacc,-0.302,-0.308,1.177,
82744751787590,GameRo,-0.002,-0.064,-0.998,0.019
82744770369986,Gyro,-0.064,0.047,-0.398,
82744771489986,acc,-0.800,0.745,11.786,
82744771489986,Lacc,-0.846,-0.487,2.054,
82744771489986,GameRo,-0.001,-0.063,-0.998,0.015
82744794108997,pre,995.241,,,
82744791192382,acc,-0.965,1.088,11.136,
82744790072382,Gyro,0.026,-0.056,-0.327,
82744791192382,Lacc,-1.011,-0.148,1.404,
82744791192382,GameRo,-0.002,-0.063,-0.998,0.012
82744809774778,Gyro,-0.222,-0.081,-0.286,
82744810894778,acc,-0.698,1.146,10.449,
82744810894778,Lacc,-0.750,-0.047,0.712,
82744810894778,GameRo,-0.002,-0.061,-0.998,0.009
82744834112382,pre,995.286,,,
82744829477174,Gyro,-0.616,-0.023,-0.267,
82744830597174,acc,-0.321,0.447,10.857,
82744830597174,Lacc,-0.371,-0.626,1.106,
82744830597174,GameRo,-0.002,-0.055,-0.998,0.006
82744849179569,Gyro,-0.851,0.034,-0.193,
82744850299569,acc,-0.142,-0.896,12.352,
82744850299569,Lacc,-0.181,-1.801,2.583,
82744850299569,GameRo,-0.002,-0.046,-0.999,0.004
82744874112382,pre,995.243,,,
82744868881913,Gyro,-0.482,-0.062,-0.009,
82744870001913,acc,-0.092,-1.244,14.316,
82744870001913,Lacc,-0.142,-2.051,4.539,
82744870001913,GameRo,-0.002,-0.041,-0.999,0.004
82744888584309,Gyro,0.350,-0.228,0.130,
82744889704309,acc,0.672,-0.093,13.391,
82744889704309,Lacc,0.575,-0.966,3.620,
82744889704309,GameRo,-0.005,-0.045,-0.999,0.005
82744914115507,pre,995.248,,,
82744908286705,Gyro,0.655,-0.331,0.017,
82744909406705,acc,1.567,1.012,10.249,
82744909406705,Lacc,1.402,0.013,0.492,
82744909406705,GameRo,-0.008,-0.051,-0.999,0.006
82744927989101,Gyro,0.214,-0.227,-0.342,
82744929109101,acc,2.585,1.198,8.317,
82744929109101,Lacc,2.375,0.156,-1.435,
82744929109101,GameRo,-0.011,-0.053,-0.999,0.002
82744954120455,pre,995.271,,,
82744947691497,Gyro,-0.487,0.056,-0.692,
82744948811497,acc,1.814,-0.199,9.559,
82744948811497,Lacc,1.625,-1.146,-0.204,
82744948811497,GameRo,0.010,0.048,0.999,0.005
82744967393840,Gyro,-0.645,0.275,-0.701,
82744968513840,acc,0.820,-1.290,10.914,
82744968513840,Lacc,0.693,-2.111,1.139,
82744968513840,GameRo,0.007,0.042,0.999,0.012
82744994106288,pre,995.274,,,
82744987096236,Gyro,-0.465,0.429,-0.469,
82744988216236,acc,-0.156,-1.320,10.658,
82744988216236,Lacc,-0.191,-2.046,0.875,
82744988216236,GameRo,0.002,0.037,0.999,0.016
82745006784882,Gyro,-0.187,0.474,-0.136,
82745007904882,acc,-0.432,-0.147,9.423,
82745007904882,Lacc,-0.374,-0.834,-0.363,
82745007904882,GameRo,-0.002,0.035,0.999,0.017
82745034107122,pre,995.261,,,
82745026501028,Gyro,-0.004,0.444,0.030,
82745027621028,acc,-0.189,1.231,7.659,
82745027621028,Lacc,-0.045,0.541,-2.126,
82745027621028,GameRo,-0.007,0.035,0.999,0.017
82745046203424,Gyro,-0.018,0.285,0.037,
82745047323424,acc,-0.143,1.875,6.348,
82745047323424,Lacc,0.056,1.184,-3.436,
82745047323424,GameRo,-0.010,0.035,0.999,0.016
82745074113892,pre,995.279,,,
82745065905819,Gyro,-0.101,0.013,-0.025,
82745067025819,acc,-0.087,1.984,6.084,
82745067025819,Lacc,0.114,1.305,-3.700,
82745067025819,GameRo,-0.010,0.035,0.999,0.016
82745085608163,Gyro,-0.126,-0.241,-0.069,
82745086728163,Lacc,0.145,1.183,-2.958,
82745086728163,acc,-0.010,1.843,6.829,
82745086728163,GameRo,-0.007,0.034,0.999,0.017
82745114107694,pre,995.256,,,
82745105310559,Gyro,-0.055,-0.286,-0.103,
82745106430559,acc,0.308,1.698,7.917,
82745106430559,Lacc,0.408,1.045,-1.871,
82745106430559,GameRo,-0.005,0.033,0.999,0.018
82745125012955,Gyro,0.057,-0.151,-0.184,
82745126132955,Lacc,0.478,0.899,-1.376,
82745126132955,acc,0.406,1.566,8.411,
82745126132955,GameRo,-0.003,0.034,0.999,0.020
82745154110090,pre,995.274,,,
82745144715351,Gyro,0.082,0.038,-0.238,
82745145835351,acc,-0.066,1.137,8.326,
82745145835351,Lacc,0.016,0.453,-1.459,
82745145835351,GameRo,-0.003,0.035,0.999,0.023
82745164417694,Gyro,0.088,0.111,-0.179,
82745165537694,acc,-0.610,0.728,8.780,
82745165537694,Lacc,-0.502,0.027,-1.004,
82745165537694,GameRo,-0.005,0.036,0.999,0.024
82745194109778,pre,995.248,,,
82745184120090,Gyro,0.224,0.080,-0.058,
82745185240090,acc,-0.908,0.827,9.126,
82745185240090,Lacc,-0.782,0.083,-0.655,
82745185240090,GameRo,-0.006,0.038,0.999,0.025
82745203822486,Gyro,0.348,0.000,0.075,
82745204942486,acc,-0.896,1.019,8.986,
82745204942486,Lacc,-0.768,0.206,-0.790,
82745204942486,GameRo,-0.006,0.042,0.999,0.024
82745234110559,pre,995.271,,,
82745223524830,Gyro,0.328,-0.038,0.172,
82745224644830,acc,-0.544,1.424,9.158,
82745224644830,Lacc,-0.425,0.546,-0.612,
82745224644830,GameRo,-0.005,0.045,0.999,0.022
82745243227226,Gyro,0.214,0.006,0.203,
82745244347226,acc,-0.188,1.604,9.699,
82745244347226,Lacc,-0.072,0.682,-0.067,
82745244347226,GameRo,-0.005,0.047,0.999,0.020
82745274111653,pre,995.235,,,
82745262929622,Gyro,0.066,0.093,0.159,
82745264049622,acc,0.105,1.478,10.370,
82745264049622,Lacc,0.235,0.542,0.606,
82745264049622,GameRo,-0.006,0.048,0.999,0.019
82745282632017,Gyro,-0.009,0.140,0.069,
82745283752017,Lacc,0.224,0.013,1.586,
82745283752017,acc,0.068,0.948,11.350,
82745283752017,GameRo,-0.007,0.048,0.999,0.018
82745314112694,pre,995.266,,,
82745302334361,Gyro,-0.000,0.181,0.070,
82745303454361,acc,-0.745,0.626,11.573,
82745303454361,Lacc,-0.555,-0.307,1.809,
82745303454361,GameRo,-0.009,0.048,0.999,0.017
82745322036757,Gyro,-0.158,0.226,0.186,
82745323156757,acc,-0.839,0.975,10.713,
82745323156757,Lacc,-0.607,0.072,0.947,
82745323156757,GameRo,-0.011,0.046,0.999,0.015
82745341739153,Gyro,-0.652,0.218,0.141,
82745342859153,acc,-0.189,0.788,10.512,
82745354104413,pre,995.259,,,
82745342859153,Lacc,0.082,0.010,0.736,
82745342859153,GameRo,-0.013,0.040,0.999,0.014
82745361427799,Gyro,-1.078,0.113,-0.059,
82745362547799,Lacc,0.144,-1.065,3.090,
82745362547799,GameRo,-0.015,0.029,0.999,0.014
82745362547799,acc,-0.150,-0.498,12.879,
82745394105351,pre,995.256,,,
82745382263892,acc,-1.601,-2.314,15.633,
82745381143892,Gyro,-0.779,-0.120,-0.076,
82745382263892,Lacc,-1.328,-2.726,5.836,
82745382263892,GameRo,-0.014,0.021,1.000,0.015
82745400846288,Gyro,0.186,-0.185,0.387,
82745401966288,acc,-2.827,-2.603,15.497,
82745401966288,Lacc,-2.588,-3.048,5.700,
82745401966288,GameRo,-0.012,0.023,1.000,0.011
82745420534934,Gyro,0.764,-0.100,0.932,
82745421654934,acc,-1.911,-0.906,11.632,
82745434105559,pre,995.271,,,
82745421654934,Lacc,-1.698,-1.498,1.842,
82745421654934,GameRo,-0.011,0.030,0.999,0.002
82745440251028,Gyro,0.627,0.047,1.044,
82745441371028,acc,-0.214,1.165,8.703,
82745441371028,Lacc,-0.005,0.446,-1.078,
82745441371028,GameRo,0.011,-0.037,-0.999,0.008
82745459953424,Gyro,0.121,-0.028,0.696,
82745461073424,acc,0.897,1.954,7.586,
82745461073424,Lacc,1.086,1.204,-2.193,
82745461073424,GameRo,0.010,-0.038,-0.999,0.015
82745474111080,pre,995.264,,,
82745479655819,Gyro,-0.156,-0.340,0.194,
82745480775819,acc,0.684,1.274,9.126,
82745480775819,Lacc,0.803,0.552,-0.656,
82745480775819,GameRo,0.007,-0.037,-0.999,0.017
82745499358163,Gyro,-0.005,-0.624,-0.047,
82745500478163,acc,-0.047,0.080,10.010,
82745500478163,Lacc,-0.047,-0.639,0.226,
82745500478163,GameRo,0.001,-0.037,-0.999,0.016
82745514112590,pre,995.266,,,
82745519060559,Gyro,0.146,-0.679,-0.058,
82745520180559,acc,-0.165,-0.283,9.711,
82745520180559,Lacc,-0.294,-1.027,-0.070,
82745520180559,GameRo,-0.006,-0.038,-0.999,0.015
82745538762955,Gyro,0.076,-0.467,-0.020,
82745539882955,acc,0.067,-0.363,9.029,
82745539882955,Lacc,-0.152,-1.119,-0.749,
82745539882955,GameRo,-0.011,-0.039,-0.999,0.015
82745554110247,pre,995.284,,,
82745558465299,Gyro,-0.110,-0.133,0.034,
82745559585299,acc,0.011,-0.645,8.850,
82745559585299,Lacc,-0.233,-1.375,-0.930,
82745559585299,GameRo,-0.012,-0.037,-0.999,0.015
82745578167694,Gyro,-0.120,0.097,0.194,
82745579287694,acc,-0.391,-0.885,8.777,
82745579287694,Lacc,-0.617,-1.587,-1.005,
82745579287694,GameRo,-0.011,-0.036,-0.999,0.017
82745594113944,pre,995.261,,,
82745598990090,acc,-0.378,-0.447,8.174,
82745597870090,Gyro,0.017,0.182,0.431,
82745598990090,Lacc,-0.574,-1.148,-1.609,
82745598990090,GameRo,-0.009,-0.036,-0.999,0.021
82745618692434,Lacc,-0.125,-0.029,-2.353,
82745617572434,Gyro,0.170,0.177,0.588,
82745618692434,acc,0.044,0.702,7.429,
82745618692434,GameRo,-0.008,-0.038,-0.999,0.027
82745634110299,pre,995.241,,,
82745637274830,Gyro,0.216,0.161,0.626,
82745638394830,acc,0.435,1.626,6.592,
82745638394830,Lacc,0.286,0.851,-3.186,
82745638394830,GameRo,-0.006,-0.040,-0.999,0.033
82745656963476,Gyro,0.099,0.150,0.532,
82745658083476,acc,0.971,2.367,6.322,
82745658083476,Lacc,0.839,1.566,-3.455,
82745658083476,GameRo,-0.005,-0.041,-0.998,0.039
82745674097434,pre,995.269,,,
82745676679569,Gyro,-0.096,0.179,0.313,
82745677799569,acc,1.351,2.618,6.716,
82745677799569,Lacc,1.243,1.829,-3.061,
82745677799569,GameRo,-0.004,-0.040,-0.998,0.042
82745696381965,Gyro,-0.196,0.166,0.047,
82745697501965,acc,1.104,2.317,7.825,
82745697501965,Lacc,1.024,1.560,-1.955,
82745697501965,GameRo,-0.002,-0.039,-0.998,0.042
82745714103528,pre,995.297,,,
82745716070611,Gyro,-0.060,0.052,-0.131,
82745717190611,Lacc,0.342,0.979,-0.668,
82745717190611,acc,0.410,1.727,9.114,
82745717190611,GameRo,-0.002,-0.038,-0.998,0.041
82745735786705,Gyro,0.238,-0.106,-0.203,
82745736906705,acc,0.053,1.463,9.660,
82745736906705,Lacc,-0.033,0.666,-0.117,
82745736906705,GameRo,-0.003,-0.041,-0.998,0.039
82745754103580,pre,995.269,,,
82745755489101,Gyro,0.312,-0.166,-0.284,
82745756609101,acc,0.193,1.511,9.102,
82745756609101,Lacc,0.079,0.652,-0.670,
82745756609101,GameRo,-0.004,-0.044,-0.998,0.036
82745775191444,Gyro,0.030,-0.092,-0.438,
82745776311444,acc,0.243,1.193,9.398,
82745776311444,Lacc,0.120,0.325,-0.373,
82745776311444,GameRo,-0.005,-0.044,-0.998,0.032
82745794113684,pre,995.277,,,
82745794893840,Gyro,-0.215,-0.004,-0.541,
82745796013840,acc,-0.178,0.447,10.842,
82745796013840,Lacc,-0.293,-0.378,1.068,
82745796013840,GameRo,-0.005,-0.042,-0.999,0.027
82745814596184,Gyro,-0.198,0.073,-0.496,
82745815716184,acc,-0.893,-0.098,12.218,
82745815716184,Lacc,-0.984,-0.884,2.440,
82745815716184,GameRo,-0.004,-0.040,-0.999,0.022
82745834109517,pre,995.271,,,
82745834298580,Gyro,-0.064,0.132,-0.344,
82745835418580,acc,-1.017,0.330,12.417,
82745835418580,Lacc,-1.074,-0.443,2.638,
82745835418580,GameRo,-0.002,-0.039,-0.999,0.018
82745854000924,Gyro,-0.181,0.221,-0.299,
82745855120924,acc,-0.434,0.556,11.365,
82745855120924,Lacc,-0.443,-0.181,1.583,
82745855120924,GameRo,0.000,-0.038,-0.999,0.016
82745874112434,pre,995.254,,,
82745873703319,Gyro,-0.661,0.243,-0.408,
82745874823319,acc,0.092,-0.276,10.652,
82745874823319,Lacc,0.135,-0.884,0.861,
82745874823319,GameRo,0.003,-0.031,-0.999,0.012
82745893391965,Gyro,-1.142,0.070,-0.441,
82745894511965,acc,-0.662,-2.526,12.235,
82745894511965,Lacc,-0.600,-2.906,2.432,
82745894511965,GameRo,0.003,-0.019,-1.000,0.007
82745914113684,pre,995.269,,,
82745913108059,Gyro,-0.783,-0.246,-0.091,
82745914228059,acc,-1.226,-3.237,15.810,
82745914228059,Lacc,-1.209,-3.460,6.002,
82745914228059,GameRo,0.001,-0.011,-1.000,0.006
82745932810455,Gyro,0.340,-0.430,0.276,
82745933930455,acc,0.362,-1.829,15.836,
82745933930455,Lacc,0.294,-2.113,6.030,
82745933930455,GameRo,-0.003,-0.015,-1.000,0.009
82745954113424,pre,995.256,,,
82745953619101,acc,1.982,-0.402,11.755,
82745952499101,Gyro,0.898,-0.545,0.205,
82745953619101,Lacc,1.804,-0.857,1.957,
82745953619101,GameRo,-0.009,-0.023,-1.000,0.011
82745972215194,Gyro,0.649,-0.549,-0.169,
82745973335194,acc,3.141,0.295,9.500,
82745973335194,Lacc,2.851,-0.285,-0.289,
82745973335194,GameRo,-0.015,-0.030,-0.999,0.009
82745994115299,pre,995.238,,,
82745991917538,Gyro,0.141,-0.293,-0.552,
82745993037538,acc,2.948,-0.131,9.570,
82745993037538,Lacc,2.600,-0.740,-0.215,
82745993037538,GameRo,-0.018,-0.031,-0.999,0.004
82746012739934,Lacc,1.648,-1.568,0.183,
82746012739934,GameRo,0.017,0.030,0.999,0.002
82746011619934,Gyro,-0.142,0.082,-0.630,
82746012739934,acc,1.976,-0.986,9.970,
82746034106965,pre,995.241,,,
82746031322330,Gyro,-0.138,0.375,-0.483,
82746032442330,Lacc,0.960,-1.317,-0.159,
82746032442330,GameRo,0.013,0.028,0.999,0.007
82746032442330,acc,1.214,-0.763,9.632,
82746052144674,acc,0.667,0.287,8.481,
82746051024674,Gyro,0.011,0.502,-0.337,
82746052144674,Lacc,0.512,-0.270,-1.312,
82746052144674,GameRo,0.008,0.028,1.000,0.010
82746074098372,pre,995.248,,,
82746071833319,acc,0.048,1.187,6.927,
82746070713319,Gyro,0.168,0.452,-0.270,
82746071833319,Lacc,-0.016,0.594,-2.865,
82746071833319,GameRo,0.004,0.030,0.999,0.013
82746090429413,Gyro,0.133,0.271,-0.236,
82746091549413,acc,-0.346,1.683,5.479,
82746091549413,Lacc,-0.354,1.058,-4.311,
82746091549413,GameRo,0.001,0.032,0.999,0.015
82746114112851,pre,995.264,,,
82746110131809,Gyro,-0.052,0.017,-0.242,
82746111251809,acc,-0.374,1.853,5.230,
82746111251809,Lacc,-0.374,1.230,-4.560,
82746111251809,GameRo,0.001,0.032,0.999,0.017
82746129834153,Gyro,-0.199,-0.246,-0.256,
82746130954153,acc,-0.185,1.779,5.889,
82746130954153,Lacc,-0.228,1.188,-3.903,
82746130954153,GameRo,0.003,0.030,0.999,0.020
82746154109778,pre,995.256,,,
82746149536549,Gyro,-0.258,-0.363,-0.297,
82746150656549,acc,0.156,1.497,7.525,
82746150656549,Lacc,0.045,0.952,-2.269,
82746150656549,GameRo,0.006,0.028,0.999,0.023
82746169238892,Gyro,-0.152,-0.273,-0.359,
82746170358892,acc,0.214,1.146,8.804,
82746170358892,Lacc,0.055,0.627,-0.991,
82746170358892,GameRo,0.009,0.026,0.999,0.027
82746194110038,pre,995.236,,,
82746190061288,acc,-0.328,0.608,8.820,
82746188941288,Gyro,-0.075,-0.054,-0.336,
82746190061288,Lacc,-0.493,0.102,-0.976,
82746190061288,GameRo,0.009,0.026,0.999,0.030
82746208643632,Gyro,-0.110,0.097,-0.177,
82746209763632,Lacc,-0.836,-0.067,-1.072,
82746209763632,acc,-0.694,0.418,8.725,
82746209763632,GameRo,0.008,0.024,0.999,0.032
82746234113736,pre,995.259,,,
82746228346028,Gyro,-0.138,0.190,-0.006,
82746229466028,acc,-0.648,0.618,9.384,
82746229466028,Lacc,-0.751,0.159,-0.414,
82746229466028,GameRo,0.006,0.023,0.999,0.032
82746248048372,Gyro,-0.019,0.177,0.129,
82746249168372,acc,-0.703,0.779,9.845,
82746249168372,Lacc,-0.771,0.323,0.046,
82746249168372,GameRo,0.004,0.023,0.999,0.030
82746274097017,pre,995.276,,,
82746267750767,Gyro,0.135,0.094,0.246,
82746268870767,acc,-0.488,0.997,10.262,
82746268870767,Lacc,-0.538,0.514,0.464,
82746268870767,GameRo,0.003,0.025,0.999,0.028
82746287453111,Gyro,0.279,0.048,0.264,
82746288573111,acc,0.011,1.332,10.920,
82746288573111,Lacc,-0.033,0.794,1.125,
82746288573111,GameRo,0.003,0.027,0.999,0.025
82746314113215,pre,995.246,,,
82746308275507,acc,0.418,1.416,10.877,
82746307155507,Gyro,0.402,0.062,0.169,
82746308275507,Lacc,0.383,0.798,1.087,
82746308275507,GameRo,0.003,0.031,0.999,0.024
82746326857851,Gyro,0.277,0.151,0.055,
82746327977851,acc,0.315,0.803,10.423,
82746327977851,Lacc,0.308,0.132,0.636,
82746327977851,GameRo,0.001,0.034,0.999,0.023
82746354097330,pre,995.259,,,
82746346560194,Gyro,0.051,0.277,0.052,
82746347680194,acc,-0.362,0.123,11.036,
82746347680194,Lacc,-0.315,-0.557,1.249,
82746347680194,GameRo,-0.002,0.035,0.999,0.022
82746366262590,Gyro,0.003,0.315,0.205,
82746367382590,acc,-1.142,0.296,11.479,
82746367382590,Lacc,-1.035,-0.384,1.693,
82746367382590,GameRo,-0.005,0.035,0.999,0.020
82746394105559,pre,995.246,,,
82746385964934,Gyro,-0.109,0.204,0.337,
82746387084934,acc,-0.559,0.828,10.435,
82746387084934,Lacc,-0.416,0.169,0.649,
82746387084934,GameRo,-0.007,0.034,0.999,0.017
82746406787330,acc,0.447,0.340,10.727,
82746405667330,Gyro,-0.509,-0.004,0.186,
82746406787330,Lacc,0.585,-0.221,0.934,
82746406787330,GameRo,-0.007,0.029,0.999,0.015
82746434108215,pre,995.266,,,
82746425355976,Gyro,-0.639,-0.266,-0.052,
82746426475976,acc,0.341,-1.235,13.230,
82746426475976,Lacc,0.427,-1.669,3.430,
82746426475976,GameRo,-0.004,0.022,1.000,0.016
82746445072069,Gyro,-0.072,-0.404,0.037,
82746446192069,acc,-1.204,-2.300,15.077,
82746446192069,Lacc,-1.194,-2.715,5.276,
82746446192069,GameRo,-0.000,0.021,1.000,0.015
82746474111601,pre,995.254,,,
82746465894413,acc,-1.504,-1.434,12.477,
82746464774413,Gyro,0.630,-0.314,0.473,
82746465894413,Lacc,-1.555,-1.966,2.681,
82746465894413,GameRo,0.003,0.027,1.000,0.011
82746484463059,Gyro,0.507,-0.049,0.685,
82746485583059,acc,0.002,0.453,9.386,
82746485583059,Lacc,-0.067,-0.175,-0.403,
82746485583059,GameRo,0.004,0.032,0.999,0.004
82746514111392,pre,995.231,,,
82746504179153,Gyro,-0.031,0.098,0.419,
82746505299153,acc,1.070,1.337,8.757,
82746505299153,Lacc,1.011,0.713,-1.033,
82746505299153,GameRo,-0.003,-0.032,-0.999,0.000
82746523881497,Gyro,-0.250,-0.050,-0.043,
82746525001497,acc,0.652,0.661,10.271,
82746525001497,Lacc,0.583,0.085,0.478,
82746525001497,GameRo,0.004,0.029,1.000,0.000
82746554106757,pre,995.249,,,
82746543583892,Gyro,-0.075,-0.208,-0.246,
82746544703892,acc,-0.259,-0.584,10.940,
82746544703892,Lacc,-0.365,-1.144,1.146,
82746544703892,GameRo,0.005,0.028,1.000,0.003
82746563286236,Gyro,0.091,-0.170,-0.184,
82746564406236,acc,-0.837,-1.115,10.568,
82746564406236,Lacc,-0.971,-1.688,0.776,
82746564406236,GameRo,0.007,0.029,1.000,0.005
82746594115507,pre,995.254,,,
82746582988632,Gyro,0.204,-0.119,0.040,
82746584108632,acc,-1.026,-0.988,9.571,
82746584108632,Lacc,-1.180,-1.596,-0.219,
82746584108632,GameRo,0.008,0.031,0.999,0.004
82746602690976,Gyro,0.168,-0.051,0.240,
82746603810976,acc,-0.489,-0.479,8.564,
82746603810976,Lacc,-0.653,-1.115,-1.224,
82746603810976,GameRo,0.008,0.032,0.999,0.002
82746634114205,pre,995.241,,,
82746622393319,Gyro,0.144,-0.033,0.323,
82746623513319,acc,-0.139,-0.120,8.337,
82746623513319,Lacc,-0.314,-0.781,-1.449,
82746623513319,GameRo,-0.009,-0.034,-0.999,0.001
82746642095715,Gyro,0.283,-0.154,0.400,
82746643215715,acc,0.028,0.162,8.042,
82746643215715,Lacc,-0.181,-0.549,-1.739,
82746643215715,GameRo,-0.010,-0.036,-0.999,0.005
82746661798059,Gyro,0.416,-0.240,0.488,
82746674097069,pre,995.243,,,
82746662918059,acc,0.404,0.849,7.769,
82746662918059,Lacc,0.142,0.058,-2.006,
82746662918059,GameRo,-0.013,-0.040,-0.999,0.010
82746681500403,Gyro,0.443,-0.192,0.523,
82746682620403,acc,0.872,1.688,7.354,
82746682620403,Lacc,0.561,0.811,-2.412,
82746682620403,GameRo,-0.015,-0.045,-0.999,0.015
82746701202799,Gyro,0.341,-0.085,0.430,
82746702322799,acc,1.324,2.323,7.025,
82746714105194,pre,995.251,,,
82746702322799,Lacc,0.985,1.378,-2.733,
82746702322799,GameRo,-0.016,-0.049,-0.998,0.019
82746720905142,Gyro,0.238,-0.063,0.233,
82746722025142,acc,1.407,2.581,7.275,
82746722025142,Lacc,1.048,1.585,-2.477,
82746722025142,GameRo,-0.017,-0.051,-0.998,0.022
82746740607538,Gyro,0.191,-0.087,0.025,
82746741727538,acc,1.199,2.534,7.661,
82746741727538,Lacc,0.819,1.495,-2.087,
82746754105507,pre,995.236,,,
82746741727538,GameRo,-0.018,-0.053,-0.998,0.022
82746760309882,Gyro,0.200,-0.091,-0.117,
82746761429882,acc,0.855,2.429,8.228,
82746761429882,Lacc,0.459,1.347,-1.514,
82746761429882,GameRo,-0.019,-0.056,-0.998,0.021
82746780012226,Gyro,0.231,-0.056,-0.224,
82746781132226,acc,0.745,2.418,8.502,
82746781132226,Lacc,0.342,1.285,-1.234,
82746781132226,GameRo,-0.020,-0.058,-0.998,0.019
82746794109778,pre,995.271,,,
82746799714622,Gyro,0.186,-0.005,-0.350,
82746800834622,acc,0.678,2.226,8.336,
82746800834622,Lacc,0.281,1.051,-1.395,
82746800834622,GameRo,-0.019,-0.060,-0.998,0.015
82746819416965,Gyro,-0.017,0.035,-0.483,
82746820536965,acc,0.526,1.729,8.410,
82746820536965,Lacc,0.146,0.551,-1.322,
82746820536965,GameRo,-0.019,-0.060,-0.998,0.010
82746834113163,pre,995.251,,,
82746839105611,Gyro,-0.193,0.022,-0.590,
82746840225611,acc,0.175,0.922,9.918,
82746840225611,Lacc,-0.187,-0.222,0.182,
82746840225611,GameRo,-0.018,-0.059,-0.998,0.005
82746858821705,Gyro,-0.024,-0.093,-0.596,
82746859941705,acc,-0.306,0.482,11.270,
82746859941705,Lacc,-0.671,-0.660,1.533,
82746859941705,GameRo,0.019,0.058,0.998,0.001
82746874107694,pre,995.249,,,
82746878524049,Gyro,0.103,-0.155,-0.509,
82746879644049,acc,-0.549,0.683,10.984,
82746879644049,Lacc,-0.928,-0.481,1.251,
82746879644049,GameRo,0.020,0.059,0.998,0.006
82746899346392,Lacc,-0.714,0.024,1.181,
82746899346392,acc,-0.343,1.167,10.917,
82746899346392,GameRo,0.020,0.058,0.998,0.011
82746898226392,Gyro,-0.124,-0.013,-0.438,
82746914112382,pre,995.254,,,
82746917928788,Gyro,-0.492,0.202,-0.437,
82746919048788,acc,-0.047,0.873,11.174,
82746919048788,Lacc,-0.369,-0.177,1.426,
82746919048788,GameRo,0.017,0.053,0.998,0.015
82746938751132,acc,0.048,-0.438,11.469,
82746937631132,Gyro,-0.833,0.341,-0.456,
82746938751132,Lacc,-0.199,-1.328,1.702,
82746938751132,GameRo,0.013,0.045,0.999,0.019
82746954110090,pre,995.251,,,
82746957319778,Gyro,-0.937,0.246,-0.371,
82746958439778,acc,-0.357,-2.120,13.035,
82746958439778,Lacc,-0.549,-2.824,3.252,
82746958439778,GameRo,0.011,0.036,0.999,0.023
82746977035872,Gyro,-0.302,-0.062,-0.073,
82746978155872,acc,-0.510,-2.197,15.170,
82746978155872,Lacc,-0.712,-2.838,5.383,
82746978155872,GameRo,0.011,0.032,0.999,0.024
82746994107903,pre,995.228,,,
82746996738215,Gyro,0.626,-0.292,0.111,
82746997858215,acc,0.837,-0.733,13.430,
82746997858215,Lacc,0.576,-1.490,3.653,
82746997858215,GameRo,0.014,0.038,0.999,0.023
82747016426861,Gyro,0.831,-0.332,-0.023,
82747017546861,acc,1.606,0.232,10.366,
82747017546861,Lacc,1.279,-0.683,0.605,
82747017546861,GameRo,0.018,0.046,0.999,0.023
82747034098007,pre,995.246,,,
82747036142955,Gyro,0.462,-0.217,-0.320,
82747037262955,acc,2.254,0.600,8.809,
82747037262955,Lacc,1.886,-0.406,-0.943,
82747037262955,GameRo,0.020,0.051,0.998,0.026
82747056965299,acc,1.514,-0.215,8.884,
82747056965299,Lacc,1.161,-1.198,-0.870,
82747055845299,Gyro,-0.121,0.039,-0.578,
82747056965299,GameRo,0.020,0.050,0.998,0.032
82747074106080,pre,995.246,,,
82747075547642,Gyro,-0.425,0.297,-0.545,
82747076667642,acc,0.564,-0.945,9.718,
82747076667642,Lacc,0.278,-1.844,-0.047,
82747076667642,GameRo,0.016,0.045,0.998,0.037
82747095249986,Gyro,-0.381,0.472,-0.322,
82747096369986,acc,-0.339,-0.841,9.626,
82747096369986,Lacc,-0.527,-1.664,-0.148,
82747096369986,GameRo,0.011,0.042,0.998,0.040
82747114111080,pre,995.251,,,
82747114952382,Gyro,-0.155,0.436,-0.029,
82747116072382,Lacc,-0.887,-0.551,-1.124,
82747116072382,acc,-0.785,0.241,8.654,
82747116072382,GameRo,0.007,0.040,0.998,0.040
82747134640976,Gyro,0.034,0.285,0.152,
82747135760976,acc,-0.711,1.532,7.248,
82747135760976,Lacc,-0.757,0.730,-2.529,
82747135760976,GameRo,0.004,0.041,0.998,0.039
82747154111861,pre,995.238,,,
82747154357069,Gyro,0.013,0.091,0.192,
82747155477069,acc,-0.517,2.384,6.014,
82747155477069,Lacc,-0.546,1.572,-3.762,
82747155477069,GameRo,0.003,0.041,0.998,0.037
82747174059413,Gyro,-0.186,-0.069,0.120,
82747175179413,acc,-0.156,2.736,5.922,
82747175179413,Lacc,-0.200,1.951,-3.856,
82747175179413,GameRo,0.004,0.040,0.999,0.036
82747194106653,pre,995.272,,,
82747193761809,Gyro,-0.359,-0.126,0.002,
82747194881809,acc,0.233,2.599,6.893,
82747194881809,Lacc,0.163,1.875,-2.890,
82747194881809,GameRo,0.005,0.037,0.999,0.036
82747214584153,acc,0.433,2.023,8.233,
82747214584153,Lacc,0.338,1.365,-1.555,
82747214584153,GameRo,0.006,0.033,0.999,0.037
82747213464153,Gyro,-0.369,-0.138,-0.132,
82747234102069,pre,995.259,,,
82747233166497,Gyro,-0.164,-0.138,-0.249,
82747234286497,acc,0.391,1.341,9.380,
82747234286497,Lacc,0.271,0.712,-0.409,
82747234286497,GameRo,0.007,0.032,0.999,0.040
82747253988840,acc,-0.083,0.659,9.325,
82747252868840,Gyro,0.018,-0.036,-0.272,
82747253988840,Lacc,-0.205,0.025,-0.464,
82747253988840,GameRo,0.008,0.032,0.999,0.042
82747274111288,pre,995.244,,,
82747272571236,Gyro,0.010,0.136,-0.148,
82747273691236,acc,-0.564,0.324,9.174,
82747273691236,Lacc,-0.656,-0.311,-0.615,
82747273691236,GameRo,0.006,0.032,0.999,0.044
82747292273580,Gyro,-0.023,0.258,0.026,
82747293393580,acc,-0.777,0.336,9.411,
82747293393580,Lacc,-0.817,-0.294,-0.379,
82747293393580,GameRo,0.003,0.032,0.999,0.043
82747314111288,pre,995.264,,,
82747311975924,Gyro,0.022,0.226,0.187,
82747313095924,acc,-0.858,0.438,9.756,
82747313095924,Lacc,-0.855,-0.195,-0.033,
82747313095924,GameRo,0.001,0.032,0.999,0.041
82747331678267,Gyro,0.153,0.113,0.325,
82747332798267,acc,-0.775,0.629,10.366,
82747332798267,Lacc,-0.752,-0.033,0.579,
82747332798267,GameRo,0.000,0.034,0.999,0.038
82747354104205,pre,995.244,,,
82747351380663,Gyro,0.312,0.036,0.450,
82747352500663,Lacc,-0.584,0.284,0.804,
82747352500663,acc,-0.610,1.008,10.588,
82747352500663,GameRo,-0.000,0.037,0.999,0.034
82747372203007,acc,-0.232,1.286,10.231,
82747371083007,Gyro,0.301,0.029,0.551,
82747372203007,Lacc,-0.209,0.503,0.452,
82747372203007,GameRo,-0.000,0.040,0.999,0.028
82747394098215,pre,995.249,,,
82747390785351,Gyro,0.122,0.072,0.570,
82747391905351,acc,0.501,1.436,10.522,
82747391905351,Lacc,0.528,0.628,0.746,
82747391905351,GameRo,-0.000,0.041,0.999,0.023
82747410487694,Gyro,-0.021,0.187,0.472,
82747411607694,acc,0.875,1.235,11.497,
82747411607694,Lacc,0.927,0.429,1.720,
82747411607694,GameRo,-0.002,0.041,0.999,0.018
82747434107122,pre,995.254,,,
82747430190038,Gyro,0.052,0.309,0.453,
82747431310038,acc,0.149,1.140,12.451,
82747431310038,Lacc,0.253,0.323,2.676,
82747431310038,GameRo,-0.005,0.042,0.999,0.013
82747451012434,acc,0.153,1.895,11.653,
82747449892434,Gyro,0.211,0.409,0.519,
82747451012434,Lacc,0.326,1.035,1.882,
82747451012434,GameRo,-0.009,0.044,0.999,0.008
82747474110299,pre,995.266,,,
82747470714778,acc,0.424,2.565,10.029,
82747469594778,Gyro,0.013,0.428,0.361,
82747470714778,Lacc,0.672,1.696,0.261,
82747470714778,GameRo,-0.012,0.044,0.999,0.004
82747489283372,Gyro,-0.404,0.281,0.021,
82747490403372,acc,0.108,1.097,10.368,
82747490403372,Lacc,0.409,0.305,0.594,
82747490403372,GameRo,-0.015,0.040,0.999,0.004
82747514112174,pre,995.249,,,
82747508999465,Gyro,-0.455,-0.064,-0.177,
82747510119465,acc,-0.796,-1.014,12.668,
82747510119465,Lacc,-0.504,-1.713,2.888,
82747510119465,GameRo,-0.015,0.036,0.999,0.006
82747528701809,Gyro,0.050,-0.254,0.024,
82747529821809,acc,-1.856,-1.613,14.244,
82747529821809,Lacc,-1.610,-2.317,4.463,
82747529821809,GameRo,-0.012,0.036,0.999,0.006
82747554109517,pre,995.241,,,
82747548390455,Gyro,0.495,-0.105,0.330,
82747549510455,acc,-1.218,-0.504,12.559,
82747549510455,Lacc,-0.996,-1.301,2.784,
82747549510455,GameRo,-0.011,0.041,0.999,0.002
82747568106549,Gyro,0.342,0.173,0.325,
82747569226549,acc,-0.459,0.479,9.965,
82747569226549,Lacc,-0.209,-0.384,0.196,
82747569226549,GameRo,0.013,-0.044,-0.999,0.001
82747594114986,pre,995.269,,,
82747587808892,Gyro,-0.069,0.196,0.087,
82747588928892,acc,-0.486,0.235,8.998,
82747588928892,Lacc,-0.198,-0.614,-0.771,
82747588928892,GameRo,0.015,-0.043,-0.999,0.002
82747607511236,Gyro,-0.273,-0.042,-0.080,
82747608631236,acc,-1.153,-0.741,9.774,
82747608631236,Lacc,-0.870,-1.533,0.000,
82747608631236,GameRo,0.015,-0.040,-0.999,0.001
82747634109830,pre,995.246,,,
82747627213580,Gyro,-0.135,-0.264,-0.035,
82747628333580,acc,-1.627,-1.303,10.429,
82747628333580,Lacc,-1.390,-2.064,0.651,
82747628333580,GameRo,0.012,-0.039,-0.999,0.001
82747646915924,Gyro,0.094,-0.359,0.156,
82747648035924,acc,-1.644,-1.153,9.869,
82747648035924,Lacc,-1.475,-1.927,0.091,
82747648035924,GameRo,0.009,-0.039,-0.999,0.002
82747674103997,pre,995.233,,,
82747666618267,Gyro,0.217,-0.347,0.353,
82747667738267,acc,-1.111,-0.631,8.821,
82747667738267,Lacc,-1.012,-1.443,-0.956,
82747667738267,GameRo,0.005,-0.041,-0.999,0.005
82747686320663,Gyro,0.196,-0.253,0.489,
82747687440663,acc,-0.601,-0.309,8.064,
82747687440663,Lacc,-0.556,-1.156,-1.709,
82747687440663,GameRo,0.003,-0.043,-0.999,0.010
82747714098215,pre,995.241,,,
82747707143007,acc,-0.379,-0.032,7.865,
82747706023007,Gyro,0.166,-0.165,0.627,
82747707143007,Lacc,-0.375,-0.909,-1.906,
82747707143007,GameRo,0.001,-0.045,-0.999,0.016
82747725725351,Gyro,0.267,-0.158,0.771,
82747726845351,acc,0.008,0.547,7.749,
82747726845351,Lacc,-0.032,-0.380,-2.017,
82747726845351,GameRo,-0.001,-0.047,-0.999,0.024
82747754108528,pre,995.200,,,
82747745427694,Gyro,0.390,-0.171,0.843,
82747746547694,acc,0.601,1.415,7.272,
82747746547694,Lacc,0.510,0.411,-2.486,
82747746547694,GameRo,-0.003,-0.051,-0.998,0.032
82747765130038,Gyro,0.396,-0.153,0.777,
82747766250038,acc,1.098,2.398,6.839,
82747766250038,Lacc,0.959,1.313,-2.910,
82747766250038,GameRo,-0.005,-0.056,-0.998,0.039
82747794124674,pre,995.238,,,
82747785952382,acc,1.334,3.059,6.546,
82747784832382,Gyro,0.301,-0.107,0.592,
82747785952382,Lacc,1.156,1.910,-3.196,
82747785952382,GameRo,-0.006,-0.059,-0.997,0.045
82747804534726,Gyro,0.117,-0.055,0.356,
82747805654726,acc,1.290,3.233,6.489,
82747805654726,Lacc,1.089,2.055,-3.248,
82747805654726,GameRo,-0.007,-0.061,-0.997,0.049
82747834111132,pre,995.238,,,
82747824237069,Gyro,-0.029,-0.034,0.125,
82747825357069,acc,1.025,3.014,7.192,
82747825357069,Lacc,0.811,1.834,-2.544,
82747825357069,GameRo,-0.008,-0.061,-0.997,0.050
82747843939465,Gyro,0.027,-0.120,-0.069,
82747845059465,acc,0.693,2.542,8.217,
82747845059465,Lacc,0.456,1.351,-1.518,
82747845059465,GameRo,-0.009,-0.061,-0.997,0.049
82747874111861,pre,995.244,,,
82747863641809,Gyro,0.158,-0.289,-0.246,
82747864761809,acc,0.571,2.082,8.337,
82747864761809,Lacc,0.284,0.856,-1.392,
82747864761809,GameRo,-0.012,-0.063,-0.997,0.047
82747883344153,Gyro,0.096,-0.389,-0.408,
82747884464153,acc,0.419,1.580,8.577,
82747884464153,Lacc,0.067,0.333,-1.147,
82747884464153,GameRo,-0.015,-0.064,-0.997,0.042
82747914112122,pre,995.264,,,
82747904166497,acc,0.365,1.141,9.386,
82747903046497,Gyro,-0.094,-0.360,-0.522,
82747904166497,Lacc,-0.043,-0.093,-0.337,
82747904166497,GameRo,-0.018,-0.064,-0.997,0.037
82747922748840,Gyro,-0.280,-0.203,-0.556,
82747923868840,acc,0.127,0.625,10.490,
82747923868840,Lacc,-0.306,-0.558,0.761,
82747923868840,GameRo,-0.020,-0.061,-0.997,0.031
82747954102017,pre,995.289,,,
82747942451184,Gyro,-0.320,-0.047,-0.500,
82747943571184,acc,-0.345,0.454,11.658,
82747943571184,Lacc,-0.773,-0.669,1.922,
82747943571184,GameRo,-0.020,-0.058,-0.998,0.026
82747962153528,Gyro,-0.244,-0.016,-0.411,
82747963273528,acc,-0.393,0.797,11.815,
82747963273528,Lacc,-0.814,-0.282,2.073,
82747963273528,GameRo,-0.020,-0.056,-0.998,0.022
82747981855872,Gyro,-0.402,0.050,-0.398,
82747994101809,pre,995.259,,,
82747982975872,acc,0.103,0.725,11.195,
82747982975872,Lacc,-0.298,-0.279,1.445,
82747982975872,GameRo,-0.020,-0.052,-0.998,0.018
82748001558215,Gyro,-0.878,0.169,-0.443,
82748002678215,acc,0.556,-0.285,10.866,
82748002678215,Lacc,0.194,-1.120,1.098,
82748002678215,GameRo,-0.018,-0.043,-0.999,0.014
82748022366861,acc,0.178,-2.381,12.382,
82748034102017,pre,995.269,,,
82748021246861,Gyro,-1.371,0.157,-0.413,
82748022366861,Lacc,-0.147,-2.949,2.594,
82748022366861,GameRo,-0.016,-0.029,-0.999,0.010
82748040962903,Gyro,-1.050,-0.100,-0.113,
82748042082903,acc,-0.153,-2.999,16.052,
82748042082903,Lacc,-0.495,-3.359,6.255,
82748042082903,GameRo,-0.017,-0.018,-1.000,0.008
82748060665247,Gyro,0.156,-0.343,0.166,
82748061785247,acc,1.107,-1.724,16.525,
82748061785247,Lacc,0.697,-2.109,6.732,
82748061785247,GameRo,-0.021,-0.020,-1.000,0.010
82748074111392,pre,995.249,,,
82748080353892,Gyro,0.886,-0.467,0.104,
82748081473892,acc,2.201,-0.452,12.497,
82748081473892,Lacc,1.696,-1.004,2.715,
82748081473892,GameRo,-0.025,-0.028,-0.999,0.011
82748101189986,acc,3.007,0.163,9.618,
82748100069986,Gyro,0.631,-0.348,-0.154,
82748101189986,Lacc,2.430,-0.511,-0.152,
82748101189986,GameRo,-0.029,-0.035,-0.999,0.010
82748114103892,pre,995.246,,,
82748119772330,Gyro,-0.060,0.054,-0.440,
82748120892330,acc,2.956,-0.083,9.555,
82748120892330,Lacc,2.389,-0.748,-0.216,
82748120892330,GameRo,-0.029,-0.034,-0.999,0.005
82748139474674,Gyro,-0.383,0.461,-0.562,
82748140594674,acc,1.843,-0.901,10.579,
82748140594674,Lacc,1.369,-1.494,0.799,
82748140594674,GameRo,0.024,0.030,0.999,0.000
82748154108424,pre,995.246,,,
82748159177017,Gyro,-0.165,0.583,-0.445,
82748160297017,acc,0.657,-0.837,10.369,
82748160297017,Lacc,0.300,-1.399,0.582,
82748160297017,GameRo,0.018,0.029,0.999,0.005
82748178879361,Gyro,0.179,0.575,-0.285,
82748179999361,acc,0.090,0.176,8.969,
82748179999361,Lacc,-0.153,-0.421,-0.819,
82748179999361,GameRo,0.013,0.030,0.999,0.007
82748194107174,pre,995.233,,,
82748198567955,Gyro,0.380,0.535,-0.177,
82748199687955,acc,-0.345,1.159,7.112,
82748199687955,Lacc,-0.481,0.486,-2.674,
82748199687955,GameRo,0.007,0.034,0.999,0.009
82748218284049,Gyro,0.295,0.416,-0.120,
82748219404049,acc,-0.666,1.698,5.371,
82748219404049,Lacc,-0.716,0.961,-4.411,
82748219404049,GameRo,0.003,0.038,0.999,0.010
82748234112122,pre,995.228,,,
82748237986392,Gyro,0.043,0.175,-0.098,
82748239106392,acc,-0.673,1.848,4.825,
82748239106392,Lacc,-0.685,1.095,-4.956,
82748239106392,GameRo,0.001,0.038,0.999,0.011
82748257688736,Gyro,-0.109,-0.110,-0.120,
82748258808736,acc,-0.199,1.957,5.903,
82748258808736,Lacc,-0.229,1.218,-3.879,
82748258808736,GameRo,0.002,0.038,0.999,0.012
82748274106392,pre,995.228,,,
82748277391080,Gyro,-0.131,-0.264,-0.191,
82748278511080,acc,0.179,1.789,6.830,
82748278511080,Lacc,0.101,1.070,-2.954,
82748278511080,GameRo,0.005,0.037,0.999,0.014
82748297093424,Gyro,-0.144,-0.211,-0.280,
82748298213424,Lacc,0.310,0.813,-2.121,
82748298213424,acc,0.427,1.508,7.664,
82748298213424,GameRo,0.007,0.035,0.999,0.017
82748314108788,pre,995.251,,,
82748317915767,acc,0.156,0.983,8.144,
82748317915767,Lacc,0.036,0.316,-1.642,
82748316795767,Gyro,-0.157,-0.034,-0.350,
82748317915767,GameRo,0.007,0.034,0.999,0.020
82748336498111,Gyro,-0.197,0.127,-0.302,
82748337618111,acc,-0.391,0.559,8.506,
82748337618111,Lacc,-0.480,-0.071,-1.284,
82748337618111,GameRo,0.005,0.032,0.999,0.023
82748354102642,pre,995.256,,,
82748356200455,Gyro,-0.174,0.193,-0.160,
82748357320455,Lacc,-0.918,-0.251,-0.542,
82748357320455,acc,-0.871,0.345,9.249,
82748357320455,GameRo,0.003,0.030,0.999,0.025
82748375902799,Gyro,-0.016,0.145,0.033,
82748377022799,acc,-1.056,0.449,9.684,
82748377022799,Lacc,-1.073,-0.143,-0.109,
82748377022799,GameRo,0.002,0.030,0.999,0.024
82748394103267,pre,995.244,,,
82748395605194,Gyro,0.105,0.095,0.213,
82748396725194,acc,-0.843,0.775,9.992,
82748396725194,Lacc,-0.841,0.162,0.202,
82748396725194,GameRo,0.001,0.031,0.999,0.022
82748415307538,Gyro,0.183,0.101,0.329,
82748416427538,acc,-0.458,1.280,10.407,
82748416427538,Lacc,-0.441,0.630,0.618,
82748416427538,GameRo,-0.000,0.033,0.999,0.019
82748434111601,pre,995.269,,,
82748436129882,acc,0.050,1.588,10.330,
82748435009882,Gyro,0.172,0.118,0.318,
82748436129882,Lacc,0.086,0.902,0.544,
82748436129882,GameRo,-0.001,0.035,0.999,0.016
82748455832226,acc,0.404,1.303,10.735,
82748454712226,Gyro,0.017,0.135,0.187,
82748455832226,Lacc,0.463,0.613,0.950,
82748455832226,GameRo,-0.003,0.035,0.999,0.014
82748474108997,pre,995.259,,,
82748474414569,Gyro,-0.056,0.199,0.065,
82748475534569,acc,-0.078,0.493,12.078,
82748475534569,Lacc,0.018,-0.186,2.292,
82748475534569,GameRo,-0.004,0.035,0.999,0.013
82748494116913,Gyro,0.107,0.325,0.180,
82748495236913,acc,-1.205,0.352,12.601,
82748495236913,Lacc,-1.047,-0.347,2.818,
82748495236913,GameRo,-0.008,0.036,0.999,0.011
82748514111809,pre,995.264,,,
82748514939257,acc,-1.031,1.049,10.758,
82748513819257,Gyro,0.101,0.431,0.415,
82748514939257,Lacc,-0.793,0.329,0.977,
82748514939257,GameRo,-0.012,0.037,0.999,0.007
82748533521601,Gyro,-0.354,0.404,0.357,
82748534641601,acc,0.032,1.486,9.753,
82748534641601,Lacc,0.342,0.830,-0.030,
82748534641601,GameRo,-0.016,0.034,0.999,0.003
82748554107955,pre,995.251,,,
82748554330194,acc,0.282,-0.240,11.247,
82748553210194,Gyro,-0.893,0.211,0.009,
82748554330194,Lacc,0.631,-0.723,1.455,
82748554330194,GameRo,-0.018,0.025,1.000,0.003
82748572926288,Gyro,-0.752,-0.139,-0.237,
82748574046288,acc,-1.073,-2.240,14.601,
82748574046288,Lacc,-0.749,-2.571,4.802,
82748574046288,GameRo,-0.016,0.017,1.000,0.005
82748594106080,pre,995.251,,,
82748592628632,Gyro,0.180,-0.364,0.122,
82748593748632,acc,-2.911,-2.890,15.331,
82748593748632,Lacc,-2.653,-3.250,5.532,
82748593748632,GameRo,-0.013,0.018,1.000,0.004
82748612317278,Gyro,0.705,-0.223,0.694,
82748613437278,acc,-1.817,-1.360,11.694,
82748613437278,Lacc,-1.605,-1.855,1.898,
82748613437278,GameRo,0.011,-0.025,-1.000,0.003
82748634106757,pre,995.269,,,
82748632033372,Gyro,0.352,0.112,0.786,
82748633153372,acc,0.031,0.315,8.938,
82748633153372,Lacc,0.255,-0.250,-0.853,
82748633153372,GameRo,0.012,-0.029,-0.999,0.010
82748652855715,acc,0.544,0.562,8.486,
82748652855715,Lacc,0.780,0.034,-1.308,
82748651735715,Gyro,-0.206,0.096,0.460,
82748652855715,GameRo,0.012,-0.027,-0.999,0.015
82748674109882,pre,995.243,,,
82748671438059,Gyro,-0.384,-0.204,0.139,
82748672558059,acc,-0.086,-0.292,9.967,
82748672558059,Lacc,0.109,-0.744,0.169,
82748672558059,GameRo,0.010,-0.023,-1.000,0.016
82748691140403,Gyro,-0.179,-0.436,0.047,
82748692260403,acc,-0.427,-0.913,10.678,
82748692260403,Lacc,-0.316,-1.327,0.877,
82748692260403,GameRo,0.006,-0.021,-1.000,0.017
82748714108580,pre,995.244,,,
82748710842747,Gyro,-0.016,-0.410,0.083,
82748711962747,acc,-0.356,-1.026,10.155,
82748711962747,Lacc,-0.324,-1.433,0.353,
82748711962747,GameRo,0.002,-0.021,-1.000,0.017
82748730545090,Gyro,0.029,-0.261,0.153,
82748731665090,acc,-0.068,-0.910,9.351,
82748731665090,Lacc,-0.087,-1.320,-0.451,
82748731665090,GameRo,-0.001,-0.021,-1.000,0.019
82748754110559,pre,995.238,,,
82748750247434,Gyro,-0.051,-0.010,0.243,
82748751367434,acc,-0.049,-1.088,8.728,
82748751367434,Lacc,-0.072,-1.483,-1.074,
82748751367434,GameRo,-0.001,-0.020,-1.000,0.021
82748769949778,Gyro,-0.069,0.111,0.416,
82748771069778,acc,-0.131,-0.994,8.454,
82748771069778,Lacc,-0.135,-1.371,-1.348,
82748771069778,GameRo,0.000,-0.019,-0.999,0.025
82748794111601,pre,995.251,,,
82748789652174,Gyro,0.143,0.075,0.566,
82748790772174,acc,0.236,-0.103,8.460,
82748790772174,Lacc,0.241,-0.506,-1.342,
82748790772174,GameRo,0.001,-0.021,-0.999,0.031
82748809354517,Gyro,0.444,-0.004,0.634,
82748810474517,acc,0.500,0.837,7.574,
82748810474517,Lacc,0.497,0.346,-2.224,
82748810474517,GameRo,0.001,-0.025,-0.999,0.037
82748834113476,pre,995.236,,,
82748829056861,Gyro,0.552,-0.052,0.598,
82748830176861,acc,0.927,1.875,6.591,
82748830176861,Lacc,0.903,1.272,-3.200,
82748830176861,GameRo,0.000,-0.031,-0.999,0.043
82748848745507,Gyro,0.419,-0.020,0.425,
82748849865507,acc,1.247,2.677,5.886,
82748849865507,Lacc,1.209,1.984,-3.900,
82748849865507,GameRo,-0.000,-0.035,-0.998,0.047
82748874113997,pre,995.251,,,
82748868461549,Gyro,0.139,0.029,0.171,
82748869581549,acc,1.275,2.931,5.978,
82748869581549,Lacc,1.235,2.202,-3.805,
82748869581549,GameRo,-0.000,-0.037,-0.998,0.049
82748888163892,Gyro,-0.071,0.038,-0.098,
82748889283892,acc,0.907,2.650,6.980,
82748889283892,Lacc,0.874,1.926,-2.803,
82748889283892,GameRo,0.000,-0.037,-0.998,0.048
82748914131444,pre,995.251,,,
82748907852538,Gyro,-0.051,-0.046,-0.289,
82748908972538,acc,0.293,1.933,8.517,
82748908972538,Lacc,0.253,1.215,-1.267,
82748908972538,GameRo,-0.000,-0.037,-0.998,0.045
82748927568632,Gyro,0.190,-0.195,-0.399,
82748928688632,acc,-0.031,1.378,9.390,
82748928688632,Lacc,-0.102,0.621,-0.390,
82748928688632,GameRo,-0.002,-0.039,-0.998,0.041
82748954117799,pre,995.259,,,
82748948390976,acc,-0.127,0.991,9.030,
82748947270976,Gyro,0.266,-0.262,-0.475,
82748948390976,Lacc,-0.241,0.182,-0.746,
82748948390976,GameRo,-0.004,-0.041,-0.998,0.036
82748968093319,acc,-0.034,0.500,9.226,
82748966973319,Gyro,0.022,-0.188,-0.551,
82748968093319,Lacc,-0.175,-0.315,-0.549,
82748968093319,GameRo,-0.006,-0.042,-0.999,0.031
82748994105924,pre,995.271,,,
82748986675715,Gyro,-0.215,-0.040,-0.583,
82748987795715,acc,-0.433,-0.101,10.522,
82748987795715,Lacc,-0.570,-0.874,0.744,
82748987795715,GameRo,-0.006,-0.040,-0.999,0.025
82749006378059,Gyro,-0.185,0.063,-0.476,
82749007498059,acc,-1.235,-0.605,11.624,
82749007498059,Lacc,-1.350,-1.340,1.843,
82749007498059,GameRo,-0.005,-0.038,-0.999,0.020
82749034106028,pre,995.254,,,
82749027200403,acc,-1.676,-0.108,11.707,
82749026080403,Gyro,-0.014,0.052,-0.239,
82749027200403,Lacc,-1.773,-0.838,1.925,
82749027200403,GameRo,-0.004,-0.037,-0.999,0.018
82749045782747,Gyro,0.007,-0.025,-0.106,
82749046902747,acc,-1.113,0.906,11.028,
82749046902747,Lacc,-1.210,0.174,1.246,
82749046902747,GameRo,-0.004,-0.037,-0.999,0.017
82749074114205,pre,995.254,,,
82749065485142,Gyro,-0.300,-0.127,-0.119,
82749066605142,acc,-0.508,0.699,10.313,
82749066605142,Lacc,-0.627,0.025,0.527,
82749066605142,GameRo,-0.006,-0.034,-0.999,0.016
82749085173736,Gyro,-0.754,-0.223,-0.157,
82749086293736,acc,0.167,-0.469,11.197,
82749086293736,Lacc,0.007,-0.996,1.402,
82749086293736,GameRo,-0.008,-0.027,-1.000,0.014
82749114113111,pre,995.241,,,
82749104889830,Gyro,-0.889,-0.364,-0.134,
82749106009830,acc,0.564,-1.936,13.554,
82749106009830,Lacc,0.334,-2.287,3.752,
82749106009830,GameRo,-0.011,-0.018,-1.000,0.013
82749124592226,Gyro,-0.320,-0.492,0.033,
82749125712226,acc,0.913,-2.145,15.891,
82749125712226,Lacc,0.588,-2.429,6.090,
82749125712226,GameRo,-0.016,-0.015,-1.000,0.013
82749154113944,pre,995.241,,,
82749144294569,Gyro,0.564,-0.507,0.087,
82749145414569,acc,1.912,-0.925,14.496,
82749145414569,Lacc,1.485,-1.315,4.703,
82749145414569,GameRo,-0.021,-0.020,-0.999,0.014
82749163996913,Gyro,0.792,-0.426,-0.096,
82749165116913,acc,2.514,-0.098,11.207,
82749165116913,Lacc,2.002,-0.639,1.425,
82749165116913,GameRo,-0.026,-0.028,-0.999,0.013
82749194108476,pre,995.251,,,
82749184819309,acc,2.794,-0.241,9.546,
82749183699309,Gyro,0.360,-0.242,-0.405,
82749184819309,Lacc,2.233,-0.854,-0.229,
82749184819309,GameRo,-0.028,-0.032,-0.999,0.009
82749203401653,Gyro,-0.137,-0.001,-0.624,
82749204521653,acc,2.040,-1.269,10.425,
82749204521653,Lacc,1.484,-1.858,0.648,
82749204521653,GameRo,-0.028,-0.030,-0.999,0.003
82749234112122,pre,995.264,,,
82749223103997,Gyro,-0.179,0.186,-0.609,
82749224223997,acc,1.236,-1.783,11.046,
82749224223997,Lacc,0.720,-2.337,1.266,
82749224223997,GameRo,0.026,0.028,0.999,0.003
82749242806392,Gyro,-0.039,0.319,-0.405,
82749243926392,acc,0.233,-1.691,10.153,
82749243926392,Lacc,-0.216,-2.235,0.368,
82749243926392,GameRo,0.023,0.028,0.999,0.007
82749274111340,pre,995.264,,,
82749262495038,Gyro,0.091,0.352,-0.114,
82749263615038,acc,-0.165,-0.729,8.968,
82749263615038,Lacc,-0.544,-1.288,-0.819,
82749263615038,GameRo,0.020,0.028,0.999,0.008
82749282211132,Gyro,0.222,0.315,0.080,
82749283331132,acc,-0.090,0.477,7.888,
82749283331132,Lacc,-0.408,-0.125,-1.898,
82749283331132,GameRo,0.016,0.031,0.999,0.007
82749301913476,Gyro,0.285,0.184,0.156,
82749314105819,pre,995.264,,,
82749303033476,acc,-0.138,1.220,6.693,
82749303033476,Lacc,-0.421,0.561,-3.090,
82749303033476,GameRo,0.015,0.034,0.999,0.006
82749321602122,Gyro,0.193,-0.018,0.190,
82749322722122,acc,0.067,1.705,5.948,
82749322722122,Lacc,-0.221,1.004,-3.833,
82749322722122,GameRo,0.015,0.036,0.999,0.004
82749341318215,Gyro,-0.000,-0.127,0.138,
82749342438215,acc,0.779,2.056,6.311,
82749354105299,pre,995.271,,,
82749342438215,Lacc,0.463,1.350,-3.468,
82749342438215,GameRo,0.016,0.036,0.999,0.002
82749361020559,Gyro,-0.152,-0.109,-0.034,
82749362140559,acc,1.174,1.896,7.236,
82749362140559,Lacc,0.832,1.214,-2.544,
82749362140559,GameRo,0.017,0.035,0.999,0.003
82749380709205,Gyro,-0.113,-0.071,-0.185,
82749381829205,acc,0.859,1.222,8.491,
82749394105611,pre,995.253,,,
82749381829205,Lacc,0.505,0.558,-1.290,
82749381829205,GameRo,0.018,0.034,0.999,0.005
82749400425299,Gyro,0.137,-0.061,-0.205,
82749401545299,acc,0.344,0.787,8.992,
82749401545299,Lacc,-0.019,0.094,-0.787,
82749401545299,GameRo,0.019,0.035,0.999,0.007
82749420127694,Gyro,0.272,0.020,-0.137,
82749421247694,acc,0.120,0.705,8.465,
82749421247694,Lacc,-0.236,-0.041,-1.310,
82749421247694,GameRo,0.018,0.038,0.999,0.008
82749434105247,pre,995.253,,,
82749439830038,Gyro,0.168,0.188,-0.079,
82749440950038,acc,0.099,0.729,8.437,
82749440950038,Lacc,-0.220,-0.050,-1.337,
82749440950038,GameRo,0.017,0.040,0.999,0.009
82749459532434,Gyro,0.123,0.299,-0.041,
82749460652434,acc,-0.124,0.803,9.286,
82749460652434,Lacc,-0.383,0.001,-0.488,
82749460652434,GameRo,0.014,0.041,0.999,0.009
82749474110611,pre,995.261,,,
82749479234778,Gyro,0.259,0.303,0.012,
82749480354778,acc,-0.462,0.874,9.694,
82749480354778,Lacc,-0.661,0.021,-0.077,
82749480354778,GameRo,0.011,0.043,0.999,0.009
82749498937174,Gyro,0.401,0.246,0.080,
82749500057174,acc,-0.617,1.079,9.644,
82749500057174,Lacc,-0.769,0.149,-0.120,
82749500057174,GameRo,0.008,0.047,0.999,0.008
82749514112642,pre,995.243,,,
82749518639569,Gyro,0.397,0.112,0.093,
82749519759569,acc,-0.287,1.271,9.084,
82749519759569,Lacc,-0.417,0.264,-0.674,
82749519759569,GameRo,0.007,0.051,0.999,0.007
82749538341913,Gyro,0.124,0.042,-0.010,
82749539461913,acc,0.063,0.905,9.334,
82749539461913,Lacc,-0.058,-0.125,-0.421,
82749539461913,GameRo,0.007,0.053,0.999,0.007
82749554111340,pre,995.258,,,
82749559150559,acc,-0.252,0.080,10.917,
82749558030559,Gyro,-0.053,0.077,-0.075,
82749559150559,Lacc,-0.357,-0.938,1.160,
82749559150559,GameRo,0.006,0.052,0.999,0.007
82749577746653,Gyro,0.057,0.208,0.103,
82749578866653,acc,-1.391,-0.383,11.876,
82749578866653,Lacc,-1.454,-1.408,2.120,
82749578866653,GameRo,0.004,0.052,0.999,0.006
82749594113736,pre,995.279,,,
82749597449049,Gyro,0.231,0.357,0.507,
82749598569049,acc,-1.718,0.317,11.087,
82749598569049,Lacc,-1.719,-0.750,1.335,
82749598569049,GameRo,0.000,0.054,0.999,0.001
82749617151444,Gyro,0.075,0.414,0.734,
82749618271444,acc,-0.682,1.524,9.733,
82749618271444,Lacc,-0.617,0.441,-0.017,
82749618271444,GameRo,0.004,-0.055,-0.998,0.006
82749634112903,pre,995.251,,,
82749636853788,Gyro,-0.377,0.211,0.565,
82749637973788,acc,0.761,1.237,9.623,
82749637973788,Lacc,0.852,0.225,-0.134,
82749637973788,GameRo,0.005,-0.052,-0.999,0.012
82749656556184,Gyro,-0.486,-0.100,0.272,
82749657676184,acc,0.182,-0.360,12.833,
82749657676184,Lacc,0.248,-1.275,3.066,
82749657676184,GameRo,0.004,-0.047,-0.999,0.015
82749674106705,pre,995.258,,,
82749676244830,Gyro,0.247,-0.286,0.425,
82749677364830,acc,-1.258,-1.132,14.212,
82749677364830,Lacc,-1.253,-2.091,4.449,
82749677364830,GameRo,0.001,-0.049,-0.999,0.019
82749695960924,Gyro,0.997,-0.260,0.786,
82749697080924,acc,-0.811,0.217,11.794,
82749697080924,Lacc,-0.869,-0.930,2.051,
82749697080924,GameRo,-0.001,-0.059,-0.998,0.026
82749714105663,pre,995.253,,,
82749715663319,Gyro,1.000,-0.016,0.792,
82749716783319,acc,0.537,2.206,8.648,
82749716783319,Lacc,0.455,0.866,-1.070,
82749716783319,GameRo,-0.002,-0.069,-0.997,0.034
82749735351965,Gyro,0.258,0.174,0.346,
82749736471965,acc,1.214,2.764,6.969,
82749736471965,Lacc,1.151,1.368,-2.741,
82749736471965,GameRo,-0.001,-0.071,-0.997,0.038
82749754109778,pre,995.220,,,
82749756188111,acc,0.212,1.172,8.277,
82749755068111,Gyro,-0.565,0.082,-0.172,
82749756188111,Lacc,0.169,-0.116,-1.448,
82749756188111,GameRo,0.000,-0.066,-0.997,0.036
82749774770455,Gyro,-0.840,-0.162,-0.381,
82749775890455,acc,-0.866,-0.629,10.843,
82749775890455,Lacc,-0.929,-1.752,1.098,
82749775890455,GameRo,-0.001,-0.057,-0.998,0.032
82749794105403,pre,995.266,,,
82749794459153,Gyro,-0.614,-0.235,-0.241,
82749795579153,acc,-1.636,-1.826,12.411,
82749795579153,Lacc,-1.735,-2.824,2.652,
82749795579153,GameRo,-0.004,-0.051,-0.998,0.030
82749814175247,Gyro,-0.176,-0.224,0.073,
82749815295247,acc,-1.636,-1.640,11.870,
82749815295247,Lacc,-1.776,-2.598,2.107,
82749815295247,GameRo,-0.006,-0.049,-0.998,0.030
82749834113684,pre,995.243,,,
82749833877642,Gyro,0.144,-0.254,0.296,
82749834997642,acc,-0.931,-0.730,10.163,
82749834997642,Lacc,-1.122,-1.711,0.404,
82749834997642,GameRo,-0.008,-0.050,-0.998,0.033
82749853566288,Gyro,0.139,-0.185,0.389,
82749854686288,acc,-0.388,-0.226,8.808,
82749854686288,Lacc,-0.620,-1.228,-0.948,
82749854686288,GameRo,-0.010,-0.052,-0.998,0.037
82749874114257,pre,995.258,,,
82749873282434,Gyro,0.010,-0.080,0.498,
82749874402434,acc,-0.366,-0.068,8.416,
82749874402434,Lacc,-0.622,-1.066,-1.340,
82749874402434,GameRo,-0.011,-0.051,-0.998,0.042
82749892984778,Gyro,0.026,-0.059,0.635,
82749894104778,acc,0.027,0.451,8.591,
82749894104778,Lacc,-0.252,-0.548,-1.164,
82749894104778,GameRo,-0.012,-0.052,-0.997,0.048
82749914115507,pre,995.256,,,
82749912687174,Gyro,0.216,-0.078,0.673,
82749913807174,acc,0.432,1.260,8.482,
82749913807174,Lacc,0.124,0.223,-1.268,
82749913807174,GameRo,-0.013,-0.054,-0.997,0.054
82749932389569,Gyro,0.392,-0.106,0.609,
82749933509569,acc,0.640,1.850,7.907,
82749933509569,Lacc,0.298,0.739,-1.834,
82749933509569,GameRo,-0.014,-0.058,-0.996,0.060
82749954118632,pre,995.235,,,
82749952091965,Gyro,0.410,-0.097,0.458,
82749953211965,acc,0.578,2.301,7.143,
82749953211965,Lacc,0.206,1.109,-2.587,
82749953211965,GameRo,-0.015,-0.062,-0.996,0.065
82749971794361,Gyro,0.234,-0.055,0.295,
82749972914361,acc,0.167,2.265,6.794,
82749972914361,Lacc,-0.223,1.025,-2.930,
82749972914361,GameRo,-0.016,-0.065,-0.995,0.068
82749994107017,pre,995.289,,,
82749992616757,acc,-0.352,1.842,7.266,
82749991496757,Gyro,0.048,-0.067,0.184,
82749992616757,Lacc,-0.756,0.591,-2.455,
82749992616757,GameRo,-0.016,-0.065,-0.995,0.069
82750011199153,Gyro,0.086,-0.209,0.138,
82750012319153,acc,-0.504,1.302,8.580,
82750012319153,Lacc,-0.949,0.035,-1.138,
82750012319153,GameRo,-0.018,-0.066,-0.995,0.071
82750034105611,pre,995.258,,,
82750030901549,Gyro,0.157,-0.327,0.090,
82750032021549,acc,-0.393,0.936,8.991,
82750032021549,Lacc,-0.900,-0.360,-0.720,
82750032021549,GameRo,-0.021,-0.068,-0.995,0.071
82750050603944,Gyro,0.082,-0.268,0.083,
82750051723944,acc,-0.565,0.467,9.567,
82750051723944,Lacc,-1.123,-0.841,-0.140,
82750051723944,GameRo,-0.024,-0.069,-0.995,0.072
82750074111809,pre,995.263,,,
82750070306340,Gyro,-0.023,-0.026,0.191,
82750071426340,acc,-0.800,0.247,10.277,
82750071426340,Lacc,-1.364,-1.051,0.569,
82750071426340,GameRo,-0.024,-0.068,-0.995,0.074
82750090008736,Gyro,0.021,0.244,0.373,
82750091128736,acc,-0.992,0.385,10.928,
82750091128736,Lacc,-1.514,-0.911,1.218,
82750091128736,GameRo,-0.021,-0.068,-0.994,0.078
82750114112903,pre,995.248,,,
82750109711132,Gyro,0.283,0.452,0.560,
82750110831132,acc,-1.223,0.645,11.500,
82750110831132,Lacc,-1.670,-0.698,1.792,
82750110831132,GameRo,-0.017,-0.070,-0.994,0.084
82750129413528,Gyro,0.510,0.395,0.641,
82750130533528,acc,-0.585,1.579,10.037,
82750130533528,Lacc,-0.971,0.144,0.340,
82750130533528,GameRo,-0.013,-0.075,-0.993,0.090
82750154105872,pre,995.261,,,
82750149102226,Gyro,0.331,0.302,0.513,
82750150222226,acc,-0.301,2.124,8.794,
82750150222226,Lacc,-0.642,0.627,-0.895,
82750150222226,GameRo,-0.010,-0.078,-0.992,0.095
82750168818372,Gyro,-0.240,0.199,0.245,
82750169938372,acc,0.365,1.360,8.501,
82750169938372,Lacc,0.054,-0.090,-1.196,
82750169938372,GameRo,-0.009,-0.075,-0.992,0.098
82750194108163,pre,995.245,,,
82750188520767,Gyro,-0.884,-0.039,-0.052,
82750189640767,acc,-0.410,-1.400,10.903,
82750189640767,Lacc,-0.725,-2.674,1.182,
82750189640767,GameRo,-0.010,-0.066,-0.993,0.097
82750208209413,Gyro,-0.747,-0.142,0.245,
82750209329413,acc,-1.929,-3.410,15.197,
82750209329413,Lacc,-2.272,-4.531,5.458,
82750209329413,GameRo,-0.012,-0.059,-0.993,0.100
82750234112642,pre,995.250,,,
82750227925559,Gyro,0.079,-0.001,0.944,
82750229045559,acc,-1.807,-3.005,15.232,
82750229045559,Lacc,-2.166,-4.126,5.492,
82750229045559,GameRo,-0.012,-0.059,-0.992,0.109
82750247627955,Gyro,0.498,0.175,1.343,
82750248747955,acc,-0.324,-0.726,11.551,
82750248747955,Lacc,-0.679,-1.927,1.822,
82750248747955,GameRo,-0.011,-0.063,-0.990,0.122
82750274113163,pre,995.278,,,
82750267316653,Gyro,0.181,0.217,1.236,
82750268436653,acc,0.848,0.492,9.005,
82750268436653,Lacc,0.502,-0.733,-0.722,
82750268436653,GameRo,-0.009,-0.064,-0.989,0.134
82750287032799,Gyro,-0.486,0.272,0.965,
82750288152799,acc,0.586,0.011,9.043,
82750288152799,Lacc,0.269,-1.112,-0.697,
82750288152799,GameRo,-0.008,-0.059,-0.988,0.144
82750314111601,pre,995.294,,,
82750307855194,acc,-0.647,-0.695,11.082,
82750306735194,Gyro,-0.765,0.233,0.920,
82750307855194,Lacc,-0.936,-1.661,1.324,
82750307855194,GameRo,-0.007,-0.051,-0.987,0.153
82750327557590,acc,-1.412,-0.508,12.257,
82750326437590,Gyro,-0.319,0.172,1.165,
82750327557590,Lacc,-1.684,-1.403,2.491,
82750327557590,GameRo,-0.006,-0.047,-0.985,0.164
82750354108424,pre,995.294,,,
82750346140038,Gyro,0.324,0.259,1.428,
82750347260038,acc,-1.296,0.708,10.532,
82750347260038,Lacc,-1.541,-0.241,0.771,
82750347260038,GameRo,-0.004,-0.050,-0.983,0.178
82750365842434,Gyro,0.528,0.361,1.438,
82750366962434,acc,-0.879,1.829,7.357,
82750366962434,Lacc,-1.078,0.782,-2.395,
82750366962434,GameRo,0.000,-0.054,-0.980,0.192
82750394108424,pre,995.263,,,
82750385531132,Gyro,0.160,0.294,1.213,
82750386651132,acc,-1.244,1.818,5.578,
82750386651132,Lacc,-1.407,0.738,-4.172,
82750386651132,GameRo,0.003,-0.056,-0.977,0.204
82750405247278,Gyro,-0.207,0.172,1.116,
82750406367278,acc,-2.417,0.837,6.775,
82750406367278,Lacc,-2.560,-0.200,-2.979,
82750406367278,GameRo,0.004,-0.053,-0.975,0.215
82750434111080,pre,995.296,,,
82750424949674,Gyro,-0.130,-0.061,1.265,
82750426069674,acc,-2.435,-0.551,8.395,
82750426069674,Lacc,-2.606,-1.555,-1.362,
82750426069674,GameRo,0.003,-0.052,-0.973,0.227
82750444652122,Gyro,0.164,-0.183,1.527,
82750445772122,acc,-2.218,-0.846,9.248,
82750445772122,Lacc,-2.449,-1.870,-0.506,
82750445772122,GameRo,0.001,-0.054,-0.969,0.242
82750474117590,pre,995.268,,,
82750464354517,Gyro,0.469,-0.125,1.705,
82750465474517,acc,-1.698,0.331,9.386,
82750465474517,Lacc,-1.982,-0.772,-0.357,
82750465474517,GameRo,0.001,-0.058,-0.964,0.258
82750485176913,acc,-0.696,0.779,9.240,
82750484056913,Gyro,0.682,0.017,1.778,
82750485176913,Lacc,-1.015,-0.443,-0.488,
82750485176913,GameRo,0.002,-0.064,-0.959,0.275
82750514112330,pre,995.255,,,
82750503759361,Gyro,0.673,-0.072,1.413,
82750504879361,acc,-1.025,-0.418,8.701,
82750504879361,Lacc,-1.389,-1.754,-1.011,
82750504879361,GameRo,0.002,-0.071,-0.955,0.288
82750523461757,Gyro,0.691,-0.156,1.450,
82750524581757,acc,-1.427,-0.562,9.942,
82750524581757,Lacc,-1.855,-2.013,0.249,
82750524581757,GameRo,0.002,-0.077,-0.950,0.301
82750554118892,pre,995.268,,,
82750543164205,Gyro,0.857,-0.054,1.560,
82750544284205,acc,-1.403,-0.795,10.898,
82750544284205,Lacc,-1.884,-2.390,1.231,
82750544284205,GameRo,0.003,-0.085,-0.945,0.316
82750562866601,Gyro,1.056,0.113,1.680,
82750563986601,acc,-0.937,-0.854,11.107,
82750563986601,Lacc,-1.449,-2.626,1.472,
82750563986601,GameRo,0.005,-0.094,-0.939,0.331
82750594111080,pre,995.281,,,
82750582569049,Gyro,1.140,0.050,1.849,
82750583689049,acc,-0.731,-0.967,10.991,
82750583689049,Lacc,-1.298,-2.928,1.396,
82750583689049,GameRo,0.008,-0.104,-0.932,0.348
82750603391497,acc,-0.513,-1.086,11.122,
82750602271497,Gyro,1.076,0.097,2.145,
82750603391497,Lacc,-1.145,-3.216,1.567,
82750603391497,GameRo,0.010,-0.114,-0.923,0.368
82750621973892,Gyro,0.865,0.392,2.515,
82750634106809,pre,995.263,,,
82750623093892,acc,-0.218,-1.054,10.633,
82750623093892,Lacc,-0.884,-3.305,1.108,
82750623093892,GameRo,0.014,-0.120,-0.912,0.391
82750641676340,Gyro,0.460,0.598,2.844,
82750642796340,acc,0.455,-0.461,10.425,
82750642796340,Lacc,-0.226,-2.753,0.911,
82750642796340,GameRo,0.018,-0.122,-0.901,0.417
82750661378736,Gyro,0.214,0.965,2.867,
82750662498736,acc,1.021,0.373,10.915,
82750674107694,pre,995.301,,,
82750662498736,Lacc,0.391,-1.917,1.397,
82750662498736,GameRo,0.024,-0.120,-0.888,0.443
82750681081184,Gyro,0.262,1.078,2.768,
82750682201184,acc,0.647,0.517,11.213,
82750682201184,Lacc,0.093,-1.785,1.693,
82750682201184,GameRo,0.031,-0.118,-0.875,0.469
82750700783632,Gyro,0.328,1.148,2.841,
82750701903632,acc,0.020,0.555,9.956,
82750714109674,pre,995.299,,,
82750701903632,Lacc,-0.447,-1.775,0.438,
82750701903632,GameRo,0.039,-0.116,-0.861,0.494
82750720486028,Gyro,0.009,1.373,2.863,
82750721606028,acc,0.381,1.047,8.798,
82750721606028,Lacc,0.040,-1.258,-0.731,
82750721606028,GameRo,0.047,-0.110,-0.846,0.520
82750740188476,Gyro,-0.592,1.460,2.634,
82750741308476,acc,0.727,0.673,8.286,
82750741308476,Lacc,0.542,-1.503,-1.277,
82750741308476,GameRo,0.053,-0.099,-0.832,0.543
82750754108424,pre,995.273,,,
82750759890924,Gyro,-0.903,0.885,2.530,
82750761010924,acc,0.083,-0.368,10.147,
82750761010924,Lacc,-0.038,-2.360,0.542,
82750761010924,GameRo,0.053,-0.088,-0.819,0.565
82750779593372,Gyro,-0.359,0.082,2.608,
82750780713372,acc,-0.692,-0.730,12.689,
82750780713372,Lacc,-0.896,-2.640,3.069,
82750780713372,GameRo,0.049,-0.085,-0.804,0.586
82750794118684,pre,995.260,,,
82750799295767,Gyro,0.425,-0.336,2.726,
82750800415767,acc,-0.248,-0.206,12.237,
82750800415767,Lacc,-0.618,-2.175,2.634,
82750800415767,GameRo,0.047,-0.091,-0.788,0.607
82750818998215,Gyro,0.561,-0.010,2.633,
82750820118215,acc,0.421,0.629,10.492,
82750820118215,Lacc,-0.056,-1.419,0.910,
82750820118215,GameRo,0.047,-0.097,-0.771,0.627
82750834118059,pre,995.250,,,
82750838700663,Gyro,0.158,0.474,2.388,
82750839820663,Lacc,0.345,-1.103,-0.540,
82750839820663,acc,0.830,0.950,9.041,
82750839820663,GameRo,0.049,-0.096,-0.756,0.646
82750858403111,Gyro,-0.058,0.310,2.174,
82750859523111,acc,0.804,1.200,9.352,
82750859523111,Lacc,0.290,-0.818,-0.235,
82750859523111,GameRo,0.049,-0.095,-0.742,0.662
82750874116913,pre,995.263,,,
82750878105559,Gyro,0.161,-0.123,1.907,
82750879225559,acc,0.447,1.238,10.368,
82750879225559,Lacc,-0.166,-0.788,0.788,
82750879225559,GameRo,0.048,-0.098,-0.729,0.676
82750897808007,Gyro,0.349,-0.252,1.829,
82750898928007,acc,0.251,0.984,10.696,
82750898928007,Lacc,-0.481,-1.080,1.133,
82750898928007,GameRo,0.046,-0.102,-0.717,0.688
82750914118892,pre,995.283,,,
82750917510455,Gyro,0.376,0.005,1.772,
82750918630455,acc,0.124,1.198,9.762,
82750918630455,Lacc,-0.679,-0.907,0.214,
82750918630455,GameRo,0.047,-0.106,-0.704,0.700
82750938332903,acc,0.623,1.092,9.400,
82750937212903,Gyro,0.273,0.223,1.546,
82750938332903,Lacc,-0.201,-1.036,-0.140,
82750938332903,GameRo,0.049,-0.107,-0.693,0.711
82750954117330,pre,995.258,,,
82750956915351,Gyro,0.233,0.319,1.418,
82750958035351,acc,-0.001,1.219,9.142,
82750958035351,Lacc,-0.823,-0.929,-0.394,
82750958035351,GameRo,0.051,-0.106,-0.683,0.721
82750977737799,acc,-0.480,1.102,9.854,
82750976617799,Gyro,0.195,0.767,1.181,
82750977737799,Lacc,-1.205,-1.060,0.313,
82750977737799,GameRo,0.056,-0.103,-0.674,0.730
82750994107382,pre,995.265,,,
82750996320247,Gyro,0.356,0.853,1.089,
82750997440247,acc,-1.227,0.674,10.006,
82750997440247,Lacc,-1.833,-1.537,0.468,
82750997440247,GameRo,0.063,-0.099,-0.665,0.737
82751016022694,Gyro,0.617,0.547,1.199,
82751017142694,acc,-0.749,0.403,10.078,
82751017142694,Lacc,-1.302,-1.905,0.560,
82751017142694,GameRo,0.070,-0.100,-0.655,0.745
82751034107694,pre,995.240,,,
82751036845142,acc,-0.206,0.947,10.215,
82751035725142,Gyro,0.675,0.407,1.238,
82751036845142,Lacc,-0.739,-1.470,0.722,
82751036845142,GameRo,0.076,-0.102,-0.645,0.753
82751055427590,Gyro,0.687,0.378,1.167,
82751056547590,acc,-0.036,1.661,9.921,
82751056547590,Lacc,-0.554,-0.869,0.457,
82751056547590,GameRo,0.083,-0.104,-0.636,0.760
82751074106861,pre,995.293,,,
82751075130038,Gyro,0.586,0.445,1.047,
82751076250038,acc,0.163,2.009,9.574,
82751076250038,Lacc,-0.324,-0.619,0.135,
82751076250038,GameRo,0.089,-0.105,-0.627,0.767
82751094832486,Gyro,0.418,0.599,0.906,
82751095952486,acc,0.097,2.217,9.417,
82751095952486,Lacc,-0.326,-0.479,-0.006,
82751095952486,GameRo,0.095,-0.104,-0.619,0.773
82751114117330,pre,995.281,,,
82751114534934,Gyro,0.241,0.646,0.776,
82751115654934,acc,0.123,2.386,9.374,
82751115654934,Lacc,-0.221,-0.348,-0.041,
82751115654934,GameRo,0.100,-0.101,-0.612,0.778
82751134237382,Gyro,0.140,0.597,0.783,
82751135357382,acc,-0.139,2.087,9.356,
82751135357382,Lacc,-0.413,-0.667,-0.056,
82751135357382,GameRo,0.104,-0.098,-0.606,0.783
82751154117017,pre,995.260,,,
82751155059830,acc,-0.053,2.032,9.283,
82751153939830,Gyro,0.096,0.509,0.919,
82751155059830,Lacc,-0.281,-0.733,-0.127,
82751155059830,GameRo,0.106,-0.095,-0.598,0.789
82751173642278,Gyro,-0.089,0.517,1.059,
82751174762278,acc,-0.147,2.164,8.844,
82751174762278,Lacc,-0.336,-0.579,-0.572,
82751174762278,GameRo,0.108,-0.092,-0.589,0.796
82751194113736,pre,995.258,,,
82751193344778,Gyro,-0.323,0.614,1.104,
82751194464778,acc,0.008,2.581,9.112,
82751194464778,Lacc,-0.126,-0.099,-0.324,
82751194464778,GameRo,0.108,-0.086,-0.580,0.803
82751213047226,Gyro,-0.275,0.504,1.002,
82751214167226,acc,0.109,2.940,9.666,
82751214167226,Lacc,0.016,0.314,0.215,
82751214167226,GameRo,0.108,-0.082,-0.572,0.809
82751234113736,pre,995.242,,,
82751232749674,Gyro,-0.011,0.230,0.801,
82751233869674,acc,0.806,2.897,10.264,
82751233869674,Lacc,0.713,0.274,0.812,
82751233869674,GameRo,0.108,-0.081,-0.565,0.814
82751252452122,Gyro,0.347,0.164,0.637,
82751253572122,acc,0.584,3.057,10.208,
82751253572122,Lacc,0.487,0.371,0.773,
82751253572122,GameRo,0.111,-0.082,-0.560,0.817
82751274115507,pre,995.275,,,
82751273274622,acc,0.622,3.182,9.521,
82751272154622,Gyro,0.557,-0.060,0.633,
82751273274622,Lacc,0.478,0.392,0.117,
82751273274622,GameRo,0.115,-0.087,-0.554,0.820
82751291857069,Gyro,0.504,-0.075,0.595,
82751292977069,acc,0.415,2.547,9.377,
82751292977069,Lacc,0.223,-0.333,0.001,
82751292977069,GameRo,0.118,-0.091,-0.549,0.823
82751314108111,pre,995.291,,,
82751311559517,Gyro,0.331,-0.054,0.623,
82751312679517,acc,-0.011,2.563,9.438,
82751312679517,Lacc,-0.247,-0.375,0.082,
82751312679517,GameRo,0.120,-0.094,-0.544,0.825
82751331261965,Gyro,0.314,-0.103,0.609,
82751332381965,acc,0.391,2.428,10.298,
82751332381965,Lacc,0.100,-0.562,0.959,
82751332381965,GameRo,0.121,-0.097,-0.538,0.828
82751354108424,pre,995.230,,,
82751350964465,Gyro,0.505,-0.081,0.529,
82751352084465,acc,0.108,2.419,9.872,
82751352084465,Lacc,-0.229,-0.659,0.563,
82751352084465,GameRo,0.124,-0.101,-0.534,0.830
82751370666913,Gyro,0.482,-0.076,0.622,
82751371786913,acc,0.203,2.267,9.439,
82751371786913,Lacc,-0.186,-0.893,0.160,
82751371786913,GameRo,0.127,-0.104,-0.528,0.833
82751394108632,pre,995.301,,,
82751390369361,Gyro,0.413,0.165,0.607,
82751391489361,acc,0.273,2.764,9.259,
82751391489361,Lacc,-0.123,-0.464,0.004,
82751391489361,GameRo,0.131,-0.106,-0.523,0.836
82751410071861,Gyro,0.281,0.280,0.625,
82751411191861,acc,0.190,2.890,8.405,
82751411191861,Lacc,-0.195,-0.385,-0.834,
82751411191861,GameRo,0.134,-0.106,-0.517,0.839
82751434117122,pre,995.273,,,
82751429774309,Gyro,-0.007,0.497,0.631,
82751430894309,acc,0.384,2.483,8.149,
82751430894309,Lacc,0.048,-0.785,-1.095,
82751430894309,GameRo,0.136,-0.102,-0.511,0.843
82751449476809,Gyro,-0.198,0.595,0.626,
82751450596809,acc,0.368,2.747,8.109,
82751450596809,Lacc,0.101,-0.480,-1.151,
82751450596809,GameRo,0.136,-0.097,-0.505,0.847
82751474114778,pre,995.247,,,
82751469179257,Gyro,-0.198,0.410,0.499,
82751470299257,acc,0.843,3.208,8.337,
82751470299257,Lacc,0.617,0.018,-0.937,
82751470299257,GameRo,0.136,-0.094,-0.501,0.850
82751488881705,Gyro,-0.031,0.303,0.335,
82751490001705,acc,0.433,3.199,8.936,
82751490001705,Lacc,0.241,0.016,-0.341,
82751490001705,GameRo,0.137,-0.092,-0.497,0.852
82751514116080,pre,995.232,,,
82751509704205,acc,0.556,3.193,8.768,
82751508584205,Gyro,0.212,0.055,0.357,
82751509704205,Lacc,0.350,-0.027,-0.496,
82751509704205,GameRo,0.139,-0.093,-0.494,0.853
82751528286653,Gyro,0.314,-0.150,0.271,
82751529406653,acc,1.386,3.501,8.839,
82751529406653,Lacc,1.132,0.223,-0.404,
82751529406653,GameRo,0.140,-0.096,-0.492,0.854
82751554117903,pre,995.278,,,
82751547989153,Gyro,0.107,0.392,0.084,
82751549109153,acc,1.536,3.294,9.034,
82751549109153,Lacc,1.344,-0.003,-0.204,
82751549109153,GameRo,0.143,-0.093,-0.490,0.855
82751567691601,Gyro,-0.027,0.373,-0.100,
82751568811601,acc,0.980,3.584,9.170,
82751568811601,Lacc,0.861,0.291,-0.070,
82751568811601,GameRo,0.145,-0.090,-0.491,0.855
82751594118163,pre,995.263,,,
82751587394101,Gyro,0.126,0.206,-0.108,
82751588514101,acc,0.472,3.342,9.517,
82751588514101,Lacc,0.395,0.026,0.284,
82751588514101,GameRo,0.147,-0.089,-0.491,0.854
82751608216549,acc,0.604,2.856,8.073,
82751607096549,Gyro,0.030,0.458,0.075,
82751608216549,Lacc,0.604,-0.465,-1.158,
82751608216549,GameRo,0.149,-0.085,-0.490,0.855
82751634110038,pre,995.250,,,
82751626799049,Gyro,-0.397,0.585,0.269,
82751627919049,acc,0.671,3.649,7.535,
82751627919049,Lacc,0.758,0.397,-1.720,
82751627919049,GameRo,0.148,-0.079,-0.487,0.857
82751646501497,Gyro,-0.593,0.410,0.478,
82751647621497,acc,-0.310,4.058,7.729,
82751647621497,Lacc,-0.178,0.908,-1.561,
82751647621497,GameRo,0.145,-0.074,-0.483,0.860
82751674105767,pre,995.260,,,
82751666203997,Gyro,-0.475,-0.115,0.608,
82751667323997,acc,0.553,3.507,8.224,
82751667323997,Lacc,0.625,0.441,-1.094,
82751667323997,GameRo,0.140,-0.073,-0.478,0.864
82751687026444,acc,0.855,3.041,9.099,
82751685906444,Gyro,-0.498,-0.459,0.414,
82751687026444,Lacc,0.815,0.067,-0.249,
82751687026444,GameRo,0.133,-0.076,-0.476,0.866
82751714108580,pre,995.255,,,
82751705608944,Gyro,-0.689,-0.303,0.389,
82751706728944,acc,0.452,2.765,10.206,
82751706728944,Lacc,0.332,-0.081,0.819,
82751706728944,GameRo,0.126,-0.076,-0.473,0.869
82751725311392,Gyro,-0.723,0.071,0.413,
82751726431392,acc,0.338,2.311,10.710,
82751726431392,Lacc,0.209,-0.398,1.282,
82751726431392,GameRo,0.120,-0.072,-0.470,0.872
82751754116028,pre,995.278,,,
82751746133892,acc,-0.140,2.025,10.079,
82751745013892,Gyro,-0.592,0.204,0.530,
82751746133892,Lacc,-0.258,-0.571,0.619,
82751746133892,GameRo,0.115,-0.068,-0.466,0.875
82751764716340,Gyro,-0.497,0.200,0.672,
82751765836340,acc,0.009,2.404,9.708,
82751765836340,Lacc,-0.105,-0.097,0.223,
82751765836340,GameRo,0.111,-0.065,-0.460,0.879
82751794114986,pre,995.268,,,
82751784418840,Gyro,-0.432,0.070,0.729,
82751785538840,acc,0.339,2.584,9.545,
82751785538840,Lacc,0.202,0.165,0.039,
82751785538840,GameRo,0.107,-0.063,-0.454,0.882
82751804121340,Gyro,-0.442,-0.085,0.735,
82751805241340,acc,0.460,2.390,9.894,
82751805241340,Lacc,0.272,0.056,0.367,
82751805241340,GameRo,0.103,-0.063,-0.448,0.886
82751834112122,pre,995.301,,,
82751823823788,Gyro,-0.419,-0.031,0.772,
82751824943788,acc,0.556,2.186,10.649,
82751824943788,Lacc,0.327,-0.065,1.104,
82751824943788,GameRo,0.098,-0.062,-0.441,0.890
82751843526288,Gyro,-0.265,0.083,0.896,
82751844646288,acc,0.726,2.012,10.545,
82751844646288,Lacc,0.471,-0.184,0.988,
82751844646288,GameRo,0.096,-0.061,-0.433,0.894
82751874116809,pre,995.288,,,
82751863228736,Gyro,-0.109,0.130,1.024,
82751864348736,acc,0.994,2.288,9.960,
82751864348736,Lacc,0.719,0.118,0.396,
82751864348736,GameRo,0.095,-0.060,-0.424,0.899
82751882931236,Gyro,-0.015,0.076,1.025,
82751884051236,acc,1.302,3.017,9.434,
82751884051236,Lacc,0.994,0.853,-0.130,
82751884051236,GameRo,0.094,-0.061,-0.415,0.903
82751914116340,pre,995.275,,,
82751902633736,Gyro,-0.023,0.086,0.911,
82751903753736,acc,1.468,3.002,9.754,
82751903753736,Lacc,1.135,0.846,0.190,
82751903753736,GameRo,0.094,-0.061,-0.407,0.907
82751922336184,Gyro,0.020,0.325,0.799,
82751923456184,acc,1.435,2.660,10.117,
82751923456184,Lacc,1.127,0.504,0.551,
82751923456184,GameRo,0.095,-0.059,-0.400,0.910
82751942038684,Gyro,0.122,0.305,0.762,
82751943158684,acc,0.803,2.317,9.080,
82751954118684,pre,995.244,,,
82751943158684,Lacc,0.518,0.142,-0.482,
82751943158684,GameRo,0.097,-0.057,-0.392,0.913
82751961741184,Gyro,0.027,0.120,0.746,
82751962861184,acc,0.798,2.436,9.164,
82751962861184,Lacc,0.502,0.260,-0.397,
82751962861184,GameRo,0.097,-0.057,-0.385,0.916
82751982563632,acc,0.799,2.222,10.183,
82751981443632,Gyro,-0.015,0.081,0.698,
82751994104413,pre,995.281,,,
82751982563632,Lacc,0.487,0.053,0.621,
82751982563632,GameRo,0.097,-0.057,-0.379,0.919
82752001146132,Gyro,0.119,0.152,0.691,
82752002266132,acc,0.768,2.192,10.208,
82752002266132,Lacc,0.454,0.005,0.650,
82752002266132,GameRo,0.098,-0.057,-0.373,0.921
82752020848632,Gyro,0.196,0.185,0.693,
82752021968632,acc,0.674,2.255,9.495,
82752034107017,pre,995.296,,,
82752021968632,Lacc,0.363,0.035,-0.055,
82752021968632,GameRo,0.100,-0.057,-0.366,0.923
82752040551080,Gyro,0.143,0.181,0.658,
82752041671080,acc,0.722,2.257,9.485,
82752041671080,Lacc,0.416,0.015,-0.060,
82752041671080,GameRo,0.102,-0.056,-0.360,0.926
82752060253580,Gyro,0.070,0.132,0.587,
82752061373580,acc,0.524,2.203,9.596,
82752061373580,Lacc,0.216,-0.049,0.053,
82752061373580,GameRo,0.102,-0.056,-0.354,0.928
82752074119622,pre,995.288,,,
82752079956080,Gyro,0.050,0.087,0.567,
82752081076080,acc,0.306,2.209,10.289,
82752081076080,Lacc,-0.010,-0.048,0.747,
82752081076080,GameRo,0.103,-0.056,-0.349,0.930
82752099658528,Gyro,0.098,0.220,0.590,
82752100778528,acc,0.199,2.285,10.974,
82752114107382,pre,995.281,,,
82752100778528,Lacc,-0.102,0.013,1.435,
82752100778528,GameRo,0.104,-0.055,-0.343,0.932
82752119361028,Gyro,0.237,0.344,0.550,
82752120481028,acc,0.379,2.284,10.747,
82752120481028,Lacc,0.118,-0.028,1.217,
82752120481028,GameRo,0.107,-0.053,-0.338,0.934
82752139063528,Gyro,0.253,0.447,0.497,
82752140183528,acc,0.578,2.247,10.072,
82752140183528,Lacc,0.377,-0.110,0.552,
82752140183528,GameRo,0.111,-0.050,-0.332,0.935
82752154114465,pre,995.280,,,
82752158765976,Gyro,0.141,0.559,0.475,
82752159885976,acc,0.568,2.386,9.582,
82752159885976,Lacc,0.447,0.004,0.066,
82752159885976,GameRo,0.113,-0.046,-0.327,0.937
82752178468476,Gyro,0.074,0.527,0.428,
82752179588476,acc,0.448,2.620,9.233,
82752179588476,Lacc,0.405,0.224,-0.280,
82752179588476,GameRo,0.116,-0.042,-0.323,0.938
82752194111601,pre,995.281,,,
82752198170976,Gyro,0.101,0.353,0.342,
82752199290976,Lacc,0.495,0.271,-0.204,
82752199290976,acc,0.489,2.687,9.304,
82752199290976,GameRo,0.118,-0.040,-0.319,0.940
82752217873476,Gyro,0.120,0.275,0.250,
82752218993476,acc,0.561,2.493,9.271,
82752218993476,Lacc,0.604,0.055,-0.231,
82752218993476,GameRo,0.119,-0.038,-0.316,0.940
82752234113944,pre,995.288,,,
82752238695924,acc,0.330,2.390,9.034,
82752237575924,Gyro,0.009,0.338,0.201,
82752238695924,Lacc,0.425,-0.050,-0.468,
82752238695924,GameRo,0.120,-0.035,-0.314,0.941
82752257278424,Gyro,-0.058,0.207,0.172,
82752258398424,acc,0.210,2.567,8.756,
82752258398424,Lacc,0.335,0.136,-0.748,
82752258398424,GameRo,0.121,-0.033,-0.312,0.942
82752274112226,pre,995.288,,,
82752276980924,Gyro,0.001,0.049,0.189,
82752278100924,Lacc,0.469,0.120,-0.012,
82752278100924,acc,0.345,2.551,9.491,
82752278100924,GameRo,0.121,-0.033,-0.311,0.942
82752296683372,Gyro,0.053,0.095,0.185,
82752297803372,acc,0.381,2.516,9.869,
82752297803372,Lacc,0.513,0.074,0.369,
82752297803372,GameRo,0.121,-0.033,-0.309,0.943
82752314111236,pre,995.314,,,
82752316385872,Gyro,0.031,0.211,0.158,
82752317505872,acc,0.231,2.544,9.619,
82752317505872,Lacc,0.394,0.096,0.121,
82752317505872,GameRo,0.122,-0.031,-0.307,0.943
82752336088372,Gyro,-0.043,0.265,0.123,
82752337208372,acc,0.196,2.667,9.128,
82752337208372,Lacc,0.401,0.225,-0.371,
82752337208372,GameRo,0.123,-0.029,-0.305,0.944
82752354107174,pre,995.268,,,
82752356910872,acc,0.133,2.619,9.036,
82752355790872,Gyro,-0.094,0.173,0.067,
82752356910872,Lacc,0.367,0.194,-0.466,
82752356910872,GameRo,0.122,-0.027,-0.305,0.944
82752375493319,Gyro,-0.098,0.048,0.025,
82752376613319,acc,-0.017,2.569,9.144,
82752376613319,Lacc,0.223,0.161,-0.363,
82752376613319,GameRo,0.121,-0.026,-0.304,0.944
82752394104622,pre,995.283,,,
82752395195819,Gyro,-0.032,-0.108,-0.026,
82752396315819,acc,-0.329,2.544,9.600,
82752396315819,Lacc,-0.107,0.142,0.091,
82752396315819,GameRo,0.121,-0.027,-0.305,0.944
82752414898319,Gyro,0.013,-0.110,-0.012,
82752416018319,acc,-0.495,2.285,9.951,
82752416018319,Lacc,-0.293,-0.119,0.442,
82752416018319,GameRo,0.121,-0.028,-0.305,0.944
82752434108892,pre,995.286,,,
82752435720767,acc,-0.543,2.161,10.226,
82752435720767,Lacc,-0.332,-0.243,0.718,
82752434600767,Gyro,0.007,0.044,0.026,
82752435720767,GameRo,0.121,-0.028,-0.305,0.944
82752454303267,Gyro,-0.049,0.251,0.044,
82752455423267,acc,-0.721,2.376,9.996,
82752455423267,Lacc,-0.465,-0.019,0.486,
82752455423267,GameRo,0.121,-0.025,-0.304,0.945
82752474105194,pre,995.316,,,
82752474005767,Gyro,-0.098,0.353,0.033,
82752475125767,acc,-0.827,2.520,9.718,
82752475125767,Lacc,-0.504,0.143,0.206,
82752475125767,GameRo,0.121,-0.022,-0.303,0.945
82752494828267,acc,-0.806,2.373,9.534,
82752493708267,Gyro,-0.074,0.340,0.035,
82752494828267,Lacc,-0.420,0.010,0.021,
82752494828267,GameRo,0.122,-0.018,-0.303,0.945
82752514109153,pre,995.270,,,
82752514530715,acc,-0.958,2.435,9.275,
82752514530715,Lacc,-0.530,0.073,-0.237,
82752513410715,Gyro,-0.008,0.232,0.059,
82752514530715,GameRo,0.122,-0.016,-0.302,0.945
82752533113215,Gyro,0.018,0.072,0.097,
82752534233215,acc,-1.056,2.392,9.142,
82752534233215,Lacc,-0.617,0.025,-0.367,
82752534233215,GameRo,0.123,-0.015,-0.301,0.946
82752554108319,pre,995.257,,,
82752553935715,acc,-0.654,2.214,9.476,
82752552815715,Gyro,0.017,0.005,0.177,
82752553935715,Lacc,-0.222,-0.157,-0.034,
82752553935715,GameRo,0.123,-0.016,-0.299,0.946
82752573638163,acc,-0.284,2.670,9.601,
82752572518163,Gyro,0.085,-0.037,0.189,
82752573638163,Lacc,0.132,0.281,0.095,
82752573638163,GameRo,0.123,-0.016,-0.297,0.947
82752594113372,pre,995.291,,,
82752592220663,Gyro,0.145,-0.112,0.119,
82752593340663,acc,-0.243,2.681,9.365,
82752593340663,Lacc,0.145,0.263,-0.135,
82752593340663,GameRo,0.125,-0.018,-0.296,0.947
82752613043163,acc,-0.482,2.510,9.272,
82752611923163,Gyro,0.101,-0.127,0.075,
82752613043163,Lacc,-0.120,0.072,-0.224,
82752613043163,GameRo,0.125,-0.020,-0.296,0.947
82752634108632,pre,995.288,,,
82752631625663,Gyro,0.051,-0.123,0.066,
82752632745663,acc,-0.563,2.416,9.424,
82752632745663,Lacc,-0.226,-0.032,-0.070,
82752632745663,GameRo,0.125,-0.021,-0.295,0.947
82752651328111,Gyro,0.011,-0.086,0.050,
82752652448111,acc,-0.502,2.304,9.459,
82752652448111,Lacc,-0.183,-0.146,-0.035,
82752652448111,GameRo,0.125,-0.022,-0.295,0.947
82752674106236,pre,995.281,,,
82752671030611,Gyro,-0.045,-0.024,0.033,
82752672150611,acc,-0.513,2.297,9.494,
82752672150611,Lacc,-0.200,-0.145,-0.002,
82752672150611,GameRo,0.125,-0.022,-0.295,0.947
82752691853111,acc,-0.532,2.336,9.522,
82752690733111,Gyro,-0.036,-0.009,0.031,
82752691853111,Lacc,-0.222,-0.099,0.024,
82752691853111,GameRo,0.124,-0.022,-0.295,0.947
82752714114517,pre,995.281,,,
82752710435611,Gyro,-0.008,-0.009,0.041,
82752711555611,acc,-0.471,2.354,9.467,
82752711555611,Lacc,-0.164,-0.079,-0.031,
82752711555611,GameRo,0.124,-0.022,-0.294,0.947
82752730138059,Gyro,0.005,0.029,0.048,
82752731258059,acc,-0.415,2.569,9.446,
82752731258059,Lacc,-0.105,0.134,-0.052,
82752731258059,GameRo,0.124,-0.022,-0.294,0.948
82752754115299,pre,995.291,,,
82752749840559,Gyro,0.006,0.062,0.012,
82752750960559,acc,-0.282,2.654,9.251,
82752750960559,Lacc,0.039,0.217,-0.246,
82752750960559,GameRo,0.124,-0.021,-0.293,0.948
82752769543059,Gyro,-0.063,0.060,-0.030,
82752770663059,acc,-0.343,2.523,9.032,
82752770663059,Lacc,-0.009,0.098,-0.467,
82752770663059,GameRo,0.124,-0.020,-0.294,0.948
82752794111653,pre,995.268,,,
82752790365507,acc,-0.534,2.570,9.446,
82752789245507,Gyro,-0.114,0.022,-0.049,
82752790365507,Lacc,-0.193,0.167,-0.059,
82752790365507,GameRo,0.123,-0.020,-0.294,0.948
82752808948007,Gyro,-0.083,0.021,-0.037,
82752810068007,acc,-0.669,2.453,9.742,
82752810068007,Lacc,-0.322,0.065,0.234,
82752810068007,GameRo,0.122,-0.019,-0.294,0.948
82752834110559,pre,995.273,,,
82752828650507,Gyro,-0.031,0.044,0.019,
82752829770507,acc,-0.775,2.477,9.730,
82752829770507,Lacc,-0.418,0.094,0.220,
82752829770507,GameRo,0.122,-0.019,-0.294,0.948
82752848352955,Gyro,0.006,0.043,0.054,
82752849472955,acc,-0.593,2.624,9.404,
82752849472955,Lacc,-0.231,0.239,-0.105,
82752849472955,GameRo,0.123,-0.018,-0.294,0.948
82752874116028,pre,995.296,,,
82752869175455,acc,-0.478,2.741,9.246,
82752868055455,Gyro,-0.035,0.015,0.030,
82752869175455,Lacc,-0.114,0.361,-0.264,
82752869175455,GameRo,0.122,-0.018,-0.293,0.948
82752887757955,Gyro,-0.052,-0.011,-0.014,
82752888877955,acc,-0.513,2.729,9.592,
82752888877955,Lacc,-0.150,0.358,0.080,
82752888877955,GameRo,0.122,-0.018,-0.294,0.948
82752914115090,pre,995.263,,,
82752907460403,Gyro,0.004,0.012,-0.024,
82752908580403,acc,-0.630,2.500,9.773,
82752908580403,Lacc,-0.262,0.128,0.262,
82752908580403,GameRo,0.122,-0.018,-0.294,0.948
82752927162903,Gyro,0.027,0.010,0.012,
82752928282903,acc,-0.739,2.439,9.509,
82752928282903,Lacc,-0.370,0.062,-0.001,
82752928282903,GameRo,0.122,-0.018,-0.294,0.948
82752954105507,pre,995.273,,,
82752946865403,Gyro,0.030,-0.014,0.023,
82752947985403,acc,-0.601,2.539,9.558,
82752947985403,Lacc,-0.235,0.156,0.049,
82752947985403,GameRo,0.122,-0.018,-0.293,0.948
82752967687851,acc,-0.455,2.515,9.442,
82752966567851,Gyro,0.020,-0.026,-0.008,
82752967687851,Lacc,-0.093,0.128,-0.066,
82752967687851,GameRo,0.123,-0.019,-0.294,0.948
82752994108684,pre,995.278,,,
82752986270351,Gyro,0.006,-0.047,-0.037,
82752987390351,acc,-0.482,2.455,9.555,
82752987390351,Lacc,-0.126,0.067,0.046,
82752987390351,GameRo,0.123,-0.019,-0.294,0.948
82753005972851,Gyro,0.026,-0.025,-0.028,
82753007092851,acc,-0.499,2.265,9.640,
82753007092851,Lacc,-0.147,-0.127,0.133,
82753007092851,GameRo,0.123,-0.019,-0.294,0.948
82753034107278,pre,995.260,,,
82753025675351,Gyro,0.059,0.007,0.004,
82753026795351,acc,-0.504,2.295,9.526,
82753026795351,Lacc,-0.150,-0.108,0.022,
82753026795351,GameRo,0.123,-0.019,-0.294,0.948
82753045377799,Gyro,0.047,0.040,0.009,
82753046497799,acc,-0.471,2.465,9.477,
82753046497799,Lacc,-0.109,0.052,-0.025,
82753046497799,GameRo,0.124,-0.019,-0.294,0.948
82753074104465,pre,995.281,,,
82753065080299,Gyro,0.033,0.076,-0.018,
82753066200299,acc,-0.441,2.554,9.395,
82753066200299,Lacc,-0.064,0.135,-0.105,
82753066200299,GameRo,0.124,-0.018,-0.294,0.947
82753084782747,Gyro,0.005,0.098,-0.036,
82753085902747,acc,-0.419,2.475,9.355,
82753085902747,Lacc,-0.022,0.056,-0.143,
82753085902747,GameRo,0.125,-0.017,-0.294,0.947
82753114100299,pre,995.296,,,
82753104485247,Gyro,0.005,0.111,-0.020,
82753105605247,acc,-0.420,2.391,9.408,
82753105605247,Lacc,-0.001,-0.030,-0.090,
82753105605247,GameRo,0.125,-0.016,-0.294,0.947
82753124187747,Gyro,0.048,0.105,-0.014,
82753125307747,acc,-0.449,2.522,9.708,
82753125307747,Lacc,-0.010,0.092,0.214,
82753125307747,GameRo,0.126,-0.016,-0.294,0.947
82753154116080,pre,995.298,,,
82753143890194,Gyro,0.119,0.193,-0.021,
82753145010194,acc,-0.558,2.541,10.115,
82753145010194,Lacc,-0.082,0.089,0.628,
82753145010194,GameRo,0.128,-0.014,-0.294,0.947
82753163592694,Gyro,0.216,0.286,-0.045,
82753164712694,acc,-0.540,2.578,10.484,
82753164712694,Lacc,-0.009,0.087,1.010,
82753164712694,GameRo,0.130,-0.012,-0.294,0.947
82753194109778,pre,995.268,,,
82753184415194,acc,-0.635,2.840,9.053,
82753183295194,Gyro,0.350,0.401,-0.114,
82753184415194,Lacc,-0.023,0.284,-0.398,
82753184415194,GameRo,0.135,-0.009,-0.295,0.946
82753202997642,Gyro,0.054,0.081,-0.085,
82753204117642,acc,-1.355,2.714,7.881,
82753204117642,Lacc,-0.721,0.147,-1.566,
82753204117642,GameRo,0.136,-0.008,-0.296,0.946
82753234118892,pre,995.273,,,
82753222700142,Gyro,0.092,0.013,0.054,
82753223820142,acc,-0.973,2.369,9.821,
82753223820142,Lacc,-0.338,-0.214,0.378,
82753223820142,GameRo,0.137,-0.008,-0.295,0.946
82753243522590,acc,-0.718,2.758,9.909,
82753242402590,Gyro,0.208,0.082,0.190,
82753243522590,Lacc,-0.078,0.134,0.478,
82753243522590,GameRo,0.139,-0.009,-0.293,0.946
82753262105090,Gyro,0.426,0.204,0.131,
82753274118163,pre,995.299,,,
82753263225090,acc,-0.449,2.938,10.249,
82753263225090,Lacc,0.222,0.232,0.844,
82753263225090,GameRo,0.143,-0.008,-0.292,0.946
82753281793840,Gyro,0.344,0.124,0.038,
82753282913840,Lacc,-0.293,0.025,-1.776,
82753282913840,acc,-0.986,2.796,7.609,
82753282913840,GameRo,0.147,-0.008,-0.291,0.945
